,Model,Dataset,ddG_pred,position,wildtype,mutation,pdb,chain
0,ThermoMPNN,2ITN,0.011118650436401367,0,G,A,F:\GENESIS Studio\genesis-studio\packages\engines-py\.pdb_cache\2ITN,A
1,ThermoMPNN,2ITN,-0.18000829219818115,0,G,C,F:\GENESIS Studio\genesis-studio\packages\engines-py\.pdb_cache\2ITN,A
2,ThermoMPNN,2ITN,0.0680493712425232,0,G,D,F:\GENESIS Studio\genesis-studio\packages\engines-py\.pdb_cache\2ITN,A
3,ThermoMPNN,2ITN,0.1737222671508789,0,G,E,F:\GENESIS Studio\genesis-studio\packages\engines-py\.pdb_cache\2ITN,A
4,ThermoMPNN,2ITN,0.13410156965255737,0,G,F,F:\GENESIS Studio\genesis-studio\packages\engines-py\.pdb_cache\2ITN,A
5,ThermoMPNN,2ITN,0.0,0,G,G,F:\GENESIS Studio\genesis-studio\packages\engines-py\.pdb_cache\2ITN,A
6,ThermoMPNN,2ITN,0.09157133102416992,0,G,H,F:\GENESIS Studio\genesis-studio\packages\engines-py\.pdb_cache\2ITN,A
7,ThermoMPNN,2ITN,0.08829295635223389,0,G,I,F:\GENESIS Studio\genesis-studio\packages\engines-py\.pdb_cache\2ITN,A
8,ThermoMPNN,2ITN,0.30000436305999756,0,G,K,F:\GENESIS Studio\genesis-studio\packages\engines-py\.pdb_cache\2ITN,A
9,ThermoMPNN,2ITN,0.03009587526321411,0,G,L,F:\GENESIS Studio\genesis-studio\packages\engines-py\.pdb_cache\2ITN,A
10,ThermoMPNN,2ITN,0.14707058668136597,0,G,M,F:\GENESIS Studio\genesis-studio\packages\engines-py\.pdb_cache\2ITN,A
11,ThermoMPNN,2ITN,0.12042385339736938,0,G,N,F:\GENESIS Studio\genesis-studio\packages\engines-py\.pdb_cache\2ITN,A
12,ThermoMPNN,2ITN,0.13772839307785034,0,G,P,F:\GENESIS Studio\genesis-studio\packages\engines-py\.pdb_cache\2ITN,A
13,ThermoMPNN,2ITN,0.21143478155136108,0,G,Q,F:\GENESIS Studio\genesis-studio\packages\engines-py\.pdb_cache\2ITN,A
14,ThermoMPNN,2ITN,0.3221433758735657,0,G,R,F:\GENESIS Studio\genesis-studio\packages\engines-py\.pdb_cache\2ITN,A
15,ThermoMPNN,2ITN,0.11435645818710327,0,G,S,F:\GENESIS Studio\genesis-studio\packages\engines-py\.pdb_cache\2ITN,A
16,ThermoMPNN,2ITN,0.1351456642150879,0,G,T,F:\GENESIS Studio\genesis-studio\packages\engines-py\.pdb_cache\2ITN,A
17,ThermoMPNN,2ITN,0.006315350532531738,0,G,V,F:\GENESIS Studio\genesis-studio\packages\engines-py\.pdb_cache\2ITN,A
18,ThermoMPNN,2ITN,0.10371506214141846,0,G,W,F:\GENESIS Studio\genesis-studio\packages\engines-py\.pdb_cache\2ITN,A
19,ThermoMPNN,2ITN,0.19075220823287964,0,G,Y,F:\GENESIS Studio\genesis-studio\packages\engines-py\.pdb_cache\2ITN,A
20,ThermoMPNN,2ITN,0.03970479965209961,1,E,A,F:\GENESIS Studio\genesis-studio\packages\engines-py\.pdb_cache\2ITN,A
21,ThermoMPNN,2ITN,-0.2233613133430481,1,E,C,F:\GENESIS Studio\genesis-studio\packages\engines-py\.pdb_cache\2ITN,A
22,ThermoMPNN,2ITN,0.06611323356628418,1,E,D,F:\GENESIS Studio\genesis-studio\packages\engines-py\.pdb_cache\2ITN,A
23,ThermoMPNN,2ITN,0.0,1,E,E,F:\GENESIS Studio\genesis-studio\packages\engines-py\.pdb_cache\2ITN,A
24,ThermoMPNN,2ITN,-0.0890953540802002,1,E,F,F:\GENESIS Studio\genesis-studio\packages\engines-py\.pdb_cache\2ITN,A
25,ThermoMPNN,2ITN,0.1865646243095398,1,E,G,F:\GENESIS Studio\genesis-studio\packages\engines-py\.pdb_cache\2ITN,A
26,ThermoMPNN,2ITN,-0.0143507719039917,1,E,H,F:\GENESIS Studio\genesis-studio\packages\engines-py\.pdb_cache\2ITN,A
27,ThermoMPNN,2ITN,-0.11907994747161865,1,E,I,F:\GENESIS Studio\genesis-studio\packages\engines-py\.pdb_cache\2ITN,A
28,ThermoMPNN,2ITN,0.19618570804595947,1,E,K,F:\GENESIS Studio\genesis-studio\packages\engines-py\.pdb_cache\2ITN,A
29,ThermoMPNN,2ITN,-0.09621846675872803,1,E,L,F:\GENESIS Studio\genesis-studio\packages\engines-py\.pdb_cache\2ITN,A
30,ThermoMPNN,2ITN,-0.0491601824760437,1,E,M,F:\GENESIS Studio\genesis-studio\packages\engines-py\.pdb_cache\2ITN,A
31,ThermoMPNN,2ITN,0.08262825012207031,1,E,N,F:\GENESIS Studio\genesis-studio\packages\engines-py\.pdb_cache\2ITN,A
32,ThermoMPNN,2ITN,0.12436860799789429,1,E,P,F:\GENESIS Studio\genesis-studio\packages\engines-py\.pdb_cache\2ITN,A
33,ThermoMPNN,2ITN,0.10256880521774292,1,E,Q,F:\GENESIS Studio\genesis-studio\packages\engines-py\.pdb_cache\2ITN,A
34,ThermoMPNN,2ITN,0.14109593629837036,1,E,R,F:\GENESIS Studio\genesis-studio\packages\engines-py\.pdb_cache\2ITN,A
35,ThermoMPNN,2ITN,0.0939939022064209,1,E,S,F:\GENESIS Studio\genesis-studio\packages\engines-py\.pdb_cache\2ITN,A
36,ThermoMPNN,2ITN,0.04184877872467041,1,E,T,F:\GENESIS Studio\genesis-studio\packages\engines-py\.pdb_cache\2ITN,A
37,ThermoMPNN,2ITN,-0.058350205421447754,1,E,V,F:\GENESIS Studio\genesis-studio\packages\engines-py\.pdb_cache\2ITN,A
38,ThermoMPNN,2ITN,-0.20662808418273926,1,E,W,F:\GENESIS Studio\genesis-studio\packages\engines-py\.pdb_cache\2ITN,A
39,ThermoMPNN,2ITN,-0.01703035831451416,1,E,Y,F:\GENESIS Studio\genesis-studio\packages\engines-py\.pdb_cache\2ITN,A
40,ThermoMPNN,2ITN,0.0,2,A,A,F:\GENESIS Studio\genesis-studio\packages\engines-py\.pdb_cache\2ITN,A
41,ThermoMPNN,2ITN,-0.14442849159240723,2,A,C,F:\GENESIS Studio\genesis-studio\packages\engines-py\.pdb_cache\2ITN,A
42,ThermoMPNN,2ITN,-0.013784289360046387,2,A,D,F:\GENESIS Studio\genesis-studio\packages\engines-py\.pdb_cache\2ITN,A
43,ThermoMPNN,2ITN,0.031907618045806885,2,A,E,F:\GENESIS Studio\genesis-studio\packages\engines-py\.pdb_cache\2ITN,A
44,ThermoMPNN,2ITN,0.11266130208969116,2,A,F,F:\GENESIS Studio\genesis-studio\packages\engines-py\.pdb_cache\2ITN,A
45,ThermoMPNN,2ITN,0.2504921555519104,2,A,G,F:\GENESIS Studio\genesis-studio\packages\engines-py\.pdb_cache\2ITN,A
46,ThermoMPNN,2ITN,0.09431833028793335,2,A,H,F:\GENESIS Studio\genesis-studio\packages\engines-py\.pdb_cache\2ITN,A
47,ThermoMPNN,2ITN,0.12830954790115356,2,A,I,F:\GENESIS Studio\genesis-studio\packages\engines-py\.pdb_cache\2ITN,A
48,ThermoMPNN,2ITN,0.12735509872436523,2,A,K,F:\GENESIS Studio\genesis-studio\packages\engines-py\.pdb_cache\2ITN,A
49,ThermoMPNN,2ITN,-0.025829076766967773,2,A,L,F:\GENESIS Studio\genesis-studio\packages\engines-py\.pdb_cache\2ITN,A
50,ThermoMPNN,2ITN,0.08145445585250854,2,A,M,F:\GENESIS Studio\genesis-studio\packages\engines-py\.pdb_cache\2ITN,A
51,ThermoMPNN,2ITN,0.08257240056991577,2,A,N,F:\GENESIS Studio\genesis-studio\packages\engines-py\.pdb_cache\2ITN,A
52,ThermoMPNN,2ITN,-0.13517552614212036,2,A,P,F:\GENESIS Studio\genesis-studio\packages\engines-py\.pdb_cache\2ITN,A
53,ThermoMPNN,2ITN,0.05787414312362671,2,A,Q,F:\GENESIS Studio\genesis-studio\packages\engines-py\.pdb_cache\2ITN,A
54,ThermoMPNN,2ITN,0.19627439975738525,2,A,R,F:\GENESIS Studio\genesis-studio\packages\engines-py\.pdb_cache\2ITN,A
55,ThermoMPNN,2ITN,0.14675164222717285,2,A,S,F:\GENESIS Studio\genesis-studio\packages\engines-py\.pdb_cache\2ITN,A
56,ThermoMPNN,2ITN,0.20067733526229858,2,A,T,F:\GENESIS Studio\genesis-studio\packages\engines-py\.pdb_cache\2ITN,A
57,ThermoMPNN,2ITN,0.09830927848815918,2,A,V,F:\GENESIS Studio\genesis-studio\packages\engines-py\.pdb_cache\2ITN,A
58,ThermoMPNN,2ITN,0.18276387453079224,2,A,W,F:\GENESIS Studio\genesis-studio\packages\engines-py\.pdb_cache\2ITN,A
59,ThermoMPNN,2ITN,0.22221261262893677,2,A,Y,F:\GENESIS Studio\genesis-studio\packages\engines-py\.pdb_cache\2ITN,A
60,ThermoMPNN,2ITN,0.09563976526260376,3,P,A,F:\GENESIS Studio\genesis-studio\packages\engines-py\.pdb_cache\2ITN,A
61,ThermoMPNN,2ITN,-0.09835976362228394,3,P,C,F:\GENESIS Studio\genesis-studio\packages\engines-py\.pdb_cache\2ITN,A
62,ThermoMPNN,2ITN,0.15462934970855713,3,P,D,F:\GENESIS Studio\genesis-studio\packages\engines-py\.pdb_cache\2ITN,A
63,ThermoMPNN,2ITN,0.20498144626617432,3,P,E,F:\GENESIS Studio\genesis-studio\packages\engines-py\.pdb_cache\2ITN,A
64,ThermoMPNN,2ITN,0.10874921083450317,3,P,F,F:\GENESIS Studio\genesis-studio\packages\engines-py\.pdb_cache\2ITN,A
65,ThermoMPNN,2ITN,0.2789638638496399,3,P,G,F:\GENESIS Studio\genesis-studio\packages\engines-py\.pdb_cache\2ITN,A
66,ThermoMPNN,2ITN,0.1980881690979004,3,P,H,F:\GENESIS Studio\genesis-studio\packages\engines-py\.pdb_cache\2ITN,A
67,ThermoMPNN,2ITN,0.09958666563034058,3,P,I,F:\GENESIS Studio\genesis-studio\packages\engines-py\.pdb_cache\2ITN,A
68,ThermoMPNN,2ITN,0.2963389754295349,3,P,K,F:\GENESIS Studio\genesis-studio\packages\engines-py\.pdb_cache\2ITN,A
69,ThermoMPNN,2ITN,0.00976860523223877,3,P,L,F:\GENESIS Studio\genesis-studio\packages\engines-py\.pdb_cache\2ITN,A
70,ThermoMPNN,2ITN,0.061617136001586914,3,P,M,F:\GENESIS Studio\genesis-studio\packages\engines-py\.pdb_cache\2ITN,A
71,ThermoMPNN,2ITN,0.22817671298980713,3,P,N,F:\GENESIS Studio\genesis-studio\packages\engines-py\.pdb_cache\2ITN,A
72,ThermoMPNN,2ITN,0.0,3,P,P,F:\GENESIS Studio\genesis-studio\packages\engines-py\.pdb_cache\2ITN,A
73,ThermoMPNN,2ITN,0.21874195337295532,3,P,Q,F:\GENESIS Studio\genesis-studio\packages\engines-py\.pdb_cache\2ITN,A
74,ThermoMPNN,2ITN,0.2728583812713623,3,P,R,F:\GENESIS Studio\genesis-studio\packages\engines-py\.pdb_cache\2ITN,A
75,ThermoMPNN,2ITN,0.23910075426101685,3,P,S,F:\GENESIS Studio\genesis-studio\packages\engines-py\.pdb_cache\2ITN,A
76,ThermoMPNN,2ITN,0.23382127285003662,3,P,T,F:\GENESIS Studio\genesis-studio\packages\engines-py\.pdb_cache\2ITN,A
77,ThermoMPNN,2ITN,0.12936973571777344,3,P,V,F:\GENESIS Studio\genesis-studio\packages\engines-py\.pdb_cache\2ITN,A
78,ThermoMPNN,2ITN,0.03839820623397827,3,P,W,F:\GENESIS Studio\genesis-studio\packages\engines-py\.pdb_cache\2ITN,A
79,ThermoMPNN,2ITN,0.17177420854568481,3,P,Y,F:\GENESIS Studio\genesis-studio\packages\engines-py\.pdb_cache\2ITN,A
80,ThermoMPNN,2ITN,0.8344619870185852,4,N,A,F:\GENESIS Studio\genesis-studio\packages\engines-py\.pdb_cache\2ITN,A
81,ThermoMPNN,2ITN,0.2572053074836731,4,N,C,F:\GENESIS Studio\genesis-studio\packages\engines-py\.pdb_cache\2ITN,A
82,ThermoMPNN,2ITN,0.2731480598449707,4,N,D,F:\GENESIS Studio\genesis-studio\packages\engines-py\.pdb_cache\2ITN,A
83,ThermoMPNN,2ITN,0.8818920850753784,4,N,E,F:\GENESIS Studio\genesis-studio\packages\engines-py\.pdb_cache\2ITN,A
84,ThermoMPNN,2ITN,0.6351372003555298,4,N,F,F:\GENESIS Studio\genesis-studio\packages\engines-py\.pdb_cache\2ITN,A
85,ThermoMPNN,2ITN,1.3398535251617432,4,N,G,F:\GENESIS Studio\genesis-studio\packages\engines-py\.pdb_cache\2ITN,A
86,ThermoMPNN,2ITN,0.4283307194709778,4,N,H,F:\GENESIS Studio\genesis-studio\packages\engines-py\.pdb_cache\2ITN,A
87,ThermoMPNN,2ITN,0.2018793821334839,4,N,I,F:\GENESIS Studio\genesis-studio\packages\engines-py\.pdb_cache\2ITN,A
88,ThermoMPNN,2ITN,0.893809974193573,4,N,K,F:\GENESIS Studio\genesis-studio\packages\engines-py\.pdb_cache\2ITN,A
89,ThermoMPNN,2ITN,0.2342216968536377,4,N,L,F:\GENESIS Studio\genesis-studio\packages\engines-py\.pdb_cache\2ITN,A
90,ThermoMPNN,2ITN,0.5140313506126404,4,N,M,F:\GENESIS Studio\genesis-studio\packages\engines-py\.pdb_cache\2ITN,A
91,ThermoMPNN,2ITN,0.0,4,N,N,F:\GENESIS Studio\genesis-studio\packages\engines-py\.pdb_cache\2ITN,A
92,ThermoMPNN,2ITN,1.3953609466552734,4,N,P,F:\GENESIS Studio\genesis-studio\packages\engines-py\.pdb_cache\2ITN,A
93,ThermoMPNN,2ITN,0.7120480537414551,4,N,Q,F:\GENESIS Studio\genesis-studio\packages\engines-py\.pdb_cache\2ITN,A
94,ThermoMPNN,2ITN,0.8657100200653076,4,N,R,F:\GENESIS Studio\genesis-studio\packages\engines-py\.pdb_cache\2ITN,A
95,ThermoMPNN,2ITN,0.5978497862815857,4,N,S,F:\GENESIS Studio\genesis-studio\packages\engines-py\.pdb_cache\2ITN,A
96,ThermoMPNN,2ITN,0.925079882144928,4,N,T,F:\GENESIS Studio\genesis-studio\packages\engines-py\.pdb_cache\2ITN,A
97,ThermoMPNN,2ITN,0.2632109522819519,4,N,V,F:\GENESIS Studio\genesis-studio\packages\engines-py\.pdb_cache\2ITN,A
98,ThermoMPNN,2ITN,0.5167290568351746,4,N,W,F:\GENESIS Studio\genesis-studio\packages\engines-py\.pdb_cache\2ITN,A
99,ThermoMPNN,2ITN,0.6312894821166992,4,N,Y,F:\GENESIS Studio\genesis-studio\packages\engines-py\.pdb_cache\2ITN,A
100,ThermoMPNN,2ITN,-0.08020514249801636,5,Q,A,F:\GENESIS Studio\genesis-studio\packages\engines-py\.pdb_cache\2ITN,A
101,ThermoMPNN,2ITN,-0.3854787349700928,5,Q,C,F:\GENESIS Studio\genesis-studio\packages\engines-py\.pdb_cache\2ITN,A
102,ThermoMPNN,2ITN,-0.05572795867919922,5,Q,D,F:\GENESIS Studio\genesis-studio\packages\engines-py\.pdb_cache\2ITN,A
103,ThermoMPNN,2ITN,-0.06824219226837158,5,Q,E,F:\GENESIS Studio\genesis-studio\packages\engines-py\.pdb_cache\2ITN,A
104,ThermoMPNN,2ITN,-0.16278856992721558,5,Q,F,F:\GENESIS Studio\genesis-studio\packages\engines-py\.pdb_cache\2ITN,A
105,ThermoMPNN,2ITN,-0.016330718994140625,5,Q,G,F:\GENESIS Studio\genesis-studio\packages\engines-py\.pdb_cache\2ITN,A
106,ThermoMPNN,2ITN,-0.15436005592346191,5,Q,H,F:\GENESIS Studio\genesis-studio\packages\engines-py\.pdb_cache\2ITN,A
107,ThermoMPNN,2ITN,-0.1309106945991516,5,Q,I,F:\GENESIS Studio\genesis-studio\packages\engines-py\.pdb_cache\2ITN,A
108,ThermoMPNN,2ITN,-0.014359354972839355,5,Q,K,F:\GENESIS Studio\genesis-studio\packages\engines-py\.pdb_cache\2ITN,A
109,ThermoMPNN,2ITN,-0.20380562543869019,5,Q,L,F:\GENESIS Studio\genesis-studio\packages\engines-py\.pdb_cache\2ITN,A
110,ThermoMPNN,2ITN,-0.11876749992370605,5,Q,M,F:\GENESIS Studio\genesis-studio\packages\engines-py\.pdb_cache\2ITN,A
111,ThermoMPNN,2ITN,-0.14283645153045654,5,Q,N,F:\GENESIS Studio\genesis-studio\packages\engines-py\.pdb_cache\2ITN,A
112,ThermoMPNN,2ITN,-0.014020442962646484,5,Q,P,F:\GENESIS Studio\genesis-studio\packages\engines-py\.pdb_cache\2ITN,A
113,ThermoMPNN,2ITN,0.0,5,Q,Q,F:\GENESIS Studio\genesis-studio\packages\engines-py\.pdb_cache\2ITN,A
114,ThermoMPNN,2ITN,-0.013902902603149414,5,Q,R,F:\GENESIS Studio\genesis-studio\packages\engines-py\.pdb_cache\2ITN,A
115,ThermoMPNN,2ITN,-0.043261051177978516,5,Q,S,F:\GENESIS Studio\genesis-studio\packages\engines-py\.pdb_cache\2ITN,A
116,ThermoMPNN,2ITN,-0.08518892526626587,5,Q,T,F:\GENESIS Studio\genesis-studio\packages\engines-py\.pdb_cache\2ITN,A
117,ThermoMPNN,2ITN,-0.09705507755279541,5,Q,V,F:\GENESIS Studio\genesis-studio\packages\engines-py\.pdb_cache\2ITN,A
118,ThermoMPNN,2ITN,-0.2072635293006897,5,Q,W,F:\GENESIS Studio\genesis-studio\packages\engines-py\.pdb_cache\2ITN,A
119,ThermoMPNN,2ITN,-0.11949670314788818,5,Q,Y,F:\GENESIS Studio\genesis-studio\packages\engines-py\.pdb_cache\2ITN,A
120,ThermoMPNN,2ITN,0.0,6,A,A,F:\GENESIS Studio\genesis-studio\packages\engines-py\.pdb_cache\2ITN,A
121,ThermoMPNN,2ITN,0.3527798652648926,6,A,C,F:\GENESIS Studio\genesis-studio\packages\engines-py\.pdb_cache\2ITN,A
122,ThermoMPNN,2ITN,1.4409167766571045,6,A,D,F:\GENESIS Studio\genesis-studio\packages\engines-py\.pdb_cache\2ITN,A
123,ThermoMPNN,2ITN,1.4475066661834717,6,A,E,F:\GENESIS Studio\genesis-studio\packages\engines-py\.pdb_cache\2ITN,A
124,ThermoMPNN,2ITN,0.8962653875350952,6,A,F,F:\GENESIS Studio\genesis-studio\packages\engines-py\.pdb_cache\2ITN,A
125,ThermoMPNN,2ITN,1.3813036680221558,6,A,G,F:\GENESIS Studio\genesis-studio\packages\engines-py\.pdb_cache\2ITN,A
126,ThermoMPNN,2ITN,0.5901497602462769,6,A,H,F:\GENESIS Studio\genesis-studio\packages\engines-py\.pdb_cache\2ITN,A
127,ThermoMPNN,2ITN,1.114593744277954,6,A,I,F:\GENESIS Studio\genesis-studio\packages\engines-py\.pdb_cache\2ITN,A
128,ThermoMPNN,2ITN,1.2978053092956543,6,A,K,F:\GENESIS Studio\genesis-studio\packages\engines-py\.pdb_cache\2ITN,A
129,ThermoMPNN,2ITN,1.1422066688537598,6,A,L,F:\GENESIS Studio\genesis-studio\packages\engines-py\.pdb_cache\2ITN,A
130,ThermoMPNN,2ITN,1.10198974609375,6,A,M,F:\GENESIS Studio\genesis-studio\packages\engines-py\.pdb_cache\2ITN,A
131,ThermoMPNN,2ITN,1.0608090162277222,6,A,N,F:\GENESIS Studio\genesis-studio\packages\engines-py\.pdb_cache\2ITN,A
132,ThermoMPNN,2ITN,1.3191308975219727,6,A,P,F:\GENESIS Studio\genesis-studio\packages\engines-py\.pdb_cache\2ITN,A
133,ThermoMPNN,2ITN,1.2357947826385498,6,A,Q,F:\GENESIS Studio\genesis-studio\packages\engines-py\.pdb_cache\2ITN,A
134,ThermoMPNN,2ITN,1.1408576965332031,6,A,R,F:\GENESIS Studio\genesis-studio\packages\engines-py\.pdb_cache\2ITN,A
135,ThermoMPNN,2ITN,0.5763534307479858,6,A,S,F:\GENESIS Studio\genesis-studio\packages\engines-py\.pdb_cache\2ITN,A
136,ThermoMPNN,2ITN,0.9677526950836182,6,A,T,F:\GENESIS Studio\genesis-studio\packages\engines-py\.pdb_cache\2ITN,A
137,ThermoMPNN,2ITN,0.5873464345932007,6,A,V,F:\GENESIS Studio\genesis-studio\packages\engines-py\.pdb_cache\2ITN,A
138,ThermoMPNN,2ITN,0.541025698184967,6,A,W,F:\GENESIS Studio\genesis-studio\packages\engines-py\.pdb_cache\2ITN,A
139,ThermoMPNN,2ITN,0.43344128131866455,6,A,Y,F:\GENESIS Studio\genesis-studio\packages\engines-py\.pdb_cache\2ITN,A
140,ThermoMPNN,2ITN,0.3523804545402527,7,L,A,F:\GENESIS Studio\genesis-studio\packages\engines-py\.pdb_cache\2ITN,A
141,ThermoMPNN,2ITN,-0.10662215948104858,7,L,C,F:\GENESIS Studio\genesis-studio\packages\engines-py\.pdb_cache\2ITN,A
142,ThermoMPNN,2ITN,0.4507546126842499,7,L,D,F:\GENESIS Studio\genesis-studio\packages\engines-py\.pdb_cache\2ITN,A
143,ThermoMPNN,2ITN,0.33421623706817627,7,L,E,F:\GENESIS Studio\genesis-studio\packages\engines-py\.pdb_cache\2ITN,A
144,ThermoMPNN,2ITN,-0.02758181095123291,7,L,F,F:\GENESIS Studio\genesis-studio\packages\engines-py\.pdb_cache\2ITN,A
145,ThermoMPNN,2ITN,0.6021465063095093,7,L,G,F:\GENESIS Studio\genesis-studio\packages\engines-py\.pdb_cache\2ITN,A
146,ThermoMPNN,2ITN,0.12274003028869629,7,L,H,F:\GENESIS Studio\genesis-studio\packages\engines-py\.pdb_cache\2ITN,A
147,ThermoMPNN,2ITN,-0.19175857305526733,7,L,I,F:\GENESIS Studio\genesis-studio\packages\engines-py\.pdb_cache\2ITN,A
148,ThermoMPNN,2ITN,0.22840726375579834,7,L,K,F:\GENESIS Studio\genesis-studio\packages\engines-py\.pdb_cache\2ITN,A
149,ThermoMPNN,2ITN,0.0,7,L,L,F:\GENESIS Studio\genesis-studio\packages\engines-py\.pdb_cache\2ITN,A
150,ThermoMPNN,2ITN,0.11545705795288086,7,L,M,F:\GENESIS Studio\genesis-studio\packages\engines-py\.pdb_cache\2ITN,A
151,ThermoMPNN,2ITN,0.27979546785354614,7,L,N,F:\GENESIS Studio\genesis-studio\packages\engines-py\.pdb_cache\2ITN,A
152,ThermoMPNN,2ITN,0.4079296886920929,7,L,P,F:\GENESIS Studio\genesis-studio\packages\engines-py\.pdb_cache\2ITN,A
153,ThermoMPNN,2ITN,0.32141244411468506,7,L,Q,F:\GENESIS Studio\genesis-studio\packages\engines-py\.pdb_cache\2ITN,A
154,ThermoMPNN,2ITN,0.23152607679367065,7,L,R,F:\GENESIS Studio\genesis-studio\packages\engines-py\.pdb_cache\2ITN,A
155,ThermoMPNN,2ITN,0.23905187845230103,7,L,S,F:\GENESIS Studio\genesis-studio\packages\engines-py\.pdb_cache\2ITN,A
156,ThermoMPNN,2ITN,0.024667739868164062,7,L,T,F:\GENESIS Studio\genesis-studio\packages\engines-py\.pdb_cache\2ITN,A
157,ThermoMPNN,2ITN,-0.09684306383132935,7,L,V,F:\GENESIS Studio\genesis-studio\packages\engines-py\.pdb_cache\2ITN,A
158,ThermoMPNN,2ITN,0.01908320188522339,7,L,W,F:\GENESIS Studio\genesis-studio\packages\engines-py\.pdb_cache\2ITN,A
159,ThermoMPNN,2ITN,0.026575028896331787,7,L,Y,F:\GENESIS Studio\genesis-studio\packages\engines-py\.pdb_cache\2ITN,A
160,ThermoMPNN,2ITN,1.078291416168213,8,L,A,F:\GENESIS Studio\genesis-studio\packages\engines-py\.pdb_cache\2ITN,A
161,ThermoMPNN,2ITN,0.3344219923019409,8,L,C,F:\GENESIS Studio\genesis-studio\packages\engines-py\.pdb_cache\2ITN,A
162,ThermoMPNN,2ITN,1.7056186199188232,8,L,D,F:\GENESIS Studio\genesis-studio\packages\engines-py\.pdb_cache\2ITN,A
163,ThermoMPNN,2ITN,1.4300827980041504,8,L,E,F:\GENESIS Studio\genesis-studio\packages\engines-py\.pdb_cache\2ITN,A
164,ThermoMPNN,2ITN,0.07868945598602295,8,L,F,F:\GENESIS Studio\genesis-studio\packages\engines-py\.pdb_cache\2ITN,A
165,ThermoMPNN,2ITN,1.5741841793060303,8,L,G,F:\GENESIS Studio\genesis-studio\packages\engines-py\.pdb_cache\2ITN,A
166,ThermoMPNN,2ITN,1.1518748998641968,8,L,H,F:\GENESIS Studio\genesis-studio\packages\engines-py\.pdb_cache\2ITN,A
167,ThermoMPNN,2ITN,-0.22136223316192627,8,L,I,F:\GENESIS Studio\genesis-studio\packages\engines-py\.pdb_cache\2ITN,A
168,ThermoMPNN,2ITN,1.304699420928955,8,L,K,F:\GENESIS Studio\genesis-studio\packages\engines-py\.pdb_cache\2ITN,A
169,ThermoMPNN,2ITN,0.0,8,L,L,F:\GENESIS Studio\genesis-studio\packages\engines-py\.pdb_cache\2ITN,A
170,ThermoMPNN,2ITN,0.2345963716506958,8,L,M,F:\GENESIS Studio\genesis-studio\packages\engines-py\.pdb_cache\2ITN,A
171,ThermoMPNN,2ITN,1.4819962978363037,8,L,N,F:\GENESIS Studio\genesis-studio\packages\engines-py\.pdb_cache\2ITN,A
172,ThermoMPNN,2ITN,1.2362771034240723,8,L,P,F:\GENESIS Studio\genesis-studio\packages\engines-py\.pdb_cache\2ITN,A
173,ThermoMPNN,2ITN,1.303720474243164,8,L,Q,F:\GENESIS Studio\genesis-studio\packages\engines-py\.pdb_cache\2ITN,A
174,ThermoMPNN,2ITN,1.3156638145446777,8,L,R,F:\GENESIS Studio\genesis-studio\packages\engines-py\.pdb_cache\2ITN,A
175,ThermoMPNN,2ITN,1.2582974433898926,8,L,S,F:\GENESIS Studio\genesis-studio\packages\engines-py\.pdb_cache\2ITN,A
176,ThermoMPNN,2ITN,0.9348323345184326,8,L,T,F:\GENESIS Studio\genesis-studio\packages\engines-py\.pdb_cache\2ITN,A
177,ThermoMPNN,2ITN,0.08118104934692383,8,L,V,F:\GENESIS Studio\genesis-studio\packages\engines-py\.pdb_cache\2ITN,A
178,ThermoMPNN,2ITN,0.26197195053100586,8,L,W,F:\GENESIS Studio\genesis-studio\packages\engines-py\.pdb_cache\2ITN,A
179,ThermoMPNN,2ITN,0.4113095998764038,8,L,Y,F:\GENESIS Studio\genesis-studio\packages\engines-py\.pdb_cache\2ITN,A
180,ThermoMPNN,2ITN,0.8638591766357422,9,R,A,F:\GENESIS Studio\genesis-studio\packages\engines-py\.pdb_cache\2ITN,A
181,ThermoMPNN,2ITN,0.1811978816986084,9,R,C,F:\GENESIS Studio\genesis-studio\packages\engines-py\.pdb_cache\2ITN,A
182,ThermoMPNN,2ITN,1.3693833351135254,9,R,D,F:\GENESIS Studio\genesis-studio\packages\engines-py\.pdb_cache\2ITN,A
183,ThermoMPNN,2ITN,1.313212275505066,9,R,E,F:\GENESIS Studio\genesis-studio\packages\engines-py\.pdb_cache\2ITN,A
184,ThermoMPNN,2ITN,0.10744404792785645,9,R,F,F:\GENESIS Studio\genesis-studio\packages\engines-py\.pdb_cache\2ITN,A
185,ThermoMPNN,2ITN,1.2589061260223389,9,R,G,F:\GENESIS Studio\genesis-studio\packages\engines-py\.pdb_cache\2ITN,A
186,ThermoMPNN,2ITN,0.35335612297058105,9,R,H,F:\GENESIS Studio\genesis-studio\packages\engines-py\.pdb_cache\2ITN,A
187,ThermoMPNN,2ITN,-0.019426941871643066,9,R,I,F:\GENESIS Studio\genesis-studio\packages\engines-py\.pdb_cache\2ITN,A
188,ThermoMPNN,2ITN,0.22532087564468384,9,R,K,F:\GENESIS Studio\genesis-studio\packages\engines-py\.pdb_cache\2ITN,A
189,ThermoMPNN,2ITN,0.2982562184333801,9,R,L,F:\GENESIS Studio\genesis-studio\packages\engines-py\.pdb_cache\2ITN,A
190,ThermoMPNN,2ITN,0.4313129782676697,9,R,M,F:\GENESIS Studio\genesis-studio\packages\engines-py\.pdb_cache\2ITN,A
191,ThermoMPNN,2ITN,0.6912177801132202,9,R,N,F:\GENESIS Studio\genesis-studio\packages\engines-py\.pdb_cache\2ITN,A
192,ThermoMPNN,2ITN,0.781438410282135,9,R,P,F:\GENESIS Studio\genesis-studio\packages\engines-py\.pdb_cache\2ITN,A
193,ThermoMPNN,2ITN,0.8896254897117615,9,R,Q,F:\GENESIS Studio\genesis-studio\packages\engines-py\.pdb_cache\2ITN,A
194,ThermoMPNN,2ITN,0.0,9,R,R,F:\GENESIS Studio\genesis-studio\packages\engines-py\.pdb_cache\2ITN,A
195,ThermoMPNN,2ITN,0.8114420771598816,9,R,S,F:\GENESIS Studio\genesis-studio\packages\engines-py\.pdb_cache\2ITN,A
196,ThermoMPNN,2ITN,0.5225458145141602,9,R,T,F:\GENESIS Studio\genesis-studio\packages\engines-py\.pdb_cache\2ITN,A
197,ThermoMPNN,2ITN,0.22841066122055054,9,R,V,F:\GENESIS Studio\genesis-studio\packages\engines-py\.pdb_cache\2ITN,A
198,ThermoMPNN,2ITN,-0.08170545101165771,9,R,W,F:\GENESIS Studio\genesis-studio\packages\engines-py\.pdb_cache\2ITN,A
199,ThermoMPNN,2ITN,-0.06652712821960449,9,R,Y,F:\GENESIS Studio\genesis-studio\packages\engines-py\.pdb_cache\2ITN,A
200,ThermoMPNN,2ITN,1.4238929748535156,10,I,A,F:\GENESIS Studio\genesis-studio\packages\engines-py\.pdb_cache\2ITN,A
201,ThermoMPNN,2ITN,0.4555039405822754,10,I,C,F:\GENESIS Studio\genesis-studio\packages\engines-py\.pdb_cache\2ITN,A
202,ThermoMPNN,2ITN,2.106729030609131,10,I,D,F:\GENESIS Studio\genesis-studio\packages\engines-py\.pdb_cache\2ITN,A
203,ThermoMPNN,2ITN,1.4815497398376465,10,I,E,F:\GENESIS Studio\genesis-studio\packages\engines-py\.pdb_cache\2ITN,A
204,ThermoMPNN,2ITN,0.602635383605957,10,I,F,F:\GENESIS Studio\genesis-studio\packages\engines-py\.pdb_cache\2ITN,A
205,ThermoMPNN,2ITN,1.9893927574157715,10,I,G,F:\GENESIS Studio\genesis-studio\packages\engines-py\.pdb_cache\2ITN,A
206,ThermoMPNN,2ITN,1.0417762994766235,10,I,H,F:\GENESIS Studio\genesis-studio\packages\engines-py\.pdb_cache\2ITN,A
207,ThermoMPNN,2ITN,0.0,10,I,I,F:\GENESIS Studio\genesis-studio\packages\engines-py\.pdb_cache\2ITN,A
208,ThermoMPNN,2ITN,1.109826922416687,10,I,K,F:\GENESIS Studio\genesis-studio\packages\engines-py\.pdb_cache\2ITN,A
209,ThermoMPNN,2ITN,0.5550918579101562,10,I,L,F:\GENESIS Studio\genesis-studio\packages\engines-py\.pdb_cache\2ITN,A
210,ThermoMPNN,2ITN,0.684943675994873,10,I,M,F:\GENESIS Studio\genesis-studio\packages\engines-py\.pdb_cache\2ITN,A
211,ThermoMPNN,2ITN,1.6190032958984375,10,I,N,F:\GENESIS Studio\genesis-studio\packages\engines-py\.pdb_cache\2ITN,A
212,ThermoMPNN,2ITN,1.8997879028320312,10,I,P,F:\GENESIS Studio\genesis-studio\packages\engines-py\.pdb_cache\2ITN,A
213,ThermoMPNN,2ITN,1.2973988056182861,10,I,Q,F:\GENESIS Studio\genesis-studio\packages\engines-py\.pdb_cache\2ITN,A
214,ThermoMPNN,2ITN,1.0879583358764648,10,I,R,F:\GENESIS Studio\genesis-studio\packages\engines-py\.pdb_cache\2ITN,A
215,ThermoMPNN,2ITN,1.4033490419387817,10,I,S,F:\GENESIS Studio\genesis-studio\packages\engines-py\.pdb_cache\2ITN,A
216,ThermoMPNN,2ITN,0.875963568687439,10,I,T,F:\GENESIS Studio\genesis-studio\packages\engines-py\.pdb_cache\2ITN,A
217,ThermoMPNN,2ITN,0.3362739086151123,10,I,V,F:\GENESIS Studio\genesis-studio\packages\engines-py\.pdb_cache\2ITN,A
218,ThermoMPNN,2ITN,0.6937700510025024,10,I,W,F:\GENESIS Studio\genesis-studio\packages\engines-py\.pdb_cache\2ITN,A
219,ThermoMPNN,2ITN,0.615033745765686,10,I,Y,F:\GENESIS Studio\genesis-studio\packages\engines-py\.pdb_cache\2ITN,A
220,ThermoMPNN,2ITN,1.1304810047149658,11,L,A,F:\GENESIS Studio\genesis-studio\packages\engines-py\.pdb_cache\2ITN,A
221,ThermoMPNN,2ITN,0.26621079444885254,11,L,C,F:\GENESIS Studio\genesis-studio\packages\engines-py\.pdb_cache\2ITN,A
222,ThermoMPNN,2ITN,2.0600075721740723,11,L,D,F:\GENESIS Studio\genesis-studio\packages\engines-py\.pdb_cache\2ITN,A
223,ThermoMPNN,2ITN,1.9176321029663086,11,L,E,F:\GENESIS Studio\genesis-studio\packages\engines-py\.pdb_cache\2ITN,A
224,ThermoMPNN,2ITN,-0.2624506950378418,11,L,F,F:\GENESIS Studio\genesis-studio\packages\engines-py\.pdb_cache\2ITN,A
225,ThermoMPNN,2ITN,1.6815185546875,11,L,G,F:\GENESIS Studio\genesis-studio\packages\engines-py\.pdb_cache\2ITN,A
226,ThermoMPNN,2ITN,1.1583592891693115,11,L,H,F:\GENESIS Studio\genesis-studio\packages\engines-py\.pdb_cache\2ITN,A
227,ThermoMPNN,2ITN,-0.6084434986114502,11,L,I,F:\GENESIS Studio\genesis-studio\packages\engines-py\.pdb_cache\2ITN,A
228,ThermoMPNN,2ITN,1.3670527935028076,11,L,K,F:\GENESIS Studio\genesis-studio\packages\engines-py\.pdb_cache\2ITN,A
229,ThermoMPNN,2ITN,0.0,11,L,L,F:\GENESIS Studio\genesis-studio\packages\engines-py\.pdb_cache\2ITN,A
230,ThermoMPNN,2ITN,0.2454472780227661,11,L,M,F:\GENESIS Studio\genesis-studio\packages\engines-py\.pdb_cache\2ITN,A
231,ThermoMPNN,2ITN,1.6262707710266113,11,L,N,F:\GENESIS Studio\genesis-studio\packages\engines-py\.pdb_cache\2ITN,A
232,ThermoMPNN,2ITN,1.877007246017456,11,L,P,F:\GENESIS Studio\genesis-studio\packages\engines-py\.pdb_cache\2ITN,A
233,ThermoMPNN,2ITN,1.4216105937957764,11,L,Q,F:\GENESIS Studio\genesis-studio\packages\engines-py\.pdb_cache\2ITN,A
234,ThermoMPNN,2ITN,1.435124397277832,11,L,R,F:\GENESIS Studio\genesis-studio\packages\engines-py\.pdb_cache\2ITN,A
235,ThermoMPNN,2ITN,1.3921812772750854,11,L,S,F:\GENESIS Studio\genesis-studio\packages\engines-py\.pdb_cache\2ITN,A
236,ThermoMPNN,2ITN,1.134098768234253,11,L,T,F:\GENESIS Studio\genesis-studio\packages\engines-py\.pdb_cache\2ITN,A
237,ThermoMPNN,2ITN,-0.09329330921173096,11,L,V,F:\GENESIS Studio\genesis-studio\packages\engines-py\.pdb_cache\2ITN,A
238,ThermoMPNN,2ITN,1.1444091796875e-05,11,L,W,F:\GENESIS Studio\genesis-studio\packages\engines-py\.pdb_cache\2ITN,A
239,ThermoMPNN,2ITN,0.10436451435089111,11,L,Y,F:\GENESIS Studio\genesis-studio\packages\engines-py\.pdb_cache\2ITN,A
240,ThermoMPNN,2ITN,0.10843110084533691,12,K,A,F:\GENESIS Studio\genesis-studio\packages\engines-py\.pdb_cache\2ITN,A
241,ThermoMPNN,2ITN,0.20902013778686523,12,K,C,F:\GENESIS Studio\genesis-studio\packages\engines-py\.pdb_cache\2ITN,A
242,ThermoMPNN,2ITN,0.6163314580917358,12,K,D,F:\GENESIS Studio\genesis-studio\packages\engines-py\.pdb_cache\2ITN,A
243,ThermoMPNN,2ITN,0.7540316581726074,12,K,E,F:\GENESIS Studio\genesis-studio\packages\engines-py\.pdb_cache\2ITN,A
244,ThermoMPNN,2ITN,0.9812648296356201,12,K,F,F:\GENESIS Studio\genesis-studio\packages\engines-py\.pdb_cache\2ITN,A
245,ThermoMPNN,2ITN,0.6096210479736328,12,K,G,F:\GENESIS Studio\genesis-studio\packages\engines-py\.pdb_cache\2ITN,A
246,ThermoMPNN,2ITN,0.44865769147872925,12,K,H,F:\GENESIS Studio\genesis-studio\packages\engines-py\.pdb_cache\2ITN,A
247,ThermoMPNN,2ITN,0.7411198616027832,12,K,I,F:\GENESIS Studio\genesis-studio\packages\engines-py\.pdb_cache\2ITN,A
248,ThermoMPNN,2ITN,0.0,12,K,K,F:\GENESIS Studio\genesis-studio\packages\engines-py\.pdb_cache\2ITN,A
249,ThermoMPNN,2ITN,0.5669214725494385,12,K,L,F:\GENESIS Studio\genesis-studio\packages\engines-py\.pdb_cache\2ITN,A
250,ThermoMPNN,2ITN,0.7111111283302307,12,K,M,F:\GENESIS Studio\genesis-studio\packages\engines-py\.pdb_cache\2ITN,A
251,ThermoMPNN,2ITN,0.1313326358795166,12,K,N,F:\GENESIS Studio\genesis-studio\packages\engines-py\.pdb_cache\2ITN,A
252,ThermoMPNN,2ITN,0.12808287143707275,12,K,P,F:\GENESIS Studio\genesis-studio\packages\engines-py\.pdb_cache\2ITN,A
253,ThermoMPNN,2ITN,0.48787736892700195,12,K,Q,F:\GENESIS Studio\genesis-studio\packages\engines-py\.pdb_cache\2ITN,A
254,ThermoMPNN,2ITN,0.11548066139221191,12,K,R,F:\GENESIS Studio\genesis-studio\packages\engines-py\.pdb_cache\2ITN,A
255,ThermoMPNN,2ITN,-0.05303215980529785,12,K,S,F:\GENESIS Studio\genesis-studio\packages\engines-py\.pdb_cache\2ITN,A
256,ThermoMPNN,2ITN,0.35459935665130615,12,K,T,F:\GENESIS Studio\genesis-studio\packages\engines-py\.pdb_cache\2ITN,A
257,ThermoMPNN,2ITN,0.833026111125946,12,K,V,F:\GENESIS Studio\genesis-studio\packages\engines-py\.pdb_cache\2ITN,A
258,ThermoMPNN,2ITN,0.8845456838607788,12,K,W,F:\GENESIS Studio\genesis-studio\packages\engines-py\.pdb_cache\2ITN,A
259,ThermoMPNN,2ITN,0.8145668506622314,12,K,Y,F:\GENESIS Studio\genesis-studio\packages\engines-py\.pdb_cache\2ITN,A
260,ThermoMPNN,2ITN,0.283122718334198,13,E,A,F:\GENESIS Studio\genesis-studio\packages\engines-py\.pdb_cache\2ITN,A
261,ThermoMPNN,2ITN,0.0635794997215271,13,E,C,F:\GENESIS Studio\genesis-studio\packages\engines-py\.pdb_cache\2ITN,A
262,ThermoMPNN,2ITN,0.7630341649055481,13,E,D,F:\GENESIS Studio\genesis-studio\packages\engines-py\.pdb_cache\2ITN,A
263,ThermoMPNN,2ITN,0.0,13,E,E,F:\GENESIS Studio\genesis-studio\packages\engines-py\.pdb_cache\2ITN,A
264,ThermoMPNN,2ITN,0.2091463804244995,13,E,F,F:\GENESIS Studio\genesis-studio\packages\engines-py\.pdb_cache\2ITN,A
265,ThermoMPNN,2ITN,0.7329988479614258,13,E,G,F:\GENESIS Studio\genesis-studio\packages\engines-py\.pdb_cache\2ITN,A
266,ThermoMPNN,2ITN,0.36582428216934204,13,E,H,F:\GENESIS Studio\genesis-studio\packages\engines-py\.pdb_cache\2ITN,A
267,ThermoMPNN,2ITN,0.14465200901031494,13,E,I,F:\GENESIS Studio\genesis-studio\packages\engines-py\.pdb_cache\2ITN,A
268,ThermoMPNN,2ITN,0.4923408031463623,13,E,K,F:\GENESIS Studio\genesis-studio\packages\engines-py\.pdb_cache\2ITN,A
269,ThermoMPNN,2ITN,0.21927779912948608,13,E,L,F:\GENESIS Studio\genesis-studio\packages\engines-py\.pdb_cache\2ITN,A
270,ThermoMPNN,2ITN,0.18696057796478271,13,E,M,F:\GENESIS Studio\genesis-studio\packages\engines-py\.pdb_cache\2ITN,A
271,ThermoMPNN,2ITN,0.7209633588790894,13,E,N,F:\GENESIS Studio\genesis-studio\packages\engines-py\.pdb_cache\2ITN,A
272,ThermoMPNN,2ITN,-0.009615421295166016,13,E,P,F:\GENESIS Studio\genesis-studio\packages\engines-py\.pdb_cache\2ITN,A
273,ThermoMPNN,2ITN,0.3472523093223572,13,E,Q,F:\GENESIS Studio\genesis-studio\packages\engines-py\.pdb_cache\2ITN,A
274,ThermoMPNN,2ITN,0.5128406882286072,13,E,R,F:\GENESIS Studio\genesis-studio\packages\engines-py\.pdb_cache\2ITN,A
275,ThermoMPNN,2ITN,0.4679350256919861,13,E,S,F:\GENESIS Studio\genesis-studio\packages\engines-py\.pdb_cache\2ITN,A
276,ThermoMPNN,2ITN,0.5378134846687317,13,E,T,F:\GENESIS Studio\genesis-studio\packages\engines-py\.pdb_cache\2ITN,A
277,ThermoMPNN,2ITN,0.32778388261795044,13,E,V,F:\GENESIS Studio\genesis-studio\packages\engines-py\.pdb_cache\2ITN,A
278,ThermoMPNN,2ITN,0.2779170870780945,13,E,W,F:\GENESIS Studio\genesis-studio\packages\engines-py\.pdb_cache\2ITN,A
279,ThermoMPNN,2ITN,0.21679556369781494,13,E,Y,F:\GENESIS Studio\genesis-studio\packages\engines-py\.pdb_cache\2ITN,A
280,ThermoMPNN,2ITN,-0.0061684250831604,14,T,A,F:\GENESIS Studio\genesis-studio\packages\engines-py\.pdb_cache\2ITN,A
281,ThermoMPNN,2ITN,-0.06240975856781006,14,T,C,F:\GENESIS Studio\genesis-studio\packages\engines-py\.pdb_cache\2ITN,A
282,ThermoMPNN,2ITN,0.07955890893936157,14,T,D,F:\GENESIS Studio\genesis-studio\packages\engines-py\.pdb_cache\2ITN,A
283,ThermoMPNN,2ITN,0.10781162977218628,14,T,E,F:\GENESIS Studio\genesis-studio\packages\engines-py\.pdb_cache\2ITN,A
284,ThermoMPNN,2ITN,0.20302742719650269,14,T,F,F:\GENESIS Studio\genesis-studio\packages\engines-py\.pdb_cache\2ITN,A
285,ThermoMPNN,2ITN,0.10357540845870972,14,T,G,F:\GENESIS Studio\genesis-studio\packages\engines-py\.pdb_cache\2ITN,A
286,ThermoMPNN,2ITN,0.17826175689697266,14,T,H,F:\GENESIS Studio\genesis-studio\packages\engines-py\.pdb_cache\2ITN,A
287,ThermoMPNN,2ITN,0.36631399393081665,14,T,I,F:\GENESIS Studio\genesis-studio\packages\engines-py\.pdb_cache\2ITN,A
288,ThermoMPNN,2ITN,0.14842462539672852,14,T,K,F:\GENESIS Studio\genesis-studio\packages\engines-py\.pdb_cache\2ITN,A
289,ThermoMPNN,2ITN,0.2980397343635559,14,T,L,F:\GENESIS Studio\genesis-studio\packages\engines-py\.pdb_cache\2ITN,A
290,ThermoMPNN,2ITN,0.3015214800834656,14,T,M,F:\GENESIS Studio\genesis-studio\packages\engines-py\.pdb_cache\2ITN,A
291,ThermoMPNN,2ITN,0.07596409320831299,14,T,N,F:\GENESIS Studio\genesis-studio\packages\engines-py\.pdb_cache\2ITN,A
292,ThermoMPNN,2ITN,0.5349798798561096,14,T,P,F:\GENESIS Studio\genesis-studio\packages\engines-py\.pdb_cache\2ITN,A
293,ThermoMPNN,2ITN,0.2409936785697937,14,T,Q,F:\GENESIS Studio\genesis-studio\packages\engines-py\.pdb_cache\2ITN,A
294,ThermoMPNN,2ITN,0.19555771350860596,14,T,R,F:\GENESIS Studio\genesis-studio\packages\engines-py\.pdb_cache\2ITN,A
295,ThermoMPNN,2ITN,-0.11534315347671509,14,T,S,F:\GENESIS Studio\genesis-studio\packages\engines-py\.pdb_cache\2ITN,A
296,ThermoMPNN,2ITN,0.0,14,T,T,F:\GENESIS Studio\genesis-studio\packages\engines-py\.pdb_cache\2ITN,A
297,ThermoMPNN,2ITN,0.3845704197883606,14,T,V,F:\GENESIS Studio\genesis-studio\packages\engines-py\.pdb_cache\2ITN,A
298,ThermoMPNN,2ITN,0.14130812883377075,14,T,W,F:\GENESIS Studio\genesis-studio\packages\engines-py\.pdb_cache\2ITN,A
299,ThermoMPNN,2ITN,0.19032961130142212,14,T,Y,F:\GENESIS Studio\genesis-studio\packages\engines-py\.pdb_cache\2ITN,A
300,ThermoMPNN,2ITN,0.7719659805297852,15,E,A,F:\GENESIS Studio\genesis-studio\packages\engines-py\.pdb_cache\2ITN,A
301,ThermoMPNN,2ITN,0.603416919708252,15,E,C,F:\GENESIS Studio\genesis-studio\packages\engines-py\.pdb_cache\2ITN,A
302,ThermoMPNN,2ITN,0.37082457542419434,15,E,D,F:\GENESIS Studio\genesis-studio\packages\engines-py\.pdb_cache\2ITN,A
303,ThermoMPNN,2ITN,0.0,15,E,E,F:\GENESIS Studio\genesis-studio\packages\engines-py\.pdb_cache\2ITN,A
304,ThermoMPNN,2ITN,1.1685668230056763,15,E,F,F:\GENESIS Studio\genesis-studio\packages\engines-py\.pdb_cache\2ITN,A
305,ThermoMPNN,2ITN,1.1518481969833374,15,E,G,F:\GENESIS Studio\genesis-studio\packages\engines-py\.pdb_cache\2ITN,A
306,ThermoMPNN,2ITN,1.1186860799789429,15,E,H,F:\GENESIS Studio\genesis-studio\packages\engines-py\.pdb_cache\2ITN,A
307,ThermoMPNN,2ITN,1.1661279201507568,15,E,I,F:\GENESIS Studio\genesis-studio\packages\engines-py\.pdb_cache\2ITN,A
308,ThermoMPNN,2ITN,1.340747356414795,15,E,K,F:\GENESIS Studio\genesis-studio\packages\engines-py\.pdb_cache\2ITN,A
309,ThermoMPNN,2ITN,0.8307421803474426,15,E,L,F:\GENESIS Studio\genesis-studio\packages\engines-py\.pdb_cache\2ITN,A
310,ThermoMPNN,2ITN,0.8510743379592896,15,E,M,F:\GENESIS Studio\genesis-studio\packages\engines-py\.pdb_cache\2ITN,A
311,ThermoMPNN,2ITN,0.8474559783935547,15,E,N,F:\GENESIS Studio\genesis-studio\packages\engines-py\.pdb_cache\2ITN,A
312,ThermoMPNN,2ITN,1.5312778949737549,15,E,P,F:\GENESIS Studio\genesis-studio\packages\engines-py\.pdb_cache\2ITN,A
313,ThermoMPNN,2ITN,0.6074981093406677,15,E,Q,F:\GENESIS Studio\genesis-studio\packages\engines-py\.pdb_cache\2ITN,A
314,ThermoMPNN,2ITN,1.5000030994415283,15,E,R,F:\GENESIS Studio\genesis-studio\packages\engines-py\.pdb_cache\2ITN,A
315,ThermoMPNN,2ITN,0.9133821129798889,15,E,S,F:\GENESIS Studio\genesis-studio\packages\engines-py\.pdb_cache\2ITN,A
316,ThermoMPNN,2ITN,0.9711068272590637,15,E,T,F:\GENESIS Studio\genesis-studio\packages\engines-py\.pdb_cache\2ITN,A
317,ThermoMPNN,2ITN,1.0664985179901123,15,E,V,F:\GENESIS Studio\genesis-studio\packages\engines-py\.pdb_cache\2ITN,A
318,ThermoMPNN,2ITN,0.5859129428863525,15,E,W,F:\GENESIS Studio\genesis-studio\packages\engines-py\.pdb_cache\2ITN,A
319,ThermoMPNN,2ITN,0.9560036659240723,15,E,Y,F:\GENESIS Studio\genesis-studio\packages\engines-py\.pdb_cache\2ITN,A
320,ThermoMPNN,2ITN,1.3539084196090698,16,F,A,F:\GENESIS Studio\genesis-studio\packages\engines-py\.pdb_cache\2ITN,A
321,ThermoMPNN,2ITN,0.8327354788780212,16,F,C,F:\GENESIS Studio\genesis-studio\packages\engines-py\.pdb_cache\2ITN,A
322,ThermoMPNN,2ITN,1.8992860317230225,16,F,D,F:\GENESIS Studio\genesis-studio\packages\engines-py\.pdb_cache\2ITN,A
323,ThermoMPNN,2ITN,1.5766072273254395,16,F,E,F:\GENESIS Studio\genesis-studio\packages\engines-py\.pdb_cache\2ITN,A
324,ThermoMPNN,2ITN,0.0,16,F,F,F:\GENESIS Studio\genesis-studio\packages\engines-py\.pdb_cache\2ITN,A
325,ThermoMPNN,2ITN,1.8181836605072021,16,F,G,F:\GENESIS Studio\genesis-studio\packages\engines-py\.pdb_cache\2ITN,A
326,ThermoMPNN,2ITN,1.5450677871704102,16,F,H,F:\GENESIS Studio\genesis-studio\packages\engines-py\.pdb_cache\2ITN,A
327,ThermoMPNN,2ITN,0.0987401008605957,16,F,I,F:\GENESIS Studio\genesis-studio\packages\engines-py\.pdb_cache\2ITN,A
328,ThermoMPNN,2ITN,1.917222499847412,16,F,K,F:\GENESIS Studio\genesis-studio\packages\engines-py\.pdb_cache\2ITN,A
329,ThermoMPNN,2ITN,0.37799060344696045,16,F,L,F:\GENESIS Studio\genesis-studio\packages\engines-py\.pdb_cache\2ITN,A
330,ThermoMPNN,2ITN,0.45032310485839844,16,F,M,F:\GENESIS Studio\genesis-studio\packages\engines-py\.pdb_cache\2ITN,A
331,ThermoMPNN,2ITN,1.90236234664917,16,F,N,F:\GENESIS Studio\genesis-studio\packages\engines-py\.pdb_cache\2ITN,A
332,ThermoMPNN,2ITN,1.404915452003479,16,F,P,F:\GENESIS Studio\genesis-studio\packages\engines-py\.pdb_cache\2ITN,A
333,ThermoMPNN,2ITN,1.6545131206512451,16,F,Q,F:\GENESIS Studio\genesis-studio\packages\engines-py\.pdb_cache\2ITN,A
334,ThermoMPNN,2ITN,1.8408575057983398,16,F,R,F:\GENESIS Studio\genesis-studio\packages\engines-py\.pdb_cache\2ITN,A
335,ThermoMPNN,2ITN,1.7072737216949463,16,F,S,F:\GENESIS Studio\genesis-studio\packages\engines-py\.pdb_cache\2ITN,A
336,ThermoMPNN,2ITN,1.3253487348556519,16,F,T,F:\GENESIS Studio\genesis-studio\packages\engines-py\.pdb_cache\2ITN,A
337,ThermoMPNN,2ITN,0.39755475521087646,16,F,V,F:\GENESIS Studio\genesis-studio\packages\engines-py\.pdb_cache\2ITN,A
338,ThermoMPNN,2ITN,0.729365348815918,16,F,W,F:\GENESIS Studio\genesis-studio\packages\engines-py\.pdb_cache\2ITN,A
339,ThermoMPNN,2ITN,0.41450512409210205,16,F,Y,F:\GENESIS Studio\genesis-studio\packages\engines-py\.pdb_cache\2ITN,A
340,ThermoMPNN,2ITN,0.5542633533477783,17,K,A,F:\GENESIS Studio\genesis-studio\packages\engines-py\.pdb_cache\2ITN,A
341,ThermoMPNN,2ITN,-0.1711333990097046,17,K,C,F:\GENESIS Studio\genesis-studio\packages\engines-py\.pdb_cache\2ITN,A
342,ThermoMPNN,2ITN,1.223144769668579,17,K,D,F:\GENESIS Studio\genesis-studio\packages\engines-py\.pdb_cache\2ITN,A
343,ThermoMPNN,2ITN,0.5903494358062744,17,K,E,F:\GENESIS Studio\genesis-studio\packages\engines-py\.pdb_cache\2ITN,A
344,ThermoMPNN,2ITN,0.1918022632598877,17,K,F,F:\GENESIS Studio\genesis-studio\packages\engines-py\.pdb_cache\2ITN,A
345,ThermoMPNN,2ITN,1.1743443012237549,17,K,G,F:\GENESIS Studio\genesis-studio\packages\engines-py\.pdb_cache\2ITN,A
346,ThermoMPNN,2ITN,0.27656489610671997,17,K,H,F:\GENESIS Studio\genesis-studio\packages\engines-py\.pdb_cache\2ITN,A
347,ThermoMPNN,2ITN,-0.39771711826324463,17,K,I,F:\GENESIS Studio\genesis-studio\packages\engines-py\.pdb_cache\2ITN,A
348,ThermoMPNN,2ITN,0.0,17,K,K,F:\GENESIS Studio\genesis-studio\packages\engines-py\.pdb_cache\2ITN,A
349,ThermoMPNN,2ITN,0.008353114128112793,17,K,L,F:\GENESIS Studio\genesis-studio\packages\engines-py\.pdb_cache\2ITN,A
350,ThermoMPNN,2ITN,-0.004448533058166504,17,K,M,F:\GENESIS Studio\genesis-studio\packages\engines-py\.pdb_cache\2ITN,A
351,ThermoMPNN,2ITN,0.6736242771148682,17,K,N,F:\GENESIS Studio\genesis-studio\packages\engines-py\.pdb_cache\2ITN,A
352,ThermoMPNN,2ITN,1.7548882961273193,17,K,P,F:\GENESIS Studio\genesis-studio\packages\engines-py\.pdb_cache\2ITN,A
353,ThermoMPNN,2ITN,0.17775988578796387,17,K,Q,F:\GENESIS Studio\genesis-studio\packages\engines-py\.pdb_cache\2ITN,A
354,ThermoMPNN,2ITN,0.0375673770904541,17,K,R,F:\GENESIS Studio\genesis-studio\packages\engines-py\.pdb_cache\2ITN,A
355,ThermoMPNN,2ITN,0.5099608898162842,17,K,S,F:\GENESIS Studio\genesis-studio\packages\engines-py\.pdb_cache\2ITN,A
356,ThermoMPNN,2ITN,0.04108166694641113,17,K,T,F:\GENESIS Studio\genesis-studio\packages\engines-py\.pdb_cache\2ITN,A
357,ThermoMPNN,2ITN,-0.28379952907562256,17,K,V,F:\GENESIS Studio\genesis-studio\packages\engines-py\.pdb_cache\2ITN,A
358,ThermoMPNN,2ITN,0.2249794602394104,17,K,W,F:\GENESIS Studio\genesis-studio\packages\engines-py\.pdb_cache\2ITN,A
359,ThermoMPNN,2ITN,0.15752655267715454,17,K,Y,F:\GENESIS Studio\genesis-studio\packages\engines-py\.pdb_cache\2ITN,A
360,ThermoMPNN,2ITN,0.8364818096160889,18,K,A,F:\GENESIS Studio\genesis-studio\packages\engines-py\.pdb_cache\2ITN,A
361,ThermoMPNN,2ITN,0.5025492310523987,18,K,C,F:\GENESIS Studio\genesis-studio\packages\engines-py\.pdb_cache\2ITN,A
362,ThermoMPNN,2ITN,1.87428617477417,18,K,D,F:\GENESIS Studio\genesis-studio\packages\engines-py\.pdb_cache\2ITN,A
363,ThermoMPNN,2ITN,1.5223982334136963,18,K,E,F:\GENESIS Studio\genesis-studio\packages\engines-py\.pdb_cache\2ITN,A
364,ThermoMPNN,2ITN,0.9486901760101318,18,K,F,F:\GENESIS Studio\genesis-studio\packages\engines-py\.pdb_cache\2ITN,A
365,ThermoMPNN,2ITN,1.5904576778411865,18,K,G,F:\GENESIS Studio\genesis-studio\packages\engines-py\.pdb_cache\2ITN,A
366,ThermoMPNN,2ITN,0.9064979553222656,18,K,H,F:\GENESIS Studio\genesis-studio\packages\engines-py\.pdb_cache\2ITN,A
367,ThermoMPNN,2ITN,0.12443399429321289,18,K,I,F:\GENESIS Studio\genesis-studio\packages\engines-py\.pdb_cache\2ITN,A
368,ThermoMPNN,2ITN,0.0,18,K,K,F:\GENESIS Studio\genesis-studio\packages\engines-py\.pdb_cache\2ITN,A
369,ThermoMPNN,2ITN,0.3318963050842285,18,K,L,F:\GENESIS Studio\genesis-studio\packages\engines-py\.pdb_cache\2ITN,A
370,ThermoMPNN,2ITN,0.38889944553375244,18,K,M,F:\GENESIS Studio\genesis-studio\packages\engines-py\.pdb_cache\2ITN,A
371,ThermoMPNN,2ITN,1.2113652229309082,18,K,N,F:\GENESIS Studio\genesis-studio\packages\engines-py\.pdb_cache\2ITN,A
372,ThermoMPNN,2ITN,0.24852800369262695,18,K,P,F:\GENESIS Studio\genesis-studio\packages\engines-py\.pdb_cache\2ITN,A
373,ThermoMPNN,2ITN,0.7528812289237976,18,K,Q,F:\GENESIS Studio\genesis-studio\packages\engines-py\.pdb_cache\2ITN,A
374,ThermoMPNN,2ITN,-0.005615830421447754,18,K,R,F:\GENESIS Studio\genesis-studio\packages\engines-py\.pdb_cache\2ITN,A
375,ThermoMPNN,2ITN,1.0069137811660767,18,K,S,F:\GENESIS Studio\genesis-studio\packages\engines-py\.pdb_cache\2ITN,A
376,ThermoMPNN,2ITN,0.7544843554496765,18,K,T,F:\GENESIS Studio\genesis-studio\packages\engines-py\.pdb_cache\2ITN,A
377,ThermoMPNN,2ITN,0.364742636680603,18,K,V,F:\GENESIS Studio\genesis-studio\packages\engines-py\.pdb_cache\2ITN,A
378,ThermoMPNN,2ITN,0.9617906808853149,18,K,W,F:\GENESIS Studio\genesis-studio\packages\engines-py\.pdb_cache\2ITN,A
379,ThermoMPNN,2ITN,0.868211030960083,18,K,Y,F:\GENESIS Studio\genesis-studio\packages\engines-py\.pdb_cache\2ITN,A
380,ThermoMPNN,2ITN,1.0943889617919922,19,I,A,F:\GENESIS Studio\genesis-studio\packages\engines-py\.pdb_cache\2ITN,A
381,ThermoMPNN,2ITN,0.35192322731018066,19,I,C,F:\GENESIS Studio\genesis-studio\packages\engines-py\.pdb_cache\2ITN,A
382,ThermoMPNN,2ITN,1.2133190631866455,19,I,D,F:\GENESIS Studio\genesis-studio\packages\engines-py\.pdb_cache\2ITN,A
383,ThermoMPNN,2ITN,0.9701780080795288,19,I,E,F:\GENESIS Studio\genesis-studio\packages\engines-py\.pdb_cache\2ITN,A
384,ThermoMPNN,2ITN,0.4807049632072449,19,I,F,F:\GENESIS Studio\genesis-studio\packages\engines-py\.pdb_cache\2ITN,A
385,ThermoMPNN,2ITN,1.5792021751403809,19,I,G,F:\GENESIS Studio\genesis-studio\packages\engines-py\.pdb_cache\2ITN,A
386,ThermoMPNN,2ITN,0.8848673701286316,19,I,H,F:\GENESIS Studio\genesis-studio\packages\engines-py\.pdb_cache\2ITN,A
387,ThermoMPNN,2ITN,0.0,19,I,I,F:\GENESIS Studio\genesis-studio\packages\engines-py\.pdb_cache\2ITN,A
388,ThermoMPNN,2ITN,1.106518268585205,19,I,K,F:\GENESIS Studio\genesis-studio\packages\engines-py\.pdb_cache\2ITN,A
389,ThermoMPNN,2ITN,0.10329294204711914,19,I,L,F:\GENESIS Studio\genesis-studio\packages\engines-py\.pdb_cache\2ITN,A
390,ThermoMPNN,2ITN,0.38088011741638184,19,I,M,F:\GENESIS Studio\genesis-studio\packages\engines-py\.pdb_cache\2ITN,A
391,ThermoMPNN,2ITN,1.2280560731887817,19,I,N,F:\GENESIS Studio\genesis-studio\packages\engines-py\.pdb_cache\2ITN,A
392,ThermoMPNN,2ITN,2.0566158294677734,19,I,P,F:\GENESIS Studio\genesis-studio\packages\engines-py\.pdb_cache\2ITN,A
393,ThermoMPNN,2ITN,0.8666878938674927,19,I,Q,F:\GENESIS Studio\genesis-studio\packages\engines-py\.pdb_cache\2ITN,A
394,ThermoMPNN,2ITN,1.2252614498138428,19,I,R,F:\GENESIS Studio\genesis-studio\packages\engines-py\.pdb_cache\2ITN,A
395,ThermoMPNN,2ITN,1.0534857511520386,19,I,S,F:\GENESIS Studio\genesis-studio\packages\engines-py\.pdb_cache\2ITN,A
396,ThermoMPNN,2ITN,0.6232606768608093,19,I,T,F:\GENESIS Studio\genesis-studio\packages\engines-py\.pdb_cache\2ITN,A
397,ThermoMPNN,2ITN,0.3760669231414795,19,I,V,F:\GENESIS Studio\genesis-studio\packages\engines-py\.pdb_cache\2ITN,A
398,ThermoMPNN,2ITN,0.4589017629623413,19,I,W,F:\GENESIS Studio\genesis-studio\packages\engines-py\.pdb_cache\2ITN,A
399,ThermoMPNN,2ITN,0.4081237316131592,19,I,Y,F:\GENESIS Studio\genesis-studio\packages\engines-py\.pdb_cache\2ITN,A
400,ThermoMPNN,2ITN,-0.5026494264602661,20,K,A,F:\GENESIS Studio\genesis-studio\packages\engines-py\.pdb_cache\2ITN,A
401,ThermoMPNN,2ITN,-0.6279647350311279,20,K,C,F:\GENESIS Studio\genesis-studio\packages\engines-py\.pdb_cache\2ITN,A
402,ThermoMPNN,2ITN,0.3152475953102112,20,K,D,F:\GENESIS Studio\genesis-studio\packages\engines-py\.pdb_cache\2ITN,A
403,ThermoMPNN,2ITN,-0.17207258939743042,20,K,E,F:\GENESIS Studio\genesis-studio\packages\engines-py\.pdb_cache\2ITN,A
404,ThermoMPNN,2ITN,-0.17535346746444702,20,K,F,F:\GENESIS Studio\genesis-studio\packages\engines-py\.pdb_cache\2ITN,A
405,ThermoMPNN,2ITN,0.3358157277107239,20,K,G,F:\GENESIS Studio\genesis-studio\packages\engines-py\.pdb_cache\2ITN,A
406,ThermoMPNN,2ITN,0.0077010393142700195,20,K,H,F:\GENESIS Studio\genesis-studio\packages\engines-py\.pdb_cache\2ITN,A
407,ThermoMPNN,2ITN,-0.15507924556732178,20,K,I,F:\GENESIS Studio\genesis-studio\packages\engines-py\.pdb_cache\2ITN,A
408,ThermoMPNN,2ITN,0.0,20,K,K,F:\GENESIS Studio\genesis-studio\packages\engines-py\.pdb_cache\2ITN,A
409,ThermoMPNN,2ITN,-0.03906184434890747,20,K,L,F:\GENESIS Studio\genesis-studio\packages\engines-py\.pdb_cache\2ITN,A
410,ThermoMPNN,2ITN,-0.27069777250289917,20,K,M,F:\GENESIS Studio\genesis-studio\packages\engines-py\.pdb_cache\2ITN,A
411,ThermoMPNN,2ITN,0.3224778175354004,20,K,N,F:\GENESIS Studio\genesis-studio\packages\engines-py\.pdb_cache\2ITN,A
412,ThermoMPNN,2ITN,1.899893045425415,20,K,P,F:\GENESIS Studio\genesis-studio\packages\engines-py\.pdb_cache\2ITN,A
413,ThermoMPNN,2ITN,-0.17247062921524048,20,K,Q,F:\GENESIS Studio\genesis-studio\packages\engines-py\.pdb_cache\2ITN,A
414,ThermoMPNN,2ITN,-0.029918134212493896,20,K,R,F:\GENESIS Studio\genesis-studio\packages\engines-py\.pdb_cache\2ITN,A
415,ThermoMPNN,2ITN,-0.4524480104446411,20,K,S,F:\GENESIS Studio\genesis-studio\packages\engines-py\.pdb_cache\2ITN,A
416,ThermoMPNN,2ITN,-0.11544722318649292,20,K,T,F:\GENESIS Studio\genesis-studio\packages\engines-py\.pdb_cache\2ITN,A
417,ThermoMPNN,2ITN,-0.13016819953918457,20,K,V,F:\GENESIS Studio\genesis-studio\packages\engines-py\.pdb_cache\2ITN,A
418,ThermoMPNN,2ITN,-0.42725372314453125,20,K,W,F:\GENESIS Studio\genesis-studio\packages\engines-py\.pdb_cache\2ITN,A
419,ThermoMPNN,2ITN,-0.27048903703689575,20,K,Y,F:\GENESIS Studio\genesis-studio\packages\engines-py\.pdb_cache\2ITN,A
420,ThermoMPNN,2ITN,0.8485892415046692,21,V,A,F:\GENESIS Studio\genesis-studio\packages\engines-py\.pdb_cache\2ITN,A
421,ThermoMPNN,2ITN,0.15557801723480225,21,V,C,F:\GENESIS Studio\genesis-studio\packages\engines-py\.pdb_cache\2ITN,A
422,ThermoMPNN,2ITN,0.9966347217559814,21,V,D,F:\GENESIS Studio\genesis-studio\packages\engines-py\.pdb_cache\2ITN,A
423,ThermoMPNN,2ITN,0.669835090637207,21,V,E,F:\GENESIS Studio\genesis-studio\packages\engines-py\.pdb_cache\2ITN,A
424,ThermoMPNN,2ITN,0.4217299818992615,21,V,F,F:\GENESIS Studio\genesis-studio\packages\engines-py\.pdb_cache\2ITN,A
425,ThermoMPNN,2ITN,1.1263704299926758,21,V,G,F:\GENESIS Studio\genesis-studio\packages\engines-py\.pdb_cache\2ITN,A
426,ThermoMPNN,2ITN,0.5997835397720337,21,V,H,F:\GENESIS Studio\genesis-studio\packages\engines-py\.pdb_cache\2ITN,A
427,ThermoMPNN,2ITN,-0.0671771764755249,21,V,I,F:\GENESIS Studio\genesis-studio\packages\engines-py\.pdb_cache\2ITN,A
428,ThermoMPNN,2ITN,0.7186322212219238,21,V,K,F:\GENESIS Studio\genesis-studio\packages\engines-py\.pdb_cache\2ITN,A
429,ThermoMPNN,2ITN,0.29769814014434814,21,V,L,F:\GENESIS Studio\genesis-studio\packages\engines-py\.pdb_cache\2ITN,A
430,ThermoMPNN,2ITN,0.45586395263671875,21,V,M,F:\GENESIS Studio\genesis-studio\packages\engines-py\.pdb_cache\2ITN,A
431,ThermoMPNN,2ITN,0.9285342693328857,21,V,N,F:\GENESIS Studio\genesis-studio\packages\engines-py\.pdb_cache\2ITN,A
432,ThermoMPNN,2ITN,0.9034275412559509,21,V,P,F:\GENESIS Studio\genesis-studio\packages\engines-py\.pdb_cache\2ITN,A
433,ThermoMPNN,2ITN,0.6700490117073059,21,V,Q,F:\GENESIS Studio\genesis-studio\packages\engines-py\.pdb_cache\2ITN,A
434,ThermoMPNN,2ITN,0.8551273345947266,21,V,R,F:\GENESIS Studio\genesis-studio\packages\engines-py\.pdb_cache\2ITN,A
435,ThermoMPNN,2ITN,0.8027307987213135,21,V,S,F:\GENESIS Studio\genesis-studio\packages\engines-py\.pdb_cache\2ITN,A
436,ThermoMPNN,2ITN,0.48221248388290405,21,V,T,F:\GENESIS Studio\genesis-studio\packages\engines-py\.pdb_cache\2ITN,A
437,ThermoMPNN,2ITN,0.0,21,V,V,F:\GENESIS Studio\genesis-studio\packages\engines-py\.pdb_cache\2ITN,A
438,ThermoMPNN,2ITN,0.5917990207672119,21,V,W,F:\GENESIS Studio\genesis-studio\packages\engines-py\.pdb_cache\2ITN,A
439,ThermoMPNN,2ITN,0.4844377636909485,21,V,Y,F:\GENESIS Studio\genesis-studio\packages\engines-py\.pdb_cache\2ITN,A
440,ThermoMPNN,2ITN,1.3805843591690063,22,L,A,F:\GENESIS Studio\genesis-studio\packages\engines-py\.pdb_cache\2ITN,A
441,ThermoMPNN,2ITN,0.49752676486968994,22,L,C,F:\GENESIS Studio\genesis-studio\packages\engines-py\.pdb_cache\2ITN,A
442,ThermoMPNN,2ITN,1.495877742767334,22,L,D,F:\GENESIS Studio\genesis-studio\packages\engines-py\.pdb_cache\2ITN,A
443,ThermoMPNN,2ITN,1.5035207271575928,22,L,E,F:\GENESIS Studio\genesis-studio\packages\engines-py\.pdb_cache\2ITN,A
444,ThermoMPNN,2ITN,0.7192914485931396,22,L,F,F:\GENESIS Studio\genesis-studio\packages\engines-py\.pdb_cache\2ITN,A
445,ThermoMPNN,2ITN,2.069991111755371,22,L,G,F:\GENESIS Studio\genesis-studio\packages\engines-py\.pdb_cache\2ITN,A
446,ThermoMPNN,2ITN,1.3375070095062256,22,L,H,F:\GENESIS Studio\genesis-studio\packages\engines-py\.pdb_cache\2ITN,A
447,ThermoMPNN,2ITN,-0.09300470352172852,22,L,I,F:\GENESIS Studio\genesis-studio\packages\engines-py\.pdb_cache\2ITN,A
448,ThermoMPNN,2ITN,1.7618120908737183,22,L,K,F:\GENESIS Studio\genesis-studio\packages\engines-py\.pdb_cache\2ITN,A
449,ThermoMPNN,2ITN,0.0,22,L,L,F:\GENESIS Studio\genesis-studio\packages\engines-py\.pdb_cache\2ITN,A
450,ThermoMPNN,2ITN,0.5073513984680176,22,L,M,F:\GENESIS Studio\genesis-studio\packages\engines-py\.pdb_cache\2ITN,A
451,ThermoMPNN,2ITN,1.6176457405090332,22,L,N,F:\GENESIS Studio\genesis-studio\packages\engines-py\.pdb_cache\2ITN,A
452,ThermoMPNN,2ITN,2.433811902999878,22,L,P,F:\GENESIS Studio\genesis-studio\packages\engines-py\.pdb_cache\2ITN,A
453,ThermoMPNN,2ITN,1.6108227968215942,22,L,Q,F:\GENESIS Studio\genesis-studio\packages\engines-py\.pdb_cache\2ITN,A
454,ThermoMPNN,2ITN,1.7596635818481445,22,L,R,F:\GENESIS Studio\genesis-studio\packages\engines-py\.pdb_cache\2ITN,A
455,ThermoMPNN,2ITN,1.6309071779251099,22,L,S,F:\GENESIS Studio\genesis-studio\packages\engines-py\.pdb_cache\2ITN,A
456,ThermoMPNN,2ITN,1.553145170211792,22,L,T,F:\GENESIS Studio\genesis-studio\packages\engines-py\.pdb_cache\2ITN,A
457,ThermoMPNN,2ITN,0.5083041191101074,22,L,V,F:\GENESIS Studio\genesis-studio\packages\engines-py\.pdb_cache\2ITN,A
458,ThermoMPNN,2ITN,0.5777313709259033,22,L,W,F:\GENESIS Studio\genesis-studio\packages\engines-py\.pdb_cache\2ITN,A
459,ThermoMPNN,2ITN,0.6832886934280396,22,L,Y,F:\GENESIS Studio\genesis-studio\packages\engines-py\.pdb_cache\2ITN,A
460,ThermoMPNN,2ITN,-0.05395805835723877,23,S,A,F:\GENESIS Studio\genesis-studio\packages\engines-py\.pdb_cache\2ITN,A
461,ThermoMPNN,2ITN,-0.23580968379974365,23,S,C,F:\GENESIS Studio\genesis-studio\packages\engines-py\.pdb_cache\2ITN,A
462,ThermoMPNN,2ITN,0.20484161376953125,23,S,D,F:\GENESIS Studio\genesis-studio\packages\engines-py\.pdb_cache\2ITN,A
463,ThermoMPNN,2ITN,0.01347273588180542,23,S,E,F:\GENESIS Studio\genesis-studio\packages\engines-py\.pdb_cache\2ITN,A
464,ThermoMPNN,2ITN,0.004893779754638672,23,S,F,F:\GENESIS Studio\genesis-studio\packages\engines-py\.pdb_cache\2ITN,A
465,ThermoMPNN,2ITN,0.2972348928451538,23,S,G,F:\GENESIS Studio\genesis-studio\packages\engines-py\.pdb_cache\2ITN,A
466,ThermoMPNN,2ITN,0.22769016027450562,23,S,H,F:\GENESIS Studio\genesis-studio\packages\engines-py\.pdb_cache\2ITN,A
467,ThermoMPNN,2ITN,0.052757203578948975,23,S,I,F:\GENESIS Studio\genesis-studio\packages\engines-py\.pdb_cache\2ITN,A
468,ThermoMPNN,2ITN,0.03754514455795288,23,S,K,F:\GENESIS Studio\genesis-studio\packages\engines-py\.pdb_cache\2ITN,A
469,ThermoMPNN,2ITN,-0.0344853401184082,23,S,L,F:\GENESIS Studio\genesis-studio\packages\engines-py\.pdb_cache\2ITN,A
470,ThermoMPNN,2ITN,-0.035336196422576904,23,S,M,F:\GENESIS Studio\genesis-studio\packages\engines-py\.pdb_cache\2ITN,A
471,ThermoMPNN,2ITN,0.1325613260269165,23,S,N,F:\GENESIS Studio\genesis-studio\packages\engines-py\.pdb_cache\2ITN,A
472,ThermoMPNN,2ITN,1.5251524448394775,23,S,P,F:\GENESIS Studio\genesis-studio\packages\engines-py\.pdb_cache\2ITN,A
473,ThermoMPNN,2ITN,0.10139477252960205,23,S,Q,F:\GENESIS Studio\genesis-studio\packages\engines-py\.pdb_cache\2ITN,A
474,ThermoMPNN,2ITN,0.010223388671875,23,S,R,F:\GENESIS Studio\genesis-studio\packages\engines-py\.pdb_cache\2ITN,A
475,ThermoMPNN,2ITN,0.0,23,S,S,F:\GENESIS Studio\genesis-studio\packages\engines-py\.pdb_cache\2ITN,A
476,ThermoMPNN,2ITN,0.15354633331298828,23,S,T,F:\GENESIS Studio\genesis-studio\packages\engines-py\.pdb_cache\2ITN,A
477,ThermoMPNN,2ITN,0.12741518020629883,23,S,V,F:\GENESIS Studio\genesis-studio\packages\engines-py\.pdb_cache\2ITN,A
478,ThermoMPNN,2ITN,0.022656917572021484,23,S,W,F:\GENESIS Studio\genesis-studio\packages\engines-py\.pdb_cache\2ITN,A
479,ThermoMPNN,2ITN,0.07836055755615234,23,S,Y,F:\GENESIS Studio\genesis-studio\packages\engines-py\.pdb_cache\2ITN,A
480,ThermoMPNN,2ITN,-0.05103832483291626,24,S,A,F:\GENESIS Studio\genesis-studio\packages\engines-py\.pdb_cache\2ITN,A
481,ThermoMPNN,2ITN,-0.22757625579833984,24,S,C,F:\GENESIS Studio\genesis-studio\packages\engines-py\.pdb_cache\2ITN,A
482,ThermoMPNN,2ITN,0.1429663896560669,24,S,D,F:\GENESIS Studio\genesis-studio\packages\engines-py\.pdb_cache\2ITN,A
483,ThermoMPNN,2ITN,0.09109240770339966,24,S,E,F:\GENESIS Studio\genesis-studio\packages\engines-py\.pdb_cache\2ITN,A
484,ThermoMPNN,2ITN,-0.012650609016418457,24,S,F,F:\GENESIS Studio\genesis-studio\packages\engines-py\.pdb_cache\2ITN,A
485,ThermoMPNN,2ITN,0.19395005702972412,24,S,G,F:\GENESIS Studio\genesis-studio\packages\engines-py\.pdb_cache\2ITN,A
486,ThermoMPNN,2ITN,0.09465807676315308,24,S,H,F:\GENESIS Studio\genesis-studio\packages\engines-py\.pdb_cache\2ITN,A
487,ThermoMPNN,2ITN,0.06133610010147095,24,S,I,F:\GENESIS Studio\genesis-studio\packages\engines-py\.pdb_cache\2ITN,A
488,ThermoMPNN,2ITN,0.09267163276672363,24,S,K,F:\GENESIS Studio\genesis-studio\packages\engines-py\.pdb_cache\2ITN,A
489,ThermoMPNN,2ITN,0.07211792469024658,24,S,L,F:\GENESIS Studio\genesis-studio\packages\engines-py\.pdb_cache\2ITN,A
490,ThermoMPNN,2ITN,-0.02251124382019043,24,S,M,F:\GENESIS Studio\genesis-studio\packages\engines-py\.pdb_cache\2ITN,A
491,ThermoMPNN,2ITN,0.2034054398536682,24,S,N,F:\GENESIS Studio\genesis-studio\packages\engines-py\.pdb_cache\2ITN,A
492,ThermoMPNN,2ITN,0.6227003931999207,24,S,P,F:\GENESIS Studio\genesis-studio\packages\engines-py\.pdb_cache\2ITN,A
493,ThermoMPNN,2ITN,0.02072298526763916,24,S,Q,F:\GENESIS Studio\genesis-studio\packages\engines-py\.pdb_cache\2ITN,A
494,ThermoMPNN,2ITN,0.08070170879364014,24,S,R,F:\GENESIS Studio\genesis-studio\packages\engines-py\.pdb_cache\2ITN,A
495,ThermoMPNN,2ITN,0.0,24,S,S,F:\GENESIS Studio\genesis-studio\packages\engines-py\.pdb_cache\2ITN,A
496,ThermoMPNN,2ITN,0.10593926906585693,24,S,T,F:\GENESIS Studio\genesis-studio\packages\engines-py\.pdb_cache\2ITN,A
497,ThermoMPNN,2ITN,0.15949243307113647,24,S,V,F:\GENESIS Studio\genesis-studio\packages\engines-py\.pdb_cache\2ITN,A
498,ThermoMPNN,2ITN,-0.2319931983947754,24,S,W,F:\GENESIS Studio\genesis-studio\packages\engines-py\.pdb_cache\2ITN,A
499,ThermoMPNN,2ITN,-0.01336449384689331,24,S,Y,F:\GENESIS Studio\genesis-studio\packages\engines-py\.pdb_cache\2ITN,A
500,ThermoMPNN,2ITN,0.30019718408584595,25,G,A,F:\GENESIS Studio\genesis-studio\packages\engines-py\.pdb_cache\2ITN,A
501,ThermoMPNN,2ITN,0.11857497692108154,25,G,C,F:\GENESIS Studio\genesis-studio\packages\engines-py\.pdb_cache\2ITN,A
502,ThermoMPNN,2ITN,0.35854995250701904,25,G,D,F:\GENESIS Studio\genesis-studio\packages\engines-py\.pdb_cache\2ITN,A
503,ThermoMPNN,2ITN,0.38423657417297363,25,G,E,F:\GENESIS Studio\genesis-studio\packages\engines-py\.pdb_cache\2ITN,A
504,ThermoMPNN,2ITN,0.35331863164901733,25,G,F,F:\GENESIS Studio\genesis-studio\packages\engines-py\.pdb_cache\2ITN,A
505,ThermoMPNN,2ITN,0.0,25,G,G,F:\GENESIS Studio\genesis-studio\packages\engines-py\.pdb_cache\2ITN,A
506,ThermoMPNN,2ITN,0.4017232060432434,25,G,H,F:\GENESIS Studio\genesis-studio\packages\engines-py\.pdb_cache\2ITN,A
507,ThermoMPNN,2ITN,0.4083261489868164,25,G,I,F:\GENESIS Studio\genesis-studio\packages\engines-py\.pdb_cache\2ITN,A
508,ThermoMPNN,2ITN,0.3967171907424927,25,G,K,F:\GENESIS Studio\genesis-studio\packages\engines-py\.pdb_cache\2ITN,A
509,ThermoMPNN,2ITN,0.39385712146759033,25,G,L,F:\GENESIS Studio\genesis-studio\packages\engines-py\.pdb_cache\2ITN,A
510,ThermoMPNN,2ITN,0.4905695915222168,25,G,M,F:\GENESIS Studio\genesis-studio\packages\engines-py\.pdb_cache\2ITN,A
511,ThermoMPNN,2ITN,0.33271968364715576,25,G,N,F:\GENESIS Studio\genesis-studio\packages\engines-py\.pdb_cache\2ITN,A
512,ThermoMPNN,2ITN,0.6166772246360779,25,G,P,F:\GENESIS Studio\genesis-studio\packages\engines-py\.pdb_cache\2ITN,A
513,ThermoMPNN,2ITN,0.4821087718009949,25,G,Q,F:\GENESIS Studio\genesis-studio\packages\engines-py\.pdb_cache\2ITN,A
514,ThermoMPNN,2ITN,0.45247626304626465,25,G,R,F:\GENESIS Studio\genesis-studio\packages\engines-py\.pdb_cache\2ITN,A
515,ThermoMPNN,2ITN,0.258389413356781,25,G,S,F:\GENESIS Studio\genesis-studio\packages\engines-py\.pdb_cache\2ITN,A
516,ThermoMPNN,2ITN,0.29061979055404663,25,G,T,F:\GENESIS Studio\genesis-studio\packages\engines-py\.pdb_cache\2ITN,A
517,ThermoMPNN,2ITN,0.4587290287017822,25,G,V,F:\GENESIS Studio\genesis-studio\packages\engines-py\.pdb_cache\2ITN,A
518,ThermoMPNN,2ITN,0.3269129991531372,25,G,W,F:\GENESIS Studio\genesis-studio\packages\engines-py\.pdb_cache\2ITN,A
519,ThermoMPNN,2ITN,0.35589301586151123,25,G,Y,F:\GENESIS Studio\genesis-studio\packages\engines-py\.pdb_cache\2ITN,A
520,ThermoMPNN,2ITN,0.0,26,A,A,F:\GENESIS Studio\genesis-studio\packages\engines-py\.pdb_cache\2ITN,A
521,ThermoMPNN,2ITN,0.019697248935699463,26,A,C,F:\GENESIS Studio\genesis-studio\packages\engines-py\.pdb_cache\2ITN,A
522,ThermoMPNN,2ITN,0.03087902069091797,26,A,D,F:\GENESIS Studio\genesis-studio\packages\engines-py\.pdb_cache\2ITN,A
523,ThermoMPNN,2ITN,0.03255409002304077,26,A,E,F:\GENESIS Studio\genesis-studio\packages\engines-py\.pdb_cache\2ITN,A
524,ThermoMPNN,2ITN,0.2348291277885437,26,A,F,F:\GENESIS Studio\genesis-studio\packages\engines-py\.pdb_cache\2ITN,A
525,ThermoMPNN,2ITN,0.1015881896018982,26,A,G,F:\GENESIS Studio\genesis-studio\packages\engines-py\.pdb_cache\2ITN,A
526,ThermoMPNN,2ITN,0.21946334838867188,26,A,H,F:\GENESIS Studio\genesis-studio\packages\engines-py\.pdb_cache\2ITN,A
527,ThermoMPNN,2ITN,0.2346954345703125,26,A,I,F:\GENESIS Studio\genesis-studio\packages\engines-py\.pdb_cache\2ITN,A
528,ThermoMPNN,2ITN,0.12636643648147583,26,A,K,F:\GENESIS Studio\genesis-studio\packages\engines-py\.pdb_cache\2ITN,A
529,ThermoMPNN,2ITN,0.14534199237823486,26,A,L,F:\GENESIS Studio\genesis-studio\packages\engines-py\.pdb_cache\2ITN,A
530,ThermoMPNN,2ITN,0.1927850842475891,26,A,M,F:\GENESIS Studio\genesis-studio\packages\engines-py\.pdb_cache\2ITN,A
531,ThermoMPNN,2ITN,0.09549552202224731,26,A,N,F:\GENESIS Studio\genesis-studio\packages\engines-py\.pdb_cache\2ITN,A
532,ThermoMPNN,2ITN,0.32649117708206177,26,A,P,F:\GENESIS Studio\genesis-studio\packages\engines-py\.pdb_cache\2ITN,A
533,ThermoMPNN,2ITN,0.11058211326599121,26,A,Q,F:\GENESIS Studio\genesis-studio\packages\engines-py\.pdb_cache\2ITN,A
534,ThermoMPNN,2ITN,0.1946370005607605,26,A,R,F:\GENESIS Studio\genesis-studio\packages\engines-py\.pdb_cache\2ITN,A
535,ThermoMPNN,2ITN,0.05041337013244629,26,A,S,F:\GENESIS Studio\genesis-studio\packages\engines-py\.pdb_cache\2ITN,A
536,ThermoMPNN,2ITN,0.12431824207305908,26,A,T,F:\GENESIS Studio\genesis-studio\packages\engines-py\.pdb_cache\2ITN,A
537,ThermoMPNN,2ITN,0.2430437207221985,26,A,V,F:\GENESIS Studio\genesis-studio\packages\engines-py\.pdb_cache\2ITN,A
538,ThermoMPNN,2ITN,0.24531346559524536,26,A,W,F:\GENESIS Studio\genesis-studio\packages\engines-py\.pdb_cache\2ITN,A
539,ThermoMPNN,2ITN,0.3625636696815491,26,A,Y,F:\GENESIS Studio\genesis-studio\packages\engines-py\.pdb_cache\2ITN,A
540,ThermoMPNN,2ITN,-0.02662074565887451,27,F,A,F:\GENESIS Studio\genesis-studio\packages\engines-py\.pdb_cache\2ITN,A
541,ThermoMPNN,2ITN,-0.298490047454834,27,F,C,F:\GENESIS Studio\genesis-studio\packages\engines-py\.pdb_cache\2ITN,A
542,ThermoMPNN,2ITN,-0.21067512035369873,27,F,D,F:\GENESIS Studio\genesis-studio\packages\engines-py\.pdb_cache\2ITN,A
543,ThermoMPNN,2ITN,-0.07900023460388184,27,F,E,F:\GENESIS Studio\genesis-studio\packages\engines-py\.pdb_cache\2ITN,A
544,ThermoMPNN,2ITN,0.0,27,F,F,F:\GENESIS Studio\genesis-studio\packages\engines-py\.pdb_cache\2ITN,A
545,ThermoMPNN,2ITN,0.0006004571914672852,27,F,G,F:\GENESIS Studio\genesis-studio\packages\engines-py\.pdb_cache\2ITN,A
546,ThermoMPNN,2ITN,-0.036036133766174316,27,F,H,F:\GENESIS Studio\genesis-studio\packages\engines-py\.pdb_cache\2ITN,A
547,ThermoMPNN,2ITN,0.1361168622970581,27,F,I,F:\GENESIS Studio\genesis-studio\packages\engines-py\.pdb_cache\2ITN,A
548,ThermoMPNN,2ITN,0.16552990674972534,27,F,K,F:\GENESIS Studio\genesis-studio\packages\engines-py\.pdb_cache\2ITN,A
549,ThermoMPNN,2ITN,-0.029735982418060303,27,F,L,F:\GENESIS Studio\genesis-studio\packages\engines-py\.pdb_cache\2ITN,A
550,ThermoMPNN,2ITN,0.04369044303894043,27,F,M,F:\GENESIS Studio\genesis-studio\packages\engines-py\.pdb_cache\2ITN,A
551,ThermoMPNN,2ITN,-0.13523083925247192,27,F,N,F:\GENESIS Studio\genesis-studio\packages\engines-py\.pdb_cache\2ITN,A
552,ThermoMPNN,2ITN,0.07355934381484985,27,F,P,F:\GENESIS Studio\genesis-studio\packages\engines-py\.pdb_cache\2ITN,A
553,ThermoMPNN,2ITN,0.07398593425750732,27,F,Q,F:\GENESIS Studio\genesis-studio\packages\engines-py\.pdb_cache\2ITN,A
554,ThermoMPNN,2ITN,0.151047945022583,27,F,R,F:\GENESIS Studio\genesis-studio\packages\engines-py\.pdb_cache\2ITN,A
555,ThermoMPNN,2ITN,-0.0957949161529541,27,F,S,F:\GENESIS Studio\genesis-studio\packages\engines-py\.pdb_cache\2ITN,A
556,ThermoMPNN,2ITN,-0.056126296520233154,27,F,T,F:\GENESIS Studio\genesis-studio\packages\engines-py\.pdb_cache\2ITN,A
557,ThermoMPNN,2ITN,0.0912630558013916,27,F,V,F:\GENESIS Studio\genesis-studio\packages\engines-py\.pdb_cache\2ITN,A
558,ThermoMPNN,2ITN,-0.22426444292068481,27,F,W,F:\GENESIS Studio\genesis-studio\packages\engines-py\.pdb_cache\2ITN,A
559,ThermoMPNN,2ITN,0.011868655681610107,27,F,Y,F:\GENESIS Studio\genesis-studio\packages\engines-py\.pdb_cache\2ITN,A
560,ThermoMPNN,2ITN,0.17678052186965942,28,G,A,F:\GENESIS Studio\genesis-studio\packages\engines-py\.pdb_cache\2ITN,A
561,ThermoMPNN,2ITN,-0.21023154258728027,28,G,C,F:\GENESIS Studio\genesis-studio\packages\engines-py\.pdb_cache\2ITN,A
562,ThermoMPNN,2ITN,0.6549693942070007,28,G,D,F:\GENESIS Studio\genesis-studio\packages\engines-py\.pdb_cache\2ITN,A
563,ThermoMPNN,2ITN,0.3405832350254059,28,G,E,F:\GENESIS Studio\genesis-studio\packages\engines-py\.pdb_cache\2ITN,A
564,ThermoMPNN,2ITN,-0.3551429510116577,28,G,F,F:\GENESIS Studio\genesis-studio\packages\engines-py\.pdb_cache\2ITN,A
565,ThermoMPNN,2ITN,0.0,28,G,G,F:\GENESIS Studio\genesis-studio\packages\engines-py\.pdb_cache\2ITN,A
566,ThermoMPNN,2ITN,0.34937071800231934,28,G,H,F:\GENESIS Studio\genesis-studio\packages\engines-py\.pdb_cache\2ITN,A
567,ThermoMPNN,2ITN,0.10980451107025146,28,G,I,F:\GENESIS Studio\genesis-studio\packages\engines-py\.pdb_cache\2ITN,A
568,ThermoMPNN,2ITN,0.8323034048080444,28,G,K,F:\GENESIS Studio\genesis-studio\packages\engines-py\.pdb_cache\2ITN,A
569,ThermoMPNN,2ITN,0.3159372806549072,28,G,L,F:\GENESIS Studio\genesis-studio\packages\engines-py\.pdb_cache\2ITN,A
570,ThermoMPNN,2ITN,0.2681841254234314,28,G,M,F:\GENESIS Studio\genesis-studio\packages\engines-py\.pdb_cache\2ITN,A
571,ThermoMPNN,2ITN,0.6567464470863342,28,G,N,F:\GENESIS Studio\genesis-studio\packages\engines-py\.pdb_cache\2ITN,A
572,ThermoMPNN,2ITN,1.094623327255249,28,G,P,F:\GENESIS Studio\genesis-studio\packages\engines-py\.pdb_cache\2ITN,A
573,ThermoMPNN,2ITN,0.6153767108917236,28,G,Q,F:\GENESIS Studio\genesis-studio\packages\engines-py\.pdb_cache\2ITN,A
574,ThermoMPNN,2ITN,0.7399280667304993,28,G,R,F:\GENESIS Studio\genesis-studio\packages\engines-py\.pdb_cache\2ITN,A
575,ThermoMPNN,2ITN,0.32677245140075684,28,G,S,F:\GENESIS Studio\genesis-studio\packages\engines-py\.pdb_cache\2ITN,A
576,ThermoMPNN,2ITN,0.1927119493484497,28,G,T,F:\GENESIS Studio\genesis-studio\packages\engines-py\.pdb_cache\2ITN,A
577,ThermoMPNN,2ITN,-0.03974217176437378,28,G,V,F:\GENESIS Studio\genesis-studio\packages\engines-py\.pdb_cache\2ITN,A
578,ThermoMPNN,2ITN,-0.38485193252563477,28,G,W,F:\GENESIS Studio\genesis-studio\packages\engines-py\.pdb_cache\2ITN,A
579,ThermoMPNN,2ITN,-0.4738820791244507,28,G,Y,F:\GENESIS Studio\genesis-studio\packages\engines-py\.pdb_cache\2ITN,A
580,ThermoMPNN,2ITN,0.38381409645080566,29,T,A,F:\GENESIS Studio\genesis-studio\packages\engines-py\.pdb_cache\2ITN,A
581,ThermoMPNN,2ITN,-0.010531842708587646,29,T,C,F:\GENESIS Studio\genesis-studio\packages\engines-py\.pdb_cache\2ITN,A
582,ThermoMPNN,2ITN,0.894646942615509,29,T,D,F:\GENESIS Studio\genesis-studio\packages\engines-py\.pdb_cache\2ITN,A
583,ThermoMPNN,2ITN,0.6381511092185974,29,T,E,F:\GENESIS Studio\genesis-studio\packages\engines-py\.pdb_cache\2ITN,A
584,ThermoMPNN,2ITN,0.17817723751068115,29,T,F,F:\GENESIS Studio\genesis-studio\packages\engines-py\.pdb_cache\2ITN,A
585,ThermoMPNN,2ITN,0.6932359337806702,29,T,G,F:\GENESIS Studio\genesis-studio\packages\engines-py\.pdb_cache\2ITN,A
586,ThermoMPNN,2ITN,0.20440077781677246,29,T,H,F:\GENESIS Studio\genesis-studio\packages\engines-py\.pdb_cache\2ITN,A
587,ThermoMPNN,2ITN,-0.1534823775291443,29,T,I,F:\GENESIS Studio\genesis-studio\packages\engines-py\.pdb_cache\2ITN,A
588,ThermoMPNN,2ITN,0.06177389621734619,29,T,K,F:\GENESIS Studio\genesis-studio\packages\engines-py\.pdb_cache\2ITN,A
589,ThermoMPNN,2ITN,0.2258797287940979,29,T,L,F:\GENESIS Studio\genesis-studio\packages\engines-py\.pdb_cache\2ITN,A
590,ThermoMPNN,2ITN,0.20168077945709229,29,T,M,F:\GENESIS Studio\genesis-studio\packages\engines-py\.pdb_cache\2ITN,A
591,ThermoMPNN,2ITN,0.464851438999176,29,T,N,F:\GENESIS Studio\genesis-studio\packages\engines-py\.pdb_cache\2ITN,A
592,ThermoMPNN,2ITN,1.2733862400054932,29,T,P,F:\GENESIS Studio\genesis-studio\packages\engines-py\.pdb_cache\2ITN,A
593,ThermoMPNN,2ITN,0.26590436697006226,29,T,Q,F:\GENESIS Studio\genesis-studio\packages\engines-py\.pdb_cache\2ITN,A
594,ThermoMPNN,2ITN,0.02383112907409668,29,T,R,F:\GENESIS Studio\genesis-studio\packages\engines-py\.pdb_cache\2ITN,A
595,ThermoMPNN,2ITN,0.2409842610359192,29,T,S,F:\GENESIS Studio\genesis-studio\packages\engines-py\.pdb_cache\2ITN,A
596,ThermoMPNN,2ITN,0.0,29,T,T,F:\GENESIS Studio\genesis-studio\packages\engines-py\.pdb_cache\2ITN,A
597,ThermoMPNN,2ITN,-0.0601767897605896,29,T,V,F:\GENESIS Studio\genesis-studio\packages\engines-py\.pdb_cache\2ITN,A
598,ThermoMPNN,2ITN,0.0019732117652893066,29,T,W,F:\GENESIS Studio\genesis-studio\packages\engines-py\.pdb_cache\2ITN,A
599,ThermoMPNN,2ITN,0.03858083486557007,29,T,Y,F:\GENESIS Studio\genesis-studio\packages\engines-py\.pdb_cache\2ITN,A
600,ThermoMPNN,2ITN,0.9346275329589844,30,V,A,F:\GENESIS Studio\genesis-studio\packages\engines-py\.pdb_cache\2ITN,A
601,ThermoMPNN,2ITN,0.4060649871826172,30,V,C,F:\GENESIS Studio\genesis-studio\packages\engines-py\.pdb_cache\2ITN,A
602,ThermoMPNN,2ITN,1.376765489578247,30,V,D,F:\GENESIS Studio\genesis-studio\packages\engines-py\.pdb_cache\2ITN,A
603,ThermoMPNN,2ITN,1.0007240772247314,30,V,E,F:\GENESIS Studio\genesis-studio\packages\engines-py\.pdb_cache\2ITN,A
604,ThermoMPNN,2ITN,0.5094201564788818,30,V,F,F:\GENESIS Studio\genesis-studio\packages\engines-py\.pdb_cache\2ITN,A
605,ThermoMPNN,2ITN,1.643623948097229,30,V,G,F:\GENESIS Studio\genesis-studio\packages\engines-py\.pdb_cache\2ITN,A
606,ThermoMPNN,2ITN,0.9886196851730347,30,V,H,F:\GENESIS Studio\genesis-studio\packages\engines-py\.pdb_cache\2ITN,A
607,ThermoMPNN,2ITN,-0.17880141735076904,30,V,I,F:\GENESIS Studio\genesis-studio\packages\engines-py\.pdb_cache\2ITN,A
608,ThermoMPNN,2ITN,1.2528918981552124,30,V,K,F:\GENESIS Studio\genesis-studio\packages\engines-py\.pdb_cache\2ITN,A
609,ThermoMPNN,2ITN,0.17431151866912842,30,V,L,F:\GENESIS Studio\genesis-studio\packages\engines-py\.pdb_cache\2ITN,A
610,ThermoMPNN,2ITN,0.5125092267990112,30,V,M,F:\GENESIS Studio\genesis-studio\packages\engines-py\.pdb_cache\2ITN,A
611,ThermoMPNN,2ITN,1.3322304487228394,30,V,N,F:\GENESIS Studio\genesis-studio\packages\engines-py\.pdb_cache\2ITN,A
612,ThermoMPNN,2ITN,2.1263387203216553,30,V,P,F:\GENESIS Studio\genesis-studio\packages\engines-py\.pdb_cache\2ITN,A
613,ThermoMPNN,2ITN,1.0881788730621338,30,V,Q,F:\GENESIS Studio\genesis-studio\packages\engines-py\.pdb_cache\2ITN,A
614,ThermoMPNN,2ITN,1.2694705724716187,30,V,R,F:\GENESIS Studio\genesis-studio\packages\engines-py\.pdb_cache\2ITN,A
615,ThermoMPNN,2ITN,1.2044492959976196,30,V,S,F:\GENESIS Studio\genesis-studio\packages\engines-py\.pdb_cache\2ITN,A
616,ThermoMPNN,2ITN,0.7098304629325867,30,V,T,F:\GENESIS Studio\genesis-studio\packages\engines-py\.pdb_cache\2ITN,A
617,ThermoMPNN,2ITN,0.0,30,V,V,F:\GENESIS Studio\genesis-studio\packages\engines-py\.pdb_cache\2ITN,A
618,ThermoMPNN,2ITN,0.4766702651977539,30,V,W,F:\GENESIS Studio\genesis-studio\packages\engines-py\.pdb_cache\2ITN,A
619,ThermoMPNN,2ITN,0.46213817596435547,30,V,Y,F:\GENESIS Studio\genesis-studio\packages\engines-py\.pdb_cache\2ITN,A
620,ThermoMPNN,2ITN,2.0067849159240723,31,Y,A,F:\GENESIS Studio\genesis-studio\packages\engines-py\.pdb_cache\2ITN,A
621,ThermoMPNN,2ITN,1.0702204704284668,31,Y,C,F:\GENESIS Studio\genesis-studio\packages\engines-py\.pdb_cache\2ITN,A
622,ThermoMPNN,2ITN,2.4156408309936523,31,Y,D,F:\GENESIS Studio\genesis-studio\packages\engines-py\.pdb_cache\2ITN,A
623,ThermoMPNN,2ITN,2.345569133758545,31,Y,E,F:\GENESIS Studio\genesis-studio\packages\engines-py\.pdb_cache\2ITN,A
624,ThermoMPNN,2ITN,0.22241687774658203,31,Y,F,F:\GENESIS Studio\genesis-studio\packages\engines-py\.pdb_cache\2ITN,A
625,ThermoMPNN,2ITN,2.5587003231048584,31,Y,G,F:\GENESIS Studio\genesis-studio\packages\engines-py\.pdb_cache\2ITN,A
626,ThermoMPNN,2ITN,1.3616881370544434,31,Y,H,F:\GENESIS Studio\genesis-studio\packages\engines-py\.pdb_cache\2ITN,A
627,ThermoMPNN,2ITN,1.1094251871109009,31,Y,I,F:\GENESIS Studio\genesis-studio\packages\engines-py\.pdb_cache\2ITN,A
628,ThermoMPNN,2ITN,2.1356019973754883,31,Y,K,F:\GENESIS Studio\genesis-studio\packages\engines-py\.pdb_cache\2ITN,A
629,ThermoMPNN,2ITN,1.1938544511795044,31,Y,L,F:\GENESIS Studio\genesis-studio\packages\engines-py\.pdb_cache\2ITN,A
630,ThermoMPNN,2ITN,1.3879926204681396,31,Y,M,F:\GENESIS Studio\genesis-studio\packages\engines-py\.pdb_cache\2ITN,A
631,ThermoMPNN,2ITN,2.025846481323242,31,Y,N,F:\GENESIS Studio\genesis-studio\packages\engines-py\.pdb_cache\2ITN,A
632,ThermoMPNN,2ITN,2.4140429496765137,31,Y,P,F:\GENESIS Studio\genesis-studio\packages\engines-py\.pdb_cache\2ITN,A
633,ThermoMPNN,2ITN,2.141541004180908,31,Y,Q,F:\GENESIS Studio\genesis-studio\packages\engines-py\.pdb_cache\2ITN,A
634,ThermoMPNN,2ITN,2.0227909088134766,31,Y,R,F:\GENESIS Studio\genesis-studio\packages\engines-py\.pdb_cache\2ITN,A
635,ThermoMPNN,2ITN,1.8446612358093262,31,Y,S,F:\GENESIS Studio\genesis-studio\packages\engines-py\.pdb_cache\2ITN,A
636,ThermoMPNN,2ITN,1.57896089553833,31,Y,T,F:\GENESIS Studio\genesis-studio\packages\engines-py\.pdb_cache\2ITN,A
637,ThermoMPNN,2ITN,1.2707499265670776,31,Y,V,F:\GENESIS Studio\genesis-studio\packages\engines-py\.pdb_cache\2ITN,A
638,ThermoMPNN,2ITN,0.2233121395111084,31,Y,W,F:\GENESIS Studio\genesis-studio\packages\engines-py\.pdb_cache\2ITN,A
639,ThermoMPNN,2ITN,0.0,31,Y,Y,F:\GENESIS Studio\genesis-studio\packages\engines-py\.pdb_cache\2ITN,A
640,ThermoMPNN,2ITN,-0.5181360840797424,32,K,A,F:\GENESIS Studio\genesis-studio\packages\engines-py\.pdb_cache\2ITN,A
641,ThermoMPNN,2ITN,-0.2919601798057556,32,K,C,F:\GENESIS Studio\genesis-studio\packages\engines-py\.pdb_cache\2ITN,A
642,ThermoMPNN,2ITN,1.0814756155014038,32,K,D,F:\GENESIS Studio\genesis-studio\packages\engines-py\.pdb_cache\2ITN,A
643,ThermoMPNN,2ITN,-0.1524224877357483,32,K,E,F:\GENESIS Studio\genesis-studio\packages\engines-py\.pdb_cache\2ITN,A
644,ThermoMPNN,2ITN,0.06024247407913208,32,K,F,F:\GENESIS Studio\genesis-studio\packages\engines-py\.pdb_cache\2ITN,A
645,ThermoMPNN,2ITN,0.6315445899963379,32,K,G,F:\GENESIS Studio\genesis-studio\packages\engines-py\.pdb_cache\2ITN,A
646,ThermoMPNN,2ITN,0.32648542523384094,32,K,H,F:\GENESIS Studio\genesis-studio\packages\engines-py\.pdb_cache\2ITN,A
647,ThermoMPNN,2ITN,-0.20927280187606812,32,K,I,F:\GENESIS Studio\genesis-studio\packages\engines-py\.pdb_cache\2ITN,A
648,ThermoMPNN,2ITN,0.0,32,K,K,F:\GENESIS Studio\genesis-studio\packages\engines-py\.pdb_cache\2ITN,A
649,ThermoMPNN,2ITN,-0.24577349424362183,32,K,L,F:\GENESIS Studio\genesis-studio\packages\engines-py\.pdb_cache\2ITN,A
650,ThermoMPNN,2ITN,-0.30471616983413696,32,K,M,F:\GENESIS Studio\genesis-studio\packages\engines-py\.pdb_cache\2ITN,A
651,ThermoMPNN,2ITN,0.8513253927230835,32,K,N,F:\GENESIS Studio\genesis-studio\packages\engines-py\.pdb_cache\2ITN,A
652,ThermoMPNN,2ITN,2.1237359046936035,32,K,P,F:\GENESIS Studio\genesis-studio\packages\engines-py\.pdb_cache\2ITN,A
653,ThermoMPNN,2ITN,-0.1467621922492981,32,K,Q,F:\GENESIS Studio\genesis-studio\packages\engines-py\.pdb_cache\2ITN,A
654,ThermoMPNN,2ITN,-0.00891333818435669,32,K,R,F:\GENESIS Studio\genesis-studio\packages\engines-py\.pdb_cache\2ITN,A
655,ThermoMPNN,2ITN,0.17574453353881836,32,K,S,F:\GENESIS Studio\genesis-studio\packages\engines-py\.pdb_cache\2ITN,A
656,ThermoMPNN,2ITN,0.43044331669807434,32,K,T,F:\GENESIS Studio\genesis-studio\packages\engines-py\.pdb_cache\2ITN,A
657,ThermoMPNN,2ITN,-0.1669689416885376,32,K,V,F:\GENESIS Studio\genesis-studio\packages\engines-py\.pdb_cache\2ITN,A
658,ThermoMPNN,2ITN,-0.06647306680679321,32,K,W,F:\GENESIS Studio\genesis-studio\packages\engines-py\.pdb_cache\2ITN,A
659,ThermoMPNN,2ITN,0.005056560039520264,32,K,Y,F:\GENESIS Studio\genesis-studio\packages\engines-py\.pdb_cache\2ITN,A
660,ThermoMPNN,2ITN,1.270918369293213,33,G,A,F:\GENESIS Studio\genesis-studio\packages\engines-py\.pdb_cache\2ITN,A
661,ThermoMPNN,2ITN,1.1347434520721436,33,G,C,F:\GENESIS Studio\genesis-studio\packages\engines-py\.pdb_cache\2ITN,A
662,ThermoMPNN,2ITN,2.846745491027832,33,G,D,F:\GENESIS Studio\genesis-studio\packages\engines-py\.pdb_cache\2ITN,A
663,ThermoMPNN,2ITN,2.812473773956299,33,G,E,F:\GENESIS Studio\genesis-studio\packages\engines-py\.pdb_cache\2ITN,A
664,ThermoMPNN,2ITN,1.2134668827056885,33,G,F,F:\GENESIS Studio\genesis-studio\packages\engines-py\.pdb_cache\2ITN,A
665,ThermoMPNN,2ITN,0.0,33,G,G,F:\GENESIS Studio\genesis-studio\packages\engines-py\.pdb_cache\2ITN,A
666,ThermoMPNN,2ITN,2.2681493759155273,33,G,H,F:\GENESIS Studio\genesis-studio\packages\engines-py\.pdb_cache\2ITN,A
667,ThermoMPNN,2ITN,1.671227216720581,33,G,I,F:\GENESIS Studio\genesis-studio\packages\engines-py\.pdb_cache\2ITN,A
668,ThermoMPNN,2ITN,2.4438881874084473,33,G,K,F:\GENESIS Studio\genesis-studio\packages\engines-py\.pdb_cache\2ITN,A
669,ThermoMPNN,2ITN,1.561983585357666,33,G,L,F:\GENESIS Studio\genesis-studio\packages\engines-py\.pdb_cache\2ITN,A
670,ThermoMPNN,2ITN,1.6935412883758545,33,G,M,F:\GENESIS Studio\genesis-studio\packages\engines-py\.pdb_cache\2ITN,A
671,ThermoMPNN,2ITN,2.5172080993652344,33,G,N,F:\GENESIS Studio\genesis-studio\packages\engines-py\.pdb_cache\2ITN,A
672,ThermoMPNN,2ITN,2.6310229301452637,33,G,P,F:\GENESIS Studio\genesis-studio\packages\engines-py\.pdb_cache\2ITN,A
673,ThermoMPNN,2ITN,2.5237984657287598,33,G,Q,F:\GENESIS Studio\genesis-studio\packages\engines-py\.pdb_cache\2ITN,A
674,ThermoMPNN,2ITN,2.367455244064331,33,G,R,F:\GENESIS Studio\genesis-studio\packages\engines-py\.pdb_cache\2ITN,A
675,ThermoMPNN,2ITN,2.0820937156677246,33,G,S,F:\GENESIS Studio\genesis-studio\packages\engines-py\.pdb_cache\2ITN,A
676,ThermoMPNN,2ITN,2.244804620742798,33,G,T,F:\GENESIS Studio\genesis-studio\packages\engines-py\.pdb_cache\2ITN,A
677,ThermoMPNN,2ITN,1.6241209506988525,33,G,V,F:\GENESIS Studio\genesis-studio\packages\engines-py\.pdb_cache\2ITN,A
678,ThermoMPNN,2ITN,1.4841097593307495,33,G,W,F:\GENESIS Studio\genesis-studio\packages\engines-py\.pdb_cache\2ITN,A
679,ThermoMPNN,2ITN,1.5182435512542725,33,G,Y,F:\GENESIS Studio\genesis-studio\packages\engines-py\.pdb_cache\2ITN,A
680,ThermoMPNN,2ITN,1.2953171730041504,34,L,A,F:\GENESIS Studio\genesis-studio\packages\engines-py\.pdb_cache\2ITN,A
681,ThermoMPNN,2ITN,0.14801597595214844,34,L,C,F:\GENESIS Studio\genesis-studio\packages\engines-py\.pdb_cache\2ITN,A
682,ThermoMPNN,2ITN,2.2470877170562744,34,L,D,F:\GENESIS Studio\genesis-studio\packages\engines-py\.pdb_cache\2ITN,A
683,ThermoMPNN,2ITN,1.7136735916137695,34,L,E,F:\GENESIS Studio\genesis-studio\packages\engines-py\.pdb_cache\2ITN,A
684,ThermoMPNN,2ITN,-0.431948184967041,34,L,F,F:\GENESIS Studio\genesis-studio\packages\engines-py\.pdb_cache\2ITN,A
685,ThermoMPNN,2ITN,2.0709853172302246,34,L,G,F:\GENESIS Studio\genesis-studio\packages\engines-py\.pdb_cache\2ITN,A
686,ThermoMPNN,2ITN,0.7036399841308594,34,L,H,F:\GENESIS Studio\genesis-studio\packages\engines-py\.pdb_cache\2ITN,A
687,ThermoMPNN,2ITN,-0.7372329235076904,34,L,I,F:\GENESIS Studio\genesis-studio\packages\engines-py\.pdb_cache\2ITN,A
688,ThermoMPNN,2ITN,0.9351462721824646,34,L,K,F:\GENESIS Studio\genesis-studio\packages\engines-py\.pdb_cache\2ITN,A
689,ThermoMPNN,2ITN,0.0,34,L,L,F:\GENESIS Studio\genesis-studio\packages\engines-py\.pdb_cache\2ITN,A
690,ThermoMPNN,2ITN,0.27930498123168945,34,L,M,F:\GENESIS Studio\genesis-studio\packages\engines-py\.pdb_cache\2ITN,A
691,ThermoMPNN,2ITN,1.563889980316162,34,L,N,F:\GENESIS Studio\genesis-studio\packages\engines-py\.pdb_cache\2ITN,A
692,ThermoMPNN,2ITN,1.944441318511963,34,L,P,F:\GENESIS Studio\genesis-studio\packages\engines-py\.pdb_cache\2ITN,A
693,ThermoMPNN,2ITN,1.0860702991485596,34,L,Q,F:\GENESIS Studio\genesis-studio\packages\engines-py\.pdb_cache\2ITN,A
694,ThermoMPNN,2ITN,0.9216980934143066,34,L,R,F:\GENESIS Studio\genesis-studio\packages\engines-py\.pdb_cache\2ITN,A
695,ThermoMPNN,2ITN,1.1987812519073486,34,L,S,F:\GENESIS Studio\genesis-studio\packages\engines-py\.pdb_cache\2ITN,A
696,ThermoMPNN,2ITN,0.6897108554840088,34,L,T,F:\GENESIS Studio\genesis-studio\packages\engines-py\.pdb_cache\2ITN,A
697,ThermoMPNN,2ITN,-0.3079698085784912,34,L,V,F:\GENESIS Studio\genesis-studio\packages\engines-py\.pdb_cache\2ITN,A
698,ThermoMPNN,2ITN,-0.5574144124984741,34,L,W,F:\GENESIS Studio\genesis-studio\packages\engines-py\.pdb_cache\2ITN,A
699,ThermoMPNN,2ITN,-0.4934718608856201,34,L,Y,F:\GENESIS Studio\genesis-studio\packages\engines-py\.pdb_cache\2ITN,A
700,ThermoMPNN,2ITN,2.1254420280456543,35,W,A,F:\GENESIS Studio\genesis-studio\packages\engines-py\.pdb_cache\2ITN,A
701,ThermoMPNN,2ITN,0.9730439186096191,35,W,C,F:\GENESIS Studio\genesis-studio\packages\engines-py\.pdb_cache\2ITN,A
702,ThermoMPNN,2ITN,2.991389751434326,35,W,D,F:\GENESIS Studio\genesis-studio\packages\engines-py\.pdb_cache\2ITN,A
703,ThermoMPNN,2ITN,2.6750988960266113,35,W,E,F:\GENESIS Studio\genesis-studio\packages\engines-py\.pdb_cache\2ITN,A
704,ThermoMPNN,2ITN,0.37666749954223633,35,W,F,F:\GENESIS Studio\genesis-studio\packages\engines-py\.pdb_cache\2ITN,A
705,ThermoMPNN,2ITN,2.516345262527466,35,W,G,F:\GENESIS Studio\genesis-studio\packages\engines-py\.pdb_cache\2ITN,A
706,ThermoMPNN,2ITN,2.096567153930664,35,W,H,F:\GENESIS Studio\genesis-studio\packages\engines-py\.pdb_cache\2ITN,A
707,ThermoMPNN,2ITN,0.9955661296844482,35,W,I,F:\GENESIS Studio\genesis-studio\packages\engines-py\.pdb_cache\2ITN,A
708,ThermoMPNN,2ITN,2.723151683807373,35,W,K,F:\GENESIS Studio\genesis-studio\packages\engines-py\.pdb_cache\2ITN,A
709,ThermoMPNN,2ITN,0.7452118396759033,35,W,L,F:\GENESIS Studio\genesis-studio\packages\engines-py\.pdb_cache\2ITN,A
710,ThermoMPNN,2ITN,1.1375510692596436,35,W,M,F:\GENESIS Studio\genesis-studio\packages\engines-py\.pdb_cache\2ITN,A
711,ThermoMPNN,2ITN,2.6949970722198486,35,W,N,F:\GENESIS Studio\genesis-studio\packages\engines-py\.pdb_cache\2ITN,A
712,ThermoMPNN,2ITN,2.6338136196136475,35,W,P,F:\GENESIS Studio\genesis-studio\packages\engines-py\.pdb_cache\2ITN,A
713,ThermoMPNN,2ITN,2.6344966888427734,35,W,Q,F:\GENESIS Studio\genesis-studio\packages\engines-py\.pdb_cache\2ITN,A
714,ThermoMPNN,2ITN,2.607387065887451,35,W,R,F:\GENESIS Studio\genesis-studio\packages\engines-py\.pdb_cache\2ITN,A
715,ThermoMPNN,2ITN,2.417299747467041,35,W,S,F:\GENESIS Studio\genesis-studio\packages\engines-py\.pdb_cache\2ITN,A
716,ThermoMPNN,2ITN,2.2993853092193604,35,W,T,F:\GENESIS Studio\genesis-studio\packages\engines-py\.pdb_cache\2ITN,A
717,ThermoMPNN,2ITN,1.0094316005706787,35,W,V,F:\GENESIS Studio\genesis-studio\packages\engines-py\.pdb_cache\2ITN,A
718,ThermoMPNN,2ITN,0.0,35,W,W,F:\GENESIS Studio\genesis-studio\packages\engines-py\.pdb_cache\2ITN,A
719,ThermoMPNN,2ITN,0.361222505569458,35,W,Y,F:\GENESIS Studio\genesis-studio\packages\engines-py\.pdb_cache\2ITN,A
720,ThermoMPNN,2ITN,0.7288485765457153,36,I,A,F:\GENESIS Studio\genesis-studio\packages\engines-py\.pdb_cache\2ITN,A
721,ThermoMPNN,2ITN,-0.1721198558807373,36,I,C,F:\GENESIS Studio\genesis-studio\packages\engines-py\.pdb_cache\2ITN,A
722,ThermoMPNN,2ITN,0.9255757927894592,36,I,D,F:\GENESIS Studio\genesis-studio\packages\engines-py\.pdb_cache\2ITN,A
723,ThermoMPNN,2ITN,0.5656978487968445,36,I,E,F:\GENESIS Studio\genesis-studio\packages\engines-py\.pdb_cache\2ITN,A
724,ThermoMPNN,2ITN,-0.19606637954711914,36,I,F,F:\GENESIS Studio\genesis-studio\packages\engines-py\.pdb_cache\2ITN,A
725,ThermoMPNN,2ITN,1.0327564477920532,36,I,G,F:\GENESIS Studio\genesis-studio\packages\engines-py\.pdb_cache\2ITN,A
726,ThermoMPNN,2ITN,0.34847408533096313,36,I,H,F:\GENESIS Studio\genesis-studio\packages\engines-py\.pdb_cache\2ITN,A
727,ThermoMPNN,2ITN,0.0,36,I,I,F:\GENESIS Studio\genesis-studio\packages\engines-py\.pdb_cache\2ITN,A
728,ThermoMPNN,2ITN,0.6637693643569946,36,I,K,F:\GENESIS Studio\genesis-studio\packages\engines-py\.pdb_cache\2ITN,A
729,ThermoMPNN,2ITN,0.21739059686660767,36,I,L,F:\GENESIS Studio\genesis-studio\packages\engines-py\.pdb_cache\2ITN,A
730,ThermoMPNN,2ITN,0.12896037101745605,36,I,M,F:\GENESIS Studio\genesis-studio\packages\engines-py\.pdb_cache\2ITN,A
731,ThermoMPNN,2ITN,0.6826805472373962,36,I,N,F:\GENESIS Studio\genesis-studio\packages\engines-py\.pdb_cache\2ITN,A
732,ThermoMPNN,2ITN,1.5785086154937744,36,I,P,F:\GENESIS Studio\genesis-studio\packages\engines-py\.pdb_cache\2ITN,A
733,ThermoMPNN,2ITN,0.5018981695175171,36,I,Q,F:\GENESIS Studio\genesis-studio\packages\engines-py\.pdb_cache\2ITN,A
734,ThermoMPNN,2ITN,0.6343091726303101,36,I,R,F:\GENESIS Studio\genesis-studio\packages\engines-py\.pdb_cache\2ITN,A
735,ThermoMPNN,2ITN,0.42022544145584106,36,I,S,F:\GENESIS Studio\genesis-studio\packages\engines-py\.pdb_cache\2ITN,A
736,ThermoMPNN,2ITN,0.11721277236938477,36,I,T,F:\GENESIS Studio\genesis-studio\packages\engines-py\.pdb_cache\2ITN,A
737,ThermoMPNN,2ITN,0.043708860874176025,36,I,V,F:\GENESIS Studio\genesis-studio\packages\engines-py\.pdb_cache\2ITN,A
738,ThermoMPNN,2ITN,-0.4515601396560669,36,I,W,F:\GENESIS Studio\genesis-studio\packages\engines-py\.pdb_cache\2ITN,A
739,ThermoMPNN,2ITN,-0.1801532506942749,36,I,Y,F:\GENESIS Studio\genesis-studio\packages\engines-py\.pdb_cache\2ITN,A
740,ThermoMPNN,2ITN,1.6768765449523926,37,P,A,F:\GENESIS Studio\genesis-studio\packages\engines-py\.pdb_cache\2ITN,A
741,ThermoMPNN,2ITN,0.9724103212356567,37,P,C,F:\GENESIS Studio\genesis-studio\packages\engines-py\.pdb_cache\2ITN,A
742,ThermoMPNN,2ITN,1.7744005918502808,37,P,D,F:\GENESIS Studio\genesis-studio\packages\engines-py\.pdb_cache\2ITN,A
743,ThermoMPNN,2ITN,1.9863007068634033,37,P,E,F:\GENESIS Studio\genesis-studio\packages\engines-py\.pdb_cache\2ITN,A
744,ThermoMPNN,2ITN,1.5450081825256348,37,P,F,F:\GENESIS Studio\genesis-studio\packages\engines-py\.pdb_cache\2ITN,A
745,ThermoMPNN,2ITN,1.852452039718628,37,P,G,F:\GENESIS Studio\genesis-studio\packages\engines-py\.pdb_cache\2ITN,A
746,ThermoMPNN,2ITN,1.7551438808441162,37,P,H,F:\GENESIS Studio\genesis-studio\packages\engines-py\.pdb_cache\2ITN,A
747,ThermoMPNN,2ITN,1.6318953037261963,37,P,I,F:\GENESIS Studio\genesis-studio\packages\engines-py\.pdb_cache\2ITN,A
748,ThermoMPNN,2ITN,1.560660719871521,37,P,K,F:\GENESIS Studio\genesis-studio\packages\engines-py\.pdb_cache\2ITN,A
749,ThermoMPNN,2ITN,1.3862724304199219,37,P,L,F:\GENESIS Studio\genesis-studio\packages\engines-py\.pdb_cache\2ITN,A
750,ThermoMPNN,2ITN,1.596666693687439,37,P,M,F:\GENESIS Studio\genesis-studio\packages\engines-py\.pdb_cache\2ITN,A
751,ThermoMPNN,2ITN,1.8309402465820312,37,P,N,F:\GENESIS Studio\genesis-studio\packages\engines-py\.pdb_cache\2ITN,A
752,ThermoMPNN,2ITN,0.0,37,P,P,F:\GENESIS Studio\genesis-studio\packages\engines-py\.pdb_cache\2ITN,A
753,ThermoMPNN,2ITN,1.9602632522583008,37,P,Q,F:\GENESIS Studio\genesis-studio\packages\engines-py\.pdb_cache\2ITN,A
754,ThermoMPNN,2ITN,1.5690630674362183,37,P,R,F:\GENESIS Studio\genesis-studio\packages\engines-py\.pdb_cache\2ITN,A
755,ThermoMPNN,2ITN,1.778855800628662,37,P,S,F:\GENESIS Studio\genesis-studio\packages\engines-py\.pdb_cache\2ITN,A
756,ThermoMPNN,2ITN,1.9987995624542236,37,P,T,F:\GENESIS Studio\genesis-studio\packages\engines-py\.pdb_cache\2ITN,A
757,ThermoMPNN,2ITN,1.821393609046936,37,P,V,F:\GENESIS Studio\genesis-studio\packages\engines-py\.pdb_cache\2ITN,A
758,ThermoMPNN,2ITN,0.9931343793869019,37,P,W,F:\GENESIS Studio\genesis-studio\packages\engines-py\.pdb_cache\2ITN,A
759,ThermoMPNN,2ITN,1.3097128868103027,37,P,Y,F:\GENESIS Studio\genesis-studio\packages\engines-py\.pdb_cache\2ITN,A
760,ThermoMPNN,2ITN,-0.14635246992111206,38,E,A,F:\GENESIS Studio\genesis-studio\packages\engines-py\.pdb_cache\2ITN,A
761,ThermoMPNN,2ITN,-0.17642080783843994,38,E,C,F:\GENESIS Studio\genesis-studio\packages\engines-py\.pdb_cache\2ITN,A
762,ThermoMPNN,2ITN,0.03498828411102295,38,E,D,F:\GENESIS Studio\genesis-studio\packages\engines-py\.pdb_cache\2ITN,A
763,ThermoMPNN,2ITN,0.0,38,E,E,F:\GENESIS Studio\genesis-studio\packages\engines-py\.pdb_cache\2ITN,A
764,ThermoMPNN,2ITN,0.02672731876373291,38,E,F,F:\GENESIS Studio\genesis-studio\packages\engines-py\.pdb_cache\2ITN,A
765,ThermoMPNN,2ITN,0.04138445854187012,38,E,G,F:\GENESIS Studio\genesis-studio\packages\engines-py\.pdb_cache\2ITN,A
766,ThermoMPNN,2ITN,0.07376021146774292,38,E,H,F:\GENESIS Studio\genesis-studio\packages\engines-py\.pdb_cache\2ITN,A
767,ThermoMPNN,2ITN,0.08111059665679932,38,E,I,F:\GENESIS Studio\genesis-studio\packages\engines-py\.pdb_cache\2ITN,A
768,ThermoMPNN,2ITN,-0.02306234836578369,38,E,K,F:\GENESIS Studio\genesis-studio\packages\engines-py\.pdb_cache\2ITN,A
769,ThermoMPNN,2ITN,0.02486443519592285,38,E,L,F:\GENESIS Studio\genesis-studio\packages\engines-py\.pdb_cache\2ITN,A
770,ThermoMPNN,2ITN,0.04228609800338745,38,E,M,F:\GENESIS Studio\genesis-studio\packages\engines-py\.pdb_cache\2ITN,A
771,ThermoMPNN,2ITN,0.08563864231109619,38,E,N,F:\GENESIS Studio\genesis-studio\packages\engines-py\.pdb_cache\2ITN,A
772,ThermoMPNN,2ITN,-0.09110170602798462,38,E,P,F:\GENESIS Studio\genesis-studio\packages\engines-py\.pdb_cache\2ITN,A
773,ThermoMPNN,2ITN,0.044148802757263184,38,E,Q,F:\GENESIS Studio\genesis-studio\packages\engines-py\.pdb_cache\2ITN,A
774,ThermoMPNN,2ITN,-1.1086463928222656e-05,38,E,R,F:\GENESIS Studio\genesis-studio\packages\engines-py\.pdb_cache\2ITN,A
775,ThermoMPNN,2ITN,0.017787635326385498,38,E,S,F:\GENESIS Studio\genesis-studio\packages\engines-py\.pdb_cache\2ITN,A
776,ThermoMPNN,2ITN,0.08469069004058838,38,E,T,F:\GENESIS Studio\genesis-studio\packages\engines-py\.pdb_cache\2ITN,A
777,ThermoMPNN,2ITN,0.19713318347930908,38,E,V,F:\GENESIS Studio\genesis-studio\packages\engines-py\.pdb_cache\2ITN,A
778,ThermoMPNN,2ITN,0.03438889980316162,38,E,W,F:\GENESIS Studio\genesis-studio\packages\engines-py\.pdb_cache\2ITN,A
779,ThermoMPNN,2ITN,0.07813376188278198,38,E,Y,F:\GENESIS Studio\genesis-studio\packages\engines-py\.pdb_cache\2ITN,A
780,ThermoMPNN,2ITN,0.5467807054519653,39,G,A,F:\GENESIS Studio\genesis-studio\packages\engines-py\.pdb_cache\2ITN,A
781,ThermoMPNN,2ITN,0.1788954734802246,39,G,C,F:\GENESIS Studio\genesis-studio\packages\engines-py\.pdb_cache\2ITN,A
782,ThermoMPNN,2ITN,0.671043336391449,39,G,D,F:\GENESIS Studio\genesis-studio\packages\engines-py\.pdb_cache\2ITN,A
783,ThermoMPNN,2ITN,0.6484055519104004,39,G,E,F:\GENESIS Studio\genesis-studio\packages\engines-py\.pdb_cache\2ITN,A
784,ThermoMPNN,2ITN,0.47149133682250977,39,G,F,F:\GENESIS Studio\genesis-studio\packages\engines-py\.pdb_cache\2ITN,A
785,ThermoMPNN,2ITN,0.0,39,G,G,F:\GENESIS Studio\genesis-studio\packages\engines-py\.pdb_cache\2ITN,A
786,ThermoMPNN,2ITN,0.4976654648780823,39,G,H,F:\GENESIS Studio\genesis-studio\packages\engines-py\.pdb_cache\2ITN,A
787,ThermoMPNN,2ITN,0.8248543739318848,39,G,I,F:\GENESIS Studio\genesis-studio\packages\engines-py\.pdb_cache\2ITN,A
788,ThermoMPNN,2ITN,0.5600881576538086,39,G,K,F:\GENESIS Studio\genesis-studio\packages\engines-py\.pdb_cache\2ITN,A
789,ThermoMPNN,2ITN,0.493119478225708,39,G,L,F:\GENESIS Studio\genesis-studio\packages\engines-py\.pdb_cache\2ITN,A
790,ThermoMPNN,2ITN,0.5596408247947693,39,G,M,F:\GENESIS Studio\genesis-studio\packages\engines-py\.pdb_cache\2ITN,A
791,ThermoMPNN,2ITN,0.4187542200088501,39,G,N,F:\GENESIS Studio\genesis-studio\packages\engines-py\.pdb_cache\2ITN,A
792,ThermoMPNN,2ITN,0.9994098544120789,39,G,P,F:\GENESIS Studio\genesis-studio\packages\engines-py\.pdb_cache\2ITN,A
793,ThermoMPNN,2ITN,0.6539267897605896,39,G,Q,F:\GENESIS Studio\genesis-studio\packages\engines-py\.pdb_cache\2ITN,A
794,ThermoMPNN,2ITN,0.5414944887161255,39,G,R,F:\GENESIS Studio\genesis-studio\packages\engines-py\.pdb_cache\2ITN,A
795,ThermoMPNN,2ITN,0.662670373916626,39,G,S,F:\GENESIS Studio\genesis-studio\packages\engines-py\.pdb_cache\2ITN,A
796,ThermoMPNN,2ITN,0.8445389270782471,39,G,T,F:\GENESIS Studio\genesis-studio\packages\engines-py\.pdb_cache\2ITN,A
797,ThermoMPNN,2ITN,0.8323954939842224,39,G,V,F:\GENESIS Studio\genesis-studio\packages\engines-py\.pdb_cache\2ITN,A
798,ThermoMPNN,2ITN,0.6503244638442993,39,G,W,F:\GENESIS Studio\genesis-studio\packages\engines-py\.pdb_cache\2ITN,A
799,ThermoMPNN,2ITN,0.5505795478820801,39,G,Y,F:\GENESIS Studio\genesis-studio\packages\engines-py\.pdb_cache\2ITN,A
800,ThermoMPNN,2ITN,-0.032973289489746094,40,E,A,F:\GENESIS Studio\genesis-studio\packages\engines-py\.pdb_cache\2ITN,A
801,ThermoMPNN,2ITN,-0.4059574604034424,40,E,C,F:\GENESIS Studio\genesis-studio\packages\engines-py\.pdb_cache\2ITN,A
802,ThermoMPNN,2ITN,0.044655561447143555,40,E,D,F:\GENESIS Studio\genesis-studio\packages\engines-py\.pdb_cache\2ITN,A
803,ThermoMPNN,2ITN,0.0,40,E,E,F:\GENESIS Studio\genesis-studio\packages\engines-py\.pdb_cache\2ITN,A
804,ThermoMPNN,2ITN,-0.3007040023803711,40,E,F,F:\GENESIS Studio\genesis-studio\packages\engines-py\.pdb_cache\2ITN,A
805,ThermoMPNN,2ITN,0.10962998867034912,40,E,G,F:\GENESIS Studio\genesis-studio\packages\engines-py\.pdb_cache\2ITN,A
806,ThermoMPNN,2ITN,-0.06384402513504028,40,E,H,F:\GENESIS Studio\genesis-studio\packages\engines-py\.pdb_cache\2ITN,A
807,ThermoMPNN,2ITN,-0.288178026676178,40,E,I,F:\GENESIS Studio\genesis-studio\packages\engines-py\.pdb_cache\2ITN,A
808,ThermoMPNN,2ITN,0.012189030647277832,40,E,K,F:\GENESIS Studio\genesis-studio\packages\engines-py\.pdb_cache\2ITN,A
809,ThermoMPNN,2ITN,-0.28122562170028687,40,E,L,F:\GENESIS Studio\genesis-studio\packages\engines-py\.pdb_cache\2ITN,A
810,ThermoMPNN,2ITN,-0.21397483348846436,40,E,M,F:\GENESIS Studio\genesis-studio\packages\engines-py\.pdb_cache\2ITN,A
811,ThermoMPNN,2ITN,0.059087932109832764,40,E,N,F:\GENESIS Studio\genesis-studio\packages\engines-py\.pdb_cache\2ITN,A
812,ThermoMPNN,2ITN,0.13138505816459656,40,E,P,F:\GENESIS Studio\genesis-studio\packages\engines-py\.pdb_cache\2ITN,A
813,ThermoMPNN,2ITN,0.018940627574920654,40,E,Q,F:\GENESIS Studio\genesis-studio\packages\engines-py\.pdb_cache\2ITN,A
814,ThermoMPNN,2ITN,-0.008409738540649414,40,E,R,F:\GENESIS Studio\genesis-studio\packages\engines-py\.pdb_cache\2ITN,A
815,ThermoMPNN,2ITN,0.024590492248535156,40,E,S,F:\GENESIS Studio\genesis-studio\packages\engines-py\.pdb_cache\2ITN,A
816,ThermoMPNN,2ITN,-0.036237239837646484,40,E,T,F:\GENESIS Studio\genesis-studio\packages\engines-py\.pdb_cache\2ITN,A
817,ThermoMPNN,2ITN,-0.1593543291091919,40,E,V,F:\GENESIS Studio\genesis-studio\packages\engines-py\.pdb_cache\2ITN,A
818,ThermoMPNN,2ITN,-0.5183708667755127,40,E,W,F:\GENESIS Studio\genesis-studio\packages\engines-py\.pdb_cache\2ITN,A
819,ThermoMPNN,2ITN,-0.26787352561950684,40,E,Y,F:\GENESIS Studio\genesis-studio\packages\engines-py\.pdb_cache\2ITN,A
820,ThermoMPNN,2ITN,0.3964250683784485,41,K,A,F:\GENESIS Studio\genesis-studio\packages\engines-py\.pdb_cache\2ITN,A
821,ThermoMPNN,2ITN,0.35730278491973877,41,K,C,F:\GENESIS Studio\genesis-studio\packages\engines-py\.pdb_cache\2ITN,A
822,ThermoMPNN,2ITN,1.2863210439682007,41,K,D,F:\GENESIS Studio\genesis-studio\packages\engines-py\.pdb_cache\2ITN,A
823,ThermoMPNN,2ITN,1.0847065448760986,41,K,E,F:\GENESIS Studio\genesis-studio\packages\engines-py\.pdb_cache\2ITN,A
824,ThermoMPNN,2ITN,0.5217335224151611,41,K,F,F:\GENESIS Studio\genesis-studio\packages\engines-py\.pdb_cache\2ITN,A
825,ThermoMPNN,2ITN,0.5184459090232849,41,K,G,F:\GENESIS Studio\genesis-studio\packages\engines-py\.pdb_cache\2ITN,A
826,ThermoMPNN,2ITN,0.44078052043914795,41,K,H,F:\GENESIS Studio\genesis-studio\packages\engines-py\.pdb_cache\2ITN,A
827,ThermoMPNN,2ITN,0.9092072248458862,41,K,I,F:\GENESIS Studio\genesis-studio\packages\engines-py\.pdb_cache\2ITN,A
828,ThermoMPNN,2ITN,0.0,41,K,K,F:\GENESIS Studio\genesis-studio\packages\engines-py\.pdb_cache\2ITN,A
829,ThermoMPNN,2ITN,0.5707464218139648,41,K,L,F:\GENESIS Studio\genesis-studio\packages\engines-py\.pdb_cache\2ITN,A
830,ThermoMPNN,2ITN,0.4284209609031677,41,K,M,F:\GENESIS Studio\genesis-studio\packages\engines-py\.pdb_cache\2ITN,A
831,ThermoMPNN,2ITN,0.5352023839950562,41,K,N,F:\GENESIS Studio\genesis-studio\packages\engines-py\.pdb_cache\2ITN,A
832,ThermoMPNN,2ITN,1.5179498195648193,41,K,P,F:\GENESIS Studio\genesis-studio\packages\engines-py\.pdb_cache\2ITN,A
833,ThermoMPNN,2ITN,0.38028019666671753,41,K,Q,F:\GENESIS Studio\genesis-studio\packages\engines-py\.pdb_cache\2ITN,A
834,ThermoMPNN,2ITN,-0.008634090423583984,41,K,R,F:\GENESIS Studio\genesis-studio\packages\engines-py\.pdb_cache\2ITN,A
835,ThermoMPNN,2ITN,0.5676376223564148,41,K,S,F:\GENESIS Studio\genesis-studio\packages\engines-py\.pdb_cache\2ITN,A
836,ThermoMPNN,2ITN,0.8246605396270752,41,K,T,F:\GENESIS Studio\genesis-studio\packages\engines-py\.pdb_cache\2ITN,A
837,ThermoMPNN,2ITN,0.8929233551025391,41,K,V,F:\GENESIS Studio\genesis-studio\packages\engines-py\.pdb_cache\2ITN,A
838,ThermoMPNN,2ITN,0.5740181803703308,41,K,W,F:\GENESIS Studio\genesis-studio\packages\engines-py\.pdb_cache\2ITN,A
839,ThermoMPNN,2ITN,0.5756728053092957,41,K,Y,F:\GENESIS Studio\genesis-studio\packages\engines-py\.pdb_cache\2ITN,A
840,ThermoMPNN,2ITN,0.6130496263504028,42,V,A,F:\GENESIS Studio\genesis-studio\packages\engines-py\.pdb_cache\2ITN,A
841,ThermoMPNN,2ITN,0.030604124069213867,42,V,C,F:\GENESIS Studio\genesis-studio\packages\engines-py\.pdb_cache\2ITN,A
842,ThermoMPNN,2ITN,2.0923666954040527,42,V,D,F:\GENESIS Studio\genesis-studio\packages\engines-py\.pdb_cache\2ITN,A
843,ThermoMPNN,2ITN,1.8345322608947754,42,V,E,F:\GENESIS Studio\genesis-studio\packages\engines-py\.pdb_cache\2ITN,A
844,ThermoMPNN,2ITN,0.7261739373207092,42,V,F,F:\GENESIS Studio\genesis-studio\packages\engines-py\.pdb_cache\2ITN,A
845,ThermoMPNN,2ITN,1.1736376285552979,42,V,G,F:\GENESIS Studio\genesis-studio\packages\engines-py\.pdb_cache\2ITN,A
846,ThermoMPNN,2ITN,0.9665799140930176,42,V,H,F:\GENESIS Studio\genesis-studio\packages\engines-py\.pdb_cache\2ITN,A
847,ThermoMPNN,2ITN,0.03917288780212402,42,V,I,F:\GENESIS Studio\genesis-studio\packages\engines-py\.pdb_cache\2ITN,A
848,ThermoMPNN,2ITN,0.31390225887298584,42,V,K,F:\GENESIS Studio\genesis-studio\packages\engines-py\.pdb_cache\2ITN,A
849,ThermoMPNN,2ITN,0.34404444694519043,42,V,L,F:\GENESIS Studio\genesis-studio\packages\engines-py\.pdb_cache\2ITN,A
850,ThermoMPNN,2ITN,0.30102336406707764,42,V,M,F:\GENESIS Studio\genesis-studio\packages\engines-py\.pdb_cache\2ITN,A
851,ThermoMPNN,2ITN,1.24216628074646,42,V,N,F:\GENESIS Studio\genesis-studio\packages\engines-py\.pdb_cache\2ITN,A
852,ThermoMPNN,2ITN,1.770845651626587,42,V,P,F:\GENESIS Studio\genesis-studio\packages\engines-py\.pdb_cache\2ITN,A
853,ThermoMPNN,2ITN,0.8522769808769226,42,V,Q,F:\GENESIS Studio\genesis-studio\packages\engines-py\.pdb_cache\2ITN,A
854,ThermoMPNN,2ITN,0.369174599647522,42,V,R,F:\GENESIS Studio\genesis-studio\packages\engines-py\.pdb_cache\2ITN,A
855,ThermoMPNN,2ITN,0.8179621696472168,42,V,S,F:\GENESIS Studio\genesis-studio\packages\engines-py\.pdb_cache\2ITN,A
856,ThermoMPNN,2ITN,0.6583800911903381,42,V,T,F:\GENESIS Studio\genesis-studio\packages\engines-py\.pdb_cache\2ITN,A
857,ThermoMPNN,2ITN,0.0,42,V,V,F:\GENESIS Studio\genesis-studio\packages\engines-py\.pdb_cache\2ITN,A
858,ThermoMPNN,2ITN,0.82984459400177,42,V,W,F:\GENESIS Studio\genesis-studio\packages\engines-py\.pdb_cache\2ITN,A
859,ThermoMPNN,2ITN,0.7340639233589172,42,V,Y,F:\GENESIS Studio\genesis-studio\packages\engines-py\.pdb_cache\2ITN,A
860,ThermoMPNN,2ITN,0.6327766180038452,43,K,A,F:\GENESIS Studio\genesis-studio\packages\engines-py\.pdb_cache\2ITN,A
861,ThermoMPNN,2ITN,0.15678811073303223,43,K,C,F:\GENESIS Studio\genesis-studio\packages\engines-py\.pdb_cache\2ITN,A
862,ThermoMPNN,2ITN,1.4113106727600098,43,K,D,F:\GENESIS Studio\genesis-studio\packages\engines-py\.pdb_cache\2ITN,A
863,ThermoMPNN,2ITN,1.2710316181182861,43,K,E,F:\GENESIS Studio\genesis-studio\packages\engines-py\.pdb_cache\2ITN,A
864,ThermoMPNN,2ITN,0.22495579719543457,43,K,F,F:\GENESIS Studio\genesis-studio\packages\engines-py\.pdb_cache\2ITN,A
865,ThermoMPNN,2ITN,1.0393800735473633,43,K,G,F:\GENESIS Studio\genesis-studio\packages\engines-py\.pdb_cache\2ITN,A
866,ThermoMPNN,2ITN,0.4064573645591736,43,K,H,F:\GENESIS Studio\genesis-studio\packages\engines-py\.pdb_cache\2ITN,A
867,ThermoMPNN,2ITN,0.03177618980407715,43,K,I,F:\GENESIS Studio\genesis-studio\packages\engines-py\.pdb_cache\2ITN,A
868,ThermoMPNN,2ITN,0.0,43,K,K,F:\GENESIS Studio\genesis-studio\packages\engines-py\.pdb_cache\2ITN,A
869,ThermoMPNN,2ITN,0.3054261803627014,43,K,L,F:\GENESIS Studio\genesis-studio\packages\engines-py\.pdb_cache\2ITN,A
870,ThermoMPNN,2ITN,0.22884565591812134,43,K,M,F:\GENESIS Studio\genesis-studio\packages\engines-py\.pdb_cache\2ITN,A
871,ThermoMPNN,2ITN,0.6445556282997131,43,K,N,F:\GENESIS Studio\genesis-studio\packages\engines-py\.pdb_cache\2ITN,A
872,ThermoMPNN,2ITN,1.3951747417449951,43,K,P,F:\GENESIS Studio\genesis-studio\packages\engines-py\.pdb_cache\2ITN,A
873,ThermoMPNN,2ITN,0.5403693318367004,43,K,Q,F:\GENESIS Studio\genesis-studio\packages\engines-py\.pdb_cache\2ITN,A
874,ThermoMPNN,2ITN,-0.10868597030639648,43,K,R,F:\GENESIS Studio\genesis-studio\packages\engines-py\.pdb_cache\2ITN,A
875,ThermoMPNN,2ITN,0.42994749546051025,43,K,S,F:\GENESIS Studio\genesis-studio\packages\engines-py\.pdb_cache\2ITN,A
876,ThermoMPNN,2ITN,0.21746152639389038,43,K,T,F:\GENESIS Studio\genesis-studio\packages\engines-py\.pdb_cache\2ITN,A
877,ThermoMPNN,2ITN,0.2296370267868042,43,K,V,F:\GENESIS Studio\genesis-studio\packages\engines-py\.pdb_cache\2ITN,A
878,ThermoMPNN,2ITN,0.03377199172973633,43,K,W,F:\GENESIS Studio\genesis-studio\packages\engines-py\.pdb_cache\2ITN,A
879,ThermoMPNN,2ITN,0.07579851150512695,43,K,Y,F:\GENESIS Studio\genesis-studio\packages\engines-py\.pdb_cache\2ITN,A
880,ThermoMPNN,2ITN,2.037825345993042,44,I,A,F:\GENESIS Studio\genesis-studio\packages\engines-py\.pdb_cache\2ITN,A
881,ThermoMPNN,2ITN,1.3782501220703125,44,I,C,F:\GENESIS Studio\genesis-studio\packages\engines-py\.pdb_cache\2ITN,A
882,ThermoMPNN,2ITN,2.4523887634277344,44,I,D,F:\GENESIS Studio\genesis-studio\packages\engines-py\.pdb_cache\2ITN,A
883,ThermoMPNN,2ITN,2.5059757232666016,44,I,E,F:\GENESIS Studio\genesis-studio\packages\engines-py\.pdb_cache\2ITN,A
884,ThermoMPNN,2ITN,1.4086027145385742,44,I,F,F:\GENESIS Studio\genesis-studio\packages\engines-py\.pdb_cache\2ITN,A
885,ThermoMPNN,2ITN,2.4354233741760254,44,I,G,F:\GENESIS Studio\genesis-studio\packages\engines-py\.pdb_cache\2ITN,A
886,ThermoMPNN,2ITN,2.429469108581543,44,I,H,F:\GENESIS Studio\genesis-studio\packages\engines-py\.pdb_cache\2ITN,A
887,ThermoMPNN,2ITN,0.0,44,I,I,F:\GENESIS Studio\genesis-studio\packages\engines-py\.pdb_cache\2ITN,A
888,ThermoMPNN,2ITN,2.453517436981201,44,I,K,F:\GENESIS Studio\genesis-studio\packages\engines-py\.pdb_cache\2ITN,A
889,ThermoMPNN,2ITN,0.7445988655090332,44,I,L,F:\GENESIS Studio\genesis-studio\packages\engines-py\.pdb_cache\2ITN,A
890,ThermoMPNN,2ITN,1.3028628826141357,44,I,M,F:\GENESIS Studio\genesis-studio\packages\engines-py\.pdb_cache\2ITN,A
891,ThermoMPNN,2ITN,2.424405813217163,44,I,N,F:\GENESIS Studio\genesis-studio\packages\engines-py\.pdb_cache\2ITN,A
892,ThermoMPNN,2ITN,2.323580741882324,44,I,P,F:\GENESIS Studio\genesis-studio\packages\engines-py\.pdb_cache\2ITN,A
893,ThermoMPNN,2ITN,2.5054993629455566,44,I,Q,F:\GENESIS Studio\genesis-studio\packages\engines-py\.pdb_cache\2ITN,A
894,ThermoMPNN,2ITN,2.492487668991089,44,I,R,F:\GENESIS Studio\genesis-studio\packages\engines-py\.pdb_cache\2ITN,A
895,ThermoMPNN,2ITN,2.422055244445801,44,I,S,F:\GENESIS Studio\genesis-studio\packages\engines-py\.pdb_cache\2ITN,A
896,ThermoMPNN,2ITN,2.1028330326080322,44,I,T,F:\GENESIS Studio\genesis-studio\packages\engines-py\.pdb_cache\2ITN,A
897,ThermoMPNN,2ITN,0.5593757629394531,44,I,V,F:\GENESIS Studio\genesis-studio\packages\engines-py\.pdb_cache\2ITN,A
898,ThermoMPNN,2ITN,1.8786554336547852,44,I,W,F:\GENESIS Studio\genesis-studio\packages\engines-py\.pdb_cache\2ITN,A
899,ThermoMPNN,2ITN,1.8633660078048706,44,I,Y,F:\GENESIS Studio\genesis-studio\packages\engines-py\.pdb_cache\2ITN,A
900,ThermoMPNN,2ITN,1.9248096942901611,45,P,A,F:\GENESIS Studio\genesis-studio\packages\engines-py\.pdb_cache\2ITN,A
901,ThermoMPNN,2ITN,0.9459323883056641,45,P,C,F:\GENESIS Studio\genesis-studio\packages\engines-py\.pdb_cache\2ITN,A
902,ThermoMPNN,2ITN,2.892477035522461,45,P,D,F:\GENESIS Studio\genesis-studio\packages\engines-py\.pdb_cache\2ITN,A
903,ThermoMPNN,2ITN,2.4315762519836426,45,P,E,F:\GENESIS Studio\genesis-studio\packages\engines-py\.pdb_cache\2ITN,A
904,ThermoMPNN,2ITN,1.2117680311203003,45,P,F,F:\GENESIS Studio\genesis-studio\packages\engines-py\.pdb_cache\2ITN,A
905,ThermoMPNN,2ITN,2.11348557472229,45,P,G,F:\GENESIS Studio\genesis-studio\packages\engines-py\.pdb_cache\2ITN,A
906,ThermoMPNN,2ITN,1.9939320087432861,45,P,H,F:\GENESIS Studio\genesis-studio\packages\engines-py\.pdb_cache\2ITN,A
907,ThermoMPNN,2ITN,1.2677357196807861,45,P,I,F:\GENESIS Studio\genesis-studio\packages\engines-py\.pdb_cache\2ITN,A
908,ThermoMPNN,2ITN,1.847316026687622,45,P,K,F:\GENESIS Studio\genesis-studio\packages\engines-py\.pdb_cache\2ITN,A
909,ThermoMPNN,2ITN,1.1941757202148438,45,P,L,F:\GENESIS Studio\genesis-studio\packages\engines-py\.pdb_cache\2ITN,A
910,ThermoMPNN,2ITN,1.3370779752731323,45,P,M,F:\GENESIS Studio\genesis-studio\packages\engines-py\.pdb_cache\2ITN,A
911,ThermoMPNN,2ITN,2.3975138664245605,45,P,N,F:\GENESIS Studio\genesis-studio\packages\engines-py\.pdb_cache\2ITN,A
912,ThermoMPNN,2ITN,0.0,45,P,P,F:\GENESIS Studio\genesis-studio\packages\engines-py\.pdb_cache\2ITN,A
913,ThermoMPNN,2ITN,2.2659473419189453,45,P,Q,F:\GENESIS Studio\genesis-studio\packages\engines-py\.pdb_cache\2ITN,A
914,ThermoMPNN,2ITN,1.8238023519515991,45,P,R,F:\GENESIS Studio\genesis-studio\packages\engines-py\.pdb_cache\2ITN,A
915,ThermoMPNN,2ITN,2.2027792930603027,45,P,S,F:\GENESIS Studio\genesis-studio\packages\engines-py\.pdb_cache\2ITN,A
916,ThermoMPNN,2ITN,2.043121337890625,45,P,T,F:\GENESIS Studio\genesis-studio\packages\engines-py\.pdb_cache\2ITN,A
917,ThermoMPNN,2ITN,1.3864294290542603,45,P,V,F:\GENESIS Studio\genesis-studio\packages\engines-py\.pdb_cache\2ITN,A
918,ThermoMPNN,2ITN,0.9741266965866089,45,P,W,F:\GENESIS Studio\genesis-studio\packages\engines-py\.pdb_cache\2ITN,A
919,ThermoMPNN,2ITN,1.1586021184921265,45,P,Y,F:\GENESIS Studio\genesis-studio\packages\engines-py\.pdb_cache\2ITN,A
920,ThermoMPNN,2ITN,2.3220207691192627,46,V,A,F:\GENESIS Studio\genesis-studio\packages\engines-py\.pdb_cache\2ITN,A
921,ThermoMPNN,2ITN,1.0698871612548828,46,V,C,F:\GENESIS Studio\genesis-studio\packages\engines-py\.pdb_cache\2ITN,A
922,ThermoMPNN,2ITN,4.03948974609375,46,V,D,F:\GENESIS Studio\genesis-studio\packages\engines-py\.pdb_cache\2ITN,A
923,ThermoMPNN,2ITN,3.416858434677124,46,V,E,F:\GENESIS Studio\genesis-studio\packages\engines-py\.pdb_cache\2ITN,A
924,ThermoMPNN,2ITN,2.3033595085144043,46,V,F,F:\GENESIS Studio\genesis-studio\packages\engines-py\.pdb_cache\2ITN,A
925,ThermoMPNN,2ITN,3.1608924865722656,46,V,G,F:\GENESIS Studio\genesis-studio\packages\engines-py\.pdb_cache\2ITN,A
926,ThermoMPNN,2ITN,3.5999624729156494,46,V,H,F:\GENESIS Studio\genesis-studio\packages\engines-py\.pdb_cache\2ITN,A
927,ThermoMPNN,2ITN,0.5998790264129639,46,V,I,F:\GENESIS Studio\genesis-studio\packages\engines-py\.pdb_cache\2ITN,A
928,ThermoMPNN,2ITN,3.5150508880615234,46,V,K,F:\GENESIS Studio\genesis-studio\packages\engines-py\.pdb_cache\2ITN,A
929,ThermoMPNN,2ITN,1.552571177482605,46,V,L,F:\GENESIS Studio\genesis-studio\packages\engines-py\.pdb_cache\2ITN,A
930,ThermoMPNN,2ITN,1.9755992889404297,46,V,M,F:\GENESIS Studio\genesis-studio\packages\engines-py\.pdb_cache\2ITN,A
931,ThermoMPNN,2ITN,3.660475015640259,46,V,N,F:\GENESIS Studio\genesis-studio\packages\engines-py\.pdb_cache\2ITN,A
932,ThermoMPNN,2ITN,4.208920478820801,46,V,P,F:\GENESIS Studio\genesis-studio\packages\engines-py\.pdb_cache\2ITN,A
933,ThermoMPNN,2ITN,3.3261895179748535,46,V,Q,F:\GENESIS Studio\genesis-studio\packages\engines-py\.pdb_cache\2ITN,A
934,ThermoMPNN,2ITN,3.706450939178467,46,V,R,F:\GENESIS Studio\genesis-studio\packages\engines-py\.pdb_cache\2ITN,A
935,ThermoMPNN,2ITN,3.220432758331299,46,V,S,F:\GENESIS Studio\genesis-studio\packages\engines-py\.pdb_cache\2ITN,A
936,ThermoMPNN,2ITN,2.5326833724975586,46,V,T,F:\GENESIS Studio\genesis-studio\packages\engines-py\.pdb_cache\2ITN,A
937,ThermoMPNN,2ITN,0.0,46,V,V,F:\GENESIS Studio\genesis-studio\packages\engines-py\.pdb_cache\2ITN,A
938,ThermoMPNN,2ITN,3.2060766220092773,46,V,W,F:\GENESIS Studio\genesis-studio\packages\engines-py\.pdb_cache\2ITN,A
939,ThermoMPNN,2ITN,3.145092487335205,46,V,Y,F:\GENESIS Studio\genesis-studio\packages\engines-py\.pdb_cache\2ITN,A
940,ThermoMPNN,2ITN,0.0,47,A,A,F:\GENESIS Studio\genesis-studio\packages\engines-py\.pdb_cache\2ITN,A
941,ThermoMPNN,2ITN,0.06998646259307861,47,A,C,F:\GENESIS Studio\genesis-studio\packages\engines-py\.pdb_cache\2ITN,A
942,ThermoMPNN,2ITN,1.8592627048492432,47,A,D,F:\GENESIS Studio\genesis-studio\packages\engines-py\.pdb_cache\2ITN,A
943,ThermoMPNN,2ITN,1.2403545379638672,47,A,E,F:\GENESIS Studio\genesis-studio\packages\engines-py\.pdb_cache\2ITN,A
944,ThermoMPNN,2ITN,0.6920095086097717,47,A,F,F:\GENESIS Studio\genesis-studio\packages\engines-py\.pdb_cache\2ITN,A
945,ThermoMPNN,2ITN,1.5412724018096924,47,A,G,F:\GENESIS Studio\genesis-studio\packages\engines-py\.pdb_cache\2ITN,A
946,ThermoMPNN,2ITN,1.2189507484436035,47,A,H,F:\GENESIS Studio\genesis-studio\packages\engines-py\.pdb_cache\2ITN,A
947,ThermoMPNN,2ITN,0.2882136106491089,47,A,I,F:\GENESIS Studio\genesis-studio\packages\engines-py\.pdb_cache\2ITN,A
948,ThermoMPNN,2ITN,1.5310285091400146,47,A,K,F:\GENESIS Studio\genesis-studio\packages\engines-py\.pdb_cache\2ITN,A
949,ThermoMPNN,2ITN,0.22978103160858154,47,A,L,F:\GENESIS Studio\genesis-studio\packages\engines-py\.pdb_cache\2ITN,A
950,ThermoMPNN,2ITN,0.27562928199768066,47,A,M,F:\GENESIS Studio\genesis-studio\packages\engines-py\.pdb_cache\2ITN,A
951,ThermoMPNN,2ITN,1.6009926795959473,47,A,N,F:\GENESIS Studio\genesis-studio\packages\engines-py\.pdb_cache\2ITN,A
952,ThermoMPNN,2ITN,2.993072032928467,47,A,P,F:\GENESIS Studio\genesis-studio\packages\engines-py\.pdb_cache\2ITN,A
953,ThermoMPNN,2ITN,1.1285321712493896,47,A,Q,F:\GENESIS Studio\genesis-studio\packages\engines-py\.pdb_cache\2ITN,A
954,ThermoMPNN,2ITN,1.560187816619873,47,A,R,F:\GENESIS Studio\genesis-studio\packages\engines-py\.pdb_cache\2ITN,A
955,ThermoMPNN,2ITN,0.8172579407691956,47,A,S,F:\GENESIS Studio\genesis-studio\packages\engines-py\.pdb_cache\2ITN,A
956,ThermoMPNN,2ITN,0.8029032349586487,47,A,T,F:\GENESIS Studio\genesis-studio\packages\engines-py\.pdb_cache\2ITN,A
957,ThermoMPNN,2ITN,0.25895416736602783,47,A,V,F:\GENESIS Studio\genesis-studio\packages\engines-py\.pdb_cache\2ITN,A
958,ThermoMPNN,2ITN,0.4623755216598511,47,A,W,F:\GENESIS Studio\genesis-studio\packages\engines-py\.pdb_cache\2ITN,A
959,ThermoMPNN,2ITN,0.620586633682251,47,A,Y,F:\GENESIS Studio\genesis-studio\packages\engines-py\.pdb_cache\2ITN,A
960,ThermoMPNN,2ITN,1.6081904172897339,48,I,A,F:\GENESIS Studio\genesis-studio\packages\engines-py\.pdb_cache\2ITN,A
961,ThermoMPNN,2ITN,0.9489489793777466,48,I,C,F:\GENESIS Studio\genesis-studio\packages\engines-py\.pdb_cache\2ITN,A
962,ThermoMPNN,2ITN,2.2762532234191895,48,I,D,F:\GENESIS Studio\genesis-studio\packages\engines-py\.pdb_cache\2ITN,A
963,ThermoMPNN,2ITN,2.201965808868408,48,I,E,F:\GENESIS Studio\genesis-studio\packages\engines-py\.pdb_cache\2ITN,A
964,ThermoMPNN,2ITN,0.861579418182373,48,I,F,F:\GENESIS Studio\genesis-studio\packages\engines-py\.pdb_cache\2ITN,A
965,ThermoMPNN,2ITN,2.003135919570923,48,I,G,F:\GENESIS Studio\genesis-studio\packages\engines-py\.pdb_cache\2ITN,A
966,ThermoMPNN,2ITN,1.8748834133148193,48,I,H,F:\GENESIS Studio\genesis-studio\packages\engines-py\.pdb_cache\2ITN,A
967,ThermoMPNN,2ITN,0.0,48,I,I,F:\GENESIS Studio\genesis-studio\packages\engines-py\.pdb_cache\2ITN,A
968,ThermoMPNN,2ITN,2.137533187866211,48,I,K,F:\GENESIS Studio\genesis-studio\packages\engines-py\.pdb_cache\2ITN,A
969,ThermoMPNN,2ITN,0.8218225240707397,48,I,L,F:\GENESIS Studio\genesis-studio\packages\engines-py\.pdb_cache\2ITN,A
970,ThermoMPNN,2ITN,0.9942989349365234,48,I,M,F:\GENESIS Studio\genesis-studio\packages\engines-py\.pdb_cache\2ITN,A
971,ThermoMPNN,2ITN,2.2164664268493652,48,I,N,F:\GENESIS Studio\genesis-studio\packages\engines-py\.pdb_cache\2ITN,A
972,ThermoMPNN,2ITN,2.1798667907714844,48,I,P,F:\GENESIS Studio\genesis-studio\packages\engines-py\.pdb_cache\2ITN,A
973,ThermoMPNN,2ITN,2.0404791831970215,48,I,Q,F:\GENESIS Studio\genesis-studio\packages\engines-py\.pdb_cache\2ITN,A
974,ThermoMPNN,2ITN,2.168158531188965,48,I,R,F:\GENESIS Studio\genesis-studio\packages\engines-py\.pdb_cache\2ITN,A
975,ThermoMPNN,2ITN,1.8438403606414795,48,I,S,F:\GENESIS Studio\genesis-studio\packages\engines-py\.pdb_cache\2ITN,A
976,ThermoMPNN,2ITN,1.5645639896392822,48,I,T,F:\GENESIS Studio\genesis-studio\packages\engines-py\.pdb_cache\2ITN,A
977,ThermoMPNN,2ITN,0.3486741781234741,48,I,V,F:\GENESIS Studio\genesis-studio\packages\engines-py\.pdb_cache\2ITN,A
978,ThermoMPNN,2ITN,1.1872540712356567,48,I,W,F:\GENESIS Studio\genesis-studio\packages\engines-py\.pdb_cache\2ITN,A
979,ThermoMPNN,2ITN,1.2996082305908203,48,I,Y,F:\GENESIS Studio\genesis-studio\packages\engines-py\.pdb_cache\2ITN,A
980,ThermoMPNN,2ITN,0.2544219493865967,49,K,A,F:\GENESIS Studio\genesis-studio\packages\engines-py\.pdb_cache\2ITN,A
981,ThermoMPNN,2ITN,-0.2647923231124878,49,K,C,F:\GENESIS Studio\genesis-studio\packages\engines-py\.pdb_cache\2ITN,A
982,ThermoMPNN,2ITN,0.894425630569458,49,K,D,F:\GENESIS Studio\genesis-studio\packages\engines-py\.pdb_cache\2ITN,A
983,ThermoMPNN,2ITN,0.5285291075706482,49,K,E,F:\GENESIS Studio\genesis-studio\packages\engines-py\.pdb_cache\2ITN,A
984,ThermoMPNN,2ITN,-0.5343208312988281,49,K,F,F:\GENESIS Studio\genesis-studio\packages\engines-py\.pdb_cache\2ITN,A
985,ThermoMPNN,2ITN,0.8444345593452454,49,K,G,F:\GENESIS Studio\genesis-studio\packages\engines-py\.pdb_cache\2ITN,A
986,ThermoMPNN,2ITN,0.1345500349998474,49,K,H,F:\GENESIS Studio\genesis-studio\packages\engines-py\.pdb_cache\2ITN,A
987,ThermoMPNN,2ITN,-0.20853006839752197,49,K,I,F:\GENESIS Studio\genesis-studio\packages\engines-py\.pdb_cache\2ITN,A
988,ThermoMPNN,2ITN,0.0,49,K,K,F:\GENESIS Studio\genesis-studio\packages\engines-py\.pdb_cache\2ITN,A
989,ThermoMPNN,2ITN,-0.27595794200897217,49,K,L,F:\GENESIS Studio\genesis-studio\packages\engines-py\.pdb_cache\2ITN,A
990,ThermoMPNN,2ITN,-0.21654582023620605,49,K,M,F:\GENESIS Studio\genesis-studio\packages\engines-py\.pdb_cache\2ITN,A
991,ThermoMPNN,2ITN,0.4229563772678375,49,K,N,F:\GENESIS Studio\genesis-studio\packages\engines-py\.pdb_cache\2ITN,A
992,ThermoMPNN,2ITN,1.3134479522705078,49,K,P,F:\GENESIS Studio\genesis-studio\packages\engines-py\.pdb_cache\2ITN,A
993,ThermoMPNN,2ITN,0.20081579685211182,49,K,Q,F:\GENESIS Studio\genesis-studio\packages\engines-py\.pdb_cache\2ITN,A
994,ThermoMPNN,2ITN,-0.076698899269104,49,K,R,F:\GENESIS Studio\genesis-studio\packages\engines-py\.pdb_cache\2ITN,A
995,ThermoMPNN,2ITN,0.29465538263320923,49,K,S,F:\GENESIS Studio\genesis-studio\packages\engines-py\.pdb_cache\2ITN,A
996,ThermoMPNN,2ITN,0.1383814811706543,49,K,T,F:\GENESIS Studio\genesis-studio\packages\engines-py\.pdb_cache\2ITN,A
997,ThermoMPNN,2ITN,-0.15777099132537842,49,K,V,F:\GENESIS Studio\genesis-studio\packages\engines-py\.pdb_cache\2ITN,A
998,ThermoMPNN,2ITN,-0.5173944234848022,49,K,W,F:\GENESIS Studio\genesis-studio\packages\engines-py\.pdb_cache\2ITN,A
999,ThermoMPNN,2ITN,-0.49789440631866455,49,K,Y,F:\GENESIS Studio\genesis-studio\packages\engines-py\.pdb_cache\2ITN,A
1000,ThermoMPNN,2ITN,0.4216872453689575,50,E,A,F:\GENESIS Studio\genesis-studio\packages\engines-py\.pdb_cache\2ITN,A
1001,ThermoMPNN,2ITN,-0.12411701679229736,50,E,C,F:\GENESIS Studio\genesis-studio\packages\engines-py\.pdb_cache\2ITN,A
1002,ThermoMPNN,2ITN,0.8580829501152039,50,E,D,F:\GENESIS Studio\genesis-studio\packages\engines-py\.pdb_cache\2ITN,A
1003,ThermoMPNN,2ITN,0.0,50,E,E,F:\GENESIS Studio\genesis-studio\packages\engines-py\.pdb_cache\2ITN,A
1004,ThermoMPNN,2ITN,0.31016576290130615,50,E,F,F:\GENESIS Studio\genesis-studio\packages\engines-py\.pdb_cache\2ITN,A
1005,ThermoMPNN,2ITN,0.8452345132827759,50,E,G,F:\GENESIS Studio\genesis-studio\packages\engines-py\.pdb_cache\2ITN,A
1006,ThermoMPNN,2ITN,0.484946608543396,50,E,H,F:\GENESIS Studio\genesis-studio\packages\engines-py\.pdb_cache\2ITN,A
1007,ThermoMPNN,2ITN,-0.29980599880218506,50,E,I,F:\GENESIS Studio\genesis-studio\packages\engines-py\.pdb_cache\2ITN,A
1008,ThermoMPNN,2ITN,0.3202604651451111,50,E,K,F:\GENESIS Studio\genesis-studio\packages\engines-py\.pdb_cache\2ITN,A
1009,ThermoMPNN,2ITN,0.014777004718780518,50,E,L,F:\GENESIS Studio\genesis-studio\packages\engines-py\.pdb_cache\2ITN,A
1010,ThermoMPNN,2ITN,0.046360552310943604,50,E,M,F:\GENESIS Studio\genesis-studio\packages\engines-py\.pdb_cache\2ITN,A
1011,ThermoMPNN,2ITN,0.7190510630607605,50,E,N,F:\GENESIS Studio\genesis-studio\packages\engines-py\.pdb_cache\2ITN,A
1012,ThermoMPNN,2ITN,1.2526731491088867,50,E,P,F:\GENESIS Studio\genesis-studio\packages\engines-py\.pdb_cache\2ITN,A
1013,ThermoMPNN,2ITN,0.11873096227645874,50,E,Q,F:\GENESIS Studio\genesis-studio\packages\engines-py\.pdb_cache\2ITN,A
1014,ThermoMPNN,2ITN,0.45849549770355225,50,E,R,F:\GENESIS Studio\genesis-studio\packages\engines-py\.pdb_cache\2ITN,A
1015,ThermoMPNN,2ITN,0.4399758577346802,50,E,S,F:\GENESIS Studio\genesis-studio\packages\engines-py\.pdb_cache\2ITN,A
1016,ThermoMPNN,2ITN,0.1778140664100647,50,E,T,F:\GENESIS Studio\genesis-studio\packages\engines-py\.pdb_cache\2ITN,A
1017,ThermoMPNN,2ITN,-0.2765542268753052,50,E,V,F:\GENESIS Studio\genesis-studio\packages\engines-py\.pdb_cache\2ITN,A
1018,ThermoMPNN,2ITN,0.29591870307922363,50,E,W,F:\GENESIS Studio\genesis-studio\packages\engines-py\.pdb_cache\2ITN,A
1019,ThermoMPNN,2ITN,0.36163705587387085,50,E,Y,F:\GENESIS Studio\genesis-studio\packages\engines-py\.pdb_cache\2ITN,A
1020,ThermoMPNN,2ITN,0.46915122866630554,51,L,A,F:\GENESIS Studio\genesis-studio\packages\engines-py\.pdb_cache\2ITN,A
1021,ThermoMPNN,2ITN,-0.03172957897186279,51,L,C,F:\GENESIS Studio\genesis-studio\packages\engines-py\.pdb_cache\2ITN,A
1022,ThermoMPNN,2ITN,0.7272135019302368,51,L,D,F:\GENESIS Studio\genesis-studio\packages\engines-py\.pdb_cache\2ITN,A
1023,ThermoMPNN,2ITN,0.8422421813011169,51,L,E,F:\GENESIS Studio\genesis-studio\packages\engines-py\.pdb_cache\2ITN,A
1024,ThermoMPNN,2ITN,0.07330954074859619,51,L,F,F:\GENESIS Studio\genesis-studio\packages\engines-py\.pdb_cache\2ITN,A
1025,ThermoMPNN,2ITN,0.5806078910827637,51,L,G,F:\GENESIS Studio\genesis-studio\packages\engines-py\.pdb_cache\2ITN,A
1026,ThermoMPNN,2ITN,0.409246563911438,51,L,H,F:\GENESIS Studio\genesis-studio\packages\engines-py\.pdb_cache\2ITN,A
1027,ThermoMPNN,2ITN,0.10394614934921265,51,L,I,F:\GENESIS Studio\genesis-studio\packages\engines-py\.pdb_cache\2ITN,A
1028,ThermoMPNN,2ITN,0.1374598741531372,51,L,K,F:\GENESIS Studio\genesis-studio\packages\engines-py\.pdb_cache\2ITN,A
1029,ThermoMPNN,2ITN,0.0,51,L,L,F:\GENESIS Studio\genesis-studio\packages\engines-py\.pdb_cache\2ITN,A
1030,ThermoMPNN,2ITN,0.15474539995193481,51,L,M,F:\GENESIS Studio\genesis-studio\packages\engines-py\.pdb_cache\2ITN,A
1031,ThermoMPNN,2ITN,0.5161254405975342,51,L,N,F:\GENESIS Studio\genesis-studio\packages\engines-py\.pdb_cache\2ITN,A
1032,ThermoMPNN,2ITN,-0.05844759941101074,51,L,P,F:\GENESIS Studio\genesis-studio\packages\engines-py\.pdb_cache\2ITN,A
1033,ThermoMPNN,2ITN,0.5570664405822754,51,L,Q,F:\GENESIS Studio\genesis-studio\packages\engines-py\.pdb_cache\2ITN,A
1034,ThermoMPNN,2ITN,0.16271865367889404,51,L,R,F:\GENESIS Studio\genesis-studio\packages\engines-py\.pdb_cache\2ITN,A
1035,ThermoMPNN,2ITN,0.4935678243637085,51,L,S,F:\GENESIS Studio\genesis-studio\packages\engines-py\.pdb_cache\2ITN,A
1036,ThermoMPNN,2ITN,0.35548609495162964,51,L,T,F:\GENESIS Studio\genesis-studio\packages\engines-py\.pdb_cache\2ITN,A
1037,ThermoMPNN,2ITN,0.2543623447418213,51,L,V,F:\GENESIS Studio\genesis-studio\packages\engines-py\.pdb_cache\2ITN,A
1038,ThermoMPNN,2ITN,-0.116507887840271,51,L,W,F:\GENESIS Studio\genesis-studio\packages\engines-py\.pdb_cache\2ITN,A
1039,ThermoMPNN,2ITN,0.11144357919692993,51,L,Y,F:\GENESIS Studio\genesis-studio\packages\engines-py\.pdb_cache\2ITN,A
1040,ThermoMPNN,2ITN,-0.03199934959411621,52,R,A,F:\GENESIS Studio\genesis-studio\packages\engines-py\.pdb_cache\2ITN,A
1041,ThermoMPNN,2ITN,0.06784868240356445,52,R,C,F:\GENESIS Studio\genesis-studio\packages\engines-py\.pdb_cache\2ITN,A
1042,ThermoMPNN,2ITN,0.418290913105011,52,R,D,F:\GENESIS Studio\genesis-studio\packages\engines-py\.pdb_cache\2ITN,A
1043,ThermoMPNN,2ITN,0.2854268550872803,52,R,E,F:\GENESIS Studio\genesis-studio\packages\engines-py\.pdb_cache\2ITN,A
1044,ThermoMPNN,2ITN,0.2803616523742676,52,R,F,F:\GENESIS Studio\genesis-studio\packages\engines-py\.pdb_cache\2ITN,A
1045,ThermoMPNN,2ITN,0.2613734006881714,52,R,G,F:\GENESIS Studio\genesis-studio\packages\engines-py\.pdb_cache\2ITN,A
1046,ThermoMPNN,2ITN,0.18180710077285767,52,R,H,F:\GENESIS Studio\genesis-studio\packages\engines-py\.pdb_cache\2ITN,A
1047,ThermoMPNN,2ITN,0.23184925317764282,52,R,I,F:\GENESIS Studio\genesis-studio\packages\engines-py\.pdb_cache\2ITN,A
1048,ThermoMPNN,2ITN,0.048820555210113525,52,R,K,F:\GENESIS Studio\genesis-studio\packages\engines-py\.pdb_cache\2ITN,A
1049,ThermoMPNN,2ITN,0.26077401638031006,52,R,L,F:\GENESIS Studio\genesis-studio\packages\engines-py\.pdb_cache\2ITN,A
1050,ThermoMPNN,2ITN,0.21357721090316772,52,R,M,F:\GENESIS Studio\genesis-studio\packages\engines-py\.pdb_cache\2ITN,A
1051,ThermoMPNN,2ITN,0.1991989016532898,52,R,N,F:\GENESIS Studio\genesis-studio\packages\engines-py\.pdb_cache\2ITN,A
1052,ThermoMPNN,2ITN,0.9551790952682495,52,R,P,F:\GENESIS Studio\genesis-studio\packages\engines-py\.pdb_cache\2ITN,A
1053,ThermoMPNN,2ITN,0.1949273943901062,52,R,Q,F:\GENESIS Studio\genesis-studio\packages\engines-py\.pdb_cache\2ITN,A
1054,ThermoMPNN,2ITN,0.0,52,R,R,F:\GENESIS Studio\genesis-studio\packages\engines-py\.pdb_cache\2ITN,A
1055,ThermoMPNN,2ITN,-0.010737299919128418,52,R,S,F:\GENESIS Studio\genesis-studio\packages\engines-py\.pdb_cache\2ITN,A
1056,ThermoMPNN,2ITN,0.12665653228759766,52,R,T,F:\GENESIS Studio\genesis-studio\packages\engines-py\.pdb_cache\2ITN,A
1057,ThermoMPNN,2ITN,0.32883399724960327,52,R,V,F:\GENESIS Studio\genesis-studio\packages\engines-py\.pdb_cache\2ITN,A
1058,ThermoMPNN,2ITN,0.30322885513305664,52,R,W,F:\GENESIS Studio\genesis-studio\packages\engines-py\.pdb_cache\2ITN,A
1059,ThermoMPNN,2ITN,0.2851036787033081,52,R,Y,F:\GENESIS Studio\genesis-studio\packages\engines-py\.pdb_cache\2ITN,A
1060,ThermoMPNN,2ITN,-0.1797802448272705,53,E,A,F:\GENESIS Studio\genesis-studio\packages\engines-py\.pdb_cache\2ITN,A
1061,ThermoMPNN,2ITN,-0.27126049995422363,53,E,C,F:\GENESIS Studio\genesis-studio\packages\engines-py\.pdb_cache\2ITN,A
1062,ThermoMPNN,2ITN,-0.05644834041595459,53,E,D,F:\GENESIS Studio\genesis-studio\packages\engines-py\.pdb_cache\2ITN,A
1063,ThermoMPNN,2ITN,0.0,53,E,E,F:\GENESIS Studio\genesis-studio\packages\engines-py\.pdb_cache\2ITN,A
1064,ThermoMPNN,2ITN,-0.05751502513885498,53,E,F,F:\GENESIS Studio\genesis-studio\packages\engines-py\.pdb_cache\2ITN,A
1065,ThermoMPNN,2ITN,0.028656721115112305,53,E,G,F:\GENESIS Studio\genesis-studio\packages\engines-py\.pdb_cache\2ITN,A
1066,ThermoMPNN,2ITN,-0.07364648580551147,53,E,H,F:\GENESIS Studio\genesis-studio\packages\engines-py\.pdb_cache\2ITN,A
1067,ThermoMPNN,2ITN,-0.028764069080352783,53,E,I,F:\GENESIS Studio\genesis-studio\packages\engines-py\.pdb_cache\2ITN,A
1068,ThermoMPNN,2ITN,-0.13246005773544312,53,E,K,F:\GENESIS Studio\genesis-studio\packages\engines-py\.pdb_cache\2ITN,A
1069,ThermoMPNN,2ITN,-0.022437453269958496,53,E,L,F:\GENESIS Studio\genesis-studio\packages\engines-py\.pdb_cache\2ITN,A
1070,ThermoMPNN,2ITN,0.03268200159072876,53,E,M,F:\GENESIS Studio\genesis-studio\packages\engines-py\.pdb_cache\2ITN,A
1071,ThermoMPNN,2ITN,-0.04063934087753296,53,E,N,F:\GENESIS Studio\genesis-studio\packages\engines-py\.pdb_cache\2ITN,A
1072,ThermoMPNN,2ITN,-0.195121169090271,53,E,P,F:\GENESIS Studio\genesis-studio\packages\engines-py\.pdb_cache\2ITN,A
1073,ThermoMPNN,2ITN,-0.03366732597351074,53,E,Q,F:\GENESIS Studio\genesis-studio\packages\engines-py\.pdb_cache\2ITN,A
1074,ThermoMPNN,2ITN,-0.10620039701461792,53,E,R,F:\GENESIS Studio\genesis-studio\packages\engines-py\.pdb_cache\2ITN,A
1075,ThermoMPNN,2ITN,-0.11347413063049316,53,E,S,F:\GENESIS Studio\genesis-studio\packages\engines-py\.pdb_cache\2ITN,A
1076,ThermoMPNN,2ITN,-0.039270102977752686,53,E,T,F:\GENESIS Studio\genesis-studio\packages\engines-py\.pdb_cache\2ITN,A
1077,ThermoMPNN,2ITN,0.03488069772720337,53,E,V,F:\GENESIS Studio\genesis-studio\packages\engines-py\.pdb_cache\2ITN,A
1078,ThermoMPNN,2ITN,-0.06736475229263306,53,E,W,F:\GENESIS Studio\genesis-studio\packages\engines-py\.pdb_cache\2ITN,A
1079,ThermoMPNN,2ITN,-0.021974802017211914,53,E,Y,F:\GENESIS Studio\genesis-studio\packages\engines-py\.pdb_cache\2ITN,A
1080,ThermoMPNN,2ITN,0.0,54,A,A,F:\GENESIS Studio\genesis-studio\packages\engines-py\.pdb_cache\2ITN,A
1081,ThermoMPNN,2ITN,-0.09266036748886108,54,A,C,F:\GENESIS Studio\genesis-studio\packages\engines-py\.pdb_cache\2ITN,A
1082,ThermoMPNN,2ITN,-0.1042521595954895,54,A,D,F:\GENESIS Studio\genesis-studio\packages\engines-py\.pdb_cache\2ITN,A
1083,ThermoMPNN,2ITN,-0.03558456897735596,54,A,E,F:\GENESIS Studio\genesis-studio\packages\engines-py\.pdb_cache\2ITN,A
1084,ThermoMPNN,2ITN,0.2205093502998352,54,A,F,F:\GENESIS Studio\genesis-studio\packages\engines-py\.pdb_cache\2ITN,A
1085,ThermoMPNN,2ITN,0.0942644476890564,54,A,G,F:\GENESIS Studio\genesis-studio\packages\engines-py\.pdb_cache\2ITN,A
1086,ThermoMPNN,2ITN,0.15246623754501343,54,A,H,F:\GENESIS Studio\genesis-studio\packages\engines-py\.pdb_cache\2ITN,A
1087,ThermoMPNN,2ITN,0.20444637537002563,54,A,I,F:\GENESIS Studio\genesis-studio\packages\engines-py\.pdb_cache\2ITN,A
1088,ThermoMPNN,2ITN,0.19212299585342407,54,A,K,F:\GENESIS Studio\genesis-studio\packages\engines-py\.pdb_cache\2ITN,A
1089,ThermoMPNN,2ITN,0.07976037263870239,54,A,L,F:\GENESIS Studio\genesis-studio\packages\engines-py\.pdb_cache\2ITN,A
1090,ThermoMPNN,2ITN,0.17387813329696655,54,A,M,F:\GENESIS Studio\genesis-studio\packages\engines-py\.pdb_cache\2ITN,A
1091,ThermoMPNN,2ITN,0.004917144775390625,54,A,N,F:\GENESIS Studio\genesis-studio\packages\engines-py\.pdb_cache\2ITN,A
1092,ThermoMPNN,2ITN,0.19690090417861938,54,A,P,F:\GENESIS Studio\genesis-studio\packages\engines-py\.pdb_cache\2ITN,A
1093,ThermoMPNN,2ITN,0.12741011381149292,54,A,Q,F:\GENESIS Studio\genesis-studio\packages\engines-py\.pdb_cache\2ITN,A
1094,ThermoMPNN,2ITN,0.25694453716278076,54,A,R,F:\GENESIS Studio\genesis-studio\packages\engines-py\.pdb_cache\2ITN,A
1095,ThermoMPNN,2ITN,-0.016216576099395752,54,A,S,F:\GENESIS Studio\genesis-studio\packages\engines-py\.pdb_cache\2ITN,A
1096,ThermoMPNN,2ITN,0.055090904235839844,54,A,T,F:\GENESIS Studio\genesis-studio\packages\engines-py\.pdb_cache\2ITN,A
1097,ThermoMPNN,2ITN,0.18642425537109375,54,A,V,F:\GENESIS Studio\genesis-studio\packages\engines-py\.pdb_cache\2ITN,A
1098,ThermoMPNN,2ITN,0.1990201473236084,54,A,W,F:\GENESIS Studio\genesis-studio\packages\engines-py\.pdb_cache\2ITN,A
1099,ThermoMPNN,2ITN,0.3026873469352722,54,A,Y,F:\GENESIS Studio\genesis-studio\packages\engines-py\.pdb_cache\2ITN,A
1100,ThermoMPNN,2ITN,0.000866234302520752,55,T,A,F:\GENESIS Studio\genesis-studio\packages\engines-py\.pdb_cache\2ITN,A
1101,ThermoMPNN,2ITN,-0.17358368635177612,55,T,C,F:\GENESIS Studio\genesis-studio\packages\engines-py\.pdb_cache\2ITN,A
1102,ThermoMPNN,2ITN,0.1633651852607727,55,T,D,F:\GENESIS Studio\genesis-studio\packages\engines-py\.pdb_cache\2ITN,A
1103,ThermoMPNN,2ITN,0.14493590593338013,55,T,E,F:\GENESIS Studio\genesis-studio\packages\engines-py\.pdb_cache\2ITN,A
1104,ThermoMPNN,2ITN,-0.03267914056777954,55,T,F,F:\GENESIS Studio\genesis-studio\packages\engines-py\.pdb_cache\2ITN,A
1105,ThermoMPNN,2ITN,0.06578564643859863,55,T,G,F:\GENESIS Studio\genesis-studio\packages\engines-py\.pdb_cache\2ITN,A
1106,ThermoMPNN,2ITN,0.05792635679244995,55,T,H,F:\GENESIS Studio\genesis-studio\packages\engines-py\.pdb_cache\2ITN,A
1107,ThermoMPNN,2ITN,-0.07413512468338013,55,T,I,F:\GENESIS Studio\genesis-studio\packages\engines-py\.pdb_cache\2ITN,A
1108,ThermoMPNN,2ITN,0.10672235488891602,55,T,K,F:\GENESIS Studio\genesis-studio\packages\engines-py\.pdb_cache\2ITN,A
1109,ThermoMPNN,2ITN,-0.06293714046478271,55,T,L,F:\GENESIS Studio\genesis-studio\packages\engines-py\.pdb_cache\2ITN,A
1110,ThermoMPNN,2ITN,-0.03781461715698242,55,T,M,F:\GENESIS Studio\genesis-studio\packages\engines-py\.pdb_cache\2ITN,A
1111,ThermoMPNN,2ITN,0.08177453279495239,55,T,N,F:\GENESIS Studio\genesis-studio\packages\engines-py\.pdb_cache\2ITN,A
1112,ThermoMPNN,2ITN,0.11988639831542969,55,T,P,F:\GENESIS Studio\genesis-studio\packages\engines-py\.pdb_cache\2ITN,A
1113,ThermoMPNN,2ITN,0.10421210527420044,55,T,Q,F:\GENESIS Studio\genesis-studio\packages\engines-py\.pdb_cache\2ITN,A
1114,ThermoMPNN,2ITN,0.11137068271636963,55,T,R,F:\GENESIS Studio\genesis-studio\packages\engines-py\.pdb_cache\2ITN,A
1115,ThermoMPNN,2ITN,0.04563140869140625,55,T,S,F:\GENESIS Studio\genesis-studio\packages\engines-py\.pdb_cache\2ITN,A
1116,ThermoMPNN,2ITN,0.0,55,T,T,F:\GENESIS Studio\genesis-studio\packages\engines-py\.pdb_cache\2ITN,A
1117,ThermoMPNN,2ITN,-0.007862567901611328,55,T,V,F:\GENESIS Studio\genesis-studio\packages\engines-py\.pdb_cache\2ITN,A
1118,ThermoMPNN,2ITN,-0.23496884107589722,55,T,W,F:\GENESIS Studio\genesis-studio\packages\engines-py\.pdb_cache\2ITN,A
1119,ThermoMPNN,2ITN,-0.028108716011047363,55,T,Y,F:\GENESIS Studio\genesis-studio\packages\engines-py\.pdb_cache\2ITN,A
1120,ThermoMPNN,2ITN,0.349611759185791,56,S,A,F:\GENESIS Studio\genesis-studio\packages\engines-py\.pdb_cache\2ITN,A
1121,ThermoMPNN,2ITN,0.21122390031814575,56,S,C,F:\GENESIS Studio\genesis-studio\packages\engines-py\.pdb_cache\2ITN,A
1122,ThermoMPNN,2ITN,-0.04469633102416992,56,S,D,F:\GENESIS Studio\genesis-studio\packages\engines-py\.pdb_cache\2ITN,A
1123,ThermoMPNN,2ITN,0.2087029218673706,56,S,E,F:\GENESIS Studio\genesis-studio\packages\engines-py\.pdb_cache\2ITN,A
1124,ThermoMPNN,2ITN,0.6916823983192444,56,S,F,F:\GENESIS Studio\genesis-studio\packages\engines-py\.pdb_cache\2ITN,A
1125,ThermoMPNN,2ITN,0.40775561332702637,56,S,G,F:\GENESIS Studio\genesis-studio\packages\engines-py\.pdb_cache\2ITN,A
1126,ThermoMPNN,2ITN,0.5934733152389526,56,S,H,F:\GENESIS Studio\genesis-studio\packages\engines-py\.pdb_cache\2ITN,A
1127,ThermoMPNN,2ITN,0.7311739921569824,56,S,I,F:\GENESIS Studio\genesis-studio\packages\engines-py\.pdb_cache\2ITN,A
1128,ThermoMPNN,2ITN,0.678303599357605,56,S,K,F:\GENESIS Studio\genesis-studio\packages\engines-py\.pdb_cache\2ITN,A
1129,ThermoMPNN,2ITN,0.5982163548469543,56,S,L,F:\GENESIS Studio\genesis-studio\packages\engines-py\.pdb_cache\2ITN,A
1130,ThermoMPNN,2ITN,0.5665278434753418,56,S,M,F:\GENESIS Studio\genesis-studio\packages\engines-py\.pdb_cache\2ITN,A
1131,ThermoMPNN,2ITN,0.20293796062469482,56,S,N,F:\GENESIS Studio\genesis-studio\packages\engines-py\.pdb_cache\2ITN,A
1132,ThermoMPNN,2ITN,0.6708810329437256,56,S,P,F:\GENESIS Studio\genesis-studio\packages\engines-py\.pdb_cache\2ITN,A
1133,ThermoMPNN,2ITN,0.509256899356842,56,S,Q,F:\GENESIS Studio\genesis-studio\packages\engines-py\.pdb_cache\2ITN,A
1134,ThermoMPNN,2ITN,0.7297172546386719,56,S,R,F:\GENESIS Studio\genesis-studio\packages\engines-py\.pdb_cache\2ITN,A
1135,ThermoMPNN,2ITN,0.0,56,S,S,F:\GENESIS Studio\genesis-studio\packages\engines-py\.pdb_cache\2ITN,A
1136,ThermoMPNN,2ITN,0.19107425212860107,56,S,T,F:\GENESIS Studio\genesis-studio\packages\engines-py\.pdb_cache\2ITN,A
1137,ThermoMPNN,2ITN,0.7394150495529175,56,S,V,F:\GENESIS Studio\genesis-studio\packages\engines-py\.pdb_cache\2ITN,A
1138,ThermoMPNN,2ITN,0.5870417952537537,56,S,W,F:\GENESIS Studio\genesis-studio\packages\engines-py\.pdb_cache\2ITN,A
1139,ThermoMPNN,2ITN,0.8387449979782104,56,S,Y,F:\GENESIS Studio\genesis-studio\packages\engines-py\.pdb_cache\2ITN,A
1140,ThermoMPNN,2ITN,0.1299315094947815,57,P,A,F:\GENESIS Studio\genesis-studio\packages\engines-py\.pdb_cache\2ITN,A
1141,ThermoMPNN,2ITN,0.011085987091064453,57,P,C,F:\GENESIS Studio\genesis-studio\packages\engines-py\.pdb_cache\2ITN,A
1142,ThermoMPNN,2ITN,0.11643123626708984,57,P,D,F:\GENESIS Studio\genesis-studio\packages\engines-py\.pdb_cache\2ITN,A
1143,ThermoMPNN,2ITN,0.006098031997680664,57,P,E,F:\GENESIS Studio\genesis-studio\packages\engines-py\.pdb_cache\2ITN,A
1144,ThermoMPNN,2ITN,0.3794328570365906,57,P,F,F:\GENESIS Studio\genesis-studio\packages\engines-py\.pdb_cache\2ITN,A
1145,ThermoMPNN,2ITN,0.42123234272003174,57,P,G,F:\GENESIS Studio\genesis-studio\packages\engines-py\.pdb_cache\2ITN,A
1146,ThermoMPNN,2ITN,0.2706226110458374,57,P,H,F:\GENESIS Studio\genesis-studio\packages\engines-py\.pdb_cache\2ITN,A
1147,ThermoMPNN,2ITN,0.22154992818832397,57,P,I,F:\GENESIS Studio\genesis-studio\packages\engines-py\.pdb_cache\2ITN,A
1148,ThermoMPNN,2ITN,0.353360116481781,57,P,K,F:\GENESIS Studio\genesis-studio\packages\engines-py\.pdb_cache\2ITN,A
1149,ThermoMPNN,2ITN,0.10000878572463989,57,P,L,F:\GENESIS Studio\genesis-studio\packages\engines-py\.pdb_cache\2ITN,A
1150,ThermoMPNN,2ITN,0.19291949272155762,57,P,M,F:\GENESIS Studio\genesis-studio\packages\engines-py\.pdb_cache\2ITN,A
1151,ThermoMPNN,2ITN,0.28418827056884766,57,P,N,F:\GENESIS Studio\genesis-studio\packages\engines-py\.pdb_cache\2ITN,A
1152,ThermoMPNN,2ITN,0.0,57,P,P,F:\GENESIS Studio\genesis-studio\packages\engines-py\.pdb_cache\2ITN,A
1153,ThermoMPNN,2ITN,0.18539100885391235,57,P,Q,F:\GENESIS Studio\genesis-studio\packages\engines-py\.pdb_cache\2ITN,A
1154,ThermoMPNN,2ITN,0.39656418561935425,57,P,R,F:\GENESIS Studio\genesis-studio\packages\engines-py\.pdb_cache\2ITN,A
1155,ThermoMPNN,2ITN,0.2784930467605591,57,P,S,F:\GENESIS Studio\genesis-studio\packages\engines-py\.pdb_cache\2ITN,A
1156,ThermoMPNN,2ITN,0.3452109098434448,57,P,T,F:\GENESIS Studio\genesis-studio\packages\engines-py\.pdb_cache\2ITN,A
1157,ThermoMPNN,2ITN,0.2819870710372925,57,P,V,F:\GENESIS Studio\genesis-studio\packages\engines-py\.pdb_cache\2ITN,A
1158,ThermoMPNN,2ITN,0.2117632031440735,57,P,W,F:\GENESIS Studio\genesis-studio\packages\engines-py\.pdb_cache\2ITN,A
1159,ThermoMPNN,2ITN,0.34040212631225586,57,P,Y,F:\GENESIS Studio\genesis-studio\packages\engines-py\.pdb_cache\2ITN,A
1160,ThermoMPNN,2ITN,-0.051240503787994385,58,K,A,F:\GENESIS Studio\genesis-studio\packages\engines-py\.pdb_cache\2ITN,A
1161,ThermoMPNN,2ITN,0.02660346031188965,58,K,C,F:\GENESIS Studio\genesis-studio\packages\engines-py\.pdb_cache\2ITN,A
1162,ThermoMPNN,2ITN,0.2502898573875427,58,K,D,F:\GENESIS Studio\genesis-studio\packages\engines-py\.pdb_cache\2ITN,A
1163,ThermoMPNN,2ITN,-0.008427977561950684,58,K,E,F:\GENESIS Studio\genesis-studio\packages\engines-py\.pdb_cache\2ITN,A
1164,ThermoMPNN,2ITN,0.23028069734573364,58,K,F,F:\GENESIS Studio\genesis-studio\packages\engines-py\.pdb_cache\2ITN,A
1165,ThermoMPNN,2ITN,0.2786741852760315,58,K,G,F:\GENESIS Studio\genesis-studio\packages\engines-py\.pdb_cache\2ITN,A
1166,ThermoMPNN,2ITN,0.17911797761917114,58,K,H,F:\GENESIS Studio\genesis-studio\packages\engines-py\.pdb_cache\2ITN,A
1167,ThermoMPNN,2ITN,0.14538490772247314,58,K,I,F:\GENESIS Studio\genesis-studio\packages\engines-py\.pdb_cache\2ITN,A
1168,ThermoMPNN,2ITN,0.0,58,K,K,F:\GENESIS Studio\genesis-studio\packages\engines-py\.pdb_cache\2ITN,A
1169,ThermoMPNN,2ITN,0.12468850612640381,58,K,L,F:\GENESIS Studio\genesis-studio\packages\engines-py\.pdb_cache\2ITN,A
1170,ThermoMPNN,2ITN,0.16950643062591553,58,K,M,F:\GENESIS Studio\genesis-studio\packages\engines-py\.pdb_cache\2ITN,A
1171,ThermoMPNN,2ITN,0.2216009497642517,58,K,N,F:\GENESIS Studio\genesis-studio\packages\engines-py\.pdb_cache\2ITN,A
1172,ThermoMPNN,2ITN,0.4768297076225281,58,K,P,F:\GENESIS Studio\genesis-studio\packages\engines-py\.pdb_cache\2ITN,A
1173,ThermoMPNN,2ITN,0.07593291997909546,58,K,Q,F:\GENESIS Studio\genesis-studio\packages\engines-py\.pdb_cache\2ITN,A
1174,ThermoMPNN,2ITN,0.012029111385345459,58,K,R,F:\GENESIS Studio\genesis-studio\packages\engines-py\.pdb_cache\2ITN,A
1175,ThermoMPNN,2ITN,0.1394892930984497,58,K,S,F:\GENESIS Studio\genesis-studio\packages\engines-py\.pdb_cache\2ITN,A
1176,ThermoMPNN,2ITN,0.26295894384384155,58,K,T,F:\GENESIS Studio\genesis-studio\packages\engines-py\.pdb_cache\2ITN,A
1177,ThermoMPNN,2ITN,0.1637963056564331,58,K,V,F:\GENESIS Studio\genesis-studio\packages\engines-py\.pdb_cache\2ITN,A
1178,ThermoMPNN,2ITN,0.1534605622291565,58,K,W,F:\GENESIS Studio\genesis-studio\packages\engines-py\.pdb_cache\2ITN,A
1179,ThermoMPNN,2ITN,0.19649392366409302,58,K,Y,F:\GENESIS Studio\genesis-studio\packages\engines-py\.pdb_cache\2ITN,A
1180,ThermoMPNN,2ITN,0.0,59,A,A,F:\GENESIS Studio\genesis-studio\packages\engines-py\.pdb_cache\2ITN,A
1181,ThermoMPNN,2ITN,-0.20143365859985352,59,A,C,F:\GENESIS Studio\genesis-studio\packages\engines-py\.pdb_cache\2ITN,A
1182,ThermoMPNN,2ITN,-0.09652489423751831,59,A,D,F:\GENESIS Studio\genesis-studio\packages\engines-py\.pdb_cache\2ITN,A
1183,ThermoMPNN,2ITN,-0.19068622589111328,59,A,E,F:\GENESIS Studio\genesis-studio\packages\engines-py\.pdb_cache\2ITN,A
1184,ThermoMPNN,2ITN,-0.0018908977508544922,59,A,F,F:\GENESIS Studio\genesis-studio\packages\engines-py\.pdb_cache\2ITN,A
1185,ThermoMPNN,2ITN,0.3144659399986267,59,A,G,F:\GENESIS Studio\genesis-studio\packages\engines-py\.pdb_cache\2ITN,A
1186,ThermoMPNN,2ITN,0.006817817687988281,59,A,H,F:\GENESIS Studio\genesis-studio\packages\engines-py\.pdb_cache\2ITN,A
1187,ThermoMPNN,2ITN,-0.010581791400909424,59,A,I,F:\GENESIS Studio\genesis-studio\packages\engines-py\.pdb_cache\2ITN,A
1188,ThermoMPNN,2ITN,0.19277000427246094,59,A,K,F:\GENESIS Studio\genesis-studio\packages\engines-py\.pdb_cache\2ITN,A
1189,ThermoMPNN,2ITN,-0.16391313076019287,59,A,L,F:\GENESIS Studio\genesis-studio\packages\engines-py\.pdb_cache\2ITN,A
1190,ThermoMPNN,2ITN,-0.14186841249465942,59,A,M,F:\GENESIS Studio\genesis-studio\packages\engines-py\.pdb_cache\2ITN,A
1191,ThermoMPNN,2ITN,0.07448792457580566,59,A,N,F:\GENESIS Studio\genesis-studio\packages\engines-py\.pdb_cache\2ITN,A
1192,ThermoMPNN,2ITN,0.7104077935218811,59,A,P,F:\GENESIS Studio\genesis-studio\packages\engines-py\.pdb_cache\2ITN,A
1193,ThermoMPNN,2ITN,-0.12787294387817383,59,A,Q,F:\GENESIS Studio\genesis-studio\packages\engines-py\.pdb_cache\2ITN,A
1194,ThermoMPNN,2ITN,0.24544334411621094,59,A,R,F:\GENESIS Studio\genesis-studio\packages\engines-py\.pdb_cache\2ITN,A
1195,ThermoMPNN,2ITN,0.1301116943359375,59,A,S,F:\GENESIS Studio\genesis-studio\packages\engines-py\.pdb_cache\2ITN,A
1196,ThermoMPNN,2ITN,0.08155232667922974,59,A,T,F:\GENESIS Studio\genesis-studio\packages\engines-py\.pdb_cache\2ITN,A
1197,ThermoMPNN,2ITN,-0.029093801975250244,59,A,V,F:\GENESIS Studio\genesis-studio\packages\engines-py\.pdb_cache\2ITN,A
1198,ThermoMPNN,2ITN,-0.14453697204589844,59,A,W,F:\GENESIS Studio\genesis-studio\packages\engines-py\.pdb_cache\2ITN,A
1199,ThermoMPNN,2ITN,0.0005472302436828613,59,A,Y,F:\GENESIS Studio\genesis-studio\packages\engines-py\.pdb_cache\2ITN,A
1200,ThermoMPNN,2ITN,0.13007938861846924,60,N,A,F:\GENESIS Studio\genesis-studio\packages\engines-py\.pdb_cache\2ITN,A
1201,ThermoMPNN,2ITN,-0.47224313020706177,60,N,C,F:\GENESIS Studio\genesis-studio\packages\engines-py\.pdb_cache\2ITN,A
1202,ThermoMPNN,2ITN,0.3946269750595093,60,N,D,F:\GENESIS Studio\genesis-studio\packages\engines-py\.pdb_cache\2ITN,A
1203,ThermoMPNN,2ITN,0.2658958435058594,60,N,E,F:\GENESIS Studio\genesis-studio\packages\engines-py\.pdb_cache\2ITN,A
1204,ThermoMPNN,2ITN,-0.18861687183380127,60,N,F,F:\GENESIS Studio\genesis-studio\packages\engines-py\.pdb_cache\2ITN,A
1205,ThermoMPNN,2ITN,0.5620705485343933,60,N,G,F:\GENESIS Studio\genesis-studio\packages\engines-py\.pdb_cache\2ITN,A
1206,ThermoMPNN,2ITN,-0.253237247467041,60,N,H,F:\GENESIS Studio\genesis-studio\packages\engines-py\.pdb_cache\2ITN,A
1207,ThermoMPNN,2ITN,-0.6089537739753723,60,N,I,F:\GENESIS Studio\genesis-studio\packages\engines-py\.pdb_cache\2ITN,A
1208,ThermoMPNN,2ITN,-0.12478429079055786,60,N,K,F:\GENESIS Studio\genesis-studio\packages\engines-py\.pdb_cache\2ITN,A
1209,ThermoMPNN,2ITN,-0.3780035376548767,60,N,L,F:\GENESIS Studio\genesis-studio\packages\engines-py\.pdb_cache\2ITN,A
1210,ThermoMPNN,2ITN,-0.2580983638763428,60,N,M,F:\GENESIS Studio\genesis-studio\packages\engines-py\.pdb_cache\2ITN,A
1211,ThermoMPNN,2ITN,0.0,60,N,N,F:\GENESIS Studio\genesis-studio\packages\engines-py\.pdb_cache\2ITN,A
1212,ThermoMPNN,2ITN,0.949799656867981,60,N,P,F:\GENESIS Studio\genesis-studio\packages\engines-py\.pdb_cache\2ITN,A
1213,ThermoMPNN,2ITN,-0.032409846782684326,60,N,Q,F:\GENESIS Studio\genesis-studio\packages\engines-py\.pdb_cache\2ITN,A
1214,ThermoMPNN,2ITN,-0.1291561722755432,60,N,R,F:\GENESIS Studio\genesis-studio\packages\engines-py\.pdb_cache\2ITN,A
1215,ThermoMPNN,2ITN,0.14060884714126587,60,N,S,F:\GENESIS Studio\genesis-studio\packages\engines-py\.pdb_cache\2ITN,A
1216,ThermoMPNN,2ITN,0.009446561336517334,60,N,T,F:\GENESIS Studio\genesis-studio\packages\engines-py\.pdb_cache\2ITN,A
1217,ThermoMPNN,2ITN,-0.41136986017227173,60,N,V,F:\GENESIS Studio\genesis-studio\packages\engines-py\.pdb_cache\2ITN,A
1218,ThermoMPNN,2ITN,-0.3094712495803833,60,N,W,F:\GENESIS Studio\genesis-studio\packages\engines-py\.pdb_cache\2ITN,A
1219,ThermoMPNN,2ITN,-0.3121904134750366,60,N,Y,F:\GENESIS Studio\genesis-studio\packages\engines-py\.pdb_cache\2ITN,A
1220,ThermoMPNN,2ITN,0.2506211996078491,61,K,A,F:\GENESIS Studio\genesis-studio\packages\engines-py\.pdb_cache\2ITN,A
1221,ThermoMPNN,2ITN,0.2303701639175415,61,K,C,F:\GENESIS Studio\genesis-studio\packages\engines-py\.pdb_cache\2ITN,A
1222,ThermoMPNN,2ITN,0.7265079617500305,61,K,D,F:\GENESIS Studio\genesis-studio\packages\engines-py\.pdb_cache\2ITN,A
1223,ThermoMPNN,2ITN,0.41327404975891113,61,K,E,F:\GENESIS Studio\genesis-studio\packages\engines-py\.pdb_cache\2ITN,A
1224,ThermoMPNN,2ITN,0.43230581283569336,61,K,F,F:\GENESIS Studio\genesis-studio\packages\engines-py\.pdb_cache\2ITN,A
1225,ThermoMPNN,2ITN,0.7540909051895142,61,K,G,F:\GENESIS Studio\genesis-studio\packages\engines-py\.pdb_cache\2ITN,A
1226,ThermoMPNN,2ITN,0.44291168451309204,61,K,H,F:\GENESIS Studio\genesis-studio\packages\engines-py\.pdb_cache\2ITN,A
1227,ThermoMPNN,2ITN,0.24294495582580566,61,K,I,F:\GENESIS Studio\genesis-studio\packages\engines-py\.pdb_cache\2ITN,A
1228,ThermoMPNN,2ITN,0.0,61,K,K,F:\GENESIS Studio\genesis-studio\packages\engines-py\.pdb_cache\2ITN,A
1229,ThermoMPNN,2ITN,0.19561898708343506,61,K,L,F:\GENESIS Studio\genesis-studio\packages\engines-py\.pdb_cache\2ITN,A
1230,ThermoMPNN,2ITN,0.1898517608642578,61,K,M,F:\GENESIS Studio\genesis-studio\packages\engines-py\.pdb_cache\2ITN,A
1231,ThermoMPNN,2ITN,0.47826826572418213,61,K,N,F:\GENESIS Studio\genesis-studio\packages\engines-py\.pdb_cache\2ITN,A
1232,ThermoMPNN,2ITN,1.7178759574890137,61,K,P,F:\GENESIS Studio\genesis-studio\packages\engines-py\.pdb_cache\2ITN,A
1233,ThermoMPNN,2ITN,0.18351352214813232,61,K,Q,F:\GENESIS Studio\genesis-studio\packages\engines-py\.pdb_cache\2ITN,A
1234,ThermoMPNN,2ITN,-0.0076743364334106445,61,K,R,F:\GENESIS Studio\genesis-studio\packages\engines-py\.pdb_cache\2ITN,A
1235,ThermoMPNN,2ITN,0.4771239757537842,61,K,S,F:\GENESIS Studio\genesis-studio\packages\engines-py\.pdb_cache\2ITN,A
1236,ThermoMPNN,2ITN,0.4790588617324829,61,K,T,F:\GENESIS Studio\genesis-studio\packages\engines-py\.pdb_cache\2ITN,A
1237,ThermoMPNN,2ITN,0.38931041955947876,61,K,V,F:\GENESIS Studio\genesis-studio\packages\engines-py\.pdb_cache\2ITN,A
1238,ThermoMPNN,2ITN,0.3828992247581482,61,K,W,F:\GENESIS Studio\genesis-studio\packages\engines-py\.pdb_cache\2ITN,A
1239,ThermoMPNN,2ITN,0.4348561763763428,61,K,Y,F:\GENESIS Studio\genesis-studio\packages\engines-py\.pdb_cache\2ITN,A
1240,ThermoMPNN,2ITN,-0.0055716633796691895,62,E,A,F:\GENESIS Studio\genesis-studio\packages\engines-py\.pdb_cache\2ITN,A
1241,ThermoMPNN,2ITN,-0.028715848922729492,62,E,C,F:\GENESIS Studio\genesis-studio\packages\engines-py\.pdb_cache\2ITN,A
1242,ThermoMPNN,2ITN,0.30922597646713257,62,E,D,F:\GENESIS Studio\genesis-studio\packages\engines-py\.pdb_cache\2ITN,A
1243,ThermoMPNN,2ITN,0.0,62,E,E,F:\GENESIS Studio\genesis-studio\packages\engines-py\.pdb_cache\2ITN,A
1244,ThermoMPNN,2ITN,0.28547370433807373,62,E,F,F:\GENESIS Studio\genesis-studio\packages\engines-py\.pdb_cache\2ITN,A
1245,ThermoMPNN,2ITN,0.5725715160369873,62,E,G,F:\GENESIS Studio\genesis-studio\packages\engines-py\.pdb_cache\2ITN,A
1246,ThermoMPNN,2ITN,0.31289201974868774,62,E,H,F:\GENESIS Studio\genesis-studio\packages\engines-py\.pdb_cache\2ITN,A
1247,ThermoMPNN,2ITN,0.007549643516540527,62,E,I,F:\GENESIS Studio\genesis-studio\packages\engines-py\.pdb_cache\2ITN,A
1248,ThermoMPNN,2ITN,0.02437072992324829,62,E,K,F:\GENESIS Studio\genesis-studio\packages\engines-py\.pdb_cache\2ITN,A
1249,ThermoMPNN,2ITN,-0.0371364951133728,62,E,L,F:\GENESIS Studio\genesis-studio\packages\engines-py\.pdb_cache\2ITN,A
1250,ThermoMPNN,2ITN,-0.0019131898880004883,62,E,M,F:\GENESIS Studio\genesis-studio\packages\engines-py\.pdb_cache\2ITN,A
1251,ThermoMPNN,2ITN,0.31666499376296997,62,E,N,F:\GENESIS Studio\genesis-studio\packages\engines-py\.pdb_cache\2ITN,A
1252,ThermoMPNN,2ITN,1.532511830329895,62,E,P,F:\GENESIS Studio\genesis-studio\packages\engines-py\.pdb_cache\2ITN,A
1253,ThermoMPNN,2ITN,0.03449732065200806,62,E,Q,F:\GENESIS Studio\genesis-studio\packages\engines-py\.pdb_cache\2ITN,A
1254,ThermoMPNN,2ITN,0.01650601625442505,62,E,R,F:\GENESIS Studio\genesis-studio\packages\engines-py\.pdb_cache\2ITN,A
1255,ThermoMPNN,2ITN,0.2326105237007141,62,E,S,F:\GENESIS Studio\genesis-studio\packages\engines-py\.pdb_cache\2ITN,A
1256,ThermoMPNN,2ITN,0.2844077944755554,62,E,T,F:\GENESIS Studio\genesis-studio\packages\engines-py\.pdb_cache\2ITN,A
1257,ThermoMPNN,2ITN,0.14650285243988037,62,E,V,F:\GENESIS Studio\genesis-studio\packages\engines-py\.pdb_cache\2ITN,A
1258,ThermoMPNN,2ITN,0.20697510242462158,62,E,W,F:\GENESIS Studio\genesis-studio\packages\engines-py\.pdb_cache\2ITN,A
1259,ThermoMPNN,2ITN,0.3055287003517151,62,E,Y,F:\GENESIS Studio\genesis-studio\packages\engines-py\.pdb_cache\2ITN,A
1260,ThermoMPNN,2ITN,1.1388448476791382,63,I,A,F:\GENESIS Studio\genesis-studio\packages\engines-py\.pdb_cache\2ITN,A
1261,ThermoMPNN,2ITN,0.7987046241760254,63,I,C,F:\GENESIS Studio\genesis-studio\packages\engines-py\.pdb_cache\2ITN,A
1262,ThermoMPNN,2ITN,1.8666719198226929,63,I,D,F:\GENESIS Studio\genesis-studio\packages\engines-py\.pdb_cache\2ITN,A
1263,ThermoMPNN,2ITN,1.58408522605896,63,I,E,F:\GENESIS Studio\genesis-studio\packages\engines-py\.pdb_cache\2ITN,A
1264,ThermoMPNN,2ITN,0.6464638710021973,63,I,F,F:\GENESIS Studio\genesis-studio\packages\engines-py\.pdb_cache\2ITN,A
1265,ThermoMPNN,2ITN,1.7380263805389404,63,I,G,F:\GENESIS Studio\genesis-studio\packages\engines-py\.pdb_cache\2ITN,A
1266,ThermoMPNN,2ITN,1.2990823984146118,63,I,H,F:\GENESIS Studio\genesis-studio\packages\engines-py\.pdb_cache\2ITN,A
1267,ThermoMPNN,2ITN,0.0,63,I,I,F:\GENESIS Studio\genesis-studio\packages\engines-py\.pdb_cache\2ITN,A
1268,ThermoMPNN,2ITN,1.4380382299423218,63,I,K,F:\GENESIS Studio\genesis-studio\packages\engines-py\.pdb_cache\2ITN,A
1269,ThermoMPNN,2ITN,0.4159560203552246,63,I,L,F:\GENESIS Studio\genesis-studio\packages\engines-py\.pdb_cache\2ITN,A
1270,ThermoMPNN,2ITN,0.6813266277313232,63,I,M,F:\GENESIS Studio\genesis-studio\packages\engines-py\.pdb_cache\2ITN,A
1271,ThermoMPNN,2ITN,1.670536756515503,63,I,N,F:\GENESIS Studio\genesis-studio\packages\engines-py\.pdb_cache\2ITN,A
1272,ThermoMPNN,2ITN,1.8648500442504883,63,I,P,F:\GENESIS Studio\genesis-studio\packages\engines-py\.pdb_cache\2ITN,A
1273,ThermoMPNN,2ITN,1.4836286306381226,63,I,Q,F:\GENESIS Studio\genesis-studio\packages\engines-py\.pdb_cache\2ITN,A
1274,ThermoMPNN,2ITN,1.3963723182678223,63,I,R,F:\GENESIS Studio\genesis-studio\packages\engines-py\.pdb_cache\2ITN,A
1275,ThermoMPNN,2ITN,1.466208577156067,63,I,S,F:\GENESIS Studio\genesis-studio\packages\engines-py\.pdb_cache\2ITN,A
1276,ThermoMPNN,2ITN,1.2105913162231445,63,I,T,F:\GENESIS Studio\genesis-studio\packages\engines-py\.pdb_cache\2ITN,A
1277,ThermoMPNN,2ITN,0.47098100185394287,63,I,V,F:\GENESIS Studio\genesis-studio\packages\engines-py\.pdb_cache\2ITN,A
1278,ThermoMPNN,2ITN,0.6858768463134766,63,I,W,F:\GENESIS Studio\genesis-studio\packages\engines-py\.pdb_cache\2ITN,A
1279,ThermoMPNN,2ITN,0.7220442295074463,63,I,Y,F:\GENESIS Studio\genesis-studio\packages\engines-py\.pdb_cache\2ITN,A
1280,ThermoMPNN,2ITN,1.0914387702941895,64,L,A,F:\GENESIS Studio\genesis-studio\packages\engines-py\.pdb_cache\2ITN,A
1281,ThermoMPNN,2ITN,0.20038306713104248,64,L,C,F:\GENESIS Studio\genesis-studio\packages\engines-py\.pdb_cache\2ITN,A
1282,ThermoMPNN,2ITN,1.8286657333374023,64,L,D,F:\GENESIS Studio\genesis-studio\packages\engines-py\.pdb_cache\2ITN,A
1283,ThermoMPNN,2ITN,1.2030115127563477,64,L,E,F:\GENESIS Studio\genesis-studio\packages\engines-py\.pdb_cache\2ITN,A
1284,ThermoMPNN,2ITN,0.043840765953063965,64,L,F,F:\GENESIS Studio\genesis-studio\packages\engines-py\.pdb_cache\2ITN,A
1285,ThermoMPNN,2ITN,1.777204990386963,64,L,G,F:\GENESIS Studio\genesis-studio\packages\engines-py\.pdb_cache\2ITN,A
1286,ThermoMPNN,2ITN,1.049302339553833,64,L,H,F:\GENESIS Studio\genesis-studio\packages\engines-py\.pdb_cache\2ITN,A
1287,ThermoMPNN,2ITN,0.4574528932571411,64,L,I,F:\GENESIS Studio\genesis-studio\packages\engines-py\.pdb_cache\2ITN,A
1288,ThermoMPNN,2ITN,1.1562459468841553,64,L,K,F:\GENESIS Studio\genesis-studio\packages\engines-py\.pdb_cache\2ITN,A
1289,ThermoMPNN,2ITN,0.0,64,L,L,F:\GENESIS Studio\genesis-studio\packages\engines-py\.pdb_cache\2ITN,A
1290,ThermoMPNN,2ITN,0.14233505725860596,64,L,M,F:\GENESIS Studio\genesis-studio\packages\engines-py\.pdb_cache\2ITN,A
1291,ThermoMPNN,2ITN,1.5168378353118896,64,L,N,F:\GENESIS Studio\genesis-studio\packages\engines-py\.pdb_cache\2ITN,A
1292,ThermoMPNN,2ITN,2.472536563873291,64,L,P,F:\GENESIS Studio\genesis-studio\packages\engines-py\.pdb_cache\2ITN,A
1293,ThermoMPNN,2ITN,0.9229918718338013,64,L,Q,F:\GENESIS Studio\genesis-studio\packages\engines-py\.pdb_cache\2ITN,A
1294,ThermoMPNN,2ITN,1.1729110479354858,64,L,R,F:\GENESIS Studio\genesis-studio\packages\engines-py\.pdb_cache\2ITN,A
1295,ThermoMPNN,2ITN,1.318776249885559,64,L,S,F:\GENESIS Studio\genesis-studio\packages\engines-py\.pdb_cache\2ITN,A
1296,ThermoMPNN,2ITN,1.1469312906265259,64,L,T,F:\GENESIS Studio\genesis-studio\packages\engines-py\.pdb_cache\2ITN,A
1297,ThermoMPNN,2ITN,0.7102115154266357,64,L,V,F:\GENESIS Studio\genesis-studio\packages\engines-py\.pdb_cache\2ITN,A
1298,ThermoMPNN,2ITN,-0.14165866374969482,64,L,W,F:\GENESIS Studio\genesis-studio\packages\engines-py\.pdb_cache\2ITN,A
1299,ThermoMPNN,2ITN,0.21340250968933105,64,L,Y,F:\GENESIS Studio\genesis-studio\packages\engines-py\.pdb_cache\2ITN,A
1300,ThermoMPNN,2ITN,-0.4248623251914978,65,D,A,F:\GENESIS Studio\genesis-studio\packages\engines-py\.pdb_cache\2ITN,A
1301,ThermoMPNN,2ITN,-0.7270299792289734,65,D,C,F:\GENESIS Studio\genesis-studio\packages\engines-py\.pdb_cache\2ITN,A
1302,ThermoMPNN,2ITN,0.0,65,D,D,F:\GENESIS Studio\genesis-studio\packages\engines-py\.pdb_cache\2ITN,A
1303,ThermoMPNN,2ITN,-0.09187939763069153,65,D,E,F:\GENESIS Studio\genesis-studio\packages\engines-py\.pdb_cache\2ITN,A
1304,ThermoMPNN,2ITN,-0.4565970301628113,65,D,F,F:\GENESIS Studio\genesis-studio\packages\engines-py\.pdb_cache\2ITN,A
1305,ThermoMPNN,2ITN,-0.1494486927986145,65,D,G,F:\GENESIS Studio\genesis-studio\packages\engines-py\.pdb_cache\2ITN,A
1306,ThermoMPNN,2ITN,-0.6228774189949036,65,D,H,F:\GENESIS Studio\genesis-studio\packages\engines-py\.pdb_cache\2ITN,A
1307,ThermoMPNN,2ITN,-0.3109757900238037,65,D,I,F:\GENESIS Studio\genesis-studio\packages\engines-py\.pdb_cache\2ITN,A
1308,ThermoMPNN,2ITN,-1.058675765991211,65,D,K,F:\GENESIS Studio\genesis-studio\packages\engines-py\.pdb_cache\2ITN,A
1309,ThermoMPNN,2ITN,-0.6431478261947632,65,D,L,F:\GENESIS Studio\genesis-studio\packages\engines-py\.pdb_cache\2ITN,A
1310,ThermoMPNN,2ITN,-0.6822218894958496,65,D,M,F:\GENESIS Studio\genesis-studio\packages\engines-py\.pdb_cache\2ITN,A
1311,ThermoMPNN,2ITN,-0.5179794430732727,65,D,N,F:\GENESIS Studio\genesis-studio\packages\engines-py\.pdb_cache\2ITN,A
1312,ThermoMPNN,2ITN,0.7578661441802979,65,D,P,F:\GENESIS Studio\genesis-studio\packages\engines-py\.pdb_cache\2ITN,A
1313,ThermoMPNN,2ITN,-0.7773489356040955,65,D,Q,F:\GENESIS Studio\genesis-studio\packages\engines-py\.pdb_cache\2ITN,A
1314,ThermoMPNN,2ITN,-1.0939557552337646,65,D,R,F:\GENESIS Studio\genesis-studio\packages\engines-py\.pdb_cache\2ITN,A
1315,ThermoMPNN,2ITN,-0.36153459548950195,65,D,S,F:\GENESIS Studio\genesis-studio\packages\engines-py\.pdb_cache\2ITN,A
1316,ThermoMPNN,2ITN,-0.1095782220363617,65,D,T,F:\GENESIS Studio\genesis-studio\packages\engines-py\.pdb_cache\2ITN,A
1317,ThermoMPNN,2ITN,-0.23526865243911743,65,D,V,F:\GENESIS Studio\genesis-studio\packages\engines-py\.pdb_cache\2ITN,A
1318,ThermoMPNN,2ITN,-0.5138449668884277,65,D,W,F:\GENESIS Studio\genesis-studio\packages\engines-py\.pdb_cache\2ITN,A
1319,ThermoMPNN,2ITN,-0.38333648443222046,65,D,Y,F:\GENESIS Studio\genesis-studio\packages\engines-py\.pdb_cache\2ITN,A
1320,ThermoMPNN,2ITN,0.740889310836792,66,E,A,F:\GENESIS Studio\genesis-studio\packages\engines-py\.pdb_cache\2ITN,A
1321,ThermoMPNN,2ITN,0.21122539043426514,66,E,C,F:\GENESIS Studio\genesis-studio\packages\engines-py\.pdb_cache\2ITN,A
1322,ThermoMPNN,2ITN,0.4580371379852295,66,E,D,F:\GENESIS Studio\genesis-studio\packages\engines-py\.pdb_cache\2ITN,A
1323,ThermoMPNN,2ITN,0.0,66,E,E,F:\GENESIS Studio\genesis-studio\packages\engines-py\.pdb_cache\2ITN,A
1324,ThermoMPNN,2ITN,0.52341228723526,66,E,F,F:\GENESIS Studio\genesis-studio\packages\engines-py\.pdb_cache\2ITN,A
1325,ThermoMPNN,2ITN,1.0645534992218018,66,E,G,F:\GENESIS Studio\genesis-studio\packages\engines-py\.pdb_cache\2ITN,A
1326,ThermoMPNN,2ITN,0.7210931777954102,66,E,H,F:\GENESIS Studio\genesis-studio\packages\engines-py\.pdb_cache\2ITN,A
1327,ThermoMPNN,2ITN,0.2444140911102295,66,E,I,F:\GENESIS Studio\genesis-studio\packages\engines-py\.pdb_cache\2ITN,A
1328,ThermoMPNN,2ITN,1.087040662765503,66,E,K,F:\GENESIS Studio\genesis-studio\packages\engines-py\.pdb_cache\2ITN,A
1329,ThermoMPNN,2ITN,0.4256402254104614,66,E,L,F:\GENESIS Studio\genesis-studio\packages\engines-py\.pdb_cache\2ITN,A
1330,ThermoMPNN,2ITN,0.4719238877296448,66,E,M,F:\GENESIS Studio\genesis-studio\packages\engines-py\.pdb_cache\2ITN,A
1331,ThermoMPNN,2ITN,0.7500777244567871,66,E,N,F:\GENESIS Studio\genesis-studio\packages\engines-py\.pdb_cache\2ITN,A
1332,ThermoMPNN,2ITN,1.8264009952545166,66,E,P,F:\GENESIS Studio\genesis-studio\packages\engines-py\.pdb_cache\2ITN,A
1333,ThermoMPNN,2ITN,0.5944364666938782,66,E,Q,F:\GENESIS Studio\genesis-studio\packages\engines-py\.pdb_cache\2ITN,A
1334,ThermoMPNN,2ITN,1.1491398811340332,66,E,R,F:\GENESIS Studio\genesis-studio\packages\engines-py\.pdb_cache\2ITN,A
1335,ThermoMPNN,2ITN,0.7683600187301636,66,E,S,F:\GENESIS Studio\genesis-studio\packages\engines-py\.pdb_cache\2ITN,A
1336,ThermoMPNN,2ITN,0.5828073620796204,66,E,T,F:\GENESIS Studio\genesis-studio\packages\engines-py\.pdb_cache\2ITN,A
1337,ThermoMPNN,2ITN,0.3110193610191345,66,E,V,F:\GENESIS Studio\genesis-studio\packages\engines-py\.pdb_cache\2ITN,A
1338,ThermoMPNN,2ITN,0.559933602809906,66,E,W,F:\GENESIS Studio\genesis-studio\packages\engines-py\.pdb_cache\2ITN,A
1339,ThermoMPNN,2ITN,0.5795997381210327,66,E,Y,F:\GENESIS Studio\genesis-studio\packages\engines-py\.pdb_cache\2ITN,A
1340,ThermoMPNN,2ITN,0.0,67,A,A,F:\GENESIS Studio\genesis-studio\packages\engines-py\.pdb_cache\2ITN,A
1341,ThermoMPNN,2ITN,0.2549501657485962,67,A,C,F:\GENESIS Studio\genesis-studio\packages\engines-py\.pdb_cache\2ITN,A
1342,ThermoMPNN,2ITN,1.780240535736084,67,A,D,F:\GENESIS Studio\genesis-studio\packages\engines-py\.pdb_cache\2ITN,A
1343,ThermoMPNN,2ITN,1.330847978591919,67,A,E,F:\GENESIS Studio\genesis-studio\packages\engines-py\.pdb_cache\2ITN,A
1344,ThermoMPNN,2ITN,0.1982424259185791,67,A,F,F:\GENESIS Studio\genesis-studio\packages\engines-py\.pdb_cache\2ITN,A
1345,ThermoMPNN,2ITN,1.3691463470458984,67,A,G,F:\GENESIS Studio\genesis-studio\packages\engines-py\.pdb_cache\2ITN,A
1346,ThermoMPNN,2ITN,1.110645055770874,67,A,H,F:\GENESIS Studio\genesis-studio\packages\engines-py\.pdb_cache\2ITN,A
1347,ThermoMPNN,2ITN,-0.15443634986877441,67,A,I,F:\GENESIS Studio\genesis-studio\packages\engines-py\.pdb_cache\2ITN,A
1348,ThermoMPNN,2ITN,1.2694660425186157,67,A,K,F:\GENESIS Studio\genesis-studio\packages\engines-py\.pdb_cache\2ITN,A
1349,ThermoMPNN,2ITN,-0.22060251235961914,67,A,L,F:\GENESIS Studio\genesis-studio\packages\engines-py\.pdb_cache\2ITN,A
1350,ThermoMPNN,2ITN,0.12156271934509277,67,A,M,F:\GENESIS Studio\genesis-studio\packages\engines-py\.pdb_cache\2ITN,A
1351,ThermoMPNN,2ITN,1.5249688625335693,67,A,N,F:\GENESIS Studio\genesis-studio\packages\engines-py\.pdb_cache\2ITN,A
1352,ThermoMPNN,2ITN,2.3138034343719482,67,A,P,F:\GENESIS Studio\genesis-studio\packages\engines-py\.pdb_cache\2ITN,A
1353,ThermoMPNN,2ITN,1.2239832878112793,67,A,Q,F:\GENESIS Studio\genesis-studio\packages\engines-py\.pdb_cache\2ITN,A
1354,ThermoMPNN,2ITN,1.2183048725128174,67,A,R,F:\GENESIS Studio\genesis-studio\packages\engines-py\.pdb_cache\2ITN,A
1355,ThermoMPNN,2ITN,1.0487720966339111,67,A,S,F:\GENESIS Studio\genesis-studio\packages\engines-py\.pdb_cache\2ITN,A
1356,ThermoMPNN,2ITN,1.0817670822143555,67,A,T,F:\GENESIS Studio\genesis-studio\packages\engines-py\.pdb_cache\2ITN,A
1357,ThermoMPNN,2ITN,0.08514130115509033,67,A,V,F:\GENESIS Studio\genesis-studio\packages\engines-py\.pdb_cache\2ITN,A
1358,ThermoMPNN,2ITN,0.23329639434814453,67,A,W,F:\GENESIS Studio\genesis-studio\packages\engines-py\.pdb_cache\2ITN,A
1359,ThermoMPNN,2ITN,0.2697657346725464,67,A,Y,F:\GENESIS Studio\genesis-studio\packages\engines-py\.pdb_cache\2ITN,A
1360,ThermoMPNN,2ITN,0.5174169540405273,68,Y,A,F:\GENESIS Studio\genesis-studio\packages\engines-py\.pdb_cache\2ITN,A
1361,ThermoMPNN,2ITN,0.004303574562072754,68,Y,C,F:\GENESIS Studio\genesis-studio\packages\engines-py\.pdb_cache\2ITN,A
1362,ThermoMPNN,2ITN,1.2852230072021484,68,Y,D,F:\GENESIS Studio\genesis-studio\packages\engines-py\.pdb_cache\2ITN,A
1363,ThermoMPNN,2ITN,0.9568927884101868,68,Y,E,F:\GENESIS Studio\genesis-studio\packages\engines-py\.pdb_cache\2ITN,A
1364,ThermoMPNN,2ITN,0.017620205879211426,68,Y,F,F:\GENESIS Studio\genesis-studio\packages\engines-py\.pdb_cache\2ITN,A
1365,ThermoMPNN,2ITN,1.3340153694152832,68,Y,G,F:\GENESIS Studio\genesis-studio\packages\engines-py\.pdb_cache\2ITN,A
1366,ThermoMPNN,2ITN,0.3479546904563904,68,Y,H,F:\GENESIS Studio\genesis-studio\packages\engines-py\.pdb_cache\2ITN,A
1367,ThermoMPNN,2ITN,0.12088489532470703,68,Y,I,F:\GENESIS Studio\genesis-studio\packages\engines-py\.pdb_cache\2ITN,A
1368,ThermoMPNN,2ITN,-0.02564716339111328,68,Y,K,F:\GENESIS Studio\genesis-studio\packages\engines-py\.pdb_cache\2ITN,A
1369,ThermoMPNN,2ITN,-0.1398622989654541,68,Y,L,F:\GENESIS Studio\genesis-studio\packages\engines-py\.pdb_cache\2ITN,A
1370,ThermoMPNN,2ITN,-0.053253173828125,68,Y,M,F:\GENESIS Studio\genesis-studio\packages\engines-py\.pdb_cache\2ITN,A
1371,ThermoMPNN,2ITN,0.6297004222869873,68,Y,N,F:\GENESIS Studio\genesis-studio\packages\engines-py\.pdb_cache\2ITN,A
1372,ThermoMPNN,2ITN,2.777114152908325,68,Y,P,F:\GENESIS Studio\genesis-studio\packages\engines-py\.pdb_cache\2ITN,A
1373,ThermoMPNN,2ITN,0.35215771198272705,68,Y,Q,F:\GENESIS Studio\genesis-studio\packages\engines-py\.pdb_cache\2ITN,A
1374,ThermoMPNN,2ITN,-0.28625190258026123,68,Y,R,F:\GENESIS Studio\genesis-studio\packages\engines-py\.pdb_cache\2ITN,A
1375,ThermoMPNN,2ITN,0.7467495799064636,68,Y,S,F:\GENESIS Studio\genesis-studio\packages\engines-py\.pdb_cache\2ITN,A
1376,ThermoMPNN,2ITN,0.6012811660766602,68,Y,T,F:\GENESIS Studio\genesis-studio\packages\engines-py\.pdb_cache\2ITN,A
1377,ThermoMPNN,2ITN,0.38985419273376465,68,Y,V,F:\GENESIS Studio\genesis-studio\packages\engines-py\.pdb_cache\2ITN,A
1378,ThermoMPNN,2ITN,0.03992104530334473,68,Y,W,F:\GENESIS Studio\genesis-studio\packages\engines-py\.pdb_cache\2ITN,A
1379,ThermoMPNN,2ITN,0.0,68,Y,Y,F:\GENESIS Studio\genesis-studio\packages\engines-py\.pdb_cache\2ITN,A
1380,ThermoMPNN,2ITN,1.1348319053649902,69,V,A,F:\GENESIS Studio\genesis-studio\packages\engines-py\.pdb_cache\2ITN,A
1381,ThermoMPNN,2ITN,0.3665449619293213,69,V,C,F:\GENESIS Studio\genesis-studio\packages\engines-py\.pdb_cache\2ITN,A
1382,ThermoMPNN,2ITN,2.1527717113494873,69,V,D,F:\GENESIS Studio\genesis-studio\packages\engines-py\.pdb_cache\2ITN,A
1383,ThermoMPNN,2ITN,1.848585605621338,69,V,E,F:\GENESIS Studio\genesis-studio\packages\engines-py\.pdb_cache\2ITN,A
1384,ThermoMPNN,2ITN,0.10190439224243164,69,V,F,F:\GENESIS Studio\genesis-studio\packages\engines-py\.pdb_cache\2ITN,A
1385,ThermoMPNN,2ITN,1.8789680004119873,69,V,G,F:\GENESIS Studio\genesis-studio\packages\engines-py\.pdb_cache\2ITN,A
1386,ThermoMPNN,2ITN,0.994723916053772,69,V,H,F:\GENESIS Studio\genesis-studio\packages\engines-py\.pdb_cache\2ITN,A
1387,ThermoMPNN,2ITN,0.051671504974365234,69,V,I,F:\GENESIS Studio\genesis-studio\packages\engines-py\.pdb_cache\2ITN,A
1388,ThermoMPNN,2ITN,1.178166389465332,69,V,K,F:\GENESIS Studio\genesis-studio\packages\engines-py\.pdb_cache\2ITN,A
1389,ThermoMPNN,2ITN,0.34689509868621826,69,V,L,F:\GENESIS Studio\genesis-studio\packages\engines-py\.pdb_cache\2ITN,A
1390,ThermoMPNN,2ITN,0.5672709941864014,69,V,M,F:\GENESIS Studio\genesis-studio\packages\engines-py\.pdb_cache\2ITN,A
1391,ThermoMPNN,2ITN,1.5348870754241943,69,V,N,F:\GENESIS Studio\genesis-studio\packages\engines-py\.pdb_cache\2ITN,A
1392,ThermoMPNN,2ITN,2.297659158706665,69,V,P,F:\GENESIS Studio\genesis-studio\packages\engines-py\.pdb_cache\2ITN,A
1393,ThermoMPNN,2ITN,1.1993159055709839,69,V,Q,F:\GENESIS Studio\genesis-studio\packages\engines-py\.pdb_cache\2ITN,A
1394,ThermoMPNN,2ITN,1.2573955059051514,69,V,R,F:\GENESIS Studio\genesis-studio\packages\engines-py\.pdb_cache\2ITN,A
1395,ThermoMPNN,2ITN,1.5199921131134033,69,V,S,F:\GENESIS Studio\genesis-studio\packages\engines-py\.pdb_cache\2ITN,A
1396,ThermoMPNN,2ITN,1.244039535522461,69,V,T,F:\GENESIS Studio\genesis-studio\packages\engines-py\.pdb_cache\2ITN,A
1397,ThermoMPNN,2ITN,0.0,69,V,V,F:\GENESIS Studio\genesis-studio\packages\engines-py\.pdb_cache\2ITN,A
1398,ThermoMPNN,2ITN,-0.22411322593688965,69,V,W,F:\GENESIS Studio\genesis-studio\packages\engines-py\.pdb_cache\2ITN,A
1399,ThermoMPNN,2ITN,-0.027240753173828125,69,V,Y,F:\GENESIS Studio\genesis-studio\packages\engines-py\.pdb_cache\2ITN,A
1400,ThermoMPNN,2ITN,1.8767321109771729,70,M,A,F:\GENESIS Studio\genesis-studio\packages\engines-py\.pdb_cache\2ITN,A
1401,ThermoMPNN,2ITN,1.34220290184021,70,M,C,F:\GENESIS Studio\genesis-studio\packages\engines-py\.pdb_cache\2ITN,A
1402,ThermoMPNN,2ITN,2.4398794174194336,70,M,D,F:\GENESIS Studio\genesis-studio\packages\engines-py\.pdb_cache\2ITN,A
1403,ThermoMPNN,2ITN,2.199997901916504,70,M,E,F:\GENESIS Studio\genesis-studio\packages\engines-py\.pdb_cache\2ITN,A
1404,ThermoMPNN,2ITN,1.4931130409240723,70,M,F,F:\GENESIS Studio\genesis-studio\packages\engines-py\.pdb_cache\2ITN,A
1405,ThermoMPNN,2ITN,2.3382227420806885,70,M,G,F:\GENESIS Studio\genesis-studio\packages\engines-py\.pdb_cache\2ITN,A
1406,ThermoMPNN,2ITN,2.1417417526245117,70,M,H,F:\GENESIS Studio\genesis-studio\packages\engines-py\.pdb_cache\2ITN,A
1407,ThermoMPNN,2ITN,1.1339247226715088,70,M,I,F:\GENESIS Studio\genesis-studio\packages\engines-py\.pdb_cache\2ITN,A
1408,ThermoMPNN,2ITN,2.3551864624023438,70,M,K,F:\GENESIS Studio\genesis-studio\packages\engines-py\.pdb_cache\2ITN,A
1409,ThermoMPNN,2ITN,0.07258820533752441,70,M,L,F:\GENESIS Studio\genesis-studio\packages\engines-py\.pdb_cache\2ITN,A
1410,ThermoMPNN,2ITN,0.0,70,M,M,F:\GENESIS Studio\genesis-studio\packages\engines-py\.pdb_cache\2ITN,A
1411,ThermoMPNN,2ITN,2.3993797302246094,70,M,N,F:\GENESIS Studio\genesis-studio\packages\engines-py\.pdb_cache\2ITN,A
1412,ThermoMPNN,2ITN,3.2400014400482178,70,M,P,F:\GENESIS Studio\genesis-studio\packages\engines-py\.pdb_cache\2ITN,A
1413,ThermoMPNN,2ITN,1.6030690670013428,70,M,Q,F:\GENESIS Studio\genesis-studio\packages\engines-py\.pdb_cache\2ITN,A
1414,ThermoMPNN,2ITN,2.277231216430664,70,M,R,F:\GENESIS Studio\genesis-studio\packages\engines-py\.pdb_cache\2ITN,A
1415,ThermoMPNN,2ITN,2.181759834289551,70,M,S,F:\GENESIS Studio\genesis-studio\packages\engines-py\.pdb_cache\2ITN,A
1416,ThermoMPNN,2ITN,2.179856777191162,70,M,T,F:\GENESIS Studio\genesis-studio\packages\engines-py\.pdb_cache\2ITN,A
1417,ThermoMPNN,2ITN,1.7054188251495361,70,M,V,F:\GENESIS Studio\genesis-studio\packages\engines-py\.pdb_cache\2ITN,A
1418,ThermoMPNN,2ITN,1.8031593561172485,70,M,W,F:\GENESIS Studio\genesis-studio\packages\engines-py\.pdb_cache\2ITN,A
1419,ThermoMPNN,2ITN,1.806807041168213,70,M,Y,F:\GENESIS Studio\genesis-studio\packages\engines-py\.pdb_cache\2ITN,A
1420,ThermoMPNN,2ITN,0.0,71,A,A,F:\GENESIS Studio\genesis-studio\packages\engines-py\.pdb_cache\2ITN,A
1421,ThermoMPNN,2ITN,0.24327445030212402,71,A,C,F:\GENESIS Studio\genesis-studio\packages\engines-py\.pdb_cache\2ITN,A
1422,ThermoMPNN,2ITN,1.6714974641799927,71,A,D,F:\GENESIS Studio\genesis-studio\packages\engines-py\.pdb_cache\2ITN,A
1423,ThermoMPNN,2ITN,1.186490774154663,71,A,E,F:\GENESIS Studio\genesis-studio\packages\engines-py\.pdb_cache\2ITN,A
1424,ThermoMPNN,2ITN,0.7169925570487976,71,A,F,F:\GENESIS Studio\genesis-studio\packages\engines-py\.pdb_cache\2ITN,A
1425,ThermoMPNN,2ITN,0.8856958150863647,71,A,G,F:\GENESIS Studio\genesis-studio\packages\engines-py\.pdb_cache\2ITN,A
1426,ThermoMPNN,2ITN,0.9593363404273987,71,A,H,F:\GENESIS Studio\genesis-studio\packages\engines-py\.pdb_cache\2ITN,A
1427,ThermoMPNN,2ITN,0.7092095017433167,71,A,I,F:\GENESIS Studio\genesis-studio\packages\engines-py\.pdb_cache\2ITN,A
1428,ThermoMPNN,2ITN,0.5187706351280212,71,A,K,F:\GENESIS Studio\genesis-studio\packages\engines-py\.pdb_cache\2ITN,A
1429,ThermoMPNN,2ITN,0.7189354300498962,71,A,L,F:\GENESIS Studio\genesis-studio\packages\engines-py\.pdb_cache\2ITN,A
1430,ThermoMPNN,2ITN,0.5029534101486206,71,A,M,F:\GENESIS Studio\genesis-studio\packages\engines-py\.pdb_cache\2ITN,A
1431,ThermoMPNN,2ITN,1.059565544128418,71,A,N,F:\GENESIS Studio\genesis-studio\packages\engines-py\.pdb_cache\2ITN,A
1432,ThermoMPNN,2ITN,2.192641019821167,71,A,P,F:\GENESIS Studio\genesis-studio\packages\engines-py\.pdb_cache\2ITN,A
1433,ThermoMPNN,2ITN,0.7468222379684448,71,A,Q,F:\GENESIS Studio\genesis-studio\packages\engines-py\.pdb_cache\2ITN,A
1434,ThermoMPNN,2ITN,0.5161407589912415,71,A,R,F:\GENESIS Studio\genesis-studio\packages\engines-py\.pdb_cache\2ITN,A
1435,ThermoMPNN,2ITN,0.33754777908325195,71,A,S,F:\GENESIS Studio\genesis-studio\packages\engines-py\.pdb_cache\2ITN,A
1436,ThermoMPNN,2ITN,0.6050611138343811,71,A,T,F:\GENESIS Studio\genesis-studio\packages\engines-py\.pdb_cache\2ITN,A
1437,ThermoMPNN,2ITN,0.5300179719924927,71,A,V,F:\GENESIS Studio\genesis-studio\packages\engines-py\.pdb_cache\2ITN,A
1438,ThermoMPNN,2ITN,0.9394698143005371,71,A,W,F:\GENESIS Studio\genesis-studio\packages\engines-py\.pdb_cache\2ITN,A
1439,ThermoMPNN,2ITN,0.8123136162757874,71,A,Y,F:\GENESIS Studio\genesis-studio\packages\engines-py\.pdb_cache\2ITN,A
1440,ThermoMPNN,2ITN,0.7533252239227295,72,S,A,F:\GENESIS Studio\genesis-studio\packages\engines-py\.pdb_cache\2ITN,A
1441,ThermoMPNN,2ITN,0.866378664970398,72,S,C,F:\GENESIS Studio\genesis-studio\packages\engines-py\.pdb_cache\2ITN,A
1442,ThermoMPNN,2ITN,2.1435189247131348,72,S,D,F:\GENESIS Studio\genesis-studio\packages\engines-py\.pdb_cache\2ITN,A
1443,ThermoMPNN,2ITN,2.0636982917785645,72,S,E,F:\GENESIS Studio\genesis-studio\packages\engines-py\.pdb_cache\2ITN,A
1444,ThermoMPNN,2ITN,1.574867844581604,72,S,F,F:\GENESIS Studio\genesis-studio\packages\engines-py\.pdb_cache\2ITN,A
1445,ThermoMPNN,2ITN,1.234426736831665,72,S,G,F:\GENESIS Studio\genesis-studio\packages\engines-py\.pdb_cache\2ITN,A
1446,ThermoMPNN,2ITN,1.5255951881408691,72,S,H,F:\GENESIS Studio\genesis-studio\packages\engines-py\.pdb_cache\2ITN,A
1447,ThermoMPNN,2ITN,1.5577243566513062,72,S,I,F:\GENESIS Studio\genesis-studio\packages\engines-py\.pdb_cache\2ITN,A
1448,ThermoMPNN,2ITN,1.2201346158981323,72,S,K,F:\GENESIS Studio\genesis-studio\packages\engines-py\.pdb_cache\2ITN,A
1449,ThermoMPNN,2ITN,1.784393548965454,72,S,L,F:\GENESIS Studio\genesis-studio\packages\engines-py\.pdb_cache\2ITN,A
1450,ThermoMPNN,2ITN,1.1372089385986328,72,S,M,F:\GENESIS Studio\genesis-studio\packages\engines-py\.pdb_cache\2ITN,A
1451,ThermoMPNN,2ITN,1.5381691455841064,72,S,N,F:\GENESIS Studio\genesis-studio\packages\engines-py\.pdb_cache\2ITN,A
1452,ThermoMPNN,2ITN,2.876581907272339,72,S,P,F:\GENESIS Studio\genesis-studio\packages\engines-py\.pdb_cache\2ITN,A
1453,ThermoMPNN,2ITN,1.241363763809204,72,S,Q,F:\GENESIS Studio\genesis-studio\packages\engines-py\.pdb_cache\2ITN,A
1454,ThermoMPNN,2ITN,1.1188400983810425,72,S,R,F:\GENESIS Studio\genesis-studio\packages\engines-py\.pdb_cache\2ITN,A
1455,ThermoMPNN,2ITN,0.0,72,S,S,F:\GENESIS Studio\genesis-studio\packages\engines-py\.pdb_cache\2ITN,A
1456,ThermoMPNN,2ITN,0.5438474416732788,72,S,T,F:\GENESIS Studio\genesis-studio\packages\engines-py\.pdb_cache\2ITN,A
1457,ThermoMPNN,2ITN,1.7258350849151611,72,S,V,F:\GENESIS Studio\genesis-studio\packages\engines-py\.pdb_cache\2ITN,A
1458,ThermoMPNN,2ITN,1.5921800136566162,72,S,W,F:\GENESIS Studio\genesis-studio\packages\engines-py\.pdb_cache\2ITN,A
1459,ThermoMPNN,2ITN,1.8014763593673706,72,S,Y,F:\GENESIS Studio\genesis-studio\packages\engines-py\.pdb_cache\2ITN,A
1460,ThermoMPNN,2ITN,1.607511281967163,73,V,A,F:\GENESIS Studio\genesis-studio\packages\engines-py\.pdb_cache\2ITN,A
1461,ThermoMPNN,2ITN,0.7459834814071655,73,V,C,F:\GENESIS Studio\genesis-studio\packages\engines-py\.pdb_cache\2ITN,A
1462,ThermoMPNN,2ITN,2.5470855236053467,73,V,D,F:\GENESIS Studio\genesis-studio\packages\engines-py\.pdb_cache\2ITN,A
1463,ThermoMPNN,2ITN,2.129581928253174,73,V,E,F:\GENESIS Studio\genesis-studio\packages\engines-py\.pdb_cache\2ITN,A
1464,ThermoMPNN,2ITN,1.3454630374908447,73,V,F,F:\GENESIS Studio\genesis-studio\packages\engines-py\.pdb_cache\2ITN,A
1465,ThermoMPNN,2ITN,2.345831871032715,73,V,G,F:\GENESIS Studio\genesis-studio\packages\engines-py\.pdb_cache\2ITN,A
1466,ThermoMPNN,2ITN,2.3200364112854004,73,V,H,F:\GENESIS Studio\genesis-studio\packages\engines-py\.pdb_cache\2ITN,A
1467,ThermoMPNN,2ITN,0.19052982330322266,73,V,I,F:\GENESIS Studio\genesis-studio\packages\engines-py\.pdb_cache\2ITN,A
1468,ThermoMPNN,2ITN,2.1390137672424316,73,V,K,F:\GENESIS Studio\genesis-studio\packages\engines-py\.pdb_cache\2ITN,A
1469,ThermoMPNN,2ITN,-0.10887384414672852,73,V,L,F:\GENESIS Studio\genesis-studio\packages\engines-py\.pdb_cache\2ITN,A
1470,ThermoMPNN,2ITN,0.6302945613861084,73,V,M,F:\GENESIS Studio\genesis-studio\packages\engines-py\.pdb_cache\2ITN,A
1471,ThermoMPNN,2ITN,2.383913993835449,73,V,N,F:\GENESIS Studio\genesis-studio\packages\engines-py\.pdb_cache\2ITN,A
1472,ThermoMPNN,2ITN,2.6979691982269287,73,V,P,F:\GENESIS Studio\genesis-studio\packages\engines-py\.pdb_cache\2ITN,A
1473,ThermoMPNN,2ITN,1.9533987045288086,73,V,Q,F:\GENESIS Studio\genesis-studio\packages\engines-py\.pdb_cache\2ITN,A
1474,ThermoMPNN,2ITN,2.215949535369873,73,V,R,F:\GENESIS Studio\genesis-studio\packages\engines-py\.pdb_cache\2ITN,A
1475,ThermoMPNN,2ITN,2.102346897125244,73,V,S,F:\GENESIS Studio\genesis-studio\packages\engines-py\.pdb_cache\2ITN,A
1476,ThermoMPNN,2ITN,1.3164862394332886,73,V,T,F:\GENESIS Studio\genesis-studio\packages\engines-py\.pdb_cache\2ITN,A
1477,ThermoMPNN,2ITN,0.0,73,V,V,F:\GENESIS Studio\genesis-studio\packages\engines-py\.pdb_cache\2ITN,A
1478,ThermoMPNN,2ITN,1.7824339866638184,73,V,W,F:\GENESIS Studio\genesis-studio\packages\engines-py\.pdb_cache\2ITN,A
1479,ThermoMPNN,2ITN,1.88992178440094,73,V,Y,F:\GENESIS Studio\genesis-studio\packages\engines-py\.pdb_cache\2ITN,A
1480,ThermoMPNN,2ITN,0.28143250942230225,74,D,A,F:\GENESIS Studio\genesis-studio\packages\engines-py\.pdb_cache\2ITN,A
1481,ThermoMPNN,2ITN,0.06515395641326904,74,D,C,F:\GENESIS Studio\genesis-studio\packages\engines-py\.pdb_cache\2ITN,A
1482,ThermoMPNN,2ITN,0.0,74,D,D,F:\GENESIS Studio\genesis-studio\packages\engines-py\.pdb_cache\2ITN,A
1483,ThermoMPNN,2ITN,0.5600401163101196,74,D,E,F:\GENESIS Studio\genesis-studio\packages\engines-py\.pdb_cache\2ITN,A
1484,ThermoMPNN,2ITN,0.48649895191192627,74,D,F,F:\GENESIS Studio\genesis-studio\packages\engines-py\.pdb_cache\2ITN,A
1485,ThermoMPNN,2ITN,0.6242669820785522,74,D,G,F:\GENESIS Studio\genesis-studio\packages\engines-py\.pdb_cache\2ITN,A
1486,ThermoMPNN,2ITN,0.28113681077957153,74,D,H,F:\GENESIS Studio\genesis-studio\packages\engines-py\.pdb_cache\2ITN,A
1487,ThermoMPNN,2ITN,0.7462915778160095,74,D,I,F:\GENESIS Studio\genesis-studio\packages\engines-py\.pdb_cache\2ITN,A
1488,ThermoMPNN,2ITN,0.5665311217308044,74,D,K,F:\GENESIS Studio\genesis-studio\packages\engines-py\.pdb_cache\2ITN,A
1489,ThermoMPNN,2ITN,0.6891239285469055,74,D,L,F:\GENESIS Studio\genesis-studio\packages\engines-py\.pdb_cache\2ITN,A
1490,ThermoMPNN,2ITN,0.6132959127426147,74,D,M,F:\GENESIS Studio\genesis-studio\packages\engines-py\.pdb_cache\2ITN,A
1491,ThermoMPNN,2ITN,0.13811957836151123,74,D,N,F:\GENESIS Studio\genesis-studio\packages\engines-py\.pdb_cache\2ITN,A
1492,ThermoMPNN,2ITN,1.1393312215805054,74,D,P,F:\GENESIS Studio\genesis-studio\packages\engines-py\.pdb_cache\2ITN,A
1493,ThermoMPNN,2ITN,0.3976936340332031,74,D,Q,F:\GENESIS Studio\genesis-studio\packages\engines-py\.pdb_cache\2ITN,A
1494,ThermoMPNN,2ITN,0.6168609857559204,74,D,R,F:\GENESIS Studio\genesis-studio\packages\engines-py\.pdb_cache\2ITN,A
1495,ThermoMPNN,2ITN,0.12428772449493408,74,D,S,F:\GENESIS Studio\genesis-studio\packages\engines-py\.pdb_cache\2ITN,A
1496,ThermoMPNN,2ITN,0.7838683128356934,74,D,T,F:\GENESIS Studio\genesis-studio\packages\engines-py\.pdb_cache\2ITN,A
1497,ThermoMPNN,2ITN,0.8040380477905273,74,D,V,F:\GENESIS Studio\genesis-studio\packages\engines-py\.pdb_cache\2ITN,A
1498,ThermoMPNN,2ITN,0.37591731548309326,74,D,W,F:\GENESIS Studio\genesis-studio\packages\engines-py\.pdb_cache\2ITN,A
1499,ThermoMPNN,2ITN,0.4465711712837219,74,D,Y,F:\GENESIS Studio\genesis-studio\packages\engines-py\.pdb_cache\2ITN,A
1500,ThermoMPNN,2ITN,1.158969521522522,75,N,A,F:\GENESIS Studio\genesis-studio\packages\engines-py\.pdb_cache\2ITN,A
1501,ThermoMPNN,2ITN,0.24934053421020508,75,N,C,F:\GENESIS Studio\genesis-studio\packages\engines-py\.pdb_cache\2ITN,A
1502,ThermoMPNN,2ITN,0.8263245820999146,75,N,D,F:\GENESIS Studio\genesis-studio\packages\engines-py\.pdb_cache\2ITN,A
1503,ThermoMPNN,2ITN,2.0045456886291504,75,N,E,F:\GENESIS Studio\genesis-studio\packages\engines-py\.pdb_cache\2ITN,A
1504,ThermoMPNN,2ITN,0.5478053092956543,75,N,F,F:\GENESIS Studio\genesis-studio\packages\engines-py\.pdb_cache\2ITN,A
1505,ThermoMPNN,2ITN,1.4969558715820312,75,N,G,F:\GENESIS Studio\genesis-studio\packages\engines-py\.pdb_cache\2ITN,A
1506,ThermoMPNN,2ITN,-0.014130830764770508,75,N,H,F:\GENESIS Studio\genesis-studio\packages\engines-py\.pdb_cache\2ITN,A
1507,ThermoMPNN,2ITN,1.54417085647583,75,N,I,F:\GENESIS Studio\genesis-studio\packages\engines-py\.pdb_cache\2ITN,A
1508,ThermoMPNN,2ITN,1.6001505851745605,75,N,K,F:\GENESIS Studio\genesis-studio\packages\engines-py\.pdb_cache\2ITN,A
1509,ThermoMPNN,2ITN,1.4032498598098755,75,N,L,F:\GENESIS Studio\genesis-studio\packages\engines-py\.pdb_cache\2ITN,A
1510,ThermoMPNN,2ITN,1.267560362815857,75,N,M,F:\GENESIS Studio\genesis-studio\packages\engines-py\.pdb_cache\2ITN,A
1511,ThermoMPNN,2ITN,0.0,75,N,N,F:\GENESIS Studio\genesis-studio\packages\engines-py\.pdb_cache\2ITN,A
1512,ThermoMPNN,2ITN,1.6239266395568848,75,N,P,F:\GENESIS Studio\genesis-studio\packages\engines-py\.pdb_cache\2ITN,A
1513,ThermoMPNN,2ITN,1.5107648372650146,75,N,Q,F:\GENESIS Studio\genesis-studio\packages\engines-py\.pdb_cache\2ITN,A
1514,ThermoMPNN,2ITN,1.3632097244262695,75,N,R,F:\GENESIS Studio\genesis-studio\packages\engines-py\.pdb_cache\2ITN,A
1515,ThermoMPNN,2ITN,0.8234396576881409,75,N,S,F:\GENESIS Studio\genesis-studio\packages\engines-py\.pdb_cache\2ITN,A
1516,ThermoMPNN,2ITN,1.6103968620300293,75,N,T,F:\GENESIS Studio\genesis-studio\packages\engines-py\.pdb_cache\2ITN,A
1517,ThermoMPNN,2ITN,1.5312206745147705,75,N,V,F:\GENESIS Studio\genesis-studio\packages\engines-py\.pdb_cache\2ITN,A
1518,ThermoMPNN,2ITN,0.7507221102714539,75,N,W,F:\GENESIS Studio\genesis-studio\packages\engines-py\.pdb_cache\2ITN,A
1519,ThermoMPNN,2ITN,0.4240889549255371,75,N,Y,F:\GENESIS Studio\genesis-studio\packages\engines-py\.pdb_cache\2ITN,A
1520,ThermoMPNN,2ITN,0.5092558860778809,76,P,A,F:\GENESIS Studio\genesis-studio\packages\engines-py\.pdb_cache\2ITN,A
1521,ThermoMPNN,2ITN,0.49922263622283936,76,P,C,F:\GENESIS Studio\genesis-studio\packages\engines-py\.pdb_cache\2ITN,A
1522,ThermoMPNN,2ITN,0.7713001370429993,76,P,D,F:\GENESIS Studio\genesis-studio\packages\engines-py\.pdb_cache\2ITN,A
1523,ThermoMPNN,2ITN,0.19706428050994873,76,P,E,F:\GENESIS Studio\genesis-studio\packages\engines-py\.pdb_cache\2ITN,A
1524,ThermoMPNN,2ITN,0.99530029296875,76,P,F,F:\GENESIS Studio\genesis-studio\packages\engines-py\.pdb_cache\2ITN,A
1525,ThermoMPNN,2ITN,1.2559874057769775,76,P,G,F:\GENESIS Studio\genesis-studio\packages\engines-py\.pdb_cache\2ITN,A
1526,ThermoMPNN,2ITN,0.7614420652389526,76,P,H,F:\GENESIS Studio\genesis-studio\packages\engines-py\.pdb_cache\2ITN,A
1527,ThermoMPNN,2ITN,0.8169233202934265,76,P,I,F:\GENESIS Studio\genesis-studio\packages\engines-py\.pdb_cache\2ITN,A
1528,ThermoMPNN,2ITN,0.9729079604148865,76,P,K,F:\GENESIS Studio\genesis-studio\packages\engines-py\.pdb_cache\2ITN,A
1529,ThermoMPNN,2ITN,0.8478198051452637,76,P,L,F:\GENESIS Studio\genesis-studio\packages\engines-py\.pdb_cache\2ITN,A
1530,ThermoMPNN,2ITN,0.7709214091300964,76,P,M,F:\GENESIS Studio\genesis-studio\packages\engines-py\.pdb_cache\2ITN,A
1531,ThermoMPNN,2ITN,0.9527733325958252,76,P,N,F:\GENESIS Studio\genesis-studio\packages\engines-py\.pdb_cache\2ITN,A
1532,ThermoMPNN,2ITN,0.0,76,P,P,F:\GENESIS Studio\genesis-studio\packages\engines-py\.pdb_cache\2ITN,A
1533,ThermoMPNN,2ITN,0.5946981310844421,76,P,Q,F:\GENESIS Studio\genesis-studio\packages\engines-py\.pdb_cache\2ITN,A
1534,ThermoMPNN,2ITN,1.1282435655593872,76,P,R,F:\GENESIS Studio\genesis-studio\packages\engines-py\.pdb_cache\2ITN,A
1535,ThermoMPNN,2ITN,0.5880126357078552,76,P,S,F:\GENESIS Studio\genesis-studio\packages\engines-py\.pdb_cache\2ITN,A
1536,ThermoMPNN,2ITN,0.9789648056030273,76,P,T,F:\GENESIS Studio\genesis-studio\packages\engines-py\.pdb_cache\2ITN,A
1537,ThermoMPNN,2ITN,0.941779613494873,76,P,V,F:\GENESIS Studio\genesis-studio\packages\engines-py\.pdb_cache\2ITN,A
1538,ThermoMPNN,2ITN,0.9130824208259583,76,P,W,F:\GENESIS Studio\genesis-studio\packages\engines-py\.pdb_cache\2ITN,A
1539,ThermoMPNN,2ITN,0.7489577531814575,76,P,Y,F:\GENESIS Studio\genesis-studio\packages\engines-py\.pdb_cache\2ITN,A
1540,ThermoMPNN,2ITN,1.1817487478256226,77,H,A,F:\GENESIS Studio\genesis-studio\packages\engines-py\.pdb_cache\2ITN,A
1541,ThermoMPNN,2ITN,0.5905246734619141,77,H,C,F:\GENESIS Studio\genesis-studio\packages\engines-py\.pdb_cache\2ITN,A
1542,ThermoMPNN,2ITN,1.7826721668243408,77,H,D,F:\GENESIS Studio\genesis-studio\packages\engines-py\.pdb_cache\2ITN,A
1543,ThermoMPNN,2ITN,1.7013022899627686,77,H,E,F:\GENESIS Studio\genesis-studio\packages\engines-py\.pdb_cache\2ITN,A
1544,ThermoMPNN,2ITN,0.42974650859832764,77,H,F,F:\GENESIS Studio\genesis-studio\packages\engines-py\.pdb_cache\2ITN,A
1545,ThermoMPNN,2ITN,1.7536685466766357,77,H,G,F:\GENESIS Studio\genesis-studio\packages\engines-py\.pdb_cache\2ITN,A
1546,ThermoMPNN,2ITN,0.0,77,H,H,F:\GENESIS Studio\genesis-studio\packages\engines-py\.pdb_cache\2ITN,A
1547,ThermoMPNN,2ITN,1.7725605964660645,77,H,I,F:\GENESIS Studio\genesis-studio\packages\engines-py\.pdb_cache\2ITN,A
1548,ThermoMPNN,2ITN,1.3968784809112549,77,H,K,F:\GENESIS Studio\genesis-studio\packages\engines-py\.pdb_cache\2ITN,A
1549,ThermoMPNN,2ITN,1.2166764736175537,77,H,L,F:\GENESIS Studio\genesis-studio\packages\engines-py\.pdb_cache\2ITN,A
1550,ThermoMPNN,2ITN,1.123293399810791,77,H,M,F:\GENESIS Studio\genesis-studio\packages\engines-py\.pdb_cache\2ITN,A
1551,ThermoMPNN,2ITN,0.7406346797943115,77,H,N,F:\GENESIS Studio\genesis-studio\packages\engines-py\.pdb_cache\2ITN,A
1552,ThermoMPNN,2ITN,1.7125141620635986,77,H,P,F:\GENESIS Studio\genesis-studio\packages\engines-py\.pdb_cache\2ITN,A
1553,ThermoMPNN,2ITN,1.220909595489502,77,H,Q,F:\GENESIS Studio\genesis-studio\packages\engines-py\.pdb_cache\2ITN,A
1554,ThermoMPNN,2ITN,1.084312915802002,77,H,R,F:\GENESIS Studio\genesis-studio\packages\engines-py\.pdb_cache\2ITN,A
1555,ThermoMPNN,2ITN,1.284038782119751,77,H,S,F:\GENESIS Studio\genesis-studio\packages\engines-py\.pdb_cache\2ITN,A
1556,ThermoMPNN,2ITN,1.6276824474334717,77,H,T,F:\GENESIS Studio\genesis-studio\packages\engines-py\.pdb_cache\2ITN,A
1557,ThermoMPNN,2ITN,1.5172276496887207,77,H,V,F:\GENESIS Studio\genesis-studio\packages\engines-py\.pdb_cache\2ITN,A
1558,ThermoMPNN,2ITN,0.34283876419067383,77,H,W,F:\GENESIS Studio\genesis-studio\packages\engines-py\.pdb_cache\2ITN,A
1559,ThermoMPNN,2ITN,0.06175124645233154,77,H,Y,F:\GENESIS Studio\genesis-studio\packages\engines-py\.pdb_cache\2ITN,A
1560,ThermoMPNN,2ITN,2.0853590965270996,78,V,A,F:\GENESIS Studio\genesis-studio\packages\engines-py\.pdb_cache\2ITN,A
1561,ThermoMPNN,2ITN,1.3131929636001587,78,V,C,F:\GENESIS Studio\genesis-studio\packages\engines-py\.pdb_cache\2ITN,A
1562,ThermoMPNN,2ITN,2.783017873764038,78,V,D,F:\GENESIS Studio\genesis-studio\packages\engines-py\.pdb_cache\2ITN,A
1563,ThermoMPNN,2ITN,2.841888666152954,78,V,E,F:\GENESIS Studio\genesis-studio\packages\engines-py\.pdb_cache\2ITN,A
1564,ThermoMPNN,2ITN,2.173276424407959,78,V,F,F:\GENESIS Studio\genesis-studio\packages\engines-py\.pdb_cache\2ITN,A
1565,ThermoMPNN,2ITN,2.925575017929077,78,V,G,F:\GENESIS Studio\genesis-studio\packages\engines-py\.pdb_cache\2ITN,A
1566,ThermoMPNN,2ITN,2.8177897930145264,78,V,H,F:\GENESIS Studio\genesis-studio\packages\engines-py\.pdb_cache\2ITN,A
1567,ThermoMPNN,2ITN,-0.06654596328735352,78,V,I,F:\GENESIS Studio\genesis-studio\packages\engines-py\.pdb_cache\2ITN,A
1568,ThermoMPNN,2ITN,2.68216609954834,78,V,K,F:\GENESIS Studio\genesis-studio\packages\engines-py\.pdb_cache\2ITN,A
1569,ThermoMPNN,2ITN,0.8064956665039062,78,V,L,F:\GENESIS Studio\genesis-studio\packages\engines-py\.pdb_cache\2ITN,A
1570,ThermoMPNN,2ITN,1.5905077457427979,78,V,M,F:\GENESIS Studio\genesis-studio\packages\engines-py\.pdb_cache\2ITN,A
1571,ThermoMPNN,2ITN,2.819284677505493,78,V,N,F:\GENESIS Studio\genesis-studio\packages\engines-py\.pdb_cache\2ITN,A
1572,ThermoMPNN,2ITN,3.0903162956237793,78,V,P,F:\GENESIS Studio\genesis-studio\packages\engines-py\.pdb_cache\2ITN,A
1573,ThermoMPNN,2ITN,2.5703423023223877,78,V,Q,F:\GENESIS Studio\genesis-studio\packages\engines-py\.pdb_cache\2ITN,A
1574,ThermoMPNN,2ITN,2.8133230209350586,78,V,R,F:\GENESIS Studio\genesis-studio\packages\engines-py\.pdb_cache\2ITN,A
1575,ThermoMPNN,2ITN,2.520209789276123,78,V,S,F:\GENESIS Studio\genesis-studio\packages\engines-py\.pdb_cache\2ITN,A
1576,ThermoMPNN,2ITN,1.6268706321716309,78,V,T,F:\GENESIS Studio\genesis-studio\packages\engines-py\.pdb_cache\2ITN,A
1577,ThermoMPNN,2ITN,0.0,78,V,V,F:\GENESIS Studio\genesis-studio\packages\engines-py\.pdb_cache\2ITN,A
1578,ThermoMPNN,2ITN,2.4576773643493652,78,V,W,F:\GENESIS Studio\genesis-studio\packages\engines-py\.pdb_cache\2ITN,A
1579,ThermoMPNN,2ITN,2.4929256439208984,78,V,Y,F:\GENESIS Studio\genesis-studio\packages\engines-py\.pdb_cache\2ITN,A
1580,ThermoMPNN,2ITN,0.61918044090271,79,C,A,F:\GENESIS Studio\genesis-studio\packages\engines-py\.pdb_cache\2ITN,A
1581,ThermoMPNN,2ITN,0.0,79,C,C,F:\GENESIS Studio\genesis-studio\packages\engines-py\.pdb_cache\2ITN,A
1582,ThermoMPNN,2ITN,1.1448523998260498,79,C,D,F:\GENESIS Studio\genesis-studio\packages\engines-py\.pdb_cache\2ITN,A
1583,ThermoMPNN,2ITN,0.9910487532615662,79,C,E,F:\GENESIS Studio\genesis-studio\packages\engines-py\.pdb_cache\2ITN,A
1584,ThermoMPNN,2ITN,0.07843184471130371,79,C,F,F:\GENESIS Studio\genesis-studio\packages\engines-py\.pdb_cache\2ITN,A
1585,ThermoMPNN,2ITN,1.4466078281402588,79,C,G,F:\GENESIS Studio\genesis-studio\packages\engines-py\.pdb_cache\2ITN,A
1586,ThermoMPNN,2ITN,1.0679678916931152,79,C,H,F:\GENESIS Studio\genesis-studio\packages\engines-py\.pdb_cache\2ITN,A
1587,ThermoMPNN,2ITN,-0.6507458686828613,79,C,I,F:\GENESIS Studio\genesis-studio\packages\engines-py\.pdb_cache\2ITN,A
1588,ThermoMPNN,2ITN,1.415689468383789,79,C,K,F:\GENESIS Studio\genesis-studio\packages\engines-py\.pdb_cache\2ITN,A
1589,ThermoMPNN,2ITN,-0.7485220432281494,79,C,L,F:\GENESIS Studio\genesis-studio\packages\engines-py\.pdb_cache\2ITN,A
1590,ThermoMPNN,2ITN,-0.2995486259460449,79,C,M,F:\GENESIS Studio\genesis-studio\packages\engines-py\.pdb_cache\2ITN,A
1591,ThermoMPNN,2ITN,1.262305498123169,79,C,N,F:\GENESIS Studio\genesis-studio\packages\engines-py\.pdb_cache\2ITN,A
1592,ThermoMPNN,2ITN,1.5464532375335693,79,C,P,F:\GENESIS Studio\genesis-studio\packages\engines-py\.pdb_cache\2ITN,A
1593,ThermoMPNN,2ITN,0.9298492670059204,79,C,Q,F:\GENESIS Studio\genesis-studio\packages\engines-py\.pdb_cache\2ITN,A
1594,ThermoMPNN,2ITN,1.5337445735931396,79,C,R,F:\GENESIS Studio\genesis-studio\packages\engines-py\.pdb_cache\2ITN,A
1595,ThermoMPNN,2ITN,1.0421290397644043,79,C,S,F:\GENESIS Studio\genesis-studio\packages\engines-py\.pdb_cache\2ITN,A
1596,ThermoMPNN,2ITN,0.6723818778991699,79,C,T,F:\GENESIS Studio\genesis-studio\packages\engines-py\.pdb_cache\2ITN,A
1597,ThermoMPNN,2ITN,-0.37080812454223633,79,C,V,F:\GENESIS Studio\genesis-studio\packages\engines-py\.pdb_cache\2ITN,A
1598,ThermoMPNN,2ITN,0.39590609073638916,79,C,W,F:\GENESIS Studio\genesis-studio\packages\engines-py\.pdb_cache\2ITN,A
1599,ThermoMPNN,2ITN,0.5855887532234192,79,C,Y,F:\GENESIS Studio\genesis-studio\packages\engines-py\.pdb_cache\2ITN,A
1600,ThermoMPNN,2ITN,1.1646558046340942,80,R,A,F:\GENESIS Studio\genesis-studio\packages\engines-py\.pdb_cache\2ITN,A
1601,ThermoMPNN,2ITN,0.8086044788360596,80,R,C,F:\GENESIS Studio\genesis-studio\packages\engines-py\.pdb_cache\2ITN,A
1602,ThermoMPNN,2ITN,2.008899450302124,80,R,D,F:\GENESIS Studio\genesis-studio\packages\engines-py\.pdb_cache\2ITN,A
1603,ThermoMPNN,2ITN,1.4709445238113403,80,R,E,F:\GENESIS Studio\genesis-studio\packages\engines-py\.pdb_cache\2ITN,A
1604,ThermoMPNN,2ITN,0.8885918855667114,80,R,F,F:\GENESIS Studio\genesis-studio\packages\engines-py\.pdb_cache\2ITN,A
1605,ThermoMPNN,2ITN,1.7289663553237915,80,R,G,F:\GENESIS Studio\genesis-studio\packages\engines-py\.pdb_cache\2ITN,A
1606,ThermoMPNN,2ITN,1.1349940299987793,80,R,H,F:\GENESIS Studio\genesis-studio\packages\engines-py\.pdb_cache\2ITN,A
1607,ThermoMPNN,2ITN,0.6926134824752808,80,R,I,F:\GENESIS Studio\genesis-studio\packages\engines-py\.pdb_cache\2ITN,A
1608,ThermoMPNN,2ITN,0.27357232570648193,80,R,K,F:\GENESIS Studio\genesis-studio\packages\engines-py\.pdb_cache\2ITN,A
1609,ThermoMPNN,2ITN,0.850912868976593,80,R,L,F:\GENESIS Studio\genesis-studio\packages\engines-py\.pdb_cache\2ITN,A
1610,ThermoMPNN,2ITN,0.836523175239563,80,R,M,F:\GENESIS Studio\genesis-studio\packages\engines-py\.pdb_cache\2ITN,A
1611,ThermoMPNN,2ITN,1.4121439456939697,80,R,N,F:\GENESIS Studio\genesis-studio\packages\engines-py\.pdb_cache\2ITN,A
1612,ThermoMPNN,2ITN,2.039346694946289,80,R,P,F:\GENESIS Studio\genesis-studio\packages\engines-py\.pdb_cache\2ITN,A
1613,ThermoMPNN,2ITN,0.9769474267959595,80,R,Q,F:\GENESIS Studio\genesis-studio\packages\engines-py\.pdb_cache\2ITN,A
1614,ThermoMPNN,2ITN,0.0,80,R,R,F:\GENESIS Studio\genesis-studio\packages\engines-py\.pdb_cache\2ITN,A
1615,ThermoMPNN,2ITN,1.1912673711776733,80,R,S,F:\GENESIS Studio\genesis-studio\packages\engines-py\.pdb_cache\2ITN,A
1616,ThermoMPNN,2ITN,0.985471785068512,80,R,T,F:\GENESIS Studio\genesis-studio\packages\engines-py\.pdb_cache\2ITN,A
1617,ThermoMPNN,2ITN,0.7706708312034607,80,R,V,F:\GENESIS Studio\genesis-studio\packages\engines-py\.pdb_cache\2ITN,A
1618,ThermoMPNN,2ITN,1.0351183414459229,80,R,W,F:\GENESIS Studio\genesis-studio\packages\engines-py\.pdb_cache\2ITN,A
1619,ThermoMPNN,2ITN,0.9537460803985596,80,R,Y,F:\GENESIS Studio\genesis-studio\packages\engines-py\.pdb_cache\2ITN,A
1620,ThermoMPNN,2ITN,1.9765729904174805,81,L,A,F:\GENESIS Studio\genesis-studio\packages\engines-py\.pdb_cache\2ITN,A
1621,ThermoMPNN,2ITN,1.1391386985778809,81,L,C,F:\GENESIS Studio\genesis-studio\packages\engines-py\.pdb_cache\2ITN,A
1622,ThermoMPNN,2ITN,2.7799863815307617,81,L,D,F:\GENESIS Studio\genesis-studio\packages\engines-py\.pdb_cache\2ITN,A
1623,ThermoMPNN,2ITN,2.5104405879974365,81,L,E,F:\GENESIS Studio\genesis-studio\packages\engines-py\.pdb_cache\2ITN,A
1624,ThermoMPNN,2ITN,0.7411203384399414,81,L,F,F:\GENESIS Studio\genesis-studio\packages\engines-py\.pdb_cache\2ITN,A
1625,ThermoMPNN,2ITN,2.4543182849884033,81,L,G,F:\GENESIS Studio\genesis-studio\packages\engines-py\.pdb_cache\2ITN,A
1626,ThermoMPNN,2ITN,2.39314341545105,81,L,H,F:\GENESIS Studio\genesis-studio\packages\engines-py\.pdb_cache\2ITN,A
1627,ThermoMPNN,2ITN,0.7365453243255615,81,L,I,F:\GENESIS Studio\genesis-studio\packages\engines-py\.pdb_cache\2ITN,A
1628,ThermoMPNN,2ITN,2.410961627960205,81,L,K,F:\GENESIS Studio\genesis-studio\packages\engines-py\.pdb_cache\2ITN,A
1629,ThermoMPNN,2ITN,0.0,81,L,L,F:\GENESIS Studio\genesis-studio\packages\engines-py\.pdb_cache\2ITN,A
1630,ThermoMPNN,2ITN,0.7406412363052368,81,L,M,F:\GENESIS Studio\genesis-studio\packages\engines-py\.pdb_cache\2ITN,A
1631,ThermoMPNN,2ITN,2.6764590740203857,81,L,N,F:\GENESIS Studio\genesis-studio\packages\engines-py\.pdb_cache\2ITN,A
1632,ThermoMPNN,2ITN,2.561845064163208,81,L,P,F:\GENESIS Studio\genesis-studio\packages\engines-py\.pdb_cache\2ITN,A
1633,ThermoMPNN,2ITN,2.5114941596984863,81,L,Q,F:\GENESIS Studio\genesis-studio\packages\engines-py\.pdb_cache\2ITN,A
1634,ThermoMPNN,2ITN,2.3978559970855713,81,L,R,F:\GENESIS Studio\genesis-studio\packages\engines-py\.pdb_cache\2ITN,A
1635,ThermoMPNN,2ITN,2.422834634780884,81,L,S,F:\GENESIS Studio\genesis-studio\packages\engines-py\.pdb_cache\2ITN,A
1636,ThermoMPNN,2ITN,2.270315647125244,81,L,T,F:\GENESIS Studio\genesis-studio\packages\engines-py\.pdb_cache\2ITN,A
1637,ThermoMPNN,2ITN,1.239983081817627,81,L,V,F:\GENESIS Studio\genesis-studio\packages\engines-py\.pdb_cache\2ITN,A
1638,ThermoMPNN,2ITN,1.350064754486084,81,L,W,F:\GENESIS Studio\genesis-studio\packages\engines-py\.pdb_cache\2ITN,A
1639,ThermoMPNN,2ITN,1.4587557315826416,81,L,Y,F:\GENESIS Studio\genesis-studio\packages\engines-py\.pdb_cache\2ITN,A
1640,ThermoMPNN,2ITN,2.2107343673706055,82,L,A,F:\GENESIS Studio\genesis-studio\packages\engines-py\.pdb_cache\2ITN,A
1641,ThermoMPNN,2ITN,1.3119124174118042,82,L,C,F:\GENESIS Studio\genesis-studio\packages\engines-py\.pdb_cache\2ITN,A
1642,ThermoMPNN,2ITN,2.9167654514312744,82,L,D,F:\GENESIS Studio\genesis-studio\packages\engines-py\.pdb_cache\2ITN,A
1643,ThermoMPNN,2ITN,2.880655527114868,82,L,E,F:\GENESIS Studio\genesis-studio\packages\engines-py\.pdb_cache\2ITN,A
1644,ThermoMPNN,2ITN,0.8417015075683594,82,L,F,F:\GENESIS Studio\genesis-studio\packages\engines-py\.pdb_cache\2ITN,A
1645,ThermoMPNN,2ITN,2.7726147174835205,82,L,G,F:\GENESIS Studio\genesis-studio\packages\engines-py\.pdb_cache\2ITN,A
1646,ThermoMPNN,2ITN,2.623901605606079,82,L,H,F:\GENESIS Studio\genesis-studio\packages\engines-py\.pdb_cache\2ITN,A
1647,ThermoMPNN,2ITN,0.06262922286987305,82,L,I,F:\GENESIS Studio\genesis-studio\packages\engines-py\.pdb_cache\2ITN,A
1648,ThermoMPNN,2ITN,2.683894157409668,82,L,K,F:\GENESIS Studio\genesis-studio\packages\engines-py\.pdb_cache\2ITN,A
1649,ThermoMPNN,2ITN,0.0,82,L,L,F:\GENESIS Studio\genesis-studio\packages\engines-py\.pdb_cache\2ITN,A
1650,ThermoMPNN,2ITN,0.7328294515609741,82,L,M,F:\GENESIS Studio\genesis-studio\packages\engines-py\.pdb_cache\2ITN,A
1651,ThermoMPNN,2ITN,2.74336314201355,82,L,N,F:\GENESIS Studio\genesis-studio\packages\engines-py\.pdb_cache\2ITN,A
1652,ThermoMPNN,2ITN,2.6547117233276367,82,L,P,F:\GENESIS Studio\genesis-studio\packages\engines-py\.pdb_cache\2ITN,A
1653,ThermoMPNN,2ITN,2.8268556594848633,82,L,Q,F:\GENESIS Studio\genesis-studio\packages\engines-py\.pdb_cache\2ITN,A
1654,ThermoMPNN,2ITN,2.5452795028686523,82,L,R,F:\GENESIS Studio\genesis-studio\packages\engines-py\.pdb_cache\2ITN,A
1655,ThermoMPNN,2ITN,2.7214102745056152,82,L,S,F:\GENESIS Studio\genesis-studio\packages\engines-py\.pdb_cache\2ITN,A
1656,ThermoMPNN,2ITN,2.4594531059265137,82,L,T,F:\GENESIS Studio\genesis-studio\packages\engines-py\.pdb_cache\2ITN,A
1657,ThermoMPNN,2ITN,0.9232649803161621,82,L,V,F:\GENESIS Studio\genesis-studio\packages\engines-py\.pdb_cache\2ITN,A
1658,ThermoMPNN,2ITN,1.8014521598815918,82,L,W,F:\GENESIS Studio\genesis-studio\packages\engines-py\.pdb_cache\2ITN,A
1659,ThermoMPNN,2ITN,1.7376127243041992,82,L,Y,F:\GENESIS Studio\genesis-studio\packages\engines-py\.pdb_cache\2ITN,A
1660,ThermoMPNN,2ITN,2.1369638442993164,83,G,A,F:\GENESIS Studio\genesis-studio\packages\engines-py\.pdb_cache\2ITN,A
1661,ThermoMPNN,2ITN,1.7708842754364014,83,G,C,F:\GENESIS Studio\genesis-studio\packages\engines-py\.pdb_cache\2ITN,A
1662,ThermoMPNN,2ITN,3.1482794284820557,83,G,D,F:\GENESIS Studio\genesis-studio\packages\engines-py\.pdb_cache\2ITN,A
1663,ThermoMPNN,2ITN,3.156658411026001,83,G,E,F:\GENESIS Studio\genesis-studio\packages\engines-py\.pdb_cache\2ITN,A
1664,ThermoMPNN,2ITN,1.5258877277374268,83,G,F,F:\GENESIS Studio\genesis-studio\packages\engines-py\.pdb_cache\2ITN,A
1665,ThermoMPNN,2ITN,0.0,83,G,G,F:\GENESIS Studio\genesis-studio\packages\engines-py\.pdb_cache\2ITN,A
1666,ThermoMPNN,2ITN,2.596134901046753,83,G,H,F:\GENESIS Studio\genesis-studio\packages\engines-py\.pdb_cache\2ITN,A
1667,ThermoMPNN,2ITN,2.2070817947387695,83,G,I,F:\GENESIS Studio\genesis-studio\packages\engines-py\.pdb_cache\2ITN,A
1668,ThermoMPNN,2ITN,2.9448435306549072,83,G,K,F:\GENESIS Studio\genesis-studio\packages\engines-py\.pdb_cache\2ITN,A
1669,ThermoMPNN,2ITN,2.092144012451172,83,G,L,F:\GENESIS Studio\genesis-studio\packages\engines-py\.pdb_cache\2ITN,A
1670,ThermoMPNN,2ITN,2.126859426498413,83,G,M,F:\GENESIS Studio\genesis-studio\packages\engines-py\.pdb_cache\2ITN,A
1671,ThermoMPNN,2ITN,2.907715320587158,83,G,N,F:\GENESIS Studio\genesis-studio\packages\engines-py\.pdb_cache\2ITN,A
1672,ThermoMPNN,2ITN,2.6789424419403076,83,G,P,F:\GENESIS Studio\genesis-studio\packages\engines-py\.pdb_cache\2ITN,A
1673,ThermoMPNN,2ITN,2.83203387260437,83,G,Q,F:\GENESIS Studio\genesis-studio\packages\engines-py\.pdb_cache\2ITN,A
1674,ThermoMPNN,2ITN,2.789942502975464,83,G,R,F:\GENESIS Studio\genesis-studio\packages\engines-py\.pdb_cache\2ITN,A
1675,ThermoMPNN,2ITN,2.6908769607543945,83,G,S,F:\GENESIS Studio\genesis-studio\packages\engines-py\.pdb_cache\2ITN,A
1676,ThermoMPNN,2ITN,2.884490966796875,83,G,T,F:\GENESIS Studio\genesis-studio\packages\engines-py\.pdb_cache\2ITN,A
1677,ThermoMPNN,2ITN,2.071436643600464,83,G,V,F:\GENESIS Studio\genesis-studio\packages\engines-py\.pdb_cache\2ITN,A
1678,ThermoMPNN,2ITN,1.7451505661010742,83,G,W,F:\GENESIS Studio\genesis-studio\packages\engines-py\.pdb_cache\2ITN,A
1679,ThermoMPNN,2ITN,1.7477524280548096,83,G,Y,F:\GENESIS Studio\genesis-studio\packages\engines-py\.pdb_cache\2ITN,A
1680,ThermoMPNN,2ITN,1.729475736618042,84,I,A,F:\GENESIS Studio\genesis-studio\packages\engines-py\.pdb_cache\2ITN,A
1681,ThermoMPNN,2ITN,1.002547264099121,84,I,C,F:\GENESIS Studio\genesis-studio\packages\engines-py\.pdb_cache\2ITN,A
1682,ThermoMPNN,2ITN,2.9578921794891357,84,I,D,F:\GENESIS Studio\genesis-studio\packages\engines-py\.pdb_cache\2ITN,A
1683,ThermoMPNN,2ITN,2.742215394973755,84,I,E,F:\GENESIS Studio\genesis-studio\packages\engines-py\.pdb_cache\2ITN,A
1684,ThermoMPNN,2ITN,1.128234624862671,84,I,F,F:\GENESIS Studio\genesis-studio\packages\engines-py\.pdb_cache\2ITN,A
1685,ThermoMPNN,2ITN,2.6655993461608887,84,I,G,F:\GENESIS Studio\genesis-studio\packages\engines-py\.pdb_cache\2ITN,A
1686,ThermoMPNN,2ITN,2.1500329971313477,84,I,H,F:\GENESIS Studio\genesis-studio\packages\engines-py\.pdb_cache\2ITN,A
1687,ThermoMPNN,2ITN,0.0,84,I,I,F:\GENESIS Studio\genesis-studio\packages\engines-py\.pdb_cache\2ITN,A
1688,ThermoMPNN,2ITN,2.300041913986206,84,I,K,F:\GENESIS Studio\genesis-studio\packages\engines-py\.pdb_cache\2ITN,A
1689,ThermoMPNN,2ITN,0.302309513092041,84,I,L,F:\GENESIS Studio\genesis-studio\packages\engines-py\.pdb_cache\2ITN,A
1690,ThermoMPNN,2ITN,0.9154772758483887,84,I,M,F:\GENESIS Studio\genesis-studio\packages\engines-py\.pdb_cache\2ITN,A
1691,ThermoMPNN,2ITN,2.6453936100006104,84,I,N,F:\GENESIS Studio\genesis-studio\packages\engines-py\.pdb_cache\2ITN,A
1692,ThermoMPNN,2ITN,2.8860676288604736,84,I,P,F:\GENESIS Studio\genesis-studio\packages\engines-py\.pdb_cache\2ITN,A
1693,ThermoMPNN,2ITN,2.4614152908325195,84,I,Q,F:\GENESIS Studio\genesis-studio\packages\engines-py\.pdb_cache\2ITN,A
1694,ThermoMPNN,2ITN,2.296152114868164,84,I,R,F:\GENESIS Studio\genesis-studio\packages\engines-py\.pdb_cache\2ITN,A
1695,ThermoMPNN,2ITN,2.4931914806365967,84,I,S,F:\GENESIS Studio\genesis-studio\packages\engines-py\.pdb_cache\2ITN,A
1696,ThermoMPNN,2ITN,1.987457036972046,84,I,T,F:\GENESIS Studio\genesis-studio\packages\engines-py\.pdb_cache\2ITN,A
1697,ThermoMPNN,2ITN,0.4652419090270996,84,I,V,F:\GENESIS Studio\genesis-studio\packages\engines-py\.pdb_cache\2ITN,A
1698,ThermoMPNN,2ITN,1.2883925437927246,84,I,W,F:\GENESIS Studio\genesis-studio\packages\engines-py\.pdb_cache\2ITN,A
1699,ThermoMPNN,2ITN,1.2818925380706787,84,I,Y,F:\GENESIS Studio\genesis-studio\packages\engines-py\.pdb_cache\2ITN,A
1700,ThermoMPNN,2ITN,0.3705645799636841,85,C,A,F:\GENESIS Studio\genesis-studio\packages\engines-py\.pdb_cache\2ITN,A
1701,ThermoMPNN,2ITN,0.0,85,C,C,F:\GENESIS Studio\genesis-studio\packages\engines-py\.pdb_cache\2ITN,A
1702,ThermoMPNN,2ITN,0.8151183128356934,85,C,D,F:\GENESIS Studio\genesis-studio\packages\engines-py\.pdb_cache\2ITN,A
1703,ThermoMPNN,2ITN,1.1825990676879883,85,C,E,F:\GENESIS Studio\genesis-studio\packages\engines-py\.pdb_cache\2ITN,A
1704,ThermoMPNN,2ITN,0.540693998336792,85,C,F,F:\GENESIS Studio\genesis-studio\packages\engines-py\.pdb_cache\2ITN,A
1705,ThermoMPNN,2ITN,0.7430694103240967,85,C,G,F:\GENESIS Studio\genesis-studio\packages\engines-py\.pdb_cache\2ITN,A
1706,ThermoMPNN,2ITN,0.3976205587387085,85,C,H,F:\GENESIS Studio\genesis-studio\packages\engines-py\.pdb_cache\2ITN,A
1707,ThermoMPNN,2ITN,0.23807036876678467,85,C,I,F:\GENESIS Studio\genesis-studio\packages\engines-py\.pdb_cache\2ITN,A
1708,ThermoMPNN,2ITN,0.44302618503570557,85,C,K,F:\GENESIS Studio\genesis-studio\packages\engines-py\.pdb_cache\2ITN,A
1709,ThermoMPNN,2ITN,0.37673985958099365,85,C,L,F:\GENESIS Studio\genesis-studio\packages\engines-py\.pdb_cache\2ITN,A
1710,ThermoMPNN,2ITN,0.24933075904846191,85,C,M,F:\GENESIS Studio\genesis-studio\packages\engines-py\.pdb_cache\2ITN,A
1711,ThermoMPNN,2ITN,0.23286211490631104,85,C,N,F:\GENESIS Studio\genesis-studio\packages\engines-py\.pdb_cache\2ITN,A
1712,ThermoMPNN,2ITN,1.4792611598968506,85,C,P,F:\GENESIS Studio\genesis-studio\packages\engines-py\.pdb_cache\2ITN,A
1713,ThermoMPNN,2ITN,0.4830923080444336,85,C,Q,F:\GENESIS Studio\genesis-studio\packages\engines-py\.pdb_cache\2ITN,A
1714,ThermoMPNN,2ITN,0.31679701805114746,85,C,R,F:\GENESIS Studio\genesis-studio\packages\engines-py\.pdb_cache\2ITN,A
1715,ThermoMPNN,2ITN,-0.17681431770324707,85,C,S,F:\GENESIS Studio\genesis-studio\packages\engines-py\.pdb_cache\2ITN,A
1716,ThermoMPNN,2ITN,0.055007100105285645,85,C,T,F:\GENESIS Studio\genesis-studio\packages\engines-py\.pdb_cache\2ITN,A
1717,ThermoMPNN,2ITN,0.1086350679397583,85,C,V,F:\GENESIS Studio\genesis-studio\packages\engines-py\.pdb_cache\2ITN,A
1718,ThermoMPNN,2ITN,0.4398082494735718,85,C,W,F:\GENESIS Studio\genesis-studio\packages\engines-py\.pdb_cache\2ITN,A
1719,ThermoMPNN,2ITN,0.561596155166626,85,C,Y,F:\GENESIS Studio\genesis-studio\packages\engines-py\.pdb_cache\2ITN,A
1720,ThermoMPNN,2ITN,0.856268048286438,86,L,A,F:\GENESIS Studio\genesis-studio\packages\engines-py\.pdb_cache\2ITN,A
1721,ThermoMPNN,2ITN,-0.17266464233398438,86,L,C,F:\GENESIS Studio\genesis-studio\packages\engines-py\.pdb_cache\2ITN,A
1722,ThermoMPNN,2ITN,1.4930963516235352,86,L,D,F:\GENESIS Studio\genesis-studio\packages\engines-py\.pdb_cache\2ITN,A
1723,ThermoMPNN,2ITN,1.0036414861679077,86,L,E,F:\GENESIS Studio\genesis-studio\packages\engines-py\.pdb_cache\2ITN,A
1724,ThermoMPNN,2ITN,0.19674932956695557,86,L,F,F:\GENESIS Studio\genesis-studio\packages\engines-py\.pdb_cache\2ITN,A
1725,ThermoMPNN,2ITN,1.3148616552352905,86,L,G,F:\GENESIS Studio\genesis-studio\packages\engines-py\.pdb_cache\2ITN,A
1726,ThermoMPNN,2ITN,0.6279715895652771,86,L,H,F:\GENESIS Studio\genesis-studio\packages\engines-py\.pdb_cache\2ITN,A
1727,ThermoMPNN,2ITN,-0.023228168487548828,86,L,I,F:\GENESIS Studio\genesis-studio\packages\engines-py\.pdb_cache\2ITN,A
1728,ThermoMPNN,2ITN,0.5825594067573547,86,L,K,F:\GENESIS Studio\genesis-studio\packages\engines-py\.pdb_cache\2ITN,A
1729,ThermoMPNN,2ITN,0.0,86,L,L,F:\GENESIS Studio\genesis-studio\packages\engines-py\.pdb_cache\2ITN,A
1730,ThermoMPNN,2ITN,0.1880868673324585,86,L,M,F:\GENESIS Studio\genesis-studio\packages\engines-py\.pdb_cache\2ITN,A
1731,ThermoMPNN,2ITN,0.9283895492553711,86,L,N,F:\GENESIS Studio\genesis-studio\packages\engines-py\.pdb_cache\2ITN,A
1732,ThermoMPNN,2ITN,1.0779786109924316,86,L,P,F:\GENESIS Studio\genesis-studio\packages\engines-py\.pdb_cache\2ITN,A
1733,ThermoMPNN,2ITN,0.744218647480011,86,L,Q,F:\GENESIS Studio\genesis-studio\packages\engines-py\.pdb_cache\2ITN,A
1734,ThermoMPNN,2ITN,0.6771594285964966,86,L,R,F:\GENESIS Studio\genesis-studio\packages\engines-py\.pdb_cache\2ITN,A
1735,ThermoMPNN,2ITN,1.045379877090454,86,L,S,F:\GENESIS Studio\genesis-studio\packages\engines-py\.pdb_cache\2ITN,A
1736,ThermoMPNN,2ITN,0.5849809646606445,86,L,T,F:\GENESIS Studio\genesis-studio\packages\engines-py\.pdb_cache\2ITN,A
1737,ThermoMPNN,2ITN,0.10175693035125732,86,L,V,F:\GENESIS Studio\genesis-studio\packages\engines-py\.pdb_cache\2ITN,A
1738,ThermoMPNN,2ITN,-0.040728211402893066,86,L,W,F:\GENESIS Studio\genesis-studio\packages\engines-py\.pdb_cache\2ITN,A
1739,ThermoMPNN,2ITN,0.16317391395568848,86,L,Y,F:\GENESIS Studio\genesis-studio\packages\engines-py\.pdb_cache\2ITN,A
1740,ThermoMPNN,2ITN,0.04448062181472778,87,T,A,F:\GENESIS Studio\genesis-studio\packages\engines-py\.pdb_cache\2ITN,A
1741,ThermoMPNN,2ITN,1.9490718841552734e-05,87,T,C,F:\GENESIS Studio\genesis-studio\packages\engines-py\.pdb_cache\2ITN,A
1742,ThermoMPNN,2ITN,0.19436103105545044,87,T,D,F:\GENESIS Studio\genesis-studio\packages\engines-py\.pdb_cache\2ITN,A
1743,ThermoMPNN,2ITN,0.3547072410583496,87,T,E,F:\GENESIS Studio\genesis-studio\packages\engines-py\.pdb_cache\2ITN,A
1744,ThermoMPNN,2ITN,0.08796471357345581,87,T,F,F:\GENESIS Studio\genesis-studio\packages\engines-py\.pdb_cache\2ITN,A
1745,ThermoMPNN,2ITN,0.06333863735198975,87,T,G,F:\GENESIS Studio\genesis-studio\packages\engines-py\.pdb_cache\2ITN,A
1746,ThermoMPNN,2ITN,0.13282185792922974,87,T,H,F:\GENESIS Studio\genesis-studio\packages\engines-py\.pdb_cache\2ITN,A
1747,ThermoMPNN,2ITN,0.21723711490631104,87,T,I,F:\GENESIS Studio\genesis-studio\packages\engines-py\.pdb_cache\2ITN,A
1748,ThermoMPNN,2ITN,0.031486332416534424,87,T,K,F:\GENESIS Studio\genesis-studio\packages\engines-py\.pdb_cache\2ITN,A
1749,ThermoMPNN,2ITN,0.12521767616271973,87,T,L,F:\GENESIS Studio\genesis-studio\packages\engines-py\.pdb_cache\2ITN,A
1750,ThermoMPNN,2ITN,0.11916393041610718,87,T,M,F:\GENESIS Studio\genesis-studio\packages\engines-py\.pdb_cache\2ITN,A
1751,ThermoMPNN,2ITN,0.05559849739074707,87,T,N,F:\GENESIS Studio\genesis-studio\packages\engines-py\.pdb_cache\2ITN,A
1752,ThermoMPNN,2ITN,0.5115261673927307,87,T,P,F:\GENESIS Studio\genesis-studio\packages\engines-py\.pdb_cache\2ITN,A
1753,ThermoMPNN,2ITN,0.09731948375701904,87,T,Q,F:\GENESIS Studio\genesis-studio\packages\engines-py\.pdb_cache\2ITN,A
1754,ThermoMPNN,2ITN,0.08212333917617798,87,T,R,F:\GENESIS Studio\genesis-studio\packages\engines-py\.pdb_cache\2ITN,A
1755,ThermoMPNN,2ITN,-0.042127132415771484,87,T,S,F:\GENESIS Studio\genesis-studio\packages\engines-py\.pdb_cache\2ITN,A
1756,ThermoMPNN,2ITN,0.0,87,T,T,F:\GENESIS Studio\genesis-studio\packages\engines-py\.pdb_cache\2ITN,A
1757,ThermoMPNN,2ITN,0.2694243788719177,87,T,V,F:\GENESIS Studio\genesis-studio\packages\engines-py\.pdb_cache\2ITN,A
1758,ThermoMPNN,2ITN,0.023540377616882324,87,T,W,F:\GENESIS Studio\genesis-studio\packages\engines-py\.pdb_cache\2ITN,A
1759,ThermoMPNN,2ITN,0.09630060195922852,87,T,Y,F:\GENESIS Studio\genesis-studio\packages\engines-py\.pdb_cache\2ITN,A
1760,ThermoMPNN,2ITN,0.05079716444015503,88,S,A,F:\GENESIS Studio\genesis-studio\packages\engines-py\.pdb_cache\2ITN,A
1761,ThermoMPNN,2ITN,-0.10585242509841919,88,S,C,F:\GENESIS Studio\genesis-studio\packages\engines-py\.pdb_cache\2ITN,A
1762,ThermoMPNN,2ITN,0.16987621784210205,88,S,D,F:\GENESIS Studio\genesis-studio\packages\engines-py\.pdb_cache\2ITN,A
1763,ThermoMPNN,2ITN,0.28002530336380005,88,S,E,F:\GENESIS Studio\genesis-studio\packages\engines-py\.pdb_cache\2ITN,A
1764,ThermoMPNN,2ITN,0.12605798244476318,88,S,F,F:\GENESIS Studio\genesis-studio\packages\engines-py\.pdb_cache\2ITN,A
1765,ThermoMPNN,2ITN,0.18323683738708496,88,S,G,F:\GENESIS Studio\genesis-studio\packages\engines-py\.pdb_cache\2ITN,A
1766,ThermoMPNN,2ITN,0.06859368085861206,88,S,H,F:\GENESIS Studio\genesis-studio\packages\engines-py\.pdb_cache\2ITN,A
1767,ThermoMPNN,2ITN,0.17954057455062866,88,S,I,F:\GENESIS Studio\genesis-studio\packages\engines-py\.pdb_cache\2ITN,A
1768,ThermoMPNN,2ITN,-0.06477189064025879,88,S,K,F:\GENESIS Studio\genesis-studio\packages\engines-py\.pdb_cache\2ITN,A
1769,ThermoMPNN,2ITN,0.12211024761199951,88,S,L,F:\GENESIS Studio\genesis-studio\packages\engines-py\.pdb_cache\2ITN,A
1770,ThermoMPNN,2ITN,0.21332210302352905,88,S,M,F:\GENESIS Studio\genesis-studio\packages\engines-py\.pdb_cache\2ITN,A
1771,ThermoMPNN,2ITN,0.025573670864105225,88,S,N,F:\GENESIS Studio\genesis-studio\packages\engines-py\.pdb_cache\2ITN,A
1772,ThermoMPNN,2ITN,-0.08885061740875244,88,S,P,F:\GENESIS Studio\genesis-studio\packages\engines-py\.pdb_cache\2ITN,A
1773,ThermoMPNN,2ITN,0.16468369960784912,88,S,Q,F:\GENESIS Studio\genesis-studio\packages\engines-py\.pdb_cache\2ITN,A
1774,ThermoMPNN,2ITN,-0.04628479480743408,88,S,R,F:\GENESIS Studio\genesis-studio\packages\engines-py\.pdb_cache\2ITN,A
1775,ThermoMPNN,2ITN,0.0,88,S,S,F:\GENESIS Studio\genesis-studio\packages\engines-py\.pdb_cache\2ITN,A
1776,ThermoMPNN,2ITN,0.04651987552642822,88,S,T,F:\GENESIS Studio\genesis-studio\packages\engines-py\.pdb_cache\2ITN,A
1777,ThermoMPNN,2ITN,0.28763896226882935,88,S,V,F:\GENESIS Studio\genesis-studio\packages\engines-py\.pdb_cache\2ITN,A
1778,ThermoMPNN,2ITN,0.025267720222473145,88,S,W,F:\GENESIS Studio\genesis-studio\packages\engines-py\.pdb_cache\2ITN,A
1779,ThermoMPNN,2ITN,0.08159661293029785,88,S,Y,F:\GENESIS Studio\genesis-studio\packages\engines-py\.pdb_cache\2ITN,A
1780,ThermoMPNN,2ITN,0.23983049392700195,89,T,A,F:\GENESIS Studio\genesis-studio\packages\engines-py\.pdb_cache\2ITN,A
1781,ThermoMPNN,2ITN,-0.03739023208618164,89,T,C,F:\GENESIS Studio\genesis-studio\packages\engines-py\.pdb_cache\2ITN,A
1782,ThermoMPNN,2ITN,0.7233311533927917,89,T,D,F:\GENESIS Studio\genesis-studio\packages\engines-py\.pdb_cache\2ITN,A
1783,ThermoMPNN,2ITN,0.7709476947784424,89,T,E,F:\GENESIS Studio\genesis-studio\packages\engines-py\.pdb_cache\2ITN,A
1784,ThermoMPNN,2ITN,0.20180976390838623,89,T,F,F:\GENESIS Studio\genesis-studio\packages\engines-py\.pdb_cache\2ITN,A
1785,ThermoMPNN,2ITN,0.4147005081176758,89,T,G,F:\GENESIS Studio\genesis-studio\packages\engines-py\.pdb_cache\2ITN,A
1786,ThermoMPNN,2ITN,0.056824564933776855,89,T,H,F:\GENESIS Studio\genesis-studio\packages\engines-py\.pdb_cache\2ITN,A
1787,ThermoMPNN,2ITN,0.009156763553619385,89,T,I,F:\GENESIS Studio\genesis-studio\packages\engines-py\.pdb_cache\2ITN,A
1788,ThermoMPNN,2ITN,0.0884295105934143,89,T,K,F:\GENESIS Studio\genesis-studio\packages\engines-py\.pdb_cache\2ITN,A
1789,ThermoMPNN,2ITN,0.21991890668869019,89,T,L,F:\GENESIS Studio\genesis-studio\packages\engines-py\.pdb_cache\2ITN,A
1790,ThermoMPNN,2ITN,0.23222661018371582,89,T,M,F:\GENESIS Studio\genesis-studio\packages\engines-py\.pdb_cache\2ITN,A
1791,ThermoMPNN,2ITN,0.25085777044296265,89,T,N,F:\GENESIS Studio\genesis-studio\packages\engines-py\.pdb_cache\2ITN,A
1792,ThermoMPNN,2ITN,0.14966881275177002,89,T,P,F:\GENESIS Studio\genesis-studio\packages\engines-py\.pdb_cache\2ITN,A
1793,ThermoMPNN,2ITN,0.3870001435279846,89,T,Q,F:\GENESIS Studio\genesis-studio\packages\engines-py\.pdb_cache\2ITN,A
1794,ThermoMPNN,2ITN,-0.008801698684692383,89,T,R,F:\GENESIS Studio\genesis-studio\packages\engines-py\.pdb_cache\2ITN,A
1795,ThermoMPNN,2ITN,0.179925799369812,89,T,S,F:\GENESIS Studio\genesis-studio\packages\engines-py\.pdb_cache\2ITN,A
1796,ThermoMPNN,2ITN,0.0,89,T,T,F:\GENESIS Studio\genesis-studio\packages\engines-py\.pdb_cache\2ITN,A
1797,ThermoMPNN,2ITN,-0.016988277435302734,89,T,V,F:\GENESIS Studio\genesis-studio\packages\engines-py\.pdb_cache\2ITN,A
1798,ThermoMPNN,2ITN,0.17314863204956055,89,T,W,F:\GENESIS Studio\genesis-studio\packages\engines-py\.pdb_cache\2ITN,A
1799,ThermoMPNN,2ITN,0.09828215837478638,89,T,Y,F:\GENESIS Studio\genesis-studio\packages\engines-py\.pdb_cache\2ITN,A
1800,ThermoMPNN,2ITN,0.7014429569244385,90,V,A,F:\GENESIS Studio\genesis-studio\packages\engines-py\.pdb_cache\2ITN,A
1801,ThermoMPNN,2ITN,0.13185322284698486,90,V,C,F:\GENESIS Studio\genesis-studio\packages\engines-py\.pdb_cache\2ITN,A
1802,ThermoMPNN,2ITN,1.5053684711456299,90,V,D,F:\GENESIS Studio\genesis-studio\packages\engines-py\.pdb_cache\2ITN,A
1803,ThermoMPNN,2ITN,1.523634433746338,90,V,E,F:\GENESIS Studio\genesis-studio\packages\engines-py\.pdb_cache\2ITN,A
1804,ThermoMPNN,2ITN,0.20719468593597412,90,V,F,F:\GENESIS Studio\genesis-studio\packages\engines-py\.pdb_cache\2ITN,A
1805,ThermoMPNN,2ITN,1.2271111011505127,90,V,G,F:\GENESIS Studio\genesis-studio\packages\engines-py\.pdb_cache\2ITN,A
1806,ThermoMPNN,2ITN,0.902934193611145,90,V,H,F:\GENESIS Studio\genesis-studio\packages\engines-py\.pdb_cache\2ITN,A
1807,ThermoMPNN,2ITN,-0.061959266662597656,90,V,I,F:\GENESIS Studio\genesis-studio\packages\engines-py\.pdb_cache\2ITN,A
1808,ThermoMPNN,2ITN,1.0304023027420044,90,V,K,F:\GENESIS Studio\genesis-studio\packages\engines-py\.pdb_cache\2ITN,A
1809,ThermoMPNN,2ITN,0.18950986862182617,90,V,L,F:\GENESIS Studio\genesis-studio\packages\engines-py\.pdb_cache\2ITN,A
1810,ThermoMPNN,2ITN,0.38371556997299194,90,V,M,F:\GENESIS Studio\genesis-studio\packages\engines-py\.pdb_cache\2ITN,A
1811,ThermoMPNN,2ITN,1.1858711242675781,90,V,N,F:\GENESIS Studio\genesis-studio\packages\engines-py\.pdb_cache\2ITN,A
1812,ThermoMPNN,2ITN,0.5450192093849182,90,V,P,F:\GENESIS Studio\genesis-studio\packages\engines-py\.pdb_cache\2ITN,A
1813,ThermoMPNN,2ITN,1.249312400817871,90,V,Q,F:\GENESIS Studio\genesis-studio\packages\engines-py\.pdb_cache\2ITN,A
1814,ThermoMPNN,2ITN,1.0657134056091309,90,V,R,F:\GENESIS Studio\genesis-studio\packages\engines-py\.pdb_cache\2ITN,A
1815,ThermoMPNN,2ITN,0.9743671417236328,90,V,S,F:\GENESIS Studio\genesis-studio\packages\engines-py\.pdb_cache\2ITN,A
1816,ThermoMPNN,2ITN,0.6723197102546692,90,V,T,F:\GENESIS Studio\genesis-studio\packages\engines-py\.pdb_cache\2ITN,A
1817,ThermoMPNN,2ITN,0.0,90,V,V,F:\GENESIS Studio\genesis-studio\packages\engines-py\.pdb_cache\2ITN,A
1818,ThermoMPNN,2ITN,0.06704390048980713,90,V,W,F:\GENESIS Studio\genesis-studio\packages\engines-py\.pdb_cache\2ITN,A
1819,ThermoMPNN,2ITN,0.2125931978225708,90,V,Y,F:\GENESIS Studio\genesis-studio\packages\engines-py\.pdb_cache\2ITN,A
1820,ThermoMPNN,2ITN,0.43296217918395996,91,Q,A,F:\GENESIS Studio\genesis-studio\packages\engines-py\.pdb_cache\2ITN,A
1821,ThermoMPNN,2ITN,-0.005231976509094238,91,Q,C,F:\GENESIS Studio\genesis-studio\packages\engines-py\.pdb_cache\2ITN,A
1822,ThermoMPNN,2ITN,2.020345687866211,91,Q,D,F:\GENESIS Studio\genesis-studio\packages\engines-py\.pdb_cache\2ITN,A
1823,ThermoMPNN,2ITN,1.4339089393615723,91,Q,E,F:\GENESIS Studio\genesis-studio\packages\engines-py\.pdb_cache\2ITN,A
1824,ThermoMPNN,2ITN,0.5751334428787231,91,Q,F,F:\GENESIS Studio\genesis-studio\packages\engines-py\.pdb_cache\2ITN,A
1825,ThermoMPNN,2ITN,1.5026545524597168,91,Q,G,F:\GENESIS Studio\genesis-studio\packages\engines-py\.pdb_cache\2ITN,A
1826,ThermoMPNN,2ITN,0.7442792654037476,91,Q,H,F:\GENESIS Studio\genesis-studio\packages\engines-py\.pdb_cache\2ITN,A
1827,ThermoMPNN,2ITN,-0.4674372673034668,91,Q,I,F:\GENESIS Studio\genesis-studio\packages\engines-py\.pdb_cache\2ITN,A
1828,ThermoMPNN,2ITN,-0.2390354871749878,91,Q,K,F:\GENESIS Studio\genesis-studio\packages\engines-py\.pdb_cache\2ITN,A
1829,ThermoMPNN,2ITN,0.05939936637878418,91,Q,L,F:\GENESIS Studio\genesis-studio\packages\engines-py\.pdb_cache\2ITN,A
1830,ThermoMPNN,2ITN,-0.3240009546279907,91,Q,M,F:\GENESIS Studio\genesis-studio\packages\engines-py\.pdb_cache\2ITN,A
1831,ThermoMPNN,2ITN,1.2371245622634888,91,Q,N,F:\GENESIS Studio\genesis-studio\packages\engines-py\.pdb_cache\2ITN,A
1832,ThermoMPNN,2ITN,1.5935266017913818,91,Q,P,F:\GENESIS Studio\genesis-studio\packages\engines-py\.pdb_cache\2ITN,A
1833,ThermoMPNN,2ITN,0.0,91,Q,Q,F:\GENESIS Studio\genesis-studio\packages\engines-py\.pdb_cache\2ITN,A
1834,ThermoMPNN,2ITN,-0.12984216213226318,91,Q,R,F:\GENESIS Studio\genesis-studio\packages\engines-py\.pdb_cache\2ITN,A
1835,ThermoMPNN,2ITN,0.3110661506652832,91,Q,S,F:\GENESIS Studio\genesis-studio\packages\engines-py\.pdb_cache\2ITN,A
1836,ThermoMPNN,2ITN,0.29418593645095825,91,Q,T,F:\GENESIS Studio\genesis-studio\packages\engines-py\.pdb_cache\2ITN,A
1837,ThermoMPNN,2ITN,0.009407758712768555,91,Q,V,F:\GENESIS Studio\genesis-studio\packages\engines-py\.pdb_cache\2ITN,A
1838,ThermoMPNN,2ITN,0.458249032497406,91,Q,W,F:\GENESIS Studio\genesis-studio\packages\engines-py\.pdb_cache\2ITN,A
1839,ThermoMPNN,2ITN,0.6357260942459106,91,Q,Y,F:\GENESIS Studio\genesis-studio\packages\engines-py\.pdb_cache\2ITN,A
1840,ThermoMPNN,2ITN,1.7984960079193115,92,L,A,F:\GENESIS Studio\genesis-studio\packages\engines-py\.pdb_cache\2ITN,A
1841,ThermoMPNN,2ITN,1.0180610418319702,92,L,C,F:\GENESIS Studio\genesis-studio\packages\engines-py\.pdb_cache\2ITN,A
1842,ThermoMPNN,2ITN,2.766608953475952,92,L,D,F:\GENESIS Studio\genesis-studio\packages\engines-py\.pdb_cache\2ITN,A
1843,ThermoMPNN,2ITN,2.4291865825653076,92,L,E,F:\GENESIS Studio\genesis-studio\packages\engines-py\.pdb_cache\2ITN,A
1844,ThermoMPNN,2ITN,1.0060687065124512,92,L,F,F:\GENESIS Studio\genesis-studio\packages\engines-py\.pdb_cache\2ITN,A
1845,ThermoMPNN,2ITN,2.4614593982696533,92,L,G,F:\GENESIS Studio\genesis-studio\packages\engines-py\.pdb_cache\2ITN,A
1846,ThermoMPNN,2ITN,2.1551167964935303,92,L,H,F:\GENESIS Studio\genesis-studio\packages\engines-py\.pdb_cache\2ITN,A
1847,ThermoMPNN,2ITN,0.14529061317443848,92,L,I,F:\GENESIS Studio\genesis-studio\packages\engines-py\.pdb_cache\2ITN,A
1848,ThermoMPNN,2ITN,2.073469638824463,92,L,K,F:\GENESIS Studio\genesis-studio\packages\engines-py\.pdb_cache\2ITN,A
1849,ThermoMPNN,2ITN,0.0,92,L,L,F:\GENESIS Studio\genesis-studio\packages\engines-py\.pdb_cache\2ITN,A
1850,ThermoMPNN,2ITN,0.7401127815246582,92,L,M,F:\GENESIS Studio\genesis-studio\packages\engines-py\.pdb_cache\2ITN,A
1851,ThermoMPNN,2ITN,2.484226942062378,92,L,N,F:\GENESIS Studio\genesis-studio\packages\engines-py\.pdb_cache\2ITN,A
1852,ThermoMPNN,2ITN,2.551429033279419,92,L,P,F:\GENESIS Studio\genesis-studio\packages\engines-py\.pdb_cache\2ITN,A
1853,ThermoMPNN,2ITN,2.196403980255127,92,L,Q,F:\GENESIS Studio\genesis-studio\packages\engines-py\.pdb_cache\2ITN,A
1854,ThermoMPNN,2ITN,2.08188533782959,92,L,R,F:\GENESIS Studio\genesis-studio\packages\engines-py\.pdb_cache\2ITN,A
1855,ThermoMPNN,2ITN,2.1699910163879395,92,L,S,F:\GENESIS Studio\genesis-studio\packages\engines-py\.pdb_cache\2ITN,A
1856,ThermoMPNN,2ITN,1.8932037353515625,92,L,T,F:\GENESIS Studio\genesis-studio\packages\engines-py\.pdb_cache\2ITN,A
1857,ThermoMPNN,2ITN,0.522660493850708,92,L,V,F:\GENESIS Studio\genesis-studio\packages\engines-py\.pdb_cache\2ITN,A
1858,ThermoMPNN,2ITN,1.242271065711975,92,L,W,F:\GENESIS Studio\genesis-studio\packages\engines-py\.pdb_cache\2ITN,A
1859,ThermoMPNN,2ITN,1.3463202714920044,92,L,Y,F:\GENESIS Studio\genesis-studio\packages\engines-py\.pdb_cache\2ITN,A
1860,ThermoMPNN,2ITN,2.1437602043151855,93,I,A,F:\GENESIS Studio\genesis-studio\packages\engines-py\.pdb_cache\2ITN,A
1861,ThermoMPNN,2ITN,1.4202109575271606,93,I,C,F:\GENESIS Studio\genesis-studio\packages\engines-py\.pdb_cache\2ITN,A
1862,ThermoMPNN,2ITN,2.8461999893188477,93,I,D,F:\GENESIS Studio\genesis-studio\packages\engines-py\.pdb_cache\2ITN,A
1863,ThermoMPNN,2ITN,2.981786012649536,93,I,E,F:\GENESIS Studio\genesis-studio\packages\engines-py\.pdb_cache\2ITN,A
1864,ThermoMPNN,2ITN,1.4100786447525024,93,I,F,F:\GENESIS Studio\genesis-studio\packages\engines-py\.pdb_cache\2ITN,A
1865,ThermoMPNN,2ITN,2.6448466777801514,93,I,G,F:\GENESIS Studio\genesis-studio\packages\engines-py\.pdb_cache\2ITN,A
1866,ThermoMPNN,2ITN,2.5046615600585938,93,I,H,F:\GENESIS Studio\genesis-studio\packages\engines-py\.pdb_cache\2ITN,A
1867,ThermoMPNN,2ITN,0.0,93,I,I,F:\GENESIS Studio\genesis-studio\packages\engines-py\.pdb_cache\2ITN,A
1868,ThermoMPNN,2ITN,2.610048770904541,93,I,K,F:\GENESIS Studio\genesis-studio\packages\engines-py\.pdb_cache\2ITN,A
1869,ThermoMPNN,2ITN,0.8789706230163574,93,I,L,F:\GENESIS Studio\genesis-studio\packages\engines-py\.pdb_cache\2ITN,A
1870,ThermoMPNN,2ITN,1.394713044166565,93,I,M,F:\GENESIS Studio\genesis-studio\packages\engines-py\.pdb_cache\2ITN,A
1871,ThermoMPNN,2ITN,2.71865177154541,93,I,N,F:\GENESIS Studio\genesis-studio\packages\engines-py\.pdb_cache\2ITN,A
1872,ThermoMPNN,2ITN,2.807669162750244,93,I,P,F:\GENESIS Studio\genesis-studio\packages\engines-py\.pdb_cache\2ITN,A
1873,ThermoMPNN,2ITN,2.6884851455688477,93,I,Q,F:\GENESIS Studio\genesis-studio\packages\engines-py\.pdb_cache\2ITN,A
1874,ThermoMPNN,2ITN,2.634445905685425,93,I,R,F:\GENESIS Studio\genesis-studio\packages\engines-py\.pdb_cache\2ITN,A
1875,ThermoMPNN,2ITN,2.6707773208618164,93,I,S,F:\GENESIS Studio\genesis-studio\packages\engines-py\.pdb_cache\2ITN,A
1876,ThermoMPNN,2ITN,2.298173189163208,93,I,T,F:\GENESIS Studio\genesis-studio\packages\engines-py\.pdb_cache\2ITN,A
1877,ThermoMPNN,2ITN,0.529005765914917,93,I,V,F:\GENESIS Studio\genesis-studio\packages\engines-py\.pdb_cache\2ITN,A
1878,ThermoMPNN,2ITN,2.079918384552002,93,I,W,F:\GENESIS Studio\genesis-studio\packages\engines-py\.pdb_cache\2ITN,A
1879,ThermoMPNN,2ITN,1.9456387758255005,93,I,Y,F:\GENESIS Studio\genesis-studio\packages\engines-py\.pdb_cache\2ITN,A
1880,ThermoMPNN,2ITN,0.9454612135887146,94,T,A,F:\GENESIS Studio\genesis-studio\packages\engines-py\.pdb_cache\2ITN,A
1881,ThermoMPNN,2ITN,-0.17244887351989746,94,T,C,F:\GENESIS Studio\genesis-studio\packages\engines-py\.pdb_cache\2ITN,A
1882,ThermoMPNN,2ITN,2.2391679286956787,94,T,D,F:\GENESIS Studio\genesis-studio\packages\engines-py\.pdb_cache\2ITN,A
1883,ThermoMPNN,2ITN,1.353484869003296,94,T,E,F:\GENESIS Studio\genesis-studio\packages\engines-py\.pdb_cache\2ITN,A
1884,ThermoMPNN,2ITN,-0.013833761215209961,94,T,F,F:\GENESIS Studio\genesis-studio\packages\engines-py\.pdb_cache\2ITN,A
1885,ThermoMPNN,2ITN,1.9012584686279297,94,T,G,F:\GENESIS Studio\genesis-studio\packages\engines-py\.pdb_cache\2ITN,A
1886,ThermoMPNN,2ITN,1.0581142902374268,94,T,H,F:\GENESIS Studio\genesis-studio\packages\engines-py\.pdb_cache\2ITN,A
1887,ThermoMPNN,2ITN,-0.41457343101501465,94,T,I,F:\GENESIS Studio\genesis-studio\packages\engines-py\.pdb_cache\2ITN,A
1888,ThermoMPNN,2ITN,1.199458360671997,94,T,K,F:\GENESIS Studio\genesis-studio\packages\engines-py\.pdb_cache\2ITN,A
1889,ThermoMPNN,2ITN,-0.5883588790893555,94,T,L,F:\GENESIS Studio\genesis-studio\packages\engines-py\.pdb_cache\2ITN,A
1890,ThermoMPNN,2ITN,-0.2660568952560425,94,T,M,F:\GENESIS Studio\genesis-studio\packages\engines-py\.pdb_cache\2ITN,A
1891,ThermoMPNN,2ITN,1.5455379486083984,94,T,N,F:\GENESIS Studio\genesis-studio\packages\engines-py\.pdb_cache\2ITN,A
1892,ThermoMPNN,2ITN,2.8917367458343506,94,T,P,F:\GENESIS Studio\genesis-studio\packages\engines-py\.pdb_cache\2ITN,A
1893,ThermoMPNN,2ITN,1.0200438499450684,94,T,Q,F:\GENESIS Studio\genesis-studio\packages\engines-py\.pdb_cache\2ITN,A
1894,ThermoMPNN,2ITN,1.0681078433990479,94,T,R,F:\GENESIS Studio\genesis-studio\packages\engines-py\.pdb_cache\2ITN,A
1895,ThermoMPNN,2ITN,0.8429571390151978,94,T,S,F:\GENESIS Studio\genesis-studio\packages\engines-py\.pdb_cache\2ITN,A
1896,ThermoMPNN,2ITN,0.0,94,T,T,F:\GENESIS Studio\genesis-studio\packages\engines-py\.pdb_cache\2ITN,A
1897,ThermoMPNN,2ITN,-0.15114891529083252,94,T,V,F:\GENESIS Studio\genesis-studio\packages\engines-py\.pdb_cache\2ITN,A
1898,ThermoMPNN,2ITN,0.2422003149986267,94,T,W,F:\GENESIS Studio\genesis-studio\packages\engines-py\.pdb_cache\2ITN,A
1899,ThermoMPNN,2ITN,0.10246121883392334,94,T,Y,F:\GENESIS Studio\genesis-studio\packages\engines-py\.pdb_cache\2ITN,A
1900,ThermoMPNN,2ITN,0.39361584186553955,95,Q,A,F:\GENESIS Studio\genesis-studio\packages\engines-py\.pdb_cache\2ITN,A
1901,ThermoMPNN,2ITN,0.4685145616531372,95,Q,C,F:\GENESIS Studio\genesis-studio\packages\engines-py\.pdb_cache\2ITN,A
1902,ThermoMPNN,2ITN,0.7829751372337341,95,Q,D,F:\GENESIS Studio\genesis-studio\packages\engines-py\.pdb_cache\2ITN,A
1903,ThermoMPNN,2ITN,-0.8108118772506714,95,Q,E,F:\GENESIS Studio\genesis-studio\packages\engines-py\.pdb_cache\2ITN,A
1904,ThermoMPNN,2ITN,0.995544970035553,95,Q,F,F:\GENESIS Studio\genesis-studio\packages\engines-py\.pdb_cache\2ITN,A
1905,ThermoMPNN,2ITN,1.2746820449829102,95,Q,G,F:\GENESIS Studio\genesis-studio\packages\engines-py\.pdb_cache\2ITN,A
1906,ThermoMPNN,2ITN,0.7333173155784607,95,Q,H,F:\GENESIS Studio\genesis-studio\packages\engines-py\.pdb_cache\2ITN,A
1907,ThermoMPNN,2ITN,0.9907132387161255,95,Q,I,F:\GENESIS Studio\genesis-studio\packages\engines-py\.pdb_cache\2ITN,A
1908,ThermoMPNN,2ITN,1.4353296756744385,95,Q,K,F:\GENESIS Studio\genesis-studio\packages\engines-py\.pdb_cache\2ITN,A
1909,ThermoMPNN,2ITN,1.1507272720336914,95,Q,L,F:\GENESIS Studio\genesis-studio\packages\engines-py\.pdb_cache\2ITN,A
1910,ThermoMPNN,2ITN,0.47341692447662354,95,Q,M,F:\GENESIS Studio\genesis-studio\packages\engines-py\.pdb_cache\2ITN,A
1911,ThermoMPNN,2ITN,1.3711967468261719,95,Q,N,F:\GENESIS Studio\genesis-studio\packages\engines-py\.pdb_cache\2ITN,A
1912,ThermoMPNN,2ITN,1.6359949111938477,95,Q,P,F:\GENESIS Studio\genesis-studio\packages\engines-py\.pdb_cache\2ITN,A
1913,ThermoMPNN,2ITN,0.0,95,Q,Q,F:\GENESIS Studio\genesis-studio\packages\engines-py\.pdb_cache\2ITN,A
1914,ThermoMPNN,2ITN,1.4140275716781616,95,Q,R,F:\GENESIS Studio\genesis-studio\packages\engines-py\.pdb_cache\2ITN,A
1915,ThermoMPNN,2ITN,0.7137693166732788,95,Q,S,F:\GENESIS Studio\genesis-studio\packages\engines-py\.pdb_cache\2ITN,A
1916,ThermoMPNN,2ITN,0.7665826082229614,95,Q,T,F:\GENESIS Studio\genesis-studio\packages\engines-py\.pdb_cache\2ITN,A
1917,ThermoMPNN,2ITN,0.9153591394424438,95,Q,V,F:\GENESIS Studio\genesis-studio\packages\engines-py\.pdb_cache\2ITN,A
1918,ThermoMPNN,2ITN,0.8406997919082642,95,Q,W,F:\GENESIS Studio\genesis-studio\packages\engines-py\.pdb_cache\2ITN,A
1919,ThermoMPNN,2ITN,0.6889523267745972,95,Q,Y,F:\GENESIS Studio\genesis-studio\packages\engines-py\.pdb_cache\2ITN,A
1920,ThermoMPNN,2ITN,1.661844253540039,96,L,A,F:\GENESIS Studio\genesis-studio\packages\engines-py\.pdb_cache\2ITN,A
1921,ThermoMPNN,2ITN,0.8929902911186218,96,L,C,F:\GENESIS Studio\genesis-studio\packages\engines-py\.pdb_cache\2ITN,A
1922,ThermoMPNN,2ITN,1.7416636943817139,96,L,D,F:\GENESIS Studio\genesis-studio\packages\engines-py\.pdb_cache\2ITN,A
1923,ThermoMPNN,2ITN,1.6637933254241943,96,L,E,F:\GENESIS Studio\genesis-studio\packages\engines-py\.pdb_cache\2ITN,A
1924,ThermoMPNN,2ITN,0.7845158576965332,96,L,F,F:\GENESIS Studio\genesis-studio\packages\engines-py\.pdb_cache\2ITN,A
1925,ThermoMPNN,2ITN,2.4129462242126465,96,L,G,F:\GENESIS Studio\genesis-studio\packages\engines-py\.pdb_cache\2ITN,A
1926,ThermoMPNN,2ITN,1.4486156702041626,96,L,H,F:\GENESIS Studio\genesis-studio\packages\engines-py\.pdb_cache\2ITN,A
1927,ThermoMPNN,2ITN,0.8014953136444092,96,L,I,F:\GENESIS Studio\genesis-studio\packages\engines-py\.pdb_cache\2ITN,A
1928,ThermoMPNN,2ITN,2.1965155601501465,96,L,K,F:\GENESIS Studio\genesis-studio\packages\engines-py\.pdb_cache\2ITN,A
1929,ThermoMPNN,2ITN,0.0,96,L,L,F:\GENESIS Studio\genesis-studio\packages\engines-py\.pdb_cache\2ITN,A
1930,ThermoMPNN,2ITN,0.6991146802902222,96,L,M,F:\GENESIS Studio\genesis-studio\packages\engines-py\.pdb_cache\2ITN,A
1931,ThermoMPNN,2ITN,1.8769060373306274,96,L,N,F:\GENESIS Studio\genesis-studio\packages\engines-py\.pdb_cache\2ITN,A
1932,ThermoMPNN,2ITN,2.261610507965088,96,L,P,F:\GENESIS Studio\genesis-studio\packages\engines-py\.pdb_cache\2ITN,A
1933,ThermoMPNN,2ITN,1.828016996383667,96,L,Q,F:\GENESIS Studio\genesis-studio\packages\engines-py\.pdb_cache\2ITN,A
1934,ThermoMPNN,2ITN,2.125170946121216,96,L,R,F:\GENESIS Studio\genesis-studio\packages\engines-py\.pdb_cache\2ITN,A
1935,ThermoMPNN,2ITN,1.9446848630905151,96,L,S,F:\GENESIS Studio\genesis-studio\packages\engines-py\.pdb_cache\2ITN,A
1936,ThermoMPNN,2ITN,1.924109935760498,96,L,T,F:\GENESIS Studio\genesis-studio\packages\engines-py\.pdb_cache\2ITN,A
1937,ThermoMPNN,2ITN,1.1710927486419678,96,L,V,F:\GENESIS Studio\genesis-studio\packages\engines-py\.pdb_cache\2ITN,A
1938,ThermoMPNN,2ITN,0.5490509271621704,96,L,W,F:\GENESIS Studio\genesis-studio\packages\engines-py\.pdb_cache\2ITN,A
1939,ThermoMPNN,2ITN,0.6444216966629028,96,L,Y,F:\GENESIS Studio\genesis-studio\packages\engines-py\.pdb_cache\2ITN,A
1940,ThermoMPNN,2ITN,0.6834304928779602,97,M,A,F:\GENESIS Studio\genesis-studio\packages\engines-py\.pdb_cache\2ITN,A
1941,ThermoMPNN,2ITN,0.12368559837341309,97,M,C,F:\GENESIS Studio\genesis-studio\packages\engines-py\.pdb_cache\2ITN,A
1942,ThermoMPNN,2ITN,1.6917717456817627,97,M,D,F:\GENESIS Studio\genesis-studio\packages\engines-py\.pdb_cache\2ITN,A
1943,ThermoMPNN,2ITN,1.4993250370025635,97,M,E,F:\GENESIS Studio\genesis-studio\packages\engines-py\.pdb_cache\2ITN,A
1944,ThermoMPNN,2ITN,-0.17433083057403564,97,M,F,F:\GENESIS Studio\genesis-studio\packages\engines-py\.pdb_cache\2ITN,A
1945,ThermoMPNN,2ITN,1.674903392791748,97,M,G,F:\GENESIS Studio\genesis-studio\packages\engines-py\.pdb_cache\2ITN,A
1946,ThermoMPNN,2ITN,0.5732678771018982,97,M,H,F:\GENESIS Studio\genesis-studio\packages\engines-py\.pdb_cache\2ITN,A
1947,ThermoMPNN,2ITN,1.1897135972976685,97,M,I,F:\GENESIS Studio\genesis-studio\packages\engines-py\.pdb_cache\2ITN,A
1948,ThermoMPNN,2ITN,2.227693557739258,97,M,K,F:\GENESIS Studio\genesis-studio\packages\engines-py\.pdb_cache\2ITN,A
1949,ThermoMPNN,2ITN,0.5764535665512085,97,M,L,F:\GENESIS Studio\genesis-studio\packages\engines-py\.pdb_cache\2ITN,A
1950,ThermoMPNN,2ITN,0.0,97,M,M,F:\GENESIS Studio\genesis-studio\packages\engines-py\.pdb_cache\2ITN,A
1951,ThermoMPNN,2ITN,1.4127254486083984,97,M,N,F:\GENESIS Studio\genesis-studio\packages\engines-py\.pdb_cache\2ITN,A
1952,ThermoMPNN,2ITN,2.1304771900177,97,M,P,F:\GENESIS Studio\genesis-studio\packages\engines-py\.pdb_cache\2ITN,A
1953,ThermoMPNN,2ITN,1.2361383438110352,97,M,Q,F:\GENESIS Studio\genesis-studio\packages\engines-py\.pdb_cache\2ITN,A
1954,ThermoMPNN,2ITN,1.8905017375946045,97,M,R,F:\GENESIS Studio\genesis-studio\packages\engines-py\.pdb_cache\2ITN,A
1955,ThermoMPNN,2ITN,1.1720447540283203,97,M,S,F:\GENESIS Studio\genesis-studio\packages\engines-py\.pdb_cache\2ITN,A
1956,ThermoMPNN,2ITN,1.536674976348877,97,M,T,F:\GENESIS Studio\genesis-studio\packages\engines-py\.pdb_cache\2ITN,A
1957,ThermoMPNN,2ITN,1.3131544589996338,97,M,V,F:\GENESIS Studio\genesis-studio\packages\engines-py\.pdb_cache\2ITN,A
1958,ThermoMPNN,2ITN,0.22185730934143066,97,M,W,F:\GENESIS Studio\genesis-studio\packages\engines-py\.pdb_cache\2ITN,A
1959,ThermoMPNN,2ITN,0.052915215492248535,97,M,Y,F:\GENESIS Studio\genesis-studio\packages\engines-py\.pdb_cache\2ITN,A
1960,ThermoMPNN,2ITN,1.233141541481018,98,P,A,F:\GENESIS Studio\genesis-studio\packages\engines-py\.pdb_cache\2ITN,A
1961,ThermoMPNN,2ITN,0.5652625560760498,98,P,C,F:\GENESIS Studio\genesis-studio\packages\engines-py\.pdb_cache\2ITN,A
1962,ThermoMPNN,2ITN,1.5279310941696167,98,P,D,F:\GENESIS Studio\genesis-studio\packages\engines-py\.pdb_cache\2ITN,A
1963,ThermoMPNN,2ITN,1.352678894996643,98,P,E,F:\GENESIS Studio\genesis-studio\packages\engines-py\.pdb_cache\2ITN,A
1964,ThermoMPNN,2ITN,0.8724316954612732,98,P,F,F:\GENESIS Studio\genesis-studio\packages\engines-py\.pdb_cache\2ITN,A
1965,ThermoMPNN,2ITN,1.6316052675247192,98,P,G,F:\GENESIS Studio\genesis-studio\packages\engines-py\.pdb_cache\2ITN,A
1966,ThermoMPNN,2ITN,1.1272333860397339,98,P,H,F:\GENESIS Studio\genesis-studio\packages\engines-py\.pdb_cache\2ITN,A
1967,ThermoMPNN,2ITN,1.0174814462661743,98,P,I,F:\GENESIS Studio\genesis-studio\packages\engines-py\.pdb_cache\2ITN,A
1968,ThermoMPNN,2ITN,1.1613950729370117,98,P,K,F:\GENESIS Studio\genesis-studio\packages\engines-py\.pdb_cache\2ITN,A
1969,ThermoMPNN,2ITN,0.7903345823287964,98,P,L,F:\GENESIS Studio\genesis-studio\packages\engines-py\.pdb_cache\2ITN,A
1970,ThermoMPNN,2ITN,1.0014609098434448,98,P,M,F:\GENESIS Studio\genesis-studio\packages\engines-py\.pdb_cache\2ITN,A
1971,ThermoMPNN,2ITN,1.3521418571472168,98,P,N,F:\GENESIS Studio\genesis-studio\packages\engines-py\.pdb_cache\2ITN,A
1972,ThermoMPNN,2ITN,0.0,98,P,P,F:\GENESIS Studio\genesis-studio\packages\engines-py\.pdb_cache\2ITN,A
1973,ThermoMPNN,2ITN,1.3762341737747192,98,P,Q,F:\GENESIS Studio\genesis-studio\packages\engines-py\.pdb_cache\2ITN,A
1974,ThermoMPNN,2ITN,1.1615618467330933,98,P,R,F:\GENESIS Studio\genesis-studio\packages\engines-py\.pdb_cache\2ITN,A
1975,ThermoMPNN,2ITN,1.382153034210205,98,P,S,F:\GENESIS Studio\genesis-studio\packages\engines-py\.pdb_cache\2ITN,A
1976,ThermoMPNN,2ITN,1.3992111682891846,98,P,T,F:\GENESIS Studio\genesis-studio\packages\engines-py\.pdb_cache\2ITN,A
1977,ThermoMPNN,2ITN,1.1668580770492554,98,P,V,F:\GENESIS Studio\genesis-studio\packages\engines-py\.pdb_cache\2ITN,A
1978,ThermoMPNN,2ITN,0.669380784034729,98,P,W,F:\GENESIS Studio\genesis-studio\packages\engines-py\.pdb_cache\2ITN,A
1979,ThermoMPNN,2ITN,0.7003958225250244,98,P,Y,F:\GENESIS Studio\genesis-studio\packages\engines-py\.pdb_cache\2ITN,A
1980,ThermoMPNN,2ITN,0.95245760679245,99,F,A,F:\GENESIS Studio\genesis-studio\packages\engines-py\.pdb_cache\2ITN,A
1981,ThermoMPNN,2ITN,0.07485413551330566,99,F,C,F:\GENESIS Studio\genesis-studio\packages\engines-py\.pdb_cache\2ITN,A
1982,ThermoMPNN,2ITN,1.2926445007324219,99,F,D,F:\GENESIS Studio\genesis-studio\packages\engines-py\.pdb_cache\2ITN,A
1983,ThermoMPNN,2ITN,1.1642251014709473,99,F,E,F:\GENESIS Studio\genesis-studio\packages\engines-py\.pdb_cache\2ITN,A
1984,ThermoMPNN,2ITN,0.0,99,F,F,F:\GENESIS Studio\genesis-studio\packages\engines-py\.pdb_cache\2ITN,A
1985,ThermoMPNN,2ITN,0.5666441321372986,99,F,G,F:\GENESIS Studio\genesis-studio\packages\engines-py\.pdb_cache\2ITN,A
1986,ThermoMPNN,2ITN,0.7211434245109558,99,F,H,F:\GENESIS Studio\genesis-studio\packages\engines-py\.pdb_cache\2ITN,A
1987,ThermoMPNN,2ITN,0.6598644256591797,99,F,I,F:\GENESIS Studio\genesis-studio\packages\engines-py\.pdb_cache\2ITN,A
1988,ThermoMPNN,2ITN,1.1061162948608398,99,F,K,F:\GENESIS Studio\genesis-studio\packages\engines-py\.pdb_cache\2ITN,A
1989,ThermoMPNN,2ITN,-0.02953314781188965,99,F,L,F:\GENESIS Studio\genesis-studio\packages\engines-py\.pdb_cache\2ITN,A
1990,ThermoMPNN,2ITN,0.29436540603637695,99,F,M,F:\GENESIS Studio\genesis-studio\packages\engines-py\.pdb_cache\2ITN,A
1991,ThermoMPNN,2ITN,1.0419185161590576,99,F,N,F:\GENESIS Studio\genesis-studio\packages\engines-py\.pdb_cache\2ITN,A
1992,ThermoMPNN,2ITN,0.9055827856063843,99,F,P,F:\GENESIS Studio\genesis-studio\packages\engines-py\.pdb_cache\2ITN,A
1993,ThermoMPNN,2ITN,1.1013097763061523,99,F,Q,F:\GENESIS Studio\genesis-studio\packages\engines-py\.pdb_cache\2ITN,A
1994,ThermoMPNN,2ITN,1.129913568496704,99,F,R,F:\GENESIS Studio\genesis-studio\packages\engines-py\.pdb_cache\2ITN,A
1995,ThermoMPNN,2ITN,1.2656958103179932,99,F,S,F:\GENESIS Studio\genesis-studio\packages\engines-py\.pdb_cache\2ITN,A
1996,ThermoMPNN,2ITN,1.32877779006958,99,F,T,F:\GENESIS Studio\genesis-studio\packages\engines-py\.pdb_cache\2ITN,A
1997,ThermoMPNN,2ITN,0.9151071310043335,99,F,V,F:\GENESIS Studio\genesis-studio\packages\engines-py\.pdb_cache\2ITN,A
1998,ThermoMPNN,2ITN,0.29521167278289795,99,F,W,F:\GENESIS Studio\genesis-studio\packages\engines-py\.pdb_cache\2ITN,A
1999,ThermoMPNN,2ITN,0.2285226583480835,99,F,Y,F:\GENESIS Studio\genesis-studio\packages\engines-py\.pdb_cache\2ITN,A
2000,ThermoMPNN,2ITN,1.6596477031707764,100,G,A,F:\GENESIS Studio\genesis-studio\packages\engines-py\.pdb_cache\2ITN,A
2001,ThermoMPNN,2ITN,1.1172058582305908,100,G,C,F:\GENESIS Studio\genesis-studio\packages\engines-py\.pdb_cache\2ITN,A
2002,ThermoMPNN,2ITN,1.6736639738082886,100,G,D,F:\GENESIS Studio\genesis-studio\packages\engines-py\.pdb_cache\2ITN,A
2003,ThermoMPNN,2ITN,1.9047300815582275,100,G,E,F:\GENESIS Studio\genesis-studio\packages\engines-py\.pdb_cache\2ITN,A
2004,ThermoMPNN,2ITN,1.5286790132522583,100,G,F,F:\GENESIS Studio\genesis-studio\packages\engines-py\.pdb_cache\2ITN,A
2005,ThermoMPNN,2ITN,0.0,100,G,G,F:\GENESIS Studio\genesis-studio\packages\engines-py\.pdb_cache\2ITN,A
2006,ThermoMPNN,2ITN,1.7041553258895874,100,G,H,F:\GENESIS Studio\genesis-studio\packages\engines-py\.pdb_cache\2ITN,A
2007,ThermoMPNN,2ITN,1.947370171546936,100,G,I,F:\GENESIS Studio\genesis-studio\packages\engines-py\.pdb_cache\2ITN,A
2008,ThermoMPNN,2ITN,1.8657796382904053,100,G,K,F:\GENESIS Studio\genesis-studio\packages\engines-py\.pdb_cache\2ITN,A
2009,ThermoMPNN,2ITN,1.6432008743286133,100,G,L,F:\GENESIS Studio\genesis-studio\packages\engines-py\.pdb_cache\2ITN,A
2010,ThermoMPNN,2ITN,1.5560088157653809,100,G,M,F:\GENESIS Studio\genesis-studio\packages\engines-py\.pdb_cache\2ITN,A
2011,ThermoMPNN,2ITN,1.5540159940719604,100,G,N,F:\GENESIS Studio\genesis-studio\packages\engines-py\.pdb_cache\2ITN,A
2012,ThermoMPNN,2ITN,2.4251487255096436,100,G,P,F:\GENESIS Studio\genesis-studio\packages\engines-py\.pdb_cache\2ITN,A
2013,ThermoMPNN,2ITN,1.7064577341079712,100,G,Q,F:\GENESIS Studio\genesis-studio\packages\engines-py\.pdb_cache\2ITN,A
2014,ThermoMPNN,2ITN,1.983872413635254,100,G,R,F:\GENESIS Studio\genesis-studio\packages\engines-py\.pdb_cache\2ITN,A
2015,ThermoMPNN,2ITN,1.6190762519836426,100,G,S,F:\GENESIS Studio\genesis-studio\packages\engines-py\.pdb_cache\2ITN,A
2016,ThermoMPNN,2ITN,1.7854241132736206,100,G,T,F:\GENESIS Studio\genesis-studio\packages\engines-py\.pdb_cache\2ITN,A
2017,ThermoMPNN,2ITN,1.9271163940429688,100,G,V,F:\GENESIS Studio\genesis-studio\packages\engines-py\.pdb_cache\2ITN,A
2018,ThermoMPNN,2ITN,1.6321167945861816,100,G,W,F:\GENESIS Studio\genesis-studio\packages\engines-py\.pdb_cache\2ITN,A
2019,ThermoMPNN,2ITN,1.621297001838684,100,G,Y,F:\GENESIS Studio\genesis-studio\packages\engines-py\.pdb_cache\2ITN,A
2020,ThermoMPNN,2ITN,0.3863847851753235,101,C,A,F:\GENESIS Studio\genesis-studio\packages\engines-py\.pdb_cache\2ITN,A
2021,ThermoMPNN,2ITN,0.0,101,C,C,F:\GENESIS Studio\genesis-studio\packages\engines-py\.pdb_cache\2ITN,A
2022,ThermoMPNN,2ITN,-0.21537411212921143,101,C,D,F:\GENESIS Studio\genesis-studio\packages\engines-py\.pdb_cache\2ITN,A
2023,ThermoMPNN,2ITN,0.18517982959747314,101,C,E,F:\GENESIS Studio\genesis-studio\packages\engines-py\.pdb_cache\2ITN,A
2024,ThermoMPNN,2ITN,0.4050116539001465,101,C,F,F:\GENESIS Studio\genesis-studio\packages\engines-py\.pdb_cache\2ITN,A
2025,ThermoMPNN,2ITN,0.6434917449951172,101,C,G,F:\GENESIS Studio\genesis-studio\packages\engines-py\.pdb_cache\2ITN,A
2026,ThermoMPNN,2ITN,0.11543840169906616,101,C,H,F:\GENESIS Studio\genesis-studio\packages\engines-py\.pdb_cache\2ITN,A
2027,ThermoMPNN,2ITN,0.29428350925445557,101,C,I,F:\GENESIS Studio\genesis-studio\packages\engines-py\.pdb_cache\2ITN,A
2028,ThermoMPNN,2ITN,0.3943701386451721,101,C,K,F:\GENESIS Studio\genesis-studio\packages\engines-py\.pdb_cache\2ITN,A
2029,ThermoMPNN,2ITN,0.23479104042053223,101,C,L,F:\GENESIS Studio\genesis-studio\packages\engines-py\.pdb_cache\2ITN,A
2030,ThermoMPNN,2ITN,0.4632115364074707,101,C,M,F:\GENESIS Studio\genesis-studio\packages\engines-py\.pdb_cache\2ITN,A
2031,ThermoMPNN,2ITN,-0.02474534511566162,101,C,N,F:\GENESIS Studio\genesis-studio\packages\engines-py\.pdb_cache\2ITN,A
2032,ThermoMPNN,2ITN,0.7799172401428223,101,C,P,F:\GENESIS Studio\genesis-studio\packages\engines-py\.pdb_cache\2ITN,A
2033,ThermoMPNN,2ITN,0.3559516668319702,101,C,Q,F:\GENESIS Studio\genesis-studio\packages\engines-py\.pdb_cache\2ITN,A
2034,ThermoMPNN,2ITN,0.3861250877380371,101,C,R,F:\GENESIS Studio\genesis-studio\packages\engines-py\.pdb_cache\2ITN,A
2035,ThermoMPNN,2ITN,0.10329610109329224,101,C,S,F:\GENESIS Studio\genesis-studio\packages\engines-py\.pdb_cache\2ITN,A
2036,ThermoMPNN,2ITN,-0.0349234938621521,101,C,T,F:\GENESIS Studio\genesis-studio\packages\engines-py\.pdb_cache\2ITN,A
2037,ThermoMPNN,2ITN,0.25354039669036865,101,C,V,F:\GENESIS Studio\genesis-studio\packages\engines-py\.pdb_cache\2ITN,A
2038,ThermoMPNN,2ITN,0.5681854486465454,101,C,W,F:\GENESIS Studio\genesis-studio\packages\engines-py\.pdb_cache\2ITN,A
2039,ThermoMPNN,2ITN,0.39628666639328003,101,C,Y,F:\GENESIS Studio\genesis-studio\packages\engines-py\.pdb_cache\2ITN,A
2040,ThermoMPNN,2ITN,2.371872663497925,102,L,A,F:\GENESIS Studio\genesis-studio\packages\engines-py\.pdb_cache\2ITN,A
2041,ThermoMPNN,2ITN,1.706333041191101,102,L,C,F:\GENESIS Studio\genesis-studio\packages\engines-py\.pdb_cache\2ITN,A
2042,ThermoMPNN,2ITN,3.4853904247283936,102,L,D,F:\GENESIS Studio\genesis-studio\packages\engines-py\.pdb_cache\2ITN,A
2043,ThermoMPNN,2ITN,3.046111583709717,102,L,E,F:\GENESIS Studio\genesis-studio\packages\engines-py\.pdb_cache\2ITN,A
2044,ThermoMPNN,2ITN,2.0949604511260986,102,L,F,F:\GENESIS Studio\genesis-studio\packages\engines-py\.pdb_cache\2ITN,A
2045,ThermoMPNN,2ITN,3.0526280403137207,102,L,G,F:\GENESIS Studio\genesis-studio\packages\engines-py\.pdb_cache\2ITN,A
2046,ThermoMPNN,2ITN,3.4533257484436035,102,L,H,F:\GENESIS Studio\genesis-studio\packages\engines-py\.pdb_cache\2ITN,A
2047,ThermoMPNN,2ITN,1.4508435726165771,102,L,I,F:\GENESIS Studio\genesis-studio\packages\engines-py\.pdb_cache\2ITN,A
2048,ThermoMPNN,2ITN,3.3562188148498535,102,L,K,F:\GENESIS Studio\genesis-studio\packages\engines-py\.pdb_cache\2ITN,A
2049,ThermoMPNN,2ITN,0.0,102,L,L,F:\GENESIS Studio\genesis-studio\packages\engines-py\.pdb_cache\2ITN,A
2050,ThermoMPNN,2ITN,1.3842183351516724,102,L,M,F:\GENESIS Studio\genesis-studio\packages\engines-py\.pdb_cache\2ITN,A
2051,ThermoMPNN,2ITN,3.448577880859375,102,L,N,F:\GENESIS Studio\genesis-studio\packages\engines-py\.pdb_cache\2ITN,A
2052,ThermoMPNN,2ITN,3.545137643814087,102,L,P,F:\GENESIS Studio\genesis-studio\packages\engines-py\.pdb_cache\2ITN,A
2053,ThermoMPNN,2ITN,3.268845319747925,102,L,Q,F:\GENESIS Studio\genesis-studio\packages\engines-py\.pdb_cache\2ITN,A
2054,ThermoMPNN,2ITN,3.475175142288208,102,L,R,F:\GENESIS Studio\genesis-studio\packages\engines-py\.pdb_cache\2ITN,A
2055,ThermoMPNN,2ITN,3.345247983932495,102,L,S,F:\GENESIS Studio\genesis-studio\packages\engines-py\.pdb_cache\2ITN,A
2056,ThermoMPNN,2ITN,3.1634840965270996,102,L,T,F:\GENESIS Studio\genesis-studio\packages\engines-py\.pdb_cache\2ITN,A
2057,ThermoMPNN,2ITN,1.7071747779846191,102,L,V,F:\GENESIS Studio\genesis-studio\packages\engines-py\.pdb_cache\2ITN,A
2058,ThermoMPNN,2ITN,2.780440330505371,102,L,W,F:\GENESIS Studio\genesis-studio\packages\engines-py\.pdb_cache\2ITN,A
2059,ThermoMPNN,2ITN,2.891375780105591,102,L,Y,F:\GENESIS Studio\genesis-studio\packages\engines-py\.pdb_cache\2ITN,A
2060,ThermoMPNN,2ITN,0.831438422203064,103,L,A,F:\GENESIS Studio\genesis-studio\packages\engines-py\.pdb_cache\2ITN,A
2061,ThermoMPNN,2ITN,0.7001888751983643,103,L,C,F:\GENESIS Studio\genesis-studio\packages\engines-py\.pdb_cache\2ITN,A
2062,ThermoMPNN,2ITN,1.5957915782928467,103,L,D,F:\GENESIS Studio\genesis-studio\packages\engines-py\.pdb_cache\2ITN,A
2063,ThermoMPNN,2ITN,1.3755402565002441,103,L,E,F:\GENESIS Studio\genesis-studio\packages\engines-py\.pdb_cache\2ITN,A
2064,ThermoMPNN,2ITN,0.5390926599502563,103,L,F,F:\GENESIS Studio\genesis-studio\packages\engines-py\.pdb_cache\2ITN,A
2065,ThermoMPNN,2ITN,1.5811140537261963,103,L,G,F:\GENESIS Studio\genesis-studio\packages\engines-py\.pdb_cache\2ITN,A
2066,ThermoMPNN,2ITN,0.9272000193595886,103,L,H,F:\GENESIS Studio\genesis-studio\packages\engines-py\.pdb_cache\2ITN,A
2067,ThermoMPNN,2ITN,0.4185577630996704,103,L,I,F:\GENESIS Studio\genesis-studio\packages\engines-py\.pdb_cache\2ITN,A
2068,ThermoMPNN,2ITN,0.6448605060577393,103,L,K,F:\GENESIS Studio\genesis-studio\packages\engines-py\.pdb_cache\2ITN,A
2069,ThermoMPNN,2ITN,0.0,103,L,L,F:\GENESIS Studio\genesis-studio\packages\engines-py\.pdb_cache\2ITN,A
2070,ThermoMPNN,2ITN,0.4343656301498413,103,L,M,F:\GENESIS Studio\genesis-studio\packages\engines-py\.pdb_cache\2ITN,A
2071,ThermoMPNN,2ITN,1.417527437210083,103,L,N,F:\GENESIS Studio\genesis-studio\packages\engines-py\.pdb_cache\2ITN,A
2072,ThermoMPNN,2ITN,2.332566976547241,103,L,P,F:\GENESIS Studio\genesis-studio\packages\engines-py\.pdb_cache\2ITN,A
2073,ThermoMPNN,2ITN,0.8433906435966492,103,L,Q,F:\GENESIS Studio\genesis-studio\packages\engines-py\.pdb_cache\2ITN,A
2074,ThermoMPNN,2ITN,0.534644365310669,103,L,R,F:\GENESIS Studio\genesis-studio\packages\engines-py\.pdb_cache\2ITN,A
2075,ThermoMPNN,2ITN,1.2358407974243164,103,L,S,F:\GENESIS Studio\genesis-studio\packages\engines-py\.pdb_cache\2ITN,A
2076,ThermoMPNN,2ITN,1.243422508239746,103,L,T,F:\GENESIS Studio\genesis-studio\packages\engines-py\.pdb_cache\2ITN,A
2077,ThermoMPNN,2ITN,0.8218010067939758,103,L,V,F:\GENESIS Studio\genesis-studio\packages\engines-py\.pdb_cache\2ITN,A
2078,ThermoMPNN,2ITN,0.5808979272842407,103,L,W,F:\GENESIS Studio\genesis-studio\packages\engines-py\.pdb_cache\2ITN,A
2079,ThermoMPNN,2ITN,0.5048558712005615,103,L,Y,F:\GENESIS Studio\genesis-studio\packages\engines-py\.pdb_cache\2ITN,A
2080,ThermoMPNN,2ITN,0.5997934341430664,104,D,A,F:\GENESIS Studio\genesis-studio\packages\engines-py\.pdb_cache\2ITN,A
2081,ThermoMPNN,2ITN,0.0957268476486206,104,D,C,F:\GENESIS Studio\genesis-studio\packages\engines-py\.pdb_cache\2ITN,A
2082,ThermoMPNN,2ITN,0.0,104,D,D,F:\GENESIS Studio\genesis-studio\packages\engines-py\.pdb_cache\2ITN,A
2083,ThermoMPNN,2ITN,0.23523938655853271,104,D,E,F:\GENESIS Studio\genesis-studio\packages\engines-py\.pdb_cache\2ITN,A
2084,ThermoMPNN,2ITN,0.5257574915885925,104,D,F,F:\GENESIS Studio\genesis-studio\packages\engines-py\.pdb_cache\2ITN,A
2085,ThermoMPNN,2ITN,1.1332263946533203,104,D,G,F:\GENESIS Studio\genesis-studio\packages\engines-py\.pdb_cache\2ITN,A
2086,ThermoMPNN,2ITN,0.4830159544944763,104,D,H,F:\GENESIS Studio\genesis-studio\packages\engines-py\.pdb_cache\2ITN,A
2087,ThermoMPNN,2ITN,0.6273001432418823,104,D,I,F:\GENESIS Studio\genesis-studio\packages\engines-py\.pdb_cache\2ITN,A
2088,ThermoMPNN,2ITN,0.8257549405097961,104,D,K,F:\GENESIS Studio\genesis-studio\packages\engines-py\.pdb_cache\2ITN,A
2089,ThermoMPNN,2ITN,0.622947633266449,104,D,L,F:\GENESIS Studio\genesis-studio\packages\engines-py\.pdb_cache\2ITN,A
2090,ThermoMPNN,2ITN,0.6842033863067627,104,D,M,F:\GENESIS Studio\genesis-studio\packages\engines-py\.pdb_cache\2ITN,A
2091,ThermoMPNN,2ITN,0.4348984360694885,104,D,N,F:\GENESIS Studio\genesis-studio\packages\engines-py\.pdb_cache\2ITN,A
2092,ThermoMPNN,2ITN,2.513524055480957,104,D,P,F:\GENESIS Studio\genesis-studio\packages\engines-py\.pdb_cache\2ITN,A
2093,ThermoMPNN,2ITN,0.5496658086776733,104,D,Q,F:\GENESIS Studio\genesis-studio\packages\engines-py\.pdb_cache\2ITN,A
2094,ThermoMPNN,2ITN,0.785913348197937,104,D,R,F:\GENESIS Studio\genesis-studio\packages\engines-py\.pdb_cache\2ITN,A
2095,ThermoMPNN,2ITN,0.6264481544494629,104,D,S,F:\GENESIS Studio\genesis-studio\packages\engines-py\.pdb_cache\2ITN,A
2096,ThermoMPNN,2ITN,0.7122128009796143,104,D,T,F:\GENESIS Studio\genesis-studio\packages\engines-py\.pdb_cache\2ITN,A
2097,ThermoMPNN,2ITN,0.6474737524986267,104,D,V,F:\GENESIS Studio\genesis-studio\packages\engines-py\.pdb_cache\2ITN,A
2098,ThermoMPNN,2ITN,0.5639412999153137,104,D,W,F:\GENESIS Studio\genesis-studio\packages\engines-py\.pdb_cache\2ITN,A
2099,ThermoMPNN,2ITN,0.47596532106399536,104,D,Y,F:\GENESIS Studio\genesis-studio\packages\engines-py\.pdb_cache\2ITN,A
2100,ThermoMPNN,2ITN,3.1440792083740234,105,Y,A,F:\GENESIS Studio\genesis-studio\packages\engines-py\.pdb_cache\2ITN,A
2101,ThermoMPNN,2ITN,2.2720839977264404,105,Y,C,F:\GENESIS Studio\genesis-studio\packages\engines-py\.pdb_cache\2ITN,A
2102,ThermoMPNN,2ITN,3.3195443153381348,105,Y,D,F:\GENESIS Studio\genesis-studio\packages\engines-py\.pdb_cache\2ITN,A
2103,ThermoMPNN,2ITN,3.2770609855651855,105,Y,E,F:\GENESIS Studio\genesis-studio\packages\engines-py\.pdb_cache\2ITN,A
2104,ThermoMPNN,2ITN,0.49193501472473145,105,Y,F,F:\GENESIS Studio\genesis-studio\packages\engines-py\.pdb_cache\2ITN,A
2105,ThermoMPNN,2ITN,3.2250125408172607,105,Y,G,F:\GENESIS Studio\genesis-studio\packages\engines-py\.pdb_cache\2ITN,A
2106,ThermoMPNN,2ITN,2.2792856693267822,105,Y,H,F:\GENESIS Studio\genesis-studio\packages\engines-py\.pdb_cache\2ITN,A
2107,ThermoMPNN,2ITN,2.505488157272339,105,Y,I,F:\GENESIS Studio\genesis-studio\packages\engines-py\.pdb_cache\2ITN,A
2108,ThermoMPNN,2ITN,3.020716905593872,105,Y,K,F:\GENESIS Studio\genesis-studio\packages\engines-py\.pdb_cache\2ITN,A
2109,ThermoMPNN,2ITN,2.2938408851623535,105,Y,L,F:\GENESIS Studio\genesis-studio\packages\engines-py\.pdb_cache\2ITN,A
2110,ThermoMPNN,2ITN,2.285670757293701,105,Y,M,F:\GENESIS Studio\genesis-studio\packages\engines-py\.pdb_cache\2ITN,A
2111,ThermoMPNN,2ITN,3.1238856315612793,105,Y,N,F:\GENESIS Studio\genesis-studio\packages\engines-py\.pdb_cache\2ITN,A
2112,ThermoMPNN,2ITN,2.9136605262756348,105,Y,P,F:\GENESIS Studio\genesis-studio\packages\engines-py\.pdb_cache\2ITN,A
2113,ThermoMPNN,2ITN,3.0122814178466797,105,Y,Q,F:\GENESIS Studio\genesis-studio\packages\engines-py\.pdb_cache\2ITN,A
2114,ThermoMPNN,2ITN,2.7571282386779785,105,Y,R,F:\GENESIS Studio\genesis-studio\packages\engines-py\.pdb_cache\2ITN,A
2115,ThermoMPNN,2ITN,3.1905500888824463,105,Y,S,F:\GENESIS Studio\genesis-studio\packages\engines-py\.pdb_cache\2ITN,A
2116,ThermoMPNN,2ITN,3.0743649005889893,105,Y,T,F:\GENESIS Studio\genesis-studio\packages\engines-py\.pdb_cache\2ITN,A
2117,ThermoMPNN,2ITN,2.682898759841919,105,Y,V,F:\GENESIS Studio\genesis-studio\packages\engines-py\.pdb_cache\2ITN,A
2118,ThermoMPNN,2ITN,0.32268452644348145,105,Y,W,F:\GENESIS Studio\genesis-studio\packages\engines-py\.pdb_cache\2ITN,A
2119,ThermoMPNN,2ITN,0.0,105,Y,Y,F:\GENESIS Studio\genesis-studio\packages\engines-py\.pdb_cache\2ITN,A
2120,ThermoMPNN,2ITN,0.5645220279693604,106,V,A,F:\GENESIS Studio\genesis-studio\packages\engines-py\.pdb_cache\2ITN,A
2121,ThermoMPNN,2ITN,0.26674365997314453,106,V,C,F:\GENESIS Studio\genesis-studio\packages\engines-py\.pdb_cache\2ITN,A
2122,ThermoMPNN,2ITN,2.935253858566284,106,V,D,F:\GENESIS Studio\genesis-studio\packages\engines-py\.pdb_cache\2ITN,A
2123,ThermoMPNN,2ITN,2.7992796897888184,106,V,E,F:\GENESIS Studio\genesis-studio\packages\engines-py\.pdb_cache\2ITN,A
2124,ThermoMPNN,2ITN,1.6915314197540283,106,V,F,F:\GENESIS Studio\genesis-studio\packages\engines-py\.pdb_cache\2ITN,A
2125,ThermoMPNN,2ITN,1.7327549457550049,106,V,G,F:\GENESIS Studio\genesis-studio\packages\engines-py\.pdb_cache\2ITN,A
2126,ThermoMPNN,2ITN,2.255357503890991,106,V,H,F:\GENESIS Studio\genesis-studio\packages\engines-py\.pdb_cache\2ITN,A
2127,ThermoMPNN,2ITN,0.3772153854370117,106,V,I,F:\GENESIS Studio\genesis-studio\packages\engines-py\.pdb_cache\2ITN,A
2128,ThermoMPNN,2ITN,2.3759074211120605,106,V,K,F:\GENESIS Studio\genesis-studio\packages\engines-py\.pdb_cache\2ITN,A
2129,ThermoMPNN,2ITN,0.4954102039337158,106,V,L,F:\GENESIS Studio\genesis-studio\packages\engines-py\.pdb_cache\2ITN,A
2130,ThermoMPNN,2ITN,0.9747363328933716,106,V,M,F:\GENESIS Studio\genesis-studio\packages\engines-py\.pdb_cache\2ITN,A
2131,ThermoMPNN,2ITN,2.2124266624450684,106,V,N,F:\GENESIS Studio\genesis-studio\packages\engines-py\.pdb_cache\2ITN,A
2132,ThermoMPNN,2ITN,3.1378495693206787,106,V,P,F:\GENESIS Studio\genesis-studio\packages\engines-py\.pdb_cache\2ITN,A
2133,ThermoMPNN,2ITN,2.3631019592285156,106,V,Q,F:\GENESIS Studio\genesis-studio\packages\engines-py\.pdb_cache\2ITN,A
2134,ThermoMPNN,2ITN,2.3695950508117676,106,V,R,F:\GENESIS Studio\genesis-studio\packages\engines-py\.pdb_cache\2ITN,A
2135,ThermoMPNN,2ITN,1.6270455121994019,106,V,S,F:\GENESIS Studio\genesis-studio\packages\engines-py\.pdb_cache\2ITN,A
2136,ThermoMPNN,2ITN,1.1804566383361816,106,V,T,F:\GENESIS Studio\genesis-studio\packages\engines-py\.pdb_cache\2ITN,A
2137,ThermoMPNN,2ITN,0.0,106,V,V,F:\GENESIS Studio\genesis-studio\packages\engines-py\.pdb_cache\2ITN,A
2138,ThermoMPNN,2ITN,1.911463975906372,106,V,W,F:\GENESIS Studio\genesis-studio\packages\engines-py\.pdb_cache\2ITN,A
2139,ThermoMPNN,2ITN,1.831315517425537,106,V,Y,F:\GENESIS Studio\genesis-studio\packages\engines-py\.pdb_cache\2ITN,A
2140,ThermoMPNN,2ITN,1.2529451847076416,107,R,A,F:\GENESIS Studio\genesis-studio\packages\engines-py\.pdb_cache\2ITN,A
2141,ThermoMPNN,2ITN,1.0920484066009521,107,R,C,F:\GENESIS Studio\genesis-studio\packages\engines-py\.pdb_cache\2ITN,A
2142,ThermoMPNN,2ITN,2.293726921081543,107,R,D,F:\GENESIS Studio\genesis-studio\packages\engines-py\.pdb_cache\2ITN,A
2143,ThermoMPNN,2ITN,1.7266533374786377,107,R,E,F:\GENESIS Studio\genesis-studio\packages\engines-py\.pdb_cache\2ITN,A
2144,ThermoMPNN,2ITN,1.2830495834350586,107,R,F,F:\GENESIS Studio\genesis-studio\packages\engines-py\.pdb_cache\2ITN,A
2145,ThermoMPNN,2ITN,1.9475672245025635,107,R,G,F:\GENESIS Studio\genesis-studio\packages\engines-py\.pdb_cache\2ITN,A
2146,ThermoMPNN,2ITN,1.3455243110656738,107,R,H,F:\GENESIS Studio\genesis-studio\packages\engines-py\.pdb_cache\2ITN,A
2147,ThermoMPNN,2ITN,0.6793525218963623,107,R,I,F:\GENESIS Studio\genesis-studio\packages\engines-py\.pdb_cache\2ITN,A
2148,ThermoMPNN,2ITN,0.3810068368911743,107,R,K,F:\GENESIS Studio\genesis-studio\packages\engines-py\.pdb_cache\2ITN,A
2149,ThermoMPNN,2ITN,0.753900408744812,107,R,L,F:\GENESIS Studio\genesis-studio\packages\engines-py\.pdb_cache\2ITN,A
2150,ThermoMPNN,2ITN,0.7505673170089722,107,R,M,F:\GENESIS Studio\genesis-studio\packages\engines-py\.pdb_cache\2ITN,A
2151,ThermoMPNN,2ITN,1.683656096458435,107,R,N,F:\GENESIS Studio\genesis-studio\packages\engines-py\.pdb_cache\2ITN,A
2152,ThermoMPNN,2ITN,2.945164203643799,107,R,P,F:\GENESIS Studio\genesis-studio\packages\engines-py\.pdb_cache\2ITN,A
2153,ThermoMPNN,2ITN,0.9467782974243164,107,R,Q,F:\GENESIS Studio\genesis-studio\packages\engines-py\.pdb_cache\2ITN,A
2154,ThermoMPNN,2ITN,0.0,107,R,R,F:\GENESIS Studio\genesis-studio\packages\engines-py\.pdb_cache\2ITN,A
2155,ThermoMPNN,2ITN,1.4907779693603516,107,R,S,F:\GENESIS Studio\genesis-studio\packages\engines-py\.pdb_cache\2ITN,A
2156,ThermoMPNN,2ITN,1.3011902570724487,107,R,T,F:\GENESIS Studio\genesis-studio\packages\engines-py\.pdb_cache\2ITN,A
2157,ThermoMPNN,2ITN,0.992038369178772,107,R,V,F:\GENESIS Studio\genesis-studio\packages\engines-py\.pdb_cache\2ITN,A
2158,ThermoMPNN,2ITN,1.3016295433044434,107,R,W,F:\GENESIS Studio\genesis-studio\packages\engines-py\.pdb_cache\2ITN,A
2159,ThermoMPNN,2ITN,1.3270385265350342,107,R,Y,F:\GENESIS Studio\genesis-studio\packages\engines-py\.pdb_cache\2ITN,A
2160,ThermoMPNN,2ITN,-0.17736124992370605,108,E,A,F:\GENESIS Studio\genesis-studio\packages\engines-py\.pdb_cache\2ITN,A
2161,ThermoMPNN,2ITN,-0.12133967876434326,108,E,C,F:\GENESIS Studio\genesis-studio\packages\engines-py\.pdb_cache\2ITN,A
2162,ThermoMPNN,2ITN,0.2951754331588745,108,E,D,F:\GENESIS Studio\genesis-studio\packages\engines-py\.pdb_cache\2ITN,A
2163,ThermoMPNN,2ITN,0.0,108,E,E,F:\GENESIS Studio\genesis-studio\packages\engines-py\.pdb_cache\2ITN,A
2164,ThermoMPNN,2ITN,0.3471727967262268,108,E,F,F:\GENESIS Studio\genesis-studio\packages\engines-py\.pdb_cache\2ITN,A
2165,ThermoMPNN,2ITN,0.620684027671814,108,E,G,F:\GENESIS Studio\genesis-studio\packages\engines-py\.pdb_cache\2ITN,A
2166,ThermoMPNN,2ITN,0.27979570627212524,108,E,H,F:\GENESIS Studio\genesis-studio\packages\engines-py\.pdb_cache\2ITN,A
2167,ThermoMPNN,2ITN,0.203599750995636,108,E,I,F:\GENESIS Studio\genesis-studio\packages\engines-py\.pdb_cache\2ITN,A
2168,ThermoMPNN,2ITN,-0.10717463493347168,108,E,K,F:\GENESIS Studio\genesis-studio\packages\engines-py\.pdb_cache\2ITN,A
2169,ThermoMPNN,2ITN,-0.077553391456604,108,E,L,F:\GENESIS Studio\genesis-studio\packages\engines-py\.pdb_cache\2ITN,A
2170,ThermoMPNN,2ITN,-0.03580522537231445,108,E,M,F:\GENESIS Studio\genesis-studio\packages\engines-py\.pdb_cache\2ITN,A
2171,ThermoMPNN,2ITN,0.1793079376220703,108,E,N,F:\GENESIS Studio\genesis-studio\packages\engines-py\.pdb_cache\2ITN,A
2172,ThermoMPNN,2ITN,2.3903748989105225,108,E,P,F:\GENESIS Studio\genesis-studio\packages\engines-py\.pdb_cache\2ITN,A
2173,ThermoMPNN,2ITN,-0.011241316795349121,108,E,Q,F:\GENESIS Studio\genesis-studio\packages\engines-py\.pdb_cache\2ITN,A
2174,ThermoMPNN,2ITN,-0.10868167877197266,108,E,R,F:\GENESIS Studio\genesis-studio\packages\engines-py\.pdb_cache\2ITN,A
2175,ThermoMPNN,2ITN,0.13797122240066528,108,E,S,F:\GENESIS Studio\genesis-studio\packages\engines-py\.pdb_cache\2ITN,A
2176,ThermoMPNN,2ITN,0.30562132596969604,108,E,T,F:\GENESIS Studio\genesis-studio\packages\engines-py\.pdb_cache\2ITN,A
2177,ThermoMPNN,2ITN,0.3846062421798706,108,E,V,F:\GENESIS Studio\genesis-studio\packages\engines-py\.pdb_cache\2ITN,A
2178,ThermoMPNN,2ITN,0.3399169445037842,108,E,W,F:\GENESIS Studio\genesis-studio\packages\engines-py\.pdb_cache\2ITN,A
2179,ThermoMPNN,2ITN,0.3691484332084656,108,E,Y,F:\GENESIS Studio\genesis-studio\packages\engines-py\.pdb_cache\2ITN,A
2180,ThermoMPNN,2ITN,1.1686782836914062,109,H,A,F:\GENESIS Studio\genesis-studio\packages\engines-py\.pdb_cache\2ITN,A
2181,ThermoMPNN,2ITN,0.11564803123474121,109,H,C,F:\GENESIS Studio\genesis-studio\packages\engines-py\.pdb_cache\2ITN,A
2182,ThermoMPNN,2ITN,2.058248996734619,109,H,D,F:\GENESIS Studio\genesis-studio\packages\engines-py\.pdb_cache\2ITN,A
2183,ThermoMPNN,2ITN,1.9804511070251465,109,H,E,F:\GENESIS Studio\genesis-studio\packages\engines-py\.pdb_cache\2ITN,A
2184,ThermoMPNN,2ITN,0.4004781246185303,109,H,F,F:\GENESIS Studio\genesis-studio\packages\engines-py\.pdb_cache\2ITN,A
2185,ThermoMPNN,2ITN,1.7255775928497314,109,H,G,F:\GENESIS Studio\genesis-studio\packages\engines-py\.pdb_cache\2ITN,A
2186,ThermoMPNN,2ITN,0.0,109,H,H,F:\GENESIS Studio\genesis-studio\packages\engines-py\.pdb_cache\2ITN,A
2187,ThermoMPNN,2ITN,1.3423737287521362,109,H,I,F:\GENESIS Studio\genesis-studio\packages\engines-py\.pdb_cache\2ITN,A
2188,ThermoMPNN,2ITN,0.9213338494300842,109,H,K,F:\GENESIS Studio\genesis-studio\packages\engines-py\.pdb_cache\2ITN,A
2189,ThermoMPNN,2ITN,0.604628324508667,109,H,L,F:\GENESIS Studio\genesis-studio\packages\engines-py\.pdb_cache\2ITN,A
2190,ThermoMPNN,2ITN,0.5559289455413818,109,H,M,F:\GENESIS Studio\genesis-studio\packages\engines-py\.pdb_cache\2ITN,A
2191,ThermoMPNN,2ITN,0.4878770112991333,109,H,N,F:\GENESIS Studio\genesis-studio\packages\engines-py\.pdb_cache\2ITN,A
2192,ThermoMPNN,2ITN,2.5939266681671143,109,H,P,F:\GENESIS Studio\genesis-studio\packages\engines-py\.pdb_cache\2ITN,A
2193,ThermoMPNN,2ITN,1.0845270156860352,109,H,Q,F:\GENESIS Studio\genesis-studio\packages\engines-py\.pdb_cache\2ITN,A
2194,ThermoMPNN,2ITN,0.5609794855117798,109,H,R,F:\GENESIS Studio\genesis-studio\packages\engines-py\.pdb_cache\2ITN,A
2195,ThermoMPNN,2ITN,1.1343438625335693,109,H,S,F:\GENESIS Studio\genesis-studio\packages\engines-py\.pdb_cache\2ITN,A
2196,ThermoMPNN,2ITN,1.3488917350769043,109,H,T,F:\GENESIS Studio\genesis-studio\packages\engines-py\.pdb_cache\2ITN,A
2197,ThermoMPNN,2ITN,1.1951839923858643,109,H,V,F:\GENESIS Studio\genesis-studio\packages\engines-py\.pdb_cache\2ITN,A
2198,ThermoMPNN,2ITN,0.29269468784332275,109,H,W,F:\GENESIS Studio\genesis-studio\packages\engines-py\.pdb_cache\2ITN,A
2199,ThermoMPNN,2ITN,0.22724318504333496,109,H,Y,F:\GENESIS Studio\genesis-studio\packages\engines-py\.pdb_cache\2ITN,A
2200,ThermoMPNN,2ITN,0.6473986506462097,110,K,A,F:\GENESIS Studio\genesis-studio\packages\engines-py\.pdb_cache\2ITN,A
2201,ThermoMPNN,2ITN,0.7342078685760498,110,K,C,F:\GENESIS Studio\genesis-studio\packages\engines-py\.pdb_cache\2ITN,A
2202,ThermoMPNN,2ITN,1.98823881149292,110,K,D,F:\GENESIS Studio\genesis-studio\packages\engines-py\.pdb_cache\2ITN,A
2203,ThermoMPNN,2ITN,1.3248529434204102,110,K,E,F:\GENESIS Studio\genesis-studio\packages\engines-py\.pdb_cache\2ITN,A
2204,ThermoMPNN,2ITN,0.9648159742355347,110,K,F,F:\GENESIS Studio\genesis-studio\packages\engines-py\.pdb_cache\2ITN,A
2205,ThermoMPNN,2ITN,1.141553521156311,110,K,G,F:\GENESIS Studio\genesis-studio\packages\engines-py\.pdb_cache\2ITN,A
2206,ThermoMPNN,2ITN,0.7963235378265381,110,K,H,F:\GENESIS Studio\genesis-studio\packages\engines-py\.pdb_cache\2ITN,A
2207,ThermoMPNN,2ITN,0.6969517469406128,110,K,I,F:\GENESIS Studio\genesis-studio\packages\engines-py\.pdb_cache\2ITN,A
2208,ThermoMPNN,2ITN,0.0,110,K,K,F:\GENESIS Studio\genesis-studio\packages\engines-py\.pdb_cache\2ITN,A
2209,ThermoMPNN,2ITN,1.0719285011291504,110,K,L,F:\GENESIS Studio\genesis-studio\packages\engines-py\.pdb_cache\2ITN,A
2210,ThermoMPNN,2ITN,0.7157106399536133,110,K,M,F:\GENESIS Studio\genesis-studio\packages\engines-py\.pdb_cache\2ITN,A
2211,ThermoMPNN,2ITN,1.317553997039795,110,K,N,F:\GENESIS Studio\genesis-studio\packages\engines-py\.pdb_cache\2ITN,A
2212,ThermoMPNN,2ITN,0.8541929721832275,110,K,P,F:\GENESIS Studio\genesis-studio\packages\engines-py\.pdb_cache\2ITN,A
2213,ThermoMPNN,2ITN,0.4074472188949585,110,K,Q,F:\GENESIS Studio\genesis-studio\packages\engines-py\.pdb_cache\2ITN,A
2214,ThermoMPNN,2ITN,0.013462305068969727,110,K,R,F:\GENESIS Studio\genesis-studio\packages\engines-py\.pdb_cache\2ITN,A
2215,ThermoMPNN,2ITN,0.8925804495811462,110,K,S,F:\GENESIS Studio\genesis-studio\packages\engines-py\.pdb_cache\2ITN,A
2216,ThermoMPNN,2ITN,1.0339056253433228,110,K,T,F:\GENESIS Studio\genesis-studio\packages\engines-py\.pdb_cache\2ITN,A
2217,ThermoMPNN,2ITN,0.8674808740615845,110,K,V,F:\GENESIS Studio\genesis-studio\packages\engines-py\.pdb_cache\2ITN,A
2218,ThermoMPNN,2ITN,1.2644978761672974,110,K,W,F:\GENESIS Studio\genesis-studio\packages\engines-py\.pdb_cache\2ITN,A
2219,ThermoMPNN,2ITN,0.9980936050415039,110,K,Y,F:\GENESIS Studio\genesis-studio\packages\engines-py\.pdb_cache\2ITN,A
2220,ThermoMPNN,2ITN,0.37645983695983887,111,D,A,F:\GENESIS Studio\genesis-studio\packages\engines-py\.pdb_cache\2ITN,A
2221,ThermoMPNN,2ITN,-0.06148099899291992,111,D,C,F:\GENESIS Studio\genesis-studio\packages\engines-py\.pdb_cache\2ITN,A
2222,ThermoMPNN,2ITN,0.0,111,D,D,F:\GENESIS Studio\genesis-studio\packages\engines-py\.pdb_cache\2ITN,A
2223,ThermoMPNN,2ITN,0.1375076174736023,111,D,E,F:\GENESIS Studio\genesis-studio\packages\engines-py\.pdb_cache\2ITN,A
2224,ThermoMPNN,2ITN,0.14513540267944336,111,D,F,F:\GENESIS Studio\genesis-studio\packages\engines-py\.pdb_cache\2ITN,A
2225,ThermoMPNN,2ITN,0.25513917207717896,111,D,G,F:\GENESIS Studio\genesis-studio\packages\engines-py\.pdb_cache\2ITN,A
2226,ThermoMPNN,2ITN,0.05982065200805664,111,D,H,F:\GENESIS Studio\genesis-studio\packages\engines-py\.pdb_cache\2ITN,A
2227,ThermoMPNN,2ITN,0.7096714973449707,111,D,I,F:\GENESIS Studio\genesis-studio\packages\engines-py\.pdb_cache\2ITN,A
2228,ThermoMPNN,2ITN,0.392103910446167,111,D,K,F:\GENESIS Studio\genesis-studio\packages\engines-py\.pdb_cache\2ITN,A
2229,ThermoMPNN,2ITN,0.45212388038635254,111,D,L,F:\GENESIS Studio\genesis-studio\packages\engines-py\.pdb_cache\2ITN,A
2230,ThermoMPNN,2ITN,0.3986050486564636,111,D,M,F:\GENESIS Studio\genesis-studio\packages\engines-py\.pdb_cache\2ITN,A
2231,ThermoMPNN,2ITN,0.0705673098564148,111,D,N,F:\GENESIS Studio\genesis-studio\packages\engines-py\.pdb_cache\2ITN,A
2232,ThermoMPNN,2ITN,0.6887106895446777,111,D,P,F:\GENESIS Studio\genesis-studio\packages\engines-py\.pdb_cache\2ITN,A
2233,ThermoMPNN,2ITN,0.3020366430282593,111,D,Q,F:\GENESIS Studio\genesis-studio\packages\engines-py\.pdb_cache\2ITN,A
2234,ThermoMPNN,2ITN,0.39836132526397705,111,D,R,F:\GENESIS Studio\genesis-studio\packages\engines-py\.pdb_cache\2ITN,A
2235,ThermoMPNN,2ITN,0.2958778738975525,111,D,S,F:\GENESIS Studio\genesis-studio\packages\engines-py\.pdb_cache\2ITN,A
2236,ThermoMPNN,2ITN,0.4361671209335327,111,D,T,F:\GENESIS Studio\genesis-studio\packages\engines-py\.pdb_cache\2ITN,A
2237,ThermoMPNN,2ITN,0.7490237951278687,111,D,V,F:\GENESIS Studio\genesis-studio\packages\engines-py\.pdb_cache\2ITN,A
2238,ThermoMPNN,2ITN,0.22987133264541626,111,D,W,F:\GENESIS Studio\genesis-studio\packages\engines-py\.pdb_cache\2ITN,A
2239,ThermoMPNN,2ITN,0.0877419114112854,111,D,Y,F:\GENESIS Studio\genesis-studio\packages\engines-py\.pdb_cache\2ITN,A
2240,ThermoMPNN,2ITN,0.29465997219085693,112,N,A,F:\GENESIS Studio\genesis-studio\packages\engines-py\.pdb_cache\2ITN,A
2241,ThermoMPNN,2ITN,-0.25499188899993896,112,N,C,F:\GENESIS Studio\genesis-studio\packages\engines-py\.pdb_cache\2ITN,A
2242,ThermoMPNN,2ITN,0.6702461242675781,112,N,D,F:\GENESIS Studio\genesis-studio\packages\engines-py\.pdb_cache\2ITN,A
2243,ThermoMPNN,2ITN,0.38269591331481934,112,N,E,F:\GENESIS Studio\genesis-studio\packages\engines-py\.pdb_cache\2ITN,A
2244,ThermoMPNN,2ITN,0.17447632551193237,112,N,F,F:\GENESIS Studio\genesis-studio\packages\engines-py\.pdb_cache\2ITN,A
2245,ThermoMPNN,2ITN,0.7852067351341248,112,N,G,F:\GENESIS Studio\genesis-studio\packages\engines-py\.pdb_cache\2ITN,A
2246,ThermoMPNN,2ITN,0.034543395042419434,112,N,H,F:\GENESIS Studio\genesis-studio\packages\engines-py\.pdb_cache\2ITN,A
2247,ThermoMPNN,2ITN,0.3289276957511902,112,N,I,F:\GENESIS Studio\genesis-studio\packages\engines-py\.pdb_cache\2ITN,A
2248,ThermoMPNN,2ITN,-0.04107630252838135,112,N,K,F:\GENESIS Studio\genesis-studio\packages\engines-py\.pdb_cache\2ITN,A
2249,ThermoMPNN,2ITN,-0.05460333824157715,112,N,L,F:\GENESIS Studio\genesis-studio\packages\engines-py\.pdb_cache\2ITN,A
2250,ThermoMPNN,2ITN,-0.04672133922576904,112,N,M,F:\GENESIS Studio\genesis-studio\packages\engines-py\.pdb_cache\2ITN,A
2251,ThermoMPNN,2ITN,0.0,112,N,N,F:\GENESIS Studio\genesis-studio\packages\engines-py\.pdb_cache\2ITN,A
2252,ThermoMPNN,2ITN,2.6200714111328125,112,N,P,F:\GENESIS Studio\genesis-studio\packages\engines-py\.pdb_cache\2ITN,A
2253,ThermoMPNN,2ITN,-0.020633578300476074,112,N,Q,F:\GENESIS Studio\genesis-studio\packages\engines-py\.pdb_cache\2ITN,A
2254,ThermoMPNN,2ITN,-0.07209718227386475,112,N,R,F:\GENESIS Studio\genesis-studio\packages\engines-py\.pdb_cache\2ITN,A
2255,ThermoMPNN,2ITN,0.2763151526451111,112,N,S,F:\GENESIS Studio\genesis-studio\packages\engines-py\.pdb_cache\2ITN,A
2256,ThermoMPNN,2ITN,0.3304440975189209,112,N,T,F:\GENESIS Studio\genesis-studio\packages\engines-py\.pdb_cache\2ITN,A
2257,ThermoMPNN,2ITN,0.273279070854187,112,N,V,F:\GENESIS Studio\genesis-studio\packages\engines-py\.pdb_cache\2ITN,A
2258,ThermoMPNN,2ITN,0.2696584463119507,112,N,W,F:\GENESIS Studio\genesis-studio\packages\engines-py\.pdb_cache\2ITN,A
2259,ThermoMPNN,2ITN,0.2056950330734253,112,N,Y,F:\GENESIS Studio\genesis-studio\packages\engines-py\.pdb_cache\2ITN,A
2260,ThermoMPNN,2ITN,2.5690245628356934,113,I,A,F:\GENESIS Studio\genesis-studio\packages\engines-py\.pdb_cache\2ITN,A
2261,ThermoMPNN,2ITN,1.9018549919128418,113,I,C,F:\GENESIS Studio\genesis-studio\packages\engines-py\.pdb_cache\2ITN,A
2262,ThermoMPNN,2ITN,3.060396194458008,113,I,D,F:\GENESIS Studio\genesis-studio\packages\engines-py\.pdb_cache\2ITN,A
2263,ThermoMPNN,2ITN,3.1288039684295654,113,I,E,F:\GENESIS Studio\genesis-studio\packages\engines-py\.pdb_cache\2ITN,A
2264,ThermoMPNN,2ITN,1.9683210849761963,113,I,F,F:\GENESIS Studio\genesis-studio\packages\engines-py\.pdb_cache\2ITN,A
2265,ThermoMPNN,2ITN,3.3029239177703857,113,I,G,F:\GENESIS Studio\genesis-studio\packages\engines-py\.pdb_cache\2ITN,A
2266,ThermoMPNN,2ITN,2.9916813373565674,113,I,H,F:\GENESIS Studio\genesis-studio\packages\engines-py\.pdb_cache\2ITN,A
2267,ThermoMPNN,2ITN,0.0,113,I,I,F:\GENESIS Studio\genesis-studio\packages\engines-py\.pdb_cache\2ITN,A
2268,ThermoMPNN,2ITN,2.992234230041504,113,I,K,F:\GENESIS Studio\genesis-studio\packages\engines-py\.pdb_cache\2ITN,A
2269,ThermoMPNN,2ITN,0.9742798805236816,113,I,L,F:\GENESIS Studio\genesis-studio\packages\engines-py\.pdb_cache\2ITN,A
2270,ThermoMPNN,2ITN,1.7417272329330444,113,I,M,F:\GENESIS Studio\genesis-studio\packages\engines-py\.pdb_cache\2ITN,A
2271,ThermoMPNN,2ITN,3.047905683517456,113,I,N,F:\GENESIS Studio\genesis-studio\packages\engines-py\.pdb_cache\2ITN,A
2272,ThermoMPNN,2ITN,2.9617912769317627,113,I,P,F:\GENESIS Studio\genesis-studio\packages\engines-py\.pdb_cache\2ITN,A
2273,ThermoMPNN,2ITN,3.0560572147369385,113,I,Q,F:\GENESIS Studio\genesis-studio\packages\engines-py\.pdb_cache\2ITN,A
2274,ThermoMPNN,2ITN,3.0563716888427734,113,I,R,F:\GENESIS Studio\genesis-studio\packages\engines-py\.pdb_cache\2ITN,A
2275,ThermoMPNN,2ITN,3.0471739768981934,113,I,S,F:\GENESIS Studio\genesis-studio\packages\engines-py\.pdb_cache\2ITN,A
2276,ThermoMPNN,2ITN,2.60380220413208,113,I,T,F:\GENESIS Studio\genesis-studio\packages\engines-py\.pdb_cache\2ITN,A
2277,ThermoMPNN,2ITN,0.8705766201019287,113,I,V,F:\GENESIS Studio\genesis-studio\packages\engines-py\.pdb_cache\2ITN,A
2278,ThermoMPNN,2ITN,2.408552646636963,113,I,W,F:\GENESIS Studio\genesis-studio\packages\engines-py\.pdb_cache\2ITN,A
2279,ThermoMPNN,2ITN,2.3412089347839355,113,I,Y,F:\GENESIS Studio\genesis-studio\packages\engines-py\.pdb_cache\2ITN,A
2280,ThermoMPNN,2ITN,-0.12902474403381348,114,G,A,F:\GENESIS Studio\genesis-studio\packages\engines-py\.pdb_cache\2ITN,A
2281,ThermoMPNN,2ITN,-0.20667123794555664,114,G,C,F:\GENESIS Studio\genesis-studio\packages\engines-py\.pdb_cache\2ITN,A
2282,ThermoMPNN,2ITN,0.35905468463897705,114,G,D,F:\GENESIS Studio\genesis-studio\packages\engines-py\.pdb_cache\2ITN,A
2283,ThermoMPNN,2ITN,0.7197697162628174,114,G,E,F:\GENESIS Studio\genesis-studio\packages\engines-py\.pdb_cache\2ITN,A
2284,ThermoMPNN,2ITN,0.464434951543808,114,G,F,F:\GENESIS Studio\genesis-studio\packages\engines-py\.pdb_cache\2ITN,A
2285,ThermoMPNN,2ITN,0.0,114,G,G,F:\GENESIS Studio\genesis-studio\packages\engines-py\.pdb_cache\2ITN,A
2286,ThermoMPNN,2ITN,0.3634054660797119,114,G,H,F:\GENESIS Studio\genesis-studio\packages\engines-py\.pdb_cache\2ITN,A
2287,ThermoMPNN,2ITN,0.6356843709945679,114,G,I,F:\GENESIS Studio\genesis-studio\packages\engines-py\.pdb_cache\2ITN,A
2288,ThermoMPNN,2ITN,0.4230192303657532,114,G,K,F:\GENESIS Studio\genesis-studio\packages\engines-py\.pdb_cache\2ITN,A
2289,ThermoMPNN,2ITN,0.6479330062866211,114,G,L,F:\GENESIS Studio\genesis-studio\packages\engines-py\.pdb_cache\2ITN,A
2290,ThermoMPNN,2ITN,0.5375872850418091,114,G,M,F:\GENESIS Studio\genesis-studio\packages\engines-py\.pdb_cache\2ITN,A
2291,ThermoMPNN,2ITN,0.030716538429260254,114,G,N,F:\GENESIS Studio\genesis-studio\packages\engines-py\.pdb_cache\2ITN,A
2292,ThermoMPNN,2ITN,0.1506584882736206,114,G,P,F:\GENESIS Studio\genesis-studio\packages\engines-py\.pdb_cache\2ITN,A
2293,ThermoMPNN,2ITN,0.5395363569259644,114,G,Q,F:\GENESIS Studio\genesis-studio\packages\engines-py\.pdb_cache\2ITN,A
2294,ThermoMPNN,2ITN,0.5591657757759094,114,G,R,F:\GENESIS Studio\genesis-studio\packages\engines-py\.pdb_cache\2ITN,A
2295,ThermoMPNN,2ITN,-0.31693291664123535,114,G,S,F:\GENESIS Studio\genesis-studio\packages\engines-py\.pdb_cache\2ITN,A
2296,ThermoMPNN,2ITN,0.2265760898590088,114,G,T,F:\GENESIS Studio\genesis-studio\packages\engines-py\.pdb_cache\2ITN,A
2297,ThermoMPNN,2ITN,0.5172276496887207,114,G,V,F:\GENESIS Studio\genesis-studio\packages\engines-py\.pdb_cache\2ITN,A
2298,ThermoMPNN,2ITN,0.7987874150276184,114,G,W,F:\GENESIS Studio\genesis-studio\packages\engines-py\.pdb_cache\2ITN,A
2299,ThermoMPNN,2ITN,0.6752768754959106,114,G,Y,F:\GENESIS Studio\genesis-studio\packages\engines-py\.pdb_cache\2ITN,A
2300,ThermoMPNN,2ITN,-0.5328347682952881,115,S,A,F:\GENESIS Studio\genesis-studio\packages\engines-py\.pdb_cache\2ITN,A
2301,ThermoMPNN,2ITN,0.19330108165740967,115,S,C,F:\GENESIS Studio\genesis-studio\packages\engines-py\.pdb_cache\2ITN,A
2302,ThermoMPNN,2ITN,2.1091368198394775,115,S,D,F:\GENESIS Studio\genesis-studio\packages\engines-py\.pdb_cache\2ITN,A
2303,ThermoMPNN,2ITN,1.67205810546875,115,S,E,F:\GENESIS Studio\genesis-studio\packages\engines-py\.pdb_cache\2ITN,A
2304,ThermoMPNN,2ITN,0.9989809989929199,115,S,F,F:\GENESIS Studio\genesis-studio\packages\engines-py\.pdb_cache\2ITN,A
2305,ThermoMPNN,2ITN,0.5555939078330994,115,S,G,F:\GENESIS Studio\genesis-studio\packages\engines-py\.pdb_cache\2ITN,A
2306,ThermoMPNN,2ITN,1.433217167854309,115,S,H,F:\GENESIS Studio\genesis-studio\packages\engines-py\.pdb_cache\2ITN,A
2307,ThermoMPNN,2ITN,0.8952335119247437,115,S,I,F:\GENESIS Studio\genesis-studio\packages\engines-py\.pdb_cache\2ITN,A
2308,ThermoMPNN,2ITN,0.7603935599327087,115,S,K,F:\GENESIS Studio\genesis-studio\packages\engines-py\.pdb_cache\2ITN,A
2309,ThermoMPNN,2ITN,1.4996494054794312,115,S,L,F:\GENESIS Studio\genesis-studio\packages\engines-py\.pdb_cache\2ITN,A
2310,ThermoMPNN,2ITN,1.0842483043670654,115,S,M,F:\GENESIS Studio\genesis-studio\packages\engines-py\.pdb_cache\2ITN,A
2311,ThermoMPNN,2ITN,1.5846736431121826,115,S,N,F:\GENESIS Studio\genesis-studio\packages\engines-py\.pdb_cache\2ITN,A
2312,ThermoMPNN,2ITN,0.37089335918426514,115,S,P,F:\GENESIS Studio\genesis-studio\packages\engines-py\.pdb_cache\2ITN,A
2313,ThermoMPNN,2ITN,1.1337354183197021,115,S,Q,F:\GENESIS Studio\genesis-studio\packages\engines-py\.pdb_cache\2ITN,A
2314,ThermoMPNN,2ITN,0.8373664617538452,115,S,R,F:\GENESIS Studio\genesis-studio\packages\engines-py\.pdb_cache\2ITN,A
2315,ThermoMPNN,2ITN,0.0,115,S,S,F:\GENESIS Studio\genesis-studio\packages\engines-py\.pdb_cache\2ITN,A
2316,ThermoMPNN,2ITN,0.5792249441146851,115,S,T,F:\GENESIS Studio\genesis-studio\packages\engines-py\.pdb_cache\2ITN,A
2317,ThermoMPNN,2ITN,0.4949004650115967,115,S,V,F:\GENESIS Studio\genesis-studio\packages\engines-py\.pdb_cache\2ITN,A
2318,ThermoMPNN,2ITN,1.0860881805419922,115,S,W,F:\GENESIS Studio\genesis-studio\packages\engines-py\.pdb_cache\2ITN,A
2319,ThermoMPNN,2ITN,1.2853543758392334,115,S,Y,F:\GENESIS Studio\genesis-studio\packages\engines-py\.pdb_cache\2ITN,A
2320,ThermoMPNN,2ITN,0.030251383781433105,116,Q,A,F:\GENESIS Studio\genesis-studio\packages\engines-py\.pdb_cache\2ITN,A
2321,ThermoMPNN,2ITN,0.04677152633666992,116,Q,C,F:\GENESIS Studio\genesis-studio\packages\engines-py\.pdb_cache\2ITN,A
2322,ThermoMPNN,2ITN,0.6635429263114929,116,Q,D,F:\GENESIS Studio\genesis-studio\packages\engines-py\.pdb_cache\2ITN,A
2323,ThermoMPNN,2ITN,0.49642401933670044,116,Q,E,F:\GENESIS Studio\genesis-studio\packages\engines-py\.pdb_cache\2ITN,A
2324,ThermoMPNN,2ITN,0.3302643299102783,116,Q,F,F:\GENESIS Studio\genesis-studio\packages\engines-py\.pdb_cache\2ITN,A
2325,ThermoMPNN,2ITN,0.46360450983047485,116,Q,G,F:\GENESIS Studio\genesis-studio\packages\engines-py\.pdb_cache\2ITN,A
2326,ThermoMPNN,2ITN,0.2186458706855774,116,Q,H,F:\GENESIS Studio\genesis-studio\packages\engines-py\.pdb_cache\2ITN,A
2327,ThermoMPNN,2ITN,0.45765095949172974,116,Q,I,F:\GENESIS Studio\genesis-studio\packages\engines-py\.pdb_cache\2ITN,A
2328,ThermoMPNN,2ITN,-0.06410074234008789,116,Q,K,F:\GENESIS Studio\genesis-studio\packages\engines-py\.pdb_cache\2ITN,A
2329,ThermoMPNN,2ITN,0.46663039922714233,116,Q,L,F:\GENESIS Studio\genesis-studio\packages\engines-py\.pdb_cache\2ITN,A
2330,ThermoMPNN,2ITN,0.34410685300827026,116,Q,M,F:\GENESIS Studio\genesis-studio\packages\engines-py\.pdb_cache\2ITN,A
2331,ThermoMPNN,2ITN,0.4850594997406006,116,Q,N,F:\GENESIS Studio\genesis-studio\packages\engines-py\.pdb_cache\2ITN,A
2332,ThermoMPNN,2ITN,1.286424994468689,116,Q,P,F:\GENESIS Studio\genesis-studio\packages\engines-py\.pdb_cache\2ITN,A
2333,ThermoMPNN,2ITN,0.0,116,Q,Q,F:\GENESIS Studio\genesis-studio\packages\engines-py\.pdb_cache\2ITN,A
2334,ThermoMPNN,2ITN,0.022477149963378906,116,Q,R,F:\GENESIS Studio\genesis-studio\packages\engines-py\.pdb_cache\2ITN,A
2335,ThermoMPNN,2ITN,0.16773051023483276,116,Q,S,F:\GENESIS Studio\genesis-studio\packages\engines-py\.pdb_cache\2ITN,A
2336,ThermoMPNN,2ITN,0.5254179835319519,116,Q,T,F:\GENESIS Studio\genesis-studio\packages\engines-py\.pdb_cache\2ITN,A
2337,ThermoMPNN,2ITN,0.4696321487426758,116,Q,V,F:\GENESIS Studio\genesis-studio\packages\engines-py\.pdb_cache\2ITN,A
2338,ThermoMPNN,2ITN,0.06464219093322754,116,Q,W,F:\GENESIS Studio\genesis-studio\packages\engines-py\.pdb_cache\2ITN,A
2339,ThermoMPNN,2ITN,0.20197302103042603,116,Q,Y,F:\GENESIS Studio\genesis-studio\packages\engines-py\.pdb_cache\2ITN,A
2340,ThermoMPNN,2ITN,1.053049087524414,117,Y,A,F:\GENESIS Studio\genesis-studio\packages\engines-py\.pdb_cache\2ITN,A
2341,ThermoMPNN,2ITN,0.445992112159729,117,Y,C,F:\GENESIS Studio\genesis-studio\packages\engines-py\.pdb_cache\2ITN,A
2342,ThermoMPNN,2ITN,1.4761366844177246,117,Y,D,F:\GENESIS Studio\genesis-studio\packages\engines-py\.pdb_cache\2ITN,A
2343,ThermoMPNN,2ITN,1.286850094795227,117,Y,E,F:\GENESIS Studio\genesis-studio\packages\engines-py\.pdb_cache\2ITN,A
2344,ThermoMPNN,2ITN,0.18048441410064697,117,Y,F,F:\GENESIS Studio\genesis-studio\packages\engines-py\.pdb_cache\2ITN,A
2345,ThermoMPNN,2ITN,2.1614065170288086,117,Y,G,F:\GENESIS Studio\genesis-studio\packages\engines-py\.pdb_cache\2ITN,A
2346,ThermoMPNN,2ITN,1.0099741220474243,117,Y,H,F:\GENESIS Studio\genesis-studio\packages\engines-py\.pdb_cache\2ITN,A
2347,ThermoMPNN,2ITN,0.2246943712234497,117,Y,I,F:\GENESIS Studio\genesis-studio\packages\engines-py\.pdb_cache\2ITN,A
2348,ThermoMPNN,2ITN,1.4658076763153076,117,Y,K,F:\GENESIS Studio\genesis-studio\packages\engines-py\.pdb_cache\2ITN,A
2349,ThermoMPNN,2ITN,0.3666180372238159,117,Y,L,F:\GENESIS Studio\genesis-studio\packages\engines-py\.pdb_cache\2ITN,A
2350,ThermoMPNN,2ITN,0.4943908452987671,117,Y,M,F:\GENESIS Studio\genesis-studio\packages\engines-py\.pdb_cache\2ITN,A
2351,ThermoMPNN,2ITN,1.5069408416748047,117,Y,N,F:\GENESIS Studio\genesis-studio\packages\engines-py\.pdb_cache\2ITN,A
2352,ThermoMPNN,2ITN,1.623871922492981,117,Y,P,F:\GENESIS Studio\genesis-studio\packages\engines-py\.pdb_cache\2ITN,A
2353,ThermoMPNN,2ITN,1.1442264318466187,117,Y,Q,F:\GENESIS Studio\genesis-studio\packages\engines-py\.pdb_cache\2ITN,A
2354,ThermoMPNN,2ITN,1.5226905345916748,117,Y,R,F:\GENESIS Studio\genesis-studio\packages\engines-py\.pdb_cache\2ITN,A
2355,ThermoMPNN,2ITN,1.2861289978027344,117,Y,S,F:\GENESIS Studio\genesis-studio\packages\engines-py\.pdb_cache\2ITN,A
2356,ThermoMPNN,2ITN,0.9064775705337524,117,Y,T,F:\GENESIS Studio\genesis-studio\packages\engines-py\.pdb_cache\2ITN,A
2357,ThermoMPNN,2ITN,0.2408512830734253,117,Y,V,F:\GENESIS Studio\genesis-studio\packages\engines-py\.pdb_cache\2ITN,A
2358,ThermoMPNN,2ITN,-0.059932589530944824,117,Y,W,F:\GENESIS Studio\genesis-studio\packages\engines-py\.pdb_cache\2ITN,A
2359,ThermoMPNN,2ITN,0.0,117,Y,Y,F:\GENESIS Studio\genesis-studio\packages\engines-py\.pdb_cache\2ITN,A
2360,ThermoMPNN,2ITN,2.1775054931640625,118,L,A,F:\GENESIS Studio\genesis-studio\packages\engines-py\.pdb_cache\2ITN,A
2361,ThermoMPNN,2ITN,1.3422819375991821,118,L,C,F:\GENESIS Studio\genesis-studio\packages\engines-py\.pdb_cache\2ITN,A
2362,ThermoMPNN,2ITN,3.4928109645843506,118,L,D,F:\GENESIS Studio\genesis-studio\packages\engines-py\.pdb_cache\2ITN,A
2363,ThermoMPNN,2ITN,3.413851499557495,118,L,E,F:\GENESIS Studio\genesis-studio\packages\engines-py\.pdb_cache\2ITN,A
2364,ThermoMPNN,2ITN,1.696685552597046,118,L,F,F:\GENESIS Studio\genesis-studio\packages\engines-py\.pdb_cache\2ITN,A
2365,ThermoMPNN,2ITN,2.929589033126831,118,L,G,F:\GENESIS Studio\genesis-studio\packages\engines-py\.pdb_cache\2ITN,A
2366,ThermoMPNN,2ITN,2.856903553009033,118,L,H,F:\GENESIS Studio\genesis-studio\packages\engines-py\.pdb_cache\2ITN,A
2367,ThermoMPNN,2ITN,0.13051557540893555,118,L,I,F:\GENESIS Studio\genesis-studio\packages\engines-py\.pdb_cache\2ITN,A
2368,ThermoMPNN,2ITN,2.662774085998535,118,L,K,F:\GENESIS Studio\genesis-studio\packages\engines-py\.pdb_cache\2ITN,A
2369,ThermoMPNN,2ITN,0.0,118,L,L,F:\GENESIS Studio\genesis-studio\packages\engines-py\.pdb_cache\2ITN,A
2370,ThermoMPNN,2ITN,1.0822579860687256,118,L,M,F:\GENESIS Studio\genesis-studio\packages\engines-py\.pdb_cache\2ITN,A
2371,ThermoMPNN,2ITN,3.088076114654541,118,L,N,F:\GENESIS Studio\genesis-studio\packages\engines-py\.pdb_cache\2ITN,A
2372,ThermoMPNN,2ITN,3.162682056427002,118,L,P,F:\GENESIS Studio\genesis-studio\packages\engines-py\.pdb_cache\2ITN,A
2373,ThermoMPNN,2ITN,3.015153408050537,118,L,Q,F:\GENESIS Studio\genesis-studio\packages\engines-py\.pdb_cache\2ITN,A
2374,ThermoMPNN,2ITN,2.611950397491455,118,L,R,F:\GENESIS Studio\genesis-studio\packages\engines-py\.pdb_cache\2ITN,A
2375,ThermoMPNN,2ITN,2.992180347442627,118,L,S,F:\GENESIS Studio\genesis-studio\packages\engines-py\.pdb_cache\2ITN,A
2376,ThermoMPNN,2ITN,2.526693344116211,118,L,T,F:\GENESIS Studio\genesis-studio\packages\engines-py\.pdb_cache\2ITN,A
2377,ThermoMPNN,2ITN,0.5954761505126953,118,L,V,F:\GENESIS Studio\genesis-studio\packages\engines-py\.pdb_cache\2ITN,A
2378,ThermoMPNN,2ITN,1.9942853450775146,118,L,W,F:\GENESIS Studio\genesis-studio\packages\engines-py\.pdb_cache\2ITN,A
2379,ThermoMPNN,2ITN,2.003941774368286,118,L,Y,F:\GENESIS Studio\genesis-studio\packages\engines-py\.pdb_cache\2ITN,A
2380,ThermoMPNN,2ITN,2.282660961151123,119,L,A,F:\GENESIS Studio\genesis-studio\packages\engines-py\.pdb_cache\2ITN,A
2381,ThermoMPNN,2ITN,1.4218610525131226,119,L,C,F:\GENESIS Studio\genesis-studio\packages\engines-py\.pdb_cache\2ITN,A
2382,ThermoMPNN,2ITN,2.9342870712280273,119,L,D,F:\GENESIS Studio\genesis-studio\packages\engines-py\.pdb_cache\2ITN,A
2383,ThermoMPNN,2ITN,2.8045663833618164,119,L,E,F:\GENESIS Studio\genesis-studio\packages\engines-py\.pdb_cache\2ITN,A
2384,ThermoMPNN,2ITN,1.199540138244629,119,L,F,F:\GENESIS Studio\genesis-studio\packages\engines-py\.pdb_cache\2ITN,A
2385,ThermoMPNN,2ITN,2.874823808670044,119,L,G,F:\GENESIS Studio\genesis-studio\packages\engines-py\.pdb_cache\2ITN,A
2386,ThermoMPNN,2ITN,2.6814985275268555,119,L,H,F:\GENESIS Studio\genesis-studio\packages\engines-py\.pdb_cache\2ITN,A
2387,ThermoMPNN,2ITN,0.6656454801559448,119,L,I,F:\GENESIS Studio\genesis-studio\packages\engines-py\.pdb_cache\2ITN,A
2388,ThermoMPNN,2ITN,2.5048863887786865,119,L,K,F:\GENESIS Studio\genesis-studio\packages\engines-py\.pdb_cache\2ITN,A
2389,ThermoMPNN,2ITN,0.0,119,L,L,F:\GENESIS Studio\genesis-studio\packages\engines-py\.pdb_cache\2ITN,A
2390,ThermoMPNN,2ITN,0.8826701641082764,119,L,M,F:\GENESIS Studio\genesis-studio\packages\engines-py\.pdb_cache\2ITN,A
2391,ThermoMPNN,2ITN,2.8339600563049316,119,L,N,F:\GENESIS Studio\genesis-studio\packages\engines-py\.pdb_cache\2ITN,A
2392,ThermoMPNN,2ITN,2.6878437995910645,119,L,P,F:\GENESIS Studio\genesis-studio\packages\engines-py\.pdb_cache\2ITN,A
2393,ThermoMPNN,2ITN,2.5754175186157227,119,L,Q,F:\GENESIS Studio\genesis-studio\packages\engines-py\.pdb_cache\2ITN,A
2394,ThermoMPNN,2ITN,2.513787269592285,119,L,R,F:\GENESIS Studio\genesis-studio\packages\engines-py\.pdb_cache\2ITN,A
2395,ThermoMPNN,2ITN,2.521908760070801,119,L,S,F:\GENESIS Studio\genesis-studio\packages\engines-py\.pdb_cache\2ITN,A
2396,ThermoMPNN,2ITN,2.1563310623168945,119,L,T,F:\GENESIS Studio\genesis-studio\packages\engines-py\.pdb_cache\2ITN,A
2397,ThermoMPNN,2ITN,1.1783483028411865,119,L,V,F:\GENESIS Studio\genesis-studio\packages\engines-py\.pdb_cache\2ITN,A
2398,ThermoMPNN,2ITN,1.8315757513046265,119,L,W,F:\GENESIS Studio\genesis-studio\packages\engines-py\.pdb_cache\2ITN,A
2399,ThermoMPNN,2ITN,1.8816521167755127,119,L,Y,F:\GENESIS Studio\genesis-studio\packages\engines-py\.pdb_cache\2ITN,A
2400,ThermoMPNN,2ITN,0.2749716639518738,120,N,A,F:\GENESIS Studio\genesis-studio\packages\engines-py\.pdb_cache\2ITN,A
2401,ThermoMPNN,2ITN,-0.2751144766807556,120,N,C,F:\GENESIS Studio\genesis-studio\packages\engines-py\.pdb_cache\2ITN,A
2402,ThermoMPNN,2ITN,0.02018958330154419,120,N,D,F:\GENESIS Studio\genesis-studio\packages\engines-py\.pdb_cache\2ITN,A
2403,ThermoMPNN,2ITN,0.13175898790359497,120,N,E,F:\GENESIS Studio\genesis-studio\packages\engines-py\.pdb_cache\2ITN,A
2404,ThermoMPNN,2ITN,0.058789849281311035,120,N,F,F:\GENESIS Studio\genesis-studio\packages\engines-py\.pdb_cache\2ITN,A
2405,ThermoMPNN,2ITN,0.6420785188674927,120,N,G,F:\GENESIS Studio\genesis-studio\packages\engines-py\.pdb_cache\2ITN,A
2406,ThermoMPNN,2ITN,0.20517396926879883,120,N,H,F:\GENESIS Studio\genesis-studio\packages\engines-py\.pdb_cache\2ITN,A
2407,ThermoMPNN,2ITN,0.43026745319366455,120,N,I,F:\GENESIS Studio\genesis-studio\packages\engines-py\.pdb_cache\2ITN,A
2408,ThermoMPNN,2ITN,0.3555581569671631,120,N,K,F:\GENESIS Studio\genesis-studio\packages\engines-py\.pdb_cache\2ITN,A
2409,ThermoMPNN,2ITN,-0.06862300634384155,120,N,L,F:\GENESIS Studio\genesis-studio\packages\engines-py\.pdb_cache\2ITN,A
2410,ThermoMPNN,2ITN,-0.016370773315429688,120,N,M,F:\GENESIS Studio\genesis-studio\packages\engines-py\.pdb_cache\2ITN,A
2411,ThermoMPNN,2ITN,0.0,120,N,N,F:\GENESIS Studio\genesis-studio\packages\engines-py\.pdb_cache\2ITN,A
2412,ThermoMPNN,2ITN,2.113611936569214,120,N,P,F:\GENESIS Studio\genesis-studio\packages\engines-py\.pdb_cache\2ITN,A
2413,ThermoMPNN,2ITN,0.10521835088729858,120,N,Q,F:\GENESIS Studio\genesis-studio\packages\engines-py\.pdb_cache\2ITN,A
2414,ThermoMPNN,2ITN,0.3720799684524536,120,N,R,F:\GENESIS Studio\genesis-studio\packages\engines-py\.pdb_cache\2ITN,A
2415,ThermoMPNN,2ITN,0.20851975679397583,120,N,S,F:\GENESIS Studio\genesis-studio\packages\engines-py\.pdb_cache\2ITN,A
2416,ThermoMPNN,2ITN,0.31798988580703735,120,N,T,F:\GENESIS Studio\genesis-studio\packages\engines-py\.pdb_cache\2ITN,A
2417,ThermoMPNN,2ITN,0.4802817106246948,120,N,V,F:\GENESIS Studio\genesis-studio\packages\engines-py\.pdb_cache\2ITN,A
2418,ThermoMPNN,2ITN,-0.074512779712677,120,N,W,F:\GENESIS Studio\genesis-studio\packages\engines-py\.pdb_cache\2ITN,A
2419,ThermoMPNN,2ITN,0.09980148077011108,120,N,Y,F:\GENESIS Studio\genesis-studio\packages\engines-py\.pdb_cache\2ITN,A
2420,ThermoMPNN,2ITN,2.8116044998168945,121,W,A,F:\GENESIS Studio\genesis-studio\packages\engines-py\.pdb_cache\2ITN,A
2421,ThermoMPNN,2ITN,1.647472858428955,121,W,C,F:\GENESIS Studio\genesis-studio\packages\engines-py\.pdb_cache\2ITN,A
2422,ThermoMPNN,2ITN,3.7169947624206543,121,W,D,F:\GENESIS Studio\genesis-studio\packages\engines-py\.pdb_cache\2ITN,A
2423,ThermoMPNN,2ITN,3.3639092445373535,121,W,E,F:\GENESIS Studio\genesis-studio\packages\engines-py\.pdb_cache\2ITN,A
2424,ThermoMPNN,2ITN,1.2734274864196777,121,W,F,F:\GENESIS Studio\genesis-studio\packages\engines-py\.pdb_cache\2ITN,A
2425,ThermoMPNN,2ITN,3.2314798831939697,121,W,G,F:\GENESIS Studio\genesis-studio\packages\engines-py\.pdb_cache\2ITN,A
2426,ThermoMPNN,2ITN,2.6438279151916504,121,W,H,F:\GENESIS Studio\genesis-studio\packages\engines-py\.pdb_cache\2ITN,A
2427,ThermoMPNN,2ITN,1.3347516059875488,121,W,I,F:\GENESIS Studio\genesis-studio\packages\engines-py\.pdb_cache\2ITN,A
2428,ThermoMPNN,2ITN,3.1047732830047607,121,W,K,F:\GENESIS Studio\genesis-studio\packages\engines-py\.pdb_cache\2ITN,A
2429,ThermoMPNN,2ITN,1.915421485900879,121,W,L,F:\GENESIS Studio\genesis-studio\packages\engines-py\.pdb_cache\2ITN,A
2430,ThermoMPNN,2ITN,1.8217252492904663,121,W,M,F:\GENESIS Studio\genesis-studio\packages\engines-py\.pdb_cache\2ITN,A
2431,ThermoMPNN,2ITN,3.111067533493042,121,W,N,F:\GENESIS Studio\genesis-studio\packages\engines-py\.pdb_cache\2ITN,A
2432,ThermoMPNN,2ITN,3.4199230670928955,121,W,P,F:\GENESIS Studio\genesis-studio\packages\engines-py\.pdb_cache\2ITN,A
2433,ThermoMPNN,2ITN,2.7909059524536133,121,W,Q,F:\GENESIS Studio\genesis-studio\packages\engines-py\.pdb_cache\2ITN,A
2434,ThermoMPNN,2ITN,2.9964568614959717,121,W,R,F:\GENESIS Studio\genesis-studio\packages\engines-py\.pdb_cache\2ITN,A
2435,ThermoMPNN,2ITN,2.443931818008423,121,W,S,F:\GENESIS Studio\genesis-studio\packages\engines-py\.pdb_cache\2ITN,A
2436,ThermoMPNN,2ITN,2.1005706787109375,121,W,T,F:\GENESIS Studio\genesis-studio\packages\engines-py\.pdb_cache\2ITN,A
2437,ThermoMPNN,2ITN,1.4834794998168945,121,W,V,F:\GENESIS Studio\genesis-studio\packages\engines-py\.pdb_cache\2ITN,A
2438,ThermoMPNN,2ITN,0.0,121,W,W,F:\GENESIS Studio\genesis-studio\packages\engines-py\.pdb_cache\2ITN,A
2439,ThermoMPNN,2ITN,1.0546283721923828,121,W,Y,F:\GENESIS Studio\genesis-studio\packages\engines-py\.pdb_cache\2ITN,A
2440,ThermoMPNN,2ITN,0.7651258707046509,122,C,A,F:\GENESIS Studio\genesis-studio\packages\engines-py\.pdb_cache\2ITN,A
2441,ThermoMPNN,2ITN,0.0,122,C,C,F:\GENESIS Studio\genesis-studio\packages\engines-py\.pdb_cache\2ITN,A
2442,ThermoMPNN,2ITN,2.995241165161133,122,C,D,F:\GENESIS Studio\genesis-studio\packages\engines-py\.pdb_cache\2ITN,A
2443,ThermoMPNN,2ITN,2.4895498752593994,122,C,E,F:\GENESIS Studio\genesis-studio\packages\engines-py\.pdb_cache\2ITN,A
2444,ThermoMPNN,2ITN,0.9069435000419617,122,C,F,F:\GENESIS Studio\genesis-studio\packages\engines-py\.pdb_cache\2ITN,A
2445,ThermoMPNN,2ITN,1.7474499940872192,122,C,G,F:\GENESIS Studio\genesis-studio\packages\engines-py\.pdb_cache\2ITN,A
2446,ThermoMPNN,2ITN,1.8733245134353638,122,C,H,F:\GENESIS Studio\genesis-studio\packages\engines-py\.pdb_cache\2ITN,A
2447,ThermoMPNN,2ITN,0.39389610290527344,122,C,I,F:\GENESIS Studio\genesis-studio\packages\engines-py\.pdb_cache\2ITN,A
2448,ThermoMPNN,2ITN,2.0052273273468018,122,C,K,F:\GENESIS Studio\genesis-studio\packages\engines-py\.pdb_cache\2ITN,A
2449,ThermoMPNN,2ITN,0.28222203254699707,122,C,L,F:\GENESIS Studio\genesis-studio\packages\engines-py\.pdb_cache\2ITN,A
2450,ThermoMPNN,2ITN,0.11350178718566895,122,C,M,F:\GENESIS Studio\genesis-studio\packages\engines-py\.pdb_cache\2ITN,A
2451,ThermoMPNN,2ITN,2.1676108837127686,122,C,N,F:\GENESIS Studio\genesis-studio\packages\engines-py\.pdb_cache\2ITN,A
2452,ThermoMPNN,2ITN,2.6188879013061523,122,C,P,F:\GENESIS Studio\genesis-studio\packages\engines-py\.pdb_cache\2ITN,A
2453,ThermoMPNN,2ITN,1.7357381582260132,122,C,Q,F:\GENESIS Studio\genesis-studio\packages\engines-py\.pdb_cache\2ITN,A
2454,ThermoMPNN,2ITN,2.085371494293213,122,C,R,F:\GENESIS Studio\genesis-studio\packages\engines-py\.pdb_cache\2ITN,A
2455,ThermoMPNN,2ITN,1.350830078125,122,C,S,F:\GENESIS Studio\genesis-studio\packages\engines-py\.pdb_cache\2ITN,A
2456,ThermoMPNN,2ITN,1.1759133338928223,122,C,T,F:\GENESIS Studio\genesis-studio\packages\engines-py\.pdb_cache\2ITN,A
2457,ThermoMPNN,2ITN,0.39302682876586914,122,C,V,F:\GENESIS Studio\genesis-studio\packages\engines-py\.pdb_cache\2ITN,A
2458,ThermoMPNN,2ITN,1.3813095092773438,122,C,W,F:\GENESIS Studio\genesis-studio\packages\engines-py\.pdb_cache\2ITN,A
2459,ThermoMPNN,2ITN,1.4689793586730957,122,C,Y,F:\GENESIS Studio\genesis-studio\packages\engines-py\.pdb_cache\2ITN,A
2460,ThermoMPNN,2ITN,2.0339107513427734,123,V,A,F:\GENESIS Studio\genesis-studio\packages\engines-py\.pdb_cache\2ITN,A
2461,ThermoMPNN,2ITN,0.9476088285446167,123,V,C,F:\GENESIS Studio\genesis-studio\packages\engines-py\.pdb_cache\2ITN,A
2462,ThermoMPNN,2ITN,3.2861175537109375,123,V,D,F:\GENESIS Studio\genesis-studio\packages\engines-py\.pdb_cache\2ITN,A
2463,ThermoMPNN,2ITN,2.437037944793701,123,V,E,F:\GENESIS Studio\genesis-studio\packages\engines-py\.pdb_cache\2ITN,A
2464,ThermoMPNN,2ITN,1.4049205780029297,123,V,F,F:\GENESIS Studio\genesis-studio\packages\engines-py\.pdb_cache\2ITN,A
2465,ThermoMPNN,2ITN,2.982983112335205,123,V,G,F:\GENESIS Studio\genesis-studio\packages\engines-py\.pdb_cache\2ITN,A
2466,ThermoMPNN,2ITN,2.526142120361328,123,V,H,F:\GENESIS Studio\genesis-studio\packages\engines-py\.pdb_cache\2ITN,A
2467,ThermoMPNN,2ITN,0.12570834159851074,123,V,I,F:\GENESIS Studio\genesis-studio\packages\engines-py\.pdb_cache\2ITN,A
2468,ThermoMPNN,2ITN,2.5737123489379883,123,V,K,F:\GENESIS Studio\genesis-studio\packages\engines-py\.pdb_cache\2ITN,A
2469,ThermoMPNN,2ITN,0.5604627132415771,123,V,L,F:\GENESIS Studio\genesis-studio\packages\engines-py\.pdb_cache\2ITN,A
2470,ThermoMPNN,2ITN,1.0106706619262695,123,V,M,F:\GENESIS Studio\genesis-studio\packages\engines-py\.pdb_cache\2ITN,A
2471,ThermoMPNN,2ITN,3.0306432247161865,123,V,N,F:\GENESIS Studio\genesis-studio\packages\engines-py\.pdb_cache\2ITN,A
2472,ThermoMPNN,2ITN,2.9616754055023193,123,V,P,F:\GENESIS Studio\genesis-studio\packages\engines-py\.pdb_cache\2ITN,A
2473,ThermoMPNN,2ITN,2.3857030868530273,123,V,Q,F:\GENESIS Studio\genesis-studio\packages\engines-py\.pdb_cache\2ITN,A
2474,ThermoMPNN,2ITN,2.5640175342559814,123,V,R,F:\GENESIS Studio\genesis-studio\packages\engines-py\.pdb_cache\2ITN,A
2475,ThermoMPNN,2ITN,2.5563995838165283,123,V,S,F:\GENESIS Studio\genesis-studio\packages\engines-py\.pdb_cache\2ITN,A
2476,ThermoMPNN,2ITN,1.9243922233581543,123,V,T,F:\GENESIS Studio\genesis-studio\packages\engines-py\.pdb_cache\2ITN,A
2477,ThermoMPNN,2ITN,0.0,123,V,V,F:\GENESIS Studio\genesis-studio\packages\engines-py\.pdb_cache\2ITN,A
2478,ThermoMPNN,2ITN,1.5357015132904053,123,V,W,F:\GENESIS Studio\genesis-studio\packages\engines-py\.pdb_cache\2ITN,A
2479,ThermoMPNN,2ITN,1.744250774383545,123,V,Y,F:\GENESIS Studio\genesis-studio\packages\engines-py\.pdb_cache\2ITN,A
2480,ThermoMPNN,2ITN,0.9334312677383423,124,Q,A,F:\GENESIS Studio\genesis-studio\packages\engines-py\.pdb_cache\2ITN,A
2481,ThermoMPNN,2ITN,1.153865098953247,124,Q,C,F:\GENESIS Studio\genesis-studio\packages\engines-py\.pdb_cache\2ITN,A
2482,ThermoMPNN,2ITN,1.1411242485046387,124,Q,D,F:\GENESIS Studio\genesis-studio\packages\engines-py\.pdb_cache\2ITN,A
2483,ThermoMPNN,2ITN,0.3896484375,124,Q,E,F:\GENESIS Studio\genesis-studio\packages\engines-py\.pdb_cache\2ITN,A
2484,ThermoMPNN,2ITN,1.2753742933273315,124,Q,F,F:\GENESIS Studio\genesis-studio\packages\engines-py\.pdb_cache\2ITN,A
2485,ThermoMPNN,2ITN,2.2634530067443848,124,Q,G,F:\GENESIS Studio\genesis-studio\packages\engines-py\.pdb_cache\2ITN,A
2486,ThermoMPNN,2ITN,1.25367271900177,124,Q,H,F:\GENESIS Studio\genesis-studio\packages\engines-py\.pdb_cache\2ITN,A
2487,ThermoMPNN,2ITN,1.149216651916504,124,Q,I,F:\GENESIS Studio\genesis-studio\packages\engines-py\.pdb_cache\2ITN,A
2488,ThermoMPNN,2ITN,1.7232708930969238,124,Q,K,F:\GENESIS Studio\genesis-studio\packages\engines-py\.pdb_cache\2ITN,A
2489,ThermoMPNN,2ITN,0.9622571468353271,124,Q,L,F:\GENESIS Studio\genesis-studio\packages\engines-py\.pdb_cache\2ITN,A
2490,ThermoMPNN,2ITN,0.35467684268951416,124,Q,M,F:\GENESIS Studio\genesis-studio\packages\engines-py\.pdb_cache\2ITN,A
2491,ThermoMPNN,2ITN,1.8462257385253906,124,Q,N,F:\GENESIS Studio\genesis-studio\packages\engines-py\.pdb_cache\2ITN,A
2492,ThermoMPNN,2ITN,3.7491586208343506,124,Q,P,F:\GENESIS Studio\genesis-studio\packages\engines-py\.pdb_cache\2ITN,A
2493,ThermoMPNN,2ITN,0.0,124,Q,Q,F:\GENESIS Studio\genesis-studio\packages\engines-py\.pdb_cache\2ITN,A
2494,ThermoMPNN,2ITN,1.7880101203918457,124,Q,R,F:\GENESIS Studio\genesis-studio\packages\engines-py\.pdb_cache\2ITN,A
2495,ThermoMPNN,2ITN,1.3740687370300293,124,Q,S,F:\GENESIS Studio\genesis-studio\packages\engines-py\.pdb_cache\2ITN,A
2496,ThermoMPNN,2ITN,1.3903207778930664,124,Q,T,F:\GENESIS Studio\genesis-studio\packages\engines-py\.pdb_cache\2ITN,A
2497,ThermoMPNN,2ITN,1.4670095443725586,124,Q,V,F:\GENESIS Studio\genesis-studio\packages\engines-py\.pdb_cache\2ITN,A
2498,ThermoMPNN,2ITN,0.9478310346603394,124,Q,W,F:\GENESIS Studio\genesis-studio\packages\engines-py\.pdb_cache\2ITN,A
2499,ThermoMPNN,2ITN,1.1178929805755615,124,Q,Y,F:\GENESIS Studio\genesis-studio\packages\engines-py\.pdb_cache\2ITN,A
2500,ThermoMPNN,2ITN,2.5714340209960938,125,I,A,F:\GENESIS Studio\genesis-studio\packages\engines-py\.pdb_cache\2ITN,A
2501,ThermoMPNN,2ITN,1.8639991283416748,125,I,C,F:\GENESIS Studio\genesis-studio\packages\engines-py\.pdb_cache\2ITN,A
2502,ThermoMPNN,2ITN,3.78643536567688,125,I,D,F:\GENESIS Studio\genesis-studio\packages\engines-py\.pdb_cache\2ITN,A
2503,ThermoMPNN,2ITN,3.4919307231903076,125,I,E,F:\GENESIS Studio\genesis-studio\packages\engines-py\.pdb_cache\2ITN,A
2504,ThermoMPNN,2ITN,1.7350682020187378,125,I,F,F:\GENESIS Studio\genesis-studio\packages\engines-py\.pdb_cache\2ITN,A
2505,ThermoMPNN,2ITN,3.437654733657837,125,I,G,F:\GENESIS Studio\genesis-studio\packages\engines-py\.pdb_cache\2ITN,A
2506,ThermoMPNN,2ITN,3.010455369949341,125,I,H,F:\GENESIS Studio\genesis-studio\packages\engines-py\.pdb_cache\2ITN,A
2507,ThermoMPNN,2ITN,0.0,125,I,I,F:\GENESIS Studio\genesis-studio\packages\engines-py\.pdb_cache\2ITN,A
2508,ThermoMPNN,2ITN,2.9298863410949707,125,I,K,F:\GENESIS Studio\genesis-studio\packages\engines-py\.pdb_cache\2ITN,A
2509,ThermoMPNN,2ITN,0.8365986347198486,125,I,L,F:\GENESIS Studio\genesis-studio\packages\engines-py\.pdb_cache\2ITN,A
2510,ThermoMPNN,2ITN,1.4637885093688965,125,I,M,F:\GENESIS Studio\genesis-studio\packages\engines-py\.pdb_cache\2ITN,A
2511,ThermoMPNN,2ITN,3.43495512008667,125,I,N,F:\GENESIS Studio\genesis-studio\packages\engines-py\.pdb_cache\2ITN,A
2512,ThermoMPNN,2ITN,3.2395966053009033,125,I,P,F:\GENESIS Studio\genesis-studio\packages\engines-py\.pdb_cache\2ITN,A
2513,ThermoMPNN,2ITN,3.1599791049957275,125,I,Q,F:\GENESIS Studio\genesis-studio\packages\engines-py\.pdb_cache\2ITN,A
2514,ThermoMPNN,2ITN,2.9291539192199707,125,I,R,F:\GENESIS Studio\genesis-studio\packages\engines-py\.pdb_cache\2ITN,A
2515,ThermoMPNN,2ITN,3.287780523300171,125,I,S,F:\GENESIS Studio\genesis-studio\packages\engines-py\.pdb_cache\2ITN,A
2516,ThermoMPNN,2ITN,2.6679790019989014,125,I,T,F:\GENESIS Studio\genesis-studio\packages\engines-py\.pdb_cache\2ITN,A
2517,ThermoMPNN,2ITN,1.0275897979736328,125,I,V,F:\GENESIS Studio\genesis-studio\packages\engines-py\.pdb_cache\2ITN,A
2518,ThermoMPNN,2ITN,2.020221471786499,125,I,W,F:\GENESIS Studio\genesis-studio\packages\engines-py\.pdb_cache\2ITN,A
2519,ThermoMPNN,2ITN,2.0891480445861816,125,I,Y,F:\GENESIS Studio\genesis-studio\packages\engines-py\.pdb_cache\2ITN,A
2520,ThermoMPNN,2ITN,0.0,126,A,A,F:\GENESIS Studio\genesis-studio\packages\engines-py\.pdb_cache\2ITN,A
2521,ThermoMPNN,2ITN,0.9080324172973633,126,A,C,F:\GENESIS Studio\genesis-studio\packages\engines-py\.pdb_cache\2ITN,A
2522,ThermoMPNN,2ITN,3.2435691356658936,126,A,D,F:\GENESIS Studio\genesis-studio\packages\engines-py\.pdb_cache\2ITN,A
2523,ThermoMPNN,2ITN,2.7577457427978516,126,A,E,F:\GENESIS Studio\genesis-studio\packages\engines-py\.pdb_cache\2ITN,A
2524,ThermoMPNN,2ITN,1.5615839958190918,126,A,F,F:\GENESIS Studio\genesis-studio\packages\engines-py\.pdb_cache\2ITN,A
2525,ThermoMPNN,2ITN,2.150546073913574,126,A,G,F:\GENESIS Studio\genesis-studio\packages\engines-py\.pdb_cache\2ITN,A
2526,ThermoMPNN,2ITN,2.496455430984497,126,A,H,F:\GENESIS Studio\genesis-studio\packages\engines-py\.pdb_cache\2ITN,A
2527,ThermoMPNN,2ITN,1.3099925518035889,126,A,I,F:\GENESIS Studio\genesis-studio\packages\engines-py\.pdb_cache\2ITN,A
2528,ThermoMPNN,2ITN,2.635810375213623,126,A,K,F:\GENESIS Studio\genesis-studio\packages\engines-py\.pdb_cache\2ITN,A
2529,ThermoMPNN,2ITN,1.1248608827590942,126,A,L,F:\GENESIS Studio\genesis-studio\packages\engines-py\.pdb_cache\2ITN,A
2530,ThermoMPNN,2ITN,1.2679871320724487,126,A,M,F:\GENESIS Studio\genesis-studio\packages\engines-py\.pdb_cache\2ITN,A
2531,ThermoMPNN,2ITN,2.8371939659118652,126,A,N,F:\GENESIS Studio\genesis-studio\packages\engines-py\.pdb_cache\2ITN,A
2532,ThermoMPNN,2ITN,3.2106211185455322,126,A,P,F:\GENESIS Studio\genesis-studio\packages\engines-py\.pdb_cache\2ITN,A
2533,ThermoMPNN,2ITN,2.6268599033355713,126,A,Q,F:\GENESIS Studio\genesis-studio\packages\engines-py\.pdb_cache\2ITN,A
2534,ThermoMPNN,2ITN,2.63299298286438,126,A,R,F:\GENESIS Studio\genesis-studio\packages\engines-py\.pdb_cache\2ITN,A
2535,ThermoMPNN,2ITN,1.6552760601043701,126,A,S,F:\GENESIS Studio\genesis-studio\packages\engines-py\.pdb_cache\2ITN,A
2536,ThermoMPNN,2ITN,2.1483657360076904,126,A,T,F:\GENESIS Studio\genesis-studio\packages\engines-py\.pdb_cache\2ITN,A
2537,ThermoMPNN,2ITN,1.2766796350479126,126,A,V,F:\GENESIS Studio\genesis-studio\packages\engines-py\.pdb_cache\2ITN,A
2538,ThermoMPNN,2ITN,1.657287359237671,126,A,W,F:\GENESIS Studio\genesis-studio\packages\engines-py\.pdb_cache\2ITN,A
2539,ThermoMPNN,2ITN,1.6987465620040894,126,A,Y,F:\GENESIS Studio\genesis-studio\packages\engines-py\.pdb_cache\2ITN,A
2540,ThermoMPNN,2ITN,0.04817134141921997,127,K,A,F:\GENESIS Studio\genesis-studio\packages\engines-py\.pdb_cache\2ITN,A
2541,ThermoMPNN,2ITN,-0.14249569177627563,127,K,C,F:\GENESIS Studio\genesis-studio\packages\engines-py\.pdb_cache\2ITN,A
2542,ThermoMPNN,2ITN,0.802607536315918,127,K,D,F:\GENESIS Studio\genesis-studio\packages\engines-py\.pdb_cache\2ITN,A
2543,ThermoMPNN,2ITN,-0.04141110181808472,127,K,E,F:\GENESIS Studio\genesis-studio\packages\engines-py\.pdb_cache\2ITN,A
2544,ThermoMPNN,2ITN,0.28941792249679565,127,K,F,F:\GENESIS Studio\genesis-studio\packages\engines-py\.pdb_cache\2ITN,A
2545,ThermoMPNN,2ITN,1.0080695152282715,127,K,G,F:\GENESIS Studio\genesis-studio\packages\engines-py\.pdb_cache\2ITN,A
2546,ThermoMPNN,2ITN,0.5035425424575806,127,K,H,F:\GENESIS Studio\genesis-studio\packages\engines-py\.pdb_cache\2ITN,A
2547,ThermoMPNN,2ITN,-0.11483675241470337,127,K,I,F:\GENESIS Studio\genesis-studio\packages\engines-py\.pdb_cache\2ITN,A
2548,ThermoMPNN,2ITN,0.0,127,K,K,F:\GENESIS Studio\genesis-studio\packages\engines-py\.pdb_cache\2ITN,A
2549,ThermoMPNN,2ITN,-0.47384387254714966,127,K,L,F:\GENESIS Studio\genesis-studio\packages\engines-py\.pdb_cache\2ITN,A
2550,ThermoMPNN,2ITN,-0.2507559657096863,127,K,M,F:\GENESIS Studio\genesis-studio\packages\engines-py\.pdb_cache\2ITN,A
2551,ThermoMPNN,2ITN,0.7644323110580444,127,K,N,F:\GENESIS Studio\genesis-studio\packages\engines-py\.pdb_cache\2ITN,A
2552,ThermoMPNN,2ITN,2.772324323654175,127,K,P,F:\GENESIS Studio\genesis-studio\packages\engines-py\.pdb_cache\2ITN,A
2553,ThermoMPNN,2ITN,-0.04187053442001343,127,K,Q,F:\GENESIS Studio\genesis-studio\packages\engines-py\.pdb_cache\2ITN,A
2554,ThermoMPNN,2ITN,-0.06201595067977905,127,K,R,F:\GENESIS Studio\genesis-studio\packages\engines-py\.pdb_cache\2ITN,A
2555,ThermoMPNN,2ITN,0.4825906753540039,127,K,S,F:\GENESIS Studio\genesis-studio\packages\engines-py\.pdb_cache\2ITN,A
2556,ThermoMPNN,2ITN,0.38206613063812256,127,K,T,F:\GENESIS Studio\genesis-studio\packages\engines-py\.pdb_cache\2ITN,A
2557,ThermoMPNN,2ITN,0.09183758497238159,127,K,V,F:\GENESIS Studio\genesis-studio\packages\engines-py\.pdb_cache\2ITN,A
2558,ThermoMPNN,2ITN,0.19473618268966675,127,K,W,F:\GENESIS Studio\genesis-studio\packages\engines-py\.pdb_cache\2ITN,A
2559,ThermoMPNN,2ITN,0.3270568251609802,127,K,Y,F:\GENESIS Studio\genesis-studio\packages\engines-py\.pdb_cache\2ITN,A
2560,ThermoMPNN,2ITN,1.1122312545776367,128,G,A,F:\GENESIS Studio\genesis-studio\packages\engines-py\.pdb_cache\2ITN,A
2561,ThermoMPNN,2ITN,1.0413124561309814,128,G,C,F:\GENESIS Studio\genesis-studio\packages\engines-py\.pdb_cache\2ITN,A
2562,ThermoMPNN,2ITN,2.267552137374878,128,G,D,F:\GENESIS Studio\genesis-studio\packages\engines-py\.pdb_cache\2ITN,A
2563,ThermoMPNN,2ITN,2.1961541175842285,128,G,E,F:\GENESIS Studio\genesis-studio\packages\engines-py\.pdb_cache\2ITN,A
2564,ThermoMPNN,2ITN,0.7952572107315063,128,G,F,F:\GENESIS Studio\genesis-studio\packages\engines-py\.pdb_cache\2ITN,A
2565,ThermoMPNN,2ITN,0.0,128,G,G,F:\GENESIS Studio\genesis-studio\packages\engines-py\.pdb_cache\2ITN,A
2566,ThermoMPNN,2ITN,1.7635135650634766,128,G,H,F:\GENESIS Studio\genesis-studio\packages\engines-py\.pdb_cache\2ITN,A
2567,ThermoMPNN,2ITN,1.199293613433838,128,G,I,F:\GENESIS Studio\genesis-studio\packages\engines-py\.pdb_cache\2ITN,A
2568,ThermoMPNN,2ITN,1.915106177330017,128,G,K,F:\GENESIS Studio\genesis-studio\packages\engines-py\.pdb_cache\2ITN,A
2569,ThermoMPNN,2ITN,1.3990323543548584,128,G,L,F:\GENESIS Studio\genesis-studio\packages\engines-py\.pdb_cache\2ITN,A
2570,ThermoMPNN,2ITN,1.4359517097473145,128,G,M,F:\GENESIS Studio\genesis-studio\packages\engines-py\.pdb_cache\2ITN,A
2571,ThermoMPNN,2ITN,2.052600860595703,128,G,N,F:\GENESIS Studio\genesis-studio\packages\engines-py\.pdb_cache\2ITN,A
2572,ThermoMPNN,2ITN,1.8240950107574463,128,G,P,F:\GENESIS Studio\genesis-studio\packages\engines-py\.pdb_cache\2ITN,A
2573,ThermoMPNN,2ITN,1.9513442516326904,128,G,Q,F:\GENESIS Studio\genesis-studio\packages\engines-py\.pdb_cache\2ITN,A
2574,ThermoMPNN,2ITN,1.7455917596817017,128,G,R,F:\GENESIS Studio\genesis-studio\packages\engines-py\.pdb_cache\2ITN,A
2575,ThermoMPNN,2ITN,1.6186692714691162,128,G,S,F:\GENESIS Studio\genesis-studio\packages\engines-py\.pdb_cache\2ITN,A
2576,ThermoMPNN,2ITN,1.6981563568115234,128,G,T,F:\GENESIS Studio\genesis-studio\packages\engines-py\.pdb_cache\2ITN,A
2577,ThermoMPNN,2ITN,1.1030677556991577,128,G,V,F:\GENESIS Studio\genesis-studio\packages\engines-py\.pdb_cache\2ITN,A
2578,ThermoMPNN,2ITN,1.0296553373336792,128,G,W,F:\GENESIS Studio\genesis-studio\packages\engines-py\.pdb_cache\2ITN,A
2579,ThermoMPNN,2ITN,1.0237312316894531,128,G,Y,F:\GENESIS Studio\genesis-studio\packages\engines-py\.pdb_cache\2ITN,A
2580,ThermoMPNN,2ITN,1.8485300540924072,129,M,A,F:\GENESIS Studio\genesis-studio\packages\engines-py\.pdb_cache\2ITN,A
2581,ThermoMPNN,2ITN,1.2523722648620605,129,M,C,F:\GENESIS Studio\genesis-studio\packages\engines-py\.pdb_cache\2ITN,A
2582,ThermoMPNN,2ITN,2.8813483715057373,129,M,D,F:\GENESIS Studio\genesis-studio\packages\engines-py\.pdb_cache\2ITN,A
2583,ThermoMPNN,2ITN,2.4204964637756348,129,M,E,F:\GENESIS Studio\genesis-studio\packages\engines-py\.pdb_cache\2ITN,A
2584,ThermoMPNN,2ITN,1.2003169059753418,129,M,F,F:\GENESIS Studio\genesis-studio\packages\engines-py\.pdb_cache\2ITN,A
2585,ThermoMPNN,2ITN,2.7679505348205566,129,M,G,F:\GENESIS Studio\genesis-studio\packages\engines-py\.pdb_cache\2ITN,A
2586,ThermoMPNN,2ITN,2.56691575050354,129,M,H,F:\GENESIS Studio\genesis-studio\packages\engines-py\.pdb_cache\2ITN,A
2587,ThermoMPNN,2ITN,0.9447200298309326,129,M,I,F:\GENESIS Studio\genesis-studio\packages\engines-py\.pdb_cache\2ITN,A
2588,ThermoMPNN,2ITN,2.856832504272461,129,M,K,F:\GENESIS Studio\genesis-studio\packages\engines-py\.pdb_cache\2ITN,A
2589,ThermoMPNN,2ITN,-0.22877812385559082,129,M,L,F:\GENESIS Studio\genesis-studio\packages\engines-py\.pdb_cache\2ITN,A
2590,ThermoMPNN,2ITN,0.0,129,M,M,F:\GENESIS Studio\genesis-studio\packages\engines-py\.pdb_cache\2ITN,A
2591,ThermoMPNN,2ITN,2.921971321105957,129,M,N,F:\GENESIS Studio\genesis-studio\packages\engines-py\.pdb_cache\2ITN,A
2592,ThermoMPNN,2ITN,2.686556816101074,129,M,P,F:\GENESIS Studio\genesis-studio\packages\engines-py\.pdb_cache\2ITN,A
2593,ThermoMPNN,2ITN,2.2387053966522217,129,M,Q,F:\GENESIS Studio\genesis-studio\packages\engines-py\.pdb_cache\2ITN,A
2594,ThermoMPNN,2ITN,2.738027572631836,129,M,R,F:\GENESIS Studio\genesis-studio\packages\engines-py\.pdb_cache\2ITN,A
2595,ThermoMPNN,2ITN,2.565119981765747,129,M,S,F:\GENESIS Studio\genesis-studio\packages\engines-py\.pdb_cache\2ITN,A
2596,ThermoMPNN,2ITN,2.585660696029663,129,M,T,F:\GENESIS Studio\genesis-studio\packages\engines-py\.pdb_cache\2ITN,A
2597,ThermoMPNN,2ITN,1.5397746562957764,129,M,V,F:\GENESIS Studio\genesis-studio\packages\engines-py\.pdb_cache\2ITN,A
2598,ThermoMPNN,2ITN,1.8072720766067505,129,M,W,F:\GENESIS Studio\genesis-studio\packages\engines-py\.pdb_cache\2ITN,A
2599,ThermoMPNN,2ITN,2.0081393718719482,129,M,Y,F:\GENESIS Studio\genesis-studio\packages\engines-py\.pdb_cache\2ITN,A
2600,ThermoMPNN,2ITN,-0.5333012342453003,130,N,A,F:\GENESIS Studio\genesis-studio\packages\engines-py\.pdb_cache\2ITN,A
2601,ThermoMPNN,2ITN,-0.3691595792770386,130,N,C,F:\GENESIS Studio\genesis-studio\packages\engines-py\.pdb_cache\2ITN,A
2602,ThermoMPNN,2ITN,0.47947564721107483,130,N,D,F:\GENESIS Studio\genesis-studio\packages\engines-py\.pdb_cache\2ITN,A
2603,ThermoMPNN,2ITN,0.3551011085510254,130,N,E,F:\GENESIS Studio\genesis-studio\packages\engines-py\.pdb_cache\2ITN,A
2604,ThermoMPNN,2ITN,0.21728074550628662,130,N,F,F:\GENESIS Studio\genesis-studio\packages\engines-py\.pdb_cache\2ITN,A
2605,ThermoMPNN,2ITN,0.3405797481536865,130,N,G,F:\GENESIS Studio\genesis-studio\packages\engines-py\.pdb_cache\2ITN,A
2606,ThermoMPNN,2ITN,-0.017796039581298828,130,N,H,F:\GENESIS Studio\genesis-studio\packages\engines-py\.pdb_cache\2ITN,A
2607,ThermoMPNN,2ITN,0.6867035627365112,130,N,I,F:\GENESIS Studio\genesis-studio\packages\engines-py\.pdb_cache\2ITN,A
2608,ThermoMPNN,2ITN,0.212973952293396,130,N,K,F:\GENESIS Studio\genesis-studio\packages\engines-py\.pdb_cache\2ITN,A
2609,ThermoMPNN,2ITN,0.10054069757461548,130,N,L,F:\GENESIS Studio\genesis-studio\packages\engines-py\.pdb_cache\2ITN,A
2610,ThermoMPNN,2ITN,-0.12363576889038086,130,N,M,F:\GENESIS Studio\genesis-studio\packages\engines-py\.pdb_cache\2ITN,A
2611,ThermoMPNN,2ITN,0.0,130,N,N,F:\GENESIS Studio\genesis-studio\packages\engines-py\.pdb_cache\2ITN,A
2612,ThermoMPNN,2ITN,1.798051357269287,130,N,P,F:\GENESIS Studio\genesis-studio\packages\engines-py\.pdb_cache\2ITN,A
2613,ThermoMPNN,2ITN,-0.030573725700378418,130,N,Q,F:\GENESIS Studio\genesis-studio\packages\engines-py\.pdb_cache\2ITN,A
2614,ThermoMPNN,2ITN,0.2743316888809204,130,N,R,F:\GENESIS Studio\genesis-studio\packages\engines-py\.pdb_cache\2ITN,A
2615,ThermoMPNN,2ITN,-0.1619274616241455,130,N,S,F:\GENESIS Studio\genesis-studio\packages\engines-py\.pdb_cache\2ITN,A
2616,ThermoMPNN,2ITN,0.733177661895752,130,N,T,F:\GENESIS Studio\genesis-studio\packages\engines-py\.pdb_cache\2ITN,A
2617,ThermoMPNN,2ITN,0.6831648945808411,130,N,V,F:\GENESIS Studio\genesis-studio\packages\engines-py\.pdb_cache\2ITN,A
2618,ThermoMPNN,2ITN,0.023706793785095215,130,N,W,F:\GENESIS Studio\genesis-studio\packages\engines-py\.pdb_cache\2ITN,A
2619,ThermoMPNN,2ITN,0.09714174270629883,130,N,Y,F:\GENESIS Studio\genesis-studio\packages\engines-py\.pdb_cache\2ITN,A
2620,ThermoMPNN,2ITN,2.228288173675537,131,Y,A,F:\GENESIS Studio\genesis-studio\packages\engines-py\.pdb_cache\2ITN,A
2621,ThermoMPNN,2ITN,1.572906732559204,131,Y,C,F:\GENESIS Studio\genesis-studio\packages\engines-py\.pdb_cache\2ITN,A
2622,ThermoMPNN,2ITN,2.1708180904388428,131,Y,D,F:\GENESIS Studio\genesis-studio\packages\engines-py\.pdb_cache\2ITN,A
2623,ThermoMPNN,2ITN,2.3155152797698975,131,Y,E,F:\GENESIS Studio\genesis-studio\packages\engines-py\.pdb_cache\2ITN,A
2624,ThermoMPNN,2ITN,0.5598042011260986,131,Y,F,F:\GENESIS Studio\genesis-studio\packages\engines-py\.pdb_cache\2ITN,A
2625,ThermoMPNN,2ITN,2.4971840381622314,131,Y,G,F:\GENESIS Studio\genesis-studio\packages\engines-py\.pdb_cache\2ITN,A
2626,ThermoMPNN,2ITN,1.4679234027862549,131,Y,H,F:\GENESIS Studio\genesis-studio\packages\engines-py\.pdb_cache\2ITN,A
2627,ThermoMPNN,2ITN,2.0254337787628174,131,Y,I,F:\GENESIS Studio\genesis-studio\packages\engines-py\.pdb_cache\2ITN,A
2628,ThermoMPNN,2ITN,2.472296953201294,131,Y,K,F:\GENESIS Studio\genesis-studio\packages\engines-py\.pdb_cache\2ITN,A
2629,ThermoMPNN,2ITN,2.03157901763916,131,Y,L,F:\GENESIS Studio\genesis-studio\packages\engines-py\.pdb_cache\2ITN,A
2630,ThermoMPNN,2ITN,1.9648727178573608,131,Y,M,F:\GENESIS Studio\genesis-studio\packages\engines-py\.pdb_cache\2ITN,A
2631,ThermoMPNN,2ITN,2.2977771759033203,131,Y,N,F:\GENESIS Studio\genesis-studio\packages\engines-py\.pdb_cache\2ITN,A
2632,ThermoMPNN,2ITN,2.9346742630004883,131,Y,P,F:\GENESIS Studio\genesis-studio\packages\engines-py\.pdb_cache\2ITN,A
2633,ThermoMPNN,2ITN,2.3044567108154297,131,Y,Q,F:\GENESIS Studio\genesis-studio\packages\engines-py\.pdb_cache\2ITN,A
2634,ThermoMPNN,2ITN,2.224452495574951,131,Y,R,F:\GENESIS Studio\genesis-studio\packages\engines-py\.pdb_cache\2ITN,A
2635,ThermoMPNN,2ITN,2.4319846630096436,131,Y,S,F:\GENESIS Studio\genesis-studio\packages\engines-py\.pdb_cache\2ITN,A
2636,ThermoMPNN,2ITN,2.436340808868408,131,Y,T,F:\GENESIS Studio\genesis-studio\packages\engines-py\.pdb_cache\2ITN,A
2637,ThermoMPNN,2ITN,2.125568389892578,131,Y,V,F:\GENESIS Studio\genesis-studio\packages\engines-py\.pdb_cache\2ITN,A
2638,ThermoMPNN,2ITN,0.5984232425689697,131,Y,W,F:\GENESIS Studio\genesis-studio\packages\engines-py\.pdb_cache\2ITN,A
2639,ThermoMPNN,2ITN,0.0,131,Y,Y,F:\GENESIS Studio\genesis-studio\packages\engines-py\.pdb_cache\2ITN,A
2640,ThermoMPNN,2ITN,1.9138973951339722,132,L,A,F:\GENESIS Studio\genesis-studio\packages\engines-py\.pdb_cache\2ITN,A
2641,ThermoMPNN,2ITN,1.158628225326538,132,L,C,F:\GENESIS Studio\genesis-studio\packages\engines-py\.pdb_cache\2ITN,A
2642,ThermoMPNN,2ITN,2.34175705909729,132,L,D,F:\GENESIS Studio\genesis-studio\packages\engines-py\.pdb_cache\2ITN,A
2643,ThermoMPNN,2ITN,2.1600537300109863,132,L,E,F:\GENESIS Studio\genesis-studio\packages\engines-py\.pdb_cache\2ITN,A
2644,ThermoMPNN,2ITN,1.0314745903015137,132,L,F,F:\GENESIS Studio\genesis-studio\packages\engines-py\.pdb_cache\2ITN,A
2645,ThermoMPNN,2ITN,2.1023051738739014,132,L,G,F:\GENESIS Studio\genesis-studio\packages\engines-py\.pdb_cache\2ITN,A
2646,ThermoMPNN,2ITN,2.128141164779663,132,L,H,F:\GENESIS Studio\genesis-studio\packages\engines-py\.pdb_cache\2ITN,A
2647,ThermoMPNN,2ITN,1.157235860824585,132,L,I,F:\GENESIS Studio\genesis-studio\packages\engines-py\.pdb_cache\2ITN,A
2648,ThermoMPNN,2ITN,1.9903151988983154,132,L,K,F:\GENESIS Studio\genesis-studio\packages\engines-py\.pdb_cache\2ITN,A
2649,ThermoMPNN,2ITN,0.0,132,L,L,F:\GENESIS Studio\genesis-studio\packages\engines-py\.pdb_cache\2ITN,A
2650,ThermoMPNN,2ITN,0.7898457050323486,132,L,M,F:\GENESIS Studio\genesis-studio\packages\engines-py\.pdb_cache\2ITN,A
2651,ThermoMPNN,2ITN,2.2625396251678467,132,L,N,F:\GENESIS Studio\genesis-studio\packages\engines-py\.pdb_cache\2ITN,A
2652,ThermoMPNN,2ITN,2.414611577987671,132,L,P,F:\GENESIS Studio\genesis-studio\packages\engines-py\.pdb_cache\2ITN,A
2653,ThermoMPNN,2ITN,2.0333003997802734,132,L,Q,F:\GENESIS Studio\genesis-studio\packages\engines-py\.pdb_cache\2ITN,A
2654,ThermoMPNN,2ITN,2.0191259384155273,132,L,R,F:\GENESIS Studio\genesis-studio\packages\engines-py\.pdb_cache\2ITN,A
2655,ThermoMPNN,2ITN,2.2326958179473877,132,L,S,F:\GENESIS Studio\genesis-studio\packages\engines-py\.pdb_cache\2ITN,A
2656,ThermoMPNN,2ITN,2.0465102195739746,132,L,T,F:\GENESIS Studio\genesis-studio\packages\engines-py\.pdb_cache\2ITN,A
2657,ThermoMPNN,2ITN,1.6726138591766357,132,L,V,F:\GENESIS Studio\genesis-studio\packages\engines-py\.pdb_cache\2ITN,A
2658,ThermoMPNN,2ITN,1.5041439533233643,132,L,W,F:\GENESIS Studio\genesis-studio\packages\engines-py\.pdb_cache\2ITN,A
2659,ThermoMPNN,2ITN,1.5665463209152222,132,L,Y,F:\GENESIS Studio\genesis-studio\packages\engines-py\.pdb_cache\2ITN,A
2660,ThermoMPNN,2ITN,0.2195817232131958,133,E,A,F:\GENESIS Studio\genesis-studio\packages\engines-py\.pdb_cache\2ITN,A
2661,ThermoMPNN,2ITN,0.30181050300598145,133,E,C,F:\GENESIS Studio\genesis-studio\packages\engines-py\.pdb_cache\2ITN,A
2662,ThermoMPNN,2ITN,1.1133869886398315,133,E,D,F:\GENESIS Studio\genesis-studio\packages\engines-py\.pdb_cache\2ITN,A
2663,ThermoMPNN,2ITN,0.0,133,E,E,F:\GENESIS Studio\genesis-studio\packages\engines-py\.pdb_cache\2ITN,A
2664,ThermoMPNN,2ITN,0.8431825041770935,133,E,F,F:\GENESIS Studio\genesis-studio\packages\engines-py\.pdb_cache\2ITN,A
2665,ThermoMPNN,2ITN,0.8566385507583618,133,E,G,F:\GENESIS Studio\genesis-studio\packages\engines-py\.pdb_cache\2ITN,A
2666,ThermoMPNN,2ITN,0.7722975015640259,133,E,H,F:\GENESIS Studio\genesis-studio\packages\engines-py\.pdb_cache\2ITN,A
2667,ThermoMPNN,2ITN,1.1571433544158936,133,E,I,F:\GENESIS Studio\genesis-studio\packages\engines-py\.pdb_cache\2ITN,A
2668,ThermoMPNN,2ITN,1.0836148262023926,133,E,K,F:\GENESIS Studio\genesis-studio\packages\engines-py\.pdb_cache\2ITN,A
2669,ThermoMPNN,2ITN,0.7913124561309814,133,E,L,F:\GENESIS Studio\genesis-studio\packages\engines-py\.pdb_cache\2ITN,A
2670,ThermoMPNN,2ITN,0.5371347665786743,133,E,M,F:\GENESIS Studio\genesis-studio\packages\engines-py\.pdb_cache\2ITN,A
2671,ThermoMPNN,2ITN,1.1592979431152344,133,E,N,F:\GENESIS Studio\genesis-studio\packages\engines-py\.pdb_cache\2ITN,A
2672,ThermoMPNN,2ITN,1.9730432033538818,133,E,P,F:\GENESIS Studio\genesis-studio\packages\engines-py\.pdb_cache\2ITN,A
2673,ThermoMPNN,2ITN,0.3977799415588379,133,E,Q,F:\GENESIS Studio\genesis-studio\packages\engines-py\.pdb_cache\2ITN,A
2674,ThermoMPNN,2ITN,1.085647463798523,133,E,R,F:\GENESIS Studio\genesis-studio\packages\engines-py\.pdb_cache\2ITN,A
2675,ThermoMPNN,2ITN,0.8706015348434448,133,E,S,F:\GENESIS Studio\genesis-studio\packages\engines-py\.pdb_cache\2ITN,A
2676,ThermoMPNN,2ITN,1.112118124961853,133,E,T,F:\GENESIS Studio\genesis-studio\packages\engines-py\.pdb_cache\2ITN,A
2677,ThermoMPNN,2ITN,0.9193005561828613,133,E,V,F:\GENESIS Studio\genesis-studio\packages\engines-py\.pdb_cache\2ITN,A
2678,ThermoMPNN,2ITN,0.7852709293365479,133,E,W,F:\GENESIS Studio\genesis-studio\packages\engines-py\.pdb_cache\2ITN,A
2679,ThermoMPNN,2ITN,0.6858928799629211,133,E,Y,F:\GENESIS Studio\genesis-studio\packages\engines-py\.pdb_cache\2ITN,A
2680,ThermoMPNN,2ITN,0.5455260872840881,134,D,A,F:\GENESIS Studio\genesis-studio\packages\engines-py\.pdb_cache\2ITN,A
2681,ThermoMPNN,2ITN,0.2746201157569885,134,D,C,F:\GENESIS Studio\genesis-studio\packages\engines-py\.pdb_cache\2ITN,A
2682,ThermoMPNN,2ITN,0.0,134,D,D,F:\GENESIS Studio\genesis-studio\packages\engines-py\.pdb_cache\2ITN,A
2683,ThermoMPNN,2ITN,0.2986025810241699,134,D,E,F:\GENESIS Studio\genesis-studio\packages\engines-py\.pdb_cache\2ITN,A
2684,ThermoMPNN,2ITN,0.5551817417144775,134,D,F,F:\GENESIS Studio\genesis-studio\packages\engines-py\.pdb_cache\2ITN,A
2685,ThermoMPNN,2ITN,0.9313193559646606,134,D,G,F:\GENESIS Studio\genesis-studio\packages\engines-py\.pdb_cache\2ITN,A
2686,ThermoMPNN,2ITN,0.6504480838775635,134,D,H,F:\GENESIS Studio\genesis-studio\packages\engines-py\.pdb_cache\2ITN,A
2687,ThermoMPNN,2ITN,0.5936504602432251,134,D,I,F:\GENESIS Studio\genesis-studio\packages\engines-py\.pdb_cache\2ITN,A
2688,ThermoMPNN,2ITN,0.5468371510505676,134,D,K,F:\GENESIS Studio\genesis-studio\packages\engines-py\.pdb_cache\2ITN,A
2689,ThermoMPNN,2ITN,0.2554700970649719,134,D,L,F:\GENESIS Studio\genesis-studio\packages\engines-py\.pdb_cache\2ITN,A
2690,ThermoMPNN,2ITN,0.29040682315826416,134,D,M,F:\GENESIS Studio\genesis-studio\packages\engines-py\.pdb_cache\2ITN,A
2691,ThermoMPNN,2ITN,0.3265014886856079,134,D,N,F:\GENESIS Studio\genesis-studio\packages\engines-py\.pdb_cache\2ITN,A
2692,ThermoMPNN,2ITN,2.500065803527832,134,D,P,F:\GENESIS Studio\genesis-studio\packages\engines-py\.pdb_cache\2ITN,A
2693,ThermoMPNN,2ITN,0.24488449096679688,134,D,Q,F:\GENESIS Studio\genesis-studio\packages\engines-py\.pdb_cache\2ITN,A
2694,ThermoMPNN,2ITN,0.4846993684768677,134,D,R,F:\GENESIS Studio\genesis-studio\packages\engines-py\.pdb_cache\2ITN,A
2695,ThermoMPNN,2ITN,0.3822150230407715,134,D,S,F:\GENESIS Studio\genesis-studio\packages\engines-py\.pdb_cache\2ITN,A
2696,ThermoMPNN,2ITN,0.3892139792442322,134,D,T,F:\GENESIS Studio\genesis-studio\packages\engines-py\.pdb_cache\2ITN,A
2697,ThermoMPNN,2ITN,0.6832005977630615,134,D,V,F:\GENESIS Studio\genesis-studio\packages\engines-py\.pdb_cache\2ITN,A
2698,ThermoMPNN,2ITN,0.702229917049408,134,D,W,F:\GENESIS Studio\genesis-studio\packages\engines-py\.pdb_cache\2ITN,A
2699,ThermoMPNN,2ITN,0.8649459481239319,134,D,Y,F:\GENESIS Studio\genesis-studio\packages\engines-py\.pdb_cache\2ITN,A
2700,ThermoMPNN,2ITN,0.9325153827667236,135,R,A,F:\GENESIS Studio\genesis-studio\packages\engines-py\.pdb_cache\2ITN,A
2701,ThermoMPNN,2ITN,0.4138309955596924,135,R,C,F:\GENESIS Studio\genesis-studio\packages\engines-py\.pdb_cache\2ITN,A
2702,ThermoMPNN,2ITN,2.096947431564331,135,R,D,F:\GENESIS Studio\genesis-studio\packages\engines-py\.pdb_cache\2ITN,A
2703,ThermoMPNN,2ITN,1.0272499322891235,135,R,E,F:\GENESIS Studio\genesis-studio\packages\engines-py\.pdb_cache\2ITN,A
2704,ThermoMPNN,2ITN,0.6961338520050049,135,R,F,F:\GENESIS Studio\genesis-studio\packages\engines-py\.pdb_cache\2ITN,A
2705,ThermoMPNN,2ITN,1.827362298965454,135,R,G,F:\GENESIS Studio\genesis-studio\packages\engines-py\.pdb_cache\2ITN,A
2706,ThermoMPNN,2ITN,0.9045498371124268,135,R,H,F:\GENESIS Studio\genesis-studio\packages\engines-py\.pdb_cache\2ITN,A
2707,ThermoMPNN,2ITN,0.05567729473114014,135,R,I,F:\GENESIS Studio\genesis-studio\packages\engines-py\.pdb_cache\2ITN,A
2708,ThermoMPNN,2ITN,0.21960675716400146,135,R,K,F:\GENESIS Studio\genesis-studio\packages\engines-py\.pdb_cache\2ITN,A
2709,ThermoMPNN,2ITN,-0.2991558313369751,135,R,L,F:\GENESIS Studio\genesis-studio\packages\engines-py\.pdb_cache\2ITN,A
2710,ThermoMPNN,2ITN,-0.07142007350921631,135,R,M,F:\GENESIS Studio\genesis-studio\packages\engines-py\.pdb_cache\2ITN,A
2711,ThermoMPNN,2ITN,1.3950600624084473,135,R,N,F:\GENESIS Studio\genesis-studio\packages\engines-py\.pdb_cache\2ITN,A
2712,ThermoMPNN,2ITN,2.5558242797851562,135,R,P,F:\GENESIS Studio\genesis-studio\packages\engines-py\.pdb_cache\2ITN,A
2713,ThermoMPNN,2ITN,0.4907330274581909,135,R,Q,F:\GENESIS Studio\genesis-studio\packages\engines-py\.pdb_cache\2ITN,A
2714,ThermoMPNN,2ITN,0.0,135,R,R,F:\GENESIS Studio\genesis-studio\packages\engines-py\.pdb_cache\2ITN,A
2715,ThermoMPNN,2ITN,1.2279337644577026,135,R,S,F:\GENESIS Studio\genesis-studio\packages\engines-py\.pdb_cache\2ITN,A
2716,ThermoMPNN,2ITN,1.1031838655471802,135,R,T,F:\GENESIS Studio\genesis-studio\packages\engines-py\.pdb_cache\2ITN,A
2717,ThermoMPNN,2ITN,0.45279502868652344,135,R,V,F:\GENESIS Studio\genesis-studio\packages\engines-py\.pdb_cache\2ITN,A
2718,ThermoMPNN,2ITN,0.5925024151802063,135,R,W,F:\GENESIS Studio\genesis-studio\packages\engines-py\.pdb_cache\2ITN,A
2719,ThermoMPNN,2ITN,0.629345178604126,135,R,Y,F:\GENESIS Studio\genesis-studio\packages\engines-py\.pdb_cache\2ITN,A
2720,ThermoMPNN,2ITN,0.5308064818382263,136,R,A,F:\GENESIS Studio\genesis-studio\packages\engines-py\.pdb_cache\2ITN,A
2721,ThermoMPNN,2ITN,0.23794400691986084,136,R,C,F:\GENESIS Studio\genesis-studio\packages\engines-py\.pdb_cache\2ITN,A
2722,ThermoMPNN,2ITN,1.0901883840560913,136,R,D,F:\GENESIS Studio\genesis-studio\packages\engines-py\.pdb_cache\2ITN,A
2723,ThermoMPNN,2ITN,1.1883364915847778,136,R,E,F:\GENESIS Studio\genesis-studio\packages\engines-py\.pdb_cache\2ITN,A
2724,ThermoMPNN,2ITN,0.5916550159454346,136,R,F,F:\GENESIS Studio\genesis-studio\packages\engines-py\.pdb_cache\2ITN,A
2725,ThermoMPNN,2ITN,0.41897547245025635,136,R,G,F:\GENESIS Studio\genesis-studio\packages\engines-py\.pdb_cache\2ITN,A
2726,ThermoMPNN,2ITN,0.2507624626159668,136,R,H,F:\GENESIS Studio\genesis-studio\packages\engines-py\.pdb_cache\2ITN,A
2727,ThermoMPNN,2ITN,1.3853651285171509,136,R,I,F:\GENESIS Studio\genesis-studio\packages\engines-py\.pdb_cache\2ITN,A
2728,ThermoMPNN,2ITN,0.1068563461303711,136,R,K,F:\GENESIS Studio\genesis-studio\packages\engines-py\.pdb_cache\2ITN,A
2729,ThermoMPNN,2ITN,0.47483599185943604,136,R,L,F:\GENESIS Studio\genesis-studio\packages\engines-py\.pdb_cache\2ITN,A
2730,ThermoMPNN,2ITN,0.41681957244873047,136,R,M,F:\GENESIS Studio\genesis-studio\packages\engines-py\.pdb_cache\2ITN,A
2731,ThermoMPNN,2ITN,0.11432790756225586,136,R,N,F:\GENESIS Studio\genesis-studio\packages\engines-py\.pdb_cache\2ITN,A
2732,ThermoMPNN,2ITN,2.258312463760376,136,R,P,F:\GENESIS Studio\genesis-studio\packages\engines-py\.pdb_cache\2ITN,A
2733,ThermoMPNN,2ITN,0.4196956157684326,136,R,Q,F:\GENESIS Studio\genesis-studio\packages\engines-py\.pdb_cache\2ITN,A
2734,ThermoMPNN,2ITN,0.0,136,R,R,F:\GENESIS Studio\genesis-studio\packages\engines-py\.pdb_cache\2ITN,A
2735,ThermoMPNN,2ITN,0.581587016582489,136,R,S,F:\GENESIS Studio\genesis-studio\packages\engines-py\.pdb_cache\2ITN,A
2736,ThermoMPNN,2ITN,1.26015043258667,136,R,T,F:\GENESIS Studio\genesis-studio\packages\engines-py\.pdb_cache\2ITN,A
2737,ThermoMPNN,2ITN,1.3451491594314575,136,R,V,F:\GENESIS Studio\genesis-studio\packages\engines-py\.pdb_cache\2ITN,A
2738,ThermoMPNN,2ITN,0.9258561134338379,136,R,W,F:\GENESIS Studio\genesis-studio\packages\engines-py\.pdb_cache\2ITN,A
2739,ThermoMPNN,2ITN,0.8782968521118164,136,R,Y,F:\GENESIS Studio\genesis-studio\packages\engines-py\.pdb_cache\2ITN,A
2740,ThermoMPNN,2ITN,1.895747184753418,137,L,A,F:\GENESIS Studio\genesis-studio\packages\engines-py\.pdb_cache\2ITN,A
2741,ThermoMPNN,2ITN,1.1877472400665283,137,L,C,F:\GENESIS Studio\genesis-studio\packages\engines-py\.pdb_cache\2ITN,A
2742,ThermoMPNN,2ITN,2.779749870300293,137,L,D,F:\GENESIS Studio\genesis-studio\packages\engines-py\.pdb_cache\2ITN,A
2743,ThermoMPNN,2ITN,2.5892064571380615,137,L,E,F:\GENESIS Studio\genesis-studio\packages\engines-py\.pdb_cache\2ITN,A
2744,ThermoMPNN,2ITN,0.5681984424591064,137,L,F,F:\GENESIS Studio\genesis-studio\packages\engines-py\.pdb_cache\2ITN,A
2745,ThermoMPNN,2ITN,2.6632306575775146,137,L,G,F:\GENESIS Studio\genesis-studio\packages\engines-py\.pdb_cache\2ITN,A
2746,ThermoMPNN,2ITN,2.134006977081299,137,L,H,F:\GENESIS Studio\genesis-studio\packages\engines-py\.pdb_cache\2ITN,A
2747,ThermoMPNN,2ITN,-0.5322258472442627,137,L,I,F:\GENESIS Studio\genesis-studio\packages\engines-py\.pdb_cache\2ITN,A
2748,ThermoMPNN,2ITN,2.161004066467285,137,L,K,F:\GENESIS Studio\genesis-studio\packages\engines-py\.pdb_cache\2ITN,A
2749,ThermoMPNN,2ITN,0.0,137,L,L,F:\GENESIS Studio\genesis-studio\packages\engines-py\.pdb_cache\2ITN,A
2750,ThermoMPNN,2ITN,0.713810920715332,137,L,M,F:\GENESIS Studio\genesis-studio\packages\engines-py\.pdb_cache\2ITN,A
2751,ThermoMPNN,2ITN,2.4864253997802734,137,L,N,F:\GENESIS Studio\genesis-studio\packages\engines-py\.pdb_cache\2ITN,A
2752,ThermoMPNN,2ITN,2.4965615272521973,137,L,P,F:\GENESIS Studio\genesis-studio\packages\engines-py\.pdb_cache\2ITN,A
2753,ThermoMPNN,2ITN,2.3669097423553467,137,L,Q,F:\GENESIS Studio\genesis-studio\packages\engines-py\.pdb_cache\2ITN,A
2754,ThermoMPNN,2ITN,2.143273115158081,137,L,R,F:\GENESIS Studio\genesis-studio\packages\engines-py\.pdb_cache\2ITN,A
2755,ThermoMPNN,2ITN,2.4888622760772705,137,L,S,F:\GENESIS Studio\genesis-studio\packages\engines-py\.pdb_cache\2ITN,A
2756,ThermoMPNN,2ITN,1.9356255531311035,137,L,T,F:\GENESIS Studio\genesis-studio\packages\engines-py\.pdb_cache\2ITN,A
2757,ThermoMPNN,2ITN,0.3929429054260254,137,L,V,F:\GENESIS Studio\genesis-studio\packages\engines-py\.pdb_cache\2ITN,A
2758,ThermoMPNN,2ITN,1.108632206916809,137,L,W,F:\GENESIS Studio\genesis-studio\packages\engines-py\.pdb_cache\2ITN,A
2759,ThermoMPNN,2ITN,1.006079912185669,137,L,Y,F:\GENESIS Studio\genesis-studio\packages\engines-py\.pdb_cache\2ITN,A
2760,ThermoMPNN,2ITN,2.4343490600585938,138,V,A,F:\GENESIS Studio\genesis-studio\packages\engines-py\.pdb_cache\2ITN,A
2761,ThermoMPNN,2ITN,1.4130218029022217,138,V,C,F:\GENESIS Studio\genesis-studio\packages\engines-py\.pdb_cache\2ITN,A
2762,ThermoMPNN,2ITN,3.1420979499816895,138,V,D,F:\GENESIS Studio\genesis-studio\packages\engines-py\.pdb_cache\2ITN,A
2763,ThermoMPNN,2ITN,3.0137150287628174,138,V,E,F:\GENESIS Studio\genesis-studio\packages\engines-py\.pdb_cache\2ITN,A
2764,ThermoMPNN,2ITN,2.0724806785583496,138,V,F,F:\GENESIS Studio\genesis-studio\packages\engines-py\.pdb_cache\2ITN,A
2765,ThermoMPNN,2ITN,3.0040500164031982,138,V,G,F:\GENESIS Studio\genesis-studio\packages\engines-py\.pdb_cache\2ITN,A
2766,ThermoMPNN,2ITN,3.004002571105957,138,V,H,F:\GENESIS Studio\genesis-studio\packages\engines-py\.pdb_cache\2ITN,A
2767,ThermoMPNN,2ITN,-0.10193443298339844,138,V,I,F:\GENESIS Studio\genesis-studio\packages\engines-py\.pdb_cache\2ITN,A
2768,ThermoMPNN,2ITN,2.7877213954925537,138,V,K,F:\GENESIS Studio\genesis-studio\packages\engines-py\.pdb_cache\2ITN,A
2769,ThermoMPNN,2ITN,0.921422004699707,138,V,L,F:\GENESIS Studio\genesis-studio\packages\engines-py\.pdb_cache\2ITN,A
2770,ThermoMPNN,2ITN,1.7373193502426147,138,V,M,F:\GENESIS Studio\genesis-studio\packages\engines-py\.pdb_cache\2ITN,A
2771,ThermoMPNN,2ITN,3.0048534870147705,138,V,N,F:\GENESIS Studio\genesis-studio\packages\engines-py\.pdb_cache\2ITN,A
2772,ThermoMPNN,2ITN,2.787201404571533,138,V,P,F:\GENESIS Studio\genesis-studio\packages\engines-py\.pdb_cache\2ITN,A
2773,ThermoMPNN,2ITN,2.9044699668884277,138,V,Q,F:\GENESIS Studio\genesis-studio\packages\engines-py\.pdb_cache\2ITN,A
2774,ThermoMPNN,2ITN,2.837716579437256,138,V,R,F:\GENESIS Studio\genesis-studio\packages\engines-py\.pdb_cache\2ITN,A
2775,ThermoMPNN,2ITN,2.850820302963257,138,V,S,F:\GENESIS Studio\genesis-studio\packages\engines-py\.pdb_cache\2ITN,A
2776,ThermoMPNN,2ITN,2.1398391723632812,138,V,T,F:\GENESIS Studio\genesis-studio\packages\engines-py\.pdb_cache\2ITN,A
2777,ThermoMPNN,2ITN,0.0,138,V,V,F:\GENESIS Studio\genesis-studio\packages\engines-py\.pdb_cache\2ITN,A
2778,ThermoMPNN,2ITN,2.503340721130371,138,V,W,F:\GENESIS Studio\genesis-studio\packages\engines-py\.pdb_cache\2ITN,A
2779,ThermoMPNN,2ITN,2.5276615619659424,138,V,Y,F:\GENESIS Studio\genesis-studio\packages\engines-py\.pdb_cache\2ITN,A
2780,ThermoMPNN,2ITN,1.5442583560943604,139,H,A,F:\GENESIS Studio\genesis-studio\packages\engines-py\.pdb_cache\2ITN,A
2781,ThermoMPNN,2ITN,0.7651675939559937,139,H,C,F:\GENESIS Studio\genesis-studio\packages\engines-py\.pdb_cache\2ITN,A
2782,ThermoMPNN,2ITN,2.2149295806884766,139,H,D,F:\GENESIS Studio\genesis-studio\packages\engines-py\.pdb_cache\2ITN,A
2783,ThermoMPNN,2ITN,2.4875099658966064,139,H,E,F:\GENESIS Studio\genesis-studio\packages\engines-py\.pdb_cache\2ITN,A
2784,ThermoMPNN,2ITN,0.8375537395477295,139,H,F,F:\GENESIS Studio\genesis-studio\packages\engines-py\.pdb_cache\2ITN,A
2785,ThermoMPNN,2ITN,2.051217555999756,139,H,G,F:\GENESIS Studio\genesis-studio\packages\engines-py\.pdb_cache\2ITN,A
2786,ThermoMPNN,2ITN,0.0,139,H,H,F:\GENESIS Studio\genesis-studio\packages\engines-py\.pdb_cache\2ITN,A
2787,ThermoMPNN,2ITN,0.9561360478401184,139,H,I,F:\GENESIS Studio\genesis-studio\packages\engines-py\.pdb_cache\2ITN,A
2788,ThermoMPNN,2ITN,1.0875921249389648,139,H,K,F:\GENESIS Studio\genesis-studio\packages\engines-py\.pdb_cache\2ITN,A
2789,ThermoMPNN,2ITN,0.7617597579956055,139,H,L,F:\GENESIS Studio\genesis-studio\packages\engines-py\.pdb_cache\2ITN,A
2790,ThermoMPNN,2ITN,1.0561164617538452,139,H,M,F:\GENESIS Studio\genesis-studio\packages\engines-py\.pdb_cache\2ITN,A
2791,ThermoMPNN,2ITN,0.8518512845039368,139,H,N,F:\GENESIS Studio\genesis-studio\packages\engines-py\.pdb_cache\2ITN,A
2792,ThermoMPNN,2ITN,1.6193666458129883,139,H,P,F:\GENESIS Studio\genesis-studio\packages\engines-py\.pdb_cache\2ITN,A
2793,ThermoMPNN,2ITN,1.4379748106002808,139,H,Q,F:\GENESIS Studio\genesis-studio\packages\engines-py\.pdb_cache\2ITN,A
2794,ThermoMPNN,2ITN,0.9207286238670349,139,H,R,F:\GENESIS Studio\genesis-studio\packages\engines-py\.pdb_cache\2ITN,A
2795,ThermoMPNN,2ITN,1.5184288024902344,139,H,S,F:\GENESIS Studio\genesis-studio\packages\engines-py\.pdb_cache\2ITN,A
2796,ThermoMPNN,2ITN,1.922945261001587,139,H,T,F:\GENESIS Studio\genesis-studio\packages\engines-py\.pdb_cache\2ITN,A
2797,ThermoMPNN,2ITN,1.376845121383667,139,H,V,F:\GENESIS Studio\genesis-studio\packages\engines-py\.pdb_cache\2ITN,A
2798,ThermoMPNN,2ITN,1.190251350402832,139,H,W,F:\GENESIS Studio\genesis-studio\packages\engines-py\.pdb_cache\2ITN,A
2799,ThermoMPNN,2ITN,0.42030584812164307,139,H,Y,F:\GENESIS Studio\genesis-studio\packages\engines-py\.pdb_cache\2ITN,A
2800,ThermoMPNN,2ITN,1.1944992542266846,140,R,A,F:\GENESIS Studio\genesis-studio\packages\engines-py\.pdb_cache\2ITN,A
2801,ThermoMPNN,2ITN,0.9963504672050476,140,R,C,F:\GENESIS Studio\genesis-studio\packages\engines-py\.pdb_cache\2ITN,A
2802,ThermoMPNN,2ITN,2.4030635356903076,140,R,D,F:\GENESIS Studio\genesis-studio\packages\engines-py\.pdb_cache\2ITN,A
2803,ThermoMPNN,2ITN,2.1744518280029297,140,R,E,F:\GENESIS Studio\genesis-studio\packages\engines-py\.pdb_cache\2ITN,A
2804,ThermoMPNN,2ITN,1.1123619079589844,140,R,F,F:\GENESIS Studio\genesis-studio\packages\engines-py\.pdb_cache\2ITN,A
2805,ThermoMPNN,2ITN,1.3599891662597656,140,R,G,F:\GENESIS Studio\genesis-studio\packages\engines-py\.pdb_cache\2ITN,A
2806,ThermoMPNN,2ITN,1.28483247756958,140,R,H,F:\GENESIS Studio\genesis-studio\packages\engines-py\.pdb_cache\2ITN,A
2807,ThermoMPNN,2ITN,1.6198687553405762,140,R,I,F:\GENESIS Studio\genesis-studio\packages\engines-py\.pdb_cache\2ITN,A
2808,ThermoMPNN,2ITN,0.5887336730957031,140,R,K,F:\GENESIS Studio\genesis-studio\packages\engines-py\.pdb_cache\2ITN,A
2809,ThermoMPNN,2ITN,0.7513936758041382,140,R,L,F:\GENESIS Studio\genesis-studio\packages\engines-py\.pdb_cache\2ITN,A
2810,ThermoMPNN,2ITN,0.9685349464416504,140,R,M,F:\GENESIS Studio\genesis-studio\packages\engines-py\.pdb_cache\2ITN,A
2811,ThermoMPNN,2ITN,1.5016793012619019,140,R,N,F:\GENESIS Studio\genesis-studio\packages\engines-py\.pdb_cache\2ITN,A
2812,ThermoMPNN,2ITN,2.7680346965789795,140,R,P,F:\GENESIS Studio\genesis-studio\packages\engines-py\.pdb_cache\2ITN,A
2813,ThermoMPNN,2ITN,1.3411067724227905,140,R,Q,F:\GENESIS Studio\genesis-studio\packages\engines-py\.pdb_cache\2ITN,A
2814,ThermoMPNN,2ITN,0.0,140,R,R,F:\GENESIS Studio\genesis-studio\packages\engines-py\.pdb_cache\2ITN,A
2815,ThermoMPNN,2ITN,1.6717954874038696,140,R,S,F:\GENESIS Studio\genesis-studio\packages\engines-py\.pdb_cache\2ITN,A
2816,ThermoMPNN,2ITN,1.4716095924377441,140,R,T,F:\GENESIS Studio\genesis-studio\packages\engines-py\.pdb_cache\2ITN,A
2817,ThermoMPNN,2ITN,1.4217431545257568,140,R,V,F:\GENESIS Studio\genesis-studio\packages\engines-py\.pdb_cache\2ITN,A
2818,ThermoMPNN,2ITN,1.643679141998291,140,R,W,F:\GENESIS Studio\genesis-studio\packages\engines-py\.pdb_cache\2ITN,A
2819,ThermoMPNN,2ITN,1.4149049520492554,140,R,Y,F:\GENESIS Studio\genesis-studio\packages\engines-py\.pdb_cache\2ITN,A
2820,ThermoMPNN,2ITN,0.21143054962158203,141,D,A,F:\GENESIS Studio\genesis-studio\packages\engines-py\.pdb_cache\2ITN,A
2821,ThermoMPNN,2ITN,0.1800318956375122,141,D,C,F:\GENESIS Studio\genesis-studio\packages\engines-py\.pdb_cache\2ITN,A
2822,ThermoMPNN,2ITN,0.0,141,D,D,F:\GENESIS Studio\genesis-studio\packages\engines-py\.pdb_cache\2ITN,A
2823,ThermoMPNN,2ITN,0.6458402276039124,141,D,E,F:\GENESIS Studio\genesis-studio\packages\engines-py\.pdb_cache\2ITN,A
2824,ThermoMPNN,2ITN,0.2623059153556824,141,D,F,F:\GENESIS Studio\genesis-studio\packages\engines-py\.pdb_cache\2ITN,A
2825,ThermoMPNN,2ITN,0.549641489982605,141,D,G,F:\GENESIS Studio\genesis-studio\packages\engines-py\.pdb_cache\2ITN,A
2826,ThermoMPNN,2ITN,0.6169414520263672,141,D,H,F:\GENESIS Studio\genesis-studio\packages\engines-py\.pdb_cache\2ITN,A
2827,ThermoMPNN,2ITN,0.47161781787872314,141,D,I,F:\GENESIS Studio\genesis-studio\packages\engines-py\.pdb_cache\2ITN,A
2828,ThermoMPNN,2ITN,0.649458646774292,141,D,K,F:\GENESIS Studio\genesis-studio\packages\engines-py\.pdb_cache\2ITN,A
2829,ThermoMPNN,2ITN,0.48693835735321045,141,D,L,F:\GENESIS Studio\genesis-studio\packages\engines-py\.pdb_cache\2ITN,A
2830,ThermoMPNN,2ITN,0.5116390585899353,141,D,M,F:\GENESIS Studio\genesis-studio\packages\engines-py\.pdb_cache\2ITN,A
2831,ThermoMPNN,2ITN,0.5963482856750488,141,D,N,F:\GENESIS Studio\genesis-studio\packages\engines-py\.pdb_cache\2ITN,A
2832,ThermoMPNN,2ITN,1.0243256092071533,141,D,P,F:\GENESIS Studio\genesis-studio\packages\engines-py\.pdb_cache\2ITN,A
2833,ThermoMPNN,2ITN,0.6000949740409851,141,D,Q,F:\GENESIS Studio\genesis-studio\packages\engines-py\.pdb_cache\2ITN,A
2834,ThermoMPNN,2ITN,0.627662718296051,141,D,R,F:\GENESIS Studio\genesis-studio\packages\engines-py\.pdb_cache\2ITN,A
2835,ThermoMPNN,2ITN,0.39074671268463135,141,D,S,F:\GENESIS Studio\genesis-studio\packages\engines-py\.pdb_cache\2ITN,A
2836,ThermoMPNN,2ITN,0.6180882453918457,141,D,T,F:\GENESIS Studio\genesis-studio\packages\engines-py\.pdb_cache\2ITN,A
2837,ThermoMPNN,2ITN,0.49969178438186646,141,D,V,F:\GENESIS Studio\genesis-studio\packages\engines-py\.pdb_cache\2ITN,A
2838,ThermoMPNN,2ITN,0.2088155746459961,141,D,W,F:\GENESIS Studio\genesis-studio\packages\engines-py\.pdb_cache\2ITN,A
2839,ThermoMPNN,2ITN,0.3446369767189026,141,D,Y,F:\GENESIS Studio\genesis-studio\packages\engines-py\.pdb_cache\2ITN,A
2840,ThermoMPNN,2ITN,2.375544309616089,142,L,A,F:\GENESIS Studio\genesis-studio\packages\engines-py\.pdb_cache\2ITN,A
2841,ThermoMPNN,2ITN,1.4590270519256592,142,L,C,F:\GENESIS Studio\genesis-studio\packages\engines-py\.pdb_cache\2ITN,A
2842,ThermoMPNN,2ITN,2.6262943744659424,142,L,D,F:\GENESIS Studio\genesis-studio\packages\engines-py\.pdb_cache\2ITN,A
2843,ThermoMPNN,2ITN,2.7705206871032715,142,L,E,F:\GENESIS Studio\genesis-studio\packages\engines-py\.pdb_cache\2ITN,A
2844,ThermoMPNN,2ITN,1.085125207901001,142,L,F,F:\GENESIS Studio\genesis-studio\packages\engines-py\.pdb_cache\2ITN,A
2845,ThermoMPNN,2ITN,2.965381383895874,142,L,G,F:\GENESIS Studio\genesis-studio\packages\engines-py\.pdb_cache\2ITN,A
2846,ThermoMPNN,2ITN,2.7664499282836914,142,L,H,F:\GENESIS Studio\genesis-studio\packages\engines-py\.pdb_cache\2ITN,A
2847,ThermoMPNN,2ITN,0.3586125373840332,142,L,I,F:\GENESIS Studio\genesis-studio\packages\engines-py\.pdb_cache\2ITN,A
2848,ThermoMPNN,2ITN,2.861576795578003,142,L,K,F:\GENESIS Studio\genesis-studio\packages\engines-py\.pdb_cache\2ITN,A
2849,ThermoMPNN,2ITN,0.0,142,L,L,F:\GENESIS Studio\genesis-studio\packages\engines-py\.pdb_cache\2ITN,A
2850,ThermoMPNN,2ITN,0.964714765548706,142,L,M,F:\GENESIS Studio\genesis-studio\packages\engines-py\.pdb_cache\2ITN,A
2851,ThermoMPNN,2ITN,2.844351291656494,142,L,N,F:\GENESIS Studio\genesis-studio\packages\engines-py\.pdb_cache\2ITN,A
2852,ThermoMPNN,2ITN,2.203400135040283,142,L,P,F:\GENESIS Studio\genesis-studio\packages\engines-py\.pdb_cache\2ITN,A
2853,ThermoMPNN,2ITN,2.864975929260254,142,L,Q,F:\GENESIS Studio\genesis-studio\packages\engines-py\.pdb_cache\2ITN,A
2854,ThermoMPNN,2ITN,2.971637010574341,142,L,R,F:\GENESIS Studio\genesis-studio\packages\engines-py\.pdb_cache\2ITN,A
2855,ThermoMPNN,2ITN,2.7061216831207275,142,L,S,F:\GENESIS Studio\genesis-studio\packages\engines-py\.pdb_cache\2ITN,A
2856,ThermoMPNN,2ITN,2.3621726036071777,142,L,T,F:\GENESIS Studio\genesis-studio\packages\engines-py\.pdb_cache\2ITN,A
2857,ThermoMPNN,2ITN,0.9285980463027954,142,L,V,F:\GENESIS Studio\genesis-studio\packages\engines-py\.pdb_cache\2ITN,A
2858,ThermoMPNN,2ITN,2.049043893814087,142,L,W,F:\GENESIS Studio\genesis-studio\packages\engines-py\.pdb_cache\2ITN,A
2859,ThermoMPNN,2ITN,1.982652187347412,142,L,Y,F:\GENESIS Studio\genesis-studio\packages\engines-py\.pdb_cache\2ITN,A
2860,ThermoMPNN,2ITN,0.0,143,A,A,F:\GENESIS Studio\genesis-studio\packages\engines-py\.pdb_cache\2ITN,A
2861,ThermoMPNN,2ITN,0.48420190811157227,143,A,C,F:\GENESIS Studio\genesis-studio\packages\engines-py\.pdb_cache\2ITN,A
2862,ThermoMPNN,2ITN,2.208503246307373,143,A,D,F:\GENESIS Studio\genesis-studio\packages\engines-py\.pdb_cache\2ITN,A
2863,ThermoMPNN,2ITN,1.3886103630065918,143,A,E,F:\GENESIS Studio\genesis-studio\packages\engines-py\.pdb_cache\2ITN,A
2864,ThermoMPNN,2ITN,1.351996660232544,143,A,F,F:\GENESIS Studio\genesis-studio\packages\engines-py\.pdb_cache\2ITN,A
2865,ThermoMPNN,2ITN,1.0217889547348022,143,A,G,F:\GENESIS Studio\genesis-studio\packages\engines-py\.pdb_cache\2ITN,A
2866,ThermoMPNN,2ITN,0.6614192128181458,143,A,H,F:\GENESIS Studio\genesis-studio\packages\engines-py\.pdb_cache\2ITN,A
2867,ThermoMPNN,2ITN,1.1379281282424927,143,A,I,F:\GENESIS Studio\genesis-studio\packages\engines-py\.pdb_cache\2ITN,A
2868,ThermoMPNN,2ITN,-0.04466056823730469,143,A,K,F:\GENESIS Studio\genesis-studio\packages\engines-py\.pdb_cache\2ITN,A
2869,ThermoMPNN,2ITN,1.3455111980438232,143,A,L,F:\GENESIS Studio\genesis-studio\packages\engines-py\.pdb_cache\2ITN,A
2870,ThermoMPNN,2ITN,0.870353102684021,143,A,M,F:\GENESIS Studio\genesis-studio\packages\engines-py\.pdb_cache\2ITN,A
2871,ThermoMPNN,2ITN,1.2351274490356445,143,A,N,F:\GENESIS Studio\genesis-studio\packages\engines-py\.pdb_cache\2ITN,A
2872,ThermoMPNN,2ITN,1.041130781173706,143,A,P,F:\GENESIS Studio\genesis-studio\packages\engines-py\.pdb_cache\2ITN,A
2873,ThermoMPNN,2ITN,0.38813817501068115,143,A,Q,F:\GENESIS Studio\genesis-studio\packages\engines-py\.pdb_cache\2ITN,A
2874,ThermoMPNN,2ITN,0.10616350173950195,143,A,R,F:\GENESIS Studio\genesis-studio\packages\engines-py\.pdb_cache\2ITN,A
2875,ThermoMPNN,2ITN,0.44658708572387695,143,A,S,F:\GENESIS Studio\genesis-studio\packages\engines-py\.pdb_cache\2ITN,A
2876,ThermoMPNN,2ITN,1.1996320486068726,143,A,T,F:\GENESIS Studio\genesis-studio\packages\engines-py\.pdb_cache\2ITN,A
2877,ThermoMPNN,2ITN,1.2489975690841675,143,A,V,F:\GENESIS Studio\genesis-studio\packages\engines-py\.pdb_cache\2ITN,A
2878,ThermoMPNN,2ITN,1.3435789346694946,143,A,W,F:\GENESIS Studio\genesis-studio\packages\engines-py\.pdb_cache\2ITN,A
2879,ThermoMPNN,2ITN,1.1781764030456543,143,A,Y,F:\GENESIS Studio\genesis-studio\packages\engines-py\.pdb_cache\2ITN,A
2880,ThermoMPNN,2ITN,0.0,144,A,A,F:\GENESIS Studio\genesis-studio\packages\engines-py\.pdb_cache\2ITN,A
2881,ThermoMPNN,2ITN,0.12110686302185059,144,A,C,F:\GENESIS Studio\genesis-studio\packages\engines-py\.pdb_cache\2ITN,A
2882,ThermoMPNN,2ITN,1.7151985168457031,144,A,D,F:\GENESIS Studio\genesis-studio\packages\engines-py\.pdb_cache\2ITN,A
2883,ThermoMPNN,2ITN,1.918245792388916,144,A,E,F:\GENESIS Studio\genesis-studio\packages\engines-py\.pdb_cache\2ITN,A
2884,ThermoMPNN,2ITN,1.2251527309417725,144,A,F,F:\GENESIS Studio\genesis-studio\packages\engines-py\.pdb_cache\2ITN,A
2885,ThermoMPNN,2ITN,0.9268213510513306,144,A,G,F:\GENESIS Studio\genesis-studio\packages\engines-py\.pdb_cache\2ITN,A
2886,ThermoMPNN,2ITN,1.6129522323608398,144,A,H,F:\GENESIS Studio\genesis-studio\packages\engines-py\.pdb_cache\2ITN,A
2887,ThermoMPNN,2ITN,0.48844265937805176,144,A,I,F:\GENESIS Studio\genesis-studio\packages\engines-py\.pdb_cache\2ITN,A
2888,ThermoMPNN,2ITN,1.8727290630340576,144,A,K,F:\GENESIS Studio\genesis-studio\packages\engines-py\.pdb_cache\2ITN,A
2889,ThermoMPNN,2ITN,0.2062397003173828,144,A,L,F:\GENESIS Studio\genesis-studio\packages\engines-py\.pdb_cache\2ITN,A
2890,ThermoMPNN,2ITN,0.6076655387878418,144,A,M,F:\GENESIS Studio\genesis-studio\packages\engines-py\.pdb_cache\2ITN,A
2891,ThermoMPNN,2ITN,1.3184945583343506,144,A,N,F:\GENESIS Studio\genesis-studio\packages\engines-py\.pdb_cache\2ITN,A
2892,ThermoMPNN,2ITN,1.8638510704040527,144,A,P,F:\GENESIS Studio\genesis-studio\packages\engines-py\.pdb_cache\2ITN,A
2893,ThermoMPNN,2ITN,1.675999641418457,144,A,Q,F:\GENESIS Studio\genesis-studio\packages\engines-py\.pdb_cache\2ITN,A
2894,ThermoMPNN,2ITN,1.8500502109527588,144,A,R,F:\GENESIS Studio\genesis-studio\packages\engines-py\.pdb_cache\2ITN,A
2895,ThermoMPNN,2ITN,0.5047388076782227,144,A,S,F:\GENESIS Studio\genesis-studio\packages\engines-py\.pdb_cache\2ITN,A
2896,ThermoMPNN,2ITN,0.3807501792907715,144,A,T,F:\GENESIS Studio\genesis-studio\packages\engines-py\.pdb_cache\2ITN,A
2897,ThermoMPNN,2ITN,0.4484403133392334,144,A,V,F:\GENESIS Studio\genesis-studio\packages\engines-py\.pdb_cache\2ITN,A
2898,ThermoMPNN,2ITN,1.2541289329528809,144,A,W,F:\GENESIS Studio\genesis-studio\packages\engines-py\.pdb_cache\2ITN,A
2899,ThermoMPNN,2ITN,1.236687183380127,144,A,Y,F:\GENESIS Studio\genesis-studio\packages\engines-py\.pdb_cache\2ITN,A
2900,ThermoMPNN,2ITN,0.01203465461730957,145,R,A,F:\GENESIS Studio\genesis-studio\packages\engines-py\.pdb_cache\2ITN,A
2901,ThermoMPNN,2ITN,0.28417080640792847,145,R,C,F:\GENESIS Studio\genesis-studio\packages\engines-py\.pdb_cache\2ITN,A
2902,ThermoMPNN,2ITN,0.7424296140670776,145,R,D,F:\GENESIS Studio\genesis-studio\packages\engines-py\.pdb_cache\2ITN,A
2903,ThermoMPNN,2ITN,0.35772979259490967,145,R,E,F:\GENESIS Studio\genesis-studio\packages\engines-py\.pdb_cache\2ITN,A
2904,ThermoMPNN,2ITN,0.5914978981018066,145,R,F,F:\GENESIS Studio\genesis-studio\packages\engines-py\.pdb_cache\2ITN,A
2905,ThermoMPNN,2ITN,0.11458134651184082,145,R,G,F:\GENESIS Studio\genesis-studio\packages\engines-py\.pdb_cache\2ITN,A
2906,ThermoMPNN,2ITN,0.0617527961730957,145,R,H,F:\GENESIS Studio\genesis-studio\packages\engines-py\.pdb_cache\2ITN,A
2907,ThermoMPNN,2ITN,1.105107069015503,145,R,I,F:\GENESIS Studio\genesis-studio\packages\engines-py\.pdb_cache\2ITN,A
2908,ThermoMPNN,2ITN,0.19691675901412964,145,R,K,F:\GENESIS Studio\genesis-studio\packages\engines-py\.pdb_cache\2ITN,A
2909,ThermoMPNN,2ITN,1.1136581897735596,145,R,L,F:\GENESIS Studio\genesis-studio\packages\engines-py\.pdb_cache\2ITN,A
2910,ThermoMPNN,2ITN,0.7061251401901245,145,R,M,F:\GENESIS Studio\genesis-studio\packages\engines-py\.pdb_cache\2ITN,A
2911,ThermoMPNN,2ITN,0.6245418787002563,145,R,N,F:\GENESIS Studio\genesis-studio\packages\engines-py\.pdb_cache\2ITN,A
2912,ThermoMPNN,2ITN,1.3808095455169678,145,R,P,F:\GENESIS Studio\genesis-studio\packages\engines-py\.pdb_cache\2ITN,A
2913,ThermoMPNN,2ITN,0.19297504425048828,145,R,Q,F:\GENESIS Studio\genesis-studio\packages\engines-py\.pdb_cache\2ITN,A
2914,ThermoMPNN,2ITN,0.0,145,R,R,F:\GENESIS Studio\genesis-studio\packages\engines-py\.pdb_cache\2ITN,A
2915,ThermoMPNN,2ITN,0.24679070711135864,145,R,S,F:\GENESIS Studio\genesis-studio\packages\engines-py\.pdb_cache\2ITN,A
2916,ThermoMPNN,2ITN,0.6693940162658691,145,R,T,F:\GENESIS Studio\genesis-studio\packages\engines-py\.pdb_cache\2ITN,A
2917,ThermoMPNN,2ITN,1.0657291412353516,145,R,V,F:\GENESIS Studio\genesis-studio\packages\engines-py\.pdb_cache\2ITN,A
2918,ThermoMPNN,2ITN,0.4709430932998657,145,R,W,F:\GENESIS Studio\genesis-studio\packages\engines-py\.pdb_cache\2ITN,A
2919,ThermoMPNN,2ITN,0.18656766414642334,145,R,Y,F:\GENESIS Studio\genesis-studio\packages\engines-py\.pdb_cache\2ITN,A
2920,ThermoMPNN,2ITN,0.697303295135498,146,N,A,F:\GENESIS Studio\genesis-studio\packages\engines-py\.pdb_cache\2ITN,A
2921,ThermoMPNN,2ITN,0.40011703968048096,146,N,C,F:\GENESIS Studio\genesis-studio\packages\engines-py\.pdb_cache\2ITN,A
2922,ThermoMPNN,2ITN,1.0974372625350952,146,N,D,F:\GENESIS Studio\genesis-studio\packages\engines-py\.pdb_cache\2ITN,A
2923,ThermoMPNN,2ITN,1.2966370582580566,146,N,E,F:\GENESIS Studio\genesis-studio\packages\engines-py\.pdb_cache\2ITN,A
2924,ThermoMPNN,2ITN,1.0663418769836426,146,N,F,F:\GENESIS Studio\genesis-studio\packages\engines-py\.pdb_cache\2ITN,A
2925,ThermoMPNN,2ITN,1.130713701248169,146,N,G,F:\GENESIS Studio\genesis-studio\packages\engines-py\.pdb_cache\2ITN,A
2926,ThermoMPNN,2ITN,0.4623112678527832,146,N,H,F:\GENESIS Studio\genesis-studio\packages\engines-py\.pdb_cache\2ITN,A
2927,ThermoMPNN,2ITN,1.439725637435913,146,N,I,F:\GENESIS Studio\genesis-studio\packages\engines-py\.pdb_cache\2ITN,A
2928,ThermoMPNN,2ITN,0.842068076133728,146,N,K,F:\GENESIS Studio\genesis-studio\packages\engines-py\.pdb_cache\2ITN,A
2929,ThermoMPNN,2ITN,0.9362584948539734,146,N,L,F:\GENESIS Studio\genesis-studio\packages\engines-py\.pdb_cache\2ITN,A
2930,ThermoMPNN,2ITN,0.8610744476318359,146,N,M,F:\GENESIS Studio\genesis-studio\packages\engines-py\.pdb_cache\2ITN,A
2931,ThermoMPNN,2ITN,0.0,146,N,N,F:\GENESIS Studio\genesis-studio\packages\engines-py\.pdb_cache\2ITN,A
2932,ThermoMPNN,2ITN,2.620500326156616,146,N,P,F:\GENESIS Studio\genesis-studio\packages\engines-py\.pdb_cache\2ITN,A
2933,ThermoMPNN,2ITN,0.9967983365058899,146,N,Q,F:\GENESIS Studio\genesis-studio\packages\engines-py\.pdb_cache\2ITN,A
2934,ThermoMPNN,2ITN,0.7580174803733826,146,N,R,F:\GENESIS Studio\genesis-studio\packages\engines-py\.pdb_cache\2ITN,A
2935,ThermoMPNN,2ITN,0.6443432569503784,146,N,S,F:\GENESIS Studio\genesis-studio\packages\engines-py\.pdb_cache\2ITN,A
2936,ThermoMPNN,2ITN,1.2126398086547852,146,N,T,F:\GENESIS Studio\genesis-studio\packages\engines-py\.pdb_cache\2ITN,A
2937,ThermoMPNN,2ITN,1.217003583908081,146,N,V,F:\GENESIS Studio\genesis-studio\packages\engines-py\.pdb_cache\2ITN,A
2938,ThermoMPNN,2ITN,1.249143123626709,146,N,W,F:\GENESIS Studio\genesis-studio\packages\engines-py\.pdb_cache\2ITN,A
2939,ThermoMPNN,2ITN,0.9702821373939514,146,N,Y,F:\GENESIS Studio\genesis-studio\packages\engines-py\.pdb_cache\2ITN,A
2940,ThermoMPNN,2ITN,1.90101158618927,147,V,A,F:\GENESIS Studio\genesis-studio\packages\engines-py\.pdb_cache\2ITN,A
2941,ThermoMPNN,2ITN,1.0505530834197998,147,V,C,F:\GENESIS Studio\genesis-studio\packages\engines-py\.pdb_cache\2ITN,A
2942,ThermoMPNN,2ITN,2.570634365081787,147,V,D,F:\GENESIS Studio\genesis-studio\packages\engines-py\.pdb_cache\2ITN,A
2943,ThermoMPNN,2ITN,2.5583183765411377,147,V,E,F:\GENESIS Studio\genesis-studio\packages\engines-py\.pdb_cache\2ITN,A
2944,ThermoMPNN,2ITN,1.4872543811798096,147,V,F,F:\GENESIS Studio\genesis-studio\packages\engines-py\.pdb_cache\2ITN,A
2945,ThermoMPNN,2ITN,2.3710741996765137,147,V,G,F:\GENESIS Studio\genesis-studio\packages\engines-py\.pdb_cache\2ITN,A
2946,ThermoMPNN,2ITN,2.382357597351074,147,V,H,F:\GENESIS Studio\genesis-studio\packages\engines-py\.pdb_cache\2ITN,A
2947,ThermoMPNN,2ITN,-0.27210235595703125,147,V,I,F:\GENESIS Studio\genesis-studio\packages\engines-py\.pdb_cache\2ITN,A
2948,ThermoMPNN,2ITN,2.4263734817504883,147,V,K,F:\GENESIS Studio\genesis-studio\packages\engines-py\.pdb_cache\2ITN,A
2949,ThermoMPNN,2ITN,0.6018424034118652,147,V,L,F:\GENESIS Studio\genesis-studio\packages\engines-py\.pdb_cache\2ITN,A
2950,ThermoMPNN,2ITN,1.231675386428833,147,V,M,F:\GENESIS Studio\genesis-studio\packages\engines-py\.pdb_cache\2ITN,A
2951,ThermoMPNN,2ITN,2.398109197616577,147,V,N,F:\GENESIS Studio\genesis-studio\packages\engines-py\.pdb_cache\2ITN,A
2952,ThermoMPNN,2ITN,2.852459669113159,147,V,P,F:\GENESIS Studio\genesis-studio\packages\engines-py\.pdb_cache\2ITN,A
2953,ThermoMPNN,2ITN,2.372898578643799,147,V,Q,F:\GENESIS Studio\genesis-studio\packages\engines-py\.pdb_cache\2ITN,A
2954,ThermoMPNN,2ITN,2.4873363971710205,147,V,R,F:\GENESIS Studio\genesis-studio\packages\engines-py\.pdb_cache\2ITN,A
2955,ThermoMPNN,2ITN,2.356384515762329,147,V,S,F:\GENESIS Studio\genesis-studio\packages\engines-py\.pdb_cache\2ITN,A
2956,ThermoMPNN,2ITN,1.7240654230117798,147,V,T,F:\GENESIS Studio\genesis-studio\packages\engines-py\.pdb_cache\2ITN,A
2957,ThermoMPNN,2ITN,0.0,147,V,V,F:\GENESIS Studio\genesis-studio\packages\engines-py\.pdb_cache\2ITN,A
2958,ThermoMPNN,2ITN,2.0281317234039307,147,V,W,F:\GENESIS Studio\genesis-studio\packages\engines-py\.pdb_cache\2ITN,A
2959,ThermoMPNN,2ITN,1.9254183769226074,147,V,Y,F:\GENESIS Studio\genesis-studio\packages\engines-py\.pdb_cache\2ITN,A
2960,ThermoMPNN,2ITN,1.5695022344589233,148,L,A,F:\GENESIS Studio\genesis-studio\packages\engines-py\.pdb_cache\2ITN,A
2961,ThermoMPNN,2ITN,0.8678293228149414,148,L,C,F:\GENESIS Studio\genesis-studio\packages\engines-py\.pdb_cache\2ITN,A
2962,ThermoMPNN,2ITN,2.6680209636688232,148,L,D,F:\GENESIS Studio\genesis-studio\packages\engines-py\.pdb_cache\2ITN,A
2963,ThermoMPNN,2ITN,2.207491874694824,148,L,E,F:\GENESIS Studio\genesis-studio\packages\engines-py\.pdb_cache\2ITN,A
2964,ThermoMPNN,2ITN,1.1874678134918213,148,L,F,F:\GENESIS Studio\genesis-studio\packages\engines-py\.pdb_cache\2ITN,A
2965,ThermoMPNN,2ITN,1.6448287963867188,148,L,G,F:\GENESIS Studio\genesis-studio\packages\engines-py\.pdb_cache\2ITN,A
2966,ThermoMPNN,2ITN,2.1345667839050293,148,L,H,F:\GENESIS Studio\genesis-studio\packages\engines-py\.pdb_cache\2ITN,A
2967,ThermoMPNN,2ITN,1.2296643257141113,148,L,I,F:\GENESIS Studio\genesis-studio\packages\engines-py\.pdb_cache\2ITN,A
2968,ThermoMPNN,2ITN,2.470987319946289,148,L,K,F:\GENESIS Studio\genesis-studio\packages\engines-py\.pdb_cache\2ITN,A
2969,ThermoMPNN,2ITN,0.0,148,L,L,F:\GENESIS Studio\genesis-studio\packages\engines-py\.pdb_cache\2ITN,A
2970,ThermoMPNN,2ITN,0.6984906196594238,148,L,M,F:\GENESIS Studio\genesis-studio\packages\engines-py\.pdb_cache\2ITN,A
2971,ThermoMPNN,2ITN,2.506852388381958,148,L,N,F:\GENESIS Studio\genesis-studio\packages\engines-py\.pdb_cache\2ITN,A
2972,ThermoMPNN,2ITN,3.8295345306396484,148,L,P,F:\GENESIS Studio\genesis-studio\packages\engines-py\.pdb_cache\2ITN,A
2973,ThermoMPNN,2ITN,2.190673351287842,148,L,Q,F:\GENESIS Studio\genesis-studio\packages\engines-py\.pdb_cache\2ITN,A
2974,ThermoMPNN,2ITN,2.5098674297332764,148,L,R,F:\GENESIS Studio\genesis-studio\packages\engines-py\.pdb_cache\2ITN,A
2975,ThermoMPNN,2ITN,2.2924890518188477,148,L,S,F:\GENESIS Studio\genesis-studio\packages\engines-py\.pdb_cache\2ITN,A
2976,ThermoMPNN,2ITN,2.481748342514038,148,L,T,F:\GENESIS Studio\genesis-studio\packages\engines-py\.pdb_cache\2ITN,A
2977,ThermoMPNN,2ITN,1.518899917602539,148,L,V,F:\GENESIS Studio\genesis-studio\packages\engines-py\.pdb_cache\2ITN,A
2978,ThermoMPNN,2ITN,1.5451138019561768,148,L,W,F:\GENESIS Studio\genesis-studio\packages\engines-py\.pdb_cache\2ITN,A
2979,ThermoMPNN,2ITN,1.4857008457183838,148,L,Y,F:\GENESIS Studio\genesis-studio\packages\engines-py\.pdb_cache\2ITN,A
2980,ThermoMPNN,2ITN,1.8888949155807495,149,V,A,F:\GENESIS Studio\genesis-studio\packages\engines-py\.pdb_cache\2ITN,A
2981,ThermoMPNN,2ITN,0.6818575859069824,149,V,C,F:\GENESIS Studio\genesis-studio\packages\engines-py\.pdb_cache\2ITN,A
2982,ThermoMPNN,2ITN,2.747807025909424,149,V,D,F:\GENESIS Studio\genesis-studio\packages\engines-py\.pdb_cache\2ITN,A
2983,ThermoMPNN,2ITN,2.593254327774048,149,V,E,F:\GENESIS Studio\genesis-studio\packages\engines-py\.pdb_cache\2ITN,A
2984,ThermoMPNN,2ITN,2.0061490535736084,149,V,F,F:\GENESIS Studio\genesis-studio\packages\engines-py\.pdb_cache\2ITN,A
2985,ThermoMPNN,2ITN,2.5895631313323975,149,V,G,F:\GENESIS Studio\genesis-studio\packages\engines-py\.pdb_cache\2ITN,A
2986,ThermoMPNN,2ITN,2.6638669967651367,149,V,H,F:\GENESIS Studio\genesis-studio\packages\engines-py\.pdb_cache\2ITN,A
2987,ThermoMPNN,2ITN,0.20311737060546875,149,V,I,F:\GENESIS Studio\genesis-studio\packages\engines-py\.pdb_cache\2ITN,A
2988,ThermoMPNN,2ITN,2.7197513580322266,149,V,K,F:\GENESIS Studio\genesis-studio\packages\engines-py\.pdb_cache\2ITN,A
2989,ThermoMPNN,2ITN,-0.41702890396118164,149,V,L,F:\GENESIS Studio\genesis-studio\packages\engines-py\.pdb_cache\2ITN,A
2990,ThermoMPNN,2ITN,1.0005199909210205,149,V,M,F:\GENESIS Studio\genesis-studio\packages\engines-py\.pdb_cache\2ITN,A
2991,ThermoMPNN,2ITN,2.6120388507843018,149,V,N,F:\GENESIS Studio\genesis-studio\packages\engines-py\.pdb_cache\2ITN,A
2992,ThermoMPNN,2ITN,2.8962671756744385,149,V,P,F:\GENESIS Studio\genesis-studio\packages\engines-py\.pdb_cache\2ITN,A
2993,ThermoMPNN,2ITN,2.6495509147644043,149,V,Q,F:\GENESIS Studio\genesis-studio\packages\engines-py\.pdb_cache\2ITN,A
2994,ThermoMPNN,2ITN,2.950869560241699,149,V,R,F:\GENESIS Studio\genesis-studio\packages\engines-py\.pdb_cache\2ITN,A
2995,ThermoMPNN,2ITN,2.8151681423187256,149,V,S,F:\GENESIS Studio\genesis-studio\packages\engines-py\.pdb_cache\2ITN,A
2996,ThermoMPNN,2ITN,2.5384864807128906,149,V,T,F:\GENESIS Studio\genesis-studio\packages\engines-py\.pdb_cache\2ITN,A
2997,ThermoMPNN,2ITN,0.0,149,V,V,F:\GENESIS Studio\genesis-studio\packages\engines-py\.pdb_cache\2ITN,A
2998,ThermoMPNN,2ITN,2.417537212371826,149,V,W,F:\GENESIS Studio\genesis-studio\packages\engines-py\.pdb_cache\2ITN,A
2999,ThermoMPNN,2ITN,2.509993314743042,149,V,Y,F:\GENESIS Studio\genesis-studio\packages\engines-py\.pdb_cache\2ITN,A
3000,ThermoMPNN,2ITN,0.5945509672164917,150,K,A,F:\GENESIS Studio\genesis-studio\packages\engines-py\.pdb_cache\2ITN,A
3001,ThermoMPNN,2ITN,0.4666905999183655,150,K,C,F:\GENESIS Studio\genesis-studio\packages\engines-py\.pdb_cache\2ITN,A
3002,ThermoMPNN,2ITN,1.6209774017333984,150,K,D,F:\GENESIS Studio\genesis-studio\packages\engines-py\.pdb_cache\2ITN,A
3003,ThermoMPNN,2ITN,0.7758231163024902,150,K,E,F:\GENESIS Studio\genesis-studio\packages\engines-py\.pdb_cache\2ITN,A
3004,ThermoMPNN,2ITN,0.533039391040802,150,K,F,F:\GENESIS Studio\genesis-studio\packages\engines-py\.pdb_cache\2ITN,A
3005,ThermoMPNN,2ITN,1.3036051988601685,150,K,G,F:\GENESIS Studio\genesis-studio\packages\engines-py\.pdb_cache\2ITN,A
3006,ThermoMPNN,2ITN,0.5448580384254456,150,K,H,F:\GENESIS Studio\genesis-studio\packages\engines-py\.pdb_cache\2ITN,A
3007,ThermoMPNN,2ITN,0.25176966190338135,150,K,I,F:\GENESIS Studio\genesis-studio\packages\engines-py\.pdb_cache\2ITN,A
3008,ThermoMPNN,2ITN,0.0,150,K,K,F:\GENESIS Studio\genesis-studio\packages\engines-py\.pdb_cache\2ITN,A
3009,ThermoMPNN,2ITN,0.2278069257736206,150,K,L,F:\GENESIS Studio\genesis-studio\packages\engines-py\.pdb_cache\2ITN,A
3010,ThermoMPNN,2ITN,0.43769359588623047,150,K,M,F:\GENESIS Studio\genesis-studio\packages\engines-py\.pdb_cache\2ITN,A
3011,ThermoMPNN,2ITN,1.0183426141738892,150,K,N,F:\GENESIS Studio\genesis-studio\packages\engines-py\.pdb_cache\2ITN,A
3012,ThermoMPNN,2ITN,1.8372137546539307,150,K,P,F:\GENESIS Studio\genesis-studio\packages\engines-py\.pdb_cache\2ITN,A
3013,ThermoMPNN,2ITN,0.2791651487350464,150,K,Q,F:\GENESIS Studio\genesis-studio\packages\engines-py\.pdb_cache\2ITN,A
3014,ThermoMPNN,2ITN,0.10637474060058594,150,K,R,F:\GENESIS Studio\genesis-studio\packages\engines-py\.pdb_cache\2ITN,A
3015,ThermoMPNN,2ITN,0.8685925602912903,150,K,S,F:\GENESIS Studio\genesis-studio\packages\engines-py\.pdb_cache\2ITN,A
3016,ThermoMPNN,2ITN,0.9678807854652405,150,K,T,F:\GENESIS Studio\genesis-studio\packages\engines-py\.pdb_cache\2ITN,A
3017,ThermoMPNN,2ITN,0.2827425003051758,150,K,V,F:\GENESIS Studio\genesis-studio\packages\engines-py\.pdb_cache\2ITN,A
3018,ThermoMPNN,2ITN,0.7892009615898132,150,K,W,F:\GENESIS Studio\genesis-studio\packages\engines-py\.pdb_cache\2ITN,A
3019,ThermoMPNN,2ITN,0.4466398358345032,150,K,Y,F:\GENESIS Studio\genesis-studio\packages\engines-py\.pdb_cache\2ITN,A
3020,ThermoMPNN,2ITN,1.2623013257980347,151,T,A,F:\GENESIS Studio\genesis-studio\packages\engines-py\.pdb_cache\2ITN,A
3021,ThermoMPNN,2ITN,0.7268776893615723,151,T,C,F:\GENESIS Studio\genesis-studio\packages\engines-py\.pdb_cache\2ITN,A
3022,ThermoMPNN,2ITN,0.6265877485275269,151,T,D,F:\GENESIS Studio\genesis-studio\packages\engines-py\.pdb_cache\2ITN,A
3023,ThermoMPNN,2ITN,1.7268656492233276,151,T,E,F:\GENESIS Studio\genesis-studio\packages\engines-py\.pdb_cache\2ITN,A
3024,ThermoMPNN,2ITN,1.4499711990356445,151,T,F,F:\GENESIS Studio\genesis-studio\packages\engines-py\.pdb_cache\2ITN,A
3025,ThermoMPNN,2ITN,1.0984667539596558,151,T,G,F:\GENESIS Studio\genesis-studio\packages\engines-py\.pdb_cache\2ITN,A
3026,ThermoMPNN,2ITN,0.9271037578582764,151,T,H,F:\GENESIS Studio\genesis-studio\packages\engines-py\.pdb_cache\2ITN,A
3027,ThermoMPNN,2ITN,1.8825066089630127,151,T,I,F:\GENESIS Studio\genesis-studio\packages\engines-py\.pdb_cache\2ITN,A
3028,ThermoMPNN,2ITN,1.4785189628601074,151,T,K,F:\GENESIS Studio\genesis-studio\packages\engines-py\.pdb_cache\2ITN,A
3029,ThermoMPNN,2ITN,1.6911048889160156,151,T,L,F:\GENESIS Studio\genesis-studio\packages\engines-py\.pdb_cache\2ITN,A
3030,ThermoMPNN,2ITN,1.5721213817596436,151,T,M,F:\GENESIS Studio\genesis-studio\packages\engines-py\.pdb_cache\2ITN,A
3031,ThermoMPNN,2ITN,-0.06088864803314209,151,T,N,F:\GENESIS Studio\genesis-studio\packages\engines-py\.pdb_cache\2ITN,A
3032,ThermoMPNN,2ITN,2.265223979949951,151,T,P,F:\GENESIS Studio\genesis-studio\packages\engines-py\.pdb_cache\2ITN,A
3033,ThermoMPNN,2ITN,1.5445616245269775,151,T,Q,F:\GENESIS Studio\genesis-studio\packages\engines-py\.pdb_cache\2ITN,A
3034,ThermoMPNN,2ITN,1.2035083770751953,151,T,R,F:\GENESIS Studio\genesis-studio\packages\engines-py\.pdb_cache\2ITN,A
3035,ThermoMPNN,2ITN,-0.10764944553375244,151,T,S,F:\GENESIS Studio\genesis-studio\packages\engines-py\.pdb_cache\2ITN,A
3036,ThermoMPNN,2ITN,0.0,151,T,T,F:\GENESIS Studio\genesis-studio\packages\engines-py\.pdb_cache\2ITN,A
3037,ThermoMPNN,2ITN,1.7102925777435303,151,T,V,F:\GENESIS Studio\genesis-studio\packages\engines-py\.pdb_cache\2ITN,A
3038,ThermoMPNN,2ITN,1.3139915466308594,151,T,W,F:\GENESIS Studio\genesis-studio\packages\engines-py\.pdb_cache\2ITN,A
3039,ThermoMPNN,2ITN,1.3119995594024658,151,T,Y,F:\GENESIS Studio\genesis-studio\packages\engines-py\.pdb_cache\2ITN,A
3040,ThermoMPNN,2ITN,0.5638547539710999,152,P,A,F:\GENESIS Studio\genesis-studio\packages\engines-py\.pdb_cache\2ITN,A
3041,ThermoMPNN,2ITN,0.41843104362487793,152,P,C,F:\GENESIS Studio\genesis-studio\packages\engines-py\.pdb_cache\2ITN,A
3042,ThermoMPNN,2ITN,1.3571860790252686,152,P,D,F:\GENESIS Studio\genesis-studio\packages\engines-py\.pdb_cache\2ITN,A
3043,ThermoMPNN,2ITN,1.2516502141952515,152,P,E,F:\GENESIS Studio\genesis-studio\packages\engines-py\.pdb_cache\2ITN,A
3044,ThermoMPNN,2ITN,0.3813694715499878,152,P,F,F:\GENESIS Studio\genesis-studio\packages\engines-py\.pdb_cache\2ITN,A
3045,ThermoMPNN,2ITN,1.3147966861724854,152,P,G,F:\GENESIS Studio\genesis-studio\packages\engines-py\.pdb_cache\2ITN,A
3046,ThermoMPNN,2ITN,0.6617511510848999,152,P,H,F:\GENESIS Studio\genesis-studio\packages\engines-py\.pdb_cache\2ITN,A
3047,ThermoMPNN,2ITN,0.8032209277153015,152,P,I,F:\GENESIS Studio\genesis-studio\packages\engines-py\.pdb_cache\2ITN,A
3048,ThermoMPNN,2ITN,1.1477560997009277,152,P,K,F:\GENESIS Studio\genesis-studio\packages\engines-py\.pdb_cache\2ITN,A
3049,ThermoMPNN,2ITN,0.8093104362487793,152,P,L,F:\GENESIS Studio\genesis-studio\packages\engines-py\.pdb_cache\2ITN,A
3050,ThermoMPNN,2ITN,0.9399544596672058,152,P,M,F:\GENESIS Studio\genesis-studio\packages\engines-py\.pdb_cache\2ITN,A
3051,ThermoMPNN,2ITN,1.1835525035858154,152,P,N,F:\GENESIS Studio\genesis-studio\packages\engines-py\.pdb_cache\2ITN,A
3052,ThermoMPNN,2ITN,0.0,152,P,P,F:\GENESIS Studio\genesis-studio\packages\engines-py\.pdb_cache\2ITN,A
3053,ThermoMPNN,2ITN,1.0991657972335815,152,P,Q,F:\GENESIS Studio\genesis-studio\packages\engines-py\.pdb_cache\2ITN,A
3054,ThermoMPNN,2ITN,1.1450695991516113,152,P,R,F:\GENESIS Studio\genesis-studio\packages\engines-py\.pdb_cache\2ITN,A
3055,ThermoMPNN,2ITN,0.9438737630844116,152,P,S,F:\GENESIS Studio\genesis-studio\packages\engines-py\.pdb_cache\2ITN,A
3056,ThermoMPNN,2ITN,0.9842169284820557,152,P,T,F:\GENESIS Studio\genesis-studio\packages\engines-py\.pdb_cache\2ITN,A
3057,ThermoMPNN,2ITN,0.820789098739624,152,P,V,F:\GENESIS Studio\genesis-studio\packages\engines-py\.pdb_cache\2ITN,A
3058,ThermoMPNN,2ITN,0.08199548721313477,152,P,W,F:\GENESIS Studio\genesis-studio\packages\engines-py\.pdb_cache\2ITN,A
3059,ThermoMPNN,2ITN,-0.025021910667419434,152,P,Y,F:\GENESIS Studio\genesis-studio\packages\engines-py\.pdb_cache\2ITN,A
3060,ThermoMPNN,2ITN,0.43523654341697693,153,Q,A,F:\GENESIS Studio\genesis-studio\packages\engines-py\.pdb_cache\2ITN,A
3061,ThermoMPNN,2ITN,-0.5455527901649475,153,Q,C,F:\GENESIS Studio\genesis-studio\packages\engines-py\.pdb_cache\2ITN,A
3062,ThermoMPNN,2ITN,0.11009609699249268,153,Q,D,F:\GENESIS Studio\genesis-studio\packages\engines-py\.pdb_cache\2ITN,A
3063,ThermoMPNN,2ITN,0.15994125604629517,153,Q,E,F:\GENESIS Studio\genesis-studio\packages\engines-py\.pdb_cache\2ITN,A
3064,ThermoMPNN,2ITN,-0.641392171382904,153,Q,F,F:\GENESIS Studio\genesis-studio\packages\engines-py\.pdb_cache\2ITN,A
3065,ThermoMPNN,2ITN,0.33954545855522156,153,Q,G,F:\GENESIS Studio\genesis-studio\packages\engines-py\.pdb_cache\2ITN,A
3066,ThermoMPNN,2ITN,-0.3723645806312561,153,Q,H,F:\GENESIS Studio\genesis-studio\packages\engines-py\.pdb_cache\2ITN,A
3067,ThermoMPNN,2ITN,0.8795057535171509,153,Q,I,F:\GENESIS Studio\genesis-studio\packages\engines-py\.pdb_cache\2ITN,A
3068,ThermoMPNN,2ITN,0.38853803277015686,153,Q,K,F:\GENESIS Studio\genesis-studio\packages\engines-py\.pdb_cache\2ITN,A
3069,ThermoMPNN,2ITN,0.2218719720840454,153,Q,L,F:\GENESIS Studio\genesis-studio\packages\engines-py\.pdb_cache\2ITN,A
3070,ThermoMPNN,2ITN,0.0603867769241333,153,Q,M,F:\GENESIS Studio\genesis-studio\packages\engines-py\.pdb_cache\2ITN,A
3071,ThermoMPNN,2ITN,-0.19068527221679688,153,Q,N,F:\GENESIS Studio\genesis-studio\packages\engines-py\.pdb_cache\2ITN,A
3072,ThermoMPNN,2ITN,2.0177931785583496,153,Q,P,F:\GENESIS Studio\genesis-studio\packages\engines-py\.pdb_cache\2ITN,A
3073,ThermoMPNN,2ITN,0.0,153,Q,Q,F:\GENESIS Studio\genesis-studio\packages\engines-py\.pdb_cache\2ITN,A
3074,ThermoMPNN,2ITN,0.4198421537876129,153,Q,R,F:\GENESIS Studio\genesis-studio\packages\engines-py\.pdb_cache\2ITN,A
3075,ThermoMPNN,2ITN,0.2800110876560211,153,Q,S,F:\GENESIS Studio\genesis-studio\packages\engines-py\.pdb_cache\2ITN,A
3076,ThermoMPNN,2ITN,0.321053147315979,153,Q,T,F:\GENESIS Studio\genesis-studio\packages\engines-py\.pdb_cache\2ITN,A
3077,ThermoMPNN,2ITN,0.680262565612793,153,Q,V,F:\GENESIS Studio\genesis-studio\packages\engines-py\.pdb_cache\2ITN,A
3078,ThermoMPNN,2ITN,-0.8152123093605042,153,Q,W,F:\GENESIS Studio\genesis-studio\packages\engines-py\.pdb_cache\2ITN,A
3079,ThermoMPNN,2ITN,-0.6669695973396301,153,Q,Y,F:\GENESIS Studio\genesis-studio\packages\engines-py\.pdb_cache\2ITN,A
3080,ThermoMPNN,2ITN,1.2194123268127441,154,H,A,F:\GENESIS Studio\genesis-studio\packages\engines-py\.pdb_cache\2ITN,A
3081,ThermoMPNN,2ITN,0.7155711650848389,154,H,C,F:\GENESIS Studio\genesis-studio\packages\engines-py\.pdb_cache\2ITN,A
3082,ThermoMPNN,2ITN,1.2905871868133545,154,H,D,F:\GENESIS Studio\genesis-studio\packages\engines-py\.pdb_cache\2ITN,A
3083,ThermoMPNN,2ITN,1.3879218101501465,154,H,E,F:\GENESIS Studio\genesis-studio\packages\engines-py\.pdb_cache\2ITN,A
3084,ThermoMPNN,2ITN,1.0043983459472656,154,H,F,F:\GENESIS Studio\genesis-studio\packages\engines-py\.pdb_cache\2ITN,A
3085,ThermoMPNN,2ITN,2.2184512615203857,154,H,G,F:\GENESIS Studio\genesis-studio\packages\engines-py\.pdb_cache\2ITN,A
3086,ThermoMPNN,2ITN,0.0,154,H,H,F:\GENESIS Studio\genesis-studio\packages\engines-py\.pdb_cache\2ITN,A
3087,ThermoMPNN,2ITN,1.1986947059631348,154,H,I,F:\GENESIS Studio\genesis-studio\packages\engines-py\.pdb_cache\2ITN,A
3088,ThermoMPNN,2ITN,1.3678840398788452,154,H,K,F:\GENESIS Studio\genesis-studio\packages\engines-py\.pdb_cache\2ITN,A
3089,ThermoMPNN,2ITN,1.2232156991958618,154,H,L,F:\GENESIS Studio\genesis-studio\packages\engines-py\.pdb_cache\2ITN,A
3090,ThermoMPNN,2ITN,1.2714145183563232,154,H,M,F:\GENESIS Studio\genesis-studio\packages\engines-py\.pdb_cache\2ITN,A
3091,ThermoMPNN,2ITN,0.6705971956253052,154,H,N,F:\GENESIS Studio\genesis-studio\packages\engines-py\.pdb_cache\2ITN,A
3092,ThermoMPNN,2ITN,1.7852648496627808,154,H,P,F:\GENESIS Studio\genesis-studio\packages\engines-py\.pdb_cache\2ITN,A
3093,ThermoMPNN,2ITN,1.0772942304611206,154,H,Q,F:\GENESIS Studio\genesis-studio\packages\engines-py\.pdb_cache\2ITN,A
3094,ThermoMPNN,2ITN,1.2749499082565308,154,H,R,F:\GENESIS Studio\genesis-studio\packages\engines-py\.pdb_cache\2ITN,A
3095,ThermoMPNN,2ITN,1.1660139560699463,154,H,S,F:\GENESIS Studio\genesis-studio\packages\engines-py\.pdb_cache\2ITN,A
3096,ThermoMPNN,2ITN,1.6801466941833496,154,H,T,F:\GENESIS Studio\genesis-studio\packages\engines-py\.pdb_cache\2ITN,A
3097,ThermoMPNN,2ITN,1.2213813066482544,154,H,V,F:\GENESIS Studio\genesis-studio\packages\engines-py\.pdb_cache\2ITN,A
3098,ThermoMPNN,2ITN,0.9089376926422119,154,H,W,F:\GENESIS Studio\genesis-studio\packages\engines-py\.pdb_cache\2ITN,A
3099,ThermoMPNN,2ITN,0.4136538505554199,154,H,Y,F:\GENESIS Studio\genesis-studio\packages\engines-py\.pdb_cache\2ITN,A
3100,ThermoMPNN,2ITN,0.7624768018722534,155,V,A,F:\GENESIS Studio\genesis-studio\packages\engines-py\.pdb_cache\2ITN,A
3101,ThermoMPNN,2ITN,0.38170456886291504,155,V,C,F:\GENESIS Studio\genesis-studio\packages\engines-py\.pdb_cache\2ITN,A
3102,ThermoMPNN,2ITN,2.2926621437072754,155,V,D,F:\GENESIS Studio\genesis-studio\packages\engines-py\.pdb_cache\2ITN,A
3103,ThermoMPNN,2ITN,2.2872939109802246,155,V,E,F:\GENESIS Studio\genesis-studio\packages\engines-py\.pdb_cache\2ITN,A
3104,ThermoMPNN,2ITN,1.1306434869766235,155,V,F,F:\GENESIS Studio\genesis-studio\packages\engines-py\.pdb_cache\2ITN,A
3105,ThermoMPNN,2ITN,1.636871099472046,155,V,G,F:\GENESIS Studio\genesis-studio\packages\engines-py\.pdb_cache\2ITN,A
3106,ThermoMPNN,2ITN,1.6404924392700195,155,V,H,F:\GENESIS Studio\genesis-studio\packages\engines-py\.pdb_cache\2ITN,A
3107,ThermoMPNN,2ITN,0.4858386516571045,155,V,I,F:\GENESIS Studio\genesis-studio\packages\engines-py\.pdb_cache\2ITN,A
3108,ThermoMPNN,2ITN,1.9909145832061768,155,V,K,F:\GENESIS Studio\genesis-studio\packages\engines-py\.pdb_cache\2ITN,A
3109,ThermoMPNN,2ITN,0.9876217842102051,155,V,L,F:\GENESIS Studio\genesis-studio\packages\engines-py\.pdb_cache\2ITN,A
3110,ThermoMPNN,2ITN,1.3072940111160278,155,V,M,F:\GENESIS Studio\genesis-studio\packages\engines-py\.pdb_cache\2ITN,A
3111,ThermoMPNN,2ITN,1.888005018234253,155,V,N,F:\GENESIS Studio\genesis-studio\packages\engines-py\.pdb_cache\2ITN,A
3112,ThermoMPNN,2ITN,1.5554566383361816,155,V,P,F:\GENESIS Studio\genesis-studio\packages\engines-py\.pdb_cache\2ITN,A
3113,ThermoMPNN,2ITN,1.9893693923950195,155,V,Q,F:\GENESIS Studio\genesis-studio\packages\engines-py\.pdb_cache\2ITN,A
3114,ThermoMPNN,2ITN,2.0693466663360596,155,V,R,F:\GENESIS Studio\genesis-studio\packages\engines-py\.pdb_cache\2ITN,A
3115,ThermoMPNN,2ITN,1.3351863622665405,155,V,S,F:\GENESIS Studio\genesis-studio\packages\engines-py\.pdb_cache\2ITN,A
3116,ThermoMPNN,2ITN,0.9975506663322449,155,V,T,F:\GENESIS Studio\genesis-studio\packages\engines-py\.pdb_cache\2ITN,A
3117,ThermoMPNN,2ITN,0.0,155,V,V,F:\GENESIS Studio\genesis-studio\packages\engines-py\.pdb_cache\2ITN,A
3118,ThermoMPNN,2ITN,1.3088105916976929,155,V,W,F:\GENESIS Studio\genesis-studio\packages\engines-py\.pdb_cache\2ITN,A
3119,ThermoMPNN,2ITN,1.1970572471618652,155,V,Y,F:\GENESIS Studio\genesis-studio\packages\engines-py\.pdb_cache\2ITN,A
3120,ThermoMPNN,2ITN,-0.4412922263145447,156,K,A,F:\GENESIS Studio\genesis-studio\packages\engines-py\.pdb_cache\2ITN,A
3121,ThermoMPNN,2ITN,-0.5060812830924988,156,K,C,F:\GENESIS Studio\genesis-studio\packages\engines-py\.pdb_cache\2ITN,A
3122,ThermoMPNN,2ITN,1.8857992887496948,156,K,D,F:\GENESIS Studio\genesis-studio\packages\engines-py\.pdb_cache\2ITN,A
3123,ThermoMPNN,2ITN,0.9438713788986206,156,K,E,F:\GENESIS Studio\genesis-studio\packages\engines-py\.pdb_cache\2ITN,A
3124,ThermoMPNN,2ITN,0.16401666402816772,156,K,F,F:\GENESIS Studio\genesis-studio\packages\engines-py\.pdb_cache\2ITN,A
3125,ThermoMPNN,2ITN,0.8587350249290466,156,K,G,F:\GENESIS Studio\genesis-studio\packages\engines-py\.pdb_cache\2ITN,A
3126,ThermoMPNN,2ITN,0.3873981237411499,156,K,H,F:\GENESIS Studio\genesis-studio\packages\engines-py\.pdb_cache\2ITN,A
3127,ThermoMPNN,2ITN,-0.11228662729263306,156,K,I,F:\GENESIS Studio\genesis-studio\packages\engines-py\.pdb_cache\2ITN,A
3128,ThermoMPNN,2ITN,0.0,156,K,K,F:\GENESIS Studio\genesis-studio\packages\engines-py\.pdb_cache\2ITN,A
3129,ThermoMPNN,2ITN,0.30357837677001953,156,K,L,F:\GENESIS Studio\genesis-studio\packages\engines-py\.pdb_cache\2ITN,A
3130,ThermoMPNN,2ITN,0.012868404388427734,156,K,M,F:\GENESIS Studio\genesis-studio\packages\engines-py\.pdb_cache\2ITN,A
3131,ThermoMPNN,2ITN,1.0922235250473022,156,K,N,F:\GENESIS Studio\genesis-studio\packages\engines-py\.pdb_cache\2ITN,A
3132,ThermoMPNN,2ITN,1.7442883253097534,156,K,P,F:\GENESIS Studio\genesis-studio\packages\engines-py\.pdb_cache\2ITN,A
3133,ThermoMPNN,2ITN,0.01889580488204956,156,K,Q,F:\GENESIS Studio\genesis-studio\packages\engines-py\.pdb_cache\2ITN,A
3134,ThermoMPNN,2ITN,0.11355125904083252,156,K,R,F:\GENESIS Studio\genesis-studio\packages\engines-py\.pdb_cache\2ITN,A
3135,ThermoMPNN,2ITN,0.48030024766921997,156,K,S,F:\GENESIS Studio\genesis-studio\packages\engines-py\.pdb_cache\2ITN,A
3136,ThermoMPNN,2ITN,0.5712214112281799,156,K,T,F:\GENESIS Studio\genesis-studio\packages\engines-py\.pdb_cache\2ITN,A
3137,ThermoMPNN,2ITN,-0.8709267973899841,156,K,V,F:\GENESIS Studio\genesis-studio\packages\engines-py\.pdb_cache\2ITN,A
3138,ThermoMPNN,2ITN,0.731438159942627,156,K,W,F:\GENESIS Studio\genesis-studio\packages\engines-py\.pdb_cache\2ITN,A
3139,ThermoMPNN,2ITN,0.5189627408981323,156,K,Y,F:\GENESIS Studio\genesis-studio\packages\engines-py\.pdb_cache\2ITN,A
3140,ThermoMPNN,2ITN,2.222256898880005,157,I,A,F:\GENESIS Studio\genesis-studio\packages\engines-py\.pdb_cache\2ITN,A
3141,ThermoMPNN,2ITN,1.489428997039795,157,I,C,F:\GENESIS Studio\genesis-studio\packages\engines-py\.pdb_cache\2ITN,A
3142,ThermoMPNN,2ITN,2.6429765224456787,157,I,D,F:\GENESIS Studio\genesis-studio\packages\engines-py\.pdb_cache\2ITN,A
3143,ThermoMPNN,2ITN,2.6967005729675293,157,I,E,F:\GENESIS Studio\genesis-studio\packages\engines-py\.pdb_cache\2ITN,A
3144,ThermoMPNN,2ITN,1.6483949422836304,157,I,F,F:\GENESIS Studio\genesis-studio\packages\engines-py\.pdb_cache\2ITN,A
3145,ThermoMPNN,2ITN,2.5942647457122803,157,I,G,F:\GENESIS Studio\genesis-studio\packages\engines-py\.pdb_cache\2ITN,A
3146,ThermoMPNN,2ITN,2.6091952323913574,157,I,H,F:\GENESIS Studio\genesis-studio\packages\engines-py\.pdb_cache\2ITN,A
3147,ThermoMPNN,2ITN,0.0,157,I,I,F:\GENESIS Studio\genesis-studio\packages\engines-py\.pdb_cache\2ITN,A
3148,ThermoMPNN,2ITN,2.628716468811035,157,I,K,F:\GENESIS Studio\genesis-studio\packages\engines-py\.pdb_cache\2ITN,A
3149,ThermoMPNN,2ITN,0.6143567562103271,157,I,L,F:\GENESIS Studio\genesis-studio\packages\engines-py\.pdb_cache\2ITN,A
3150,ThermoMPNN,2ITN,1.4144272804260254,157,I,M,F:\GENESIS Studio\genesis-studio\packages\engines-py\.pdb_cache\2ITN,A
3151,ThermoMPNN,2ITN,2.5331716537475586,157,I,N,F:\GENESIS Studio\genesis-studio\packages\engines-py\.pdb_cache\2ITN,A
3152,ThermoMPNN,2ITN,2.583735942840576,157,I,P,F:\GENESIS Studio\genesis-studio\packages\engines-py\.pdb_cache\2ITN,A
3153,ThermoMPNN,2ITN,2.687899112701416,157,I,Q,F:\GENESIS Studio\genesis-studio\packages\engines-py\.pdb_cache\2ITN,A
3154,ThermoMPNN,2ITN,2.704913854598999,157,I,R,F:\GENESIS Studio\genesis-studio\packages\engines-py\.pdb_cache\2ITN,A
3155,ThermoMPNN,2ITN,2.663172960281372,157,I,S,F:\GENESIS Studio\genesis-studio\packages\engines-py\.pdb_cache\2ITN,A
3156,ThermoMPNN,2ITN,2.2877657413482666,157,I,T,F:\GENESIS Studio\genesis-studio\packages\engines-py\.pdb_cache\2ITN,A
3157,ThermoMPNN,2ITN,0.7344645261764526,157,I,V,F:\GENESIS Studio\genesis-studio\packages\engines-py\.pdb_cache\2ITN,A
3158,ThermoMPNN,2ITN,2.0614264011383057,157,I,W,F:\GENESIS Studio\genesis-studio\packages\engines-py\.pdb_cache\2ITN,A
3159,ThermoMPNN,2ITN,2.0333025455474854,157,I,Y,F:\GENESIS Studio\genesis-studio\packages\engines-py\.pdb_cache\2ITN,A
3160,ThermoMPNN,2ITN,-0.36289167404174805,158,T,A,F:\GENESIS Studio\genesis-studio\packages\engines-py\.pdb_cache\2ITN,A
3161,ThermoMPNN,2ITN,-0.0926581621170044,158,T,C,F:\GENESIS Studio\genesis-studio\packages\engines-py\.pdb_cache\2ITN,A
3162,ThermoMPNN,2ITN,1.4486050605773926,158,T,D,F:\GENESIS Studio\genesis-studio\packages\engines-py\.pdb_cache\2ITN,A
3163,ThermoMPNN,2ITN,1.5053629875183105,158,T,E,F:\GENESIS Studio\genesis-studio\packages\engines-py\.pdb_cache\2ITN,A
3164,ThermoMPNN,2ITN,0.3731292486190796,158,T,F,F:\GENESIS Studio\genesis-studio\packages\engines-py\.pdb_cache\2ITN,A
3165,ThermoMPNN,2ITN,0.23599600791931152,158,T,G,F:\GENESIS Studio\genesis-studio\packages\engines-py\.pdb_cache\2ITN,A
3166,ThermoMPNN,2ITN,1.1080172061920166,158,T,H,F:\GENESIS Studio\genesis-studio\packages\engines-py\.pdb_cache\2ITN,A
3167,ThermoMPNN,2ITN,-0.09711241722106934,158,T,I,F:\GENESIS Studio\genesis-studio\packages\engines-py\.pdb_cache\2ITN,A
3168,ThermoMPNN,2ITN,1.289261817932129,158,T,K,F:\GENESIS Studio\genesis-studio\packages\engines-py\.pdb_cache\2ITN,A
3169,ThermoMPNN,2ITN,0.3587871789932251,158,T,L,F:\GENESIS Studio\genesis-studio\packages\engines-py\.pdb_cache\2ITN,A
3170,ThermoMPNN,2ITN,0.2801174521446228,158,T,M,F:\GENESIS Studio\genesis-studio\packages\engines-py\.pdb_cache\2ITN,A
3171,ThermoMPNN,2ITN,1.2732491493225098,158,T,N,F:\GENESIS Studio\genesis-studio\packages\engines-py\.pdb_cache\2ITN,A
3172,ThermoMPNN,2ITN,1.5287110805511475,158,T,P,F:\GENESIS Studio\genesis-studio\packages\engines-py\.pdb_cache\2ITN,A
3173,ThermoMPNN,2ITN,1.1062901020050049,158,T,Q,F:\GENESIS Studio\genesis-studio\packages\engines-py\.pdb_cache\2ITN,A
3174,ThermoMPNN,2ITN,1.076141357421875,158,T,R,F:\GENESIS Studio\genesis-studio\packages\engines-py\.pdb_cache\2ITN,A
3175,ThermoMPNN,2ITN,0.16237390041351318,158,T,S,F:\GENESIS Studio\genesis-studio\packages\engines-py\.pdb_cache\2ITN,A
3176,ThermoMPNN,2ITN,0.0,158,T,T,F:\GENESIS Studio\genesis-studio\packages\engines-py\.pdb_cache\2ITN,A
3177,ThermoMPNN,2ITN,-0.17393410205841064,158,T,V,F:\GENESIS Studio\genesis-studio\packages\engines-py\.pdb_cache\2ITN,A
3178,ThermoMPNN,2ITN,0.6224557161331177,158,T,W,F:\GENESIS Studio\genesis-studio\packages\engines-py\.pdb_cache\2ITN,A
3179,ThermoMPNN,2ITN,0.625400722026825,158,T,Y,F:\GENESIS Studio\genesis-studio\packages\engines-py\.pdb_cache\2ITN,A
3180,ThermoMPNN,2ITN,0.23119139671325684,159,D,A,F:\GENESIS Studio\genesis-studio\packages\engines-py\.pdb_cache\2ITN,A
3181,ThermoMPNN,2ITN,-0.24336397647857666,159,D,C,F:\GENESIS Studio\genesis-studio\packages\engines-py\.pdb_cache\2ITN,A
3182,ThermoMPNN,2ITN,0.0,159,D,D,F:\GENESIS Studio\genesis-studio\packages\engines-py\.pdb_cache\2ITN,A
3183,ThermoMPNN,2ITN,0.8477472066879272,159,D,E,F:\GENESIS Studio\genesis-studio\packages\engines-py\.pdb_cache\2ITN,A
3184,ThermoMPNN,2ITN,-0.02606379985809326,159,D,F,F:\GENESIS Studio\genesis-studio\packages\engines-py\.pdb_cache\2ITN,A
3185,ThermoMPNN,2ITN,1.3666601181030273,159,D,G,F:\GENESIS Studio\genesis-studio\packages\engines-py\.pdb_cache\2ITN,A
3186,ThermoMPNN,2ITN,0.5922942161560059,159,D,H,F:\GENESIS Studio\genesis-studio\packages\engines-py\.pdb_cache\2ITN,A
3187,ThermoMPNN,2ITN,0.37962037324905396,159,D,I,F:\GENESIS Studio\genesis-studio\packages\engines-py\.pdb_cache\2ITN,A
3188,ThermoMPNN,2ITN,1.1507399082183838,159,D,K,F:\GENESIS Studio\genesis-studio\packages\engines-py\.pdb_cache\2ITN,A
3189,ThermoMPNN,2ITN,0.3079388737678528,159,D,L,F:\GENESIS Studio\genesis-studio\packages\engines-py\.pdb_cache\2ITN,A
3190,ThermoMPNN,2ITN,0.2853080630302429,159,D,M,F:\GENESIS Studio\genesis-studio\packages\engines-py\.pdb_cache\2ITN,A
3191,ThermoMPNN,2ITN,0.7893853187561035,159,D,N,F:\GENESIS Studio\genesis-studio\packages\engines-py\.pdb_cache\2ITN,A
3192,ThermoMPNN,2ITN,1.3502116203308105,159,D,P,F:\GENESIS Studio\genesis-studio\packages\engines-py\.pdb_cache\2ITN,A
3193,ThermoMPNN,2ITN,0.6356843709945679,159,D,Q,F:\GENESIS Studio\genesis-studio\packages\engines-py\.pdb_cache\2ITN,A
3194,ThermoMPNN,2ITN,1.2209845781326294,159,D,R,F:\GENESIS Studio\genesis-studio\packages\engines-py\.pdb_cache\2ITN,A
3195,ThermoMPNN,2ITN,0.5318155288696289,159,D,S,F:\GENESIS Studio\genesis-studio\packages\engines-py\.pdb_cache\2ITN,A
3196,ThermoMPNN,2ITN,0.9484332203865051,159,D,T,F:\GENESIS Studio\genesis-studio\packages\engines-py\.pdb_cache\2ITN,A
3197,ThermoMPNN,2ITN,0.5558531284332275,159,D,V,F:\GENESIS Studio\genesis-studio\packages\engines-py\.pdb_cache\2ITN,A
3198,ThermoMPNN,2ITN,-0.5111452341079712,159,D,W,F:\GENESIS Studio\genesis-studio\packages\engines-py\.pdb_cache\2ITN,A
3199,ThermoMPNN,2ITN,-0.01833212375640869,159,D,Y,F:\GENESIS Studio\genesis-studio\packages\engines-py\.pdb_cache\2ITN,A
3200,ThermoMPNN,2ITN,2.3130624294281006,160,F,A,F:\GENESIS Studio\genesis-studio\packages\engines-py\.pdb_cache\2ITN,A
3201,ThermoMPNN,2ITN,1.5155962705612183,160,F,C,F:\GENESIS Studio\genesis-studio\packages\engines-py\.pdb_cache\2ITN,A
3202,ThermoMPNN,2ITN,3.116514205932617,160,F,D,F:\GENESIS Studio\genesis-studio\packages\engines-py\.pdb_cache\2ITN,A
3203,ThermoMPNN,2ITN,2.928826093673706,160,F,E,F:\GENESIS Studio\genesis-studio\packages\engines-py\.pdb_cache\2ITN,A
3204,ThermoMPNN,2ITN,0.0,160,F,F,F:\GENESIS Studio\genesis-studio\packages\engines-py\.pdb_cache\2ITN,A
3205,ThermoMPNN,2ITN,2.148833990097046,160,F,G,F:\GENESIS Studio\genesis-studio\packages\engines-py\.pdb_cache\2ITN,A
3206,ThermoMPNN,2ITN,2.115743637084961,160,F,H,F:\GENESIS Studio\genesis-studio\packages\engines-py\.pdb_cache\2ITN,A
3207,ThermoMPNN,2ITN,1.8044177293777466,160,F,I,F:\GENESIS Studio\genesis-studio\packages\engines-py\.pdb_cache\2ITN,A
3208,ThermoMPNN,2ITN,2.361504077911377,160,F,K,F:\GENESIS Studio\genesis-studio\packages\engines-py\.pdb_cache\2ITN,A
3209,ThermoMPNN,2ITN,1.3239388465881348,160,F,L,F:\GENESIS Studio\genesis-studio\packages\engines-py\.pdb_cache\2ITN,A
3210,ThermoMPNN,2ITN,1.3411413431167603,160,F,M,F:\GENESIS Studio\genesis-studio\packages\engines-py\.pdb_cache\2ITN,A
3211,ThermoMPNN,2ITN,2.6092679500579834,160,F,N,F:\GENESIS Studio\genesis-studio\packages\engines-py\.pdb_cache\2ITN,A
3212,ThermoMPNN,2ITN,2.0993030071258545,160,F,P,F:\GENESIS Studio\genesis-studio\packages\engines-py\.pdb_cache\2ITN,A
3213,ThermoMPNN,2ITN,2.5345001220703125,160,F,Q,F:\GENESIS Studio\genesis-studio\packages\engines-py\.pdb_cache\2ITN,A
3214,ThermoMPNN,2ITN,2.2015066146850586,160,F,R,F:\GENESIS Studio\genesis-studio\packages\engines-py\.pdb_cache\2ITN,A
3215,ThermoMPNN,2ITN,2.633296489715576,160,F,S,F:\GENESIS Studio\genesis-studio\packages\engines-py\.pdb_cache\2ITN,A
3216,ThermoMPNN,2ITN,2.7789337635040283,160,F,T,F:\GENESIS Studio\genesis-studio\packages\engines-py\.pdb_cache\2ITN,A
3217,ThermoMPNN,2ITN,2.149263858795166,160,F,V,F:\GENESIS Studio\genesis-studio\packages\engines-py\.pdb_cache\2ITN,A
3218,ThermoMPNN,2ITN,1.3759841918945312,160,F,W,F:\GENESIS Studio\genesis-studio\packages\engines-py\.pdb_cache\2ITN,A
3219,ThermoMPNN,2ITN,1.0476620197296143,160,F,Y,F:\GENESIS Studio\genesis-studio\packages\engines-py\.pdb_cache\2ITN,A
3220,ThermoMPNN,2ITN,0.6382056474685669,161,G,A,F:\GENESIS Studio\genesis-studio\packages\engines-py\.pdb_cache\2ITN,A
3221,ThermoMPNN,2ITN,0.46475356817245483,161,G,C,F:\GENESIS Studio\genesis-studio\packages\engines-py\.pdb_cache\2ITN,A
3222,ThermoMPNN,2ITN,0.9375432729721069,161,G,D,F:\GENESIS Studio\genesis-studio\packages\engines-py\.pdb_cache\2ITN,A
3223,ThermoMPNN,2ITN,0.8456035852432251,161,G,E,F:\GENESIS Studio\genesis-studio\packages\engines-py\.pdb_cache\2ITN,A
3224,ThermoMPNN,2ITN,0.7223135232925415,161,G,F,F:\GENESIS Studio\genesis-studio\packages\engines-py\.pdb_cache\2ITN,A
3225,ThermoMPNN,2ITN,0.0,161,G,G,F:\GENESIS Studio\genesis-studio\packages\engines-py\.pdb_cache\2ITN,A
3226,ThermoMPNN,2ITN,0.7711269855499268,161,G,H,F:\GENESIS Studio\genesis-studio\packages\engines-py\.pdb_cache\2ITN,A
3227,ThermoMPNN,2ITN,0.7399420142173767,161,G,I,F:\GENESIS Studio\genesis-studio\packages\engines-py\.pdb_cache\2ITN,A
3228,ThermoMPNN,2ITN,0.7297375798225403,161,G,K,F:\GENESIS Studio\genesis-studio\packages\engines-py\.pdb_cache\2ITN,A
3229,ThermoMPNN,2ITN,0.7830461263656616,161,G,L,F:\GENESIS Studio\genesis-studio\packages\engines-py\.pdb_cache\2ITN,A
3230,ThermoMPNN,2ITN,0.7556321620941162,161,G,M,F:\GENESIS Studio\genesis-studio\packages\engines-py\.pdb_cache\2ITN,A
3231,ThermoMPNN,2ITN,0.7978938817977905,161,G,N,F:\GENESIS Studio\genesis-studio\packages\engines-py\.pdb_cache\2ITN,A
3232,ThermoMPNN,2ITN,1.282541036605835,161,G,P,F:\GENESIS Studio\genesis-studio\packages\engines-py\.pdb_cache\2ITN,A
3233,ThermoMPNN,2ITN,0.7831732630729675,161,G,Q,F:\GENESIS Studio\genesis-studio\packages\engines-py\.pdb_cache\2ITN,A
3234,ThermoMPNN,2ITN,0.8159689903259277,161,G,R,F:\GENESIS Studio\genesis-studio\packages\engines-py\.pdb_cache\2ITN,A
3235,ThermoMPNN,2ITN,0.6421521902084351,161,G,S,F:\GENESIS Studio\genesis-studio\packages\engines-py\.pdb_cache\2ITN,A
3236,ThermoMPNN,2ITN,0.5949395895004272,161,G,T,F:\GENESIS Studio\genesis-studio\packages\engines-py\.pdb_cache\2ITN,A
3237,ThermoMPNN,2ITN,0.8261026740074158,161,G,V,F:\GENESIS Studio\genesis-studio\packages\engines-py\.pdb_cache\2ITN,A
3238,ThermoMPNN,2ITN,0.8969674706459045,161,G,W,F:\GENESIS Studio\genesis-studio\packages\engines-py\.pdb_cache\2ITN,A
3239,ThermoMPNN,2ITN,0.7335788607597351,161,G,Y,F:\GENESIS Studio\genesis-studio\packages\engines-py\.pdb_cache\2ITN,A
3240,ThermoMPNN,2ITN,-0.047298967838287354,162,L,A,F:\GENESIS Studio\genesis-studio\packages\engines-py\.pdb_cache\2ITN,A
3241,ThermoMPNN,2ITN,0.05718386173248291,162,L,C,F:\GENESIS Studio\genesis-studio\packages\engines-py\.pdb_cache\2ITN,A
3242,ThermoMPNN,2ITN,0.4246947169303894,162,L,D,F:\GENESIS Studio\genesis-studio\packages\engines-py\.pdb_cache\2ITN,A
3243,ThermoMPNN,2ITN,0.4054403305053711,162,L,E,F:\GENESIS Studio\genesis-studio\packages\engines-py\.pdb_cache\2ITN,A
3244,ThermoMPNN,2ITN,0.2540163993835449,162,L,F,F:\GENESIS Studio\genesis-studio\packages\engines-py\.pdb_cache\2ITN,A
3245,ThermoMPNN,2ITN,0.13737380504608154,162,L,G,F:\GENESIS Studio\genesis-studio\packages\engines-py\.pdb_cache\2ITN,A
3246,ThermoMPNN,2ITN,0.2867544889450073,162,L,H,F:\GENESIS Studio\genesis-studio\packages\engines-py\.pdb_cache\2ITN,A
3247,ThermoMPNN,2ITN,0.2579481601715088,162,L,I,F:\GENESIS Studio\genesis-studio\packages\engines-py\.pdb_cache\2ITN,A
3248,ThermoMPNN,2ITN,0.06546151638031006,162,L,K,F:\GENESIS Studio\genesis-studio\packages\engines-py\.pdb_cache\2ITN,A
3249,ThermoMPNN,2ITN,0.0,162,L,L,F:\GENESIS Studio\genesis-studio\packages\engines-py\.pdb_cache\2ITN,A
3250,ThermoMPNN,2ITN,-0.008816659450531006,162,L,M,F:\GENESIS Studio\genesis-studio\packages\engines-py\.pdb_cache\2ITN,A
3251,ThermoMPNN,2ITN,0.23260849714279175,162,L,N,F:\GENESIS Studio\genesis-studio\packages\engines-py\.pdb_cache\2ITN,A
3252,ThermoMPNN,2ITN,0.8535411357879639,162,L,P,F:\GENESIS Studio\genesis-studio\packages\engines-py\.pdb_cache\2ITN,A
3253,ThermoMPNN,2ITN,0.06659454107284546,162,L,Q,F:\GENESIS Studio\genesis-studio\packages\engines-py\.pdb_cache\2ITN,A
3254,ThermoMPNN,2ITN,0.13495570421218872,162,L,R,F:\GENESIS Studio\genesis-studio\packages\engines-py\.pdb_cache\2ITN,A
3255,ThermoMPNN,2ITN,-0.005491435527801514,162,L,S,F:\GENESIS Studio\genesis-studio\packages\engines-py\.pdb_cache\2ITN,A
3256,ThermoMPNN,2ITN,0.06111764907836914,162,L,T,F:\GENESIS Studio\genesis-studio\packages\engines-py\.pdb_cache\2ITN,A
3257,ThermoMPNN,2ITN,0.24904125928878784,162,L,V,F:\GENESIS Studio\genesis-studio\packages\engines-py\.pdb_cache\2ITN,A
3258,ThermoMPNN,2ITN,0.3830453157424927,162,L,W,F:\GENESIS Studio\genesis-studio\packages\engines-py\.pdb_cache\2ITN,A
3259,ThermoMPNN,2ITN,0.4122464656829834,162,L,Y,F:\GENESIS Studio\genesis-studio\packages\engines-py\.pdb_cache\2ITN,A
3260,ThermoMPNN,2ITN,0.0,163,A,A,F:\GENESIS Studio\genesis-studio\packages\engines-py\.pdb_cache\2ITN,A
3261,ThermoMPNN,2ITN,-0.024991154670715332,163,A,C,F:\GENESIS Studio\genesis-studio\packages\engines-py\.pdb_cache\2ITN,A
3262,ThermoMPNN,2ITN,1.317323923110962,163,A,D,F:\GENESIS Studio\genesis-studio\packages\engines-py\.pdb_cache\2ITN,A
3263,ThermoMPNN,2ITN,1.3392219543457031,163,A,E,F:\GENESIS Studio\genesis-studio\packages\engines-py\.pdb_cache\2ITN,A
3264,ThermoMPNN,2ITN,0.2874162197113037,163,A,F,F:\GENESIS Studio\genesis-studio\packages\engines-py\.pdb_cache\2ITN,A
3265,ThermoMPNN,2ITN,1.0714125633239746,163,A,G,F:\GENESIS Studio\genesis-studio\packages\engines-py\.pdb_cache\2ITN,A
3266,ThermoMPNN,2ITN,1.2225255966186523,163,A,H,F:\GENESIS Studio\genesis-studio\packages\engines-py\.pdb_cache\2ITN,A
3267,ThermoMPNN,2ITN,-0.37230074405670166,163,A,I,F:\GENESIS Studio\genesis-studio\packages\engines-py\.pdb_cache\2ITN,A
3268,ThermoMPNN,2ITN,1.5579876899719238,163,A,K,F:\GENESIS Studio\genesis-studio\packages\engines-py\.pdb_cache\2ITN,A
3269,ThermoMPNN,2ITN,0.12475442886352539,163,A,L,F:\GENESIS Studio\genesis-studio\packages\engines-py\.pdb_cache\2ITN,A
3270,ThermoMPNN,2ITN,0.20978111028671265,163,A,M,F:\GENESIS Studio\genesis-studio\packages\engines-py\.pdb_cache\2ITN,A
3271,ThermoMPNN,2ITN,1.3457889556884766,163,A,N,F:\GENESIS Studio\genesis-studio\packages\engines-py\.pdb_cache\2ITN,A
3272,ThermoMPNN,2ITN,1.0678569078445435,163,A,P,F:\GENESIS Studio\genesis-studio\packages\engines-py\.pdb_cache\2ITN,A
3273,ThermoMPNN,2ITN,1.2160474061965942,163,A,Q,F:\GENESIS Studio\genesis-studio\packages\engines-py\.pdb_cache\2ITN,A
3274,ThermoMPNN,2ITN,1.441457986831665,163,A,R,F:\GENESIS Studio\genesis-studio\packages\engines-py\.pdb_cache\2ITN,A
3275,ThermoMPNN,2ITN,0.46509766578674316,163,A,S,F:\GENESIS Studio\genesis-studio\packages\engines-py\.pdb_cache\2ITN,A
3276,ThermoMPNN,2ITN,0.0026901960372924805,163,A,T,F:\GENESIS Studio\genesis-studio\packages\engines-py\.pdb_cache\2ITN,A
3277,ThermoMPNN,2ITN,-0.5277704000473022,163,A,V,F:\GENESIS Studio\genesis-studio\packages\engines-py\.pdb_cache\2ITN,A
3278,ThermoMPNN,2ITN,0.660128653049469,163,A,W,F:\GENESIS Studio\genesis-studio\packages\engines-py\.pdb_cache\2ITN,A
3279,ThermoMPNN,2ITN,0.644066572189331,163,A,Y,F:\GENESIS Studio\genesis-studio\packages\engines-py\.pdb_cache\2ITN,A
3280,ThermoMPNN,2ITN,-0.12009716033935547,164,K,A,F:\GENESIS Studio\genesis-studio\packages\engines-py\.pdb_cache\2ITN,A
3281,ThermoMPNN,2ITN,-0.261211633682251,164,K,C,F:\GENESIS Studio\genesis-studio\packages\engines-py\.pdb_cache\2ITN,A
3282,ThermoMPNN,2ITN,1.395766258239746,164,K,D,F:\GENESIS Studio\genesis-studio\packages\engines-py\.pdb_cache\2ITN,A
3283,ThermoMPNN,2ITN,0.658223032951355,164,K,E,F:\GENESIS Studio\genesis-studio\packages\engines-py\.pdb_cache\2ITN,A
3284,ThermoMPNN,2ITN,0.22948819398880005,164,K,F,F:\GENESIS Studio\genesis-studio\packages\engines-py\.pdb_cache\2ITN,A
3285,ThermoMPNN,2ITN,0.643967866897583,164,K,G,F:\GENESIS Studio\genesis-studio\packages\engines-py\.pdb_cache\2ITN,A
3286,ThermoMPNN,2ITN,0.41367268562316895,164,K,H,F:\GENESIS Studio\genesis-studio\packages\engines-py\.pdb_cache\2ITN,A
3287,ThermoMPNN,2ITN,-0.13291633129119873,164,K,I,F:\GENESIS Studio\genesis-studio\packages\engines-py\.pdb_cache\2ITN,A
3288,ThermoMPNN,2ITN,0.0,164,K,K,F:\GENESIS Studio\genesis-studio\packages\engines-py\.pdb_cache\2ITN,A
3289,ThermoMPNN,2ITN,0.39372801780700684,164,K,L,F:\GENESIS Studio\genesis-studio\packages\engines-py\.pdb_cache\2ITN,A
3290,ThermoMPNN,2ITN,0.15600639581680298,164,K,M,F:\GENESIS Studio\genesis-studio\packages\engines-py\.pdb_cache\2ITN,A
3291,ThermoMPNN,2ITN,0.7827420830726624,164,K,N,F:\GENESIS Studio\genesis-studio\packages\engines-py\.pdb_cache\2ITN,A
3292,ThermoMPNN,2ITN,1.1997308731079102,164,K,P,F:\GENESIS Studio\genesis-studio\packages\engines-py\.pdb_cache\2ITN,A
3293,ThermoMPNN,2ITN,0.239111065864563,164,K,Q,F:\GENESIS Studio\genesis-studio\packages\engines-py\.pdb_cache\2ITN,A
3294,ThermoMPNN,2ITN,-0.05854928493499756,164,K,R,F:\GENESIS Studio\genesis-studio\packages\engines-py\.pdb_cache\2ITN,A
3295,ThermoMPNN,2ITN,0.06311655044555664,164,K,S,F:\GENESIS Studio\genesis-studio\packages\engines-py\.pdb_cache\2ITN,A
3296,ThermoMPNN,2ITN,-0.20231306552886963,164,K,T,F:\GENESIS Studio\genesis-studio\packages\engines-py\.pdb_cache\2ITN,A
3297,ThermoMPNN,2ITN,-0.4790322780609131,164,K,V,F:\GENESIS Studio\genesis-studio\packages\engines-py\.pdb_cache\2ITN,A
3298,ThermoMPNN,2ITN,0.5711596012115479,164,K,W,F:\GENESIS Studio\genesis-studio\packages\engines-py\.pdb_cache\2ITN,A
3299,ThermoMPNN,2ITN,0.3587515354156494,164,K,Y,F:\GENESIS Studio\genesis-studio\packages\engines-py\.pdb_cache\2ITN,A
3300,ThermoMPNN,2ITN,0.8110633492469788,165,L,A,F:\GENESIS Studio\genesis-studio\packages\engines-py\.pdb_cache\2ITN,A
3301,ThermoMPNN,2ITN,0.19017493724822998,165,L,C,F:\GENESIS Studio\genesis-studio\packages\engines-py\.pdb_cache\2ITN,A
3302,ThermoMPNN,2ITN,1.2736071348190308,165,L,D,F:\GENESIS Studio\genesis-studio\packages\engines-py\.pdb_cache\2ITN,A
3303,ThermoMPNN,2ITN,0.954708993434906,165,L,E,F:\GENESIS Studio\genesis-studio\packages\engines-py\.pdb_cache\2ITN,A
3304,ThermoMPNN,2ITN,-0.0666741132736206,165,L,F,F:\GENESIS Studio\genesis-studio\packages\engines-py\.pdb_cache\2ITN,A
3305,ThermoMPNN,2ITN,1.2293646335601807,165,L,G,F:\GENESIS Studio\genesis-studio\packages\engines-py\.pdb_cache\2ITN,A
3306,ThermoMPNN,2ITN,0.4127354025840759,165,L,H,F:\GENESIS Studio\genesis-studio\packages\engines-py\.pdb_cache\2ITN,A
3307,ThermoMPNN,2ITN,0.00903773307800293,165,L,I,F:\GENESIS Studio\genesis-studio\packages\engines-py\.pdb_cache\2ITN,A
3308,ThermoMPNN,2ITN,0.3376155495643616,165,L,K,F:\GENESIS Studio\genesis-studio\packages\engines-py\.pdb_cache\2ITN,A
3309,ThermoMPNN,2ITN,0.0,165,L,L,F:\GENESIS Studio\genesis-studio\packages\engines-py\.pdb_cache\2ITN,A
3310,ThermoMPNN,2ITN,0.23070389032363892,165,L,M,F:\GENESIS Studio\genesis-studio\packages\engines-py\.pdb_cache\2ITN,A
3311,ThermoMPNN,2ITN,0.7590283155441284,165,L,N,F:\GENESIS Studio\genesis-studio\packages\engines-py\.pdb_cache\2ITN,A
3312,ThermoMPNN,2ITN,0.6731668710708618,165,L,P,F:\GENESIS Studio\genesis-studio\packages\engines-py\.pdb_cache\2ITN,A
3313,ThermoMPNN,2ITN,0.7022781372070312,165,L,Q,F:\GENESIS Studio\genesis-studio\packages\engines-py\.pdb_cache\2ITN,A
3314,ThermoMPNN,2ITN,0.23598772287368774,165,L,R,F:\GENESIS Studio\genesis-studio\packages\engines-py\.pdb_cache\2ITN,A
3315,ThermoMPNN,2ITN,0.6592581868171692,165,L,S,F:\GENESIS Studio\genesis-studio\packages\engines-py\.pdb_cache\2ITN,A
3316,ThermoMPNN,2ITN,0.28392302989959717,165,L,T,F:\GENESIS Studio\genesis-studio\packages\engines-py\.pdb_cache\2ITN,A
3317,ThermoMPNN,2ITN,0.17022603750228882,165,L,V,F:\GENESIS Studio\genesis-studio\packages\engines-py\.pdb_cache\2ITN,A
3318,ThermoMPNN,2ITN,-0.06922805309295654,165,L,W,F:\GENESIS Studio\genesis-studio\packages\engines-py\.pdb_cache\2ITN,A
3319,ThermoMPNN,2ITN,-0.055216193199157715,165,L,Y,F:\GENESIS Studio\genesis-studio\packages\engines-py\.pdb_cache\2ITN,A
3320,ThermoMPNN,2ITN,0.7254289984703064,166,L,A,F:\GENESIS Studio\genesis-studio\packages\engines-py\.pdb_cache\2ITN,A
3321,ThermoMPNN,2ITN,0.4188290238380432,166,L,C,F:\GENESIS Studio\genesis-studio\packages\engines-py\.pdb_cache\2ITN,A
3322,ThermoMPNN,2ITN,0.2631683349609375,166,L,D,F:\GENESIS Studio\genesis-studio\packages\engines-py\.pdb_cache\2ITN,A
3323,ThermoMPNN,2ITN,0.3789634108543396,166,L,E,F:\GENESIS Studio\genesis-studio\packages\engines-py\.pdb_cache\2ITN,A
3324,ThermoMPNN,2ITN,0.7289279699325562,166,L,F,F:\GENESIS Studio\genesis-studio\packages\engines-py\.pdb_cache\2ITN,A
3325,ThermoMPNN,2ITN,1.5564627647399902,166,L,G,F:\GENESIS Studio\genesis-studio\packages\engines-py\.pdb_cache\2ITN,A
3326,ThermoMPNN,2ITN,0.712972104549408,166,L,H,F:\GENESIS Studio\genesis-studio\packages\engines-py\.pdb_cache\2ITN,A
3327,ThermoMPNN,2ITN,0.08558905124664307,166,L,I,F:\GENESIS Studio\genesis-studio\packages\engines-py\.pdb_cache\2ITN,A
3328,ThermoMPNN,2ITN,1.133979082107544,166,L,K,F:\GENESIS Studio\genesis-studio\packages\engines-py\.pdb_cache\2ITN,A
3329,ThermoMPNN,2ITN,0.0,166,L,L,F:\GENESIS Studio\genesis-studio\packages\engines-py\.pdb_cache\2ITN,A
3330,ThermoMPNN,2ITN,0.41319799423217773,166,L,M,F:\GENESIS Studio\genesis-studio\packages\engines-py\.pdb_cache\2ITN,A
3331,ThermoMPNN,2ITN,0.7258337736129761,166,L,N,F:\GENESIS Studio\genesis-studio\packages\engines-py\.pdb_cache\2ITN,A
3332,ThermoMPNN,2ITN,1.4394242763519287,166,L,P,F:\GENESIS Studio\genesis-studio\packages\engines-py\.pdb_cache\2ITN,A
3333,ThermoMPNN,2ITN,0.6166597604751587,166,L,Q,F:\GENESIS Studio\genesis-studio\packages\engines-py\.pdb_cache\2ITN,A
3334,ThermoMPNN,2ITN,1.1826180219650269,166,L,R,F:\GENESIS Studio\genesis-studio\packages\engines-py\.pdb_cache\2ITN,A
3335,ThermoMPNN,2ITN,0.8690639734268188,166,L,S,F:\GENESIS Studio\genesis-studio\packages\engines-py\.pdb_cache\2ITN,A
3336,ThermoMPNN,2ITN,0.7393845319747925,166,L,T,F:\GENESIS Studio\genesis-studio\packages\engines-py\.pdb_cache\2ITN,A
3337,ThermoMPNN,2ITN,0.12089157104492188,166,L,V,F:\GENESIS Studio\genesis-studio\packages\engines-py\.pdb_cache\2ITN,A
3338,ThermoMPNN,2ITN,0.5255767703056335,166,L,W,F:\GENESIS Studio\genesis-studio\packages\engines-py\.pdb_cache\2ITN,A
3339,ThermoMPNN,2ITN,0.6553274393081665,166,L,Y,F:\GENESIS Studio\genesis-studio\packages\engines-py\.pdb_cache\2ITN,A
3340,ThermoMPNN,2ITN,1.0083566904067993,167,G,A,F:\GENESIS Studio\genesis-studio\packages\engines-py\.pdb_cache\2ITN,A
3341,ThermoMPNN,2ITN,0.5159953832626343,167,G,C,F:\GENESIS Studio\genesis-studio\packages\engines-py\.pdb_cache\2ITN,A
3342,ThermoMPNN,2ITN,0.8254503607749939,167,G,D,F:\GENESIS Studio\genesis-studio\packages\engines-py\.pdb_cache\2ITN,A
3343,ThermoMPNN,2ITN,1.0330333709716797,167,G,E,F:\GENESIS Studio\genesis-studio\packages\engines-py\.pdb_cache\2ITN,A
3344,ThermoMPNN,2ITN,0.9426875710487366,167,G,F,F:\GENESIS Studio\genesis-studio\packages\engines-py\.pdb_cache\2ITN,A
3345,ThermoMPNN,2ITN,0.0,167,G,G,F:\GENESIS Studio\genesis-studio\packages\engines-py\.pdb_cache\2ITN,A
3346,ThermoMPNN,2ITN,0.9056375026702881,167,G,H,F:\GENESIS Studio\genesis-studio\packages\engines-py\.pdb_cache\2ITN,A
3347,ThermoMPNN,2ITN,1.2461926937103271,167,G,I,F:\GENESIS Studio\genesis-studio\packages\engines-py\.pdb_cache\2ITN,A
3348,ThermoMPNN,2ITN,1.1309537887573242,167,G,K,F:\GENESIS Studio\genesis-studio\packages\engines-py\.pdb_cache\2ITN,A
3349,ThermoMPNN,2ITN,1.0615510940551758,167,G,L,F:\GENESIS Studio\genesis-studio\packages\engines-py\.pdb_cache\2ITN,A
3350,ThermoMPNN,2ITN,1.0835754871368408,167,G,M,F:\GENESIS Studio\genesis-studio\packages\engines-py\.pdb_cache\2ITN,A
3351,ThermoMPNN,2ITN,0.7445197105407715,167,G,N,F:\GENESIS Studio\genesis-studio\packages\engines-py\.pdb_cache\2ITN,A
3352,ThermoMPNN,2ITN,1.2317572832107544,167,G,P,F:\GENESIS Studio\genesis-studio\packages\engines-py\.pdb_cache\2ITN,A
3353,ThermoMPNN,2ITN,1.1546951532363892,167,G,Q,F:\GENESIS Studio\genesis-studio\packages\engines-py\.pdb_cache\2ITN,A
3354,ThermoMPNN,2ITN,1.0898773670196533,167,G,R,F:\GENESIS Studio\genesis-studio\packages\engines-py\.pdb_cache\2ITN,A
3355,ThermoMPNN,2ITN,0.9804489612579346,167,G,S,F:\GENESIS Studio\genesis-studio\packages\engines-py\.pdb_cache\2ITN,A
3356,ThermoMPNN,2ITN,1.194117546081543,167,G,T,F:\GENESIS Studio\genesis-studio\packages\engines-py\.pdb_cache\2ITN,A
3357,ThermoMPNN,2ITN,1.2531183958053589,167,G,V,F:\GENESIS Studio\genesis-studio\packages\engines-py\.pdb_cache\2ITN,A
3358,ThermoMPNN,2ITN,1.1143397092819214,167,G,W,F:\GENESIS Studio\genesis-studio\packages\engines-py\.pdb_cache\2ITN,A
3359,ThermoMPNN,2ITN,1.042288064956665,167,G,Y,F:\GENESIS Studio\genesis-studio\packages\engines-py\.pdb_cache\2ITN,A
3360,ThermoMPNN,2ITN,0.0,168,A,A,F:\GENESIS Studio\genesis-studio\packages\engines-py\.pdb_cache\2ITN,A
3361,ThermoMPNN,2ITN,-0.10988199710845947,168,A,C,F:\GENESIS Studio\genesis-studio\packages\engines-py\.pdb_cache\2ITN,A
3362,ThermoMPNN,2ITN,-0.2931041717529297,168,A,D,F:\GENESIS Studio\genesis-studio\packages\engines-py\.pdb_cache\2ITN,A
3363,ThermoMPNN,2ITN,-0.34017086029052734,168,A,E,F:\GENESIS Studio\genesis-studio\packages\engines-py\.pdb_cache\2ITN,A
3364,ThermoMPNN,2ITN,0.2577640414237976,168,A,F,F:\GENESIS Studio\genesis-studio\packages\engines-py\.pdb_cache\2ITN,A
3365,ThermoMPNN,2ITN,0.3954794406890869,168,A,G,F:\GENESIS Studio\genesis-studio\packages\engines-py\.pdb_cache\2ITN,A
3366,ThermoMPNN,2ITN,0.060914456844329834,168,A,H,F:\GENESIS Studio\genesis-studio\packages\engines-py\.pdb_cache\2ITN,A
3367,ThermoMPNN,2ITN,0.18981677293777466,168,A,I,F:\GENESIS Studio\genesis-studio\packages\engines-py\.pdb_cache\2ITN,A
3368,ThermoMPNN,2ITN,0.4088387191295624,168,A,K,F:\GENESIS Studio\genesis-studio\packages\engines-py\.pdb_cache\2ITN,A
3369,ThermoMPNN,2ITN,0.11057770252227783,168,A,L,F:\GENESIS Studio\genesis-studio\packages\engines-py\.pdb_cache\2ITN,A
3370,ThermoMPNN,2ITN,0.09907841682434082,168,A,M,F:\GENESIS Studio\genesis-studio\packages\engines-py\.pdb_cache\2ITN,A
3371,ThermoMPNN,2ITN,0.1602853536605835,168,A,N,F:\GENESIS Studio\genesis-studio\packages\engines-py\.pdb_cache\2ITN,A
3372,ThermoMPNN,2ITN,0.6689514517784119,168,A,P,F:\GENESIS Studio\genesis-studio\packages\engines-py\.pdb_cache\2ITN,A
3373,ThermoMPNN,2ITN,-0.05309736728668213,168,A,Q,F:\GENESIS Studio\genesis-studio\packages\engines-py\.pdb_cache\2ITN,A
3374,ThermoMPNN,2ITN,0.4255514144897461,168,A,R,F:\GENESIS Studio\genesis-studio\packages\engines-py\.pdb_cache\2ITN,A
3375,ThermoMPNN,2ITN,0.15310543775558472,168,A,S,F:\GENESIS Studio\genesis-studio\packages\engines-py\.pdb_cache\2ITN,A
3376,ThermoMPNN,2ITN,0.07790756225585938,168,A,T,F:\GENESIS Studio\genesis-studio\packages\engines-py\.pdb_cache\2ITN,A
3377,ThermoMPNN,2ITN,0.002296745777130127,168,A,V,F:\GENESIS Studio\genesis-studio\packages\engines-py\.pdb_cache\2ITN,A
3378,ThermoMPNN,2ITN,0.10490274429321289,168,A,W,F:\GENESIS Studio\genesis-studio\packages\engines-py\.pdb_cache\2ITN,A
3379,ThermoMPNN,2ITN,0.14459121227264404,168,A,Y,F:\GENESIS Studio\genesis-studio\packages\engines-py\.pdb_cache\2ITN,A
3380,ThermoMPNN,2ITN,-0.08140277862548828,169,E,A,F:\GENESIS Studio\genesis-studio\packages\engines-py\.pdb_cache\2ITN,A
3381,ThermoMPNN,2ITN,-0.32417893409729004,169,E,C,F:\GENESIS Studio\genesis-studio\packages\engines-py\.pdb_cache\2ITN,A
3382,ThermoMPNN,2ITN,-0.04584217071533203,169,E,D,F:\GENESIS Studio\genesis-studio\packages\engines-py\.pdb_cache\2ITN,A
3383,ThermoMPNN,2ITN,0.0,169,E,E,F:\GENESIS Studio\genesis-studio\packages\engines-py\.pdb_cache\2ITN,A
3384,ThermoMPNN,2ITN,-0.10549849271774292,169,E,F,F:\GENESIS Studio\genesis-studio\packages\engines-py\.pdb_cache\2ITN,A
3385,ThermoMPNN,2ITN,0.012396275997161865,169,E,G,F:\GENESIS Studio\genesis-studio\packages\engines-py\.pdb_cache\2ITN,A
3386,ThermoMPNN,2ITN,-0.06083780527114868,169,E,H,F:\GENESIS Studio\genesis-studio\packages\engines-py\.pdb_cache\2ITN,A
3387,ThermoMPNN,2ITN,-0.19629240036010742,169,E,I,F:\GENESIS Studio\genesis-studio\packages\engines-py\.pdb_cache\2ITN,A
3388,ThermoMPNN,2ITN,-0.03473091125488281,169,E,K,F:\GENESIS Studio\genesis-studio\packages\engines-py\.pdb_cache\2ITN,A
3389,ThermoMPNN,2ITN,-0.18263942003250122,169,E,L,F:\GENESIS Studio\genesis-studio\packages\engines-py\.pdb_cache\2ITN,A
3390,ThermoMPNN,2ITN,-0.11345869302749634,169,E,M,F:\GENESIS Studio\genesis-studio\packages\engines-py\.pdb_cache\2ITN,A
3391,ThermoMPNN,2ITN,-0.019433140754699707,169,E,N,F:\GENESIS Studio\genesis-studio\packages\engines-py\.pdb_cache\2ITN,A
3392,ThermoMPNN,2ITN,-0.01244199275970459,169,E,P,F:\GENESIS Studio\genesis-studio\packages\engines-py\.pdb_cache\2ITN,A
3393,ThermoMPNN,2ITN,-0.07149040699005127,169,E,Q,F:\GENESIS Studio\genesis-studio\packages\engines-py\.pdb_cache\2ITN,A
3394,ThermoMPNN,2ITN,0.012189030647277832,169,E,R,F:\GENESIS Studio\genesis-studio\packages\engines-py\.pdb_cache\2ITN,A
3395,ThermoMPNN,2ITN,-0.045807063579559326,169,E,S,F:\GENESIS Studio\genesis-studio\packages\engines-py\.pdb_cache\2ITN,A
3396,ThermoMPNN,2ITN,-0.06577545404434204,169,E,T,F:\GENESIS Studio\genesis-studio\packages\engines-py\.pdb_cache\2ITN,A
3397,ThermoMPNN,2ITN,-0.1723850965499878,169,E,V,F:\GENESIS Studio\genesis-studio\packages\engines-py\.pdb_cache\2ITN,A
3398,ThermoMPNN,2ITN,-0.21405810117721558,169,E,W,F:\GENESIS Studio\genesis-studio\packages\engines-py\.pdb_cache\2ITN,A
3399,ThermoMPNN,2ITN,-0.06127804517745972,169,E,Y,F:\GENESIS Studio\genesis-studio\packages\engines-py\.pdb_cache\2ITN,A
3400,ThermoMPNN,2ITN,0.027576744556427002,170,E,A,F:\GENESIS Studio\genesis-studio\packages\engines-py\.pdb_cache\2ITN,A
3401,ThermoMPNN,2ITN,-0.1522136926651001,170,E,C,F:\GENESIS Studio\genesis-studio\packages\engines-py\.pdb_cache\2ITN,A
3402,ThermoMPNN,2ITN,0.003997206687927246,170,E,D,F:\GENESIS Studio\genesis-studio\packages\engines-py\.pdb_cache\2ITN,A
3403,ThermoMPNN,2ITN,0.0,170,E,E,F:\GENESIS Studio\genesis-studio\packages\engines-py\.pdb_cache\2ITN,A
3404,ThermoMPNN,2ITN,0.15720176696777344,170,E,F,F:\GENESIS Studio\genesis-studio\packages\engines-py\.pdb_cache\2ITN,A
3405,ThermoMPNN,2ITN,0.11479061841964722,170,E,G,F:\GENESIS Studio\genesis-studio\packages\engines-py\.pdb_cache\2ITN,A
3406,ThermoMPNN,2ITN,0.1362985372543335,170,E,H,F:\GENESIS Studio\genesis-studio\packages\engines-py\.pdb_cache\2ITN,A
3407,ThermoMPNN,2ITN,0.03228360414505005,170,E,I,F:\GENESIS Studio\genesis-studio\packages\engines-py\.pdb_cache\2ITN,A
3408,ThermoMPNN,2ITN,0.11395972967147827,170,E,K,F:\GENESIS Studio\genesis-studio\packages\engines-py\.pdb_cache\2ITN,A
3409,ThermoMPNN,2ITN,-0.03434550762176514,170,E,L,F:\GENESIS Studio\genesis-studio\packages\engines-py\.pdb_cache\2ITN,A
3410,ThermoMPNN,2ITN,0.053851187229156494,170,E,M,F:\GENESIS Studio\genesis-studio\packages\engines-py\.pdb_cache\2ITN,A
3411,ThermoMPNN,2ITN,0.04809039831161499,170,E,N,F:\GENESIS Studio\genesis-studio\packages\engines-py\.pdb_cache\2ITN,A
3412,ThermoMPNN,2ITN,0.18645763397216797,170,E,P,F:\GENESIS Studio\genesis-studio\packages\engines-py\.pdb_cache\2ITN,A
3413,ThermoMPNN,2ITN,0.08044850826263428,170,E,Q,F:\GENESIS Studio\genesis-studio\packages\engines-py\.pdb_cache\2ITN,A
3414,ThermoMPNN,2ITN,0.14913761615753174,170,E,R,F:\GENESIS Studio\genesis-studio\packages\engines-py\.pdb_cache\2ITN,A
3415,ThermoMPNN,2ITN,0.061272501945495605,170,E,S,F:\GENESIS Studio\genesis-studio\packages\engines-py\.pdb_cache\2ITN,A
3416,ThermoMPNN,2ITN,0.05269843339920044,170,E,T,F:\GENESIS Studio\genesis-studio\packages\engines-py\.pdb_cache\2ITN,A
3417,ThermoMPNN,2ITN,0.09052258729934692,170,E,V,F:\GENESIS Studio\genesis-studio\packages\engines-py\.pdb_cache\2ITN,A
3418,ThermoMPNN,2ITN,0.08135420083999634,170,E,W,F:\GENESIS Studio\genesis-studio\packages\engines-py\.pdb_cache\2ITN,A
3419,ThermoMPNN,2ITN,0.21608281135559082,170,E,Y,F:\GENESIS Studio\genesis-studio\packages\engines-py\.pdb_cache\2ITN,A
3420,ThermoMPNN,2ITN,0.19780927896499634,180,V,A,F:\GENESIS Studio\genesis-studio\packages\engines-py\.pdb_cache\2ITN,A
3421,ThermoMPNN,2ITN,-0.2487250566482544,180,V,C,F:\GENESIS Studio\genesis-studio\packages\engines-py\.pdb_cache\2ITN,A
3422,ThermoMPNN,2ITN,0.31554269790649414,180,V,D,F:\GENESIS Studio\genesis-studio\packages\engines-py\.pdb_cache\2ITN,A
3423,ThermoMPNN,2ITN,0.24913239479064941,180,V,E,F:\GENESIS Studio\genesis-studio\packages\engines-py\.pdb_cache\2ITN,A
3424,ThermoMPNN,2ITN,-0.1960635781288147,180,V,F,F:\GENESIS Studio\genesis-studio\packages\engines-py\.pdb_cache\2ITN,A
3425,ThermoMPNN,2ITN,0.3696315586566925,180,V,G,F:\GENESIS Studio\genesis-studio\packages\engines-py\.pdb_cache\2ITN,A
3426,ThermoMPNN,2ITN,0.1299864649772644,180,V,H,F:\GENESIS Studio\genesis-studio\packages\engines-py\.pdb_cache\2ITN,A
3427,ThermoMPNN,2ITN,-0.11569333076477051,180,V,I,F:\GENESIS Studio\genesis-studio\packages\engines-py\.pdb_cache\2ITN,A
3428,ThermoMPNN,2ITN,0.20084989070892334,180,V,K,F:\GENESIS Studio\genesis-studio\packages\engines-py\.pdb_cache\2ITN,A
3429,ThermoMPNN,2ITN,-0.14333850145339966,180,V,L,F:\GENESIS Studio\genesis-studio\packages\engines-py\.pdb_cache\2ITN,A
3430,ThermoMPNN,2ITN,-0.09749734401702881,180,V,M,F:\GENESIS Studio\genesis-studio\packages\engines-py\.pdb_cache\2ITN,A
3431,ThermoMPNN,2ITN,0.27935275435447693,180,V,N,F:\GENESIS Studio\genesis-studio\packages\engines-py\.pdb_cache\2ITN,A
3432,ThermoMPNN,2ITN,0.13064217567443848,180,V,P,F:\GENESIS Studio\genesis-studio\packages\engines-py\.pdb_cache\2ITN,A
3433,ThermoMPNN,2ITN,0.2484036684036255,180,V,Q,F:\GENESIS Studio\genesis-studio\packages\engines-py\.pdb_cache\2ITN,A
3434,ThermoMPNN,2ITN,0.1470177173614502,180,V,R,F:\GENESIS Studio\genesis-studio\packages\engines-py\.pdb_cache\2ITN,A
3435,ThermoMPNN,2ITN,0.3228226602077484,180,V,S,F:\GENESIS Studio\genesis-studio\packages\engines-py\.pdb_cache\2ITN,A
3436,ThermoMPNN,2ITN,0.21325480937957764,180,V,T,F:\GENESIS Studio\genesis-studio\packages\engines-py\.pdb_cache\2ITN,A
3437,ThermoMPNN,2ITN,0.0,180,V,V,F:\GENESIS Studio\genesis-studio\packages\engines-py\.pdb_cache\2ITN,A
3438,ThermoMPNN,2ITN,-0.5159716606140137,180,V,W,F:\GENESIS Studio\genesis-studio\packages\engines-py\.pdb_cache\2ITN,A
3439,ThermoMPNN,2ITN,-0.24403774738311768,180,V,Y,F:\GENESIS Studio\genesis-studio\packages\engines-py\.pdb_cache\2ITN,A
3440,ThermoMPNN,2ITN,0.0022616982460021973,181,P,A,F:\GENESIS Studio\genesis-studio\packages\engines-py\.pdb_cache\2ITN,A
3441,ThermoMPNN,2ITN,0.027557730674743652,181,P,C,F:\GENESIS Studio\genesis-studio\packages\engines-py\.pdb_cache\2ITN,A
3442,ThermoMPNN,2ITN,-0.06753939390182495,181,P,D,F:\GENESIS Studio\genesis-studio\packages\engines-py\.pdb_cache\2ITN,A
3443,ThermoMPNN,2ITN,0.08178925514221191,181,P,E,F:\GENESIS Studio\genesis-studio\packages\engines-py\.pdb_cache\2ITN,A
3444,ThermoMPNN,2ITN,0.19405800104141235,181,P,F,F:\GENESIS Studio\genesis-studio\packages\engines-py\.pdb_cache\2ITN,A
3445,ThermoMPNN,2ITN,0.13617730140686035,181,P,G,F:\GENESIS Studio\genesis-studio\packages\engines-py\.pdb_cache\2ITN,A
3446,ThermoMPNN,2ITN,0.23795878887176514,181,P,H,F:\GENESIS Studio\genesis-studio\packages\engines-py\.pdb_cache\2ITN,A
3447,ThermoMPNN,2ITN,0.37927067279815674,181,P,I,F:\GENESIS Studio\genesis-studio\packages\engines-py\.pdb_cache\2ITN,A
3448,ThermoMPNN,2ITN,0.21542590856552124,181,P,K,F:\GENESIS Studio\genesis-studio\packages\engines-py\.pdb_cache\2ITN,A
3449,ThermoMPNN,2ITN,0.25008827447891235,181,P,L,F:\GENESIS Studio\genesis-studio\packages\engines-py\.pdb_cache\2ITN,A
3450,ThermoMPNN,2ITN,0.3048431873321533,181,P,M,F:\GENESIS Studio\genesis-studio\packages\engines-py\.pdb_cache\2ITN,A
3451,ThermoMPNN,2ITN,0.14105844497680664,181,P,N,F:\GENESIS Studio\genesis-studio\packages\engines-py\.pdb_cache\2ITN,A
3452,ThermoMPNN,2ITN,0.0,181,P,P,F:\GENESIS Studio\genesis-studio\packages\engines-py\.pdb_cache\2ITN,A
3453,ThermoMPNN,2ITN,0.24967074394226074,181,P,Q,F:\GENESIS Studio\genesis-studio\packages\engines-py\.pdb_cache\2ITN,A
3454,ThermoMPNN,2ITN,0.2373892068862915,181,P,R,F:\GENESIS Studio\genesis-studio\packages\engines-py\.pdb_cache\2ITN,A
3455,ThermoMPNN,2ITN,0.019807934761047363,181,P,S,F:\GENESIS Studio\genesis-studio\packages\engines-py\.pdb_cache\2ITN,A
3456,ThermoMPNN,2ITN,0.14031857252120972,181,P,T,F:\GENESIS Studio\genesis-studio\packages\engines-py\.pdb_cache\2ITN,A
3457,ThermoMPNN,2ITN,0.42273563146591187,181,P,V,F:\GENESIS Studio\genesis-studio\packages\engines-py\.pdb_cache\2ITN,A
3458,ThermoMPNN,2ITN,0.1030118465423584,181,P,W,F:\GENESIS Studio\genesis-studio\packages\engines-py\.pdb_cache\2ITN,A
3459,ThermoMPNN,2ITN,0.1535378098487854,181,P,Y,F:\GENESIS Studio\genesis-studio\packages\engines-py\.pdb_cache\2ITN,A
3460,ThermoMPNN,2ITN,0.746645450592041,182,I,A,F:\GENESIS Studio\genesis-studio\packages\engines-py\.pdb_cache\2ITN,A
3461,ThermoMPNN,2ITN,0.1368933916091919,182,I,C,F:\GENESIS Studio\genesis-studio\packages\engines-py\.pdb_cache\2ITN,A
3462,ThermoMPNN,2ITN,1.5435385704040527,182,I,D,F:\GENESIS Studio\genesis-studio\packages\engines-py\.pdb_cache\2ITN,A
3463,ThermoMPNN,2ITN,1.3640276193618774,182,I,E,F:\GENESIS Studio\genesis-studio\packages\engines-py\.pdb_cache\2ITN,A
3464,ThermoMPNN,2ITN,0.09425342082977295,182,I,F,F:\GENESIS Studio\genesis-studio\packages\engines-py\.pdb_cache\2ITN,A
3465,ThermoMPNN,2ITN,1.2614498138427734,182,I,G,F:\GENESIS Studio\genesis-studio\packages\engines-py\.pdb_cache\2ITN,A
3466,ThermoMPNN,2ITN,0.5643676519393921,182,I,H,F:\GENESIS Studio\genesis-studio\packages\engines-py\.pdb_cache\2ITN,A
3467,ThermoMPNN,2ITN,0.0,182,I,I,F:\GENESIS Studio\genesis-studio\packages\engines-py\.pdb_cache\2ITN,A
3468,ThermoMPNN,2ITN,0.8554807305335999,182,I,K,F:\GENESIS Studio\genesis-studio\packages\engines-py\.pdb_cache\2ITN,A
3469,ThermoMPNN,2ITN,0.2963384985923767,182,I,L,F:\GENESIS Studio\genesis-studio\packages\engines-py\.pdb_cache\2ITN,A
3470,ThermoMPNN,2ITN,0.5422132611274719,182,I,M,F:\GENESIS Studio\genesis-studio\packages\engines-py\.pdb_cache\2ITN,A
3471,ThermoMPNN,2ITN,1.0282509326934814,182,I,N,F:\GENESIS Studio\genesis-studio\packages\engines-py\.pdb_cache\2ITN,A
3472,ThermoMPNN,2ITN,1.2481164932250977,182,I,P,F:\GENESIS Studio\genesis-studio\packages\engines-py\.pdb_cache\2ITN,A
3473,ThermoMPNN,2ITN,1.053206443786621,182,I,Q,F:\GENESIS Studio\genesis-studio\packages\engines-py\.pdb_cache\2ITN,A
3474,ThermoMPNN,2ITN,0.855472981929779,182,I,R,F:\GENESIS Studio\genesis-studio\packages\engines-py\.pdb_cache\2ITN,A
3475,ThermoMPNN,2ITN,0.9078247547149658,182,I,S,F:\GENESIS Studio\genesis-studio\packages\engines-py\.pdb_cache\2ITN,A
3476,ThermoMPNN,2ITN,0.6118432879447937,182,I,T,F:\GENESIS Studio\genesis-studio\packages\engines-py\.pdb_cache\2ITN,A
3477,ThermoMPNN,2ITN,0.02071094512939453,182,I,V,F:\GENESIS Studio\genesis-studio\packages\engines-py\.pdb_cache\2ITN,A
3478,ThermoMPNN,2ITN,-0.023460745811462402,182,I,W,F:\GENESIS Studio\genesis-studio\packages\engines-py\.pdb_cache\2ITN,A
3479,ThermoMPNN,2ITN,-0.11600983142852783,182,I,Y,F:\GENESIS Studio\genesis-studio\packages\engines-py\.pdb_cache\2ITN,A
3480,ThermoMPNN,2ITN,0.1640225052833557,183,K,A,F:\GENESIS Studio\genesis-studio\packages\engines-py\.pdb_cache\2ITN,A
3481,ThermoMPNN,2ITN,-0.3880809545516968,183,K,C,F:\GENESIS Studio\genesis-studio\packages\engines-py\.pdb_cache\2ITN,A
3482,ThermoMPNN,2ITN,-0.027119755744934082,183,K,D,F:\GENESIS Studio\genesis-studio\packages\engines-py\.pdb_cache\2ITN,A
3483,ThermoMPNN,2ITN,-0.5190553665161133,183,K,E,F:\GENESIS Studio\genesis-studio\packages\engines-py\.pdb_cache\2ITN,A
3484,ThermoMPNN,2ITN,-0.3969513177871704,183,K,F,F:\GENESIS Studio\genesis-studio\packages\engines-py\.pdb_cache\2ITN,A
3485,ThermoMPNN,2ITN,0.6040581464767456,183,K,G,F:\GENESIS Studio\genesis-studio\packages\engines-py\.pdb_cache\2ITN,A
3486,ThermoMPNN,2ITN,-0.5818634033203125,183,K,H,F:\GENESIS Studio\genesis-studio\packages\engines-py\.pdb_cache\2ITN,A
3487,ThermoMPNN,2ITN,-0.008149206638336182,183,K,I,F:\GENESIS Studio\genesis-studio\packages\engines-py\.pdb_cache\2ITN,A
3488,ThermoMPNN,2ITN,0.0,183,K,K,F:\GENESIS Studio\genesis-studio\packages\engines-py\.pdb_cache\2ITN,A
3489,ThermoMPNN,2ITN,-0.011296510696411133,183,K,L,F:\GENESIS Studio\genesis-studio\packages\engines-py\.pdb_cache\2ITN,A
3490,ThermoMPNN,2ITN,0.12914133071899414,183,K,M,F:\GENESIS Studio\genesis-studio\packages\engines-py\.pdb_cache\2ITN,A
3491,ThermoMPNN,2ITN,-0.05400639772415161,183,K,N,F:\GENESIS Studio\genesis-studio\packages\engines-py\.pdb_cache\2ITN,A
3492,ThermoMPNN,2ITN,0.427009642124176,183,K,P,F:\GENESIS Studio\genesis-studio\packages\engines-py\.pdb_cache\2ITN,A
3493,ThermoMPNN,2ITN,-0.21114325523376465,183,K,Q,F:\GENESIS Studio\genesis-studio\packages\engines-py\.pdb_cache\2ITN,A
3494,ThermoMPNN,2ITN,0.05824100971221924,183,K,R,F:\GENESIS Studio\genesis-studio\packages\engines-py\.pdb_cache\2ITN,A
3495,ThermoMPNN,2ITN,0.1776733100414276,183,K,S,F:\GENESIS Studio\genesis-studio\packages\engines-py\.pdb_cache\2ITN,A
3496,ThermoMPNN,2ITN,0.0018605589866638184,183,K,T,F:\GENESIS Studio\genesis-studio\packages\engines-py\.pdb_cache\2ITN,A
3497,ThermoMPNN,2ITN,-0.14151161909103394,183,K,V,F:\GENESIS Studio\genesis-studio\packages\engines-py\.pdb_cache\2ITN,A
3498,ThermoMPNN,2ITN,-0.39583659172058105,183,K,W,F:\GENESIS Studio\genesis-studio\packages\engines-py\.pdb_cache\2ITN,A
3499,ThermoMPNN,2ITN,-0.796442985534668,183,K,Y,F:\GENESIS Studio\genesis-studio\packages\engines-py\.pdb_cache\2ITN,A
3500,ThermoMPNN,2ITN,1.7224096059799194,184,W,A,F:\GENESIS Studio\genesis-studio\packages\engines-py\.pdb_cache\2ITN,A
3501,ThermoMPNN,2ITN,0.8723751306533813,184,W,C,F:\GENESIS Studio\genesis-studio\packages\engines-py\.pdb_cache\2ITN,A
3502,ThermoMPNN,2ITN,1.9575875997543335,184,W,D,F:\GENESIS Studio\genesis-studio\packages\engines-py\.pdb_cache\2ITN,A
3503,ThermoMPNN,2ITN,1.3828222751617432,184,W,E,F:\GENESIS Studio\genesis-studio\packages\engines-py\.pdb_cache\2ITN,A
3504,ThermoMPNN,2ITN,0.49732816219329834,184,W,F,F:\GENESIS Studio\genesis-studio\packages\engines-py\.pdb_cache\2ITN,A
3505,ThermoMPNN,2ITN,1.589909315109253,184,W,G,F:\GENESIS Studio\genesis-studio\packages\engines-py\.pdb_cache\2ITN,A
3506,ThermoMPNN,2ITN,1.1262656450271606,184,W,H,F:\GENESIS Studio\genesis-studio\packages\engines-py\.pdb_cache\2ITN,A
3507,ThermoMPNN,2ITN,1.6695780754089355,184,W,I,F:\GENESIS Studio\genesis-studio\packages\engines-py\.pdb_cache\2ITN,A
3508,ThermoMPNN,2ITN,1.5381170511245728,184,W,K,F:\GENESIS Studio\genesis-studio\packages\engines-py\.pdb_cache\2ITN,A
3509,ThermoMPNN,2ITN,1.4306590557098389,184,W,L,F:\GENESIS Studio\genesis-studio\packages\engines-py\.pdb_cache\2ITN,A
3510,ThermoMPNN,2ITN,1.3200182914733887,184,W,M,F:\GENESIS Studio\genesis-studio\packages\engines-py\.pdb_cache\2ITN,A
3511,ThermoMPNN,2ITN,1.6292202472686768,184,W,N,F:\GENESIS Studio\genesis-studio\packages\engines-py\.pdb_cache\2ITN,A
3512,ThermoMPNN,2ITN,2.219949245452881,184,W,P,F:\GENESIS Studio\genesis-studio\packages\engines-py\.pdb_cache\2ITN,A
3513,ThermoMPNN,2ITN,1.4128077030181885,184,W,Q,F:\GENESIS Studio\genesis-studio\packages\engines-py\.pdb_cache\2ITN,A
3514,ThermoMPNN,2ITN,1.3599839210510254,184,W,R,F:\GENESIS Studio\genesis-studio\packages\engines-py\.pdb_cache\2ITN,A
3515,ThermoMPNN,2ITN,1.6206467151641846,184,W,S,F:\GENESIS Studio\genesis-studio\packages\engines-py\.pdb_cache\2ITN,A
3516,ThermoMPNN,2ITN,1.4039769172668457,184,W,T,F:\GENESIS Studio\genesis-studio\packages\engines-py\.pdb_cache\2ITN,A
3517,ThermoMPNN,2ITN,1.466169834136963,184,W,V,F:\GENESIS Studio\genesis-studio\packages\engines-py\.pdb_cache\2ITN,A
3518,ThermoMPNN,2ITN,0.0,184,W,W,F:\GENESIS Studio\genesis-studio\packages\engines-py\.pdb_cache\2ITN,A
3519,ThermoMPNN,2ITN,0.10130524635314941,184,W,Y,F:\GENESIS Studio\genesis-studio\packages\engines-py\.pdb_cache\2ITN,A
3520,ThermoMPNN,2ITN,1.749830961227417,185,M,A,F:\GENESIS Studio\genesis-studio\packages\engines-py\.pdb_cache\2ITN,A
3521,ThermoMPNN,2ITN,1.115564227104187,185,M,C,F:\GENESIS Studio\genesis-studio\packages\engines-py\.pdb_cache\2ITN,A
3522,ThermoMPNN,2ITN,2.4144058227539062,185,M,D,F:\GENESIS Studio\genesis-studio\packages\engines-py\.pdb_cache\2ITN,A
3523,ThermoMPNN,2ITN,2.004063367843628,185,M,E,F:\GENESIS Studio\genesis-studio\packages\engines-py\.pdb_cache\2ITN,A
3524,ThermoMPNN,2ITN,1.4233953952789307,185,M,F,F:\GENESIS Studio\genesis-studio\packages\engines-py\.pdb_cache\2ITN,A
3525,ThermoMPNN,2ITN,2.5423977375030518,185,M,G,F:\GENESIS Studio\genesis-studio\packages\engines-py\.pdb_cache\2ITN,A
3526,ThermoMPNN,2ITN,1.950885534286499,185,M,H,F:\GENESIS Studio\genesis-studio\packages\engines-py\.pdb_cache\2ITN,A
3527,ThermoMPNN,2ITN,1.2484495639801025,185,M,I,F:\GENESIS Studio\genesis-studio\packages\engines-py\.pdb_cache\2ITN,A
3528,ThermoMPNN,2ITN,2.124828815460205,185,M,K,F:\GENESIS Studio\genesis-studio\packages\engines-py\.pdb_cache\2ITN,A
3529,ThermoMPNN,2ITN,0.0120391845703125,185,M,L,F:\GENESIS Studio\genesis-studio\packages\engines-py\.pdb_cache\2ITN,A
3530,ThermoMPNN,2ITN,0.0,185,M,M,F:\GENESIS Studio\genesis-studio\packages\engines-py\.pdb_cache\2ITN,A
3531,ThermoMPNN,2ITN,2.3068478107452393,185,M,N,F:\GENESIS Studio\genesis-studio\packages\engines-py\.pdb_cache\2ITN,A
3532,ThermoMPNN,2ITN,3.631857395172119,185,M,P,F:\GENESIS Studio\genesis-studio\packages\engines-py\.pdb_cache\2ITN,A
3533,ThermoMPNN,2ITN,1.305323600769043,185,M,Q,F:\GENESIS Studio\genesis-studio\packages\engines-py\.pdb_cache\2ITN,A
3534,ThermoMPNN,2ITN,2.1295857429504395,185,M,R,F:\GENESIS Studio\genesis-studio\packages\engines-py\.pdb_cache\2ITN,A
3535,ThermoMPNN,2ITN,2.010939598083496,185,M,S,F:\GENESIS Studio\genesis-studio\packages\engines-py\.pdb_cache\2ITN,A
3536,ThermoMPNN,2ITN,1.9806166887283325,185,M,T,F:\GENESIS Studio\genesis-studio\packages\engines-py\.pdb_cache\2ITN,A
3537,ThermoMPNN,2ITN,1.740227460861206,185,M,V,F:\GENESIS Studio\genesis-studio\packages\engines-py\.pdb_cache\2ITN,A
3538,ThermoMPNN,2ITN,1.5868330001831055,185,M,W,F:\GENESIS Studio\genesis-studio\packages\engines-py\.pdb_cache\2ITN,A
3539,ThermoMPNN,2ITN,1.672213077545166,185,M,Y,F:\GENESIS Studio\genesis-studio\packages\engines-py\.pdb_cache\2ITN,A
3540,ThermoMPNN,2ITN,0.0,186,A,A,F:\GENESIS Studio\genesis-studio\packages\engines-py\.pdb_cache\2ITN,A
3541,ThermoMPNN,2ITN,0.7113485336303711,186,A,C,F:\GENESIS Studio\genesis-studio\packages\engines-py\.pdb_cache\2ITN,A
3542,ThermoMPNN,2ITN,1.6711102724075317,186,A,D,F:\GENESIS Studio\genesis-studio\packages\engines-py\.pdb_cache\2ITN,A
3543,ThermoMPNN,2ITN,1.9217970371246338,186,A,E,F:\GENESIS Studio\genesis-studio\packages\engines-py\.pdb_cache\2ITN,A
3544,ThermoMPNN,2ITN,1.4081333875656128,186,A,F,F:\GENESIS Studio\genesis-studio\packages\engines-py\.pdb_cache\2ITN,A
3545,ThermoMPNN,2ITN,1.7352640628814697,186,A,G,F:\GENESIS Studio\genesis-studio\packages\engines-py\.pdb_cache\2ITN,A
3546,ThermoMPNN,2ITN,1.5113956928253174,186,A,H,F:\GENESIS Studio\genesis-studio\packages\engines-py\.pdb_cache\2ITN,A
3547,ThermoMPNN,2ITN,1.7254068851470947,186,A,I,F:\GENESIS Studio\genesis-studio\packages\engines-py\.pdb_cache\2ITN,A
3548,ThermoMPNN,2ITN,1.95645272731781,186,A,K,F:\GENESIS Studio\genesis-studio\packages\engines-py\.pdb_cache\2ITN,A
3549,ThermoMPNN,2ITN,1.425684928894043,186,A,L,F:\GENESIS Studio\genesis-studio\packages\engines-py\.pdb_cache\2ITN,A
3550,ThermoMPNN,2ITN,1.4067482948303223,186,A,M,F:\GENESIS Studio\genesis-studio\packages\engines-py\.pdb_cache\2ITN,A
3551,ThermoMPNN,2ITN,1.761715292930603,186,A,N,F:\GENESIS Studio\genesis-studio\packages\engines-py\.pdb_cache\2ITN,A
3552,ThermoMPNN,2ITN,2.1274797916412354,186,A,P,F:\GENESIS Studio\genesis-studio\packages\engines-py\.pdb_cache\2ITN,A
3553,ThermoMPNN,2ITN,1.889862060546875,186,A,Q,F:\GENESIS Studio\genesis-studio\packages\engines-py\.pdb_cache\2ITN,A
3554,ThermoMPNN,2ITN,1.859397530555725,186,A,R,F:\GENESIS Studio\genesis-studio\packages\engines-py\.pdb_cache\2ITN,A
3555,ThermoMPNN,2ITN,1.270003318786621,186,A,S,F:\GENESIS Studio\genesis-studio\packages\engines-py\.pdb_cache\2ITN,A
3556,ThermoMPNN,2ITN,1.9710146188735962,186,A,T,F:\GENESIS Studio\genesis-studio\packages\engines-py\.pdb_cache\2ITN,A
3557,ThermoMPNN,2ITN,1.115992784500122,186,A,V,F:\GENESIS Studio\genesis-studio\packages\engines-py\.pdb_cache\2ITN,A
3558,ThermoMPNN,2ITN,1.367021083831787,186,A,W,F:\GENESIS Studio\genesis-studio\packages\engines-py\.pdb_cache\2ITN,A
3559,ThermoMPNN,2ITN,1.2786428928375244,186,A,Y,F:\GENESIS Studio\genesis-studio\packages\engines-py\.pdb_cache\2ITN,A
3560,ThermoMPNN,2ITN,2.068004846572876,187,L,A,F:\GENESIS Studio\genesis-studio\packages\engines-py\.pdb_cache\2ITN,A
3561,ThermoMPNN,2ITN,0.7888693809509277,187,L,C,F:\GENESIS Studio\genesis-studio\packages\engines-py\.pdb_cache\2ITN,A
3562,ThermoMPNN,2ITN,2.868840217590332,187,L,D,F:\GENESIS Studio\genesis-studio\packages\engines-py\.pdb_cache\2ITN,A
3563,ThermoMPNN,2ITN,2.1336894035339355,187,L,E,F:\GENESIS Studio\genesis-studio\packages\engines-py\.pdb_cache\2ITN,A
3564,ThermoMPNN,2ITN,0.7928923964500427,187,L,F,F:\GENESIS Studio\genesis-studio\packages\engines-py\.pdb_cache\2ITN,A
3565,ThermoMPNN,2ITN,3.0162909030914307,187,L,G,F:\GENESIS Studio\genesis-studio\packages\engines-py\.pdb_cache\2ITN,A
3566,ThermoMPNN,2ITN,1.543637752532959,187,L,H,F:\GENESIS Studio\genesis-studio\packages\engines-py\.pdb_cache\2ITN,A
3567,ThermoMPNN,2ITN,0.20490336418151855,187,L,I,F:\GENESIS Studio\genesis-studio\packages\engines-py\.pdb_cache\2ITN,A
3568,ThermoMPNN,2ITN,1.0937358140945435,187,L,K,F:\GENESIS Studio\genesis-studio\packages\engines-py\.pdb_cache\2ITN,A
3569,ThermoMPNN,2ITN,0.0,187,L,L,F:\GENESIS Studio\genesis-studio\packages\engines-py\.pdb_cache\2ITN,A
3570,ThermoMPNN,2ITN,0.6673698425292969,187,L,M,F:\GENESIS Studio\genesis-studio\packages\engines-py\.pdb_cache\2ITN,A
3571,ThermoMPNN,2ITN,2.2643277645111084,187,L,N,F:\GENESIS Studio\genesis-studio\packages\engines-py\.pdb_cache\2ITN,A
3572,ThermoMPNN,2ITN,0.9707531332969666,187,L,P,F:\GENESIS Studio\genesis-studio\packages\engines-py\.pdb_cache\2ITN,A
3573,ThermoMPNN,2ITN,1.6704579591751099,187,L,Q,F:\GENESIS Studio\genesis-studio\packages\engines-py\.pdb_cache\2ITN,A
3574,ThermoMPNN,2ITN,1.0195204019546509,187,L,R,F:\GENESIS Studio\genesis-studio\packages\engines-py\.pdb_cache\2ITN,A
3575,ThermoMPNN,2ITN,2.181413173675537,187,L,S,F:\GENESIS Studio\genesis-studio\packages\engines-py\.pdb_cache\2ITN,A
3576,ThermoMPNN,2ITN,1.649655818939209,187,L,T,F:\GENESIS Studio\genesis-studio\packages\engines-py\.pdb_cache\2ITN,A
3577,ThermoMPNN,2ITN,0.758887767791748,187,L,V,F:\GENESIS Studio\genesis-studio\packages\engines-py\.pdb_cache\2ITN,A
3578,ThermoMPNN,2ITN,0.3586905002593994,187,L,W,F:\GENESIS Studio\genesis-studio\packages\engines-py\.pdb_cache\2ITN,A
3579,ThermoMPNN,2ITN,0.6442866325378418,187,L,Y,F:\GENESIS Studio\genesis-studio\packages\engines-py\.pdb_cache\2ITN,A
3580,ThermoMPNN,2ITN,0.35042452812194824,188,E,A,F:\GENESIS Studio\genesis-studio\packages\engines-py\.pdb_cache\2ITN,A
3581,ThermoMPNN,2ITN,0.2978696823120117,188,E,C,F:\GENESIS Studio\genesis-studio\packages\engines-py\.pdb_cache\2ITN,A
3582,ThermoMPNN,2ITN,0.45186954736709595,188,E,D,F:\GENESIS Studio\genesis-studio\packages\engines-py\.pdb_cache\2ITN,A
3583,ThermoMPNN,2ITN,0.0,188,E,E,F:\GENESIS Studio\genesis-studio\packages\engines-py\.pdb_cache\2ITN,A
3584,ThermoMPNN,2ITN,0.9495401978492737,188,E,F,F:\GENESIS Studio\genesis-studio\packages\engines-py\.pdb_cache\2ITN,A
3585,ThermoMPNN,2ITN,0.8647332191467285,188,E,G,F:\GENESIS Studio\genesis-studio\packages\engines-py\.pdb_cache\2ITN,A
3586,ThermoMPNN,2ITN,0.7162166237831116,188,E,H,F:\GENESIS Studio\genesis-studio\packages\engines-py\.pdb_cache\2ITN,A
3587,ThermoMPNN,2ITN,0.8385536670684814,188,E,I,F:\GENESIS Studio\genesis-studio\packages\engines-py\.pdb_cache\2ITN,A
3588,ThermoMPNN,2ITN,1.1863943338394165,188,E,K,F:\GENESIS Studio\genesis-studio\packages\engines-py\.pdb_cache\2ITN,A
3589,ThermoMPNN,2ITN,0.9968087673187256,188,E,L,F:\GENESIS Studio\genesis-studio\packages\engines-py\.pdb_cache\2ITN,A
3590,ThermoMPNN,2ITN,0.8931288719177246,188,E,M,F:\GENESIS Studio\genesis-studio\packages\engines-py\.pdb_cache\2ITN,A
3591,ThermoMPNN,2ITN,0.9115636348724365,188,E,N,F:\GENESIS Studio\genesis-studio\packages\engines-py\.pdb_cache\2ITN,A
3592,ThermoMPNN,2ITN,0.8896128535270691,188,E,P,F:\GENESIS Studio\genesis-studio\packages\engines-py\.pdb_cache\2ITN,A
3593,ThermoMPNN,2ITN,0.7266310453414917,188,E,Q,F:\GENESIS Studio\genesis-studio\packages\engines-py\.pdb_cache\2ITN,A
3594,ThermoMPNN,2ITN,1.2250566482543945,188,E,R,F:\GENESIS Studio\genesis-studio\packages\engines-py\.pdb_cache\2ITN,A
3595,ThermoMPNN,2ITN,0.444413959980011,188,E,S,F:\GENESIS Studio\genesis-studio\packages\engines-py\.pdb_cache\2ITN,A
3596,ThermoMPNN,2ITN,0.7789344787597656,188,E,T,F:\GENESIS Studio\genesis-studio\packages\engines-py\.pdb_cache\2ITN,A
3597,ThermoMPNN,2ITN,0.8902749419212341,188,E,V,F:\GENESIS Studio\genesis-studio\packages\engines-py\.pdb_cache\2ITN,A
3598,ThermoMPNN,2ITN,0.5724023580551147,188,E,W,F:\GENESIS Studio\genesis-studio\packages\engines-py\.pdb_cache\2ITN,A
3599,ThermoMPNN,2ITN,0.5665291547775269,188,E,Y,F:\GENESIS Studio\genesis-studio\packages\engines-py\.pdb_cache\2ITN,A
3600,ThermoMPNN,2ITN,-0.1807030439376831,189,S,A,F:\GENESIS Studio\genesis-studio\packages\engines-py\.pdb_cache\2ITN,A
3601,ThermoMPNN,2ITN,-0.06887400150299072,189,S,C,F:\GENESIS Studio\genesis-studio\packages\engines-py\.pdb_cache\2ITN,A
3602,ThermoMPNN,2ITN,1.1445324420928955,189,S,D,F:\GENESIS Studio\genesis-studio\packages\engines-py\.pdb_cache\2ITN,A
3603,ThermoMPNN,2ITN,0.6343274712562561,189,S,E,F:\GENESIS Studio\genesis-studio\packages\engines-py\.pdb_cache\2ITN,A
3604,ThermoMPNN,2ITN,0.5362874269485474,189,S,F,F:\GENESIS Studio\genesis-studio\packages\engines-py\.pdb_cache\2ITN,A
3605,ThermoMPNN,2ITN,0.915339469909668,189,S,G,F:\GENESIS Studio\genesis-studio\packages\engines-py\.pdb_cache\2ITN,A
3606,ThermoMPNN,2ITN,0.9911209940910339,189,S,H,F:\GENESIS Studio\genesis-studio\packages\engines-py\.pdb_cache\2ITN,A
3607,ThermoMPNN,2ITN,0.3684059977531433,189,S,I,F:\GENESIS Studio\genesis-studio\packages\engines-py\.pdb_cache\2ITN,A
3608,ThermoMPNN,2ITN,1.4316439628601074,189,S,K,F:\GENESIS Studio\genesis-studio\packages\engines-py\.pdb_cache\2ITN,A
3609,ThermoMPNN,2ITN,0.6739238500595093,189,S,L,F:\GENESIS Studio\genesis-studio\packages\engines-py\.pdb_cache\2ITN,A
3610,ThermoMPNN,2ITN,0.42823290824890137,189,S,M,F:\GENESIS Studio\genesis-studio\packages\engines-py\.pdb_cache\2ITN,A
3611,ThermoMPNN,2ITN,1.2877947092056274,189,S,N,F:\GENESIS Studio\genesis-studio\packages\engines-py\.pdb_cache\2ITN,A
3612,ThermoMPNN,2ITN,2.2920186519622803,189,S,P,F:\GENESIS Studio\genesis-studio\packages\engines-py\.pdb_cache\2ITN,A
3613,ThermoMPNN,2ITN,0.8210461139678955,189,S,Q,F:\GENESIS Studio\genesis-studio\packages\engines-py\.pdb_cache\2ITN,A
3614,ThermoMPNN,2ITN,1.2767186164855957,189,S,R,F:\GENESIS Studio\genesis-studio\packages\engines-py\.pdb_cache\2ITN,A
3615,ThermoMPNN,2ITN,0.0,189,S,S,F:\GENESIS Studio\genesis-studio\packages\engines-py\.pdb_cache\2ITN,A
3616,ThermoMPNN,2ITN,-0.08227086067199707,189,S,T,F:\GENESIS Studio\genesis-studio\packages\engines-py\.pdb_cache\2ITN,A
3617,ThermoMPNN,2ITN,0.03795015811920166,189,S,V,F:\GENESIS Studio\genesis-studio\packages\engines-py\.pdb_cache\2ITN,A
3618,ThermoMPNN,2ITN,0.445747435092926,189,S,W,F:\GENESIS Studio\genesis-studio\packages\engines-py\.pdb_cache\2ITN,A
3619,ThermoMPNN,2ITN,0.5966670513153076,189,S,Y,F:\GENESIS Studio\genesis-studio\packages\engines-py\.pdb_cache\2ITN,A
3620,ThermoMPNN,2ITN,1.5265401601791382,190,I,A,F:\GENESIS Studio\genesis-studio\packages\engines-py\.pdb_cache\2ITN,A
3621,ThermoMPNN,2ITN,0.9095835089683533,190,I,C,F:\GENESIS Studio\genesis-studio\packages\engines-py\.pdb_cache\2ITN,A
3622,ThermoMPNN,2ITN,2.2372829914093018,190,I,D,F:\GENESIS Studio\genesis-studio\packages\engines-py\.pdb_cache\2ITN,A
3623,ThermoMPNN,2ITN,1.9310581684112549,190,I,E,F:\GENESIS Studio\genesis-studio\packages\engines-py\.pdb_cache\2ITN,A
3624,ThermoMPNN,2ITN,0.975223183631897,190,I,F,F:\GENESIS Studio\genesis-studio\packages\engines-py\.pdb_cache\2ITN,A
3625,ThermoMPNN,2ITN,1.8551781177520752,190,I,G,F:\GENESIS Studio\genesis-studio\packages\engines-py\.pdb_cache\2ITN,A
3626,ThermoMPNN,2ITN,1.7698822021484375,190,I,H,F:\GENESIS Studio\genesis-studio\packages\engines-py\.pdb_cache\2ITN,A
3627,ThermoMPNN,2ITN,0.0,190,I,I,F:\GENESIS Studio\genesis-studio\packages\engines-py\.pdb_cache\2ITN,A
3628,ThermoMPNN,2ITN,1.707040548324585,190,I,K,F:\GENESIS Studio\genesis-studio\packages\engines-py\.pdb_cache\2ITN,A
3629,ThermoMPNN,2ITN,-0.1810319423675537,190,I,L,F:\GENESIS Studio\genesis-studio\packages\engines-py\.pdb_cache\2ITN,A
3630,ThermoMPNN,2ITN,0.28092479705810547,190,I,M,F:\GENESIS Studio\genesis-studio\packages\engines-py\.pdb_cache\2ITN,A
3631,ThermoMPNN,2ITN,2.0033059120178223,190,I,N,F:\GENESIS Studio\genesis-studio\packages\engines-py\.pdb_cache\2ITN,A
3632,ThermoMPNN,2ITN,2.261892557144165,190,I,P,F:\GENESIS Studio\genesis-studio\packages\engines-py\.pdb_cache\2ITN,A
3633,ThermoMPNN,2ITN,1.6236119270324707,190,I,Q,F:\GENESIS Studio\genesis-studio\packages\engines-py\.pdb_cache\2ITN,A
3634,ThermoMPNN,2ITN,1.7233428955078125,190,I,R,F:\GENESIS Studio\genesis-studio\packages\engines-py\.pdb_cache\2ITN,A
3635,ThermoMPNN,2ITN,1.976003885269165,190,I,S,F:\GENESIS Studio\genesis-studio\packages\engines-py\.pdb_cache\2ITN,A
3636,ThermoMPNN,2ITN,1.5635242462158203,190,I,T,F:\GENESIS Studio\genesis-studio\packages\engines-py\.pdb_cache\2ITN,A
3637,ThermoMPNN,2ITN,0.7335751056671143,190,I,V,F:\GENESIS Studio\genesis-studio\packages\engines-py\.pdb_cache\2ITN,A
3638,ThermoMPNN,2ITN,1.2533760070800781,190,I,W,F:\GENESIS Studio\genesis-studio\packages\engines-py\.pdb_cache\2ITN,A
3639,ThermoMPNN,2ITN,1.2336630821228027,190,I,Y,F:\GENESIS Studio\genesis-studio\packages\engines-py\.pdb_cache\2ITN,A
3640,ThermoMPNN,2ITN,1.4138484001159668,191,L,A,F:\GENESIS Studio\genesis-studio\packages\engines-py\.pdb_cache\2ITN,A
3641,ThermoMPNN,2ITN,0.4804726839065552,191,L,C,F:\GENESIS Studio\genesis-studio\packages\engines-py\.pdb_cache\2ITN,A
3642,ThermoMPNN,2ITN,2.540477991104126,191,L,D,F:\GENESIS Studio\genesis-studio\packages\engines-py\.pdb_cache\2ITN,A
3643,ThermoMPNN,2ITN,1.7633180618286133,191,L,E,F:\GENESIS Studio\genesis-studio\packages\engines-py\.pdb_cache\2ITN,A
3644,ThermoMPNN,2ITN,0.985298752784729,191,L,F,F:\GENESIS Studio\genesis-studio\packages\engines-py\.pdb_cache\2ITN,A
3645,ThermoMPNN,2ITN,2.1688826084136963,191,L,G,F:\GENESIS Studio\genesis-studio\packages\engines-py\.pdb_cache\2ITN,A
3646,ThermoMPNN,2ITN,1.0731151103973389,191,L,H,F:\GENESIS Studio\genesis-studio\packages\engines-py\.pdb_cache\2ITN,A
3647,ThermoMPNN,2ITN,0.20550525188446045,191,L,I,F:\GENESIS Studio\genesis-studio\packages\engines-py\.pdb_cache\2ITN,A
3648,ThermoMPNN,2ITN,0.21868550777435303,191,L,K,F:\GENESIS Studio\genesis-studio\packages\engines-py\.pdb_cache\2ITN,A
3649,ThermoMPNN,2ITN,0.0,191,L,L,F:\GENESIS Studio\genesis-studio\packages\engines-py\.pdb_cache\2ITN,A
3650,ThermoMPNN,2ITN,0.428838849067688,191,L,M,F:\GENESIS Studio\genesis-studio\packages\engines-py\.pdb_cache\2ITN,A
3651,ThermoMPNN,2ITN,1.1779277324676514,191,L,N,F:\GENESIS Studio\genesis-studio\packages\engines-py\.pdb_cache\2ITN,A
3652,ThermoMPNN,2ITN,2.7975635528564453,191,L,P,F:\GENESIS Studio\genesis-studio\packages\engines-py\.pdb_cache\2ITN,A
3653,ThermoMPNN,2ITN,1.086973786354065,191,L,Q,F:\GENESIS Studio\genesis-studio\packages\engines-py\.pdb_cache\2ITN,A
3654,ThermoMPNN,2ITN,-0.18541169166564941,191,L,R,F:\GENESIS Studio\genesis-studio\packages\engines-py\.pdb_cache\2ITN,A
3655,ThermoMPNN,2ITN,1.3588716983795166,191,L,S,F:\GENESIS Studio\genesis-studio\packages\engines-py\.pdb_cache\2ITN,A
3656,ThermoMPNN,2ITN,0.6241419315338135,191,L,T,F:\GENESIS Studio\genesis-studio\packages\engines-py\.pdb_cache\2ITN,A
3657,ThermoMPNN,2ITN,0.4401625394821167,191,L,V,F:\GENESIS Studio\genesis-studio\packages\engines-py\.pdb_cache\2ITN,A
3658,ThermoMPNN,2ITN,1.2885615825653076,191,L,W,F:\GENESIS Studio\genesis-studio\packages\engines-py\.pdb_cache\2ITN,A
3659,ThermoMPNN,2ITN,1.0810084342956543,191,L,Y,F:\GENESIS Studio\genesis-studio\packages\engines-py\.pdb_cache\2ITN,A
3660,ThermoMPNN,2ITN,0.6151189208030701,192,H,A,F:\GENESIS Studio\genesis-studio\packages\engines-py\.pdb_cache\2ITN,A
3661,ThermoMPNN,2ITN,0.06585514545440674,192,H,C,F:\GENESIS Studio\genesis-studio\packages\engines-py\.pdb_cache\2ITN,A
3662,ThermoMPNN,2ITN,1.308957815170288,192,H,D,F:\GENESIS Studio\genesis-studio\packages\engines-py\.pdb_cache\2ITN,A
3663,ThermoMPNN,2ITN,1.1221091747283936,192,H,E,F:\GENESIS Studio\genesis-studio\packages\engines-py\.pdb_cache\2ITN,A
3664,ThermoMPNN,2ITN,0.32013756036758423,192,H,F,F:\GENESIS Studio\genesis-studio\packages\engines-py\.pdb_cache\2ITN,A
3665,ThermoMPNN,2ITN,1.0280522108078003,192,H,G,F:\GENESIS Studio\genesis-studio\packages\engines-py\.pdb_cache\2ITN,A
3666,ThermoMPNN,2ITN,0.0,192,H,H,F:\GENESIS Studio\genesis-studio\packages\engines-py\.pdb_cache\2ITN,A
3667,ThermoMPNN,2ITN,0.8310452699661255,192,H,I,F:\GENESIS Studio\genesis-studio\packages\engines-py\.pdb_cache\2ITN,A
3668,ThermoMPNN,2ITN,0.25961780548095703,192,H,K,F:\GENESIS Studio\genesis-studio\packages\engines-py\.pdb_cache\2ITN,A
3669,ThermoMPNN,2ITN,0.5215826034545898,192,H,L,F:\GENESIS Studio\genesis-studio\packages\engines-py\.pdb_cache\2ITN,A
3670,ThermoMPNN,2ITN,0.4629325270652771,192,H,M,F:\GENESIS Studio\genesis-studio\packages\engines-py\.pdb_cache\2ITN,A
3671,ThermoMPNN,2ITN,0.4039424657821655,192,H,N,F:\GENESIS Studio\genesis-studio\packages\engines-py\.pdb_cache\2ITN,A
3672,ThermoMPNN,2ITN,2.159575939178467,192,H,P,F:\GENESIS Studio\genesis-studio\packages\engines-py\.pdb_cache\2ITN,A
3673,ThermoMPNN,2ITN,0.5868529081344604,192,H,Q,F:\GENESIS Studio\genesis-studio\packages\engines-py\.pdb_cache\2ITN,A
3674,ThermoMPNN,2ITN,-0.039342284202575684,192,H,R,F:\GENESIS Studio\genesis-studio\packages\engines-py\.pdb_cache\2ITN,A
3675,ThermoMPNN,2ITN,0.6235941648483276,192,H,S,F:\GENESIS Studio\genesis-studio\packages\engines-py\.pdb_cache\2ITN,A
3676,ThermoMPNN,2ITN,0.7357780933380127,192,H,T,F:\GENESIS Studio\genesis-studio\packages\engines-py\.pdb_cache\2ITN,A
3677,ThermoMPNN,2ITN,0.81646728515625,192,H,V,F:\GENESIS Studio\genesis-studio\packages\engines-py\.pdb_cache\2ITN,A
3678,ThermoMPNN,2ITN,0.21387410163879395,192,H,W,F:\GENESIS Studio\genesis-studio\packages\engines-py\.pdb_cache\2ITN,A
3679,ThermoMPNN,2ITN,0.10681402683258057,192,H,Y,F:\GENESIS Studio\genesis-studio\packages\engines-py\.pdb_cache\2ITN,A
3680,ThermoMPNN,2ITN,0.04800993204116821,193,R,A,F:\GENESIS Studio\genesis-studio\packages\engines-py\.pdb_cache\2ITN,A
3681,ThermoMPNN,2ITN,-0.3921924829483032,193,R,C,F:\GENESIS Studio\genesis-studio\packages\engines-py\.pdb_cache\2ITN,A
3682,ThermoMPNN,2ITN,0.0746755599975586,193,R,D,F:\GENESIS Studio\genesis-studio\packages\engines-py\.pdb_cache\2ITN,A
3683,ThermoMPNN,2ITN,0.12672507762908936,193,R,E,F:\GENESIS Studio\genesis-studio\packages\engines-py\.pdb_cache\2ITN,A
3684,ThermoMPNN,2ITN,0.18197721242904663,193,R,F,F:\GENESIS Studio\genesis-studio\packages\engines-py\.pdb_cache\2ITN,A
3685,ThermoMPNN,2ITN,-0.6725540161132812,193,R,G,F:\GENESIS Studio\genesis-studio\packages\engines-py\.pdb_cache\2ITN,A
3686,ThermoMPNN,2ITN,-0.21440589427947998,193,R,H,F:\GENESIS Studio\genesis-studio\packages\engines-py\.pdb_cache\2ITN,A
3687,ThermoMPNN,2ITN,1.1708321571350098,193,R,I,F:\GENESIS Studio\genesis-studio\packages\engines-py\.pdb_cache\2ITN,A
3688,ThermoMPNN,2ITN,-0.2526531219482422,193,R,K,F:\GENESIS Studio\genesis-studio\packages\engines-py\.pdb_cache\2ITN,A
3689,ThermoMPNN,2ITN,0.321294367313385,193,R,L,F:\GENESIS Studio\genesis-studio\packages\engines-py\.pdb_cache\2ITN,A
3690,ThermoMPNN,2ITN,-0.07150530815124512,193,R,M,F:\GENESIS Studio\genesis-studio\packages\engines-py\.pdb_cache\2ITN,A
3691,ThermoMPNN,2ITN,-0.39612817764282227,193,R,N,F:\GENESIS Studio\genesis-studio\packages\engines-py\.pdb_cache\2ITN,A
3692,ThermoMPNN,2ITN,1.8127977848052979,193,R,P,F:\GENESIS Studio\genesis-studio\packages\engines-py\.pdb_cache\2ITN,A
3693,ThermoMPNN,2ITN,-0.35153019428253174,193,R,Q,F:\GENESIS Studio\genesis-studio\packages\engines-py\.pdb_cache\2ITN,A
3694,ThermoMPNN,2ITN,0.0,193,R,R,F:\GENESIS Studio\genesis-studio\packages\engines-py\.pdb_cache\2ITN,A
3695,ThermoMPNN,2ITN,0.002475261688232422,193,R,S,F:\GENESIS Studio\genesis-studio\packages\engines-py\.pdb_cache\2ITN,A
3696,ThermoMPNN,2ITN,0.7336647510528564,193,R,T,F:\GENESIS Studio\genesis-studio\packages\engines-py\.pdb_cache\2ITN,A
3697,ThermoMPNN,2ITN,1.0739612579345703,193,R,V,F:\GENESIS Studio\genesis-studio\packages\engines-py\.pdb_cache\2ITN,A
3698,ThermoMPNN,2ITN,0.2822379767894745,193,R,W,F:\GENESIS Studio\genesis-studio\packages\engines-py\.pdb_cache\2ITN,A
3699,ThermoMPNN,2ITN,0.27120861411094666,193,R,Y,F:\GENESIS Studio\genesis-studio\packages\engines-py\.pdb_cache\2ITN,A
3700,ThermoMPNN,2ITN,1.5286543369293213,194,I,A,F:\GENESIS Studio\genesis-studio\packages\engines-py\.pdb_cache\2ITN,A
3701,ThermoMPNN,2ITN,0.69720458984375,194,I,C,F:\GENESIS Studio\genesis-studio\packages\engines-py\.pdb_cache\2ITN,A
3702,ThermoMPNN,2ITN,1.9584083557128906,194,I,D,F:\GENESIS Studio\genesis-studio\packages\engines-py\.pdb_cache\2ITN,A
3703,ThermoMPNN,2ITN,1.768635869026184,194,I,E,F:\GENESIS Studio\genesis-studio\packages\engines-py\.pdb_cache\2ITN,A
3704,ThermoMPNN,2ITN,0.8720923066139221,194,I,F,F:\GENESIS Studio\genesis-studio\packages\engines-py\.pdb_cache\2ITN,A
3705,ThermoMPNN,2ITN,2.1724746227264404,194,I,G,F:\GENESIS Studio\genesis-studio\packages\engines-py\.pdb_cache\2ITN,A
3706,ThermoMPNN,2ITN,0.9970054626464844,194,I,H,F:\GENESIS Studio\genesis-studio\packages\engines-py\.pdb_cache\2ITN,A
3707,ThermoMPNN,2ITN,0.0,194,I,I,F:\GENESIS Studio\genesis-studio\packages\engines-py\.pdb_cache\2ITN,A
3708,ThermoMPNN,2ITN,1.053039312362671,194,I,K,F:\GENESIS Studio\genesis-studio\packages\engines-py\.pdb_cache\2ITN,A
3709,ThermoMPNN,2ITN,0.8550001978874207,194,I,L,F:\GENESIS Studio\genesis-studio\packages\engines-py\.pdb_cache\2ITN,A
3710,ThermoMPNN,2ITN,1.0511858463287354,194,I,M,F:\GENESIS Studio\genesis-studio\packages\engines-py\.pdb_cache\2ITN,A
3711,ThermoMPNN,2ITN,1.3719748258590698,194,I,N,F:\GENESIS Studio\genesis-studio\packages\engines-py\.pdb_cache\2ITN,A
3712,ThermoMPNN,2ITN,2.7400577068328857,194,I,P,F:\GENESIS Studio\genesis-studio\packages\engines-py\.pdb_cache\2ITN,A
3713,ThermoMPNN,2ITN,1.2779297828674316,194,I,Q,F:\GENESIS Studio\genesis-studio\packages\engines-py\.pdb_cache\2ITN,A
3714,ThermoMPNN,2ITN,1.0178749561309814,194,I,R,F:\GENESIS Studio\genesis-studio\packages\engines-py\.pdb_cache\2ITN,A
3715,ThermoMPNN,2ITN,1.319686770439148,194,I,S,F:\GENESIS Studio\genesis-studio\packages\engines-py\.pdb_cache\2ITN,A
3716,ThermoMPNN,2ITN,0.9408932328224182,194,I,T,F:\GENESIS Studio\genesis-studio\packages\engines-py\.pdb_cache\2ITN,A
3717,ThermoMPNN,2ITN,0.23569941520690918,194,I,V,F:\GENESIS Studio\genesis-studio\packages\engines-py\.pdb_cache\2ITN,A
3718,ThermoMPNN,2ITN,0.992038905620575,194,I,W,F:\GENESIS Studio\genesis-studio\packages\engines-py\.pdb_cache\2ITN,A
3719,ThermoMPNN,2ITN,0.8096938133239746,194,I,Y,F:\GENESIS Studio\genesis-studio\packages\engines-py\.pdb_cache\2ITN,A
3720,ThermoMPNN,2ITN,2.673265218734741,195,Y,A,F:\GENESIS Studio\genesis-studio\packages\engines-py\.pdb_cache\2ITN,A
3721,ThermoMPNN,2ITN,1.7126660346984863,195,Y,C,F:\GENESIS Studio\genesis-studio\packages\engines-py\.pdb_cache\2ITN,A
3722,ThermoMPNN,2ITN,2.317270278930664,195,Y,D,F:\GENESIS Studio\genesis-studio\packages\engines-py\.pdb_cache\2ITN,A
3723,ThermoMPNN,2ITN,2.3965320587158203,195,Y,E,F:\GENESIS Studio\genesis-studio\packages\engines-py\.pdb_cache\2ITN,A
3724,ThermoMPNN,2ITN,0.7014095783233643,195,Y,F,F:\GENESIS Studio\genesis-studio\packages\engines-py\.pdb_cache\2ITN,A
3725,ThermoMPNN,2ITN,2.789926767349243,195,Y,G,F:\GENESIS Studio\genesis-studio\packages\engines-py\.pdb_cache\2ITN,A
3726,ThermoMPNN,2ITN,1.3676804304122925,195,Y,H,F:\GENESIS Studio\genesis-studio\packages\engines-py\.pdb_cache\2ITN,A
3727,ThermoMPNN,2ITN,2.4992408752441406,195,Y,I,F:\GENESIS Studio\genesis-studio\packages\engines-py\.pdb_cache\2ITN,A
3728,ThermoMPNN,2ITN,2.6406092643737793,195,Y,K,F:\GENESIS Studio\genesis-studio\packages\engines-py\.pdb_cache\2ITN,A
3729,ThermoMPNN,2ITN,2.228879928588867,195,Y,L,F:\GENESIS Studio\genesis-studio\packages\engines-py\.pdb_cache\2ITN,A
3730,ThermoMPNN,2ITN,2.2905280590057373,195,Y,M,F:\GENESIS Studio\genesis-studio\packages\engines-py\.pdb_cache\2ITN,A
3731,ThermoMPNN,2ITN,2.066300392150879,195,Y,N,F:\GENESIS Studio\genesis-studio\packages\engines-py\.pdb_cache\2ITN,A
3732,ThermoMPNN,2ITN,2.7247278690338135,195,Y,P,F:\GENESIS Studio\genesis-studio\packages\engines-py\.pdb_cache\2ITN,A
3733,ThermoMPNN,2ITN,2.431152820587158,195,Y,Q,F:\GENESIS Studio\genesis-studio\packages\engines-py\.pdb_cache\2ITN,A
3734,ThermoMPNN,2ITN,2.475532054901123,195,Y,R,F:\GENESIS Studio\genesis-studio\packages\engines-py\.pdb_cache\2ITN,A
3735,ThermoMPNN,2ITN,2.5084915161132812,195,Y,S,F:\GENESIS Studio\genesis-studio\packages\engines-py\.pdb_cache\2ITN,A
3736,ThermoMPNN,2ITN,2.343144655227661,195,Y,T,F:\GENESIS Studio\genesis-studio\packages\engines-py\.pdb_cache\2ITN,A
3737,ThermoMPNN,2ITN,2.340676784515381,195,Y,V,F:\GENESIS Studio\genesis-studio\packages\engines-py\.pdb_cache\2ITN,A
3738,ThermoMPNN,2ITN,0.37487125396728516,195,Y,W,F:\GENESIS Studio\genesis-studio\packages\engines-py\.pdb_cache\2ITN,A
3739,ThermoMPNN,2ITN,0.0,195,Y,Y,F:\GENESIS Studio\genesis-studio\packages\engines-py\.pdb_cache\2ITN,A
3740,ThermoMPNN,2ITN,1.4207357168197632,196,T,A,F:\GENESIS Studio\genesis-studio\packages\engines-py\.pdb_cache\2ITN,A
3741,ThermoMPNN,2ITN,0.9380783438682556,196,T,C,F:\GENESIS Studio\genesis-studio\packages\engines-py\.pdb_cache\2ITN,A
3742,ThermoMPNN,2ITN,0.9445550441741943,196,T,D,F:\GENESIS Studio\genesis-studio\packages\engines-py\.pdb_cache\2ITN,A
3743,ThermoMPNN,2ITN,1.6913127899169922,196,T,E,F:\GENESIS Studio\genesis-studio\packages\engines-py\.pdb_cache\2ITN,A
3744,ThermoMPNN,2ITN,1.4693313837051392,196,T,F,F:\GENESIS Studio\genesis-studio\packages\engines-py\.pdb_cache\2ITN,A
3745,ThermoMPNN,2ITN,1.0522334575653076,196,T,G,F:\GENESIS Studio\genesis-studio\packages\engines-py\.pdb_cache\2ITN,A
3746,ThermoMPNN,2ITN,1.0310163497924805,196,T,H,F:\GENESIS Studio\genesis-studio\packages\engines-py\.pdb_cache\2ITN,A
3747,ThermoMPNN,2ITN,1.8116858005523682,196,T,I,F:\GENESIS Studio\genesis-studio\packages\engines-py\.pdb_cache\2ITN,A
3748,ThermoMPNN,2ITN,1.3718974590301514,196,T,K,F:\GENESIS Studio\genesis-studio\packages\engines-py\.pdb_cache\2ITN,A
3749,ThermoMPNN,2ITN,1.6350178718566895,196,T,L,F:\GENESIS Studio\genesis-studio\packages\engines-py\.pdb_cache\2ITN,A
3750,ThermoMPNN,2ITN,1.681448221206665,196,T,M,F:\GENESIS Studio\genesis-studio\packages\engines-py\.pdb_cache\2ITN,A
3751,ThermoMPNN,2ITN,0.3155219554901123,196,T,N,F:\GENESIS Studio\genesis-studio\packages\engines-py\.pdb_cache\2ITN,A
3752,ThermoMPNN,2ITN,2.006042242050171,196,T,P,F:\GENESIS Studio\genesis-studio\packages\engines-py\.pdb_cache\2ITN,A
3753,ThermoMPNN,2ITN,1.481032371520996,196,T,Q,F:\GENESIS Studio\genesis-studio\packages\engines-py\.pdb_cache\2ITN,A
3754,ThermoMPNN,2ITN,1.1921839714050293,196,T,R,F:\GENESIS Studio\genesis-studio\packages\engines-py\.pdb_cache\2ITN,A
3755,ThermoMPNN,2ITN,0.2822747230529785,196,T,S,F:\GENESIS Studio\genesis-studio\packages\engines-py\.pdb_cache\2ITN,A
3756,ThermoMPNN,2ITN,0.0,196,T,T,F:\GENESIS Studio\genesis-studio\packages\engines-py\.pdb_cache\2ITN,A
3757,ThermoMPNN,2ITN,1.582969069480896,196,T,V,F:\GENESIS Studio\genesis-studio\packages\engines-py\.pdb_cache\2ITN,A
3758,ThermoMPNN,2ITN,1.4210669994354248,196,T,W,F:\GENESIS Studio\genesis-studio\packages\engines-py\.pdb_cache\2ITN,A
3759,ThermoMPNN,2ITN,1.3412656784057617,196,T,Y,F:\GENESIS Studio\genesis-studio\packages\engines-py\.pdb_cache\2ITN,A
3760,ThermoMPNN,2ITN,0.8780758380889893,197,H,A,F:\GENESIS Studio\genesis-studio\packages\engines-py\.pdb_cache\2ITN,A
3761,ThermoMPNN,2ITN,0.2374504804611206,197,H,C,F:\GENESIS Studio\genesis-studio\packages\engines-py\.pdb_cache\2ITN,A
3762,ThermoMPNN,2ITN,1.3521904945373535,197,H,D,F:\GENESIS Studio\genesis-studio\packages\engines-py\.pdb_cache\2ITN,A
3763,ThermoMPNN,2ITN,1.4468438625335693,197,H,E,F:\GENESIS Studio\genesis-studio\packages\engines-py\.pdb_cache\2ITN,A
3764,ThermoMPNN,2ITN,0.235254168510437,197,H,F,F:\GENESIS Studio\genesis-studio\packages\engines-py\.pdb_cache\2ITN,A
3765,ThermoMPNN,2ITN,1.4848377704620361,197,H,G,F:\GENESIS Studio\genesis-studio\packages\engines-py\.pdb_cache\2ITN,A
3766,ThermoMPNN,2ITN,0.0,197,H,H,F:\GENESIS Studio\genesis-studio\packages\engines-py\.pdb_cache\2ITN,A
3767,ThermoMPNN,2ITN,0.3522183895111084,197,H,I,F:\GENESIS Studio\genesis-studio\packages\engines-py\.pdb_cache\2ITN,A
3768,ThermoMPNN,2ITN,0.8632521629333496,197,H,K,F:\GENESIS Studio\genesis-studio\packages\engines-py\.pdb_cache\2ITN,A
3769,ThermoMPNN,2ITN,0.48508936166763306,197,H,L,F:\GENESIS Studio\genesis-studio\packages\engines-py\.pdb_cache\2ITN,A
3770,ThermoMPNN,2ITN,0.7041643261909485,197,H,M,F:\GENESIS Studio\genesis-studio\packages\engines-py\.pdb_cache\2ITN,A
3771,ThermoMPNN,2ITN,0.7103537321090698,197,H,N,F:\GENESIS Studio\genesis-studio\packages\engines-py\.pdb_cache\2ITN,A
3772,ThermoMPNN,2ITN,0.44818413257598877,197,H,P,F:\GENESIS Studio\genesis-studio\packages\engines-py\.pdb_cache\2ITN,A
3773,ThermoMPNN,2ITN,1.0650713443756104,197,H,Q,F:\GENESIS Studio\genesis-studio\packages\engines-py\.pdb_cache\2ITN,A
3774,ThermoMPNN,2ITN,0.7879306674003601,197,H,R,F:\GENESIS Studio\genesis-studio\packages\engines-py\.pdb_cache\2ITN,A
3775,ThermoMPNN,2ITN,0.9056053161621094,197,H,S,F:\GENESIS Studio\genesis-studio\packages\engines-py\.pdb_cache\2ITN,A
3776,ThermoMPNN,2ITN,1.0089292526245117,197,H,T,F:\GENESIS Studio\genesis-studio\packages\engines-py\.pdb_cache\2ITN,A
3777,ThermoMPNN,2ITN,0.5694494843482971,197,H,V,F:\GENESIS Studio\genesis-studio\packages\engines-py\.pdb_cache\2ITN,A
3778,ThermoMPNN,2ITN,0.15989136695861816,197,H,W,F:\GENESIS Studio\genesis-studio\packages\engines-py\.pdb_cache\2ITN,A
3779,ThermoMPNN,2ITN,-0.029466867446899414,197,H,Y,F:\GENESIS Studio\genesis-studio\packages\engines-py\.pdb_cache\2ITN,A
3780,ThermoMPNN,2ITN,0.481378436088562,198,Q,A,F:\GENESIS Studio\genesis-studio\packages\engines-py\.pdb_cache\2ITN,A
3781,ThermoMPNN,2ITN,0.1584254503250122,198,Q,C,F:\GENESIS Studio\genesis-studio\packages\engines-py\.pdb_cache\2ITN,A
3782,ThermoMPNN,2ITN,1.2475626468658447,198,Q,D,F:\GENESIS Studio\genesis-studio\packages\engines-py\.pdb_cache\2ITN,A
3783,ThermoMPNN,2ITN,0.638068675994873,198,Q,E,F:\GENESIS Studio\genesis-studio\packages\engines-py\.pdb_cache\2ITN,A
3784,ThermoMPNN,2ITN,0.24239468574523926,198,Q,F,F:\GENESIS Studio\genesis-studio\packages\engines-py\.pdb_cache\2ITN,A
3785,ThermoMPNN,2ITN,0.728082537651062,198,Q,G,F:\GENESIS Studio\genesis-studio\packages\engines-py\.pdb_cache\2ITN,A
3786,ThermoMPNN,2ITN,-0.3073011636734009,198,Q,H,F:\GENESIS Studio\genesis-studio\packages\engines-py\.pdb_cache\2ITN,A
3787,ThermoMPNN,2ITN,1.2572704553604126,198,Q,I,F:\GENESIS Studio\genesis-studio\packages\engines-py\.pdb_cache\2ITN,A
3788,ThermoMPNN,2ITN,0.032900333404541016,198,Q,K,F:\GENESIS Studio\genesis-studio\packages\engines-py\.pdb_cache\2ITN,A
3789,ThermoMPNN,2ITN,0.631290078163147,198,Q,L,F:\GENESIS Studio\genesis-studio\packages\engines-py\.pdb_cache\2ITN,A
3790,ThermoMPNN,2ITN,0.5115170478820801,198,Q,M,F:\GENESIS Studio\genesis-studio\packages\engines-py\.pdb_cache\2ITN,A
3791,ThermoMPNN,2ITN,0.34717047214508057,198,Q,N,F:\GENESIS Studio\genesis-studio\packages\engines-py\.pdb_cache\2ITN,A
3792,ThermoMPNN,2ITN,1.4232816696166992,198,Q,P,F:\GENESIS Studio\genesis-studio\packages\engines-py\.pdb_cache\2ITN,A
3793,ThermoMPNN,2ITN,0.0,198,Q,Q,F:\GENESIS Studio\genesis-studio\packages\engines-py\.pdb_cache\2ITN,A
3794,ThermoMPNN,2ITN,0.08762955665588379,198,Q,R,F:\GENESIS Studio\genesis-studio\packages\engines-py\.pdb_cache\2ITN,A
3795,ThermoMPNN,2ITN,0.6592758893966675,198,Q,S,F:\GENESIS Studio\genesis-studio\packages\engines-py\.pdb_cache\2ITN,A
3796,ThermoMPNN,2ITN,0.969158411026001,198,Q,T,F:\GENESIS Studio\genesis-studio\packages\engines-py\.pdb_cache\2ITN,A
3797,ThermoMPNN,2ITN,1.1675721406936646,198,Q,V,F:\GENESIS Studio\genesis-studio\packages\engines-py\.pdb_cache\2ITN,A
3798,ThermoMPNN,2ITN,0.2926182746887207,198,Q,W,F:\GENESIS Studio\genesis-studio\packages\engines-py\.pdb_cache\2ITN,A
3799,ThermoMPNN,2ITN,-0.1472928524017334,198,Q,Y,F:\GENESIS Studio\genesis-studio\packages\engines-py\.pdb_cache\2ITN,A
3800,ThermoMPNN,2ITN,0.6700854301452637,199,S,A,F:\GENESIS Studio\genesis-studio\packages\engines-py\.pdb_cache\2ITN,A
3801,ThermoMPNN,2ITN,0.6765902042388916,199,S,C,F:\GENESIS Studio\genesis-studio\packages\engines-py\.pdb_cache\2ITN,A
3802,ThermoMPNN,2ITN,1.1074512004852295,199,S,D,F:\GENESIS Studio\genesis-studio\packages\engines-py\.pdb_cache\2ITN,A
3803,ThermoMPNN,2ITN,1.6497032642364502,199,S,E,F:\GENESIS Studio\genesis-studio\packages\engines-py\.pdb_cache\2ITN,A
3804,ThermoMPNN,2ITN,1.308682918548584,199,S,F,F:\GENESIS Studio\genesis-studio\packages\engines-py\.pdb_cache\2ITN,A
3805,ThermoMPNN,2ITN,1.119468092918396,199,S,G,F:\GENESIS Studio\genesis-studio\packages\engines-py\.pdb_cache\2ITN,A
3806,ThermoMPNN,2ITN,1.8208792209625244,199,S,H,F:\GENESIS Studio\genesis-studio\packages\engines-py\.pdb_cache\2ITN,A
3807,ThermoMPNN,2ITN,1.3671936988830566,199,S,I,F:\GENESIS Studio\genesis-studio\packages\engines-py\.pdb_cache\2ITN,A
3808,ThermoMPNN,2ITN,1.963163137435913,199,S,K,F:\GENESIS Studio\genesis-studio\packages\engines-py\.pdb_cache\2ITN,A
3809,ThermoMPNN,2ITN,1.6280670166015625,199,S,L,F:\GENESIS Studio\genesis-studio\packages\engines-py\.pdb_cache\2ITN,A
3810,ThermoMPNN,2ITN,1.2496941089630127,199,S,M,F:\GENESIS Studio\genesis-studio\packages\engines-py\.pdb_cache\2ITN,A
3811,ThermoMPNN,2ITN,1.4564324617385864,199,S,N,F:\GENESIS Studio\genesis-studio\packages\engines-py\.pdb_cache\2ITN,A
3812,ThermoMPNN,2ITN,1.9664264917373657,199,S,P,F:\GENESIS Studio\genesis-studio\packages\engines-py\.pdb_cache\2ITN,A
3813,ThermoMPNN,2ITN,1.6707276105880737,199,S,Q,F:\GENESIS Studio\genesis-studio\packages\engines-py\.pdb_cache\2ITN,A
3814,ThermoMPNN,2ITN,1.9416223764419556,199,S,R,F:\GENESIS Studio\genesis-studio\packages\engines-py\.pdb_cache\2ITN,A
3815,ThermoMPNN,2ITN,0.0,199,S,S,F:\GENESIS Studio\genesis-studio\packages\engines-py\.pdb_cache\2ITN,A
3816,ThermoMPNN,2ITN,0.025252461433410645,199,S,T,F:\GENESIS Studio\genesis-studio\packages\engines-py\.pdb_cache\2ITN,A
3817,ThermoMPNN,2ITN,1.4503251314163208,199,S,V,F:\GENESIS Studio\genesis-studio\packages\engines-py\.pdb_cache\2ITN,A
3818,ThermoMPNN,2ITN,1.733871579170227,199,S,W,F:\GENESIS Studio\genesis-studio\packages\engines-py\.pdb_cache\2ITN,A
3819,ThermoMPNN,2ITN,1.7684814929962158,199,S,Y,F:\GENESIS Studio\genesis-studio\packages\engines-py\.pdb_cache\2ITN,A
3820,ThermoMPNN,2ITN,2.458207130432129,200,D,A,F:\GENESIS Studio\genesis-studio\packages\engines-py\.pdb_cache\2ITN,A
3821,ThermoMPNN,2ITN,1.9985579252243042,200,D,C,F:\GENESIS Studio\genesis-studio\packages\engines-py\.pdb_cache\2ITN,A
3822,ThermoMPNN,2ITN,0.0,200,D,D,F:\GENESIS Studio\genesis-studio\packages\engines-py\.pdb_cache\2ITN,A
3823,ThermoMPNN,2ITN,2.222242832183838,200,D,E,F:\GENESIS Studio\genesis-studio\packages\engines-py\.pdb_cache\2ITN,A
3824,ThermoMPNN,2ITN,2.416804552078247,200,D,F,F:\GENESIS Studio\genesis-studio\packages\engines-py\.pdb_cache\2ITN,A
3825,ThermoMPNN,2ITN,2.7877228260040283,200,D,G,F:\GENESIS Studio\genesis-studio\packages\engines-py\.pdb_cache\2ITN,A
3826,ThermoMPNN,2ITN,2.6218457221984863,200,D,H,F:\GENESIS Studio\genesis-studio\packages\engines-py\.pdb_cache\2ITN,A
3827,ThermoMPNN,2ITN,2.308788537979126,200,D,I,F:\GENESIS Studio\genesis-studio\packages\engines-py\.pdb_cache\2ITN,A
3828,ThermoMPNN,2ITN,2.869603395462036,200,D,K,F:\GENESIS Studio\genesis-studio\packages\engines-py\.pdb_cache\2ITN,A
3829,ThermoMPNN,2ITN,2.362727165222168,200,D,L,F:\GENESIS Studio\genesis-studio\packages\engines-py\.pdb_cache\2ITN,A
3830,ThermoMPNN,2ITN,2.359955310821533,200,D,M,F:\GENESIS Studio\genesis-studio\packages\engines-py\.pdb_cache\2ITN,A
3831,ThermoMPNN,2ITN,1.4652795791625977,200,D,N,F:\GENESIS Studio\genesis-studio\packages\engines-py\.pdb_cache\2ITN,A
3832,ThermoMPNN,2ITN,3.179924488067627,200,D,P,F:\GENESIS Studio\genesis-studio\packages\engines-py\.pdb_cache\2ITN,A
3833,ThermoMPNN,2ITN,2.462042808532715,200,D,Q,F:\GENESIS Studio\genesis-studio\packages\engines-py\.pdb_cache\2ITN,A
3834,ThermoMPNN,2ITN,2.6046881675720215,200,D,R,F:\GENESIS Studio\genesis-studio\packages\engines-py\.pdb_cache\2ITN,A
3835,ThermoMPNN,2ITN,1.4675171375274658,200,D,S,F:\GENESIS Studio\genesis-studio\packages\engines-py\.pdb_cache\2ITN,A
3836,ThermoMPNN,2ITN,2.029531717300415,200,D,T,F:\GENESIS Studio\genesis-studio\packages\engines-py\.pdb_cache\2ITN,A
3837,ThermoMPNN,2ITN,2.6768646240234375,200,D,V,F:\GENESIS Studio\genesis-studio\packages\engines-py\.pdb_cache\2ITN,A
3838,ThermoMPNN,2ITN,2.5762524604797363,200,D,W,F:\GENESIS Studio\genesis-studio\packages\engines-py\.pdb_cache\2ITN,A
3839,ThermoMPNN,2ITN,3.0487477779388428,200,D,Y,F:\GENESIS Studio\genesis-studio\packages\engines-py\.pdb_cache\2ITN,A
3840,ThermoMPNN,2ITN,2.785351037979126,201,V,A,F:\GENESIS Studio\genesis-studio\packages\engines-py\.pdb_cache\2ITN,A
3841,ThermoMPNN,2ITN,2.0563173294067383,201,V,C,F:\GENESIS Studio\genesis-studio\packages\engines-py\.pdb_cache\2ITN,A
3842,ThermoMPNN,2ITN,4.027266025543213,201,V,D,F:\GENESIS Studio\genesis-studio\packages\engines-py\.pdb_cache\2ITN,A
3843,ThermoMPNN,2ITN,3.7794787883758545,201,V,E,F:\GENESIS Studio\genesis-studio\packages\engines-py\.pdb_cache\2ITN,A
3844,ThermoMPNN,2ITN,3.1716718673706055,201,V,F,F:\GENESIS Studio\genesis-studio\packages\engines-py\.pdb_cache\2ITN,A
3845,ThermoMPNN,2ITN,3.9745731353759766,201,V,G,F:\GENESIS Studio\genesis-studio\packages\engines-py\.pdb_cache\2ITN,A
3846,ThermoMPNN,2ITN,4.0418829917907715,201,V,H,F:\GENESIS Studio\genesis-studio\packages\engines-py\.pdb_cache\2ITN,A
3847,ThermoMPNN,2ITN,0.08904790878295898,201,V,I,F:\GENESIS Studio\genesis-studio\packages\engines-py\.pdb_cache\2ITN,A
3848,ThermoMPNN,2ITN,3.6880550384521484,201,V,K,F:\GENESIS Studio\genesis-studio\packages\engines-py\.pdb_cache\2ITN,A
3849,ThermoMPNN,2ITN,1.3853120803833008,201,V,L,F:\GENESIS Studio\genesis-studio\packages\engines-py\.pdb_cache\2ITN,A
3850,ThermoMPNN,2ITN,2.3436057567596436,201,V,M,F:\GENESIS Studio\genesis-studio\packages\engines-py\.pdb_cache\2ITN,A
3851,ThermoMPNN,2ITN,4.02024507522583,201,V,N,F:\GENESIS Studio\genesis-studio\packages\engines-py\.pdb_cache\2ITN,A
3852,ThermoMPNN,2ITN,3.9408631324768066,201,V,P,F:\GENESIS Studio\genesis-studio\packages\engines-py\.pdb_cache\2ITN,A
3853,ThermoMPNN,2ITN,3.615194320678711,201,V,Q,F:\GENESIS Studio\genesis-studio\packages\engines-py\.pdb_cache\2ITN,A
3854,ThermoMPNN,2ITN,3.580854892730713,201,V,R,F:\GENESIS Studio\genesis-studio\packages\engines-py\.pdb_cache\2ITN,A
3855,ThermoMPNN,2ITN,3.471663475036621,201,V,S,F:\GENESIS Studio\genesis-studio\packages\engines-py\.pdb_cache\2ITN,A
3856,ThermoMPNN,2ITN,2.0665440559387207,201,V,T,F:\GENESIS Studio\genesis-studio\packages\engines-py\.pdb_cache\2ITN,A
3857,ThermoMPNN,2ITN,0.0,201,V,V,F:\GENESIS Studio\genesis-studio\packages\engines-py\.pdb_cache\2ITN,A
3858,ThermoMPNN,2ITN,3.3584320545196533,201,V,W,F:\GENESIS Studio\genesis-studio\packages\engines-py\.pdb_cache\2ITN,A
3859,ThermoMPNN,2ITN,3.5376765727996826,201,V,Y,F:\GENESIS Studio\genesis-studio\packages\engines-py\.pdb_cache\2ITN,A
3860,ThermoMPNN,2ITN,3.02097749710083,202,W,A,F:\GENESIS Studio\genesis-studio\packages\engines-py\.pdb_cache\2ITN,A
3861,ThermoMPNN,2ITN,2.1233625411987305,202,W,C,F:\GENESIS Studio\genesis-studio\packages\engines-py\.pdb_cache\2ITN,A
3862,ThermoMPNN,2ITN,2.8936421871185303,202,W,D,F:\GENESIS Studio\genesis-studio\packages\engines-py\.pdb_cache\2ITN,A
3863,ThermoMPNN,2ITN,3.2268495559692383,202,W,E,F:\GENESIS Studio\genesis-studio\packages\engines-py\.pdb_cache\2ITN,A
3864,ThermoMPNN,2ITN,1.3689026832580566,202,W,F,F:\GENESIS Studio\genesis-studio\packages\engines-py\.pdb_cache\2ITN,A
3865,ThermoMPNN,2ITN,3.1585357189178467,202,W,G,F:\GENESIS Studio\genesis-studio\packages\engines-py\.pdb_cache\2ITN,A
3866,ThermoMPNN,2ITN,2.5349864959716797,202,W,H,F:\GENESIS Studio\genesis-studio\packages\engines-py\.pdb_cache\2ITN,A
3867,ThermoMPNN,2ITN,2.8455617427825928,202,W,I,F:\GENESIS Studio\genesis-studio\packages\engines-py\.pdb_cache\2ITN,A
3868,ThermoMPNN,2ITN,3.3158352375030518,202,W,K,F:\GENESIS Studio\genesis-studio\packages\engines-py\.pdb_cache\2ITN,A
3869,ThermoMPNN,2ITN,2.800049304962158,202,W,L,F:\GENESIS Studio\genesis-studio\packages\engines-py\.pdb_cache\2ITN,A
3870,ThermoMPNN,2ITN,2.5896155834198,202,W,M,F:\GENESIS Studio\genesis-studio\packages\engines-py\.pdb_cache\2ITN,A
3871,ThermoMPNN,2ITN,2.9633896350860596,202,W,N,F:\GENESIS Studio\genesis-studio\packages\engines-py\.pdb_cache\2ITN,A
3872,ThermoMPNN,2ITN,3.149970531463623,202,W,P,F:\GENESIS Studio\genesis-studio\packages\engines-py\.pdb_cache\2ITN,A
3873,ThermoMPNN,2ITN,3.014116048812866,202,W,Q,F:\GENESIS Studio\genesis-studio\packages\engines-py\.pdb_cache\2ITN,A
3874,ThermoMPNN,2ITN,3.10563063621521,202,W,R,F:\GENESIS Studio\genesis-studio\packages\engines-py\.pdb_cache\2ITN,A
3875,ThermoMPNN,2ITN,2.5157599449157715,202,W,S,F:\GENESIS Studio\genesis-studio\packages\engines-py\.pdb_cache\2ITN,A
3876,ThermoMPNN,2ITN,2.4555094242095947,202,W,T,F:\GENESIS Studio\genesis-studio\packages\engines-py\.pdb_cache\2ITN,A
3877,ThermoMPNN,2ITN,2.564639091491699,202,W,V,F:\GENESIS Studio\genesis-studio\packages\engines-py\.pdb_cache\2ITN,A
3878,ThermoMPNN,2ITN,0.0,202,W,W,F:\GENESIS Studio\genesis-studio\packages\engines-py\.pdb_cache\2ITN,A
3879,ThermoMPNN,2ITN,1.1871027946472168,202,W,Y,F:\GENESIS Studio\genesis-studio\packages\engines-py\.pdb_cache\2ITN,A
3880,ThermoMPNN,2ITN,-0.3115248680114746,203,S,A,F:\GENESIS Studio\genesis-studio\packages\engines-py\.pdb_cache\2ITN,A
3881,ThermoMPNN,2ITN,0.5350500345230103,203,S,C,F:\GENESIS Studio\genesis-studio\packages\engines-py\.pdb_cache\2ITN,A
3882,ThermoMPNN,2ITN,2.9311110973358154,203,S,D,F:\GENESIS Studio\genesis-studio\packages\engines-py\.pdb_cache\2ITN,A
3883,ThermoMPNN,2ITN,2.104346752166748,203,S,E,F:\GENESIS Studio\genesis-studio\packages\engines-py\.pdb_cache\2ITN,A
3884,ThermoMPNN,2ITN,1.6010137796401978,203,S,F,F:\GENESIS Studio\genesis-studio\packages\engines-py\.pdb_cache\2ITN,A
3885,ThermoMPNN,2ITN,1.0382187366485596,203,S,G,F:\GENESIS Studio\genesis-studio\packages\engines-py\.pdb_cache\2ITN,A
3886,ThermoMPNN,2ITN,1.8424644470214844,203,S,H,F:\GENESIS Studio\genesis-studio\packages\engines-py\.pdb_cache\2ITN,A
3887,ThermoMPNN,2ITN,1.5880926847457886,203,S,I,F:\GENESIS Studio\genesis-studio\packages\engines-py\.pdb_cache\2ITN,A
3888,ThermoMPNN,2ITN,1.2516064643859863,203,S,K,F:\GENESIS Studio\genesis-studio\packages\engines-py\.pdb_cache\2ITN,A
3889,ThermoMPNN,2ITN,2.0893197059631348,203,S,L,F:\GENESIS Studio\genesis-studio\packages\engines-py\.pdb_cache\2ITN,A
3890,ThermoMPNN,2ITN,1.0990240573883057,203,S,M,F:\GENESIS Studio\genesis-studio\packages\engines-py\.pdb_cache\2ITN,A
3891,ThermoMPNN,2ITN,2.295281410217285,203,S,N,F:\GENESIS Studio\genesis-studio\packages\engines-py\.pdb_cache\2ITN,A
3892,ThermoMPNN,2ITN,2.4869840145111084,203,S,P,F:\GENESIS Studio\genesis-studio\packages\engines-py\.pdb_cache\2ITN,A
3893,ThermoMPNN,2ITN,1.1622467041015625,203,S,Q,F:\GENESIS Studio\genesis-studio\packages\engines-py\.pdb_cache\2ITN,A
3894,ThermoMPNN,2ITN,1.1609586477279663,203,S,R,F:\GENESIS Studio\genesis-studio\packages\engines-py\.pdb_cache\2ITN,A
3895,ThermoMPNN,2ITN,0.0,203,S,S,F:\GENESIS Studio\genesis-studio\packages\engines-py\.pdb_cache\2ITN,A
3896,ThermoMPNN,2ITN,1.2666184902191162,203,S,T,F:\GENESIS Studio\genesis-studio\packages\engines-py\.pdb_cache\2ITN,A
3897,ThermoMPNN,2ITN,1.3598861694335938,203,S,V,F:\GENESIS Studio\genesis-studio\packages\engines-py\.pdb_cache\2ITN,A
3898,ThermoMPNN,2ITN,1.787386178970337,203,S,W,F:\GENESIS Studio\genesis-studio\packages\engines-py\.pdb_cache\2ITN,A
3899,ThermoMPNN,2ITN,2.0492162704467773,203,S,Y,F:\GENESIS Studio\genesis-studio\packages\engines-py\.pdb_cache\2ITN,A
3900,ThermoMPNN,2ITN,2.4195854663848877,204,Y,A,F:\GENESIS Studio\genesis-studio\packages\engines-py\.pdb_cache\2ITN,A
3901,ThermoMPNN,2ITN,1.8885366916656494,204,Y,C,F:\GENESIS Studio\genesis-studio\packages\engines-py\.pdb_cache\2ITN,A
3902,ThermoMPNN,2ITN,3.0575034618377686,204,Y,D,F:\GENESIS Studio\genesis-studio\packages\engines-py\.pdb_cache\2ITN,A
3903,ThermoMPNN,2ITN,2.812582015991211,204,Y,E,F:\GENESIS Studio\genesis-studio\packages\engines-py\.pdb_cache\2ITN,A
3904,ThermoMPNN,2ITN,0.4245457649230957,204,Y,F,F:\GENESIS Studio\genesis-studio\packages\engines-py\.pdb_cache\2ITN,A
3905,ThermoMPNN,2ITN,2.729804515838623,204,Y,G,F:\GENESIS Studio\genesis-studio\packages\engines-py\.pdb_cache\2ITN,A
3906,ThermoMPNN,2ITN,2.078047513961792,204,Y,H,F:\GENESIS Studio\genesis-studio\packages\engines-py\.pdb_cache\2ITN,A
3907,ThermoMPNN,2ITN,1.9645994901657104,204,Y,I,F:\GENESIS Studio\genesis-studio\packages\engines-py\.pdb_cache\2ITN,A
3908,ThermoMPNN,2ITN,2.753303050994873,204,Y,K,F:\GENESIS Studio\genesis-studio\packages\engines-py\.pdb_cache\2ITN,A
3909,ThermoMPNN,2ITN,1.5873026847839355,204,Y,L,F:\GENESIS Studio\genesis-studio\packages\engines-py\.pdb_cache\2ITN,A
3910,ThermoMPNN,2ITN,1.7585508823394775,204,Y,M,F:\GENESIS Studio\genesis-studio\packages\engines-py\.pdb_cache\2ITN,A
3911,ThermoMPNN,2ITN,2.9577391147613525,204,Y,N,F:\GENESIS Studio\genesis-studio\packages\engines-py\.pdb_cache\2ITN,A
3912,ThermoMPNN,2ITN,3.082994222640991,204,Y,P,F:\GENESIS Studio\genesis-studio\packages\engines-py\.pdb_cache\2ITN,A
3913,ThermoMPNN,2ITN,2.7144696712493896,204,Y,Q,F:\GENESIS Studio\genesis-studio\packages\engines-py\.pdb_cache\2ITN,A
3914,ThermoMPNN,2ITN,2.4560651779174805,204,Y,R,F:\GENESIS Studio\genesis-studio\packages\engines-py\.pdb_cache\2ITN,A
3915,ThermoMPNN,2ITN,2.9413774013519287,204,Y,S,F:\GENESIS Studio\genesis-studio\packages\engines-py\.pdb_cache\2ITN,A
3916,ThermoMPNN,2ITN,2.8323380947113037,204,Y,T,F:\GENESIS Studio\genesis-studio\packages\engines-py\.pdb_cache\2ITN,A
3917,ThermoMPNN,2ITN,2.3366057872772217,204,Y,V,F:\GENESIS Studio\genesis-studio\packages\engines-py\.pdb_cache\2ITN,A
3918,ThermoMPNN,2ITN,0.7574706077575684,204,Y,W,F:\GENESIS Studio\genesis-studio\packages\engines-py\.pdb_cache\2ITN,A
3919,ThermoMPNN,2ITN,0.0,204,Y,Y,F:\GENESIS Studio\genesis-studio\packages\engines-py\.pdb_cache\2ITN,A
3920,ThermoMPNN,2ITN,1.757474660873413,205,G,A,F:\GENESIS Studio\genesis-studio\packages\engines-py\.pdb_cache\2ITN,A
3921,ThermoMPNN,2ITN,1.569610834121704,205,G,C,F:\GENESIS Studio\genesis-studio\packages\engines-py\.pdb_cache\2ITN,A
3922,ThermoMPNN,2ITN,2.8446950912475586,205,G,D,F:\GENESIS Studio\genesis-studio\packages\engines-py\.pdb_cache\2ITN,A
3923,ThermoMPNN,2ITN,2.663533926010132,205,G,E,F:\GENESIS Studio\genesis-studio\packages\engines-py\.pdb_cache\2ITN,A
3924,ThermoMPNN,2ITN,1.4783556461334229,205,G,F,F:\GENESIS Studio\genesis-studio\packages\engines-py\.pdb_cache\2ITN,A
3925,ThermoMPNN,2ITN,0.0,205,G,G,F:\GENESIS Studio\genesis-studio\packages\engines-py\.pdb_cache\2ITN,A
3926,ThermoMPNN,2ITN,2.4423558712005615,205,G,H,F:\GENESIS Studio\genesis-studio\packages\engines-py\.pdb_cache\2ITN,A
3927,ThermoMPNN,2ITN,1.8130383491516113,205,G,I,F:\GENESIS Studio\genesis-studio\packages\engines-py\.pdb_cache\2ITN,A
3928,ThermoMPNN,2ITN,2.633885383605957,205,G,K,F:\GENESIS Studio\genesis-studio\packages\engines-py\.pdb_cache\2ITN,A
3929,ThermoMPNN,2ITN,1.968513011932373,205,G,L,F:\GENESIS Studio\genesis-studio\packages\engines-py\.pdb_cache\2ITN,A
3930,ThermoMPNN,2ITN,1.9570508003234863,205,G,M,F:\GENESIS Studio\genesis-studio\packages\engines-py\.pdb_cache\2ITN,A
3931,ThermoMPNN,2ITN,2.6446433067321777,205,G,N,F:\GENESIS Studio\genesis-studio\packages\engines-py\.pdb_cache\2ITN,A
3932,ThermoMPNN,2ITN,2.0976366996765137,205,G,P,F:\GENESIS Studio\genesis-studio\packages\engines-py\.pdb_cache\2ITN,A
3933,ThermoMPNN,2ITN,2.543623447418213,205,G,Q,F:\GENESIS Studio\genesis-studio\packages\engines-py\.pdb_cache\2ITN,A
3934,ThermoMPNN,2ITN,2.4226133823394775,205,G,R,F:\GENESIS Studio\genesis-studio\packages\engines-py\.pdb_cache\2ITN,A
3935,ThermoMPNN,2ITN,1.9533501863479614,205,G,S,F:\GENESIS Studio\genesis-studio\packages\engines-py\.pdb_cache\2ITN,A
3936,ThermoMPNN,2ITN,2.00148606300354,205,G,T,F:\GENESIS Studio\genesis-studio\packages\engines-py\.pdb_cache\2ITN,A
3937,ThermoMPNN,2ITN,1.685910940170288,205,G,V,F:\GENESIS Studio\genesis-studio\packages\engines-py\.pdb_cache\2ITN,A
3938,ThermoMPNN,2ITN,1.427475929260254,205,G,W,F:\GENESIS Studio\genesis-studio\packages\engines-py\.pdb_cache\2ITN,A
3939,ThermoMPNN,2ITN,1.6618696451187134,205,G,Y,F:\GENESIS Studio\genesis-studio\packages\engines-py\.pdb_cache\2ITN,A
3940,ThermoMPNN,2ITN,1.351729154586792,206,V,A,F:\GENESIS Studio\genesis-studio\packages\engines-py\.pdb_cache\2ITN,A
3941,ThermoMPNN,2ITN,0.6565679311752319,206,V,C,F:\GENESIS Studio\genesis-studio\packages\engines-py\.pdb_cache\2ITN,A
3942,ThermoMPNN,2ITN,2.5745880603790283,206,V,D,F:\GENESIS Studio\genesis-studio\packages\engines-py\.pdb_cache\2ITN,A
3943,ThermoMPNN,2ITN,2.054459810256958,206,V,E,F:\GENESIS Studio\genesis-studio\packages\engines-py\.pdb_cache\2ITN,A
3944,ThermoMPNN,2ITN,1.6007918119430542,206,V,F,F:\GENESIS Studio\genesis-studio\packages\engines-py\.pdb_cache\2ITN,A
3945,ThermoMPNN,2ITN,2.286123037338257,206,V,G,F:\GENESIS Studio\genesis-studio\packages\engines-py\.pdb_cache\2ITN,A
3946,ThermoMPNN,2ITN,1.8542934656143188,206,V,H,F:\GENESIS Studio\genesis-studio\packages\engines-py\.pdb_cache\2ITN,A
3947,ThermoMPNN,2ITN,0.4473702907562256,206,V,I,F:\GENESIS Studio\genesis-studio\packages\engines-py\.pdb_cache\2ITN,A
3948,ThermoMPNN,2ITN,1.8848142623901367,206,V,K,F:\GENESIS Studio\genesis-studio\packages\engines-py\.pdb_cache\2ITN,A
3949,ThermoMPNN,2ITN,0.9351687431335449,206,V,L,F:\GENESIS Studio\genesis-studio\packages\engines-py\.pdb_cache\2ITN,A
3950,ThermoMPNN,2ITN,1.1988627910614014,206,V,M,F:\GENESIS Studio\genesis-studio\packages\engines-py\.pdb_cache\2ITN,A
3951,ThermoMPNN,2ITN,2.14616322517395,206,V,N,F:\GENESIS Studio\genesis-studio\packages\engines-py\.pdb_cache\2ITN,A
3952,ThermoMPNN,2ITN,2.6209967136383057,206,V,P,F:\GENESIS Studio\genesis-studio\packages\engines-py\.pdb_cache\2ITN,A
3953,ThermoMPNN,2ITN,1.6902912855148315,206,V,Q,F:\GENESIS Studio\genesis-studio\packages\engines-py\.pdb_cache\2ITN,A
3954,ThermoMPNN,2ITN,2.0739006996154785,206,V,R,F:\GENESIS Studio\genesis-studio\packages\engines-py\.pdb_cache\2ITN,A
3955,ThermoMPNN,2ITN,1.897869348526001,206,V,S,F:\GENESIS Studio\genesis-studio\packages\engines-py\.pdb_cache\2ITN,A
3956,ThermoMPNN,2ITN,1.3683092594146729,206,V,T,F:\GENESIS Studio\genesis-studio\packages\engines-py\.pdb_cache\2ITN,A
3957,ThermoMPNN,2ITN,0.0,206,V,V,F:\GENESIS Studio\genesis-studio\packages\engines-py\.pdb_cache\2ITN,A
3958,ThermoMPNN,2ITN,1.7511990070343018,206,V,W,F:\GENESIS Studio\genesis-studio\packages\engines-py\.pdb_cache\2ITN,A
3959,ThermoMPNN,2ITN,1.8231717348098755,206,V,Y,F:\GENESIS Studio\genesis-studio\packages\engines-py\.pdb_cache\2ITN,A
3960,ThermoMPNN,2ITN,1.208100438117981,207,T,A,F:\GENESIS Studio\genesis-studio\packages\engines-py\.pdb_cache\2ITN,A
3961,ThermoMPNN,2ITN,0.853754997253418,207,T,C,F:\GENESIS Studio\genesis-studio\packages\engines-py\.pdb_cache\2ITN,A
3962,ThermoMPNN,2ITN,3.0790936946868896,207,T,D,F:\GENESIS Studio\genesis-studio\packages\engines-py\.pdb_cache\2ITN,A
3963,ThermoMPNN,2ITN,2.892505645751953,207,T,E,F:\GENESIS Studio\genesis-studio\packages\engines-py\.pdb_cache\2ITN,A
3964,ThermoMPNN,2ITN,1.0135093927383423,207,T,F,F:\GENESIS Studio\genesis-studio\packages\engines-py\.pdb_cache\2ITN,A
3965,ThermoMPNN,2ITN,2.435424566268921,207,T,G,F:\GENESIS Studio\genesis-studio\packages\engines-py\.pdb_cache\2ITN,A
3966,ThermoMPNN,2ITN,2.3329150676727295,207,T,H,F:\GENESIS Studio\genesis-studio\packages\engines-py\.pdb_cache\2ITN,A
3967,ThermoMPNN,2ITN,0.893395185470581,207,T,I,F:\GENESIS Studio\genesis-studio\packages\engines-py\.pdb_cache\2ITN,A
3968,ThermoMPNN,2ITN,2.559755802154541,207,T,K,F:\GENESIS Studio\genesis-studio\packages\engines-py\.pdb_cache\2ITN,A
3969,ThermoMPNN,2ITN,1.069583773612976,207,T,L,F:\GENESIS Studio\genesis-studio\packages\engines-py\.pdb_cache\2ITN,A
3970,ThermoMPNN,2ITN,1.068998098373413,207,T,M,F:\GENESIS Studio\genesis-studio\packages\engines-py\.pdb_cache\2ITN,A
3971,ThermoMPNN,2ITN,2.437516927719116,207,T,N,F:\GENESIS Studio\genesis-studio\packages\engines-py\.pdb_cache\2ITN,A
3972,ThermoMPNN,2ITN,2.905419111251831,207,T,P,F:\GENESIS Studio\genesis-studio\packages\engines-py\.pdb_cache\2ITN,A
3973,ThermoMPNN,2ITN,2.3615405559539795,207,T,Q,F:\GENESIS Studio\genesis-studio\packages\engines-py\.pdb_cache\2ITN,A
3974,ThermoMPNN,2ITN,2.356656551361084,207,T,R,F:\GENESIS Studio\genesis-studio\packages\engines-py\.pdb_cache\2ITN,A
3975,ThermoMPNN,2ITN,1.072991132736206,207,T,S,F:\GENESIS Studio\genesis-studio\packages\engines-py\.pdb_cache\2ITN,A
3976,ThermoMPNN,2ITN,0.0,207,T,T,F:\GENESIS Studio\genesis-studio\packages\engines-py\.pdb_cache\2ITN,A
3977,ThermoMPNN,2ITN,0.7955580949783325,207,T,V,F:\GENESIS Studio\genesis-studio\packages\engines-py\.pdb_cache\2ITN,A
3978,ThermoMPNN,2ITN,1.8872278928756714,207,T,W,F:\GENESIS Studio\genesis-studio\packages\engines-py\.pdb_cache\2ITN,A
3979,ThermoMPNN,2ITN,1.4207546710968018,207,T,Y,F:\GENESIS Studio\genesis-studio\packages\engines-py\.pdb_cache\2ITN,A
3980,ThermoMPNN,2ITN,0.6858161687850952,208,V,A,F:\GENESIS Studio\genesis-studio\packages\engines-py\.pdb_cache\2ITN,A
3981,ThermoMPNN,2ITN,0.23793625831604004,208,V,C,F:\GENESIS Studio\genesis-studio\packages\engines-py\.pdb_cache\2ITN,A
3982,ThermoMPNN,2ITN,2.5810234546661377,208,V,D,F:\GENESIS Studio\genesis-studio\packages\engines-py\.pdb_cache\2ITN,A
3983,ThermoMPNN,2ITN,2.2231545448303223,208,V,E,F:\GENESIS Studio\genesis-studio\packages\engines-py\.pdb_cache\2ITN,A
3984,ThermoMPNN,2ITN,0.7160024642944336,208,V,F,F:\GENESIS Studio\genesis-studio\packages\engines-py\.pdb_cache\2ITN,A
3985,ThermoMPNN,2ITN,2.0934505462646484,208,V,G,F:\GENESIS Studio\genesis-studio\packages\engines-py\.pdb_cache\2ITN,A
3986,ThermoMPNN,2ITN,1.9793329238891602,208,V,H,F:\GENESIS Studio\genesis-studio\packages\engines-py\.pdb_cache\2ITN,A
3987,ThermoMPNN,2ITN,-0.27002739906311035,208,V,I,F:\GENESIS Studio\genesis-studio\packages\engines-py\.pdb_cache\2ITN,A
3988,ThermoMPNN,2ITN,2.001206159591675,208,V,K,F:\GENESIS Studio\genesis-studio\packages\engines-py\.pdb_cache\2ITN,A
3989,ThermoMPNN,2ITN,-0.8104996681213379,208,V,L,F:\GENESIS Studio\genesis-studio\packages\engines-py\.pdb_cache\2ITN,A
3990,ThermoMPNN,2ITN,-0.19071149826049805,208,V,M,F:\GENESIS Studio\genesis-studio\packages\engines-py\.pdb_cache\2ITN,A
3991,ThermoMPNN,2ITN,2.127087354660034,208,V,N,F:\GENESIS Studio\genesis-studio\packages\engines-py\.pdb_cache\2ITN,A
3992,ThermoMPNN,2ITN,2.8048183917999268,208,V,P,F:\GENESIS Studio\genesis-studio\packages\engines-py\.pdb_cache\2ITN,A
3993,ThermoMPNN,2ITN,1.7812711000442505,208,V,Q,F:\GENESIS Studio\genesis-studio\packages\engines-py\.pdb_cache\2ITN,A
3994,ThermoMPNN,2ITN,2.0403387546539307,208,V,R,F:\GENESIS Studio\genesis-studio\packages\engines-py\.pdb_cache\2ITN,A
3995,ThermoMPNN,2ITN,1.6609983444213867,208,V,S,F:\GENESIS Studio\genesis-studio\packages\engines-py\.pdb_cache\2ITN,A
3996,ThermoMPNN,2ITN,1.2112246751785278,208,V,T,F:\GENESIS Studio\genesis-studio\packages\engines-py\.pdb_cache\2ITN,A
3997,ThermoMPNN,2ITN,0.0,208,V,V,F:\GENESIS Studio\genesis-studio\packages\engines-py\.pdb_cache\2ITN,A
3998,ThermoMPNN,2ITN,0.9526715874671936,208,V,W,F:\GENESIS Studio\genesis-studio\packages\engines-py\.pdb_cache\2ITN,A
3999,ThermoMPNN,2ITN,1.1407893896102905,208,V,Y,F:\GENESIS Studio\genesis-studio\packages\engines-py\.pdb_cache\2ITN,A
4000,ThermoMPNN,2ITN,3.1050405502319336,209,W,A,F:\GENESIS Studio\genesis-studio\packages\engines-py\.pdb_cache\2ITN,A
4001,ThermoMPNN,2ITN,2.2460427284240723,209,W,C,F:\GENESIS Studio\genesis-studio\packages\engines-py\.pdb_cache\2ITN,A
4002,ThermoMPNN,2ITN,3.1339828968048096,209,W,D,F:\GENESIS Studio\genesis-studio\packages\engines-py\.pdb_cache\2ITN,A
4003,ThermoMPNN,2ITN,3.368194341659546,209,W,E,F:\GENESIS Studio\genesis-studio\packages\engines-py\.pdb_cache\2ITN,A
4004,ThermoMPNN,2ITN,1.526688575744629,209,W,F,F:\GENESIS Studio\genesis-studio\packages\engines-py\.pdb_cache\2ITN,A
4005,ThermoMPNN,2ITN,2.7410495281219482,209,W,G,F:\GENESIS Studio\genesis-studio\packages\engines-py\.pdb_cache\2ITN,A
4006,ThermoMPNN,2ITN,2.6712069511413574,209,W,H,F:\GENESIS Studio\genesis-studio\packages\engines-py\.pdb_cache\2ITN,A
4007,ThermoMPNN,2ITN,2.63022518157959,209,W,I,F:\GENESIS Studio\genesis-studio\packages\engines-py\.pdb_cache\2ITN,A
4008,ThermoMPNN,2ITN,3.150376796722412,209,W,K,F:\GENESIS Studio\genesis-studio\packages\engines-py\.pdb_cache\2ITN,A
4009,ThermoMPNN,2ITN,2.446826457977295,209,W,L,F:\GENESIS Studio\genesis-studio\packages\engines-py\.pdb_cache\2ITN,A
4010,ThermoMPNN,2ITN,2.508187770843506,209,W,M,F:\GENESIS Studio\genesis-studio\packages\engines-py\.pdb_cache\2ITN,A
4011,ThermoMPNN,2ITN,3.1457958221435547,209,W,N,F:\GENESIS Studio\genesis-studio\packages\engines-py\.pdb_cache\2ITN,A
4012,ThermoMPNN,2ITN,3.0347518920898438,209,W,P,F:\GENESIS Studio\genesis-studio\packages\engines-py\.pdb_cache\2ITN,A
4013,ThermoMPNN,2ITN,3.0275607109069824,209,W,Q,F:\GENESIS Studio\genesis-studio\packages\engines-py\.pdb_cache\2ITN,A
4014,ThermoMPNN,2ITN,2.9478280544281006,209,W,R,F:\GENESIS Studio\genesis-studio\packages\engines-py\.pdb_cache\2ITN,A
4015,ThermoMPNN,2ITN,2.953014850616455,209,W,S,F:\GENESIS Studio\genesis-studio\packages\engines-py\.pdb_cache\2ITN,A
4016,ThermoMPNN,2ITN,2.9727139472961426,209,W,T,F:\GENESIS Studio\genesis-studio\packages\engines-py\.pdb_cache\2ITN,A
4017,ThermoMPNN,2ITN,2.540822982788086,209,W,V,F:\GENESIS Studio\genesis-studio\packages\engines-py\.pdb_cache\2ITN,A
4018,ThermoMPNN,2ITN,0.0,209,W,W,F:\GENESIS Studio\genesis-studio\packages\engines-py\.pdb_cache\2ITN,A
4019,ThermoMPNN,2ITN,1.1292433738708496,209,W,Y,F:\GENESIS Studio\genesis-studio\packages\engines-py\.pdb_cache\2ITN,A
4020,ThermoMPNN,2ITN,1.1677992343902588,210,E,A,F:\GENESIS Studio\genesis-studio\packages\engines-py\.pdb_cache\2ITN,A
4021,ThermoMPNN,2ITN,0.6650087833404541,210,E,C,F:\GENESIS Studio\genesis-studio\packages\engines-py\.pdb_cache\2ITN,A
4022,ThermoMPNN,2ITN,1.1260461807250977,210,E,D,F:\GENESIS Studio\genesis-studio\packages\engines-py\.pdb_cache\2ITN,A
4023,ThermoMPNN,2ITN,0.0,210,E,E,F:\GENESIS Studio\genesis-studio\packages\engines-py\.pdb_cache\2ITN,A
4024,ThermoMPNN,2ITN,1.3173624277114868,210,E,F,F:\GENESIS Studio\genesis-studio\packages\engines-py\.pdb_cache\2ITN,A
4025,ThermoMPNN,2ITN,2.2380290031433105,210,E,G,F:\GENESIS Studio\genesis-studio\packages\engines-py\.pdb_cache\2ITN,A
4026,ThermoMPNN,2ITN,1.3849027156829834,210,E,H,F:\GENESIS Studio\genesis-studio\packages\engines-py\.pdb_cache\2ITN,A
4027,ThermoMPNN,2ITN,0.3959752321243286,210,E,I,F:\GENESIS Studio\genesis-studio\packages\engines-py\.pdb_cache\2ITN,A
4028,ThermoMPNN,2ITN,2.2629170417785645,210,E,K,F:\GENESIS Studio\genesis-studio\packages\engines-py\.pdb_cache\2ITN,A
4029,ThermoMPNN,2ITN,1.1434110403060913,210,E,L,F:\GENESIS Studio\genesis-studio\packages\engines-py\.pdb_cache\2ITN,A
4030,ThermoMPNN,2ITN,0.7009439468383789,210,E,M,F:\GENESIS Studio\genesis-studio\packages\engines-py\.pdb_cache\2ITN,A
4031,ThermoMPNN,2ITN,1.9022843837738037,210,E,N,F:\GENESIS Studio\genesis-studio\packages\engines-py\.pdb_cache\2ITN,A
4032,ThermoMPNN,2ITN,2.7563881874084473,210,E,P,F:\GENESIS Studio\genesis-studio\packages\engines-py\.pdb_cache\2ITN,A
4033,ThermoMPNN,2ITN,0.4865342378616333,210,E,Q,F:\GENESIS Studio\genesis-studio\packages\engines-py\.pdb_cache\2ITN,A
4034,ThermoMPNN,2ITN,2.2046072483062744,210,E,R,F:\GENESIS Studio\genesis-studio\packages\engines-py\.pdb_cache\2ITN,A
4035,ThermoMPNN,2ITN,1.190820336341858,210,E,S,F:\GENESIS Studio\genesis-studio\packages\engines-py\.pdb_cache\2ITN,A
4036,ThermoMPNN,2ITN,0.5615061521530151,210,E,T,F:\GENESIS Studio\genesis-studio\packages\engines-py\.pdb_cache\2ITN,A
4037,ThermoMPNN,2ITN,-0.08015835285186768,210,E,V,F:\GENESIS Studio\genesis-studio\packages\engines-py\.pdb_cache\2ITN,A
4038,ThermoMPNN,2ITN,1.687168836593628,210,E,W,F:\GENESIS Studio\genesis-studio\packages\engines-py\.pdb_cache\2ITN,A
4039,ThermoMPNN,2ITN,1.6733465194702148,210,E,Y,F:\GENESIS Studio\genesis-studio\packages\engines-py\.pdb_cache\2ITN,A
4040,ThermoMPNN,2ITN,2.533419609069824,211,L,A,F:\GENESIS Studio\genesis-studio\packages\engines-py\.pdb_cache\2ITN,A
4041,ThermoMPNN,2ITN,1.7207090854644775,211,L,C,F:\GENESIS Studio\genesis-studio\packages\engines-py\.pdb_cache\2ITN,A
4042,ThermoMPNN,2ITN,3.8289666175842285,211,L,D,F:\GENESIS Studio\genesis-studio\packages\engines-py\.pdb_cache\2ITN,A
4043,ThermoMPNN,2ITN,3.4886744022369385,211,L,E,F:\GENESIS Studio\genesis-studio\packages\engines-py\.pdb_cache\2ITN,A
4044,ThermoMPNN,2ITN,1.6968339681625366,211,L,F,F:\GENESIS Studio\genesis-studio\packages\engines-py\.pdb_cache\2ITN,A
4045,ThermoMPNN,2ITN,2.9958770275115967,211,L,G,F:\GENESIS Studio\genesis-studio\packages\engines-py\.pdb_cache\2ITN,A
4046,ThermoMPNN,2ITN,3.312659740447998,211,L,H,F:\GENESIS Studio\genesis-studio\packages\engines-py\.pdb_cache\2ITN,A
4047,ThermoMPNN,2ITN,0.6814682483673096,211,L,I,F:\GENESIS Studio\genesis-studio\packages\engines-py\.pdb_cache\2ITN,A
4048,ThermoMPNN,2ITN,3.290264368057251,211,L,K,F:\GENESIS Studio\genesis-studio\packages\engines-py\.pdb_cache\2ITN,A
4049,ThermoMPNN,2ITN,0.0,211,L,L,F:\GENESIS Studio\genesis-studio\packages\engines-py\.pdb_cache\2ITN,A
4050,ThermoMPNN,2ITN,1.146676778793335,211,L,M,F:\GENESIS Studio\genesis-studio\packages\engines-py\.pdb_cache\2ITN,A
4051,ThermoMPNN,2ITN,3.3718881607055664,211,L,N,F:\GENESIS Studio\genesis-studio\packages\engines-py\.pdb_cache\2ITN,A
4052,ThermoMPNN,2ITN,3.796114683151245,211,L,P,F:\GENESIS Studio\genesis-studio\packages\engines-py\.pdb_cache\2ITN,A
4053,ThermoMPNN,2ITN,3.3884334564208984,211,L,Q,F:\GENESIS Studio\genesis-studio\packages\engines-py\.pdb_cache\2ITN,A
4054,ThermoMPNN,2ITN,3.2391281127929688,211,L,R,F:\GENESIS Studio\genesis-studio\packages\engines-py\.pdb_cache\2ITN,A
4055,ThermoMPNN,2ITN,3.4477009773254395,211,L,S,F:\GENESIS Studio\genesis-studio\packages\engines-py\.pdb_cache\2ITN,A
4056,ThermoMPNN,2ITN,3.1095426082611084,211,L,T,F:\GENESIS Studio\genesis-studio\packages\engines-py\.pdb_cache\2ITN,A
4057,ThermoMPNN,2ITN,1.307582139968872,211,L,V,F:\GENESIS Studio\genesis-studio\packages\engines-py\.pdb_cache\2ITN,A
4058,ThermoMPNN,2ITN,2.526818037033081,211,L,W,F:\GENESIS Studio\genesis-studio\packages\engines-py\.pdb_cache\2ITN,A
4059,ThermoMPNN,2ITN,2.446751832962036,211,L,Y,F:\GENESIS Studio\genesis-studio\packages\engines-py\.pdb_cache\2ITN,A
4060,ThermoMPNN,2ITN,1.248307228088379,212,M,A,F:\GENESIS Studio\genesis-studio\packages\engines-py\.pdb_cache\2ITN,A
4061,ThermoMPNN,2ITN,0.43245840072631836,212,M,C,F:\GENESIS Studio\genesis-studio\packages\engines-py\.pdb_cache\2ITN,A
4062,ThermoMPNN,2ITN,3.1414666175842285,212,M,D,F:\GENESIS Studio\genesis-studio\packages\engines-py\.pdb_cache\2ITN,A
4063,ThermoMPNN,2ITN,2.857994318008423,212,M,E,F:\GENESIS Studio\genesis-studio\packages\engines-py\.pdb_cache\2ITN,A
4064,ThermoMPNN,2ITN,0.498706579208374,212,M,F,F:\GENESIS Studio\genesis-studio\packages\engines-py\.pdb_cache\2ITN,A
4065,ThermoMPNN,2ITN,2.5267136096954346,212,M,G,F:\GENESIS Studio\genesis-studio\packages\engines-py\.pdb_cache\2ITN,A
4066,ThermoMPNN,2ITN,2.029914379119873,212,M,H,F:\GENESIS Studio\genesis-studio\packages\engines-py\.pdb_cache\2ITN,A
4067,ThermoMPNN,2ITN,0.8482835292816162,212,M,I,F:\GENESIS Studio\genesis-studio\packages\engines-py\.pdb_cache\2ITN,A
4068,ThermoMPNN,2ITN,2.5224030017852783,212,M,K,F:\GENESIS Studio\genesis-studio\packages\engines-py\.pdb_cache\2ITN,A
4069,ThermoMPNN,2ITN,-0.17269253730773926,212,M,L,F:\GENESIS Studio\genesis-studio\packages\engines-py\.pdb_cache\2ITN,A
4070,ThermoMPNN,2ITN,0.0,212,M,M,F:\GENESIS Studio\genesis-studio\packages\engines-py\.pdb_cache\2ITN,A
4071,ThermoMPNN,2ITN,2.3471763134002686,212,M,N,F:\GENESIS Studio\genesis-studio\packages\engines-py\.pdb_cache\2ITN,A
4072,ThermoMPNN,2ITN,3.3179261684417725,212,M,P,F:\GENESIS Studio\genesis-studio\packages\engines-py\.pdb_cache\2ITN,A
4073,ThermoMPNN,2ITN,2.2355427742004395,212,M,Q,F:\GENESIS Studio\genesis-studio\packages\engines-py\.pdb_cache\2ITN,A
4074,ThermoMPNN,2ITN,2.5954854488372803,212,M,R,F:\GENESIS Studio\genesis-studio\packages\engines-py\.pdb_cache\2ITN,A
4075,ThermoMPNN,2ITN,1.9540753364562988,212,M,S,F:\GENESIS Studio\genesis-studio\packages\engines-py\.pdb_cache\2ITN,A
4076,ThermoMPNN,2ITN,1.7514028549194336,212,M,T,F:\GENESIS Studio\genesis-studio\packages\engines-py\.pdb_cache\2ITN,A
4077,ThermoMPNN,2ITN,1.2170295715332031,212,M,V,F:\GENESIS Studio\genesis-studio\packages\engines-py\.pdb_cache\2ITN,A
4078,ThermoMPNN,2ITN,1.1051170825958252,212,M,W,F:\GENESIS Studio\genesis-studio\packages\engines-py\.pdb_cache\2ITN,A
4079,ThermoMPNN,2ITN,0.9924659729003906,212,M,Y,F:\GENESIS Studio\genesis-studio\packages\engines-py\.pdb_cache\2ITN,A
4080,ThermoMPNN,2ITN,1.9313485622406006,213,T,A,F:\GENESIS Studio\genesis-studio\packages\engines-py\.pdb_cache\2ITN,A
4081,ThermoMPNN,2ITN,1.2869952917099,213,T,C,F:\GENESIS Studio\genesis-studio\packages\engines-py\.pdb_cache\2ITN,A
4082,ThermoMPNN,2ITN,2.396246910095215,213,T,D,F:\GENESIS Studio\genesis-studio\packages\engines-py\.pdb_cache\2ITN,A
4083,ThermoMPNN,2ITN,2.4351842403411865,213,T,E,F:\GENESIS Studio\genesis-studio\packages\engines-py\.pdb_cache\2ITN,A
4084,ThermoMPNN,2ITN,1.8308453559875488,213,T,F,F:\GENESIS Studio\genesis-studio\packages\engines-py\.pdb_cache\2ITN,A
4085,ThermoMPNN,2ITN,2.2115068435668945,213,T,G,F:\GENESIS Studio\genesis-studio\packages\engines-py\.pdb_cache\2ITN,A
4086,ThermoMPNN,2ITN,1.672163724899292,213,T,H,F:\GENESIS Studio\genesis-studio\packages\engines-py\.pdb_cache\2ITN,A
4087,ThermoMPNN,2ITN,2.1822779178619385,213,T,I,F:\GENESIS Studio\genesis-studio\packages\engines-py\.pdb_cache\2ITN,A
4088,ThermoMPNN,2ITN,1.9817713499069214,213,T,K,F:\GENESIS Studio\genesis-studio\packages\engines-py\.pdb_cache\2ITN,A
4089,ThermoMPNN,2ITN,1.9017715454101562,213,T,L,F:\GENESIS Studio\genesis-studio\packages\engines-py\.pdb_cache\2ITN,A
4090,ThermoMPNN,2ITN,1.7263059616088867,213,T,M,F:\GENESIS Studio\genesis-studio\packages\engines-py\.pdb_cache\2ITN,A
4091,ThermoMPNN,2ITN,1.404245376586914,213,T,N,F:\GENESIS Studio\genesis-studio\packages\engines-py\.pdb_cache\2ITN,A
4092,ThermoMPNN,2ITN,3.3926773071289062,213,T,P,F:\GENESIS Studio\genesis-studio\packages\engines-py\.pdb_cache\2ITN,A
4093,ThermoMPNN,2ITN,1.835446834564209,213,T,Q,F:\GENESIS Studio\genesis-studio\packages\engines-py\.pdb_cache\2ITN,A
4094,ThermoMPNN,2ITN,1.788467288017273,213,T,R,F:\GENESIS Studio\genesis-studio\packages\engines-py\.pdb_cache\2ITN,A
4095,ThermoMPNN,2ITN,0.6060380935668945,213,T,S,F:\GENESIS Studio\genesis-studio\packages\engines-py\.pdb_cache\2ITN,A
4096,ThermoMPNN,2ITN,0.0,213,T,T,F:\GENESIS Studio\genesis-studio\packages\engines-py\.pdb_cache\2ITN,A
4097,ThermoMPNN,2ITN,1.9429376125335693,213,T,V,F:\GENESIS Studio\genesis-studio\packages\engines-py\.pdb_cache\2ITN,A
4098,ThermoMPNN,2ITN,1.8348292112350464,213,T,W,F:\GENESIS Studio\genesis-studio\packages\engines-py\.pdb_cache\2ITN,A
4099,ThermoMPNN,2ITN,1.7618789672851562,213,T,Y,F:\GENESIS Studio\genesis-studio\packages\engines-py\.pdb_cache\2ITN,A
4100,ThermoMPNN,2ITN,2.1224265098571777,214,F,A,F:\GENESIS Studio\genesis-studio\packages\engines-py\.pdb_cache\2ITN,A
4101,ThermoMPNN,2ITN,0.8581223487854004,214,F,C,F:\GENESIS Studio\genesis-studio\packages\engines-py\.pdb_cache\2ITN,A
4102,ThermoMPNN,2ITN,2.8265223503112793,214,F,D,F:\GENESIS Studio\genesis-studio\packages\engines-py\.pdb_cache\2ITN,A
4103,ThermoMPNN,2ITN,2.700230121612549,214,F,E,F:\GENESIS Studio\genesis-studio\packages\engines-py\.pdb_cache\2ITN,A
4104,ThermoMPNN,2ITN,0.0,214,F,F,F:\GENESIS Studio\genesis-studio\packages\engines-py\.pdb_cache\2ITN,A
4105,ThermoMPNN,2ITN,1.4894521236419678,214,F,G,F:\GENESIS Studio\genesis-studio\packages\engines-py\.pdb_cache\2ITN,A
4106,ThermoMPNN,2ITN,1.9082286357879639,214,F,H,F:\GENESIS Studio\genesis-studio\packages\engines-py\.pdb_cache\2ITN,A
4107,ThermoMPNN,2ITN,1.6419739723205566,214,F,I,F:\GENESIS Studio\genesis-studio\packages\engines-py\.pdb_cache\2ITN,A
4108,ThermoMPNN,2ITN,1.7824690341949463,214,F,K,F:\GENESIS Studio\genesis-studio\packages\engines-py\.pdb_cache\2ITN,A
4109,ThermoMPNN,2ITN,0.7691442966461182,214,F,L,F:\GENESIS Studio\genesis-studio\packages\engines-py\.pdb_cache\2ITN,A
4110,ThermoMPNN,2ITN,1.1288635730743408,214,F,M,F:\GENESIS Studio\genesis-studio\packages\engines-py\.pdb_cache\2ITN,A
4111,ThermoMPNN,2ITN,1.8595716953277588,214,F,N,F:\GENESIS Studio\genesis-studio\packages\engines-py\.pdb_cache\2ITN,A
4112,ThermoMPNN,2ITN,2.2491793632507324,214,F,P,F:\GENESIS Studio\genesis-studio\packages\engines-py\.pdb_cache\2ITN,A
4113,ThermoMPNN,2ITN,2.123623847961426,214,F,Q,F:\GENESIS Studio\genesis-studio\packages\engines-py\.pdb_cache\2ITN,A
4114,ThermoMPNN,2ITN,1.9187966585159302,214,F,R,F:\GENESIS Studio\genesis-studio\packages\engines-py\.pdb_cache\2ITN,A
4115,ThermoMPNN,2ITN,2.1045427322387695,214,F,S,F:\GENESIS Studio\genesis-studio\packages\engines-py\.pdb_cache\2ITN,A
4116,ThermoMPNN,2ITN,2.148991107940674,214,F,T,F:\GENESIS Studio\genesis-studio\packages\engines-py\.pdb_cache\2ITN,A
4117,ThermoMPNN,2ITN,1.6895675659179688,214,F,V,F:\GENESIS Studio\genesis-studio\packages\engines-py\.pdb_cache\2ITN,A
4118,ThermoMPNN,2ITN,1.3676955699920654,214,F,W,F:\GENESIS Studio\genesis-studio\packages\engines-py\.pdb_cache\2ITN,A
4119,ThermoMPNN,2ITN,1.3694384098052979,214,F,Y,F:\GENESIS Studio\genesis-studio\packages\engines-py\.pdb_cache\2ITN,A
4120,ThermoMPNN,2ITN,2.1275460720062256,215,G,A,F:\GENESIS Studio\genesis-studio\packages\engines-py\.pdb_cache\2ITN,A
4121,ThermoMPNN,2ITN,1.9009215831756592,215,G,C,F:\GENESIS Studio\genesis-studio\packages\engines-py\.pdb_cache\2ITN,A
4122,ThermoMPNN,2ITN,2.9168219566345215,215,G,D,F:\GENESIS Studio\genesis-studio\packages\engines-py\.pdb_cache\2ITN,A
4123,ThermoMPNN,2ITN,3.0184884071350098,215,G,E,F:\GENESIS Studio\genesis-studio\packages\engines-py\.pdb_cache\2ITN,A
4124,ThermoMPNN,2ITN,2.0003178119659424,215,G,F,F:\GENESIS Studio\genesis-studio\packages\engines-py\.pdb_cache\2ITN,A
4125,ThermoMPNN,2ITN,0.0,215,G,G,F:\GENESIS Studio\genesis-studio\packages\engines-py\.pdb_cache\2ITN,A
4126,ThermoMPNN,2ITN,2.5975637435913086,215,G,H,F:\GENESIS Studio\genesis-studio\packages\engines-py\.pdb_cache\2ITN,A
4127,ThermoMPNN,2ITN,2.5633656978607178,215,G,I,F:\GENESIS Studio\genesis-studio\packages\engines-py\.pdb_cache\2ITN,A
4128,ThermoMPNN,2ITN,2.9181501865386963,215,G,K,F:\GENESIS Studio\genesis-studio\packages\engines-py\.pdb_cache\2ITN,A
4129,ThermoMPNN,2ITN,2.483311653137207,215,G,L,F:\GENESIS Studio\genesis-studio\packages\engines-py\.pdb_cache\2ITN,A
4130,ThermoMPNN,2ITN,2.3239424228668213,215,G,M,F:\GENESIS Studio\genesis-studio\packages\engines-py\.pdb_cache\2ITN,A
4131,ThermoMPNN,2ITN,2.8273487091064453,215,G,N,F:\GENESIS Studio\genesis-studio\packages\engines-py\.pdb_cache\2ITN,A
4132,ThermoMPNN,2ITN,2.7049553394317627,215,G,P,F:\GENESIS Studio\genesis-studio\packages\engines-py\.pdb_cache\2ITN,A
4133,ThermoMPNN,2ITN,2.7892985343933105,215,G,Q,F:\GENESIS Studio\genesis-studio\packages\engines-py\.pdb_cache\2ITN,A
4134,ThermoMPNN,2ITN,2.722930669784546,215,G,R,F:\GENESIS Studio\genesis-studio\packages\engines-py\.pdb_cache\2ITN,A
4135,ThermoMPNN,2ITN,2.496755599975586,215,G,S,F:\GENESIS Studio\genesis-studio\packages\engines-py\.pdb_cache\2ITN,A
4136,ThermoMPNN,2ITN,2.6689939498901367,215,G,T,F:\GENESIS Studio\genesis-studio\packages\engines-py\.pdb_cache\2ITN,A
4137,ThermoMPNN,2ITN,2.437777042388916,215,G,V,F:\GENESIS Studio\genesis-studio\packages\engines-py\.pdb_cache\2ITN,A
4138,ThermoMPNN,2ITN,2.1068406105041504,215,G,W,F:\GENESIS Studio\genesis-studio\packages\engines-py\.pdb_cache\2ITN,A
4139,ThermoMPNN,2ITN,2.1282339096069336,215,G,Y,F:\GENESIS Studio\genesis-studio\packages\engines-py\.pdb_cache\2ITN,A
4140,ThermoMPNN,2ITN,-0.5241043567657471,216,S,A,F:\GENESIS Studio\genesis-studio\packages\engines-py\.pdb_cache\2ITN,A
4141,ThermoMPNN,2ITN,0.03650081157684326,216,S,C,F:\GENESIS Studio\genesis-studio\packages\engines-py\.pdb_cache\2ITN,A
4142,ThermoMPNN,2ITN,1.2002320289611816,216,S,D,F:\GENESIS Studio\genesis-studio\packages\engines-py\.pdb_cache\2ITN,A
4143,ThermoMPNN,2ITN,0.7758917212486267,216,S,E,F:\GENESIS Studio\genesis-studio\packages\engines-py\.pdb_cache\2ITN,A
4144,ThermoMPNN,2ITN,0.5877585411071777,216,S,F,F:\GENESIS Studio\genesis-studio\packages\engines-py\.pdb_cache\2ITN,A
4145,ThermoMPNN,2ITN,0.03982746601104736,216,S,G,F:\GENESIS Studio\genesis-studio\packages\engines-py\.pdb_cache\2ITN,A
4146,ThermoMPNN,2ITN,0.5849838256835938,216,S,H,F:\GENESIS Studio\genesis-studio\packages\engines-py\.pdb_cache\2ITN,A
4147,ThermoMPNN,2ITN,0.5833990573883057,216,S,I,F:\GENESIS Studio\genesis-studio\packages\engines-py\.pdb_cache\2ITN,A
4148,ThermoMPNN,2ITN,0.4794291853904724,216,S,K,F:\GENESIS Studio\genesis-studio\packages\engines-py\.pdb_cache\2ITN,A
4149,ThermoMPNN,2ITN,0.8651918768882751,216,S,L,F:\GENESIS Studio\genesis-studio\packages\engines-py\.pdb_cache\2ITN,A
4150,ThermoMPNN,2ITN,0.4419161081314087,216,S,M,F:\GENESIS Studio\genesis-studio\packages\engines-py\.pdb_cache\2ITN,A
4151,ThermoMPNN,2ITN,0.9395589828491211,216,S,N,F:\GENESIS Studio\genesis-studio\packages\engines-py\.pdb_cache\2ITN,A
4152,ThermoMPNN,2ITN,2.0745656490325928,216,S,P,F:\GENESIS Studio\genesis-studio\packages\engines-py\.pdb_cache\2ITN,A
4153,ThermoMPNN,2ITN,0.3758367896080017,216,S,Q,F:\GENESIS Studio\genesis-studio\packages\engines-py\.pdb_cache\2ITN,A
4154,ThermoMPNN,2ITN,0.3943655490875244,216,S,R,F:\GENESIS Studio\genesis-studio\packages\engines-py\.pdb_cache\2ITN,A
4155,ThermoMPNN,2ITN,0.0,216,S,S,F:\GENESIS Studio\genesis-studio\packages\engines-py\.pdb_cache\2ITN,A
4156,ThermoMPNN,2ITN,0.4683264493942261,216,S,T,F:\GENESIS Studio\genesis-studio\packages\engines-py\.pdb_cache\2ITN,A
4157,ThermoMPNN,2ITN,0.4484790563583374,216,S,V,F:\GENESIS Studio\genesis-studio\packages\engines-py\.pdb_cache\2ITN,A
4158,ThermoMPNN,2ITN,0.6349004507064819,216,S,W,F:\GENESIS Studio\genesis-studio\packages\engines-py\.pdb_cache\2ITN,A
4159,ThermoMPNN,2ITN,0.6673892736434937,216,S,Y,F:\GENESIS Studio\genesis-studio\packages\engines-py\.pdb_cache\2ITN,A
4160,ThermoMPNN,2ITN,0.048327744007110596,217,K,A,F:\GENESIS Studio\genesis-studio\packages\engines-py\.pdb_cache\2ITN,A
4161,ThermoMPNN,2ITN,-0.47377440333366394,217,K,C,F:\GENESIS Studio\genesis-studio\packages\engines-py\.pdb_cache\2ITN,A
4162,ThermoMPNN,2ITN,-0.593415379524231,217,K,D,F:\GENESIS Studio\genesis-studio\packages\engines-py\.pdb_cache\2ITN,A
4163,ThermoMPNN,2ITN,-0.7060954570770264,217,K,E,F:\GENESIS Studio\genesis-studio\packages\engines-py\.pdb_cache\2ITN,A
4164,ThermoMPNN,2ITN,-0.03332075476646423,217,K,F,F:\GENESIS Studio\genesis-studio\packages\engines-py\.pdb_cache\2ITN,A
4165,ThermoMPNN,2ITN,0.506346583366394,217,K,G,F:\GENESIS Studio\genesis-studio\packages\engines-py\.pdb_cache\2ITN,A
4166,ThermoMPNN,2ITN,-0.22734591364860535,217,K,H,F:\GENESIS Studio\genesis-studio\packages\engines-py\.pdb_cache\2ITN,A
4167,ThermoMPNN,2ITN,-0.4161318838596344,217,K,I,F:\GENESIS Studio\genesis-studio\packages\engines-py\.pdb_cache\2ITN,A
4168,ThermoMPNN,2ITN,0.0,217,K,K,F:\GENESIS Studio\genesis-studio\packages\engines-py\.pdb_cache\2ITN,A
4169,ThermoMPNN,2ITN,-0.3435780704021454,217,K,L,F:\GENESIS Studio\genesis-studio\packages\engines-py\.pdb_cache\2ITN,A
4170,ThermoMPNN,2ITN,-0.09730365872383118,217,K,M,F:\GENESIS Studio\genesis-studio\packages\engines-py\.pdb_cache\2ITN,A
4171,ThermoMPNN,2ITN,-0.3256210386753082,217,K,N,F:\GENESIS Studio\genesis-studio\packages\engines-py\.pdb_cache\2ITN,A
4172,ThermoMPNN,2ITN,0.531179666519165,217,K,P,F:\GENESIS Studio\genesis-studio\packages\engines-py\.pdb_cache\2ITN,A
4173,ThermoMPNN,2ITN,-0.3482125699520111,217,K,Q,F:\GENESIS Studio\genesis-studio\packages\engines-py\.pdb_cache\2ITN,A
4174,ThermoMPNN,2ITN,0.11347576975822449,217,K,R,F:\GENESIS Studio\genesis-studio\packages\engines-py\.pdb_cache\2ITN,A
4175,ThermoMPNN,2ITN,-0.5401332378387451,217,K,S,F:\GENESIS Studio\genesis-studio\packages\engines-py\.pdb_cache\2ITN,A
4176,ThermoMPNN,2ITN,-0.9702821969985962,217,K,T,F:\GENESIS Studio\genesis-studio\packages\engines-py\.pdb_cache\2ITN,A
4177,ThermoMPNN,2ITN,-0.5156571865081787,217,K,V,F:\GENESIS Studio\genesis-studio\packages\engines-py\.pdb_cache\2ITN,A
4178,ThermoMPNN,2ITN,0.11517992615699768,217,K,W,F:\GENESIS Studio\genesis-studio\packages\engines-py\.pdb_cache\2ITN,A
4179,ThermoMPNN,2ITN,0.04397544264793396,217,K,Y,F:\GENESIS Studio\genesis-studio\packages\engines-py\.pdb_cache\2ITN,A
4180,ThermoMPNN,2ITN,0.9312142133712769,218,P,A,F:\GENESIS Studio\genesis-studio\packages\engines-py\.pdb_cache\2ITN,A
4181,ThermoMPNN,2ITN,0.9853214025497437,218,P,C,F:\GENESIS Studio\genesis-studio\packages\engines-py\.pdb_cache\2ITN,A
4182,ThermoMPNN,2ITN,2.5495119094848633,218,P,D,F:\GENESIS Studio\genesis-studio\packages\engines-py\.pdb_cache\2ITN,A
4183,ThermoMPNN,2ITN,2.196068286895752,218,P,E,F:\GENESIS Studio\genesis-studio\packages\engines-py\.pdb_cache\2ITN,A
4184,ThermoMPNN,2ITN,1.616083025932312,218,P,F,F:\GENESIS Studio\genesis-studio\packages\engines-py\.pdb_cache\2ITN,A
4185,ThermoMPNN,2ITN,1.5868605375289917,218,P,G,F:\GENESIS Studio\genesis-studio\packages\engines-py\.pdb_cache\2ITN,A
4186,ThermoMPNN,2ITN,2.4731521606445312,218,P,H,F:\GENESIS Studio\genesis-studio\packages\engines-py\.pdb_cache\2ITN,A
4187,ThermoMPNN,2ITN,1.1770634651184082,218,P,I,F:\GENESIS Studio\genesis-studio\packages\engines-py\.pdb_cache\2ITN,A
4188,ThermoMPNN,2ITN,2.186721086502075,218,P,K,F:\GENESIS Studio\genesis-studio\packages\engines-py\.pdb_cache\2ITN,A
4189,ThermoMPNN,2ITN,1.4915155172348022,218,P,L,F:\GENESIS Studio\genesis-studio\packages\engines-py\.pdb_cache\2ITN,A
4190,ThermoMPNN,2ITN,1.5864077806472778,218,P,M,F:\GENESIS Studio\genesis-studio\packages\engines-py\.pdb_cache\2ITN,A
4191,ThermoMPNN,2ITN,2.4188897609710693,218,P,N,F:\GENESIS Studio\genesis-studio\packages\engines-py\.pdb_cache\2ITN,A
4192,ThermoMPNN,2ITN,0.0,218,P,P,F:\GENESIS Studio\genesis-studio\packages\engines-py\.pdb_cache\2ITN,A
4193,ThermoMPNN,2ITN,2.312026262283325,218,P,Q,F:\GENESIS Studio\genesis-studio\packages\engines-py\.pdb_cache\2ITN,A
4194,ThermoMPNN,2ITN,2.3198578357696533,218,P,R,F:\GENESIS Studio\genesis-studio\packages\engines-py\.pdb_cache\2ITN,A
4195,ThermoMPNN,2ITN,1.779284954071045,218,P,S,F:\GENESIS Studio\genesis-studio\packages\engines-py\.pdb_cache\2ITN,A
4196,ThermoMPNN,2ITN,1.8515634536743164,218,P,T,F:\GENESIS Studio\genesis-studio\packages\engines-py\.pdb_cache\2ITN,A
4197,ThermoMPNN,2ITN,1.0248851776123047,218,P,V,F:\GENESIS Studio\genesis-studio\packages\engines-py\.pdb_cache\2ITN,A
4198,ThermoMPNN,2ITN,1.590898036956787,218,P,W,F:\GENESIS Studio\genesis-studio\packages\engines-py\.pdb_cache\2ITN,A
4199,ThermoMPNN,2ITN,1.7469984292984009,218,P,Y,F:\GENESIS Studio\genesis-studio\packages\engines-py\.pdb_cache\2ITN,A
4200,ThermoMPNN,2ITN,2.5316343307495117,219,Y,A,F:\GENESIS Studio\genesis-studio\packages\engines-py\.pdb_cache\2ITN,A
4201,ThermoMPNN,2ITN,1.6927893161773682,219,Y,C,F:\GENESIS Studio\genesis-studio\packages\engines-py\.pdb_cache\2ITN,A
4202,ThermoMPNN,2ITN,2.7721290588378906,219,Y,D,F:\GENESIS Studio\genesis-studio\packages\engines-py\.pdb_cache\2ITN,A
4203,ThermoMPNN,2ITN,2.667236089706421,219,Y,E,F:\GENESIS Studio\genesis-studio\packages\engines-py\.pdb_cache\2ITN,A
4204,ThermoMPNN,2ITN,0.16482758522033691,219,Y,F,F:\GENESIS Studio\genesis-studio\packages\engines-py\.pdb_cache\2ITN,A
4205,ThermoMPNN,2ITN,2.583171844482422,219,Y,G,F:\GENESIS Studio\genesis-studio\packages\engines-py\.pdb_cache\2ITN,A
4206,ThermoMPNN,2ITN,1.8615822792053223,219,Y,H,F:\GENESIS Studio\genesis-studio\packages\engines-py\.pdb_cache\2ITN,A
4207,ThermoMPNN,2ITN,1.9666115045547485,219,Y,I,F:\GENESIS Studio\genesis-studio\packages\engines-py\.pdb_cache\2ITN,A
4208,ThermoMPNN,2ITN,2.3972690105438232,219,Y,K,F:\GENESIS Studio\genesis-studio\packages\engines-py\.pdb_cache\2ITN,A
4209,ThermoMPNN,2ITN,1.802635908126831,219,Y,L,F:\GENESIS Studio\genesis-studio\packages\engines-py\.pdb_cache\2ITN,A
4210,ThermoMPNN,2ITN,1.7535582780838013,219,Y,M,F:\GENESIS Studio\genesis-studio\packages\engines-py\.pdb_cache\2ITN,A
4211,ThermoMPNN,2ITN,2.5016698837280273,219,Y,N,F:\GENESIS Studio\genesis-studio\packages\engines-py\.pdb_cache\2ITN,A
4212,ThermoMPNN,2ITN,2.5262374877929688,219,Y,P,F:\GENESIS Studio\genesis-studio\packages\engines-py\.pdb_cache\2ITN,A
4213,ThermoMPNN,2ITN,2.4214208126068115,219,Y,Q,F:\GENESIS Studio\genesis-studio\packages\engines-py\.pdb_cache\2ITN,A
4214,ThermoMPNN,2ITN,2.198599338531494,219,Y,R,F:\GENESIS Studio\genesis-studio\packages\engines-py\.pdb_cache\2ITN,A
4215,ThermoMPNN,2ITN,2.5361552238464355,219,Y,S,F:\GENESIS Studio\genesis-studio\packages\engines-py\.pdb_cache\2ITN,A
4216,ThermoMPNN,2ITN,2.503523588180542,219,Y,T,F:\GENESIS Studio\genesis-studio\packages\engines-py\.pdb_cache\2ITN,A
4217,ThermoMPNN,2ITN,2.231996536254883,219,Y,V,F:\GENESIS Studio\genesis-studio\packages\engines-py\.pdb_cache\2ITN,A
4218,ThermoMPNN,2ITN,0.12969207763671875,219,Y,W,F:\GENESIS Studio\genesis-studio\packages\engines-py\.pdb_cache\2ITN,A
4219,ThermoMPNN,2ITN,0.0,219,Y,Y,F:\GENESIS Studio\genesis-studio\packages\engines-py\.pdb_cache\2ITN,A
4220,ThermoMPNN,2ITN,0.20172131061553955,220,D,A,F:\GENESIS Studio\genesis-studio\packages\engines-py\.pdb_cache\2ITN,A
4221,ThermoMPNN,2ITN,0.21878868341445923,220,D,C,F:\GENESIS Studio\genesis-studio\packages\engines-py\.pdb_cache\2ITN,A
4222,ThermoMPNN,2ITN,0.0,220,D,D,F:\GENESIS Studio\genesis-studio\packages\engines-py\.pdb_cache\2ITN,A
4223,ThermoMPNN,2ITN,-0.1697789430618286,220,D,E,F:\GENESIS Studio\genesis-studio\packages\engines-py\.pdb_cache\2ITN,A
4224,ThermoMPNN,2ITN,0.4490665793418884,220,D,F,F:\GENESIS Studio\genesis-studio\packages\engines-py\.pdb_cache\2ITN,A
4225,ThermoMPNN,2ITN,0.5628220438957214,220,D,G,F:\GENESIS Studio\genesis-studio\packages\engines-py\.pdb_cache\2ITN,A
4226,ThermoMPNN,2ITN,0.43820762634277344,220,D,H,F:\GENESIS Studio\genesis-studio\packages\engines-py\.pdb_cache\2ITN,A
4227,ThermoMPNN,2ITN,0.536077618598938,220,D,I,F:\GENESIS Studio\genesis-studio\packages\engines-py\.pdb_cache\2ITN,A
4228,ThermoMPNN,2ITN,0.6896926164627075,220,D,K,F:\GENESIS Studio\genesis-studio\packages\engines-py\.pdb_cache\2ITN,A
4229,ThermoMPNN,2ITN,0.5894073247909546,220,D,L,F:\GENESIS Studio\genesis-studio\packages\engines-py\.pdb_cache\2ITN,A
4230,ThermoMPNN,2ITN,0.47887980937957764,220,D,M,F:\GENESIS Studio\genesis-studio\packages\engines-py\.pdb_cache\2ITN,A
4231,ThermoMPNN,2ITN,0.6149160861968994,220,D,N,F:\GENESIS Studio\genesis-studio\packages\engines-py\.pdb_cache\2ITN,A
4232,ThermoMPNN,2ITN,0.8038222193717957,220,D,P,F:\GENESIS Studio\genesis-studio\packages\engines-py\.pdb_cache\2ITN,A
4233,ThermoMPNN,2ITN,0.3447744846343994,220,D,Q,F:\GENESIS Studio\genesis-studio\packages\engines-py\.pdb_cache\2ITN,A
4234,ThermoMPNN,2ITN,0.60455322265625,220,D,R,F:\GENESIS Studio\genesis-studio\packages\engines-py\.pdb_cache\2ITN,A
4235,ThermoMPNN,2ITN,0.3764171600341797,220,D,S,F:\GENESIS Studio\genesis-studio\packages\engines-py\.pdb_cache\2ITN,A
4236,ThermoMPNN,2ITN,0.5974763631820679,220,D,T,F:\GENESIS Studio\genesis-studio\packages\engines-py\.pdb_cache\2ITN,A
4237,ThermoMPNN,2ITN,0.5600495934486389,220,D,V,F:\GENESIS Studio\genesis-studio\packages\engines-py\.pdb_cache\2ITN,A
4238,ThermoMPNN,2ITN,0.2697114944458008,220,D,W,F:\GENESIS Studio\genesis-studio\packages\engines-py\.pdb_cache\2ITN,A
4239,ThermoMPNN,2ITN,0.22165703773498535,220,D,Y,F:\GENESIS Studio\genesis-studio\packages\engines-py\.pdb_cache\2ITN,A
4240,ThermoMPNN,2ITN,0.5097618103027344,221,G,A,F:\GENESIS Studio\genesis-studio\packages\engines-py\.pdb_cache\2ITN,A
4241,ThermoMPNN,2ITN,0.23204970359802246,221,G,C,F:\GENESIS Studio\genesis-studio\packages\engines-py\.pdb_cache\2ITN,A
4242,ThermoMPNN,2ITN,0.47250956296920776,221,G,D,F:\GENESIS Studio\genesis-studio\packages\engines-py\.pdb_cache\2ITN,A
4243,ThermoMPNN,2ITN,0.5020231604576111,221,G,E,F:\GENESIS Studio\genesis-studio\packages\engines-py\.pdb_cache\2ITN,A
4244,ThermoMPNN,2ITN,0.7576338052749634,221,G,F,F:\GENESIS Studio\genesis-studio\packages\engines-py\.pdb_cache\2ITN,A
4245,ThermoMPNN,2ITN,0.0,221,G,G,F:\GENESIS Studio\genesis-studio\packages\engines-py\.pdb_cache\2ITN,A
4246,ThermoMPNN,2ITN,0.4794555902481079,221,G,H,F:\GENESIS Studio\genesis-studio\packages\engines-py\.pdb_cache\2ITN,A
4247,ThermoMPNN,2ITN,1.30147123336792,221,G,I,F:\GENESIS Studio\genesis-studio\packages\engines-py\.pdb_cache\2ITN,A
4248,ThermoMPNN,2ITN,0.4391985535621643,221,G,K,F:\GENESIS Studio\genesis-studio\packages\engines-py\.pdb_cache\2ITN,A
4249,ThermoMPNN,2ITN,0.8580919504165649,221,G,L,F:\GENESIS Studio\genesis-studio\packages\engines-py\.pdb_cache\2ITN,A
4250,ThermoMPNN,2ITN,0.6365683674812317,221,G,M,F:\GENESIS Studio\genesis-studio\packages\engines-py\.pdb_cache\2ITN,A
4251,ThermoMPNN,2ITN,0.1866767406463623,221,G,N,F:\GENESIS Studio\genesis-studio\packages\engines-py\.pdb_cache\2ITN,A
4252,ThermoMPNN,2ITN,1.537811517715454,221,G,P,F:\GENESIS Studio\genesis-studio\packages\engines-py\.pdb_cache\2ITN,A
4253,ThermoMPNN,2ITN,0.5029723644256592,221,G,Q,F:\GENESIS Studio\genesis-studio\packages\engines-py\.pdb_cache\2ITN,A
4254,ThermoMPNN,2ITN,0.561238706111908,221,G,R,F:\GENESIS Studio\genesis-studio\packages\engines-py\.pdb_cache\2ITN,A
4255,ThermoMPNN,2ITN,0.48891782760620117,221,G,S,F:\GENESIS Studio\genesis-studio\packages\engines-py\.pdb_cache\2ITN,A
4256,ThermoMPNN,2ITN,0.8944258689880371,221,G,T,F:\GENESIS Studio\genesis-studio\packages\engines-py\.pdb_cache\2ITN,A
4257,ThermoMPNN,2ITN,1.265568494796753,221,G,V,F:\GENESIS Studio\genesis-studio\packages\engines-py\.pdb_cache\2ITN,A
4258,ThermoMPNN,2ITN,0.9788599014282227,221,G,W,F:\GENESIS Studio\genesis-studio\packages\engines-py\.pdb_cache\2ITN,A
4259,ThermoMPNN,2ITN,0.8991721868515015,221,G,Y,F:\GENESIS Studio\genesis-studio\packages\engines-py\.pdb_cache\2ITN,A
4260,ThermoMPNN,2ITN,0.9077554941177368,222,I,A,F:\GENESIS Studio\genesis-studio\packages\engines-py\.pdb_cache\2ITN,A
4261,ThermoMPNN,2ITN,0.38200151920318604,222,I,C,F:\GENESIS Studio\genesis-studio\packages\engines-py\.pdb_cache\2ITN,A
4262,ThermoMPNN,2ITN,1.5442705154418945,222,I,D,F:\GENESIS Studio\genesis-studio\packages\engines-py\.pdb_cache\2ITN,A
4263,ThermoMPNN,2ITN,1.3412185907363892,222,I,E,F:\GENESIS Studio\genesis-studio\packages\engines-py\.pdb_cache\2ITN,A
4264,ThermoMPNN,2ITN,0.2892029285430908,222,I,F,F:\GENESIS Studio\genesis-studio\packages\engines-py\.pdb_cache\2ITN,A
4265,ThermoMPNN,2ITN,1.3615761995315552,222,I,G,F:\GENESIS Studio\genesis-studio\packages\engines-py\.pdb_cache\2ITN,A
4266,ThermoMPNN,2ITN,0.6645814776420593,222,I,H,F:\GENESIS Studio\genesis-studio\packages\engines-py\.pdb_cache\2ITN,A
4267,ThermoMPNN,2ITN,0.0,222,I,I,F:\GENESIS Studio\genesis-studio\packages\engines-py\.pdb_cache\2ITN,A
4268,ThermoMPNN,2ITN,0.7454004287719727,222,I,K,F:\GENESIS Studio\genesis-studio\packages\engines-py\.pdb_cache\2ITN,A
4269,ThermoMPNN,2ITN,0.4221837520599365,222,I,L,F:\GENESIS Studio\genesis-studio\packages\engines-py\.pdb_cache\2ITN,A
4270,ThermoMPNN,2ITN,0.6354389786720276,222,I,M,F:\GENESIS Studio\genesis-studio\packages\engines-py\.pdb_cache\2ITN,A
4271,ThermoMPNN,2ITN,1.0766372680664062,222,I,N,F:\GENESIS Studio\genesis-studio\packages\engines-py\.pdb_cache\2ITN,A
4272,ThermoMPNN,2ITN,1.608293056488037,222,I,P,F:\GENESIS Studio\genesis-studio\packages\engines-py\.pdb_cache\2ITN,A
4273,ThermoMPNN,2ITN,0.9105319976806641,222,I,Q,F:\GENESIS Studio\genesis-studio\packages\engines-py\.pdb_cache\2ITN,A
4274,ThermoMPNN,2ITN,0.7887207865715027,222,I,R,F:\GENESIS Studio\genesis-studio\packages\engines-py\.pdb_cache\2ITN,A
4275,ThermoMPNN,2ITN,0.8844327330589294,222,I,S,F:\GENESIS Studio\genesis-studio\packages\engines-py\.pdb_cache\2ITN,A
4276,ThermoMPNN,2ITN,0.5135624408721924,222,I,T,F:\GENESIS Studio\genesis-studio\packages\engines-py\.pdb_cache\2ITN,A
4277,ThermoMPNN,2ITN,0.2278825044631958,222,I,V,F:\GENESIS Studio\genesis-studio\packages\engines-py\.pdb_cache\2ITN,A
4278,ThermoMPNN,2ITN,0.18350481986999512,222,I,W,F:\GENESIS Studio\genesis-studio\packages\engines-py\.pdb_cache\2ITN,A
4279,ThermoMPNN,2ITN,0.132676362991333,222,I,Y,F:\GENESIS Studio\genesis-studio\packages\engines-py\.pdb_cache\2ITN,A
4280,ThermoMPNN,2ITN,0.4809988737106323,223,P,A,F:\GENESIS Studio\genesis-studio\packages\engines-py\.pdb_cache\2ITN,A
4281,ThermoMPNN,2ITN,0.6007691621780396,223,P,C,F:\GENESIS Studio\genesis-studio\packages\engines-py\.pdb_cache\2ITN,A
4282,ThermoMPNN,2ITN,0.8330031037330627,223,P,D,F:\GENESIS Studio\genesis-studio\packages\engines-py\.pdb_cache\2ITN,A
4283,ThermoMPNN,2ITN,0.8932269215583801,223,P,E,F:\GENESIS Studio\genesis-studio\packages\engines-py\.pdb_cache\2ITN,A
4284,ThermoMPNN,2ITN,1.3365740776062012,223,P,F,F:\GENESIS Studio\genesis-studio\packages\engines-py\.pdb_cache\2ITN,A
4285,ThermoMPNN,2ITN,0.9556674957275391,223,P,G,F:\GENESIS Studio\genesis-studio\packages\engines-py\.pdb_cache\2ITN,A
4286,ThermoMPNN,2ITN,1.2248910665512085,223,P,H,F:\GENESIS Studio\genesis-studio\packages\engines-py\.pdb_cache\2ITN,A
4287,ThermoMPNN,2ITN,1.1396487951278687,223,P,I,F:\GENESIS Studio\genesis-studio\packages\engines-py\.pdb_cache\2ITN,A
4288,ThermoMPNN,2ITN,1.0863800048828125,223,P,K,F:\GENESIS Studio\genesis-studio\packages\engines-py\.pdb_cache\2ITN,A
4289,ThermoMPNN,2ITN,1.0261738300323486,223,P,L,F:\GENESIS Studio\genesis-studio\packages\engines-py\.pdb_cache\2ITN,A
4290,ThermoMPNN,2ITN,1.0366867780685425,223,P,M,F:\GENESIS Studio\genesis-studio\packages\engines-py\.pdb_cache\2ITN,A
4291,ThermoMPNN,2ITN,1.019385576248169,223,P,N,F:\GENESIS Studio\genesis-studio\packages\engines-py\.pdb_cache\2ITN,A
4292,ThermoMPNN,2ITN,0.0,223,P,P,F:\GENESIS Studio\genesis-studio\packages\engines-py\.pdb_cache\2ITN,A
4293,ThermoMPNN,2ITN,0.9512043595314026,223,P,Q,F:\GENESIS Studio\genesis-studio\packages\engines-py\.pdb_cache\2ITN,A
4294,ThermoMPNN,2ITN,1.2269742488861084,223,P,R,F:\GENESIS Studio\genesis-studio\packages\engines-py\.pdb_cache\2ITN,A
4295,ThermoMPNN,2ITN,0.5705283880233765,223,P,S,F:\GENESIS Studio\genesis-studio\packages\engines-py\.pdb_cache\2ITN,A
4296,ThermoMPNN,2ITN,0.8716511130332947,223,P,T,F:\GENESIS Studio\genesis-studio\packages\engines-py\.pdb_cache\2ITN,A
4297,ThermoMPNN,2ITN,0.9374805688858032,223,P,V,F:\GENESIS Studio\genesis-studio\packages\engines-py\.pdb_cache\2ITN,A
4298,ThermoMPNN,2ITN,1.174425721168518,223,P,W,F:\GENESIS Studio\genesis-studio\packages\engines-py\.pdb_cache\2ITN,A
4299,ThermoMPNN,2ITN,1.2881429195404053,223,P,Y,F:\GENESIS Studio\genesis-studio\packages\engines-py\.pdb_cache\2ITN,A
4300,ThermoMPNN,2ITN,0.0,224,A,A,F:\GENESIS Studio\genesis-studio\packages\engines-py\.pdb_cache\2ITN,A
4301,ThermoMPNN,2ITN,-0.02929544448852539,224,A,C,F:\GENESIS Studio\genesis-studio\packages\engines-py\.pdb_cache\2ITN,A
4302,ThermoMPNN,2ITN,-0.03789997100830078,224,A,D,F:\GENESIS Studio\genesis-studio\packages\engines-py\.pdb_cache\2ITN,A
4303,ThermoMPNN,2ITN,0.24605315923690796,224,A,E,F:\GENESIS Studio\genesis-studio\packages\engines-py\.pdb_cache\2ITN,A
4304,ThermoMPNN,2ITN,0.5292755365371704,224,A,F,F:\GENESIS Studio\genesis-studio\packages\engines-py\.pdb_cache\2ITN,A
4305,ThermoMPNN,2ITN,0.5111535787582397,224,A,G,F:\GENESIS Studio\genesis-studio\packages\engines-py\.pdb_cache\2ITN,A
4306,ThermoMPNN,2ITN,0.49747395515441895,224,A,H,F:\GENESIS Studio\genesis-studio\packages\engines-py\.pdb_cache\2ITN,A
4307,ThermoMPNN,2ITN,0.49582624435424805,224,A,I,F:\GENESIS Studio\genesis-studio\packages\engines-py\.pdb_cache\2ITN,A
4308,ThermoMPNN,2ITN,0.9527900218963623,224,A,K,F:\GENESIS Studio\genesis-studio\packages\engines-py\.pdb_cache\2ITN,A
4309,ThermoMPNN,2ITN,0.3660200834274292,224,A,L,F:\GENESIS Studio\genesis-studio\packages\engines-py\.pdb_cache\2ITN,A
4310,ThermoMPNN,2ITN,0.5310388803482056,224,A,M,F:\GENESIS Studio\genesis-studio\packages\engines-py\.pdb_cache\2ITN,A
4311,ThermoMPNN,2ITN,0.3859596848487854,224,A,N,F:\GENESIS Studio\genesis-studio\packages\engines-py\.pdb_cache\2ITN,A
4312,ThermoMPNN,2ITN,0.06291896104812622,224,A,P,F:\GENESIS Studio\genesis-studio\packages\engines-py\.pdb_cache\2ITN,A
4313,ThermoMPNN,2ITN,0.6134687662124634,224,A,Q,F:\GENESIS Studio\genesis-studio\packages\engines-py\.pdb_cache\2ITN,A
4314,ThermoMPNN,2ITN,0.9844627976417542,224,A,R,F:\GENESIS Studio\genesis-studio\packages\engines-py\.pdb_cache\2ITN,A
4315,ThermoMPNN,2ITN,0.23979508876800537,224,A,S,F:\GENESIS Studio\genesis-studio\packages\engines-py\.pdb_cache\2ITN,A
4316,ThermoMPNN,2ITN,0.4409845471382141,224,A,T,F:\GENESIS Studio\genesis-studio\packages\engines-py\.pdb_cache\2ITN,A
4317,ThermoMPNN,2ITN,0.3588199019432068,224,A,V,F:\GENESIS Studio\genesis-studio\packages\engines-py\.pdb_cache\2ITN,A
4318,ThermoMPNN,2ITN,0.1433582901954651,224,A,W,F:\GENESIS Studio\genesis-studio\packages\engines-py\.pdb_cache\2ITN,A
4319,ThermoMPNN,2ITN,0.43637704849243164,224,A,Y,F:\GENESIS Studio\genesis-studio\packages\engines-py\.pdb_cache\2ITN,A
4320,ThermoMPNN,2ITN,-0.010667622089385986,225,S,A,F:\GENESIS Studio\genesis-studio\packages\engines-py\.pdb_cache\2ITN,A
4321,ThermoMPNN,2ITN,-0.09544271230697632,225,S,C,F:\GENESIS Studio\genesis-studio\packages\engines-py\.pdb_cache\2ITN,A
4322,ThermoMPNN,2ITN,-0.08763355016708374,225,S,D,F:\GENESIS Studio\genesis-studio\packages\engines-py\.pdb_cache\2ITN,A
4323,ThermoMPNN,2ITN,-0.12327772378921509,225,S,E,F:\GENESIS Studio\genesis-studio\packages\engines-py\.pdb_cache\2ITN,A
4324,ThermoMPNN,2ITN,0.2531101703643799,225,S,F,F:\GENESIS Studio\genesis-studio\packages\engines-py\.pdb_cache\2ITN,A
4325,ThermoMPNN,2ITN,0.27907609939575195,225,S,G,F:\GENESIS Studio\genesis-studio\packages\engines-py\.pdb_cache\2ITN,A
4326,ThermoMPNN,2ITN,0.10853022336959839,225,S,H,F:\GENESIS Studio\genesis-studio\packages\engines-py\.pdb_cache\2ITN,A
4327,ThermoMPNN,2ITN,0.339500367641449,225,S,I,F:\GENESIS Studio\genesis-studio\packages\engines-py\.pdb_cache\2ITN,A
4328,ThermoMPNN,2ITN,0.2246878743171692,225,S,K,F:\GENESIS Studio\genesis-studio\packages\engines-py\.pdb_cache\2ITN,A
4329,ThermoMPNN,2ITN,0.27164220809936523,225,S,L,F:\GENESIS Studio\genesis-studio\packages\engines-py\.pdb_cache\2ITN,A
4330,ThermoMPNN,2ITN,0.2937033176422119,225,S,M,F:\GENESIS Studio\genesis-studio\packages\engines-py\.pdb_cache\2ITN,A
4331,ThermoMPNN,2ITN,0.128187894821167,225,S,N,F:\GENESIS Studio\genesis-studio\packages\engines-py\.pdb_cache\2ITN,A
4332,ThermoMPNN,2ITN,0.4786577820777893,225,S,P,F:\GENESIS Studio\genesis-studio\packages\engines-py\.pdb_cache\2ITN,A
4333,ThermoMPNN,2ITN,0.11842966079711914,225,S,Q,F:\GENESIS Studio\genesis-studio\packages\engines-py\.pdb_cache\2ITN,A
4334,ThermoMPNN,2ITN,0.27832603454589844,225,S,R,F:\GENESIS Studio\genesis-studio\packages\engines-py\.pdb_cache\2ITN,A
4335,ThermoMPNN,2ITN,0.0,225,S,S,F:\GENESIS Studio\genesis-studio\packages\engines-py\.pdb_cache\2ITN,A
4336,ThermoMPNN,2ITN,0.19838780164718628,225,S,T,F:\GENESIS Studio\genesis-studio\packages\engines-py\.pdb_cache\2ITN,A
4337,ThermoMPNN,2ITN,0.3163265585899353,225,S,V,F:\GENESIS Studio\genesis-studio\packages\engines-py\.pdb_cache\2ITN,A
4338,ThermoMPNN,2ITN,0.07912474870681763,225,S,W,F:\GENESIS Studio\genesis-studio\packages\engines-py\.pdb_cache\2ITN,A
4339,ThermoMPNN,2ITN,0.12758058309555054,225,S,Y,F:\GENESIS Studio\genesis-studio\packages\engines-py\.pdb_cache\2ITN,A
4340,ThermoMPNN,2ITN,0.3866976499557495,226,E,A,F:\GENESIS Studio\genesis-studio\packages\engines-py\.pdb_cache\2ITN,A
4341,ThermoMPNN,2ITN,0.18938791751861572,226,E,C,F:\GENESIS Studio\genesis-studio\packages\engines-py\.pdb_cache\2ITN,A
4342,ThermoMPNN,2ITN,0.704098105430603,226,E,D,F:\GENESIS Studio\genesis-studio\packages\engines-py\.pdb_cache\2ITN,A
4343,ThermoMPNN,2ITN,0.0,226,E,E,F:\GENESIS Studio\genesis-studio\packages\engines-py\.pdb_cache\2ITN,A
4344,ThermoMPNN,2ITN,0.4416809678077698,226,E,F,F:\GENESIS Studio\genesis-studio\packages\engines-py\.pdb_cache\2ITN,A
4345,ThermoMPNN,2ITN,1.0538201332092285,226,E,G,F:\GENESIS Studio\genesis-studio\packages\engines-py\.pdb_cache\2ITN,A
4346,ThermoMPNN,2ITN,0.5937409996986389,226,E,H,F:\GENESIS Studio\genesis-studio\packages\engines-py\.pdb_cache\2ITN,A
4347,ThermoMPNN,2ITN,0.21335899829864502,226,E,I,F:\GENESIS Studio\genesis-studio\packages\engines-py\.pdb_cache\2ITN,A
4348,ThermoMPNN,2ITN,0.5193145275115967,226,E,K,F:\GENESIS Studio\genesis-studio\packages\engines-py\.pdb_cache\2ITN,A
4349,ThermoMPNN,2ITN,0.13059043884277344,226,E,L,F:\GENESIS Studio\genesis-studio\packages\engines-py\.pdb_cache\2ITN,A
4350,ThermoMPNN,2ITN,0.012921690940856934,226,E,M,F:\GENESIS Studio\genesis-studio\packages\engines-py\.pdb_cache\2ITN,A
4351,ThermoMPNN,2ITN,0.8754011392593384,226,E,N,F:\GENESIS Studio\genesis-studio\packages\engines-py\.pdb_cache\2ITN,A
4352,ThermoMPNN,2ITN,1.7204368114471436,226,E,P,F:\GENESIS Studio\genesis-studio\packages\engines-py\.pdb_cache\2ITN,A
4353,ThermoMPNN,2ITN,0.03690290451049805,226,E,Q,F:\GENESIS Studio\genesis-studio\packages\engines-py\.pdb_cache\2ITN,A
4354,ThermoMPNN,2ITN,0.5856897234916687,226,E,R,F:\GENESIS Studio\genesis-studio\packages\engines-py\.pdb_cache\2ITN,A
4355,ThermoMPNN,2ITN,0.6386862993240356,226,E,S,F:\GENESIS Studio\genesis-studio\packages\engines-py\.pdb_cache\2ITN,A
4356,ThermoMPNN,2ITN,0.5148320198059082,226,E,T,F:\GENESIS Studio\genesis-studio\packages\engines-py\.pdb_cache\2ITN,A
4357,ThermoMPNN,2ITN,0.34769153594970703,226,E,V,F:\GENESIS Studio\genesis-studio\packages\engines-py\.pdb_cache\2ITN,A
4358,ThermoMPNN,2ITN,0.29232245683670044,226,E,W,F:\GENESIS Studio\genesis-studio\packages\engines-py\.pdb_cache\2ITN,A
4359,ThermoMPNN,2ITN,0.4303629398345947,226,E,Y,F:\GENESIS Studio\genesis-studio\packages\engines-py\.pdb_cache\2ITN,A
4360,ThermoMPNN,2ITN,2.41699481010437,227,I,A,F:\GENESIS Studio\genesis-studio\packages\engines-py\.pdb_cache\2ITN,A
4361,ThermoMPNN,2ITN,1.7202949523925781,227,I,C,F:\GENESIS Studio\genesis-studio\packages\engines-py\.pdb_cache\2ITN,A
4362,ThermoMPNN,2ITN,2.834383010864258,227,I,D,F:\GENESIS Studio\genesis-studio\packages\engines-py\.pdb_cache\2ITN,A
4363,ThermoMPNN,2ITN,2.834273338317871,227,I,E,F:\GENESIS Studio\genesis-studio\packages\engines-py\.pdb_cache\2ITN,A
4364,ThermoMPNN,2ITN,1.4758400917053223,227,I,F,F:\GENESIS Studio\genesis-studio\packages\engines-py\.pdb_cache\2ITN,A
4365,ThermoMPNN,2ITN,3.200254440307617,227,I,G,F:\GENESIS Studio\genesis-studio\packages\engines-py\.pdb_cache\2ITN,A
4366,ThermoMPNN,2ITN,2.6338725090026855,227,I,H,F:\GENESIS Studio\genesis-studio\packages\engines-py\.pdb_cache\2ITN,A
4367,ThermoMPNN,2ITN,0.0,227,I,I,F:\GENESIS Studio\genesis-studio\packages\engines-py\.pdb_cache\2ITN,A
4368,ThermoMPNN,2ITN,2.8734686374664307,227,I,K,F:\GENESIS Studio\genesis-studio\packages\engines-py\.pdb_cache\2ITN,A
4369,ThermoMPNN,2ITN,0.5930707454681396,227,I,L,F:\GENESIS Studio\genesis-studio\packages\engines-py\.pdb_cache\2ITN,A
4370,ThermoMPNN,2ITN,1.4627983570098877,227,I,M,F:\GENESIS Studio\genesis-studio\packages\engines-py\.pdb_cache\2ITN,A
4371,ThermoMPNN,2ITN,2.8886775970458984,227,I,N,F:\GENESIS Studio\genesis-studio\packages\engines-py\.pdb_cache\2ITN,A
4372,ThermoMPNN,2ITN,2.897787094116211,227,I,P,F:\GENESIS Studio\genesis-studio\packages\engines-py\.pdb_cache\2ITN,A
4373,ThermoMPNN,2ITN,2.9001803398132324,227,I,Q,F:\GENESIS Studio\genesis-studio\packages\engines-py\.pdb_cache\2ITN,A
4374,ThermoMPNN,2ITN,2.9045541286468506,227,I,R,F:\GENESIS Studio\genesis-studio\packages\engines-py\.pdb_cache\2ITN,A
4375,ThermoMPNN,2ITN,2.80792498588562,227,I,S,F:\GENESIS Studio\genesis-studio\packages\engines-py\.pdb_cache\2ITN,A
4376,ThermoMPNN,2ITN,2.3019542694091797,227,I,T,F:\GENESIS Studio\genesis-studio\packages\engines-py\.pdb_cache\2ITN,A
4377,ThermoMPNN,2ITN,0.887266993522644,227,I,V,F:\GENESIS Studio\genesis-studio\packages\engines-py\.pdb_cache\2ITN,A
4378,ThermoMPNN,2ITN,1.7157585620880127,227,I,W,F:\GENESIS Studio\genesis-studio\packages\engines-py\.pdb_cache\2ITN,A
4379,ThermoMPNN,2ITN,1.7029212713241577,227,I,Y,F:\GENESIS Studio\genesis-studio\packages\engines-py\.pdb_cache\2ITN,A
4380,ThermoMPNN,2ITN,-0.189353346824646,228,S,A,F:\GENESIS Studio\genesis-studio\packages\engines-py\.pdb_cache\2ITN,A
4381,ThermoMPNN,2ITN,-0.16281163692474365,228,S,C,F:\GENESIS Studio\genesis-studio\packages\engines-py\.pdb_cache\2ITN,A
4382,ThermoMPNN,2ITN,0.7229695916175842,228,S,D,F:\GENESIS Studio\genesis-studio\packages\engines-py\.pdb_cache\2ITN,A
4383,ThermoMPNN,2ITN,0.15109595656394958,228,S,E,F:\GENESIS Studio\genesis-studio\packages\engines-py\.pdb_cache\2ITN,A
4384,ThermoMPNN,2ITN,0.00308835506439209,228,S,F,F:\GENESIS Studio\genesis-studio\packages\engines-py\.pdb_cache\2ITN,A
4385,ThermoMPNN,2ITN,0.21592861413955688,228,S,G,F:\GENESIS Studio\genesis-studio\packages\engines-py\.pdb_cache\2ITN,A
4386,ThermoMPNN,2ITN,0.12498700618743896,228,S,H,F:\GENESIS Studio\genesis-studio\packages\engines-py\.pdb_cache\2ITN,A
4387,ThermoMPNN,2ITN,-0.07044374942779541,228,S,I,F:\GENESIS Studio\genesis-studio\packages\engines-py\.pdb_cache\2ITN,A
4388,ThermoMPNN,2ITN,-0.44829118251800537,228,S,K,F:\GENESIS Studio\genesis-studio\packages\engines-py\.pdb_cache\2ITN,A
4389,ThermoMPNN,2ITN,0.23243480920791626,228,S,L,F:\GENESIS Studio\genesis-studio\packages\engines-py\.pdb_cache\2ITN,A
4390,ThermoMPNN,2ITN,-0.02185910940170288,228,S,M,F:\GENESIS Studio\genesis-studio\packages\engines-py\.pdb_cache\2ITN,A
4391,ThermoMPNN,2ITN,0.5172461867332458,228,S,N,F:\GENESIS Studio\genesis-studio\packages\engines-py\.pdb_cache\2ITN,A
4392,ThermoMPNN,2ITN,-0.5361125469207764,228,S,P,F:\GENESIS Studio\genesis-studio\packages\engines-py\.pdb_cache\2ITN,A
4393,ThermoMPNN,2ITN,-0.06164252758026123,228,S,Q,F:\GENESIS Studio\genesis-studio\packages\engines-py\.pdb_cache\2ITN,A
4394,ThermoMPNN,2ITN,-0.5072576999664307,228,S,R,F:\GENESIS Studio\genesis-studio\packages\engines-py\.pdb_cache\2ITN,A
4395,ThermoMPNN,2ITN,0.0,228,S,S,F:\GENESIS Studio\genesis-studio\packages\engines-py\.pdb_cache\2ITN,A
4396,ThermoMPNN,2ITN,0.1953158974647522,228,S,T,F:\GENESIS Studio\genesis-studio\packages\engines-py\.pdb_cache\2ITN,A
4397,ThermoMPNN,2ITN,-0.0009641647338867188,228,S,V,F:\GENESIS Studio\genesis-studio\packages\engines-py\.pdb_cache\2ITN,A
4398,ThermoMPNN,2ITN,-0.16610342264175415,228,S,W,F:\GENESIS Studio\genesis-studio\packages\engines-py\.pdb_cache\2ITN,A
4399,ThermoMPNN,2ITN,-0.07769370079040527,228,S,Y,F:\GENESIS Studio\genesis-studio\packages\engines-py\.pdb_cache\2ITN,A
4400,ThermoMPNN,2ITN,-0.14477497339248657,229,S,A,F:\GENESIS Studio\genesis-studio\packages\engines-py\.pdb_cache\2ITN,A
4401,ThermoMPNN,2ITN,-0.21055585145950317,229,S,C,F:\GENESIS Studio\genesis-studio\packages\engines-py\.pdb_cache\2ITN,A
4402,ThermoMPNN,2ITN,0.24622732400894165,229,S,D,F:\GENESIS Studio\genesis-studio\packages\engines-py\.pdb_cache\2ITN,A
4403,ThermoMPNN,2ITN,-0.09664797782897949,229,S,E,F:\GENESIS Studio\genesis-studio\packages\engines-py\.pdb_cache\2ITN,A
4404,ThermoMPNN,2ITN,0.019905686378479004,229,S,F,F:\GENESIS Studio\genesis-studio\packages\engines-py\.pdb_cache\2ITN,A
4405,ThermoMPNN,2ITN,0.3403781056404114,229,S,G,F:\GENESIS Studio\genesis-studio\packages\engines-py\.pdb_cache\2ITN,A
4406,ThermoMPNN,2ITN,-0.008486568927764893,229,S,H,F:\GENESIS Studio\genesis-studio\packages\engines-py\.pdb_cache\2ITN,A
4407,ThermoMPNN,2ITN,-0.1812029480934143,229,S,I,F:\GENESIS Studio\genesis-studio\packages\engines-py\.pdb_cache\2ITN,A
4408,ThermoMPNN,2ITN,-0.11877727508544922,229,S,K,F:\GENESIS Studio\genesis-studio\packages\engines-py\.pdb_cache\2ITN,A
4409,ThermoMPNN,2ITN,-0.10266602039337158,229,S,L,F:\GENESIS Studio\genesis-studio\packages\engines-py\.pdb_cache\2ITN,A
4410,ThermoMPNN,2ITN,-0.07056635618209839,229,S,M,F:\GENESIS Studio\genesis-studio\packages\engines-py\.pdb_cache\2ITN,A
4411,ThermoMPNN,2ITN,0.1386815905570984,229,S,N,F:\GENESIS Studio\genesis-studio\packages\engines-py\.pdb_cache\2ITN,A
4412,ThermoMPNN,2ITN,1.3611154556274414,229,S,P,F:\GENESIS Studio\genesis-studio\packages\engines-py\.pdb_cache\2ITN,A
4413,ThermoMPNN,2ITN,-0.07568550109863281,229,S,Q,F:\GENESIS Studio\genesis-studio\packages\engines-py\.pdb_cache\2ITN,A
4414,ThermoMPNN,2ITN,-0.17892950773239136,229,S,R,F:\GENESIS Studio\genesis-studio\packages\engines-py\.pdb_cache\2ITN,A
4415,ThermoMPNN,2ITN,0.0,229,S,S,F:\GENESIS Studio\genesis-studio\packages\engines-py\.pdb_cache\2ITN,A
4416,ThermoMPNN,2ITN,-0.10772913694381714,229,S,T,F:\GENESIS Studio\genesis-studio\packages\engines-py\.pdb_cache\2ITN,A
4417,ThermoMPNN,2ITN,-0.08750128746032715,229,S,V,F:\GENESIS Studio\genesis-studio\packages\engines-py\.pdb_cache\2ITN,A
4418,ThermoMPNN,2ITN,0.012054204940795898,229,S,W,F:\GENESIS Studio\genesis-studio\packages\engines-py\.pdb_cache\2ITN,A
4419,ThermoMPNN,2ITN,-0.04070669412612915,229,S,Y,F:\GENESIS Studio\genesis-studio\packages\engines-py\.pdb_cache\2ITN,A
4420,ThermoMPNN,2ITN,1.1894948482513428,230,I,A,F:\GENESIS Studio\genesis-studio\packages\engines-py\.pdb_cache\2ITN,A
4421,ThermoMPNN,2ITN,0.7624754309654236,230,I,C,F:\GENESIS Studio\genesis-studio\packages\engines-py\.pdb_cache\2ITN,A
4422,ThermoMPNN,2ITN,1.9250717163085938,230,I,D,F:\GENESIS Studio\genesis-studio\packages\engines-py\.pdb_cache\2ITN,A
4423,ThermoMPNN,2ITN,1.6333870887756348,230,I,E,F:\GENESIS Studio\genesis-studio\packages\engines-py\.pdb_cache\2ITN,A
4424,ThermoMPNN,2ITN,0.5111294984817505,230,I,F,F:\GENESIS Studio\genesis-studio\packages\engines-py\.pdb_cache\2ITN,A
4425,ThermoMPNN,2ITN,1.858546495437622,230,I,G,F:\GENESIS Studio\genesis-studio\packages\engines-py\.pdb_cache\2ITN,A
4426,ThermoMPNN,2ITN,0.9444942474365234,230,I,H,F:\GENESIS Studio\genesis-studio\packages\engines-py\.pdb_cache\2ITN,A
4427,ThermoMPNN,2ITN,0.0,230,I,I,F:\GENESIS Studio\genesis-studio\packages\engines-py\.pdb_cache\2ITN,A
4428,ThermoMPNN,2ITN,0.8828914165496826,230,I,K,F:\GENESIS Studio\genesis-studio\packages\engines-py\.pdb_cache\2ITN,A
4429,ThermoMPNN,2ITN,0.01984715461730957,230,I,L,F:\GENESIS Studio\genesis-studio\packages\engines-py\.pdb_cache\2ITN,A
4430,ThermoMPNN,2ITN,0.5221679210662842,230,I,M,F:\GENESIS Studio\genesis-studio\packages\engines-py\.pdb_cache\2ITN,A
4431,ThermoMPNN,2ITN,1.5926306247711182,230,I,N,F:\GENESIS Studio\genesis-studio\packages\engines-py\.pdb_cache\2ITN,A
4432,ThermoMPNN,2ITN,2.1489155292510986,230,I,P,F:\GENESIS Studio\genesis-studio\packages\engines-py\.pdb_cache\2ITN,A
4433,ThermoMPNN,2ITN,1.2144057750701904,230,I,Q,F:\GENESIS Studio\genesis-studio\packages\engines-py\.pdb_cache\2ITN,A
4434,ThermoMPNN,2ITN,0.760039746761322,230,I,R,F:\GENESIS Studio\genesis-studio\packages\engines-py\.pdb_cache\2ITN,A
4435,ThermoMPNN,2ITN,1.6178553104400635,230,I,S,F:\GENESIS Studio\genesis-studio\packages\engines-py\.pdb_cache\2ITN,A
4436,ThermoMPNN,2ITN,1.3200751543045044,230,I,T,F:\GENESIS Studio\genesis-studio\packages\engines-py\.pdb_cache\2ITN,A
4437,ThermoMPNN,2ITN,0.6396694779396057,230,I,V,F:\GENESIS Studio\genesis-studio\packages\engines-py\.pdb_cache\2ITN,A
4438,ThermoMPNN,2ITN,0.4655425548553467,230,I,W,F:\GENESIS Studio\genesis-studio\packages\engines-py\.pdb_cache\2ITN,A
4439,ThermoMPNN,2ITN,0.2560455799102783,230,I,Y,F:\GENESIS Studio\genesis-studio\packages\engines-py\.pdb_cache\2ITN,A
4440,ThermoMPNN,2ITN,1.9341131448745728,231,L,A,F:\GENESIS Studio\genesis-studio\packages\engines-py\.pdb_cache\2ITN,A
4441,ThermoMPNN,2ITN,1.2211471796035767,231,L,C,F:\GENESIS Studio\genesis-studio\packages\engines-py\.pdb_cache\2ITN,A
4442,ThermoMPNN,2ITN,2.8477227687835693,231,L,D,F:\GENESIS Studio\genesis-studio\packages\engines-py\.pdb_cache\2ITN,A
4443,ThermoMPNN,2ITN,2.204031229019165,231,L,E,F:\GENESIS Studio\genesis-studio\packages\engines-py\.pdb_cache\2ITN,A
4444,ThermoMPNN,2ITN,1.0555293560028076,231,L,F,F:\GENESIS Studio\genesis-studio\packages\engines-py\.pdb_cache\2ITN,A
4445,ThermoMPNN,2ITN,2.613478660583496,231,L,G,F:\GENESIS Studio\genesis-studio\packages\engines-py\.pdb_cache\2ITN,A
4446,ThermoMPNN,2ITN,2.019890785217285,231,L,H,F:\GENESIS Studio\genesis-studio\packages\engines-py\.pdb_cache\2ITN,A
4447,ThermoMPNN,2ITN,0.6441755294799805,231,L,I,F:\GENESIS Studio\genesis-studio\packages\engines-py\.pdb_cache\2ITN,A
4448,ThermoMPNN,2ITN,1.9640856981277466,231,L,K,F:\GENESIS Studio\genesis-studio\packages\engines-py\.pdb_cache\2ITN,A
4449,ThermoMPNN,2ITN,0.0,231,L,L,F:\GENESIS Studio\genesis-studio\packages\engines-py\.pdb_cache\2ITN,A
4450,ThermoMPNN,2ITN,0.6849005222320557,231,L,M,F:\GENESIS Studio\genesis-studio\packages\engines-py\.pdb_cache\2ITN,A
4451,ThermoMPNN,2ITN,2.4968581199645996,231,L,N,F:\GENESIS Studio\genesis-studio\packages\engines-py\.pdb_cache\2ITN,A
4452,ThermoMPNN,2ITN,2.818523406982422,231,L,P,F:\GENESIS Studio\genesis-studio\packages\engines-py\.pdb_cache\2ITN,A
4453,ThermoMPNN,2ITN,1.9904015064239502,231,L,Q,F:\GENESIS Studio\genesis-studio\packages\engines-py\.pdb_cache\2ITN,A
4454,ThermoMPNN,2ITN,1.85336172580719,231,L,R,F:\GENESIS Studio\genesis-studio\packages\engines-py\.pdb_cache\2ITN,A
4455,ThermoMPNN,2ITN,2.3679323196411133,231,L,S,F:\GENESIS Studio\genesis-studio\packages\engines-py\.pdb_cache\2ITN,A
4456,ThermoMPNN,2ITN,1.9347190856933594,231,L,T,F:\GENESIS Studio\genesis-studio\packages\engines-py\.pdb_cache\2ITN,A
4457,ThermoMPNN,2ITN,1.2268927097320557,231,L,V,F:\GENESIS Studio\genesis-studio\packages\engines-py\.pdb_cache\2ITN,A
4458,ThermoMPNN,2ITN,1.1675057411193848,231,L,W,F:\GENESIS Studio\genesis-studio\packages\engines-py\.pdb_cache\2ITN,A
4459,ThermoMPNN,2ITN,1.210174560546875,231,L,Y,F:\GENESIS Studio\genesis-studio\packages\engines-py\.pdb_cache\2ITN,A
4460,ThermoMPNN,2ITN,0.10718297958374023,232,E,A,F:\GENESIS Studio\genesis-studio\packages\engines-py\.pdb_cache\2ITN,A
4461,ThermoMPNN,2ITN,-0.3049812912940979,232,E,C,F:\GENESIS Studio\genesis-studio\packages\engines-py\.pdb_cache\2ITN,A
4462,ThermoMPNN,2ITN,0.8188899159431458,232,E,D,F:\GENESIS Studio\genesis-studio\packages\engines-py\.pdb_cache\2ITN,A
4463,ThermoMPNN,2ITN,0.0,232,E,E,F:\GENESIS Studio\genesis-studio\packages\engines-py\.pdb_cache\2ITN,A
4464,ThermoMPNN,2ITN,0.11437606811523438,232,E,F,F:\GENESIS Studio\genesis-studio\packages\engines-py\.pdb_cache\2ITN,A
4465,ThermoMPNN,2ITN,0.7331406474113464,232,E,G,F:\GENESIS Studio\genesis-studio\packages\engines-py\.pdb_cache\2ITN,A
4466,ThermoMPNN,2ITN,0.24085021018981934,232,E,H,F:\GENESIS Studio\genesis-studio\packages\engines-py\.pdb_cache\2ITN,A
4467,ThermoMPNN,2ITN,-0.3516210913658142,232,E,I,F:\GENESIS Studio\genesis-studio\packages\engines-py\.pdb_cache\2ITN,A
4468,ThermoMPNN,2ITN,-0.0693243145942688,232,E,K,F:\GENESIS Studio\genesis-studio\packages\engines-py\.pdb_cache\2ITN,A
4469,ThermoMPNN,2ITN,-0.44355517625808716,232,E,L,F:\GENESIS Studio\genesis-studio\packages\engines-py\.pdb_cache\2ITN,A
4470,ThermoMPNN,2ITN,-0.3114174008369446,232,E,M,F:\GENESIS Studio\genesis-studio\packages\engines-py\.pdb_cache\2ITN,A
4471,ThermoMPNN,2ITN,0.5507709383964539,232,E,N,F:\GENESIS Studio\genesis-studio\packages\engines-py\.pdb_cache\2ITN,A
4472,ThermoMPNN,2ITN,2.1731364727020264,232,E,P,F:\GENESIS Studio\genesis-studio\packages\engines-py\.pdb_cache\2ITN,A
4473,ThermoMPNN,2ITN,-0.14270204305648804,232,E,Q,F:\GENESIS Studio\genesis-studio\packages\engines-py\.pdb_cache\2ITN,A
4474,ThermoMPNN,2ITN,-0.06831449270248413,232,E,R,F:\GENESIS Studio\genesis-studio\packages\engines-py\.pdb_cache\2ITN,A
4475,ThermoMPNN,2ITN,0.29814809560775757,232,E,S,F:\GENESIS Studio\genesis-studio\packages\engines-py\.pdb_cache\2ITN,A
4476,ThermoMPNN,2ITN,0.018995285034179688,232,E,T,F:\GENESIS Studio\genesis-studio\packages\engines-py\.pdb_cache\2ITN,A
4477,ThermoMPNN,2ITN,-0.20309978723526,232,E,V,F:\GENESIS Studio\genesis-studio\packages\engines-py\.pdb_cache\2ITN,A
4478,ThermoMPNN,2ITN,0.07964503765106201,232,E,W,F:\GENESIS Studio\genesis-studio\packages\engines-py\.pdb_cache\2ITN,A
4479,ThermoMPNN,2ITN,0.12565773725509644,232,E,Y,F:\GENESIS Studio\genesis-studio\packages\engines-py\.pdb_cache\2ITN,A
4480,ThermoMPNN,2ITN,0.7303283214569092,233,K,A,F:\GENESIS Studio\genesis-studio\packages\engines-py\.pdb_cache\2ITN,A
4481,ThermoMPNN,2ITN,0.8605731725692749,233,K,C,F:\GENESIS Studio\genesis-studio\packages\engines-py\.pdb_cache\2ITN,A
4482,ThermoMPNN,2ITN,1.8727900981903076,233,K,D,F:\GENESIS Studio\genesis-studio\packages\engines-py\.pdb_cache\2ITN,A
4483,ThermoMPNN,2ITN,1.6026475429534912,233,K,E,F:\GENESIS Studio\genesis-studio\packages\engines-py\.pdb_cache\2ITN,A
4484,ThermoMPNN,2ITN,1.1490135192871094,233,K,F,F:\GENESIS Studio\genesis-studio\packages\engines-py\.pdb_cache\2ITN,A
4485,ThermoMPNN,2ITN,1.3725383281707764,233,K,G,F:\GENESIS Studio\genesis-studio\packages\engines-py\.pdb_cache\2ITN,A
4486,ThermoMPNN,2ITN,0.8291833996772766,233,K,H,F:\GENESIS Studio\genesis-studio\packages\engines-py\.pdb_cache\2ITN,A
4487,ThermoMPNN,2ITN,1.007580041885376,233,K,I,F:\GENESIS Studio\genesis-studio\packages\engines-py\.pdb_cache\2ITN,A
4488,ThermoMPNN,2ITN,0.0,233,K,K,F:\GENESIS Studio\genesis-studio\packages\engines-py\.pdb_cache\2ITN,A
4489,ThermoMPNN,2ITN,0.800828754901886,233,K,L,F:\GENESIS Studio\genesis-studio\packages\engines-py\.pdb_cache\2ITN,A
4490,ThermoMPNN,2ITN,0.721216082572937,233,K,M,F:\GENESIS Studio\genesis-studio\packages\engines-py\.pdb_cache\2ITN,A
4491,ThermoMPNN,2ITN,0.8633818030357361,233,K,N,F:\GENESIS Studio\genesis-studio\packages\engines-py\.pdb_cache\2ITN,A
4492,ThermoMPNN,2ITN,2.927659034729004,233,K,P,F:\GENESIS Studio\genesis-studio\packages\engines-py\.pdb_cache\2ITN,A
4493,ThermoMPNN,2ITN,0.7252737283706665,233,K,Q,F:\GENESIS Studio\genesis-studio\packages\engines-py\.pdb_cache\2ITN,A
4494,ThermoMPNN,2ITN,-0.30703961849212646,233,K,R,F:\GENESIS Studio\genesis-studio\packages\engines-py\.pdb_cache\2ITN,A
4495,ThermoMPNN,2ITN,0.7834154963493347,233,K,S,F:\GENESIS Studio\genesis-studio\packages\engines-py\.pdb_cache\2ITN,A
4496,ThermoMPNN,2ITN,0.9287799000740051,233,K,T,F:\GENESIS Studio\genesis-studio\packages\engines-py\.pdb_cache\2ITN,A
4497,ThermoMPNN,2ITN,1.2049190998077393,233,K,V,F:\GENESIS Studio\genesis-studio\packages\engines-py\.pdb_cache\2ITN,A
4498,ThermoMPNN,2ITN,1.234610915184021,233,K,W,F:\GENESIS Studio\genesis-studio\packages\engines-py\.pdb_cache\2ITN,A
4499,ThermoMPNN,2ITN,1.1021668910980225,233,K,Y,F:\GENESIS Studio\genesis-studio\packages\engines-py\.pdb_cache\2ITN,A
4500,ThermoMPNN,2ITN,1.546935796737671,234,G,A,F:\GENESIS Studio\genesis-studio\packages\engines-py\.pdb_cache\2ITN,A
4501,ThermoMPNN,2ITN,0.8880131244659424,234,G,C,F:\GENESIS Studio\genesis-studio\packages\engines-py\.pdb_cache\2ITN,A
4502,ThermoMPNN,2ITN,1.635551929473877,234,G,D,F:\GENESIS Studio\genesis-studio\packages\engines-py\.pdb_cache\2ITN,A
4503,ThermoMPNN,2ITN,1.7574591636657715,234,G,E,F:\GENESIS Studio\genesis-studio\packages\engines-py\.pdb_cache\2ITN,A
4504,ThermoMPNN,2ITN,1.3885434865951538,234,G,F,F:\GENESIS Studio\genesis-studio\packages\engines-py\.pdb_cache\2ITN,A
4505,ThermoMPNN,2ITN,0.0,234,G,G,F:\GENESIS Studio\genesis-studio\packages\engines-py\.pdb_cache\2ITN,A
4506,ThermoMPNN,2ITN,1.36222243309021,234,G,H,F:\GENESIS Studio\genesis-studio\packages\engines-py\.pdb_cache\2ITN,A
4507,ThermoMPNN,2ITN,1.905468225479126,234,G,I,F:\GENESIS Studio\genesis-studio\packages\engines-py\.pdb_cache\2ITN,A
4508,ThermoMPNN,2ITN,1.6733078956604004,234,G,K,F:\GENESIS Studio\genesis-studio\packages\engines-py\.pdb_cache\2ITN,A
4509,ThermoMPNN,2ITN,1.5282881259918213,234,G,L,F:\GENESIS Studio\genesis-studio\packages\engines-py\.pdb_cache\2ITN,A
4510,ThermoMPNN,2ITN,1.4717808961868286,234,G,M,F:\GENESIS Studio\genesis-studio\packages\engines-py\.pdb_cache\2ITN,A
4511,ThermoMPNN,2ITN,1.354898452758789,234,G,N,F:\GENESIS Studio\genesis-studio\packages\engines-py\.pdb_cache\2ITN,A
4512,ThermoMPNN,2ITN,2.271214008331299,234,G,P,F:\GENESIS Studio\genesis-studio\packages\engines-py\.pdb_cache\2ITN,A
4513,ThermoMPNN,2ITN,1.5818942785263062,234,G,Q,F:\GENESIS Studio\genesis-studio\packages\engines-py\.pdb_cache\2ITN,A
4514,ThermoMPNN,2ITN,1.6805503368377686,234,G,R,F:\GENESIS Studio\genesis-studio\packages\engines-py\.pdb_cache\2ITN,A
4515,ThermoMPNN,2ITN,1.590893030166626,234,G,S,F:\GENESIS Studio\genesis-studio\packages\engines-py\.pdb_cache\2ITN,A
4516,ThermoMPNN,2ITN,1.910093069076538,234,G,T,F:\GENESIS Studio\genesis-studio\packages\engines-py\.pdb_cache\2ITN,A
4517,ThermoMPNN,2ITN,1.8794348239898682,234,G,V,F:\GENESIS Studio\genesis-studio\packages\engines-py\.pdb_cache\2ITN,A
4518,ThermoMPNN,2ITN,1.510145664215088,234,G,W,F:\GENESIS Studio\genesis-studio\packages\engines-py\.pdb_cache\2ITN,A
4519,ThermoMPNN,2ITN,1.471776008605957,234,G,Y,F:\GENESIS Studio\genesis-studio\packages\engines-py\.pdb_cache\2ITN,A
4520,ThermoMPNN,2ITN,0.45706284046173096,235,E,A,F:\GENESIS Studio\genesis-studio\packages\engines-py\.pdb_cache\2ITN,A
4521,ThermoMPNN,2ITN,0.01866316795349121,235,E,C,F:\GENESIS Studio\genesis-studio\packages\engines-py\.pdb_cache\2ITN,A
4522,ThermoMPNN,2ITN,0.5207515954971313,235,E,D,F:\GENESIS Studio\genesis-studio\packages\engines-py\.pdb_cache\2ITN,A
4523,ThermoMPNN,2ITN,0.0,235,E,E,F:\GENESIS Studio\genesis-studio\packages\engines-py\.pdb_cache\2ITN,A
4524,ThermoMPNN,2ITN,0.21203410625457764,235,E,F,F:\GENESIS Studio\genesis-studio\packages\engines-py\.pdb_cache\2ITN,A
4525,ThermoMPNN,2ITN,0.5749706625938416,235,E,G,F:\GENESIS Studio\genesis-studio\packages\engines-py\.pdb_cache\2ITN,A
4526,ThermoMPNN,2ITN,0.5479071736335754,235,E,H,F:\GENESIS Studio\genesis-studio\packages\engines-py\.pdb_cache\2ITN,A
4527,ThermoMPNN,2ITN,0.2959023118019104,235,E,I,F:\GENESIS Studio\genesis-studio\packages\engines-py\.pdb_cache\2ITN,A
4528,ThermoMPNN,2ITN,0.6998372077941895,235,E,K,F:\GENESIS Studio\genesis-studio\packages\engines-py\.pdb_cache\2ITN,A
4529,ThermoMPNN,2ITN,0.27222776412963867,235,E,L,F:\GENESIS Studio\genesis-studio\packages\engines-py\.pdb_cache\2ITN,A
4530,ThermoMPNN,2ITN,0.2917643189430237,235,E,M,F:\GENESIS Studio\genesis-studio\packages\engines-py\.pdb_cache\2ITN,A
4531,ThermoMPNN,2ITN,0.739822268486023,235,E,N,F:\GENESIS Studio\genesis-studio\packages\engines-py\.pdb_cache\2ITN,A
4532,ThermoMPNN,2ITN,1.4717066287994385,235,E,P,F:\GENESIS Studio\genesis-studio\packages\engines-py\.pdb_cache\2ITN,A
4533,ThermoMPNN,2ITN,0.4601317048072815,235,E,Q,F:\GENESIS Studio\genesis-studio\packages\engines-py\.pdb_cache\2ITN,A
4534,ThermoMPNN,2ITN,0.6643877029418945,235,E,R,F:\GENESIS Studio\genesis-studio\packages\engines-py\.pdb_cache\2ITN,A
4535,ThermoMPNN,2ITN,0.67043137550354,235,E,S,F:\GENESIS Studio\genesis-studio\packages\engines-py\.pdb_cache\2ITN,A
4536,ThermoMPNN,2ITN,0.4620431661605835,235,E,T,F:\GENESIS Studio\genesis-studio\packages\engines-py\.pdb_cache\2ITN,A
4537,ThermoMPNN,2ITN,0.46717941761016846,235,E,V,F:\GENESIS Studio\genesis-studio\packages\engines-py\.pdb_cache\2ITN,A
4538,ThermoMPNN,2ITN,0.34785574674606323,235,E,W,F:\GENESIS Studio\genesis-studio\packages\engines-py\.pdb_cache\2ITN,A
4539,ThermoMPNN,2ITN,0.27328819036483765,235,E,Y,F:\GENESIS Studio\genesis-studio\packages\engines-py\.pdb_cache\2ITN,A
4540,ThermoMPNN,2ITN,1.2777425050735474,236,R,A,F:\GENESIS Studio\genesis-studio\packages\engines-py\.pdb_cache\2ITN,A
4541,ThermoMPNN,2ITN,0.7609219551086426,236,R,C,F:\GENESIS Studio\genesis-studio\packages\engines-py\.pdb_cache\2ITN,A
4542,ThermoMPNN,2ITN,2.0231118202209473,236,R,D,F:\GENESIS Studio\genesis-studio\packages\engines-py\.pdb_cache\2ITN,A
4543,ThermoMPNN,2ITN,1.7130537033081055,236,R,E,F:\GENESIS Studio\genesis-studio\packages\engines-py\.pdb_cache\2ITN,A
4544,ThermoMPNN,2ITN,0.7700518369674683,236,R,F,F:\GENESIS Studio\genesis-studio\packages\engines-py\.pdb_cache\2ITN,A
4545,ThermoMPNN,2ITN,1.410295844078064,236,R,G,F:\GENESIS Studio\genesis-studio\packages\engines-py\.pdb_cache\2ITN,A
4546,ThermoMPNN,2ITN,0.9458432197570801,236,R,H,F:\GENESIS Studio\genesis-studio\packages\engines-py\.pdb_cache\2ITN,A
4547,ThermoMPNN,2ITN,0.6361928582191467,236,R,I,F:\GENESIS Studio\genesis-studio\packages\engines-py\.pdb_cache\2ITN,A
4548,ThermoMPNN,2ITN,0.2702903747558594,236,R,K,F:\GENESIS Studio\genesis-studio\packages\engines-py\.pdb_cache\2ITN,A
4549,ThermoMPNN,2ITN,0.42752230167388916,236,R,L,F:\GENESIS Studio\genesis-studio\packages\engines-py\.pdb_cache\2ITN,A
4550,ThermoMPNN,2ITN,0.42507314682006836,236,R,M,F:\GENESIS Studio\genesis-studio\packages\engines-py\.pdb_cache\2ITN,A
4551,ThermoMPNN,2ITN,1.2301372289657593,236,R,N,F:\GENESIS Studio\genesis-studio\packages\engines-py\.pdb_cache\2ITN,A
4552,ThermoMPNN,2ITN,1.6987404823303223,236,R,P,F:\GENESIS Studio\genesis-studio\packages\engines-py\.pdb_cache\2ITN,A
4553,ThermoMPNN,2ITN,0.849607527256012,236,R,Q,F:\GENESIS Studio\genesis-studio\packages\engines-py\.pdb_cache\2ITN,A
4554,ThermoMPNN,2ITN,0.0,236,R,R,F:\GENESIS Studio\genesis-studio\packages\engines-py\.pdb_cache\2ITN,A
4555,ThermoMPNN,2ITN,1.157562255859375,236,R,S,F:\GENESIS Studio\genesis-studio\packages\engines-py\.pdb_cache\2ITN,A
4556,ThermoMPNN,2ITN,0.8550882339477539,236,R,T,F:\GENESIS Studio\genesis-studio\packages\engines-py\.pdb_cache\2ITN,A
4557,ThermoMPNN,2ITN,0.8777997493743896,236,R,V,F:\GENESIS Studio\genesis-studio\packages\engines-py\.pdb_cache\2ITN,A
4558,ThermoMPNN,2ITN,0.7984837293624878,236,R,W,F:\GENESIS Studio\genesis-studio\packages\engines-py\.pdb_cache\2ITN,A
4559,ThermoMPNN,2ITN,0.8271287679672241,236,R,Y,F:\GENESIS Studio\genesis-studio\packages\engines-py\.pdb_cache\2ITN,A
4560,ThermoMPNN,2ITN,1.5514029264450073,237,L,A,F:\GENESIS Studio\genesis-studio\packages\engines-py\.pdb_cache\2ITN,A
4561,ThermoMPNN,2ITN,0.6599332094192505,237,L,C,F:\GENESIS Studio\genesis-studio\packages\engines-py\.pdb_cache\2ITN,A
4562,ThermoMPNN,2ITN,1.5436930656433105,237,L,D,F:\GENESIS Studio\genesis-studio\packages\engines-py\.pdb_cache\2ITN,A
4563,ThermoMPNN,2ITN,1.4099130630493164,237,L,E,F:\GENESIS Studio\genesis-studio\packages\engines-py\.pdb_cache\2ITN,A
4564,ThermoMPNN,2ITN,0.6890144944190979,237,L,F,F:\GENESIS Studio\genesis-studio\packages\engines-py\.pdb_cache\2ITN,A
4565,ThermoMPNN,2ITN,1.8085510730743408,237,L,G,F:\GENESIS Studio\genesis-studio\packages\engines-py\.pdb_cache\2ITN,A
4566,ThermoMPNN,2ITN,1.479665994644165,237,L,H,F:\GENESIS Studio\genesis-studio\packages\engines-py\.pdb_cache\2ITN,A
4567,ThermoMPNN,2ITN,0.5456773042678833,237,L,I,F:\GENESIS Studio\genesis-studio\packages\engines-py\.pdb_cache\2ITN,A
4568,ThermoMPNN,2ITN,1.582380771636963,237,L,K,F:\GENESIS Studio\genesis-studio\packages\engines-py\.pdb_cache\2ITN,A
4569,ThermoMPNN,2ITN,0.0,237,L,L,F:\GENESIS Studio\genesis-studio\packages\engines-py\.pdb_cache\2ITN,A
4570,ThermoMPNN,2ITN,0.5063897371292114,237,L,M,F:\GENESIS Studio\genesis-studio\packages\engines-py\.pdb_cache\2ITN,A
4571,ThermoMPNN,2ITN,1.7267634868621826,237,L,N,F:\GENESIS Studio\genesis-studio\packages\engines-py\.pdb_cache\2ITN,A
4572,ThermoMPNN,2ITN,0.13858294486999512,237,L,P,F:\GENESIS Studio\genesis-studio\packages\engines-py\.pdb_cache\2ITN,A
4573,ThermoMPNN,2ITN,1.5474646091461182,237,L,Q,F:\GENESIS Studio\genesis-studio\packages\engines-py\.pdb_cache\2ITN,A
4574,ThermoMPNN,2ITN,1.4865036010742188,237,L,R,F:\GENESIS Studio\genesis-studio\packages\engines-py\.pdb_cache\2ITN,A
4575,ThermoMPNN,2ITN,1.700284719467163,237,L,S,F:\GENESIS Studio\genesis-studio\packages\engines-py\.pdb_cache\2ITN,A
4576,ThermoMPNN,2ITN,1.6957542896270752,237,L,T,F:\GENESIS Studio\genesis-studio\packages\engines-py\.pdb_cache\2ITN,A
4577,ThermoMPNN,2ITN,1.1300745010375977,237,L,V,F:\GENESIS Studio\genesis-studio\packages\engines-py\.pdb_cache\2ITN,A
4578,ThermoMPNN,2ITN,1.0580203533172607,237,L,W,F:\GENESIS Studio\genesis-studio\packages\engines-py\.pdb_cache\2ITN,A
4579,ThermoMPNN,2ITN,0.9941518306732178,237,L,Y,F:\GENESIS Studio\genesis-studio\packages\engines-py\.pdb_cache\2ITN,A
4580,ThermoMPNN,2ITN,0.5774391293525696,238,P,A,F:\GENESIS Studio\genesis-studio\packages\engines-py\.pdb_cache\2ITN,A
4581,ThermoMPNN,2ITN,0.5641502737998962,238,P,C,F:\GENESIS Studio\genesis-studio\packages\engines-py\.pdb_cache\2ITN,A
4582,ThermoMPNN,2ITN,0.7785100340843201,238,P,D,F:\GENESIS Studio\genesis-studio\packages\engines-py\.pdb_cache\2ITN,A
4583,ThermoMPNN,2ITN,0.6299875974655151,238,P,E,F:\GENESIS Studio\genesis-studio\packages\engines-py\.pdb_cache\2ITN,A
4584,ThermoMPNN,2ITN,1.0327928066253662,238,P,F,F:\GENESIS Studio\genesis-studio\packages\engines-py\.pdb_cache\2ITN,A
4585,ThermoMPNN,2ITN,0.9865378141403198,238,P,G,F:\GENESIS Studio\genesis-studio\packages\engines-py\.pdb_cache\2ITN,A
4586,ThermoMPNN,2ITN,0.9784866571426392,238,P,H,F:\GENESIS Studio\genesis-studio\packages\engines-py\.pdb_cache\2ITN,A
4587,ThermoMPNN,2ITN,0.9501821994781494,238,P,I,F:\GENESIS Studio\genesis-studio\packages\engines-py\.pdb_cache\2ITN,A
4588,ThermoMPNN,2ITN,0.8135234117507935,238,P,K,F:\GENESIS Studio\genesis-studio\packages\engines-py\.pdb_cache\2ITN,A
4589,ThermoMPNN,2ITN,0.913546621799469,238,P,L,F:\GENESIS Studio\genesis-studio\packages\engines-py\.pdb_cache\2ITN,A
4590,ThermoMPNN,2ITN,0.8765324950218201,238,P,M,F:\GENESIS Studio\genesis-studio\packages\engines-py\.pdb_cache\2ITN,A
4591,ThermoMPNN,2ITN,0.9166460633277893,238,P,N,F:\GENESIS Studio\genesis-studio\packages\engines-py\.pdb_cache\2ITN,A
4592,ThermoMPNN,2ITN,0.0,238,P,P,F:\GENESIS Studio\genesis-studio\packages\engines-py\.pdb_cache\2ITN,A
4593,ThermoMPNN,2ITN,0.700120210647583,238,P,Q,F:\GENESIS Studio\genesis-studio\packages\engines-py\.pdb_cache\2ITN,A
4594,ThermoMPNN,2ITN,0.9765895009040833,238,P,R,F:\GENESIS Studio\genesis-studio\packages\engines-py\.pdb_cache\2ITN,A
4595,ThermoMPNN,2ITN,0.56689453125,238,P,S,F:\GENESIS Studio\genesis-studio\packages\engines-py\.pdb_cache\2ITN,A
4596,ThermoMPNN,2ITN,0.8055869340896606,238,P,T,F:\GENESIS Studio\genesis-studio\packages\engines-py\.pdb_cache\2ITN,A
4597,ThermoMPNN,2ITN,0.946412205696106,238,P,V,F:\GENESIS Studio\genesis-studio\packages\engines-py\.pdb_cache\2ITN,A
4598,ThermoMPNN,2ITN,1.0686429738998413,238,P,W,F:\GENESIS Studio\genesis-studio\packages\engines-py\.pdb_cache\2ITN,A
4599,ThermoMPNN,2ITN,1.0419235229492188,238,P,Y,F:\GENESIS Studio\genesis-studio\packages\engines-py\.pdb_cache\2ITN,A
4600,ThermoMPNN,2ITN,0.8230096697807312,239,Q,A,F:\GENESIS Studio\genesis-studio\packages\engines-py\.pdb_cache\2ITN,A
4601,ThermoMPNN,2ITN,0.705950140953064,239,Q,C,F:\GENESIS Studio\genesis-studio\packages\engines-py\.pdb_cache\2ITN,A
4602,ThermoMPNN,2ITN,2.027208089828491,239,Q,D,F:\GENESIS Studio\genesis-studio\packages\engines-py\.pdb_cache\2ITN,A
4603,ThermoMPNN,2ITN,1.0661107301712036,239,Q,E,F:\GENESIS Studio\genesis-studio\packages\engines-py\.pdb_cache\2ITN,A
4604,ThermoMPNN,2ITN,1.0500224828720093,239,Q,F,F:\GENESIS Studio\genesis-studio\packages\engines-py\.pdb_cache\2ITN,A
4605,ThermoMPNN,2ITN,1.5445582866668701,239,Q,G,F:\GENESIS Studio\genesis-studio\packages\engines-py\.pdb_cache\2ITN,A
4606,ThermoMPNN,2ITN,1.0565513372421265,239,Q,H,F:\GENESIS Studio\genesis-studio\packages\engines-py\.pdb_cache\2ITN,A
4607,ThermoMPNN,2ITN,0.6524096131324768,239,Q,I,F:\GENESIS Studio\genesis-studio\packages\engines-py\.pdb_cache\2ITN,A
4608,ThermoMPNN,2ITN,-0.23073196411132812,239,Q,K,F:\GENESIS Studio\genesis-studio\packages\engines-py\.pdb_cache\2ITN,A
4609,ThermoMPNN,2ITN,0.5790495872497559,239,Q,L,F:\GENESIS Studio\genesis-studio\packages\engines-py\.pdb_cache\2ITN,A
4610,ThermoMPNN,2ITN,0.18693995475769043,239,Q,M,F:\GENESIS Studio\genesis-studio\packages\engines-py\.pdb_cache\2ITN,A
4611,ThermoMPNN,2ITN,1.296404480934143,239,Q,N,F:\GENESIS Studio\genesis-studio\packages\engines-py\.pdb_cache\2ITN,A
4612,ThermoMPNN,2ITN,0.9184306859970093,239,Q,P,F:\GENESIS Studio\genesis-studio\packages\engines-py\.pdb_cache\2ITN,A
4613,ThermoMPNN,2ITN,0.0,239,Q,Q,F:\GENESIS Studio\genesis-studio\packages\engines-py\.pdb_cache\2ITN,A
4614,ThermoMPNN,2ITN,-0.18719565868377686,239,Q,R,F:\GENESIS Studio\genesis-studio\packages\engines-py\.pdb_cache\2ITN,A
4615,ThermoMPNN,2ITN,0.9384627342224121,239,Q,S,F:\GENESIS Studio\genesis-studio\packages\engines-py\.pdb_cache\2ITN,A
4616,ThermoMPNN,2ITN,1.0059577226638794,239,Q,T,F:\GENESIS Studio\genesis-studio\packages\engines-py\.pdb_cache\2ITN,A
4617,ThermoMPNN,2ITN,0.8970972299575806,239,Q,V,F:\GENESIS Studio\genesis-studio\packages\engines-py\.pdb_cache\2ITN,A
4618,ThermoMPNN,2ITN,0.9317288398742676,239,Q,W,F:\GENESIS Studio\genesis-studio\packages\engines-py\.pdb_cache\2ITN,A
4619,ThermoMPNN,2ITN,1.0931644439697266,239,Q,Y,F:\GENESIS Studio\genesis-studio\packages\engines-py\.pdb_cache\2ITN,A
4620,ThermoMPNN,2ITN,2.630178689956665,240,P,A,F:\GENESIS Studio\genesis-studio\packages\engines-py\.pdb_cache\2ITN,A
4621,ThermoMPNN,2ITN,1.8268495798110962,240,P,C,F:\GENESIS Studio\genesis-studio\packages\engines-py\.pdb_cache\2ITN,A
4622,ThermoMPNN,2ITN,3.113142251968384,240,P,D,F:\GENESIS Studio\genesis-studio\packages\engines-py\.pdb_cache\2ITN,A
4623,ThermoMPNN,2ITN,2.9860455989837646,240,P,E,F:\GENESIS Studio\genesis-studio\packages\engines-py\.pdb_cache\2ITN,A
4624,ThermoMPNN,2ITN,2.4382331371307373,240,P,F,F:\GENESIS Studio\genesis-studio\packages\engines-py\.pdb_cache\2ITN,A
4625,ThermoMPNN,2ITN,3.4354214668273926,240,P,G,F:\GENESIS Studio\genesis-studio\packages\engines-py\.pdb_cache\2ITN,A
4626,ThermoMPNN,2ITN,3.2597122192382812,240,P,H,F:\GENESIS Studio\genesis-studio\packages\engines-py\.pdb_cache\2ITN,A
4627,ThermoMPNN,2ITN,2.409365653991699,240,P,I,F:\GENESIS Studio\genesis-studio\packages\engines-py\.pdb_cache\2ITN,A
4628,ThermoMPNN,2ITN,2.959782600402832,240,P,K,F:\GENESIS Studio\genesis-studio\packages\engines-py\.pdb_cache\2ITN,A
4629,ThermoMPNN,2ITN,2.2121012210845947,240,P,L,F:\GENESIS Studio\genesis-studio\packages\engines-py\.pdb_cache\2ITN,A
4630,ThermoMPNN,2ITN,2.5114669799804688,240,P,M,F:\GENESIS Studio\genesis-studio\packages\engines-py\.pdb_cache\2ITN,A
4631,ThermoMPNN,2ITN,3.1899867057800293,240,P,N,F:\GENESIS Studio\genesis-studio\packages\engines-py\.pdb_cache\2ITN,A
4632,ThermoMPNN,2ITN,0.0,240,P,P,F:\GENESIS Studio\genesis-studio\packages\engines-py\.pdb_cache\2ITN,A
4633,ThermoMPNN,2ITN,3.134860038757324,240,P,Q,F:\GENESIS Studio\genesis-studio\packages\engines-py\.pdb_cache\2ITN,A
4634,ThermoMPNN,2ITN,3.1440320014953613,240,P,R,F:\GENESIS Studio\genesis-studio\packages\engines-py\.pdb_cache\2ITN,A
4635,ThermoMPNN,2ITN,3.0210113525390625,240,P,S,F:\GENESIS Studio\genesis-studio\packages\engines-py\.pdb_cache\2ITN,A
4636,ThermoMPNN,2ITN,3.279400110244751,240,P,T,F:\GENESIS Studio\genesis-studio\packages\engines-py\.pdb_cache\2ITN,A
4637,ThermoMPNN,2ITN,2.6317856311798096,240,P,V,F:\GENESIS Studio\genesis-studio\packages\engines-py\.pdb_cache\2ITN,A
4638,ThermoMPNN,2ITN,2.6539416313171387,240,P,W,F:\GENESIS Studio\genesis-studio\packages\engines-py\.pdb_cache\2ITN,A
4639,ThermoMPNN,2ITN,2.591580390930176,240,P,Y,F:\GENESIS Studio\genesis-studio\packages\engines-py\.pdb_cache\2ITN,A
4640,ThermoMPNN,2ITN,0.154554545879364,241,P,A,F:\GENESIS Studio\genesis-studio\packages\engines-py\.pdb_cache\2ITN,A
4641,ThermoMPNN,2ITN,0.176690936088562,241,P,C,F:\GENESIS Studio\genesis-studio\packages\engines-py\.pdb_cache\2ITN,A
4642,ThermoMPNN,2ITN,0.39405906200408936,241,P,D,F:\GENESIS Studio\genesis-studio\packages\engines-py\.pdb_cache\2ITN,A
4643,ThermoMPNN,2ITN,0.15899604558944702,241,P,E,F:\GENESIS Studio\genesis-studio\packages\engines-py\.pdb_cache\2ITN,A
4644,ThermoMPNN,2ITN,0.575627326965332,241,P,F,F:\GENESIS Studio\genesis-studio\packages\engines-py\.pdb_cache\2ITN,A
4645,ThermoMPNN,2ITN,0.5956376791000366,241,P,G,F:\GENESIS Studio\genesis-studio\packages\engines-py\.pdb_cache\2ITN,A
4646,ThermoMPNN,2ITN,0.39777040481567383,241,P,H,F:\GENESIS Studio\genesis-studio\packages\engines-py\.pdb_cache\2ITN,A
4647,ThermoMPNN,2ITN,0.416406512260437,241,P,I,F:\GENESIS Studio\genesis-studio\packages\engines-py\.pdb_cache\2ITN,A
4648,ThermoMPNN,2ITN,0.31058913469314575,241,P,K,F:\GENESIS Studio\genesis-studio\packages\engines-py\.pdb_cache\2ITN,A
4649,ThermoMPNN,2ITN,0.4183497428894043,241,P,L,F:\GENESIS Studio\genesis-studio\packages\engines-py\.pdb_cache\2ITN,A
4650,ThermoMPNN,2ITN,0.40986353158950806,241,P,M,F:\GENESIS Studio\genesis-studio\packages\engines-py\.pdb_cache\2ITN,A
4651,ThermoMPNN,2ITN,0.48527634143829346,241,P,N,F:\GENESIS Studio\genesis-studio\packages\engines-py\.pdb_cache\2ITN,A
4652,ThermoMPNN,2ITN,0.0,241,P,P,F:\GENESIS Studio\genesis-studio\packages\engines-py\.pdb_cache\2ITN,A
4653,ThermoMPNN,2ITN,0.21109998226165771,241,P,Q,F:\GENESIS Studio\genesis-studio\packages\engines-py\.pdb_cache\2ITN,A
4654,ThermoMPNN,2ITN,0.42272478342056274,241,P,R,F:\GENESIS Studio\genesis-studio\packages\engines-py\.pdb_cache\2ITN,A
4655,ThermoMPNN,2ITN,0.19831830263137817,241,P,S,F:\GENESIS Studio\genesis-studio\packages\engines-py\.pdb_cache\2ITN,A
4656,ThermoMPNN,2ITN,0.3970903158187866,241,P,T,F:\GENESIS Studio\genesis-studio\packages\engines-py\.pdb_cache\2ITN,A
4657,ThermoMPNN,2ITN,0.377424955368042,241,P,V,F:\GENESIS Studio\genesis-studio\packages\engines-py\.pdb_cache\2ITN,A
4658,ThermoMPNN,2ITN,0.5144010186195374,241,P,W,F:\GENESIS Studio\genesis-studio\packages\engines-py\.pdb_cache\2ITN,A
4659,ThermoMPNN,2ITN,0.5292279720306396,241,P,Y,F:\GENESIS Studio\genesis-studio\packages\engines-py\.pdb_cache\2ITN,A
4660,ThermoMPNN,2ITN,0.4972723722457886,242,I,A,F:\GENESIS Studio\genesis-studio\packages\engines-py\.pdb_cache\2ITN,A
4661,ThermoMPNN,2ITN,0.45353567600250244,242,I,C,F:\GENESIS Studio\genesis-studio\packages\engines-py\.pdb_cache\2ITN,A
4662,ThermoMPNN,2ITN,1.3850935697555542,242,I,D,F:\GENESIS Studio\genesis-studio\packages\engines-py\.pdb_cache\2ITN,A
4663,ThermoMPNN,2ITN,1.441406488418579,242,I,E,F:\GENESIS Studio\genesis-studio\packages\engines-py\.pdb_cache\2ITN,A
4664,ThermoMPNN,2ITN,0.8509258031845093,242,I,F,F:\GENESIS Studio\genesis-studio\packages\engines-py\.pdb_cache\2ITN,A
4665,ThermoMPNN,2ITN,1.0865939855575562,242,I,G,F:\GENESIS Studio\genesis-studio\packages\engines-py\.pdb_cache\2ITN,A
4666,ThermoMPNN,2ITN,1.0924302339553833,242,I,H,F:\GENESIS Studio\genesis-studio\packages\engines-py\.pdb_cache\2ITN,A
4667,ThermoMPNN,2ITN,0.0,242,I,I,F:\GENESIS Studio\genesis-studio\packages\engines-py\.pdb_cache\2ITN,A
4668,ThermoMPNN,2ITN,0.9312963485717773,242,I,K,F:\GENESIS Studio\genesis-studio\packages\engines-py\.pdb_cache\2ITN,A
4669,ThermoMPNN,2ITN,0.39412927627563477,242,I,L,F:\GENESIS Studio\genesis-studio\packages\engines-py\.pdb_cache\2ITN,A
4670,ThermoMPNN,2ITN,0.7207328677177429,242,I,M,F:\GENESIS Studio\genesis-studio\packages\engines-py\.pdb_cache\2ITN,A
4671,ThermoMPNN,2ITN,1.1478610038757324,242,I,N,F:\GENESIS Studio\genesis-studio\packages\engines-py\.pdb_cache\2ITN,A
4672,ThermoMPNN,2ITN,0.762101948261261,242,I,P,F:\GENESIS Studio\genesis-studio\packages\engines-py\.pdb_cache\2ITN,A
4673,ThermoMPNN,2ITN,1.0743253231048584,242,I,Q,F:\GENESIS Studio\genesis-studio\packages\engines-py\.pdb_cache\2ITN,A
4674,ThermoMPNN,2ITN,0.9966319799423218,242,I,R,F:\GENESIS Studio\genesis-studio\packages\engines-py\.pdb_cache\2ITN,A
4675,ThermoMPNN,2ITN,0.854697585105896,242,I,S,F:\GENESIS Studio\genesis-studio\packages\engines-py\.pdb_cache\2ITN,A
4676,ThermoMPNN,2ITN,0.6991822719573975,242,I,T,F:\GENESIS Studio\genesis-studio\packages\engines-py\.pdb_cache\2ITN,A
4677,ThermoMPNN,2ITN,0.12701904773712158,242,I,V,F:\GENESIS Studio\genesis-studio\packages\engines-py\.pdb_cache\2ITN,A
4678,ThermoMPNN,2ITN,0.9144620895385742,242,I,W,F:\GENESIS Studio\genesis-studio\packages\engines-py\.pdb_cache\2ITN,A
4679,ThermoMPNN,2ITN,0.9232666492462158,242,I,Y,F:\GENESIS Studio\genesis-studio\packages\engines-py\.pdb_cache\2ITN,A
4680,ThermoMPNN,2ITN,-0.15977025032043457,243,C,A,F:\GENESIS Studio\genesis-studio\packages\engines-py\.pdb_cache\2ITN,A
4681,ThermoMPNN,2ITN,0.0,243,C,C,F:\GENESIS Studio\genesis-studio\packages\engines-py\.pdb_cache\2ITN,A
4682,ThermoMPNN,2ITN,2.3651797771453857,243,C,D,F:\GENESIS Studio\genesis-studio\packages\engines-py\.pdb_cache\2ITN,A
4683,ThermoMPNN,2ITN,2.1084535121917725,243,C,E,F:\GENESIS Studio\genesis-studio\packages\engines-py\.pdb_cache\2ITN,A
4684,ThermoMPNN,2ITN,0.6477766036987305,243,C,F,F:\GENESIS Studio\genesis-studio\packages\engines-py\.pdb_cache\2ITN,A
4685,ThermoMPNN,2ITN,1.4726386070251465,243,C,G,F:\GENESIS Studio\genesis-studio\packages\engines-py\.pdb_cache\2ITN,A
4686,ThermoMPNN,2ITN,1.6257712841033936,243,C,H,F:\GENESIS Studio\genesis-studio\packages\engines-py\.pdb_cache\2ITN,A
4687,ThermoMPNN,2ITN,0.6121666431427002,243,C,I,F:\GENESIS Studio\genesis-studio\packages\engines-py\.pdb_cache\2ITN,A
4688,ThermoMPNN,2ITN,2.2965455055236816,243,C,K,F:\GENESIS Studio\genesis-studio\packages\engines-py\.pdb_cache\2ITN,A
4689,ThermoMPNN,2ITN,0.6891870498657227,243,C,L,F:\GENESIS Studio\genesis-studio\packages\engines-py\.pdb_cache\2ITN,A
4690,ThermoMPNN,2ITN,0.6190688610076904,243,C,M,F:\GENESIS Studio\genesis-studio\packages\engines-py\.pdb_cache\2ITN,A
4691,ThermoMPNN,2ITN,2.0649538040161133,243,C,N,F:\GENESIS Studio\genesis-studio\packages\engines-py\.pdb_cache\2ITN,A
4692,ThermoMPNN,2ITN,1.9627788066864014,243,C,P,F:\GENESIS Studio\genesis-studio\packages\engines-py\.pdb_cache\2ITN,A
4693,ThermoMPNN,2ITN,1.8506994247436523,243,C,Q,F:\GENESIS Studio\genesis-studio\packages\engines-py\.pdb_cache\2ITN,A
4694,ThermoMPNN,2ITN,2.265489339828491,243,C,R,F:\GENESIS Studio\genesis-studio\packages\engines-py\.pdb_cache\2ITN,A
4695,ThermoMPNN,2ITN,0.6744418144226074,243,C,S,F:\GENESIS Studio\genesis-studio\packages\engines-py\.pdb_cache\2ITN,A
4696,ThermoMPNN,2ITN,0.5859543085098267,243,C,T,F:\GENESIS Studio\genesis-studio\packages\engines-py\.pdb_cache\2ITN,A
4697,ThermoMPNN,2ITN,0.37826311588287354,243,C,V,F:\GENESIS Studio\genesis-studio\packages\engines-py\.pdb_cache\2ITN,A
4698,ThermoMPNN,2ITN,0.9618287086486816,243,C,W,F:\GENESIS Studio\genesis-studio\packages\engines-py\.pdb_cache\2ITN,A
4699,ThermoMPNN,2ITN,0.9134135246276855,243,C,Y,F:\GENESIS Studio\genesis-studio\packages\engines-py\.pdb_cache\2ITN,A
4700,ThermoMPNN,2ITN,1.5007604360580444,244,T,A,F:\GENESIS Studio\genesis-studio\packages\engines-py\.pdb_cache\2ITN,A
4701,ThermoMPNN,2ITN,1.1836836338043213,244,T,C,F:\GENESIS Studio\genesis-studio\packages\engines-py\.pdb_cache\2ITN,A
4702,ThermoMPNN,2ITN,1.518979549407959,244,T,D,F:\GENESIS Studio\genesis-studio\packages\engines-py\.pdb_cache\2ITN,A
4703,ThermoMPNN,2ITN,1.7548496723175049,244,T,E,F:\GENESIS Studio\genesis-studio\packages\engines-py\.pdb_cache\2ITN,A
4704,ThermoMPNN,2ITN,1.6342695951461792,244,T,F,F:\GENESIS Studio\genesis-studio\packages\engines-py\.pdb_cache\2ITN,A
4705,ThermoMPNN,2ITN,1.2947425842285156,244,T,G,F:\GENESIS Studio\genesis-studio\packages\engines-py\.pdb_cache\2ITN,A
4706,ThermoMPNN,2ITN,1.4230294227600098,244,T,H,F:\GENESIS Studio\genesis-studio\packages\engines-py\.pdb_cache\2ITN,A
4707,ThermoMPNN,2ITN,1.7880284786224365,244,T,I,F:\GENESIS Studio\genesis-studio\packages\engines-py\.pdb_cache\2ITN,A
4708,ThermoMPNN,2ITN,1.3406362533569336,244,T,K,F:\GENESIS Studio\genesis-studio\packages\engines-py\.pdb_cache\2ITN,A
4709,ThermoMPNN,2ITN,1.5327281951904297,244,T,L,F:\GENESIS Studio\genesis-studio\packages\engines-py\.pdb_cache\2ITN,A
4710,ThermoMPNN,2ITN,1.6275546550750732,244,T,M,F:\GENESIS Studio\genesis-studio\packages\engines-py\.pdb_cache\2ITN,A
4711,ThermoMPNN,2ITN,0.9665322303771973,244,T,N,F:\GENESIS Studio\genesis-studio\packages\engines-py\.pdb_cache\2ITN,A
4712,ThermoMPNN,2ITN,1.8150933980941772,244,T,P,F:\GENESIS Studio\genesis-studio\packages\engines-py\.pdb_cache\2ITN,A
4713,ThermoMPNN,2ITN,1.6025733947753906,244,T,Q,F:\GENESIS Studio\genesis-studio\packages\engines-py\.pdb_cache\2ITN,A
4714,ThermoMPNN,2ITN,1.3072643280029297,244,T,R,F:\GENESIS Studio\genesis-studio\packages\engines-py\.pdb_cache\2ITN,A
4715,ThermoMPNN,2ITN,0.48173511028289795,244,T,S,F:\GENESIS Studio\genesis-studio\packages\engines-py\.pdb_cache\2ITN,A
4716,ThermoMPNN,2ITN,0.0,244,T,T,F:\GENESIS Studio\genesis-studio\packages\engines-py\.pdb_cache\2ITN,A
4717,ThermoMPNN,2ITN,1.8761855363845825,244,T,V,F:\GENESIS Studio\genesis-studio\packages\engines-py\.pdb_cache\2ITN,A
4718,ThermoMPNN,2ITN,1.947835922241211,244,T,W,F:\GENESIS Studio\genesis-studio\packages\engines-py\.pdb_cache\2ITN,A
4719,ThermoMPNN,2ITN,1.6973079442977905,244,T,Y,F:\GENESIS Studio\genesis-studio\packages\engines-py\.pdb_cache\2ITN,A
4720,ThermoMPNN,2ITN,0.22283077239990234,245,I,A,F:\GENESIS Studio\genesis-studio\packages\engines-py\.pdb_cache\2ITN,A
4721,ThermoMPNN,2ITN,-0.16578668355941772,245,I,C,F:\GENESIS Studio\genesis-studio\packages\engines-py\.pdb_cache\2ITN,A
4722,ThermoMPNN,2ITN,0.23866218328475952,245,I,D,F:\GENESIS Studio\genesis-studio\packages\engines-py\.pdb_cache\2ITN,A
4723,ThermoMPNN,2ITN,0.24444109201431274,245,I,E,F:\GENESIS Studio\genesis-studio\packages\engines-py\.pdb_cache\2ITN,A
4724,ThermoMPNN,2ITN,0.029858112335205078,245,I,F,F:\GENESIS Studio\genesis-studio\packages\engines-py\.pdb_cache\2ITN,A
4725,ThermoMPNN,2ITN,0.6353244781494141,245,I,G,F:\GENESIS Studio\genesis-studio\packages\engines-py\.pdb_cache\2ITN,A
4726,ThermoMPNN,2ITN,-0.02508246898651123,245,I,H,F:\GENESIS Studio\genesis-studio\packages\engines-py\.pdb_cache\2ITN,A
4727,ThermoMPNN,2ITN,0.0,245,I,I,F:\GENESIS Studio\genesis-studio\packages\engines-py\.pdb_cache\2ITN,A
4728,ThermoMPNN,2ITN,0.051825523376464844,245,I,K,F:\GENESIS Studio\genesis-studio\packages\engines-py\.pdb_cache\2ITN,A
4729,ThermoMPNN,2ITN,-0.03805416822433472,245,I,L,F:\GENESIS Studio\genesis-studio\packages\engines-py\.pdb_cache\2ITN,A
4730,ThermoMPNN,2ITN,0.17695873975753784,245,I,M,F:\GENESIS Studio\genesis-studio\packages\engines-py\.pdb_cache\2ITN,A
4731,ThermoMPNN,2ITN,0.08325982093811035,245,I,N,F:\GENESIS Studio\genesis-studio\packages\engines-py\.pdb_cache\2ITN,A
4732,ThermoMPNN,2ITN,-0.06522268056869507,245,I,P,F:\GENESIS Studio\genesis-studio\packages\engines-py\.pdb_cache\2ITN,A
4733,ThermoMPNN,2ITN,0.22429287433624268,245,I,Q,F:\GENESIS Studio\genesis-studio\packages\engines-py\.pdb_cache\2ITN,A
4734,ThermoMPNN,2ITN,0.0684812068939209,245,I,R,F:\GENESIS Studio\genesis-studio\packages\engines-py\.pdb_cache\2ITN,A
4735,ThermoMPNN,2ITN,0.1656893491744995,245,I,S,F:\GENESIS Studio\genesis-studio\packages\engines-py\.pdb_cache\2ITN,A
4736,ThermoMPNN,2ITN,0.1799556016921997,245,I,T,F:\GENESIS Studio\genesis-studio\packages\engines-py\.pdb_cache\2ITN,A
4737,ThermoMPNN,2ITN,0.07056808471679688,245,I,V,F:\GENESIS Studio\genesis-studio\packages\engines-py\.pdb_cache\2ITN,A
4738,ThermoMPNN,2ITN,-0.09565591812133789,245,I,W,F:\GENESIS Studio\genesis-studio\packages\engines-py\.pdb_cache\2ITN,A
4739,ThermoMPNN,2ITN,-0.07956838607788086,245,I,Y,F:\GENESIS Studio\genesis-studio\packages\engines-py\.pdb_cache\2ITN,A
4740,ThermoMPNN,2ITN,0.13793963193893433,246,D,A,F:\GENESIS Studio\genesis-studio\packages\engines-py\.pdb_cache\2ITN,A
4741,ThermoMPNN,2ITN,-0.0013066530227661133,246,D,C,F:\GENESIS Studio\genesis-studio\packages\engines-py\.pdb_cache\2ITN,A
4742,ThermoMPNN,2ITN,0.0,246,D,D,F:\GENESIS Studio\genesis-studio\packages\engines-py\.pdb_cache\2ITN,A
4743,ThermoMPNN,2ITN,0.016583800315856934,246,D,E,F:\GENESIS Studio\genesis-studio\packages\engines-py\.pdb_cache\2ITN,A
4744,ThermoMPNN,2ITN,0.30845290422439575,246,D,F,F:\GENESIS Studio\genesis-studio\packages\engines-py\.pdb_cache\2ITN,A
4745,ThermoMPNN,2ITN,0.4049908518791199,246,D,G,F:\GENESIS Studio\genesis-studio\packages\engines-py\.pdb_cache\2ITN,A
4746,ThermoMPNN,2ITN,0.10109579563140869,246,D,H,F:\GENESIS Studio\genesis-studio\packages\engines-py\.pdb_cache\2ITN,A
4747,ThermoMPNN,2ITN,0.4377065896987915,246,D,I,F:\GENESIS Studio\genesis-studio\packages\engines-py\.pdb_cache\2ITN,A
4748,ThermoMPNN,2ITN,0.36916232109069824,246,D,K,F:\GENESIS Studio\genesis-studio\packages\engines-py\.pdb_cache\2ITN,A
4749,ThermoMPNN,2ITN,0.4448319673538208,246,D,L,F:\GENESIS Studio\genesis-studio\packages\engines-py\.pdb_cache\2ITN,A
4750,ThermoMPNN,2ITN,0.4090055823326111,246,D,M,F:\GENESIS Studio\genesis-studio\packages\engines-py\.pdb_cache\2ITN,A
4751,ThermoMPNN,2ITN,0.3087722063064575,246,D,N,F:\GENESIS Studio\genesis-studio\packages\engines-py\.pdb_cache\2ITN,A
4752,ThermoMPNN,2ITN,0.8755982518196106,246,D,P,F:\GENESIS Studio\genesis-studio\packages\engines-py\.pdb_cache\2ITN,A
4753,ThermoMPNN,2ITN,0.19397324323654175,246,D,Q,F:\GENESIS Studio\genesis-studio\packages\engines-py\.pdb_cache\2ITN,A
4754,ThermoMPNN,2ITN,0.30318117141723633,246,D,R,F:\GENESIS Studio\genesis-studio\packages\engines-py\.pdb_cache\2ITN,A
4755,ThermoMPNN,2ITN,0.26125484704971313,246,D,S,F:\GENESIS Studio\genesis-studio\packages\engines-py\.pdb_cache\2ITN,A
4756,ThermoMPNN,2ITN,0.36720991134643555,246,D,T,F:\GENESIS Studio\genesis-studio\packages\engines-py\.pdb_cache\2ITN,A
4757,ThermoMPNN,2ITN,0.3250606060028076,246,D,V,F:\GENESIS Studio\genesis-studio\packages\engines-py\.pdb_cache\2ITN,A
4758,ThermoMPNN,2ITN,0.30991601943969727,246,D,W,F:\GENESIS Studio\genesis-studio\packages\engines-py\.pdb_cache\2ITN,A
4759,ThermoMPNN,2ITN,0.1461120843887329,246,D,Y,F:\GENESIS Studio\genesis-studio\packages\engines-py\.pdb_cache\2ITN,A
4760,ThermoMPNN,2ITN,2.177891492843628,247,V,A,F:\GENESIS Studio\genesis-studio\packages\engines-py\.pdb_cache\2ITN,A
4761,ThermoMPNN,2ITN,1.4449396133422852,247,V,C,F:\GENESIS Studio\genesis-studio\packages\engines-py\.pdb_cache\2ITN,A
4762,ThermoMPNN,2ITN,3.810279369354248,247,V,D,F:\GENESIS Studio\genesis-studio\packages\engines-py\.pdb_cache\2ITN,A
4763,ThermoMPNN,2ITN,3.9099886417388916,247,V,E,F:\GENESIS Studio\genesis-studio\packages\engines-py\.pdb_cache\2ITN,A
4764,ThermoMPNN,2ITN,2.5635032653808594,247,V,F,F:\GENESIS Studio\genesis-studio\packages\engines-py\.pdb_cache\2ITN,A
4765,ThermoMPNN,2ITN,3.3855865001678467,247,V,G,F:\GENESIS Studio\genesis-studio\packages\engines-py\.pdb_cache\2ITN,A
4766,ThermoMPNN,2ITN,3.46956205368042,247,V,H,F:\GENESIS Studio\genesis-studio\packages\engines-py\.pdb_cache\2ITN,A
4767,ThermoMPNN,2ITN,0.5391900539398193,247,V,I,F:\GENESIS Studio\genesis-studio\packages\engines-py\.pdb_cache\2ITN,A
4768,ThermoMPNN,2ITN,3.589846611022949,247,V,K,F:\GENESIS Studio\genesis-studio\packages\engines-py\.pdb_cache\2ITN,A
4769,ThermoMPNN,2ITN,1.1200270652770996,247,V,L,F:\GENESIS Studio\genesis-studio\packages\engines-py\.pdb_cache\2ITN,A
4770,ThermoMPNN,2ITN,2.09843373298645,247,V,M,F:\GENESIS Studio\genesis-studio\packages\engines-py\.pdb_cache\2ITN,A
4771,ThermoMPNN,2ITN,3.5561771392822266,247,V,N,F:\GENESIS Studio\genesis-studio\packages\engines-py\.pdb_cache\2ITN,A
4772,ThermoMPNN,2ITN,3.2477166652679443,247,V,P,F:\GENESIS Studio\genesis-studio\packages\engines-py\.pdb_cache\2ITN,A
4773,ThermoMPNN,2ITN,3.647717237472534,247,V,Q,F:\GENESIS Studio\genesis-studio\packages\engines-py\.pdb_cache\2ITN,A
4774,ThermoMPNN,2ITN,3.5780744552612305,247,V,R,F:\GENESIS Studio\genesis-studio\packages\engines-py\.pdb_cache\2ITN,A
4775,ThermoMPNN,2ITN,3.212315320968628,247,V,S,F:\GENESIS Studio\genesis-studio\packages\engines-py\.pdb_cache\2ITN,A
4776,ThermoMPNN,2ITN,2.3615920543670654,247,V,T,F:\GENESIS Studio\genesis-studio\packages\engines-py\.pdb_cache\2ITN,A
4777,ThermoMPNN,2ITN,0.0,247,V,V,F:\GENESIS Studio\genesis-studio\packages\engines-py\.pdb_cache\2ITN,A
4778,ThermoMPNN,2ITN,2.998213768005371,247,V,W,F:\GENESIS Studio\genesis-studio\packages\engines-py\.pdb_cache\2ITN,A
4779,ThermoMPNN,2ITN,2.9136524200439453,247,V,Y,F:\GENESIS Studio\genesis-studio\packages\engines-py\.pdb_cache\2ITN,A
4780,ThermoMPNN,2ITN,2.9085960388183594,248,Y,A,F:\GENESIS Studio\genesis-studio\packages\engines-py\.pdb_cache\2ITN,A
4781,ThermoMPNN,2ITN,2.3212552070617676,248,Y,C,F:\GENESIS Studio\genesis-studio\packages\engines-py\.pdb_cache\2ITN,A
4782,ThermoMPNN,2ITN,3.1081459522247314,248,Y,D,F:\GENESIS Studio\genesis-studio\packages\engines-py\.pdb_cache\2ITN,A
4783,ThermoMPNN,2ITN,3.127263307571411,248,Y,E,F:\GENESIS Studio\genesis-studio\packages\engines-py\.pdb_cache\2ITN,A
4784,ThermoMPNN,2ITN,0.8790237903594971,248,Y,F,F:\GENESIS Studio\genesis-studio\packages\engines-py\.pdb_cache\2ITN,A
4785,ThermoMPNN,2ITN,2.9969704151153564,248,Y,G,F:\GENESIS Studio\genesis-studio\packages\engines-py\.pdb_cache\2ITN,A
4786,ThermoMPNN,2ITN,2.3056280612945557,248,Y,H,F:\GENESIS Studio\genesis-studio\packages\engines-py\.pdb_cache\2ITN,A
4787,ThermoMPNN,2ITN,2.6608128547668457,248,Y,I,F:\GENESIS Studio\genesis-studio\packages\engines-py\.pdb_cache\2ITN,A
4788,ThermoMPNN,2ITN,3.1558947563171387,248,Y,K,F:\GENESIS Studio\genesis-studio\packages\engines-py\.pdb_cache\2ITN,A
4789,ThermoMPNN,2ITN,2.5191409587860107,248,Y,L,F:\GENESIS Studio\genesis-studio\packages\engines-py\.pdb_cache\2ITN,A
4790,ThermoMPNN,2ITN,2.54203462600708,248,Y,M,F:\GENESIS Studio\genesis-studio\packages\engines-py\.pdb_cache\2ITN,A
4791,ThermoMPNN,2ITN,3.161095380783081,248,Y,N,F:\GENESIS Studio\genesis-studio\packages\engines-py\.pdb_cache\2ITN,A
4792,ThermoMPNN,2ITN,3.2098848819732666,248,Y,P,F:\GENESIS Studio\genesis-studio\packages\engines-py\.pdb_cache\2ITN,A
4793,ThermoMPNN,2ITN,3.128790855407715,248,Y,Q,F:\GENESIS Studio\genesis-studio\packages\engines-py\.pdb_cache\2ITN,A
4794,ThermoMPNN,2ITN,2.7384374141693115,248,Y,R,F:\GENESIS Studio\genesis-studio\packages\engines-py\.pdb_cache\2ITN,A
4795,ThermoMPNN,2ITN,3.072953701019287,248,Y,S,F:\GENESIS Studio\genesis-studio\packages\engines-py\.pdb_cache\2ITN,A
4796,ThermoMPNN,2ITN,2.9927260875701904,248,Y,T,F:\GENESIS Studio\genesis-studio\packages\engines-py\.pdb_cache\2ITN,A
4797,ThermoMPNN,2ITN,2.691267490386963,248,Y,V,F:\GENESIS Studio\genesis-studio\packages\engines-py\.pdb_cache\2ITN,A
4798,ThermoMPNN,2ITN,0.44538331031799316,248,Y,W,F:\GENESIS Studio\genesis-studio\packages\engines-py\.pdb_cache\2ITN,A
4799,ThermoMPNN,2ITN,0.0,248,Y,Y,F:\GENESIS Studio\genesis-studio\packages\engines-py\.pdb_cache\2ITN,A
4800,ThermoMPNN,2ITN,0.17468774318695068,249,M,A,F:\GENESIS Studio\genesis-studio\packages\engines-py\.pdb_cache\2ITN,A
4801,ThermoMPNN,2ITN,0.06850540637969971,249,M,C,F:\GENESIS Studio\genesis-studio\packages\engines-py\.pdb_cache\2ITN,A
4802,ThermoMPNN,2ITN,0.6379026174545288,249,M,D,F:\GENESIS Studio\genesis-studio\packages\engines-py\.pdb_cache\2ITN,A
4803,ThermoMPNN,2ITN,0.5932595133781433,249,M,E,F:\GENESIS Studio\genesis-studio\packages\engines-py\.pdb_cache\2ITN,A
4804,ThermoMPNN,2ITN,0.5231481194496155,249,M,F,F:\GENESIS Studio\genesis-studio\packages\engines-py\.pdb_cache\2ITN,A
4805,ThermoMPNN,2ITN,0.8136550188064575,249,M,G,F:\GENESIS Studio\genesis-studio\packages\engines-py\.pdb_cache\2ITN,A
4806,ThermoMPNN,2ITN,0.2820972800254822,249,M,H,F:\GENESIS Studio\genesis-studio\packages\engines-py\.pdb_cache\2ITN,A
4807,ThermoMPNN,2ITN,0.5791833400726318,249,M,I,F:\GENESIS Studio\genesis-studio\packages\engines-py\.pdb_cache\2ITN,A
4808,ThermoMPNN,2ITN,-0.026532888412475586,249,M,K,F:\GENESIS Studio\genesis-studio\packages\engines-py\.pdb_cache\2ITN,A
4809,ThermoMPNN,2ITN,0.07525491714477539,249,M,L,F:\GENESIS Studio\genesis-studio\packages\engines-py\.pdb_cache\2ITN,A
4810,ThermoMPNN,2ITN,0.0,249,M,M,F:\GENESIS Studio\genesis-studio\packages\engines-py\.pdb_cache\2ITN,A
4811,ThermoMPNN,2ITN,0.07677257061004639,249,M,N,F:\GENESIS Studio\genesis-studio\packages\engines-py\.pdb_cache\2ITN,A
4812,ThermoMPNN,2ITN,3.0653982162475586,249,M,P,F:\GENESIS Studio\genesis-studio\packages\engines-py\.pdb_cache\2ITN,A
4813,ThermoMPNN,2ITN,0.0648651123046875,249,M,Q,F:\GENESIS Studio\genesis-studio\packages\engines-py\.pdb_cache\2ITN,A
4814,ThermoMPNN,2ITN,-0.09722769260406494,249,M,R,F:\GENESIS Studio\genesis-studio\packages\engines-py\.pdb_cache\2ITN,A
4815,ThermoMPNN,2ITN,0.2796034812927246,249,M,S,F:\GENESIS Studio\genesis-studio\packages\engines-py\.pdb_cache\2ITN,A
4816,ThermoMPNN,2ITN,0.5837411880493164,249,M,T,F:\GENESIS Studio\genesis-studio\packages\engines-py\.pdb_cache\2ITN,A
4817,ThermoMPNN,2ITN,0.5678052306175232,249,M,V,F:\GENESIS Studio\genesis-studio\packages\engines-py\.pdb_cache\2ITN,A
4818,ThermoMPNN,2ITN,0.6057976484298706,249,M,W,F:\GENESIS Studio\genesis-studio\packages\engines-py\.pdb_cache\2ITN,A
4819,ThermoMPNN,2ITN,0.578704833984375,249,M,Y,F:\GENESIS Studio\genesis-studio\packages\engines-py\.pdb_cache\2ITN,A
4820,ThermoMPNN,2ITN,2.061342477798462,250,I,A,F:\GENESIS Studio\genesis-studio\packages\engines-py\.pdb_cache\2ITN,A
4821,ThermoMPNN,2ITN,1.239173173904419,250,I,C,F:\GENESIS Studio\genesis-studio\packages\engines-py\.pdb_cache\2ITN,A
4822,ThermoMPNN,2ITN,3.4218599796295166,250,I,D,F:\GENESIS Studio\genesis-studio\packages\engines-py\.pdb_cache\2ITN,A
4823,ThermoMPNN,2ITN,2.966489315032959,250,I,E,F:\GENESIS Studio\genesis-studio\packages\engines-py\.pdb_cache\2ITN,A
4824,ThermoMPNN,2ITN,1.545747995376587,250,I,F,F:\GENESIS Studio\genesis-studio\packages\engines-py\.pdb_cache\2ITN,A
4825,ThermoMPNN,2ITN,3.024624824523926,250,I,G,F:\GENESIS Studio\genesis-studio\packages\engines-py\.pdb_cache\2ITN,A
4826,ThermoMPNN,2ITN,2.179276466369629,250,I,H,F:\GENESIS Studio\genesis-studio\packages\engines-py\.pdb_cache\2ITN,A
4827,ThermoMPNN,2ITN,0.0,250,I,I,F:\GENESIS Studio\genesis-studio\packages\engines-py\.pdb_cache\2ITN,A
4828,ThermoMPNN,2ITN,1.9720158576965332,250,I,K,F:\GENESIS Studio\genesis-studio\packages\engines-py\.pdb_cache\2ITN,A
4829,ThermoMPNN,2ITN,0.44572901725769043,250,I,L,F:\GENESIS Studio\genesis-studio\packages\engines-py\.pdb_cache\2ITN,A
4830,ThermoMPNN,2ITN,0.9187252521514893,250,I,M,F:\GENESIS Studio\genesis-studio\packages\engines-py\.pdb_cache\2ITN,A
4831,ThermoMPNN,2ITN,2.9202651977539062,250,I,N,F:\GENESIS Studio\genesis-studio\packages\engines-py\.pdb_cache\2ITN,A
4832,ThermoMPNN,2ITN,3.2182652950286865,250,I,P,F:\GENESIS Studio\genesis-studio\packages\engines-py\.pdb_cache\2ITN,A
4833,ThermoMPNN,2ITN,2.157963752746582,250,I,Q,F:\GENESIS Studio\genesis-studio\packages\engines-py\.pdb_cache\2ITN,A
4834,ThermoMPNN,2ITN,1.9158267974853516,250,I,R,F:\GENESIS Studio\genesis-studio\packages\engines-py\.pdb_cache\2ITN,A
4835,ThermoMPNN,2ITN,2.3738231658935547,250,I,S,F:\GENESIS Studio\genesis-studio\packages\engines-py\.pdb_cache\2ITN,A
4836,ThermoMPNN,2ITN,1.8873119354248047,250,I,T,F:\GENESIS Studio\genesis-studio\packages\engines-py\.pdb_cache\2ITN,A
4837,ThermoMPNN,2ITN,0.6386725902557373,250,I,V,F:\GENESIS Studio\genesis-studio\packages\engines-py\.pdb_cache\2ITN,A
4838,ThermoMPNN,2ITN,1.538597583770752,250,I,W,F:\GENESIS Studio\genesis-studio\packages\engines-py\.pdb_cache\2ITN,A
4839,ThermoMPNN,2ITN,1.6093103885650635,250,I,Y,F:\GENESIS Studio\genesis-studio\packages\engines-py\.pdb_cache\2ITN,A
4840,ThermoMPNN,2ITN,1.6917554140090942,251,M,A,F:\GENESIS Studio\genesis-studio\packages\engines-py\.pdb_cache\2ITN,A
4841,ThermoMPNN,2ITN,0.7633049488067627,251,M,C,F:\GENESIS Studio\genesis-studio\packages\engines-py\.pdb_cache\2ITN,A
4842,ThermoMPNN,2ITN,2.297858476638794,251,M,D,F:\GENESIS Studio\genesis-studio\packages\engines-py\.pdb_cache\2ITN,A
4843,ThermoMPNN,2ITN,2.4372897148132324,251,M,E,F:\GENESIS Studio\genesis-studio\packages\engines-py\.pdb_cache\2ITN,A
4844,ThermoMPNN,2ITN,0.6063637733459473,251,M,F,F:\GENESIS Studio\genesis-studio\packages\engines-py\.pdb_cache\2ITN,A
4845,ThermoMPNN,2ITN,2.5311172008514404,251,M,G,F:\GENESIS Studio\genesis-studio\packages\engines-py\.pdb_cache\2ITN,A
4846,ThermoMPNN,2ITN,2.1667652130126953,251,M,H,F:\GENESIS Studio\genesis-studio\packages\engines-py\.pdb_cache\2ITN,A
4847,ThermoMPNN,2ITN,-0.8682856559753418,251,M,I,F:\GENESIS Studio\genesis-studio\packages\engines-py\.pdb_cache\2ITN,A
4848,ThermoMPNN,2ITN,2.3343727588653564,251,M,K,F:\GENESIS Studio\genesis-studio\packages\engines-py\.pdb_cache\2ITN,A
4849,ThermoMPNN,2ITN,-0.27307796478271484,251,M,L,F:\GENESIS Studio\genesis-studio\packages\engines-py\.pdb_cache\2ITN,A
4850,ThermoMPNN,2ITN,0.0,251,M,M,F:\GENESIS Studio\genesis-studio\packages\engines-py\.pdb_cache\2ITN,A
4851,ThermoMPNN,2ITN,2.0069148540496826,251,M,N,F:\GENESIS Studio\genesis-studio\packages\engines-py\.pdb_cache\2ITN,A
4852,ThermoMPNN,2ITN,2.2040419578552246,251,M,P,F:\GENESIS Studio\genesis-studio\packages\engines-py\.pdb_cache\2ITN,A
4853,ThermoMPNN,2ITN,2.111682176589966,251,M,Q,F:\GENESIS Studio\genesis-studio\packages\engines-py\.pdb_cache\2ITN,A
4854,ThermoMPNN,2ITN,2.1627275943756104,251,M,R,F:\GENESIS Studio\genesis-studio\packages\engines-py\.pdb_cache\2ITN,A
4855,ThermoMPNN,2ITN,2.096601724624634,251,M,S,F:\GENESIS Studio\genesis-studio\packages\engines-py\.pdb_cache\2ITN,A
4856,ThermoMPNN,2ITN,1.8129279613494873,251,M,T,F:\GENESIS Studio\genesis-studio\packages\engines-py\.pdb_cache\2ITN,A
4857,ThermoMPNN,2ITN,-0.07975196838378906,251,M,V,F:\GENESIS Studio\genesis-studio\packages\engines-py\.pdb_cache\2ITN,A
4858,ThermoMPNN,2ITN,1.7041174173355103,251,M,W,F:\GENESIS Studio\genesis-studio\packages\engines-py\.pdb_cache\2ITN,A
4859,ThermoMPNN,2ITN,1.7644338607788086,251,M,Y,F:\GENESIS Studio\genesis-studio\packages\engines-py\.pdb_cache\2ITN,A
4860,ThermoMPNN,2ITN,0.8709647059440613,252,V,A,F:\GENESIS Studio\genesis-studio\packages\engines-py\.pdb_cache\2ITN,A
4861,ThermoMPNN,2ITN,0.5181889533996582,252,V,C,F:\GENESIS Studio\genesis-studio\packages\engines-py\.pdb_cache\2ITN,A
4862,ThermoMPNN,2ITN,2.2124006748199463,252,V,D,F:\GENESIS Studio\genesis-studio\packages\engines-py\.pdb_cache\2ITN,A
4863,ThermoMPNN,2ITN,1.0697085857391357,252,V,E,F:\GENESIS Studio\genesis-studio\packages\engines-py\.pdb_cache\2ITN,A
4864,ThermoMPNN,2ITN,0.9502984881401062,252,V,F,F:\GENESIS Studio\genesis-studio\packages\engines-py\.pdb_cache\2ITN,A
4865,ThermoMPNN,2ITN,2.1815805435180664,252,V,G,F:\GENESIS Studio\genesis-studio\packages\engines-py\.pdb_cache\2ITN,A
4866,ThermoMPNN,2ITN,1.094159483909607,252,V,H,F:\GENESIS Studio\genesis-studio\packages\engines-py\.pdb_cache\2ITN,A
4867,ThermoMPNN,2ITN,0.10642433166503906,252,V,I,F:\GENESIS Studio\genesis-studio\packages\engines-py\.pdb_cache\2ITN,A
4868,ThermoMPNN,2ITN,0.4374896287918091,252,V,K,F:\GENESIS Studio\genesis-studio\packages\engines-py\.pdb_cache\2ITN,A
4869,ThermoMPNN,2ITN,-0.04280972480773926,252,V,L,F:\GENESIS Studio\genesis-studio\packages\engines-py\.pdb_cache\2ITN,A
4870,ThermoMPNN,2ITN,0.07146048545837402,252,V,M,F:\GENESIS Studio\genesis-studio\packages\engines-py\.pdb_cache\2ITN,A
4871,ThermoMPNN,2ITN,1.5797007083892822,252,V,N,F:\GENESIS Studio\genesis-studio\packages\engines-py\.pdb_cache\2ITN,A
4872,ThermoMPNN,2ITN,3.010960817337036,252,V,P,F:\GENESIS Studio\genesis-studio\packages\engines-py\.pdb_cache\2ITN,A
4873,ThermoMPNN,2ITN,0.3166635036468506,252,V,Q,F:\GENESIS Studio\genesis-studio\packages\engines-py\.pdb_cache\2ITN,A
4874,ThermoMPNN,2ITN,0.4446687698364258,252,V,R,F:\GENESIS Studio\genesis-studio\packages\engines-py\.pdb_cache\2ITN,A
4875,ThermoMPNN,2ITN,1.2900627851486206,252,V,S,F:\GENESIS Studio\genesis-studio\packages\engines-py\.pdb_cache\2ITN,A
4876,ThermoMPNN,2ITN,0.7956812381744385,252,V,T,F:\GENESIS Studio\genesis-studio\packages\engines-py\.pdb_cache\2ITN,A
4877,ThermoMPNN,2ITN,0.0,252,V,V,F:\GENESIS Studio\genesis-studio\packages\engines-py\.pdb_cache\2ITN,A
4878,ThermoMPNN,2ITN,0.7971703410148621,252,V,W,F:\GENESIS Studio\genesis-studio\packages\engines-py\.pdb_cache\2ITN,A
4879,ThermoMPNN,2ITN,0.950386643409729,252,V,Y,F:\GENESIS Studio\genesis-studio\packages\engines-py\.pdb_cache\2ITN,A
4880,ThermoMPNN,2ITN,1.0261895656585693,253,K,A,F:\GENESIS Studio\genesis-studio\packages\engines-py\.pdb_cache\2ITN,A
4881,ThermoMPNN,2ITN,1.10199773311615,253,K,C,F:\GENESIS Studio\genesis-studio\packages\engines-py\.pdb_cache\2ITN,A
4882,ThermoMPNN,2ITN,2.2634432315826416,253,K,D,F:\GENESIS Studio\genesis-studio\packages\engines-py\.pdb_cache\2ITN,A
4883,ThermoMPNN,2ITN,1.540520429611206,253,K,E,F:\GENESIS Studio\genesis-studio\packages\engines-py\.pdb_cache\2ITN,A
4884,ThermoMPNN,2ITN,1.6450786590576172,253,K,F,F:\GENESIS Studio\genesis-studio\packages\engines-py\.pdb_cache\2ITN,A
4885,ThermoMPNN,2ITN,1.919008731842041,253,K,G,F:\GENESIS Studio\genesis-studio\packages\engines-py\.pdb_cache\2ITN,A
4886,ThermoMPNN,2ITN,1.2842519283294678,253,K,H,F:\GENESIS Studio\genesis-studio\packages\engines-py\.pdb_cache\2ITN,A
4887,ThermoMPNN,2ITN,1.1248743534088135,253,K,I,F:\GENESIS Studio\genesis-studio\packages\engines-py\.pdb_cache\2ITN,A
4888,ThermoMPNN,2ITN,0.0,253,K,K,F:\GENESIS Studio\genesis-studio\packages\engines-py\.pdb_cache\2ITN,A
4889,ThermoMPNN,2ITN,0.9874141812324524,253,K,L,F:\GENESIS Studio\genesis-studio\packages\engines-py\.pdb_cache\2ITN,A
4890,ThermoMPNN,2ITN,0.826749324798584,253,K,M,F:\GENESIS Studio\genesis-studio\packages\engines-py\.pdb_cache\2ITN,A
4891,ThermoMPNN,2ITN,1.2347332239151,253,K,N,F:\GENESIS Studio\genesis-studio\packages\engines-py\.pdb_cache\2ITN,A
4892,ThermoMPNN,2ITN,2.903679609298706,253,K,P,F:\GENESIS Studio\genesis-studio\packages\engines-py\.pdb_cache\2ITN,A
4893,ThermoMPNN,2ITN,0.6844301223754883,253,K,Q,F:\GENESIS Studio\genesis-studio\packages\engines-py\.pdb_cache\2ITN,A
4894,ThermoMPNN,2ITN,-0.2191932201385498,253,K,R,F:\GENESIS Studio\genesis-studio\packages\engines-py\.pdb_cache\2ITN,A
4895,ThermoMPNN,2ITN,1.1607563495635986,253,K,S,F:\GENESIS Studio\genesis-studio\packages\engines-py\.pdb_cache\2ITN,A
4896,ThermoMPNN,2ITN,1.0385384559631348,253,K,T,F:\GENESIS Studio\genesis-studio\packages\engines-py\.pdb_cache\2ITN,A
4897,ThermoMPNN,2ITN,1.2499958276748657,253,K,V,F:\GENESIS Studio\genesis-studio\packages\engines-py\.pdb_cache\2ITN,A
4898,ThermoMPNN,2ITN,1.5973953008651733,253,K,W,F:\GENESIS Studio\genesis-studio\packages\engines-py\.pdb_cache\2ITN,A
4899,ThermoMPNN,2ITN,1.6363757848739624,253,K,Y,F:\GENESIS Studio\genesis-studio\packages\engines-py\.pdb_cache\2ITN,A
4900,ThermoMPNN,2ITN,0.046135663986206055,254,C,A,F:\GENESIS Studio\genesis-studio\packages\engines-py\.pdb_cache\2ITN,A
4901,ThermoMPNN,2ITN,0.0,254,C,C,F:\GENESIS Studio\genesis-studio\packages\engines-py\.pdb_cache\2ITN,A
4902,ThermoMPNN,2ITN,2.5791890621185303,254,C,D,F:\GENESIS Studio\genesis-studio\packages\engines-py\.pdb_cache\2ITN,A
4903,ThermoMPNN,2ITN,2.4052670001983643,254,C,E,F:\GENESIS Studio\genesis-studio\packages\engines-py\.pdb_cache\2ITN,A
4904,ThermoMPNN,2ITN,0.4796571731567383,254,C,F,F:\GENESIS Studio\genesis-studio\packages\engines-py\.pdb_cache\2ITN,A
4905,ThermoMPNN,2ITN,1.2374253273010254,254,C,G,F:\GENESIS Studio\genesis-studio\packages\engines-py\.pdb_cache\2ITN,A
4906,ThermoMPNN,2ITN,1.744845986366272,254,C,H,F:\GENESIS Studio\genesis-studio\packages\engines-py\.pdb_cache\2ITN,A
4907,ThermoMPNN,2ITN,0.4036598205566406,254,C,I,F:\GENESIS Studio\genesis-studio\packages\engines-py\.pdb_cache\2ITN,A
4908,ThermoMPNN,2ITN,2.041063070297241,254,C,K,F:\GENESIS Studio\genesis-studio\packages\engines-py\.pdb_cache\2ITN,A
4909,ThermoMPNN,2ITN,0.4691648483276367,254,C,L,F:\GENESIS Studio\genesis-studio\packages\engines-py\.pdb_cache\2ITN,A
4910,ThermoMPNN,2ITN,0.514866828918457,254,C,M,F:\GENESIS Studio\genesis-studio\packages\engines-py\.pdb_cache\2ITN,A
4911,ThermoMPNN,2ITN,2.0067665576934814,254,C,N,F:\GENESIS Studio\genesis-studio\packages\engines-py\.pdb_cache\2ITN,A
4912,ThermoMPNN,2ITN,2.0590226650238037,254,C,P,F:\GENESIS Studio\genesis-studio\packages\engines-py\.pdb_cache\2ITN,A
4913,ThermoMPNN,2ITN,1.8293678760528564,254,C,Q,F:\GENESIS Studio\genesis-studio\packages\engines-py\.pdb_cache\2ITN,A
4914,ThermoMPNN,2ITN,2.052764654159546,254,C,R,F:\GENESIS Studio\genesis-studio\packages\engines-py\.pdb_cache\2ITN,A
4915,ThermoMPNN,2ITN,0.545729398727417,254,C,S,F:\GENESIS Studio\genesis-studio\packages\engines-py\.pdb_cache\2ITN,A
4916,ThermoMPNN,2ITN,0.1898040771484375,254,C,T,F:\GENESIS Studio\genesis-studio\packages\engines-py\.pdb_cache\2ITN,A
4917,ThermoMPNN,2ITN,0.4241633415222168,254,C,V,F:\GENESIS Studio\genesis-studio\packages\engines-py\.pdb_cache\2ITN,A
4918,ThermoMPNN,2ITN,1.252898097038269,254,C,W,F:\GENESIS Studio\genesis-studio\packages\engines-py\.pdb_cache\2ITN,A
4919,ThermoMPNN,2ITN,0.9023762345314026,254,C,Y,F:\GENESIS Studio\genesis-studio\packages\engines-py\.pdb_cache\2ITN,A
4920,ThermoMPNN,2ITN,2.9790196418762207,255,W,A,F:\GENESIS Studio\genesis-studio\packages\engines-py\.pdb_cache\2ITN,A
4921,ThermoMPNN,2ITN,1.1511698961257935,255,W,C,F:\GENESIS Studio\genesis-studio\packages\engines-py\.pdb_cache\2ITN,A
4922,ThermoMPNN,2ITN,3.358827590942383,255,W,D,F:\GENESIS Studio\genesis-studio\packages\engines-py\.pdb_cache\2ITN,A
4923,ThermoMPNN,2ITN,3.0243330001831055,255,W,E,F:\GENESIS Studio\genesis-studio\packages\engines-py\.pdb_cache\2ITN,A
4924,ThermoMPNN,2ITN,0.7098047733306885,255,W,F,F:\GENESIS Studio\genesis-studio\packages\engines-py\.pdb_cache\2ITN,A
4925,ThermoMPNN,2ITN,2.3796849250793457,255,W,G,F:\GENESIS Studio\genesis-studio\packages\engines-py\.pdb_cache\2ITN,A
4926,ThermoMPNN,2ITN,1.8373514413833618,255,W,H,F:\GENESIS Studio\genesis-studio\packages\engines-py\.pdb_cache\2ITN,A
4927,ThermoMPNN,2ITN,2.474135398864746,255,W,I,F:\GENESIS Studio\genesis-studio\packages\engines-py\.pdb_cache\2ITN,A
4928,ThermoMPNN,2ITN,2.5393893718719482,255,W,K,F:\GENESIS Studio\genesis-studio\packages\engines-py\.pdb_cache\2ITN,A
4929,ThermoMPNN,2ITN,1.3353550434112549,255,W,L,F:\GENESIS Studio\genesis-studio\packages\engines-py\.pdb_cache\2ITN,A
4930,ThermoMPNN,2ITN,1.1496357917785645,255,W,M,F:\GENESIS Studio\genesis-studio\packages\engines-py\.pdb_cache\2ITN,A
4931,ThermoMPNN,2ITN,2.419491767883301,255,W,N,F:\GENESIS Studio\genesis-studio\packages\engines-py\.pdb_cache\2ITN,A
4932,ThermoMPNN,2ITN,3.992556095123291,255,W,P,F:\GENESIS Studio\genesis-studio\packages\engines-py\.pdb_cache\2ITN,A
4933,ThermoMPNN,2ITN,1.9626567363739014,255,W,Q,F:\GENESIS Studio\genesis-studio\packages\engines-py\.pdb_cache\2ITN,A
4934,ThermoMPNN,2ITN,2.6679606437683105,255,W,R,F:\GENESIS Studio\genesis-studio\packages\engines-py\.pdb_cache\2ITN,A
4935,ThermoMPNN,2ITN,2.548929214477539,255,W,S,F:\GENESIS Studio\genesis-studio\packages\engines-py\.pdb_cache\2ITN,A
4936,ThermoMPNN,2ITN,2.981330633163452,255,W,T,F:\GENESIS Studio\genesis-studio\packages\engines-py\.pdb_cache\2ITN,A
4937,ThermoMPNN,2ITN,2.3987514972686768,255,W,V,F:\GENESIS Studio\genesis-studio\packages\engines-py\.pdb_cache\2ITN,A
4938,ThermoMPNN,2ITN,0.0,255,W,W,F:\GENESIS Studio\genesis-studio\packages\engines-py\.pdb_cache\2ITN,A
4939,ThermoMPNN,2ITN,0.8559362888336182,255,W,Y,F:\GENESIS Studio\genesis-studio\packages\engines-py\.pdb_cache\2ITN,A
4940,ThermoMPNN,2ITN,0.44988757371902466,256,M,A,F:\GENESIS Studio\genesis-studio\packages\engines-py\.pdb_cache\2ITN,A
4941,ThermoMPNN,2ITN,0.21901178359985352,256,M,C,F:\GENESIS Studio\genesis-studio\packages\engines-py\.pdb_cache\2ITN,A
4942,ThermoMPNN,2ITN,0.07893896102905273,256,M,D,F:\GENESIS Studio\genesis-studio\packages\engines-py\.pdb_cache\2ITN,A
4943,ThermoMPNN,2ITN,0.33286869525909424,256,M,E,F:\GENESIS Studio\genesis-studio\packages\engines-py\.pdb_cache\2ITN,A
4944,ThermoMPNN,2ITN,0.7729874849319458,256,M,F,F:\GENESIS Studio\genesis-studio\packages\engines-py\.pdb_cache\2ITN,A
4945,ThermoMPNN,2ITN,1.009764552116394,256,M,G,F:\GENESIS Studio\genesis-studio\packages\engines-py\.pdb_cache\2ITN,A
4946,ThermoMPNN,2ITN,0.4510127902030945,256,M,H,F:\GENESIS Studio\genesis-studio\packages\engines-py\.pdb_cache\2ITN,A
4947,ThermoMPNN,2ITN,0.26035577058792114,256,M,I,F:\GENESIS Studio\genesis-studio\packages\engines-py\.pdb_cache\2ITN,A
4948,ThermoMPNN,2ITN,0.6720385551452637,256,M,K,F:\GENESIS Studio\genesis-studio\packages\engines-py\.pdb_cache\2ITN,A
4949,ThermoMPNN,2ITN,-0.20606565475463867,256,M,L,F:\GENESIS Studio\genesis-studio\packages\engines-py\.pdb_cache\2ITN,A
4950,ThermoMPNN,2ITN,0.0,256,M,M,F:\GENESIS Studio\genesis-studio\packages\engines-py\.pdb_cache\2ITN,A
4951,ThermoMPNN,2ITN,0.07849955558776855,256,M,N,F:\GENESIS Studio\genesis-studio\packages\engines-py\.pdb_cache\2ITN,A
4952,ThermoMPNN,2ITN,1.9217405319213867,256,M,P,F:\GENESIS Studio\genesis-studio\packages\engines-py\.pdb_cache\2ITN,A
4953,ThermoMPNN,2ITN,0.39112067222595215,256,M,Q,F:\GENESIS Studio\genesis-studio\packages\engines-py\.pdb_cache\2ITN,A
4954,ThermoMPNN,2ITN,0.45741504430770874,256,M,R,F:\GENESIS Studio\genesis-studio\packages\engines-py\.pdb_cache\2ITN,A
4955,ThermoMPNN,2ITN,0.49474871158599854,256,M,S,F:\GENESIS Studio\genesis-studio\packages\engines-py\.pdb_cache\2ITN,A
4956,ThermoMPNN,2ITN,0.616384744644165,256,M,T,F:\GENESIS Studio\genesis-studio\packages\engines-py\.pdb_cache\2ITN,A
4957,ThermoMPNN,2ITN,0.4740576148033142,256,M,V,F:\GENESIS Studio\genesis-studio\packages\engines-py\.pdb_cache\2ITN,A
4958,ThermoMPNN,2ITN,0.9808123707771301,256,M,W,F:\GENESIS Studio\genesis-studio\packages\engines-py\.pdb_cache\2ITN,A
4959,ThermoMPNN,2ITN,0.9798422455787659,256,M,Y,F:\GENESIS Studio\genesis-studio\packages\engines-py\.pdb_cache\2ITN,A
4960,ThermoMPNN,2ITN,0.21344244480133057,257,I,A,F:\GENESIS Studio\genesis-studio\packages\engines-py\.pdb_cache\2ITN,A
4961,ThermoMPNN,2ITN,-0.10036987066268921,257,I,C,F:\GENESIS Studio\genesis-studio\packages\engines-py\.pdb_cache\2ITN,A
4962,ThermoMPNN,2ITN,0.48298996686935425,257,I,D,F:\GENESIS Studio\genesis-studio\packages\engines-py\.pdb_cache\2ITN,A
4963,ThermoMPNN,2ITN,0.7743633985519409,257,I,E,F:\GENESIS Studio\genesis-studio\packages\engines-py\.pdb_cache\2ITN,A
4964,ThermoMPNN,2ITN,0.005373775959014893,257,I,F,F:\GENESIS Studio\genesis-studio\packages\engines-py\.pdb_cache\2ITN,A
4965,ThermoMPNN,2ITN,0.468536913394928,257,I,G,F:\GENESIS Studio\genesis-studio\packages\engines-py\.pdb_cache\2ITN,A
4966,ThermoMPNN,2ITN,-0.08865517377853394,257,I,H,F:\GENESIS Studio\genesis-studio\packages\engines-py\.pdb_cache\2ITN,A
4967,ThermoMPNN,2ITN,0.0,257,I,I,F:\GENESIS Studio\genesis-studio\packages\engines-py\.pdb_cache\2ITN,A
4968,ThermoMPNN,2ITN,-0.21190595626831055,257,I,K,F:\GENESIS Studio\genesis-studio\packages\engines-py\.pdb_cache\2ITN,A
4969,ThermoMPNN,2ITN,-0.034895479679107666,257,I,L,F:\GENESIS Studio\genesis-studio\packages\engines-py\.pdb_cache\2ITN,A
4970,ThermoMPNN,2ITN,0.12980526685714722,257,I,M,F:\GENESIS Studio\genesis-studio\packages\engines-py\.pdb_cache\2ITN,A
4971,ThermoMPNN,2ITN,0.01830357313156128,257,I,N,F:\GENESIS Studio\genesis-studio\packages\engines-py\.pdb_cache\2ITN,A
4972,ThermoMPNN,2ITN,-0.10460817813873291,257,I,P,F:\GENESIS Studio\genesis-studio\packages\engines-py\.pdb_cache\2ITN,A
4973,ThermoMPNN,2ITN,0.3134605884552002,257,I,Q,F:\GENESIS Studio\genesis-studio\packages\engines-py\.pdb_cache\2ITN,A
4974,ThermoMPNN,2ITN,-0.26246970891952515,257,I,R,F:\GENESIS Studio\genesis-studio\packages\engines-py\.pdb_cache\2ITN,A
4975,ThermoMPNN,2ITN,0.14777880907058716,257,I,S,F:\GENESIS Studio\genesis-studio\packages\engines-py\.pdb_cache\2ITN,A
4976,ThermoMPNN,2ITN,0.19833213090896606,257,I,T,F:\GENESIS Studio\genesis-studio\packages\engines-py\.pdb_cache\2ITN,A
4977,ThermoMPNN,2ITN,0.2300843596458435,257,I,V,F:\GENESIS Studio\genesis-studio\packages\engines-py\.pdb_cache\2ITN,A
4978,ThermoMPNN,2ITN,-0.21079117059707642,257,I,W,F:\GENESIS Studio\genesis-studio\packages\engines-py\.pdb_cache\2ITN,A
4979,ThermoMPNN,2ITN,-0.18855613470077515,257,I,Y,F:\GENESIS Studio\genesis-studio\packages\engines-py\.pdb_cache\2ITN,A
4980,ThermoMPNN,2ITN,0.3572605848312378,258,D,A,F:\GENESIS Studio\genesis-studio\packages\engines-py\.pdb_cache\2ITN,A
4981,ThermoMPNN,2ITN,0.18856585025787354,258,D,C,F:\GENESIS Studio\genesis-studio\packages\engines-py\.pdb_cache\2ITN,A
4982,ThermoMPNN,2ITN,0.0,258,D,D,F:\GENESIS Studio\genesis-studio\packages\engines-py\.pdb_cache\2ITN,A
4983,ThermoMPNN,2ITN,0.38207465410232544,258,D,E,F:\GENESIS Studio\genesis-studio\packages\engines-py\.pdb_cache\2ITN,A
4984,ThermoMPNN,2ITN,0.6387119293212891,258,D,F,F:\GENESIS Studio\genesis-studio\packages\engines-py\.pdb_cache\2ITN,A
4985,ThermoMPNN,2ITN,0.7336660623550415,258,D,G,F:\GENESIS Studio\genesis-studio\packages\engines-py\.pdb_cache\2ITN,A
4986,ThermoMPNN,2ITN,0.33273428678512573,258,D,H,F:\GENESIS Studio\genesis-studio\packages\engines-py\.pdb_cache\2ITN,A
4987,ThermoMPNN,2ITN,0.5740402936935425,258,D,I,F:\GENESIS Studio\genesis-studio\packages\engines-py\.pdb_cache\2ITN,A
4988,ThermoMPNN,2ITN,0.5051513314247131,258,D,K,F:\GENESIS Studio\genesis-studio\packages\engines-py\.pdb_cache\2ITN,A
4989,ThermoMPNN,2ITN,0.5147972702980042,258,D,L,F:\GENESIS Studio\genesis-studio\packages\engines-py\.pdb_cache\2ITN,A
4990,ThermoMPNN,2ITN,0.6928678750991821,258,D,M,F:\GENESIS Studio\genesis-studio\packages\engines-py\.pdb_cache\2ITN,A
4991,ThermoMPNN,2ITN,0.19299966096878052,258,D,N,F:\GENESIS Studio\genesis-studio\packages\engines-py\.pdb_cache\2ITN,A
4992,ThermoMPNN,2ITN,0.8081741333007812,258,D,P,F:\GENESIS Studio\genesis-studio\packages\engines-py\.pdb_cache\2ITN,A
4993,ThermoMPNN,2ITN,0.5186604857444763,258,D,Q,F:\GENESIS Studio\genesis-studio\packages\engines-py\.pdb_cache\2ITN,A
4994,ThermoMPNN,2ITN,0.5119223594665527,258,D,R,F:\GENESIS Studio\genesis-studio\packages\engines-py\.pdb_cache\2ITN,A
4995,ThermoMPNN,2ITN,0.26798033714294434,258,D,S,F:\GENESIS Studio\genesis-studio\packages\engines-py\.pdb_cache\2ITN,A
4996,ThermoMPNN,2ITN,0.4964025020599365,258,D,T,F:\GENESIS Studio\genesis-studio\packages\engines-py\.pdb_cache\2ITN,A
4997,ThermoMPNN,2ITN,0.5020211338996887,258,D,V,F:\GENESIS Studio\genesis-studio\packages\engines-py\.pdb_cache\2ITN,A
4998,ThermoMPNN,2ITN,0.6219415664672852,258,D,W,F:\GENESIS Studio\genesis-studio\packages\engines-py\.pdb_cache\2ITN,A
4999,ThermoMPNN,2ITN,0.567734956741333,258,D,Y,F:\GENESIS Studio\genesis-studio\packages\engines-py\.pdb_cache\2ITN,A
5000,ThermoMPNN,2ITN,0.0,259,A,A,F:\GENESIS Studio\genesis-studio\packages\engines-py\.pdb_cache\2ITN,A
5001,ThermoMPNN,2ITN,-0.26201868057250977,259,A,C,F:\GENESIS Studio\genesis-studio\packages\engines-py\.pdb_cache\2ITN,A
5002,ThermoMPNN,2ITN,0.8602931499481201,259,A,D,F:\GENESIS Studio\genesis-studio\packages\engines-py\.pdb_cache\2ITN,A
5003,ThermoMPNN,2ITN,0.24437838792800903,259,A,E,F:\GENESIS Studio\genesis-studio\packages\engines-py\.pdb_cache\2ITN,A
5004,ThermoMPNN,2ITN,-0.03869575262069702,259,A,F,F:\GENESIS Studio\genesis-studio\packages\engines-py\.pdb_cache\2ITN,A
5005,ThermoMPNN,2ITN,0.5291236639022827,259,A,G,F:\GENESIS Studio\genesis-studio\packages\engines-py\.pdb_cache\2ITN,A
5006,ThermoMPNN,2ITN,0.3985040485858917,259,A,H,F:\GENESIS Studio\genesis-studio\packages\engines-py\.pdb_cache\2ITN,A
5007,ThermoMPNN,2ITN,-0.18923020362854004,259,A,I,F:\GENESIS Studio\genesis-studio\packages\engines-py\.pdb_cache\2ITN,A
5008,ThermoMPNN,2ITN,0.563271701335907,259,A,K,F:\GENESIS Studio\genesis-studio\packages\engines-py\.pdb_cache\2ITN,A
5009,ThermoMPNN,2ITN,-0.2656900882720947,259,A,L,F:\GENESIS Studio\genesis-studio\packages\engines-py\.pdb_cache\2ITN,A
5010,ThermoMPNN,2ITN,-0.20116651058197021,259,A,M,F:\GENESIS Studio\genesis-studio\packages\engines-py\.pdb_cache\2ITN,A
5011,ThermoMPNN,2ITN,0.7221144437789917,259,A,N,F:\GENESIS Studio\genesis-studio\packages\engines-py\.pdb_cache\2ITN,A
5012,ThermoMPNN,2ITN,-0.049674034118652344,259,A,P,F:\GENESIS Studio\genesis-studio\packages\engines-py\.pdb_cache\2ITN,A
5013,ThermoMPNN,2ITN,0.4307037889957428,259,A,Q,F:\GENESIS Studio\genesis-studio\packages\engines-py\.pdb_cache\2ITN,A
5014,ThermoMPNN,2ITN,0.6299569606781006,259,A,R,F:\GENESIS Studio\genesis-studio\packages\engines-py\.pdb_cache\2ITN,A
5015,ThermoMPNN,2ITN,0.4566792845726013,259,A,S,F:\GENESIS Studio\genesis-studio\packages\engines-py\.pdb_cache\2ITN,A
5016,ThermoMPNN,2ITN,0.5288806557655334,259,A,T,F:\GENESIS Studio\genesis-studio\packages\engines-py\.pdb_cache\2ITN,A
5017,ThermoMPNN,2ITN,-0.08636713027954102,259,A,V,F:\GENESIS Studio\genesis-studio\packages\engines-py\.pdb_cache\2ITN,A
5018,ThermoMPNN,2ITN,0.039238572120666504,259,A,W,F:\GENESIS Studio\genesis-studio\packages\engines-py\.pdb_cache\2ITN,A
5019,ThermoMPNN,2ITN,0.03764766454696655,259,A,Y,F:\GENESIS Studio\genesis-studio\packages\engines-py\.pdb_cache\2ITN,A
5020,ThermoMPNN,2ITN,0.11592352390289307,260,D,A,F:\GENESIS Studio\genesis-studio\packages\engines-py\.pdb_cache\2ITN,A
5021,ThermoMPNN,2ITN,-0.122916579246521,260,D,C,F:\GENESIS Studio\genesis-studio\packages\engines-py\.pdb_cache\2ITN,A
5022,ThermoMPNN,2ITN,0.0,260,D,D,F:\GENESIS Studio\genesis-studio\packages\engines-py\.pdb_cache\2ITN,A
5023,ThermoMPNN,2ITN,0.055081725120544434,260,D,E,F:\GENESIS Studio\genesis-studio\packages\engines-py\.pdb_cache\2ITN,A
5024,ThermoMPNN,2ITN,0.39360761642456055,260,D,F,F:\GENESIS Studio\genesis-studio\packages\engines-py\.pdb_cache\2ITN,A
5025,ThermoMPNN,2ITN,0.3332834243774414,260,D,G,F:\GENESIS Studio\genesis-studio\packages\engines-py\.pdb_cache\2ITN,A
5026,ThermoMPNN,2ITN,0.21852785348892212,260,D,H,F:\GENESIS Studio\genesis-studio\packages\engines-py\.pdb_cache\2ITN,A
5027,ThermoMPNN,2ITN,0.4332866668701172,260,D,I,F:\GENESIS Studio\genesis-studio\packages\engines-py\.pdb_cache\2ITN,A
5028,ThermoMPNN,2ITN,0.2860621213912964,260,D,K,F:\GENESIS Studio\genesis-studio\packages\engines-py\.pdb_cache\2ITN,A
5029,ThermoMPNN,2ITN,0.26599496603012085,260,D,L,F:\GENESIS Studio\genesis-studio\packages\engines-py\.pdb_cache\2ITN,A
5030,ThermoMPNN,2ITN,0.2428724765777588,260,D,M,F:\GENESIS Studio\genesis-studio\packages\engines-py\.pdb_cache\2ITN,A
5031,ThermoMPNN,2ITN,0.01974266767501831,260,D,N,F:\GENESIS Studio\genesis-studio\packages\engines-py\.pdb_cache\2ITN,A
5032,ThermoMPNN,2ITN,1.5627899169921875,260,D,P,F:\GENESIS Studio\genesis-studio\packages\engines-py\.pdb_cache\2ITN,A
5033,ThermoMPNN,2ITN,0.14206451177597046,260,D,Q,F:\GENESIS Studio\genesis-studio\packages\engines-py\.pdb_cache\2ITN,A
5034,ThermoMPNN,2ITN,0.3577859401702881,260,D,R,F:\GENESIS Studio\genesis-studio\packages\engines-py\.pdb_cache\2ITN,A
5035,ThermoMPNN,2ITN,-0.008100569248199463,260,D,S,F:\GENESIS Studio\genesis-studio\packages\engines-py\.pdb_cache\2ITN,A
5036,ThermoMPNN,2ITN,-0.07141721248626709,260,D,T,F:\GENESIS Studio\genesis-studio\packages\engines-py\.pdb_cache\2ITN,A
5037,ThermoMPNN,2ITN,0.3967388868331909,260,D,V,F:\GENESIS Studio\genesis-studio\packages\engines-py\.pdb_cache\2ITN,A
5038,ThermoMPNN,2ITN,0.5367803573608398,260,D,W,F:\GENESIS Studio\genesis-studio\packages\engines-py\.pdb_cache\2ITN,A
5039,ThermoMPNN,2ITN,0.4800659716129303,260,D,Y,F:\GENESIS Studio\genesis-studio\packages\engines-py\.pdb_cache\2ITN,A
5040,ThermoMPNN,2ITN,-0.4357095956802368,261,S,A,F:\GENESIS Studio\genesis-studio\packages\engines-py\.pdb_cache\2ITN,A
5041,ThermoMPNN,2ITN,-0.3686918020248413,261,S,C,F:\GENESIS Studio\genesis-studio\packages\engines-py\.pdb_cache\2ITN,A
5042,ThermoMPNN,2ITN,0.6179671883583069,261,S,D,F:\GENESIS Studio\genesis-studio\packages\engines-py\.pdb_cache\2ITN,A
5043,ThermoMPNN,2ITN,0.21690362691879272,261,S,E,F:\GENESIS Studio\genesis-studio\packages\engines-py\.pdb_cache\2ITN,A
5044,ThermoMPNN,2ITN,-0.09766733646392822,261,S,F,F:\GENESIS Studio\genesis-studio\packages\engines-py\.pdb_cache\2ITN,A
5045,ThermoMPNN,2ITN,0.4181896448135376,261,S,G,F:\GENESIS Studio\genesis-studio\packages\engines-py\.pdb_cache\2ITN,A
5046,ThermoMPNN,2ITN,0.07647144794464111,261,S,H,F:\GENESIS Studio\genesis-studio\packages\engines-py\.pdb_cache\2ITN,A
5047,ThermoMPNN,2ITN,0.20963087677955627,261,S,I,F:\GENESIS Studio\genesis-studio\packages\engines-py\.pdb_cache\2ITN,A
5048,ThermoMPNN,2ITN,-0.4306081533432007,261,S,K,F:\GENESIS Studio\genesis-studio\packages\engines-py\.pdb_cache\2ITN,A
5049,ThermoMPNN,2ITN,-0.6162959337234497,261,S,L,F:\GENESIS Studio\genesis-studio\packages\engines-py\.pdb_cache\2ITN,A
5050,ThermoMPNN,2ITN,-0.49286210536956787,261,S,M,F:\GENESIS Studio\genesis-studio\packages\engines-py\.pdb_cache\2ITN,A
5051,ThermoMPNN,2ITN,0.18816149234771729,261,S,N,F:\GENESIS Studio\genesis-studio\packages\engines-py\.pdb_cache\2ITN,A
5052,ThermoMPNN,2ITN,1.903685212135315,261,S,P,F:\GENESIS Studio\genesis-studio\packages\engines-py\.pdb_cache\2ITN,A
5053,ThermoMPNN,2ITN,-0.16318750381469727,261,S,Q,F:\GENESIS Studio\genesis-studio\packages\engines-py\.pdb_cache\2ITN,A
5054,ThermoMPNN,2ITN,-0.507793664932251,261,S,R,F:\GENESIS Studio\genesis-studio\packages\engines-py\.pdb_cache\2ITN,A
5055,ThermoMPNN,2ITN,0.0,261,S,S,F:\GENESIS Studio\genesis-studio\packages\engines-py\.pdb_cache\2ITN,A
5056,ThermoMPNN,2ITN,0.25771060585975647,261,S,T,F:\GENESIS Studio\genesis-studio\packages\engines-py\.pdb_cache\2ITN,A
5057,ThermoMPNN,2ITN,0.3620212972164154,261,S,V,F:\GENESIS Studio\genesis-studio\packages\engines-py\.pdb_cache\2ITN,A
5058,ThermoMPNN,2ITN,0.19358974695205688,261,S,W,F:\GENESIS Studio\genesis-studio\packages\engines-py\.pdb_cache\2ITN,A
5059,ThermoMPNN,2ITN,0.15854543447494507,261,S,Y,F:\GENESIS Studio\genesis-studio\packages\engines-py\.pdb_cache\2ITN,A
5060,ThermoMPNN,2ITN,1.6384363174438477,262,R,A,F:\GENESIS Studio\genesis-studio\packages\engines-py\.pdb_cache\2ITN,A
5061,ThermoMPNN,2ITN,1.6543145179748535,262,R,C,F:\GENESIS Studio\genesis-studio\packages\engines-py\.pdb_cache\2ITN,A
5062,ThermoMPNN,2ITN,2.3597707748413086,262,R,D,F:\GENESIS Studio\genesis-studio\packages\engines-py\.pdb_cache\2ITN,A
5063,ThermoMPNN,2ITN,2.449949026107788,262,R,E,F:\GENESIS Studio\genesis-studio\packages\engines-py\.pdb_cache\2ITN,A
5064,ThermoMPNN,2ITN,1.8690522909164429,262,R,F,F:\GENESIS Studio\genesis-studio\packages\engines-py\.pdb_cache\2ITN,A
5065,ThermoMPNN,2ITN,2.1330251693725586,262,R,G,F:\GENESIS Studio\genesis-studio\packages\engines-py\.pdb_cache\2ITN,A
5066,ThermoMPNN,2ITN,1.7381525039672852,262,R,H,F:\GENESIS Studio\genesis-studio\packages\engines-py\.pdb_cache\2ITN,A
5067,ThermoMPNN,2ITN,1.7843399047851562,262,R,I,F:\GENESIS Studio\genesis-studio\packages\engines-py\.pdb_cache\2ITN,A
5068,ThermoMPNN,2ITN,0.5264184474945068,262,R,K,F:\GENESIS Studio\genesis-studio\packages\engines-py\.pdb_cache\2ITN,A
5069,ThermoMPNN,2ITN,1.3469500541687012,262,R,L,F:\GENESIS Studio\genesis-studio\packages\engines-py\.pdb_cache\2ITN,A
5070,ThermoMPNN,2ITN,1.4410796165466309,262,R,M,F:\GENESIS Studio\genesis-studio\packages\engines-py\.pdb_cache\2ITN,A
5071,ThermoMPNN,2ITN,1.7999495267868042,262,R,N,F:\GENESIS Studio\genesis-studio\packages\engines-py\.pdb_cache\2ITN,A
5072,ThermoMPNN,2ITN,1.8605115413665771,262,R,P,F:\GENESIS Studio\genesis-studio\packages\engines-py\.pdb_cache\2ITN,A
5073,ThermoMPNN,2ITN,1.5759479999542236,262,R,Q,F:\GENESIS Studio\genesis-studio\packages\engines-py\.pdb_cache\2ITN,A
5074,ThermoMPNN,2ITN,0.0,262,R,R,F:\GENESIS Studio\genesis-studio\packages\engines-py\.pdb_cache\2ITN,A
5075,ThermoMPNN,2ITN,1.7155203819274902,262,R,S,F:\GENESIS Studio\genesis-studio\packages\engines-py\.pdb_cache\2ITN,A
5076,ThermoMPNN,2ITN,1.7757817506790161,262,R,T,F:\GENESIS Studio\genesis-studio\packages\engines-py\.pdb_cache\2ITN,A
5077,ThermoMPNN,2ITN,1.8679306507110596,262,R,V,F:\GENESIS Studio\genesis-studio\packages\engines-py\.pdb_cache\2ITN,A
5078,ThermoMPNN,2ITN,1.9719630479812622,262,R,W,F:\GENESIS Studio\genesis-studio\packages\engines-py\.pdb_cache\2ITN,A
5079,ThermoMPNN,2ITN,1.885727047920227,262,R,Y,F:\GENESIS Studio\genesis-studio\packages\engines-py\.pdb_cache\2ITN,A
5080,ThermoMPNN,2ITN,1.6837410926818848,263,P,A,F:\GENESIS Studio\genesis-studio\packages\engines-py\.pdb_cache\2ITN,A
5081,ThermoMPNN,2ITN,0.7169476747512817,263,P,C,F:\GENESIS Studio\genesis-studio\packages\engines-py\.pdb_cache\2ITN,A
5082,ThermoMPNN,2ITN,2.3095815181732178,263,P,D,F:\GENESIS Studio\genesis-studio\packages\engines-py\.pdb_cache\2ITN,A
5083,ThermoMPNN,2ITN,1.9010369777679443,263,P,E,F:\GENESIS Studio\genesis-studio\packages\engines-py\.pdb_cache\2ITN,A
5084,ThermoMPNN,2ITN,0.4689462184906006,263,P,F,F:\GENESIS Studio\genesis-studio\packages\engines-py\.pdb_cache\2ITN,A
5085,ThermoMPNN,2ITN,1.6981064081192017,263,P,G,F:\GENESIS Studio\genesis-studio\packages\engines-py\.pdb_cache\2ITN,A
5086,ThermoMPNN,2ITN,0.9786545038223267,263,P,H,F:\GENESIS Studio\genesis-studio\packages\engines-py\.pdb_cache\2ITN,A
5087,ThermoMPNN,2ITN,1.1873867511749268,263,P,I,F:\GENESIS Studio\genesis-studio\packages\engines-py\.pdb_cache\2ITN,A
5088,ThermoMPNN,2ITN,1.3164736032485962,263,P,K,F:\GENESIS Studio\genesis-studio\packages\engines-py\.pdb_cache\2ITN,A
5089,ThermoMPNN,2ITN,0.7338382005691528,263,P,L,F:\GENESIS Studio\genesis-studio\packages\engines-py\.pdb_cache\2ITN,A
5090,ThermoMPNN,2ITN,0.781508207321167,263,P,M,F:\GENESIS Studio\genesis-studio\packages\engines-py\.pdb_cache\2ITN,A
5091,ThermoMPNN,2ITN,1.745889663696289,263,P,N,F:\GENESIS Studio\genesis-studio\packages\engines-py\.pdb_cache\2ITN,A
5092,ThermoMPNN,2ITN,0.0,263,P,P,F:\GENESIS Studio\genesis-studio\packages\engines-py\.pdb_cache\2ITN,A
5093,ThermoMPNN,2ITN,1.4893691539764404,263,P,Q,F:\GENESIS Studio\genesis-studio\packages\engines-py\.pdb_cache\2ITN,A
5094,ThermoMPNN,2ITN,1.213991403579712,263,P,R,F:\GENESIS Studio\genesis-studio\packages\engines-py\.pdb_cache\2ITN,A
5095,ThermoMPNN,2ITN,1.8848645687103271,263,P,S,F:\GENESIS Studio\genesis-studio\packages\engines-py\.pdb_cache\2ITN,A
5096,ThermoMPNN,2ITN,1.861416220664978,263,P,T,F:\GENESIS Studio\genesis-studio\packages\engines-py\.pdb_cache\2ITN,A
5097,ThermoMPNN,2ITN,1.5763498544692993,263,P,V,F:\GENESIS Studio\genesis-studio\packages\engines-py\.pdb_cache\2ITN,A
5098,ThermoMPNN,2ITN,0.46301937103271484,263,P,W,F:\GENESIS Studio\genesis-studio\packages\engines-py\.pdb_cache\2ITN,A
5099,ThermoMPNN,2ITN,0.13035941123962402,263,P,Y,F:\GENESIS Studio\genesis-studio\packages\engines-py\.pdb_cache\2ITN,A
5100,ThermoMPNN,2ITN,0.43159425258636475,264,K,A,F:\GENESIS Studio\genesis-studio\packages\engines-py\.pdb_cache\2ITN,A
5101,ThermoMPNN,2ITN,0.06377702951431274,264,K,C,F:\GENESIS Studio\genesis-studio\packages\engines-py\.pdb_cache\2ITN,A
5102,ThermoMPNN,2ITN,0.4832761287689209,264,K,D,F:\GENESIS Studio\genesis-studio\packages\engines-py\.pdb_cache\2ITN,A
5103,ThermoMPNN,2ITN,0.05515849590301514,264,K,E,F:\GENESIS Studio\genesis-studio\packages\engines-py\.pdb_cache\2ITN,A
5104,ThermoMPNN,2ITN,0.5746509432792664,264,K,F,F:\GENESIS Studio\genesis-studio\packages\engines-py\.pdb_cache\2ITN,A
5105,ThermoMPNN,2ITN,0.8400959968566895,264,K,G,F:\GENESIS Studio\genesis-studio\packages\engines-py\.pdb_cache\2ITN,A
5106,ThermoMPNN,2ITN,0.3026449680328369,264,K,H,F:\GENESIS Studio\genesis-studio\packages\engines-py\.pdb_cache\2ITN,A
5107,ThermoMPNN,2ITN,0.282389760017395,264,K,I,F:\GENESIS Studio\genesis-studio\packages\engines-py\.pdb_cache\2ITN,A
5108,ThermoMPNN,2ITN,0.0,264,K,K,F:\GENESIS Studio\genesis-studio\packages\engines-py\.pdb_cache\2ITN,A
5109,ThermoMPNN,2ITN,0.16952967643737793,264,K,L,F:\GENESIS Studio\genesis-studio\packages\engines-py\.pdb_cache\2ITN,A
5110,ThermoMPNN,2ITN,0.3721209764480591,264,K,M,F:\GENESIS Studio\genesis-studio\packages\engines-py\.pdb_cache\2ITN,A
5111,ThermoMPNN,2ITN,0.16145795583724976,264,K,N,F:\GENESIS Studio\genesis-studio\packages\engines-py\.pdb_cache\2ITN,A
5112,ThermoMPNN,2ITN,1.4593472480773926,264,K,P,F:\GENESIS Studio\genesis-studio\packages\engines-py\.pdb_cache\2ITN,A
5113,ThermoMPNN,2ITN,0.01326894760131836,264,K,Q,F:\GENESIS Studio\genesis-studio\packages\engines-py\.pdb_cache\2ITN,A
5114,ThermoMPNN,2ITN,0.18626737594604492,264,K,R,F:\GENESIS Studio\genesis-studio\packages\engines-py\.pdb_cache\2ITN,A
5115,ThermoMPNN,2ITN,-0.028488516807556152,264,K,S,F:\GENESIS Studio\genesis-studio\packages\engines-py\.pdb_cache\2ITN,A
5116,ThermoMPNN,2ITN,-0.46184492111206055,264,K,T,F:\GENESIS Studio\genesis-studio\packages\engines-py\.pdb_cache\2ITN,A
5117,ThermoMPNN,2ITN,0.21499335765838623,264,K,V,F:\GENESIS Studio\genesis-studio\packages\engines-py\.pdb_cache\2ITN,A
5118,ThermoMPNN,2ITN,0.891659677028656,264,K,W,F:\GENESIS Studio\genesis-studio\packages\engines-py\.pdb_cache\2ITN,A
5119,ThermoMPNN,2ITN,0.6311747431755066,264,K,Y,F:\GENESIS Studio\genesis-studio\packages\engines-py\.pdb_cache\2ITN,A
5120,ThermoMPNN,2ITN,2.5735833644866943,265,F,A,F:\GENESIS Studio\genesis-studio\packages\engines-py\.pdb_cache\2ITN,A
5121,ThermoMPNN,2ITN,1.556746244430542,265,F,C,F:\GENESIS Studio\genesis-studio\packages\engines-py\.pdb_cache\2ITN,A
5122,ThermoMPNN,2ITN,3.630389451980591,265,F,D,F:\GENESIS Studio\genesis-studio\packages\engines-py\.pdb_cache\2ITN,A
5123,ThermoMPNN,2ITN,3.3085827827453613,265,F,E,F:\GENESIS Studio\genesis-studio\packages\engines-py\.pdb_cache\2ITN,A
5124,ThermoMPNN,2ITN,0.0,265,F,F,F:\GENESIS Studio\genesis-studio\packages\engines-py\.pdb_cache\2ITN,A
5125,ThermoMPNN,2ITN,3.0401217937469482,265,F,G,F:\GENESIS Studio\genesis-studio\packages\engines-py\.pdb_cache\2ITN,A
5126,ThermoMPNN,2ITN,2.608315944671631,265,F,H,F:\GENESIS Studio\genesis-studio\packages\engines-py\.pdb_cache\2ITN,A
5127,ThermoMPNN,2ITN,1.4052035808563232,265,F,I,F:\GENESIS Studio\genesis-studio\packages\engines-py\.pdb_cache\2ITN,A
5128,ThermoMPNN,2ITN,2.821983814239502,265,F,K,F:\GENESIS Studio\genesis-studio\packages\engines-py\.pdb_cache\2ITN,A
5129,ThermoMPNN,2ITN,1.177558183670044,265,F,L,F:\GENESIS Studio\genesis-studio\packages\engines-py\.pdb_cache\2ITN,A
5130,ThermoMPNN,2ITN,1.4218494892120361,265,F,M,F:\GENESIS Studio\genesis-studio\packages\engines-py\.pdb_cache\2ITN,A
5131,ThermoMPNN,2ITN,2.987048864364624,265,F,N,F:\GENESIS Studio\genesis-studio\packages\engines-py\.pdb_cache\2ITN,A
5132,ThermoMPNN,2ITN,2.1681571006774902,265,F,P,F:\GENESIS Studio\genesis-studio\packages\engines-py\.pdb_cache\2ITN,A
5133,ThermoMPNN,2ITN,3.1003053188323975,265,F,Q,F:\GENESIS Studio\genesis-studio\packages\engines-py\.pdb_cache\2ITN,A
5134,ThermoMPNN,2ITN,2.7729392051696777,265,F,R,F:\GENESIS Studio\genesis-studio\packages\engines-py\.pdb_cache\2ITN,A
5135,ThermoMPNN,2ITN,2.898632526397705,265,F,S,F:\GENESIS Studio\genesis-studio\packages\engines-py\.pdb_cache\2ITN,A
5136,ThermoMPNN,2ITN,2.738190174102783,265,F,T,F:\GENESIS Studio\genesis-studio\packages\engines-py\.pdb_cache\2ITN,A
5137,ThermoMPNN,2ITN,1.6751840114593506,265,F,V,F:\GENESIS Studio\genesis-studio\packages\engines-py\.pdb_cache\2ITN,A
5138,ThermoMPNN,2ITN,1.7324321269989014,265,F,W,F:\GENESIS Studio\genesis-studio\packages\engines-py\.pdb_cache\2ITN,A
5139,ThermoMPNN,2ITN,1.4755929708480835,265,F,Y,F:\GENESIS Studio\genesis-studio\packages\engines-py\.pdb_cache\2ITN,A
5140,ThermoMPNN,2ITN,-0.1065300703048706,266,R,A,F:\GENESIS Studio\genesis-studio\packages\engines-py\.pdb_cache\2ITN,A
5141,ThermoMPNN,2ITN,0.10444045066833496,266,R,C,F:\GENESIS Studio\genesis-studio\packages\engines-py\.pdb_cache\2ITN,A
5142,ThermoMPNN,2ITN,0.6582648158073425,266,R,D,F:\GENESIS Studio\genesis-studio\packages\engines-py\.pdb_cache\2ITN,A
5143,ThermoMPNN,2ITN,0.5196877717971802,266,R,E,F:\GENESIS Studio\genesis-studio\packages\engines-py\.pdb_cache\2ITN,A
5144,ThermoMPNN,2ITN,0.5074948668479919,266,R,F,F:\GENESIS Studio\genesis-studio\packages\engines-py\.pdb_cache\2ITN,A
5145,ThermoMPNN,2ITN,0.24193549156188965,266,R,G,F:\GENESIS Studio\genesis-studio\packages\engines-py\.pdb_cache\2ITN,A
5146,ThermoMPNN,2ITN,0.25488805770874023,266,R,H,F:\GENESIS Studio\genesis-studio\packages\engines-py\.pdb_cache\2ITN,A
5147,ThermoMPNN,2ITN,0.6992931962013245,266,R,I,F:\GENESIS Studio\genesis-studio\packages\engines-py\.pdb_cache\2ITN,A
5148,ThermoMPNN,2ITN,0.1535094976425171,266,R,K,F:\GENESIS Studio\genesis-studio\packages\engines-py\.pdb_cache\2ITN,A
5149,ThermoMPNN,2ITN,0.8345150947570801,266,R,L,F:\GENESIS Studio\genesis-studio\packages\engines-py\.pdb_cache\2ITN,A
5150,ThermoMPNN,2ITN,0.6921967267990112,266,R,M,F:\GENESIS Studio\genesis-studio\packages\engines-py\.pdb_cache\2ITN,A
5151,ThermoMPNN,2ITN,0.4350389242172241,266,R,N,F:\GENESIS Studio\genesis-studio\packages\engines-py\.pdb_cache\2ITN,A
5152,ThermoMPNN,2ITN,1.6289141178131104,266,R,P,F:\GENESIS Studio\genesis-studio\packages\engines-py\.pdb_cache\2ITN,A
5153,ThermoMPNN,2ITN,0.3932769298553467,266,R,Q,F:\GENESIS Studio\genesis-studio\packages\engines-py\.pdb_cache\2ITN,A
5154,ThermoMPNN,2ITN,0.0,266,R,R,F:\GENESIS Studio\genesis-studio\packages\engines-py\.pdb_cache\2ITN,A
5155,ThermoMPNN,2ITN,0.039455533027648926,266,R,S,F:\GENESIS Studio\genesis-studio\packages\engines-py\.pdb_cache\2ITN,A
5156,ThermoMPNN,2ITN,0.5689617991447449,266,R,T,F:\GENESIS Studio\genesis-studio\packages\engines-py\.pdb_cache\2ITN,A
5157,ThermoMPNN,2ITN,0.5336316823959351,266,R,V,F:\GENESIS Studio\genesis-studio\packages\engines-py\.pdb_cache\2ITN,A
5158,ThermoMPNN,2ITN,0.1830112338066101,266,R,W,F:\GENESIS Studio\genesis-studio\packages\engines-py\.pdb_cache\2ITN,A
5159,ThermoMPNN,2ITN,0.22358500957489014,266,R,Y,F:\GENESIS Studio\genesis-studio\packages\engines-py\.pdb_cache\2ITN,A
5160,ThermoMPNN,2ITN,0.9572070837020874,267,E,A,F:\GENESIS Studio\genesis-studio\packages\engines-py\.pdb_cache\2ITN,A
5161,ThermoMPNN,2ITN,0.8553782105445862,267,E,C,F:\GENESIS Studio\genesis-studio\packages\engines-py\.pdb_cache\2ITN,A
5162,ThermoMPNN,2ITN,0.34754037857055664,267,E,D,F:\GENESIS Studio\genesis-studio\packages\engines-py\.pdb_cache\2ITN,A
5163,ThermoMPNN,2ITN,0.0,267,E,E,F:\GENESIS Studio\genesis-studio\packages\engines-py\.pdb_cache\2ITN,A
5164,ThermoMPNN,2ITN,1.497606873512268,267,E,F,F:\GENESIS Studio\genesis-studio\packages\engines-py\.pdb_cache\2ITN,A
5165,ThermoMPNN,2ITN,1.826002836227417,267,E,G,F:\GENESIS Studio\genesis-studio\packages\engines-py\.pdb_cache\2ITN,A
5166,ThermoMPNN,2ITN,1.2660692930221558,267,E,H,F:\GENESIS Studio\genesis-studio\packages\engines-py\.pdb_cache\2ITN,A
5167,ThermoMPNN,2ITN,1.1293425559997559,267,E,I,F:\GENESIS Studio\genesis-studio\packages\engines-py\.pdb_cache\2ITN,A
5168,ThermoMPNN,2ITN,1.4556995630264282,267,E,K,F:\GENESIS Studio\genesis-studio\packages\engines-py\.pdb_cache\2ITN,A
5169,ThermoMPNN,2ITN,0.8672062754631042,267,E,L,F:\GENESIS Studio\genesis-studio\packages\engines-py\.pdb_cache\2ITN,A
5170,ThermoMPNN,2ITN,0.9284895062446594,267,E,M,F:\GENESIS Studio\genesis-studio\packages\engines-py\.pdb_cache\2ITN,A
5171,ThermoMPNN,2ITN,1.1934640407562256,267,E,N,F:\GENESIS Studio\genesis-studio\packages\engines-py\.pdb_cache\2ITN,A
5172,ThermoMPNN,2ITN,2.6979739665985107,267,E,P,F:\GENESIS Studio\genesis-studio\packages\engines-py\.pdb_cache\2ITN,A
5173,ThermoMPNN,2ITN,0.5214918851852417,267,E,Q,F:\GENESIS Studio\genesis-studio\packages\engines-py\.pdb_cache\2ITN,A
5174,ThermoMPNN,2ITN,1.5161912441253662,267,E,R,F:\GENESIS Studio\genesis-studio\packages\engines-py\.pdb_cache\2ITN,A
5175,ThermoMPNN,2ITN,1.060730218887329,267,E,S,F:\GENESIS Studio\genesis-studio\packages\engines-py\.pdb_cache\2ITN,A
5176,ThermoMPNN,2ITN,0.9384694695472717,267,E,T,F:\GENESIS Studio\genesis-studio\packages\engines-py\.pdb_cache\2ITN,A
5177,ThermoMPNN,2ITN,1.1018821001052856,267,E,V,F:\GENESIS Studio\genesis-studio\packages\engines-py\.pdb_cache\2ITN,A
5178,ThermoMPNN,2ITN,1.1115331649780273,267,E,W,F:\GENESIS Studio\genesis-studio\packages\engines-py\.pdb_cache\2ITN,A
5179,ThermoMPNN,2ITN,1.3945753574371338,267,E,Y,F:\GENESIS Studio\genesis-studio\packages\engines-py\.pdb_cache\2ITN,A
5180,ThermoMPNN,2ITN,2.615689277648926,268,L,A,F:\GENESIS Studio\genesis-studio\packages\engines-py\.pdb_cache\2ITN,A
5181,ThermoMPNN,2ITN,1.7196131944656372,268,L,C,F:\GENESIS Studio\genesis-studio\packages\engines-py\.pdb_cache\2ITN,A
5182,ThermoMPNN,2ITN,3.8648152351379395,268,L,D,F:\GENESIS Studio\genesis-studio\packages\engines-py\.pdb_cache\2ITN,A
5183,ThermoMPNN,2ITN,3.5052366256713867,268,L,E,F:\GENESIS Studio\genesis-studio\packages\engines-py\.pdb_cache\2ITN,A
5184,ThermoMPNN,2ITN,2.0431969165802,268,L,F,F:\GENESIS Studio\genesis-studio\packages\engines-py\.pdb_cache\2ITN,A
5185,ThermoMPNN,2ITN,3.2212636470794678,268,L,G,F:\GENESIS Studio\genesis-studio\packages\engines-py\.pdb_cache\2ITN,A
5186,ThermoMPNN,2ITN,3.4056830406188965,268,L,H,F:\GENESIS Studio\genesis-studio\packages\engines-py\.pdb_cache\2ITN,A
5187,ThermoMPNN,2ITN,1.0369768142700195,268,L,I,F:\GENESIS Studio\genesis-studio\packages\engines-py\.pdb_cache\2ITN,A
5188,ThermoMPNN,2ITN,3.1777238845825195,268,L,K,F:\GENESIS Studio\genesis-studio\packages\engines-py\.pdb_cache\2ITN,A
5189,ThermoMPNN,2ITN,0.0,268,L,L,F:\GENESIS Studio\genesis-studio\packages\engines-py\.pdb_cache\2ITN,A
5190,ThermoMPNN,2ITN,1.274733304977417,268,L,M,F:\GENESIS Studio\genesis-studio\packages\engines-py\.pdb_cache\2ITN,A
5191,ThermoMPNN,2ITN,3.4662787914276123,268,L,N,F:\GENESIS Studio\genesis-studio\packages\engines-py\.pdb_cache\2ITN,A
5192,ThermoMPNN,2ITN,3.8535478115081787,268,L,P,F:\GENESIS Studio\genesis-studio\packages\engines-py\.pdb_cache\2ITN,A
5193,ThermoMPNN,2ITN,3.376833200454712,268,L,Q,F:\GENESIS Studio\genesis-studio\packages\engines-py\.pdb_cache\2ITN,A
5194,ThermoMPNN,2ITN,3.130643606185913,268,L,R,F:\GENESIS Studio\genesis-studio\packages\engines-py\.pdb_cache\2ITN,A
5195,ThermoMPNN,2ITN,3.24575138092041,268,L,S,F:\GENESIS Studio\genesis-studio\packages\engines-py\.pdb_cache\2ITN,A
5196,ThermoMPNN,2ITN,2.960575580596924,268,L,T,F:\GENESIS Studio\genesis-studio\packages\engines-py\.pdb_cache\2ITN,A
5197,ThermoMPNN,2ITN,1.5072683095932007,268,L,V,F:\GENESIS Studio\genesis-studio\packages\engines-py\.pdb_cache\2ITN,A
5198,ThermoMPNN,2ITN,2.5133938789367676,268,L,W,F:\GENESIS Studio\genesis-studio\packages\engines-py\.pdb_cache\2ITN,A
5199,ThermoMPNN,2ITN,2.5447843074798584,268,L,Y,F:\GENESIS Studio\genesis-studio\packages\engines-py\.pdb_cache\2ITN,A
5200,ThermoMPNN,2ITN,1.2492091655731201,269,I,A,F:\GENESIS Studio\genesis-studio\packages\engines-py\.pdb_cache\2ITN,A
5201,ThermoMPNN,2ITN,0.6483985185623169,269,I,C,F:\GENESIS Studio\genesis-studio\packages\engines-py\.pdb_cache\2ITN,A
5202,ThermoMPNN,2ITN,1.8224995136260986,269,I,D,F:\GENESIS Studio\genesis-studio\packages\engines-py\.pdb_cache\2ITN,A
5203,ThermoMPNN,2ITN,1.2049403190612793,269,I,E,F:\GENESIS Studio\genesis-studio\packages\engines-py\.pdb_cache\2ITN,A
5204,ThermoMPNN,2ITN,1.0921802520751953,269,I,F,F:\GENESIS Studio\genesis-studio\packages\engines-py\.pdb_cache\2ITN,A
5205,ThermoMPNN,2ITN,1.8676235675811768,269,I,G,F:\GENESIS Studio\genesis-studio\packages\engines-py\.pdb_cache\2ITN,A
5206,ThermoMPNN,2ITN,1.426665186882019,269,I,H,F:\GENESIS Studio\genesis-studio\packages\engines-py\.pdb_cache\2ITN,A
5207,ThermoMPNN,2ITN,0.0,269,I,I,F:\GENESIS Studio\genesis-studio\packages\engines-py\.pdb_cache\2ITN,A
5208,ThermoMPNN,2ITN,1.4856979846954346,269,I,K,F:\GENESIS Studio\genesis-studio\packages\engines-py\.pdb_cache\2ITN,A
5209,ThermoMPNN,2ITN,0.5659877061843872,269,I,L,F:\GENESIS Studio\genesis-studio\packages\engines-py\.pdb_cache\2ITN,A
5210,ThermoMPNN,2ITN,0.7467700242996216,269,I,M,F:\GENESIS Studio\genesis-studio\packages\engines-py\.pdb_cache\2ITN,A
5211,ThermoMPNN,2ITN,1.7822937965393066,269,I,N,F:\GENESIS Studio\genesis-studio\packages\engines-py\.pdb_cache\2ITN,A
5212,ThermoMPNN,2ITN,2.2467381954193115,269,I,P,F:\GENESIS Studio\genesis-studio\packages\engines-py\.pdb_cache\2ITN,A
5213,ThermoMPNN,2ITN,1.2927359342575073,269,I,Q,F:\GENESIS Studio\genesis-studio\packages\engines-py\.pdb_cache\2ITN,A
5214,ThermoMPNN,2ITN,1.5102120637893677,269,I,R,F:\GENESIS Studio\genesis-studio\packages\engines-py\.pdb_cache\2ITN,A
5215,ThermoMPNN,2ITN,1.5421830415725708,269,I,S,F:\GENESIS Studio\genesis-studio\packages\engines-py\.pdb_cache\2ITN,A
5216,ThermoMPNN,2ITN,1.1217753887176514,269,I,T,F:\GENESIS Studio\genesis-studio\packages\engines-py\.pdb_cache\2ITN,A
5217,ThermoMPNN,2ITN,0.06369900703430176,269,I,V,F:\GENESIS Studio\genesis-studio\packages\engines-py\.pdb_cache\2ITN,A
5218,ThermoMPNN,2ITN,1.167212963104248,269,I,W,F:\GENESIS Studio\genesis-studio\packages\engines-py\.pdb_cache\2ITN,A
5219,ThermoMPNN,2ITN,1.2550252676010132,269,I,Y,F:\GENESIS Studio\genesis-studio\packages\engines-py\.pdb_cache\2ITN,A
5220,ThermoMPNN,2ITN,0.2013707160949707,270,I,A,F:\GENESIS Studio\genesis-studio\packages\engines-py\.pdb_cache\2ITN,A
5221,ThermoMPNN,2ITN,-0.05631911754608154,270,I,C,F:\GENESIS Studio\genesis-studio\packages\engines-py\.pdb_cache\2ITN,A
5222,ThermoMPNN,2ITN,0.277172327041626,270,I,D,F:\GENESIS Studio\genesis-studio\packages\engines-py\.pdb_cache\2ITN,A
5223,ThermoMPNN,2ITN,0.09222805500030518,270,I,E,F:\GENESIS Studio\genesis-studio\packages\engines-py\.pdb_cache\2ITN,A
5224,ThermoMPNN,2ITN,0.15944409370422363,270,I,F,F:\GENESIS Studio\genesis-studio\packages\engines-py\.pdb_cache\2ITN,A
5225,ThermoMPNN,2ITN,0.784598171710968,270,I,G,F:\GENESIS Studio\genesis-studio\packages\engines-py\.pdb_cache\2ITN,A
5226,ThermoMPNN,2ITN,0.34153974056243896,270,I,H,F:\GENESIS Studio\genesis-studio\packages\engines-py\.pdb_cache\2ITN,A
5227,ThermoMPNN,2ITN,0.0,270,I,I,F:\GENESIS Studio\genesis-studio\packages\engines-py\.pdb_cache\2ITN,A
5228,ThermoMPNN,2ITN,0.2772323489189148,270,I,K,F:\GENESIS Studio\genesis-studio\packages\engines-py\.pdb_cache\2ITN,A
5229,ThermoMPNN,2ITN,0.0005011558532714844,270,I,L,F:\GENESIS Studio\genesis-studio\packages\engines-py\.pdb_cache\2ITN,A
5230,ThermoMPNN,2ITN,0.08587467670440674,270,I,M,F:\GENESIS Studio\genesis-studio\packages\engines-py\.pdb_cache\2ITN,A
5231,ThermoMPNN,2ITN,0.4320846199989319,270,I,N,F:\GENESIS Studio\genesis-studio\packages\engines-py\.pdb_cache\2ITN,A
5232,ThermoMPNN,2ITN,2.2176599502563477,270,I,P,F:\GENESIS Studio\genesis-studio\packages\engines-py\.pdb_cache\2ITN,A
5233,ThermoMPNN,2ITN,0.2321871519088745,270,I,Q,F:\GENESIS Studio\genesis-studio\packages\engines-py\.pdb_cache\2ITN,A
5234,ThermoMPNN,2ITN,0.13047564029693604,270,I,R,F:\GENESIS Studio\genesis-studio\packages\engines-py\.pdb_cache\2ITN,A
5235,ThermoMPNN,2ITN,0.3902930021286011,270,I,S,F:\GENESIS Studio\genesis-studio\packages\engines-py\.pdb_cache\2ITN,A
5236,ThermoMPNN,2ITN,0.32775813341140747,270,I,T,F:\GENESIS Studio\genesis-studio\packages\engines-py\.pdb_cache\2ITN,A
5237,ThermoMPNN,2ITN,0.16573524475097656,270,I,V,F:\GENESIS Studio\genesis-studio\packages\engines-py\.pdb_cache\2ITN,A
5238,ThermoMPNN,2ITN,0.16075670719146729,270,I,W,F:\GENESIS Studio\genesis-studio\packages\engines-py\.pdb_cache\2ITN,A
5239,ThermoMPNN,2ITN,0.1589464545249939,270,I,Y,F:\GENESIS Studio\genesis-studio\packages\engines-py\.pdb_cache\2ITN,A
5240,ThermoMPNN,2ITN,0.14432990550994873,271,E,A,F:\GENESIS Studio\genesis-studio\packages\engines-py\.pdb_cache\2ITN,A
5241,ThermoMPNN,2ITN,-0.28885072469711304,271,E,C,F:\GENESIS Studio\genesis-studio\packages\engines-py\.pdb_cache\2ITN,A
5242,ThermoMPNN,2ITN,0.7906302809715271,271,E,D,F:\GENESIS Studio\genesis-studio\packages\engines-py\.pdb_cache\2ITN,A
5243,ThermoMPNN,2ITN,0.0,271,E,E,F:\GENESIS Studio\genesis-studio\packages\engines-py\.pdb_cache\2ITN,A
5244,ThermoMPNN,2ITN,-0.12124603986740112,271,E,F,F:\GENESIS Studio\genesis-studio\packages\engines-py\.pdb_cache\2ITN,A
5245,ThermoMPNN,2ITN,0.9587751626968384,271,E,G,F:\GENESIS Studio\genesis-studio\packages\engines-py\.pdb_cache\2ITN,A
5246,ThermoMPNN,2ITN,0.1870342493057251,271,E,H,F:\GENESIS Studio\genesis-studio\packages\engines-py\.pdb_cache\2ITN,A
5247,ThermoMPNN,2ITN,-0.35246461629867554,271,E,I,F:\GENESIS Studio\genesis-studio\packages\engines-py\.pdb_cache\2ITN,A
5248,ThermoMPNN,2ITN,0.324238121509552,271,E,K,F:\GENESIS Studio\genesis-studio\packages\engines-py\.pdb_cache\2ITN,A
5249,ThermoMPNN,2ITN,-0.3587431311607361,271,E,L,F:\GENESIS Studio\genesis-studio\packages\engines-py\.pdb_cache\2ITN,A
5250,ThermoMPNN,2ITN,-0.2637740969657898,271,E,M,F:\GENESIS Studio\genesis-studio\packages\engines-py\.pdb_cache\2ITN,A
5251,ThermoMPNN,2ITN,0.6504940986633301,271,E,N,F:\GENESIS Studio\genesis-studio\packages\engines-py\.pdb_cache\2ITN,A
5252,ThermoMPNN,2ITN,1.9376752376556396,271,E,P,F:\GENESIS Studio\genesis-studio\packages\engines-py\.pdb_cache\2ITN,A
5253,ThermoMPNN,2ITN,0.07582741975784302,271,E,Q,F:\GENESIS Studio\genesis-studio\packages\engines-py\.pdb_cache\2ITN,A
5254,ThermoMPNN,2ITN,0.28151100873947144,271,E,R,F:\GENESIS Studio\genesis-studio\packages\engines-py\.pdb_cache\2ITN,A
5255,ThermoMPNN,2ITN,0.3918558955192566,271,E,S,F:\GENESIS Studio\genesis-studio\packages\engines-py\.pdb_cache\2ITN,A
5256,ThermoMPNN,2ITN,0.12600958347320557,271,E,T,F:\GENESIS Studio\genesis-studio\packages\engines-py\.pdb_cache\2ITN,A
5257,ThermoMPNN,2ITN,-0.2127280831336975,271,E,V,F:\GENESIS Studio\genesis-studio\packages\engines-py\.pdb_cache\2ITN,A
5258,ThermoMPNN,2ITN,-0.3470380902290344,271,E,W,F:\GENESIS Studio\genesis-studio\packages\engines-py\.pdb_cache\2ITN,A
5259,ThermoMPNN,2ITN,-0.33266812562942505,271,E,Y,F:\GENESIS Studio\genesis-studio\packages\engines-py\.pdb_cache\2ITN,A
5260,ThermoMPNN,2ITN,2.4053521156311035,272,F,A,F:\GENESIS Studio\genesis-studio\packages\engines-py\.pdb_cache\2ITN,A
5261,ThermoMPNN,2ITN,1.5013152360916138,272,F,C,F:\GENESIS Studio\genesis-studio\packages\engines-py\.pdb_cache\2ITN,A
5262,ThermoMPNN,2ITN,2.806964874267578,272,F,D,F:\GENESIS Studio\genesis-studio\packages\engines-py\.pdb_cache\2ITN,A
5263,ThermoMPNN,2ITN,2.8611021041870117,272,F,E,F:\GENESIS Studio\genesis-studio\packages\engines-py\.pdb_cache\2ITN,A
5264,ThermoMPNN,2ITN,0.0,272,F,F,F:\GENESIS Studio\genesis-studio\packages\engines-py\.pdb_cache\2ITN,A
5265,ThermoMPNN,2ITN,2.3982601165771484,272,F,G,F:\GENESIS Studio\genesis-studio\packages\engines-py\.pdb_cache\2ITN,A
5266,ThermoMPNN,2ITN,2.671880006790161,272,F,H,F:\GENESIS Studio\genesis-studio\packages\engines-py\.pdb_cache\2ITN,A
5267,ThermoMPNN,2ITN,1.508514642715454,272,F,I,F:\GENESIS Studio\genesis-studio\packages\engines-py\.pdb_cache\2ITN,A
5268,ThermoMPNN,2ITN,2.5400595664978027,272,F,K,F:\GENESIS Studio\genesis-studio\packages\engines-py\.pdb_cache\2ITN,A
5269,ThermoMPNN,2ITN,1.208380937576294,272,F,L,F:\GENESIS Studio\genesis-studio\packages\engines-py\.pdb_cache\2ITN,A
5270,ThermoMPNN,2ITN,1.4537347555160522,272,F,M,F:\GENESIS Studio\genesis-studio\packages\engines-py\.pdb_cache\2ITN,A
5271,ThermoMPNN,2ITN,2.5749425888061523,272,F,N,F:\GENESIS Studio\genesis-studio\packages\engines-py\.pdb_cache\2ITN,A
5272,ThermoMPNN,2ITN,2.4681217670440674,272,F,P,F:\GENESIS Studio\genesis-studio\packages\engines-py\.pdb_cache\2ITN,A
5273,ThermoMPNN,2ITN,2.743805408477783,272,F,Q,F:\GENESIS Studio\genesis-studio\packages\engines-py\.pdb_cache\2ITN,A
5274,ThermoMPNN,2ITN,2.494736671447754,272,F,R,F:\GENESIS Studio\genesis-studio\packages\engines-py\.pdb_cache\2ITN,A
5275,ThermoMPNN,2ITN,2.5384833812713623,272,F,S,F:\GENESIS Studio\genesis-studio\packages\engines-py\.pdb_cache\2ITN,A
5276,ThermoMPNN,2ITN,2.331575393676758,272,F,T,F:\GENESIS Studio\genesis-studio\packages\engines-py\.pdb_cache\2ITN,A
5277,ThermoMPNN,2ITN,1.6588361263275146,272,F,V,F:\GENESIS Studio\genesis-studio\packages\engines-py\.pdb_cache\2ITN,A
5278,ThermoMPNN,2ITN,1.4665722846984863,272,F,W,F:\GENESIS Studio\genesis-studio\packages\engines-py\.pdb_cache\2ITN,A
5279,ThermoMPNN,2ITN,1.5025213956832886,272,F,Y,F:\GENESIS Studio\genesis-studio\packages\engines-py\.pdb_cache\2ITN,A
5280,ThermoMPNN,2ITN,0.18930590152740479,273,S,A,F:\GENESIS Studio\genesis-studio\packages\engines-py\.pdb_cache\2ITN,A
5281,ThermoMPNN,2ITN,-0.11965513229370117,273,S,C,F:\GENESIS Studio\genesis-studio\packages\engines-py\.pdb_cache\2ITN,A
5282,ThermoMPNN,2ITN,0.6217762231826782,273,S,D,F:\GENESIS Studio\genesis-studio\packages\engines-py\.pdb_cache\2ITN,A
5283,ThermoMPNN,2ITN,0.08427298069000244,273,S,E,F:\GENESIS Studio\genesis-studio\packages\engines-py\.pdb_cache\2ITN,A
5284,ThermoMPNN,2ITN,0.3265712261199951,273,S,F,F:\GENESIS Studio\genesis-studio\packages\engines-py\.pdb_cache\2ITN,A
5285,ThermoMPNN,2ITN,0.8403591513633728,273,S,G,F:\GENESIS Studio\genesis-studio\packages\engines-py\.pdb_cache\2ITN,A
5286,ThermoMPNN,2ITN,0.5191839933395386,273,S,H,F:\GENESIS Studio\genesis-studio\packages\engines-py\.pdb_cache\2ITN,A
5287,ThermoMPNN,2ITN,0.5424952507019043,273,S,I,F:\GENESIS Studio\genesis-studio\packages\engines-py\.pdb_cache\2ITN,A
5288,ThermoMPNN,2ITN,0.5364126563072205,273,S,K,F:\GENESIS Studio\genesis-studio\packages\engines-py\.pdb_cache\2ITN,A
5289,ThermoMPNN,2ITN,0.3302884101867676,273,S,L,F:\GENESIS Studio\genesis-studio\packages\engines-py\.pdb_cache\2ITN,A
5290,ThermoMPNN,2ITN,0.12689340114593506,273,S,M,F:\GENESIS Studio\genesis-studio\packages\engines-py\.pdb_cache\2ITN,A
5291,ThermoMPNN,2ITN,0.7448761463165283,273,S,N,F:\GENESIS Studio\genesis-studio\packages\engines-py\.pdb_cache\2ITN,A
5292,ThermoMPNN,2ITN,2.8382296562194824,273,S,P,F:\GENESIS Studio\genesis-studio\packages\engines-py\.pdb_cache\2ITN,A
5293,ThermoMPNN,2ITN,0.15520834922790527,273,S,Q,F:\GENESIS Studio\genesis-studio\packages\engines-py\.pdb_cache\2ITN,A
5294,ThermoMPNN,2ITN,0.5907172560691833,273,S,R,F:\GENESIS Studio\genesis-studio\packages\engines-py\.pdb_cache\2ITN,A
5295,ThermoMPNN,2ITN,0.0,273,S,S,F:\GENESIS Studio\genesis-studio\packages\engines-py\.pdb_cache\2ITN,A
5296,ThermoMPNN,2ITN,0.2936531901359558,273,S,T,F:\GENESIS Studio\genesis-studio\packages\engines-py\.pdb_cache\2ITN,A
5297,ThermoMPNN,2ITN,0.5873520374298096,273,S,V,F:\GENESIS Studio\genesis-studio\packages\engines-py\.pdb_cache\2ITN,A
5298,ThermoMPNN,2ITN,0.1367635726928711,273,S,W,F:\GENESIS Studio\genesis-studio\packages\engines-py\.pdb_cache\2ITN,A
5299,ThermoMPNN,2ITN,0.40648627281188965,273,S,Y,F:\GENESIS Studio\genesis-studio\packages\engines-py\.pdb_cache\2ITN,A
5300,ThermoMPNN,2ITN,0.14648425579071045,274,K,A,F:\GENESIS Studio\genesis-studio\packages\engines-py\.pdb_cache\2ITN,A
5301,ThermoMPNN,2ITN,-0.005600571632385254,274,K,C,F:\GENESIS Studio\genesis-studio\packages\engines-py\.pdb_cache\2ITN,A
5302,ThermoMPNN,2ITN,0.6711430549621582,274,K,D,F:\GENESIS Studio\genesis-studio\packages\engines-py\.pdb_cache\2ITN,A
5303,ThermoMPNN,2ITN,0.19783443212509155,274,K,E,F:\GENESIS Studio\genesis-studio\packages\engines-py\.pdb_cache\2ITN,A
5304,ThermoMPNN,2ITN,0.28530430793762207,274,K,F,F:\GENESIS Studio\genesis-studio\packages\engines-py\.pdb_cache\2ITN,A
5305,ThermoMPNN,2ITN,0.8027493953704834,274,K,G,F:\GENESIS Studio\genesis-studio\packages\engines-py\.pdb_cache\2ITN,A
5306,ThermoMPNN,2ITN,0.32248806953430176,274,K,H,F:\GENESIS Studio\genesis-studio\packages\engines-py\.pdb_cache\2ITN,A
5307,ThermoMPNN,2ITN,0.23318153619766235,274,K,I,F:\GENESIS Studio\genesis-studio\packages\engines-py\.pdb_cache\2ITN,A
5308,ThermoMPNN,2ITN,0.0,274,K,K,F:\GENESIS Studio\genesis-studio\packages\engines-py\.pdb_cache\2ITN,A
5309,ThermoMPNN,2ITN,0.09852027893066406,274,K,L,F:\GENESIS Studio\genesis-studio\packages\engines-py\.pdb_cache\2ITN,A
5310,ThermoMPNN,2ITN,0.12446510791778564,274,K,M,F:\GENESIS Studio\genesis-studio\packages\engines-py\.pdb_cache\2ITN,A
5311,ThermoMPNN,2ITN,0.41184401512145996,274,K,N,F:\GENESIS Studio\genesis-studio\packages\engines-py\.pdb_cache\2ITN,A
5312,ThermoMPNN,2ITN,2.5653276443481445,274,K,P,F:\GENESIS Studio\genesis-studio\packages\engines-py\.pdb_cache\2ITN,A
5313,ThermoMPNN,2ITN,0.12773078680038452,274,K,Q,F:\GENESIS Studio\genesis-studio\packages\engines-py\.pdb_cache\2ITN,A
5314,ThermoMPNN,2ITN,-0.03522181510925293,274,K,R,F:\GENESIS Studio\genesis-studio\packages\engines-py\.pdb_cache\2ITN,A
5315,ThermoMPNN,2ITN,0.44099509716033936,274,K,S,F:\GENESIS Studio\genesis-studio\packages\engines-py\.pdb_cache\2ITN,A
5316,ThermoMPNN,2ITN,0.4072943329811096,274,K,T,F:\GENESIS Studio\genesis-studio\packages\engines-py\.pdb_cache\2ITN,A
5317,ThermoMPNN,2ITN,0.34393173456192017,274,K,V,F:\GENESIS Studio\genesis-studio\packages\engines-py\.pdb_cache\2ITN,A
5318,ThermoMPNN,2ITN,0.29890716075897217,274,K,W,F:\GENESIS Studio\genesis-studio\packages\engines-py\.pdb_cache\2ITN,A
5319,ThermoMPNN,2ITN,0.25175273418426514,274,K,Y,F:\GENESIS Studio\genesis-studio\packages\engines-py\.pdb_cache\2ITN,A
5320,ThermoMPNN,2ITN,1.5634039640426636,275,M,A,F:\GENESIS Studio\genesis-studio\packages\engines-py\.pdb_cache\2ITN,A
5321,ThermoMPNN,2ITN,1.1998780965805054,275,M,C,F:\GENESIS Studio\genesis-studio\packages\engines-py\.pdb_cache\2ITN,A
5322,ThermoMPNN,2ITN,2.665926218032837,275,M,D,F:\GENESIS Studio\genesis-studio\packages\engines-py\.pdb_cache\2ITN,A
5323,ThermoMPNN,2ITN,2.5487067699432373,275,M,E,F:\GENESIS Studio\genesis-studio\packages\engines-py\.pdb_cache\2ITN,A
5324,ThermoMPNN,2ITN,0.6121978759765625,275,M,F,F:\GENESIS Studio\genesis-studio\packages\engines-py\.pdb_cache\2ITN,A
5325,ThermoMPNN,2ITN,2.3379015922546387,275,M,G,F:\GENESIS Studio\genesis-studio\packages\engines-py\.pdb_cache\2ITN,A
5326,ThermoMPNN,2ITN,1.9166165590286255,275,M,H,F:\GENESIS Studio\genesis-studio\packages\engines-py\.pdb_cache\2ITN,A
5327,ThermoMPNN,2ITN,1.2273974418640137,275,M,I,F:\GENESIS Studio\genesis-studio\packages\engines-py\.pdb_cache\2ITN,A
5328,ThermoMPNN,2ITN,2.6352341175079346,275,M,K,F:\GENESIS Studio\genesis-studio\packages\engines-py\.pdb_cache\2ITN,A
5329,ThermoMPNN,2ITN,0.31331801414489746,275,M,L,F:\GENESIS Studio\genesis-studio\packages\engines-py\.pdb_cache\2ITN,A
5330,ThermoMPNN,2ITN,0.0,275,M,M,F:\GENESIS Studio\genesis-studio\packages\engines-py\.pdb_cache\2ITN,A
5331,ThermoMPNN,2ITN,2.5298826694488525,275,M,N,F:\GENESIS Studio\genesis-studio\packages\engines-py\.pdb_cache\2ITN,A
5332,ThermoMPNN,2ITN,2.8480403423309326,275,M,P,F:\GENESIS Studio\genesis-studio\packages\engines-py\.pdb_cache\2ITN,A
5333,ThermoMPNN,2ITN,1.9315162897109985,275,M,Q,F:\GENESIS Studio\genesis-studio\packages\engines-py\.pdb_cache\2ITN,A
5334,ThermoMPNN,2ITN,2.3638408184051514,275,M,R,F:\GENESIS Studio\genesis-studio\packages\engines-py\.pdb_cache\2ITN,A
5335,ThermoMPNN,2ITN,2.465250015258789,275,M,S,F:\GENESIS Studio\genesis-studio\packages\engines-py\.pdb_cache\2ITN,A
5336,ThermoMPNN,2ITN,2.6240973472595215,275,M,T,F:\GENESIS Studio\genesis-studio\packages\engines-py\.pdb_cache\2ITN,A
5337,ThermoMPNN,2ITN,2.084249496459961,275,M,V,F:\GENESIS Studio\genesis-studio\packages\engines-py\.pdb_cache\2ITN,A
5338,ThermoMPNN,2ITN,1.1753817796707153,275,M,W,F:\GENESIS Studio\genesis-studio\packages\engines-py\.pdb_cache\2ITN,A
5339,ThermoMPNN,2ITN,0.8969491720199585,275,M,Y,F:\GENESIS Studio\genesis-studio\packages\engines-py\.pdb_cache\2ITN,A
5340,ThermoMPNN,2ITN,0.0,276,A,A,F:\GENESIS Studio\genesis-studio\packages\engines-py\.pdb_cache\2ITN,A
5341,ThermoMPNN,2ITN,0.008002161979675293,276,A,C,F:\GENESIS Studio\genesis-studio\packages\engines-py\.pdb_cache\2ITN,A
5342,ThermoMPNN,2ITN,1.3795139789581299,276,A,D,F:\GENESIS Studio\genesis-studio\packages\engines-py\.pdb_cache\2ITN,A
5343,ThermoMPNN,2ITN,0.8072919249534607,276,A,E,F:\GENESIS Studio\genesis-studio\packages\engines-py\.pdb_cache\2ITN,A
5344,ThermoMPNN,2ITN,0.2605593800544739,276,A,F,F:\GENESIS Studio\genesis-studio\packages\engines-py\.pdb_cache\2ITN,A
5345,ThermoMPNN,2ITN,1.0212974548339844,276,A,G,F:\GENESIS Studio\genesis-studio\packages\engines-py\.pdb_cache\2ITN,A
5346,ThermoMPNN,2ITN,0.4677298069000244,276,A,H,F:\GENESIS Studio\genesis-studio\packages\engines-py\.pdb_cache\2ITN,A
5347,ThermoMPNN,2ITN,0.20164638757705688,276,A,I,F:\GENESIS Studio\genesis-studio\packages\engines-py\.pdb_cache\2ITN,A
5348,ThermoMPNN,2ITN,0.4506312608718872,276,A,K,F:\GENESIS Studio\genesis-studio\packages\engines-py\.pdb_cache\2ITN,A
5349,ThermoMPNN,2ITN,-0.14845490455627441,276,A,L,F:\GENESIS Studio\genesis-studio\packages\engines-py\.pdb_cache\2ITN,A
5350,ThermoMPNN,2ITN,-0.05098080635070801,276,A,M,F:\GENESIS Studio\genesis-studio\packages\engines-py\.pdb_cache\2ITN,A
5351,ThermoMPNN,2ITN,0.8464901447296143,276,A,N,F:\GENESIS Studio\genesis-studio\packages\engines-py\.pdb_cache\2ITN,A
5352,ThermoMPNN,2ITN,1.8590762615203857,276,A,P,F:\GENESIS Studio\genesis-studio\packages\engines-py\.pdb_cache\2ITN,A
5353,ThermoMPNN,2ITN,0.5098299384117126,276,A,Q,F:\GENESIS Studio\genesis-studio\packages\engines-py\.pdb_cache\2ITN,A
5354,ThermoMPNN,2ITN,0.4357961416244507,276,A,R,F:\GENESIS Studio\genesis-studio\packages\engines-py\.pdb_cache\2ITN,A
5355,ThermoMPNN,2ITN,0.45472460985183716,276,A,S,F:\GENESIS Studio\genesis-studio\packages\engines-py\.pdb_cache\2ITN,A
5356,ThermoMPNN,2ITN,0.6382424235343933,276,A,T,F:\GENESIS Studio\genesis-studio\packages\engines-py\.pdb_cache\2ITN,A
5357,ThermoMPNN,2ITN,0.21283376216888428,276,A,V,F:\GENESIS Studio\genesis-studio\packages\engines-py\.pdb_cache\2ITN,A
5358,ThermoMPNN,2ITN,0.20213967561721802,276,A,W,F:\GENESIS Studio\genesis-studio\packages\engines-py\.pdb_cache\2ITN,A
5359,ThermoMPNN,2ITN,0.17530524730682373,276,A,Y,F:\GENESIS Studio\genesis-studio\packages\engines-py\.pdb_cache\2ITN,A
5360,ThermoMPNN,2ITN,-0.02685755491256714,277,R,A,F:\GENESIS Studio\genesis-studio\packages\engines-py\.pdb_cache\2ITN,A
5361,ThermoMPNN,2ITN,-0.02464151382446289,277,R,C,F:\GENESIS Studio\genesis-studio\packages\engines-py\.pdb_cache\2ITN,A
5362,ThermoMPNN,2ITN,0.17581331729888916,277,R,D,F:\GENESIS Studio\genesis-studio\packages\engines-py\.pdb_cache\2ITN,A
5363,ThermoMPNN,2ITN,-0.02475076913833618,277,R,E,F:\GENESIS Studio\genesis-studio\packages\engines-py\.pdb_cache\2ITN,A
5364,ThermoMPNN,2ITN,0.3572903871536255,277,R,F,F:\GENESIS Studio\genesis-studio\packages\engines-py\.pdb_cache\2ITN,A
5365,ThermoMPNN,2ITN,0.4404192566871643,277,R,G,F:\GENESIS Studio\genesis-studio\packages\engines-py\.pdb_cache\2ITN,A
5366,ThermoMPNN,2ITN,0.27477413415908813,277,R,H,F:\GENESIS Studio\genesis-studio\packages\engines-py\.pdb_cache\2ITN,A
5367,ThermoMPNN,2ITN,0.28969138860702515,277,R,I,F:\GENESIS Studio\genesis-studio\packages\engines-py\.pdb_cache\2ITN,A
5368,ThermoMPNN,2ITN,0.024111926555633545,277,R,K,F:\GENESIS Studio\genesis-studio\packages\engines-py\.pdb_cache\2ITN,A
5369,ThermoMPNN,2ITN,-0.06350886821746826,277,R,L,F:\GENESIS Studio\genesis-studio\packages\engines-py\.pdb_cache\2ITN,A
5370,ThermoMPNN,2ITN,0.08444160223007202,277,R,M,F:\GENESIS Studio\genesis-studio\packages\engines-py\.pdb_cache\2ITN,A
5371,ThermoMPNN,2ITN,0.1415155529975891,277,R,N,F:\GENESIS Studio\genesis-studio\packages\engines-py\.pdb_cache\2ITN,A
5372,ThermoMPNN,2ITN,1.7998154163360596,277,R,P,F:\GENESIS Studio\genesis-studio\packages\engines-py\.pdb_cache\2ITN,A
5373,ThermoMPNN,2ITN,0.05929321050643921,277,R,Q,F:\GENESIS Studio\genesis-studio\packages\engines-py\.pdb_cache\2ITN,A
5374,ThermoMPNN,2ITN,0.0,277,R,R,F:\GENESIS Studio\genesis-studio\packages\engines-py\.pdb_cache\2ITN,A
5375,ThermoMPNN,2ITN,0.2645353078842163,277,R,S,F:\GENESIS Studio\genesis-studio\packages\engines-py\.pdb_cache\2ITN,A
5376,ThermoMPNN,2ITN,0.2758129835128784,277,R,T,F:\GENESIS Studio\genesis-studio\packages\engines-py\.pdb_cache\2ITN,A
5377,ThermoMPNN,2ITN,0.3540393114089966,277,R,V,F:\GENESIS Studio\genesis-studio\packages\engines-py\.pdb_cache\2ITN,A
5378,ThermoMPNN,2ITN,0.5233797430992126,277,R,W,F:\GENESIS Studio\genesis-studio\packages\engines-py\.pdb_cache\2ITN,A
5379,ThermoMPNN,2ITN,0.47677233815193176,277,R,Y,F:\GENESIS Studio\genesis-studio\packages\engines-py\.pdb_cache\2ITN,A
5380,ThermoMPNN,2ITN,0.6281546950340271,278,D,A,F:\GENESIS Studio\genesis-studio\packages\engines-py\.pdb_cache\2ITN,A
5381,ThermoMPNN,2ITN,0.040245771408081055,278,D,C,F:\GENESIS Studio\genesis-studio\packages\engines-py\.pdb_cache\2ITN,A
5382,ThermoMPNN,2ITN,0.0,278,D,D,F:\GENESIS Studio\genesis-studio\packages\engines-py\.pdb_cache\2ITN,A
5383,ThermoMPNN,2ITN,0.43308210372924805,278,D,E,F:\GENESIS Studio\genesis-studio\packages\engines-py\.pdb_cache\2ITN,A
5384,ThermoMPNN,2ITN,0.4897928833961487,278,D,F,F:\GENESIS Studio\genesis-studio\packages\engines-py\.pdb_cache\2ITN,A
5385,ThermoMPNN,2ITN,0.8430851697921753,278,D,G,F:\GENESIS Studio\genesis-studio\packages\engines-py\.pdb_cache\2ITN,A
5386,ThermoMPNN,2ITN,0.4677368402481079,278,D,H,F:\GENESIS Studio\genesis-studio\packages\engines-py\.pdb_cache\2ITN,A
5387,ThermoMPNN,2ITN,1.116659164428711,278,D,I,F:\GENESIS Studio\genesis-studio\packages\engines-py\.pdb_cache\2ITN,A
5388,ThermoMPNN,2ITN,1.077592134475708,278,D,K,F:\GENESIS Studio\genesis-studio\packages\engines-py\.pdb_cache\2ITN,A
5389,ThermoMPNN,2ITN,0.9948043823242188,278,D,L,F:\GENESIS Studio\genesis-studio\packages\engines-py\.pdb_cache\2ITN,A
5390,ThermoMPNN,2ITN,0.8212039470672607,278,D,M,F:\GENESIS Studio\genesis-studio\packages\engines-py\.pdb_cache\2ITN,A
5391,ThermoMPNN,2ITN,0.3155142068862915,278,D,N,F:\GENESIS Studio\genesis-studio\packages\engines-py\.pdb_cache\2ITN,A
5392,ThermoMPNN,2ITN,1.8413941860198975,278,D,P,F:\GENESIS Studio\genesis-studio\packages\engines-py\.pdb_cache\2ITN,A
5393,ThermoMPNN,2ITN,0.7343575954437256,278,D,Q,F:\GENESIS Studio\genesis-studio\packages\engines-py\.pdb_cache\2ITN,A
5394,ThermoMPNN,2ITN,1.0739679336547852,278,D,R,F:\GENESIS Studio\genesis-studio\packages\engines-py\.pdb_cache\2ITN,A
5395,ThermoMPNN,2ITN,0.5088252425193787,278,D,S,F:\GENESIS Studio\genesis-studio\packages\engines-py\.pdb_cache\2ITN,A
5396,ThermoMPNN,2ITN,0.9202544689178467,278,D,T,F:\GENESIS Studio\genesis-studio\packages\engines-py\.pdb_cache\2ITN,A
5397,ThermoMPNN,2ITN,1.0966722965240479,278,D,V,F:\GENESIS Studio\genesis-studio\packages\engines-py\.pdb_cache\2ITN,A
5398,ThermoMPNN,2ITN,0.3555346727371216,278,D,W,F:\GENESIS Studio\genesis-studio\packages\engines-py\.pdb_cache\2ITN,A
5399,ThermoMPNN,2ITN,0.3979344964027405,278,D,Y,F:\GENESIS Studio\genesis-studio\packages\engines-py\.pdb_cache\2ITN,A
5400,ThermoMPNN,2ITN,1.1323575973510742,279,P,A,F:\GENESIS Studio\genesis-studio\packages\engines-py\.pdb_cache\2ITN,A
5401,ThermoMPNN,2ITN,0.9608690738677979,279,P,C,F:\GENESIS Studio\genesis-studio\packages\engines-py\.pdb_cache\2ITN,A
5402,ThermoMPNN,2ITN,2.0560569763183594,279,P,D,F:\GENESIS Studio\genesis-studio\packages\engines-py\.pdb_cache\2ITN,A
5403,ThermoMPNN,2ITN,2.050750732421875,279,P,E,F:\GENESIS Studio\genesis-studio\packages\engines-py\.pdb_cache\2ITN,A
5404,ThermoMPNN,2ITN,1.0719635486602783,279,P,F,F:\GENESIS Studio\genesis-studio\packages\engines-py\.pdb_cache\2ITN,A
5405,ThermoMPNN,2ITN,1.735776424407959,279,P,G,F:\GENESIS Studio\genesis-studio\packages\engines-py\.pdb_cache\2ITN,A
5406,ThermoMPNN,2ITN,1.2130019664764404,279,P,H,F:\GENESIS Studio\genesis-studio\packages\engines-py\.pdb_cache\2ITN,A
5407,ThermoMPNN,2ITN,1.3395147323608398,279,P,I,F:\GENESIS Studio\genesis-studio\packages\engines-py\.pdb_cache\2ITN,A
5408,ThermoMPNN,2ITN,1.5677626132965088,279,P,K,F:\GENESIS Studio\genesis-studio\packages\engines-py\.pdb_cache\2ITN,A
5409,ThermoMPNN,2ITN,1.394766092300415,279,P,L,F:\GENESIS Studio\genesis-studio\packages\engines-py\.pdb_cache\2ITN,A
5410,ThermoMPNN,2ITN,1.4277434349060059,279,P,M,F:\GENESIS Studio\genesis-studio\packages\engines-py\.pdb_cache\2ITN,A
5411,ThermoMPNN,2ITN,1.7370268106460571,279,P,N,F:\GENESIS Studio\genesis-studio\packages\engines-py\.pdb_cache\2ITN,A
5412,ThermoMPNN,2ITN,0.0,279,P,P,F:\GENESIS Studio\genesis-studio\packages\engines-py\.pdb_cache\2ITN,A
5413,ThermoMPNN,2ITN,1.6769129037857056,279,P,Q,F:\GENESIS Studio\genesis-studio\packages\engines-py\.pdb_cache\2ITN,A
5414,ThermoMPNN,2ITN,1.5602959394454956,279,P,R,F:\GENESIS Studio\genesis-studio\packages\engines-py\.pdb_cache\2ITN,A
5415,ThermoMPNN,2ITN,1.4625389575958252,279,P,S,F:\GENESIS Studio\genesis-studio\packages\engines-py\.pdb_cache\2ITN,A
5416,ThermoMPNN,2ITN,1.531032919883728,279,P,T,F:\GENESIS Studio\genesis-studio\packages\engines-py\.pdb_cache\2ITN,A
5417,ThermoMPNN,2ITN,1.3763904571533203,279,P,V,F:\GENESIS Studio\genesis-studio\packages\engines-py\.pdb_cache\2ITN,A
5418,ThermoMPNN,2ITN,0.9591006636619568,279,P,W,F:\GENESIS Studio\genesis-studio\packages\engines-py\.pdb_cache\2ITN,A
5419,ThermoMPNN,2ITN,0.7898526191711426,279,P,Y,F:\GENESIS Studio\genesis-studio\packages\engines-py\.pdb_cache\2ITN,A
5420,ThermoMPNN,2ITN,0.061279892921447754,280,Q,A,F:\GENESIS Studio\genesis-studio\packages\engines-py\.pdb_cache\2ITN,A
5421,ThermoMPNN,2ITN,0.1467524766921997,280,Q,C,F:\GENESIS Studio\genesis-studio\packages\engines-py\.pdb_cache\2ITN,A
5422,ThermoMPNN,2ITN,0.8750645518302917,280,Q,D,F:\GENESIS Studio\genesis-studio\packages\engines-py\.pdb_cache\2ITN,A
5423,ThermoMPNN,2ITN,0.5629923343658447,280,Q,E,F:\GENESIS Studio\genesis-studio\packages\engines-py\.pdb_cache\2ITN,A
5424,ThermoMPNN,2ITN,0.4884887933731079,280,Q,F,F:\GENESIS Studio\genesis-studio\packages\engines-py\.pdb_cache\2ITN,A
5425,ThermoMPNN,2ITN,0.26618319749832153,280,Q,G,F:\GENESIS Studio\genesis-studio\packages\engines-py\.pdb_cache\2ITN,A
5426,ThermoMPNN,2ITN,0.20847266912460327,280,Q,H,F:\GENESIS Studio\genesis-studio\packages\engines-py\.pdb_cache\2ITN,A
5427,ThermoMPNN,2ITN,0.2616282105445862,280,Q,I,F:\GENESIS Studio\genesis-studio\packages\engines-py\.pdb_cache\2ITN,A
5428,ThermoMPNN,2ITN,-0.4005018472671509,280,Q,K,F:\GENESIS Studio\genesis-studio\packages\engines-py\.pdb_cache\2ITN,A
5429,ThermoMPNN,2ITN,0.2912921905517578,280,Q,L,F:\GENESIS Studio\genesis-studio\packages\engines-py\.pdb_cache\2ITN,A
5430,ThermoMPNN,2ITN,0.3081313967704773,280,Q,M,F:\GENESIS Studio\genesis-studio\packages\engines-py\.pdb_cache\2ITN,A
5431,ThermoMPNN,2ITN,0.267767071723938,280,Q,N,F:\GENESIS Studio\genesis-studio\packages\engines-py\.pdb_cache\2ITN,A
5432,ThermoMPNN,2ITN,0.36471420526504517,280,Q,P,F:\GENESIS Studio\genesis-studio\packages\engines-py\.pdb_cache\2ITN,A
5433,ThermoMPNN,2ITN,0.0,280,Q,Q,F:\GENESIS Studio\genesis-studio\packages\engines-py\.pdb_cache\2ITN,A
5434,ThermoMPNN,2ITN,-0.2796943187713623,280,Q,R,F:\GENESIS Studio\genesis-studio\packages\engines-py\.pdb_cache\2ITN,A
5435,ThermoMPNN,2ITN,0.06539058685302734,280,Q,S,F:\GENESIS Studio\genesis-studio\packages\engines-py\.pdb_cache\2ITN,A
5436,ThermoMPNN,2ITN,-0.031097412109375,280,Q,T,F:\GENESIS Studio\genesis-studio\packages\engines-py\.pdb_cache\2ITN,A
5437,ThermoMPNN,2ITN,0.41758978366851807,280,Q,V,F:\GENESIS Studio\genesis-studio\packages\engines-py\.pdb_cache\2ITN,A
5438,ThermoMPNN,2ITN,0.7845006585121155,280,Q,W,F:\GENESIS Studio\genesis-studio\packages\engines-py\.pdb_cache\2ITN,A
5439,ThermoMPNN,2ITN,0.5239068269729614,280,Q,Y,F:\GENESIS Studio\genesis-studio\packages\engines-py\.pdb_cache\2ITN,A
5440,ThermoMPNN,2ITN,0.5306029319763184,281,R,A,F:\GENESIS Studio\genesis-studio\packages\engines-py\.pdb_cache\2ITN,A
5441,ThermoMPNN,2ITN,0.7405586242675781,281,R,C,F:\GENESIS Studio\genesis-studio\packages\engines-py\.pdb_cache\2ITN,A
5442,ThermoMPNN,2ITN,1.5401105880737305,281,R,D,F:\GENESIS Studio\genesis-studio\packages\engines-py\.pdb_cache\2ITN,A
5443,ThermoMPNN,2ITN,1.2494890689849854,281,R,E,F:\GENESIS Studio\genesis-studio\packages\engines-py\.pdb_cache\2ITN,A
5444,ThermoMPNN,2ITN,1.1691316366195679,281,R,F,F:\GENESIS Studio\genesis-studio\packages\engines-py\.pdb_cache\2ITN,A
5445,ThermoMPNN,2ITN,1.3161745071411133,281,R,G,F:\GENESIS Studio\genesis-studio\packages\engines-py\.pdb_cache\2ITN,A
5446,ThermoMPNN,2ITN,0.9147976040840149,281,R,H,F:\GENESIS Studio\genesis-studio\packages\engines-py\.pdb_cache\2ITN,A
5447,ThermoMPNN,2ITN,1.0503075122833252,281,R,I,F:\GENESIS Studio\genesis-studio\packages\engines-py\.pdb_cache\2ITN,A
5448,ThermoMPNN,2ITN,0.20941853523254395,281,R,K,F:\GENESIS Studio\genesis-studio\packages\engines-py\.pdb_cache\2ITN,A
5449,ThermoMPNN,2ITN,0.6774760484695435,281,R,L,F:\GENESIS Studio\genesis-studio\packages\engines-py\.pdb_cache\2ITN,A
5450,ThermoMPNN,2ITN,0.6787083148956299,281,R,M,F:\GENESIS Studio\genesis-studio\packages\engines-py\.pdb_cache\2ITN,A
5451,ThermoMPNN,2ITN,0.850577175617218,281,R,N,F:\GENESIS Studio\genesis-studio\packages\engines-py\.pdb_cache\2ITN,A
5452,ThermoMPNN,2ITN,2.87697696685791,281,R,P,F:\GENESIS Studio\genesis-studio\packages\engines-py\.pdb_cache\2ITN,A
5453,ThermoMPNN,2ITN,0.709255039691925,281,R,Q,F:\GENESIS Studio\genesis-studio\packages\engines-py\.pdb_cache\2ITN,A
5454,ThermoMPNN,2ITN,0.0,281,R,R,F:\GENESIS Studio\genesis-studio\packages\engines-py\.pdb_cache\2ITN,A
5455,ThermoMPNN,2ITN,0.7536416053771973,281,R,S,F:\GENESIS Studio\genesis-studio\packages\engines-py\.pdb_cache\2ITN,A
5456,ThermoMPNN,2ITN,1.0231274366378784,281,R,T,F:\GENESIS Studio\genesis-studio\packages\engines-py\.pdb_cache\2ITN,A
5457,ThermoMPNN,2ITN,1.173671841621399,281,R,V,F:\GENESIS Studio\genesis-studio\packages\engines-py\.pdb_cache\2ITN,A
5458,ThermoMPNN,2ITN,1.2605453729629517,281,R,W,F:\GENESIS Studio\genesis-studio\packages\engines-py\.pdb_cache\2ITN,A
5459,ThermoMPNN,2ITN,1.1886847019195557,281,R,Y,F:\GENESIS Studio\genesis-studio\packages\engines-py\.pdb_cache\2ITN,A
5460,ThermoMPNN,2ITN,1.9636156558990479,282,Y,A,F:\GENESIS Studio\genesis-studio\packages\engines-py\.pdb_cache\2ITN,A
5461,ThermoMPNN,2ITN,1.1799430847167969,282,Y,C,F:\GENESIS Studio\genesis-studio\packages\engines-py\.pdb_cache\2ITN,A
5462,ThermoMPNN,2ITN,2.863563299179077,282,Y,D,F:\GENESIS Studio\genesis-studio\packages\engines-py\.pdb_cache\2ITN,A
5463,ThermoMPNN,2ITN,2.7388365268707275,282,Y,E,F:\GENESIS Studio\genesis-studio\packages\engines-py\.pdb_cache\2ITN,A
5464,ThermoMPNN,2ITN,0.7069038152694702,282,Y,F,F:\GENESIS Studio\genesis-studio\packages\engines-py\.pdb_cache\2ITN,A
5465,ThermoMPNN,2ITN,2.388475179672241,282,Y,G,F:\GENESIS Studio\genesis-studio\packages\engines-py\.pdb_cache\2ITN,A
5466,ThermoMPNN,2ITN,1.0576097965240479,282,Y,H,F:\GENESIS Studio\genesis-studio\packages\engines-py\.pdb_cache\2ITN,A
5467,ThermoMPNN,2ITN,1.6587707996368408,282,Y,I,F:\GENESIS Studio\genesis-studio\packages\engines-py\.pdb_cache\2ITN,A
5468,ThermoMPNN,2ITN,1.7703077793121338,282,Y,K,F:\GENESIS Studio\genesis-studio\packages\engines-py\.pdb_cache\2ITN,A
5469,ThermoMPNN,2ITN,1.5891880989074707,282,Y,L,F:\GENESIS Studio\genesis-studio\packages\engines-py\.pdb_cache\2ITN,A
5470,ThermoMPNN,2ITN,1.6426331996917725,282,Y,M,F:\GENESIS Studio\genesis-studio\packages\engines-py\.pdb_cache\2ITN,A
5471,ThermoMPNN,2ITN,1.8921482563018799,282,Y,N,F:\GENESIS Studio\genesis-studio\packages\engines-py\.pdb_cache\2ITN,A
5472,ThermoMPNN,2ITN,3.043116807937622,282,Y,P,F:\GENESIS Studio\genesis-studio\packages\engines-py\.pdb_cache\2ITN,A
5473,ThermoMPNN,2ITN,1.9834686517715454,282,Y,Q,F:\GENESIS Studio\genesis-studio\packages\engines-py\.pdb_cache\2ITN,A
5474,ThermoMPNN,2ITN,1.5252946615219116,282,Y,R,F:\GENESIS Studio\genesis-studio\packages\engines-py\.pdb_cache\2ITN,A
5475,ThermoMPNN,2ITN,1.7624748945236206,282,Y,S,F:\GENESIS Studio\genesis-studio\packages\engines-py\.pdb_cache\2ITN,A
5476,ThermoMPNN,2ITN,1.647599458694458,282,Y,T,F:\GENESIS Studio\genesis-studio\packages\engines-py\.pdb_cache\2ITN,A
5477,ThermoMPNN,2ITN,1.6586836576461792,282,Y,V,F:\GENESIS Studio\genesis-studio\packages\engines-py\.pdb_cache\2ITN,A
5478,ThermoMPNN,2ITN,0.14907503128051758,282,Y,W,F:\GENESIS Studio\genesis-studio\packages\engines-py\.pdb_cache\2ITN,A
5479,ThermoMPNN,2ITN,0.0,282,Y,Y,F:\GENESIS Studio\genesis-studio\packages\engines-py\.pdb_cache\2ITN,A
5480,ThermoMPNN,2ITN,2.297184705734253,283,L,A,F:\GENESIS Studio\genesis-studio\packages\engines-py\.pdb_cache\2ITN,A
5481,ThermoMPNN,2ITN,1.4492881298065186,283,L,C,F:\GENESIS Studio\genesis-studio\packages\engines-py\.pdb_cache\2ITN,A
5482,ThermoMPNN,2ITN,3.728154420852661,283,L,D,F:\GENESIS Studio\genesis-studio\packages\engines-py\.pdb_cache\2ITN,A
5483,ThermoMPNN,2ITN,3.4671549797058105,283,L,E,F:\GENESIS Studio\genesis-studio\packages\engines-py\.pdb_cache\2ITN,A
5484,ThermoMPNN,2ITN,1.6719300746917725,283,L,F,F:\GENESIS Studio\genesis-studio\packages\engines-py\.pdb_cache\2ITN,A
5485,ThermoMPNN,2ITN,3.161341905593872,283,L,G,F:\GENESIS Studio\genesis-studio\packages\engines-py\.pdb_cache\2ITN,A
5486,ThermoMPNN,2ITN,3.126514434814453,283,L,H,F:\GENESIS Studio\genesis-studio\packages\engines-py\.pdb_cache\2ITN,A
5487,ThermoMPNN,2ITN,-0.20903611183166504,283,L,I,F:\GENESIS Studio\genesis-studio\packages\engines-py\.pdb_cache\2ITN,A
5488,ThermoMPNN,2ITN,2.891887664794922,283,L,K,F:\GENESIS Studio\genesis-studio\packages\engines-py\.pdb_cache\2ITN,A
5489,ThermoMPNN,2ITN,0.0,283,L,L,F:\GENESIS Studio\genesis-studio\packages\engines-py\.pdb_cache\2ITN,A
5490,ThermoMPNN,2ITN,1.2060143947601318,283,L,M,F:\GENESIS Studio\genesis-studio\packages\engines-py\.pdb_cache\2ITN,A
5491,ThermoMPNN,2ITN,3.397057294845581,283,L,N,F:\GENESIS Studio\genesis-studio\packages\engines-py\.pdb_cache\2ITN,A
5492,ThermoMPNN,2ITN,3.2993767261505127,283,L,P,F:\GENESIS Studio\genesis-studio\packages\engines-py\.pdb_cache\2ITN,A
5493,ThermoMPNN,2ITN,3.1694447994232178,283,L,Q,F:\GENESIS Studio\genesis-studio\packages\engines-py\.pdb_cache\2ITN,A
5494,ThermoMPNN,2ITN,2.8612143993377686,283,L,R,F:\GENESIS Studio\genesis-studio\packages\engines-py\.pdb_cache\2ITN,A
5495,ThermoMPNN,2ITN,3.1486027240753174,283,L,S,F:\GENESIS Studio\genesis-studio\packages\engines-py\.pdb_cache\2ITN,A
5496,ThermoMPNN,2ITN,2.4176716804504395,283,L,T,F:\GENESIS Studio\genesis-studio\packages\engines-py\.pdb_cache\2ITN,A
5497,ThermoMPNN,2ITN,0.32487988471984863,283,L,V,F:\GENESIS Studio\genesis-studio\packages\engines-py\.pdb_cache\2ITN,A
5498,ThermoMPNN,2ITN,2.232113838195801,283,L,W,F:\GENESIS Studio\genesis-studio\packages\engines-py\.pdb_cache\2ITN,A
5499,ThermoMPNN,2ITN,2.1625967025756836,283,L,Y,F:\GENESIS Studio\genesis-studio\packages\engines-py\.pdb_cache\2ITN,A
5500,ThermoMPNN,2ITN,0.7530882358551025,284,V,A,F:\GENESIS Studio\genesis-studio\packages\engines-py\.pdb_cache\2ITN,A
5501,ThermoMPNN,2ITN,-0.09737873077392578,284,V,C,F:\GENESIS Studio\genesis-studio\packages\engines-py\.pdb_cache\2ITN,A
5502,ThermoMPNN,2ITN,1.1685513257980347,284,V,D,F:\GENESIS Studio\genesis-studio\packages\engines-py\.pdb_cache\2ITN,A
5503,ThermoMPNN,2ITN,1.1607921123504639,284,V,E,F:\GENESIS Studio\genesis-studio\packages\engines-py\.pdb_cache\2ITN,A
5504,ThermoMPNN,2ITN,0.2564617395401001,284,V,F,F:\GENESIS Studio\genesis-studio\packages\engines-py\.pdb_cache\2ITN,A
5505,ThermoMPNN,2ITN,1.0999648571014404,284,V,G,F:\GENESIS Studio\genesis-studio\packages\engines-py\.pdb_cache\2ITN,A
5506,ThermoMPNN,2ITN,0.30517297983169556,284,V,H,F:\GENESIS Studio\genesis-studio\packages\engines-py\.pdb_cache\2ITN,A
5507,ThermoMPNN,2ITN,-0.1737610101699829,284,V,I,F:\GENESIS Studio\genesis-studio\packages\engines-py\.pdb_cache\2ITN,A
5508,ThermoMPNN,2ITN,0.41480982303619385,284,V,K,F:\GENESIS Studio\genesis-studio\packages\engines-py\.pdb_cache\2ITN,A
5509,ThermoMPNN,2ITN,0.2694406509399414,284,V,L,F:\GENESIS Studio\genesis-studio\packages\engines-py\.pdb_cache\2ITN,A
5510,ThermoMPNN,2ITN,0.38098543882369995,284,V,M,F:\GENESIS Studio\genesis-studio\packages\engines-py\.pdb_cache\2ITN,A
5511,ThermoMPNN,2ITN,0.4616328477859497,284,V,N,F:\GENESIS Studio\genesis-studio\packages\engines-py\.pdb_cache\2ITN,A
5512,ThermoMPNN,2ITN,1.644627571105957,284,V,P,F:\GENESIS Studio\genesis-studio\packages\engines-py\.pdb_cache\2ITN,A
5513,ThermoMPNN,2ITN,0.6211919784545898,284,V,Q,F:\GENESIS Studio\genesis-studio\packages\engines-py\.pdb_cache\2ITN,A
5514,ThermoMPNN,2ITN,0.4995810389518738,284,V,R,F:\GENESIS Studio\genesis-studio\packages\engines-py\.pdb_cache\2ITN,A
5515,ThermoMPNN,2ITN,0.32401543855667114,284,V,S,F:\GENESIS Studio\genesis-studio\packages\engines-py\.pdb_cache\2ITN,A
5516,ThermoMPNN,2ITN,0.18643832206726074,284,V,T,F:\GENESIS Studio\genesis-studio\packages\engines-py\.pdb_cache\2ITN,A
5517,ThermoMPNN,2ITN,0.0,284,V,V,F:\GENESIS Studio\genesis-studio\packages\engines-py\.pdb_cache\2ITN,A
5518,ThermoMPNN,2ITN,0.24702215194702148,284,V,W,F:\GENESIS Studio\genesis-studio\packages\engines-py\.pdb_cache\2ITN,A
5519,ThermoMPNN,2ITN,0.18161463737487793,284,V,Y,F:\GENESIS Studio\genesis-studio\packages\engines-py\.pdb_cache\2ITN,A
5520,ThermoMPNN,2ITN,2.210516929626465,285,I,A,F:\GENESIS Studio\genesis-studio\packages\engines-py\.pdb_cache\2ITN,A
5521,ThermoMPNN,2ITN,1.4666731357574463,285,I,C,F:\GENESIS Studio\genesis-studio\packages\engines-py\.pdb_cache\2ITN,A
5522,ThermoMPNN,2ITN,2.791410207748413,285,I,D,F:\GENESIS Studio\genesis-studio\packages\engines-py\.pdb_cache\2ITN,A
5523,ThermoMPNN,2ITN,2.7098753452301025,285,I,E,F:\GENESIS Studio\genesis-studio\packages\engines-py\.pdb_cache\2ITN,A
5524,ThermoMPNN,2ITN,1.5904080867767334,285,I,F,F:\GENESIS Studio\genesis-studio\packages\engines-py\.pdb_cache\2ITN,A
5525,ThermoMPNN,2ITN,2.4441962242126465,285,I,G,F:\GENESIS Studio\genesis-studio\packages\engines-py\.pdb_cache\2ITN,A
5526,ThermoMPNN,2ITN,2.437511444091797,285,I,H,F:\GENESIS Studio\genesis-studio\packages\engines-py\.pdb_cache\2ITN,A
5527,ThermoMPNN,2ITN,0.0,285,I,I,F:\GENESIS Studio\genesis-studio\packages\engines-py\.pdb_cache\2ITN,A
5528,ThermoMPNN,2ITN,2.040973424911499,285,I,K,F:\GENESIS Studio\genesis-studio\packages\engines-py\.pdb_cache\2ITN,A
5529,ThermoMPNN,2ITN,0.7324361801147461,285,I,L,F:\GENESIS Studio\genesis-studio\packages\engines-py\.pdb_cache\2ITN,A
5530,ThermoMPNN,2ITN,1.3774100542068481,285,I,M,F:\GENESIS Studio\genesis-studio\packages\engines-py\.pdb_cache\2ITN,A
5531,ThermoMPNN,2ITN,2.4939231872558594,285,I,N,F:\GENESIS Studio\genesis-studio\packages\engines-py\.pdb_cache\2ITN,A
5532,ThermoMPNN,2ITN,2.2511420249938965,285,I,P,F:\GENESIS Studio\genesis-studio\packages\engines-py\.pdb_cache\2ITN,A
5533,ThermoMPNN,2ITN,2.3809399604797363,285,I,Q,F:\GENESIS Studio\genesis-studio\packages\engines-py\.pdb_cache\2ITN,A
5534,ThermoMPNN,2ITN,2.074734687805176,285,I,R,F:\GENESIS Studio\genesis-studio\packages\engines-py\.pdb_cache\2ITN,A
5535,ThermoMPNN,2ITN,2.48055362701416,285,I,S,F:\GENESIS Studio\genesis-studio\packages\engines-py\.pdb_cache\2ITN,A
5536,ThermoMPNN,2ITN,1.9733235836029053,285,I,T,F:\GENESIS Studio\genesis-studio\packages\engines-py\.pdb_cache\2ITN,A
5537,ThermoMPNN,2ITN,0.6372494697570801,285,I,V,F:\GENESIS Studio\genesis-studio\packages\engines-py\.pdb_cache\2ITN,A
5538,ThermoMPNN,2ITN,1.8936814069747925,285,I,W,F:\GENESIS Studio\genesis-studio\packages\engines-py\.pdb_cache\2ITN,A
5539,ThermoMPNN,2ITN,1.903656005859375,285,I,Y,F:\GENESIS Studio\genesis-studio\packages\engines-py\.pdb_cache\2ITN,A
5540,ThermoMPNN,2ITN,0.06559878587722778,286,Q,A,F:\GENESIS Studio\genesis-studio\packages\engines-py\.pdb_cache\2ITN,A
5541,ThermoMPNN,2ITN,-0.029980719089508057,286,Q,C,F:\GENESIS Studio\genesis-studio\packages\engines-py\.pdb_cache\2ITN,A
5542,ThermoMPNN,2ITN,0.12775766849517822,286,Q,D,F:\GENESIS Studio\genesis-studio\packages\engines-py\.pdb_cache\2ITN,A
5543,ThermoMPNN,2ITN,-0.08447575569152832,286,Q,E,F:\GENESIS Studio\genesis-studio\packages\engines-py\.pdb_cache\2ITN,A
5544,ThermoMPNN,2ITN,0.314444899559021,286,Q,F,F:\GENESIS Studio\genesis-studio\packages\engines-py\.pdb_cache\2ITN,A
5545,ThermoMPNN,2ITN,0.49024465680122375,286,Q,G,F:\GENESIS Studio\genesis-studio\packages\engines-py\.pdb_cache\2ITN,A
5546,ThermoMPNN,2ITN,0.1059027910232544,286,Q,H,F:\GENESIS Studio\genesis-studio\packages\engines-py\.pdb_cache\2ITN,A
5547,ThermoMPNN,2ITN,0.19809836149215698,286,Q,I,F:\GENESIS Studio\genesis-studio\packages\engines-py\.pdb_cache\2ITN,A
5548,ThermoMPNN,2ITN,0.11747950315475464,286,Q,K,F:\GENESIS Studio\genesis-studio\packages\engines-py\.pdb_cache\2ITN,A
5549,ThermoMPNN,2ITN,0.23966139554977417,286,Q,L,F:\GENESIS Studio\genesis-studio\packages\engines-py\.pdb_cache\2ITN,A
5550,ThermoMPNN,2ITN,0.26626449823379517,286,Q,M,F:\GENESIS Studio\genesis-studio\packages\engines-py\.pdb_cache\2ITN,A
5551,ThermoMPNN,2ITN,0.2730635404586792,286,Q,N,F:\GENESIS Studio\genesis-studio\packages\engines-py\.pdb_cache\2ITN,A
5552,ThermoMPNN,2ITN,-0.3085436224937439,286,Q,P,F:\GENESIS Studio\genesis-studio\packages\engines-py\.pdb_cache\2ITN,A
5553,ThermoMPNN,2ITN,0.0,286,Q,Q,F:\GENESIS Studio\genesis-studio\packages\engines-py\.pdb_cache\2ITN,A
5554,ThermoMPNN,2ITN,0.23418843746185303,286,Q,R,F:\GENESIS Studio\genesis-studio\packages\engines-py\.pdb_cache\2ITN,A
5555,ThermoMPNN,2ITN,0.00864952802658081,286,Q,S,F:\GENESIS Studio\genesis-studio\packages\engines-py\.pdb_cache\2ITN,A
5556,ThermoMPNN,2ITN,0.18138521909713745,286,Q,T,F:\GENESIS Studio\genesis-studio\packages\engines-py\.pdb_cache\2ITN,A
5557,ThermoMPNN,2ITN,0.2534365653991699,286,Q,V,F:\GENESIS Studio\genesis-studio\packages\engines-py\.pdb_cache\2ITN,A
5558,ThermoMPNN,2ITN,0.22696012258529663,286,Q,W,F:\GENESIS Studio\genesis-studio\packages\engines-py\.pdb_cache\2ITN,A
5559,ThermoMPNN,2ITN,0.25705522298812866,286,Q,Y,F:\GENESIS Studio\genesis-studio\packages\engines-py\.pdb_cache\2ITN,A
5560,ThermoMPNN,2ITN,0.9925785064697266,287,G,A,F:\GENESIS Studio\genesis-studio\packages\engines-py\.pdb_cache\2ITN,A
5561,ThermoMPNN,2ITN,0.3075190782546997,287,G,C,F:\GENESIS Studio\genesis-studio\packages\engines-py\.pdb_cache\2ITN,A
5562,ThermoMPNN,2ITN,0.7633569836616516,287,G,D,F:\GENESIS Studio\genesis-studio\packages\engines-py\.pdb_cache\2ITN,A
5563,ThermoMPNN,2ITN,0.7902724146842957,287,G,E,F:\GENESIS Studio\genesis-studio\packages\engines-py\.pdb_cache\2ITN,A
5564,ThermoMPNN,2ITN,0.8019769191741943,287,G,F,F:\GENESIS Studio\genesis-studio\packages\engines-py\.pdb_cache\2ITN,A
5565,ThermoMPNN,2ITN,0.0,287,G,G,F:\GENESIS Studio\genesis-studio\packages\engines-py\.pdb_cache\2ITN,A
5566,ThermoMPNN,2ITN,0.679385244846344,287,G,H,F:\GENESIS Studio\genesis-studio\packages\engines-py\.pdb_cache\2ITN,A
5567,ThermoMPNN,2ITN,1.4216609001159668,287,G,I,F:\GENESIS Studio\genesis-studio\packages\engines-py\.pdb_cache\2ITN,A
5568,ThermoMPNN,2ITN,0.969795823097229,287,G,K,F:\GENESIS Studio\genesis-studio\packages\engines-py\.pdb_cache\2ITN,A
5569,ThermoMPNN,2ITN,0.8527581095695496,287,G,L,F:\GENESIS Studio\genesis-studio\packages\engines-py\.pdb_cache\2ITN,A
5570,ThermoMPNN,2ITN,0.8461079597473145,287,G,M,F:\GENESIS Studio\genesis-studio\packages\engines-py\.pdb_cache\2ITN,A
5571,ThermoMPNN,2ITN,0.4666569232940674,287,G,N,F:\GENESIS Studio\genesis-studio\packages\engines-py\.pdb_cache\2ITN,A
5572,ThermoMPNN,2ITN,1.4869781732559204,287,G,P,F:\GENESIS Studio\genesis-studio\packages\engines-py\.pdb_cache\2ITN,A
5573,ThermoMPNN,2ITN,0.9267345070838928,287,G,Q,F:\GENESIS Studio\genesis-studio\packages\engines-py\.pdb_cache\2ITN,A
5574,ThermoMPNN,2ITN,0.9641714096069336,287,G,R,F:\GENESIS Studio\genesis-studio\packages\engines-py\.pdb_cache\2ITN,A
5575,ThermoMPNN,2ITN,1.046026349067688,287,G,S,F:\GENESIS Studio\genesis-studio\packages\engines-py\.pdb_cache\2ITN,A
5576,ThermoMPNN,2ITN,1.3576874732971191,287,G,T,F:\GENESIS Studio\genesis-studio\packages\engines-py\.pdb_cache\2ITN,A
5577,ThermoMPNN,2ITN,1.3958418369293213,287,G,V,F:\GENESIS Studio\genesis-studio\packages\engines-py\.pdb_cache\2ITN,A
5578,ThermoMPNN,2ITN,1.0336127281188965,287,G,W,F:\GENESIS Studio\genesis-studio\packages\engines-py\.pdb_cache\2ITN,A
5579,ThermoMPNN,2ITN,0.8545531034469604,287,G,Y,F:\GENESIS Studio\genesis-studio\packages\engines-py\.pdb_cache\2ITN,A
5580,ThermoMPNN,2ITN,2.281921863555908,288,D,A,F:\GENESIS Studio\genesis-studio\packages\engines-py\.pdb_cache\2ITN,A
5581,ThermoMPNN,2ITN,1.731147050857544,288,D,C,F:\GENESIS Studio\genesis-studio\packages\engines-py\.pdb_cache\2ITN,A
5582,ThermoMPNN,2ITN,0.0,288,D,D,F:\GENESIS Studio\genesis-studio\packages\engines-py\.pdb_cache\2ITN,A
5583,ThermoMPNN,2ITN,1.9404295682907104,288,D,E,F:\GENESIS Studio\genesis-studio\packages\engines-py\.pdb_cache\2ITN,A
5584,ThermoMPNN,2ITN,2.5628533363342285,288,D,F,F:\GENESIS Studio\genesis-studio\packages\engines-py\.pdb_cache\2ITN,A
5585,ThermoMPNN,2ITN,2.5072031021118164,288,D,G,F:\GENESIS Studio\genesis-studio\packages\engines-py\.pdb_cache\2ITN,A
5586,ThermoMPNN,2ITN,2.304788589477539,288,D,H,F:\GENESIS Studio\genesis-studio\packages\engines-py\.pdb_cache\2ITN,A
5587,ThermoMPNN,2ITN,2.7910289764404297,288,D,I,F:\GENESIS Studio\genesis-studio\packages\engines-py\.pdb_cache\2ITN,A
5588,ThermoMPNN,2ITN,3.123450994491577,288,D,K,F:\GENESIS Studio\genesis-studio\packages\engines-py\.pdb_cache\2ITN,A
5589,ThermoMPNN,2ITN,2.901798963546753,288,D,L,F:\GENESIS Studio\genesis-studio\packages\engines-py\.pdb_cache\2ITN,A
5590,ThermoMPNN,2ITN,2.7583632469177246,288,D,M,F:\GENESIS Studio\genesis-studio\packages\engines-py\.pdb_cache\2ITN,A
5591,ThermoMPNN,2ITN,1.2754011154174805,288,D,N,F:\GENESIS Studio\genesis-studio\packages\engines-py\.pdb_cache\2ITN,A
5592,ThermoMPNN,2ITN,2.7240285873413086,288,D,P,F:\GENESIS Studio\genesis-studio\packages\engines-py\.pdb_cache\2ITN,A
5593,ThermoMPNN,2ITN,2.5809741020202637,288,D,Q,F:\GENESIS Studio\genesis-studio\packages\engines-py\.pdb_cache\2ITN,A
5594,ThermoMPNN,2ITN,2.9697988033294678,288,D,R,F:\GENESIS Studio\genesis-studio\packages\engines-py\.pdb_cache\2ITN,A
5595,ThermoMPNN,2ITN,1.6529252529144287,288,D,S,F:\GENESIS Studio\genesis-studio\packages\engines-py\.pdb_cache\2ITN,A
5596,ThermoMPNN,2ITN,2.549297571182251,288,D,T,F:\GENESIS Studio\genesis-studio\packages\engines-py\.pdb_cache\2ITN,A
5597,ThermoMPNN,2ITN,2.770272970199585,288,D,V,F:\GENESIS Studio\genesis-studio\packages\engines-py\.pdb_cache\2ITN,A
5598,ThermoMPNN,2ITN,2.1725759506225586,288,D,W,F:\GENESIS Studio\genesis-studio\packages\engines-py\.pdb_cache\2ITN,A
5599,ThermoMPNN,2ITN,2.6449851989746094,288,D,Y,F:\GENESIS Studio\genesis-studio\packages\engines-py\.pdb_cache\2ITN,A
5600,ThermoMPNN,2ITN,0.16418057680130005,289,E,A,F:\GENESIS Studio\genesis-studio\packages\engines-py\.pdb_cache\2ITN,A
5601,ThermoMPNN,2ITN,0.033119142055511475,289,E,C,F:\GENESIS Studio\genesis-studio\packages\engines-py\.pdb_cache\2ITN,A
5602,ThermoMPNN,2ITN,0.15309816598892212,289,E,D,F:\GENESIS Studio\genesis-studio\packages\engines-py\.pdb_cache\2ITN,A
5603,ThermoMPNN,2ITN,0.0,289,E,E,F:\GENESIS Studio\genesis-studio\packages\engines-py\.pdb_cache\2ITN,A
5604,ThermoMPNN,2ITN,0.4202016592025757,289,E,F,F:\GENESIS Studio\genesis-studio\packages\engines-py\.pdb_cache\2ITN,A
5605,ThermoMPNN,2ITN,0.4003294110298157,289,E,G,F:\GENESIS Studio\genesis-studio\packages\engines-py\.pdb_cache\2ITN,A
5606,ThermoMPNN,2ITN,0.07620948553085327,289,E,H,F:\GENESIS Studio\genesis-studio\packages\engines-py\.pdb_cache\2ITN,A
5607,ThermoMPNN,2ITN,0.4357539415359497,289,E,I,F:\GENESIS Studio\genesis-studio\packages\engines-py\.pdb_cache\2ITN,A
5608,ThermoMPNN,2ITN,0.29600924253463745,289,E,K,F:\GENESIS Studio\genesis-studio\packages\engines-py\.pdb_cache\2ITN,A
5609,ThermoMPNN,2ITN,0.3908546566963196,289,E,L,F:\GENESIS Studio\genesis-studio\packages\engines-py\.pdb_cache\2ITN,A
5610,ThermoMPNN,2ITN,0.4356720447540283,289,E,M,F:\GENESIS Studio\genesis-studio\packages\engines-py\.pdb_cache\2ITN,A
5611,ThermoMPNN,2ITN,0.207078754901886,289,E,N,F:\GENESIS Studio\genesis-studio\packages\engines-py\.pdb_cache\2ITN,A
5612,ThermoMPNN,2ITN,0.18781596422195435,289,E,P,F:\GENESIS Studio\genesis-studio\packages\engines-py\.pdb_cache\2ITN,A
5613,ThermoMPNN,2ITN,0.1824163794517517,289,E,Q,F:\GENESIS Studio\genesis-studio\packages\engines-py\.pdb_cache\2ITN,A
5614,ThermoMPNN,2ITN,0.40238702297210693,289,E,R,F:\GENESIS Studio\genesis-studio\packages\engines-py\.pdb_cache\2ITN,A
5615,ThermoMPNN,2ITN,0.1883406639099121,289,E,S,F:\GENESIS Studio\genesis-studio\packages\engines-py\.pdb_cache\2ITN,A
5616,ThermoMPNN,2ITN,0.369320809841156,289,E,T,F:\GENESIS Studio\genesis-studio\packages\engines-py\.pdb_cache\2ITN,A
5617,ThermoMPNN,2ITN,0.5054225921630859,289,E,V,F:\GENESIS Studio\genesis-studio\packages\engines-py\.pdb_cache\2ITN,A
5618,ThermoMPNN,2ITN,0.4444342851638794,289,E,W,F:\GENESIS Studio\genesis-studio\packages\engines-py\.pdb_cache\2ITN,A
5619,ThermoMPNN,2ITN,0.26127052307128906,289,E,Y,F:\GENESIS Studio\genesis-studio\packages\engines-py\.pdb_cache\2ITN,A
5620,ThermoMPNN,2ITN,0.1129719614982605,290,R,A,F:\GENESIS Studio\genesis-studio\packages\engines-py\.pdb_cache\2ITN,A
5621,ThermoMPNN,2ITN,-0.11739784479141235,290,R,C,F:\GENESIS Studio\genesis-studio\packages\engines-py\.pdb_cache\2ITN,A
5622,ThermoMPNN,2ITN,0.4434354901313782,290,R,D,F:\GENESIS Studio\genesis-studio\packages\engines-py\.pdb_cache\2ITN,A
5623,ThermoMPNN,2ITN,0.31186050176620483,290,R,E,F:\GENESIS Studio\genesis-studio\packages\engines-py\.pdb_cache\2ITN,A
5624,ThermoMPNN,2ITN,0.000888824462890625,290,R,F,F:\GENESIS Studio\genesis-studio\packages\engines-py\.pdb_cache\2ITN,A
5625,ThermoMPNN,2ITN,0.13565677404403687,290,R,G,F:\GENESIS Studio\genesis-studio\packages\engines-py\.pdb_cache\2ITN,A
5626,ThermoMPNN,2ITN,-0.06304019689559937,290,R,H,F:\GENESIS Studio\genesis-studio\packages\engines-py\.pdb_cache\2ITN,A
5627,ThermoMPNN,2ITN,0.357860267162323,290,R,I,F:\GENESIS Studio\genesis-studio\packages\engines-py\.pdb_cache\2ITN,A
5628,ThermoMPNN,2ITN,0.050585806369781494,290,R,K,F:\GENESIS Studio\genesis-studio\packages\engines-py\.pdb_cache\2ITN,A
5629,ThermoMPNN,2ITN,0.09259217977523804,290,R,L,F:\GENESIS Studio\genesis-studio\packages\engines-py\.pdb_cache\2ITN,A
5630,ThermoMPNN,2ITN,0.13886785507202148,290,R,M,F:\GENESIS Studio\genesis-studio\packages\engines-py\.pdb_cache\2ITN,A
5631,ThermoMPNN,2ITN,0.03118079900741577,290,R,N,F:\GENESIS Studio\genesis-studio\packages\engines-py\.pdb_cache\2ITN,A
5632,ThermoMPNN,2ITN,1.008021593093872,290,R,P,F:\GENESIS Studio\genesis-studio\packages\engines-py\.pdb_cache\2ITN,A
5633,ThermoMPNN,2ITN,0.16575676202774048,290,R,Q,F:\GENESIS Studio\genesis-studio\packages\engines-py\.pdb_cache\2ITN,A
5634,ThermoMPNN,2ITN,0.0,290,R,R,F:\GENESIS Studio\genesis-studio\packages\engines-py\.pdb_cache\2ITN,A
5635,ThermoMPNN,2ITN,0.11091357469558716,290,R,S,F:\GENESIS Studio\genesis-studio\packages\engines-py\.pdb_cache\2ITN,A
5636,ThermoMPNN,2ITN,0.07009059190750122,290,R,T,F:\GENESIS Studio\genesis-studio\packages\engines-py\.pdb_cache\2ITN,A
5637,ThermoMPNN,2ITN,0.3435790538787842,290,R,V,F:\GENESIS Studio\genesis-studio\packages\engines-py\.pdb_cache\2ITN,A
5638,ThermoMPNN,2ITN,0.018786311149597168,290,R,W,F:\GENESIS Studio\genesis-studio\packages\engines-py\.pdb_cache\2ITN,A
5639,ThermoMPNN,2ITN,-0.037622153759002686,290,R,Y,F:\GENESIS Studio\genesis-studio\packages\engines-py\.pdb_cache\2ITN,A
5640,ThermoMPNN,2ITN,1.156815767288208,291,M,A,F:\GENESIS Studio\genesis-studio\packages\engines-py\.pdb_cache\2ITN,A
5641,ThermoMPNN,2ITN,0.6621221303939819,291,M,C,F:\GENESIS Studio\genesis-studio\packages\engines-py\.pdb_cache\2ITN,A
5642,ThermoMPNN,2ITN,2.320878028869629,291,M,D,F:\GENESIS Studio\genesis-studio\packages\engines-py\.pdb_cache\2ITN,A
5643,ThermoMPNN,2ITN,2.395664930343628,291,M,E,F:\GENESIS Studio\genesis-studio\packages\engines-py\.pdb_cache\2ITN,A
5644,ThermoMPNN,2ITN,0.7989939451217651,291,M,F,F:\GENESIS Studio\genesis-studio\packages\engines-py\.pdb_cache\2ITN,A
5645,ThermoMPNN,2ITN,1.7071754932403564,291,M,G,F:\GENESIS Studio\genesis-studio\packages\engines-py\.pdb_cache\2ITN,A
5646,ThermoMPNN,2ITN,0.9584260582923889,291,M,H,F:\GENESIS Studio\genesis-studio\packages\engines-py\.pdb_cache\2ITN,A
5647,ThermoMPNN,2ITN,0.6976198554039001,291,M,I,F:\GENESIS Studio\genesis-studio\packages\engines-py\.pdb_cache\2ITN,A
5648,ThermoMPNN,2ITN,-0.3055182695388794,291,M,K,F:\GENESIS Studio\genesis-studio\packages\engines-py\.pdb_cache\2ITN,A
5649,ThermoMPNN,2ITN,-0.11737561225891113,291,M,L,F:\GENESIS Studio\genesis-studio\packages\engines-py\.pdb_cache\2ITN,A
5650,ThermoMPNN,2ITN,0.0,291,M,M,F:\GENESIS Studio\genesis-studio\packages\engines-py\.pdb_cache\2ITN,A
5651,ThermoMPNN,2ITN,1.1045079231262207,291,M,N,F:\GENESIS Studio\genesis-studio\packages\engines-py\.pdb_cache\2ITN,A
5652,ThermoMPNN,2ITN,2.0084445476531982,291,M,P,F:\GENESIS Studio\genesis-studio\packages\engines-py\.pdb_cache\2ITN,A
5653,ThermoMPNN,2ITN,0.7774349451065063,291,M,Q,F:\GENESIS Studio\genesis-studio\packages\engines-py\.pdb_cache\2ITN,A
5654,ThermoMPNN,2ITN,-0.7121003866195679,291,M,R,F:\GENESIS Studio\genesis-studio\packages\engines-py\.pdb_cache\2ITN,A
5655,ThermoMPNN,2ITN,1.2342665195465088,291,M,S,F:\GENESIS Studio\genesis-studio\packages\engines-py\.pdb_cache\2ITN,A
5656,ThermoMPNN,2ITN,1.1457337141036987,291,M,T,F:\GENESIS Studio\genesis-studio\packages\engines-py\.pdb_cache\2ITN,A
5657,ThermoMPNN,2ITN,1.0210809707641602,291,M,V,F:\GENESIS Studio\genesis-studio\packages\engines-py\.pdb_cache\2ITN,A
5658,ThermoMPNN,2ITN,1.031326413154602,291,M,W,F:\GENESIS Studio\genesis-studio\packages\engines-py\.pdb_cache\2ITN,A
5659,ThermoMPNN,2ITN,1.0072860717773438,291,M,Y,F:\GENESIS Studio\genesis-studio\packages\engines-py\.pdb_cache\2ITN,A
5660,ThermoMPNN,2ITN,0.2669554352760315,292,H,A,F:\GENESIS Studio\genesis-studio\packages\engines-py\.pdb_cache\2ITN,A
5661,ThermoMPNN,2ITN,-0.05375814437866211,292,H,C,F:\GENESIS Studio\genesis-studio\packages\engines-py\.pdb_cache\2ITN,A
5662,ThermoMPNN,2ITN,0.49653708934783936,292,H,D,F:\GENESIS Studio\genesis-studio\packages\engines-py\.pdb_cache\2ITN,A
5663,ThermoMPNN,2ITN,0.3146863579750061,292,H,E,F:\GENESIS Studio\genesis-studio\packages\engines-py\.pdb_cache\2ITN,A
5664,ThermoMPNN,2ITN,0.18385696411132812,292,H,F,F:\GENESIS Studio\genesis-studio\packages\engines-py\.pdb_cache\2ITN,A
5665,ThermoMPNN,2ITN,0.6415194272994995,292,H,G,F:\GENESIS Studio\genesis-studio\packages\engines-py\.pdb_cache\2ITN,A
5666,ThermoMPNN,2ITN,0.0,292,H,H,F:\GENESIS Studio\genesis-studio\packages\engines-py\.pdb_cache\2ITN,A
5667,ThermoMPNN,2ITN,0.14777737855911255,292,H,I,F:\GENESIS Studio\genesis-studio\packages\engines-py\.pdb_cache\2ITN,A
5668,ThermoMPNN,2ITN,0.2587464451789856,292,H,K,F:\GENESIS Studio\genesis-studio\packages\engines-py\.pdb_cache\2ITN,A
5669,ThermoMPNN,2ITN,0.2586171627044678,292,H,L,F:\GENESIS Studio\genesis-studio\packages\engines-py\.pdb_cache\2ITN,A
5670,ThermoMPNN,2ITN,0.22883164882659912,292,H,M,F:\GENESIS Studio\genesis-studio\packages\engines-py\.pdb_cache\2ITN,A
5671,ThermoMPNN,2ITN,0.2926133871078491,292,H,N,F:\GENESIS Studio\genesis-studio\packages\engines-py\.pdb_cache\2ITN,A
5672,ThermoMPNN,2ITN,1.2840187549591064,292,H,P,F:\GENESIS Studio\genesis-studio\packages\engines-py\.pdb_cache\2ITN,A
5673,ThermoMPNN,2ITN,0.18073248863220215,292,H,Q,F:\GENESIS Studio\genesis-studio\packages\engines-py\.pdb_cache\2ITN,A
5674,ThermoMPNN,2ITN,0.23637926578521729,292,H,R,F:\GENESIS Studio\genesis-studio\packages\engines-py\.pdb_cache\2ITN,A
5675,ThermoMPNN,2ITN,0.06922668218612671,292,H,S,F:\GENESIS Studio\genesis-studio\packages\engines-py\.pdb_cache\2ITN,A
5676,ThermoMPNN,2ITN,0.076657235622406,292,H,T,F:\GENESIS Studio\genesis-studio\packages\engines-py\.pdb_cache\2ITN,A
5677,ThermoMPNN,2ITN,0.11480653285980225,292,H,V,F:\GENESIS Studio\genesis-studio\packages\engines-py\.pdb_cache\2ITN,A
5678,ThermoMPNN,2ITN,0.18684452772140503,292,H,W,F:\GENESIS Studio\genesis-studio\packages\engines-py\.pdb_cache\2ITN,A
5679,ThermoMPNN,2ITN,0.08678948879241943,292,H,Y,F:\GENESIS Studio\genesis-studio\packages\engines-py\.pdb_cache\2ITN,A
5680,ThermoMPNN,2ITN,0.7209510803222656,293,L,A,F:\GENESIS Studio\genesis-studio\packages\engines-py\.pdb_cache\2ITN,A
5681,ThermoMPNN,2ITN,0.2799266576766968,293,L,C,F:\GENESIS Studio\genesis-studio\packages\engines-py\.pdb_cache\2ITN,A
5682,ThermoMPNN,2ITN,0.7475144267082214,293,L,D,F:\GENESIS Studio\genesis-studio\packages\engines-py\.pdb_cache\2ITN,A
5683,ThermoMPNN,2ITN,0.8262569308280945,293,L,E,F:\GENESIS Studio\genesis-studio\packages\engines-py\.pdb_cache\2ITN,A
5684,ThermoMPNN,2ITN,0.16209638118743896,293,L,F,F:\GENESIS Studio\genesis-studio\packages\engines-py\.pdb_cache\2ITN,A
5685,ThermoMPNN,2ITN,0.9427884817123413,293,L,G,F:\GENESIS Studio\genesis-studio\packages\engines-py\.pdb_cache\2ITN,A
5686,ThermoMPNN,2ITN,0.6901357173919678,293,L,H,F:\GENESIS Studio\genesis-studio\packages\engines-py\.pdb_cache\2ITN,A
5687,ThermoMPNN,2ITN,-0.11654531955718994,293,L,I,F:\GENESIS Studio\genesis-studio\packages\engines-py\.pdb_cache\2ITN,A
5688,ThermoMPNN,2ITN,0.9798441529273987,293,L,K,F:\GENESIS Studio\genesis-studio\packages\engines-py\.pdb_cache\2ITN,A
5689,ThermoMPNN,2ITN,0.0,293,L,L,F:\GENESIS Studio\genesis-studio\packages\engines-py\.pdb_cache\2ITN,A
5690,ThermoMPNN,2ITN,0.054921746253967285,293,L,M,F:\GENESIS Studio\genesis-studio\packages\engines-py\.pdb_cache\2ITN,A
5691,ThermoMPNN,2ITN,0.8455037474632263,293,L,N,F:\GENESIS Studio\genesis-studio\packages\engines-py\.pdb_cache\2ITN,A
5692,ThermoMPNN,2ITN,0.7622283697128296,293,L,P,F:\GENESIS Studio\genesis-studio\packages\engines-py\.pdb_cache\2ITN,A
5693,ThermoMPNN,2ITN,0.771811842918396,293,L,Q,F:\GENESIS Studio\genesis-studio\packages\engines-py\.pdb_cache\2ITN,A
5694,ThermoMPNN,2ITN,0.9219727516174316,293,L,R,F:\GENESIS Studio\genesis-studio\packages\engines-py\.pdb_cache\2ITN,A
5695,ThermoMPNN,2ITN,0.6934242844581604,293,L,S,F:\GENESIS Studio\genesis-studio\packages\engines-py\.pdb_cache\2ITN,A
5696,ThermoMPNN,2ITN,0.6442669630050659,293,L,T,F:\GENESIS Studio\genesis-studio\packages\engines-py\.pdb_cache\2ITN,A
5697,ThermoMPNN,2ITN,0.12166988849639893,293,L,V,F:\GENESIS Studio\genesis-studio\packages\engines-py\.pdb_cache\2ITN,A
5698,ThermoMPNN,2ITN,0.3503206968307495,293,L,W,F:\GENESIS Studio\genesis-studio\packages\engines-py\.pdb_cache\2ITN,A
5699,ThermoMPNN,2ITN,0.46640896797180176,293,L,Y,F:\GENESIS Studio\genesis-studio\packages\engines-py\.pdb_cache\2ITN,A
5700,ThermoMPNN,2ITN,0.043463170528411865,305,L,A,F:\GENESIS Studio\genesis-studio\packages\engines-py\.pdb_cache\2ITN,A
5701,ThermoMPNN,2ITN,-0.16488265991210938,305,L,C,F:\GENESIS Studio\genesis-studio\packages\engines-py\.pdb_cache\2ITN,A
5702,ThermoMPNN,2ITN,0.13051873445510864,305,L,D,F:\GENESIS Studio\genesis-studio\packages\engines-py\.pdb_cache\2ITN,A
5703,ThermoMPNN,2ITN,0.14919739961624146,305,L,E,F:\GENESIS Studio\genesis-studio\packages\engines-py\.pdb_cache\2ITN,A
5704,ThermoMPNN,2ITN,0.15049362182617188,305,L,F,F:\GENESIS Studio\genesis-studio\packages\engines-py\.pdb_cache\2ITN,A
5705,ThermoMPNN,2ITN,0.09760159254074097,305,L,G,F:\GENESIS Studio\genesis-studio\packages\engines-py\.pdb_cache\2ITN,A
5706,ThermoMPNN,2ITN,0.11403912305831909,305,L,H,F:\GENESIS Studio\genesis-studio\packages\engines-py\.pdb_cache\2ITN,A
5707,ThermoMPNN,2ITN,0.06486272811889648,305,L,I,F:\GENESIS Studio\genesis-studio\packages\engines-py\.pdb_cache\2ITN,A
5708,ThermoMPNN,2ITN,0.21463876962661743,305,L,K,F:\GENESIS Studio\genesis-studio\packages\engines-py\.pdb_cache\2ITN,A
5709,ThermoMPNN,2ITN,0.0,305,L,L,F:\GENESIS Studio\genesis-studio\packages\engines-py\.pdb_cache\2ITN,A
5710,ThermoMPNN,2ITN,0.09614253044128418,305,L,M,F:\GENESIS Studio\genesis-studio\packages\engines-py\.pdb_cache\2ITN,A
5711,ThermoMPNN,2ITN,0.13267076015472412,305,L,N,F:\GENESIS Studio\genesis-studio\packages\engines-py\.pdb_cache\2ITN,A
5712,ThermoMPNN,2ITN,0.11860787868499756,305,L,P,F:\GENESIS Studio\genesis-studio\packages\engines-py\.pdb_cache\2ITN,A
5713,ThermoMPNN,2ITN,0.1567671298980713,305,L,Q,F:\GENESIS Studio\genesis-studio\packages\engines-py\.pdb_cache\2ITN,A
5714,ThermoMPNN,2ITN,0.2351667881011963,305,L,R,F:\GENESIS Studio\genesis-studio\packages\engines-py\.pdb_cache\2ITN,A
5715,ThermoMPNN,2ITN,0.12908661365509033,305,L,S,F:\GENESIS Studio\genesis-studio\packages\engines-py\.pdb_cache\2ITN,A
5716,ThermoMPNN,2ITN,0.1209152340888977,305,L,T,F:\GENESIS Studio\genesis-studio\packages\engines-py\.pdb_cache\2ITN,A
5717,ThermoMPNN,2ITN,0.04589664936065674,305,L,V,F:\GENESIS Studio\genesis-studio\packages\engines-py\.pdb_cache\2ITN,A
5718,ThermoMPNN,2ITN,0.04735594987869263,305,L,W,F:\GENESIS Studio\genesis-studio\packages\engines-py\.pdb_cache\2ITN,A
5719,ThermoMPNN,2ITN,0.1780458688735962,305,L,Y,F:\GENESIS Studio\genesis-studio\packages\engines-py\.pdb_cache\2ITN,A
5720,ThermoMPNN,2ITN,0.23205643892288208,306,M,A,F:\GENESIS Studio\genesis-studio\packages\engines-py\.pdb_cache\2ITN,A
5721,ThermoMPNN,2ITN,-0.06753873825073242,306,M,C,F:\GENESIS Studio\genesis-studio\packages\engines-py\.pdb_cache\2ITN,A
5722,ThermoMPNN,2ITN,0.2580448389053345,306,M,D,F:\GENESIS Studio\genesis-studio\packages\engines-py\.pdb_cache\2ITN,A
5723,ThermoMPNN,2ITN,0.2631160020828247,306,M,E,F:\GENESIS Studio\genesis-studio\packages\engines-py\.pdb_cache\2ITN,A
5724,ThermoMPNN,2ITN,0.17624038457870483,306,M,F,F:\GENESIS Studio\genesis-studio\packages\engines-py\.pdb_cache\2ITN,A
5725,ThermoMPNN,2ITN,0.43681496381759644,306,M,G,F:\GENESIS Studio\genesis-studio\packages\engines-py\.pdb_cache\2ITN,A
5726,ThermoMPNN,2ITN,0.28323042392730713,306,M,H,F:\GENESIS Studio\genesis-studio\packages\engines-py\.pdb_cache\2ITN,A
5727,ThermoMPNN,2ITN,0.09935992956161499,306,M,I,F:\GENESIS Studio\genesis-studio\packages\engines-py\.pdb_cache\2ITN,A
5728,ThermoMPNN,2ITN,0.3763055205345154,306,M,K,F:\GENESIS Studio\genesis-studio\packages\engines-py\.pdb_cache\2ITN,A
5729,ThermoMPNN,2ITN,0.06775331497192383,306,M,L,F:\GENESIS Studio\genesis-studio\packages\engines-py\.pdb_cache\2ITN,A
5730,ThermoMPNN,2ITN,0.0,306,M,M,F:\GENESIS Studio\genesis-studio\packages\engines-py\.pdb_cache\2ITN,A
5731,ThermoMPNN,2ITN,0.2940490245819092,306,M,N,F:\GENESIS Studio\genesis-studio\packages\engines-py\.pdb_cache\2ITN,A
5732,ThermoMPNN,2ITN,0.45027685165405273,306,M,P,F:\GENESIS Studio\genesis-studio\packages\engines-py\.pdb_cache\2ITN,A
5733,ThermoMPNN,2ITN,0.21625661849975586,306,M,Q,F:\GENESIS Studio\genesis-studio\packages\engines-py\.pdb_cache\2ITN,A
5734,ThermoMPNN,2ITN,0.35628849267959595,306,M,R,F:\GENESIS Studio\genesis-studio\packages\engines-py\.pdb_cache\2ITN,A
5735,ThermoMPNN,2ITN,0.3451728820800781,306,M,S,F:\GENESIS Studio\genesis-studio\packages\engines-py\.pdb_cache\2ITN,A
5736,ThermoMPNN,2ITN,0.3833842873573303,306,M,T,F:\GENESIS Studio\genesis-studio\packages\engines-py\.pdb_cache\2ITN,A
5737,ThermoMPNN,2ITN,0.26570385694503784,306,M,V,F:\GENESIS Studio\genesis-studio\packages\engines-py\.pdb_cache\2ITN,A
5738,ThermoMPNN,2ITN,0.010631859302520752,306,M,W,F:\GENESIS Studio\genesis-studio\packages\engines-py\.pdb_cache\2ITN,A
5739,ThermoMPNN,2ITN,0.25723958015441895,306,M,Y,F:\GENESIS Studio\genesis-studio\packages\engines-py\.pdb_cache\2ITN,A
5740,ThermoMPNN,2ITN,0.0674247145652771,307,D,A,F:\GENESIS Studio\genesis-studio\packages\engines-py\.pdb_cache\2ITN,A
5741,ThermoMPNN,2ITN,-0.2179563045501709,307,D,C,F:\GENESIS Studio\genesis-studio\packages\engines-py\.pdb_cache\2ITN,A
5742,ThermoMPNN,2ITN,0.0,307,D,D,F:\GENESIS Studio\genesis-studio\packages\engines-py\.pdb_cache\2ITN,A
5743,ThermoMPNN,2ITN,-0.2088615894317627,307,D,E,F:\GENESIS Studio\genesis-studio\packages\engines-py\.pdb_cache\2ITN,A
5744,ThermoMPNN,2ITN,-0.06385350227355957,307,D,F,F:\GENESIS Studio\genesis-studio\packages\engines-py\.pdb_cache\2ITN,A
5745,ThermoMPNN,2ITN,0.0827760100364685,307,D,G,F:\GENESIS Studio\genesis-studio\packages\engines-py\.pdb_cache\2ITN,A
5746,ThermoMPNN,2ITN,0.02282506227493286,307,D,H,F:\GENESIS Studio\genesis-studio\packages\engines-py\.pdb_cache\2ITN,A
5747,ThermoMPNN,2ITN,-0.01527559757232666,307,D,I,F:\GENESIS Studio\genesis-studio\packages\engines-py\.pdb_cache\2ITN,A
5748,ThermoMPNN,2ITN,0.26380863785743713,307,D,K,F:\GENESIS Studio\genesis-studio\packages\engines-py\.pdb_cache\2ITN,A
5749,ThermoMPNN,2ITN,-0.023273050785064697,307,D,L,F:\GENESIS Studio\genesis-studio\packages\engines-py\.pdb_cache\2ITN,A
5750,ThermoMPNN,2ITN,-0.0446435809135437,307,D,M,F:\GENESIS Studio\genesis-studio\packages\engines-py\.pdb_cache\2ITN,A
5751,ThermoMPNN,2ITN,0.1928730010986328,307,D,N,F:\GENESIS Studio\genesis-studio\packages\engines-py\.pdb_cache\2ITN,A
5752,ThermoMPNN,2ITN,0.2002999186515808,307,D,P,F:\GENESIS Studio\genesis-studio\packages\engines-py\.pdb_cache\2ITN,A
5753,ThermoMPNN,2ITN,0.013306379318237305,307,D,Q,F:\GENESIS Studio\genesis-studio\packages\engines-py\.pdb_cache\2ITN,A
5754,ThermoMPNN,2ITN,0.27272096276283264,307,D,R,F:\GENESIS Studio\genesis-studio\packages\engines-py\.pdb_cache\2ITN,A
5755,ThermoMPNN,2ITN,0.1287827491760254,307,D,S,F:\GENESIS Studio\genesis-studio\packages\engines-py\.pdb_cache\2ITN,A
5756,ThermoMPNN,2ITN,0.09522521495819092,307,D,T,F:\GENESIS Studio\genesis-studio\packages\engines-py\.pdb_cache\2ITN,A
5757,ThermoMPNN,2ITN,0.17180919647216797,307,D,V,F:\GENESIS Studio\genesis-studio\packages\engines-py\.pdb_cache\2ITN,A
5758,ThermoMPNN,2ITN,-0.04232567548751831,307,D,W,F:\GENESIS Studio\genesis-studio\packages\engines-py\.pdb_cache\2ITN,A
5759,ThermoMPNN,2ITN,-0.012668371200561523,307,D,Y,F:\GENESIS Studio\genesis-studio\packages\engines-py\.pdb_cache\2ITN,A
5760,ThermoMPNN,2ITN,-0.10201519727706909,308,E,A,F:\GENESIS Studio\genesis-studio\packages\engines-py\.pdb_cache\2ITN,A
5761,ThermoMPNN,2ITN,-0.32895928621292114,308,E,C,F:\GENESIS Studio\genesis-studio\packages\engines-py\.pdb_cache\2ITN,A
5762,ThermoMPNN,2ITN,-0.06296473741531372,308,E,D,F:\GENESIS Studio\genesis-studio\packages\engines-py\.pdb_cache\2ITN,A
5763,ThermoMPNN,2ITN,0.0,308,E,E,F:\GENESIS Studio\genesis-studio\packages\engines-py\.pdb_cache\2ITN,A
5764,ThermoMPNN,2ITN,-0.053271472454071045,308,E,F,F:\GENESIS Studio\genesis-studio\packages\engines-py\.pdb_cache\2ITN,A
5765,ThermoMPNN,2ITN,-0.009892940521240234,308,E,G,F:\GENESIS Studio\genesis-studio\packages\engines-py\.pdb_cache\2ITN,A
5766,ThermoMPNN,2ITN,-0.06258803606033325,308,E,H,F:\GENESIS Studio\genesis-studio\packages\engines-py\.pdb_cache\2ITN,A
5767,ThermoMPNN,2ITN,-0.052897095680236816,308,E,I,F:\GENESIS Studio\genesis-studio\packages\engines-py\.pdb_cache\2ITN,A
5768,ThermoMPNN,2ITN,0.0775185227394104,308,E,K,F:\GENESIS Studio\genesis-studio\packages\engines-py\.pdb_cache\2ITN,A
5769,ThermoMPNN,2ITN,-0.13434463739395142,308,E,L,F:\GENESIS Studio\genesis-studio\packages\engines-py\.pdb_cache\2ITN,A
5770,ThermoMPNN,2ITN,-0.025977671146392822,308,E,M,F:\GENESIS Studio\genesis-studio\packages\engines-py\.pdb_cache\2ITN,A
5771,ThermoMPNN,2ITN,-0.029249846935272217,308,E,N,F:\GENESIS Studio\genesis-studio\packages\engines-py\.pdb_cache\2ITN,A
5772,ThermoMPNN,2ITN,-0.05383533239364624,308,E,P,F:\GENESIS Studio\genesis-studio\packages\engines-py\.pdb_cache\2ITN,A
5773,ThermoMPNN,2ITN,0.0592769980430603,308,E,Q,F:\GENESIS Studio\genesis-studio\packages\engines-py\.pdb_cache\2ITN,A
5774,ThermoMPNN,2ITN,0.0799303650856018,308,E,R,F:\GENESIS Studio\genesis-studio\packages\engines-py\.pdb_cache\2ITN,A
5775,ThermoMPNN,2ITN,0.0076680779457092285,308,E,S,F:\GENESIS Studio\genesis-studio\packages\engines-py\.pdb_cache\2ITN,A
5776,ThermoMPNN,2ITN,0.026841580867767334,308,E,T,F:\GENESIS Studio\genesis-studio\packages\engines-py\.pdb_cache\2ITN,A
5777,ThermoMPNN,2ITN,-0.042823731899261475,308,E,V,F:\GENESIS Studio\genesis-studio\packages\engines-py\.pdb_cache\2ITN,A
5778,ThermoMPNN,2ITN,-0.060867488384246826,308,E,W,F:\GENESIS Studio\genesis-studio\packages\engines-py\.pdb_cache\2ITN,A
5779,ThermoMPNN,2ITN,0.008101940155029297,308,E,Y,F:\GENESIS Studio\genesis-studio\packages\engines-py\.pdb_cache\2ITN,A
5780,ThermoMPNN,2ITN,-0.02512061595916748,309,E,A,F:\GENESIS Studio\genesis-studio\packages\engines-py\.pdb_cache\2ITN,A
5781,ThermoMPNN,2ITN,-0.15499871969223022,309,E,C,F:\GENESIS Studio\genesis-studio\packages\engines-py\.pdb_cache\2ITN,A
5782,ThermoMPNN,2ITN,-0.015946805477142334,309,E,D,F:\GENESIS Studio\genesis-studio\packages\engines-py\.pdb_cache\2ITN,A
5783,ThermoMPNN,2ITN,0.0,309,E,E,F:\GENESIS Studio\genesis-studio\packages\engines-py\.pdb_cache\2ITN,A
5784,ThermoMPNN,2ITN,0.1698254942893982,309,E,F,F:\GENESIS Studio\genesis-studio\packages\engines-py\.pdb_cache\2ITN,A
5785,ThermoMPNN,2ITN,0.11475950479507446,309,E,G,F:\GENESIS Studio\genesis-studio\packages\engines-py\.pdb_cache\2ITN,A
5786,ThermoMPNN,2ITN,0.07150107622146606,309,E,H,F:\GENESIS Studio\genesis-studio\packages\engines-py\.pdb_cache\2ITN,A
5787,ThermoMPNN,2ITN,0.15005278587341309,309,E,I,F:\GENESIS Studio\genesis-studio\packages\engines-py\.pdb_cache\2ITN,A
5788,ThermoMPNN,2ITN,0.2117719054222107,309,E,K,F:\GENESIS Studio\genesis-studio\packages\engines-py\.pdb_cache\2ITN,A
5789,ThermoMPNN,2ITN,0.04453247785568237,309,E,L,F:\GENESIS Studio\genesis-studio\packages\engines-py\.pdb_cache\2ITN,A
5790,ThermoMPNN,2ITN,0.15040671825408936,309,E,M,F:\GENESIS Studio\genesis-studio\packages\engines-py\.pdb_cache\2ITN,A
5791,ThermoMPNN,2ITN,0.05531764030456543,309,E,N,F:\GENESIS Studio\genesis-studio\packages\engines-py\.pdb_cache\2ITN,A
5792,ThermoMPNN,2ITN,0.07994526624679565,309,E,P,F:\GENESIS Studio\genesis-studio\packages\engines-py\.pdb_cache\2ITN,A
5793,ThermoMPNN,2ITN,0.11392819881439209,309,E,Q,F:\GENESIS Studio\genesis-studio\packages\engines-py\.pdb_cache\2ITN,A
5794,ThermoMPNN,2ITN,0.25978779792785645,309,E,R,F:\GENESIS Studio\genesis-studio\packages\engines-py\.pdb_cache\2ITN,A
5795,ThermoMPNN,2ITN,0.0675729513168335,309,E,S,F:\GENESIS Studio\genesis-studio\packages\engines-py\.pdb_cache\2ITN,A
5796,ThermoMPNN,2ITN,0.14144331216812134,309,E,T,F:\GENESIS Studio\genesis-studio\packages\engines-py\.pdb_cache\2ITN,A
5797,ThermoMPNN,2ITN,0.146906316280365,309,E,V,F:\GENESIS Studio\genesis-studio\packages\engines-py\.pdb_cache\2ITN,A
5798,ThermoMPNN,2ITN,0.14099931716918945,309,E,W,F:\GENESIS Studio\genesis-studio\packages\engines-py\.pdb_cache\2ITN,A
5799,ThermoMPNN,2ITN,0.23118823766708374,309,E,Y,F:\GENESIS Studio\genesis-studio\packages\engines-py\.pdb_cache\2ITN,A
5800,ThermoMPNN,2ITN,0.23517340421676636,310,D,A,F:\GENESIS Studio\genesis-studio\packages\engines-py\.pdb_cache\2ITN,A
5801,ThermoMPNN,2ITN,-0.004785060882568359,310,D,C,F:\GENESIS Studio\genesis-studio\packages\engines-py\.pdb_cache\2ITN,A
5802,ThermoMPNN,2ITN,0.0,310,D,D,F:\GENESIS Studio\genesis-studio\packages\engines-py\.pdb_cache\2ITN,A
5803,ThermoMPNN,2ITN,0.17607343196868896,310,D,E,F:\GENESIS Studio\genesis-studio\packages\engines-py\.pdb_cache\2ITN,A
5804,ThermoMPNN,2ITN,0.3005661964416504,310,D,F,F:\GENESIS Studio\genesis-studio\packages\engines-py\.pdb_cache\2ITN,A
5805,ThermoMPNN,2ITN,0.2897830009460449,310,D,G,F:\GENESIS Studio\genesis-studio\packages\engines-py\.pdb_cache\2ITN,A
5806,ThermoMPNN,2ITN,0.2772215008735657,310,D,H,F:\GENESIS Studio\genesis-studio\packages\engines-py\.pdb_cache\2ITN,A
5807,ThermoMPNN,2ITN,0.4171256422996521,310,D,I,F:\GENESIS Studio\genesis-studio\packages\engines-py\.pdb_cache\2ITN,A
5808,ThermoMPNN,2ITN,0.4303082227706909,310,D,K,F:\GENESIS Studio\genesis-studio\packages\engines-py\.pdb_cache\2ITN,A
5809,ThermoMPNN,2ITN,0.25916725397109985,310,D,L,F:\GENESIS Studio\genesis-studio\packages\engines-py\.pdb_cache\2ITN,A
5810,ThermoMPNN,2ITN,0.3420119285583496,310,D,M,F:\GENESIS Studio\genesis-studio\packages\engines-py\.pdb_cache\2ITN,A
5811,ThermoMPNN,2ITN,0.15820497274398804,310,D,N,F:\GENESIS Studio\genesis-studio\packages\engines-py\.pdb_cache\2ITN,A
5812,ThermoMPNN,2ITN,0.38574814796447754,310,D,P,F:\GENESIS Studio\genesis-studio\packages\engines-py\.pdb_cache\2ITN,A
5813,ThermoMPNN,2ITN,0.35840046405792236,310,D,Q,F:\GENESIS Studio\genesis-studio\packages\engines-py\.pdb_cache\2ITN,A
5814,ThermoMPNN,2ITN,0.47261321544647217,310,D,R,F:\GENESIS Studio\genesis-studio\packages\engines-py\.pdb_cache\2ITN,A
5815,ThermoMPNN,2ITN,0.22520875930786133,310,D,S,F:\GENESIS Studio\genesis-studio\packages\engines-py\.pdb_cache\2ITN,A
5816,ThermoMPNN,2ITN,0.32311803102493286,310,D,T,F:\GENESIS Studio\genesis-studio\packages\engines-py\.pdb_cache\2ITN,A
5817,ThermoMPNN,2ITN,0.440454363822937,310,D,V,F:\GENESIS Studio\genesis-studio\packages\engines-py\.pdb_cache\2ITN,A
5818,ThermoMPNN,2ITN,0.28467047214508057,310,D,W,F:\GENESIS Studio\genesis-studio\packages\engines-py\.pdb_cache\2ITN,A
5819,ThermoMPNN,2ITN,0.38954371213912964,310,D,Y,F:\GENESIS Studio\genesis-studio\packages\engines-py\.pdb_cache\2ITN,A
5820,ThermoMPNN,2ITN,0.4142741560935974,311,M,A,F:\GENESIS Studio\genesis-studio\packages\engines-py\.pdb_cache\2ITN,A
5821,ThermoMPNN,2ITN,0.04071354866027832,311,M,C,F:\GENESIS Studio\genesis-studio\packages\engines-py\.pdb_cache\2ITN,A
5822,ThermoMPNN,2ITN,0.5886834859848022,311,M,D,F:\GENESIS Studio\genesis-studio\packages\engines-py\.pdb_cache\2ITN,A
5823,ThermoMPNN,2ITN,0.63521409034729,311,M,E,F:\GENESIS Studio\genesis-studio\packages\engines-py\.pdb_cache\2ITN,A
5824,ThermoMPNN,2ITN,0.19622695446014404,311,M,F,F:\GENESIS Studio\genesis-studio\packages\engines-py\.pdb_cache\2ITN,A
5825,ThermoMPNN,2ITN,0.5350269675254822,311,M,G,F:\GENESIS Studio\genesis-studio\packages\engines-py\.pdb_cache\2ITN,A
5826,ThermoMPNN,2ITN,0.42225170135498047,311,M,H,F:\GENESIS Studio\genesis-studio\packages\engines-py\.pdb_cache\2ITN,A
5827,ThermoMPNN,2ITN,0.1694812774658203,311,M,I,F:\GENESIS Studio\genesis-studio\packages\engines-py\.pdb_cache\2ITN,A
5828,ThermoMPNN,2ITN,0.5869671106338501,311,M,K,F:\GENESIS Studio\genesis-studio\packages\engines-py\.pdb_cache\2ITN,A
5829,ThermoMPNN,2ITN,0.11989408731460571,311,M,L,F:\GENESIS Studio\genesis-studio\packages\engines-py\.pdb_cache\2ITN,A
5830,ThermoMPNN,2ITN,0.0,311,M,M,F:\GENESIS Studio\genesis-studio\packages\engines-py\.pdb_cache\2ITN,A
5831,ThermoMPNN,2ITN,0.4791112542152405,311,M,N,F:\GENESIS Studio\genesis-studio\packages\engines-py\.pdb_cache\2ITN,A
5832,ThermoMPNN,2ITN,0.565034806728363,311,M,P,F:\GENESIS Studio\genesis-studio\packages\engines-py\.pdb_cache\2ITN,A
5833,ThermoMPNN,2ITN,0.4365500807762146,311,M,Q,F:\GENESIS Studio\genesis-studio\packages\engines-py\.pdb_cache\2ITN,A
5834,ThermoMPNN,2ITN,0.5431063175201416,311,M,R,F:\GENESIS Studio\genesis-studio\packages\engines-py\.pdb_cache\2ITN,A
5835,ThermoMPNN,2ITN,0.5439983606338501,311,M,S,F:\GENESIS Studio\genesis-studio\packages\engines-py\.pdb_cache\2ITN,A
5836,ThermoMPNN,2ITN,0.5762929916381836,311,M,T,F:\GENESIS Studio\genesis-studio\packages\engines-py\.pdb_cache\2ITN,A
5837,ThermoMPNN,2ITN,0.33680641651153564,311,M,V,F:\GENESIS Studio\genesis-studio\packages\engines-py\.pdb_cache\2ITN,A
5838,ThermoMPNN,2ITN,-0.039916157722473145,311,M,W,F:\GENESIS Studio\genesis-studio\packages\engines-py\.pdb_cache\2ITN,A
5839,ThermoMPNN,2ITN,0.23389631509780884,311,M,Y,F:\GENESIS Studio\genesis-studio\packages\engines-py\.pdb_cache\2ITN,A
5840,ThermoMPNN,2ITN,0.032164812088012695,312,D,A,F:\GENESIS Studio\genesis-studio\packages\engines-py\.pdb_cache\2ITN,A
5841,ThermoMPNN,2ITN,-0.1128658652305603,312,D,C,F:\GENESIS Studio\genesis-studio\packages\engines-py\.pdb_cache\2ITN,A
5842,ThermoMPNN,2ITN,0.0,312,D,D,F:\GENESIS Studio\genesis-studio\packages\engines-py\.pdb_cache\2ITN,A
5843,ThermoMPNN,2ITN,0.0063735246658325195,312,D,E,F:\GENESIS Studio\genesis-studio\packages\engines-py\.pdb_cache\2ITN,A
5844,ThermoMPNN,2ITN,0.14985042810440063,312,D,F,F:\GENESIS Studio\genesis-studio\packages\engines-py\.pdb_cache\2ITN,A
5845,ThermoMPNN,2ITN,0.1584586501121521,312,D,G,F:\GENESIS Studio\genesis-studio\packages\engines-py\.pdb_cache\2ITN,A
5846,ThermoMPNN,2ITN,0.07259732484817505,312,D,H,F:\GENESIS Studio\genesis-studio\packages\engines-py\.pdb_cache\2ITN,A
5847,ThermoMPNN,2ITN,0.14391541481018066,312,D,I,F:\GENESIS Studio\genesis-studio\packages\engines-py\.pdb_cache\2ITN,A
5848,ThermoMPNN,2ITN,0.16838985681533813,312,D,K,F:\GENESIS Studio\genesis-studio\packages\engines-py\.pdb_cache\2ITN,A
5849,ThermoMPNN,2ITN,0.049268245697021484,312,D,L,F:\GENESIS Studio\genesis-studio\packages\engines-py\.pdb_cache\2ITN,A
5850,ThermoMPNN,2ITN,0.1812484860420227,312,D,M,F:\GENESIS Studio\genesis-studio\packages\engines-py\.pdb_cache\2ITN,A
5851,ThermoMPNN,2ITN,0.07797122001647949,312,D,N,F:\GENESIS Studio\genesis-studio\packages\engines-py\.pdb_cache\2ITN,A
5852,ThermoMPNN,2ITN,0.1412891149520874,312,D,P,F:\GENESIS Studio\genesis-studio\packages\engines-py\.pdb_cache\2ITN,A
5853,ThermoMPNN,2ITN,0.10996705293655396,312,D,Q,F:\GENESIS Studio\genesis-studio\packages\engines-py\.pdb_cache\2ITN,A
5854,ThermoMPNN,2ITN,0.22615063190460205,312,D,R,F:\GENESIS Studio\genesis-studio\packages\engines-py\.pdb_cache\2ITN,A
5855,ThermoMPNN,2ITN,0.11813974380493164,312,D,S,F:\GENESIS Studio\genesis-studio\packages\engines-py\.pdb_cache\2ITN,A
5856,ThermoMPNN,2ITN,0.15924841165542603,312,D,T,F:\GENESIS Studio\genesis-studio\packages\engines-py\.pdb_cache\2ITN,A
5857,ThermoMPNN,2ITN,0.1406315565109253,312,D,V,F:\GENESIS Studio\genesis-studio\packages\engines-py\.pdb_cache\2ITN,A
5858,ThermoMPNN,2ITN,0.18291693925857544,312,D,W,F:\GENESIS Studio\genesis-studio\packages\engines-py\.pdb_cache\2ITN,A
5859,ThermoMPNN,2ITN,0.2116069197654724,312,D,Y,F:\GENESIS Studio\genesis-studio\packages\engines-py\.pdb_cache\2ITN,A
5860,ThermoMPNN,2ITN,0.028289377689361572,313,D,A,F:\GENESIS Studio\genesis-studio\packages\engines-py\.pdb_cache\2ITN,A
5861,ThermoMPNN,2ITN,-0.2587137818336487,313,D,C,F:\GENESIS Studio\genesis-studio\packages\engines-py\.pdb_cache\2ITN,A
5862,ThermoMPNN,2ITN,0.0,313,D,D,F:\GENESIS Studio\genesis-studio\packages\engines-py\.pdb_cache\2ITN,A
5863,ThermoMPNN,2ITN,0.11596947908401489,313,D,E,F:\GENESIS Studio\genesis-studio\packages\engines-py\.pdb_cache\2ITN,A
5864,ThermoMPNN,2ITN,-0.17953622341156006,313,D,F,F:\GENESIS Studio\genesis-studio\packages\engines-py\.pdb_cache\2ITN,A
5865,ThermoMPNN,2ITN,0.04440575838088989,313,D,G,F:\GENESIS Studio\genesis-studio\packages\engines-py\.pdb_cache\2ITN,A
5866,ThermoMPNN,2ITN,-0.07834482192993164,313,D,H,F:\GENESIS Studio\genesis-studio\packages\engines-py\.pdb_cache\2ITN,A
5867,ThermoMPNN,2ITN,0.14601445198059082,313,D,I,F:\GENESIS Studio\genesis-studio\packages\engines-py\.pdb_cache\2ITN,A
5868,ThermoMPNN,2ITN,0.14174187183380127,313,D,K,F:\GENESIS Studio\genesis-studio\packages\engines-py\.pdb_cache\2ITN,A
5869,ThermoMPNN,2ITN,-0.04366791248321533,313,D,L,F:\GENESIS Studio\genesis-studio\packages\engines-py\.pdb_cache\2ITN,A
5870,ThermoMPNN,2ITN,-0.018362462520599365,313,D,M,F:\GENESIS Studio\genesis-studio\packages\engines-py\.pdb_cache\2ITN,A
5871,ThermoMPNN,2ITN,-0.0700078010559082,313,D,N,F:\GENESIS Studio\genesis-studio\packages\engines-py\.pdb_cache\2ITN,A
5872,ThermoMPNN,2ITN,0.29376503825187683,313,D,P,F:\GENESIS Studio\genesis-studio\packages\engines-py\.pdb_cache\2ITN,A
5873,ThermoMPNN,2ITN,0.11318331956863403,313,D,Q,F:\GENESIS Studio\genesis-studio\packages\engines-py\.pdb_cache\2ITN,A
5874,ThermoMPNN,2ITN,0.13866692781448364,313,D,R,F:\GENESIS Studio\genesis-studio\packages\engines-py\.pdb_cache\2ITN,A
5875,ThermoMPNN,2ITN,0.062258780002593994,313,D,S,F:\GENESIS Studio\genesis-studio\packages\engines-py\.pdb_cache\2ITN,A
5876,ThermoMPNN,2ITN,0.12385028600692749,313,D,T,F:\GENESIS Studio\genesis-studio\packages\engines-py\.pdb_cache\2ITN,A
5877,ThermoMPNN,2ITN,0.25284409523010254,313,D,V,F:\GENESIS Studio\genesis-studio\packages\engines-py\.pdb_cache\2ITN,A
5878,ThermoMPNN,2ITN,-0.06246739625930786,313,D,W,F:\GENESIS Studio\genesis-studio\packages\engines-py\.pdb_cache\2ITN,A
5879,ThermoMPNN,2ITN,-0.13700801134109497,313,D,Y,F:\GENESIS Studio\genesis-studio\packages\engines-py\.pdb_cache\2ITN,A
5880,ThermoMPNN,2ITN,0.6136987209320068,314,V,A,F:\GENESIS Studio\genesis-studio\packages\engines-py\.pdb_cache\2ITN,A
5881,ThermoMPNN,2ITN,0.13718008995056152,314,V,C,F:\GENESIS Studio\genesis-studio\packages\engines-py\.pdb_cache\2ITN,A
5882,ThermoMPNN,2ITN,1.2065552473068237,314,V,D,F:\GENESIS Studio\genesis-studio\packages\engines-py\.pdb_cache\2ITN,A
5883,ThermoMPNN,2ITN,1.1275854110717773,314,V,E,F:\GENESIS Studio\genesis-studio\packages\engines-py\.pdb_cache\2ITN,A
5884,ThermoMPNN,2ITN,-0.14493179321289062,314,V,F,F:\GENESIS Studio\genesis-studio\packages\engines-py\.pdb_cache\2ITN,A
5885,ThermoMPNN,2ITN,1.0050801038742065,314,V,G,F:\GENESIS Studio\genesis-studio\packages\engines-py\.pdb_cache\2ITN,A
5886,ThermoMPNN,2ITN,0.6345884799957275,314,V,H,F:\GENESIS Studio\genesis-studio\packages\engines-py\.pdb_cache\2ITN,A
5887,ThermoMPNN,2ITN,-0.2009258270263672,314,V,I,F:\GENESIS Studio\genesis-studio\packages\engines-py\.pdb_cache\2ITN,A
5888,ThermoMPNN,2ITN,1.039642333984375,314,V,K,F:\GENESIS Studio\genesis-studio\packages\engines-py\.pdb_cache\2ITN,A
5889,ThermoMPNN,2ITN,0.022040486335754395,314,V,L,F:\GENESIS Studio\genesis-studio\packages\engines-py\.pdb_cache\2ITN,A
5890,ThermoMPNN,2ITN,0.17952847480773926,314,V,M,F:\GENESIS Studio\genesis-studio\packages\engines-py\.pdb_cache\2ITN,A
5891,ThermoMPNN,2ITN,1.0207295417785645,314,V,N,F:\GENESIS Studio\genesis-studio\packages\engines-py\.pdb_cache\2ITN,A
5892,ThermoMPNN,2ITN,1.0158326625823975,314,V,P,F:\GENESIS Studio\genesis-studio\packages\engines-py\.pdb_cache\2ITN,A
5893,ThermoMPNN,2ITN,0.9845187067985535,314,V,Q,F:\GENESIS Studio\genesis-studio\packages\engines-py\.pdb_cache\2ITN,A
5894,ThermoMPNN,2ITN,0.9941396117210388,314,V,R,F:\GENESIS Studio\genesis-studio\packages\engines-py\.pdb_cache\2ITN,A
5895,ThermoMPNN,2ITN,0.8341901898384094,314,V,S,F:\GENESIS Studio\genesis-studio\packages\engines-py\.pdb_cache\2ITN,A
5896,ThermoMPNN,2ITN,0.6757420301437378,314,V,T,F:\GENESIS Studio\genesis-studio\packages\engines-py\.pdb_cache\2ITN,A
5897,ThermoMPNN,2ITN,0.0,314,V,V,F:\GENESIS Studio\genesis-studio\packages\engines-py\.pdb_cache\2ITN,A
5898,ThermoMPNN,2ITN,-0.2910083532333374,314,V,W,F:\GENESIS Studio\genesis-studio\packages\engines-py\.pdb_cache\2ITN,A
5899,ThermoMPNN,2ITN,-0.2632458209991455,314,V,Y,F:\GENESIS Studio\genesis-studio\packages\engines-py\.pdb_cache\2ITN,A
5900,ThermoMPNN,2ITN,0.9591987729072571,315,V,A,F:\GENESIS Studio\genesis-studio\packages\engines-py\.pdb_cache\2ITN,A
5901,ThermoMPNN,2ITN,0.390596866607666,315,V,C,F:\GENESIS Studio\genesis-studio\packages\engines-py\.pdb_cache\2ITN,A
5902,ThermoMPNN,2ITN,2.0182852745056152,315,V,D,F:\GENESIS Studio\genesis-studio\packages\engines-py\.pdb_cache\2ITN,A
5903,ThermoMPNN,2ITN,1.4529556035995483,315,V,E,F:\GENESIS Studio\genesis-studio\packages\engines-py\.pdb_cache\2ITN,A
5904,ThermoMPNN,2ITN,0.5297889709472656,315,V,F,F:\GENESIS Studio\genesis-studio\packages\engines-py\.pdb_cache\2ITN,A
5905,ThermoMPNN,2ITN,1.6897348165512085,315,V,G,F:\GENESIS Studio\genesis-studio\packages\engines-py\.pdb_cache\2ITN,A
5906,ThermoMPNN,2ITN,1.079725742340088,315,V,H,F:\GENESIS Studio\genesis-studio\packages\engines-py\.pdb_cache\2ITN,A
5907,ThermoMPNN,2ITN,-0.12294960021972656,315,V,I,F:\GENESIS Studio\genesis-studio\packages\engines-py\.pdb_cache\2ITN,A
5908,ThermoMPNN,2ITN,0.7895772457122803,315,V,K,F:\GENESIS Studio\genesis-studio\packages\engines-py\.pdb_cache\2ITN,A
5909,ThermoMPNN,2ITN,0.18274831771850586,315,V,L,F:\GENESIS Studio\genesis-studio\packages\engines-py\.pdb_cache\2ITN,A
5910,ThermoMPNN,2ITN,0.3058263063430786,315,V,M,F:\GENESIS Studio\genesis-studio\packages\engines-py\.pdb_cache\2ITN,A
5911,ThermoMPNN,2ITN,1.486053705215454,315,V,N,F:\GENESIS Studio\genesis-studio\packages\engines-py\.pdb_cache\2ITN,A
5912,ThermoMPNN,2ITN,1.8576054573059082,315,V,P,F:\GENESIS Studio\genesis-studio\packages\engines-py\.pdb_cache\2ITN,A
5913,ThermoMPNN,2ITN,0.9407535195350647,315,V,Q,F:\GENESIS Studio\genesis-studio\packages\engines-py\.pdb_cache\2ITN,A
5914,ThermoMPNN,2ITN,0.7814086079597473,315,V,R,F:\GENESIS Studio\genesis-studio\packages\engines-py\.pdb_cache\2ITN,A
5915,ThermoMPNN,2ITN,1.2176415920257568,315,V,S,F:\GENESIS Studio\genesis-studio\packages\engines-py\.pdb_cache\2ITN,A
5916,ThermoMPNN,2ITN,0.8082244396209717,315,V,T,F:\GENESIS Studio\genesis-studio\packages\engines-py\.pdb_cache\2ITN,A
5917,ThermoMPNN,2ITN,0.0,315,V,V,F:\GENESIS Studio\genesis-studio\packages\engines-py\.pdb_cache\2ITN,A
5918,ThermoMPNN,2ITN,0.5722780227661133,315,V,W,F:\GENESIS Studio\genesis-studio\packages\engines-py\.pdb_cache\2ITN,A
5919,ThermoMPNN,2ITN,0.6163857579231262,315,V,Y,F:\GENESIS Studio\genesis-studio\packages\engines-py\.pdb_cache\2ITN,A
5920,ThermoMPNN,2ITN,0.5500051379203796,316,D,A,F:\GENESIS Studio\genesis-studio\packages\engines-py\.pdb_cache\2ITN,A
5921,ThermoMPNN,2ITN,0.30948400497436523,316,D,C,F:\GENESIS Studio\genesis-studio\packages\engines-py\.pdb_cache\2ITN,A
5922,ThermoMPNN,2ITN,0.0,316,D,D,F:\GENESIS Studio\genesis-studio\packages\engines-py\.pdb_cache\2ITN,A
5923,ThermoMPNN,2ITN,0.3654872179031372,316,D,E,F:\GENESIS Studio\genesis-studio\packages\engines-py\.pdb_cache\2ITN,A
5924,ThermoMPNN,2ITN,0.6000618934631348,316,D,F,F:\GENESIS Studio\genesis-studio\packages\engines-py\.pdb_cache\2ITN,A
5925,ThermoMPNN,2ITN,0.7752122282981873,316,D,G,F:\GENESIS Studio\genesis-studio\packages\engines-py\.pdb_cache\2ITN,A
5926,ThermoMPNN,2ITN,0.514341413974762,316,D,H,F:\GENESIS Studio\genesis-studio\packages\engines-py\.pdb_cache\2ITN,A
5927,ThermoMPNN,2ITN,0.7019867300987244,316,D,I,F:\GENESIS Studio\genesis-studio\packages\engines-py\.pdb_cache\2ITN,A
5928,ThermoMPNN,2ITN,0.7122224569320679,316,D,K,F:\GENESIS Studio\genesis-studio\packages\engines-py\.pdb_cache\2ITN,A
5929,ThermoMPNN,2ITN,0.5251858234405518,316,D,L,F:\GENESIS Studio\genesis-studio\packages\engines-py\.pdb_cache\2ITN,A
5930,ThermoMPNN,2ITN,0.6947195529937744,316,D,M,F:\GENESIS Studio\genesis-studio\packages\engines-py\.pdb_cache\2ITN,A
5931,ThermoMPNN,2ITN,0.4080652594566345,316,D,N,F:\GENESIS Studio\genesis-studio\packages\engines-py\.pdb_cache\2ITN,A
5932,ThermoMPNN,2ITN,0.20493626594543457,316,D,P,F:\GENESIS Studio\genesis-studio\packages\engines-py\.pdb_cache\2ITN,A
5933,ThermoMPNN,2ITN,0.6503924131393433,316,D,Q,F:\GENESIS Studio\genesis-studio\packages\engines-py\.pdb_cache\2ITN,A
5934,ThermoMPNN,2ITN,0.7486264705657959,316,D,R,F:\GENESIS Studio\genesis-studio\packages\engines-py\.pdb_cache\2ITN,A
5935,ThermoMPNN,2ITN,0.4400581121444702,316,D,S,F:\GENESIS Studio\genesis-studio\packages\engines-py\.pdb_cache\2ITN,A
5936,ThermoMPNN,2ITN,0.6775826811790466,316,D,T,F:\GENESIS Studio\genesis-studio\packages\engines-py\.pdb_cache\2ITN,A
5937,ThermoMPNN,2ITN,0.817595899105072,316,D,V,F:\GENESIS Studio\genesis-studio\packages\engines-py\.pdb_cache\2ITN,A
5938,ThermoMPNN,2ITN,0.5246409177780151,316,D,W,F:\GENESIS Studio\genesis-studio\packages\engines-py\.pdb_cache\2ITN,A
5939,ThermoMPNN,2ITN,0.5597153902053833,316,D,Y,F:\GENESIS Studio\genesis-studio\packages\engines-py\.pdb_cache\2ITN,A
5940,ThermoMPNN,2ITN,0.0,317,A,A,F:\GENESIS Studio\genesis-studio\packages\engines-py\.pdb_cache\2ITN,A
5941,ThermoMPNN,2ITN,-0.0032175779342651367,317,A,C,F:\GENESIS Studio\genesis-studio\packages\engines-py\.pdb_cache\2ITN,A
5942,ThermoMPNN,2ITN,1.1424354314804077,317,A,D,F:\GENESIS Studio\genesis-studio\packages\engines-py\.pdb_cache\2ITN,A
5943,ThermoMPNN,2ITN,1.013798713684082,317,A,E,F:\GENESIS Studio\genesis-studio\packages\engines-py\.pdb_cache\2ITN,A
5944,ThermoMPNN,2ITN,0.3245377540588379,317,A,F,F:\GENESIS Studio\genesis-studio\packages\engines-py\.pdb_cache\2ITN,A
5945,ThermoMPNN,2ITN,1.3372893333435059,317,A,G,F:\GENESIS Studio\genesis-studio\packages\engines-py\.pdb_cache\2ITN,A
5946,ThermoMPNN,2ITN,0.8596535325050354,317,A,H,F:\GENESIS Studio\genesis-studio\packages\engines-py\.pdb_cache\2ITN,A
5947,ThermoMPNN,2ITN,0.21675753593444824,317,A,I,F:\GENESIS Studio\genesis-studio\packages\engines-py\.pdb_cache\2ITN,A
5948,ThermoMPNN,2ITN,1.5401251316070557,317,A,K,F:\GENESIS Studio\genesis-studio\packages\engines-py\.pdb_cache\2ITN,A
5949,ThermoMPNN,2ITN,0.2943248152732849,317,A,L,F:\GENESIS Studio\genesis-studio\packages\engines-py\.pdb_cache\2ITN,A
5950,ThermoMPNN,2ITN,0.5309621691703796,317,A,M,F:\GENESIS Studio\genesis-studio\packages\engines-py\.pdb_cache\2ITN,A
5951,ThermoMPNN,2ITN,1.1547822952270508,317,A,N,F:\GENESIS Studio\genesis-studio\packages\engines-py\.pdb_cache\2ITN,A
5952,ThermoMPNN,2ITN,0.8513587713241577,317,A,P,F:\GENESIS Studio\genesis-studio\packages\engines-py\.pdb_cache\2ITN,A
5953,ThermoMPNN,2ITN,1.2764744758605957,317,A,Q,F:\GENESIS Studio\genesis-studio\packages\engines-py\.pdb_cache\2ITN,A
5954,ThermoMPNN,2ITN,1.6505520343780518,317,A,R,F:\GENESIS Studio\genesis-studio\packages\engines-py\.pdb_cache\2ITN,A
5955,ThermoMPNN,2ITN,0.7884485721588135,317,A,S,F:\GENESIS Studio\genesis-studio\packages\engines-py\.pdb_cache\2ITN,A
5956,ThermoMPNN,2ITN,0.8330448865890503,317,A,T,F:\GENESIS Studio\genesis-studio\packages\engines-py\.pdb_cache\2ITN,A
5957,ThermoMPNN,2ITN,-0.06901824474334717,317,A,V,F:\GENESIS Studio\genesis-studio\packages\engines-py\.pdb_cache\2ITN,A
5958,ThermoMPNN,2ITN,0.3162844181060791,317,A,W,F:\GENESIS Studio\genesis-studio\packages\engines-py\.pdb_cache\2ITN,A
5959,ThermoMPNN,2ITN,0.40581196546554565,317,A,Y,F:\GENESIS Studio\genesis-studio\packages\engines-py\.pdb_cache\2ITN,A
5960,ThermoMPNN,2ITN,1.6829345226287842,318,D,A,F:\GENESIS Studio\genesis-studio\packages\engines-py\.pdb_cache\2ITN,A
5961,ThermoMPNN,2ITN,1.2257407903671265,318,D,C,F:\GENESIS Studio\genesis-studio\packages\engines-py\.pdb_cache\2ITN,A
5962,ThermoMPNN,2ITN,0.0,318,D,D,F:\GENESIS Studio\genesis-studio\packages\engines-py\.pdb_cache\2ITN,A
5963,ThermoMPNN,2ITN,1.1414586305618286,318,D,E,F:\GENESIS Studio\genesis-studio\packages\engines-py\.pdb_cache\2ITN,A
5964,ThermoMPNN,2ITN,1.8832142353057861,318,D,F,F:\GENESIS Studio\genesis-studio\packages\engines-py\.pdb_cache\2ITN,A
5965,ThermoMPNN,2ITN,2.0856308937072754,318,D,G,F:\GENESIS Studio\genesis-studio\packages\engines-py\.pdb_cache\2ITN,A
5966,ThermoMPNN,2ITN,1.6337965726852417,318,D,H,F:\GENESIS Studio\genesis-studio\packages\engines-py\.pdb_cache\2ITN,A
5967,ThermoMPNN,2ITN,1.8556636571884155,318,D,I,F:\GENESIS Studio\genesis-studio\packages\engines-py\.pdb_cache\2ITN,A
5968,ThermoMPNN,2ITN,2.1348283290863037,318,D,K,F:\GENESIS Studio\genesis-studio\packages\engines-py\.pdb_cache\2ITN,A
5969,ThermoMPNN,2ITN,1.7944763898849487,318,D,L,F:\GENESIS Studio\genesis-studio\packages\engines-py\.pdb_cache\2ITN,A
5970,ThermoMPNN,2ITN,1.9223426580429077,318,D,M,F:\GENESIS Studio\genesis-studio\packages\engines-py\.pdb_cache\2ITN,A
5971,ThermoMPNN,2ITN,1.0155888795852661,318,D,N,F:\GENESIS Studio\genesis-studio\packages\engines-py\.pdb_cache\2ITN,A
5972,ThermoMPNN,2ITN,1.8233599662780762,318,D,P,F:\GENESIS Studio\genesis-studio\packages\engines-py\.pdb_cache\2ITN,A
5973,ThermoMPNN,2ITN,1.7705698013305664,318,D,Q,F:\GENESIS Studio\genesis-studio\packages\engines-py\.pdb_cache\2ITN,A
5974,ThermoMPNN,2ITN,2.1147453784942627,318,D,R,F:\GENESIS Studio\genesis-studio\packages\engines-py\.pdb_cache\2ITN,A
5975,ThermoMPNN,2ITN,1.2957189083099365,318,D,S,F:\GENESIS Studio\genesis-studio\packages\engines-py\.pdb_cache\2ITN,A
5976,ThermoMPNN,2ITN,1.6968907117843628,318,D,T,F:\GENESIS Studio\genesis-studio\packages\engines-py\.pdb_cache\2ITN,A
5977,ThermoMPNN,2ITN,1.91121244430542,318,D,V,F:\GENESIS Studio\genesis-studio\packages\engines-py\.pdb_cache\2ITN,A
5978,ThermoMPNN,2ITN,1.7162253856658936,318,D,W,F:\GENESIS Studio\genesis-studio\packages\engines-py\.pdb_cache\2ITN,A
5979,ThermoMPNN,2ITN,1.9320042133331299,318,D,Y,F:\GENESIS Studio\genesis-studio\packages\engines-py\.pdb_cache\2ITN,A
5980,ThermoMPNN,2ITN,0.47044968605041504,319,E,A,F:\GENESIS Studio\genesis-studio\packages\engines-py\.pdb_cache\2ITN,A
5981,ThermoMPNN,2ITN,0.3578450679779053,319,E,C,F:\GENESIS Studio\genesis-studio\packages\engines-py\.pdb_cache\2ITN,A
5982,ThermoMPNN,2ITN,0.439724326133728,319,E,D,F:\GENESIS Studio\genesis-studio\packages\engines-py\.pdb_cache\2ITN,A
5983,ThermoMPNN,2ITN,0.0,319,E,E,F:\GENESIS Studio\genesis-studio\packages\engines-py\.pdb_cache\2ITN,A
5984,ThermoMPNN,2ITN,1.0443446636199951,319,E,F,F:\GENESIS Studio\genesis-studio\packages\engines-py\.pdb_cache\2ITN,A
5985,ThermoMPNN,2ITN,1.0231263637542725,319,E,G,F:\GENESIS Studio\genesis-studio\packages\engines-py\.pdb_cache\2ITN,A
5986,ThermoMPNN,2ITN,0.5620827078819275,319,E,H,F:\GENESIS Studio\genesis-studio\packages\engines-py\.pdb_cache\2ITN,A
5987,ThermoMPNN,2ITN,0.9262733459472656,319,E,I,F:\GENESIS Studio\genesis-studio\packages\engines-py\.pdb_cache\2ITN,A
5988,ThermoMPNN,2ITN,0.6761944890022278,319,E,K,F:\GENESIS Studio\genesis-studio\packages\engines-py\.pdb_cache\2ITN,A
5989,ThermoMPNN,2ITN,0.6604783535003662,319,E,L,F:\GENESIS Studio\genesis-studio\packages\engines-py\.pdb_cache\2ITN,A
5990,ThermoMPNN,2ITN,0.612316370010376,319,E,M,F:\GENESIS Studio\genesis-studio\packages\engines-py\.pdb_cache\2ITN,A
5991,ThermoMPNN,2ITN,0.6044088006019592,319,E,N,F:\GENESIS Studio\genesis-studio\packages\engines-py\.pdb_cache\2ITN,A
5992,ThermoMPNN,2ITN,2.1165170669555664,319,E,P,F:\GENESIS Studio\genesis-studio\packages\engines-py\.pdb_cache\2ITN,A
5993,ThermoMPNN,2ITN,0.2536787986755371,319,E,Q,F:\GENESIS Studio\genesis-studio\packages\engines-py\.pdb_cache\2ITN,A
5994,ThermoMPNN,2ITN,0.8593873977661133,319,E,R,F:\GENESIS Studio\genesis-studio\packages\engines-py\.pdb_cache\2ITN,A
5995,ThermoMPNN,2ITN,0.7608029842376709,319,E,S,F:\GENESIS Studio\genesis-studio\packages\engines-py\.pdb_cache\2ITN,A
5996,ThermoMPNN,2ITN,0.902215838432312,319,E,T,F:\GENESIS Studio\genesis-studio\packages\engines-py\.pdb_cache\2ITN,A
5997,ThermoMPNN,2ITN,0.9209973216056824,319,E,V,F:\GENESIS Studio\genesis-studio\packages\engines-py\.pdb_cache\2ITN,A
5998,ThermoMPNN,2ITN,1.0554111003875732,319,E,W,F:\GENESIS Studio\genesis-studio\packages\engines-py\.pdb_cache\2ITN,A
5999,ThermoMPNN,2ITN,0.9113951921463013,319,E,Y,F:\GENESIS Studio\genesis-studio\packages\engines-py\.pdb_cache\2ITN,A
6000,ThermoMPNN,2ITN,2.6968283653259277,320,Y,A,F:\GENESIS Studio\genesis-studio\packages\engines-py\.pdb_cache\2ITN,A
6001,ThermoMPNN,2ITN,2.1361594200134277,320,Y,C,F:\GENESIS Studio\genesis-studio\packages\engines-py\.pdb_cache\2ITN,A
6002,ThermoMPNN,2ITN,3.1582705974578857,320,Y,D,F:\GENESIS Studio\genesis-studio\packages\engines-py\.pdb_cache\2ITN,A
6003,ThermoMPNN,2ITN,3.086038112640381,320,Y,E,F:\GENESIS Studio\genesis-studio\packages\engines-py\.pdb_cache\2ITN,A
6004,ThermoMPNN,2ITN,0.7432861328125,320,Y,F,F:\GENESIS Studio\genesis-studio\packages\engines-py\.pdb_cache\2ITN,A
6005,ThermoMPNN,2ITN,2.974677085876465,320,Y,G,F:\GENESIS Studio\genesis-studio\packages\engines-py\.pdb_cache\2ITN,A
6006,ThermoMPNN,2ITN,1.894258975982666,320,Y,H,F:\GENESIS Studio\genesis-studio\packages\engines-py\.pdb_cache\2ITN,A
6007,ThermoMPNN,2ITN,2.395355701446533,320,Y,I,F:\GENESIS Studio\genesis-studio\packages\engines-py\.pdb_cache\2ITN,A
6008,ThermoMPNN,2ITN,2.775463581085205,320,Y,K,F:\GENESIS Studio\genesis-studio\packages\engines-py\.pdb_cache\2ITN,A
6009,ThermoMPNN,2ITN,2.2661280632019043,320,Y,L,F:\GENESIS Studio\genesis-studio\packages\engines-py\.pdb_cache\2ITN,A
6010,ThermoMPNN,2ITN,2.1931724548339844,320,Y,M,F:\GENESIS Studio\genesis-studio\packages\engines-py\.pdb_cache\2ITN,A
6011,ThermoMPNN,2ITN,2.8144702911376953,320,Y,N,F:\GENESIS Studio\genesis-studio\packages\engines-py\.pdb_cache\2ITN,A
6012,ThermoMPNN,2ITN,2.9209160804748535,320,Y,P,F:\GENESIS Studio\genesis-studio\packages\engines-py\.pdb_cache\2ITN,A
6013,ThermoMPNN,2ITN,2.7899935245513916,320,Y,Q,F:\GENESIS Studio\genesis-studio\packages\engines-py\.pdb_cache\2ITN,A
6014,ThermoMPNN,2ITN,2.465463161468506,320,Y,R,F:\GENESIS Studio\genesis-studio\packages\engines-py\.pdb_cache\2ITN,A
6015,ThermoMPNN,2ITN,2.882927656173706,320,Y,S,F:\GENESIS Studio\genesis-studio\packages\engines-py\.pdb_cache\2ITN,A
6016,ThermoMPNN,2ITN,2.8824961185455322,320,Y,T,F:\GENESIS Studio\genesis-studio\packages\engines-py\.pdb_cache\2ITN,A
6017,ThermoMPNN,2ITN,2.6134443283081055,320,Y,V,F:\GENESIS Studio\genesis-studio\packages\engines-py\.pdb_cache\2ITN,A
6018,ThermoMPNN,2ITN,0.722468376159668,320,Y,W,F:\GENESIS Studio\genesis-studio\packages\engines-py\.pdb_cache\2ITN,A
6019,ThermoMPNN,2ITN,0.0,320,Y,Y,F:\GENESIS Studio\genesis-studio\packages\engines-py\.pdb_cache\2ITN,A
6020,ThermoMPNN,2ITN,0.27676326036453247,321,L,A,F:\GENESIS Studio\genesis-studio\packages\engines-py\.pdb_cache\2ITN,A
6021,ThermoMPNN,2ITN,-0.2692192792892456,321,L,C,F:\GENESIS Studio\genesis-studio\packages\engines-py\.pdb_cache\2ITN,A
6022,ThermoMPNN,2ITN,0.41341331601142883,321,L,D,F:\GENESIS Studio\genesis-studio\packages\engines-py\.pdb_cache\2ITN,A
6023,ThermoMPNN,2ITN,0.5171959400177002,321,L,E,F:\GENESIS Studio\genesis-studio\packages\engines-py\.pdb_cache\2ITN,A
6024,ThermoMPNN,2ITN,-0.15314501523971558,321,L,F,F:\GENESIS Studio\genesis-studio\packages\engines-py\.pdb_cache\2ITN,A
6025,ThermoMPNN,2ITN,0.4222509562969208,321,L,G,F:\GENESIS Studio\genesis-studio\packages\engines-py\.pdb_cache\2ITN,A
6026,ThermoMPNN,2ITN,-0.17743849754333496,321,L,H,F:\GENESIS Studio\genesis-studio\packages\engines-py\.pdb_cache\2ITN,A
6027,ThermoMPNN,2ITN,-0.2650371789932251,321,L,I,F:\GENESIS Studio\genesis-studio\packages\engines-py\.pdb_cache\2ITN,A
6028,ThermoMPNN,2ITN,-0.0887954831123352,321,L,K,F:\GENESIS Studio\genesis-studio\packages\engines-py\.pdb_cache\2ITN,A
6029,ThermoMPNN,2ITN,0.0,321,L,L,F:\GENESIS Studio\genesis-studio\packages\engines-py\.pdb_cache\2ITN,A
6030,ThermoMPNN,2ITN,0.11233878135681152,321,L,M,F:\GENESIS Studio\genesis-studio\packages\engines-py\.pdb_cache\2ITN,A
6031,ThermoMPNN,2ITN,0.026936829090118408,321,L,N,F:\GENESIS Studio\genesis-studio\packages\engines-py\.pdb_cache\2ITN,A
6032,ThermoMPNN,2ITN,0.19253063201904297,321,L,P,F:\GENESIS Studio\genesis-studio\packages\engines-py\.pdb_cache\2ITN,A
6033,ThermoMPNN,2ITN,0.22822725772857666,321,L,Q,F:\GENESIS Studio\genesis-studio\packages\engines-py\.pdb_cache\2ITN,A
6034,ThermoMPNN,2ITN,-0.09228295087814331,321,L,R,F:\GENESIS Studio\genesis-studio\packages\engines-py\.pdb_cache\2ITN,A
6035,ThermoMPNN,2ITN,0.00913536548614502,321,L,S,F:\GENESIS Studio\genesis-studio\packages\engines-py\.pdb_cache\2ITN,A
6036,ThermoMPNN,2ITN,-0.12946105003356934,321,L,T,F:\GENESIS Studio\genesis-studio\packages\engines-py\.pdb_cache\2ITN,A
6037,ThermoMPNN,2ITN,-0.07719594240188599,321,L,V,F:\GENESIS Studio\genesis-studio\packages\engines-py\.pdb_cache\2ITN,A
6038,ThermoMPNN,2ITN,-0.13554179668426514,321,L,W,F:\GENESIS Studio\genesis-studio\packages\engines-py\.pdb_cache\2ITN,A
6039,ThermoMPNN,2ITN,-0.21836811304092407,321,L,Y,F:\GENESIS Studio\genesis-studio\packages\engines-py\.pdb_cache\2ITN,A
6040,ThermoMPNN,2ITN,0.4105476140975952,322,I,A,F:\GENESIS Studio\genesis-studio\packages\engines-py\.pdb_cache\2ITN,A
6041,ThermoMPNN,2ITN,-0.15166783332824707,322,I,C,F:\GENESIS Studio\genesis-studio\packages\engines-py\.pdb_cache\2ITN,A
6042,ThermoMPNN,2ITN,0.4567762017250061,322,I,D,F:\GENESIS Studio\genesis-studio\packages\engines-py\.pdb_cache\2ITN,A
6043,ThermoMPNN,2ITN,0.4245857894420624,322,I,E,F:\GENESIS Studio\genesis-studio\packages\engines-py\.pdb_cache\2ITN,A
6044,ThermoMPNN,2ITN,-0.06986033916473389,322,I,F,F:\GENESIS Studio\genesis-studio\packages\engines-py\.pdb_cache\2ITN,A
6045,ThermoMPNN,2ITN,0.5795836448669434,322,I,G,F:\GENESIS Studio\genesis-studio\packages\engines-py\.pdb_cache\2ITN,A
6046,ThermoMPNN,2ITN,0.24225634336471558,322,I,H,F:\GENESIS Studio\genesis-studio\packages\engines-py\.pdb_cache\2ITN,A
6047,ThermoMPNN,2ITN,0.0,322,I,I,F:\GENESIS Studio\genesis-studio\packages\engines-py\.pdb_cache\2ITN,A
6048,ThermoMPNN,2ITN,0.37700915336608887,322,I,K,F:\GENESIS Studio\genesis-studio\packages\engines-py\.pdb_cache\2ITN,A
6049,ThermoMPNN,2ITN,0.1001623272895813,322,I,L,F:\GENESIS Studio\genesis-studio\packages\engines-py\.pdb_cache\2ITN,A
6050,ThermoMPNN,2ITN,0.12580639123916626,322,I,M,F:\GENESIS Studio\genesis-studio\packages\engines-py\.pdb_cache\2ITN,A
6051,ThermoMPNN,2ITN,0.371549129486084,322,I,N,F:\GENESIS Studio\genesis-studio\packages\engines-py\.pdb_cache\2ITN,A
6052,ThermoMPNN,2ITN,0.5967439413070679,322,I,P,F:\GENESIS Studio\genesis-studio\packages\engines-py\.pdb_cache\2ITN,A
6053,ThermoMPNN,2ITN,0.3530089855194092,322,I,Q,F:\GENESIS Studio\genesis-studio\packages\engines-py\.pdb_cache\2ITN,A
6054,ThermoMPNN,2ITN,0.4144073724746704,322,I,R,F:\GENESIS Studio\genesis-studio\packages\engines-py\.pdb_cache\2ITN,A
6055,ThermoMPNN,2ITN,0.36060869693756104,322,I,S,F:\GENESIS Studio\genesis-studio\packages\engines-py\.pdb_cache\2ITN,A
6056,ThermoMPNN,2ITN,0.2374943494796753,322,I,T,F:\GENESIS Studio\genesis-studio\packages\engines-py\.pdb_cache\2ITN,A
6057,ThermoMPNN,2ITN,0.08733326196670532,322,I,V,F:\GENESIS Studio\genesis-studio\packages\engines-py\.pdb_cache\2ITN,A
6058,ThermoMPNN,2ITN,-0.3972862958908081,322,I,W,F:\GENESIS Studio\genesis-studio\packages\engines-py\.pdb_cache\2ITN,A
6059,ThermoMPNN,2ITN,-0.07093226909637451,322,I,Y,F:\GENESIS Studio\genesis-studio\packages\engines-py\.pdb_cache\2ITN,A
6060,ThermoMPNN,2ITN,-0.047672927379608154,323,P,A,F:\GENESIS Studio\genesis-studio\packages\engines-py\.pdb_cache\2ITN,A
6061,ThermoMPNN,2ITN,-0.1746211051940918,323,P,C,F:\GENESIS Studio\genesis-studio\packages\engines-py\.pdb_cache\2ITN,A
6062,ThermoMPNN,2ITN,-0.08075404167175293,323,P,D,F:\GENESIS Studio\genesis-studio\packages\engines-py\.pdb_cache\2ITN,A
6063,ThermoMPNN,2ITN,-0.028553426265716553,323,P,E,F:\GENESIS Studio\genesis-studio\packages\engines-py\.pdb_cache\2ITN,A
6064,ThermoMPNN,2ITN,0.13470816612243652,323,P,F,F:\GENESIS Studio\genesis-studio\packages\engines-py\.pdb_cache\2ITN,A
6065,ThermoMPNN,2ITN,0.09267944097518921,323,P,G,F:\GENESIS Studio\genesis-studio\packages\engines-py\.pdb_cache\2ITN,A
6066,ThermoMPNN,2ITN,0.10611963272094727,323,P,H,F:\GENESIS Studio\genesis-studio\packages\engines-py\.pdb_cache\2ITN,A
6067,ThermoMPNN,2ITN,0.09392291307449341,323,P,I,F:\GENESIS Studio\genesis-studio\packages\engines-py\.pdb_cache\2ITN,A
6068,ThermoMPNN,2ITN,0.12463676929473877,323,P,K,F:\GENESIS Studio\genesis-studio\packages\engines-py\.pdb_cache\2ITN,A
6069,ThermoMPNN,2ITN,-0.02320617437362671,323,P,L,F:\GENESIS Studio\genesis-studio\packages\engines-py\.pdb_cache\2ITN,A
6070,ThermoMPNN,2ITN,0.06417083740234375,323,P,M,F:\GENESIS Studio\genesis-studio\packages\engines-py\.pdb_cache\2ITN,A
6071,ThermoMPNN,2ITN,0.03664785623550415,323,P,N,F:\GENESIS Studio\genesis-studio\packages\engines-py\.pdb_cache\2ITN,A
6072,ThermoMPNN,2ITN,0.0,323,P,P,F:\GENESIS Studio\genesis-studio\packages\engines-py\.pdb_cache\2ITN,A
6073,ThermoMPNN,2ITN,0.061059415340423584,323,P,Q,F:\GENESIS Studio\genesis-studio\packages\engines-py\.pdb_cache\2ITN,A
6074,ThermoMPNN,2ITN,0.1772950291633606,323,P,R,F:\GENESIS Studio\genesis-studio\packages\engines-py\.pdb_cache\2ITN,A
6075,ThermoMPNN,2ITN,-0.002834618091583252,323,P,S,F:\GENESIS Studio\genesis-studio\packages\engines-py\.pdb_cache\2ITN,A
6076,ThermoMPNN,2ITN,0.035480618476867676,323,P,T,F:\GENESIS Studio\genesis-studio\packages\engines-py\.pdb_cache\2ITN,A
6077,ThermoMPNN,2ITN,0.08036482334136963,323,P,V,F:\GENESIS Studio\genesis-studio\packages\engines-py\.pdb_cache\2ITN,A
6078,ThermoMPNN,2ITN,0.006353914737701416,323,P,W,F:\GENESIS Studio\genesis-studio\packages\engines-py\.pdb_cache\2ITN,A
6079,ThermoMPNN,2ITN,0.15802377462387085,323,P,Y,F:\GENESIS Studio\genesis-studio\packages\engines-py\.pdb_cache\2ITN,A
