,Model,Dataset,ddG_pred,position,wildtype,mutation,pdb,chain
0,ThermoMPNN,2HYY,0.4817216992378235,0,W,A,F:\GENESIS Studio\genesis-studio\packages\engines-py\.pdb_cache\2HYY,A
1,ThermoMPNN,2HYY,0.12755811214447021,0,W,C,F:\GENESIS Studio\genesis-studio\packages\engines-py\.pdb_cache\2HYY,A
2,ThermoMPNN,2HYY,0.6781679391860962,0,W,D,F:\GENESIS Studio\genesis-studio\packages\engines-py\.pdb_cache\2HYY,A
3,ThermoMPNN,2HYY,0.7821080088615417,0,W,E,F:\GENESIS Studio\genesis-studio\packages\engines-py\.pdb_cache\2HYY,A
4,ThermoMPNN,2HYY,0.5147050023078918,0,W,F,F:\GENESIS Studio\genesis-studio\packages\engines-py\.pdb_cache\2HYY,A
5,ThermoMPNN,2HYY,0.6106452941894531,0,W,G,F:\GENESIS Studio\genesis-studio\packages\engines-py\.pdb_cache\2HYY,A
6,ThermoMPNN,2HYY,0.5501131415367126,0,W,H,F:\GENESIS Studio\genesis-studio\packages\engines-py\.pdb_cache\2HYY,A
7,ThermoMPNN,2HYY,0.6168310046195984,0,W,I,F:\GENESIS Studio\genesis-studio\packages\engines-py\.pdb_cache\2HYY,A
8,ThermoMPNN,2HYY,0.9744395017623901,0,W,K,F:\GENESIS Studio\genesis-studio\packages\engines-py\.pdb_cache\2HYY,A
9,ThermoMPNN,2HYY,0.46202534437179565,0,W,L,F:\GENESIS Studio\genesis-studio\packages\engines-py\.pdb_cache\2HYY,A
10,ThermoMPNN,2HYY,0.4830961227416992,0,W,M,F:\GENESIS Studio\genesis-studio\packages\engines-py\.pdb_cache\2HYY,A
11,ThermoMPNN,2HYY,0.6413407325744629,0,W,N,F:\GENESIS Studio\genesis-studio\packages\engines-py\.pdb_cache\2HYY,A
12,ThermoMPNN,2HYY,0.7339131832122803,0,W,P,F:\GENESIS Studio\genesis-studio\packages\engines-py\.pdb_cache\2HYY,A
13,ThermoMPNN,2HYY,0.7260308265686035,0,W,Q,F:\GENESIS Studio\genesis-studio\packages\engines-py\.pdb_cache\2HYY,A
14,ThermoMPNN,2HYY,0.9874622225761414,0,W,R,F:\GENESIS Studio\genesis-studio\packages\engines-py\.pdb_cache\2HYY,A
15,ThermoMPNN,2HYY,0.5694011449813843,0,W,S,F:\GENESIS Studio\genesis-studio\packages\engines-py\.pdb_cache\2HYY,A
16,ThermoMPNN,2HYY,0.5538157820701599,0,W,T,F:\GENESIS Studio\genesis-studio\packages\engines-py\.pdb_cache\2HYY,A
17,ThermoMPNN,2HYY,0.5907383561134338,0,W,V,F:\GENESIS Studio\genesis-studio\packages\engines-py\.pdb_cache\2HYY,A
18,ThermoMPNN,2HYY,0.0,0,W,W,F:\GENESIS Studio\genesis-studio\packages\engines-py\.pdb_cache\2HYY,A
19,ThermoMPNN,2HYY,0.4324275255203247,0,W,Y,F:\GENESIS Studio\genesis-studio\packages\engines-py\.pdb_cache\2HYY,A
20,ThermoMPNN,2HYY,0.9517213106155396,1,E,A,F:\GENESIS Studio\genesis-studio\packages\engines-py\.pdb_cache\2HYY,A
21,ThermoMPNN,2HYY,0.649414598941803,1,E,C,F:\GENESIS Studio\genesis-studio\packages\engines-py\.pdb_cache\2HYY,A
22,ThermoMPNN,2HYY,0.21141576766967773,1,E,D,F:\GENESIS Studio\genesis-studio\packages\engines-py\.pdb_cache\2HYY,A
23,ThermoMPNN,2HYY,0.0,1,E,E,F:\GENESIS Studio\genesis-studio\packages\engines-py\.pdb_cache\2HYY,A
24,ThermoMPNN,2HYY,1.276422142982483,1,E,F,F:\GENESIS Studio\genesis-studio\packages\engines-py\.pdb_cache\2HYY,A
25,ThermoMPNN,2HYY,1.178874135017395,1,E,G,F:\GENESIS Studio\genesis-studio\packages\engines-py\.pdb_cache\2HYY,A
26,ThermoMPNN,2HYY,1.0072739124298096,1,E,H,F:\GENESIS Studio\genesis-studio\packages\engines-py\.pdb_cache\2HYY,A
27,ThermoMPNN,2HYY,1.1651132106781006,1,E,I,F:\GENESIS Studio\genesis-studio\packages\engines-py\.pdb_cache\2HYY,A
28,ThermoMPNN,2HYY,1.5631725788116455,1,E,K,F:\GENESIS Studio\genesis-studio\packages\engines-py\.pdb_cache\2HYY,A
29,ThermoMPNN,2HYY,1.0513365268707275,1,E,L,F:\GENESIS Studio\genesis-studio\packages\engines-py\.pdb_cache\2HYY,A
30,ThermoMPNN,2HYY,0.9171441197395325,1,E,M,F:\GENESIS Studio\genesis-studio\packages\engines-py\.pdb_cache\2HYY,A
31,ThermoMPNN,2HYY,0.9662985801696777,1,E,N,F:\GENESIS Studio\genesis-studio\packages\engines-py\.pdb_cache\2HYY,A
32,ThermoMPNN,2HYY,1.1088886260986328,1,E,P,F:\GENESIS Studio\genesis-studio\packages\engines-py\.pdb_cache\2HYY,A
33,ThermoMPNN,2HYY,0.7184711694717407,1,E,Q,F:\GENESIS Studio\genesis-studio\packages\engines-py\.pdb_cache\2HYY,A
34,ThermoMPNN,2HYY,1.6258652210235596,1,E,R,F:\GENESIS Studio\genesis-studio\packages\engines-py\.pdb_cache\2HYY,A
35,ThermoMPNN,2HYY,1.0294451713562012,1,E,S,F:\GENESIS Studio\genesis-studio\packages\engines-py\.pdb_cache\2HYY,A
36,ThermoMPNN,2HYY,1.080897331237793,1,E,T,F:\GENESIS Studio\genesis-studio\packages\engines-py\.pdb_cache\2HYY,A
37,ThermoMPNN,2HYY,1.3223646879196167,1,E,V,F:\GENESIS Studio\genesis-studio\packages\engines-py\.pdb_cache\2HYY,A
38,ThermoMPNN,2HYY,1.087503433227539,1,E,W,F:\GENESIS Studio\genesis-studio\packages\engines-py\.pdb_cache\2HYY,A
39,ThermoMPNN,2HYY,1.1060991287231445,1,E,Y,F:\GENESIS Studio\genesis-studio\packages\engines-py\.pdb_cache\2HYY,A
40,ThermoMPNN,2HYY,2.0319955348968506,2,M,A,F:\GENESIS Studio\genesis-studio\packages\engines-py\.pdb_cache\2HYY,A
41,ThermoMPNN,2HYY,0.7836394309997559,2,M,C,F:\GENESIS Studio\genesis-studio\packages\engines-py\.pdb_cache\2HYY,A
42,ThermoMPNN,2HYY,2.9422645568847656,2,M,D,F:\GENESIS Studio\genesis-studio\packages\engines-py\.pdb_cache\2HYY,A
43,ThermoMPNN,2HYY,2.627366781234741,2,M,E,F:\GENESIS Studio\genesis-studio\packages\engines-py\.pdb_cache\2HYY,A
44,ThermoMPNN,2HYY,0.6301548480987549,2,M,F,F:\GENESIS Studio\genesis-studio\packages\engines-py\.pdb_cache\2HYY,A
45,ThermoMPNN,2HYY,2.864046096801758,2,M,G,F:\GENESIS Studio\genesis-studio\packages\engines-py\.pdb_cache\2HYY,A
46,ThermoMPNN,2HYY,2.402292251586914,2,M,H,F:\GENESIS Studio\genesis-studio\packages\engines-py\.pdb_cache\2HYY,A
47,ThermoMPNN,2HYY,-0.31513166427612305,2,M,I,F:\GENESIS Studio\genesis-studio\packages\engines-py\.pdb_cache\2HYY,A
48,ThermoMPNN,2HYY,2.7304582595825195,2,M,K,F:\GENESIS Studio\genesis-studio\packages\engines-py\.pdb_cache\2HYY,A
49,ThermoMPNN,2HYY,0.3444838523864746,2,M,L,F:\GENESIS Studio\genesis-studio\packages\engines-py\.pdb_cache\2HYY,A
50,ThermoMPNN,2HYY,0.0,2,M,M,F:\GENESIS Studio\genesis-studio\packages\engines-py\.pdb_cache\2HYY,A
51,ThermoMPNN,2HYY,2.658432722091675,2,M,N,F:\GENESIS Studio\genesis-studio\packages\engines-py\.pdb_cache\2HYY,A
52,ThermoMPNN,2HYY,2.949820041656494,2,M,P,F:\GENESIS Studio\genesis-studio\packages\engines-py\.pdb_cache\2HYY,A
53,ThermoMPNN,2HYY,2.1043009757995605,2,M,Q,F:\GENESIS Studio\genesis-studio\packages\engines-py\.pdb_cache\2HYY,A
54,ThermoMPNN,2HYY,2.5353357791900635,2,M,R,F:\GENESIS Studio\genesis-studio\packages\engines-py\.pdb_cache\2HYY,A
55,ThermoMPNN,2HYY,2.15493106842041,2,M,S,F:\GENESIS Studio\genesis-studio\packages\engines-py\.pdb_cache\2HYY,A
56,ThermoMPNN,2HYY,1.684015154838562,2,M,T,F:\GENESIS Studio\genesis-studio\packages\engines-py\.pdb_cache\2HYY,A
57,ThermoMPNN,2HYY,0.1708354949951172,2,M,V,F:\GENESIS Studio\genesis-studio\packages\engines-py\.pdb_cache\2HYY,A
58,ThermoMPNN,2HYY,1.7856531143188477,2,M,W,F:\GENESIS Studio\genesis-studio\packages\engines-py\.pdb_cache\2HYY,A
59,ThermoMPNN,2HYY,2.080260992050171,2,M,Y,F:\GENESIS Studio\genesis-studio\packages\engines-py\.pdb_cache\2HYY,A
60,ThermoMPNN,2HYY,-0.3308473229408264,3,E,A,F:\GENESIS Studio\genesis-studio\packages\engines-py\.pdb_cache\2HYY,A
61,ThermoMPNN,2HYY,-0.12686973810195923,3,E,C,F:\GENESIS Studio\genesis-studio\packages\engines-py\.pdb_cache\2HYY,A
62,ThermoMPNN,2HYY,0.015355110168457031,3,E,D,F:\GENESIS Studio\genesis-studio\packages\engines-py\.pdb_cache\2HYY,A
63,ThermoMPNN,2HYY,0.0,3,E,E,F:\GENESIS Studio\genesis-studio\packages\engines-py\.pdb_cache\2HYY,A
64,ThermoMPNN,2HYY,0.500770092010498,3,E,F,F:\GENESIS Studio\genesis-studio\packages\engines-py\.pdb_cache\2HYY,A
65,ThermoMPNN,2HYY,0.10157650709152222,3,E,G,F:\GENESIS Studio\genesis-studio\packages\engines-py\.pdb_cache\2HYY,A
66,ThermoMPNN,2HYY,0.21526283025741577,3,E,H,F:\GENESIS Studio\genesis-studio\packages\engines-py\.pdb_cache\2HYY,A
67,ThermoMPNN,2HYY,0.3690129518508911,3,E,I,F:\GENESIS Studio\genesis-studio\packages\engines-py\.pdb_cache\2HYY,A
68,ThermoMPNN,2HYY,0.05886107683181763,3,E,K,F:\GENESIS Studio\genesis-studio\packages\engines-py\.pdb_cache\2HYY,A
69,ThermoMPNN,2HYY,0.26623862981796265,3,E,L,F:\GENESIS Studio\genesis-studio\packages\engines-py\.pdb_cache\2HYY,A
70,ThermoMPNN,2HYY,0.28582602739334106,3,E,M,F:\GENESIS Studio\genesis-studio\packages\engines-py\.pdb_cache\2HYY,A
71,ThermoMPNN,2HYY,0.06636232137680054,3,E,N,F:\GENESIS Studio\genesis-studio\packages\engines-py\.pdb_cache\2HYY,A
72,ThermoMPNN,2HYY,0.007686793804168701,3,E,P,F:\GENESIS Studio\genesis-studio\packages\engines-py\.pdb_cache\2HYY,A
73,ThermoMPNN,2HYY,0.12093710899353027,3,E,Q,F:\GENESIS Studio\genesis-studio\packages\engines-py\.pdb_cache\2HYY,A
74,ThermoMPNN,2HYY,0.19076764583587646,3,E,R,F:\GENESIS Studio\genesis-studio\packages\engines-py\.pdb_cache\2HYY,A
75,ThermoMPNN,2HYY,-0.4271063208580017,3,E,S,F:\GENESIS Studio\genesis-studio\packages\engines-py\.pdb_cache\2HYY,A
76,ThermoMPNN,2HYY,0.04395568370819092,3,E,T,F:\GENESIS Studio\genesis-studio\packages\engines-py\.pdb_cache\2HYY,A
77,ThermoMPNN,2HYY,0.3347209692001343,3,E,V,F:\GENESIS Studio\genesis-studio\packages\engines-py\.pdb_cache\2HYY,A
78,ThermoMPNN,2HYY,0.43910276889801025,3,E,W,F:\GENESIS Studio\genesis-studio\packages\engines-py\.pdb_cache\2HYY,A
79,ThermoMPNN,2HYY,0.5113194584846497,3,E,Y,F:\GENESIS Studio\genesis-studio\packages\engines-py\.pdb_cache\2HYY,A
80,ThermoMPNN,2HYY,0.6319693326950073,4,R,A,F:\GENESIS Studio\genesis-studio\packages\engines-py\.pdb_cache\2HYY,A
81,ThermoMPNN,2HYY,0.5720356106758118,4,R,C,F:\GENESIS Studio\genesis-studio\packages\engines-py\.pdb_cache\2HYY,A
82,ThermoMPNN,2HYY,1.5188841819763184,4,R,D,F:\GENESIS Studio\genesis-studio\packages\engines-py\.pdb_cache\2HYY,A
83,ThermoMPNN,2HYY,1.089595079421997,4,R,E,F:\GENESIS Studio\genesis-studio\packages\engines-py\.pdb_cache\2HYY,A
84,ThermoMPNN,2HYY,0.8510223031044006,4,R,F,F:\GENESIS Studio\genesis-studio\packages\engines-py\.pdb_cache\2HYY,A
85,ThermoMPNN,2HYY,1.3574848175048828,4,R,G,F:\GENESIS Studio\genesis-studio\packages\engines-py\.pdb_cache\2HYY,A
86,ThermoMPNN,2HYY,0.8070942163467407,4,R,H,F:\GENESIS Studio\genesis-studio\packages\engines-py\.pdb_cache\2HYY,A
87,ThermoMPNN,2HYY,0.4735463857650757,4,R,I,F:\GENESIS Studio\genesis-studio\packages\engines-py\.pdb_cache\2HYY,A
88,ThermoMPNN,2HYY,0.12267661094665527,4,R,K,F:\GENESIS Studio\genesis-studio\packages\engines-py\.pdb_cache\2HYY,A
89,ThermoMPNN,2HYY,0.4305616617202759,4,R,L,F:\GENESIS Studio\genesis-studio\packages\engines-py\.pdb_cache\2HYY,A
90,ThermoMPNN,2HYY,0.5095255374908447,4,R,M,F:\GENESIS Studio\genesis-studio\packages\engines-py\.pdb_cache\2HYY,A
91,ThermoMPNN,2HYY,1.2702962160110474,4,R,N,F:\GENESIS Studio\genesis-studio\packages\engines-py\.pdb_cache\2HYY,A
92,ThermoMPNN,2HYY,0.4991135001182556,4,R,P,F:\GENESIS Studio\genesis-studio\packages\engines-py\.pdb_cache\2HYY,A
93,ThermoMPNN,2HYY,0.6361280083656311,4,R,Q,F:\GENESIS Studio\genesis-studio\packages\engines-py\.pdb_cache\2HYY,A
94,ThermoMPNN,2HYY,0.0,4,R,R,F:\GENESIS Studio\genesis-studio\packages\engines-py\.pdb_cache\2HYY,A
95,ThermoMPNN,2HYY,0.9242613315582275,4,R,S,F:\GENESIS Studio\genesis-studio\packages\engines-py\.pdb_cache\2HYY,A
96,ThermoMPNN,2HYY,1.0154958963394165,4,R,T,F:\GENESIS Studio\genesis-studio\packages\engines-py\.pdb_cache\2HYY,A
97,ThermoMPNN,2HYY,0.6280736923217773,4,R,V,F:\GENESIS Studio\genesis-studio\packages\engines-py\.pdb_cache\2HYY,A
98,ThermoMPNN,2HYY,0.8202572464942932,4,R,W,F:\GENESIS Studio\genesis-studio\packages\engines-py\.pdb_cache\2HYY,A
99,ThermoMPNN,2HYY,0.8004797697067261,4,R,Y,F:\GENESIS Studio\genesis-studio\packages\engines-py\.pdb_cache\2HYY,A
100,ThermoMPNN,2HYY,0.05827099084854126,5,T,A,F:\GENESIS Studio\genesis-studio\packages\engines-py\.pdb_cache\2HYY,A
101,ThermoMPNN,2HYY,0.10645562410354614,5,T,C,F:\GENESIS Studio\genesis-studio\packages\engines-py\.pdb_cache\2HYY,A
102,ThermoMPNN,2HYY,0.24393415451049805,5,T,D,F:\GENESIS Studio\genesis-studio\packages\engines-py\.pdb_cache\2HYY,A
103,ThermoMPNN,2HYY,0.20878952741622925,5,T,E,F:\GENESIS Studio\genesis-studio\packages\engines-py\.pdb_cache\2HYY,A
104,ThermoMPNN,2HYY,0.5486723184585571,5,T,F,F:\GENESIS Studio\genesis-studio\packages\engines-py\.pdb_cache\2HYY,A
105,ThermoMPNN,2HYY,0.23800575733184814,5,T,G,F:\GENESIS Studio\genesis-studio\packages\engines-py\.pdb_cache\2HYY,A
106,ThermoMPNN,2HYY,0.29463696479797363,5,T,H,F:\GENESIS Studio\genesis-studio\packages\engines-py\.pdb_cache\2HYY,A
107,ThermoMPNN,2HYY,0.5773583650588989,5,T,I,F:\GENESIS Studio\genesis-studio\packages\engines-py\.pdb_cache\2HYY,A
108,ThermoMPNN,2HYY,0.20831716060638428,5,T,K,F:\GENESIS Studio\genesis-studio\packages\engines-py\.pdb_cache\2HYY,A
109,ThermoMPNN,2HYY,0.490192711353302,5,T,L,F:\GENESIS Studio\genesis-studio\packages\engines-py\.pdb_cache\2HYY,A
110,ThermoMPNN,2HYY,0.3813081383705139,5,T,M,F:\GENESIS Studio\genesis-studio\packages\engines-py\.pdb_cache\2HYY,A
111,ThermoMPNN,2HYY,0.1190062165260315,5,T,N,F:\GENESIS Studio\genesis-studio\packages\engines-py\.pdb_cache\2HYY,A
112,ThermoMPNN,2HYY,1.4215800762176514,5,T,P,F:\GENESIS Studio\genesis-studio\packages\engines-py\.pdb_cache\2HYY,A
113,ThermoMPNN,2HYY,0.2509356737136841,5,T,Q,F:\GENESIS Studio\genesis-studio\packages\engines-py\.pdb_cache\2HYY,A
114,ThermoMPNN,2HYY,0.25847119092941284,5,T,R,F:\GENESIS Studio\genesis-studio\packages\engines-py\.pdb_cache\2HYY,A
115,ThermoMPNN,2HYY,-0.11785805225372314,5,T,S,F:\GENESIS Studio\genesis-studio\packages\engines-py\.pdb_cache\2HYY,A
116,ThermoMPNN,2HYY,0.0,5,T,T,F:\GENESIS Studio\genesis-studio\packages\engines-py\.pdb_cache\2HYY,A
117,ThermoMPNN,2HYY,0.6079177260398865,5,T,V,F:\GENESIS Studio\genesis-studio\packages\engines-py\.pdb_cache\2HYY,A
118,ThermoMPNN,2HYY,0.5320336818695068,5,T,W,F:\GENESIS Studio\genesis-studio\packages\engines-py\.pdb_cache\2HYY,A
119,ThermoMPNN,2HYY,0.5628898739814758,5,T,Y,F:\GENESIS Studio\genesis-studio\packages\engines-py\.pdb_cache\2HYY,A
120,ThermoMPNN,2HYY,1.2834628820419312,6,D,A,F:\GENESIS Studio\genesis-studio\packages\engines-py\.pdb_cache\2HYY,A
121,ThermoMPNN,2HYY,0.7228833436965942,6,D,C,F:\GENESIS Studio\genesis-studio\packages\engines-py\.pdb_cache\2HYY,A
122,ThermoMPNN,2HYY,0.0,6,D,D,F:\GENESIS Studio\genesis-studio\packages\engines-py\.pdb_cache\2HYY,A
123,ThermoMPNN,2HYY,0.4156540632247925,6,D,E,F:\GENESIS Studio\genesis-studio\packages\engines-py\.pdb_cache\2HYY,A
124,ThermoMPNN,2HYY,1.2576991319656372,6,D,F,F:\GENESIS Studio\genesis-studio\packages\engines-py\.pdb_cache\2HYY,A
125,ThermoMPNN,2HYY,1.7698090076446533,6,D,G,F:\GENESIS Studio\genesis-studio\packages\engines-py\.pdb_cache\2HYY,A
126,ThermoMPNN,2HYY,1.1289467811584473,6,D,H,F:\GENESIS Studio\genesis-studio\packages\engines-py\.pdb_cache\2HYY,A
127,ThermoMPNN,2HYY,1.4093585014343262,6,D,I,F:\GENESIS Studio\genesis-studio\packages\engines-py\.pdb_cache\2HYY,A
128,ThermoMPNN,2HYY,1.8764809370040894,6,D,K,F:\GENESIS Studio\genesis-studio\packages\engines-py\.pdb_cache\2HYY,A
129,ThermoMPNN,2HYY,1.3431007862091064,6,D,L,F:\GENESIS Studio\genesis-studio\packages\engines-py\.pdb_cache\2HYY,A
130,ThermoMPNN,2HYY,1.1941213607788086,6,D,M,F:\GENESIS Studio\genesis-studio\packages\engines-py\.pdb_cache\2HYY,A
131,ThermoMPNN,2HYY,0.9864099621772766,6,D,N,F:\GENESIS Studio\genesis-studio\packages\engines-py\.pdb_cache\2HYY,A
132,ThermoMPNN,2HYY,2.335505723953247,6,D,P,F:\GENESIS Studio\genesis-studio\packages\engines-py\.pdb_cache\2HYY,A
133,ThermoMPNN,2HYY,0.9540500640869141,6,D,Q,F:\GENESIS Studio\genesis-studio\packages\engines-py\.pdb_cache\2HYY,A
134,ThermoMPNN,2HYY,1.9491608142852783,6,D,R,F:\GENESIS Studio\genesis-studio\packages\engines-py\.pdb_cache\2HYY,A
135,ThermoMPNN,2HYY,1.2519700527191162,6,D,S,F:\GENESIS Studio\genesis-studio\packages\engines-py\.pdb_cache\2HYY,A
136,ThermoMPNN,2HYY,1.5562008619308472,6,D,T,F:\GENESIS Studio\genesis-studio\packages\engines-py\.pdb_cache\2HYY,A
137,ThermoMPNN,2HYY,1.3966773748397827,6,D,V,F:\GENESIS Studio\genesis-studio\packages\engines-py\.pdb_cache\2HYY,A
138,ThermoMPNN,2HYY,0.9411851167678833,6,D,W,F:\GENESIS Studio\genesis-studio\packages\engines-py\.pdb_cache\2HYY,A
139,ThermoMPNN,2HYY,1.1033709049224854,6,D,Y,F:\GENESIS Studio\genesis-studio\packages\engines-py\.pdb_cache\2HYY,A
140,ThermoMPNN,2HYY,2.48842716217041,7,I,A,F:\GENESIS Studio\genesis-studio\packages\engines-py\.pdb_cache\2HYY,A
141,ThermoMPNN,2HYY,1.7089885473251343,7,I,C,F:\GENESIS Studio\genesis-studio\packages\engines-py\.pdb_cache\2HYY,A
142,ThermoMPNN,2HYY,3.2207274436950684,7,I,D,F:\GENESIS Studio\genesis-studio\packages\engines-py\.pdb_cache\2HYY,A
143,ThermoMPNN,2HYY,3.1769094467163086,7,I,E,F:\GENESIS Studio\genesis-studio\packages\engines-py\.pdb_cache\2HYY,A
144,ThermoMPNN,2HYY,1.4402800798416138,7,I,F,F:\GENESIS Studio\genesis-studio\packages\engines-py\.pdb_cache\2HYY,A
145,ThermoMPNN,2HYY,3.063312292098999,7,I,G,F:\GENESIS Studio\genesis-studio\packages\engines-py\.pdb_cache\2HYY,A
146,ThermoMPNN,2HYY,3.064441680908203,7,I,H,F:\GENESIS Studio\genesis-studio\packages\engines-py\.pdb_cache\2HYY,A
147,ThermoMPNN,2HYY,0.0,7,I,I,F:\GENESIS Studio\genesis-studio\packages\engines-py\.pdb_cache\2HYY,A
148,ThermoMPNN,2HYY,3.087111234664917,7,I,K,F:\GENESIS Studio\genesis-studio\packages\engines-py\.pdb_cache\2HYY,A
149,ThermoMPNN,2HYY,0.6636857986450195,7,I,L,F:\GENESIS Studio\genesis-studio\packages\engines-py\.pdb_cache\2HYY,A
150,ThermoMPNN,2HYY,1.3683011531829834,7,I,M,F:\GENESIS Studio\genesis-studio\packages\engines-py\.pdb_cache\2HYY,A
151,ThermoMPNN,2HYY,3.132794141769409,7,I,N,F:\GENESIS Studio\genesis-studio\packages\engines-py\.pdb_cache\2HYY,A
152,ThermoMPNN,2HYY,2.9643912315368652,7,I,P,F:\GENESIS Studio\genesis-studio\packages\engines-py\.pdb_cache\2HYY,A
153,ThermoMPNN,2HYY,3.17641544342041,7,I,Q,F:\GENESIS Studio\genesis-studio\packages\engines-py\.pdb_cache\2HYY,A
154,ThermoMPNN,2HYY,3.0183138847351074,7,I,R,F:\GENESIS Studio\genesis-studio\packages\engines-py\.pdb_cache\2HYY,A
155,ThermoMPNN,2HYY,3.0060322284698486,7,I,S,F:\GENESIS Studio\genesis-studio\packages\engines-py\.pdb_cache\2HYY,A
156,ThermoMPNN,2HYY,2.5068185329437256,7,I,T,F:\GENESIS Studio\genesis-studio\packages\engines-py\.pdb_cache\2HYY,A
157,ThermoMPNN,2HYY,0.6676220893859863,7,I,V,F:\GENESIS Studio\genesis-studio\packages\engines-py\.pdb_cache\2HYY,A
158,ThermoMPNN,2HYY,2.214383602142334,7,I,W,F:\GENESIS Studio\genesis-studio\packages\engines-py\.pdb_cache\2HYY,A
159,ThermoMPNN,2HYY,2.1816318035125732,7,I,Y,F:\GENESIS Studio\genesis-studio\packages\engines-py\.pdb_cache\2HYY,A
160,ThermoMPNN,2HYY,0.4004586935043335,8,T,A,F:\GENESIS Studio\genesis-studio\packages\engines-py\.pdb_cache\2HYY,A
161,ThermoMPNN,2HYY,-0.03225278854370117,8,T,C,F:\GENESIS Studio\genesis-studio\packages\engines-py\.pdb_cache\2HYY,A
162,ThermoMPNN,2HYY,0.3606337308883667,8,T,D,F:\GENESIS Studio\genesis-studio\packages\engines-py\.pdb_cache\2HYY,A
163,ThermoMPNN,2HYY,-0.11802947521209717,8,T,E,F:\GENESIS Studio\genesis-studio\packages\engines-py\.pdb_cache\2HYY,A
164,ThermoMPNN,2HYY,0.2148415446281433,8,T,F,F:\GENESIS Studio\genesis-studio\packages\engines-py\.pdb_cache\2HYY,A
165,ThermoMPNN,2HYY,1.2231024503707886,8,T,G,F:\GENESIS Studio\genesis-studio\packages\engines-py\.pdb_cache\2HYY,A
166,ThermoMPNN,2HYY,0.3452190160751343,8,T,H,F:\GENESIS Studio\genesis-studio\packages\engines-py\.pdb_cache\2HYY,A
167,ThermoMPNN,2HYY,-0.08430242538452148,8,T,I,F:\GENESIS Studio\genesis-studio\packages\engines-py\.pdb_cache\2HYY,A
168,ThermoMPNN,2HYY,0.7454410195350647,8,T,K,F:\GENESIS Studio\genesis-studio\packages\engines-py\.pdb_cache\2HYY,A
169,ThermoMPNN,2HYY,0.21297603845596313,8,T,L,F:\GENESIS Studio\genesis-studio\packages\engines-py\.pdb_cache\2HYY,A
170,ThermoMPNN,2HYY,0.19929265975952148,8,T,M,F:\GENESIS Studio\genesis-studio\packages\engines-py\.pdb_cache\2HYY,A
171,ThermoMPNN,2HYY,0.6558350324630737,8,T,N,F:\GENESIS Studio\genesis-studio\packages\engines-py\.pdb_cache\2HYY,A
172,ThermoMPNN,2HYY,2.3421404361724854,8,T,P,F:\GENESIS Studio\genesis-studio\packages\engines-py\.pdb_cache\2HYY,A
173,ThermoMPNN,2HYY,0.2012331485748291,8,T,Q,F:\GENESIS Studio\genesis-studio\packages\engines-py\.pdb_cache\2HYY,A
174,ThermoMPNN,2HYY,0.6708061695098877,8,T,R,F:\GENESIS Studio\genesis-studio\packages\engines-py\.pdb_cache\2HYY,A
175,ThermoMPNN,2HYY,0.2857711911201477,8,T,S,F:\GENESIS Studio\genesis-studio\packages\engines-py\.pdb_cache\2HYY,A
176,ThermoMPNN,2HYY,0.0,8,T,T,F:\GENESIS Studio\genesis-studio\packages\engines-py\.pdb_cache\2HYY,A
177,ThermoMPNN,2HYY,-0.13061141967773438,8,T,V,F:\GENESIS Studio\genesis-studio\packages\engines-py\.pdb_cache\2HYY,A
178,ThermoMPNN,2HYY,0.0722951889038086,8,T,W,F:\GENESIS Studio\genesis-studio\packages\engines-py\.pdb_cache\2HYY,A
179,ThermoMPNN,2HYY,0.13831478357315063,8,T,Y,F:\GENESIS Studio\genesis-studio\packages\engines-py\.pdb_cache\2HYY,A
180,ThermoMPNN,2HYY,1.441842794418335,9,M,A,F:\GENESIS Studio\genesis-studio\packages\engines-py\.pdb_cache\2HYY,A
181,ThermoMPNN,2HYY,0.34644603729248047,9,M,C,F:\GENESIS Studio\genesis-studio\packages\engines-py\.pdb_cache\2HYY,A
182,ThermoMPNN,2HYY,2.235551595687866,9,M,D,F:\GENESIS Studio\genesis-studio\packages\engines-py\.pdb_cache\2HYY,A
183,ThermoMPNN,2HYY,1.7956628799438477,9,M,E,F:\GENESIS Studio\genesis-studio\packages\engines-py\.pdb_cache\2HYY,A
184,ThermoMPNN,2HYY,0.2663278579711914,9,M,F,F:\GENESIS Studio\genesis-studio\packages\engines-py\.pdb_cache\2HYY,A
185,ThermoMPNN,2HYY,2.235793352127075,9,M,G,F:\GENESIS Studio\genesis-studio\packages\engines-py\.pdb_cache\2HYY,A
186,ThermoMPNN,2HYY,1.4531300067901611,9,M,H,F:\GENESIS Studio\genesis-studio\packages\engines-py\.pdb_cache\2HYY,A
187,ThermoMPNN,2HYY,-0.5878766775131226,9,M,I,F:\GENESIS Studio\genesis-studio\packages\engines-py\.pdb_cache\2HYY,A
188,ThermoMPNN,2HYY,1.6962720155715942,9,M,K,F:\GENESIS Studio\genesis-studio\packages\engines-py\.pdb_cache\2HYY,A
189,ThermoMPNN,2HYY,-0.11521446704864502,9,M,L,F:\GENESIS Studio\genesis-studio\packages\engines-py\.pdb_cache\2HYY,A
190,ThermoMPNN,2HYY,0.0,9,M,M,F:\GENESIS Studio\genesis-studio\packages\engines-py\.pdb_cache\2HYY,A
191,ThermoMPNN,2HYY,1.9205543994903564,9,M,N,F:\GENESIS Studio\genesis-studio\packages\engines-py\.pdb_cache\2HYY,A
192,ThermoMPNN,2HYY,1.7184457778930664,9,M,P,F:\GENESIS Studio\genesis-studio\packages\engines-py\.pdb_cache\2HYY,A
193,ThermoMPNN,2HYY,1.5813337564468384,9,M,Q,F:\GENESIS Studio\genesis-studio\packages\engines-py\.pdb_cache\2HYY,A
194,ThermoMPNN,2HYY,1.583599328994751,9,M,R,F:\GENESIS Studio\genesis-studio\packages\engines-py\.pdb_cache\2HYY,A
195,ThermoMPNN,2HYY,1.5290541648864746,9,M,S,F:\GENESIS Studio\genesis-studio\packages\engines-py\.pdb_cache\2HYY,A
196,ThermoMPNN,2HYY,1.0237177610397339,9,M,T,F:\GENESIS Studio\genesis-studio\packages\engines-py\.pdb_cache\2HYY,A
197,ThermoMPNN,2HYY,-0.1336115598678589,9,M,V,F:\GENESIS Studio\genesis-studio\packages\engines-py\.pdb_cache\2HYY,A
198,ThermoMPNN,2HYY,0.45073044300079346,9,M,W,F:\GENESIS Studio\genesis-studio\packages\engines-py\.pdb_cache\2HYY,A
199,ThermoMPNN,2HYY,0.6887929439544678,9,M,Y,F:\GENESIS Studio\genesis-studio\packages\engines-py\.pdb_cache\2HYY,A
200,ThermoMPNN,2HYY,0.21796604990959167,10,K,A,F:\GENESIS Studio\genesis-studio\packages\engines-py\.pdb_cache\2HYY,A
201,ThermoMPNN,2HYY,-0.6569237112998962,10,K,C,F:\GENESIS Studio\genesis-studio\packages\engines-py\.pdb_cache\2HYY,A
202,ThermoMPNN,2HYY,0.426510214805603,10,K,D,F:\GENESIS Studio\genesis-studio\packages\engines-py\.pdb_cache\2HYY,A
203,ThermoMPNN,2HYY,0.051235198974609375,10,K,E,F:\GENESIS Studio\genesis-studio\packages\engines-py\.pdb_cache\2HYY,A
204,ThermoMPNN,2HYY,-0.5588142275810242,10,K,F,F:\GENESIS Studio\genesis-studio\packages\engines-py\.pdb_cache\2HYY,A
205,ThermoMPNN,2HYY,-0.04827374219894409,10,K,G,F:\GENESIS Studio\genesis-studio\packages\engines-py\.pdb_cache\2HYY,A
206,ThermoMPNN,2HYY,-0.028693556785583496,10,K,H,F:\GENESIS Studio\genesis-studio\packages\engines-py\.pdb_cache\2HYY,A
207,ThermoMPNN,2HYY,0.11068969964981079,10,K,I,F:\GENESIS Studio\genesis-studio\packages\engines-py\.pdb_cache\2HYY,A
208,ThermoMPNN,2HYY,0.0,10,K,K,F:\GENESIS Studio\genesis-studio\packages\engines-py\.pdb_cache\2HYY,A
209,ThermoMPNN,2HYY,-0.6385344862937927,10,K,L,F:\GENESIS Studio\genesis-studio\packages\engines-py\.pdb_cache\2HYY,A
210,ThermoMPNN,2HYY,-0.4152076840400696,10,K,M,F:\GENESIS Studio\genesis-studio\packages\engines-py\.pdb_cache\2HYY,A
211,ThermoMPNN,2HYY,0.10760998725891113,10,K,N,F:\GENESIS Studio\genesis-studio\packages\engines-py\.pdb_cache\2HYY,A
212,ThermoMPNN,2HYY,1.4065420627593994,10,K,P,F:\GENESIS Studio\genesis-studio\packages\engines-py\.pdb_cache\2HYY,A
213,ThermoMPNN,2HYY,0.030491411685943604,10,K,Q,F:\GENESIS Studio\genesis-studio\packages\engines-py\.pdb_cache\2HYY,A
214,ThermoMPNN,2HYY,0.039277851581573486,10,K,R,F:\GENESIS Studio\genesis-studio\packages\engines-py\.pdb_cache\2HYY,A
215,ThermoMPNN,2HYY,0.4629301428794861,10,K,S,F:\GENESIS Studio\genesis-studio\packages\engines-py\.pdb_cache\2HYY,A
216,ThermoMPNN,2HYY,0.323879212141037,10,K,T,F:\GENESIS Studio\genesis-studio\packages\engines-py\.pdb_cache\2HYY,A
217,ThermoMPNN,2HYY,0.3190723955631256,10,K,V,F:\GENESIS Studio\genesis-studio\packages\engines-py\.pdb_cache\2HYY,A
218,ThermoMPNN,2HYY,-0.2307693362236023,10,K,W,F:\GENESIS Studio\genesis-studio\packages\engines-py\.pdb_cache\2HYY,A
219,ThermoMPNN,2HYY,-0.31694215536117554,10,K,Y,F:\GENESIS Studio\genesis-studio\packages\engines-py\.pdb_cache\2HYY,A
220,ThermoMPNN,2HYY,-0.09058356285095215,11,H,A,F:\GENESIS Studio\genesis-studio\packages\engines-py\.pdb_cache\2HYY,A
221,ThermoMPNN,2HYY,-0.11557936668395996,11,H,C,F:\GENESIS Studio\genesis-studio\packages\engines-py\.pdb_cache\2HYY,A
222,ThermoMPNN,2HYY,0.19269812107086182,11,H,D,F:\GENESIS Studio\genesis-studio\packages\engines-py\.pdb_cache\2HYY,A
223,ThermoMPNN,2HYY,0.05777865648269653,11,H,E,F:\GENESIS Studio\genesis-studio\packages\engines-py\.pdb_cache\2HYY,A
224,ThermoMPNN,2HYY,0.2421283721923828,11,H,F,F:\GENESIS Studio\genesis-studio\packages\engines-py\.pdb_cache\2HYY,A
225,ThermoMPNN,2HYY,0.18626725673675537,11,H,G,F:\GENESIS Studio\genesis-studio\packages\engines-py\.pdb_cache\2HYY,A
226,ThermoMPNN,2HYY,0.0,11,H,H,F:\GENESIS Studio\genesis-studio\packages\engines-py\.pdb_cache\2HYY,A
227,ThermoMPNN,2HYY,-0.020238876342773438,11,H,I,F:\GENESIS Studio\genesis-studio\packages\engines-py\.pdb_cache\2HYY,A
228,ThermoMPNN,2HYY,-0.17705821990966797,11,H,K,F:\GENESIS Studio\genesis-studio\packages\engines-py\.pdb_cache\2HYY,A
229,ThermoMPNN,2HYY,0.07992196083068848,11,H,L,F:\GENESIS Studio\genesis-studio\packages\engines-py\.pdb_cache\2HYY,A
230,ThermoMPNN,2HYY,0.11801844835281372,11,H,M,F:\GENESIS Studio\genesis-studio\packages\engines-py\.pdb_cache\2HYY,A
231,ThermoMPNN,2HYY,0.017979443073272705,11,H,N,F:\GENESIS Studio\genesis-studio\packages\engines-py\.pdb_cache\2HYY,A
232,ThermoMPNN,2HYY,0.593153715133667,11,H,P,F:\GENESIS Studio\genesis-studio\packages\engines-py\.pdb_cache\2HYY,A
233,ThermoMPNN,2HYY,0.015134871006011963,11,H,Q,F:\GENESIS Studio\genesis-studio\packages\engines-py\.pdb_cache\2HYY,A
234,ThermoMPNN,2HYY,-0.22408825159072876,11,H,R,F:\GENESIS Studio\genesis-studio\packages\engines-py\.pdb_cache\2HYY,A
235,ThermoMPNN,2HYY,-0.1690618395805359,11,H,S,F:\GENESIS Studio\genesis-studio\packages\engines-py\.pdb_cache\2HYY,A
236,ThermoMPNN,2HYY,-0.12584221363067627,11,H,T,F:\GENESIS Studio\genesis-studio\packages\engines-py\.pdb_cache\2HYY,A
237,ThermoMPNN,2HYY,0.04335814714431763,11,H,V,F:\GENESIS Studio\genesis-studio\packages\engines-py\.pdb_cache\2HYY,A
238,ThermoMPNN,2HYY,0.3015351891517639,11,H,W,F:\GENESIS Studio\genesis-studio\packages\engines-py\.pdb_cache\2HYY,A
239,ThermoMPNN,2HYY,0.22709906101226807,11,H,Y,F:\GENESIS Studio\genesis-studio\packages\engines-py\.pdb_cache\2HYY,A
240,ThermoMPNN,2HYY,1.0337330102920532,12,K,A,F:\GENESIS Studio\genesis-studio\packages\engines-py\.pdb_cache\2HYY,A
241,ThermoMPNN,2HYY,0.535098671913147,12,K,C,F:\GENESIS Studio\genesis-studio\packages\engines-py\.pdb_cache\2HYY,A
242,ThermoMPNN,2HYY,2.161956310272217,12,K,D,F:\GENESIS Studio\genesis-studio\packages\engines-py\.pdb_cache\2HYY,A
243,ThermoMPNN,2HYY,1.2400778532028198,12,K,E,F:\GENESIS Studio\genesis-studio\packages\engines-py\.pdb_cache\2HYY,A
244,ThermoMPNN,2HYY,0.7568159103393555,12,K,F,F:\GENESIS Studio\genesis-studio\packages\engines-py\.pdb_cache\2HYY,A
245,ThermoMPNN,2HYY,1.6802594661712646,12,K,G,F:\GENESIS Studio\genesis-studio\packages\engines-py\.pdb_cache\2HYY,A
246,ThermoMPNN,2HYY,0.82042396068573,12,K,H,F:\GENESIS Studio\genesis-studio\packages\engines-py\.pdb_cache\2HYY,A
247,ThermoMPNN,2HYY,0.12495636940002441,12,K,I,F:\GENESIS Studio\genesis-studio\packages\engines-py\.pdb_cache\2HYY,A
248,ThermoMPNN,2HYY,0.0,12,K,K,F:\GENESIS Studio\genesis-studio\packages\engines-py\.pdb_cache\2HYY,A
249,ThermoMPNN,2HYY,0.3290795683860779,12,K,L,F:\GENESIS Studio\genesis-studio\packages\engines-py\.pdb_cache\2HYY,A
250,ThermoMPNN,2HYY,0.32666224241256714,12,K,M,F:\GENESIS Studio\genesis-studio\packages\engines-py\.pdb_cache\2HYY,A
251,ThermoMPNN,2HYY,1.3538072109222412,12,K,N,F:\GENESIS Studio\genesis-studio\packages\engines-py\.pdb_cache\2HYY,A
252,ThermoMPNN,2HYY,-0.009899020195007324,12,K,P,F:\GENESIS Studio\genesis-studio\packages\engines-py\.pdb_cache\2HYY,A
253,ThermoMPNN,2HYY,0.543484091758728,12,K,Q,F:\GENESIS Studio\genesis-studio\packages\engines-py\.pdb_cache\2HYY,A
254,ThermoMPNN,2HYY,0.0202178955078125,12,K,R,F:\GENESIS Studio\genesis-studio\packages\engines-py\.pdb_cache\2HYY,A
255,ThermoMPNN,2HYY,1.030775547027588,12,K,S,F:\GENESIS Studio\genesis-studio\packages\engines-py\.pdb_cache\2HYY,A
256,ThermoMPNN,2HYY,0.8142633438110352,12,K,T,F:\GENESIS Studio\genesis-studio\packages\engines-py\.pdb_cache\2HYY,A
257,ThermoMPNN,2HYY,0.4456518888473511,12,K,V,F:\GENESIS Studio\genesis-studio\packages\engines-py\.pdb_cache\2HYY,A
258,ThermoMPNN,2HYY,0.9062050580978394,12,K,W,F:\GENESIS Studio\genesis-studio\packages\engines-py\.pdb_cache\2HYY,A
259,ThermoMPNN,2HYY,0.6821472644805908,12,K,Y,F:\GENESIS Studio\genesis-studio\packages\engines-py\.pdb_cache\2HYY,A
260,ThermoMPNN,2HYY,1.7588247060775757,13,L,A,F:\GENESIS Studio\genesis-studio\packages\engines-py\.pdb_cache\2HYY,A
261,ThermoMPNN,2HYY,0.8617057800292969,13,L,C,F:\GENESIS Studio\genesis-studio\packages\engines-py\.pdb_cache\2HYY,A
262,ThermoMPNN,2HYY,2.629599094390869,13,L,D,F:\GENESIS Studio\genesis-studio\packages\engines-py\.pdb_cache\2HYY,A
263,ThermoMPNN,2HYY,2.3133387565612793,13,L,E,F:\GENESIS Studio\genesis-studio\packages\engines-py\.pdb_cache\2HYY,A
264,ThermoMPNN,2HYY,0.3313331604003906,13,L,F,F:\GENESIS Studio\genesis-studio\packages\engines-py\.pdb_cache\2HYY,A
265,ThermoMPNN,2HYY,2.3400192260742188,13,L,G,F:\GENESIS Studio\genesis-studio\packages\engines-py\.pdb_cache\2HYY,A
266,ThermoMPNN,2HYY,1.8602852821350098,13,L,H,F:\GENESIS Studio\genesis-studio\packages\engines-py\.pdb_cache\2HYY,A
267,ThermoMPNN,2HYY,0.1554110050201416,13,L,I,F:\GENESIS Studio\genesis-studio\packages\engines-py\.pdb_cache\2HYY,A
268,ThermoMPNN,2HYY,2.1310744285583496,13,L,K,F:\GENESIS Studio\genesis-studio\packages\engines-py\.pdb_cache\2HYY,A
269,ThermoMPNN,2HYY,0.0,13,L,L,F:\GENESIS Studio\genesis-studio\packages\engines-py\.pdb_cache\2HYY,A
270,ThermoMPNN,2HYY,0.45333194732666016,13,L,M,F:\GENESIS Studio\genesis-studio\packages\engines-py\.pdb_cache\2HYY,A
271,ThermoMPNN,2HYY,2.3897526264190674,13,L,N,F:\GENESIS Studio\genesis-studio\packages\engines-py\.pdb_cache\2HYY,A
272,ThermoMPNN,2HYY,2.2910146713256836,13,L,P,F:\GENESIS Studio\genesis-studio\packages\engines-py\.pdb_cache\2HYY,A
273,ThermoMPNN,2HYY,2.173595428466797,13,L,Q,F:\GENESIS Studio\genesis-studio\packages\engines-py\.pdb_cache\2HYY,A
274,ThermoMPNN,2HYY,2.071739435195923,13,L,R,F:\GENESIS Studio\genesis-studio\packages\engines-py\.pdb_cache\2HYY,A
275,ThermoMPNN,2HYY,2.18656325340271,13,L,S,F:\GENESIS Studio\genesis-studio\packages\engines-py\.pdb_cache\2HYY,A
276,ThermoMPNN,2HYY,1.9397393465042114,13,L,T,F:\GENESIS Studio\genesis-studio\packages\engines-py\.pdb_cache\2HYY,A
277,ThermoMPNN,2HYY,0.8252158164978027,13,L,V,F:\GENESIS Studio\genesis-studio\packages\engines-py\.pdb_cache\2HYY,A
278,ThermoMPNN,2HYY,0.8428810834884644,13,L,W,F:\GENESIS Studio\genesis-studio\packages\engines-py\.pdb_cache\2HYY,A
279,ThermoMPNN,2HYY,0.817909836769104,13,L,Y,F:\GENESIS Studio\genesis-studio\packages\engines-py\.pdb_cache\2HYY,A
280,ThermoMPNN,2HYY,0.4364253878593445,14,G,A,F:\GENESIS Studio\genesis-studio\packages\engines-py\.pdb_cache\2HYY,A
281,ThermoMPNN,2HYY,0.0966043472290039,14,G,C,F:\GENESIS Studio\genesis-studio\packages\engines-py\.pdb_cache\2HYY,A
282,ThermoMPNN,2HYY,0.8828648328781128,14,G,D,F:\GENESIS Studio\genesis-studio\packages\engines-py\.pdb_cache\2HYY,A
283,ThermoMPNN,2HYY,0.8948938846588135,14,G,E,F:\GENESIS Studio\genesis-studio\packages\engines-py\.pdb_cache\2HYY,A
284,ThermoMPNN,2HYY,0.14649701118469238,14,G,F,F:\GENESIS Studio\genesis-studio\packages\engines-py\.pdb_cache\2HYY,A
285,ThermoMPNN,2HYY,0.0,14,G,G,F:\GENESIS Studio\genesis-studio\packages\engines-py\.pdb_cache\2HYY,A
286,ThermoMPNN,2HYY,0.5694820880889893,14,G,H,F:\GENESIS Studio\genesis-studio\packages\engines-py\.pdb_cache\2HYY,A
287,ThermoMPNN,2HYY,1.124931812286377,14,G,I,F:\GENESIS Studio\genesis-studio\packages\engines-py\.pdb_cache\2HYY,A
288,ThermoMPNN,2HYY,0.8524037003517151,14,G,K,F:\GENESIS Studio\genesis-studio\packages\engines-py\.pdb_cache\2HYY,A
289,ThermoMPNN,2HYY,0.5535003542900085,14,G,L,F:\GENESIS Studio\genesis-studio\packages\engines-py\.pdb_cache\2HYY,A
290,ThermoMPNN,2HYY,0.2907962203025818,14,G,M,F:\GENESIS Studio\genesis-studio\packages\engines-py\.pdb_cache\2HYY,A
291,ThermoMPNN,2HYY,0.7011623382568359,14,G,N,F:\GENESIS Studio\genesis-studio\packages\engines-py\.pdb_cache\2HYY,A
292,ThermoMPNN,2HYY,1.9515433311462402,14,G,P,F:\GENESIS Studio\genesis-studio\packages\engines-py\.pdb_cache\2HYY,A
293,ThermoMPNN,2HYY,0.6878515481948853,14,G,Q,F:\GENESIS Studio\genesis-studio\packages\engines-py\.pdb_cache\2HYY,A
294,ThermoMPNN,2HYY,0.8064196705818176,14,G,R,F:\GENESIS Studio\genesis-studio\packages\engines-py\.pdb_cache\2HYY,A
295,ThermoMPNN,2HYY,0.824313759803772,14,G,S,F:\GENESIS Studio\genesis-studio\packages\engines-py\.pdb_cache\2HYY,A
296,ThermoMPNN,2HYY,1.1521275043487549,14,G,T,F:\GENESIS Studio\genesis-studio\packages\engines-py\.pdb_cache\2HYY,A
297,ThermoMPNN,2HYY,1.153162956237793,14,G,V,F:\GENESIS Studio\genesis-studio\packages\engines-py\.pdb_cache\2HYY,A
298,ThermoMPNN,2HYY,0.41885906457901,14,G,W,F:\GENESIS Studio\genesis-studio\packages\engines-py\.pdb_cache\2HYY,A
299,ThermoMPNN,2HYY,0.20137286186218262,14,G,Y,F:\GENESIS Studio\genesis-studio\packages\engines-py\.pdb_cache\2HYY,A
300,ThermoMPNN,2HYY,0.7250851988792419,15,G,A,F:\GENESIS Studio\genesis-studio\packages\engines-py\.pdb_cache\2HYY,A
301,ThermoMPNN,2HYY,0.027151823043823242,15,G,C,F:\GENESIS Studio\genesis-studio\packages\engines-py\.pdb_cache\2HYY,A
302,ThermoMPNN,2HYY,0.358451783657074,15,G,D,F:\GENESIS Studio\genesis-studio\packages\engines-py\.pdb_cache\2HYY,A
303,ThermoMPNN,2HYY,0.4448471665382385,15,G,E,F:\GENESIS Studio\genesis-studio\packages\engines-py\.pdb_cache\2HYY,A
304,ThermoMPNN,2HYY,0.633419394493103,15,G,F,F:\GENESIS Studio\genesis-studio\packages\engines-py\.pdb_cache\2HYY,A
305,ThermoMPNN,2HYY,0.0,15,G,G,F:\GENESIS Studio\genesis-studio\packages\engines-py\.pdb_cache\2HYY,A
306,ThermoMPNN,2HYY,0.3691122531890869,15,G,H,F:\GENESIS Studio\genesis-studio\packages\engines-py\.pdb_cache\2HYY,A
307,ThermoMPNN,2HYY,1.2056984901428223,15,G,I,F:\GENESIS Studio\genesis-studio\packages\engines-py\.pdb_cache\2HYY,A
308,ThermoMPNN,2HYY,0.620902419090271,15,G,K,F:\GENESIS Studio\genesis-studio\packages\engines-py\.pdb_cache\2HYY,A
309,ThermoMPNN,2HYY,0.6302837133407593,15,G,L,F:\GENESIS Studio\genesis-studio\packages\engines-py\.pdb_cache\2HYY,A
310,ThermoMPNN,2HYY,0.513494610786438,15,G,M,F:\GENESIS Studio\genesis-studio\packages\engines-py\.pdb_cache\2HYY,A
311,ThermoMPNN,2HYY,-0.05465054512023926,15,G,N,F:\GENESIS Studio\genesis-studio\packages\engines-py\.pdb_cache\2HYY,A
312,ThermoMPNN,2HYY,1.6398193836212158,15,G,P,F:\GENESIS Studio\genesis-studio\packages\engines-py\.pdb_cache\2HYY,A
313,ThermoMPNN,2HYY,0.5545810461044312,15,G,Q,F:\GENESIS Studio\genesis-studio\packages\engines-py\.pdb_cache\2HYY,A
314,ThermoMPNN,2HYY,0.7082474827766418,15,G,R,F:\GENESIS Studio\genesis-studio\packages\engines-py\.pdb_cache\2HYY,A
315,ThermoMPNN,2HYY,0.6467690467834473,15,G,S,F:\GENESIS Studio\genesis-studio\packages\engines-py\.pdb_cache\2HYY,A
316,ThermoMPNN,2HYY,1.1257133483886719,15,G,T,F:\GENESIS Studio\genesis-studio\packages\engines-py\.pdb_cache\2HYY,A
317,ThermoMPNN,2HYY,1.1901535987854004,15,G,V,F:\GENESIS Studio\genesis-studio\packages\engines-py\.pdb_cache\2HYY,A
318,ThermoMPNN,2HYY,0.8959414958953857,15,G,W,F:\GENESIS Studio\genesis-studio\packages\engines-py\.pdb_cache\2HYY,A
319,ThermoMPNN,2HYY,0.7768546342849731,15,G,Y,F:\GENESIS Studio\genesis-studio\packages\engines-py\.pdb_cache\2HYY,A
320,ThermoMPNN,2HYY,1.10994553565979,16,G,A,F:\GENESIS Studio\genesis-studio\packages\engines-py\.pdb_cache\2HYY,A
321,ThermoMPNN,2HYY,0.5288667678833008,16,G,C,F:\GENESIS Studio\genesis-studio\packages\engines-py\.pdb_cache\2HYY,A
322,ThermoMPNN,2HYY,1.0325473546981812,16,G,D,F:\GENESIS Studio\genesis-studio\packages\engines-py\.pdb_cache\2HYY,A
323,ThermoMPNN,2HYY,1.2582041025161743,16,G,E,F:\GENESIS Studio\genesis-studio\packages\engines-py\.pdb_cache\2HYY,A
324,ThermoMPNN,2HYY,1.130398154258728,16,G,F,F:\GENESIS Studio\genesis-studio\packages\engines-py\.pdb_cache\2HYY,A
325,ThermoMPNN,2HYY,0.0,16,G,G,F:\GENESIS Studio\genesis-studio\packages\engines-py\.pdb_cache\2HYY,A
326,ThermoMPNN,2HYY,0.9581383466720581,16,G,H,F:\GENESIS Studio\genesis-studio\packages\engines-py\.pdb_cache\2HYY,A
327,ThermoMPNN,2HYY,1.6452399492263794,16,G,I,F:\GENESIS Studio\genesis-studio\packages\engines-py\.pdb_cache\2HYY,A
328,ThermoMPNN,2HYY,1.2799181938171387,16,G,K,F:\GENESIS Studio\genesis-studio\packages\engines-py\.pdb_cache\2HYY,A
329,ThermoMPNN,2HYY,1.2237701416015625,16,G,L,F:\GENESIS Studio\genesis-studio\packages\engines-py\.pdb_cache\2HYY,A
330,ThermoMPNN,2HYY,1.1945672035217285,16,G,M,F:\GENESIS Studio\genesis-studio\packages\engines-py\.pdb_cache\2HYY,A
331,ThermoMPNN,2HYY,0.7877678275108337,16,G,N,F:\GENESIS Studio\genesis-studio\packages\engines-py\.pdb_cache\2HYY,A
332,ThermoMPNN,2HYY,1.9079148769378662,16,G,P,F:\GENESIS Studio\genesis-studio\packages\engines-py\.pdb_cache\2HYY,A
333,ThermoMPNN,2HYY,1.2080405950546265,16,G,Q,F:\GENESIS Studio\genesis-studio\packages\engines-py\.pdb_cache\2HYY,A
334,ThermoMPNN,2HYY,1.2737476825714111,16,G,R,F:\GENESIS Studio\genesis-studio\packages\engines-py\.pdb_cache\2HYY,A
335,ThermoMPNN,2HYY,1.0841059684753418,16,G,S,F:\GENESIS Studio\genesis-studio\packages\engines-py\.pdb_cache\2HYY,A
336,ThermoMPNN,2HYY,1.6171574592590332,16,G,T,F:\GENESIS Studio\genesis-studio\packages\engines-py\.pdb_cache\2HYY,A
337,ThermoMPNN,2HYY,1.5911484956741333,16,G,V,F:\GENESIS Studio\genesis-studio\packages\engines-py\.pdb_cache\2HYY,A
338,ThermoMPNN,2HYY,0.9895147681236267,16,G,W,F:\GENESIS Studio\genesis-studio\packages\engines-py\.pdb_cache\2HYY,A
339,ThermoMPNN,2HYY,1.1069936752319336,16,G,Y,F:\GENESIS Studio\genesis-studio\packages\engines-py\.pdb_cache\2HYY,A
340,ThermoMPNN,2HYY,0.1448935866355896,17,Q,A,F:\GENESIS Studio\genesis-studio\packages\engines-py\.pdb_cache\2HYY,A
341,ThermoMPNN,2HYY,-0.028603553771972656,17,Q,C,F:\GENESIS Studio\genesis-studio\packages\engines-py\.pdb_cache\2HYY,A
342,ThermoMPNN,2HYY,0.5033633708953857,17,Q,D,F:\GENESIS Studio\genesis-studio\packages\engines-py\.pdb_cache\2HYY,A
343,ThermoMPNN,2HYY,0.16769295930862427,17,Q,E,F:\GENESIS Studio\genesis-studio\packages\engines-py\.pdb_cache\2HYY,A
344,ThermoMPNN,2HYY,0.08647739887237549,17,Q,F,F:\GENESIS Studio\genesis-studio\packages\engines-py\.pdb_cache\2HYY,A
345,ThermoMPNN,2HYY,0.6315079927444458,17,Q,G,F:\GENESIS Studio\genesis-studio\packages\engines-py\.pdb_cache\2HYY,A
346,ThermoMPNN,2HYY,0.3197055459022522,17,Q,H,F:\GENESIS Studio\genesis-studio\packages\engines-py\.pdb_cache\2HYY,A
347,ThermoMPNN,2HYY,0.08331596851348877,17,Q,I,F:\GENESIS Studio\genesis-studio\packages\engines-py\.pdb_cache\2HYY,A
348,ThermoMPNN,2HYY,0.010195612907409668,17,Q,K,F:\GENESIS Studio\genesis-studio\packages\engines-py\.pdb_cache\2HYY,A
349,ThermoMPNN,2HYY,0.004208803176879883,17,Q,L,F:\GENESIS Studio\genesis-studio\packages\engines-py\.pdb_cache\2HYY,A
350,ThermoMPNN,2HYY,-0.022005796432495117,17,Q,M,F:\GENESIS Studio\genesis-studio\packages\engines-py\.pdb_cache\2HYY,A
351,ThermoMPNN,2HYY,0.39835578203201294,17,Q,N,F:\GENESIS Studio\genesis-studio\packages\engines-py\.pdb_cache\2HYY,A
352,ThermoMPNN,2HYY,1.9787497520446777,17,Q,P,F:\GENESIS Studio\genesis-studio\packages\engines-py\.pdb_cache\2HYY,A
353,ThermoMPNN,2HYY,0.0,17,Q,Q,F:\GENESIS Studio\genesis-studio\packages\engines-py\.pdb_cache\2HYY,A
354,ThermoMPNN,2HYY,-0.005938053131103516,17,Q,R,F:\GENESIS Studio\genesis-studio\packages\engines-py\.pdb_cache\2HYY,A
355,ThermoMPNN,2HYY,0.3596426248550415,17,Q,S,F:\GENESIS Studio\genesis-studio\packages\engines-py\.pdb_cache\2HYY,A
356,ThermoMPNN,2HYY,0.33387887477874756,17,Q,T,F:\GENESIS Studio\genesis-studio\packages\engines-py\.pdb_cache\2HYY,A
357,ThermoMPNN,2HYY,0.2324153184890747,17,Q,V,F:\GENESIS Studio\genesis-studio\packages\engines-py\.pdb_cache\2HYY,A
358,ThermoMPNN,2HYY,0.11671924591064453,17,Q,W,F:\GENESIS Studio\genesis-studio\packages\engines-py\.pdb_cache\2HYY,A
359,ThermoMPNN,2HYY,0.1841762661933899,17,Q,Y,F:\GENESIS Studio\genesis-studio\packages\engines-py\.pdb_cache\2HYY,A
360,ThermoMPNN,2HYY,2.335209846496582,18,Y,A,F:\GENESIS Studio\genesis-studio\packages\engines-py\.pdb_cache\2HYY,A
361,ThermoMPNN,2HYY,1.3482699394226074,18,Y,C,F:\GENESIS Studio\genesis-studio\packages\engines-py\.pdb_cache\2HYY,A
362,ThermoMPNN,2HYY,2.683685541152954,18,Y,D,F:\GENESIS Studio\genesis-studio\packages\engines-py\.pdb_cache\2HYY,A
363,ThermoMPNN,2HYY,2.455101251602173,18,Y,E,F:\GENESIS Studio\genesis-studio\packages\engines-py\.pdb_cache\2HYY,A
364,ThermoMPNN,2HYY,0.2227952480316162,18,Y,F,F:\GENESIS Studio\genesis-studio\packages\engines-py\.pdb_cache\2HYY,A
365,ThermoMPNN,2HYY,2.5570123195648193,18,Y,G,F:\GENESIS Studio\genesis-studio\packages\engines-py\.pdb_cache\2HYY,A
366,ThermoMPNN,2HYY,1.592118501663208,18,Y,H,F:\GENESIS Studio\genesis-studio\packages\engines-py\.pdb_cache\2HYY,A
367,ThermoMPNN,2HYY,1.4837582111358643,18,Y,I,F:\GENESIS Studio\genesis-studio\packages\engines-py\.pdb_cache\2HYY,A
368,ThermoMPNN,2HYY,2.4043776988983154,18,Y,K,F:\GENESIS Studio\genesis-studio\packages\engines-py\.pdb_cache\2HYY,A
369,ThermoMPNN,2HYY,1.1776087284088135,18,Y,L,F:\GENESIS Studio\genesis-studio\packages\engines-py\.pdb_cache\2HYY,A
370,ThermoMPNN,2HYY,1.3467553853988647,18,Y,M,F:\GENESIS Studio\genesis-studio\packages\engines-py\.pdb_cache\2HYY,A
371,ThermoMPNN,2HYY,2.346458911895752,18,Y,N,F:\GENESIS Studio\genesis-studio\packages\engines-py\.pdb_cache\2HYY,A
372,ThermoMPNN,2HYY,2.324693441390991,18,Y,P,F:\GENESIS Studio\genesis-studio\packages\engines-py\.pdb_cache\2HYY,A
373,ThermoMPNN,2HYY,2.2768168449401855,18,Y,Q,F:\GENESIS Studio\genesis-studio\packages\engines-py\.pdb_cache\2HYY,A
374,ThermoMPNN,2HYY,2.307210922241211,18,Y,R,F:\GENESIS Studio\genesis-studio\packages\engines-py\.pdb_cache\2HYY,A
375,ThermoMPNN,2HYY,2.445037364959717,18,Y,S,F:\GENESIS Studio\genesis-studio\packages\engines-py\.pdb_cache\2HYY,A
376,ThermoMPNN,2HYY,2.305225372314453,18,Y,T,F:\GENESIS Studio\genesis-studio\packages\engines-py\.pdb_cache\2HYY,A
377,ThermoMPNN,2HYY,1.9147979021072388,18,Y,V,F:\GENESIS Studio\genesis-studio\packages\engines-py\.pdb_cache\2HYY,A
378,ThermoMPNN,2HYY,0.38302063941955566,18,Y,W,F:\GENESIS Studio\genesis-studio\packages\engines-py\.pdb_cache\2HYY,A
379,ThermoMPNN,2HYY,0.0,18,Y,Y,F:\GENESIS Studio\genesis-studio\packages\engines-py\.pdb_cache\2HYY,A
380,ThermoMPNN,2HYY,2.2673518657684326,19,G,A,F:\GENESIS Studio\genesis-studio\packages\engines-py\.pdb_cache\2HYY,A
381,ThermoMPNN,2HYY,1.6448302268981934,19,G,C,F:\GENESIS Studio\genesis-studio\packages\engines-py\.pdb_cache\2HYY,A
382,ThermoMPNN,2HYY,2.7372586727142334,19,G,D,F:\GENESIS Studio\genesis-studio\packages\engines-py\.pdb_cache\2HYY,A
383,ThermoMPNN,2HYY,2.866786003112793,19,G,E,F:\GENESIS Studio\genesis-studio\packages\engines-py\.pdb_cache\2HYY,A
384,ThermoMPNN,2HYY,2.2099666595458984,19,G,F,F:\GENESIS Studio\genesis-studio\packages\engines-py\.pdb_cache\2HYY,A
385,ThermoMPNN,2HYY,0.0,19,G,G,F:\GENESIS Studio\genesis-studio\packages\engines-py\.pdb_cache\2HYY,A
386,ThermoMPNN,2HYY,2.3914146423339844,19,G,H,F:\GENESIS Studio\genesis-studio\packages\engines-py\.pdb_cache\2HYY,A
387,ThermoMPNN,2HYY,2.6602470874786377,19,G,I,F:\GENESIS Studio\genesis-studio\packages\engines-py\.pdb_cache\2HYY,A
388,ThermoMPNN,2HYY,2.7756733894348145,19,G,K,F:\GENESIS Studio\genesis-studio\packages\engines-py\.pdb_cache\2HYY,A
389,ThermoMPNN,2HYY,2.3087968826293945,19,G,L,F:\GENESIS Studio\genesis-studio\packages\engines-py\.pdb_cache\2HYY,A
390,ThermoMPNN,2HYY,2.3072633743286133,19,G,M,F:\GENESIS Studio\genesis-studio\packages\engines-py\.pdb_cache\2HYY,A
391,ThermoMPNN,2HYY,2.5412209033966064,19,G,N,F:\GENESIS Studio\genesis-studio\packages\engines-py\.pdb_cache\2HYY,A
392,ThermoMPNN,2HYY,3.038722276687622,19,G,P,F:\GENESIS Studio\genesis-studio\packages\engines-py\.pdb_cache\2HYY,A
393,ThermoMPNN,2HYY,2.5990450382232666,19,G,Q,F:\GENESIS Studio\genesis-studio\packages\engines-py\.pdb_cache\2HYY,A
394,ThermoMPNN,2HYY,2.761752128601074,19,G,R,F:\GENESIS Studio\genesis-studio\packages\engines-py\.pdb_cache\2HYY,A
395,ThermoMPNN,2HYY,2.477407217025757,19,G,S,F:\GENESIS Studio\genesis-studio\packages\engines-py\.pdb_cache\2HYY,A
396,ThermoMPNN,2HYY,2.708674430847168,19,G,T,F:\GENESIS Studio\genesis-studio\packages\engines-py\.pdb_cache\2HYY,A
397,ThermoMPNN,2HYY,2.416508674621582,19,G,V,F:\GENESIS Studio\genesis-studio\packages\engines-py\.pdb_cache\2HYY,A
398,ThermoMPNN,2HYY,2.2223217487335205,19,G,W,F:\GENESIS Studio\genesis-studio\packages\engines-py\.pdb_cache\2HYY,A
399,ThermoMPNN,2HYY,2.3119893074035645,19,G,Y,F:\GENESIS Studio\genesis-studio\packages\engines-py\.pdb_cache\2HYY,A
400,ThermoMPNN,2HYY,0.3362343907356262,20,E,A,F:\GENESIS Studio\genesis-studio\packages\engines-py\.pdb_cache\2HYY,A
401,ThermoMPNN,2HYY,0.1633397340774536,20,E,C,F:\GENESIS Studio\genesis-studio\packages\engines-py\.pdb_cache\2HYY,A
402,ThermoMPNN,2HYY,-0.18787610530853271,20,E,D,F:\GENESIS Studio\genesis-studio\packages\engines-py\.pdb_cache\2HYY,A
403,ThermoMPNN,2HYY,0.0,20,E,E,F:\GENESIS Studio\genesis-studio\packages\engines-py\.pdb_cache\2HYY,A
404,ThermoMPNN,2HYY,0.5331148505210876,20,E,F,F:\GENESIS Studio\genesis-studio\packages\engines-py\.pdb_cache\2HYY,A
405,ThermoMPNN,2HYY,0.6842811703681946,20,E,G,F:\GENESIS Studio\genesis-studio\packages\engines-py\.pdb_cache\2HYY,A
406,ThermoMPNN,2HYY,0.5230773687362671,20,E,H,F:\GENESIS Studio\genesis-studio\packages\engines-py\.pdb_cache\2HYY,A
407,ThermoMPNN,2HYY,0.6934078931808472,20,E,I,F:\GENESIS Studio\genesis-studio\packages\engines-py\.pdb_cache\2HYY,A
408,ThermoMPNN,2HYY,0.7955467700958252,20,E,K,F:\GENESIS Studio\genesis-studio\packages\engines-py\.pdb_cache\2HYY,A
409,ThermoMPNN,2HYY,0.4821595549583435,20,E,L,F:\GENESIS Studio\genesis-studio\packages\engines-py\.pdb_cache\2HYY,A
410,ThermoMPNN,2HYY,0.5447499752044678,20,E,M,F:\GENESIS Studio\genesis-studio\packages\engines-py\.pdb_cache\2HYY,A
411,ThermoMPNN,2HYY,0.3231930136680603,20,E,N,F:\GENESIS Studio\genesis-studio\packages\engines-py\.pdb_cache\2HYY,A
412,ThermoMPNN,2HYY,0.298239529132843,20,E,P,F:\GENESIS Studio\genesis-studio\packages\engines-py\.pdb_cache\2HYY,A
413,ThermoMPNN,2HYY,0.4958341121673584,20,E,Q,F:\GENESIS Studio\genesis-studio\packages\engines-py\.pdb_cache\2HYY,A
414,ThermoMPNN,2HYY,0.857293963432312,20,E,R,F:\GENESIS Studio\genesis-studio\packages\engines-py\.pdb_cache\2HYY,A
415,ThermoMPNN,2HYY,0.30943018198013306,20,E,S,F:\GENESIS Studio\genesis-studio\packages\engines-py\.pdb_cache\2HYY,A
416,ThermoMPNN,2HYY,0.5055187344551086,20,E,T,F:\GENESIS Studio\genesis-studio\packages\engines-py\.pdb_cache\2HYY,A
417,ThermoMPNN,2HYY,0.7234401702880859,20,E,V,F:\GENESIS Studio\genesis-studio\packages\engines-py\.pdb_cache\2HYY,A
418,ThermoMPNN,2HYY,0.2142786979675293,20,E,W,F:\GENESIS Studio\genesis-studio\packages\engines-py\.pdb_cache\2HYY,A
419,ThermoMPNN,2HYY,0.43205326795578003,20,E,Y,F:\GENESIS Studio\genesis-studio\packages\engines-py\.pdb_cache\2HYY,A
420,ThermoMPNN,2HYY,0.7975327968597412,21,V,A,F:\GENESIS Studio\genesis-studio\packages\engines-py\.pdb_cache\2HYY,A
421,ThermoMPNN,2HYY,0.2489323616027832,21,V,C,F:\GENESIS Studio\genesis-studio\packages\engines-py\.pdb_cache\2HYY,A
422,ThermoMPNN,2HYY,2.0610315799713135,21,V,D,F:\GENESIS Studio\genesis-studio\packages\engines-py\.pdb_cache\2HYY,A
423,ThermoMPNN,2HYY,1.480978012084961,21,V,E,F:\GENESIS Studio\genesis-studio\packages\engines-py\.pdb_cache\2HYY,A
424,ThermoMPNN,2HYY,-0.09461593627929688,21,V,F,F:\GENESIS Studio\genesis-studio\packages\engines-py\.pdb_cache\2HYY,A
425,ThermoMPNN,2HYY,1.8811304569244385,21,V,G,F:\GENESIS Studio\genesis-studio\packages\engines-py\.pdb_cache\2HYY,A
426,ThermoMPNN,2HYY,1.0950373411178589,21,V,H,F:\GENESIS Studio\genesis-studio\packages\engines-py\.pdb_cache\2HYY,A
427,ThermoMPNN,2HYY,0.012463092803955078,21,V,I,F:\GENESIS Studio\genesis-studio\packages\engines-py\.pdb_cache\2HYY,A
428,ThermoMPNN,2HYY,1.4382436275482178,21,V,K,F:\GENESIS Studio\genesis-studio\packages\engines-py\.pdb_cache\2HYY,A
429,ThermoMPNN,2HYY,0.07818961143493652,21,V,L,F:\GENESIS Studio\genesis-studio\packages\engines-py\.pdb_cache\2HYY,A
430,ThermoMPNN,2HYY,0.21626031398773193,21,V,M,F:\GENESIS Studio\genesis-studio\packages\engines-py\.pdb_cache\2HYY,A
431,ThermoMPNN,2HYY,1.5599732398986816,21,V,N,F:\GENESIS Studio\genesis-studio\packages\engines-py\.pdb_cache\2HYY,A
432,ThermoMPNN,2HYY,2.2472548484802246,21,V,P,F:\GENESIS Studio\genesis-studio\packages\engines-py\.pdb_cache\2HYY,A
433,ThermoMPNN,2HYY,1.2265567779541016,21,V,Q,F:\GENESIS Studio\genesis-studio\packages\engines-py\.pdb_cache\2HYY,A
434,ThermoMPNN,2HYY,1.2124320268630981,21,V,R,F:\GENESIS Studio\genesis-studio\packages\engines-py\.pdb_cache\2HYY,A
435,ThermoMPNN,2HYY,1.1172786951065063,21,V,S,F:\GENESIS Studio\genesis-studio\packages\engines-py\.pdb_cache\2HYY,A
436,ThermoMPNN,2HYY,0.5683296322822571,21,V,T,F:\GENESIS Studio\genesis-studio\packages\engines-py\.pdb_cache\2HYY,A
437,ThermoMPNN,2HYY,0.0,21,V,V,F:\GENESIS Studio\genesis-studio\packages\engines-py\.pdb_cache\2HYY,A
438,ThermoMPNN,2HYY,-0.38490772247314453,21,V,W,F:\GENESIS Studio\genesis-studio\packages\engines-py\.pdb_cache\2HYY,A
439,ThermoMPNN,2HYY,-0.2530386447906494,21,V,Y,F:\GENESIS Studio\genesis-studio\packages\engines-py\.pdb_cache\2HYY,A
440,ThermoMPNN,2HYY,2.5021591186523438,22,Y,A,F:\GENESIS Studio\genesis-studio\packages\engines-py\.pdb_cache\2HYY,A
441,ThermoMPNN,2HYY,1.4561082124710083,22,Y,C,F:\GENESIS Studio\genesis-studio\packages\engines-py\.pdb_cache\2HYY,A
442,ThermoMPNN,2HYY,3.1068766117095947,22,Y,D,F:\GENESIS Studio\genesis-studio\packages\engines-py\.pdb_cache\2HYY,A
443,ThermoMPNN,2HYY,2.5958564281463623,22,Y,E,F:\GENESIS Studio\genesis-studio\packages\engines-py\.pdb_cache\2HYY,A
444,ThermoMPNN,2HYY,0.4185652732849121,22,Y,F,F:\GENESIS Studio\genesis-studio\packages\engines-py\.pdb_cache\2HYY,A
445,ThermoMPNN,2HYY,2.8777012825012207,22,Y,G,F:\GENESIS Studio\genesis-studio\packages\engines-py\.pdb_cache\2HYY,A
446,ThermoMPNN,2HYY,1.5386474132537842,22,Y,H,F:\GENESIS Studio\genesis-studio\packages\engines-py\.pdb_cache\2HYY,A
447,ThermoMPNN,2HYY,1.6517772674560547,22,Y,I,F:\GENESIS Studio\genesis-studio\packages\engines-py\.pdb_cache\2HYY,A
448,ThermoMPNN,2HYY,1.8942480087280273,22,Y,K,F:\GENESIS Studio\genesis-studio\packages\engines-py\.pdb_cache\2HYY,A
449,ThermoMPNN,2HYY,1.5452913045883179,22,Y,L,F:\GENESIS Studio\genesis-studio\packages\engines-py\.pdb_cache\2HYY,A
450,ThermoMPNN,2HYY,1.7122868299484253,22,Y,M,F:\GENESIS Studio\genesis-studio\packages\engines-py\.pdb_cache\2HYY,A
451,ThermoMPNN,2HYY,2.4363691806793213,22,Y,N,F:\GENESIS Studio\genesis-studio\packages\engines-py\.pdb_cache\2HYY,A
452,ThermoMPNN,2HYY,2.8072304725646973,22,Y,P,F:\GENESIS Studio\genesis-studio\packages\engines-py\.pdb_cache\2HYY,A
453,ThermoMPNN,2HYY,2.254549503326416,22,Y,Q,F:\GENESIS Studio\genesis-studio\packages\engines-py\.pdb_cache\2HYY,A
454,ThermoMPNN,2HYY,1.7021629810333252,22,Y,R,F:\GENESIS Studio\genesis-studio\packages\engines-py\.pdb_cache\2HYY,A
455,ThermoMPNN,2HYY,2.4218649864196777,22,Y,S,F:\GENESIS Studio\genesis-studio\packages\engines-py\.pdb_cache\2HYY,A
456,ThermoMPNN,2HYY,2.1621811389923096,22,Y,T,F:\GENESIS Studio\genesis-studio\packages\engines-py\.pdb_cache\2HYY,A
457,ThermoMPNN,2HYY,1.7035428285598755,22,Y,V,F:\GENESIS Studio\genesis-studio\packages\engines-py\.pdb_cache\2HYY,A
458,ThermoMPNN,2HYY,0.5441834926605225,22,Y,W,F:\GENESIS Studio\genesis-studio\packages\engines-py\.pdb_cache\2HYY,A
459,ThermoMPNN,2HYY,0.0,22,Y,Y,F:\GENESIS Studio\genesis-studio\packages\engines-py\.pdb_cache\2HYY,A
460,ThermoMPNN,2HYY,1.1998296976089478,23,E,A,F:\GENESIS Studio\genesis-studio\packages\engines-py\.pdb_cache\2HYY,A
461,ThermoMPNN,2HYY,0.3281230926513672,23,E,C,F:\GENESIS Studio\genesis-studio\packages\engines-py\.pdb_cache\2HYY,A
462,ThermoMPNN,2HYY,1.7506794929504395,23,E,D,F:\GENESIS Studio\genesis-studio\packages\engines-py\.pdb_cache\2HYY,A
463,ThermoMPNN,2HYY,0.0,23,E,E,F:\GENESIS Studio\genesis-studio\packages\engines-py\.pdb_cache\2HYY,A
464,ThermoMPNN,2HYY,0.5553480982780457,23,E,F,F:\GENESIS Studio\genesis-studio\packages\engines-py\.pdb_cache\2HYY,A
465,ThermoMPNN,2HYY,2.0307157039642334,23,E,G,F:\GENESIS Studio\genesis-studio\packages\engines-py\.pdb_cache\2HYY,A
466,ThermoMPNN,2HYY,1.234773874282837,23,E,H,F:\GENESIS Studio\genesis-studio\packages\engines-py\.pdb_cache\2HYY,A
467,ThermoMPNN,2HYY,-0.36757493019104004,23,E,I,F:\GENESIS Studio\genesis-studio\packages\engines-py\.pdb_cache\2HYY,A
468,ThermoMPNN,2HYY,1.3178298473358154,23,E,K,F:\GENESIS Studio\genesis-studio\packages\engines-py\.pdb_cache\2HYY,A
469,ThermoMPNN,2HYY,0.24323749542236328,23,E,L,F:\GENESIS Studio\genesis-studio\packages\engines-py\.pdb_cache\2HYY,A
470,ThermoMPNN,2HYY,0.327667236328125,23,E,M,F:\GENESIS Studio\genesis-studio\packages\engines-py\.pdb_cache\2HYY,A
471,ThermoMPNN,2HYY,1.8845529556274414,23,E,N,F:\GENESIS Studio\genesis-studio\packages\engines-py\.pdb_cache\2HYY,A
472,ThermoMPNN,2HYY,2.1042702198028564,23,E,P,F:\GENESIS Studio\genesis-studio\packages\engines-py\.pdb_cache\2HYY,A
473,ThermoMPNN,2HYY,0.7574606537818909,23,E,Q,F:\GENESIS Studio\genesis-studio\packages\engines-py\.pdb_cache\2HYY,A
474,ThermoMPNN,2HYY,1.4677257537841797,23,E,R,F:\GENESIS Studio\genesis-studio\packages\engines-py\.pdb_cache\2HYY,A
475,ThermoMPNN,2HYY,1.4606002569198608,23,E,S,F:\GENESIS Studio\genesis-studio\packages\engines-py\.pdb_cache\2HYY,A
476,ThermoMPNN,2HYY,0.8807331919670105,23,E,T,F:\GENESIS Studio\genesis-studio\packages\engines-py\.pdb_cache\2HYY,A
477,ThermoMPNN,2HYY,0.07991814613342285,23,E,V,F:\GENESIS Studio\genesis-studio\packages\engines-py\.pdb_cache\2HYY,A
478,ThermoMPNN,2HYY,0.632454514503479,23,E,W,F:\GENESIS Studio\genesis-studio\packages\engines-py\.pdb_cache\2HYY,A
479,ThermoMPNN,2HYY,0.5680086612701416,23,E,Y,F:\GENESIS Studio\genesis-studio\packages\engines-py\.pdb_cache\2HYY,A
480,ThermoMPNN,2HYY,0.3838313817977905,24,G,A,F:\GENESIS Studio\genesis-studio\packages\engines-py\.pdb_cache\2HYY,A
481,ThermoMPNN,2HYY,0.8566821813583374,24,G,C,F:\GENESIS Studio\genesis-studio\packages\engines-py\.pdb_cache\2HYY,A
482,ThermoMPNN,2HYY,2.76005220413208,24,G,D,F:\GENESIS Studio\genesis-studio\packages\engines-py\.pdb_cache\2HYY,A
483,ThermoMPNN,2HYY,2.9407739639282227,24,G,E,F:\GENESIS Studio\genesis-studio\packages\engines-py\.pdb_cache\2HYY,A
484,ThermoMPNN,2HYY,1.2835755348205566,24,G,F,F:\GENESIS Studio\genesis-studio\packages\engines-py\.pdb_cache\2HYY,A
485,ThermoMPNN,2HYY,0.0,24,G,G,F:\GENESIS Studio\genesis-studio\packages\engines-py\.pdb_cache\2HYY,A
486,ThermoMPNN,2HYY,2.2901313304901123,24,G,H,F:\GENESIS Studio\genesis-studio\packages\engines-py\.pdb_cache\2HYY,A
487,ThermoMPNN,2HYY,1.5265623331069946,24,G,I,F:\GENESIS Studio\genesis-studio\packages\engines-py\.pdb_cache\2HYY,A
488,ThermoMPNN,2HYY,2.3996164798736572,24,G,K,F:\GENESIS Studio\genesis-studio\packages\engines-py\.pdb_cache\2HYY,A
489,ThermoMPNN,2HYY,1.840719223022461,24,G,L,F:\GENESIS Studio\genesis-studio\packages\engines-py\.pdb_cache\2HYY,A
490,ThermoMPNN,2HYY,1.6564950942993164,24,G,M,F:\GENESIS Studio\genesis-studio\packages\engines-py\.pdb_cache\2HYY,A
491,ThermoMPNN,2HYY,2.600094795227051,24,G,N,F:\GENESIS Studio\genesis-studio\packages\engines-py\.pdb_cache\2HYY,A
492,ThermoMPNN,2HYY,2.7864089012145996,24,G,P,F:\GENESIS Studio\genesis-studio\packages\engines-py\.pdb_cache\2HYY,A
493,ThermoMPNN,2HYY,2.4592347145080566,24,G,Q,F:\GENESIS Studio\genesis-studio\packages\engines-py\.pdb_cache\2HYY,A
494,ThermoMPNN,2HYY,2.2863430976867676,24,G,R,F:\GENESIS Studio\genesis-studio\packages\engines-py\.pdb_cache\2HYY,A
495,ThermoMPNN,2HYY,1.4819873571395874,24,G,S,F:\GENESIS Studio\genesis-studio\packages\engines-py\.pdb_cache\2HYY,A
496,ThermoMPNN,2HYY,1.819387435913086,24,G,T,F:\GENESIS Studio\genesis-studio\packages\engines-py\.pdb_cache\2HYY,A
497,ThermoMPNN,2HYY,1.349985957145691,24,G,V,F:\GENESIS Studio\genesis-studio\packages\engines-py\.pdb_cache\2HYY,A
498,ThermoMPNN,2HYY,1.428613543510437,24,G,W,F:\GENESIS Studio\genesis-studio\packages\engines-py\.pdb_cache\2HYY,A
499,ThermoMPNN,2HYY,1.5914661884307861,24,G,Y,F:\GENESIS Studio\genesis-studio\packages\engines-py\.pdb_cache\2HYY,A
500,ThermoMPNN,2HYY,0.9998577833175659,25,V,A,F:\GENESIS Studio\genesis-studio\packages\engines-py\.pdb_cache\2HYY,A
501,ThermoMPNN,2HYY,-0.06604087352752686,25,V,C,F:\GENESIS Studio\genesis-studio\packages\engines-py\.pdb_cache\2HYY,A
502,ThermoMPNN,2HYY,0.8309180736541748,25,V,D,F:\GENESIS Studio\genesis-studio\packages\engines-py\.pdb_cache\2HYY,A
503,ThermoMPNN,2HYY,0.1277681589126587,25,V,E,F:\GENESIS Studio\genesis-studio\packages\engines-py\.pdb_cache\2HYY,A
504,ThermoMPNN,2HYY,-0.0004687309265136719,25,V,F,F:\GENESIS Studio\genesis-studio\packages\engines-py\.pdb_cache\2HYY,A
505,ThermoMPNN,2HYY,1.6177661418914795,25,V,G,F:\GENESIS Studio\genesis-studio\packages\engines-py\.pdb_cache\2HYY,A
506,ThermoMPNN,2HYY,0.5718297362327576,25,V,H,F:\GENESIS Studio\genesis-studio\packages\engines-py\.pdb_cache\2HYY,A
507,ThermoMPNN,2HYY,-0.1762305498123169,25,V,I,F:\GENESIS Studio\genesis-studio\packages\engines-py\.pdb_cache\2HYY,A
508,ThermoMPNN,2HYY,0.9609469175338745,25,V,K,F:\GENESIS Studio\genesis-studio\packages\engines-py\.pdb_cache\2HYY,A
509,ThermoMPNN,2HYY,0.08541953563690186,25,V,L,F:\GENESIS Studio\genesis-studio\packages\engines-py\.pdb_cache\2HYY,A
510,ThermoMPNN,2HYY,0.1144188642501831,25,V,M,F:\GENESIS Studio\genesis-studio\packages\engines-py\.pdb_cache\2HYY,A
511,ThermoMPNN,2HYY,1.0541870594024658,25,V,N,F:\GENESIS Studio\genesis-studio\packages\engines-py\.pdb_cache\2HYY,A
512,ThermoMPNN,2HYY,2.0885274410247803,25,V,P,F:\GENESIS Studio\genesis-studio\packages\engines-py\.pdb_cache\2HYY,A
513,ThermoMPNN,2HYY,0.4422922134399414,25,V,Q,F:\GENESIS Studio\genesis-studio\packages\engines-py\.pdb_cache\2HYY,A
514,ThermoMPNN,2HYY,1.0701364278793335,25,V,R,F:\GENESIS Studio\genesis-studio\packages\engines-py\.pdb_cache\2HYY,A
515,ThermoMPNN,2HYY,0.8825846314430237,25,V,S,F:\GENESIS Studio\genesis-studio\packages\engines-py\.pdb_cache\2HYY,A
516,ThermoMPNN,2HYY,0.33082908391952515,25,V,T,F:\GENESIS Studio\genesis-studio\packages\engines-py\.pdb_cache\2HYY,A
517,ThermoMPNN,2HYY,0.0,25,V,V,F:\GENESIS Studio\genesis-studio\packages\engines-py\.pdb_cache\2HYY,A
518,ThermoMPNN,2HYY,0.13400089740753174,25,V,W,F:\GENESIS Studio\genesis-studio\packages\engines-py\.pdb_cache\2HYY,A
519,ThermoMPNN,2HYY,0.017963290214538574,25,V,Y,F:\GENESIS Studio\genesis-studio\packages\engines-py\.pdb_cache\2HYY,A
520,ThermoMPNN,2HYY,2.8867435455322266,26,W,A,F:\GENESIS Studio\genesis-studio\packages\engines-py\.pdb_cache\2HYY,A
521,ThermoMPNN,2HYY,1.349220871925354,26,W,C,F:\GENESIS Studio\genesis-studio\packages\engines-py\.pdb_cache\2HYY,A
522,ThermoMPNN,2HYY,3.880833148956299,26,W,D,F:\GENESIS Studio\genesis-studio\packages\engines-py\.pdb_cache\2HYY,A
523,ThermoMPNN,2HYY,3.511388063430786,26,W,E,F:\GENESIS Studio\genesis-studio\packages\engines-py\.pdb_cache\2HYY,A
524,ThermoMPNN,2HYY,0.7070558071136475,26,W,F,F:\GENESIS Studio\genesis-studio\packages\engines-py\.pdb_cache\2HYY,A
525,ThermoMPNN,2HYY,3.6471176147460938,26,W,G,F:\GENESIS Studio\genesis-studio\packages\engines-py\.pdb_cache\2HYY,A
526,ThermoMPNN,2HYY,2.398188591003418,26,W,H,F:\GENESIS Studio\genesis-studio\packages\engines-py\.pdb_cache\2HYY,A
527,ThermoMPNN,2HYY,0.9505643844604492,26,W,I,F:\GENESIS Studio\genesis-studio\packages\engines-py\.pdb_cache\2HYY,A
528,ThermoMPNN,2HYY,2.992311954498291,26,W,K,F:\GENESIS Studio\genesis-studio\packages\engines-py\.pdb_cache\2HYY,A
529,ThermoMPNN,2HYY,0.761690616607666,26,W,L,F:\GENESIS Studio\genesis-studio\packages\engines-py\.pdb_cache\2HYY,A
530,ThermoMPNN,2HYY,1.2702865600585938,26,W,M,F:\GENESIS Studio\genesis-studio\packages\engines-py\.pdb_cache\2HYY,A
531,ThermoMPNN,2HYY,3.415095090866089,26,W,N,F:\GENESIS Studio\genesis-studio\packages\engines-py\.pdb_cache\2HYY,A
532,ThermoMPNN,2HYY,3.479282855987549,26,W,P,F:\GENESIS Studio\genesis-studio\packages\engines-py\.pdb_cache\2HYY,A
533,ThermoMPNN,2HYY,3.0233285427093506,26,W,Q,F:\GENESIS Studio\genesis-studio\packages\engines-py\.pdb_cache\2HYY,A
534,ThermoMPNN,2HYY,2.866131544113159,26,W,R,F:\GENESIS Studio\genesis-studio\packages\engines-py\.pdb_cache\2HYY,A
535,ThermoMPNN,2HYY,3.0903518199920654,26,W,S,F:\GENESIS Studio\genesis-studio\packages\engines-py\.pdb_cache\2HYY,A
536,ThermoMPNN,2HYY,3.0061283111572266,26,W,T,F:\GENESIS Studio\genesis-studio\packages\engines-py\.pdb_cache\2HYY,A
537,ThermoMPNN,2HYY,1.5237932205200195,26,W,V,F:\GENESIS Studio\genesis-studio\packages\engines-py\.pdb_cache\2HYY,A
538,ThermoMPNN,2HYY,0.0,26,W,W,F:\GENESIS Studio\genesis-studio\packages\engines-py\.pdb_cache\2HYY,A
539,ThermoMPNN,2HYY,0.5816526412963867,26,W,Y,F:\GENESIS Studio\genesis-studio\packages\engines-py\.pdb_cache\2HYY,A
540,ThermoMPNN,2HYY,0.8950992822647095,27,K,A,F:\GENESIS Studio\genesis-studio\packages\engines-py\.pdb_cache\2HYY,A
541,ThermoMPNN,2HYY,-0.21440362930297852,27,K,C,F:\GENESIS Studio\genesis-studio\packages\engines-py\.pdb_cache\2HYY,A
542,ThermoMPNN,2HYY,1.801839828491211,27,K,D,F:\GENESIS Studio\genesis-studio\packages\engines-py\.pdb_cache\2HYY,A
543,ThermoMPNN,2HYY,1.1602303981781006,27,K,E,F:\GENESIS Studio\genesis-studio\packages\engines-py\.pdb_cache\2HYY,A
544,ThermoMPNN,2HYY,0.15633994340896606,27,K,F,F:\GENESIS Studio\genesis-studio\packages\engines-py\.pdb_cache\2HYY,A
545,ThermoMPNN,2HYY,1.4565410614013672,27,K,G,F:\GENESIS Studio\genesis-studio\packages\engines-py\.pdb_cache\2HYY,A
546,ThermoMPNN,2HYY,0.38903552293777466,27,K,H,F:\GENESIS Studio\genesis-studio\packages\engines-py\.pdb_cache\2HYY,A
547,ThermoMPNN,2HYY,-0.5629417896270752,27,K,I,F:\GENESIS Studio\genesis-studio\packages\engines-py\.pdb_cache\2HYY,A
548,ThermoMPNN,2HYY,0.0,27,K,K,F:\GENESIS Studio\genesis-studio\packages\engines-py\.pdb_cache\2HYY,A
549,ThermoMPNN,2HYY,-0.2943298816680908,27,K,L,F:\GENESIS Studio\genesis-studio\packages\engines-py\.pdb_cache\2HYY,A
550,ThermoMPNN,2HYY,0.01990330219268799,27,K,M,F:\GENESIS Studio\genesis-studio\packages\engines-py\.pdb_cache\2HYY,A
551,ThermoMPNN,2HYY,0.7326991558074951,27,K,N,F:\GENESIS Studio\genesis-studio\packages\engines-py\.pdb_cache\2HYY,A
552,ThermoMPNN,2HYY,1.5989956855773926,27,K,P,F:\GENESIS Studio\genesis-studio\packages\engines-py\.pdb_cache\2HYY,A
553,ThermoMPNN,2HYY,0.5893833637237549,27,K,Q,F:\GENESIS Studio\genesis-studio\packages\engines-py\.pdb_cache\2HYY,A
554,ThermoMPNN,2HYY,0.039014577865600586,27,K,R,F:\GENESIS Studio\genesis-studio\packages\engines-py\.pdb_cache\2HYY,A
555,ThermoMPNN,2HYY,0.8468544483184814,27,K,S,F:\GENESIS Studio\genesis-studio\packages\engines-py\.pdb_cache\2HYY,A
556,ThermoMPNN,2HYY,0.36241859197616577,27,K,T,F:\GENESIS Studio\genesis-studio\packages\engines-py\.pdb_cache\2HYY,A
557,ThermoMPNN,2HYY,-0.31239020824432373,27,K,V,F:\GENESIS Studio\genesis-studio\packages\engines-py\.pdb_cache\2HYY,A
558,ThermoMPNN,2HYY,0.4142830967903137,27,K,W,F:\GENESIS Studio\genesis-studio\packages\engines-py\.pdb_cache\2HYY,A
559,ThermoMPNN,2HYY,0.20245635509490967,27,K,Y,F:\GENESIS Studio\genesis-studio\packages\engines-py\.pdb_cache\2HYY,A
560,ThermoMPNN,2HYY,0.5831686854362488,28,K,A,F:\GENESIS Studio\genesis-studio\packages\engines-py\.pdb_cache\2HYY,A
561,ThermoMPNN,2HYY,0.33555901050567627,28,K,C,F:\GENESIS Studio\genesis-studio\packages\engines-py\.pdb_cache\2HYY,A
562,ThermoMPNN,2HYY,0.9215534329414368,28,K,D,F:\GENESIS Studio\genesis-studio\packages\engines-py\.pdb_cache\2HYY,A
563,ThermoMPNN,2HYY,0.9279776811599731,28,K,E,F:\GENESIS Studio\genesis-studio\packages\engines-py\.pdb_cache\2HYY,A
564,ThermoMPNN,2HYY,0.8042631149291992,28,K,F,F:\GENESIS Studio\genesis-studio\packages\engines-py\.pdb_cache\2HYY,A
565,ThermoMPNN,2HYY,1.0822465419769287,28,K,G,F:\GENESIS Studio\genesis-studio\packages\engines-py\.pdb_cache\2HYY,A
566,ThermoMPNN,2HYY,0.5711811184883118,28,K,H,F:\GENESIS Studio\genesis-studio\packages\engines-py\.pdb_cache\2HYY,A
567,ThermoMPNN,2HYY,0.36376631259918213,28,K,I,F:\GENESIS Studio\genesis-studio\packages\engines-py\.pdb_cache\2HYY,A
568,ThermoMPNN,2HYY,0.0,28,K,K,F:\GENESIS Studio\genesis-studio\packages\engines-py\.pdb_cache\2HYY,A
569,ThermoMPNN,2HYY,0.3434861898422241,28,K,L,F:\GENESIS Studio\genesis-studio\packages\engines-py\.pdb_cache\2HYY,A
570,ThermoMPNN,2HYY,0.5076403617858887,28,K,M,F:\GENESIS Studio\genesis-studio\packages\engines-py\.pdb_cache\2HYY,A
571,ThermoMPNN,2HYY,0.5410634279251099,28,K,N,F:\GENESIS Studio\genesis-studio\packages\engines-py\.pdb_cache\2HYY,A
572,ThermoMPNN,2HYY,-0.05890095233917236,28,K,P,F:\GENESIS Studio\genesis-studio\packages\engines-py\.pdb_cache\2HYY,A
573,ThermoMPNN,2HYY,0.4265342950820923,28,K,Q,F:\GENESIS Studio\genesis-studio\packages\engines-py\.pdb_cache\2HYY,A
574,ThermoMPNN,2HYY,0.01767575740814209,28,K,R,F:\GENESIS Studio\genesis-studio\packages\engines-py\.pdb_cache\2HYY,A
575,ThermoMPNN,2HYY,0.47404319047927856,28,K,S,F:\GENESIS Studio\genesis-studio\packages\engines-py\.pdb_cache\2HYY,A
576,ThermoMPNN,2HYY,0.6068829894065857,28,K,T,F:\GENESIS Studio\genesis-studio\packages\engines-py\.pdb_cache\2HYY,A
577,ThermoMPNN,2HYY,0.5592453479766846,28,K,V,F:\GENESIS Studio\genesis-studio\packages\engines-py\.pdb_cache\2HYY,A
578,ThermoMPNN,2HYY,0.9034757018089294,28,K,W,F:\GENESIS Studio\genesis-studio\packages\engines-py\.pdb_cache\2HYY,A
579,ThermoMPNN,2HYY,0.7708805799484253,28,K,Y,F:\GENESIS Studio\genesis-studio\packages\engines-py\.pdb_cache\2HYY,A
580,ThermoMPNN,2HYY,1.0763897895812988,29,Y,A,F:\GENESIS Studio\genesis-studio\packages\engines-py\.pdb_cache\2HYY,A
581,ThermoMPNN,2HYY,0.1589672565460205,29,Y,C,F:\GENESIS Studio\genesis-studio\packages\engines-py\.pdb_cache\2HYY,A
582,ThermoMPNN,2HYY,1.3195123672485352,29,Y,D,F:\GENESIS Studio\genesis-studio\packages\engines-py\.pdb_cache\2HYY,A
583,ThermoMPNN,2HYY,1.154199242591858,29,Y,E,F:\GENESIS Studio\genesis-studio\packages\engines-py\.pdb_cache\2HYY,A
584,ThermoMPNN,2HYY,-0.0644381046295166,29,Y,F,F:\GENESIS Studio\genesis-studio\packages\engines-py\.pdb_cache\2HYY,A
585,ThermoMPNN,2HYY,1.40714693069458,29,Y,G,F:\GENESIS Studio\genesis-studio\packages\engines-py\.pdb_cache\2HYY,A
586,ThermoMPNN,2HYY,0.47585368156433105,29,Y,H,F:\GENESIS Studio\genesis-studio\packages\engines-py\.pdb_cache\2HYY,A
587,ThermoMPNN,2HYY,0.9977655410766602,29,Y,I,F:\GENESIS Studio\genesis-studio\packages\engines-py\.pdb_cache\2HYY,A
588,ThermoMPNN,2HYY,0.7007149457931519,29,Y,K,F:\GENESIS Studio\genesis-studio\packages\engines-py\.pdb_cache\2HYY,A
589,ThermoMPNN,2HYY,0.5611005425453186,29,Y,L,F:\GENESIS Studio\genesis-studio\packages\engines-py\.pdb_cache\2HYY,A
590,ThermoMPNN,2HYY,0.58110511302948,29,Y,M,F:\GENESIS Studio\genesis-studio\packages\engines-py\.pdb_cache\2HYY,A
591,ThermoMPNN,2HYY,0.7937334179878235,29,Y,N,F:\GENESIS Studio\genesis-studio\packages\engines-py\.pdb_cache\2HYY,A
592,ThermoMPNN,2HYY,2.3175482749938965,29,Y,P,F:\GENESIS Studio\genesis-studio\packages\engines-py\.pdb_cache\2HYY,A
593,ThermoMPNN,2HYY,0.8704549074172974,29,Y,Q,F:\GENESIS Studio\genesis-studio\packages\engines-py\.pdb_cache\2HYY,A
594,ThermoMPNN,2HYY,0.5924524068832397,29,Y,R,F:\GENESIS Studio\genesis-studio\packages\engines-py\.pdb_cache\2HYY,A
595,ThermoMPNN,2HYY,1.1218740940093994,29,Y,S,F:\GENESIS Studio\genesis-studio\packages\engines-py\.pdb_cache\2HYY,A
596,ThermoMPNN,2HYY,1.1504271030426025,29,Y,T,F:\GENESIS Studio\genesis-studio\packages\engines-py\.pdb_cache\2HYY,A
597,ThermoMPNN,2HYY,0.9729081392288208,29,Y,V,F:\GENESIS Studio\genesis-studio\packages\engines-py\.pdb_cache\2HYY,A
598,ThermoMPNN,2HYY,0.015101194381713867,29,Y,W,F:\GENESIS Studio\genesis-studio\packages\engines-py\.pdb_cache\2HYY,A
599,ThermoMPNN,2HYY,0.0,29,Y,Y,F:\GENESIS Studio\genesis-studio\packages\engines-py\.pdb_cache\2HYY,A
600,ThermoMPNN,2HYY,0.13338184356689453,30,S,A,F:\GENESIS Studio\genesis-studio\packages\engines-py\.pdb_cache\2HYY,A
601,ThermoMPNN,2HYY,-0.2808765172958374,30,S,C,F:\GENESIS Studio\genesis-studio\packages\engines-py\.pdb_cache\2HYY,A
602,ThermoMPNN,2HYY,-0.1820892095565796,30,S,D,F:\GENESIS Studio\genesis-studio\packages\engines-py\.pdb_cache\2HYY,A
603,ThermoMPNN,2HYY,0.0766569972038269,30,S,E,F:\GENESIS Studio\genesis-studio\packages\engines-py\.pdb_cache\2HYY,A
604,ThermoMPNN,2HYY,0.2956472635269165,30,S,F,F:\GENESIS Studio\genesis-studio\packages\engines-py\.pdb_cache\2HYY,A
605,ThermoMPNN,2HYY,-0.12236714363098145,30,S,G,F:\GENESIS Studio\genesis-studio\packages\engines-py\.pdb_cache\2HYY,A
606,ThermoMPNN,2HYY,0.0901949405670166,30,S,H,F:\GENESIS Studio\genesis-studio\packages\engines-py\.pdb_cache\2HYY,A
607,ThermoMPNN,2HYY,0.8147869110107422,30,S,I,F:\GENESIS Studio\genesis-studio\packages\engines-py\.pdb_cache\2HYY,A
608,ThermoMPNN,2HYY,0.10986155271530151,30,S,K,F:\GENESIS Studio\genesis-studio\packages\engines-py\.pdb_cache\2HYY,A
609,ThermoMPNN,2HYY,0.2765546441078186,30,S,L,F:\GENESIS Studio\genesis-studio\packages\engines-py\.pdb_cache\2HYY,A
610,ThermoMPNN,2HYY,0.0747327208518982,30,S,M,F:\GENESIS Studio\genesis-studio\packages\engines-py\.pdb_cache\2HYY,A
611,ThermoMPNN,2HYY,-0.4219459295272827,30,S,N,F:\GENESIS Studio\genesis-studio\packages\engines-py\.pdb_cache\2HYY,A
612,ThermoMPNN,2HYY,1.494161605834961,30,S,P,F:\GENESIS Studio\genesis-studio\packages\engines-py\.pdb_cache\2HYY,A
613,ThermoMPNN,2HYY,-0.03117746114730835,30,S,Q,F:\GENESIS Studio\genesis-studio\packages\engines-py\.pdb_cache\2HYY,A
614,ThermoMPNN,2HYY,0.33783769607543945,30,S,R,F:\GENESIS Studio\genesis-studio\packages\engines-py\.pdb_cache\2HYY,A
615,ThermoMPNN,2HYY,0.0,30,S,S,F:\GENESIS Studio\genesis-studio\packages\engines-py\.pdb_cache\2HYY,A
616,ThermoMPNN,2HYY,0.6220784187316895,30,S,T,F:\GENESIS Studio\genesis-studio\packages\engines-py\.pdb_cache\2HYY,A
617,ThermoMPNN,2HYY,0.7944402098655701,30,S,V,F:\GENESIS Studio\genesis-studio\packages\engines-py\.pdb_cache\2HYY,A
618,ThermoMPNN,2HYY,0.2769384980201721,30,S,W,F:\GENESIS Studio\genesis-studio\packages\engines-py\.pdb_cache\2HYY,A
619,ThermoMPNN,2HYY,0.43022361397743225,30,S,Y,F:\GENESIS Studio\genesis-studio\packages\engines-py\.pdb_cache\2HYY,A
620,ThermoMPNN,2HYY,0.7706466317176819,31,L,A,F:\GENESIS Studio\genesis-studio\packages\engines-py\.pdb_cache\2HYY,A
621,ThermoMPNN,2HYY,0.21525788307189941,31,L,C,F:\GENESIS Studio\genesis-studio\packages\engines-py\.pdb_cache\2HYY,A
622,ThermoMPNN,2HYY,2.0514907836914062,31,L,D,F:\GENESIS Studio\genesis-studio\packages\engines-py\.pdb_cache\2HYY,A
623,ThermoMPNN,2HYY,1.2450968027114868,31,L,E,F:\GENESIS Studio\genesis-studio\packages\engines-py\.pdb_cache\2HYY,A
624,ThermoMPNN,2HYY,0.39826035499572754,31,L,F,F:\GENESIS Studio\genesis-studio\packages\engines-py\.pdb_cache\2HYY,A
625,ThermoMPNN,2HYY,1.606762170791626,31,L,G,F:\GENESIS Studio\genesis-studio\packages\engines-py\.pdb_cache\2HYY,A
626,ThermoMPNN,2HYY,0.875857949256897,31,L,H,F:\GENESIS Studio\genesis-studio\packages\engines-py\.pdb_cache\2HYY,A
627,ThermoMPNN,2HYY,0.20434987545013428,31,L,I,F:\GENESIS Studio\genesis-studio\packages\engines-py\.pdb_cache\2HYY,A
628,ThermoMPNN,2HYY,0.3351912498474121,31,L,K,F:\GENESIS Studio\genesis-studio\packages\engines-py\.pdb_cache\2HYY,A
629,ThermoMPNN,2HYY,0.0,31,L,L,F:\GENESIS Studio\genesis-studio\packages\engines-py\.pdb_cache\2HYY,A
630,ThermoMPNN,2HYY,0.0946345329284668,31,L,M,F:\GENESIS Studio\genesis-studio\packages\engines-py\.pdb_cache\2HYY,A
631,ThermoMPNN,2HYY,1.3498539924621582,31,L,N,F:\GENESIS Studio\genesis-studio\packages\engines-py\.pdb_cache\2HYY,A
632,ThermoMPNN,2HYY,2.656492233276367,31,L,P,F:\GENESIS Studio\genesis-studio\packages\engines-py\.pdb_cache\2HYY,A
633,ThermoMPNN,2HYY,0.5810116529464722,31,L,Q,F:\GENESIS Studio\genesis-studio\packages\engines-py\.pdb_cache\2HYY,A
634,ThermoMPNN,2HYY,0.1303555965423584,31,L,R,F:\GENESIS Studio\genesis-studio\packages\engines-py\.pdb_cache\2HYY,A
635,ThermoMPNN,2HYY,1.056854248046875,31,L,S,F:\GENESIS Studio\genesis-studio\packages\engines-py\.pdb_cache\2HYY,A
636,ThermoMPNN,2HYY,0.7298974394798279,31,L,T,F:\GENESIS Studio\genesis-studio\packages\engines-py\.pdb_cache\2HYY,A
637,ThermoMPNN,2HYY,0.3151916265487671,31,L,V,F:\GENESIS Studio\genesis-studio\packages\engines-py\.pdb_cache\2HYY,A
638,ThermoMPNN,2HYY,0.3202056884765625,31,L,W,F:\GENESIS Studio\genesis-studio\packages\engines-py\.pdb_cache\2HYY,A
639,ThermoMPNN,2HYY,0.4050252437591553,31,L,Y,F:\GENESIS Studio\genesis-studio\packages\engines-py\.pdb_cache\2HYY,A
640,ThermoMPNN,2HYY,0.684075117111206,32,T,A,F:\GENESIS Studio\genesis-studio\packages\engines-py\.pdb_cache\2HYY,A
641,ThermoMPNN,2HYY,-0.21647953987121582,32,T,C,F:\GENESIS Studio\genesis-studio\packages\engines-py\.pdb_cache\2HYY,A
642,ThermoMPNN,2HYY,1.2612876892089844,32,T,D,F:\GENESIS Studio\genesis-studio\packages\engines-py\.pdb_cache\2HYY,A
643,ThermoMPNN,2HYY,0.8852671384811401,32,T,E,F:\GENESIS Studio\genesis-studio\packages\engines-py\.pdb_cache\2HYY,A
644,ThermoMPNN,2HYY,0.12413370609283447,32,T,F,F:\GENESIS Studio\genesis-studio\packages\engines-py\.pdb_cache\2HYY,A
645,ThermoMPNN,2HYY,1.213991641998291,32,T,G,F:\GENESIS Studio\genesis-studio\packages\engines-py\.pdb_cache\2HYY,A
646,ThermoMPNN,2HYY,0.21713769435882568,32,T,H,F:\GENESIS Studio\genesis-studio\packages\engines-py\.pdb_cache\2HYY,A
647,ThermoMPNN,2HYY,-0.6790227890014648,32,T,I,F:\GENESIS Studio\genesis-studio\packages\engines-py\.pdb_cache\2HYY,A
648,ThermoMPNN,2HYY,-0.16314905881881714,32,T,K,F:\GENESIS Studio\genesis-studio\packages\engines-py\.pdb_cache\2HYY,A
649,ThermoMPNN,2HYY,-0.41638922691345215,32,T,L,F:\GENESIS Studio\genesis-studio\packages\engines-py\.pdb_cache\2HYY,A
650,ThermoMPNN,2HYY,-0.14084023237228394,32,T,M,F:\GENESIS Studio\genesis-studio\packages\engines-py\.pdb_cache\2HYY,A
651,ThermoMPNN,2HYY,0.5070176720619202,32,T,N,F:\GENESIS Studio\genesis-studio\packages\engines-py\.pdb_cache\2HYY,A
652,ThermoMPNN,2HYY,-0.2582775354385376,32,T,P,F:\GENESIS Studio\genesis-studio\packages\engines-py\.pdb_cache\2HYY,A
653,ThermoMPNN,2HYY,0.47743290662765503,32,T,Q,F:\GENESIS Studio\genesis-studio\packages\engines-py\.pdb_cache\2HYY,A
654,ThermoMPNN,2HYY,-0.14241880178451538,32,T,R,F:\GENESIS Studio\genesis-studio\packages\engines-py\.pdb_cache\2HYY,A
655,ThermoMPNN,2HYY,0.5506769418716431,32,T,S,F:\GENESIS Studio\genesis-studio\packages\engines-py\.pdb_cache\2HYY,A
656,ThermoMPNN,2HYY,0.0,32,T,T,F:\GENESIS Studio\genesis-studio\packages\engines-py\.pdb_cache\2HYY,A
657,ThermoMPNN,2HYY,-0.25196337699890137,32,T,V,F:\GENESIS Studio\genesis-studio\packages\engines-py\.pdb_cache\2HYY,A
658,ThermoMPNN,2HYY,-0.13124126195907593,32,T,W,F:\GENESIS Studio\genesis-studio\packages\engines-py\.pdb_cache\2HYY,A
659,ThermoMPNN,2HYY,-0.10658431053161621,32,T,Y,F:\GENESIS Studio\genesis-studio\packages\engines-py\.pdb_cache\2HYY,A
660,ThermoMPNN,2HYY,2.694469928741455,33,V,A,F:\GENESIS Studio\genesis-studio\packages\engines-py\.pdb_cache\2HYY,A
661,ThermoMPNN,2HYY,1.4574851989746094,33,V,C,F:\GENESIS Studio\genesis-studio\packages\engines-py\.pdb_cache\2HYY,A
662,ThermoMPNN,2HYY,4.2303385734558105,33,V,D,F:\GENESIS Studio\genesis-studio\packages\engines-py\.pdb_cache\2HYY,A
663,ThermoMPNN,2HYY,3.815528631210327,33,V,E,F:\GENESIS Studio\genesis-studio\packages\engines-py\.pdb_cache\2HYY,A
664,ThermoMPNN,2HYY,2.465752124786377,33,V,F,F:\GENESIS Studio\genesis-studio\packages\engines-py\.pdb_cache\2HYY,A
665,ThermoMPNN,2HYY,3.52978515625,33,V,G,F:\GENESIS Studio\genesis-studio\packages\engines-py\.pdb_cache\2HYY,A
666,ThermoMPNN,2HYY,3.8653502464294434,33,V,H,F:\GENESIS Studio\genesis-studio\packages\engines-py\.pdb_cache\2HYY,A
667,ThermoMPNN,2HYY,0.6102333068847656,33,V,I,F:\GENESIS Studio\genesis-studio\packages\engines-py\.pdb_cache\2HYY,A
668,ThermoMPNN,2HYY,3.846094846725464,33,V,K,F:\GENESIS Studio\genesis-studio\packages\engines-py\.pdb_cache\2HYY,A
669,ThermoMPNN,2HYY,1.6906235218048096,33,V,L,F:\GENESIS Studio\genesis-studio\packages\engines-py\.pdb_cache\2HYY,A
670,ThermoMPNN,2HYY,2.318197727203369,33,V,M,F:\GENESIS Studio\genesis-studio\packages\engines-py\.pdb_cache\2HYY,A
671,ThermoMPNN,2HYY,3.989682674407959,33,V,N,F:\GENESIS Studio\genesis-studio\packages\engines-py\.pdb_cache\2HYY,A
672,ThermoMPNN,2HYY,4.521954536437988,33,V,P,F:\GENESIS Studio\genesis-studio\packages\engines-py\.pdb_cache\2HYY,A
673,ThermoMPNN,2HYY,3.7561631202697754,33,V,Q,F:\GENESIS Studio\genesis-studio\packages\engines-py\.pdb_cache\2HYY,A
674,ThermoMPNN,2HYY,3.9393577575683594,33,V,R,F:\GENESIS Studio\genesis-studio\packages\engines-py\.pdb_cache\2HYY,A
675,ThermoMPNN,2HYY,3.6531262397766113,33,V,S,F:\GENESIS Studio\genesis-studio\packages\engines-py\.pdb_cache\2HYY,A
676,ThermoMPNN,2HYY,2.784520149230957,33,V,T,F:\GENESIS Studio\genesis-studio\packages\engines-py\.pdb_cache\2HYY,A
677,ThermoMPNN,2HYY,0.0,33,V,V,F:\GENESIS Studio\genesis-studio\packages\engines-py\.pdb_cache\2HYY,A
678,ThermoMPNN,2HYY,3.2026290893554688,33,V,W,F:\GENESIS Studio\genesis-studio\packages\engines-py\.pdb_cache\2HYY,A
679,ThermoMPNN,2HYY,3.1371915340423584,33,V,Y,F:\GENESIS Studio\genesis-studio\packages\engines-py\.pdb_cache\2HYY,A
680,ThermoMPNN,2HYY,0.0,34,A,A,F:\GENESIS Studio\genesis-studio\packages\engines-py\.pdb_cache\2HYY,A
681,ThermoMPNN,2HYY,-0.33486008644104004,34,A,C,F:\GENESIS Studio\genesis-studio\packages\engines-py\.pdb_cache\2HYY,A
682,ThermoMPNN,2HYY,2.137808322906494,34,A,D,F:\GENESIS Studio\genesis-studio\packages\engines-py\.pdb_cache\2HYY,A
683,ThermoMPNN,2HYY,1.7266521453857422,34,A,E,F:\GENESIS Studio\genesis-studio\packages\engines-py\.pdb_cache\2HYY,A
684,ThermoMPNN,2HYY,-0.23474180698394775,34,A,F,F:\GENESIS Studio\genesis-studio\packages\engines-py\.pdb_cache\2HYY,A
685,ThermoMPNN,2HYY,1.5679433345794678,34,A,G,F:\GENESIS Studio\genesis-studio\packages\engines-py\.pdb_cache\2HYY,A
686,ThermoMPNN,2HYY,0.7788187861442566,34,A,H,F:\GENESIS Studio\genesis-studio\packages\engines-py\.pdb_cache\2HYY,A
687,ThermoMPNN,2HYY,-0.2756413221359253,34,A,I,F:\GENESIS Studio\genesis-studio\packages\engines-py\.pdb_cache\2HYY,A
688,ThermoMPNN,2HYY,1.284544587135315,34,A,K,F:\GENESIS Studio\genesis-studio\packages\engines-py\.pdb_cache\2HYY,A
689,ThermoMPNN,2HYY,-0.5220094919204712,34,A,L,F:\GENESIS Studio\genesis-studio\packages\engines-py\.pdb_cache\2HYY,A
690,ThermoMPNN,2HYY,-0.33810651302337646,34,A,M,F:\GENESIS Studio\genesis-studio\packages\engines-py\.pdb_cache\2HYY,A
691,ThermoMPNN,2HYY,1.2712743282318115,34,A,N,F:\GENESIS Studio\genesis-studio\packages\engines-py\.pdb_cache\2HYY,A
692,ThermoMPNN,2HYY,2.87258243560791,34,A,P,F:\GENESIS Studio\genesis-studio\packages\engines-py\.pdb_cache\2HYY,A
693,ThermoMPNN,2HYY,1.1352319717407227,34,A,Q,F:\GENESIS Studio\genesis-studio\packages\engines-py\.pdb_cache\2HYY,A
694,ThermoMPNN,2HYY,1.1751224994659424,34,A,R,F:\GENESIS Studio\genesis-studio\packages\engines-py\.pdb_cache\2HYY,A
695,ThermoMPNN,2HYY,0.8243713974952698,34,A,S,F:\GENESIS Studio\genesis-studio\packages\engines-py\.pdb_cache\2HYY,A
696,ThermoMPNN,2HYY,0.5921400785446167,34,A,T,F:\GENESIS Studio\genesis-studio\packages\engines-py\.pdb_cache\2HYY,A
697,ThermoMPNN,2HYY,-0.16317522525787354,34,A,V,F:\GENESIS Studio\genesis-studio\packages\engines-py\.pdb_cache\2HYY,A
698,ThermoMPNN,2HYY,-0.31270015239715576,34,A,W,F:\GENESIS Studio\genesis-studio\packages\engines-py\.pdb_cache\2HYY,A
699,ThermoMPNN,2HYY,-0.40149593353271484,34,A,Y,F:\GENESIS Studio\genesis-studio\packages\engines-py\.pdb_cache\2HYY,A
700,ThermoMPNN,2HYY,1.7607831954956055,35,V,A,F:\GENESIS Studio\genesis-studio\packages\engines-py\.pdb_cache\2HYY,A
701,ThermoMPNN,2HYY,0.9493898153305054,35,V,C,F:\GENESIS Studio\genesis-studio\packages\engines-py\.pdb_cache\2HYY,A
702,ThermoMPNN,2HYY,3.689887762069702,35,V,D,F:\GENESIS Studio\genesis-studio\packages\engines-py\.pdb_cache\2HYY,A
703,ThermoMPNN,2HYY,3.7340903282165527,35,V,E,F:\GENESIS Studio\genesis-studio\packages\engines-py\.pdb_cache\2HYY,A
704,ThermoMPNN,2HYY,1.7912684679031372,35,V,F,F:\GENESIS Studio\genesis-studio\packages\engines-py\.pdb_cache\2HYY,A
705,ThermoMPNN,2HYY,2.689786911010742,35,V,G,F:\GENESIS Studio\genesis-studio\packages\engines-py\.pdb_cache\2HYY,A
706,ThermoMPNN,2HYY,3.206207275390625,35,V,H,F:\GENESIS Studio\genesis-studio\packages\engines-py\.pdb_cache\2HYY,A
707,ThermoMPNN,2HYY,0.33420705795288086,35,V,I,F:\GENESIS Studio\genesis-studio\packages\engines-py\.pdb_cache\2HYY,A
708,ThermoMPNN,2HYY,3.4038617610931396,35,V,K,F:\GENESIS Studio\genesis-studio\packages\engines-py\.pdb_cache\2HYY,A
709,ThermoMPNN,2HYY,1.1687655448913574,35,V,L,F:\GENESIS Studio\genesis-studio\packages\engines-py\.pdb_cache\2HYY,A
710,ThermoMPNN,2HYY,1.6138478517532349,35,V,M,F:\GENESIS Studio\genesis-studio\packages\engines-py\.pdb_cache\2HYY,A
711,ThermoMPNN,2HYY,3.3857083320617676,35,V,N,F:\GENESIS Studio\genesis-studio\packages\engines-py\.pdb_cache\2HYY,A
712,ThermoMPNN,2HYY,3.1375534534454346,35,V,P,F:\GENESIS Studio\genesis-studio\packages\engines-py\.pdb_cache\2HYY,A
713,ThermoMPNN,2HYY,3.4180705547332764,35,V,Q,F:\GENESIS Studio\genesis-studio\packages\engines-py\.pdb_cache\2HYY,A
714,ThermoMPNN,2HYY,3.3803608417510986,35,V,R,F:\GENESIS Studio\genesis-studio\packages\engines-py\.pdb_cache\2HYY,A
715,ThermoMPNN,2HYY,2.904008388519287,35,V,S,F:\GENESIS Studio\genesis-studio\packages\engines-py\.pdb_cache\2HYY,A
716,ThermoMPNN,2HYY,2.3988049030303955,35,V,T,F:\GENESIS Studio\genesis-studio\packages\engines-py\.pdb_cache\2HYY,A
717,ThermoMPNN,2HYY,0.0,35,V,V,F:\GENESIS Studio\genesis-studio\packages\engines-py\.pdb_cache\2HYY,A
718,ThermoMPNN,2HYY,2.3258562088012695,35,V,W,F:\GENESIS Studio\genesis-studio\packages\engines-py\.pdb_cache\2HYY,A
719,ThermoMPNN,2HYY,2.3405604362487793,35,V,Y,F:\GENESIS Studio\genesis-studio\packages\engines-py\.pdb_cache\2HYY,A
720,ThermoMPNN,2HYY,1.0742822885513306,36,K,A,F:\GENESIS Studio\genesis-studio\packages\engines-py\.pdb_cache\2HYY,A
721,ThermoMPNN,2HYY,0.3931664228439331,36,K,C,F:\GENESIS Studio\genesis-studio\packages\engines-py\.pdb_cache\2HYY,A
722,ThermoMPNN,2HYY,2.322852611541748,36,K,D,F:\GENESIS Studio\genesis-studio\packages\engines-py\.pdb_cache\2HYY,A
723,ThermoMPNN,2HYY,1.725170612335205,36,K,E,F:\GENESIS Studio\genesis-studio\packages\engines-py\.pdb_cache\2HYY,A
724,ThermoMPNN,2HYY,0.31555163860321045,36,K,F,F:\GENESIS Studio\genesis-studio\packages\engines-py\.pdb_cache\2HYY,A
725,ThermoMPNN,2HYY,1.9470207691192627,36,K,G,F:\GENESIS Studio\genesis-studio\packages\engines-py\.pdb_cache\2HYY,A
726,ThermoMPNN,2HYY,0.8411682844161987,36,K,H,F:\GENESIS Studio\genesis-studio\packages\engines-py\.pdb_cache\2HYY,A
727,ThermoMPNN,2HYY,0.5087980031967163,36,K,I,F:\GENESIS Studio\genesis-studio\packages\engines-py\.pdb_cache\2HYY,A
728,ThermoMPNN,2HYY,0.0,36,K,K,F:\GENESIS Studio\genesis-studio\packages\engines-py\.pdb_cache\2HYY,A
729,ThermoMPNN,2HYY,0.23600149154663086,36,K,L,F:\GENESIS Studio\genesis-studio\packages\engines-py\.pdb_cache\2HYY,A
730,ThermoMPNN,2HYY,0.185882568359375,36,K,M,F:\GENESIS Studio\genesis-studio\packages\engines-py\.pdb_cache\2HYY,A
731,ThermoMPNN,2HYY,1.2556402683258057,36,K,N,F:\GENESIS Studio\genesis-studio\packages\engines-py\.pdb_cache\2HYY,A
732,ThermoMPNN,2HYY,2.2963969707489014,36,K,P,F:\GENESIS Studio\genesis-studio\packages\engines-py\.pdb_cache\2HYY,A
733,ThermoMPNN,2HYY,0.8006182312965393,36,K,Q,F:\GENESIS Studio\genesis-studio\packages\engines-py\.pdb_cache\2HYY,A
734,ThermoMPNN,2HYY,-0.2812154293060303,36,K,R,F:\GENESIS Studio\genesis-studio\packages\engines-py\.pdb_cache\2HYY,A
735,ThermoMPNN,2HYY,1.1455998420715332,36,K,S,F:\GENESIS Studio\genesis-studio\packages\engines-py\.pdb_cache\2HYY,A
736,ThermoMPNN,2HYY,0.8050945997238159,36,K,T,F:\GENESIS Studio\genesis-studio\packages\engines-py\.pdb_cache\2HYY,A
737,ThermoMPNN,2HYY,0.7484480142593384,36,K,V,F:\GENESIS Studio\genesis-studio\packages\engines-py\.pdb_cache\2HYY,A
738,ThermoMPNN,2HYY,0.2239997386932373,36,K,W,F:\GENESIS Studio\genesis-studio\packages\engines-py\.pdb_cache\2HYY,A
739,ThermoMPNN,2HYY,0.24657416343688965,36,K,Y,F:\GENESIS Studio\genesis-studio\packages\engines-py\.pdb_cache\2HYY,A
740,ThermoMPNN,2HYY,0.41674572229385376,37,T,A,F:\GENESIS Studio\genesis-studio\packages\engines-py\.pdb_cache\2HYY,A
741,ThermoMPNN,2HYY,-0.2990535497665405,37,T,C,F:\GENESIS Studio\genesis-studio\packages\engines-py\.pdb_cache\2HYY,A
742,ThermoMPNN,2HYY,1.7103304862976074,37,T,D,F:\GENESIS Studio\genesis-studio\packages\engines-py\.pdb_cache\2HYY,A
743,ThermoMPNN,2HYY,1.0823965072631836,37,T,E,F:\GENESIS Studio\genesis-studio\packages\engines-py\.pdb_cache\2HYY,A
744,ThermoMPNN,2HYY,0.195326030254364,37,T,F,F:\GENESIS Studio\genesis-studio\packages\engines-py\.pdb_cache\2HYY,A
745,ThermoMPNN,2HYY,1.1020714044570923,37,T,G,F:\GENESIS Studio\genesis-studio\packages\engines-py\.pdb_cache\2HYY,A
746,ThermoMPNN,2HYY,0.8448500037193298,37,T,H,F:\GENESIS Studio\genesis-studio\packages\engines-py\.pdb_cache\2HYY,A
747,ThermoMPNN,2HYY,-0.4396395683288574,37,T,I,F:\GENESIS Studio\genesis-studio\packages\engines-py\.pdb_cache\2HYY,A
748,ThermoMPNN,2HYY,0.7360203266143799,37,T,K,F:\GENESIS Studio\genesis-studio\packages\engines-py\.pdb_cache\2HYY,A
749,ThermoMPNN,2HYY,-0.02458977699279785,37,T,L,F:\GENESIS Studio\genesis-studio\packages\engines-py\.pdb_cache\2HYY,A
750,ThermoMPNN,2HYY,-0.12644469738006592,37,T,M,F:\GENESIS Studio\genesis-studio\packages\engines-py\.pdb_cache\2HYY,A
751,ThermoMPNN,2HYY,1.271241545677185,37,T,N,F:\GENESIS Studio\genesis-studio\packages\engines-py\.pdb_cache\2HYY,A
752,ThermoMPNN,2HYY,1.6547932624816895,37,T,P,F:\GENESIS Studio\genesis-studio\packages\engines-py\.pdb_cache\2HYY,A
753,ThermoMPNN,2HYY,0.7717700600624084,37,T,Q,F:\GENESIS Studio\genesis-studio\packages\engines-py\.pdb_cache\2HYY,A
754,ThermoMPNN,2HYY,0.5181362628936768,37,T,R,F:\GENESIS Studio\genesis-studio\packages\engines-py\.pdb_cache\2HYY,A
755,ThermoMPNN,2HYY,0.38628333806991577,37,T,S,F:\GENESIS Studio\genesis-studio\packages\engines-py\.pdb_cache\2HYY,A
756,ThermoMPNN,2HYY,0.0,37,T,T,F:\GENESIS Studio\genesis-studio\packages\engines-py\.pdb_cache\2HYY,A
757,ThermoMPNN,2HYY,-0.5680203437805176,37,T,V,F:\GENESIS Studio\genesis-studio\packages\engines-py\.pdb_cache\2HYY,A
758,ThermoMPNN,2HYY,0.33272796869277954,37,T,W,F:\GENESIS Studio\genesis-studio\packages\engines-py\.pdb_cache\2HYY,A
759,ThermoMPNN,2HYY,0.35578078031539917,37,T,Y,F:\GENESIS Studio\genesis-studio\packages\engines-py\.pdb_cache\2HYY,A
760,ThermoMPNN,2HYY,1.3705658912658691,38,L,A,F:\GENESIS Studio\genesis-studio\packages\engines-py\.pdb_cache\2HYY,A
761,ThermoMPNN,2HYY,0.6252139806747437,38,L,C,F:\GENESIS Studio\genesis-studio\packages\engines-py\.pdb_cache\2HYY,A
762,ThermoMPNN,2HYY,1.8269299268722534,38,L,D,F:\GENESIS Studio\genesis-studio\packages\engines-py\.pdb_cache\2HYY,A
763,ThermoMPNN,2HYY,1.8210008144378662,38,L,E,F:\GENESIS Studio\genesis-studio\packages\engines-py\.pdb_cache\2HYY,A
764,ThermoMPNN,2HYY,0.5706814527511597,38,L,F,F:\GENESIS Studio\genesis-studio\packages\engines-py\.pdb_cache\2HYY,A
765,ThermoMPNN,2HYY,1.6445538997650146,38,L,G,F:\GENESIS Studio\genesis-studio\packages\engines-py\.pdb_cache\2HYY,A
766,ThermoMPNN,2HYY,1.2424132823944092,38,L,H,F:\GENESIS Studio\genesis-studio\packages\engines-py\.pdb_cache\2HYY,A
767,ThermoMPNN,2HYY,0.32040297985076904,38,L,I,F:\GENESIS Studio\genesis-studio\packages\engines-py\.pdb_cache\2HYY,A
768,ThermoMPNN,2HYY,1.3459043502807617,38,L,K,F:\GENESIS Studio\genesis-studio\packages\engines-py\.pdb_cache\2HYY,A
769,ThermoMPNN,2HYY,0.0,38,L,L,F:\GENESIS Studio\genesis-studio\packages\engines-py\.pdb_cache\2HYY,A
770,ThermoMPNN,2HYY,0.6599729061126709,38,L,M,F:\GENESIS Studio\genesis-studio\packages\engines-py\.pdb_cache\2HYY,A
771,ThermoMPNN,2HYY,1.606346845626831,38,L,N,F:\GENESIS Studio\genesis-studio\packages\engines-py\.pdb_cache\2HYY,A
772,ThermoMPNN,2HYY,1.6299879550933838,38,L,P,F:\GENESIS Studio\genesis-studio\packages\engines-py\.pdb_cache\2HYY,A
773,ThermoMPNN,2HYY,1.5228447914123535,38,L,Q,F:\GENESIS Studio\genesis-studio\packages\engines-py\.pdb_cache\2HYY,A
774,ThermoMPNN,2HYY,1.4298672676086426,38,L,R,F:\GENESIS Studio\genesis-studio\packages\engines-py\.pdb_cache\2HYY,A
775,ThermoMPNN,2HYY,1.4944357872009277,38,L,S,F:\GENESIS Studio\genesis-studio\packages\engines-py\.pdb_cache\2HYY,A
776,ThermoMPNN,2HYY,1.3747702836990356,38,L,T,F:\GENESIS Studio\genesis-studio\packages\engines-py\.pdb_cache\2HYY,A
777,ThermoMPNN,2HYY,0.5328826904296875,38,L,V,F:\GENESIS Studio\genesis-studio\packages\engines-py\.pdb_cache\2HYY,A
778,ThermoMPNN,2HYY,0.5610225200653076,38,L,W,F:\GENESIS Studio\genesis-studio\packages\engines-py\.pdb_cache\2HYY,A
779,ThermoMPNN,2HYY,0.6594661474227905,38,L,Y,F:\GENESIS Studio\genesis-studio\packages\engines-py\.pdb_cache\2HYY,A
780,ThermoMPNN,2HYY,-0.224267840385437,39,K,A,F:\GENESIS Studio\genesis-studio\packages\engines-py\.pdb_cache\2HYY,A
781,ThermoMPNN,2HYY,-0.236053466796875,39,K,C,F:\GENESIS Studio\genesis-studio\packages\engines-py\.pdb_cache\2HYY,A
782,ThermoMPNN,2HYY,-0.2707453966140747,39,K,D,F:\GENESIS Studio\genesis-studio\packages\engines-py\.pdb_cache\2HYY,A
783,ThermoMPNN,2HYY,0.07427603006362915,39,K,E,F:\GENESIS Studio\genesis-studio\packages\engines-py\.pdb_cache\2HYY,A
784,ThermoMPNN,2HYY,0.1079590916633606,39,K,F,F:\GENESIS Studio\genesis-studio\packages\engines-py\.pdb_cache\2HYY,A
785,ThermoMPNN,2HYY,-0.010229229927062988,39,K,G,F:\GENESIS Studio\genesis-studio\packages\engines-py\.pdb_cache\2HYY,A
786,ThermoMPNN,2HYY,0.017898142337799072,39,K,H,F:\GENESIS Studio\genesis-studio\packages\engines-py\.pdb_cache\2HYY,A
787,ThermoMPNN,2HYY,0.20658665895462036,39,K,I,F:\GENESIS Studio\genesis-studio\packages\engines-py\.pdb_cache\2HYY,A
788,ThermoMPNN,2HYY,0.0,39,K,K,F:\GENESIS Studio\genesis-studio\packages\engines-py\.pdb_cache\2HYY,A
789,ThermoMPNN,2HYY,0.09405022859573364,39,K,L,F:\GENESIS Studio\genesis-studio\packages\engines-py\.pdb_cache\2HYY,A
790,ThermoMPNN,2HYY,0.17095977067947388,39,K,M,F:\GENESIS Studio\genesis-studio\packages\engines-py\.pdb_cache\2HYY,A
791,ThermoMPNN,2HYY,-0.14511513710021973,39,K,N,F:\GENESIS Studio\genesis-studio\packages\engines-py\.pdb_cache\2HYY,A
792,ThermoMPNN,2HYY,-0.40649574995040894,39,K,P,F:\GENESIS Studio\genesis-studio\packages\engines-py\.pdb_cache\2HYY,A
793,ThermoMPNN,2HYY,0.09551435708999634,39,K,Q,F:\GENESIS Studio\genesis-studio\packages\engines-py\.pdb_cache\2HYY,A
794,ThermoMPNN,2HYY,0.05393499135971069,39,K,R,F:\GENESIS Studio\genesis-studio\packages\engines-py\.pdb_cache\2HYY,A
795,ThermoMPNN,2HYY,-0.2642971873283386,39,K,S,F:\GENESIS Studio\genesis-studio\packages\engines-py\.pdb_cache\2HYY,A
796,ThermoMPNN,2HYY,-0.04083526134490967,39,K,T,F:\GENESIS Studio\genesis-studio\packages\engines-py\.pdb_cache\2HYY,A
797,ThermoMPNN,2HYY,0.20834875106811523,39,K,V,F:\GENESIS Studio\genesis-studio\packages\engines-py\.pdb_cache\2HYY,A
798,ThermoMPNN,2HYY,-0.015975534915924072,39,K,W,F:\GENESIS Studio\genesis-studio\packages\engines-py\.pdb_cache\2HYY,A
799,ThermoMPNN,2HYY,0.09400874376296997,39,K,Y,F:\GENESIS Studio\genesis-studio\packages\engines-py\.pdb_cache\2HYY,A
800,ThermoMPNN,2HYY,0.05461776256561279,41,D,A,F:\GENESIS Studio\genesis-studio\packages\engines-py\.pdb_cache\2HYY,A
801,ThermoMPNN,2HYY,-0.1893896460533142,41,D,C,F:\GENESIS Studio\genesis-studio\packages\engines-py\.pdb_cache\2HYY,A
802,ThermoMPNN,2HYY,0.0,41,D,D,F:\GENESIS Studio\genesis-studio\packages\engines-py\.pdb_cache\2HYY,A
803,ThermoMPNN,2HYY,0.050394415855407715,41,D,E,F:\GENESIS Studio\genesis-studio\packages\engines-py\.pdb_cache\2HYY,A
804,ThermoMPNN,2HYY,0.15124696493148804,41,D,F,F:\GENESIS Studio\genesis-studio\packages\engines-py\.pdb_cache\2HYY,A
805,ThermoMPNN,2HYY,0.15085798501968384,41,D,G,F:\GENESIS Studio\genesis-studio\packages\engines-py\.pdb_cache\2HYY,A
806,ThermoMPNN,2HYY,0.0970832109451294,41,D,H,F:\GENESIS Studio\genesis-studio\packages\engines-py\.pdb_cache\2HYY,A
807,ThermoMPNN,2HYY,0.18959230184555054,41,D,I,F:\GENESIS Studio\genesis-studio\packages\engines-py\.pdb_cache\2HYY,A
808,ThermoMPNN,2HYY,0.24955326318740845,41,D,K,F:\GENESIS Studio\genesis-studio\packages\engines-py\.pdb_cache\2HYY,A
809,ThermoMPNN,2HYY,0.03648841381072998,41,D,L,F:\GENESIS Studio\genesis-studio\packages\engines-py\.pdb_cache\2HYY,A
810,ThermoMPNN,2HYY,0.12210255861282349,41,D,M,F:\GENESIS Studio\genesis-studio\packages\engines-py\.pdb_cache\2HYY,A
811,ThermoMPNN,2HYY,0.04703474044799805,41,D,N,F:\GENESIS Studio\genesis-studio\packages\engines-py\.pdb_cache\2HYY,A
812,ThermoMPNN,2HYY,0.08576875925064087,41,D,P,F:\GENESIS Studio\genesis-studio\packages\engines-py\.pdb_cache\2HYY,A
813,ThermoMPNN,2HYY,0.20485258102416992,41,D,Q,F:\GENESIS Studio\genesis-studio\packages\engines-py\.pdb_cache\2HYY,A
814,ThermoMPNN,2HYY,0.22770172357559204,41,D,R,F:\GENESIS Studio\genesis-studio\packages\engines-py\.pdb_cache\2HYY,A
815,ThermoMPNN,2HYY,0.10305827856063843,41,D,S,F:\GENESIS Studio\genesis-studio\packages\engines-py\.pdb_cache\2HYY,A
816,ThermoMPNN,2HYY,0.14084172248840332,41,D,T,F:\GENESIS Studio\genesis-studio\packages\engines-py\.pdb_cache\2HYY,A
817,ThermoMPNN,2HYY,0.23342132568359375,41,D,V,F:\GENESIS Studio\genesis-studio\packages\engines-py\.pdb_cache\2HYY,A
818,ThermoMPNN,2HYY,0.020985066890716553,41,D,W,F:\GENESIS Studio\genesis-studio\packages\engines-py\.pdb_cache\2HYY,A
819,ThermoMPNN,2HYY,0.20283478498458862,41,D,Y,F:\GENESIS Studio\genesis-studio\packages\engines-py\.pdb_cache\2HYY,A
820,ThermoMPNN,2HYY,-0.04146766662597656,42,T,A,F:\GENESIS Studio\genesis-studio\packages\engines-py\.pdb_cache\2HYY,A
821,ThermoMPNN,2HYY,-0.13094550371170044,42,T,C,F:\GENESIS Studio\genesis-studio\packages\engines-py\.pdb_cache\2HYY,A
822,ThermoMPNN,2HYY,-0.15482479333877563,42,T,D,F:\GENESIS Studio\genesis-studio\packages\engines-py\.pdb_cache\2HYY,A
823,ThermoMPNN,2HYY,0.08713513612747192,42,T,E,F:\GENESIS Studio\genesis-studio\packages\engines-py\.pdb_cache\2HYY,A
824,ThermoMPNN,2HYY,0.16009628772735596,42,T,F,F:\GENESIS Studio\genesis-studio\packages\engines-py\.pdb_cache\2HYY,A
825,ThermoMPNN,2HYY,0.015813827514648438,42,T,G,F:\GENESIS Studio\genesis-studio\packages\engines-py\.pdb_cache\2HYY,A
826,ThermoMPNN,2HYY,0.09834796190261841,42,T,H,F:\GENESIS Studio\genesis-studio\packages\engines-py\.pdb_cache\2HYY,A
827,ThermoMPNN,2HYY,0.2923322319984436,42,T,I,F:\GENESIS Studio\genesis-studio\packages\engines-py\.pdb_cache\2HYY,A
828,ThermoMPNN,2HYY,0.22759956121444702,42,T,K,F:\GENESIS Studio\genesis-studio\packages\engines-py\.pdb_cache\2HYY,A
829,ThermoMPNN,2HYY,0.15078860521316528,42,T,L,F:\GENESIS Studio\genesis-studio\packages\engines-py\.pdb_cache\2HYY,A
830,ThermoMPNN,2HYY,0.20458167791366577,42,T,M,F:\GENESIS Studio\genesis-studio\packages\engines-py\.pdb_cache\2HYY,A
831,ThermoMPNN,2HYY,-0.06394529342651367,42,T,N,F:\GENESIS Studio\genesis-studio\packages\engines-py\.pdb_cache\2HYY,A
832,ThermoMPNN,2HYY,-0.019864380359649658,42,T,P,F:\GENESIS Studio\genesis-studio\packages\engines-py\.pdb_cache\2HYY,A
833,ThermoMPNN,2HYY,0.1879783272743225,42,T,Q,F:\GENESIS Studio\genesis-studio\packages\engines-py\.pdb_cache\2HYY,A
834,ThermoMPNN,2HYY,0.25617367029190063,42,T,R,F:\GENESIS Studio\genesis-studio\packages\engines-py\.pdb_cache\2HYY,A
835,ThermoMPNN,2HYY,-0.13251245021820068,42,T,S,F:\GENESIS Studio\genesis-studio\packages\engines-py\.pdb_cache\2HYY,A
836,ThermoMPNN,2HYY,0.0,42,T,T,F:\GENESIS Studio\genesis-studio\packages\engines-py\.pdb_cache\2HYY,A
837,ThermoMPNN,2HYY,0.24953466653823853,42,T,V,F:\GENESIS Studio\genesis-studio\packages\engines-py\.pdb_cache\2HYY,A
838,ThermoMPNN,2HYY,0.02171856164932251,42,T,W,F:\GENESIS Studio\genesis-studio\packages\engines-py\.pdb_cache\2HYY,A
839,ThermoMPNN,2HYY,0.16533911228179932,42,T,Y,F:\GENESIS Studio\genesis-studio\packages\engines-py\.pdb_cache\2HYY,A
840,ThermoMPNN,2HYY,-0.05422699451446533,43,M,A,F:\GENESIS Studio\genesis-studio\packages\engines-py\.pdb_cache\2HYY,A
841,ThermoMPNN,2HYY,-0.21288758516311646,43,M,C,F:\GENESIS Studio\genesis-studio\packages\engines-py\.pdb_cache\2HYY,A
842,ThermoMPNN,2HYY,-0.014406204223632812,43,M,D,F:\GENESIS Studio\genesis-studio\packages\engines-py\.pdb_cache\2HYY,A
843,ThermoMPNN,2HYY,0.02676445245742798,43,M,E,F:\GENESIS Studio\genesis-studio\packages\engines-py\.pdb_cache\2HYY,A
844,ThermoMPNN,2HYY,0.07506692409515381,43,M,F,F:\GENESIS Studio\genesis-studio\packages\engines-py\.pdb_cache\2HYY,A
845,ThermoMPNN,2HYY,0.12330818176269531,43,M,G,F:\GENESIS Studio\genesis-studio\packages\engines-py\.pdb_cache\2HYY,A
846,ThermoMPNN,2HYY,0.06533390283584595,43,M,H,F:\GENESIS Studio\genesis-studio\packages\engines-py\.pdb_cache\2HYY,A
847,ThermoMPNN,2HYY,0.015452742576599121,43,M,I,F:\GENESIS Studio\genesis-studio\packages\engines-py\.pdb_cache\2HYY,A
848,ThermoMPNN,2HYY,0.060358643531799316,43,M,K,F:\GENESIS Studio\genesis-studio\packages\engines-py\.pdb_cache\2HYY,A
849,ThermoMPNN,2HYY,-0.06381547451019287,43,M,L,F:\GENESIS Studio\genesis-studio\packages\engines-py\.pdb_cache\2HYY,A
850,ThermoMPNN,2HYY,0.0,43,M,M,F:\GENESIS Studio\genesis-studio\packages\engines-py\.pdb_cache\2HYY,A
851,ThermoMPNN,2HYY,0.03642761707305908,43,M,N,F:\GENESIS Studio\genesis-studio\packages\engines-py\.pdb_cache\2HYY,A
852,ThermoMPNN,2HYY,-0.09653174877166748,43,M,P,F:\GENESIS Studio\genesis-studio\packages\engines-py\.pdb_cache\2HYY,A
853,ThermoMPNN,2HYY,0.041584670543670654,43,M,Q,F:\GENESIS Studio\genesis-studio\packages\engines-py\.pdb_cache\2HYY,A
854,ThermoMPNN,2HYY,0.09064602851867676,43,M,R,F:\GENESIS Studio\genesis-studio\packages\engines-py\.pdb_cache\2HYY,A
855,ThermoMPNN,2HYY,0.02659827470779419,43,M,S,F:\GENESIS Studio\genesis-studio\packages\engines-py\.pdb_cache\2HYY,A
856,ThermoMPNN,2HYY,0.03580880165100098,43,M,T,F:\GENESIS Studio\genesis-studio\packages\engines-py\.pdb_cache\2HYY,A
857,ThermoMPNN,2HYY,0.04556697607040405,43,M,V,F:\GENESIS Studio\genesis-studio\packages\engines-py\.pdb_cache\2HYY,A
858,ThermoMPNN,2HYY,-0.022983968257904053,43,M,W,F:\GENESIS Studio\genesis-studio\packages\engines-py\.pdb_cache\2HYY,A
859,ThermoMPNN,2HYY,0.11167371273040771,43,M,Y,F:\GENESIS Studio\genesis-studio\packages\engines-py\.pdb_cache\2HYY,A
860,ThermoMPNN,2HYY,0.14447158575057983,44,E,A,F:\GENESIS Studio\genesis-studio\packages\engines-py\.pdb_cache\2HYY,A
861,ThermoMPNN,2HYY,0.016250252723693848,44,E,C,F:\GENESIS Studio\genesis-studio\packages\engines-py\.pdb_cache\2HYY,A
862,ThermoMPNN,2HYY,0.08238637447357178,44,E,D,F:\GENESIS Studio\genesis-studio\packages\engines-py\.pdb_cache\2HYY,A
863,ThermoMPNN,2HYY,0.0,44,E,E,F:\GENESIS Studio\genesis-studio\packages\engines-py\.pdb_cache\2HYY,A
864,ThermoMPNN,2HYY,0.22544187307357788,44,E,F,F:\GENESIS Studio\genesis-studio\packages\engines-py\.pdb_cache\2HYY,A
865,ThermoMPNN,2HYY,0.35732460021972656,44,E,G,F:\GENESIS Studio\genesis-studio\packages\engines-py\.pdb_cache\2HYY,A
866,ThermoMPNN,2HYY,0.32391929626464844,44,E,H,F:\GENESIS Studio\genesis-studio\packages\engines-py\.pdb_cache\2HYY,A
867,ThermoMPNN,2HYY,0.4218786358833313,44,E,I,F:\GENESIS Studio\genesis-studio\packages\engines-py\.pdb_cache\2HYY,A
868,ThermoMPNN,2HYY,0.291093111038208,44,E,K,F:\GENESIS Studio\genesis-studio\packages\engines-py\.pdb_cache\2HYY,A
869,ThermoMPNN,2HYY,0.2093442678451538,44,E,L,F:\GENESIS Studio\genesis-studio\packages\engines-py\.pdb_cache\2HYY,A
870,ThermoMPNN,2HYY,0.21497714519500732,44,E,M,F:\GENESIS Studio\genesis-studio\packages\engines-py\.pdb_cache\2HYY,A
871,ThermoMPNN,2HYY,0.25351881980895996,44,E,N,F:\GENESIS Studio\genesis-studio\packages\engines-py\.pdb_cache\2HYY,A
872,ThermoMPNN,2HYY,1.1574807167053223,44,E,P,F:\GENESIS Studio\genesis-studio\packages\engines-py\.pdb_cache\2HYY,A
873,ThermoMPNN,2HYY,0.18395662307739258,44,E,Q,F:\GENESIS Studio\genesis-studio\packages\engines-py\.pdb_cache\2HYY,A
874,ThermoMPNN,2HYY,0.3164559602737427,44,E,R,F:\GENESIS Studio\genesis-studio\packages\engines-py\.pdb_cache\2HYY,A
875,ThermoMPNN,2HYY,0.26468777656555176,44,E,S,F:\GENESIS Studio\genesis-studio\packages\engines-py\.pdb_cache\2HYY,A
876,ThermoMPNN,2HYY,0.3202100992202759,44,E,T,F:\GENESIS Studio\genesis-studio\packages\engines-py\.pdb_cache\2HYY,A
877,ThermoMPNN,2HYY,0.4999372959136963,44,E,V,F:\GENESIS Studio\genesis-studio\packages\engines-py\.pdb_cache\2HYY,A
878,ThermoMPNN,2HYY,0.18859648704528809,44,E,W,F:\GENESIS Studio\genesis-studio\packages\engines-py\.pdb_cache\2HYY,A
879,ThermoMPNN,2HYY,0.22348076105117798,44,E,Y,F:\GENESIS Studio\genesis-studio\packages\engines-py\.pdb_cache\2HYY,A
880,ThermoMPNN,2HYY,0.4140770435333252,45,V,A,F:\GENESIS Studio\genesis-studio\packages\engines-py\.pdb_cache\2HYY,A
881,ThermoMPNN,2HYY,-0.02011239528656006,45,V,C,F:\GENESIS Studio\genesis-studio\packages\engines-py\.pdb_cache\2HYY,A
882,ThermoMPNN,2HYY,1.2816038131713867,45,V,D,F:\GENESIS Studio\genesis-studio\packages\engines-py\.pdb_cache\2HYY,A
883,ThermoMPNN,2HYY,0.6762406826019287,45,V,E,F:\GENESIS Studio\genesis-studio\packages\engines-py\.pdb_cache\2HYY,A
884,ThermoMPNN,2HYY,-0.07298243045806885,45,V,F,F:\GENESIS Studio\genesis-studio\packages\engines-py\.pdb_cache\2HYY,A
885,ThermoMPNN,2HYY,0.9866968989372253,45,V,G,F:\GENESIS Studio\genesis-studio\packages\engines-py\.pdb_cache\2HYY,A
886,ThermoMPNN,2HYY,0.483490526676178,45,V,H,F:\GENESIS Studio\genesis-studio\packages\engines-py\.pdb_cache\2HYY,A
887,ThermoMPNN,2HYY,-0.01418614387512207,45,V,I,F:\GENESIS Studio\genesis-studio\packages\engines-py\.pdb_cache\2HYY,A
888,ThermoMPNN,2HYY,0.15050876140594482,45,V,K,F:\GENESIS Studio\genesis-studio\packages\engines-py\.pdb_cache\2HYY,A
889,ThermoMPNN,2HYY,-0.049888014793395996,45,V,L,F:\GENESIS Studio\genesis-studio\packages\engines-py\.pdb_cache\2HYY,A
890,ThermoMPNN,2HYY,0.11602795124053955,45,V,M,F:\GENESIS Studio\genesis-studio\packages\engines-py\.pdb_cache\2HYY,A
891,ThermoMPNN,2HYY,0.9257662296295166,45,V,N,F:\GENESIS Studio\genesis-studio\packages\engines-py\.pdb_cache\2HYY,A
892,ThermoMPNN,2HYY,0.6691927313804626,45,V,P,F:\GENESIS Studio\genesis-studio\packages\engines-py\.pdb_cache\2HYY,A
893,ThermoMPNN,2HYY,0.4917057752609253,45,V,Q,F:\GENESIS Studio\genesis-studio\packages\engines-py\.pdb_cache\2HYY,A
894,ThermoMPNN,2HYY,0.07490110397338867,45,V,R,F:\GENESIS Studio\genesis-studio\packages\engines-py\.pdb_cache\2HYY,A
895,ThermoMPNN,2HYY,0.7897423505783081,45,V,S,F:\GENESIS Studio\genesis-studio\packages\engines-py\.pdb_cache\2HYY,A
896,ThermoMPNN,2HYY,0.5518249869346619,45,V,T,F:\GENESIS Studio\genesis-studio\packages\engines-py\.pdb_cache\2HYY,A
897,ThermoMPNN,2HYY,0.0,45,V,V,F:\GENESIS Studio\genesis-studio\packages\engines-py\.pdb_cache\2HYY,A
898,ThermoMPNN,2HYY,-0.10196304321289062,45,V,W,F:\GENESIS Studio\genesis-studio\packages\engines-py\.pdb_cache\2HYY,A
899,ThermoMPNN,2HYY,-0.12293648719787598,45,V,Y,F:\GENESIS Studio\genesis-studio\packages\engines-py\.pdb_cache\2HYY,A
900,ThermoMPNN,2HYY,0.0596088171005249,46,E,A,F:\GENESIS Studio\genesis-studio\packages\engines-py\.pdb_cache\2HYY,A
901,ThermoMPNN,2HYY,-0.06698906421661377,46,E,C,F:\GENESIS Studio\genesis-studio\packages\engines-py\.pdb_cache\2HYY,A
902,ThermoMPNN,2HYY,0.10538965463638306,46,E,D,F:\GENESIS Studio\genesis-studio\packages\engines-py\.pdb_cache\2HYY,A
903,ThermoMPNN,2HYY,0.0,46,E,E,F:\GENESIS Studio\genesis-studio\packages\engines-py\.pdb_cache\2HYY,A
904,ThermoMPNN,2HYY,0.2466304898262024,46,E,F,F:\GENESIS Studio\genesis-studio\packages\engines-py\.pdb_cache\2HYY,A
905,ThermoMPNN,2HYY,0.34421074390411377,46,E,G,F:\GENESIS Studio\genesis-studio\packages\engines-py\.pdb_cache\2HYY,A
906,ThermoMPNN,2HYY,0.23220080137252808,46,E,H,F:\GENESIS Studio\genesis-studio\packages\engines-py\.pdb_cache\2HYY,A
907,ThermoMPNN,2HYY,0.189012348651886,46,E,I,F:\GENESIS Studio\genesis-studio\packages\engines-py\.pdb_cache\2HYY,A
908,ThermoMPNN,2HYY,0.24174022674560547,46,E,K,F:\GENESIS Studio\genesis-studio\packages\engines-py\.pdb_cache\2HYY,A
909,ThermoMPNN,2HYY,0.07048165798187256,46,E,L,F:\GENESIS Studio\genesis-studio\packages\engines-py\.pdb_cache\2HYY,A
910,ThermoMPNN,2HYY,0.16864436864852905,46,E,M,F:\GENESIS Studio\genesis-studio\packages\engines-py\.pdb_cache\2HYY,A
911,ThermoMPNN,2HYY,0.2517485022544861,46,E,N,F:\GENESIS Studio\genesis-studio\packages\engines-py\.pdb_cache\2HYY,A
912,ThermoMPNN,2HYY,0.25564032793045044,46,E,P,F:\GENESIS Studio\genesis-studio\packages\engines-py\.pdb_cache\2HYY,A
913,ThermoMPNN,2HYY,0.19372600317001343,46,E,Q,F:\GENESIS Studio\genesis-studio\packages\engines-py\.pdb_cache\2HYY,A
914,ThermoMPNN,2HYY,0.2544317841529846,46,E,R,F:\GENESIS Studio\genesis-studio\packages\engines-py\.pdb_cache\2HYY,A
915,ThermoMPNN,2HYY,0.2201431393623352,46,E,S,F:\GENESIS Studio\genesis-studio\packages\engines-py\.pdb_cache\2HYY,A
916,ThermoMPNN,2HYY,0.26039373874664307,46,E,T,F:\GENESIS Studio\genesis-studio\packages\engines-py\.pdb_cache\2HYY,A
917,ThermoMPNN,2HYY,0.23119217157363892,46,E,V,F:\GENESIS Studio\genesis-studio\packages\engines-py\.pdb_cache\2HYY,A
918,ThermoMPNN,2HYY,0.06773316860198975,46,E,W,F:\GENESIS Studio\genesis-studio\packages\engines-py\.pdb_cache\2HYY,A
919,ThermoMPNN,2HYY,0.22757667303085327,46,E,Y,F:\GENESIS Studio\genesis-studio\packages\engines-py\.pdb_cache\2HYY,A
920,ThermoMPNN,2HYY,0.156602144241333,47,E,A,F:\GENESIS Studio\genesis-studio\packages\engines-py\.pdb_cache\2HYY,A
921,ThermoMPNN,2HYY,0.10626757144927979,47,E,C,F:\GENESIS Studio\genesis-studio\packages\engines-py\.pdb_cache\2HYY,A
922,ThermoMPNN,2HYY,0.14218640327453613,47,E,D,F:\GENESIS Studio\genesis-studio\packages\engines-py\.pdb_cache\2HYY,A
923,ThermoMPNN,2HYY,0.0,47,E,E,F:\GENESIS Studio\genesis-studio\packages\engines-py\.pdb_cache\2HYY,A
924,ThermoMPNN,2HYY,0.389965295791626,47,E,F,F:\GENESIS Studio\genesis-studio\packages\engines-py\.pdb_cache\2HYY,A
925,ThermoMPNN,2HYY,0.5965131521224976,47,E,G,F:\GENESIS Studio\genesis-studio\packages\engines-py\.pdb_cache\2HYY,A
926,ThermoMPNN,2HYY,0.4267460107803345,47,E,H,F:\GENESIS Studio\genesis-studio\packages\engines-py\.pdb_cache\2HYY,A
927,ThermoMPNN,2HYY,0.29968446493148804,47,E,I,F:\GENESIS Studio\genesis-studio\packages\engines-py\.pdb_cache\2HYY,A
928,ThermoMPNN,2HYY,0.32762348651885986,47,E,K,F:\GENESIS Studio\genesis-studio\packages\engines-py\.pdb_cache\2HYY,A
929,ThermoMPNN,2HYY,0.18178808689117432,47,E,L,F:\GENESIS Studio\genesis-studio\packages\engines-py\.pdb_cache\2HYY,A
930,ThermoMPNN,2HYY,0.26379770040512085,47,E,M,F:\GENESIS Studio\genesis-studio\packages\engines-py\.pdb_cache\2HYY,A
931,ThermoMPNN,2HYY,0.36591649055480957,47,E,N,F:\GENESIS Studio\genesis-studio\packages\engines-py\.pdb_cache\2HYY,A
932,ThermoMPNN,2HYY,0.8770156502723694,47,E,P,F:\GENESIS Studio\genesis-studio\packages\engines-py\.pdb_cache\2HYY,A
933,ThermoMPNN,2HYY,0.26810938119888306,47,E,Q,F:\GENESIS Studio\genesis-studio\packages\engines-py\.pdb_cache\2HYY,A
934,ThermoMPNN,2HYY,0.3041219115257263,47,E,R,F:\GENESIS Studio\genesis-studio\packages\engines-py\.pdb_cache\2HYY,A
935,ThermoMPNN,2HYY,0.31221890449523926,47,E,S,F:\GENESIS Studio\genesis-studio\packages\engines-py\.pdb_cache\2HYY,A
936,ThermoMPNN,2HYY,0.3470590114593506,47,E,T,F:\GENESIS Studio\genesis-studio\packages\engines-py\.pdb_cache\2HYY,A
937,ThermoMPNN,2HYY,0.3429691791534424,47,E,V,F:\GENESIS Studio\genesis-studio\packages\engines-py\.pdb_cache\2HYY,A
938,ThermoMPNN,2HYY,0.24119555950164795,47,E,W,F:\GENESIS Studio\genesis-studio\packages\engines-py\.pdb_cache\2HYY,A
939,ThermoMPNN,2HYY,0.3687819242477417,47,E,Y,F:\GENESIS Studio\genesis-studio\packages\engines-py\.pdb_cache\2HYY,A
940,ThermoMPNN,2HYY,1.8294715881347656,48,F,A,F:\GENESIS Studio\genesis-studio\packages\engines-py\.pdb_cache\2HYY,A
941,ThermoMPNN,2HYY,1.206716775894165,48,F,C,F:\GENESIS Studio\genesis-studio\packages\engines-py\.pdb_cache\2HYY,A
942,ThermoMPNN,2HYY,2.22333025932312,48,F,D,F:\GENESIS Studio\genesis-studio\packages\engines-py\.pdb_cache\2HYY,A
943,ThermoMPNN,2HYY,2.1417243480682373,48,F,E,F:\GENESIS Studio\genesis-studio\packages\engines-py\.pdb_cache\2HYY,A
944,ThermoMPNN,2HYY,0.0,48,F,F,F:\GENESIS Studio\genesis-studio\packages\engines-py\.pdb_cache\2HYY,A
945,ThermoMPNN,2HYY,2.225332021713257,48,F,G,F:\GENESIS Studio\genesis-studio\packages\engines-py\.pdb_cache\2HYY,A
946,ThermoMPNN,2HYY,2.0469284057617188,48,F,H,F:\GENESIS Studio\genesis-studio\packages\engines-py\.pdb_cache\2HYY,A
947,ThermoMPNN,2HYY,0.9980953931808472,48,F,I,F:\GENESIS Studio\genesis-studio\packages\engines-py\.pdb_cache\2HYY,A
948,ThermoMPNN,2HYY,2.038862466812134,48,F,K,F:\GENESIS Studio\genesis-studio\packages\engines-py\.pdb_cache\2HYY,A
949,ThermoMPNN,2HYY,0.7667086124420166,48,F,L,F:\GENESIS Studio\genesis-studio\packages\engines-py\.pdb_cache\2HYY,A
950,ThermoMPNN,2HYY,0.8118376731872559,48,F,M,F:\GENESIS Studio\genesis-studio\packages\engines-py\.pdb_cache\2HYY,A
951,ThermoMPNN,2HYY,2.1973395347595215,48,F,N,F:\GENESIS Studio\genesis-studio\packages\engines-py\.pdb_cache\2HYY,A
952,ThermoMPNN,2HYY,1.9109632968902588,48,F,P,F:\GENESIS Studio\genesis-studio\packages\engines-py\.pdb_cache\2HYY,A
953,ThermoMPNN,2HYY,2.0630552768707275,48,F,Q,F:\GENESIS Studio\genesis-studio\packages\engines-py\.pdb_cache\2HYY,A
954,ThermoMPNN,2HYY,1.8528395891189575,48,F,R,F:\GENESIS Studio\genesis-studio\packages\engines-py\.pdb_cache\2HYY,A
955,ThermoMPNN,2HYY,2.0814337730407715,48,F,S,F:\GENESIS Studio\genesis-studio\packages\engines-py\.pdb_cache\2HYY,A
956,ThermoMPNN,2HYY,1.9379827976226807,48,F,T,F:\GENESIS Studio\genesis-studio\packages\engines-py\.pdb_cache\2HYY,A
957,ThermoMPNN,2HYY,1.2650067806243896,48,F,V,F:\GENESIS Studio\genesis-studio\packages\engines-py\.pdb_cache\2HYY,A
958,ThermoMPNN,2HYY,1.1572246551513672,48,F,W,F:\GENESIS Studio\genesis-studio\packages\engines-py\.pdb_cache\2HYY,A
959,ThermoMPNN,2HYY,1.2005572319030762,48,F,Y,F:\GENESIS Studio\genesis-studio\packages\engines-py\.pdb_cache\2HYY,A
960,ThermoMPNN,2HYY,1.354721188545227,49,L,A,F:\GENESIS Studio\genesis-studio\packages\engines-py\.pdb_cache\2HYY,A
961,ThermoMPNN,2HYY,0.5507473945617676,49,L,C,F:\GENESIS Studio\genesis-studio\packages\engines-py\.pdb_cache\2HYY,A
962,ThermoMPNN,2HYY,2.281315803527832,49,L,D,F:\GENESIS Studio\genesis-studio\packages\engines-py\.pdb_cache\2HYY,A
963,ThermoMPNN,2HYY,1.70896577835083,49,L,E,F:\GENESIS Studio\genesis-studio\packages\engines-py\.pdb_cache\2HYY,A
964,ThermoMPNN,2HYY,0.5534387826919556,49,L,F,F:\GENESIS Studio\genesis-studio\packages\engines-py\.pdb_cache\2HYY,A
965,ThermoMPNN,2HYY,1.8997671604156494,49,L,G,F:\GENESIS Studio\genesis-studio\packages\engines-py\.pdb_cache\2HYY,A
966,ThermoMPNN,2HYY,1.2793910503387451,49,L,H,F:\GENESIS Studio\genesis-studio\packages\engines-py\.pdb_cache\2HYY,A
967,ThermoMPNN,2HYY,0.5423502922058105,49,L,I,F:\GENESIS Studio\genesis-studio\packages\engines-py\.pdb_cache\2HYY,A
968,ThermoMPNN,2HYY,1.1482455730438232,49,L,K,F:\GENESIS Studio\genesis-studio\packages\engines-py\.pdb_cache\2HYY,A
969,ThermoMPNN,2HYY,0.0,49,L,L,F:\GENESIS Studio\genesis-studio\packages\engines-py\.pdb_cache\2HYY,A
970,ThermoMPNN,2HYY,0.3918461799621582,49,L,M,F:\GENESIS Studio\genesis-studio\packages\engines-py\.pdb_cache\2HYY,A
971,ThermoMPNN,2HYY,1.62738037109375,49,L,N,F:\GENESIS Studio\genesis-studio\packages\engines-py\.pdb_cache\2HYY,A
972,ThermoMPNN,2HYY,2.387260675430298,49,L,P,F:\GENESIS Studio\genesis-studio\packages\engines-py\.pdb_cache\2HYY,A
973,ThermoMPNN,2HYY,1.2244914770126343,49,L,Q,F:\GENESIS Studio\genesis-studio\packages\engines-py\.pdb_cache\2HYY,A
974,ThermoMPNN,2HYY,1.2022275924682617,49,L,R,F:\GENESIS Studio\genesis-studio\packages\engines-py\.pdb_cache\2HYY,A
975,ThermoMPNN,2HYY,1.6166331768035889,49,L,S,F:\GENESIS Studio\genesis-studio\packages\engines-py\.pdb_cache\2HYY,A
976,ThermoMPNN,2HYY,1.2671619653701782,49,L,T,F:\GENESIS Studio\genesis-studio\packages\engines-py\.pdb_cache\2HYY,A
977,ThermoMPNN,2HYY,0.8070400953292847,49,L,V,F:\GENESIS Studio\genesis-studio\packages\engines-py\.pdb_cache\2HYY,A
978,ThermoMPNN,2HYY,0.6520329713821411,49,L,W,F:\GENESIS Studio\genesis-studio\packages\engines-py\.pdb_cache\2HYY,A
979,ThermoMPNN,2HYY,0.7744311094284058,49,L,Y,F:\GENESIS Studio\genesis-studio\packages\engines-py\.pdb_cache\2HYY,A
980,ThermoMPNN,2HYY,0.3080825209617615,50,K,A,F:\GENESIS Studio\genesis-studio\packages\engines-py\.pdb_cache\2HYY,A
981,ThermoMPNN,2HYY,0.24652719497680664,50,K,C,F:\GENESIS Studio\genesis-studio\packages\engines-py\.pdb_cache\2HYY,A
982,ThermoMPNN,2HYY,0.903327465057373,50,K,D,F:\GENESIS Studio\genesis-studio\packages\engines-py\.pdb_cache\2HYY,A
983,ThermoMPNN,2HYY,0.4966081976890564,50,K,E,F:\GENESIS Studio\genesis-studio\packages\engines-py\.pdb_cache\2HYY,A
984,ThermoMPNN,2HYY,0.4332749843597412,50,K,F,F:\GENESIS Studio\genesis-studio\packages\engines-py\.pdb_cache\2HYY,A
985,ThermoMPNN,2HYY,0.8682402968406677,50,K,G,F:\GENESIS Studio\genesis-studio\packages\engines-py\.pdb_cache\2HYY,A
986,ThermoMPNN,2HYY,0.5071595907211304,50,K,H,F:\GENESIS Studio\genesis-studio\packages\engines-py\.pdb_cache\2HYY,A
987,ThermoMPNN,2HYY,0.3405134081840515,50,K,I,F:\GENESIS Studio\genesis-studio\packages\engines-py\.pdb_cache\2HYY,A
988,ThermoMPNN,2HYY,0.0,50,K,K,F:\GENESIS Studio\genesis-studio\packages\engines-py\.pdb_cache\2HYY,A
989,ThermoMPNN,2HYY,0.21538329124450684,50,K,L,F:\GENESIS Studio\genesis-studio\packages\engines-py\.pdb_cache\2HYY,A
990,ThermoMPNN,2HYY,0.252532958984375,50,K,M,F:\GENESIS Studio\genesis-studio\packages\engines-py\.pdb_cache\2HYY,A
991,ThermoMPNN,2HYY,0.587555468082428,50,K,N,F:\GENESIS Studio\genesis-studio\packages\engines-py\.pdb_cache\2HYY,A
992,ThermoMPNN,2HYY,2.0172178745269775,50,K,P,F:\GENESIS Studio\genesis-studio\packages\engines-py\.pdb_cache\2HYY,A
993,ThermoMPNN,2HYY,0.27866435050964355,50,K,Q,F:\GENESIS Studio\genesis-studio\packages\engines-py\.pdb_cache\2HYY,A
994,ThermoMPNN,2HYY,-0.053331613540649414,50,K,R,F:\GENESIS Studio\genesis-studio\packages\engines-py\.pdb_cache\2HYY,A
995,ThermoMPNN,2HYY,0.5811549425125122,50,K,S,F:\GENESIS Studio\genesis-studio\packages\engines-py\.pdb_cache\2HYY,A
996,ThermoMPNN,2HYY,0.5709120631217957,50,K,T,F:\GENESIS Studio\genesis-studio\packages\engines-py\.pdb_cache\2HYY,A
997,ThermoMPNN,2HYY,0.4934379458427429,50,K,V,F:\GENESIS Studio\genesis-studio\packages\engines-py\.pdb_cache\2HYY,A
998,ThermoMPNN,2HYY,0.4363372325897217,50,K,W,F:\GENESIS Studio\genesis-studio\packages\engines-py\.pdb_cache\2HYY,A
999,ThermoMPNN,2HYY,0.43714702129364014,50,K,Y,F:\GENESIS Studio\genesis-studio\packages\engines-py\.pdb_cache\2HYY,A
1000,ThermoMPNN,2HYY,0.2401854395866394,51,E,A,F:\GENESIS Studio\genesis-studio\packages\engines-py\.pdb_cache\2HYY,A
1001,ThermoMPNN,2HYY,-0.26765114068984985,51,E,C,F:\GENESIS Studio\genesis-studio\packages\engines-py\.pdb_cache\2HYY,A
1002,ThermoMPNN,2HYY,0.7508245706558228,51,E,D,F:\GENESIS Studio\genesis-studio\packages\engines-py\.pdb_cache\2HYY,A
1003,ThermoMPNN,2HYY,0.0,51,E,E,F:\GENESIS Studio\genesis-studio\packages\engines-py\.pdb_cache\2HYY,A
1004,ThermoMPNN,2HYY,-0.18486326932907104,51,E,F,F:\GENESIS Studio\genesis-studio\packages\engines-py\.pdb_cache\2HYY,A
1005,ThermoMPNN,2HYY,0.7834779024124146,51,E,G,F:\GENESIS Studio\genesis-studio\packages\engines-py\.pdb_cache\2HYY,A
1006,ThermoMPNN,2HYY,0.33633673191070557,51,E,H,F:\GENESIS Studio\genesis-studio\packages\engines-py\.pdb_cache\2HYY,A
1007,ThermoMPNN,2HYY,0.03869587182998657,51,E,I,F:\GENESIS Studio\genesis-studio\packages\engines-py\.pdb_cache\2HYY,A
1008,ThermoMPNN,2HYY,0.25486236810684204,51,E,K,F:\GENESIS Studio\genesis-studio\packages\engines-py\.pdb_cache\2HYY,A
1009,ThermoMPNN,2HYY,-0.33328884840011597,51,E,L,F:\GENESIS Studio\genesis-studio\packages\engines-py\.pdb_cache\2HYY,A
1010,ThermoMPNN,2HYY,-0.20425552129745483,51,E,M,F:\GENESIS Studio\genesis-studio\packages\engines-py\.pdb_cache\2HYY,A
1011,ThermoMPNN,2HYY,0.6586052775382996,51,E,N,F:\GENESIS Studio\genesis-studio\packages\engines-py\.pdb_cache\2HYY,A
1012,ThermoMPNN,2HYY,1.7035106420516968,51,E,P,F:\GENESIS Studio\genesis-studio\packages\engines-py\.pdb_cache\2HYY,A
1013,ThermoMPNN,2HYY,0.14017826318740845,51,E,Q,F:\GENESIS Studio\genesis-studio\packages\engines-py\.pdb_cache\2HYY,A
1014,ThermoMPNN,2HYY,0.19394338130950928,51,E,R,F:\GENESIS Studio\genesis-studio\packages\engines-py\.pdb_cache\2HYY,A
1015,ThermoMPNN,2HYY,0.5907189846038818,51,E,S,F:\GENESIS Studio\genesis-studio\packages\engines-py\.pdb_cache\2HYY,A
1016,ThermoMPNN,2HYY,0.37112778425216675,51,E,T,F:\GENESIS Studio\genesis-studio\packages\engines-py\.pdb_cache\2HYY,A
1017,ThermoMPNN,2HYY,0.10523629188537598,51,E,V,F:\GENESIS Studio\genesis-studio\packages\engines-py\.pdb_cache\2HYY,A
1018,ThermoMPNN,2HYY,-0.29385489225387573,51,E,W,F:\GENESIS Studio\genesis-studio\packages\engines-py\.pdb_cache\2HYY,A
1019,ThermoMPNN,2HYY,-0.25415104627609253,51,E,Y,F:\GENESIS Studio\genesis-studio\packages\engines-py\.pdb_cache\2HYY,A
1020,ThermoMPNN,2HYY,0.0,52,A,A,F:\GENESIS Studio\genesis-studio\packages\engines-py\.pdb_cache\2HYY,A
1021,ThermoMPNN,2HYY,0.1636643409729004,52,A,C,F:\GENESIS Studio\genesis-studio\packages\engines-py\.pdb_cache\2HYY,A
1022,ThermoMPNN,2HYY,1.7414536476135254,52,A,D,F:\GENESIS Studio\genesis-studio\packages\engines-py\.pdb_cache\2HYY,A
1023,ThermoMPNN,2HYY,1.5571460723876953,52,A,E,F:\GENESIS Studio\genesis-studio\packages\engines-py\.pdb_cache\2HYY,A
1024,ThermoMPNN,2HYY,0.5031065940856934,52,A,F,F:\GENESIS Studio\genesis-studio\packages\engines-py\.pdb_cache\2HYY,A
1025,ThermoMPNN,2HYY,1.2349456548690796,52,A,G,F:\GENESIS Studio\genesis-studio\packages\engines-py\.pdb_cache\2HYY,A
1026,ThermoMPNN,2HYY,1.212564468383789,52,A,H,F:\GENESIS Studio\genesis-studio\packages\engines-py\.pdb_cache\2HYY,A
1027,ThermoMPNN,2HYY,-0.12837326526641846,52,A,I,F:\GENESIS Studio\genesis-studio\packages\engines-py\.pdb_cache\2HYY,A
1028,ThermoMPNN,2HYY,1.140510082244873,52,A,K,F:\GENESIS Studio\genesis-studio\packages\engines-py\.pdb_cache\2HYY,A
1029,ThermoMPNN,2HYY,-0.011160731315612793,52,A,L,F:\GENESIS Studio\genesis-studio\packages\engines-py\.pdb_cache\2HYY,A
1030,ThermoMPNN,2HYY,0.17201650142669678,52,A,M,F:\GENESIS Studio\genesis-studio\packages\engines-py\.pdb_cache\2HYY,A
1031,ThermoMPNN,2HYY,1.4099047183990479,52,A,N,F:\GENESIS Studio\genesis-studio\packages\engines-py\.pdb_cache\2HYY,A
1032,ThermoMPNN,2HYY,1.7406573295593262,52,A,P,F:\GENESIS Studio\genesis-studio\packages\engines-py\.pdb_cache\2HYY,A
1033,ThermoMPNN,2HYY,1.1548715829849243,52,A,Q,F:\GENESIS Studio\genesis-studio\packages\engines-py\.pdb_cache\2HYY,A
1034,ThermoMPNN,2HYY,1.1416943073272705,52,A,R,F:\GENESIS Studio\genesis-studio\packages\engines-py\.pdb_cache\2HYY,A
1035,ThermoMPNN,2HYY,0.8104950189590454,52,A,S,F:\GENESIS Studio\genesis-studio\packages\engines-py\.pdb_cache\2HYY,A
1036,ThermoMPNN,2HYY,0.7425832152366638,52,A,T,F:\GENESIS Studio\genesis-studio\packages\engines-py\.pdb_cache\2HYY,A
1037,ThermoMPNN,2HYY,0.003104090690612793,52,A,V,F:\GENESIS Studio\genesis-studio\packages\engines-py\.pdb_cache\2HYY,A
1038,ThermoMPNN,2HYY,0.4305240511894226,52,A,W,F:\GENESIS Studio\genesis-studio\packages\engines-py\.pdb_cache\2HYY,A
1039,ThermoMPNN,2HYY,0.5578181147575378,52,A,Y,F:\GENESIS Studio\genesis-studio\packages\engines-py\.pdb_cache\2HYY,A
1040,ThermoMPNN,2HYY,0.0,53,A,A,F:\GENESIS Studio\genesis-studio\packages\engines-py\.pdb_cache\2HYY,A
1041,ThermoMPNN,2HYY,-0.08435118198394775,53,A,C,F:\GENESIS Studio\genesis-studio\packages\engines-py\.pdb_cache\2HYY,A
1042,ThermoMPNN,2HYY,0.2905569076538086,53,A,D,F:\GENESIS Studio\genesis-studio\packages\engines-py\.pdb_cache\2HYY,A
1043,ThermoMPNN,2HYY,-0.0792078971862793,53,A,E,F:\GENESIS Studio\genesis-studio\packages\engines-py\.pdb_cache\2HYY,A
1044,ThermoMPNN,2HYY,0.2571514844894409,53,A,F,F:\GENESIS Studio\genesis-studio\packages\engines-py\.pdb_cache\2HYY,A
1045,ThermoMPNN,2HYY,0.6970819234848022,53,A,G,F:\GENESIS Studio\genesis-studio\packages\engines-py\.pdb_cache\2HYY,A
1046,ThermoMPNN,2HYY,0.2207268476486206,53,A,H,F:\GENESIS Studio\genesis-studio\packages\engines-py\.pdb_cache\2HYY,A
1047,ThermoMPNN,2HYY,0.03958249092102051,53,A,I,F:\GENESIS Studio\genesis-studio\packages\engines-py\.pdb_cache\2HYY,A
1048,ThermoMPNN,2HYY,0.007176220417022705,53,A,K,F:\GENESIS Studio\genesis-studio\packages\engines-py\.pdb_cache\2HYY,A
1049,ThermoMPNN,2HYY,-0.03484082221984863,53,A,L,F:\GENESIS Studio\genesis-studio\packages\engines-py\.pdb_cache\2HYY,A
1050,ThermoMPNN,2HYY,0.01701301336288452,53,A,M,F:\GENESIS Studio\genesis-studio\packages\engines-py\.pdb_cache\2HYY,A
1051,ThermoMPNN,2HYY,0.22445988655090332,53,A,N,F:\GENESIS Studio\genesis-studio\packages\engines-py\.pdb_cache\2HYY,A
1052,ThermoMPNN,2HYY,2.0954020023345947,53,A,P,F:\GENESIS Studio\genesis-studio\packages\engines-py\.pdb_cache\2HYY,A
1053,ThermoMPNN,2HYY,0.017557919025421143,53,A,Q,F:\GENESIS Studio\genesis-studio\packages\engines-py\.pdb_cache\2HYY,A
1054,ThermoMPNN,2HYY,-0.03657066822052002,53,A,R,F:\GENESIS Studio\genesis-studio\packages\engines-py\.pdb_cache\2HYY,A
1055,ThermoMPNN,2HYY,0.24580037593841553,53,A,S,F:\GENESIS Studio\genesis-studio\packages\engines-py\.pdb_cache\2HYY,A
1056,ThermoMPNN,2HYY,0.22260522842407227,53,A,T,F:\GENESIS Studio\genesis-studio\packages\engines-py\.pdb_cache\2HYY,A
1057,ThermoMPNN,2HYY,0.13432925939559937,53,A,V,F:\GENESIS Studio\genesis-studio\packages\engines-py\.pdb_cache\2HYY,A
1058,ThermoMPNN,2HYY,0.20780479907989502,53,A,W,F:\GENESIS Studio\genesis-studio\packages\engines-py\.pdb_cache\2HYY,A
1059,ThermoMPNN,2HYY,0.22686713933944702,53,A,Y,F:\GENESIS Studio\genesis-studio\packages\engines-py\.pdb_cache\2HYY,A
1060,ThermoMPNN,2HYY,0.010232865810394287,54,V,A,F:\GENESIS Studio\genesis-studio\packages\engines-py\.pdb_cache\2HYY,A
1061,ThermoMPNN,2HYY,-0.5181864500045776,54,V,C,F:\GENESIS Studio\genesis-studio\packages\engines-py\.pdb_cache\2HYY,A
1062,ThermoMPNN,2HYY,0.14104747772216797,54,V,D,F:\GENESIS Studio\genesis-studio\packages\engines-py\.pdb_cache\2HYY,A
1063,ThermoMPNN,2HYY,-0.1424192190170288,54,V,E,F:\GENESIS Studio\genesis-studio\packages\engines-py\.pdb_cache\2HYY,A
1064,ThermoMPNN,2HYY,-0.5243624448776245,54,V,F,F:\GENESIS Studio\genesis-studio\packages\engines-py\.pdb_cache\2HYY,A
1065,ThermoMPNN,2HYY,0.3970707654953003,54,V,G,F:\GENESIS Studio\genesis-studio\packages\engines-py\.pdb_cache\2HYY,A
1066,ThermoMPNN,2HYY,-0.030462443828582764,54,V,H,F:\GENESIS Studio\genesis-studio\packages\engines-py\.pdb_cache\2HYY,A
1067,ThermoMPNN,2HYY,-0.2251322865486145,54,V,I,F:\GENESIS Studio\genesis-studio\packages\engines-py\.pdb_cache\2HYY,A
1068,ThermoMPNN,2HYY,-0.049891650676727295,54,V,K,F:\GENESIS Studio\genesis-studio\packages\engines-py\.pdb_cache\2HYY,A
1069,ThermoMPNN,2HYY,-0.5846328735351562,54,V,L,F:\GENESIS Studio\genesis-studio\packages\engines-py\.pdb_cache\2HYY,A
1070,ThermoMPNN,2HYY,-0.4977205991744995,54,V,M,F:\GENESIS Studio\genesis-studio\packages\engines-py\.pdb_cache\2HYY,A
1071,ThermoMPNN,2HYY,0.14451703429222107,54,V,N,F:\GENESIS Studio\genesis-studio\packages\engines-py\.pdb_cache\2HYY,A
1072,ThermoMPNN,2HYY,1.476093053817749,54,V,P,F:\GENESIS Studio\genesis-studio\packages\engines-py\.pdb_cache\2HYY,A
1073,ThermoMPNN,2HYY,-0.14383035898208618,54,V,Q,F:\GENESIS Studio\genesis-studio\packages\engines-py\.pdb_cache\2HYY,A
1074,ThermoMPNN,2HYY,-0.07259827852249146,54,V,R,F:\GENESIS Studio\genesis-studio\packages\engines-py\.pdb_cache\2HYY,A
1075,ThermoMPNN,2HYY,0.2241688370704651,54,V,S,F:\GENESIS Studio\genesis-studio\packages\engines-py\.pdb_cache\2HYY,A
1076,ThermoMPNN,2HYY,0.08373689651489258,54,V,T,F:\GENESIS Studio\genesis-studio\packages\engines-py\.pdb_cache\2HYY,A
1077,ThermoMPNN,2HYY,0.0,54,V,V,F:\GENESIS Studio\genesis-studio\packages\engines-py\.pdb_cache\2HYY,A
1078,ThermoMPNN,2HYY,-0.5172150135040283,54,V,W,F:\GENESIS Studio\genesis-studio\packages\engines-py\.pdb_cache\2HYY,A
1079,ThermoMPNN,2HYY,-0.46250617504119873,54,V,Y,F:\GENESIS Studio\genesis-studio\packages\engines-py\.pdb_cache\2HYY,A
1080,ThermoMPNN,2HYY,1.1814019680023193,55,M,A,F:\GENESIS Studio\genesis-studio\packages\engines-py\.pdb_cache\2HYY,A
1081,ThermoMPNN,2HYY,0.6291629076004028,55,M,C,F:\GENESIS Studio\genesis-studio\packages\engines-py\.pdb_cache\2HYY,A
1082,ThermoMPNN,2HYY,2.2790188789367676,55,M,D,F:\GENESIS Studio\genesis-studio\packages\engines-py\.pdb_cache\2HYY,A
1083,ThermoMPNN,2HYY,2.063261032104492,55,M,E,F:\GENESIS Studio\genesis-studio\packages\engines-py\.pdb_cache\2HYY,A
1084,ThermoMPNN,2HYY,0.6222419738769531,55,M,F,F:\GENESIS Studio\genesis-studio\packages\engines-py\.pdb_cache\2HYY,A
1085,ThermoMPNN,2HYY,1.6895513534545898,55,M,G,F:\GENESIS Studio\genesis-studio\packages\engines-py\.pdb_cache\2HYY,A
1086,ThermoMPNN,2HYY,1.2464194297790527,55,M,H,F:\GENESIS Studio\genesis-studio\packages\engines-py\.pdb_cache\2HYY,A
1087,ThermoMPNN,2HYY,1.0446844100952148,55,M,I,F:\GENESIS Studio\genesis-studio\packages\engines-py\.pdb_cache\2HYY,A
1088,ThermoMPNN,2HYY,1.3759441375732422,55,M,K,F:\GENESIS Studio\genesis-studio\packages\engines-py\.pdb_cache\2HYY,A
1089,ThermoMPNN,2HYY,-0.11040949821472168,55,M,L,F:\GENESIS Studio\genesis-studio\packages\engines-py\.pdb_cache\2HYY,A
1090,ThermoMPNN,2HYY,0.0,55,M,M,F:\GENESIS Studio\genesis-studio\packages\engines-py\.pdb_cache\2HYY,A
1091,ThermoMPNN,2HYY,1.7401318550109863,55,M,N,F:\GENESIS Studio\genesis-studio\packages\engines-py\.pdb_cache\2HYY,A
1092,ThermoMPNN,2HYY,2.4648795127868652,55,M,P,F:\GENESIS Studio\genesis-studio\packages\engines-py\.pdb_cache\2HYY,A
1093,ThermoMPNN,2HYY,1.3212575912475586,55,M,Q,F:\GENESIS Studio\genesis-studio\packages\engines-py\.pdb_cache\2HYY,A
1094,ThermoMPNN,2HYY,1.1589585542678833,55,M,R,F:\GENESIS Studio\genesis-studio\packages\engines-py\.pdb_cache\2HYY,A
1095,ThermoMPNN,2HYY,1.7686493396759033,55,M,S,F:\GENESIS Studio\genesis-studio\packages\engines-py\.pdb_cache\2HYY,A
1096,ThermoMPNN,2HYY,2.0172934532165527,55,M,T,F:\GENESIS Studio\genesis-studio\packages\engines-py\.pdb_cache\2HYY,A
1097,ThermoMPNN,2HYY,1.4671980142593384,55,M,V,F:\GENESIS Studio\genesis-studio\packages\engines-py\.pdb_cache\2HYY,A
1098,ThermoMPNN,2HYY,0.45594465732574463,55,M,W,F:\GENESIS Studio\genesis-studio\packages\engines-py\.pdb_cache\2HYY,A
1099,ThermoMPNN,2HYY,0.5063090324401855,55,M,Y,F:\GENESIS Studio\genesis-studio\packages\engines-py\.pdb_cache\2HYY,A
1100,ThermoMPNN,2HYY,0.41748952865600586,56,K,A,F:\GENESIS Studio\genesis-studio\packages\engines-py\.pdb_cache\2HYY,A
1101,ThermoMPNN,2HYY,0.7213702201843262,56,K,C,F:\GENESIS Studio\genesis-studio\packages\engines-py\.pdb_cache\2HYY,A
1102,ThermoMPNN,2HYY,2.1914706230163574,56,K,D,F:\GENESIS Studio\genesis-studio\packages\engines-py\.pdb_cache\2HYY,A
1103,ThermoMPNN,2HYY,1.369767427444458,56,K,E,F:\GENESIS Studio\genesis-studio\packages\engines-py\.pdb_cache\2HYY,A
1104,ThermoMPNN,2HYY,1.0715599060058594,56,K,F,F:\GENESIS Studio\genesis-studio\packages\engines-py\.pdb_cache\2HYY,A
1105,ThermoMPNN,2HYY,1.244793176651001,56,K,G,F:\GENESIS Studio\genesis-studio\packages\engines-py\.pdb_cache\2HYY,A
1106,ThermoMPNN,2HYY,0.9201902747154236,56,K,H,F:\GENESIS Studio\genesis-studio\packages\engines-py\.pdb_cache\2HYY,A
1107,ThermoMPNN,2HYY,0.7798004150390625,56,K,I,F:\GENESIS Studio\genesis-studio\packages\engines-py\.pdb_cache\2HYY,A
1108,ThermoMPNN,2HYY,0.0,56,K,K,F:\GENESIS Studio\genesis-studio\packages\engines-py\.pdb_cache\2HYY,A
1109,ThermoMPNN,2HYY,0.7554798722267151,56,K,L,F:\GENESIS Studio\genesis-studio\packages\engines-py\.pdb_cache\2HYY,A
1110,ThermoMPNN,2HYY,0.4393172264099121,56,K,M,F:\GENESIS Studio\genesis-studio\packages\engines-py\.pdb_cache\2HYY,A
1111,ThermoMPNN,2HYY,1.4194025993347168,56,K,N,F:\GENESIS Studio\genesis-studio\packages\engines-py\.pdb_cache\2HYY,A
1112,ThermoMPNN,2HYY,2.3012068271636963,56,K,P,F:\GENESIS Studio\genesis-studio\packages\engines-py\.pdb_cache\2HYY,A
1113,ThermoMPNN,2HYY,0.3295774459838867,56,K,Q,F:\GENESIS Studio\genesis-studio\packages\engines-py\.pdb_cache\2HYY,A
1114,ThermoMPNN,2HYY,-0.03255057334899902,56,K,R,F:\GENESIS Studio\genesis-studio\packages\engines-py\.pdb_cache\2HYY,A
1115,ThermoMPNN,2HYY,0.8259449005126953,56,K,S,F:\GENESIS Studio\genesis-studio\packages\engines-py\.pdb_cache\2HYY,A
1116,ThermoMPNN,2HYY,1.027696967124939,56,K,T,F:\GENESIS Studio\genesis-studio\packages\engines-py\.pdb_cache\2HYY,A
1117,ThermoMPNN,2HYY,0.9358330965042114,56,K,V,F:\GENESIS Studio\genesis-studio\packages\engines-py\.pdb_cache\2HYY,A
1118,ThermoMPNN,2HYY,0.9949134588241577,56,K,W,F:\GENESIS Studio\genesis-studio\packages\engines-py\.pdb_cache\2HYY,A
1119,ThermoMPNN,2HYY,1.0614879131317139,56,K,Y,F:\GENESIS Studio\genesis-studio\packages\engines-py\.pdb_cache\2HYY,A
1120,ThermoMPNN,2HYY,0.023464739322662354,57,E,A,F:\GENESIS Studio\genesis-studio\packages\engines-py\.pdb_cache\2HYY,A
1121,ThermoMPNN,2HYY,-0.2668899893760681,57,E,C,F:\GENESIS Studio\genesis-studio\packages\engines-py\.pdb_cache\2HYY,A
1122,ThermoMPNN,2HYY,0.5192726254463196,57,E,D,F:\GENESIS Studio\genesis-studio\packages\engines-py\.pdb_cache\2HYY,A
1123,ThermoMPNN,2HYY,0.0,57,E,E,F:\GENESIS Studio\genesis-studio\packages\engines-py\.pdb_cache\2HYY,A
1124,ThermoMPNN,2HYY,0.11656898260116577,57,E,F,F:\GENESIS Studio\genesis-studio\packages\engines-py\.pdb_cache\2HYY,A
1125,ThermoMPNN,2HYY,0.5193853974342346,57,E,G,F:\GENESIS Studio\genesis-studio\packages\engines-py\.pdb_cache\2HYY,A
1126,ThermoMPNN,2HYY,0.17108243703842163,57,E,H,F:\GENESIS Studio\genesis-studio\packages\engines-py\.pdb_cache\2HYY,A
1127,ThermoMPNN,2HYY,0.0019672513008117676,57,E,I,F:\GENESIS Studio\genesis-studio\packages\engines-py\.pdb_cache\2HYY,A
1128,ThermoMPNN,2HYY,-0.05519229173660278,57,E,K,F:\GENESIS Studio\genesis-studio\packages\engines-py\.pdb_cache\2HYY,A
1129,ThermoMPNN,2HYY,-0.1994972825050354,57,E,L,F:\GENESIS Studio\genesis-studio\packages\engines-py\.pdb_cache\2HYY,A
1130,ThermoMPNN,2HYY,-0.15614205598831177,57,E,M,F:\GENESIS Studio\genesis-studio\packages\engines-py\.pdb_cache\2HYY,A
1131,ThermoMPNN,2HYY,0.30589503049850464,57,E,N,F:\GENESIS Studio\genesis-studio\packages\engines-py\.pdb_cache\2HYY,A
1132,ThermoMPNN,2HYY,1.885354995727539,57,E,P,F:\GENESIS Studio\genesis-studio\packages\engines-py\.pdb_cache\2HYY,A
1133,ThermoMPNN,2HYY,-0.12683230638504028,57,E,Q,F:\GENESIS Studio\genesis-studio\packages\engines-py\.pdb_cache\2HYY,A
1134,ThermoMPNN,2HYY,-0.024461328983306885,57,E,R,F:\GENESIS Studio\genesis-studio\packages\engines-py\.pdb_cache\2HYY,A
1135,ThermoMPNN,2HYY,0.07941418886184692,57,E,S,F:\GENESIS Studio\genesis-studio\packages\engines-py\.pdb_cache\2HYY,A
1136,ThermoMPNN,2HYY,-0.1268957257270813,57,E,T,F:\GENESIS Studio\genesis-studio\packages\engines-py\.pdb_cache\2HYY,A
1137,ThermoMPNN,2HYY,0.03343445062637329,57,E,V,F:\GENESIS Studio\genesis-studio\packages\engines-py\.pdb_cache\2HYY,A
1138,ThermoMPNN,2HYY,0.23526328802108765,57,E,W,F:\GENESIS Studio\genesis-studio\packages\engines-py\.pdb_cache\2HYY,A
1139,ThermoMPNN,2HYY,0.19553637504577637,57,E,Y,F:\GENESIS Studio\genesis-studio\packages\engines-py\.pdb_cache\2HYY,A
1140,ThermoMPNN,2HYY,1.1653964519500732,58,I,A,F:\GENESIS Studio\genesis-studio\packages\engines-py\.pdb_cache\2HYY,A
1141,ThermoMPNN,2HYY,0.460049033164978,58,I,C,F:\GENESIS Studio\genesis-studio\packages\engines-py\.pdb_cache\2HYY,A
1142,ThermoMPNN,2HYY,2.0461606979370117,58,I,D,F:\GENESIS Studio\genesis-studio\packages\engines-py\.pdb_cache\2HYY,A
1143,ThermoMPNN,2HYY,1.8364191055297852,58,I,E,F:\GENESIS Studio\genesis-studio\packages\engines-py\.pdb_cache\2HYY,A
1144,ThermoMPNN,2HYY,0.4884464740753174,58,I,F,F:\GENESIS Studio\genesis-studio\packages\engines-py\.pdb_cache\2HYY,A
1145,ThermoMPNN,2HYY,1.6852633953094482,58,I,G,F:\GENESIS Studio\genesis-studio\packages\engines-py\.pdb_cache\2HYY,A
1146,ThermoMPNN,2HYY,1.2956385612487793,58,I,H,F:\GENESIS Studio\genesis-studio\packages\engines-py\.pdb_cache\2HYY,A
1147,ThermoMPNN,2HYY,0.0,58,I,I,F:\GENESIS Studio\genesis-studio\packages\engines-py\.pdb_cache\2HYY,A
1148,ThermoMPNN,2HYY,1.3363170623779297,58,I,K,F:\GENESIS Studio\genesis-studio\packages\engines-py\.pdb_cache\2HYY,A
1149,ThermoMPNN,2HYY,-0.221815824508667,58,I,L,F:\GENESIS Studio\genesis-studio\packages\engines-py\.pdb_cache\2HYY,A
1150,ThermoMPNN,2HYY,0.3023580312728882,58,I,M,F:\GENESIS Studio\genesis-studio\packages\engines-py\.pdb_cache\2HYY,A
1151,ThermoMPNN,2HYY,1.6271042823791504,58,I,N,F:\GENESIS Studio\genesis-studio\packages\engines-py\.pdb_cache\2HYY,A
1152,ThermoMPNN,2HYY,2.140942096710205,58,I,P,F:\GENESIS Studio\genesis-studio\packages\engines-py\.pdb_cache\2HYY,A
1153,ThermoMPNN,2HYY,1.4140992164611816,58,I,Q,F:\GENESIS Studio\genesis-studio\packages\engines-py\.pdb_cache\2HYY,A
1154,ThermoMPNN,2HYY,1.4395792484283447,58,I,R,F:\GENESIS Studio\genesis-studio\packages\engines-py\.pdb_cache\2HYY,A
1155,ThermoMPNN,2HYY,1.582916259765625,58,I,S,F:\GENESIS Studio\genesis-studio\packages\engines-py\.pdb_cache\2HYY,A
1156,ThermoMPNN,2HYY,1.2805583477020264,58,I,T,F:\GENESIS Studio\genesis-studio\packages\engines-py\.pdb_cache\2HYY,A
1157,ThermoMPNN,2HYY,0.3854963779449463,58,I,V,F:\GENESIS Studio\genesis-studio\packages\engines-py\.pdb_cache\2HYY,A
1158,ThermoMPNN,2HYY,0.5808535814285278,58,I,W,F:\GENESIS Studio\genesis-studio\packages\engines-py\.pdb_cache\2HYY,A
1159,ThermoMPNN,2HYY,0.5981248617172241,58,I,Y,F:\GENESIS Studio\genesis-studio\packages\engines-py\.pdb_cache\2HYY,A
1160,ThermoMPNN,2HYY,0.0991905927658081,59,K,A,F:\GENESIS Studio\genesis-studio\packages\engines-py\.pdb_cache\2HYY,A
1161,ThermoMPNN,2HYY,-0.08011549711227417,59,K,C,F:\GENESIS Studio\genesis-studio\packages\engines-py\.pdb_cache\2HYY,A
1162,ThermoMPNN,2HYY,0.5418851375579834,59,K,D,F:\GENESIS Studio\genesis-studio\packages\engines-py\.pdb_cache\2HYY,A
1163,ThermoMPNN,2HYY,0.49105721712112427,59,K,E,F:\GENESIS Studio\genesis-studio\packages\engines-py\.pdb_cache\2HYY,A
1164,ThermoMPNN,2HYY,0.2181609869003296,59,K,F,F:\GENESIS Studio\genesis-studio\packages\engines-py\.pdb_cache\2HYY,A
1165,ThermoMPNN,2HYY,0.6301289796829224,59,K,G,F:\GENESIS Studio\genesis-studio\packages\engines-py\.pdb_cache\2HYY,A
1166,ThermoMPNN,2HYY,-0.0633649230003357,59,K,H,F:\GENESIS Studio\genesis-studio\packages\engines-py\.pdb_cache\2HYY,A
1167,ThermoMPNN,2HYY,0.13585680723190308,59,K,I,F:\GENESIS Studio\genesis-studio\packages\engines-py\.pdb_cache\2HYY,A
1168,ThermoMPNN,2HYY,0.0,59,K,K,F:\GENESIS Studio\genesis-studio\packages\engines-py\.pdb_cache\2HYY,A
1169,ThermoMPNN,2HYY,0.36254334449768066,59,K,L,F:\GENESIS Studio\genesis-studio\packages\engines-py\.pdb_cache\2HYY,A
1170,ThermoMPNN,2HYY,0.21215075254440308,59,K,M,F:\GENESIS Studio\genesis-studio\packages\engines-py\.pdb_cache\2HYY,A
1171,ThermoMPNN,2HYY,0.18149220943450928,59,K,N,F:\GENESIS Studio\genesis-studio\packages\engines-py\.pdb_cache\2HYY,A
1172,ThermoMPNN,2HYY,1.5914231538772583,59,K,P,F:\GENESIS Studio\genesis-studio\packages\engines-py\.pdb_cache\2HYY,A
1173,ThermoMPNN,2HYY,0.02113795280456543,59,K,Q,F:\GENESIS Studio\genesis-studio\packages\engines-py\.pdb_cache\2HYY,A
1174,ThermoMPNN,2HYY,-0.07183569669723511,59,K,R,F:\GENESIS Studio\genesis-studio\packages\engines-py\.pdb_cache\2HYY,A
1175,ThermoMPNN,2HYY,-0.1752665638923645,59,K,S,F:\GENESIS Studio\genesis-studio\packages\engines-py\.pdb_cache\2HYY,A
1176,ThermoMPNN,2HYY,0.08744436502456665,59,K,T,F:\GENESIS Studio\genesis-studio\packages\engines-py\.pdb_cache\2HYY,A
1177,ThermoMPNN,2HYY,0.09643673896789551,59,K,V,F:\GENESIS Studio\genesis-studio\packages\engines-py\.pdb_cache\2HYY,A
1178,ThermoMPNN,2HYY,0.18518966436386108,59,K,W,F:\GENESIS Studio\genesis-studio\packages\engines-py\.pdb_cache\2HYY,A
1179,ThermoMPNN,2HYY,0.10585397481918335,59,K,Y,F:\GENESIS Studio\genesis-studio\packages\engines-py\.pdb_cache\2HYY,A
1180,ThermoMPNN,2HYY,1.1030771732330322,60,H,A,F:\GENESIS Studio\genesis-studio\packages\engines-py\.pdb_cache\2HYY,A
1181,ThermoMPNN,2HYY,0.6047427654266357,60,H,C,F:\GENESIS Studio\genesis-studio\packages\engines-py\.pdb_cache\2HYY,A
1182,ThermoMPNN,2HYY,2.0668091773986816,60,H,D,F:\GENESIS Studio\genesis-studio\packages\engines-py\.pdb_cache\2HYY,A
1183,ThermoMPNN,2HYY,2.39487361907959,60,H,E,F:\GENESIS Studio\genesis-studio\packages\engines-py\.pdb_cache\2HYY,A
1184,ThermoMPNN,2HYY,1.141185998916626,60,H,F,F:\GENESIS Studio\genesis-studio\packages\engines-py\.pdb_cache\2HYY,A
1185,ThermoMPNN,2HYY,1.9926464557647705,60,H,G,F:\GENESIS Studio\genesis-studio\packages\engines-py\.pdb_cache\2HYY,A
1186,ThermoMPNN,2HYY,0.0,60,H,H,F:\GENESIS Studio\genesis-studio\packages\engines-py\.pdb_cache\2HYY,A
1187,ThermoMPNN,2HYY,1.5089995861053467,60,H,I,F:\GENESIS Studio\genesis-studio\packages\engines-py\.pdb_cache\2HYY,A
1188,ThermoMPNN,2HYY,1.6750528812408447,60,H,K,F:\GENESIS Studio\genesis-studio\packages\engines-py\.pdb_cache\2HYY,A
1189,ThermoMPNN,2HYY,1.3943182229995728,60,H,L,F:\GENESIS Studio\genesis-studio\packages\engines-py\.pdb_cache\2HYY,A
1190,ThermoMPNN,2HYY,1.3748822212219238,60,H,M,F:\GENESIS Studio\genesis-studio\packages\engines-py\.pdb_cache\2HYY,A
1191,ThermoMPNN,2HYY,1.039673089981079,60,H,N,F:\GENESIS Studio\genesis-studio\packages\engines-py\.pdb_cache\2HYY,A
1192,ThermoMPNN,2HYY,1.5572230815887451,60,H,P,F:\GENESIS Studio\genesis-studio\packages\engines-py\.pdb_cache\2HYY,A
1193,ThermoMPNN,2HYY,1.466509222984314,60,H,Q,F:\GENESIS Studio\genesis-studio\packages\engines-py\.pdb_cache\2HYY,A
1194,ThermoMPNN,2HYY,1.6294269561767578,60,H,R,F:\GENESIS Studio\genesis-studio\packages\engines-py\.pdb_cache\2HYY,A
1195,ThermoMPNN,2HYY,1.3405344486236572,60,H,S,F:\GENESIS Studio\genesis-studio\packages\engines-py\.pdb_cache\2HYY,A
1196,ThermoMPNN,2HYY,2.1305620670318604,60,H,T,F:\GENESIS Studio\genesis-studio\packages\engines-py\.pdb_cache\2HYY,A
1197,ThermoMPNN,2HYY,1.7066826820373535,60,H,V,F:\GENESIS Studio\genesis-studio\packages\engines-py\.pdb_cache\2HYY,A
1198,ThermoMPNN,2HYY,1.1781970262527466,60,H,W,F:\GENESIS Studio\genesis-studio\packages\engines-py\.pdb_cache\2HYY,A
1199,ThermoMPNN,2HYY,0.621910810470581,60,H,Y,F:\GENESIS Studio\genesis-studio\packages\engines-py\.pdb_cache\2HYY,A
1200,ThermoMPNN,2HYY,0.42825502157211304,61,P,A,F:\GENESIS Studio\genesis-studio\packages\engines-py\.pdb_cache\2HYY,A
1201,ThermoMPNN,2HYY,0.32840579748153687,61,P,C,F:\GENESIS Studio\genesis-studio\packages\engines-py\.pdb_cache\2HYY,A
1202,ThermoMPNN,2HYY,0.5282752513885498,61,P,D,F:\GENESIS Studio\genesis-studio\packages\engines-py\.pdb_cache\2HYY,A
1203,ThermoMPNN,2HYY,0.2883174419403076,61,P,E,F:\GENESIS Studio\genesis-studio\packages\engines-py\.pdb_cache\2HYY,A
1204,ThermoMPNN,2HYY,0.6232478618621826,61,P,F,F:\GENESIS Studio\genesis-studio\packages\engines-py\.pdb_cache\2HYY,A
1205,ThermoMPNN,2HYY,0.8479255437850952,61,P,G,F:\GENESIS Studio\genesis-studio\packages\engines-py\.pdb_cache\2HYY,A
1206,ThermoMPNN,2HYY,0.556279718875885,61,P,H,F:\GENESIS Studio\genesis-studio\packages\engines-py\.pdb_cache\2HYY,A
1207,ThermoMPNN,2HYY,0.6023208498954773,61,P,I,F:\GENESIS Studio\genesis-studio\packages\engines-py\.pdb_cache\2HYY,A
1208,ThermoMPNN,2HYY,0.6780624389648438,61,P,K,F:\GENESIS Studio\genesis-studio\packages\engines-py\.pdb_cache\2HYY,A
1209,ThermoMPNN,2HYY,0.6134775280952454,61,P,L,F:\GENESIS Studio\genesis-studio\packages\engines-py\.pdb_cache\2HYY,A
1210,ThermoMPNN,2HYY,0.5966848134994507,61,P,M,F:\GENESIS Studio\genesis-studio\packages\engines-py\.pdb_cache\2HYY,A
1211,ThermoMPNN,2HYY,0.6864289045333862,61,P,N,F:\GENESIS Studio\genesis-studio\packages\engines-py\.pdb_cache\2HYY,A
1212,ThermoMPNN,2HYY,0.0,61,P,P,F:\GENESIS Studio\genesis-studio\packages\engines-py\.pdb_cache\2HYY,A
1213,ThermoMPNN,2HYY,0.5169825553894043,61,P,Q,F:\GENESIS Studio\genesis-studio\packages\engines-py\.pdb_cache\2HYY,A
1214,ThermoMPNN,2HYY,0.7685511112213135,61,P,R,F:\GENESIS Studio\genesis-studio\packages\engines-py\.pdb_cache\2HYY,A
1215,ThermoMPNN,2HYY,0.47630220651626587,61,P,S,F:\GENESIS Studio\genesis-studio\packages\engines-py\.pdb_cache\2HYY,A
1216,ThermoMPNN,2HYY,0.6368659138679504,61,P,T,F:\GENESIS Studio\genesis-studio\packages\engines-py\.pdb_cache\2HYY,A
1217,ThermoMPNN,2HYY,0.7023295164108276,61,P,V,F:\GENESIS Studio\genesis-studio\packages\engines-py\.pdb_cache\2HYY,A
1218,ThermoMPNN,2HYY,0.6322537064552307,61,P,W,F:\GENESIS Studio\genesis-studio\packages\engines-py\.pdb_cache\2HYY,A
1219,ThermoMPNN,2HYY,0.5055932402610779,61,P,Y,F:\GENESIS Studio\genesis-studio\packages\engines-py\.pdb_cache\2HYY,A
1220,ThermoMPNN,2HYY,1.0888023376464844,62,N,A,F:\GENESIS Studio\genesis-studio\packages\engines-py\.pdb_cache\2HYY,A
1221,ThermoMPNN,2HYY,0.5385119915008545,62,N,C,F:\GENESIS Studio\genesis-studio\packages\engines-py\.pdb_cache\2HYY,A
1222,ThermoMPNN,2HYY,1.1410362720489502,62,N,D,F:\GENESIS Studio\genesis-studio\packages\engines-py\.pdb_cache\2HYY,A
1223,ThermoMPNN,2HYY,1.536323070526123,62,N,E,F:\GENESIS Studio\genesis-studio\packages\engines-py\.pdb_cache\2HYY,A
1224,ThermoMPNN,2HYY,0.6801667213439941,62,N,F,F:\GENESIS Studio\genesis-studio\packages\engines-py\.pdb_cache\2HYY,A
1225,ThermoMPNN,2HYY,1.295412302017212,62,N,G,F:\GENESIS Studio\genesis-studio\packages\engines-py\.pdb_cache\2HYY,A
1226,ThermoMPNN,2HYY,0.2960909605026245,62,N,H,F:\GENESIS Studio\genesis-studio\packages\engines-py\.pdb_cache\2HYY,A
1227,ThermoMPNN,2HYY,1.6048486232757568,62,N,I,F:\GENESIS Studio\genesis-studio\packages\engines-py\.pdb_cache\2HYY,A
1228,ThermoMPNN,2HYY,1.0781854391098022,62,N,K,F:\GENESIS Studio\genesis-studio\packages\engines-py\.pdb_cache\2HYY,A
1229,ThermoMPNN,2HYY,1.1716769933700562,62,N,L,F:\GENESIS Studio\genesis-studio\packages\engines-py\.pdb_cache\2HYY,A
1230,ThermoMPNN,2HYY,1.198529839515686,62,N,M,F:\GENESIS Studio\genesis-studio\packages\engines-py\.pdb_cache\2HYY,A
1231,ThermoMPNN,2HYY,0.0,62,N,N,F:\GENESIS Studio\genesis-studio\packages\engines-py\.pdb_cache\2HYY,A
1232,ThermoMPNN,2HYY,1.4300403594970703,62,N,P,F:\GENESIS Studio\genesis-studio\packages\engines-py\.pdb_cache\2HYY,A
1233,ThermoMPNN,2HYY,1.2008910179138184,62,N,Q,F:\GENESIS Studio\genesis-studio\packages\engines-py\.pdb_cache\2HYY,A
1234,ThermoMPNN,2HYY,0.9675275683403015,62,N,R,F:\GENESIS Studio\genesis-studio\packages\engines-py\.pdb_cache\2HYY,A
1235,ThermoMPNN,2HYY,0.8080320954322815,62,N,S,F:\GENESIS Studio\genesis-studio\packages\engines-py\.pdb_cache\2HYY,A
1236,ThermoMPNN,2HYY,1.2026692628860474,62,N,T,F:\GENESIS Studio\genesis-studio\packages\engines-py\.pdb_cache\2HYY,A
1237,ThermoMPNN,2HYY,1.2708685398101807,62,N,V,F:\GENESIS Studio\genesis-studio\packages\engines-py\.pdb_cache\2HYY,A
1238,ThermoMPNN,2HYY,0.6609004735946655,62,N,W,F:\GENESIS Studio\genesis-studio\packages\engines-py\.pdb_cache\2HYY,A
1239,ThermoMPNN,2HYY,0.5519633293151855,62,N,Y,F:\GENESIS Studio\genesis-studio\packages\engines-py\.pdb_cache\2HYY,A
1240,ThermoMPNN,2HYY,1.3803648948669434,63,L,A,F:\GENESIS Studio\genesis-studio\packages\engines-py\.pdb_cache\2HYY,A
1241,ThermoMPNN,2HYY,0.603513240814209,63,L,C,F:\GENESIS Studio\genesis-studio\packages\engines-py\.pdb_cache\2HYY,A
1242,ThermoMPNN,2HYY,2.218053102493286,63,L,D,F:\GENESIS Studio\genesis-studio\packages\engines-py\.pdb_cache\2HYY,A
1243,ThermoMPNN,2HYY,2.070688486099243,63,L,E,F:\GENESIS Studio\genesis-studio\packages\engines-py\.pdb_cache\2HYY,A
1244,ThermoMPNN,2HYY,0.37549734115600586,63,L,F,F:\GENESIS Studio\genesis-studio\packages\engines-py\.pdb_cache\2HYY,A
1245,ThermoMPNN,2HYY,1.9317519664764404,63,L,G,F:\GENESIS Studio\genesis-studio\packages\engines-py\.pdb_cache\2HYY,A
1246,ThermoMPNN,2HYY,1.6747170686721802,63,L,H,F:\GENESIS Studio\genesis-studio\packages\engines-py\.pdb_cache\2HYY,A
1247,ThermoMPNN,2HYY,-0.4286627769470215,63,L,I,F:\GENESIS Studio\genesis-studio\packages\engines-py\.pdb_cache\2HYY,A
1248,ThermoMPNN,2HYY,1.8275516033172607,63,L,K,F:\GENESIS Studio\genesis-studio\packages\engines-py\.pdb_cache\2HYY,A
1249,ThermoMPNN,2HYY,0.0,63,L,L,F:\GENESIS Studio\genesis-studio\packages\engines-py\.pdb_cache\2HYY,A
1250,ThermoMPNN,2HYY,0.40506958961486816,63,L,M,F:\GENESIS Studio\genesis-studio\packages\engines-py\.pdb_cache\2HYY,A
1251,ThermoMPNN,2HYY,1.9624145030975342,63,L,N,F:\GENESIS Studio\genesis-studio\packages\engines-py\.pdb_cache\2HYY,A
1252,ThermoMPNN,2HYY,1.7961735725402832,63,L,P,F:\GENESIS Studio\genesis-studio\packages\engines-py\.pdb_cache\2HYY,A
1253,ThermoMPNN,2HYY,1.8863847255706787,63,L,Q,F:\GENESIS Studio\genesis-studio\packages\engines-py\.pdb_cache\2HYY,A
1254,ThermoMPNN,2HYY,1.8260242938995361,63,L,R,F:\GENESIS Studio\genesis-studio\packages\engines-py\.pdb_cache\2HYY,A
1255,ThermoMPNN,2HYY,1.8473289012908936,63,L,S,F:\GENESIS Studio\genesis-studio\packages\engines-py\.pdb_cache\2HYY,A
1256,ThermoMPNN,2HYY,1.5185918807983398,63,L,T,F:\GENESIS Studio\genesis-studio\packages\engines-py\.pdb_cache\2HYY,A
1257,ThermoMPNN,2HYY,0.11212718486785889,63,L,V,F:\GENESIS Studio\genesis-studio\packages\engines-py\.pdb_cache\2HYY,A
1258,ThermoMPNN,2HYY,0.8704541921615601,63,L,W,F:\GENESIS Studio\genesis-studio\packages\engines-py\.pdb_cache\2HYY,A
1259,ThermoMPNN,2HYY,0.8927505612373352,63,L,Y,F:\GENESIS Studio\genesis-studio\packages\engines-py\.pdb_cache\2HYY,A
1260,ThermoMPNN,2HYY,1.528754711151123,64,V,A,F:\GENESIS Studio\genesis-studio\packages\engines-py\.pdb_cache\2HYY,A
1261,ThermoMPNN,2HYY,0.5218492746353149,64,V,C,F:\GENESIS Studio\genesis-studio\packages\engines-py\.pdb_cache\2HYY,A
1262,ThermoMPNN,2HYY,2.228644371032715,64,V,D,F:\GENESIS Studio\genesis-studio\packages\engines-py\.pdb_cache\2HYY,A
1263,ThermoMPNN,2HYY,1.8311419486999512,64,V,E,F:\GENESIS Studio\genesis-studio\packages\engines-py\.pdb_cache\2HYY,A
1264,ThermoMPNN,2HYY,0.5625336170196533,64,V,F,F:\GENESIS Studio\genesis-studio\packages\engines-py\.pdb_cache\2HYY,A
1265,ThermoMPNN,2HYY,2.2276692390441895,64,V,G,F:\GENESIS Studio\genesis-studio\packages\engines-py\.pdb_cache\2HYY,A
1266,ThermoMPNN,2HYY,1.4606056213378906,64,V,H,F:\GENESIS Studio\genesis-studio\packages\engines-py\.pdb_cache\2HYY,A
1267,ThermoMPNN,2HYY,-0.10460329055786133,64,V,I,F:\GENESIS Studio\genesis-studio\packages\engines-py\.pdb_cache\2HYY,A
1268,ThermoMPNN,2HYY,1.6296849250793457,64,V,K,F:\GENESIS Studio\genesis-studio\packages\engines-py\.pdb_cache\2HYY,A
1269,ThermoMPNN,2HYY,-0.19443011283874512,64,V,L,F:\GENESIS Studio\genesis-studio\packages\engines-py\.pdb_cache\2HYY,A
1270,ThermoMPNN,2HYY,0.4614443778991699,64,V,M,F:\GENESIS Studio\genesis-studio\packages\engines-py\.pdb_cache\2HYY,A
1271,ThermoMPNN,2HYY,1.973644733428955,64,V,N,F:\GENESIS Studio\genesis-studio\packages\engines-py\.pdb_cache\2HYY,A
1272,ThermoMPNN,2HYY,2.1203103065490723,64,V,P,F:\GENESIS Studio\genesis-studio\packages\engines-py\.pdb_cache\2HYY,A
1273,ThermoMPNN,2HYY,1.5338349342346191,64,V,Q,F:\GENESIS Studio\genesis-studio\packages\engines-py\.pdb_cache\2HYY,A
1274,ThermoMPNN,2HYY,1.6980834007263184,64,V,R,F:\GENESIS Studio\genesis-studio\packages\engines-py\.pdb_cache\2HYY,A
1275,ThermoMPNN,2HYY,1.6995137929916382,64,V,S,F:\GENESIS Studio\genesis-studio\packages\engines-py\.pdb_cache\2HYY,A
1276,ThermoMPNN,2HYY,1.3459482192993164,64,V,T,F:\GENESIS Studio\genesis-studio\packages\engines-py\.pdb_cache\2HYY,A
1277,ThermoMPNN,2HYY,0.0,64,V,V,F:\GENESIS Studio\genesis-studio\packages\engines-py\.pdb_cache\2HYY,A
1278,ThermoMPNN,2HYY,0.39702796936035156,64,V,W,F:\GENESIS Studio\genesis-studio\packages\engines-py\.pdb_cache\2HYY,A
1279,ThermoMPNN,2HYY,0.7002456188201904,64,V,Y,F:\GENESIS Studio\genesis-studio\packages\engines-py\.pdb_cache\2HYY,A
1280,ThermoMPNN,2HYY,0.4047117829322815,65,Q,A,F:\GENESIS Studio\genesis-studio\packages\engines-py\.pdb_cache\2HYY,A
1281,ThermoMPNN,2HYY,0.43898510932922363,65,Q,C,F:\GENESIS Studio\genesis-studio\packages\engines-py\.pdb_cache\2HYY,A
1282,ThermoMPNN,2HYY,0.7513052225112915,65,Q,D,F:\GENESIS Studio\genesis-studio\packages\engines-py\.pdb_cache\2HYY,A
1283,ThermoMPNN,2HYY,0.29327666759490967,65,Q,E,F:\GENESIS Studio\genesis-studio\packages\engines-py\.pdb_cache\2HYY,A
1284,ThermoMPNN,2HYY,0.7778269052505493,65,Q,F,F:\GENESIS Studio\genesis-studio\packages\engines-py\.pdb_cache\2HYY,A
1285,ThermoMPNN,2HYY,0.684695839881897,65,Q,G,F:\GENESIS Studio\genesis-studio\packages\engines-py\.pdb_cache\2HYY,A
1286,ThermoMPNN,2HYY,0.5092907547950745,65,Q,H,F:\GENESIS Studio\genesis-studio\packages\engines-py\.pdb_cache\2HYY,A
1287,ThermoMPNN,2HYY,0.7431302070617676,65,Q,I,F:\GENESIS Studio\genesis-studio\packages\engines-py\.pdb_cache\2HYY,A
1288,ThermoMPNN,2HYY,0.3671383261680603,65,Q,K,F:\GENESIS Studio\genesis-studio\packages\engines-py\.pdb_cache\2HYY,A
1289,ThermoMPNN,2HYY,0.6321362853050232,65,Q,L,F:\GENESIS Studio\genesis-studio\packages\engines-py\.pdb_cache\2HYY,A
1290,ThermoMPNN,2HYY,0.4429883360862732,65,Q,M,F:\GENESIS Studio\genesis-studio\packages\engines-py\.pdb_cache\2HYY,A
1291,ThermoMPNN,2HYY,0.6170177459716797,65,Q,N,F:\GENESIS Studio\genesis-studio\packages\engines-py\.pdb_cache\2HYY,A
1292,ThermoMPNN,2HYY,2.105527639389038,65,Q,P,F:\GENESIS Studio\genesis-studio\packages\engines-py\.pdb_cache\2HYY,A
1293,ThermoMPNN,2HYY,0.0,65,Q,Q,F:\GENESIS Studio\genesis-studio\packages\engines-py\.pdb_cache\2HYY,A
1294,ThermoMPNN,2HYY,0.5284020900726318,65,Q,R,F:\GENESIS Studio\genesis-studio\packages\engines-py\.pdb_cache\2HYY,A
1295,ThermoMPNN,2HYY,0.4955536723136902,65,Q,S,F:\GENESIS Studio\genesis-studio\packages\engines-py\.pdb_cache\2HYY,A
1296,ThermoMPNN,2HYY,0.41845226287841797,65,Q,T,F:\GENESIS Studio\genesis-studio\packages\engines-py\.pdb_cache\2HYY,A
1297,ThermoMPNN,2HYY,0.6719262003898621,65,Q,V,F:\GENESIS Studio\genesis-studio\packages\engines-py\.pdb_cache\2HYY,A
1298,ThermoMPNN,2HYY,0.8644224405288696,65,Q,W,F:\GENESIS Studio\genesis-studio\packages\engines-py\.pdb_cache\2HYY,A
1299,ThermoMPNN,2HYY,0.8433122634887695,65,Q,Y,F:\GENESIS Studio\genesis-studio\packages\engines-py\.pdb_cache\2HYY,A
1300,ThermoMPNN,2HYY,1.7444214820861816,66,L,A,F:\GENESIS Studio\genesis-studio\packages\engines-py\.pdb_cache\2HYY,A
1301,ThermoMPNN,2HYY,0.805171012878418,66,L,C,F:\GENESIS Studio\genesis-studio\packages\engines-py\.pdb_cache\2HYY,A
1302,ThermoMPNN,2HYY,2.3811817169189453,66,L,D,F:\GENESIS Studio\genesis-studio\packages\engines-py\.pdb_cache\2HYY,A
1303,ThermoMPNN,2HYY,2.2617547512054443,66,L,E,F:\GENESIS Studio\genesis-studio\packages\engines-py\.pdb_cache\2HYY,A
1304,ThermoMPNN,2HYY,0.3741621971130371,66,L,F,F:\GENESIS Studio\genesis-studio\packages\engines-py\.pdb_cache\2HYY,A
1305,ThermoMPNN,2HYY,2.164738178253174,66,L,G,F:\GENESIS Studio\genesis-studio\packages\engines-py\.pdb_cache\2HYY,A
1306,ThermoMPNN,2HYY,2.0936548709869385,66,L,H,F:\GENESIS Studio\genesis-studio\packages\engines-py\.pdb_cache\2HYY,A
1307,ThermoMPNN,2HYY,0.09777140617370605,66,L,I,F:\GENESIS Studio\genesis-studio\packages\engines-py\.pdb_cache\2HYY,A
1308,ThermoMPNN,2HYY,2.25691819190979,66,L,K,F:\GENESIS Studio\genesis-studio\packages\engines-py\.pdb_cache\2HYY,A
1309,ThermoMPNN,2HYY,0.0,66,L,L,F:\GENESIS Studio\genesis-studio\packages\engines-py\.pdb_cache\2HYY,A
1310,ThermoMPNN,2HYY,0.5751180648803711,66,L,M,F:\GENESIS Studio\genesis-studio\packages\engines-py\.pdb_cache\2HYY,A
1311,ThermoMPNN,2HYY,2.4313347339630127,66,L,N,F:\GENESIS Studio\genesis-studio\packages\engines-py\.pdb_cache\2HYY,A
1312,ThermoMPNN,2HYY,1.8004124164581299,66,L,P,F:\GENESIS Studio\genesis-studio\packages\engines-py\.pdb_cache\2HYY,A
1313,ThermoMPNN,2HYY,2.3067870140075684,66,L,Q,F:\GENESIS Studio\genesis-studio\packages\engines-py\.pdb_cache\2HYY,A
1314,ThermoMPNN,2HYY,2.292245388031006,66,L,R,F:\GENESIS Studio\genesis-studio\packages\engines-py\.pdb_cache\2HYY,A
1315,ThermoMPNN,2HYY,2.1025381088256836,66,L,S,F:\GENESIS Studio\genesis-studio\packages\engines-py\.pdb_cache\2HYY,A
1316,ThermoMPNN,2HYY,1.7957860231399536,66,L,T,F:\GENESIS Studio\genesis-studio\packages\engines-py\.pdb_cache\2HYY,A
1317,ThermoMPNN,2HYY,0.5943224430084229,66,L,V,F:\GENESIS Studio\genesis-studio\packages\engines-py\.pdb_cache\2HYY,A
1318,ThermoMPNN,2HYY,1.0915734767913818,66,L,W,F:\GENESIS Studio\genesis-studio\packages\engines-py\.pdb_cache\2HYY,A
1319,ThermoMPNN,2HYY,1.1822060346603394,66,L,Y,F:\GENESIS Studio\genesis-studio\packages\engines-py\.pdb_cache\2HYY,A
1320,ThermoMPNN,2HYY,2.0900228023529053,67,L,A,F:\GENESIS Studio\genesis-studio\packages\engines-py\.pdb_cache\2HYY,A
1321,ThermoMPNN,2HYY,0.902005672454834,67,L,C,F:\GENESIS Studio\genesis-studio\packages\engines-py\.pdb_cache\2HYY,A
1322,ThermoMPNN,2HYY,3.206542730331421,67,L,D,F:\GENESIS Studio\genesis-studio\packages\engines-py\.pdb_cache\2HYY,A
1323,ThermoMPNN,2HYY,2.828740119934082,67,L,E,F:\GENESIS Studio\genesis-studio\packages\engines-py\.pdb_cache\2HYY,A
1324,ThermoMPNN,2HYY,0.5387814044952393,67,L,F,F:\GENESIS Studio\genesis-studio\packages\engines-py\.pdb_cache\2HYY,A
1325,ThermoMPNN,2HYY,2.8809964656829834,67,L,G,F:\GENESIS Studio\genesis-studio\packages\engines-py\.pdb_cache\2HYY,A
1326,ThermoMPNN,2HYY,2.0320324897766113,67,L,H,F:\GENESIS Studio\genesis-studio\packages\engines-py\.pdb_cache\2HYY,A
1327,ThermoMPNN,2HYY,-0.014611244201660156,67,L,I,F:\GENESIS Studio\genesis-studio\packages\engines-py\.pdb_cache\2HYY,A
1328,ThermoMPNN,2HYY,2.170682907104492,67,L,K,F:\GENESIS Studio\genesis-studio\packages\engines-py\.pdb_cache\2HYY,A
1329,ThermoMPNN,2HYY,0.0,67,L,L,F:\GENESIS Studio\genesis-studio\packages\engines-py\.pdb_cache\2HYY,A
1330,ThermoMPNN,2HYY,0.49269556999206543,67,L,M,F:\GENESIS Studio\genesis-studio\packages\engines-py\.pdb_cache\2HYY,A
1331,ThermoMPNN,2HYY,2.6247332096099854,67,L,N,F:\GENESIS Studio\genesis-studio\packages\engines-py\.pdb_cache\2HYY,A
1332,ThermoMPNN,2HYY,2.732306718826294,67,L,P,F:\GENESIS Studio\genesis-studio\packages\engines-py\.pdb_cache\2HYY,A
1333,ThermoMPNN,2HYY,2.316772699356079,67,L,Q,F:\GENESIS Studio\genesis-studio\packages\engines-py\.pdb_cache\2HYY,A
1334,ThermoMPNN,2HYY,2.0847530364990234,67,L,R,F:\GENESIS Studio\genesis-studio\packages\engines-py\.pdb_cache\2HYY,A
1335,ThermoMPNN,2HYY,2.4521877765655518,67,L,S,F:\GENESIS Studio\genesis-studio\packages\engines-py\.pdb_cache\2HYY,A
1336,ThermoMPNN,2HYY,2.0399396419525146,67,L,T,F:\GENESIS Studio\genesis-studio\packages\engines-py\.pdb_cache\2HYY,A
1337,ThermoMPNN,2HYY,0.7141594886779785,67,L,V,F:\GENESIS Studio\genesis-studio\packages\engines-py\.pdb_cache\2HYY,A
1338,ThermoMPNN,2HYY,0.8795726299285889,67,L,W,F:\GENESIS Studio\genesis-studio\packages\engines-py\.pdb_cache\2HYY,A
1339,ThermoMPNN,2HYY,0.9798276424407959,67,L,Y,F:\GENESIS Studio\genesis-studio\packages\engines-py\.pdb_cache\2HYY,A
1340,ThermoMPNN,2HYY,0.6030656695365906,68,G,A,F:\GENESIS Studio\genesis-studio\packages\engines-py\.pdb_cache\2HYY,A
1341,ThermoMPNN,2HYY,0.5649055242538452,68,G,C,F:\GENESIS Studio\genesis-studio\packages\engines-py\.pdb_cache\2HYY,A
1342,ThermoMPNN,2HYY,2.093991279602051,68,G,D,F:\GENESIS Studio\genesis-studio\packages\engines-py\.pdb_cache\2HYY,A
1343,ThermoMPNN,2HYY,2.0877788066864014,68,G,E,F:\GENESIS Studio\genesis-studio\packages\engines-py\.pdb_cache\2HYY,A
1344,ThermoMPNN,2HYY,0.2661823034286499,68,G,F,F:\GENESIS Studio\genesis-studio\packages\engines-py\.pdb_cache\2HYY,A
1345,ThermoMPNN,2HYY,0.0,68,G,G,F:\GENESIS Studio\genesis-studio\packages\engines-py\.pdb_cache\2HYY,A
1346,ThermoMPNN,2HYY,1.2572096586227417,68,G,H,F:\GENESIS Studio\genesis-studio\packages\engines-py\.pdb_cache\2HYY,A
1347,ThermoMPNN,2HYY,0.885373055934906,68,G,I,F:\GENESIS Studio\genesis-studio\packages\engines-py\.pdb_cache\2HYY,A
1348,ThermoMPNN,2HYY,1.6365649700164795,68,G,K,F:\GENESIS Studio\genesis-studio\packages\engines-py\.pdb_cache\2HYY,A
1349,ThermoMPNN,2HYY,1.2303329706192017,68,G,L,F:\GENESIS Studio\genesis-studio\packages\engines-py\.pdb_cache\2HYY,A
1350,ThermoMPNN,2HYY,1.0639727115631104,68,G,M,F:\GENESIS Studio\genesis-studio\packages\engines-py\.pdb_cache\2HYY,A
1351,ThermoMPNN,2HYY,1.8592162132263184,68,G,N,F:\GENESIS Studio\genesis-studio\packages\engines-py\.pdb_cache\2HYY,A
1352,ThermoMPNN,2HYY,1.7238938808441162,68,G,P,F:\GENESIS Studio\genesis-studio\packages\engines-py\.pdb_cache\2HYY,A
1353,ThermoMPNN,2HYY,1.62396240234375,68,G,Q,F:\GENESIS Studio\genesis-studio\packages\engines-py\.pdb_cache\2HYY,A
1354,ThermoMPNN,2HYY,1.5087077617645264,68,G,R,F:\GENESIS Studio\genesis-studio\packages\engines-py\.pdb_cache\2HYY,A
1355,ThermoMPNN,2HYY,1.088336706161499,68,G,S,F:\GENESIS Studio\genesis-studio\packages\engines-py\.pdb_cache\2HYY,A
1356,ThermoMPNN,2HYY,1.201487421989441,68,G,T,F:\GENESIS Studio\genesis-studio\packages\engines-py\.pdb_cache\2HYY,A
1357,ThermoMPNN,2HYY,1.0419750213623047,68,G,V,F:\GENESIS Studio\genesis-studio\packages\engines-py\.pdb_cache\2HYY,A
1358,ThermoMPNN,2HYY,0.619091272354126,68,G,W,F:\GENESIS Studio\genesis-studio\packages\engines-py\.pdb_cache\2HYY,A
1359,ThermoMPNN,2HYY,0.4724084138870239,68,G,Y,F:\GENESIS Studio\genesis-studio\packages\engines-py\.pdb_cache\2HYY,A
1360,ThermoMPNN,2HYY,0.9604501128196716,69,V,A,F:\GENESIS Studio\genesis-studio\packages\engines-py\.pdb_cache\2HYY,A
1361,ThermoMPNN,2HYY,0.43997156620025635,69,V,C,F:\GENESIS Studio\genesis-studio\packages\engines-py\.pdb_cache\2HYY,A
1362,ThermoMPNN,2HYY,2.3794116973876953,69,V,D,F:\GENESIS Studio\genesis-studio\packages\engines-py\.pdb_cache\2HYY,A
1363,ThermoMPNN,2HYY,2.1089584827423096,69,V,E,F:\GENESIS Studio\genesis-studio\packages\engines-py\.pdb_cache\2HYY,A
1364,ThermoMPNN,2HYY,0.7006248235702515,69,V,F,F:\GENESIS Studio\genesis-studio\packages\engines-py\.pdb_cache\2HYY,A
1365,ThermoMPNN,2HYY,2.0227677822113037,69,V,G,F:\GENESIS Studio\genesis-studio\packages\engines-py\.pdb_cache\2HYY,A
1366,ThermoMPNN,2HYY,1.5155155658721924,69,V,H,F:\GENESIS Studio\genesis-studio\packages\engines-py\.pdb_cache\2HYY,A
1367,ThermoMPNN,2HYY,0.2083665132522583,69,V,I,F:\GENESIS Studio\genesis-studio\packages\engines-py\.pdb_cache\2HYY,A
1368,ThermoMPNN,2HYY,1.6442408561706543,69,V,K,F:\GENESIS Studio\genesis-studio\packages\engines-py\.pdb_cache\2HYY,A
1369,ThermoMPNN,2HYY,0.8498610258102417,69,V,L,F:\GENESIS Studio\genesis-studio\packages\engines-py\.pdb_cache\2HYY,A
1370,ThermoMPNN,2HYY,0.8817565441131592,69,V,M,F:\GENESIS Studio\genesis-studio\packages\engines-py\.pdb_cache\2HYY,A
1371,ThermoMPNN,2HYY,1.9874835014343262,69,V,N,F:\GENESIS Studio\genesis-studio\packages\engines-py\.pdb_cache\2HYY,A
1372,ThermoMPNN,2HYY,2.26460862159729,69,V,P,F:\GENESIS Studio\genesis-studio\packages\engines-py\.pdb_cache\2HYY,A
1373,ThermoMPNN,2HYY,1.6927118301391602,69,V,Q,F:\GENESIS Studio\genesis-studio\packages\engines-py\.pdb_cache\2HYY,A
1374,ThermoMPNN,2HYY,1.601137399673462,69,V,R,F:\GENESIS Studio\genesis-studio\packages\engines-py\.pdb_cache\2HYY,A
1375,ThermoMPNN,2HYY,1.5068427324295044,69,V,S,F:\GENESIS Studio\genesis-studio\packages\engines-py\.pdb_cache\2HYY,A
1376,ThermoMPNN,2HYY,1.0385241508483887,69,V,T,F:\GENESIS Studio\genesis-studio\packages\engines-py\.pdb_cache\2HYY,A
1377,ThermoMPNN,2HYY,0.0,69,V,V,F:\GENESIS Studio\genesis-studio\packages\engines-py\.pdb_cache\2HYY,A
1378,ThermoMPNN,2HYY,0.8225834369659424,69,V,W,F:\GENESIS Studio\genesis-studio\packages\engines-py\.pdb_cache\2HYY,A
1379,ThermoMPNN,2HYY,0.7027969360351562,69,V,Y,F:\GENESIS Studio\genesis-studio\packages\engines-py\.pdb_cache\2HYY,A
1380,ThermoMPNN,2HYY,0.5306313037872314,70,C,A,F:\GENESIS Studio\genesis-studio\packages\engines-py\.pdb_cache\2HYY,A
1381,ThermoMPNN,2HYY,0.0,70,C,C,F:\GENESIS Studio\genesis-studio\packages\engines-py\.pdb_cache\2HYY,A
1382,ThermoMPNN,2HYY,1.3162288665771484,70,C,D,F:\GENESIS Studio\genesis-studio\packages\engines-py\.pdb_cache\2HYY,A
1383,ThermoMPNN,2HYY,1.3644534349441528,70,C,E,F:\GENESIS Studio\genesis-studio\packages\engines-py\.pdb_cache\2HYY,A
1384,ThermoMPNN,2HYY,0.0649561882019043,70,C,F,F:\GENESIS Studio\genesis-studio\packages\engines-py\.pdb_cache\2HYY,A
1385,ThermoMPNN,2HYY,1.0537638664245605,70,C,G,F:\GENESIS Studio\genesis-studio\packages\engines-py\.pdb_cache\2HYY,A
1386,ThermoMPNN,2HYY,0.4177560806274414,70,C,H,F:\GENESIS Studio\genesis-studio\packages\engines-py\.pdb_cache\2HYY,A
1387,ThermoMPNN,2HYY,-0.000983595848083496,70,C,I,F:\GENESIS Studio\genesis-studio\packages\engines-py\.pdb_cache\2HYY,A
1388,ThermoMPNN,2HYY,0.9195406436920166,70,C,K,F:\GENESIS Studio\genesis-studio\packages\engines-py\.pdb_cache\2HYY,A
1389,ThermoMPNN,2HYY,0.17503714561462402,70,C,L,F:\GENESIS Studio\genesis-studio\packages\engines-py\.pdb_cache\2HYY,A
1390,ThermoMPNN,2HYY,0.20600789785385132,70,C,M,F:\GENESIS Studio\genesis-studio\packages\engines-py\.pdb_cache\2HYY,A
1391,ThermoMPNN,2HYY,0.6974186897277832,70,C,N,F:\GENESIS Studio\genesis-studio\packages\engines-py\.pdb_cache\2HYY,A
1392,ThermoMPNN,2HYY,1.6789374351501465,70,C,P,F:\GENESIS Studio\genesis-studio\packages\engines-py\.pdb_cache\2HYY,A
1393,ThermoMPNN,2HYY,0.8852590322494507,70,C,Q,F:\GENESIS Studio\genesis-studio\packages\engines-py\.pdb_cache\2HYY,A
1394,ThermoMPNN,2HYY,0.7724786996841431,70,C,R,F:\GENESIS Studio\genesis-studio\packages\engines-py\.pdb_cache\2HYY,A
1395,ThermoMPNN,2HYY,0.6997214555740356,70,C,S,F:\GENESIS Studio\genesis-studio\packages\engines-py\.pdb_cache\2HYY,A
1396,ThermoMPNN,2HYY,0.6183316707611084,70,C,T,F:\GENESIS Studio\genesis-studio\packages\engines-py\.pdb_cache\2HYY,A
1397,ThermoMPNN,2HYY,-0.08410096168518066,70,C,V,F:\GENESIS Studio\genesis-studio\packages\engines-py\.pdb_cache\2HYY,A
1398,ThermoMPNN,2HYY,0.14197182655334473,70,C,W,F:\GENESIS Studio\genesis-studio\packages\engines-py\.pdb_cache\2HYY,A
1399,ThermoMPNN,2HYY,0.10647284984588623,70,C,Y,F:\GENESIS Studio\genesis-studio\packages\engines-py\.pdb_cache\2HYY,A
1400,ThermoMPNN,2HYY,0.5167298316955566,71,T,A,F:\GENESIS Studio\genesis-studio\packages\engines-py\.pdb_cache\2HYY,A
1401,ThermoMPNN,2HYY,-0.2857173681259155,71,T,C,F:\GENESIS Studio\genesis-studio\packages\engines-py\.pdb_cache\2HYY,A
1402,ThermoMPNN,2HYY,1.3634135723114014,71,T,D,F:\GENESIS Studio\genesis-studio\packages\engines-py\.pdb_cache\2HYY,A
1403,ThermoMPNN,2HYY,1.3276820182800293,71,T,E,F:\GENESIS Studio\genesis-studio\packages\engines-py\.pdb_cache\2HYY,A
1404,ThermoMPNN,2HYY,0.07901966571807861,71,T,F,F:\GENESIS Studio\genesis-studio\packages\engines-py\.pdb_cache\2HYY,A
1405,ThermoMPNN,2HYY,1.0109422206878662,71,T,G,F:\GENESIS Studio\genesis-studio\packages\engines-py\.pdb_cache\2HYY,A
1406,ThermoMPNN,2HYY,0.7312170267105103,71,T,H,F:\GENESIS Studio\genesis-studio\packages\engines-py\.pdb_cache\2HYY,A
1407,ThermoMPNN,2HYY,-0.4990370273590088,71,T,I,F:\GENESIS Studio\genesis-studio\packages\engines-py\.pdb_cache\2HYY,A
1408,ThermoMPNN,2HYY,1.144077181816101,71,T,K,F:\GENESIS Studio\genesis-studio\packages\engines-py\.pdb_cache\2HYY,A
1409,ThermoMPNN,2HYY,-0.2298433780670166,71,T,L,F:\GENESIS Studio\genesis-studio\packages\engines-py\.pdb_cache\2HYY,A
1410,ThermoMPNN,2HYY,-0.05008053779602051,71,T,M,F:\GENESIS Studio\genesis-studio\packages\engines-py\.pdb_cache\2HYY,A
1411,ThermoMPNN,2HYY,1.0060992240905762,71,T,N,F:\GENESIS Studio\genesis-studio\packages\engines-py\.pdb_cache\2HYY,A
1412,ThermoMPNN,2HYY,1.19890296459198,71,T,P,F:\GENESIS Studio\genesis-studio\packages\engines-py\.pdb_cache\2HYY,A
1413,ThermoMPNN,2HYY,0.9415755867958069,71,T,Q,F:\GENESIS Studio\genesis-studio\packages\engines-py\.pdb_cache\2HYY,A
1414,ThermoMPNN,2HYY,1.203049659729004,71,T,R,F:\GENESIS Studio\genesis-studio\packages\engines-py\.pdb_cache\2HYY,A
1415,ThermoMPNN,2HYY,0.43443262577056885,71,T,S,F:\GENESIS Studio\genesis-studio\packages\engines-py\.pdb_cache\2HYY,A
1416,ThermoMPNN,2HYY,0.0,71,T,T,F:\GENESIS Studio\genesis-studio\packages\engines-py\.pdb_cache\2HYY,A
1417,ThermoMPNN,2HYY,-0.23747074604034424,71,T,V,F:\GENESIS Studio\genesis-studio\packages\engines-py\.pdb_cache\2HYY,A
1418,ThermoMPNN,2HYY,0.08029747009277344,71,T,W,F:\GENESIS Studio\genesis-studio\packages\engines-py\.pdb_cache\2HYY,A
1419,ThermoMPNN,2HYY,0.14015591144561768,71,T,Y,F:\GENESIS Studio\genesis-studio\packages\engines-py\.pdb_cache\2HYY,A
1420,ThermoMPNN,2HYY,0.26991909742355347,72,R,A,F:\GENESIS Studio\genesis-studio\packages\engines-py\.pdb_cache\2HYY,A
1421,ThermoMPNN,2HYY,0.21105259656906128,72,R,C,F:\GENESIS Studio\genesis-studio\packages\engines-py\.pdb_cache\2HYY,A
1422,ThermoMPNN,2HYY,0.5582964420318604,72,R,D,F:\GENESIS Studio\genesis-studio\packages\engines-py\.pdb_cache\2HYY,A
1423,ThermoMPNN,2HYY,0.5250548124313354,72,R,E,F:\GENESIS Studio\genesis-studio\packages\engines-py\.pdb_cache\2HYY,A
1424,ThermoMPNN,2HYY,0.4388333559036255,72,R,F,F:\GENESIS Studio\genesis-studio\packages\engines-py\.pdb_cache\2HYY,A
1425,ThermoMPNN,2HYY,0.6342835426330566,72,R,G,F:\GENESIS Studio\genesis-studio\packages\engines-py\.pdb_cache\2HYY,A
1426,ThermoMPNN,2HYY,0.2631429433822632,72,R,H,F:\GENESIS Studio\genesis-studio\packages\engines-py\.pdb_cache\2HYY,A
1427,ThermoMPNN,2HYY,0.19443893432617188,72,R,I,F:\GENESIS Studio\genesis-studio\packages\engines-py\.pdb_cache\2HYY,A
1428,ThermoMPNN,2HYY,0.10154259204864502,72,R,K,F:\GENESIS Studio\genesis-studio\packages\engines-py\.pdb_cache\2HYY,A
1429,ThermoMPNN,2HYY,0.2846452593803406,72,R,L,F:\GENESIS Studio\genesis-studio\packages\engines-py\.pdb_cache\2HYY,A
1430,ThermoMPNN,2HYY,0.3154981732368469,72,R,M,F:\GENESIS Studio\genesis-studio\packages\engines-py\.pdb_cache\2HYY,A
1431,ThermoMPNN,2HYY,0.2892434597015381,72,R,N,F:\GENESIS Studio\genesis-studio\packages\engines-py\.pdb_cache\2HYY,A
1432,ThermoMPNN,2HYY,1.3767421245574951,72,R,P,F:\GENESIS Studio\genesis-studio\packages\engines-py\.pdb_cache\2HYY,A
1433,ThermoMPNN,2HYY,0.2450200319290161,72,R,Q,F:\GENESIS Studio\genesis-studio\packages\engines-py\.pdb_cache\2HYY,A
1434,ThermoMPNN,2HYY,0.0,72,R,R,F:\GENESIS Studio\genesis-studio\packages\engines-py\.pdb_cache\2HYY,A
1435,ThermoMPNN,2HYY,0.19242429733276367,72,R,S,F:\GENESIS Studio\genesis-studio\packages\engines-py\.pdb_cache\2HYY,A
1436,ThermoMPNN,2HYY,0.1162729263305664,72,R,T,F:\GENESIS Studio\genesis-studio\packages\engines-py\.pdb_cache\2HYY,A
1437,ThermoMPNN,2HYY,0.26003432273864746,72,R,V,F:\GENESIS Studio\genesis-studio\packages\engines-py\.pdb_cache\2HYY,A
1438,ThermoMPNN,2HYY,0.5219250321388245,72,R,W,F:\GENESIS Studio\genesis-studio\packages\engines-py\.pdb_cache\2HYY,A
1439,ThermoMPNN,2HYY,0.3965666890144348,72,R,Y,F:\GENESIS Studio\genesis-studio\packages\engines-py\.pdb_cache\2HYY,A
1440,ThermoMPNN,2HYY,0.5802908539772034,73,E,A,F:\GENESIS Studio\genesis-studio\packages\engines-py\.pdb_cache\2HYY,A
1441,ThermoMPNN,2HYY,0.06854856014251709,73,E,C,F:\GENESIS Studio\genesis-studio\packages\engines-py\.pdb_cache\2HYY,A
1442,ThermoMPNN,2HYY,0.15068840980529785,73,E,D,F:\GENESIS Studio\genesis-studio\packages\engines-py\.pdb_cache\2HYY,A
1443,ThermoMPNN,2HYY,0.0,73,E,E,F:\GENESIS Studio\genesis-studio\packages\engines-py\.pdb_cache\2HYY,A
1444,ThermoMPNN,2HYY,0.3195382356643677,73,E,F,F:\GENESIS Studio\genesis-studio\packages\engines-py\.pdb_cache\2HYY,A
1445,ThermoMPNN,2HYY,0.7638582587242126,73,E,G,F:\GENESIS Studio\genesis-studio\packages\engines-py\.pdb_cache\2HYY,A
1446,ThermoMPNN,2HYY,0.44681620597839355,73,E,H,F:\GENESIS Studio\genesis-studio\packages\engines-py\.pdb_cache\2HYY,A
1447,ThermoMPNN,2HYY,0.38510018587112427,73,E,I,F:\GENESIS Studio\genesis-studio\packages\engines-py\.pdb_cache\2HYY,A
1448,ThermoMPNN,2HYY,0.6413872241973877,73,E,K,F:\GENESIS Studio\genesis-studio\packages\engines-py\.pdb_cache\2HYY,A
1449,ThermoMPNN,2HYY,0.4168640375137329,73,E,L,F:\GENESIS Studio\genesis-studio\packages\engines-py\.pdb_cache\2HYY,A
1450,ThermoMPNN,2HYY,0.5254902243614197,73,E,M,F:\GENESIS Studio\genesis-studio\packages\engines-py\.pdb_cache\2HYY,A
1451,ThermoMPNN,2HYY,0.3959497809410095,73,E,N,F:\GENESIS Studio\genesis-studio\packages\engines-py\.pdb_cache\2HYY,A
1452,ThermoMPNN,2HYY,1.2464615106582642,73,E,P,F:\GENESIS Studio\genesis-studio\packages\engines-py\.pdb_cache\2HYY,A
1453,ThermoMPNN,2HYY,0.48574715852737427,73,E,Q,F:\GENESIS Studio\genesis-studio\packages\engines-py\.pdb_cache\2HYY,A
1454,ThermoMPNN,2HYY,0.7056401968002319,73,E,R,F:\GENESIS Studio\genesis-studio\packages\engines-py\.pdb_cache\2HYY,A
1455,ThermoMPNN,2HYY,0.3419092893600464,73,E,S,F:\GENESIS Studio\genesis-studio\packages\engines-py\.pdb_cache\2HYY,A
1456,ThermoMPNN,2HYY,0.05106401443481445,73,E,T,F:\GENESIS Studio\genesis-studio\packages\engines-py\.pdb_cache\2HYY,A
1457,ThermoMPNN,2HYY,0.376900315284729,73,E,V,F:\GENESIS Studio\genesis-studio\packages\engines-py\.pdb_cache\2HYY,A
1458,ThermoMPNN,2HYY,0.4600324034690857,73,E,W,F:\GENESIS Studio\genesis-studio\packages\engines-py\.pdb_cache\2HYY,A
1459,ThermoMPNN,2HYY,0.34996747970581055,73,E,Y,F:\GENESIS Studio\genesis-studio\packages\engines-py\.pdb_cache\2HYY,A
1460,ThermoMPNN,2HYY,1.0777204036712646,74,P,A,F:\GENESIS Studio\genesis-studio\packages\engines-py\.pdb_cache\2HYY,A
1461,ThermoMPNN,2HYY,0.8144739866256714,74,P,C,F:\GENESIS Studio\genesis-studio\packages\engines-py\.pdb_cache\2HYY,A
1462,ThermoMPNN,2HYY,1.9078569412231445,74,P,D,F:\GENESIS Studio\genesis-studio\packages\engines-py\.pdb_cache\2HYY,A
1463,ThermoMPNN,2HYY,1.695173740386963,74,P,E,F:\GENESIS Studio\genesis-studio\packages\engines-py\.pdb_cache\2HYY,A
1464,ThermoMPNN,2HYY,1.2439661026000977,74,P,F,F:\GENESIS Studio\genesis-studio\packages\engines-py\.pdb_cache\2HYY,A
1465,ThermoMPNN,2HYY,1.54945969581604,74,P,G,F:\GENESIS Studio\genesis-studio\packages\engines-py\.pdb_cache\2HYY,A
1466,ThermoMPNN,2HYY,1.0591869354248047,74,P,H,F:\GENESIS Studio\genesis-studio\packages\engines-py\.pdb_cache\2HYY,A
1467,ThermoMPNN,2HYY,1.1218228340148926,74,P,I,F:\GENESIS Studio\genesis-studio\packages\engines-py\.pdb_cache\2HYY,A
1468,ThermoMPNN,2HYY,0.497890830039978,74,P,K,F:\GENESIS Studio\genesis-studio\packages\engines-py\.pdb_cache\2HYY,A
1469,ThermoMPNN,2HYY,1.1548482179641724,74,P,L,F:\GENESIS Studio\genesis-studio\packages\engines-py\.pdb_cache\2HYY,A
1470,ThermoMPNN,2HYY,0.9926698803901672,74,P,M,F:\GENESIS Studio\genesis-studio\packages\engines-py\.pdb_cache\2HYY,A
1471,ThermoMPNN,2HYY,1.3926584720611572,74,P,N,F:\GENESIS Studio\genesis-studio\packages\engines-py\.pdb_cache\2HYY,A
1472,ThermoMPNN,2HYY,0.0,74,P,P,F:\GENESIS Studio\genesis-studio\packages\engines-py\.pdb_cache\2HYY,A
1473,ThermoMPNN,2HYY,1.0551657676696777,74,P,Q,F:\GENESIS Studio\genesis-studio\packages\engines-py\.pdb_cache\2HYY,A
1474,ThermoMPNN,2HYY,0.47809898853302,74,P,R,F:\GENESIS Studio\genesis-studio\packages\engines-py\.pdb_cache\2HYY,A
1475,ThermoMPNN,2HYY,1.176021933555603,74,P,S,F:\GENESIS Studio\genesis-studio\packages\engines-py\.pdb_cache\2HYY,A
1476,ThermoMPNN,2HYY,1.404464602470398,74,P,T,F:\GENESIS Studio\genesis-studio\packages\engines-py\.pdb_cache\2HYY,A
1477,ThermoMPNN,2HYY,1.1981562376022339,74,P,V,F:\GENESIS Studio\genesis-studio\packages\engines-py\.pdb_cache\2HYY,A
1478,ThermoMPNN,2HYY,1.2704821825027466,74,P,W,F:\GENESIS Studio\genesis-studio\packages\engines-py\.pdb_cache\2HYY,A
1479,ThermoMPNN,2HYY,1.1109542846679688,74,P,Y,F:\GENESIS Studio\genesis-studio\packages\engines-py\.pdb_cache\2HYY,A
1480,ThermoMPNN,2HYY,1.2236692905426025,75,P,A,F:\GENESIS Studio\genesis-studio\packages\engines-py\.pdb_cache\2HYY,A
1481,ThermoMPNN,2HYY,0.8994065523147583,75,P,C,F:\GENESIS Studio\genesis-studio\packages\engines-py\.pdb_cache\2HYY,A
1482,ThermoMPNN,2HYY,1.5382039546966553,75,P,D,F:\GENESIS Studio\genesis-studio\packages\engines-py\.pdb_cache\2HYY,A
1483,ThermoMPNN,2HYY,1.3861913681030273,75,P,E,F:\GENESIS Studio\genesis-studio\packages\engines-py\.pdb_cache\2HYY,A
1484,ThermoMPNN,2HYY,1.4226787090301514,75,P,F,F:\GENESIS Studio\genesis-studio\packages\engines-py\.pdb_cache\2HYY,A
1485,ThermoMPNN,2HYY,1.549609899520874,75,P,G,F:\GENESIS Studio\genesis-studio\packages\engines-py\.pdb_cache\2HYY,A
1486,ThermoMPNN,2HYY,1.3331482410430908,75,P,H,F:\GENESIS Studio\genesis-studio\packages\engines-py\.pdb_cache\2HYY,A
1487,ThermoMPNN,2HYY,1.3598871231079102,75,P,I,F:\GENESIS Studio\genesis-studio\packages\engines-py\.pdb_cache\2HYY,A
1488,ThermoMPNN,2HYY,1.2229440212249756,75,P,K,F:\GENESIS Studio\genesis-studio\packages\engines-py\.pdb_cache\2HYY,A
1489,ThermoMPNN,2HYY,1.3008488416671753,75,P,L,F:\GENESIS Studio\genesis-studio\packages\engines-py\.pdb_cache\2HYY,A
1490,ThermoMPNN,2HYY,1.1938198804855347,75,P,M,F:\GENESIS Studio\genesis-studio\packages\engines-py\.pdb_cache\2HYY,A
1491,ThermoMPNN,2HYY,1.3835246562957764,75,P,N,F:\GENESIS Studio\genesis-studio\packages\engines-py\.pdb_cache\2HYY,A
1492,ThermoMPNN,2HYY,0.0,75,P,P,F:\GENESIS Studio\genesis-studio\packages\engines-py\.pdb_cache\2HYY,A
1493,ThermoMPNN,2HYY,1.2497122287750244,75,P,Q,F:\GENESIS Studio\genesis-studio\packages\engines-py\.pdb_cache\2HYY,A
1494,ThermoMPNN,2HYY,1.273285150527954,75,P,R,F:\GENESIS Studio\genesis-studio\packages\engines-py\.pdb_cache\2HYY,A
1495,ThermoMPNN,2HYY,1.1543015241622925,75,P,S,F:\GENESIS Studio\genesis-studio\packages\engines-py\.pdb_cache\2HYY,A
1496,ThermoMPNN,2HYY,1.2536534070968628,75,P,T,F:\GENESIS Studio\genesis-studio\packages\engines-py\.pdb_cache\2HYY,A
1497,ThermoMPNN,2HYY,1.3908705711364746,75,P,V,F:\GENESIS Studio\genesis-studio\packages\engines-py\.pdb_cache\2HYY,A
1498,ThermoMPNN,2HYY,1.2838730812072754,75,P,W,F:\GENESIS Studio\genesis-studio\packages\engines-py\.pdb_cache\2HYY,A
1499,ThermoMPNN,2HYY,1.2466955184936523,75,P,Y,F:\GENESIS Studio\genesis-studio\packages\engines-py\.pdb_cache\2HYY,A
1500,ThermoMPNN,2HYY,1.3852254152297974,76,F,A,F:\GENESIS Studio\genesis-studio\packages\engines-py\.pdb_cache\2HYY,A
1501,ThermoMPNN,2HYY,0.5059694051742554,76,F,C,F:\GENESIS Studio\genesis-studio\packages\engines-py\.pdb_cache\2HYY,A
1502,ThermoMPNN,2HYY,1.9145638942718506,76,F,D,F:\GENESIS Studio\genesis-studio\packages\engines-py\.pdb_cache\2HYY,A
1503,ThermoMPNN,2HYY,1.8447585105895996,76,F,E,F:\GENESIS Studio\genesis-studio\packages\engines-py\.pdb_cache\2HYY,A
1504,ThermoMPNN,2HYY,0.0,76,F,F,F:\GENESIS Studio\genesis-studio\packages\engines-py\.pdb_cache\2HYY,A
1505,ThermoMPNN,2HYY,1.6594126224517822,76,F,G,F:\GENESIS Studio\genesis-studio\packages\engines-py\.pdb_cache\2HYY,A
1506,ThermoMPNN,2HYY,0.84288489818573,76,F,H,F:\GENESIS Studio\genesis-studio\packages\engines-py\.pdb_cache\2HYY,A
1507,ThermoMPNN,2HYY,0.5312565565109253,76,F,I,F:\GENESIS Studio\genesis-studio\packages\engines-py\.pdb_cache\2HYY,A
1508,ThermoMPNN,2HYY,1.1456959247589111,76,F,K,F:\GENESIS Studio\genesis-studio\packages\engines-py\.pdb_cache\2HYY,A
1509,ThermoMPNN,2HYY,0.06277060508728027,76,F,L,F:\GENESIS Studio\genesis-studio\packages\engines-py\.pdb_cache\2HYY,A
1510,ThermoMPNN,2HYY,0.575130820274353,76,F,M,F:\GENESIS Studio\genesis-studio\packages\engines-py\.pdb_cache\2HYY,A
1511,ThermoMPNN,2HYY,1.4791691303253174,76,F,N,F:\GENESIS Studio\genesis-studio\packages\engines-py\.pdb_cache\2HYY,A
1512,ThermoMPNN,2HYY,1.323258638381958,76,F,P,F:\GENESIS Studio\genesis-studio\packages\engines-py\.pdb_cache\2HYY,A
1513,ThermoMPNN,2HYY,1.5270881652832031,76,F,Q,F:\GENESIS Studio\genesis-studio\packages\engines-py\.pdb_cache\2HYY,A
1514,ThermoMPNN,2HYY,1.034674882888794,76,F,R,F:\GENESIS Studio\genesis-studio\packages\engines-py\.pdb_cache\2HYY,A
1515,ThermoMPNN,2HYY,1.696357011795044,76,F,S,F:\GENESIS Studio\genesis-studio\packages\engines-py\.pdb_cache\2HYY,A
1516,ThermoMPNN,2HYY,1.43161940574646,76,F,T,F:\GENESIS Studio\genesis-studio\packages\engines-py\.pdb_cache\2HYY,A
1517,ThermoMPNN,2HYY,0.996147871017456,76,F,V,F:\GENESIS Studio\genesis-studio\packages\engines-py\.pdb_cache\2HYY,A
1518,ThermoMPNN,2HYY,-0.18692398071289062,76,F,W,F:\GENESIS Studio\genesis-studio\packages\engines-py\.pdb_cache\2HYY,A
1519,ThermoMPNN,2HYY,-0.41557788848876953,76,F,Y,F:\GENESIS Studio\genesis-studio\packages\engines-py\.pdb_cache\2HYY,A
1520,ThermoMPNN,2HYY,1.0603852272033691,77,Y,A,F:\GENESIS Studio\genesis-studio\packages\engines-py\.pdb_cache\2HYY,A
1521,ThermoMPNN,2HYY,0.45935606956481934,77,Y,C,F:\GENESIS Studio\genesis-studio\packages\engines-py\.pdb_cache\2HYY,A
1522,ThermoMPNN,2HYY,2.7179017066955566,77,Y,D,F:\GENESIS Studio\genesis-studio\packages\engines-py\.pdb_cache\2HYY,A
1523,ThermoMPNN,2HYY,2.3779845237731934,77,Y,E,F:\GENESIS Studio\genesis-studio\packages\engines-py\.pdb_cache\2HYY,A
1524,ThermoMPNN,2HYY,0.1281452178955078,77,Y,F,F:\GENESIS Studio\genesis-studio\packages\engines-py\.pdb_cache\2HYY,A
1525,ThermoMPNN,2HYY,2.1074483394622803,77,Y,G,F:\GENESIS Studio\genesis-studio\packages\engines-py\.pdb_cache\2HYY,A
1526,ThermoMPNN,2HYY,1.5572705268859863,77,Y,H,F:\GENESIS Studio\genesis-studio\packages\engines-py\.pdb_cache\2HYY,A
1527,ThermoMPNN,2HYY,0.3918609619140625,77,Y,I,F:\GENESIS Studio\genesis-studio\packages\engines-py\.pdb_cache\2HYY,A
1528,ThermoMPNN,2HYY,2.2925219535827637,77,Y,K,F:\GENESIS Studio\genesis-studio\packages\engines-py\.pdb_cache\2HYY,A
1529,ThermoMPNN,2HYY,0.12940120697021484,77,Y,L,F:\GENESIS Studio\genesis-studio\packages\engines-py\.pdb_cache\2HYY,A
1530,ThermoMPNN,2HYY,0.44641733169555664,77,Y,M,F:\GENESIS Studio\genesis-studio\packages\engines-py\.pdb_cache\2HYY,A
1531,ThermoMPNN,2HYY,2.280616044998169,77,Y,N,F:\GENESIS Studio\genesis-studio\packages\engines-py\.pdb_cache\2HYY,A
1532,ThermoMPNN,2HYY,2.641141891479492,77,Y,P,F:\GENESIS Studio\genesis-studio\packages\engines-py\.pdb_cache\2HYY,A
1533,ThermoMPNN,2HYY,2.105241298675537,77,Y,Q,F:\GENESIS Studio\genesis-studio\packages\engines-py\.pdb_cache\2HYY,A
1534,ThermoMPNN,2HYY,2.1731162071228027,77,Y,R,F:\GENESIS Studio\genesis-studio\packages\engines-py\.pdb_cache\2HYY,A
1535,ThermoMPNN,2HYY,1.6042077541351318,77,Y,S,F:\GENESIS Studio\genesis-studio\packages\engines-py\.pdb_cache\2HYY,A
1536,ThermoMPNN,2HYY,1.180919885635376,77,Y,T,F:\GENESIS Studio\genesis-studio\packages\engines-py\.pdb_cache\2HYY,A
1537,ThermoMPNN,2HYY,0.7405891418457031,77,Y,V,F:\GENESIS Studio\genesis-studio\packages\engines-py\.pdb_cache\2HYY,A
1538,ThermoMPNN,2HYY,0.5155025720596313,77,Y,W,F:\GENESIS Studio\genesis-studio\packages\engines-py\.pdb_cache\2HYY,A
1539,ThermoMPNN,2HYY,0.0,77,Y,Y,F:\GENESIS Studio\genesis-studio\packages\engines-py\.pdb_cache\2HYY,A
1540,ThermoMPNN,2HYY,2.2677769660949707,78,I,A,F:\GENESIS Studio\genesis-studio\packages\engines-py\.pdb_cache\2HYY,A
1541,ThermoMPNN,2HYY,1.5101608037948608,78,I,C,F:\GENESIS Studio\genesis-studio\packages\engines-py\.pdb_cache\2HYY,A
1542,ThermoMPNN,2HYY,3.355024814605713,78,I,D,F:\GENESIS Studio\genesis-studio\packages\engines-py\.pdb_cache\2HYY,A
1543,ThermoMPNN,2HYY,2.8573405742645264,78,I,E,F:\GENESIS Studio\genesis-studio\packages\engines-py\.pdb_cache\2HYY,A
1544,ThermoMPNN,2HYY,1.3005181550979614,78,I,F,F:\GENESIS Studio\genesis-studio\packages\engines-py\.pdb_cache\2HYY,A
1545,ThermoMPNN,2HYY,3.0611636638641357,78,I,G,F:\GENESIS Studio\genesis-studio\packages\engines-py\.pdb_cache\2HYY,A
1546,ThermoMPNN,2HYY,2.4746944904327393,78,I,H,F:\GENESIS Studio\genesis-studio\packages\engines-py\.pdb_cache\2HYY,A
1547,ThermoMPNN,2HYY,0.0,78,I,I,F:\GENESIS Studio\genesis-studio\packages\engines-py\.pdb_cache\2HYY,A
1548,ThermoMPNN,2HYY,2.4523401260375977,78,I,K,F:\GENESIS Studio\genesis-studio\packages\engines-py\.pdb_cache\2HYY,A
1549,ThermoMPNN,2HYY,0.848881721496582,78,I,L,F:\GENESIS Studio\genesis-studio\packages\engines-py\.pdb_cache\2HYY,A
1550,ThermoMPNN,2HYY,1.278204321861267,78,I,M,F:\GENESIS Studio\genesis-studio\packages\engines-py\.pdb_cache\2HYY,A
1551,ThermoMPNN,2HYY,3.0659661293029785,78,I,N,F:\GENESIS Studio\genesis-studio\packages\engines-py\.pdb_cache\2HYY,A
1552,ThermoMPNN,2HYY,2.8846945762634277,78,I,P,F:\GENESIS Studio\genesis-studio\packages\engines-py\.pdb_cache\2HYY,A
1553,ThermoMPNN,2HYY,2.5908353328704834,78,I,Q,F:\GENESIS Studio\genesis-studio\packages\engines-py\.pdb_cache\2HYY,A
1554,ThermoMPNN,2HYY,2.4299843311309814,78,I,R,F:\GENESIS Studio\genesis-studio\packages\engines-py\.pdb_cache\2HYY,A
1555,ThermoMPNN,2HYY,2.6739673614501953,78,I,S,F:\GENESIS Studio\genesis-studio\packages\engines-py\.pdb_cache\2HYY,A
1556,ThermoMPNN,2HYY,2.0813891887664795,78,I,T,F:\GENESIS Studio\genesis-studio\packages\engines-py\.pdb_cache\2HYY,A
1557,ThermoMPNN,2HYY,0.8163676261901855,78,I,V,F:\GENESIS Studio\genesis-studio\packages\engines-py\.pdb_cache\2HYY,A
1558,ThermoMPNN,2HYY,1.5688717365264893,78,I,W,F:\GENESIS Studio\genesis-studio\packages\engines-py\.pdb_cache\2HYY,A
1559,ThermoMPNN,2HYY,1.579723596572876,78,I,Y,F:\GENESIS Studio\genesis-studio\packages\engines-py\.pdb_cache\2HYY,A
1560,ThermoMPNN,2HYY,2.0363028049468994,79,I,A,F:\GENESIS Studio\genesis-studio\packages\engines-py\.pdb_cache\2HYY,A
1561,ThermoMPNN,2HYY,1.1867551803588867,79,I,C,F:\GENESIS Studio\genesis-studio\packages\engines-py\.pdb_cache\2HYY,A
1562,ThermoMPNN,2HYY,3.6161201000213623,79,I,D,F:\GENESIS Studio\genesis-studio\packages\engines-py\.pdb_cache\2HYY,A
1563,ThermoMPNN,2HYY,3.4045047760009766,79,I,E,F:\GENESIS Studio\genesis-studio\packages\engines-py\.pdb_cache\2HYY,A
1564,ThermoMPNN,2HYY,1.6106581687927246,79,I,F,F:\GENESIS Studio\genesis-studio\packages\engines-py\.pdb_cache\2HYY,A
1565,ThermoMPNN,2HYY,3.0353472232818604,79,I,G,F:\GENESIS Studio\genesis-studio\packages\engines-py\.pdb_cache\2HYY,A
1566,ThermoMPNN,2HYY,3.0571377277374268,79,I,H,F:\GENESIS Studio\genesis-studio\packages\engines-py\.pdb_cache\2HYY,A
1567,ThermoMPNN,2HYY,0.0,79,I,I,F:\GENESIS Studio\genesis-studio\packages\engines-py\.pdb_cache\2HYY,A
1568,ThermoMPNN,2HYY,3.150066375732422,79,I,K,F:\GENESIS Studio\genesis-studio\packages\engines-py\.pdb_cache\2HYY,A
1569,ThermoMPNN,2HYY,0.6046533584594727,79,I,L,F:\GENESIS Studio\genesis-studio\packages\engines-py\.pdb_cache\2HYY,A
1570,ThermoMPNN,2HYY,1.3305230140686035,79,I,M,F:\GENESIS Studio\genesis-studio\packages\engines-py\.pdb_cache\2HYY,A
1571,ThermoMPNN,2HYY,3.356915235519409,79,I,N,F:\GENESIS Studio\genesis-studio\packages\engines-py\.pdb_cache\2HYY,A
1572,ThermoMPNN,2HYY,3.5869815349578857,79,I,P,F:\GENESIS Studio\genesis-studio\packages\engines-py\.pdb_cache\2HYY,A
1573,ThermoMPNN,2HYY,3.246675968170166,79,I,Q,F:\GENESIS Studio\genesis-studio\packages\engines-py\.pdb_cache\2HYY,A
1574,ThermoMPNN,2HYY,3.1228013038635254,79,I,R,F:\GENESIS Studio\genesis-studio\packages\engines-py\.pdb_cache\2HYY,A
1575,ThermoMPNN,2HYY,3.0933563709259033,79,I,S,F:\GENESIS Studio\genesis-studio\packages\engines-py\.pdb_cache\2HYY,A
1576,ThermoMPNN,2HYY,2.384119987487793,79,I,T,F:\GENESIS Studio\genesis-studio\packages\engines-py\.pdb_cache\2HYY,A
1577,ThermoMPNN,2HYY,0.1963481903076172,79,I,V,F:\GENESIS Studio\genesis-studio\packages\engines-py\.pdb_cache\2HYY,A
1578,ThermoMPNN,2HYY,2.0727713108062744,79,I,W,F:\GENESIS Studio\genesis-studio\packages\engines-py\.pdb_cache\2HYY,A
1579,ThermoMPNN,2HYY,2.0510454177856445,79,I,Y,F:\GENESIS Studio\genesis-studio\packages\engines-py\.pdb_cache\2HYY,A
1580,ThermoMPNN,2HYY,1.1639753580093384,80,T,A,F:\GENESIS Studio\genesis-studio\packages\engines-py\.pdb_cache\2HYY,A
1581,ThermoMPNN,2HYY,0.02070331573486328,80,T,C,F:\GENESIS Studio\genesis-studio\packages\engines-py\.pdb_cache\2HYY,A
1582,ThermoMPNN,2HYY,2.4340386390686035,80,T,D,F:\GENESIS Studio\genesis-studio\packages\engines-py\.pdb_cache\2HYY,A
1583,ThermoMPNN,2HYY,1.5729202032089233,80,T,E,F:\GENESIS Studio\genesis-studio\packages\engines-py\.pdb_cache\2HYY,A
1584,ThermoMPNN,2HYY,0.27489566802978516,80,T,F,F:\GENESIS Studio\genesis-studio\packages\engines-py\.pdb_cache\2HYY,A
1585,ThermoMPNN,2HYY,2.201709032058716,80,T,G,F:\GENESIS Studio\genesis-studio\packages\engines-py\.pdb_cache\2HYY,A
1586,ThermoMPNN,2HYY,0.8812341690063477,80,T,H,F:\GENESIS Studio\genesis-studio\packages\engines-py\.pdb_cache\2HYY,A
1587,ThermoMPNN,2HYY,0.029154181480407715,80,T,I,F:\GENESIS Studio\genesis-studio\packages\engines-py\.pdb_cache\2HYY,A
1588,ThermoMPNN,2HYY,1.0480220317840576,80,T,K,F:\GENESIS Studio\genesis-studio\packages\engines-py\.pdb_cache\2HYY,A
1589,ThermoMPNN,2HYY,0.02333688735961914,80,T,L,F:\GENESIS Studio\genesis-studio\packages\engines-py\.pdb_cache\2HYY,A
1590,ThermoMPNN,2HYY,0.18676400184631348,80,T,M,F:\GENESIS Studio\genesis-studio\packages\engines-py\.pdb_cache\2HYY,A
1591,ThermoMPNN,2HYY,1.3923654556274414,80,T,N,F:\GENESIS Studio\genesis-studio\packages\engines-py\.pdb_cache\2HYY,A
1592,ThermoMPNN,2HYY,2.334658145904541,80,T,P,F:\GENESIS Studio\genesis-studio\packages\engines-py\.pdb_cache\2HYY,A
1593,ThermoMPNN,2HYY,1.098954200744629,80,T,Q,F:\GENESIS Studio\genesis-studio\packages\engines-py\.pdb_cache\2HYY,A
1594,ThermoMPNN,2HYY,0.8328912258148193,80,T,R,F:\GENESIS Studio\genesis-studio\packages\engines-py\.pdb_cache\2HYY,A
1595,ThermoMPNN,2HYY,1.0077918767929077,80,T,S,F:\GENESIS Studio\genesis-studio\packages\engines-py\.pdb_cache\2HYY,A
1596,ThermoMPNN,2HYY,0.0,80,T,T,F:\GENESIS Studio\genesis-studio\packages\engines-py\.pdb_cache\2HYY,A
1597,ThermoMPNN,2HYY,-0.007082462310791016,80,T,V,F:\GENESIS Studio\genesis-studio\packages\engines-py\.pdb_cache\2HYY,A
1598,ThermoMPNN,2HYY,0.060076236724853516,80,T,W,F:\GENESIS Studio\genesis-studio\packages\engines-py\.pdb_cache\2HYY,A
1599,ThermoMPNN,2HYY,0.0024356842041015625,80,T,Y,F:\GENESIS Studio\genesis-studio\packages\engines-py\.pdb_cache\2HYY,A
1600,ThermoMPNN,2HYY,1.4604169130325317,81,E,A,F:\GENESIS Studio\genesis-studio\packages\engines-py\.pdb_cache\2HYY,A
1601,ThermoMPNN,2HYY,0.9211254119873047,81,E,C,F:\GENESIS Studio\genesis-studio\packages\engines-py\.pdb_cache\2HYY,A
1602,ThermoMPNN,2HYY,0.6728980541229248,81,E,D,F:\GENESIS Studio\genesis-studio\packages\engines-py\.pdb_cache\2HYY,A
1603,ThermoMPNN,2HYY,0.0,81,E,E,F:\GENESIS Studio\genesis-studio\packages\engines-py\.pdb_cache\2HYY,A
1604,ThermoMPNN,2HYY,1.6913433074951172,81,E,F,F:\GENESIS Studio\genesis-studio\packages\engines-py\.pdb_cache\2HYY,A
1605,ThermoMPNN,2HYY,2.049046516418457,81,E,G,F:\GENESIS Studio\genesis-studio\packages\engines-py\.pdb_cache\2HYY,A
1606,ThermoMPNN,2HYY,1.6275067329406738,81,E,H,F:\GENESIS Studio\genesis-studio\packages\engines-py\.pdb_cache\2HYY,A
1607,ThermoMPNN,2HYY,1.5200040340423584,81,E,I,F:\GENESIS Studio\genesis-studio\packages\engines-py\.pdb_cache\2HYY,A
1608,ThermoMPNN,2HYY,2.2623207569122314,81,E,K,F:\GENESIS Studio\genesis-studio\packages\engines-py\.pdb_cache\2HYY,A
1609,ThermoMPNN,2HYY,1.4287439584732056,81,E,L,F:\GENESIS Studio\genesis-studio\packages\engines-py\.pdb_cache\2HYY,A
1610,ThermoMPNN,2HYY,1.2796043157577515,81,E,M,F:\GENESIS Studio\genesis-studio\packages\engines-py\.pdb_cache\2HYY,A
1611,ThermoMPNN,2HYY,1.6490286588668823,81,E,N,F:\GENESIS Studio\genesis-studio\packages\engines-py\.pdb_cache\2HYY,A
1612,ThermoMPNN,2HYY,1.9421696662902832,81,E,P,F:\GENESIS Studio\genesis-studio\packages\engines-py\.pdb_cache\2HYY,A
1613,ThermoMPNN,2HYY,1.0241737365722656,81,E,Q,F:\GENESIS Studio\genesis-studio\packages\engines-py\.pdb_cache\2HYY,A
1614,ThermoMPNN,2HYY,2.3792295455932617,81,E,R,F:\GENESIS Studio\genesis-studio\packages\engines-py\.pdb_cache\2HYY,A
1615,ThermoMPNN,2HYY,1.3560855388641357,81,E,S,F:\GENESIS Studio\genesis-studio\packages\engines-py\.pdb_cache\2HYY,A
1616,ThermoMPNN,2HYY,1.206606149673462,81,E,T,F:\GENESIS Studio\genesis-studio\packages\engines-py\.pdb_cache\2HYY,A
1617,ThermoMPNN,2HYY,1.4959492683410645,81,E,V,F:\GENESIS Studio\genesis-studio\packages\engines-py\.pdb_cache\2HYY,A
1618,ThermoMPNN,2HYY,1.4995044469833374,81,E,W,F:\GENESIS Studio\genesis-studio\packages\engines-py\.pdb_cache\2HYY,A
1619,ThermoMPNN,2HYY,1.5971360206604004,81,E,Y,F:\GENESIS Studio\genesis-studio\packages\engines-py\.pdb_cache\2HYY,A
1620,ThermoMPNN,2HYY,1.4765186309814453,82,F,A,F:\GENESIS Studio\genesis-studio\packages\engines-py\.pdb_cache\2HYY,A
1621,ThermoMPNN,2HYY,0.5213606357574463,82,F,C,F:\GENESIS Studio\genesis-studio\packages\engines-py\.pdb_cache\2HYY,A
1622,ThermoMPNN,2HYY,2.173734188079834,82,F,D,F:\GENESIS Studio\genesis-studio\packages\engines-py\.pdb_cache\2HYY,A
1623,ThermoMPNN,2HYY,1.8409314155578613,82,F,E,F:\GENESIS Studio\genesis-studio\packages\engines-py\.pdb_cache\2HYY,A
1624,ThermoMPNN,2HYY,0.0,82,F,F,F:\GENESIS Studio\genesis-studio\packages\engines-py\.pdb_cache\2HYY,A
1625,ThermoMPNN,2HYY,1.8282194137573242,82,F,G,F:\GENESIS Studio\genesis-studio\packages\engines-py\.pdb_cache\2HYY,A
1626,ThermoMPNN,2HYY,0.9284608364105225,82,F,H,F:\GENESIS Studio\genesis-studio\packages\engines-py\.pdb_cache\2HYY,A
1627,ThermoMPNN,2HYY,0.5622562170028687,82,F,I,F:\GENESIS Studio\genesis-studio\packages\engines-py\.pdb_cache\2HYY,A
1628,ThermoMPNN,2HYY,0.8857567310333252,82,F,K,F:\GENESIS Studio\genesis-studio\packages\engines-py\.pdb_cache\2HYY,A
1629,ThermoMPNN,2HYY,0.15048229694366455,82,F,L,F:\GENESIS Studio\genesis-studio\packages\engines-py\.pdb_cache\2HYY,A
1630,ThermoMPNN,2HYY,0.3946777582168579,82,F,M,F:\GENESIS Studio\genesis-studio\packages\engines-py\.pdb_cache\2HYY,A
1631,ThermoMPNN,2HYY,1.5093913078308105,82,F,N,F:\GENESIS Studio\genesis-studio\packages\engines-py\.pdb_cache\2HYY,A
1632,ThermoMPNN,2HYY,1.5621519088745117,82,F,P,F:\GENESIS Studio\genesis-studio\packages\engines-py\.pdb_cache\2HYY,A
1633,ThermoMPNN,2HYY,1.2176092863082886,82,F,Q,F:\GENESIS Studio\genesis-studio\packages\engines-py\.pdb_cache\2HYY,A
1634,ThermoMPNN,2HYY,0.833920419216156,82,F,R,F:\GENESIS Studio\genesis-studio\packages\engines-py\.pdb_cache\2HYY,A
1635,ThermoMPNN,2HYY,1.4287681579589844,82,F,S,F:\GENESIS Studio\genesis-studio\packages\engines-py\.pdb_cache\2HYY,A
1636,ThermoMPNN,2HYY,1.3130043745040894,82,F,T,F:\GENESIS Studio\genesis-studio\packages\engines-py\.pdb_cache\2HYY,A
1637,ThermoMPNN,2HYY,0.8026331663131714,82,F,V,F:\GENESIS Studio\genesis-studio\packages\engines-py\.pdb_cache\2HYY,A
1638,ThermoMPNN,2HYY,-0.11613035202026367,82,F,W,F:\GENESIS Studio\genesis-studio\packages\engines-py\.pdb_cache\2HYY,A
1639,ThermoMPNN,2HYY,-0.019784212112426758,82,F,Y,F:\GENESIS Studio\genesis-studio\packages\engines-py\.pdb_cache\2HYY,A
1640,ThermoMPNN,2HYY,1.6459269523620605,83,M,A,F:\GENESIS Studio\genesis-studio\packages\engines-py\.pdb_cache\2HYY,A
1641,ThermoMPNN,2HYY,0.9850673675537109,83,M,C,F:\GENESIS Studio\genesis-studio\packages\engines-py\.pdb_cache\2HYY,A
1642,ThermoMPNN,2HYY,2.531313180923462,83,M,D,F:\GENESIS Studio\genesis-studio\packages\engines-py\.pdb_cache\2HYY,A
1643,ThermoMPNN,2HYY,2.1379928588867188,83,M,E,F:\GENESIS Studio\genesis-studio\packages\engines-py\.pdb_cache\2HYY,A
1644,ThermoMPNN,2HYY,0.4627622365951538,83,M,F,F:\GENESIS Studio\genesis-studio\packages\engines-py\.pdb_cache\2HYY,A
1645,ThermoMPNN,2HYY,2.708170175552368,83,M,G,F:\GENESIS Studio\genesis-studio\packages\engines-py\.pdb_cache\2HYY,A
1646,ThermoMPNN,2HYY,1.8030213117599487,83,M,H,F:\GENESIS Studio\genesis-studio\packages\engines-py\.pdb_cache\2HYY,A
1647,ThermoMPNN,2HYY,0.500765323638916,83,M,I,F:\GENESIS Studio\genesis-studio\packages\engines-py\.pdb_cache\2HYY,A
1648,ThermoMPNN,2HYY,2.572741985321045,83,M,K,F:\GENESIS Studio\genesis-studio\packages\engines-py\.pdb_cache\2HYY,A
1649,ThermoMPNN,2HYY,0.37822651863098145,83,M,L,F:\GENESIS Studio\genesis-studio\packages\engines-py\.pdb_cache\2HYY,A
1650,ThermoMPNN,2HYY,0.0,83,M,M,F:\GENESIS Studio\genesis-studio\packages\engines-py\.pdb_cache\2HYY,A
1651,ThermoMPNN,2HYY,2.4628891944885254,83,M,N,F:\GENESIS Studio\genesis-studio\packages\engines-py\.pdb_cache\2HYY,A
1652,ThermoMPNN,2HYY,2.5307185649871826,83,M,P,F:\GENESIS Studio\genesis-studio\packages\engines-py\.pdb_cache\2HYY,A
1653,ThermoMPNN,2HYY,1.8375372886657715,83,M,Q,F:\GENESIS Studio\genesis-studio\packages\engines-py\.pdb_cache\2HYY,A
1654,ThermoMPNN,2HYY,2.3649096488952637,83,M,R,F:\GENESIS Studio\genesis-studio\packages\engines-py\.pdb_cache\2HYY,A
1655,ThermoMPNN,2HYY,2.0129446983337402,83,M,S,F:\GENESIS Studio\genesis-studio\packages\engines-py\.pdb_cache\2HYY,A
1656,ThermoMPNN,2HYY,1.9872753620147705,83,M,T,F:\GENESIS Studio\genesis-studio\packages\engines-py\.pdb_cache\2HYY,A
1657,ThermoMPNN,2HYY,1.1028497219085693,83,M,V,F:\GENESIS Studio\genesis-studio\packages\engines-py\.pdb_cache\2HYY,A
1658,ThermoMPNN,2HYY,0.832504391670227,83,M,W,F:\GENESIS Studio\genesis-studio\packages\engines-py\.pdb_cache\2HYY,A
1659,ThermoMPNN,2HYY,0.8345527648925781,83,M,Y,F:\GENESIS Studio\genesis-studio\packages\engines-py\.pdb_cache\2HYY,A
1660,ThermoMPNN,2HYY,0.021626949310302734,84,T,A,F:\GENESIS Studio\genesis-studio\packages\engines-py\.pdb_cache\2HYY,A
1661,ThermoMPNN,2HYY,-0.3522794842720032,84,T,C,F:\GENESIS Studio\genesis-studio\packages\engines-py\.pdb_cache\2HYY,A
1662,ThermoMPNN,2HYY,0.2729438245296478,84,T,D,F:\GENESIS Studio\genesis-studio\packages\engines-py\.pdb_cache\2HYY,A
1663,ThermoMPNN,2HYY,0.09413203597068787,84,T,E,F:\GENESIS Studio\genesis-studio\packages\engines-py\.pdb_cache\2HYY,A
1664,ThermoMPNN,2HYY,-0.000448763370513916,84,T,F,F:\GENESIS Studio\genesis-studio\packages\engines-py\.pdb_cache\2HYY,A
1665,ThermoMPNN,2HYY,0.370272696018219,84,T,G,F:\GENESIS Studio\genesis-studio\packages\engines-py\.pdb_cache\2HYY,A
1666,ThermoMPNN,2HYY,-0.15244698524475098,84,T,H,F:\GENESIS Studio\genesis-studio\packages\engines-py\.pdb_cache\2HYY,A
1667,ThermoMPNN,2HYY,-0.21001982688903809,84,T,I,F:\GENESIS Studio\genesis-studio\packages\engines-py\.pdb_cache\2HYY,A
1668,ThermoMPNN,2HYY,-0.22885096073150635,84,T,K,F:\GENESIS Studio\genesis-studio\packages\engines-py\.pdb_cache\2HYY,A
1669,ThermoMPNN,2HYY,-0.14278370141983032,84,T,L,F:\GENESIS Studio\genesis-studio\packages\engines-py\.pdb_cache\2HYY,A
1670,ThermoMPNN,2HYY,-0.07566606998443604,84,T,M,F:\GENESIS Studio\genesis-studio\packages\engines-py\.pdb_cache\2HYY,A
1671,ThermoMPNN,2HYY,0.01969730854034424,84,T,N,F:\GENESIS Studio\genesis-studio\packages\engines-py\.pdb_cache\2HYY,A
1672,ThermoMPNN,2HYY,-0.7712875604629517,84,T,P,F:\GENESIS Studio\genesis-studio\packages\engines-py\.pdb_cache\2HYY,A
1673,ThermoMPNN,2HYY,-0.0184972882270813,84,T,Q,F:\GENESIS Studio\genesis-studio\packages\engines-py\.pdb_cache\2HYY,A
1674,ThermoMPNN,2HYY,-0.21385371685028076,84,T,R,F:\GENESIS Studio\genesis-studio\packages\engines-py\.pdb_cache\2HYY,A
1675,ThermoMPNN,2HYY,-0.07542788982391357,84,T,S,F:\GENESIS Studio\genesis-studio\packages\engines-py\.pdb_cache\2HYY,A
1676,ThermoMPNN,2HYY,0.0,84,T,T,F:\GENESIS Studio\genesis-studio\packages\engines-py\.pdb_cache\2HYY,A
1677,ThermoMPNN,2HYY,-0.04505795240402222,84,T,V,F:\GENESIS Studio\genesis-studio\packages\engines-py\.pdb_cache\2HYY,A
1678,ThermoMPNN,2HYY,-0.10701465606689453,84,T,W,F:\GENESIS Studio\genesis-studio\packages\engines-py\.pdb_cache\2HYY,A
1679,ThermoMPNN,2HYY,-0.16009080410003662,84,T,Y,F:\GENESIS Studio\genesis-studio\packages\engines-py\.pdb_cache\2HYY,A
1680,ThermoMPNN,2HYY,0.46718013286590576,85,Y,A,F:\GENESIS Studio\genesis-studio\packages\engines-py\.pdb_cache\2HYY,A
1681,ThermoMPNN,2HYY,-0.34263092279434204,85,Y,C,F:\GENESIS Studio\genesis-studio\packages\engines-py\.pdb_cache\2HYY,A
1682,ThermoMPNN,2HYY,1.0649998188018799,85,Y,D,F:\GENESIS Studio\genesis-studio\packages\engines-py\.pdb_cache\2HYY,A
1683,ThermoMPNN,2HYY,1.231957197189331,85,Y,E,F:\GENESIS Studio\genesis-studio\packages\engines-py\.pdb_cache\2HYY,A
1684,ThermoMPNN,2HYY,-0.34071463346481323,85,Y,F,F:\GENESIS Studio\genesis-studio\packages\engines-py\.pdb_cache\2HYY,A
1685,ThermoMPNN,2HYY,-0.09302371740341187,85,Y,G,F:\GENESIS Studio\genesis-studio\packages\engines-py\.pdb_cache\2HYY,A
1686,ThermoMPNN,2HYY,0.013127565383911133,85,Y,H,F:\GENESIS Studio\genesis-studio\packages\engines-py\.pdb_cache\2HYY,A
1687,ThermoMPNN,2HYY,0.714529812335968,85,Y,I,F:\GENESIS Studio\genesis-studio\packages\engines-py\.pdb_cache\2HYY,A
1688,ThermoMPNN,2HYY,-0.369989812374115,85,Y,K,F:\GENESIS Studio\genesis-studio\packages\engines-py\.pdb_cache\2HYY,A
1689,ThermoMPNN,2HYY,-0.46281152963638306,85,Y,L,F:\GENESIS Studio\genesis-studio\packages\engines-py\.pdb_cache\2HYY,A
1690,ThermoMPNN,2HYY,-0.23622184991836548,85,Y,M,F:\GENESIS Studio\genesis-studio\packages\engines-py\.pdb_cache\2HYY,A
1691,ThermoMPNN,2HYY,-0.017890751361846924,85,Y,N,F:\GENESIS Studio\genesis-studio\packages\engines-py\.pdb_cache\2HYY,A
1692,ThermoMPNN,2HYY,0.899114191532135,85,Y,P,F:\GENESIS Studio\genesis-studio\packages\engines-py\.pdb_cache\2HYY,A
1693,ThermoMPNN,2HYY,0.2962830662727356,85,Y,Q,F:\GENESIS Studio\genesis-studio\packages\engines-py\.pdb_cache\2HYY,A
1694,ThermoMPNN,2HYY,-0.46060091257095337,85,Y,R,F:\GENESIS Studio\genesis-studio\packages\engines-py\.pdb_cache\2HYY,A
1695,ThermoMPNN,2HYY,0.4372175335884094,85,Y,S,F:\GENESIS Studio\genesis-studio\packages\engines-py\.pdb_cache\2HYY,A
1696,ThermoMPNN,2HYY,0.7789720892906189,85,Y,T,F:\GENESIS Studio\genesis-studio\packages\engines-py\.pdb_cache\2HYY,A
1697,ThermoMPNN,2HYY,0.8957400321960449,85,Y,V,F:\GENESIS Studio\genesis-studio\packages\engines-py\.pdb_cache\2HYY,A
1698,ThermoMPNN,2HYY,-0.018111050128936768,85,Y,W,F:\GENESIS Studio\genesis-studio\packages\engines-py\.pdb_cache\2HYY,A
1699,ThermoMPNN,2HYY,0.0,85,Y,Y,F:\GENESIS Studio\genesis-studio\packages\engines-py\.pdb_cache\2HYY,A
1700,ThermoMPNN,2HYY,2.181236743927002,86,G,A,F:\GENESIS Studio\genesis-studio\packages\engines-py\.pdb_cache\2HYY,A
1701,ThermoMPNN,2HYY,1.326474666595459,86,G,C,F:\GENESIS Studio\genesis-studio\packages\engines-py\.pdb_cache\2HYY,A
1702,ThermoMPNN,2HYY,2.1202940940856934,86,G,D,F:\GENESIS Studio\genesis-studio\packages\engines-py\.pdb_cache\2HYY,A
1703,ThermoMPNN,2HYY,2.544445037841797,86,G,E,F:\GENESIS Studio\genesis-studio\packages\engines-py\.pdb_cache\2HYY,A
1704,ThermoMPNN,2HYY,1.8289227485656738,86,G,F,F:\GENESIS Studio\genesis-studio\packages\engines-py\.pdb_cache\2HYY,A
1705,ThermoMPNN,2HYY,0.0,86,G,G,F:\GENESIS Studio\genesis-studio\packages\engines-py\.pdb_cache\2HYY,A
1706,ThermoMPNN,2HYY,2.046776294708252,86,G,H,F:\GENESIS Studio\genesis-studio\packages\engines-py\.pdb_cache\2HYY,A
1707,ThermoMPNN,2HYY,2.6079766750335693,86,G,I,F:\GENESIS Studio\genesis-studio\packages\engines-py\.pdb_cache\2HYY,A
1708,ThermoMPNN,2HYY,2.434156894683838,86,G,K,F:\GENESIS Studio\genesis-studio\packages\engines-py\.pdb_cache\2HYY,A
1709,ThermoMPNN,2HYY,2.1494617462158203,86,G,L,F:\GENESIS Studio\genesis-studio\packages\engines-py\.pdb_cache\2HYY,A
1710,ThermoMPNN,2HYY,2.0570099353790283,86,G,M,F:\GENESIS Studio\genesis-studio\packages\engines-py\.pdb_cache\2HYY,A
1711,ThermoMPNN,2HYY,1.9800652265548706,86,G,N,F:\GENESIS Studio\genesis-studio\packages\engines-py\.pdb_cache\2HYY,A
1712,ThermoMPNN,2HYY,3.1598002910614014,86,G,P,F:\GENESIS Studio\genesis-studio\packages\engines-py\.pdb_cache\2HYY,A
1713,ThermoMPNN,2HYY,2.2091076374053955,86,G,Q,F:\GENESIS Studio\genesis-studio\packages\engines-py\.pdb_cache\2HYY,A
1714,ThermoMPNN,2HYY,2.5276360511779785,86,G,R,F:\GENESIS Studio\genesis-studio\packages\engines-py\.pdb_cache\2HYY,A
1715,ThermoMPNN,2HYY,2.1797924041748047,86,G,S,F:\GENESIS Studio\genesis-studio\packages\engines-py\.pdb_cache\2HYY,A
1716,ThermoMPNN,2HYY,2.635068655014038,86,G,T,F:\GENESIS Studio\genesis-studio\packages\engines-py\.pdb_cache\2HYY,A
1717,ThermoMPNN,2HYY,2.5457305908203125,86,G,V,F:\GENESIS Studio\genesis-studio\packages\engines-py\.pdb_cache\2HYY,A
1718,ThermoMPNN,2HYY,1.7976722717285156,86,G,W,F:\GENESIS Studio\genesis-studio\packages\engines-py\.pdb_cache\2HYY,A
1719,ThermoMPNN,2HYY,1.9636390209197998,86,G,Y,F:\GENESIS Studio\genesis-studio\packages\engines-py\.pdb_cache\2HYY,A
1720,ThermoMPNN,2HYY,0.7030923366546631,87,N,A,F:\GENESIS Studio\genesis-studio\packages\engines-py\.pdb_cache\2HYY,A
1721,ThermoMPNN,2HYY,0.17112582921981812,87,N,C,F:\GENESIS Studio\genesis-studio\packages\engines-py\.pdb_cache\2HYY,A
1722,ThermoMPNN,2HYY,-0.5897572040557861,87,N,D,F:\GENESIS Studio\genesis-studio\packages\engines-py\.pdb_cache\2HYY,A
1723,ThermoMPNN,2HYY,0.467856764793396,87,N,E,F:\GENESIS Studio\genesis-studio\packages\engines-py\.pdb_cache\2HYY,A
1724,ThermoMPNN,2HYY,0.9381605386734009,87,N,F,F:\GENESIS Studio\genesis-studio\packages\engines-py\.pdb_cache\2HYY,A
1725,ThermoMPNN,2HYY,0.9069868326187134,87,N,G,F:\GENESIS Studio\genesis-studio\packages\engines-py\.pdb_cache\2HYY,A
1726,ThermoMPNN,2HYY,0.5217472314834595,87,N,H,F:\GENESIS Studio\genesis-studio\packages\engines-py\.pdb_cache\2HYY,A
1727,ThermoMPNN,2HYY,0.43065541982650757,87,N,I,F:\GENESIS Studio\genesis-studio\packages\engines-py\.pdb_cache\2HYY,A
1728,ThermoMPNN,2HYY,1.215766191482544,87,N,K,F:\GENESIS Studio\genesis-studio\packages\engines-py\.pdb_cache\2HYY,A
1729,ThermoMPNN,2HYY,0.6120366454124451,87,N,L,F:\GENESIS Studio\genesis-studio\packages\engines-py\.pdb_cache\2HYY,A
1730,ThermoMPNN,2HYY,0.7958494424819946,87,N,M,F:\GENESIS Studio\genesis-studio\packages\engines-py\.pdb_cache\2HYY,A
1731,ThermoMPNN,2HYY,0.0,87,N,N,F:\GENESIS Studio\genesis-studio\packages\engines-py\.pdb_cache\2HYY,A
1732,ThermoMPNN,2HYY,1.2283575534820557,87,N,P,F:\GENESIS Studio\genesis-studio\packages\engines-py\.pdb_cache\2HYY,A
1733,ThermoMPNN,2HYY,0.7734764218330383,87,N,Q,F:\GENESIS Studio\genesis-studio\packages\engines-py\.pdb_cache\2HYY,A
1734,ThermoMPNN,2HYY,1.1204466819763184,87,N,R,F:\GENESIS Studio\genesis-studio\packages\engines-py\.pdb_cache\2HYY,A
1735,ThermoMPNN,2HYY,0.2713198661804199,87,N,S,F:\GENESIS Studio\genesis-studio\packages\engines-py\.pdb_cache\2HYY,A
1736,ThermoMPNN,2HYY,0.37592917680740356,87,N,T,F:\GENESIS Studio\genesis-studio\packages\engines-py\.pdb_cache\2HYY,A
1737,ThermoMPNN,2HYY,0.21732866764068604,87,N,V,F:\GENESIS Studio\genesis-studio\packages\engines-py\.pdb_cache\2HYY,A
1738,ThermoMPNN,2HYY,0.8964707255363464,87,N,W,F:\GENESIS Studio\genesis-studio\packages\engines-py\.pdb_cache\2HYY,A
1739,ThermoMPNN,2HYY,1.053178310394287,87,N,Y,F:\GENESIS Studio\genesis-studio\packages\engines-py\.pdb_cache\2HYY,A
1740,ThermoMPNN,2HYY,2.559872627258301,88,L,A,F:\GENESIS Studio\genesis-studio\packages\engines-py\.pdb_cache\2HYY,A
1741,ThermoMPNN,2HYY,1.7843759059906006,88,L,C,F:\GENESIS Studio\genesis-studio\packages\engines-py\.pdb_cache\2HYY,A
1742,ThermoMPNN,2HYY,3.297379732131958,88,L,D,F:\GENESIS Studio\genesis-studio\packages\engines-py\.pdb_cache\2HYY,A
1743,ThermoMPNN,2HYY,3.0047550201416016,88,L,E,F:\GENESIS Studio\genesis-studio\packages\engines-py\.pdb_cache\2HYY,A
1744,ThermoMPNN,2HYY,1.88741934299469,88,L,F,F:\GENESIS Studio\genesis-studio\packages\engines-py\.pdb_cache\2HYY,A
1745,ThermoMPNN,2HYY,3.3450541496276855,88,L,G,F:\GENESIS Studio\genesis-studio\packages\engines-py\.pdb_cache\2HYY,A
1746,ThermoMPNN,2HYY,3.4309754371643066,88,L,H,F:\GENESIS Studio\genesis-studio\packages\engines-py\.pdb_cache\2HYY,A
1747,ThermoMPNN,2HYY,1.4408161640167236,88,L,I,F:\GENESIS Studio\genesis-studio\packages\engines-py\.pdb_cache\2HYY,A
1748,ThermoMPNN,2HYY,3.215386390686035,88,L,K,F:\GENESIS Studio\genesis-studio\packages\engines-py\.pdb_cache\2HYY,A
1749,ThermoMPNN,2HYY,0.0,88,L,L,F:\GENESIS Studio\genesis-studio\packages\engines-py\.pdb_cache\2HYY,A
1750,ThermoMPNN,2HYY,1.1628789901733398,88,L,M,F:\GENESIS Studio\genesis-studio\packages\engines-py\.pdb_cache\2HYY,A
1751,ThermoMPNN,2HYY,3.4403958320617676,88,L,N,F:\GENESIS Studio\genesis-studio\packages\engines-py\.pdb_cache\2HYY,A
1752,ThermoMPNN,2HYY,3.3249382972717285,88,L,P,F:\GENESIS Studio\genesis-studio\packages\engines-py\.pdb_cache\2HYY,A
1753,ThermoMPNN,2HYY,3.0729739665985107,88,L,Q,F:\GENESIS Studio\genesis-studio\packages\engines-py\.pdb_cache\2HYY,A
1754,ThermoMPNN,2HYY,3.348304510116577,88,L,R,F:\GENESIS Studio\genesis-studio\packages\engines-py\.pdb_cache\2HYY,A
1755,ThermoMPNN,2HYY,3.2333250045776367,88,L,S,F:\GENESIS Studio\genesis-studio\packages\engines-py\.pdb_cache\2HYY,A
1756,ThermoMPNN,2HYY,2.9692575931549072,88,L,T,F:\GENESIS Studio\genesis-studio\packages\engines-py\.pdb_cache\2HYY,A
1757,ThermoMPNN,2HYY,1.9689702987670898,88,L,V,F:\GENESIS Studio\genesis-studio\packages\engines-py\.pdb_cache\2HYY,A
1758,ThermoMPNN,2HYY,2.614032745361328,88,L,W,F:\GENESIS Studio\genesis-studio\packages\engines-py\.pdb_cache\2HYY,A
1759,ThermoMPNN,2HYY,2.7868733406066895,88,L,Y,F:\GENESIS Studio\genesis-studio\packages\engines-py\.pdb_cache\2HYY,A
1760,ThermoMPNN,2HYY,0.5597445368766785,89,L,A,F:\GENESIS Studio\genesis-studio\packages\engines-py\.pdb_cache\2HYY,A
1761,ThermoMPNN,2HYY,0.40946418046951294,89,L,C,F:\GENESIS Studio\genesis-studio\packages\engines-py\.pdb_cache\2HYY,A
1762,ThermoMPNN,2HYY,0.9854523539543152,89,L,D,F:\GENESIS Studio\genesis-studio\packages\engines-py\.pdb_cache\2HYY,A
1763,ThermoMPNN,2HYY,0.9398959875106812,89,L,E,F:\GENESIS Studio\genesis-studio\packages\engines-py\.pdb_cache\2HYY,A
1764,ThermoMPNN,2HYY,0.22758710384368896,89,L,F,F:\GENESIS Studio\genesis-studio\packages\engines-py\.pdb_cache\2HYY,A
1765,ThermoMPNN,2HYY,1.1838524341583252,89,L,G,F:\GENESIS Studio\genesis-studio\packages\engines-py\.pdb_cache\2HYY,A
1766,ThermoMPNN,2HYY,0.5403096079826355,89,L,H,F:\GENESIS Studio\genesis-studio\packages\engines-py\.pdb_cache\2HYY,A
1767,ThermoMPNN,2HYY,0.2531315088272095,89,L,I,F:\GENESIS Studio\genesis-studio\packages\engines-py\.pdb_cache\2HYY,A
1768,ThermoMPNN,2HYY,0.3664718270301819,89,L,K,F:\GENESIS Studio\genesis-studio\packages\engines-py\.pdb_cache\2HYY,A
1769,ThermoMPNN,2HYY,0.0,89,L,L,F:\GENESIS Studio\genesis-studio\packages\engines-py\.pdb_cache\2HYY,A
1770,ThermoMPNN,2HYY,0.32710087299346924,89,L,M,F:\GENESIS Studio\genesis-studio\packages\engines-py\.pdb_cache\2HYY,A
1771,ThermoMPNN,2HYY,0.9240480661392212,89,L,N,F:\GENESIS Studio\genesis-studio\packages\engines-py\.pdb_cache\2HYY,A
1772,ThermoMPNN,2HYY,1.5032002925872803,89,L,P,F:\GENESIS Studio\genesis-studio\packages\engines-py\.pdb_cache\2HYY,A
1773,ThermoMPNN,2HYY,0.5660447478294373,89,L,Q,F:\GENESIS Studio\genesis-studio\packages\engines-py\.pdb_cache\2HYY,A
1774,ThermoMPNN,2HYY,0.2796626687049866,89,L,R,F:\GENESIS Studio\genesis-studio\packages\engines-py\.pdb_cache\2HYY,A
1775,ThermoMPNN,2HYY,0.800940990447998,89,L,S,F:\GENESIS Studio\genesis-studio\packages\engines-py\.pdb_cache\2HYY,A
1776,ThermoMPNN,2HYY,0.7859060764312744,89,L,T,F:\GENESIS Studio\genesis-studio\packages\engines-py\.pdb_cache\2HYY,A
1777,ThermoMPNN,2HYY,0.5280935168266296,89,L,V,F:\GENESIS Studio\genesis-studio\packages\engines-py\.pdb_cache\2HYY,A
1778,ThermoMPNN,2HYY,0.27600300312042236,89,L,W,F:\GENESIS Studio\genesis-studio\packages\engines-py\.pdb_cache\2HYY,A
1779,ThermoMPNN,2HYY,0.18090426921844482,89,L,Y,F:\GENESIS Studio\genesis-studio\packages\engines-py\.pdb_cache\2HYY,A
1780,ThermoMPNN,2HYY,0.29860997200012207,90,D,A,F:\GENESIS Studio\genesis-studio\packages\engines-py\.pdb_cache\2HYY,A
1781,ThermoMPNN,2HYY,0.002557992935180664,90,D,C,F:\GENESIS Studio\genesis-studio\packages\engines-py\.pdb_cache\2HYY,A
1782,ThermoMPNN,2HYY,0.0,90,D,D,F:\GENESIS Studio\genesis-studio\packages\engines-py\.pdb_cache\2HYY,A
1783,ThermoMPNN,2HYY,0.08188754320144653,90,D,E,F:\GENESIS Studio\genesis-studio\packages\engines-py\.pdb_cache\2HYY,A
1784,ThermoMPNN,2HYY,0.17746961116790771,90,D,F,F:\GENESIS Studio\genesis-studio\packages\engines-py\.pdb_cache\2HYY,A
1785,ThermoMPNN,2HYY,0.8484947681427002,90,D,G,F:\GENESIS Studio\genesis-studio\packages\engines-py\.pdb_cache\2HYY,A
1786,ThermoMPNN,2HYY,0.12348878383636475,90,D,H,F:\GENESIS Studio\genesis-studio\packages\engines-py\.pdb_cache\2HYY,A
1787,ThermoMPNN,2HYY,0.07764202356338501,90,D,I,F:\GENESIS Studio\genesis-studio\packages\engines-py\.pdb_cache\2HYY,A
1788,ThermoMPNN,2HYY,0.22744804620742798,90,D,K,F:\GENESIS Studio\genesis-studio\packages\engines-py\.pdb_cache\2HYY,A
1789,ThermoMPNN,2HYY,0.14392364025115967,90,D,L,F:\GENESIS Studio\genesis-studio\packages\engines-py\.pdb_cache\2HYY,A
1790,ThermoMPNN,2HYY,0.288033664226532,90,D,M,F:\GENESIS Studio\genesis-studio\packages\engines-py\.pdb_cache\2HYY,A
1791,ThermoMPNN,2HYY,0.10858362913131714,90,D,N,F:\GENESIS Studio\genesis-studio\packages\engines-py\.pdb_cache\2HYY,A
1792,ThermoMPNN,2HYY,1.935964584350586,90,D,P,F:\GENESIS Studio\genesis-studio\packages\engines-py\.pdb_cache\2HYY,A
1793,ThermoMPNN,2HYY,0.13546407222747803,90,D,Q,F:\GENESIS Studio\genesis-studio\packages\engines-py\.pdb_cache\2HYY,A
1794,ThermoMPNN,2HYY,0.1623399257659912,90,D,R,F:\GENESIS Studio\genesis-studio\packages\engines-py\.pdb_cache\2HYY,A
1795,ThermoMPNN,2HYY,0.29787981510162354,90,D,S,F:\GENESIS Studio\genesis-studio\packages\engines-py\.pdb_cache\2HYY,A
1796,ThermoMPNN,2HYY,0.20551031827926636,90,D,T,F:\GENESIS Studio\genesis-studio\packages\engines-py\.pdb_cache\2HYY,A
1797,ThermoMPNN,2HYY,0.043517351150512695,90,D,V,F:\GENESIS Studio\genesis-studio\packages\engines-py\.pdb_cache\2HYY,A
1798,ThermoMPNN,2HYY,0.2157415747642517,90,D,W,F:\GENESIS Studio\genesis-studio\packages\engines-py\.pdb_cache\2HYY,A
1799,ThermoMPNN,2HYY,0.14873462915420532,90,D,Y,F:\GENESIS Studio\genesis-studio\packages\engines-py\.pdb_cache\2HYY,A
1800,ThermoMPNN,2HYY,3.192070722579956,91,Y,A,F:\GENESIS Studio\genesis-studio\packages\engines-py\.pdb_cache\2HYY,A
1801,ThermoMPNN,2HYY,2.49784517288208,91,Y,C,F:\GENESIS Studio\genesis-studio\packages\engines-py\.pdb_cache\2HYY,A
1802,ThermoMPNN,2HYY,3.8077878952026367,91,Y,D,F:\GENESIS Studio\genesis-studio\packages\engines-py\.pdb_cache\2HYY,A
1803,ThermoMPNN,2HYY,3.604570150375366,91,Y,E,F:\GENESIS Studio\genesis-studio\packages\engines-py\.pdb_cache\2HYY,A
1804,ThermoMPNN,2HYY,0.8813552856445312,91,Y,F,F:\GENESIS Studio\genesis-studio\packages\engines-py\.pdb_cache\2HYY,A
1805,ThermoMPNN,2HYY,3.432138204574585,91,Y,G,F:\GENESIS Studio\genesis-studio\packages\engines-py\.pdb_cache\2HYY,A
1806,ThermoMPNN,2HYY,2.390653610229492,91,Y,H,F:\GENESIS Studio\genesis-studio\packages\engines-py\.pdb_cache\2HYY,A
1807,ThermoMPNN,2HYY,2.6567327976226807,91,Y,I,F:\GENESIS Studio\genesis-studio\packages\engines-py\.pdb_cache\2HYY,A
1808,ThermoMPNN,2HYY,3.2449941635131836,91,Y,K,F:\GENESIS Studio\genesis-studio\packages\engines-py\.pdb_cache\2HYY,A
1809,ThermoMPNN,2HYY,2.6458888053894043,91,Y,L,F:\GENESIS Studio\genesis-studio\packages\engines-py\.pdb_cache\2HYY,A
1810,ThermoMPNN,2HYY,2.6885762214660645,91,Y,M,F:\GENESIS Studio\genesis-studio\packages\engines-py\.pdb_cache\2HYY,A
1811,ThermoMPNN,2HYY,3.465089797973633,91,Y,N,F:\GENESIS Studio\genesis-studio\packages\engines-py\.pdb_cache\2HYY,A
1812,ThermoMPNN,2HYY,3.4618752002716064,91,Y,P,F:\GENESIS Studio\genesis-studio\packages\engines-py\.pdb_cache\2HYY,A
1813,ThermoMPNN,2HYY,3.3252642154693604,91,Y,Q,F:\GENESIS Studio\genesis-studio\packages\engines-py\.pdb_cache\2HYY,A
1814,ThermoMPNN,2HYY,2.9161226749420166,91,Y,R,F:\GENESIS Studio\genesis-studio\packages\engines-py\.pdb_cache\2HYY,A
1815,ThermoMPNN,2HYY,3.449733018875122,91,Y,S,F:\GENESIS Studio\genesis-studio\packages\engines-py\.pdb_cache\2HYY,A
1816,ThermoMPNN,2HYY,3.294861316680908,91,Y,T,F:\GENESIS Studio\genesis-studio\packages\engines-py\.pdb_cache\2HYY,A
1817,ThermoMPNN,2HYY,2.818804979324341,91,Y,V,F:\GENESIS Studio\genesis-studio\packages\engines-py\.pdb_cache\2HYY,A
1818,ThermoMPNN,2HYY,0.7947115898132324,91,Y,W,F:\GENESIS Studio\genesis-studio\packages\engines-py\.pdb_cache\2HYY,A
1819,ThermoMPNN,2HYY,0.0,91,Y,Y,F:\GENESIS Studio\genesis-studio\packages\engines-py\.pdb_cache\2HYY,A
1820,ThermoMPNN,2HYY,2.9289236068725586,92,L,A,F:\GENESIS Studio\genesis-studio\packages\engines-py\.pdb_cache\2HYY,A
1821,ThermoMPNN,2HYY,1.902037501335144,92,L,C,F:\GENESIS Studio\genesis-studio\packages\engines-py\.pdb_cache\2HYY,A
1822,ThermoMPNN,2HYY,3.3145952224731445,92,L,D,F:\GENESIS Studio\genesis-studio\packages\engines-py\.pdb_cache\2HYY,A
1823,ThermoMPNN,2HYY,3.218477487564087,92,L,E,F:\GENESIS Studio\genesis-studio\packages\engines-py\.pdb_cache\2HYY,A
1824,ThermoMPNN,2HYY,2.084146738052368,92,L,F,F:\GENESIS Studio\genesis-studio\packages\engines-py\.pdb_cache\2HYY,A
1825,ThermoMPNN,2HYY,3.1439125537872314,92,L,G,F:\GENESIS Studio\genesis-studio\packages\engines-py\.pdb_cache\2HYY,A
1826,ThermoMPNN,2HYY,3.307295799255371,92,L,H,F:\GENESIS Studio\genesis-studio\packages\engines-py\.pdb_cache\2HYY,A
1827,ThermoMPNN,2HYY,1.7497193813323975,92,L,I,F:\GENESIS Studio\genesis-studio\packages\engines-py\.pdb_cache\2HYY,A
1828,ThermoMPNN,2HYY,3.0961766242980957,92,L,K,F:\GENESIS Studio\genesis-studio\packages\engines-py\.pdb_cache\2HYY,A
1829,ThermoMPNN,2HYY,0.0,92,L,L,F:\GENESIS Studio\genesis-studio\packages\engines-py\.pdb_cache\2HYY,A
1830,ThermoMPNN,2HYY,1.4362804889678955,92,L,M,F:\GENESIS Studio\genesis-studio\packages\engines-py\.pdb_cache\2HYY,A
1831,ThermoMPNN,2HYY,3.4220643043518066,92,L,N,F:\GENESIS Studio\genesis-studio\packages\engines-py\.pdb_cache\2HYY,A
1832,ThermoMPNN,2HYY,3.4877195358276367,92,L,P,F:\GENESIS Studio\genesis-studio\packages\engines-py\.pdb_cache\2HYY,A
1833,ThermoMPNN,2HYY,3.241551399230957,92,L,Q,F:\GENESIS Studio\genesis-studio\packages\engines-py\.pdb_cache\2HYY,A
1834,ThermoMPNN,2HYY,3.1044182777404785,92,L,R,F:\GENESIS Studio\genesis-studio\packages\engines-py\.pdb_cache\2HYY,A
1835,ThermoMPNN,2HYY,3.3429043292999268,92,L,S,F:\GENESIS Studio\genesis-studio\packages\engines-py\.pdb_cache\2HYY,A
1836,ThermoMPNN,2HYY,3.2120296955108643,92,L,T,F:\GENESIS Studio\genesis-studio\packages\engines-py\.pdb_cache\2HYY,A
1837,ThermoMPNN,2HYY,2.3522465229034424,92,L,V,F:\GENESIS Studio\genesis-studio\packages\engines-py\.pdb_cache\2HYY,A
1838,ThermoMPNN,2HYY,2.543741464614868,92,L,W,F:\GENESIS Studio\genesis-studio\packages\engines-py\.pdb_cache\2HYY,A
1839,ThermoMPNN,2HYY,2.622340202331543,92,L,Y,F:\GENESIS Studio\genesis-studio\packages\engines-py\.pdb_cache\2HYY,A
1840,ThermoMPNN,2HYY,1.0857856273651123,93,R,A,F:\GENESIS Studio\genesis-studio\packages\engines-py\.pdb_cache\2HYY,A
1841,ThermoMPNN,2HYY,0.8862842917442322,93,R,C,F:\GENESIS Studio\genesis-studio\packages\engines-py\.pdb_cache\2HYY,A
1842,ThermoMPNN,2HYY,1.7761800289154053,93,R,D,F:\GENESIS Studio\genesis-studio\packages\engines-py\.pdb_cache\2HYY,A
1843,ThermoMPNN,2HYY,1.4853123426437378,93,R,E,F:\GENESIS Studio\genesis-studio\packages\engines-py\.pdb_cache\2HYY,A
1844,ThermoMPNN,2HYY,1.08119535446167,93,R,F,F:\GENESIS Studio\genesis-studio\packages\engines-py\.pdb_cache\2HYY,A
1845,ThermoMPNN,2HYY,1.5850629806518555,93,R,G,F:\GENESIS Studio\genesis-studio\packages\engines-py\.pdb_cache\2HYY,A
1846,ThermoMPNN,2HYY,1.1112027168273926,93,R,H,F:\GENESIS Studio\genesis-studio\packages\engines-py\.pdb_cache\2HYY,A
1847,ThermoMPNN,2HYY,0.6729732751846313,93,R,I,F:\GENESIS Studio\genesis-studio\packages\engines-py\.pdb_cache\2HYY,A
1848,ThermoMPNN,2HYY,0.222731351852417,93,R,K,F:\GENESIS Studio\genesis-studio\packages\engines-py\.pdb_cache\2HYY,A
1849,ThermoMPNN,2HYY,0.4693417549133301,93,R,L,F:\GENESIS Studio\genesis-studio\packages\engines-py\.pdb_cache\2HYY,A
1850,ThermoMPNN,2HYY,0.6662057638168335,93,R,M,F:\GENESIS Studio\genesis-studio\packages\engines-py\.pdb_cache\2HYY,A
1851,ThermoMPNN,2HYY,1.2857029438018799,93,R,N,F:\GENESIS Studio\genesis-studio\packages\engines-py\.pdb_cache\2HYY,A
1852,ThermoMPNN,2HYY,2.3062314987182617,93,R,P,F:\GENESIS Studio\genesis-studio\packages\engines-py\.pdb_cache\2HYY,A
1853,ThermoMPNN,2HYY,0.7535370588302612,93,R,Q,F:\GENESIS Studio\genesis-studio\packages\engines-py\.pdb_cache\2HYY,A
1854,ThermoMPNN,2HYY,0.0,93,R,R,F:\GENESIS Studio\genesis-studio\packages\engines-py\.pdb_cache\2HYY,A
1855,ThermoMPNN,2HYY,1.2748421430587769,93,R,S,F:\GENESIS Studio\genesis-studio\packages\engines-py\.pdb_cache\2HYY,A
1856,ThermoMPNN,2HYY,1.1494040489196777,93,R,T,F:\GENESIS Studio\genesis-studio\packages\engines-py\.pdb_cache\2HYY,A
1857,ThermoMPNN,2HYY,0.833383321762085,93,R,V,F:\GENESIS Studio\genesis-studio\packages\engines-py\.pdb_cache\2HYY,A
1858,ThermoMPNN,2HYY,1.1707916259765625,93,R,W,F:\GENESIS Studio\genesis-studio\packages\engines-py\.pdb_cache\2HYY,A
1859,ThermoMPNN,2HYY,1.152808427810669,93,R,Y,F:\GENESIS Studio\genesis-studio\packages\engines-py\.pdb_cache\2HYY,A
1860,ThermoMPNN,2HYY,-0.1547147035598755,94,E,A,F:\GENESIS Studio\genesis-studio\packages\engines-py\.pdb_cache\2HYY,A
1861,ThermoMPNN,2HYY,-0.40615278482437134,94,E,C,F:\GENESIS Studio\genesis-studio\packages\engines-py\.pdb_cache\2HYY,A
1862,ThermoMPNN,2HYY,0.13565099239349365,94,E,D,F:\GENESIS Studio\genesis-studio\packages\engines-py\.pdb_cache\2HYY,A
1863,ThermoMPNN,2HYY,0.0,94,E,E,F:\GENESIS Studio\genesis-studio\packages\engines-py\.pdb_cache\2HYY,A
1864,ThermoMPNN,2HYY,-0.07388961315155029,94,E,F,F:\GENESIS Studio\genesis-studio\packages\engines-py\.pdb_cache\2HYY,A
1865,ThermoMPNN,2HYY,0.07893717288970947,94,E,G,F:\GENESIS Studio\genesis-studio\packages\engines-py\.pdb_cache\2HYY,A
1866,ThermoMPNN,2HYY,-0.23513197898864746,94,E,H,F:\GENESIS Studio\genesis-studio\packages\engines-py\.pdb_cache\2HYY,A
1867,ThermoMPNN,2HYY,0.0930708646774292,94,E,I,F:\GENESIS Studio\genesis-studio\packages\engines-py\.pdb_cache\2HYY,A
1868,ThermoMPNN,2HYY,-0.3351265788078308,94,E,K,F:\GENESIS Studio\genesis-studio\packages\engines-py\.pdb_cache\2HYY,A
1869,ThermoMPNN,2HYY,-0.13493847846984863,94,E,L,F:\GENESIS Studio\genesis-studio\packages\engines-py\.pdb_cache\2HYY,A
1870,ThermoMPNN,2HYY,-0.17229533195495605,94,E,M,F:\GENESIS Studio\genesis-studio\packages\engines-py\.pdb_cache\2HYY,A
1871,ThermoMPNN,2HYY,-0.2675397992134094,94,E,N,F:\GENESIS Studio\genesis-studio\packages\engines-py\.pdb_cache\2HYY,A
1872,ThermoMPNN,2HYY,1.787707805633545,94,E,P,F:\GENESIS Studio\genesis-studio\packages\engines-py\.pdb_cache\2HYY,A
1873,ThermoMPNN,2HYY,-0.3272799849510193,94,E,Q,F:\GENESIS Studio\genesis-studio\packages\engines-py\.pdb_cache\2HYY,A
1874,ThermoMPNN,2HYY,-0.27468639612197876,94,E,R,F:\GENESIS Studio\genesis-studio\packages\engines-py\.pdb_cache\2HYY,A
1875,ThermoMPNN,2HYY,-0.1499629020690918,94,E,S,F:\GENESIS Studio\genesis-studio\packages\engines-py\.pdb_cache\2HYY,A
1876,ThermoMPNN,2HYY,-0.19785600900650024,94,E,T,F:\GENESIS Studio\genesis-studio\packages\engines-py\.pdb_cache\2HYY,A
1877,ThermoMPNN,2HYY,0.08187830448150635,94,E,V,F:\GENESIS Studio\genesis-studio\packages\engines-py\.pdb_cache\2HYY,A
1878,ThermoMPNN,2HYY,0.04753667116165161,94,E,W,F:\GENESIS Studio\genesis-studio\packages\engines-py\.pdb_cache\2HYY,A
1879,ThermoMPNN,2HYY,-0.05026674270629883,94,E,Y,F:\GENESIS Studio\genesis-studio\packages\engines-py\.pdb_cache\2HYY,A
1880,ThermoMPNN,2HYY,-0.5979254245758057,95,C,A,F:\GENESIS Studio\genesis-studio\packages\engines-py\.pdb_cache\2HYY,A
1881,ThermoMPNN,2HYY,0.0,95,C,C,F:\GENESIS Studio\genesis-studio\packages\engines-py\.pdb_cache\2HYY,A
1882,ThermoMPNN,2HYY,2.1324563026428223,95,C,D,F:\GENESIS Studio\genesis-studio\packages\engines-py\.pdb_cache\2HYY,A
1883,ThermoMPNN,2HYY,1.6601425409317017,95,C,E,F:\GENESIS Studio\genesis-studio\packages\engines-py\.pdb_cache\2HYY,A
1884,ThermoMPNN,2HYY,0.7338514924049377,95,C,F,F:\GENESIS Studio\genesis-studio\packages\engines-py\.pdb_cache\2HYY,A
1885,ThermoMPNN,2HYY,0.5618206262588501,95,C,G,F:\GENESIS Studio\genesis-studio\packages\engines-py\.pdb_cache\2HYY,A
1886,ThermoMPNN,2HYY,1.5404667854309082,95,C,H,F:\GENESIS Studio\genesis-studio\packages\engines-py\.pdb_cache\2HYY,A
1887,ThermoMPNN,2HYY,0.7840456366539001,95,C,I,F:\GENESIS Studio\genesis-studio\packages\engines-py\.pdb_cache\2HYY,A
1888,ThermoMPNN,2HYY,1.4221782684326172,95,C,K,F:\GENESIS Studio\genesis-studio\packages\engines-py\.pdb_cache\2HYY,A
1889,ThermoMPNN,2HYY,0.9881390333175659,95,C,L,F:\GENESIS Studio\genesis-studio\packages\engines-py\.pdb_cache\2HYY,A
1890,ThermoMPNN,2HYY,0.6014827489852905,95,C,M,F:\GENESIS Studio\genesis-studio\packages\engines-py\.pdb_cache\2HYY,A
1891,ThermoMPNN,2HYY,1.826174020767212,95,C,N,F:\GENESIS Studio\genesis-studio\packages\engines-py\.pdb_cache\2HYY,A
1892,ThermoMPNN,2HYY,1.8589930534362793,95,C,P,F:\GENESIS Studio\genesis-studio\packages\engines-py\.pdb_cache\2HYY,A
1893,ThermoMPNN,2HYY,1.2175577878952026,95,C,Q,F:\GENESIS Studio\genesis-studio\packages\engines-py\.pdb_cache\2HYY,A
1894,ThermoMPNN,2HYY,1.422781229019165,95,C,R,F:\GENESIS Studio\genesis-studio\packages\engines-py\.pdb_cache\2HYY,A
1895,ThermoMPNN,2HYY,0.3294488191604614,95,C,S,F:\GENESIS Studio\genesis-studio\packages\engines-py\.pdb_cache\2HYY,A
1896,ThermoMPNN,2HYY,0.7920279502868652,95,C,T,F:\GENESIS Studio\genesis-studio\packages\engines-py\.pdb_cache\2HYY,A
1897,ThermoMPNN,2HYY,0.30457305908203125,95,C,V,F:\GENESIS Studio\genesis-studio\packages\engines-py\.pdb_cache\2HYY,A
1898,ThermoMPNN,2HYY,1.1879428625106812,95,C,W,F:\GENESIS Studio\genesis-studio\packages\engines-py\.pdb_cache\2HYY,A
1899,ThermoMPNN,2HYY,1.277158260345459,95,C,Y,F:\GENESIS Studio\genesis-studio\packages\engines-py\.pdb_cache\2HYY,A
1900,ThermoMPNN,2HYY,0.9374274611473083,96,N,A,F:\GENESIS Studio\genesis-studio\packages\engines-py\.pdb_cache\2HYY,A
1901,ThermoMPNN,2HYY,0.3834819793701172,96,N,C,F:\GENESIS Studio\genesis-studio\packages\engines-py\.pdb_cache\2HYY,A
1902,ThermoMPNN,2HYY,0.16807186603546143,96,N,D,F:\GENESIS Studio\genesis-studio\packages\engines-py\.pdb_cache\2HYY,A
1903,ThermoMPNN,2HYY,0.7867155075073242,96,N,E,F:\GENESIS Studio\genesis-studio\packages\engines-py\.pdb_cache\2HYY,A
1904,ThermoMPNN,2HYY,0.8824247121810913,96,N,F,F:\GENESIS Studio\genesis-studio\packages\engines-py\.pdb_cache\2HYY,A
1905,ThermoMPNN,2HYY,1.2193773984909058,96,N,G,F:\GENESIS Studio\genesis-studio\packages\engines-py\.pdb_cache\2HYY,A
1906,ThermoMPNN,2HYY,0.595994234085083,96,N,H,F:\GENESIS Studio\genesis-studio\packages\engines-py\.pdb_cache\2HYY,A
1907,ThermoMPNN,2HYY,0.8943971395492554,96,N,I,F:\GENESIS Studio\genesis-studio\packages\engines-py\.pdb_cache\2HYY,A
1908,ThermoMPNN,2HYY,1.0170249938964844,96,N,K,F:\GENESIS Studio\genesis-studio\packages\engines-py\.pdb_cache\2HYY,A
1909,ThermoMPNN,2HYY,0.6705621480941772,96,N,L,F:\GENESIS Studio\genesis-studio\packages\engines-py\.pdb_cache\2HYY,A
1910,ThermoMPNN,2HYY,0.9165166616439819,96,N,M,F:\GENESIS Studio\genesis-studio\packages\engines-py\.pdb_cache\2HYY,A
1911,ThermoMPNN,2HYY,0.0,96,N,N,F:\GENESIS Studio\genesis-studio\packages\engines-py\.pdb_cache\2HYY,A
1912,ThermoMPNN,2HYY,1.4879157543182373,96,N,P,F:\GENESIS Studio\genesis-studio\packages\engines-py\.pdb_cache\2HYY,A
1913,ThermoMPNN,2HYY,0.9327943325042725,96,N,Q,F:\GENESIS Studio\genesis-studio\packages\engines-py\.pdb_cache\2HYY,A
1914,ThermoMPNN,2HYY,0.9889746308326721,96,N,R,F:\GENESIS Studio\genesis-studio\packages\engines-py\.pdb_cache\2HYY,A
1915,ThermoMPNN,2HYY,0.6739096641540527,96,N,S,F:\GENESIS Studio\genesis-studio\packages\engines-py\.pdb_cache\2HYY,A
1916,ThermoMPNN,2HYY,0.9888280630111694,96,N,T,F:\GENESIS Studio\genesis-studio\packages\engines-py\.pdb_cache\2HYY,A
1917,ThermoMPNN,2HYY,0.7480018734931946,96,N,V,F:\GENESIS Studio\genesis-studio\packages\engines-py\.pdb_cache\2HYY,A
1918,ThermoMPNN,2HYY,0.9343059659004211,96,N,W,F:\GENESIS Studio\genesis-studio\packages\engines-py\.pdb_cache\2HYY,A
1919,ThermoMPNN,2HYY,0.9030305743217468,96,N,Y,F:\GENESIS Studio\genesis-studio\packages\engines-py\.pdb_cache\2HYY,A
1920,ThermoMPNN,2HYY,1.2080308198928833,97,R,A,F:\GENESIS Studio\genesis-studio\packages\engines-py\.pdb_cache\2HYY,A
1921,ThermoMPNN,2HYY,1.0165019035339355,97,R,C,F:\GENESIS Studio\genesis-studio\packages\engines-py\.pdb_cache\2HYY,A
1922,ThermoMPNN,2HYY,2.107815980911255,97,R,D,F:\GENESIS Studio\genesis-studio\packages\engines-py\.pdb_cache\2HYY,A
1923,ThermoMPNN,2HYY,1.8223557472229004,97,R,E,F:\GENESIS Studio\genesis-studio\packages\engines-py\.pdb_cache\2HYY,A
1924,ThermoMPNN,2HYY,1.2277772426605225,97,R,F,F:\GENESIS Studio\genesis-studio\packages\engines-py\.pdb_cache\2HYY,A
1925,ThermoMPNN,2HYY,1.5985147953033447,97,R,G,F:\GENESIS Studio\genesis-studio\packages\engines-py\.pdb_cache\2HYY,A
1926,ThermoMPNN,2HYY,1.0424307584762573,97,R,H,F:\GENESIS Studio\genesis-studio\packages\engines-py\.pdb_cache\2HYY,A
1927,ThermoMPNN,2HYY,1.0160267353057861,97,R,I,F:\GENESIS Studio\genesis-studio\packages\engines-py\.pdb_cache\2HYY,A
1928,ThermoMPNN,2HYY,0.11765718460083008,97,R,K,F:\GENESIS Studio\genesis-studio\packages\engines-py\.pdb_cache\2HYY,A
1929,ThermoMPNN,2HYY,0.9165068864822388,97,R,L,F:\GENESIS Studio\genesis-studio\packages\engines-py\.pdb_cache\2HYY,A
1930,ThermoMPNN,2HYY,0.9271169900894165,97,R,M,F:\GENESIS Studio\genesis-studio\packages\engines-py\.pdb_cache\2HYY,A
1931,ThermoMPNN,2HYY,1.4590644836425781,97,R,N,F:\GENESIS Studio\genesis-studio\packages\engines-py\.pdb_cache\2HYY,A
1932,ThermoMPNN,2HYY,0.9862484931945801,97,R,P,F:\GENESIS Studio\genesis-studio\packages\engines-py\.pdb_cache\2HYY,A
1933,ThermoMPNN,2HYY,0.9276884198188782,97,R,Q,F:\GENESIS Studio\genesis-studio\packages\engines-py\.pdb_cache\2HYY,A
1934,ThermoMPNN,2HYY,0.0,97,R,R,F:\GENESIS Studio\genesis-studio\packages\engines-py\.pdb_cache\2HYY,A
1935,ThermoMPNN,2HYY,1.2828004360198975,97,R,S,F:\GENESIS Studio\genesis-studio\packages\engines-py\.pdb_cache\2HYY,A
1936,ThermoMPNN,2HYY,1.2708990573883057,97,R,T,F:\GENESIS Studio\genesis-studio\packages\engines-py\.pdb_cache\2HYY,A
1937,ThermoMPNN,2HYY,1.2418513298034668,97,R,V,F:\GENESIS Studio\genesis-studio\packages\engines-py\.pdb_cache\2HYY,A
1938,ThermoMPNN,2HYY,1.391144871711731,97,R,W,F:\GENESIS Studio\genesis-studio\packages\engines-py\.pdb_cache\2HYY,A
1939,ThermoMPNN,2HYY,1.1633704900741577,97,R,Y,F:\GENESIS Studio\genesis-studio\packages\engines-py\.pdb_cache\2HYY,A
1940,ThermoMPNN,2HYY,0.09651470184326172,98,Q,A,F:\GENESIS Studio\genesis-studio\packages\engines-py\.pdb_cache\2HYY,A
1941,ThermoMPNN,2HYY,-0.028876304626464844,98,Q,C,F:\GENESIS Studio\genesis-studio\packages\engines-py\.pdb_cache\2HYY,A
1942,ThermoMPNN,2HYY,0.2102832794189453,98,Q,D,F:\GENESIS Studio\genesis-studio\packages\engines-py\.pdb_cache\2HYY,A
1943,ThermoMPNN,2HYY,0.04092484712600708,98,Q,E,F:\GENESIS Studio\genesis-studio\packages\engines-py\.pdb_cache\2HYY,A
1944,ThermoMPNN,2HYY,0.21809303760528564,98,Q,F,F:\GENESIS Studio\genesis-studio\packages\engines-py\.pdb_cache\2HYY,A
1945,ThermoMPNN,2HYY,0.4680388569831848,98,Q,G,F:\GENESIS Studio\genesis-studio\packages\engines-py\.pdb_cache\2HYY,A
1946,ThermoMPNN,2HYY,0.13607364892959595,98,Q,H,F:\GENESIS Studio\genesis-studio\packages\engines-py\.pdb_cache\2HYY,A
1947,ThermoMPNN,2HYY,0.18490254878997803,98,Q,I,F:\GENESIS Studio\genesis-studio\packages\engines-py\.pdb_cache\2HYY,A
1948,ThermoMPNN,2HYY,0.14310002326965332,98,Q,K,F:\GENESIS Studio\genesis-studio\packages\engines-py\.pdb_cache\2HYY,A
1949,ThermoMPNN,2HYY,0.16078317165374756,98,Q,L,F:\GENESIS Studio\genesis-studio\packages\engines-py\.pdb_cache\2HYY,A
1950,ThermoMPNN,2HYY,0.17539912462234497,98,Q,M,F:\GENESIS Studio\genesis-studio\packages\engines-py\.pdb_cache\2HYY,A
1951,ThermoMPNN,2HYY,0.21951532363891602,98,Q,N,F:\GENESIS Studio\genesis-studio\packages\engines-py\.pdb_cache\2HYY,A
1952,ThermoMPNN,2HYY,1.6065752506256104,98,Q,P,F:\GENESIS Studio\genesis-studio\packages\engines-py\.pdb_cache\2HYY,A
1953,ThermoMPNN,2HYY,0.0,98,Q,Q,F:\GENESIS Studio\genesis-studio\packages\engines-py\.pdb_cache\2HYY,A
1954,ThermoMPNN,2HYY,0.12603789567947388,98,Q,R,F:\GENESIS Studio\genesis-studio\packages\engines-py\.pdb_cache\2HYY,A
1955,ThermoMPNN,2HYY,0.2007502317428589,98,Q,S,F:\GENESIS Studio\genesis-studio\packages\engines-py\.pdb_cache\2HYY,A
1956,ThermoMPNN,2HYY,0.1261565089225769,98,Q,T,F:\GENESIS Studio\genesis-studio\packages\engines-py\.pdb_cache\2HYY,A
1957,ThermoMPNN,2HYY,0.14894765615463257,98,Q,V,F:\GENESIS Studio\genesis-studio\packages\engines-py\.pdb_cache\2HYY,A
1958,ThermoMPNN,2HYY,0.1387174129486084,98,Q,W,F:\GENESIS Studio\genesis-studio\packages\engines-py\.pdb_cache\2HYY,A
1959,ThermoMPNN,2HYY,0.16943365335464478,98,Q,Y,F:\GENESIS Studio\genesis-studio\packages\engines-py\.pdb_cache\2HYY,A
1960,ThermoMPNN,2HYY,0.5180823802947998,99,E,A,F:\GENESIS Studio\genesis-studio\packages\engines-py\.pdb_cache\2HYY,A
1961,ThermoMPNN,2HYY,0.26070308685302734,99,E,C,F:\GENESIS Studio\genesis-studio\packages\engines-py\.pdb_cache\2HYY,A
1962,ThermoMPNN,2HYY,0.21176159381866455,99,E,D,F:\GENESIS Studio\genesis-studio\packages\engines-py\.pdb_cache\2HYY,A
1963,ThermoMPNN,2HYY,0.0,99,E,E,F:\GENESIS Studio\genesis-studio\packages\engines-py\.pdb_cache\2HYY,A
1964,ThermoMPNN,2HYY,0.5292632579803467,99,E,F,F:\GENESIS Studio\genesis-studio\packages\engines-py\.pdb_cache\2HYY,A
1965,ThermoMPNN,2HYY,1.079042673110962,99,E,G,F:\GENESIS Studio\genesis-studio\packages\engines-py\.pdb_cache\2HYY,A
1966,ThermoMPNN,2HYY,0.6096782684326172,99,E,H,F:\GENESIS Studio\genesis-studio\packages\engines-py\.pdb_cache\2HYY,A
1967,ThermoMPNN,2HYY,0.16072070598602295,99,E,I,F:\GENESIS Studio\genesis-studio\packages\engines-py\.pdb_cache\2HYY,A
1968,ThermoMPNN,2HYY,0.8332920670509338,99,E,K,F:\GENESIS Studio\genesis-studio\packages\engines-py\.pdb_cache\2HYY,A
1969,ThermoMPNN,2HYY,0.2791043519973755,99,E,L,F:\GENESIS Studio\genesis-studio\packages\engines-py\.pdb_cache\2HYY,A
1970,ThermoMPNN,2HYY,0.525122344493866,99,E,M,F:\GENESIS Studio\genesis-studio\packages\engines-py\.pdb_cache\2HYY,A
1971,ThermoMPNN,2HYY,0.6580404043197632,99,E,N,F:\GENESIS Studio\genesis-studio\packages\engines-py\.pdb_cache\2HYY,A
1972,ThermoMPNN,2HYY,1.4365253448486328,99,E,P,F:\GENESIS Studio\genesis-studio\packages\engines-py\.pdb_cache\2HYY,A
1973,ThermoMPNN,2HYY,0.5222068428993225,99,E,Q,F:\GENESIS Studio\genesis-studio\packages\engines-py\.pdb_cache\2HYY,A
1974,ThermoMPNN,2HYY,0.8345105051994324,99,E,R,F:\GENESIS Studio\genesis-studio\packages\engines-py\.pdb_cache\2HYY,A
1975,ThermoMPNN,2HYY,0.6394238471984863,99,E,S,F:\GENESIS Studio\genesis-studio\packages\engines-py\.pdb_cache\2HYY,A
1976,ThermoMPNN,2HYY,0.471102237701416,99,E,T,F:\GENESIS Studio\genesis-studio\packages\engines-py\.pdb_cache\2HYY,A
1977,ThermoMPNN,2HYY,0.24813950061798096,99,E,V,F:\GENESIS Studio\genesis-studio\packages\engines-py\.pdb_cache\2HYY,A
1978,ThermoMPNN,2HYY,0.4502672553062439,99,E,W,F:\GENESIS Studio\genesis-studio\packages\engines-py\.pdb_cache\2HYY,A
1979,ThermoMPNN,2HYY,0.478739857673645,99,E,Y,F:\GENESIS Studio\genesis-studio\packages\engines-py\.pdb_cache\2HYY,A
1980,ThermoMPNN,2HYY,1.4221327304840088,100,V,A,F:\GENESIS Studio\genesis-studio\packages\engines-py\.pdb_cache\2HYY,A
1981,ThermoMPNN,2HYY,0.9133946895599365,100,V,C,F:\GENESIS Studio\genesis-studio\packages\engines-py\.pdb_cache\2HYY,A
1982,ThermoMPNN,2HYY,3.1270241737365723,100,V,D,F:\GENESIS Studio\genesis-studio\packages\engines-py\.pdb_cache\2HYY,A
1983,ThermoMPNN,2HYY,3.004037857055664,100,V,E,F:\GENESIS Studio\genesis-studio\packages\engines-py\.pdb_cache\2HYY,A
1984,ThermoMPNN,2HYY,1.5109386444091797,100,V,F,F:\GENESIS Studio\genesis-studio\packages\engines-py\.pdb_cache\2HYY,A
1985,ThermoMPNN,2HYY,2.9118409156799316,100,V,G,F:\GENESIS Studio\genesis-studio\packages\engines-py\.pdb_cache\2HYY,A
1986,ThermoMPNN,2HYY,2.6509482860565186,100,V,H,F:\GENESIS Studio\genesis-studio\packages\engines-py\.pdb_cache\2HYY,A
1987,ThermoMPNN,2HYY,0.4468269348144531,100,V,I,F:\GENESIS Studio\genesis-studio\packages\engines-py\.pdb_cache\2HYY,A
1988,ThermoMPNN,2HYY,2.7312233448028564,100,V,K,F:\GENESIS Studio\genesis-studio\packages\engines-py\.pdb_cache\2HYY,A
1989,ThermoMPNN,2HYY,1.138083815574646,100,V,L,F:\GENESIS Studio\genesis-studio\packages\engines-py\.pdb_cache\2HYY,A
1990,ThermoMPNN,2HYY,1.4127799272537231,100,V,M,F:\GENESIS Studio\genesis-studio\packages\engines-py\.pdb_cache\2HYY,A
1991,ThermoMPNN,2HYY,3.0291619300842285,100,V,N,F:\GENESIS Studio\genesis-studio\packages\engines-py\.pdb_cache\2HYY,A
1992,ThermoMPNN,2HYY,2.4608232975006104,100,V,P,F:\GENESIS Studio\genesis-studio\packages\engines-py\.pdb_cache\2HYY,A
1993,ThermoMPNN,2HYY,2.6602320671081543,100,V,Q,F:\GENESIS Studio\genesis-studio\packages\engines-py\.pdb_cache\2HYY,A
1994,ThermoMPNN,2HYY,2.7583720684051514,100,V,R,F:\GENESIS Studio\genesis-studio\packages\engines-py\.pdb_cache\2HYY,A
1995,ThermoMPNN,2HYY,2.101156711578369,100,V,S,F:\GENESIS Studio\genesis-studio\packages\engines-py\.pdb_cache\2HYY,A
1996,ThermoMPNN,2HYY,1.2467331886291504,100,V,T,F:\GENESIS Studio\genesis-studio\packages\engines-py\.pdb_cache\2HYY,A
1997,ThermoMPNN,2HYY,0.0,100,V,V,F:\GENESIS Studio\genesis-studio\packages\engines-py\.pdb_cache\2HYY,A
1998,ThermoMPNN,2HYY,2.1076505184173584,100,V,W,F:\GENESIS Studio\genesis-studio\packages\engines-py\.pdb_cache\2HYY,A
1999,ThermoMPNN,2HYY,1.901219129562378,100,V,Y,F:\GENESIS Studio\genesis-studio\packages\engines-py\.pdb_cache\2HYY,A
2000,ThermoMPNN,2HYY,0.8442758917808533,101,N,A,F:\GENESIS Studio\genesis-studio\packages\engines-py\.pdb_cache\2HYY,A
2001,ThermoMPNN,2HYY,0.36554551124572754,101,N,C,F:\GENESIS Studio\genesis-studio\packages\engines-py\.pdb_cache\2HYY,A
2002,ThermoMPNN,2HYY,0.6526376008987427,101,N,D,F:\GENESIS Studio\genesis-studio\packages\engines-py\.pdb_cache\2HYY,A
2003,ThermoMPNN,2HYY,1.2853275537490845,101,N,E,F:\GENESIS Studio\genesis-studio\packages\engines-py\.pdb_cache\2HYY,A
2004,ThermoMPNN,2HYY,1.1886463165283203,101,N,F,F:\GENESIS Studio\genesis-studio\packages\engines-py\.pdb_cache\2HYY,A
2005,ThermoMPNN,2HYY,0.4859025478363037,101,N,G,F:\GENESIS Studio\genesis-studio\packages\engines-py\.pdb_cache\2HYY,A
2006,ThermoMPNN,2HYY,0.7286818623542786,101,N,H,F:\GENESIS Studio\genesis-studio\packages\engines-py\.pdb_cache\2HYY,A
2007,ThermoMPNN,2HYY,1.4079262018203735,101,N,I,F:\GENESIS Studio\genesis-studio\packages\engines-py\.pdb_cache\2HYY,A
2008,ThermoMPNN,2HYY,1.1728121042251587,101,N,K,F:\GENESIS Studio\genesis-studio\packages\engines-py\.pdb_cache\2HYY,A
2009,ThermoMPNN,2HYY,1.016655683517456,101,N,L,F:\GENESIS Studio\genesis-studio\packages\engines-py\.pdb_cache\2HYY,A
2010,ThermoMPNN,2HYY,1.0672025680541992,101,N,M,F:\GENESIS Studio\genesis-studio\packages\engines-py\.pdb_cache\2HYY,A
2011,ThermoMPNN,2HYY,0.0,101,N,N,F:\GENESIS Studio\genesis-studio\packages\engines-py\.pdb_cache\2HYY,A
2012,ThermoMPNN,2HYY,1.9564383029937744,101,N,P,F:\GENESIS Studio\genesis-studio\packages\engines-py\.pdb_cache\2HYY,A
2013,ThermoMPNN,2HYY,1.1829402446746826,101,N,Q,F:\GENESIS Studio\genesis-studio\packages\engines-py\.pdb_cache\2HYY,A
2014,ThermoMPNN,2HYY,1.1303772926330566,101,N,R,F:\GENESIS Studio\genesis-studio\packages\engines-py\.pdb_cache\2HYY,A
2015,ThermoMPNN,2HYY,0.673304557800293,101,N,S,F:\GENESIS Studio\genesis-studio\packages\engines-py\.pdb_cache\2HYY,A
2016,ThermoMPNN,2HYY,1.1822917461395264,101,N,T,F:\GENESIS Studio\genesis-studio\packages\engines-py\.pdb_cache\2HYY,A
2017,ThermoMPNN,2HYY,1.0794264078140259,101,N,V,F:\GENESIS Studio\genesis-studio\packages\engines-py\.pdb_cache\2HYY,A
2018,ThermoMPNN,2HYY,1.1938410997390747,101,N,W,F:\GENESIS Studio\genesis-studio\packages\engines-py\.pdb_cache\2HYY,A
2019,ThermoMPNN,2HYY,1.2082006931304932,101,N,Y,F:\GENESIS Studio\genesis-studio\packages\engines-py\.pdb_cache\2HYY,A
2020,ThermoMPNN,2HYY,0.0,102,A,A,F:\GENESIS Studio\genesis-studio\packages\engines-py\.pdb_cache\2HYY,A
2021,ThermoMPNN,2HYY,-0.49663692712783813,102,A,C,F:\GENESIS Studio\genesis-studio\packages\engines-py\.pdb_cache\2HYY,A
2022,ThermoMPNN,2HYY,0.27312588691711426,102,A,D,F:\GENESIS Studio\genesis-studio\packages\engines-py\.pdb_cache\2HYY,A
2023,ThermoMPNN,2HYY,-0.05244547128677368,102,A,E,F:\GENESIS Studio\genesis-studio\packages\engines-py\.pdb_cache\2HYY,A
2024,ThermoMPNN,2HYY,-0.5037803053855896,102,A,F,F:\GENESIS Studio\genesis-studio\packages\engines-py\.pdb_cache\2HYY,A
2025,ThermoMPNN,2HYY,0.360073447227478,102,A,G,F:\GENESIS Studio\genesis-studio\packages\engines-py\.pdb_cache\2HYY,A
2026,ThermoMPNN,2HYY,-0.03345721960067749,102,A,H,F:\GENESIS Studio\genesis-studio\packages\engines-py\.pdb_cache\2HYY,A
2027,ThermoMPNN,2HYY,-0.27280759811401367,102,A,I,F:\GENESIS Studio\genesis-studio\packages\engines-py\.pdb_cache\2HYY,A
2028,ThermoMPNN,2HYY,0.08442860841751099,102,A,K,F:\GENESIS Studio\genesis-studio\packages\engines-py\.pdb_cache\2HYY,A
2029,ThermoMPNN,2HYY,-0.29174578189849854,102,A,L,F:\GENESIS Studio\genesis-studio\packages\engines-py\.pdb_cache\2HYY,A
2030,ThermoMPNN,2HYY,-0.2981603741645813,102,A,M,F:\GENESIS Studio\genesis-studio\packages\engines-py\.pdb_cache\2HYY,A
2031,ThermoMPNN,2HYY,0.24888285994529724,102,A,N,F:\GENESIS Studio\genesis-studio\packages\engines-py\.pdb_cache\2HYY,A
2032,ThermoMPNN,2HYY,-0.08395063877105713,102,A,P,F:\GENESIS Studio\genesis-studio\packages\engines-py\.pdb_cache\2HYY,A
2033,ThermoMPNN,2HYY,0.05155360698699951,102,A,Q,F:\GENESIS Studio\genesis-studio\packages\engines-py\.pdb_cache\2HYY,A
2034,ThermoMPNN,2HYY,0.015548229217529297,102,A,R,F:\GENESIS Studio\genesis-studio\packages\engines-py\.pdb_cache\2HYY,A
2035,ThermoMPNN,2HYY,0.10828706622123718,102,A,S,F:\GENESIS Studio\genesis-studio\packages\engines-py\.pdb_cache\2HYY,A
2036,ThermoMPNN,2HYY,0.006863534450531006,102,A,T,F:\GENESIS Studio\genesis-studio\packages\engines-py\.pdb_cache\2HYY,A
2037,ThermoMPNN,2HYY,-0.24862730503082275,102,A,V,F:\GENESIS Studio\genesis-studio\packages\engines-py\.pdb_cache\2HYY,A
2038,ThermoMPNN,2HYY,-0.6039878726005554,102,A,W,F:\GENESIS Studio\genesis-studio\packages\engines-py\.pdb_cache\2HYY,A
2039,ThermoMPNN,2HYY,-0.38996797800064087,102,A,Y,F:\GENESIS Studio\genesis-studio\packages\engines-py\.pdb_cache\2HYY,A
2040,ThermoMPNN,2HYY,-0.1160615086555481,103,V,A,F:\GENESIS Studio\genesis-studio\packages\engines-py\.pdb_cache\2HYY,A
2041,ThermoMPNN,2HYY,-0.28911077976226807,103,V,C,F:\GENESIS Studio\genesis-studio\packages\engines-py\.pdb_cache\2HYY,A
2042,ThermoMPNN,2HYY,0.18870949745178223,103,V,D,F:\GENESIS Studio\genesis-studio\packages\engines-py\.pdb_cache\2HYY,A
2043,ThermoMPNN,2HYY,-0.05424845218658447,103,V,E,F:\GENESIS Studio\genesis-studio\packages\engines-py\.pdb_cache\2HYY,A
2044,ThermoMPNN,2HYY,-0.18223893642425537,103,V,F,F:\GENESIS Studio\genesis-studio\packages\engines-py\.pdb_cache\2HYY,A
2045,ThermoMPNN,2HYY,0.14167499542236328,103,V,G,F:\GENESIS Studio\genesis-studio\packages\engines-py\.pdb_cache\2HYY,A
2046,ThermoMPNN,2HYY,-0.04832261800765991,103,V,H,F:\GENESIS Studio\genesis-studio\packages\engines-py\.pdb_cache\2HYY,A
2047,ThermoMPNN,2HYY,-0.04628652334213257,103,V,I,F:\GENESIS Studio\genesis-studio\packages\engines-py\.pdb_cache\2HYY,A
2048,ThermoMPNN,2HYY,-0.24192655086517334,103,V,K,F:\GENESIS Studio\genesis-studio\packages\engines-py\.pdb_cache\2HYY,A
2049,ThermoMPNN,2HYY,-0.22551512718200684,103,V,L,F:\GENESIS Studio\genesis-studio\packages\engines-py\.pdb_cache\2HYY,A
2050,ThermoMPNN,2HYY,-0.1787940263748169,103,V,M,F:\GENESIS Studio\genesis-studio\packages\engines-py\.pdb_cache\2HYY,A
2051,ThermoMPNN,2HYY,0.09495151042938232,103,V,N,F:\GENESIS Studio\genesis-studio\packages\engines-py\.pdb_cache\2HYY,A
2052,ThermoMPNN,2HYY,0.6729979515075684,103,V,P,F:\GENESIS Studio\genesis-studio\packages\engines-py\.pdb_cache\2HYY,A
2053,ThermoMPNN,2HYY,-0.19779103994369507,103,V,Q,F:\GENESIS Studio\genesis-studio\packages\engines-py\.pdb_cache\2HYY,A
2054,ThermoMPNN,2HYY,-0.20405912399291992,103,V,R,F:\GENESIS Studio\genesis-studio\packages\engines-py\.pdb_cache\2HYY,A
2055,ThermoMPNN,2HYY,0.06429648399353027,103,V,S,F:\GENESIS Studio\genesis-studio\packages\engines-py\.pdb_cache\2HYY,A
2056,ThermoMPNN,2HYY,0.039361774921417236,103,V,T,F:\GENESIS Studio\genesis-studio\packages\engines-py\.pdb_cache\2HYY,A
2057,ThermoMPNN,2HYY,0.0,103,V,V,F:\GENESIS Studio\genesis-studio\packages\engines-py\.pdb_cache\2HYY,A
2058,ThermoMPNN,2HYY,-0.2081570029258728,103,V,W,F:\GENESIS Studio\genesis-studio\packages\engines-py\.pdb_cache\2HYY,A
2059,ThermoMPNN,2HYY,-0.1792067289352417,103,V,Y,F:\GENESIS Studio\genesis-studio\packages\engines-py\.pdb_cache\2HYY,A
2060,ThermoMPNN,2HYY,1.4162213802337646,104,V,A,F:\GENESIS Studio\genesis-studio\packages\engines-py\.pdb_cache\2HYY,A
2061,ThermoMPNN,2HYY,0.6925129890441895,104,V,C,F:\GENESIS Studio\genesis-studio\packages\engines-py\.pdb_cache\2HYY,A
2062,ThermoMPNN,2HYY,2.9986660480499268,104,V,D,F:\GENESIS Studio\genesis-studio\packages\engines-py\.pdb_cache\2HYY,A
2063,ThermoMPNN,2HYY,2.1188466548919678,104,V,E,F:\GENESIS Studio\genesis-studio\packages\engines-py\.pdb_cache\2HYY,A
2064,ThermoMPNN,2HYY,1.3470103740692139,104,V,F,F:\GENESIS Studio\genesis-studio\packages\engines-py\.pdb_cache\2HYY,A
2065,ThermoMPNN,2HYY,2.6210572719573975,104,V,G,F:\GENESIS Studio\genesis-studio\packages\engines-py\.pdb_cache\2HYY,A
2066,ThermoMPNN,2HYY,1.754198670387268,104,V,H,F:\GENESIS Studio\genesis-studio\packages\engines-py\.pdb_cache\2HYY,A
2067,ThermoMPNN,2HYY,0.05314064025878906,104,V,I,F:\GENESIS Studio\genesis-studio\packages\engines-py\.pdb_cache\2HYY,A
2068,ThermoMPNN,2HYY,1.3453905582427979,104,V,K,F:\GENESIS Studio\genesis-studio\packages\engines-py\.pdb_cache\2HYY,A
2069,ThermoMPNN,2HYY,0.7982496023178101,104,V,L,F:\GENESIS Studio\genesis-studio\packages\engines-py\.pdb_cache\2HYY,A
2070,ThermoMPNN,2HYY,0.9380291700363159,104,V,M,F:\GENESIS Studio\genesis-studio\packages\engines-py\.pdb_cache\2HYY,A
2071,ThermoMPNN,2HYY,2.310012102127075,104,V,N,F:\GENESIS Studio\genesis-studio\packages\engines-py\.pdb_cache\2HYY,A
2072,ThermoMPNN,2HYY,2.6807429790496826,104,V,P,F:\GENESIS Studio\genesis-studio\packages\engines-py\.pdb_cache\2HYY,A
2073,ThermoMPNN,2HYY,1.4837546348571777,104,V,Q,F:\GENESIS Studio\genesis-studio\packages\engines-py\.pdb_cache\2HYY,A
2074,ThermoMPNN,2HYY,1.4018800258636475,104,V,R,F:\GENESIS Studio\genesis-studio\packages\engines-py\.pdb_cache\2HYY,A
2075,ThermoMPNN,2HYY,1.8356021642684937,104,V,S,F:\GENESIS Studio\genesis-studio\packages\engines-py\.pdb_cache\2HYY,A
2076,ThermoMPNN,2HYY,1.0481165647506714,104,V,T,F:\GENESIS Studio\genesis-studio\packages\engines-py\.pdb_cache\2HYY,A
2077,ThermoMPNN,2HYY,0.0,104,V,V,F:\GENESIS Studio\genesis-studio\packages\engines-py\.pdb_cache\2HYY,A
2078,ThermoMPNN,2HYY,1.3766952753067017,104,V,W,F:\GENESIS Studio\genesis-studio\packages\engines-py\.pdb_cache\2HYY,A
2079,ThermoMPNN,2HYY,1.377628207206726,104,V,Y,F:\GENESIS Studio\genesis-studio\packages\engines-py\.pdb_cache\2HYY,A
2080,ThermoMPNN,2HYY,2.0030100345611572,105,L,A,F:\GENESIS Studio\genesis-studio\packages\engines-py\.pdb_cache\2HYY,A
2081,ThermoMPNN,2HYY,1.1963131427764893,105,L,C,F:\GENESIS Studio\genesis-studio\packages\engines-py\.pdb_cache\2HYY,A
2082,ThermoMPNN,2HYY,2.7592859268188477,105,L,D,F:\GENESIS Studio\genesis-studio\packages\engines-py\.pdb_cache\2HYY,A
2083,ThermoMPNN,2HYY,2.346202850341797,105,L,E,F:\GENESIS Studio\genesis-studio\packages\engines-py\.pdb_cache\2HYY,A
2084,ThermoMPNN,2HYY,1.46168851852417,105,L,F,F:\GENESIS Studio\genesis-studio\packages\engines-py\.pdb_cache\2HYY,A
2085,ThermoMPNN,2HYY,2.7086198329925537,105,L,G,F:\GENESIS Studio\genesis-studio\packages\engines-py\.pdb_cache\2HYY,A
2086,ThermoMPNN,2HYY,1.9004077911376953,105,L,H,F:\GENESIS Studio\genesis-studio\packages\engines-py\.pdb_cache\2HYY,A
2087,ThermoMPNN,2HYY,0.9547730684280396,105,L,I,F:\GENESIS Studio\genesis-studio\packages\engines-py\.pdb_cache\2HYY,A
2088,ThermoMPNN,2HYY,1.0845229625701904,105,L,K,F:\GENESIS Studio\genesis-studio\packages\engines-py\.pdb_cache\2HYY,A
2089,ThermoMPNN,2HYY,0.0,105,L,L,F:\GENESIS Studio\genesis-studio\packages\engines-py\.pdb_cache\2HYY,A
2090,ThermoMPNN,2HYY,0.7923754453659058,105,L,M,F:\GENESIS Studio\genesis-studio\packages\engines-py\.pdb_cache\2HYY,A
2091,ThermoMPNN,2HYY,2.1588478088378906,105,L,N,F:\GENESIS Studio\genesis-studio\packages\engines-py\.pdb_cache\2HYY,A
2092,ThermoMPNN,2HYY,2.805856227874756,105,L,P,F:\GENESIS Studio\genesis-studio\packages\engines-py\.pdb_cache\2HYY,A
2093,ThermoMPNN,2HYY,1.6138582229614258,105,L,Q,F:\GENESIS Studio\genesis-studio\packages\engines-py\.pdb_cache\2HYY,A
2094,ThermoMPNN,2HYY,0.9559910297393799,105,L,R,F:\GENESIS Studio\genesis-studio\packages\engines-py\.pdb_cache\2HYY,A
2095,ThermoMPNN,2HYY,2.2691731452941895,105,L,S,F:\GENESIS Studio\genesis-studio\packages\engines-py\.pdb_cache\2HYY,A
2096,ThermoMPNN,2HYY,1.8638920783996582,105,L,T,F:\GENESIS Studio\genesis-studio\packages\engines-py\.pdb_cache\2HYY,A
2097,ThermoMPNN,2HYY,1.280979871749878,105,L,V,F:\GENESIS Studio\genesis-studio\packages\engines-py\.pdb_cache\2HYY,A
2098,ThermoMPNN,2HYY,1.053295612335205,105,L,W,F:\GENESIS Studio\genesis-studio\packages\engines-py\.pdb_cache\2HYY,A
2099,ThermoMPNN,2HYY,1.4431145191192627,105,L,Y,F:\GENESIS Studio\genesis-studio\packages\engines-py\.pdb_cache\2HYY,A
2100,ThermoMPNN,2HYY,1.8337053060531616,106,L,A,F:\GENESIS Studio\genesis-studio\packages\engines-py\.pdb_cache\2HYY,A
2101,ThermoMPNN,2HYY,1.057612419128418,106,L,C,F:\GENESIS Studio\genesis-studio\packages\engines-py\.pdb_cache\2HYY,A
2102,ThermoMPNN,2HYY,2.5922937393188477,106,L,D,F:\GENESIS Studio\genesis-studio\packages\engines-py\.pdb_cache\2HYY,A
2103,ThermoMPNN,2HYY,2.3022193908691406,106,L,E,F:\GENESIS Studio\genesis-studio\packages\engines-py\.pdb_cache\2HYY,A
2104,ThermoMPNN,2HYY,1.179088830947876,106,L,F,F:\GENESIS Studio\genesis-studio\packages\engines-py\.pdb_cache\2HYY,A
2105,ThermoMPNN,2HYY,2.5244038105010986,106,L,G,F:\GENESIS Studio\genesis-studio\packages\engines-py\.pdb_cache\2HYY,A
2106,ThermoMPNN,2HYY,2.212646007537842,106,L,H,F:\GENESIS Studio\genesis-studio\packages\engines-py\.pdb_cache\2HYY,A
2107,ThermoMPNN,2HYY,0.2990834712982178,106,L,I,F:\GENESIS Studio\genesis-studio\packages\engines-py\.pdb_cache\2HYY,A
2108,ThermoMPNN,2HYY,2.259570598602295,106,L,K,F:\GENESIS Studio\genesis-studio\packages\engines-py\.pdb_cache\2HYY,A
2109,ThermoMPNN,2HYY,0.0,106,L,L,F:\GENESIS Studio\genesis-studio\packages\engines-py\.pdb_cache\2HYY,A
2110,ThermoMPNN,2HYY,0.8289661407470703,106,L,M,F:\GENESIS Studio\genesis-studio\packages\engines-py\.pdb_cache\2HYY,A
2111,ThermoMPNN,2HYY,2.391270399093628,106,L,N,F:\GENESIS Studio\genesis-studio\packages\engines-py\.pdb_cache\2HYY,A
2112,ThermoMPNN,2HYY,2.7146899700164795,106,L,P,F:\GENESIS Studio\genesis-studio\packages\engines-py\.pdb_cache\2HYY,A
2113,ThermoMPNN,2HYY,2.1785666942596436,106,L,Q,F:\GENESIS Studio\genesis-studio\packages\engines-py\.pdb_cache\2HYY,A
2114,ThermoMPNN,2HYY,2.3670847415924072,106,L,R,F:\GENESIS Studio\genesis-studio\packages\engines-py\.pdb_cache\2HYY,A
2115,ThermoMPNN,2HYY,2.257812023162842,106,L,S,F:\GENESIS Studio\genesis-studio\packages\engines-py\.pdb_cache\2HYY,A
2116,ThermoMPNN,2HYY,1.7697166204452515,106,L,T,F:\GENESIS Studio\genesis-studio\packages\engines-py\.pdb_cache\2HYY,A
2117,ThermoMPNN,2HYY,0.6724797487258911,106,L,V,F:\GENESIS Studio\genesis-studio\packages\engines-py\.pdb_cache\2HYY,A
2118,ThermoMPNN,2HYY,1.3761324882507324,106,L,W,F:\GENESIS Studio\genesis-studio\packages\engines-py\.pdb_cache\2HYY,A
2119,ThermoMPNN,2HYY,1.468388319015503,106,L,Y,F:\GENESIS Studio\genesis-studio\packages\engines-py\.pdb_cache\2HYY,A
2120,ThermoMPNN,2HYY,0.3845321536064148,107,Y,A,F:\GENESIS Studio\genesis-studio\packages\engines-py\.pdb_cache\2HYY,A
2121,ThermoMPNN,2HYY,-0.04005706310272217,107,Y,C,F:\GENESIS Studio\genesis-studio\packages\engines-py\.pdb_cache\2HYY,A
2122,ThermoMPNN,2HYY,1.176687479019165,107,Y,D,F:\GENESIS Studio\genesis-studio\packages\engines-py\.pdb_cache\2HYY,A
2123,ThermoMPNN,2HYY,0.8466746807098389,107,Y,E,F:\GENESIS Studio\genesis-studio\packages\engines-py\.pdb_cache\2HYY,A
2124,ThermoMPNN,2HYY,-0.16711390018463135,107,Y,F,F:\GENESIS Studio\genesis-studio\packages\engines-py\.pdb_cache\2HYY,A
2125,ThermoMPNN,2HYY,0.9382906556129456,107,Y,G,F:\GENESIS Studio\genesis-studio\packages\engines-py\.pdb_cache\2HYY,A
2126,ThermoMPNN,2HYY,0.2690643072128296,107,Y,H,F:\GENESIS Studio\genesis-studio\packages\engines-py\.pdb_cache\2HYY,A
2127,ThermoMPNN,2HYY,0.5779798030853271,107,Y,I,F:\GENESIS Studio\genesis-studio\packages\engines-py\.pdb_cache\2HYY,A
2128,ThermoMPNN,2HYY,-0.053021907806396484,107,Y,K,F:\GENESIS Studio\genesis-studio\packages\engines-py\.pdb_cache\2HYY,A
2129,ThermoMPNN,2HYY,0.007844328880310059,107,Y,L,F:\GENESIS Studio\genesis-studio\packages\engines-py\.pdb_cache\2HYY,A
2130,ThermoMPNN,2HYY,-0.020066499710083008,107,Y,M,F:\GENESIS Studio\genesis-studio\packages\engines-py\.pdb_cache\2HYY,A
2131,ThermoMPNN,2HYY,0.5869227647781372,107,Y,N,F:\GENESIS Studio\genesis-studio\packages\engines-py\.pdb_cache\2HYY,A
2132,ThermoMPNN,2HYY,2.2663536071777344,107,Y,P,F:\GENESIS Studio\genesis-studio\packages\engines-py\.pdb_cache\2HYY,A
2133,ThermoMPNN,2HYY,0.21547365188598633,107,Y,Q,F:\GENESIS Studio\genesis-studio\packages\engines-py\.pdb_cache\2HYY,A
2134,ThermoMPNN,2HYY,-0.2549656629562378,107,Y,R,F:\GENESIS Studio\genesis-studio\packages\engines-py\.pdb_cache\2HYY,A
2135,ThermoMPNN,2HYY,0.6063781976699829,107,Y,S,F:\GENESIS Studio\genesis-studio\packages\engines-py\.pdb_cache\2HYY,A
2136,ThermoMPNN,2HYY,0.6907978057861328,107,Y,T,F:\GENESIS Studio\genesis-studio\packages\engines-py\.pdb_cache\2HYY,A
2137,ThermoMPNN,2HYY,0.5892812013626099,107,Y,V,F:\GENESIS Studio\genesis-studio\packages\engines-py\.pdb_cache\2HYY,A
2138,ThermoMPNN,2HYY,-0.030770182609558105,107,Y,W,F:\GENESIS Studio\genesis-studio\packages\engines-py\.pdb_cache\2HYY,A
2139,ThermoMPNN,2HYY,0.0,107,Y,Y,F:\GENESIS Studio\genesis-studio\packages\engines-py\.pdb_cache\2HYY,A
2140,ThermoMPNN,2HYY,2.0157454013824463,108,M,A,F:\GENESIS Studio\genesis-studio\packages\engines-py\.pdb_cache\2HYY,A
2141,ThermoMPNN,2HYY,1.5879056453704834,108,M,C,F:\GENESIS Studio\genesis-studio\packages\engines-py\.pdb_cache\2HYY,A
2142,ThermoMPNN,2HYY,3.342649221420288,108,M,D,F:\GENESIS Studio\genesis-studio\packages\engines-py\.pdb_cache\2HYY,A
2143,ThermoMPNN,2HYY,3.0369203090667725,108,M,E,F:\GENESIS Studio\genesis-studio\packages\engines-py\.pdb_cache\2HYY,A
2144,ThermoMPNN,2HYY,0.7841386795043945,108,M,F,F:\GENESIS Studio\genesis-studio\packages\engines-py\.pdb_cache\2HYY,A
2145,ThermoMPNN,2HYY,2.873363494873047,108,M,G,F:\GENESIS Studio\genesis-studio\packages\engines-py\.pdb_cache\2HYY,A
2146,ThermoMPNN,2HYY,2.520721673965454,108,M,H,F:\GENESIS Studio\genesis-studio\packages\engines-py\.pdb_cache\2HYY,A
2147,ThermoMPNN,2HYY,0.22271347045898438,108,M,I,F:\GENESIS Studio\genesis-studio\packages\engines-py\.pdb_cache\2HYY,A
2148,ThermoMPNN,2HYY,3.068986654281616,108,M,K,F:\GENESIS Studio\genesis-studio\packages\engines-py\.pdb_cache\2HYY,A
2149,ThermoMPNN,2HYY,-0.03635096549987793,108,M,L,F:\GENESIS Studio\genesis-studio\packages\engines-py\.pdb_cache\2HYY,A
2150,ThermoMPNN,2HYY,0.0,108,M,M,F:\GENESIS Studio\genesis-studio\packages\engines-py\.pdb_cache\2HYY,A
2151,ThermoMPNN,2HYY,3.010823965072632,108,M,N,F:\GENESIS Studio\genesis-studio\packages\engines-py\.pdb_cache\2HYY,A
2152,ThermoMPNN,2HYY,3.2931623458862305,108,M,P,F:\GENESIS Studio\genesis-studio\packages\engines-py\.pdb_cache\2HYY,A
2153,ThermoMPNN,2HYY,2.5844855308532715,108,M,Q,F:\GENESIS Studio\genesis-studio\packages\engines-py\.pdb_cache\2HYY,A
2154,ThermoMPNN,2HYY,2.822615623474121,108,M,R,F:\GENESIS Studio\genesis-studio\packages\engines-py\.pdb_cache\2HYY,A
2155,ThermoMPNN,2HYY,3.1429014205932617,108,M,S,F:\GENESIS Studio\genesis-studio\packages\engines-py\.pdb_cache\2HYY,A
2156,ThermoMPNN,2HYY,2.9011266231536865,108,M,T,F:\GENESIS Studio\genesis-studio\packages\engines-py\.pdb_cache\2HYY,A
2157,ThermoMPNN,2HYY,1.557457447052002,108,M,V,F:\GENESIS Studio\genesis-studio\packages\engines-py\.pdb_cache\2HYY,A
2158,ThermoMPNN,2HYY,1.7384600639343262,108,M,W,F:\GENESIS Studio\genesis-studio\packages\engines-py\.pdb_cache\2HYY,A
2159,ThermoMPNN,2HYY,1.5285050868988037,108,M,Y,F:\GENESIS Studio\genesis-studio\packages\engines-py\.pdb_cache\2HYY,A
2160,ThermoMPNN,2HYY,0.0,109,A,A,F:\GENESIS Studio\genesis-studio\packages\engines-py\.pdb_cache\2HYY,A
2161,ThermoMPNN,2HYY,-0.47507619857788086,109,A,C,F:\GENESIS Studio\genesis-studio\packages\engines-py\.pdb_cache\2HYY,A
2162,ThermoMPNN,2HYY,2.571150541305542,109,A,D,F:\GENESIS Studio\genesis-studio\packages\engines-py\.pdb_cache\2HYY,A
2163,ThermoMPNN,2HYY,2.030993700027466,109,A,E,F:\GENESIS Studio\genesis-studio\packages\engines-py\.pdb_cache\2HYY,A
2164,ThermoMPNN,2HYY,-0.14191877841949463,109,A,F,F:\GENESIS Studio\genesis-studio\packages\engines-py\.pdb_cache\2HYY,A
2165,ThermoMPNN,2HYY,1.5548086166381836,109,A,G,F:\GENESIS Studio\genesis-studio\packages\engines-py\.pdb_cache\2HYY,A
2166,ThermoMPNN,2HYY,1.329531192779541,109,A,H,F:\GENESIS Studio\genesis-studio\packages\engines-py\.pdb_cache\2HYY,A
2167,ThermoMPNN,2HYY,-0.7902164459228516,109,A,I,F:\GENESIS Studio\genesis-studio\packages\engines-py\.pdb_cache\2HYY,A
2168,ThermoMPNN,2HYY,1.5007226467132568,109,A,K,F:\GENESIS Studio\genesis-studio\packages\engines-py\.pdb_cache\2HYY,A
2169,ThermoMPNN,2HYY,-0.7966394424438477,109,A,L,F:\GENESIS Studio\genesis-studio\packages\engines-py\.pdb_cache\2HYY,A
2170,ThermoMPNN,2HYY,-0.7841923236846924,109,A,M,F:\GENESIS Studio\genesis-studio\packages\engines-py\.pdb_cache\2HYY,A
2171,ThermoMPNN,2HYY,1.8862168788909912,109,A,N,F:\GENESIS Studio\genesis-studio\packages\engines-py\.pdb_cache\2HYY,A
2172,ThermoMPNN,2HYY,3.0148568153381348,109,A,P,F:\GENESIS Studio\genesis-studio\packages\engines-py\.pdb_cache\2HYY,A
2173,ThermoMPNN,2HYY,1.274632453918457,109,A,Q,F:\GENESIS Studio\genesis-studio\packages\engines-py\.pdb_cache\2HYY,A
2174,ThermoMPNN,2HYY,1.2864183187484741,109,A,R,F:\GENESIS Studio\genesis-studio\packages\engines-py\.pdb_cache\2HYY,A
2175,ThermoMPNN,2HYY,0.9383527040481567,109,A,S,F:\GENESIS Studio\genesis-studio\packages\engines-py\.pdb_cache\2HYY,A
2176,ThermoMPNN,2HYY,0.7999700307846069,109,A,T,F:\GENESIS Studio\genesis-studio\packages\engines-py\.pdb_cache\2HYY,A
2177,ThermoMPNN,2HYY,-0.5204434394836426,109,A,V,F:\GENESIS Studio\genesis-studio\packages\engines-py\.pdb_cache\2HYY,A
2178,ThermoMPNN,2HYY,0.15882271528244019,109,A,W,F:\GENESIS Studio\genesis-studio\packages\engines-py\.pdb_cache\2HYY,A
2179,ThermoMPNN,2HYY,0.22702527046203613,109,A,Y,F:\GENESIS Studio\genesis-studio\packages\engines-py\.pdb_cache\2HYY,A
2180,ThermoMPNN,2HYY,0.18246972560882568,110,T,A,F:\GENESIS Studio\genesis-studio\packages\engines-py\.pdb_cache\2HYY,A
2181,ThermoMPNN,2HYY,-0.7213913202285767,110,T,C,F:\GENESIS Studio\genesis-studio\packages\engines-py\.pdb_cache\2HYY,A
2182,ThermoMPNN,2HYY,1.4404197931289673,110,T,D,F:\GENESIS Studio\genesis-studio\packages\engines-py\.pdb_cache\2HYY,A
2183,ThermoMPNN,2HYY,0.9651173949241638,110,T,E,F:\GENESIS Studio\genesis-studio\packages\engines-py\.pdb_cache\2HYY,A
2184,ThermoMPNN,2HYY,-1.0240113735198975,110,T,F,F:\GENESIS Studio\genesis-studio\packages\engines-py\.pdb_cache\2HYY,A
2185,ThermoMPNN,2HYY,0.9198773503303528,110,T,G,F:\GENESIS Studio\genesis-studio\packages\engines-py\.pdb_cache\2HYY,A
2186,ThermoMPNN,2HYY,-0.04909190535545349,110,T,H,F:\GENESIS Studio\genesis-studio\packages\engines-py\.pdb_cache\2HYY,A
2187,ThermoMPNN,2HYY,-0.7833225727081299,110,T,I,F:\GENESIS Studio\genesis-studio\packages\engines-py\.pdb_cache\2HYY,A
2188,ThermoMPNN,2HYY,0.1320962905883789,110,T,K,F:\GENESIS Studio\genesis-studio\packages\engines-py\.pdb_cache\2HYY,A
2189,ThermoMPNN,2HYY,-1.5173777341842651,110,T,L,F:\GENESIS Studio\genesis-studio\packages\engines-py\.pdb_cache\2HYY,A
2190,ThermoMPNN,2HYY,-0.7961286306381226,110,T,M,F:\GENESIS Studio\genesis-studio\packages\engines-py\.pdb_cache\2HYY,A
2191,ThermoMPNN,2HYY,0.6667760014533997,110,T,N,F:\GENESIS Studio\genesis-studio\packages\engines-py\.pdb_cache\2HYY,A
2192,ThermoMPNN,2HYY,1.162343978881836,110,T,P,F:\GENESIS Studio\genesis-studio\packages\engines-py\.pdb_cache\2HYY,A
2193,ThermoMPNN,2HYY,0.3659037947654724,110,T,Q,F:\GENESIS Studio\genesis-studio\packages\engines-py\.pdb_cache\2HYY,A
2194,ThermoMPNN,2HYY,0.013992488384246826,110,T,R,F:\GENESIS Studio\genesis-studio\packages\engines-py\.pdb_cache\2HYY,A
2195,ThermoMPNN,2HYY,0.40496015548706055,110,T,S,F:\GENESIS Studio\genesis-studio\packages\engines-py\.pdb_cache\2HYY,A
2196,ThermoMPNN,2HYY,0.0,110,T,T,F:\GENESIS Studio\genesis-studio\packages\engines-py\.pdb_cache\2HYY,A
2197,ThermoMPNN,2HYY,-0.6599156856536865,110,T,V,F:\GENESIS Studio\genesis-studio\packages\engines-py\.pdb_cache\2HYY,A
2198,ThermoMPNN,2HYY,-0.9669203758239746,110,T,W,F:\GENESIS Studio\genesis-studio\packages\engines-py\.pdb_cache\2HYY,A
2199,ThermoMPNN,2HYY,-1.168707013130188,110,T,Y,F:\GENESIS Studio\genesis-studio\packages\engines-py\.pdb_cache\2HYY,A
2200,ThermoMPNN,2HYY,1.361685037612915,111,Q,A,F:\GENESIS Studio\genesis-studio\packages\engines-py\.pdb_cache\2HYY,A
2201,ThermoMPNN,2HYY,1.4225852489471436,111,Q,C,F:\GENESIS Studio\genesis-studio\packages\engines-py\.pdb_cache\2HYY,A
2202,ThermoMPNN,2HYY,3.1184659004211426,111,Q,D,F:\GENESIS Studio\genesis-studio\packages\engines-py\.pdb_cache\2HYY,A
2203,ThermoMPNN,2HYY,1.9068151712417603,111,Q,E,F:\GENESIS Studio\genesis-studio\packages\engines-py\.pdb_cache\2HYY,A
2204,ThermoMPNN,2HYY,1.613175630569458,111,Q,F,F:\GENESIS Studio\genesis-studio\packages\engines-py\.pdb_cache\2HYY,A
2205,ThermoMPNN,2HYY,1.8726509809494019,111,Q,G,F:\GENESIS Studio\genesis-studio\packages\engines-py\.pdb_cache\2HYY,A
2206,ThermoMPNN,2HYY,1.4051021337509155,111,Q,H,F:\GENESIS Studio\genesis-studio\packages\engines-py\.pdb_cache\2HYY,A
2207,ThermoMPNN,2HYY,2.2904555797576904,111,Q,I,F:\GENESIS Studio\genesis-studio\packages\engines-py\.pdb_cache\2HYY,A
2208,ThermoMPNN,2HYY,1.2494693994522095,111,Q,K,F:\GENESIS Studio\genesis-studio\packages\engines-py\.pdb_cache\2HYY,A
2209,ThermoMPNN,2HYY,1.4242470264434814,111,Q,L,F:\GENESIS Studio\genesis-studio\packages\engines-py\.pdb_cache\2HYY,A
2210,ThermoMPNN,2HYY,0.4970967769622803,111,Q,M,F:\GENESIS Studio\genesis-studio\packages\engines-py\.pdb_cache\2HYY,A
2211,ThermoMPNN,2HYY,2.161564826965332,111,Q,N,F:\GENESIS Studio\genesis-studio\packages\engines-py\.pdb_cache\2HYY,A
2212,ThermoMPNN,2HYY,3.8482120037078857,111,Q,P,F:\GENESIS Studio\genesis-studio\packages\engines-py\.pdb_cache\2HYY,A
2213,ThermoMPNN,2HYY,0.0,111,Q,Q,F:\GENESIS Studio\genesis-studio\packages\engines-py\.pdb_cache\2HYY,A
2214,ThermoMPNN,2HYY,1.556993007659912,111,Q,R,F:\GENESIS Studio\genesis-studio\packages\engines-py\.pdb_cache\2HYY,A
2215,ThermoMPNN,2HYY,1.961604118347168,111,Q,S,F:\GENESIS Studio\genesis-studio\packages\engines-py\.pdb_cache\2HYY,A
2216,ThermoMPNN,2HYY,2.511829376220703,111,Q,T,F:\GENESIS Studio\genesis-studio\packages\engines-py\.pdb_cache\2HYY,A
2217,ThermoMPNN,2HYY,2.2778995037078857,111,Q,V,F:\GENESIS Studio\genesis-studio\packages\engines-py\.pdb_cache\2HYY,A
2218,ThermoMPNN,2HYY,2.0180842876434326,111,Q,W,F:\GENESIS Studio\genesis-studio\packages\engines-py\.pdb_cache\2HYY,A
2219,ThermoMPNN,2HYY,1.880466341972351,111,Q,Y,F:\GENESIS Studio\genesis-studio\packages\engines-py\.pdb_cache\2HYY,A
2220,ThermoMPNN,2HYY,2.293717861175537,112,I,A,F:\GENESIS Studio\genesis-studio\packages\engines-py\.pdb_cache\2HYY,A
2221,ThermoMPNN,2HYY,1.7409181594848633,112,I,C,F:\GENESIS Studio\genesis-studio\packages\engines-py\.pdb_cache\2HYY,A
2222,ThermoMPNN,2HYY,3.2842459678649902,112,I,D,F:\GENESIS Studio\genesis-studio\packages\engines-py\.pdb_cache\2HYY,A
2223,ThermoMPNN,2HYY,3.2389581203460693,112,I,E,F:\GENESIS Studio\genesis-studio\packages\engines-py\.pdb_cache\2HYY,A
2224,ThermoMPNN,2HYY,1.9798589944839478,112,I,F,F:\GENESIS Studio\genesis-studio\packages\engines-py\.pdb_cache\2HYY,A
2225,ThermoMPNN,2HYY,3.0960357189178467,112,I,G,F:\GENESIS Studio\genesis-studio\packages\engines-py\.pdb_cache\2HYY,A
2226,ThermoMPNN,2HYY,3.020718574523926,112,I,H,F:\GENESIS Studio\genesis-studio\packages\engines-py\.pdb_cache\2HYY,A
2227,ThermoMPNN,2HYY,0.0,112,I,I,F:\GENESIS Studio\genesis-studio\packages\engines-py\.pdb_cache\2HYY,A
2228,ThermoMPNN,2HYY,2.978208303451538,112,I,K,F:\GENESIS Studio\genesis-studio\packages\engines-py\.pdb_cache\2HYY,A
2229,ThermoMPNN,2HYY,0.9833788871765137,112,I,L,F:\GENESIS Studio\genesis-studio\packages\engines-py\.pdb_cache\2HYY,A
2230,ThermoMPNN,2HYY,1.6641206741333008,112,I,M,F:\GENESIS Studio\genesis-studio\packages\engines-py\.pdb_cache\2HYY,A
2231,ThermoMPNN,2HYY,3.1753222942352295,112,I,N,F:\GENESIS Studio\genesis-studio\packages\engines-py\.pdb_cache\2HYY,A
2232,ThermoMPNN,2HYY,3.4170401096343994,112,I,P,F:\GENESIS Studio\genesis-studio\packages\engines-py\.pdb_cache\2HYY,A
2233,ThermoMPNN,2HYY,3.0411887168884277,112,I,Q,F:\GENESIS Studio\genesis-studio\packages\engines-py\.pdb_cache\2HYY,A
2234,ThermoMPNN,2HYY,3.021246910095215,112,I,R,F:\GENESIS Studio\genesis-studio\packages\engines-py\.pdb_cache\2HYY,A
2235,ThermoMPNN,2HYY,3.0286154747009277,112,I,S,F:\GENESIS Studio\genesis-studio\packages\engines-py\.pdb_cache\2HYY,A
2236,ThermoMPNN,2HYY,2.4495553970336914,112,I,T,F:\GENESIS Studio\genesis-studio\packages\engines-py\.pdb_cache\2HYY,A
2237,ThermoMPNN,2HYY,0.7559902667999268,112,I,V,F:\GENESIS Studio\genesis-studio\packages\engines-py\.pdb_cache\2HYY,A
2238,ThermoMPNN,2HYY,2.392829179763794,112,I,W,F:\GENESIS Studio\genesis-studio\packages\engines-py\.pdb_cache\2HYY,A
2239,ThermoMPNN,2HYY,2.3347179889678955,112,I,Y,F:\GENESIS Studio\genesis-studio\packages\engines-py\.pdb_cache\2HYY,A
2240,ThermoMPNN,2HYY,-0.39517390727996826,113,S,A,F:\GENESIS Studio\genesis-studio\packages\engines-py\.pdb_cache\2HYY,A
2241,ThermoMPNN,2HYY,0.0013308525085449219,113,S,C,F:\GENESIS Studio\genesis-studio\packages\engines-py\.pdb_cache\2HYY,A
2242,ThermoMPNN,2HYY,2.143329620361328,113,S,D,F:\GENESIS Studio\genesis-studio\packages\engines-py\.pdb_cache\2HYY,A
2243,ThermoMPNN,2HYY,1.727675437927246,113,S,E,F:\GENESIS Studio\genesis-studio\packages\engines-py\.pdb_cache\2HYY,A
2244,ThermoMPNN,2HYY,0.9091845750808716,113,S,F,F:\GENESIS Studio\genesis-studio\packages\engines-py\.pdb_cache\2HYY,A
2245,ThermoMPNN,2HYY,0.8586808443069458,113,S,G,F:\GENESIS Studio\genesis-studio\packages\engines-py\.pdb_cache\2HYY,A
2246,ThermoMPNN,2HYY,1.845665454864502,113,S,H,F:\GENESIS Studio\genesis-studio\packages\engines-py\.pdb_cache\2HYY,A
2247,ThermoMPNN,2HYY,0.456262469291687,113,S,I,F:\GENESIS Studio\genesis-studio\packages\engines-py\.pdb_cache\2HYY,A
2248,ThermoMPNN,2HYY,1.9138340950012207,113,S,K,F:\GENESIS Studio\genesis-studio\packages\engines-py\.pdb_cache\2HYY,A
2249,ThermoMPNN,2HYY,0.7906510829925537,113,S,L,F:\GENESIS Studio\genesis-studio\packages\engines-py\.pdb_cache\2HYY,A
2250,ThermoMPNN,2HYY,0.6550465226173401,113,S,M,F:\GENESIS Studio\genesis-studio\packages\engines-py\.pdb_cache\2HYY,A
2251,ThermoMPNN,2HYY,1.9248788356781006,113,S,N,F:\GENESIS Studio\genesis-studio\packages\engines-py\.pdb_cache\2HYY,A
2252,ThermoMPNN,2HYY,1.9631199836730957,113,S,P,F:\GENESIS Studio\genesis-studio\packages\engines-py\.pdb_cache\2HYY,A
2253,ThermoMPNN,2HYY,1.717954397201538,113,S,Q,F:\GENESIS Studio\genesis-studio\packages\engines-py\.pdb_cache\2HYY,A
2254,ThermoMPNN,2HYY,1.8069884777069092,113,S,R,F:\GENESIS Studio\genesis-studio\packages\engines-py\.pdb_cache\2HYY,A
2255,ThermoMPNN,2HYY,0.0,113,S,S,F:\GENESIS Studio\genesis-studio\packages\engines-py\.pdb_cache\2HYY,A
2256,ThermoMPNN,2HYY,0.5084744691848755,113,S,T,F:\GENESIS Studio\genesis-studio\packages\engines-py\.pdb_cache\2HYY,A
2257,ThermoMPNN,2HYY,0.3259042501449585,113,S,V,F:\GENESIS Studio\genesis-studio\packages\engines-py\.pdb_cache\2HYY,A
2258,ThermoMPNN,2HYY,0.9616329073905945,113,S,W,F:\GENESIS Studio\genesis-studio\packages\engines-py\.pdb_cache\2HYY,A
2259,ThermoMPNN,2HYY,1.2113804817199707,113,S,Y,F:\GENESIS Studio\genesis-studio\packages\engines-py\.pdb_cache\2HYY,A
2260,ThermoMPNN,2HYY,-0.130729079246521,114,S,A,F:\GENESIS Studio\genesis-studio\packages\engines-py\.pdb_cache\2HYY,A
2261,ThermoMPNN,2HYY,0.1963329315185547,114,S,C,F:\GENESIS Studio\genesis-studio\packages\engines-py\.pdb_cache\2HYY,A
2262,ThermoMPNN,2HYY,0.7409540414810181,114,S,D,F:\GENESIS Studio\genesis-studio\packages\engines-py\.pdb_cache\2HYY,A
2263,ThermoMPNN,2HYY,0.4988689422607422,114,S,E,F:\GENESIS Studio\genesis-studio\packages\engines-py\.pdb_cache\2HYY,A
2264,ThermoMPNN,2HYY,0.67140793800354,114,S,F,F:\GENESIS Studio\genesis-studio\packages\engines-py\.pdb_cache\2HYY,A
2265,ThermoMPNN,2HYY,0.5139663815498352,114,S,G,F:\GENESIS Studio\genesis-studio\packages\engines-py\.pdb_cache\2HYY,A
2266,ThermoMPNN,2HYY,0.5286567807197571,114,S,H,F:\GENESIS Studio\genesis-studio\packages\engines-py\.pdb_cache\2HYY,A
2267,ThermoMPNN,2HYY,0.6557537317276001,114,S,I,F:\GENESIS Studio\genesis-studio\packages\engines-py\.pdb_cache\2HYY,A
2268,ThermoMPNN,2HYY,0.27070093154907227,114,S,K,F:\GENESIS Studio\genesis-studio\packages\engines-py\.pdb_cache\2HYY,A
2269,ThermoMPNN,2HYY,0.5258206129074097,114,S,L,F:\GENESIS Studio\genesis-studio\packages\engines-py\.pdb_cache\2HYY,A
2270,ThermoMPNN,2HYY,0.3097192049026489,114,S,M,F:\GENESIS Studio\genesis-studio\packages\engines-py\.pdb_cache\2HYY,A
2271,ThermoMPNN,2HYY,0.4948102831840515,114,S,N,F:\GENESIS Studio\genesis-studio\packages\engines-py\.pdb_cache\2HYY,A
2272,ThermoMPNN,2HYY,2.68526291847229,114,S,P,F:\GENESIS Studio\genesis-studio\packages\engines-py\.pdb_cache\2HYY,A
2273,ThermoMPNN,2HYY,0.29673516750335693,114,S,Q,F:\GENESIS Studio\genesis-studio\packages\engines-py\.pdb_cache\2HYY,A
2274,ThermoMPNN,2HYY,0.1442732810974121,114,S,R,F:\GENESIS Studio\genesis-studio\packages\engines-py\.pdb_cache\2HYY,A
2275,ThermoMPNN,2HYY,0.0,114,S,S,F:\GENESIS Studio\genesis-studio\packages\engines-py\.pdb_cache\2HYY,A
2276,ThermoMPNN,2HYY,0.5539041757583618,114,S,T,F:\GENESIS Studio\genesis-studio\packages\engines-py\.pdb_cache\2HYY,A
2277,ThermoMPNN,2HYY,0.6502634882926941,114,S,V,F:\GENESIS Studio\genesis-studio\packages\engines-py\.pdb_cache\2HYY,A
2278,ThermoMPNN,2HYY,0.7055927515029907,114,S,W,F:\GENESIS Studio\genesis-studio\packages\engines-py\.pdb_cache\2HYY,A
2279,ThermoMPNN,2HYY,0.8053224086761475,114,S,Y,F:\GENESIS Studio\genesis-studio\packages\engines-py\.pdb_cache\2HYY,A
2280,ThermoMPNN,2HYY,0.0,115,A,A,F:\GENESIS Studio\genesis-studio\packages\engines-py\.pdb_cache\2HYY,A
2281,ThermoMPNN,2HYY,0.5279016494750977,115,A,C,F:\GENESIS Studio\genesis-studio\packages\engines-py\.pdb_cache\2HYY,A
2282,ThermoMPNN,2HYY,2.498690366744995,115,A,D,F:\GENESIS Studio\genesis-studio\packages\engines-py\.pdb_cache\2HYY,A
2283,ThermoMPNN,2HYY,2.2936408519744873,115,A,E,F:\GENESIS Studio\genesis-studio\packages\engines-py\.pdb_cache\2HYY,A
2284,ThermoMPNN,2HYY,0.4686403274536133,115,A,F,F:\GENESIS Studio\genesis-studio\packages\engines-py\.pdb_cache\2HYY,A
2285,ThermoMPNN,2HYY,0.9232584238052368,115,A,G,F:\GENESIS Studio\genesis-studio\packages\engines-py\.pdb_cache\2HYY,A
2286,ThermoMPNN,2HYY,1.5802733898162842,115,A,H,F:\GENESIS Studio\genesis-studio\packages\engines-py\.pdb_cache\2HYY,A
2287,ThermoMPNN,2HYY,0.5801709890365601,115,A,I,F:\GENESIS Studio\genesis-studio\packages\engines-py\.pdb_cache\2HYY,A
2288,ThermoMPNN,2HYY,1.7786319255828857,115,A,K,F:\GENESIS Studio\genesis-studio\packages\engines-py\.pdb_cache\2HYY,A
2289,ThermoMPNN,2HYY,0.6924316883087158,115,A,L,F:\GENESIS Studio\genesis-studio\packages\engines-py\.pdb_cache\2HYY,A
2290,ThermoMPNN,2HYY,0.8834916353225708,115,A,M,F:\GENESIS Studio\genesis-studio\packages\engines-py\.pdb_cache\2HYY,A
2291,ThermoMPNN,2HYY,2.0510923862457275,115,A,N,F:\GENESIS Studio\genesis-studio\packages\engines-py\.pdb_cache\2HYY,A
2292,ThermoMPNN,2HYY,2.4040699005126953,115,A,P,F:\GENESIS Studio\genesis-studio\packages\engines-py\.pdb_cache\2HYY,A
2293,ThermoMPNN,2HYY,1.9622917175292969,115,A,Q,F:\GENESIS Studio\genesis-studio\packages\engines-py\.pdb_cache\2HYY,A
2294,ThermoMPNN,2HYY,1.5712594985961914,115,A,R,F:\GENESIS Studio\genesis-studio\packages\engines-py\.pdb_cache\2HYY,A
2295,ThermoMPNN,2HYY,1.3720502853393555,115,A,S,F:\GENESIS Studio\genesis-studio\packages\engines-py\.pdb_cache\2HYY,A
2296,ThermoMPNN,2HYY,1.5917062759399414,115,A,T,F:\GENESIS Studio\genesis-studio\packages\engines-py\.pdb_cache\2HYY,A
2297,ThermoMPNN,2HYY,0.6121114492416382,115,A,V,F:\GENESIS Studio\genesis-studio\packages\engines-py\.pdb_cache\2HYY,A
2298,ThermoMPNN,2HYY,0.5523797273635864,115,A,W,F:\GENESIS Studio\genesis-studio\packages\engines-py\.pdb_cache\2HYY,A
2299,ThermoMPNN,2HYY,0.5499134063720703,115,A,Y,F:\GENESIS Studio\genesis-studio\packages\engines-py\.pdb_cache\2HYY,A
2300,ThermoMPNN,2HYY,1.8528778553009033,116,M,A,F:\GENESIS Studio\genesis-studio\packages\engines-py\.pdb_cache\2HYY,A
2301,ThermoMPNN,2HYY,0.8662844896316528,116,M,C,F:\GENESIS Studio\genesis-studio\packages\engines-py\.pdb_cache\2HYY,A
2302,ThermoMPNN,2HYY,2.8811943531036377,116,M,D,F:\GENESIS Studio\genesis-studio\packages\engines-py\.pdb_cache\2HYY,A
2303,ThermoMPNN,2HYY,2.404587507247925,116,M,E,F:\GENESIS Studio\genesis-studio\packages\engines-py\.pdb_cache\2HYY,A
2304,ThermoMPNN,2HYY,1.1384825706481934,116,M,F,F:\GENESIS Studio\genesis-studio\packages\engines-py\.pdb_cache\2HYY,A
2305,ThermoMPNN,2HYY,2.587695598602295,116,M,G,F:\GENESIS Studio\genesis-studio\packages\engines-py\.pdb_cache\2HYY,A
2306,ThermoMPNN,2HYY,2.3712854385375977,116,M,H,F:\GENESIS Studio\genesis-studio\packages\engines-py\.pdb_cache\2HYY,A
2307,ThermoMPNN,2HYY,0.9584811925888062,116,M,I,F:\GENESIS Studio\genesis-studio\packages\engines-py\.pdb_cache\2HYY,A
2308,ThermoMPNN,2HYY,2.751659631729126,116,M,K,F:\GENESIS Studio\genesis-studio\packages\engines-py\.pdb_cache\2HYY,A
2309,ThermoMPNN,2HYY,-0.3544778823852539,116,M,L,F:\GENESIS Studio\genesis-studio\packages\engines-py\.pdb_cache\2HYY,A
2310,ThermoMPNN,2HYY,0.0,116,M,M,F:\GENESIS Studio\genesis-studio\packages\engines-py\.pdb_cache\2HYY,A
2311,ThermoMPNN,2HYY,2.746042490005493,116,M,N,F:\GENESIS Studio\genesis-studio\packages\engines-py\.pdb_cache\2HYY,A
2312,ThermoMPNN,2HYY,2.8421778678894043,116,M,P,F:\GENESIS Studio\genesis-studio\packages\engines-py\.pdb_cache\2HYY,A
2313,ThermoMPNN,2HYY,2.2784485816955566,116,M,Q,F:\GENESIS Studio\genesis-studio\packages\engines-py\.pdb_cache\2HYY,A
2314,ThermoMPNN,2HYY,2.620662212371826,116,M,R,F:\GENESIS Studio\genesis-studio\packages\engines-py\.pdb_cache\2HYY,A
2315,ThermoMPNN,2HYY,2.31461763381958,116,M,S,F:\GENESIS Studio\genesis-studio\packages\engines-py\.pdb_cache\2HYY,A
2316,ThermoMPNN,2HYY,2.265622138977051,116,M,T,F:\GENESIS Studio\genesis-studio\packages\engines-py\.pdb_cache\2HYY,A
2317,ThermoMPNN,2HYY,1.4909861087799072,116,M,V,F:\GENESIS Studio\genesis-studio\packages\engines-py\.pdb_cache\2HYY,A
2318,ThermoMPNN,2HYY,1.5526877641677856,116,M,W,F:\GENESIS Studio\genesis-studio\packages\engines-py\.pdb_cache\2HYY,A
2319,ThermoMPNN,2HYY,1.7207473516464233,116,M,Y,F:\GENESIS Studio\genesis-studio\packages\engines-py\.pdb_cache\2HYY,A
2320,ThermoMPNN,2HYY,-0.11818718910217285,117,E,A,F:\GENESIS Studio\genesis-studio\packages\engines-py\.pdb_cache\2HYY,A
2321,ThermoMPNN,2HYY,-0.13024353981018066,117,E,C,F:\GENESIS Studio\genesis-studio\packages\engines-py\.pdb_cache\2HYY,A
2322,ThermoMPNN,2HYY,0.715998649597168,117,E,D,F:\GENESIS Studio\genesis-studio\packages\engines-py\.pdb_cache\2HYY,A
2323,ThermoMPNN,2HYY,0.0,117,E,E,F:\GENESIS Studio\genesis-studio\packages\engines-py\.pdb_cache\2HYY,A
2324,ThermoMPNN,2HYY,0.08844625949859619,117,E,F,F:\GENESIS Studio\genesis-studio\packages\engines-py\.pdb_cache\2HYY,A
2325,ThermoMPNN,2HYY,0.8114603161811829,117,E,G,F:\GENESIS Studio\genesis-studio\packages\engines-py\.pdb_cache\2HYY,A
2326,ThermoMPNN,2HYY,0.5504432916641235,117,E,H,F:\GENESIS Studio\genesis-studio\packages\engines-py\.pdb_cache\2HYY,A
2327,ThermoMPNN,2HYY,0.24631166458129883,117,E,I,F:\GENESIS Studio\genesis-studio\packages\engines-py\.pdb_cache\2HYY,A
2328,ThermoMPNN,2HYY,0.46024221181869507,117,E,K,F:\GENESIS Studio\genesis-studio\packages\engines-py\.pdb_cache\2HYY,A
2329,ThermoMPNN,2HYY,0.06720185279846191,117,E,L,F:\GENESIS Studio\genesis-studio\packages\engines-py\.pdb_cache\2HYY,A
2330,ThermoMPNN,2HYY,-0.11063170433044434,117,E,M,F:\GENESIS Studio\genesis-studio\packages\engines-py\.pdb_cache\2HYY,A
2331,ThermoMPNN,2HYY,0.9276888966560364,117,E,N,F:\GENESIS Studio\genesis-studio\packages\engines-py\.pdb_cache\2HYY,A
2332,ThermoMPNN,2HYY,2.1987695693969727,117,E,P,F:\GENESIS Studio\genesis-studio\packages\engines-py\.pdb_cache\2HYY,A
2333,ThermoMPNN,2HYY,0.12060070037841797,117,E,Q,F:\GENESIS Studio\genesis-studio\packages\engines-py\.pdb_cache\2HYY,A
2334,ThermoMPNN,2HYY,0.4571683406829834,117,E,R,F:\GENESIS Studio\genesis-studio\packages\engines-py\.pdb_cache\2HYY,A
2335,ThermoMPNN,2HYY,0.32364553213119507,117,E,S,F:\GENESIS Studio\genesis-studio\packages\engines-py\.pdb_cache\2HYY,A
2336,ThermoMPNN,2HYY,0.5403342247009277,117,E,T,F:\GENESIS Studio\genesis-studio\packages\engines-py\.pdb_cache\2HYY,A
2337,ThermoMPNN,2HYY,0.3450357913970947,117,E,V,F:\GENESIS Studio\genesis-studio\packages\engines-py\.pdb_cache\2HYY,A
2338,ThermoMPNN,2HYY,0.06617140769958496,117,E,W,F:\GENESIS Studio\genesis-studio\packages\engines-py\.pdb_cache\2HYY,A
2339,ThermoMPNN,2HYY,0.18159908056259155,117,E,Y,F:\GENESIS Studio\genesis-studio\packages\engines-py\.pdb_cache\2HYY,A
2340,ThermoMPNN,2HYY,2.1623377799987793,118,Y,A,F:\GENESIS Studio\genesis-studio\packages\engines-py\.pdb_cache\2HYY,A
2341,ThermoMPNN,2HYY,1.511428713798523,118,Y,C,F:\GENESIS Studio\genesis-studio\packages\engines-py\.pdb_cache\2HYY,A
2342,ThermoMPNN,2HYY,2.873605489730835,118,Y,D,F:\GENESIS Studio\genesis-studio\packages\engines-py\.pdb_cache\2HYY,A
2343,ThermoMPNN,2HYY,2.5207958221435547,118,Y,E,F:\GENESIS Studio\genesis-studio\packages\engines-py\.pdb_cache\2HYY,A
2344,ThermoMPNN,2HYY,0.5129909515380859,118,Y,F,F:\GENESIS Studio\genesis-studio\packages\engines-py\.pdb_cache\2HYY,A
2345,ThermoMPNN,2HYY,2.7052319049835205,118,Y,G,F:\GENESIS Studio\genesis-studio\packages\engines-py\.pdb_cache\2HYY,A
2346,ThermoMPNN,2HYY,1.6383910179138184,118,Y,H,F:\GENESIS Studio\genesis-studio\packages\engines-py\.pdb_cache\2HYY,A
2347,ThermoMPNN,2HYY,1.8437012434005737,118,Y,I,F:\GENESIS Studio\genesis-studio\packages\engines-py\.pdb_cache\2HYY,A
2348,ThermoMPNN,2HYY,2.71710205078125,118,Y,K,F:\GENESIS Studio\genesis-studio\packages\engines-py\.pdb_cache\2HYY,A
2349,ThermoMPNN,2HYY,1.5268645286560059,118,Y,L,F:\GENESIS Studio\genesis-studio\packages\engines-py\.pdb_cache\2HYY,A
2350,ThermoMPNN,2HYY,1.582397222518921,118,Y,M,F:\GENESIS Studio\genesis-studio\packages\engines-py\.pdb_cache\2HYY,A
2351,ThermoMPNN,2HYY,2.5507614612579346,118,Y,N,F:\GENESIS Studio\genesis-studio\packages\engines-py\.pdb_cache\2HYY,A
2352,ThermoMPNN,2HYY,3.3668954372406006,118,Y,P,F:\GENESIS Studio\genesis-studio\packages\engines-py\.pdb_cache\2HYY,A
2353,ThermoMPNN,2HYY,2.493929147720337,118,Y,Q,F:\GENESIS Studio\genesis-studio\packages\engines-py\.pdb_cache\2HYY,A
2354,ThermoMPNN,2HYY,2.3764452934265137,118,Y,R,F:\GENESIS Studio\genesis-studio\packages\engines-py\.pdb_cache\2HYY,A
2355,ThermoMPNN,2HYY,2.6455163955688477,118,Y,S,F:\GENESIS Studio\genesis-studio\packages\engines-py\.pdb_cache\2HYY,A
2356,ThermoMPNN,2HYY,2.636752128601074,118,Y,T,F:\GENESIS Studio\genesis-studio\packages\engines-py\.pdb_cache\2HYY,A
2357,ThermoMPNN,2HYY,1.9217274188995361,118,Y,V,F:\GENESIS Studio\genesis-studio\packages\engines-py\.pdb_cache\2HYY,A
2358,ThermoMPNN,2HYY,0.5945656299591064,118,Y,W,F:\GENESIS Studio\genesis-studio\packages\engines-py\.pdb_cache\2HYY,A
2359,ThermoMPNN,2HYY,0.0,118,Y,Y,F:\GENESIS Studio\genesis-studio\packages\engines-py\.pdb_cache\2HYY,A
2360,ThermoMPNN,2HYY,2.0754170417785645,119,L,A,F:\GENESIS Studio\genesis-studio\packages\engines-py\.pdb_cache\2HYY,A
2361,ThermoMPNN,2HYY,1.102984070777893,119,L,C,F:\GENESIS Studio\genesis-studio\packages\engines-py\.pdb_cache\2HYY,A
2362,ThermoMPNN,2HYY,3.206836223602295,119,L,D,F:\GENESIS Studio\genesis-studio\packages\engines-py\.pdb_cache\2HYY,A
2363,ThermoMPNN,2HYY,2.717991352081299,119,L,E,F:\GENESIS Studio\genesis-studio\packages\engines-py\.pdb_cache\2HYY,A
2364,ThermoMPNN,2HYY,0.7168219089508057,119,L,F,F:\GENESIS Studio\genesis-studio\packages\engines-py\.pdb_cache\2HYY,A
2365,ThermoMPNN,2HYY,2.7356250286102295,119,L,G,F:\GENESIS Studio\genesis-studio\packages\engines-py\.pdb_cache\2HYY,A
2366,ThermoMPNN,2HYY,2.264277219772339,119,L,H,F:\GENESIS Studio\genesis-studio\packages\engines-py\.pdb_cache\2HYY,A
2367,ThermoMPNN,2HYY,0.6406639814376831,119,L,I,F:\GENESIS Studio\genesis-studio\packages\engines-py\.pdb_cache\2HYY,A
2368,ThermoMPNN,2HYY,2.418748140335083,119,L,K,F:\GENESIS Studio\genesis-studio\packages\engines-py\.pdb_cache\2HYY,A
2369,ThermoMPNN,2HYY,0.0,119,L,L,F:\GENESIS Studio\genesis-studio\packages\engines-py\.pdb_cache\2HYY,A
2370,ThermoMPNN,2HYY,0.6768512725830078,119,L,M,F:\GENESIS Studio\genesis-studio\packages\engines-py\.pdb_cache\2HYY,A
2371,ThermoMPNN,2HYY,2.785336494445801,119,L,N,F:\GENESIS Studio\genesis-studio\packages\engines-py\.pdb_cache\2HYY,A
2372,ThermoMPNN,2HYY,2.9065754413604736,119,L,P,F:\GENESIS Studio\genesis-studio\packages\engines-py\.pdb_cache\2HYY,A
2373,ThermoMPNN,2HYY,2.3990767002105713,119,L,Q,F:\GENESIS Studio\genesis-studio\packages\engines-py\.pdb_cache\2HYY,A
2374,ThermoMPNN,2HYY,2.4053914546966553,119,L,R,F:\GENESIS Studio\genesis-studio\packages\engines-py\.pdb_cache\2HYY,A
2375,ThermoMPNN,2HYY,2.549469232559204,119,L,S,F:\GENESIS Studio\genesis-studio\packages\engines-py\.pdb_cache\2HYY,A
2376,ThermoMPNN,2HYY,2.160128116607666,119,L,T,F:\GENESIS Studio\genesis-studio\packages\engines-py\.pdb_cache\2HYY,A
2377,ThermoMPNN,2HYY,1.1481332778930664,119,L,V,F:\GENESIS Studio\genesis-studio\packages\engines-py\.pdb_cache\2HYY,A
2378,ThermoMPNN,2HYY,1.0700725317001343,119,L,W,F:\GENESIS Studio\genesis-studio\packages\engines-py\.pdb_cache\2HYY,A
2379,ThermoMPNN,2HYY,1.1458104848861694,119,L,Y,F:\GENESIS Studio\genesis-studio\packages\engines-py\.pdb_cache\2HYY,A
2380,ThermoMPNN,2HYY,0.9717525243759155,120,E,A,F:\GENESIS Studio\genesis-studio\packages\engines-py\.pdb_cache\2HYY,A
2381,ThermoMPNN,2HYY,1.2501897811889648,120,E,C,F:\GENESIS Studio\genesis-studio\packages\engines-py\.pdb_cache\2HYY,A
2382,ThermoMPNN,2HYY,1.6817033290863037,120,E,D,F:\GENESIS Studio\genesis-studio\packages\engines-py\.pdb_cache\2HYY,A
2383,ThermoMPNN,2HYY,0.0,120,E,E,F:\GENESIS Studio\genesis-studio\packages\engines-py\.pdb_cache\2HYY,A
2384,ThermoMPNN,2HYY,1.7990189790725708,120,E,F,F:\GENESIS Studio\genesis-studio\packages\engines-py\.pdb_cache\2HYY,A
2385,ThermoMPNN,2HYY,1.7213467359542847,120,E,G,F:\GENESIS Studio\genesis-studio\packages\engines-py\.pdb_cache\2HYY,A
2386,ThermoMPNN,2HYY,1.7602121829986572,120,E,H,F:\GENESIS Studio\genesis-studio\packages\engines-py\.pdb_cache\2HYY,A
2387,ThermoMPNN,2HYY,1.9188282489776611,120,E,I,F:\GENESIS Studio\genesis-studio\packages\engines-py\.pdb_cache\2HYY,A
2388,ThermoMPNN,2HYY,2.186570167541504,120,E,K,F:\GENESIS Studio\genesis-studio\packages\engines-py\.pdb_cache\2HYY,A
2389,ThermoMPNN,2HYY,1.7641181945800781,120,E,L,F:\GENESIS Studio\genesis-studio\packages\engines-py\.pdb_cache\2HYY,A
2390,ThermoMPNN,2HYY,1.2110326290130615,120,E,M,F:\GENESIS Studio\genesis-studio\packages\engines-py\.pdb_cache\2HYY,A
2391,ThermoMPNN,2HYY,2.2176263332366943,120,E,N,F:\GENESIS Studio\genesis-studio\packages\engines-py\.pdb_cache\2HYY,A
2392,ThermoMPNN,2HYY,2.6605889797210693,120,E,P,F:\GENESIS Studio\genesis-studio\packages\engines-py\.pdb_cache\2HYY,A
2393,ThermoMPNN,2HYY,0.976628303527832,120,E,Q,F:\GENESIS Studio\genesis-studio\packages\engines-py\.pdb_cache\2HYY,A
2394,ThermoMPNN,2HYY,2.059539794921875,120,E,R,F:\GENESIS Studio\genesis-studio\packages\engines-py\.pdb_cache\2HYY,A
2395,ThermoMPNN,2HYY,1.644693374633789,120,E,S,F:\GENESIS Studio\genesis-studio\packages\engines-py\.pdb_cache\2HYY,A
2396,ThermoMPNN,2HYY,1.676689863204956,120,E,T,F:\GENESIS Studio\genesis-studio\packages\engines-py\.pdb_cache\2HYY,A
2397,ThermoMPNN,2HYY,1.7869995832443237,120,E,V,F:\GENESIS Studio\genesis-studio\packages\engines-py\.pdb_cache\2HYY,A
2398,ThermoMPNN,2HYY,1.6125022172927856,120,E,W,F:\GENESIS Studio\genesis-studio\packages\engines-py\.pdb_cache\2HYY,A
2399,ThermoMPNN,2HYY,1.4496192932128906,120,E,Y,F:\GENESIS Studio\genesis-studio\packages\engines-py\.pdb_cache\2HYY,A
2400,ThermoMPNN,2HYY,0.31158947944641113,121,K,A,F:\GENESIS Studio\genesis-studio\packages\engines-py\.pdb_cache\2HYY,A
2401,ThermoMPNN,2HYY,0.3764786720275879,121,K,C,F:\GENESIS Studio\genesis-studio\packages\engines-py\.pdb_cache\2HYY,A
2402,ThermoMPNN,2HYY,1.2314636707305908,121,K,D,F:\GENESIS Studio\genesis-studio\packages\engines-py\.pdb_cache\2HYY,A
2403,ThermoMPNN,2HYY,0.8620057106018066,121,K,E,F:\GENESIS Studio\genesis-studio\packages\engines-py\.pdb_cache\2HYY,A
2404,ThermoMPNN,2HYY,0.6497604250907898,121,K,F,F:\GENESIS Studio\genesis-studio\packages\engines-py\.pdb_cache\2HYY,A
2405,ThermoMPNN,2HYY,0.9876531362533569,121,K,G,F:\GENESIS Studio\genesis-studio\packages\engines-py\.pdb_cache\2HYY,A
2406,ThermoMPNN,2HYY,0.5797815322875977,121,K,H,F:\GENESIS Studio\genesis-studio\packages\engines-py\.pdb_cache\2HYY,A
2407,ThermoMPNN,2HYY,0.6384204030036926,121,K,I,F:\GENESIS Studio\genesis-studio\packages\engines-py\.pdb_cache\2HYY,A
2408,ThermoMPNN,2HYY,0.0,121,K,K,F:\GENESIS Studio\genesis-studio\packages\engines-py\.pdb_cache\2HYY,A
2409,ThermoMPNN,2HYY,0.41751283407211304,121,K,L,F:\GENESIS Studio\genesis-studio\packages\engines-py\.pdb_cache\2HYY,A
2410,ThermoMPNN,2HYY,0.36965179443359375,121,K,M,F:\GENESIS Studio\genesis-studio\packages\engines-py\.pdb_cache\2HYY,A
2411,ThermoMPNN,2HYY,0.6488966941833496,121,K,N,F:\GENESIS Studio\genesis-studio\packages\engines-py\.pdb_cache\2HYY,A
2412,ThermoMPNN,2HYY,2.6448521614074707,121,K,P,F:\GENESIS Studio\genesis-studio\packages\engines-py\.pdb_cache\2HYY,A
2413,ThermoMPNN,2HYY,0.35154759883880615,121,K,Q,F:\GENESIS Studio\genesis-studio\packages\engines-py\.pdb_cache\2HYY,A
2414,ThermoMPNN,2HYY,-0.07941043376922607,121,K,R,F:\GENESIS Studio\genesis-studio\packages\engines-py\.pdb_cache\2HYY,A
2415,ThermoMPNN,2HYY,0.5555021166801453,121,K,S,F:\GENESIS Studio\genesis-studio\packages\engines-py\.pdb_cache\2HYY,A
2416,ThermoMPNN,2HYY,0.7304432392120361,121,K,T,F:\GENESIS Studio\genesis-studio\packages\engines-py\.pdb_cache\2HYY,A
2417,ThermoMPNN,2HYY,0.7731785178184509,121,K,V,F:\GENESIS Studio\genesis-studio\packages\engines-py\.pdb_cache\2HYY,A
2418,ThermoMPNN,2HYY,0.667778491973877,121,K,W,F:\GENESIS Studio\genesis-studio\packages\engines-py\.pdb_cache\2HYY,A
2419,ThermoMPNN,2HYY,0.635813295841217,121,K,Y,F:\GENESIS Studio\genesis-studio\packages\engines-py\.pdb_cache\2HYY,A
2420,ThermoMPNN,2HYY,0.3289870619773865,122,K,A,F:\GENESIS Studio\genesis-studio\packages\engines-py\.pdb_cache\2HYY,A
2421,ThermoMPNN,2HYY,-0.19008302688598633,122,K,C,F:\GENESIS Studio\genesis-studio\packages\engines-py\.pdb_cache\2HYY,A
2422,ThermoMPNN,2HYY,1.9208405017852783,122,K,D,F:\GENESIS Studio\genesis-studio\packages\engines-py\.pdb_cache\2HYY,A
2423,ThermoMPNN,2HYY,0.9875136017799377,122,K,E,F:\GENESIS Studio\genesis-studio\packages\engines-py\.pdb_cache\2HYY,A
2424,ThermoMPNN,2HYY,0.07768774032592773,122,K,F,F:\GENESIS Studio\genesis-studio\packages\engines-py\.pdb_cache\2HYY,A
2425,ThermoMPNN,2HYY,1.0847949981689453,122,K,G,F:\GENESIS Studio\genesis-studio\packages\engines-py\.pdb_cache\2HYY,A
2426,ThermoMPNN,2HYY,0.3442274332046509,122,K,H,F:\GENESIS Studio\genesis-studio\packages\engines-py\.pdb_cache\2HYY,A
2427,ThermoMPNN,2HYY,0.40067529678344727,122,K,I,F:\GENESIS Studio\genesis-studio\packages\engines-py\.pdb_cache\2HYY,A
2428,ThermoMPNN,2HYY,0.0,122,K,K,F:\GENESIS Studio\genesis-studio\packages\engines-py\.pdb_cache\2HYY,A
2429,ThermoMPNN,2HYY,-0.4106407165527344,122,K,L,F:\GENESIS Studio\genesis-studio\packages\engines-py\.pdb_cache\2HYY,A
2430,ThermoMPNN,2HYY,-0.29473137855529785,122,K,M,F:\GENESIS Studio\genesis-studio\packages\engines-py\.pdb_cache\2HYY,A
2431,ThermoMPNN,2HYY,0.8148200511932373,122,K,N,F:\GENESIS Studio\genesis-studio\packages\engines-py\.pdb_cache\2HYY,A
2432,ThermoMPNN,2HYY,2.4405064582824707,122,K,P,F:\GENESIS Studio\genesis-studio\packages\engines-py\.pdb_cache\2HYY,A
2433,ThermoMPNN,2HYY,0.2896115779876709,122,K,Q,F:\GENESIS Studio\genesis-studio\packages\engines-py\.pdb_cache\2HYY,A
2434,ThermoMPNN,2HYY,0.010699033737182617,122,K,R,F:\GENESIS Studio\genesis-studio\packages\engines-py\.pdb_cache\2HYY,A
2435,ThermoMPNN,2HYY,0.7950777411460876,122,K,S,F:\GENESIS Studio\genesis-studio\packages\engines-py\.pdb_cache\2HYY,A
2436,ThermoMPNN,2HYY,0.9344288110733032,122,K,T,F:\GENESIS Studio\genesis-studio\packages\engines-py\.pdb_cache\2HYY,A
2437,ThermoMPNN,2HYY,0.4928816556930542,122,K,V,F:\GENESIS Studio\genesis-studio\packages\engines-py\.pdb_cache\2HYY,A
2438,ThermoMPNN,2HYY,0.23957514762878418,122,K,W,F:\GENESIS Studio\genesis-studio\packages\engines-py\.pdb_cache\2HYY,A
2439,ThermoMPNN,2HYY,0.1825764775276184,122,K,Y,F:\GENESIS Studio\genesis-studio\packages\engines-py\.pdb_cache\2HYY,A
2440,ThermoMPNN,2HYY,0.5671080946922302,123,N,A,F:\GENESIS Studio\genesis-studio\packages\engines-py\.pdb_cache\2HYY,A
2441,ThermoMPNN,2HYY,-0.12701153755187988,123,N,C,F:\GENESIS Studio\genesis-studio\packages\engines-py\.pdb_cache\2HYY,A
2442,ThermoMPNN,2HYY,0.7631226181983948,123,N,D,F:\GENESIS Studio\genesis-studio\packages\engines-py\.pdb_cache\2HYY,A
2443,ThermoMPNN,2HYY,0.8287774920463562,123,N,E,F:\GENESIS Studio\genesis-studio\packages\engines-py\.pdb_cache\2HYY,A
2444,ThermoMPNN,2HYY,0.43812066316604614,123,N,F,F:\GENESIS Studio\genesis-studio\packages\engines-py\.pdb_cache\2HYY,A
2445,ThermoMPNN,2HYY,-0.43114423751831055,123,N,G,F:\GENESIS Studio\genesis-studio\packages\engines-py\.pdb_cache\2HYY,A
2446,ThermoMPNN,2HYY,0.0460587739944458,123,N,H,F:\GENESIS Studio\genesis-studio\packages\engines-py\.pdb_cache\2HYY,A
2447,ThermoMPNN,2HYY,1.3962714672088623,123,N,I,F:\GENESIS Studio\genesis-studio\packages\engines-py\.pdb_cache\2HYY,A
2448,ThermoMPNN,2HYY,0.2088748812675476,123,N,K,F:\GENESIS Studio\genesis-studio\packages\engines-py\.pdb_cache\2HYY,A
2449,ThermoMPNN,2HYY,0.5535851120948792,123,N,L,F:\GENESIS Studio\genesis-studio\packages\engines-py\.pdb_cache\2HYY,A
2450,ThermoMPNN,2HYY,0.3214767575263977,123,N,M,F:\GENESIS Studio\genesis-studio\packages\engines-py\.pdb_cache\2HYY,A
2451,ThermoMPNN,2HYY,0.0,123,N,N,F:\GENESIS Studio\genesis-studio\packages\engines-py\.pdb_cache\2HYY,A
2452,ThermoMPNN,2HYY,2.1284501552581787,123,N,P,F:\GENESIS Studio\genesis-studio\packages\engines-py\.pdb_cache\2HYY,A
2453,ThermoMPNN,2HYY,0.18777644634246826,123,N,Q,F:\GENESIS Studio\genesis-studio\packages\engines-py\.pdb_cache\2HYY,A
2454,ThermoMPNN,2HYY,0.41636937856674194,123,N,R,F:\GENESIS Studio\genesis-studio\packages\engines-py\.pdb_cache\2HYY,A
2455,ThermoMPNN,2HYY,0.5952494144439697,123,N,S,F:\GENESIS Studio\genesis-studio\packages\engines-py\.pdb_cache\2HYY,A
2456,ThermoMPNN,2HYY,1.2698736190795898,123,N,T,F:\GENESIS Studio\genesis-studio\packages\engines-py\.pdb_cache\2HYY,A
2457,ThermoMPNN,2HYY,1.3498570919036865,123,N,V,F:\GENESIS Studio\genesis-studio\packages\engines-py\.pdb_cache\2HYY,A
2458,ThermoMPNN,2HYY,0.6712892055511475,123,N,W,F:\GENESIS Studio\genesis-studio\packages\engines-py\.pdb_cache\2HYY,A
2459,ThermoMPNN,2HYY,0.5886358618736267,123,N,Y,F:\GENESIS Studio\genesis-studio\packages\engines-py\.pdb_cache\2HYY,A
2460,ThermoMPNN,2HYY,1.2084882259368896,124,F,A,F:\GENESIS Studio\genesis-studio\packages\engines-py\.pdb_cache\2HYY,A
2461,ThermoMPNN,2HYY,0.40422213077545166,124,F,C,F:\GENESIS Studio\genesis-studio\packages\engines-py\.pdb_cache\2HYY,A
2462,ThermoMPNN,2HYY,2.0264785289764404,124,F,D,F:\GENESIS Studio\genesis-studio\packages\engines-py\.pdb_cache\2HYY,A
2463,ThermoMPNN,2HYY,1.469895839691162,124,F,E,F:\GENESIS Studio\genesis-studio\packages\engines-py\.pdb_cache\2HYY,A
2464,ThermoMPNN,2HYY,0.0,124,F,F,F:\GENESIS Studio\genesis-studio\packages\engines-py\.pdb_cache\2HYY,A
2465,ThermoMPNN,2HYY,1.4897671937942505,124,F,G,F:\GENESIS Studio\genesis-studio\packages\engines-py\.pdb_cache\2HYY,A
2466,ThermoMPNN,2HYY,1.1123515367507935,124,F,H,F:\GENESIS Studio\genesis-studio\packages\engines-py\.pdb_cache\2HYY,A
2467,ThermoMPNN,2HYY,0.8778021931648254,124,F,I,F:\GENESIS Studio\genesis-studio\packages\engines-py\.pdb_cache\2HYY,A
2468,ThermoMPNN,2HYY,1.153038740158081,124,F,K,F:\GENESIS Studio\genesis-studio\packages\engines-py\.pdb_cache\2HYY,A
2469,ThermoMPNN,2HYY,0.45404112339019775,124,F,L,F:\GENESIS Studio\genesis-studio\packages\engines-py\.pdb_cache\2HYY,A
2470,ThermoMPNN,2HYY,0.4861280918121338,124,F,M,F:\GENESIS Studio\genesis-studio\packages\engines-py\.pdb_cache\2HYY,A
2471,ThermoMPNN,2HYY,1.5881969928741455,124,F,N,F:\GENESIS Studio\genesis-studio\packages\engines-py\.pdb_cache\2HYY,A
2472,ThermoMPNN,2HYY,1.8685473203659058,124,F,P,F:\GENESIS Studio\genesis-studio\packages\engines-py\.pdb_cache\2HYY,A
2473,ThermoMPNN,2HYY,1.3099266290664673,124,F,Q,F:\GENESIS Studio\genesis-studio\packages\engines-py\.pdb_cache\2HYY,A
2474,ThermoMPNN,2HYY,1.0186420679092407,124,F,R,F:\GENESIS Studio\genesis-studio\packages\engines-py\.pdb_cache\2HYY,A
2475,ThermoMPNN,2HYY,1.5369088649749756,124,F,S,F:\GENESIS Studio\genesis-studio\packages\engines-py\.pdb_cache\2HYY,A
2476,ThermoMPNN,2HYY,1.5413837432861328,124,F,T,F:\GENESIS Studio\genesis-studio\packages\engines-py\.pdb_cache\2HYY,A
2477,ThermoMPNN,2HYY,1.1167570352554321,124,F,V,F:\GENESIS Studio\genesis-studio\packages\engines-py\.pdb_cache\2HYY,A
2478,ThermoMPNN,2HYY,0.46596765518188477,124,F,W,F:\GENESIS Studio\genesis-studio\packages\engines-py\.pdb_cache\2HYY,A
2479,ThermoMPNN,2HYY,0.5052241086959839,124,F,Y,F:\GENESIS Studio\genesis-studio\packages\engines-py\.pdb_cache\2HYY,A
2480,ThermoMPNN,2HYY,1.1046499013900757,125,I,A,F:\GENESIS Studio\genesis-studio\packages\engines-py\.pdb_cache\2HYY,A
2481,ThermoMPNN,2HYY,0.615026593208313,125,I,C,F:\GENESIS Studio\genesis-studio\packages\engines-py\.pdb_cache\2HYY,A
2482,ThermoMPNN,2HYY,1.771235704421997,125,I,D,F:\GENESIS Studio\genesis-studio\packages\engines-py\.pdb_cache\2HYY,A
2483,ThermoMPNN,2HYY,1.3244084119796753,125,I,E,F:\GENESIS Studio\genesis-studio\packages\engines-py\.pdb_cache\2HYY,A
2484,ThermoMPNN,2HYY,0.8241220712661743,125,I,F,F:\GENESIS Studio\genesis-studio\packages\engines-py\.pdb_cache\2HYY,A
2485,ThermoMPNN,2HYY,1.7049007415771484,125,I,G,F:\GENESIS Studio\genesis-studio\packages\engines-py\.pdb_cache\2HYY,A
2486,ThermoMPNN,2HYY,1.3681671619415283,125,I,H,F:\GENESIS Studio\genesis-studio\packages\engines-py\.pdb_cache\2HYY,A
2487,ThermoMPNN,2HYY,0.0,125,I,I,F:\GENESIS Studio\genesis-studio\packages\engines-py\.pdb_cache\2HYY,A
2488,ThermoMPNN,2HYY,1.2376981973648071,125,I,K,F:\GENESIS Studio\genesis-studio\packages\engines-py\.pdb_cache\2HYY,A
2489,ThermoMPNN,2HYY,0.36046648025512695,125,I,L,F:\GENESIS Studio\genesis-studio\packages\engines-py\.pdb_cache\2HYY,A
2490,ThermoMPNN,2HYY,0.5295889377593994,125,I,M,F:\GENESIS Studio\genesis-studio\packages\engines-py\.pdb_cache\2HYY,A
2491,ThermoMPNN,2HYY,1.6109832525253296,125,I,N,F:\GENESIS Studio\genesis-studio\packages\engines-py\.pdb_cache\2HYY,A
2492,ThermoMPNN,2HYY,1.84225594997406,125,I,P,F:\GENESIS Studio\genesis-studio\packages\engines-py\.pdb_cache\2HYY,A
2493,ThermoMPNN,2HYY,1.1368682384490967,125,I,Q,F:\GENESIS Studio\genesis-studio\packages\engines-py\.pdb_cache\2HYY,A
2494,ThermoMPNN,2HYY,1.2979398965835571,125,I,R,F:\GENESIS Studio\genesis-studio\packages\engines-py\.pdb_cache\2HYY,A
2495,ThermoMPNN,2HYY,1.2353498935699463,125,I,S,F:\GENESIS Studio\genesis-studio\packages\engines-py\.pdb_cache\2HYY,A
2496,ThermoMPNN,2HYY,0.7945277690887451,125,I,T,F:\GENESIS Studio\genesis-studio\packages\engines-py\.pdb_cache\2HYY,A
2497,ThermoMPNN,2HYY,0.27208924293518066,125,I,V,F:\GENESIS Studio\genesis-studio\packages\engines-py\.pdb_cache\2HYY,A
2498,ThermoMPNN,2HYY,0.9654471278190613,125,I,W,F:\GENESIS Studio\genesis-studio\packages\engines-py\.pdb_cache\2HYY,A
2499,ThermoMPNN,2HYY,1.047066569328308,125,I,Y,F:\GENESIS Studio\genesis-studio\packages\engines-py\.pdb_cache\2HYY,A
2500,ThermoMPNN,2HYY,1.889614462852478,126,H,A,F:\GENESIS Studio\genesis-studio\packages\engines-py\.pdb_cache\2HYY,A
2501,ThermoMPNN,2HYY,1.0250061750411987,126,H,C,F:\GENESIS Studio\genesis-studio\packages\engines-py\.pdb_cache\2HYY,A
2502,ThermoMPNN,2HYY,2.5797855854034424,126,H,D,F:\GENESIS Studio\genesis-studio\packages\engines-py\.pdb_cache\2HYY,A
2503,ThermoMPNN,2HYY,2.4527220726013184,126,H,E,F:\GENESIS Studio\genesis-studio\packages\engines-py\.pdb_cache\2HYY,A
2504,ThermoMPNN,2HYY,1.1769323348999023,126,H,F,F:\GENESIS Studio\genesis-studio\packages\engines-py\.pdb_cache\2HYY,A
2505,ThermoMPNN,2HYY,2.2975704669952393,126,H,G,F:\GENESIS Studio\genesis-studio\packages\engines-py\.pdb_cache\2HYY,A
2506,ThermoMPNN,2HYY,0.0,126,H,H,F:\GENESIS Studio\genesis-studio\packages\engines-py\.pdb_cache\2HYY,A
2507,ThermoMPNN,2HYY,1.4641882181167603,126,H,I,F:\GENESIS Studio\genesis-studio\packages\engines-py\.pdb_cache\2HYY,A
2508,ThermoMPNN,2HYY,1.7347646951675415,126,H,K,F:\GENESIS Studio\genesis-studio\packages\engines-py\.pdb_cache\2HYY,A
2509,ThermoMPNN,2HYY,1.4923824071884155,126,H,L,F:\GENESIS Studio\genesis-studio\packages\engines-py\.pdb_cache\2HYY,A
2510,ThermoMPNN,2HYY,1.5400608777999878,126,H,M,F:\GENESIS Studio\genesis-studio\packages\engines-py\.pdb_cache\2HYY,A
2511,ThermoMPNN,2HYY,1.1841940879821777,126,H,N,F:\GENESIS Studio\genesis-studio\packages\engines-py\.pdb_cache\2HYY,A
2512,ThermoMPNN,2HYY,1.6824510097503662,126,H,P,F:\GENESIS Studio\genesis-studio\packages\engines-py\.pdb_cache\2HYY,A
2513,ThermoMPNN,2HYY,1.5510503053665161,126,H,Q,F:\GENESIS Studio\genesis-studio\packages\engines-py\.pdb_cache\2HYY,A
2514,ThermoMPNN,2HYY,1.7045860290527344,126,H,R,F:\GENESIS Studio\genesis-studio\packages\engines-py\.pdb_cache\2HYY,A
2515,ThermoMPNN,2HYY,1.7936489582061768,126,H,S,F:\GENESIS Studio\genesis-studio\packages\engines-py\.pdb_cache\2HYY,A
2516,ThermoMPNN,2HYY,2.3101272583007812,126,H,T,F:\GENESIS Studio\genesis-studio\packages\engines-py\.pdb_cache\2HYY,A
2517,ThermoMPNN,2HYY,1.8754897117614746,126,H,V,F:\GENESIS Studio\genesis-studio\packages\engines-py\.pdb_cache\2HYY,A
2518,ThermoMPNN,2HYY,1.1221064329147339,126,H,W,F:\GENESIS Studio\genesis-studio\packages\engines-py\.pdb_cache\2HYY,A
2519,ThermoMPNN,2HYY,0.25852084159851074,126,H,Y,F:\GENESIS Studio\genesis-studio\packages\engines-py\.pdb_cache\2HYY,A
2520,ThermoMPNN,2HYY,0.6738288402557373,127,R,A,F:\GENESIS Studio\genesis-studio\packages\engines-py\.pdb_cache\2HYY,A
2521,ThermoMPNN,2HYY,-0.17475390434265137,127,R,C,F:\GENESIS Studio\genesis-studio\packages\engines-py\.pdb_cache\2HYY,A
2522,ThermoMPNN,2HYY,1.367009162902832,127,R,D,F:\GENESIS Studio\genesis-studio\packages\engines-py\.pdb_cache\2HYY,A
2523,ThermoMPNN,2HYY,1.1958523988723755,127,R,E,F:\GENESIS Studio\genesis-studio\packages\engines-py\.pdb_cache\2HYY,A
2524,ThermoMPNN,2HYY,-0.10654163360595703,127,R,F,F:\GENESIS Studio\genesis-studio\packages\engines-py\.pdb_cache\2HYY,A
2525,ThermoMPNN,2HYY,0.04765117168426514,127,R,G,F:\GENESIS Studio\genesis-studio\packages\engines-py\.pdb_cache\2HYY,A
2526,ThermoMPNN,2HYY,0.24310046434402466,127,R,H,F:\GENESIS Studio\genesis-studio\packages\engines-py\.pdb_cache\2HYY,A
2527,ThermoMPNN,2HYY,1.0009255409240723,127,R,I,F:\GENESIS Studio\genesis-studio\packages\engines-py\.pdb_cache\2HYY,A
2528,ThermoMPNN,2HYY,0.22538495063781738,127,R,K,F:\GENESIS Studio\genesis-studio\packages\engines-py\.pdb_cache\2HYY,A
2529,ThermoMPNN,2HYY,0.2213679552078247,127,R,L,F:\GENESIS Studio\genesis-studio\packages\engines-py\.pdb_cache\2HYY,A
2530,ThermoMPNN,2HYY,0.2591066360473633,127,R,M,F:\GENESIS Studio\genesis-studio\packages\engines-py\.pdb_cache\2HYY,A
2531,ThermoMPNN,2HYY,0.740410566329956,127,R,N,F:\GENESIS Studio\genesis-studio\packages\engines-py\.pdb_cache\2HYY,A
2532,ThermoMPNN,2HYY,2.103684425354004,127,R,P,F:\GENESIS Studio\genesis-studio\packages\engines-py\.pdb_cache\2HYY,A
2533,ThermoMPNN,2HYY,0.4879419803619385,127,R,Q,F:\GENESIS Studio\genesis-studio\packages\engines-py\.pdb_cache\2HYY,A
2534,ThermoMPNN,2HYY,0.0,127,R,R,F:\GENESIS Studio\genesis-studio\packages\engines-py\.pdb_cache\2HYY,A
2535,ThermoMPNN,2HYY,0.7287119626998901,127,R,S,F:\GENESIS Studio\genesis-studio\packages\engines-py\.pdb_cache\2HYY,A
2536,ThermoMPNN,2HYY,0.8198540210723877,127,R,T,F:\GENESIS Studio\genesis-studio\packages\engines-py\.pdb_cache\2HYY,A
2537,ThermoMPNN,2HYY,0.9456385970115662,127,R,V,F:\GENESIS Studio\genesis-studio\packages\engines-py\.pdb_cache\2HYY,A
2538,ThermoMPNN,2HYY,-0.10348701477050781,127,R,W,F:\GENESIS Studio\genesis-studio\packages\engines-py\.pdb_cache\2HYY,A
2539,ThermoMPNN,2HYY,-0.12218046188354492,127,R,Y,F:\GENESIS Studio\genesis-studio\packages\engines-py\.pdb_cache\2HYY,A
2540,ThermoMPNN,2HYY,1.1022111177444458,128,D,A,F:\GENESIS Studio\genesis-studio\packages\engines-py\.pdb_cache\2HYY,A
2541,ThermoMPNN,2HYY,0.7621095180511475,128,D,C,F:\GENESIS Studio\genesis-studio\packages\engines-py\.pdb_cache\2HYY,A
2542,ThermoMPNN,2HYY,0.0,128,D,D,F:\GENESIS Studio\genesis-studio\packages\engines-py\.pdb_cache\2HYY,A
2543,ThermoMPNN,2HYY,1.036491870880127,128,D,E,F:\GENESIS Studio\genesis-studio\packages\engines-py\.pdb_cache\2HYY,A
2544,ThermoMPNN,2HYY,0.9877183437347412,128,D,F,F:\GENESIS Studio\genesis-studio\packages\engines-py\.pdb_cache\2HYY,A
2545,ThermoMPNN,2HYY,1.0582516193389893,128,D,G,F:\GENESIS Studio\genesis-studio\packages\engines-py\.pdb_cache\2HYY,A
2546,ThermoMPNN,2HYY,1.1030280590057373,128,D,H,F:\GENESIS Studio\genesis-studio\packages\engines-py\.pdb_cache\2HYY,A
2547,ThermoMPNN,2HYY,1.3712738752365112,128,D,I,F:\GENESIS Studio\genesis-studio\packages\engines-py\.pdb_cache\2HYY,A
2548,ThermoMPNN,2HYY,1.462799310684204,128,D,K,F:\GENESIS Studio\genesis-studio\packages\engines-py\.pdb_cache\2HYY,A
2549,ThermoMPNN,2HYY,1.3875118494033813,128,D,L,F:\GENESIS Studio\genesis-studio\packages\engines-py\.pdb_cache\2HYY,A
2550,ThermoMPNN,2HYY,1.2072193622589111,128,D,M,F:\GENESIS Studio\genesis-studio\packages\engines-py\.pdb_cache\2HYY,A
2551,ThermoMPNN,2HYY,0.7806020975112915,128,D,N,F:\GENESIS Studio\genesis-studio\packages\engines-py\.pdb_cache\2HYY,A
2552,ThermoMPNN,2HYY,1.6555119752883911,128,D,P,F:\GENESIS Studio\genesis-studio\packages\engines-py\.pdb_cache\2HYY,A
2553,ThermoMPNN,2HYY,1.1561059951782227,128,D,Q,F:\GENESIS Studio\genesis-studio\packages\engines-py\.pdb_cache\2HYY,A
2554,ThermoMPNN,2HYY,1.4119908809661865,128,D,R,F:\GENESIS Studio\genesis-studio\packages\engines-py\.pdb_cache\2HYY,A
2555,ThermoMPNN,2HYY,0.8734573721885681,128,D,S,F:\GENESIS Studio\genesis-studio\packages\engines-py\.pdb_cache\2HYY,A
2556,ThermoMPNN,2HYY,1.359622597694397,128,D,T,F:\GENESIS Studio\genesis-studio\packages\engines-py\.pdb_cache\2HYY,A
2557,ThermoMPNN,2HYY,1.4711384773254395,128,D,V,F:\GENESIS Studio\genesis-studio\packages\engines-py\.pdb_cache\2HYY,A
2558,ThermoMPNN,2HYY,0.975174069404602,128,D,W,F:\GENESIS Studio\genesis-studio\packages\engines-py\.pdb_cache\2HYY,A
2559,ThermoMPNN,2HYY,1.0913057327270508,128,D,Y,F:\GENESIS Studio\genesis-studio\packages\engines-py\.pdb_cache\2HYY,A
2560,ThermoMPNN,2HYY,2.1288461685180664,129,L,A,F:\GENESIS Studio\genesis-studio\packages\engines-py\.pdb_cache\2HYY,A
2561,ThermoMPNN,2HYY,1.3874324560165405,129,L,C,F:\GENESIS Studio\genesis-studio\packages\engines-py\.pdb_cache\2HYY,A
2562,ThermoMPNN,2HYY,2.6736207008361816,129,L,D,F:\GENESIS Studio\genesis-studio\packages\engines-py\.pdb_cache\2HYY,A
2563,ThermoMPNN,2HYY,2.6475419998168945,129,L,E,F:\GENESIS Studio\genesis-studio\packages\engines-py\.pdb_cache\2HYY,A
2564,ThermoMPNN,2HYY,1.5298020839691162,129,L,F,F:\GENESIS Studio\genesis-studio\packages\engines-py\.pdb_cache\2HYY,A
2565,ThermoMPNN,2HYY,2.700777053833008,129,L,G,F:\GENESIS Studio\genesis-studio\packages\engines-py\.pdb_cache\2HYY,A
2566,ThermoMPNN,2HYY,2.8080036640167236,129,L,H,F:\GENESIS Studio\genesis-studio\packages\engines-py\.pdb_cache\2HYY,A
2567,ThermoMPNN,2HYY,0.6585839986801147,129,L,I,F:\GENESIS Studio\genesis-studio\packages\engines-py\.pdb_cache\2HYY,A
2568,ThermoMPNN,2HYY,2.700483798980713,129,L,K,F:\GENESIS Studio\genesis-studio\packages\engines-py\.pdb_cache\2HYY,A
2569,ThermoMPNN,2HYY,0.0,129,L,L,F:\GENESIS Studio\genesis-studio\packages\engines-py\.pdb_cache\2HYY,A
2570,ThermoMPNN,2HYY,1.057347059249878,129,L,M,F:\GENESIS Studio\genesis-studio\packages\engines-py\.pdb_cache\2HYY,A
2571,ThermoMPNN,2HYY,2.7215757369995117,129,L,N,F:\GENESIS Studio\genesis-studio\packages\engines-py\.pdb_cache\2HYY,A
2572,ThermoMPNN,2HYY,2.239500045776367,129,L,P,F:\GENESIS Studio\genesis-studio\packages\engines-py\.pdb_cache\2HYY,A
2573,ThermoMPNN,2HYY,2.609126329421997,129,L,Q,F:\GENESIS Studio\genesis-studio\packages\engines-py\.pdb_cache\2HYY,A
2574,ThermoMPNN,2HYY,2.9274048805236816,129,L,R,F:\GENESIS Studio\genesis-studio\packages\engines-py\.pdb_cache\2HYY,A
2575,ThermoMPNN,2HYY,2.645717144012451,129,L,S,F:\GENESIS Studio\genesis-studio\packages\engines-py\.pdb_cache\2HYY,A
2576,ThermoMPNN,2HYY,2.2294085025787354,129,L,T,F:\GENESIS Studio\genesis-studio\packages\engines-py\.pdb_cache\2HYY,A
2577,ThermoMPNN,2HYY,0.8383705615997314,129,L,V,F:\GENESIS Studio\genesis-studio\packages\engines-py\.pdb_cache\2HYY,A
2578,ThermoMPNN,2HYY,2.2208709716796875,129,L,W,F:\GENESIS Studio\genesis-studio\packages\engines-py\.pdb_cache\2HYY,A
2579,ThermoMPNN,2HYY,2.304813861846924,129,L,Y,F:\GENESIS Studio\genesis-studio\packages\engines-py\.pdb_cache\2HYY,A
2580,ThermoMPNN,2HYY,0.0,130,A,A,F:\GENESIS Studio\genesis-studio\packages\engines-py\.pdb_cache\2HYY,A
2581,ThermoMPNN,2HYY,0.3249119520187378,130,A,C,F:\GENESIS Studio\genesis-studio\packages\engines-py\.pdb_cache\2HYY,A
2582,ThermoMPNN,2HYY,2.0125372409820557,130,A,D,F:\GENESIS Studio\genesis-studio\packages\engines-py\.pdb_cache\2HYY,A
2583,ThermoMPNN,2HYY,1.5622773170471191,130,A,E,F:\GENESIS Studio\genesis-studio\packages\engines-py\.pdb_cache\2HYY,A
2584,ThermoMPNN,2HYY,0.8598434329032898,130,A,F,F:\GENESIS Studio\genesis-studio\packages\engines-py\.pdb_cache\2HYY,A
2585,ThermoMPNN,2HYY,0.9811286926269531,130,A,G,F:\GENESIS Studio\genesis-studio\packages\engines-py\.pdb_cache\2HYY,A
2586,ThermoMPNN,2HYY,0.4106858968734741,130,A,H,F:\GENESIS Studio\genesis-studio\packages\engines-py\.pdb_cache\2HYY,A
2587,ThermoMPNN,2HYY,0.9490224123001099,130,A,I,F:\GENESIS Studio\genesis-studio\packages\engines-py\.pdb_cache\2HYY,A
2588,ThermoMPNN,2HYY,-0.18079710006713867,130,A,K,F:\GENESIS Studio\genesis-studio\packages\engines-py\.pdb_cache\2HYY,A
2589,ThermoMPNN,2HYY,0.805812656879425,130,A,L,F:\GENESIS Studio\genesis-studio\packages\engines-py\.pdb_cache\2HYY,A
2590,ThermoMPNN,2HYY,0.4779012203216553,130,A,M,F:\GENESIS Studio\genesis-studio\packages\engines-py\.pdb_cache\2HYY,A
2591,ThermoMPNN,2HYY,0.9639317393302917,130,A,N,F:\GENESIS Studio\genesis-studio\packages\engines-py\.pdb_cache\2HYY,A
2592,ThermoMPNN,2HYY,1.0752358436584473,130,A,P,F:\GENESIS Studio\genesis-studio\packages\engines-py\.pdb_cache\2HYY,A
2593,ThermoMPNN,2HYY,0.3124215602874756,130,A,Q,F:\GENESIS Studio\genesis-studio\packages\engines-py\.pdb_cache\2HYY,A
2594,ThermoMPNN,2HYY,-9.918212890625e-05,130,A,R,F:\GENESIS Studio\genesis-studio\packages\engines-py\.pdb_cache\2HYY,A
2595,ThermoMPNN,2HYY,0.5565098524093628,130,A,S,F:\GENESIS Studio\genesis-studio\packages\engines-py\.pdb_cache\2HYY,A
2596,ThermoMPNN,2HYY,1.254233956336975,130,A,T,F:\GENESIS Studio\genesis-studio\packages\engines-py\.pdb_cache\2HYY,A
2597,ThermoMPNN,2HYY,1.0283291339874268,130,A,V,F:\GENESIS Studio\genesis-studio\packages\engines-py\.pdb_cache\2HYY,A
2598,ThermoMPNN,2HYY,0.991441011428833,130,A,W,F:\GENESIS Studio\genesis-studio\packages\engines-py\.pdb_cache\2HYY,A
2599,ThermoMPNN,2HYY,0.8286594748497009,130,A,Y,F:\GENESIS Studio\genesis-studio\packages\engines-py\.pdb_cache\2HYY,A
2600,ThermoMPNN,2HYY,0.0,131,A,A,F:\GENESIS Studio\genesis-studio\packages\engines-py\.pdb_cache\2HYY,A
2601,ThermoMPNN,2HYY,0.07913076877593994,131,A,C,F:\GENESIS Studio\genesis-studio\packages\engines-py\.pdb_cache\2HYY,A
2602,ThermoMPNN,2HYY,1.9722518920898438,131,A,D,F:\GENESIS Studio\genesis-studio\packages\engines-py\.pdb_cache\2HYY,A
2603,ThermoMPNN,2HYY,2.382657527923584,131,A,E,F:\GENESIS Studio\genesis-studio\packages\engines-py\.pdb_cache\2HYY,A
2604,ThermoMPNN,2HYY,1.42463219165802,131,A,F,F:\GENESIS Studio\genesis-studio\packages\engines-py\.pdb_cache\2HYY,A
2605,ThermoMPNN,2HYY,0.4687396287918091,131,A,G,F:\GENESIS Studio\genesis-studio\packages\engines-py\.pdb_cache\2HYY,A
2606,ThermoMPNN,2HYY,2.006216049194336,131,A,H,F:\GENESIS Studio\genesis-studio\packages\engines-py\.pdb_cache\2HYY,A
2607,ThermoMPNN,2HYY,0.5034947395324707,131,A,I,F:\GENESIS Studio\genesis-studio\packages\engines-py\.pdb_cache\2HYY,A
2608,ThermoMPNN,2HYY,1.964613437652588,131,A,K,F:\GENESIS Studio\genesis-studio\packages\engines-py\.pdb_cache\2HYY,A
2609,ThermoMPNN,2HYY,0.27173590660095215,131,A,L,F:\GENESIS Studio\genesis-studio\packages\engines-py\.pdb_cache\2HYY,A
2610,ThermoMPNN,2HYY,0.8160601854324341,131,A,M,F:\GENESIS Studio\genesis-studio\packages\engines-py\.pdb_cache\2HYY,A
2611,ThermoMPNN,2HYY,1.5297889709472656,131,A,N,F:\GENESIS Studio\genesis-studio\packages\engines-py\.pdb_cache\2HYY,A
2612,ThermoMPNN,2HYY,2.348482847213745,131,A,P,F:\GENESIS Studio\genesis-studio\packages\engines-py\.pdb_cache\2HYY,A
2613,ThermoMPNN,2HYY,2.038123607635498,131,A,Q,F:\GENESIS Studio\genesis-studio\packages\engines-py\.pdb_cache\2HYY,A
2614,ThermoMPNN,2HYY,1.9814386367797852,131,A,R,F:\GENESIS Studio\genesis-studio\packages\engines-py\.pdb_cache\2HYY,A
2615,ThermoMPNN,2HYY,0.5134403705596924,131,A,S,F:\GENESIS Studio\genesis-studio\packages\engines-py\.pdb_cache\2HYY,A
2616,ThermoMPNN,2HYY,0.5488980412483215,131,A,T,F:\GENESIS Studio\genesis-studio\packages\engines-py\.pdb_cache\2HYY,A
2617,ThermoMPNN,2HYY,0.39608538150787354,131,A,V,F:\GENESIS Studio\genesis-studio\packages\engines-py\.pdb_cache\2HYY,A
2618,ThermoMPNN,2HYY,1.5855941772460938,131,A,W,F:\GENESIS Studio\genesis-studio\packages\engines-py\.pdb_cache\2HYY,A
2619,ThermoMPNN,2HYY,1.5783110857009888,131,A,Y,F:\GENESIS Studio\genesis-studio\packages\engines-py\.pdb_cache\2HYY,A
2620,ThermoMPNN,2HYY,0.20530188083648682,132,R,A,F:\GENESIS Studio\genesis-studio\packages\engines-py\.pdb_cache\2HYY,A
2621,ThermoMPNN,2HYY,0.36076390743255615,132,R,C,F:\GENESIS Studio\genesis-studio\packages\engines-py\.pdb_cache\2HYY,A
2622,ThermoMPNN,2HYY,1.0692518949508667,132,R,D,F:\GENESIS Studio\genesis-studio\packages\engines-py\.pdb_cache\2HYY,A
2623,ThermoMPNN,2HYY,0.3753136992454529,132,R,E,F:\GENESIS Studio\genesis-studio\packages\engines-py\.pdb_cache\2HYY,A
2624,ThermoMPNN,2HYY,0.21697527170181274,132,R,F,F:\GENESIS Studio\genesis-studio\packages\engines-py\.pdb_cache\2HYY,A
2625,ThermoMPNN,2HYY,0.4646539092063904,132,R,G,F:\GENESIS Studio\genesis-studio\packages\engines-py\.pdb_cache\2HYY,A
2626,ThermoMPNN,2HYY,-0.028533101081848145,132,R,H,F:\GENESIS Studio\genesis-studio\packages\engines-py\.pdb_cache\2HYY,A
2627,ThermoMPNN,2HYY,0.9596459865570068,132,R,I,F:\GENESIS Studio\genesis-studio\packages\engines-py\.pdb_cache\2HYY,A
2628,ThermoMPNN,2HYY,0.32158422470092773,132,R,K,F:\GENESIS Studio\genesis-studio\packages\engines-py\.pdb_cache\2HYY,A
2629,ThermoMPNN,2HYY,0.7451585531234741,132,R,L,F:\GENESIS Studio\genesis-studio\packages\engines-py\.pdb_cache\2HYY,A
2630,ThermoMPNN,2HYY,0.5125088691711426,132,R,M,F:\GENESIS Studio\genesis-studio\packages\engines-py\.pdb_cache\2HYY,A
2631,ThermoMPNN,2HYY,0.7828531265258789,132,R,N,F:\GENESIS Studio\genesis-studio\packages\engines-py\.pdb_cache\2HYY,A
2632,ThermoMPNN,2HYY,0.6277295351028442,132,R,P,F:\GENESIS Studio\genesis-studio\packages\engines-py\.pdb_cache\2HYY,A
2633,ThermoMPNN,2HYY,0.22848576307296753,132,R,Q,F:\GENESIS Studio\genesis-studio\packages\engines-py\.pdb_cache\2HYY,A
2634,ThermoMPNN,2HYY,0.0,132,R,R,F:\GENESIS Studio\genesis-studio\packages\engines-py\.pdb_cache\2HYY,A
2635,ThermoMPNN,2HYY,0.6402492523193359,132,R,S,F:\GENESIS Studio\genesis-studio\packages\engines-py\.pdb_cache\2HYY,A
2636,ThermoMPNN,2HYY,0.8484835624694824,132,R,T,F:\GENESIS Studio\genesis-studio\packages\engines-py\.pdb_cache\2HYY,A
2637,ThermoMPNN,2HYY,0.878270149230957,132,R,V,F:\GENESIS Studio\genesis-studio\packages\engines-py\.pdb_cache\2HYY,A
2638,ThermoMPNN,2HYY,0.36452239751815796,132,R,W,F:\GENESIS Studio\genesis-studio\packages\engines-py\.pdb_cache\2HYY,A
2639,ThermoMPNN,2HYY,-0.20952367782592773,132,R,Y,F:\GENESIS Studio\genesis-studio\packages\engines-py\.pdb_cache\2HYY,A
2640,ThermoMPNN,2HYY,1.0825611352920532,133,N,A,F:\GENESIS Studio\genesis-studio\packages\engines-py\.pdb_cache\2HYY,A
2641,ThermoMPNN,2HYY,0.5540928840637207,133,N,C,F:\GENESIS Studio\genesis-studio\packages\engines-py\.pdb_cache\2HYY,A
2642,ThermoMPNN,2HYY,0.9823017120361328,133,N,D,F:\GENESIS Studio\genesis-studio\packages\engines-py\.pdb_cache\2HYY,A
2643,ThermoMPNN,2HYY,1.1368829011917114,133,N,E,F:\GENESIS Studio\genesis-studio\packages\engines-py\.pdb_cache\2HYY,A
2644,ThermoMPNN,2HYY,1.2985789775848389,133,N,F,F:\GENESIS Studio\genesis-studio\packages\engines-py\.pdb_cache\2HYY,A
2645,ThermoMPNN,2HYY,1.768198847770691,133,N,G,F:\GENESIS Studio\genesis-studio\packages\engines-py\.pdb_cache\2HYY,A
2646,ThermoMPNN,2HYY,0.4750211238861084,133,N,H,F:\GENESIS Studio\genesis-studio\packages\engines-py\.pdb_cache\2HYY,A
2647,ThermoMPNN,2HYY,1.3157625198364258,133,N,I,F:\GENESIS Studio\genesis-studio\packages\engines-py\.pdb_cache\2HYY,A
2648,ThermoMPNN,2HYY,1.2951066493988037,133,N,K,F:\GENESIS Studio\genesis-studio\packages\engines-py\.pdb_cache\2HYY,A
2649,ThermoMPNN,2HYY,0.8754725456237793,133,N,L,F:\GENESIS Studio\genesis-studio\packages\engines-py\.pdb_cache\2HYY,A
2650,ThermoMPNN,2HYY,1.003551959991455,133,N,M,F:\GENESIS Studio\genesis-studio\packages\engines-py\.pdb_cache\2HYY,A
2651,ThermoMPNN,2HYY,0.0,133,N,N,F:\GENESIS Studio\genesis-studio\packages\engines-py\.pdb_cache\2HYY,A
2652,ThermoMPNN,2HYY,2.5750064849853516,133,N,P,F:\GENESIS Studio\genesis-studio\packages\engines-py\.pdb_cache\2HYY,A
2653,ThermoMPNN,2HYY,1.1069632768630981,133,N,Q,F:\GENESIS Studio\genesis-studio\packages\engines-py\.pdb_cache\2HYY,A
2654,ThermoMPNN,2HYY,1.1922283172607422,133,N,R,F:\GENESIS Studio\genesis-studio\packages\engines-py\.pdb_cache\2HYY,A
2655,ThermoMPNN,2HYY,1.0365501642227173,133,N,S,F:\GENESIS Studio\genesis-studio\packages\engines-py\.pdb_cache\2HYY,A
2656,ThermoMPNN,2HYY,1.5582458972930908,133,N,T,F:\GENESIS Studio\genesis-studio\packages\engines-py\.pdb_cache\2HYY,A
2657,ThermoMPNN,2HYY,0.9837076663970947,133,N,V,F:\GENESIS Studio\genesis-studio\packages\engines-py\.pdb_cache\2HYY,A
2658,ThermoMPNN,2HYY,1.306225299835205,133,N,W,F:\GENESIS Studio\genesis-studio\packages\engines-py\.pdb_cache\2HYY,A
2659,ThermoMPNN,2HYY,1.189151644706726,133,N,Y,F:\GENESIS Studio\genesis-studio\packages\engines-py\.pdb_cache\2HYY,A
2660,ThermoMPNN,2HYY,0.44454246759414673,134,C,A,F:\GENESIS Studio\genesis-studio\packages\engines-py\.pdb_cache\2HYY,A
2661,ThermoMPNN,2HYY,0.0,134,C,C,F:\GENESIS Studio\genesis-studio\packages\engines-py\.pdb_cache\2HYY,A
2662,ThermoMPNN,2HYY,1.8440310955047607,134,C,D,F:\GENESIS Studio\genesis-studio\packages\engines-py\.pdb_cache\2HYY,A
2663,ThermoMPNN,2HYY,1.7544915676116943,134,C,E,F:\GENESIS Studio\genesis-studio\packages\engines-py\.pdb_cache\2HYY,A
2664,ThermoMPNN,2HYY,0.25211524963378906,134,C,F,F:\GENESIS Studio\genesis-studio\packages\engines-py\.pdb_cache\2HYY,A
2665,ThermoMPNN,2HYY,0.8936463594436646,134,C,G,F:\GENESIS Studio\genesis-studio\packages\engines-py\.pdb_cache\2HYY,A
2666,ThermoMPNN,2HYY,1.2567980289459229,134,C,H,F:\GENESIS Studio\genesis-studio\packages\engines-py\.pdb_cache\2HYY,A
2667,ThermoMPNN,2HYY,0.06521058082580566,134,C,I,F:\GENESIS Studio\genesis-studio\packages\engines-py\.pdb_cache\2HYY,A
2668,ThermoMPNN,2HYY,1.404227614402771,134,C,K,F:\GENESIS Studio\genesis-studio\packages\engines-py\.pdb_cache\2HYY,A
2669,ThermoMPNN,2HYY,0.2340470552444458,134,C,L,F:\GENESIS Studio\genesis-studio\packages\engines-py\.pdb_cache\2HYY,A
2670,ThermoMPNN,2HYY,0.46286237239837646,134,C,M,F:\GENESIS Studio\genesis-studio\packages\engines-py\.pdb_cache\2HYY,A
2671,ThermoMPNN,2HYY,1.4290016889572144,134,C,N,F:\GENESIS Studio\genesis-studio\packages\engines-py\.pdb_cache\2HYY,A
2672,ThermoMPNN,2HYY,1.5994739532470703,134,C,P,F:\GENESIS Studio\genesis-studio\packages\engines-py\.pdb_cache\2HYY,A
2673,ThermoMPNN,2HYY,1.432784080505371,134,C,Q,F:\GENESIS Studio\genesis-studio\packages\engines-py\.pdb_cache\2HYY,A
2674,ThermoMPNN,2HYY,1.4791803359985352,134,C,R,F:\GENESIS Studio\genesis-studio\packages\engines-py\.pdb_cache\2HYY,A
2675,ThermoMPNN,2HYY,0.5595256090164185,134,C,S,F:\GENESIS Studio\genesis-studio\packages\engines-py\.pdb_cache\2HYY,A
2676,ThermoMPNN,2HYY,0.25172293186187744,134,C,T,F:\GENESIS Studio\genesis-studio\packages\engines-py\.pdb_cache\2HYY,A
2677,ThermoMPNN,2HYY,0.13109946250915527,134,C,V,F:\GENESIS Studio\genesis-studio\packages\engines-py\.pdb_cache\2HYY,A
2678,ThermoMPNN,2HYY,1.1226366758346558,134,C,W,F:\GENESIS Studio\genesis-studio\packages\engines-py\.pdb_cache\2HYY,A
2679,ThermoMPNN,2HYY,0.6771324276924133,134,C,Y,F:\GENESIS Studio\genesis-studio\packages\engines-py\.pdb_cache\2HYY,A
2680,ThermoMPNN,2HYY,2.0716519355773926,135,L,A,F:\GENESIS Studio\genesis-studio\packages\engines-py\.pdb_cache\2HYY,A
2681,ThermoMPNN,2HYY,0.9151687622070312,135,L,C,F:\GENESIS Studio\genesis-studio\packages\engines-py\.pdb_cache\2HYY,A
2682,ThermoMPNN,2HYY,2.6081113815307617,135,L,D,F:\GENESIS Studio\genesis-studio\packages\engines-py\.pdb_cache\2HYY,A
2683,ThermoMPNN,2HYY,2.1925816535949707,135,L,E,F:\GENESIS Studio\genesis-studio\packages\engines-py\.pdb_cache\2HYY,A
2684,ThermoMPNN,2HYY,0.39269495010375977,135,L,F,F:\GENESIS Studio\genesis-studio\packages\engines-py\.pdb_cache\2HYY,A
2685,ThermoMPNN,2HYY,2.3294835090637207,135,L,G,F:\GENESIS Studio\genesis-studio\packages\engines-py\.pdb_cache\2HYY,A
2686,ThermoMPNN,2HYY,2.079800844192505,135,L,H,F:\GENESIS Studio\genesis-studio\packages\engines-py\.pdb_cache\2HYY,A
2687,ThermoMPNN,2HYY,0.9318562746047974,135,L,I,F:\GENESIS Studio\genesis-studio\packages\engines-py\.pdb_cache\2HYY,A
2688,ThermoMPNN,2HYY,2.3878960609436035,135,L,K,F:\GENESIS Studio\genesis-studio\packages\engines-py\.pdb_cache\2HYY,A
2689,ThermoMPNN,2HYY,0.0,135,L,L,F:\GENESIS Studio\genesis-studio\packages\engines-py\.pdb_cache\2HYY,A
2690,ThermoMPNN,2HYY,0.4121718406677246,135,L,M,F:\GENESIS Studio\genesis-studio\packages\engines-py\.pdb_cache\2HYY,A
2691,ThermoMPNN,2HYY,2.447852611541748,135,L,N,F:\GENESIS Studio\genesis-studio\packages\engines-py\.pdb_cache\2HYY,A
2692,ThermoMPNN,2HYY,2.7292089462280273,135,L,P,F:\GENESIS Studio\genesis-studio\packages\engines-py\.pdb_cache\2HYY,A
2693,ThermoMPNN,2HYY,1.9683647155761719,135,L,Q,F:\GENESIS Studio\genesis-studio\packages\engines-py\.pdb_cache\2HYY,A
2694,ThermoMPNN,2HYY,2.4295125007629395,135,L,R,F:\GENESIS Studio\genesis-studio\packages\engines-py\.pdb_cache\2HYY,A
2695,ThermoMPNN,2HYY,2.1741445064544678,135,L,S,F:\GENESIS Studio\genesis-studio\packages\engines-py\.pdb_cache\2HYY,A
2696,ThermoMPNN,2HYY,1.8736817836761475,135,L,T,F:\GENESIS Studio\genesis-studio\packages\engines-py\.pdb_cache\2HYY,A
2697,ThermoMPNN,2HYY,1.3633967638015747,135,L,V,F:\GENESIS Studio\genesis-studio\packages\engines-py\.pdb_cache\2HYY,A
2698,ThermoMPNN,2HYY,0.9426738023757935,135,L,W,F:\GENESIS Studio\genesis-studio\packages\engines-py\.pdb_cache\2HYY,A
2699,ThermoMPNN,2HYY,1.12294340133667,135,L,Y,F:\GENESIS Studio\genesis-studio\packages\engines-py\.pdb_cache\2HYY,A
2700,ThermoMPNN,2HYY,2.0415568351745605,136,V,A,F:\GENESIS Studio\genesis-studio\packages\engines-py\.pdb_cache\2HYY,A
2701,ThermoMPNN,2HYY,1.11085844039917,136,V,C,F:\GENESIS Studio\genesis-studio\packages\engines-py\.pdb_cache\2HYY,A
2702,ThermoMPNN,2HYY,3.0219993591308594,136,V,D,F:\GENESIS Studio\genesis-studio\packages\engines-py\.pdb_cache\2HYY,A
2703,ThermoMPNN,2HYY,2.999445915222168,136,V,E,F:\GENESIS Studio\genesis-studio\packages\engines-py\.pdb_cache\2HYY,A
2704,ThermoMPNN,2HYY,2.0505099296569824,136,V,F,F:\GENESIS Studio\genesis-studio\packages\engines-py\.pdb_cache\2HYY,A
2705,ThermoMPNN,2HYY,2.7761521339416504,136,V,G,F:\GENESIS Studio\genesis-studio\packages\engines-py\.pdb_cache\2HYY,A
2706,ThermoMPNN,2HYY,2.877042055130005,136,V,H,F:\GENESIS Studio\genesis-studio\packages\engines-py\.pdb_cache\2HYY,A
2707,ThermoMPNN,2HYY,0.5000267028808594,136,V,I,F:\GENESIS Studio\genesis-studio\packages\engines-py\.pdb_cache\2HYY,A
2708,ThermoMPNN,2HYY,3.018205165863037,136,V,K,F:\GENESIS Studio\genesis-studio\packages\engines-py\.pdb_cache\2HYY,A
2709,ThermoMPNN,2HYY,0.6391901969909668,136,V,L,F:\GENESIS Studio\genesis-studio\packages\engines-py\.pdb_cache\2HYY,A
2710,ThermoMPNN,2HYY,1.557732105255127,136,V,M,F:\GENESIS Studio\genesis-studio\packages\engines-py\.pdb_cache\2HYY,A
2711,ThermoMPNN,2HYY,2.931203603744507,136,V,N,F:\GENESIS Studio\genesis-studio\packages\engines-py\.pdb_cache\2HYY,A
2712,ThermoMPNN,2HYY,2.8378548622131348,136,V,P,F:\GENESIS Studio\genesis-studio\packages\engines-py\.pdb_cache\2HYY,A
2713,ThermoMPNN,2HYY,2.9649720191955566,136,V,Q,F:\GENESIS Studio\genesis-studio\packages\engines-py\.pdb_cache\2HYY,A
2714,ThermoMPNN,2HYY,3.1009435653686523,136,V,R,F:\GENESIS Studio\genesis-studio\packages\engines-py\.pdb_cache\2HYY,A
2715,ThermoMPNN,2HYY,3.0303595066070557,136,V,S,F:\GENESIS Studio\genesis-studio\packages\engines-py\.pdb_cache\2HYY,A
2716,ThermoMPNN,2HYY,2.592481851577759,136,V,T,F:\GENESIS Studio\genesis-studio\packages\engines-py\.pdb_cache\2HYY,A
2717,ThermoMPNN,2HYY,0.0,136,V,V,F:\GENESIS Studio\genesis-studio\packages\engines-py\.pdb_cache\2HYY,A
2718,ThermoMPNN,2HYY,2.5185093879699707,136,V,W,F:\GENESIS Studio\genesis-studio\packages\engines-py\.pdb_cache\2HYY,A
2719,ThermoMPNN,2HYY,2.5648040771484375,136,V,Y,F:\GENESIS Studio\genesis-studio\packages\engines-py\.pdb_cache\2HYY,A
2720,ThermoMPNN,2HYY,1.582252860069275,137,G,A,F:\GENESIS Studio\genesis-studio\packages\engines-py\.pdb_cache\2HYY,A
2721,ThermoMPNN,2HYY,1.1983567476272583,137,G,C,F:\GENESIS Studio\genesis-studio\packages\engines-py\.pdb_cache\2HYY,A
2722,ThermoMPNN,2HYY,1.6663954257965088,137,G,D,F:\GENESIS Studio\genesis-studio\packages\engines-py\.pdb_cache\2HYY,A
2723,ThermoMPNN,2HYY,2.4754230976104736,137,G,E,F:\GENESIS Studio\genesis-studio\packages\engines-py\.pdb_cache\2HYY,A
2724,ThermoMPNN,2HYY,2.083040714263916,137,G,F,F:\GENESIS Studio\genesis-studio\packages\engines-py\.pdb_cache\2HYY,A
2725,ThermoMPNN,2HYY,0.0,137,G,G,F:\GENESIS Studio\genesis-studio\packages\engines-py\.pdb_cache\2HYY,A
2726,ThermoMPNN,2HYY,1.9960819482803345,137,G,H,F:\GENESIS Studio\genesis-studio\packages\engines-py\.pdb_cache\2HYY,A
2727,ThermoMPNN,2HYY,2.6249325275421143,137,G,I,F:\GENESIS Studio\genesis-studio\packages\engines-py\.pdb_cache\2HYY,A
2728,ThermoMPNN,2HYY,2.423672914505005,137,G,K,F:\GENESIS Studio\genesis-studio\packages\engines-py\.pdb_cache\2HYY,A
2729,ThermoMPNN,2HYY,2.4549384117126465,137,G,L,F:\GENESIS Studio\genesis-studio\packages\engines-py\.pdb_cache\2HYY,A
2730,ThermoMPNN,2HYY,2.0756237506866455,137,G,M,F:\GENESIS Studio\genesis-studio\packages\engines-py\.pdb_cache\2HYY,A
2731,ThermoMPNN,2HYY,1.735306739807129,137,G,N,F:\GENESIS Studio\genesis-studio\packages\engines-py\.pdb_cache\2HYY,A
2732,ThermoMPNN,2HYY,2.9220709800720215,137,G,P,F:\GENESIS Studio\genesis-studio\packages\engines-py\.pdb_cache\2HYY,A
2733,ThermoMPNN,2HYY,2.294283866882324,137,G,Q,F:\GENESIS Studio\genesis-studio\packages\engines-py\.pdb_cache\2HYY,A
2734,ThermoMPNN,2HYY,2.353067636489868,137,G,R,F:\GENESIS Studio\genesis-studio\packages\engines-py\.pdb_cache\2HYY,A
2735,ThermoMPNN,2HYY,1.5680124759674072,137,G,S,F:\GENESIS Studio\genesis-studio\packages\engines-py\.pdb_cache\2HYY,A
2736,ThermoMPNN,2HYY,2.1746439933776855,137,G,T,F:\GENESIS Studio\genesis-studio\packages\engines-py\.pdb_cache\2HYY,A
2737,ThermoMPNN,2HYY,2.5655860900878906,137,G,V,F:\GENESIS Studio\genesis-studio\packages\engines-py\.pdb_cache\2HYY,A
2738,ThermoMPNN,2HYY,2.134082317352295,137,G,W,F:\GENESIS Studio\genesis-studio\packages\engines-py\.pdb_cache\2HYY,A
2739,ThermoMPNN,2HYY,2.2631967067718506,137,G,Y,F:\GENESIS Studio\genesis-studio\packages\engines-py\.pdb_cache\2HYY,A
2740,ThermoMPNN,2HYY,0.5861333608627319,138,E,A,F:\GENESIS Studio\genesis-studio\packages\engines-py\.pdb_cache\2HYY,A
2741,ThermoMPNN,2HYY,0.28350216150283813,138,E,C,F:\GENESIS Studio\genesis-studio\packages\engines-py\.pdb_cache\2HYY,A
2742,ThermoMPNN,2HYY,0.45583558082580566,138,E,D,F:\GENESIS Studio\genesis-studio\packages\engines-py\.pdb_cache\2HYY,A
2743,ThermoMPNN,2HYY,0.0,138,E,E,F:\GENESIS Studio\genesis-studio\packages\engines-py\.pdb_cache\2HYY,A
2744,ThermoMPNN,2HYY,0.6700589656829834,138,E,F,F:\GENESIS Studio\genesis-studio\packages\engines-py\.pdb_cache\2HYY,A
2745,ThermoMPNN,2HYY,0.8659024238586426,138,E,G,F:\GENESIS Studio\genesis-studio\packages\engines-py\.pdb_cache\2HYY,A
2746,ThermoMPNN,2HYY,0.6104798913002014,138,E,H,F:\GENESIS Studio\genesis-studio\packages\engines-py\.pdb_cache\2HYY,A
2747,ThermoMPNN,2HYY,0.5610220432281494,138,E,I,F:\GENESIS Studio\genesis-studio\packages\engines-py\.pdb_cache\2HYY,A
2748,ThermoMPNN,2HYY,0.8202881813049316,138,E,K,F:\GENESIS Studio\genesis-studio\packages\engines-py\.pdb_cache\2HYY,A
2749,ThermoMPNN,2HYY,0.7195805907249451,138,E,L,F:\GENESIS Studio\genesis-studio\packages\engines-py\.pdb_cache\2HYY,A
2750,ThermoMPNN,2HYY,0.6947929263114929,138,E,M,F:\GENESIS Studio\genesis-studio\packages\engines-py\.pdb_cache\2HYY,A
2751,ThermoMPNN,2HYY,0.774520754814148,138,E,N,F:\GENESIS Studio\genesis-studio\packages\engines-py\.pdb_cache\2HYY,A
2752,ThermoMPNN,2HYY,0.3678377866744995,138,E,P,F:\GENESIS Studio\genesis-studio\packages\engines-py\.pdb_cache\2HYY,A
2753,ThermoMPNN,2HYY,0.5124989151954651,138,E,Q,F:\GENESIS Studio\genesis-studio\packages\engines-py\.pdb_cache\2HYY,A
2754,ThermoMPNN,2HYY,0.9433830976486206,138,E,R,F:\GENESIS Studio\genesis-studio\packages\engines-py\.pdb_cache\2HYY,A
2755,ThermoMPNN,2HYY,0.43008196353912354,138,E,S,F:\GENESIS Studio\genesis-studio\packages\engines-py\.pdb_cache\2HYY,A
2756,ThermoMPNN,2HYY,0.5392074584960938,138,E,T,F:\GENESIS Studio\genesis-studio\packages\engines-py\.pdb_cache\2HYY,A
2757,ThermoMPNN,2HYY,0.6982965469360352,138,E,V,F:\GENESIS Studio\genesis-studio\packages\engines-py\.pdb_cache\2HYY,A
2758,ThermoMPNN,2HYY,0.8144451975822449,138,E,W,F:\GENESIS Studio\genesis-studio\packages\engines-py\.pdb_cache\2HYY,A
2759,ThermoMPNN,2HYY,0.623528003692627,138,E,Y,F:\GENESIS Studio\genesis-studio\packages\engines-py\.pdb_cache\2HYY,A
2760,ThermoMPNN,2HYY,0.7101024985313416,139,N,A,F:\GENESIS Studio\genesis-studio\packages\engines-py\.pdb_cache\2HYY,A
2761,ThermoMPNN,2HYY,-0.17462217807769775,139,N,C,F:\GENESIS Studio\genesis-studio\packages\engines-py\.pdb_cache\2HYY,A
2762,ThermoMPNN,2HYY,0.5581371784210205,139,N,D,F:\GENESIS Studio\genesis-studio\packages\engines-py\.pdb_cache\2HYY,A
2763,ThermoMPNN,2HYY,0.7860151529312134,139,N,E,F:\GENESIS Studio\genesis-studio\packages\engines-py\.pdb_cache\2HYY,A
2764,ThermoMPNN,2HYY,0.32318687438964844,139,N,F,F:\GENESIS Studio\genesis-studio\packages\engines-py\.pdb_cache\2HYY,A
2765,ThermoMPNN,2HYY,-0.5377212762832642,139,N,G,F:\GENESIS Studio\genesis-studio\packages\engines-py\.pdb_cache\2HYY,A
2766,ThermoMPNN,2HYY,0.20017558336257935,139,N,H,F:\GENESIS Studio\genesis-studio\packages\engines-py\.pdb_cache\2HYY,A
2767,ThermoMPNN,2HYY,1.3311257362365723,139,N,I,F:\GENESIS Studio\genesis-studio\packages\engines-py\.pdb_cache\2HYY,A
2768,ThermoMPNN,2HYY,0.5301738381385803,139,N,K,F:\GENESIS Studio\genesis-studio\packages\engines-py\.pdb_cache\2HYY,A
2769,ThermoMPNN,2HYY,0.4976764917373657,139,N,L,F:\GENESIS Studio\genesis-studio\packages\engines-py\.pdb_cache\2HYY,A
2770,ThermoMPNN,2HYY,0.38650137186050415,139,N,M,F:\GENESIS Studio\genesis-studio\packages\engines-py\.pdb_cache\2HYY,A
2771,ThermoMPNN,2HYY,0.0,139,N,N,F:\GENESIS Studio\genesis-studio\packages\engines-py\.pdb_cache\2HYY,A
2772,ThermoMPNN,2HYY,1.8222322463989258,139,N,P,F:\GENESIS Studio\genesis-studio\packages\engines-py\.pdb_cache\2HYY,A
2773,ThermoMPNN,2HYY,0.5101838707923889,139,N,Q,F:\GENESIS Studio\genesis-studio\packages\engines-py\.pdb_cache\2HYY,A
2774,ThermoMPNN,2HYY,0.5609732270240784,139,N,R,F:\GENESIS Studio\genesis-studio\packages\engines-py\.pdb_cache\2HYY,A
2775,ThermoMPNN,2HYY,0.6895363926887512,139,N,S,F:\GENESIS Studio\genesis-studio\packages\engines-py\.pdb_cache\2HYY,A
2776,ThermoMPNN,2HYY,1.2641661167144775,139,N,T,F:\GENESIS Studio\genesis-studio\packages\engines-py\.pdb_cache\2HYY,A
2777,ThermoMPNN,2HYY,1.3117852210998535,139,N,V,F:\GENESIS Studio\genesis-studio\packages\engines-py\.pdb_cache\2HYY,A
2778,ThermoMPNN,2HYY,0.5221980810165405,139,N,W,F:\GENESIS Studio\genesis-studio\packages\engines-py\.pdb_cache\2HYY,A
2779,ThermoMPNN,2HYY,0.4485158920288086,139,N,Y,F:\GENESIS Studio\genesis-studio\packages\engines-py\.pdb_cache\2HYY,A
2780,ThermoMPNN,2HYY,1.8415095806121826,140,H,A,F:\GENESIS Studio\genesis-studio\packages\engines-py\.pdb_cache\2HYY,A
2781,ThermoMPNN,2HYY,1.056002140045166,140,H,C,F:\GENESIS Studio\genesis-studio\packages\engines-py\.pdb_cache\2HYY,A
2782,ThermoMPNN,2HYY,2.4045770168304443,140,H,D,F:\GENESIS Studio\genesis-studio\packages\engines-py\.pdb_cache\2HYY,A
2783,ThermoMPNN,2HYY,2.163607597351074,140,H,E,F:\GENESIS Studio\genesis-studio\packages\engines-py\.pdb_cache\2HYY,A
2784,ThermoMPNN,2HYY,0.5571421384811401,140,H,F,F:\GENESIS Studio\genesis-studio\packages\engines-py\.pdb_cache\2HYY,A
2785,ThermoMPNN,2HYY,1.6477069854736328,140,H,G,F:\GENESIS Studio\genesis-studio\packages\engines-py\.pdb_cache\2HYY,A
2786,ThermoMPNN,2HYY,0.0,140,H,H,F:\GENESIS Studio\genesis-studio\packages\engines-py\.pdb_cache\2HYY,A
2787,ThermoMPNN,2HYY,2.1735172271728516,140,H,I,F:\GENESIS Studio\genesis-studio\packages\engines-py\.pdb_cache\2HYY,A
2788,ThermoMPNN,2HYY,1.4536432027816772,140,H,K,F:\GENESIS Studio\genesis-studio\packages\engines-py\.pdb_cache\2HYY,A
2789,ThermoMPNN,2HYY,1.4925034046173096,140,H,L,F:\GENESIS Studio\genesis-studio\packages\engines-py\.pdb_cache\2HYY,A
2790,ThermoMPNN,2HYY,1.334235429763794,140,H,M,F:\GENESIS Studio\genesis-studio\packages\engines-py\.pdb_cache\2HYY,A
2791,ThermoMPNN,2HYY,1.2224514484405518,140,H,N,F:\GENESIS Studio\genesis-studio\packages\engines-py\.pdb_cache\2HYY,A
2792,ThermoMPNN,2HYY,2.0845115184783936,140,H,P,F:\GENESIS Studio\genesis-studio\packages\engines-py\.pdb_cache\2HYY,A
2793,ThermoMPNN,2HYY,1.1612800359725952,140,H,Q,F:\GENESIS Studio\genesis-studio\packages\engines-py\.pdb_cache\2HYY,A
2794,ThermoMPNN,2HYY,1.2245802879333496,140,H,R,F:\GENESIS Studio\genesis-studio\packages\engines-py\.pdb_cache\2HYY,A
2795,ThermoMPNN,2HYY,1.7751156091690063,140,H,S,F:\GENESIS Studio\genesis-studio\packages\engines-py\.pdb_cache\2HYY,A
2796,ThermoMPNN,2HYY,2.3781139850616455,140,H,T,F:\GENESIS Studio\genesis-studio\packages\engines-py\.pdb_cache\2HYY,A
2797,ThermoMPNN,2HYY,2.133331298828125,140,H,V,F:\GENESIS Studio\genesis-studio\packages\engines-py\.pdb_cache\2HYY,A
2798,ThermoMPNN,2HYY,0.20152020454406738,140,H,W,F:\GENESIS Studio\genesis-studio\packages\engines-py\.pdb_cache\2HYY,A
2799,ThermoMPNN,2HYY,-0.0976419448852539,140,H,Y,F:\GENESIS Studio\genesis-studio\packages\engines-py\.pdb_cache\2HYY,A
2800,ThermoMPNN,2HYY,1.2411653995513916,141,L,A,F:\GENESIS Studio\genesis-studio\packages\engines-py\.pdb_cache\2HYY,A
2801,ThermoMPNN,2HYY,0.6442049741744995,141,L,C,F:\GENESIS Studio\genesis-studio\packages\engines-py\.pdb_cache\2HYY,A
2802,ThermoMPNN,2HYY,1.7348262071609497,141,L,D,F:\GENESIS Studio\genesis-studio\packages\engines-py\.pdb_cache\2HYY,A
2803,ThermoMPNN,2HYY,1.349304437637329,141,L,E,F:\GENESIS Studio\genesis-studio\packages\engines-py\.pdb_cache\2HYY,A
2804,ThermoMPNN,2HYY,0.7987614870071411,141,L,F,F:\GENESIS Studio\genesis-studio\packages\engines-py\.pdb_cache\2HYY,A
2805,ThermoMPNN,2HYY,2.108550548553467,141,L,G,F:\GENESIS Studio\genesis-studio\packages\engines-py\.pdb_cache\2HYY,A
2806,ThermoMPNN,2HYY,0.987506091594696,141,L,H,F:\GENESIS Studio\genesis-studio\packages\engines-py\.pdb_cache\2HYY,A
2807,ThermoMPNN,2HYY,0.17878496646881104,141,L,I,F:\GENESIS Studio\genesis-studio\packages\engines-py\.pdb_cache\2HYY,A
2808,ThermoMPNN,2HYY,1.0746612548828125,141,L,K,F:\GENESIS Studio\genesis-studio\packages\engines-py\.pdb_cache\2HYY,A
2809,ThermoMPNN,2HYY,0.0,141,L,L,F:\GENESIS Studio\genesis-studio\packages\engines-py\.pdb_cache\2HYY,A
2810,ThermoMPNN,2HYY,0.5800126791000366,141,L,M,F:\GENESIS Studio\genesis-studio\packages\engines-py\.pdb_cache\2HYY,A
2811,ThermoMPNN,2HYY,1.4814597368240356,141,L,N,F:\GENESIS Studio\genesis-studio\packages\engines-py\.pdb_cache\2HYY,A
2812,ThermoMPNN,2HYY,2.821129322052002,141,L,P,F:\GENESIS Studio\genesis-studio\packages\engines-py\.pdb_cache\2HYY,A
2813,ThermoMPNN,2HYY,1.0843279361724854,141,L,Q,F:\GENESIS Studio\genesis-studio\packages\engines-py\.pdb_cache\2HYY,A
2814,ThermoMPNN,2HYY,0.9734606742858887,141,L,R,F:\GENESIS Studio\genesis-studio\packages\engines-py\.pdb_cache\2HYY,A
2815,ThermoMPNN,2HYY,1.5141868591308594,141,L,S,F:\GENESIS Studio\genesis-studio\packages\engines-py\.pdb_cache\2HYY,A
2816,ThermoMPNN,2HYY,1.2330012321472168,141,L,T,F:\GENESIS Studio\genesis-studio\packages\engines-py\.pdb_cache\2HYY,A
2817,ThermoMPNN,2HYY,0.5006229877471924,141,L,V,F:\GENESIS Studio\genesis-studio\packages\engines-py\.pdb_cache\2HYY,A
2818,ThermoMPNN,2HYY,0.8071129322052002,141,L,W,F:\GENESIS Studio\genesis-studio\packages\engines-py\.pdb_cache\2HYY,A
2819,ThermoMPNN,2HYY,0.7514300346374512,141,L,Y,F:\GENESIS Studio\genesis-studio\packages\engines-py\.pdb_cache\2HYY,A
2820,ThermoMPNN,2HYY,1.242605209350586,142,V,A,F:\GENESIS Studio\genesis-studio\packages\engines-py\.pdb_cache\2HYY,A
2821,ThermoMPNN,2HYY,0.912872314453125,142,V,C,F:\GENESIS Studio\genesis-studio\packages\engines-py\.pdb_cache\2HYY,A
2822,ThermoMPNN,2HYY,2.620135545730591,142,V,D,F:\GENESIS Studio\genesis-studio\packages\engines-py\.pdb_cache\2HYY,A
2823,ThermoMPNN,2HYY,2.4360158443450928,142,V,E,F:\GENESIS Studio\genesis-studio\packages\engines-py\.pdb_cache\2HYY,A
2824,ThermoMPNN,2HYY,1.5295120477676392,142,V,F,F:\GENESIS Studio\genesis-studio\packages\engines-py\.pdb_cache\2HYY,A
2825,ThermoMPNN,2HYY,2.074665069580078,142,V,G,F:\GENESIS Studio\genesis-studio\packages\engines-py\.pdb_cache\2HYY,A
2826,ThermoMPNN,2HYY,2.3457138538360596,142,V,H,F:\GENESIS Studio\genesis-studio\packages\engines-py\.pdb_cache\2HYY,A
2827,ThermoMPNN,2HYY,0.35441887378692627,142,V,I,F:\GENESIS Studio\genesis-studio\packages\engines-py\.pdb_cache\2HYY,A
2828,ThermoMPNN,2HYY,2.2636642456054688,142,V,K,F:\GENESIS Studio\genesis-studio\packages\engines-py\.pdb_cache\2HYY,A
2829,ThermoMPNN,2HYY,0.9714703559875488,142,V,L,F:\GENESIS Studio\genesis-studio\packages\engines-py\.pdb_cache\2HYY,A
2830,ThermoMPNN,2HYY,1.3059134483337402,142,V,M,F:\GENESIS Studio\genesis-studio\packages\engines-py\.pdb_cache\2HYY,A
2831,ThermoMPNN,2HYY,2.4462294578552246,142,V,N,F:\GENESIS Studio\genesis-studio\packages\engines-py\.pdb_cache\2HYY,A
2832,ThermoMPNN,2HYY,2.1585516929626465,142,V,P,F:\GENESIS Studio\genesis-studio\packages\engines-py\.pdb_cache\2HYY,A
2833,ThermoMPNN,2HYY,2.214045524597168,142,V,Q,F:\GENESIS Studio\genesis-studio\packages\engines-py\.pdb_cache\2HYY,A
2834,ThermoMPNN,2HYY,2.169645071029663,142,V,R,F:\GENESIS Studio\genesis-studio\packages\engines-py\.pdb_cache\2HYY,A
2835,ThermoMPNN,2HYY,1.7584308385849,142,V,S,F:\GENESIS Studio\genesis-studio\packages\engines-py\.pdb_cache\2HYY,A
2836,ThermoMPNN,2HYY,0.953730583190918,142,V,T,F:\GENESIS Studio\genesis-studio\packages\engines-py\.pdb_cache\2HYY,A
2837,ThermoMPNN,2HYY,0.0,142,V,V,F:\GENESIS Studio\genesis-studio\packages\engines-py\.pdb_cache\2HYY,A
2838,ThermoMPNN,2HYY,1.771098256111145,142,V,W,F:\GENESIS Studio\genesis-studio\packages\engines-py\.pdb_cache\2HYY,A
2839,ThermoMPNN,2HYY,1.7956464290618896,142,V,Y,F:\GENESIS Studio\genesis-studio\packages\engines-py\.pdb_cache\2HYY,A
2840,ThermoMPNN,2HYY,1.1614899635314941,143,K,A,F:\GENESIS Studio\genesis-studio\packages\engines-py\.pdb_cache\2HYY,A
2841,ThermoMPNN,2HYY,0.47809720039367676,143,K,C,F:\GENESIS Studio\genesis-studio\packages\engines-py\.pdb_cache\2HYY,A
2842,ThermoMPNN,2HYY,3.0026333332061768,143,K,D,F:\GENESIS Studio\genesis-studio\packages\engines-py\.pdb_cache\2HYY,A
2843,ThermoMPNN,2HYY,2.2554073333740234,143,K,E,F:\GENESIS Studio\genesis-studio\packages\engines-py\.pdb_cache\2HYY,A
2844,ThermoMPNN,2HYY,0.7553601861000061,143,K,F,F:\GENESIS Studio\genesis-studio\packages\engines-py\.pdb_cache\2HYY,A
2845,ThermoMPNN,2HYY,2.1834466457366943,143,K,G,F:\GENESIS Studio\genesis-studio\packages\engines-py\.pdb_cache\2HYY,A
2846,ThermoMPNN,2HYY,1.0710347890853882,143,K,H,F:\GENESIS Studio\genesis-studio\packages\engines-py\.pdb_cache\2HYY,A
2847,ThermoMPNN,2HYY,0.3167647123336792,143,K,I,F:\GENESIS Studio\genesis-studio\packages\engines-py\.pdb_cache\2HYY,A
2848,ThermoMPNN,2HYY,0.0,143,K,K,F:\GENESIS Studio\genesis-studio\packages\engines-py\.pdb_cache\2HYY,A
2849,ThermoMPNN,2HYY,0.3774009943008423,143,K,L,F:\GENESIS Studio\genesis-studio\packages\engines-py\.pdb_cache\2HYY,A
2850,ThermoMPNN,2HYY,0.4676833152770996,143,K,M,F:\GENESIS Studio\genesis-studio\packages\engines-py\.pdb_cache\2HYY,A
2851,ThermoMPNN,2HYY,1.791170597076416,143,K,N,F:\GENESIS Studio\genesis-studio\packages\engines-py\.pdb_cache\2HYY,A
2852,ThermoMPNN,2HYY,2.9545462131500244,143,K,P,F:\GENESIS Studio\genesis-studio\packages\engines-py\.pdb_cache\2HYY,A
2853,ThermoMPNN,2HYY,0.9033675193786621,143,K,Q,F:\GENESIS Studio\genesis-studio\packages\engines-py\.pdb_cache\2HYY,A
2854,ThermoMPNN,2HYY,-0.0562974214553833,143,K,R,F:\GENESIS Studio\genesis-studio\packages\engines-py\.pdb_cache\2HYY,A
2855,ThermoMPNN,2HYY,1.5607798099517822,143,K,S,F:\GENESIS Studio\genesis-studio\packages\engines-py\.pdb_cache\2HYY,A
2856,ThermoMPNN,2HYY,1.1754043102264404,143,K,T,F:\GENESIS Studio\genesis-studio\packages\engines-py\.pdb_cache\2HYY,A
2857,ThermoMPNN,2HYY,0.14786553382873535,143,K,V,F:\GENESIS Studio\genesis-studio\packages\engines-py\.pdb_cache\2HYY,A
2858,ThermoMPNN,2HYY,0.951853334903717,143,K,W,F:\GENESIS Studio\genesis-studio\packages\engines-py\.pdb_cache\2HYY,A
2859,ThermoMPNN,2HYY,0.5968935489654541,143,K,Y,F:\GENESIS Studio\genesis-studio\packages\engines-py\.pdb_cache\2HYY,A
2860,ThermoMPNN,2HYY,1.4981632232666016,144,V,A,F:\GENESIS Studio\genesis-studio\packages\engines-py\.pdb_cache\2HYY,A
2861,ThermoMPNN,2HYY,0.524433970451355,144,V,C,F:\GENESIS Studio\genesis-studio\packages\engines-py\.pdb_cache\2HYY,A
2862,ThermoMPNN,2HYY,2.334200143814087,144,V,D,F:\GENESIS Studio\genesis-studio\packages\engines-py\.pdb_cache\2HYY,A
2863,ThermoMPNN,2HYY,2.028524875640869,144,V,E,F:\GENESIS Studio\genesis-studio\packages\engines-py\.pdb_cache\2HYY,A
2864,ThermoMPNN,2HYY,0.6065528392791748,144,V,F,F:\GENESIS Studio\genesis-studio\packages\engines-py\.pdb_cache\2HYY,A
2865,ThermoMPNN,2HYY,1.8177030086517334,144,V,G,F:\GENESIS Studio\genesis-studio\packages\engines-py\.pdb_cache\2HYY,A
2866,ThermoMPNN,2HYY,1.941923975944519,144,V,H,F:\GENESIS Studio\genesis-studio\packages\engines-py\.pdb_cache\2HYY,A
2867,ThermoMPNN,2HYY,0.06614828109741211,144,V,I,F:\GENESIS Studio\genesis-studio\packages\engines-py\.pdb_cache\2HYY,A
2868,ThermoMPNN,2HYY,2.2451248168945312,144,V,K,F:\GENESIS Studio\genesis-studio\packages\engines-py\.pdb_cache\2HYY,A
2869,ThermoMPNN,2HYY,-0.3495347499847412,144,V,L,F:\GENESIS Studio\genesis-studio\packages\engines-py\.pdb_cache\2HYY,A
2870,ThermoMPNN,2HYY,0.41501331329345703,144,V,M,F:\GENESIS Studio\genesis-studio\packages\engines-py\.pdb_cache\2HYY,A
2871,ThermoMPNN,2HYY,2.195294141769409,144,V,N,F:\GENESIS Studio\genesis-studio\packages\engines-py\.pdb_cache\2HYY,A
2872,ThermoMPNN,2HYY,2.0379228591918945,144,V,P,F:\GENESIS Studio\genesis-studio\packages\engines-py\.pdb_cache\2HYY,A
2873,ThermoMPNN,2HYY,2.0802321434020996,144,V,Q,F:\GENESIS Studio\genesis-studio\packages\engines-py\.pdb_cache\2HYY,A
2874,ThermoMPNN,2HYY,2.2516469955444336,144,V,R,F:\GENESIS Studio\genesis-studio\packages\engines-py\.pdb_cache\2HYY,A
2875,ThermoMPNN,2HYY,2.0988268852233887,144,V,S,F:\GENESIS Studio\genesis-studio\packages\engines-py\.pdb_cache\2HYY,A
2876,ThermoMPNN,2HYY,1.6481488943099976,144,V,T,F:\GENESIS Studio\genesis-studio\packages\engines-py\.pdb_cache\2HYY,A
2877,ThermoMPNN,2HYY,0.0,144,V,V,F:\GENESIS Studio\genesis-studio\packages\engines-py\.pdb_cache\2HYY,A
2878,ThermoMPNN,2HYY,1.1744481325149536,144,V,W,F:\GENESIS Studio\genesis-studio\packages\engines-py\.pdb_cache\2HYY,A
2879,ThermoMPNN,2HYY,1.2109885215759277,144,V,Y,F:\GENESIS Studio\genesis-studio\packages\engines-py\.pdb_cache\2HYY,A
2880,ThermoMPNN,2HYY,0.0,145,A,A,F:\GENESIS Studio\genesis-studio\packages\engines-py\.pdb_cache\2HYY,A
2881,ThermoMPNN,2HYY,-0.033850908279418945,145,A,C,F:\GENESIS Studio\genesis-studio\packages\engines-py\.pdb_cache\2HYY,A
2882,ThermoMPNN,2HYY,1.6420557498931885,145,A,D,F:\GENESIS Studio\genesis-studio\packages\engines-py\.pdb_cache\2HYY,A
2883,ThermoMPNN,2HYY,1.6137442588806152,145,A,E,F:\GENESIS Studio\genesis-studio\packages\engines-py\.pdb_cache\2HYY,A
2884,ThermoMPNN,2HYY,0.28563398122787476,145,A,F,F:\GENESIS Studio\genesis-studio\packages\engines-py\.pdb_cache\2HYY,A
2885,ThermoMPNN,2HYY,0.7928248643875122,145,A,G,F:\GENESIS Studio\genesis-studio\packages\engines-py\.pdb_cache\2HYY,A
2886,ThermoMPNN,2HYY,1.0236815214157104,145,A,H,F:\GENESIS Studio\genesis-studio\packages\engines-py\.pdb_cache\2HYY,A
2887,ThermoMPNN,2HYY,0.20120370388031006,145,A,I,F:\GENESIS Studio\genesis-studio\packages\engines-py\.pdb_cache\2HYY,A
2888,ThermoMPNN,2HYY,1.2340320348739624,145,A,K,F:\GENESIS Studio\genesis-studio\packages\engines-py\.pdb_cache\2HYY,A
2889,ThermoMPNN,2HYY,0.2176055908203125,145,A,L,F:\GENESIS Studio\genesis-studio\packages\engines-py\.pdb_cache\2HYY,A
2890,ThermoMPNN,2HYY,0.08380210399627686,145,A,M,F:\GENESIS Studio\genesis-studio\packages\engines-py\.pdb_cache\2HYY,A
2891,ThermoMPNN,2HYY,1.3466193675994873,145,A,N,F:\GENESIS Studio\genesis-studio\packages\engines-py\.pdb_cache\2HYY,A
2892,ThermoMPNN,2HYY,2.024718761444092,145,A,P,F:\GENESIS Studio\genesis-studio\packages\engines-py\.pdb_cache\2HYY,A
2893,ThermoMPNN,2HYY,0.9711963534355164,145,A,Q,F:\GENESIS Studio\genesis-studio\packages\engines-py\.pdb_cache\2HYY,A
2894,ThermoMPNN,2HYY,1.180899977684021,145,A,R,F:\GENESIS Studio\genesis-studio\packages\engines-py\.pdb_cache\2HYY,A
2895,ThermoMPNN,2HYY,0.2713925242424011,145,A,S,F:\GENESIS Studio\genesis-studio\packages\engines-py\.pdb_cache\2HYY,A
2896,ThermoMPNN,2HYY,0.30487263202667236,145,A,T,F:\GENESIS Studio\genesis-studio\packages\engines-py\.pdb_cache\2HYY,A
2897,ThermoMPNN,2HYY,0.2734966278076172,145,A,V,F:\GENESIS Studio\genesis-studio\packages\engines-py\.pdb_cache\2HYY,A
2898,ThermoMPNN,2HYY,0.3744134306907654,145,A,W,F:\GENESIS Studio\genesis-studio\packages\engines-py\.pdb_cache\2HYY,A
2899,ThermoMPNN,2HYY,0.46090662479400635,145,A,Y,F:\GENESIS Studio\genesis-studio\packages\engines-py\.pdb_cache\2HYY,A
2900,ThermoMPNN,2HYY,0.11119347810745239,146,D,A,F:\GENESIS Studio\genesis-studio\packages\engines-py\.pdb_cache\2HYY,A
2901,ThermoMPNN,2HYY,-0.22347474098205566,146,D,C,F:\GENESIS Studio\genesis-studio\packages\engines-py\.pdb_cache\2HYY,A
2902,ThermoMPNN,2HYY,0.0,146,D,D,F:\GENESIS Studio\genesis-studio\packages\engines-py\.pdb_cache\2HYY,A
2903,ThermoMPNN,2HYY,0.3228760361671448,146,D,E,F:\GENESIS Studio\genesis-studio\packages\engines-py\.pdb_cache\2HYY,A
2904,ThermoMPNN,2HYY,0.1349494457244873,146,D,F,F:\GENESIS Studio\genesis-studio\packages\engines-py\.pdb_cache\2HYY,A
2905,ThermoMPNN,2HYY,0.49102821946144104,146,D,G,F:\GENESIS Studio\genesis-studio\packages\engines-py\.pdb_cache\2HYY,A
2906,ThermoMPNN,2HYY,-0.16276919841766357,146,D,H,F:\GENESIS Studio\genesis-studio\packages\engines-py\.pdb_cache\2HYY,A
2907,ThermoMPNN,2HYY,0.5920933485031128,146,D,I,F:\GENESIS Studio\genesis-studio\packages\engines-py\.pdb_cache\2HYY,A
2908,ThermoMPNN,2HYY,0.36931508779525757,146,D,K,F:\GENESIS Studio\genesis-studio\packages\engines-py\.pdb_cache\2HYY,A
2909,ThermoMPNN,2HYY,0.5226712226867676,146,D,L,F:\GENESIS Studio\genesis-studio\packages\engines-py\.pdb_cache\2HYY,A
2910,ThermoMPNN,2HYY,0.3606368899345398,146,D,M,F:\GENESIS Studio\genesis-studio\packages\engines-py\.pdb_cache\2HYY,A
2911,ThermoMPNN,2HYY,0.0219724178314209,146,D,N,F:\GENESIS Studio\genesis-studio\packages\engines-py\.pdb_cache\2HYY,A
2912,ThermoMPNN,2HYY,1.0565202236175537,146,D,P,F:\GENESIS Studio\genesis-studio\packages\engines-py\.pdb_cache\2HYY,A
2913,ThermoMPNN,2HYY,0.19216638803482056,146,D,Q,F:\GENESIS Studio\genesis-studio\packages\engines-py\.pdb_cache\2HYY,A
2914,ThermoMPNN,2HYY,0.35598063468933105,146,D,R,F:\GENESIS Studio\genesis-studio\packages\engines-py\.pdb_cache\2HYY,A
2915,ThermoMPNN,2HYY,0.05091899633407593,146,D,S,F:\GENESIS Studio\genesis-studio\packages\engines-py\.pdb_cache\2HYY,A
2916,ThermoMPNN,2HYY,0.6390879154205322,146,D,T,F:\GENESIS Studio\genesis-studio\packages\engines-py\.pdb_cache\2HYY,A
2917,ThermoMPNN,2HYY,0.6703413724899292,146,D,V,F:\GENESIS Studio\genesis-studio\packages\engines-py\.pdb_cache\2HYY,A
2918,ThermoMPNN,2HYY,0.11335289478302002,146,D,W,F:\GENESIS Studio\genesis-studio\packages\engines-py\.pdb_cache\2HYY,A
2919,ThermoMPNN,2HYY,-0.031192362308502197,146,D,Y,F:\GENESIS Studio\genesis-studio\packages\engines-py\.pdb_cache\2HYY,A
2920,ThermoMPNN,2HYY,2.4932470321655273,147,F,A,F:\GENESIS Studio\genesis-studio\packages\engines-py\.pdb_cache\2HYY,A
2921,ThermoMPNN,2HYY,0.886117696762085,147,F,C,F:\GENESIS Studio\genesis-studio\packages\engines-py\.pdb_cache\2HYY,A
2922,ThermoMPNN,2HYY,2.7261345386505127,147,F,D,F:\GENESIS Studio\genesis-studio\packages\engines-py\.pdb_cache\2HYY,A
2923,ThermoMPNN,2HYY,2.575181007385254,147,F,E,F:\GENESIS Studio\genesis-studio\packages\engines-py\.pdb_cache\2HYY,A
2924,ThermoMPNN,2HYY,0.0,147,F,F,F:\GENESIS Studio\genesis-studio\packages\engines-py\.pdb_cache\2HYY,A
2925,ThermoMPNN,2HYY,2.5260562896728516,147,F,G,F:\GENESIS Studio\genesis-studio\packages\engines-py\.pdb_cache\2HYY,A
2926,ThermoMPNN,2HYY,1.8990294933319092,147,F,H,F:\GENESIS Studio\genesis-studio\packages\engines-py\.pdb_cache\2HYY,A
2927,ThermoMPNN,2HYY,1.6095771789550781,147,F,I,F:\GENESIS Studio\genesis-studio\packages\engines-py\.pdb_cache\2HYY,A
2928,ThermoMPNN,2HYY,2.368655204772949,147,F,K,F:\GENESIS Studio\genesis-studio\packages\engines-py\.pdb_cache\2HYY,A
2929,ThermoMPNN,2HYY,0.9515846967697144,147,F,L,F:\GENESIS Studio\genesis-studio\packages\engines-py\.pdb_cache\2HYY,A
2930,ThermoMPNN,2HYY,1.2158715724945068,147,F,M,F:\GENESIS Studio\genesis-studio\packages\engines-py\.pdb_cache\2HYY,A
2931,ThermoMPNN,2HYY,2.269987106323242,147,F,N,F:\GENESIS Studio\genesis-studio\packages\engines-py\.pdb_cache\2HYY,A
2932,ThermoMPNN,2HYY,2.5807089805603027,147,F,P,F:\GENESIS Studio\genesis-studio\packages\engines-py\.pdb_cache\2HYY,A
2933,ThermoMPNN,2HYY,2.3479745388031006,147,F,Q,F:\GENESIS Studio\genesis-studio\packages\engines-py\.pdb_cache\2HYY,A
2934,ThermoMPNN,2HYY,2.3817055225372314,147,F,R,F:\GENESIS Studio\genesis-studio\packages\engines-py\.pdb_cache\2HYY,A
2935,ThermoMPNN,2HYY,2.4199516773223877,147,F,S,F:\GENESIS Studio\genesis-studio\packages\engines-py\.pdb_cache\2HYY,A
2936,ThermoMPNN,2HYY,2.3373003005981445,147,F,T,F:\GENESIS Studio\genesis-studio\packages\engines-py\.pdb_cache\2HYY,A
2937,ThermoMPNN,2HYY,1.9671623706817627,147,F,V,F:\GENESIS Studio\genesis-studio\packages\engines-py\.pdb_cache\2HYY,A
2938,ThermoMPNN,2HYY,-0.19564342498779297,147,F,W,F:\GENESIS Studio\genesis-studio\packages\engines-py\.pdb_cache\2HYY,A
2939,ThermoMPNN,2HYY,0.48847055435180664,147,F,Y,F:\GENESIS Studio\genesis-studio\packages\engines-py\.pdb_cache\2HYY,A
2940,ThermoMPNN,2HYY,0.0020511746406555176,148,G,A,F:\GENESIS Studio\genesis-studio\packages\engines-py\.pdb_cache\2HYY,A
2941,ThermoMPNN,2HYY,0.10117006301879883,148,G,C,F:\GENESIS Studio\genesis-studio\packages\engines-py\.pdb_cache\2HYY,A
2942,ThermoMPNN,2HYY,0.3664618730545044,148,G,D,F:\GENESIS Studio\genesis-studio\packages\engines-py\.pdb_cache\2HYY,A
2943,ThermoMPNN,2HYY,0.3462972640991211,148,G,E,F:\GENESIS Studio\genesis-studio\packages\engines-py\.pdb_cache\2HYY,A
2944,ThermoMPNN,2HYY,0.24058914184570312,148,G,F,F:\GENESIS Studio\genesis-studio\packages\engines-py\.pdb_cache\2HYY,A
2945,ThermoMPNN,2HYY,0.0,148,G,G,F:\GENESIS Studio\genesis-studio\packages\engines-py\.pdb_cache\2HYY,A
2946,ThermoMPNN,2HYY,0.24569183588027954,148,G,H,F:\GENESIS Studio\genesis-studio\packages\engines-py\.pdb_cache\2HYY,A
2947,ThermoMPNN,2HYY,0.4363609552383423,148,G,I,F:\GENESIS Studio\genesis-studio\packages\engines-py\.pdb_cache\2HYY,A
2948,ThermoMPNN,2HYY,0.08935433626174927,148,G,K,F:\GENESIS Studio\genesis-studio\packages\engines-py\.pdb_cache\2HYY,A
2949,ThermoMPNN,2HYY,0.30233269929885864,148,G,L,F:\GENESIS Studio\genesis-studio\packages\engines-py\.pdb_cache\2HYY,A
2950,ThermoMPNN,2HYY,0.23636454343795776,148,G,M,F:\GENESIS Studio\genesis-studio\packages\engines-py\.pdb_cache\2HYY,A
2951,ThermoMPNN,2HYY,0.22432613372802734,148,G,N,F:\GENESIS Studio\genesis-studio\packages\engines-py\.pdb_cache\2HYY,A
2952,ThermoMPNN,2HYY,0.49342626333236694,148,G,P,F:\GENESIS Studio\genesis-studio\packages\engines-py\.pdb_cache\2HYY,A
2953,ThermoMPNN,2HYY,0.1851482391357422,148,G,Q,F:\GENESIS Studio\genesis-studio\packages\engines-py\.pdb_cache\2HYY,A
2954,ThermoMPNN,2HYY,0.1528908610343933,148,G,R,F:\GENESIS Studio\genesis-studio\packages\engines-py\.pdb_cache\2HYY,A
2955,ThermoMPNN,2HYY,0.16715538501739502,148,G,S,F:\GENESIS Studio\genesis-studio\packages\engines-py\.pdb_cache\2HYY,A
2956,ThermoMPNN,2HYY,0.3460007905960083,148,G,T,F:\GENESIS Studio\genesis-studio\packages\engines-py\.pdb_cache\2HYY,A
2957,ThermoMPNN,2HYY,0.4776127338409424,148,G,V,F:\GENESIS Studio\genesis-studio\packages\engines-py\.pdb_cache\2HYY,A
2958,ThermoMPNN,2HYY,0.4266608953475952,148,G,W,F:\GENESIS Studio\genesis-studio\packages\engines-py\.pdb_cache\2HYY,A
2959,ThermoMPNN,2HYY,0.3580169677734375,148,G,Y,F:\GENESIS Studio\genesis-studio\packages\engines-py\.pdb_cache\2HYY,A
2960,ThermoMPNN,2HYY,1.4455161094665527,149,L,A,F:\GENESIS Studio\genesis-studio\packages\engines-py\.pdb_cache\2HYY,A
2961,ThermoMPNN,2HYY,0.6983251571655273,149,L,C,F:\GENESIS Studio\genesis-studio\packages\engines-py\.pdb_cache\2HYY,A
2962,ThermoMPNN,2HYY,1.3005037307739258,149,L,D,F:\GENESIS Studio\genesis-studio\packages\engines-py\.pdb_cache\2HYY,A
2963,ThermoMPNN,2HYY,1.3305377960205078,149,L,E,F:\GENESIS Studio\genesis-studio\packages\engines-py\.pdb_cache\2HYY,A
2964,ThermoMPNN,2HYY,0.5217535495758057,149,L,F,F:\GENESIS Studio\genesis-studio\packages\engines-py\.pdb_cache\2HYY,A
2965,ThermoMPNN,2HYY,1.5163629055023193,149,L,G,F:\GENESIS Studio\genesis-studio\packages\engines-py\.pdb_cache\2HYY,A
2966,ThermoMPNN,2HYY,1.1994330883026123,149,L,H,F:\GENESIS Studio\genesis-studio\packages\engines-py\.pdb_cache\2HYY,A
2967,ThermoMPNN,2HYY,0.8905113935470581,149,L,I,F:\GENESIS Studio\genesis-studio\packages\engines-py\.pdb_cache\2HYY,A
2968,ThermoMPNN,2HYY,1.5855844020843506,149,L,K,F:\GENESIS Studio\genesis-studio\packages\engines-py\.pdb_cache\2HYY,A
2969,ThermoMPNN,2HYY,0.0,149,L,L,F:\GENESIS Studio\genesis-studio\packages\engines-py\.pdb_cache\2HYY,A
2970,ThermoMPNN,2HYY,0.5436882972717285,149,L,M,F:\GENESIS Studio\genesis-studio\packages\engines-py\.pdb_cache\2HYY,A
2971,ThermoMPNN,2HYY,1.3777996301651,149,L,N,F:\GENESIS Studio\genesis-studio\packages\engines-py\.pdb_cache\2HYY,A
2972,ThermoMPNN,2HYY,1.8953776359558105,149,L,P,F:\GENESIS Studio\genesis-studio\packages\engines-py\.pdb_cache\2HYY,A
2973,ThermoMPNN,2HYY,1.3857403993606567,149,L,Q,F:\GENESIS Studio\genesis-studio\packages\engines-py\.pdb_cache\2HYY,A
2974,ThermoMPNN,2HYY,1.6438024044036865,149,L,R,F:\GENESIS Studio\genesis-studio\packages\engines-py\.pdb_cache\2HYY,A
2975,ThermoMPNN,2HYY,1.5679724216461182,149,L,S,F:\GENESIS Studio\genesis-studio\packages\engines-py\.pdb_cache\2HYY,A
2976,ThermoMPNN,2HYY,1.4076271057128906,149,L,T,F:\GENESIS Studio\genesis-studio\packages\engines-py\.pdb_cache\2HYY,A
2977,ThermoMPNN,2HYY,1.3908212184906006,149,L,V,F:\GENESIS Studio\genesis-studio\packages\engines-py\.pdb_cache\2HYY,A
2978,ThermoMPNN,2HYY,0.6178686618804932,149,L,W,F:\GENESIS Studio\genesis-studio\packages\engines-py\.pdb_cache\2HYY,A
2979,ThermoMPNN,2HYY,0.6102192401885986,149,L,Y,F:\GENESIS Studio\genesis-studio\packages\engines-py\.pdb_cache\2HYY,A
2980,ThermoMPNN,2HYY,-0.005766093730926514,150,S,A,F:\GENESIS Studio\genesis-studio\packages\engines-py\.pdb_cache\2HYY,A
2981,ThermoMPNN,2HYY,0.10499632358551025,150,S,C,F:\GENESIS Studio\genesis-studio\packages\engines-py\.pdb_cache\2HYY,A
2982,ThermoMPNN,2HYY,0.10778093338012695,150,S,D,F:\GENESIS Studio\genesis-studio\packages\engines-py\.pdb_cache\2HYY,A
2983,ThermoMPNN,2HYY,0.20157194137573242,150,S,E,F:\GENESIS Studio\genesis-studio\packages\engines-py\.pdb_cache\2HYY,A
2984,ThermoMPNN,2HYY,0.492514967918396,150,S,F,F:\GENESIS Studio\genesis-studio\packages\engines-py\.pdb_cache\2HYY,A
2985,ThermoMPNN,2HYY,0.08779388666152954,150,S,G,F:\GENESIS Studio\genesis-studio\packages\engines-py\.pdb_cache\2HYY,A
2986,ThermoMPNN,2HYY,0.14063656330108643,150,S,H,F:\GENESIS Studio\genesis-studio\packages\engines-py\.pdb_cache\2HYY,A
2987,ThermoMPNN,2HYY,0.5946987867355347,150,S,I,F:\GENESIS Studio\genesis-studio\packages\engines-py\.pdb_cache\2HYY,A
2988,ThermoMPNN,2HYY,0.4470999240875244,150,S,K,F:\GENESIS Studio\genesis-studio\packages\engines-py\.pdb_cache\2HYY,A
2989,ThermoMPNN,2HYY,0.7464591860771179,150,S,L,F:\GENESIS Studio\genesis-studio\packages\engines-py\.pdb_cache\2HYY,A
2990,ThermoMPNN,2HYY,0.5422180891036987,150,S,M,F:\GENESIS Studio\genesis-studio\packages\engines-py\.pdb_cache\2HYY,A
2991,ThermoMPNN,2HYY,0.22967535257339478,150,S,N,F:\GENESIS Studio\genesis-studio\packages\engines-py\.pdb_cache\2HYY,A
2992,ThermoMPNN,2HYY,0.241266667842865,150,S,P,F:\GENESIS Studio\genesis-studio\packages\engines-py\.pdb_cache\2HYY,A
2993,ThermoMPNN,2HYY,0.3113396167755127,150,S,Q,F:\GENESIS Studio\genesis-studio\packages\engines-py\.pdb_cache\2HYY,A
2994,ThermoMPNN,2HYY,0.42033183574676514,150,S,R,F:\GENESIS Studio\genesis-studio\packages\engines-py\.pdb_cache\2HYY,A
2995,ThermoMPNN,2HYY,0.0,150,S,S,F:\GENESIS Studio\genesis-studio\packages\engines-py\.pdb_cache\2HYY,A
2996,ThermoMPNN,2HYY,0.36465388536453247,150,S,T,F:\GENESIS Studio\genesis-studio\packages\engines-py\.pdb_cache\2HYY,A
2997,ThermoMPNN,2HYY,0.7284038662910461,150,S,V,F:\GENESIS Studio\genesis-studio\packages\engines-py\.pdb_cache\2HYY,A
2998,ThermoMPNN,2HYY,0.3712962865829468,150,S,W,F:\GENESIS Studio\genesis-studio\packages\engines-py\.pdb_cache\2HYY,A
2999,ThermoMPNN,2HYY,0.2774023413658142,150,S,Y,F:\GENESIS Studio\genesis-studio\packages\engines-py\.pdb_cache\2HYY,A
3000,ThermoMPNN,2HYY,0.051614463329315186,151,R,A,F:\GENESIS Studio\genesis-studio\packages\engines-py\.pdb_cache\2HYY,A
3001,ThermoMPNN,2HYY,-0.15852433443069458,151,R,C,F:\GENESIS Studio\genesis-studio\packages\engines-py\.pdb_cache\2HYY,A
3002,ThermoMPNN,2HYY,0.14245760440826416,151,R,D,F:\GENESIS Studio\genesis-studio\packages\engines-py\.pdb_cache\2HYY,A
3003,ThermoMPNN,2HYY,0.05779784917831421,151,R,E,F:\GENESIS Studio\genesis-studio\packages\engines-py\.pdb_cache\2HYY,A
3004,ThermoMPNN,2HYY,-0.0469704270362854,151,R,F,F:\GENESIS Studio\genesis-studio\packages\engines-py\.pdb_cache\2HYY,A
3005,ThermoMPNN,2HYY,0.13288718461990356,151,R,G,F:\GENESIS Studio\genesis-studio\packages\engines-py\.pdb_cache\2HYY,A
3006,ThermoMPNN,2HYY,-0.060158729553222656,151,R,H,F:\GENESIS Studio\genesis-studio\packages\engines-py\.pdb_cache\2HYY,A
3007,ThermoMPNN,2HYY,0.06534993648529053,151,R,I,F:\GENESIS Studio\genesis-studio\packages\engines-py\.pdb_cache\2HYY,A
3008,ThermoMPNN,2HYY,0.010455191135406494,151,R,K,F:\GENESIS Studio\genesis-studio\packages\engines-py\.pdb_cache\2HYY,A
3009,ThermoMPNN,2HYY,0.017705440521240234,151,R,L,F:\GENESIS Studio\genesis-studio\packages\engines-py\.pdb_cache\2HYY,A
3010,ThermoMPNN,2HYY,0.08423173427581787,151,R,M,F:\GENESIS Studio\genesis-studio\packages\engines-py\.pdb_cache\2HYY,A
3011,ThermoMPNN,2HYY,0.035307347774505615,151,R,N,F:\GENESIS Studio\genesis-studio\packages\engines-py\.pdb_cache\2HYY,A
3012,ThermoMPNN,2HYY,0.2788735032081604,151,R,P,F:\GENESIS Studio\genesis-studio\packages\engines-py\.pdb_cache\2HYY,A
3013,ThermoMPNN,2HYY,0.08241552114486694,151,R,Q,F:\GENESIS Studio\genesis-studio\packages\engines-py\.pdb_cache\2HYY,A
3014,ThermoMPNN,2HYY,0.0,151,R,R,F:\GENESIS Studio\genesis-studio\packages\engines-py\.pdb_cache\2HYY,A
3015,ThermoMPNN,2HYY,0.09159421920776367,151,R,S,F:\GENESIS Studio\genesis-studio\packages\engines-py\.pdb_cache\2HYY,A
3016,ThermoMPNN,2HYY,-0.009747803211212158,151,R,T,F:\GENESIS Studio\genesis-studio\packages\engines-py\.pdb_cache\2HYY,A
3017,ThermoMPNN,2HYY,0.15725892782211304,151,R,V,F:\GENESIS Studio\genesis-studio\packages\engines-py\.pdb_cache\2HYY,A
3018,ThermoMPNN,2HYY,-0.006446182727813721,151,R,W,F:\GENESIS Studio\genesis-studio\packages\engines-py\.pdb_cache\2HYY,A
3019,ThermoMPNN,2HYY,-0.11431527137756348,151,R,Y,F:\GENESIS Studio\genesis-studio\packages\engines-py\.pdb_cache\2HYY,A
3020,ThermoMPNN,2HYY,0.8748437166213989,152,L,A,F:\GENESIS Studio\genesis-studio\packages\engines-py\.pdb_cache\2HYY,A
3021,ThermoMPNN,2HYY,0.41518282890319824,152,L,C,F:\GENESIS Studio\genesis-studio\packages\engines-py\.pdb_cache\2HYY,A
3022,ThermoMPNN,2HYY,0.9635561108589172,152,L,D,F:\GENESIS Studio\genesis-studio\packages\engines-py\.pdb_cache\2HYY,A
3023,ThermoMPNN,2HYY,0.9606120586395264,152,L,E,F:\GENESIS Studio\genesis-studio\packages\engines-py\.pdb_cache\2HYY,A
3024,ThermoMPNN,2HYY,0.7639163732528687,152,L,F,F:\GENESIS Studio\genesis-studio\packages\engines-py\.pdb_cache\2HYY,A
3025,ThermoMPNN,2HYY,1.150854229927063,152,L,G,F:\GENESIS Studio\genesis-studio\packages\engines-py\.pdb_cache\2HYY,A
3026,ThermoMPNN,2HYY,0.9377902746200562,152,L,H,F:\GENESIS Studio\genesis-studio\packages\engines-py\.pdb_cache\2HYY,A
3027,ThermoMPNN,2HYY,0.26699209213256836,152,L,I,F:\GENESIS Studio\genesis-studio\packages\engines-py\.pdb_cache\2HYY,A
3028,ThermoMPNN,2HYY,0.8653948307037354,152,L,K,F:\GENESIS Studio\genesis-studio\packages\engines-py\.pdb_cache\2HYY,A
3029,ThermoMPNN,2HYY,0.0,152,L,L,F:\GENESIS Studio\genesis-studio\packages\engines-py\.pdb_cache\2HYY,A
3030,ThermoMPNN,2HYY,0.4934220314025879,152,L,M,F:\GENESIS Studio\genesis-studio\packages\engines-py\.pdb_cache\2HYY,A
3031,ThermoMPNN,2HYY,0.8990837931632996,152,L,N,F:\GENESIS Studio\genesis-studio\packages\engines-py\.pdb_cache\2HYY,A
3032,ThermoMPNN,2HYY,0.9625585079193115,152,L,P,F:\GENESIS Studio\genesis-studio\packages\engines-py\.pdb_cache\2HYY,A
3033,ThermoMPNN,2HYY,1.0349140167236328,152,L,Q,F:\GENESIS Studio\genesis-studio\packages\engines-py\.pdb_cache\2HYY,A
3034,ThermoMPNN,2HYY,0.8431633114814758,152,L,R,F:\GENESIS Studio\genesis-studio\packages\engines-py\.pdb_cache\2HYY,A
3035,ThermoMPNN,2HYY,0.8899068832397461,152,L,S,F:\GENESIS Studio\genesis-studio\packages\engines-py\.pdb_cache\2HYY,A
3036,ThermoMPNN,2HYY,0.6882995963096619,152,L,T,F:\GENESIS Studio\genesis-studio\packages\engines-py\.pdb_cache\2HYY,A
3037,ThermoMPNN,2HYY,0.4450443387031555,152,L,V,F:\GENESIS Studio\genesis-studio\packages\engines-py\.pdb_cache\2HYY,A
3038,ThermoMPNN,2HYY,0.6665958762168884,152,L,W,F:\GENESIS Studio\genesis-studio\packages\engines-py\.pdb_cache\2HYY,A
3039,ThermoMPNN,2HYY,0.7783046960830688,152,L,Y,F:\GENESIS Studio\genesis-studio\packages\engines-py\.pdb_cache\2HYY,A
3040,ThermoMPNN,2HYY,0.4253820776939392,153,M,A,F:\GENESIS Studio\genesis-studio\packages\engines-py\.pdb_cache\2HYY,A
3041,ThermoMPNN,2HYY,0.039372801780700684,153,M,C,F:\GENESIS Studio\genesis-studio\packages\engines-py\.pdb_cache\2HYY,A
3042,ThermoMPNN,2HYY,-0.36292338371276855,153,M,D,F:\GENESIS Studio\genesis-studio\packages\engines-py\.pdb_cache\2HYY,A
3043,ThermoMPNN,2HYY,-0.13016009330749512,153,M,E,F:\GENESIS Studio\genesis-studio\packages\engines-py\.pdb_cache\2HYY,A
3044,ThermoMPNN,2HYY,0.5551844835281372,153,M,F,F:\GENESIS Studio\genesis-studio\packages\engines-py\.pdb_cache\2HYY,A
3045,ThermoMPNN,2HYY,1.1547563076019287,153,M,G,F:\GENESIS Studio\genesis-studio\packages\engines-py\.pdb_cache\2HYY,A
3046,ThermoMPNN,2HYY,0.6113263368606567,153,M,H,F:\GENESIS Studio\genesis-studio\packages\engines-py\.pdb_cache\2HYY,A
3047,ThermoMPNN,2HYY,0.4004979133605957,153,M,I,F:\GENESIS Studio\genesis-studio\packages\engines-py\.pdb_cache\2HYY,A
3048,ThermoMPNN,2HYY,1.7348949909210205,153,M,K,F:\GENESIS Studio\genesis-studio\packages\engines-py\.pdb_cache\2HYY,A
3049,ThermoMPNN,2HYY,0.3427377939224243,153,M,L,F:\GENESIS Studio\genesis-studio\packages\engines-py\.pdb_cache\2HYY,A
3050,ThermoMPNN,2HYY,0.0,153,M,M,F:\GENESIS Studio\genesis-studio\packages\engines-py\.pdb_cache\2HYY,A
3051,ThermoMPNN,2HYY,0.49382734298706055,153,M,N,F:\GENESIS Studio\genesis-studio\packages\engines-py\.pdb_cache\2HYY,A
3052,ThermoMPNN,2HYY,1.1897218227386475,153,M,P,F:\GENESIS Studio\genesis-studio\packages\engines-py\.pdb_cache\2HYY,A
3053,ThermoMPNN,2HYY,0.523750364780426,153,M,Q,F:\GENESIS Studio\genesis-studio\packages\engines-py\.pdb_cache\2HYY,A
3054,ThermoMPNN,2HYY,1.4918534755706787,153,M,R,F:\GENESIS Studio\genesis-studio\packages\engines-py\.pdb_cache\2HYY,A
3055,ThermoMPNN,2HYY,0.39903390407562256,153,M,S,F:\GENESIS Studio\genesis-studio\packages\engines-py\.pdb_cache\2HYY,A
3056,ThermoMPNN,2HYY,0.6294742226600647,153,M,T,F:\GENESIS Studio\genesis-studio\packages\engines-py\.pdb_cache\2HYY,A
3057,ThermoMPNN,2HYY,0.3317832350730896,153,M,V,F:\GENESIS Studio\genesis-studio\packages\engines-py\.pdb_cache\2HYY,A
3058,ThermoMPNN,2HYY,0.5154640078544617,153,M,W,F:\GENESIS Studio\genesis-studio\packages\engines-py\.pdb_cache\2HYY,A
3059,ThermoMPNN,2HYY,0.6898832321166992,153,M,Y,F:\GENESIS Studio\genesis-studio\packages\engines-py\.pdb_cache\2HYY,A
3060,ThermoMPNN,2HYY,-0.012009143829345703,154,T,A,F:\GENESIS Studio\genesis-studio\packages\engines-py\.pdb_cache\2HYY,A
3061,ThermoMPNN,2HYY,-0.15869778394699097,154,T,C,F:\GENESIS Studio\genesis-studio\packages\engines-py\.pdb_cache\2HYY,A
3062,ThermoMPNN,2HYY,0.03183150291442871,154,T,D,F:\GENESIS Studio\genesis-studio\packages\engines-py\.pdb_cache\2HYY,A
3063,ThermoMPNN,2HYY,0.06536918878555298,154,T,E,F:\GENESIS Studio\genesis-studio\packages\engines-py\.pdb_cache\2HYY,A
3064,ThermoMPNN,2HYY,-0.03497439622879028,154,T,F,F:\GENESIS Studio\genesis-studio\packages\engines-py\.pdb_cache\2HYY,A
3065,ThermoMPNN,2HYY,0.12860161066055298,154,T,G,F:\GENESIS Studio\genesis-studio\packages\engines-py\.pdb_cache\2HYY,A
3066,ThermoMPNN,2HYY,-0.03715968132019043,154,T,H,F:\GENESIS Studio\genesis-studio\packages\engines-py\.pdb_cache\2HYY,A
3067,ThermoMPNN,2HYY,-0.08827918767929077,154,T,I,F:\GENESIS Studio\genesis-studio\packages\engines-py\.pdb_cache\2HYY,A
3068,ThermoMPNN,2HYY,-0.06823337078094482,154,T,K,F:\GENESIS Studio\genesis-studio\packages\engines-py\.pdb_cache\2HYY,A
3069,ThermoMPNN,2HYY,-0.006264686584472656,154,T,L,F:\GENESIS Studio\genesis-studio\packages\engines-py\.pdb_cache\2HYY,A
3070,ThermoMPNN,2HYY,0.07620298862457275,154,T,M,F:\GENESIS Studio\genesis-studio\packages\engines-py\.pdb_cache\2HYY,A
3071,ThermoMPNN,2HYY,0.022542357444763184,154,T,N,F:\GENESIS Studio\genesis-studio\packages\engines-py\.pdb_cache\2HYY,A
3072,ThermoMPNN,2HYY,0.2521468997001648,154,T,P,F:\GENESIS Studio\genesis-studio\packages\engines-py\.pdb_cache\2HYY,A
3073,ThermoMPNN,2HYY,0.031138896942138672,154,T,Q,F:\GENESIS Studio\genesis-studio\packages\engines-py\.pdb_cache\2HYY,A
3074,ThermoMPNN,2HYY,-0.07296508550643921,154,T,R,F:\GENESIS Studio\genesis-studio\packages\engines-py\.pdb_cache\2HYY,A
3075,ThermoMPNN,2HYY,-0.012844324111938477,154,T,S,F:\GENESIS Studio\genesis-studio\packages\engines-py\.pdb_cache\2HYY,A
3076,ThermoMPNN,2HYY,0.0,154,T,T,F:\GENESIS Studio\genesis-studio\packages\engines-py\.pdb_cache\2HYY,A
3077,ThermoMPNN,2HYY,-0.031862497329711914,154,T,V,F:\GENESIS Studio\genesis-studio\packages\engines-py\.pdb_cache\2HYY,A
3078,ThermoMPNN,2HYY,-0.05341607332229614,154,T,W,F:\GENESIS Studio\genesis-studio\packages\engines-py\.pdb_cache\2HYY,A
3079,ThermoMPNN,2HYY,-0.03159672021865845,154,T,Y,F:\GENESIS Studio\genesis-studio\packages\engines-py\.pdb_cache\2HYY,A
3080,ThermoMPNN,2HYY,0.9557477235794067,155,G,A,F:\GENESIS Studio\genesis-studio\packages\engines-py\.pdb_cache\2HYY,A
3081,ThermoMPNN,2HYY,0.45209622383117676,155,G,C,F:\GENESIS Studio\genesis-studio\packages\engines-py\.pdb_cache\2HYY,A
3082,ThermoMPNN,2HYY,0.5261265635490417,155,G,D,F:\GENESIS Studio\genesis-studio\packages\engines-py\.pdb_cache\2HYY,A
3083,ThermoMPNN,2HYY,1.190762996673584,155,G,E,F:\GENESIS Studio\genesis-studio\packages\engines-py\.pdb_cache\2HYY,A
3084,ThermoMPNN,2HYY,0.8638228178024292,155,G,F,F:\GENESIS Studio\genesis-studio\packages\engines-py\.pdb_cache\2HYY,A
3085,ThermoMPNN,2HYY,0.0,155,G,G,F:\GENESIS Studio\genesis-studio\packages\engines-py\.pdb_cache\2HYY,A
3086,ThermoMPNN,2HYY,0.9291032552719116,155,G,H,F:\GENESIS Studio\genesis-studio\packages\engines-py\.pdb_cache\2HYY,A
3087,ThermoMPNN,2HYY,1.1051970720291138,155,G,I,F:\GENESIS Studio\genesis-studio\packages\engines-py\.pdb_cache\2HYY,A
3088,ThermoMPNN,2HYY,1.1491851806640625,155,G,K,F:\GENESIS Studio\genesis-studio\packages\engines-py\.pdb_cache\2HYY,A
3089,ThermoMPNN,2HYY,1.0180108547210693,155,G,L,F:\GENESIS Studio\genesis-studio\packages\engines-py\.pdb_cache\2HYY,A
3090,ThermoMPNN,2HYY,1.117505669593811,155,G,M,F:\GENESIS Studio\genesis-studio\packages\engines-py\.pdb_cache\2HYY,A
3091,ThermoMPNN,2HYY,0.5890536308288574,155,G,N,F:\GENESIS Studio\genesis-studio\packages\engines-py\.pdb_cache\2HYY,A
3092,ThermoMPNN,2HYY,1.406113862991333,155,G,P,F:\GENESIS Studio\genesis-studio\packages\engines-py\.pdb_cache\2HYY,A
3093,ThermoMPNN,2HYY,1.2129786014556885,155,G,Q,F:\GENESIS Studio\genesis-studio\packages\engines-py\.pdb_cache\2HYY,A
3094,ThermoMPNN,2HYY,1.1378384828567505,155,G,R,F:\GENESIS Studio\genesis-studio\packages\engines-py\.pdb_cache\2HYY,A
3095,ThermoMPNN,2HYY,0.6686835289001465,155,G,S,F:\GENESIS Studio\genesis-studio\packages\engines-py\.pdb_cache\2HYY,A
3096,ThermoMPNN,2HYY,0.938025951385498,155,G,T,F:\GENESIS Studio\genesis-studio\packages\engines-py\.pdb_cache\2HYY,A
3097,ThermoMPNN,2HYY,1.171652913093567,155,G,V,F:\GENESIS Studio\genesis-studio\packages\engines-py\.pdb_cache\2HYY,A
3098,ThermoMPNN,2HYY,0.7913806438446045,155,G,W,F:\GENESIS Studio\genesis-studio\packages\engines-py\.pdb_cache\2HYY,A
3099,ThermoMPNN,2HYY,0.9484390616416931,155,G,Y,F:\GENESIS Studio\genesis-studio\packages\engines-py\.pdb_cache\2HYY,A
3100,ThermoMPNN,2HYY,0.32492369413375854,156,D,A,F:\GENESIS Studio\genesis-studio\packages\engines-py\.pdb_cache\2HYY,A
3101,ThermoMPNN,2HYY,0.22933995723724365,156,D,C,F:\GENESIS Studio\genesis-studio\packages\engines-py\.pdb_cache\2HYY,A
3102,ThermoMPNN,2HYY,0.0,156,D,D,F:\GENESIS Studio\genesis-studio\packages\engines-py\.pdb_cache\2HYY,A
3103,ThermoMPNN,2HYY,0.2577599287033081,156,D,E,F:\GENESIS Studio\genesis-studio\packages\engines-py\.pdb_cache\2HYY,A
3104,ThermoMPNN,2HYY,0.5720731019973755,156,D,F,F:\GENESIS Studio\genesis-studio\packages\engines-py\.pdb_cache\2HYY,A
3105,ThermoMPNN,2HYY,0.48835963010787964,156,D,G,F:\GENESIS Studio\genesis-studio\packages\engines-py\.pdb_cache\2HYY,A
3106,ThermoMPNN,2HYY,0.4977295994758606,156,D,H,F:\GENESIS Studio\genesis-studio\packages\engines-py\.pdb_cache\2HYY,A
3107,ThermoMPNN,2HYY,0.6459277868270874,156,D,I,F:\GENESIS Studio\genesis-studio\packages\engines-py\.pdb_cache\2HYY,A
3108,ThermoMPNN,2HYY,0.559654712677002,156,D,K,F:\GENESIS Studio\genesis-studio\packages\engines-py\.pdb_cache\2HYY,A
3109,ThermoMPNN,2HYY,0.49804365634918213,156,D,L,F:\GENESIS Studio\genesis-studio\packages\engines-py\.pdb_cache\2HYY,A
3110,ThermoMPNN,2HYY,0.5762927532196045,156,D,M,F:\GENESIS Studio\genesis-studio\packages\engines-py\.pdb_cache\2HYY,A
3111,ThermoMPNN,2HYY,0.3102102279663086,156,D,N,F:\GENESIS Studio\genesis-studio\packages\engines-py\.pdb_cache\2HYY,A
3112,ThermoMPNN,2HYY,0.3473580479621887,156,D,P,F:\GENESIS Studio\genesis-studio\packages\engines-py\.pdb_cache\2HYY,A
3113,ThermoMPNN,2HYY,0.4758417010307312,156,D,Q,F:\GENESIS Studio\genesis-studio\packages\engines-py\.pdb_cache\2HYY,A
3114,ThermoMPNN,2HYY,0.6274750232696533,156,D,R,F:\GENESIS Studio\genesis-studio\packages\engines-py\.pdb_cache\2HYY,A
3115,ThermoMPNN,2HYY,0.3019883632659912,156,D,S,F:\GENESIS Studio\genesis-studio\packages\engines-py\.pdb_cache\2HYY,A
3116,ThermoMPNN,2HYY,0.45618128776550293,156,D,T,F:\GENESIS Studio\genesis-studio\packages\engines-py\.pdb_cache\2HYY,A
3117,ThermoMPNN,2HYY,0.6550066471099854,156,D,V,F:\GENESIS Studio\genesis-studio\packages\engines-py\.pdb_cache\2HYY,A
3118,ThermoMPNN,2HYY,0.5355258584022522,156,D,W,F:\GENESIS Studio\genesis-studio\packages\engines-py\.pdb_cache\2HYY,A
3119,ThermoMPNN,2HYY,0.7006646394729614,156,D,Y,F:\GENESIS Studio\genesis-studio\packages\engines-py\.pdb_cache\2HYY,A
3120,ThermoMPNN,2HYY,0.5795885920524597,157,T,A,F:\GENESIS Studio\genesis-studio\packages\engines-py\.pdb_cache\2HYY,A
3121,ThermoMPNN,2HYY,0.107715904712677,157,T,C,F:\GENESIS Studio\genesis-studio\packages\engines-py\.pdb_cache\2HYY,A
3122,ThermoMPNN,2HYY,0.20309102535247803,157,T,D,F:\GENESIS Studio\genesis-studio\packages\engines-py\.pdb_cache\2HYY,A
3123,ThermoMPNN,2HYY,0.2549077272415161,157,T,E,F:\GENESIS Studio\genesis-studio\packages\engines-py\.pdb_cache\2HYY,A
3124,ThermoMPNN,2HYY,-0.07973349094390869,157,T,F,F:\GENESIS Studio\genesis-studio\packages\engines-py\.pdb_cache\2HYY,A
3125,ThermoMPNN,2HYY,1.0814788341522217,157,T,G,F:\GENESIS Studio\genesis-studio\packages\engines-py\.pdb_cache\2HYY,A
3126,ThermoMPNN,2HYY,0.6095114946365356,157,T,H,F:\GENESIS Studio\genesis-studio\packages\engines-py\.pdb_cache\2HYY,A
3127,ThermoMPNN,2HYY,0.3442230224609375,157,T,I,F:\GENESIS Studio\genesis-studio\packages\engines-py\.pdb_cache\2HYY,A
3128,ThermoMPNN,2HYY,1.1613247394561768,157,T,K,F:\GENESIS Studio\genesis-studio\packages\engines-py\.pdb_cache\2HYY,A
3129,ThermoMPNN,2HYY,0.5239449739456177,157,T,L,F:\GENESIS Studio\genesis-studio\packages\engines-py\.pdb_cache\2HYY,A
3130,ThermoMPNN,2HYY,0.5669450759887695,157,T,M,F:\GENESIS Studio\genesis-studio\packages\engines-py\.pdb_cache\2HYY,A
3131,ThermoMPNN,2HYY,0.6279191970825195,157,T,N,F:\GENESIS Studio\genesis-studio\packages\engines-py\.pdb_cache\2HYY,A
3132,ThermoMPNN,2HYY,1.520115852355957,157,T,P,F:\GENESIS Studio\genesis-studio\packages\engines-py\.pdb_cache\2HYY,A
3133,ThermoMPNN,2HYY,0.7618535161018372,157,T,Q,F:\GENESIS Studio\genesis-studio\packages\engines-py\.pdb_cache\2HYY,A
3134,ThermoMPNN,2HYY,1.088796854019165,157,T,R,F:\GENESIS Studio\genesis-studio\packages\engines-py\.pdb_cache\2HYY,A
3135,ThermoMPNN,2HYY,0.31671422719955444,157,T,S,F:\GENESIS Studio\genesis-studio\packages\engines-py\.pdb_cache\2HYY,A
3136,ThermoMPNN,2HYY,0.0,157,T,T,F:\GENESIS Studio\genesis-studio\packages\engines-py\.pdb_cache\2HYY,A
3137,ThermoMPNN,2HYY,0.3993726968765259,157,T,V,F:\GENESIS Studio\genesis-studio\packages\engines-py\.pdb_cache\2HYY,A
3138,ThermoMPNN,2HYY,-0.35605084896087646,157,T,W,F:\GENESIS Studio\genesis-studio\packages\engines-py\.pdb_cache\2HYY,A
3139,ThermoMPNN,2HYY,-0.2077329158782959,157,T,Y,F:\GENESIS Studio\genesis-studio\packages\engines-py\.pdb_cache\2HYY,A
3140,ThermoMPNN,2HYY,3.509150981903076,158,Y,A,F:\GENESIS Studio\genesis-studio\packages\engines-py\.pdb_cache\2HYY,A
3141,ThermoMPNN,2HYY,2.459010124206543,158,Y,C,F:\GENESIS Studio\genesis-studio\packages\engines-py\.pdb_cache\2HYY,A
3142,ThermoMPNN,2HYY,3.4064831733703613,158,Y,D,F:\GENESIS Studio\genesis-studio\packages\engines-py\.pdb_cache\2HYY,A
3143,ThermoMPNN,2HYY,3.3376996517181396,158,Y,E,F:\GENESIS Studio\genesis-studio\packages\engines-py\.pdb_cache\2HYY,A
3144,ThermoMPNN,2HYY,0.5787491798400879,158,Y,F,F:\GENESIS Studio\genesis-studio\packages\engines-py\.pdb_cache\2HYY,A
3145,ThermoMPNN,2HYY,3.3802523612976074,158,Y,G,F:\GENESIS Studio\genesis-studio\packages\engines-py\.pdb_cache\2HYY,A
3146,ThermoMPNN,2HYY,2.1981351375579834,158,Y,H,F:\GENESIS Studio\genesis-studio\packages\engines-py\.pdb_cache\2HYY,A
3147,ThermoMPNN,2HYY,2.9999499320983887,158,Y,I,F:\GENESIS Studio\genesis-studio\packages\engines-py\.pdb_cache\2HYY,A
3148,ThermoMPNN,2HYY,3.415064573287964,158,Y,K,F:\GENESIS Studio\genesis-studio\packages\engines-py\.pdb_cache\2HYY,A
3149,ThermoMPNN,2HYY,2.9207851886749268,158,Y,L,F:\GENESIS Studio\genesis-studio\packages\engines-py\.pdb_cache\2HYY,A
3150,ThermoMPNN,2HYY,2.801403045654297,158,Y,M,F:\GENESIS Studio\genesis-studio\packages\engines-py\.pdb_cache\2HYY,A
3151,ThermoMPNN,2HYY,3.266218662261963,158,Y,N,F:\GENESIS Studio\genesis-studio\packages\engines-py\.pdb_cache\2HYY,A
3152,ThermoMPNN,2HYY,3.274843692779541,158,Y,P,F:\GENESIS Studio\genesis-studio\packages\engines-py\.pdb_cache\2HYY,A
3153,ThermoMPNN,2HYY,3.383765935897827,158,Y,Q,F:\GENESIS Studio\genesis-studio\packages\engines-py\.pdb_cache\2HYY,A
3154,ThermoMPNN,2HYY,3.0475475788116455,158,Y,R,F:\GENESIS Studio\genesis-studio\packages\engines-py\.pdb_cache\2HYY,A
3155,ThermoMPNN,2HYY,3.6029622554779053,158,Y,S,F:\GENESIS Studio\genesis-studio\packages\engines-py\.pdb_cache\2HYY,A
3156,ThermoMPNN,2HYY,3.3397762775421143,158,Y,T,F:\GENESIS Studio\genesis-studio\packages\engines-py\.pdb_cache\2HYY,A
3157,ThermoMPNN,2HYY,3.162485361099243,158,Y,V,F:\GENESIS Studio\genesis-studio\packages\engines-py\.pdb_cache\2HYY,A
3158,ThermoMPNN,2HYY,1.242887258529663,158,Y,W,F:\GENESIS Studio\genesis-studio\packages\engines-py\.pdb_cache\2HYY,A
3159,ThermoMPNN,2HYY,0.0,158,Y,Y,F:\GENESIS Studio\genesis-studio\packages\engines-py\.pdb_cache\2HYY,A
3160,ThermoMPNN,2HYY,-0.0750504732131958,159,T,A,F:\GENESIS Studio\genesis-studio\packages\engines-py\.pdb_cache\2HYY,A
3161,ThermoMPNN,2HYY,0.09679710865020752,159,T,C,F:\GENESIS Studio\genesis-studio\packages\engines-py\.pdb_cache\2HYY,A
3162,ThermoMPNN,2HYY,0.9555262327194214,159,T,D,F:\GENESIS Studio\genesis-studio\packages\engines-py\.pdb_cache\2HYY,A
3163,ThermoMPNN,2HYY,0.8468535542488098,159,T,E,F:\GENESIS Studio\genesis-studio\packages\engines-py\.pdb_cache\2HYY,A
3164,ThermoMPNN,2HYY,0.5404456257820129,159,T,F,F:\GENESIS Studio\genesis-studio\packages\engines-py\.pdb_cache\2HYY,A
3165,ThermoMPNN,2HYY,0.6755543947219849,159,T,G,F:\GENESIS Studio\genesis-studio\packages\engines-py\.pdb_cache\2HYY,A
3166,ThermoMPNN,2HYY,0.34638381004333496,159,T,H,F:\GENESIS Studio\genesis-studio\packages\engines-py\.pdb_cache\2HYY,A
3167,ThermoMPNN,2HYY,0.2686050534248352,159,T,I,F:\GENESIS Studio\genesis-studio\packages\engines-py\.pdb_cache\2HYY,A
3168,ThermoMPNN,2HYY,0.3761477470397949,159,T,K,F:\GENESIS Studio\genesis-studio\packages\engines-py\.pdb_cache\2HYY,A
3169,ThermoMPNN,2HYY,0.4789576530456543,159,T,L,F:\GENESIS Studio\genesis-studio\packages\engines-py\.pdb_cache\2HYY,A
3170,ThermoMPNN,2HYY,0.18430602550506592,159,T,M,F:\GENESIS Studio\genesis-studio\packages\engines-py\.pdb_cache\2HYY,A
3171,ThermoMPNN,2HYY,0.6545050144195557,159,T,N,F:\GENESIS Studio\genesis-studio\packages\engines-py\.pdb_cache\2HYY,A
3172,ThermoMPNN,2HYY,1.6747136116027832,159,T,P,F:\GENESIS Studio\genesis-studio\packages\engines-py\.pdb_cache\2HYY,A
3173,ThermoMPNN,2HYY,0.13523876667022705,159,T,Q,F:\GENESIS Studio\genesis-studio\packages\engines-py\.pdb_cache\2HYY,A
3174,ThermoMPNN,2HYY,0.0880591869354248,159,T,R,F:\GENESIS Studio\genesis-studio\packages\engines-py\.pdb_cache\2HYY,A
3175,ThermoMPNN,2HYY,0.1668582558631897,159,T,S,F:\GENESIS Studio\genesis-studio\packages\engines-py\.pdb_cache\2HYY,A
3176,ThermoMPNN,2HYY,0.0,159,T,T,F:\GENESIS Studio\genesis-studio\packages\engines-py\.pdb_cache\2HYY,A
3177,ThermoMPNN,2HYY,-0.20573031902313232,159,T,V,F:\GENESIS Studio\genesis-studio\packages\engines-py\.pdb_cache\2HYY,A
3178,ThermoMPNN,2HYY,0.603702187538147,159,T,W,F:\GENESIS Studio\genesis-studio\packages\engines-py\.pdb_cache\2HYY,A
3179,ThermoMPNN,2HYY,0.578493058681488,159,T,Y,F:\GENESIS Studio\genesis-studio\packages\engines-py\.pdb_cache\2HYY,A
3180,ThermoMPNN,2HYY,0.0,160,A,A,F:\GENESIS Studio\genesis-studio\packages\engines-py\.pdb_cache\2HYY,A
3181,ThermoMPNN,2HYY,-0.3605159521102905,160,A,C,F:\GENESIS Studio\genesis-studio\packages\engines-py\.pdb_cache\2HYY,A
3182,ThermoMPNN,2HYY,-0.07052165269851685,160,A,D,F:\GENESIS Studio\genesis-studio\packages\engines-py\.pdb_cache\2HYY,A
3183,ThermoMPNN,2HYY,-0.3522740602493286,160,A,E,F:\GENESIS Studio\genesis-studio\packages\engines-py\.pdb_cache\2HYY,A
3184,ThermoMPNN,2HYY,-0.2559574246406555,160,A,F,F:\GENESIS Studio\genesis-studio\packages\engines-py\.pdb_cache\2HYY,A
3185,ThermoMPNN,2HYY,0.38237500190734863,160,A,G,F:\GENESIS Studio\genesis-studio\packages\engines-py\.pdb_cache\2HYY,A
3186,ThermoMPNN,2HYY,-0.09535980224609375,160,A,H,F:\GENESIS Studio\genesis-studio\packages\engines-py\.pdb_cache\2HYY,A
3187,ThermoMPNN,2HYY,-0.24107414484024048,160,A,I,F:\GENESIS Studio\genesis-studio\packages\engines-py\.pdb_cache\2HYY,A
3188,ThermoMPNN,2HYY,0.2830028533935547,160,A,K,F:\GENESIS Studio\genesis-studio\packages\engines-py\.pdb_cache\2HYY,A
3189,ThermoMPNN,2HYY,-0.21780997514724731,160,A,L,F:\GENESIS Studio\genesis-studio\packages\engines-py\.pdb_cache\2HYY,A
3190,ThermoMPNN,2HYY,-0.15481817722320557,160,A,M,F:\GENESIS Studio\genesis-studio\packages\engines-py\.pdb_cache\2HYY,A
3191,ThermoMPNN,2HYY,0.08572041988372803,160,A,N,F:\GENESIS Studio\genesis-studio\packages\engines-py\.pdb_cache\2HYY,A
3192,ThermoMPNN,2HYY,-0.046245574951171875,160,A,P,F:\GENESIS Studio\genesis-studio\packages\engines-py\.pdb_cache\2HYY,A
3193,ThermoMPNN,2HYY,0.04391157627105713,160,A,Q,F:\GENESIS Studio\genesis-studio\packages\engines-py\.pdb_cache\2HYY,A
3194,ThermoMPNN,2HYY,0.2579248547554016,160,A,R,F:\GENESIS Studio\genesis-studio\packages\engines-py\.pdb_cache\2HYY,A
3195,ThermoMPNN,2HYY,0.09503054618835449,160,A,S,F:\GENESIS Studio\genesis-studio\packages\engines-py\.pdb_cache\2HYY,A
3196,ThermoMPNN,2HYY,0.04544252157211304,160,A,T,F:\GENESIS Studio\genesis-studio\packages\engines-py\.pdb_cache\2HYY,A
3197,ThermoMPNN,2HYY,-0.17018043994903564,160,A,V,F:\GENESIS Studio\genesis-studio\packages\engines-py\.pdb_cache\2HYY,A
3198,ThermoMPNN,2HYY,-0.4158346652984619,160,A,W,F:\GENESIS Studio\genesis-studio\packages\engines-py\.pdb_cache\2HYY,A
3199,ThermoMPNN,2HYY,-0.32401108741760254,160,A,Y,F:\GENESIS Studio\genesis-studio\packages\engines-py\.pdb_cache\2HYY,A
3200,ThermoMPNN,2HYY,0.32791805267333984,161,H,A,F:\GENESIS Studio\genesis-studio\packages\engines-py\.pdb_cache\2HYY,A
3201,ThermoMPNN,2HYY,0.23572754859924316,161,H,C,F:\GENESIS Studio\genesis-studio\packages\engines-py\.pdb_cache\2HYY,A
3202,ThermoMPNN,2HYY,1.6343114376068115,161,H,D,F:\GENESIS Studio\genesis-studio\packages\engines-py\.pdb_cache\2HYY,A
3203,ThermoMPNN,2HYY,1.5771477222442627,161,H,E,F:\GENESIS Studio\genesis-studio\packages\engines-py\.pdb_cache\2HYY,A
3204,ThermoMPNN,2HYY,0.2854847311973572,161,H,F,F:\GENESIS Studio\genesis-studio\packages\engines-py\.pdb_cache\2HYY,A
3205,ThermoMPNN,2HYY,1.3307273387908936,161,H,G,F:\GENESIS Studio\genesis-studio\packages\engines-py\.pdb_cache\2HYY,A
3206,ThermoMPNN,2HYY,0.0,161,H,H,F:\GENESIS Studio\genesis-studio\packages\engines-py\.pdb_cache\2HYY,A
3207,ThermoMPNN,2HYY,0.11831605434417725,161,H,I,F:\GENESIS Studio\genesis-studio\packages\engines-py\.pdb_cache\2HYY,A
3208,ThermoMPNN,2HYY,-0.005209684371948242,161,H,K,F:\GENESIS Studio\genesis-studio\packages\engines-py\.pdb_cache\2HYY,A
3209,ThermoMPNN,2HYY,0.4367244243621826,161,H,L,F:\GENESIS Studio\genesis-studio\packages\engines-py\.pdb_cache\2HYY,A
3210,ThermoMPNN,2HYY,0.08262193202972412,161,H,M,F:\GENESIS Studio\genesis-studio\packages\engines-py\.pdb_cache\2HYY,A
3211,ThermoMPNN,2HYY,0.8148438930511475,161,H,N,F:\GENESIS Studio\genesis-studio\packages\engines-py\.pdb_cache\2HYY,A
3212,ThermoMPNN,2HYY,2.1638009548187256,161,H,P,F:\GENESIS Studio\genesis-studio\packages\engines-py\.pdb_cache\2HYY,A
3213,ThermoMPNN,2HYY,0.2740626335144043,161,H,Q,F:\GENESIS Studio\genesis-studio\packages\engines-py\.pdb_cache\2HYY,A
3214,ThermoMPNN,2HYY,-0.25078439712524414,161,H,R,F:\GENESIS Studio\genesis-studio\packages\engines-py\.pdb_cache\2HYY,A
3215,ThermoMPNN,2HYY,0.3363006114959717,161,H,S,F:\GENESIS Studio\genesis-studio\packages\engines-py\.pdb_cache\2HYY,A
3216,ThermoMPNN,2HYY,0.7679668664932251,161,H,T,F:\GENESIS Studio\genesis-studio\packages\engines-py\.pdb_cache\2HYY,A
3217,ThermoMPNN,2HYY,0.38833850622177124,161,H,V,F:\GENESIS Studio\genesis-studio\packages\engines-py\.pdb_cache\2HYY,A
3218,ThermoMPNN,2HYY,0.34123724699020386,161,H,W,F:\GENESIS Studio\genesis-studio\packages\engines-py\.pdb_cache\2HYY,A
3219,ThermoMPNN,2HYY,0.14659810066223145,161,H,Y,F:\GENESIS Studio\genesis-studio\packages\engines-py\.pdb_cache\2HYY,A
3220,ThermoMPNN,2HYY,0.0,162,A,A,F:\GENESIS Studio\genesis-studio\packages\engines-py\.pdb_cache\2HYY,A
3221,ThermoMPNN,2HYY,-0.5274889469146729,162,A,C,F:\GENESIS Studio\genesis-studio\packages\engines-py\.pdb_cache\2HYY,A
3222,ThermoMPNN,2HYY,-0.4245903491973877,162,A,D,F:\GENESIS Studio\genesis-studio\packages\engines-py\.pdb_cache\2HYY,A
3223,ThermoMPNN,2HYY,-0.21027415990829468,162,A,E,F:\GENESIS Studio\genesis-studio\packages\engines-py\.pdb_cache\2HYY,A
3224,ThermoMPNN,2HYY,-0.12301111221313477,162,A,F,F:\GENESIS Studio\genesis-studio\packages\engines-py\.pdb_cache\2HYY,A
3225,ThermoMPNN,2HYY,-0.08575284481048584,162,A,G,F:\GENESIS Studio\genesis-studio\packages\engines-py\.pdb_cache\2HYY,A
3226,ThermoMPNN,2HYY,-0.18907910585403442,162,A,H,F:\GENESIS Studio\genesis-studio\packages\engines-py\.pdb_cache\2HYY,A
3227,ThermoMPNN,2HYY,0.2539011538028717,162,A,I,F:\GENESIS Studio\genesis-studio\packages\engines-py\.pdb_cache\2HYY,A
3228,ThermoMPNN,2HYY,-0.060762107372283936,162,A,K,F:\GENESIS Studio\genesis-studio\packages\engines-py\.pdb_cache\2HYY,A
3229,ThermoMPNN,2HYY,-0.21212083101272583,162,A,L,F:\GENESIS Studio\genesis-studio\packages\engines-py\.pdb_cache\2HYY,A
3230,ThermoMPNN,2HYY,-0.24015265703201294,162,A,M,F:\GENESIS Studio\genesis-studio\packages\engines-py\.pdb_cache\2HYY,A
3231,ThermoMPNN,2HYY,-0.6402418613433838,162,A,N,F:\GENESIS Studio\genesis-studio\packages\engines-py\.pdb_cache\2HYY,A
3232,ThermoMPNN,2HYY,1.2697877883911133,162,A,P,F:\GENESIS Studio\genesis-studio\packages\engines-py\.pdb_cache\2HYY,A
3233,ThermoMPNN,2HYY,-0.15729165077209473,162,A,Q,F:\GENESIS Studio\genesis-studio\packages\engines-py\.pdb_cache\2HYY,A
3234,ThermoMPNN,2HYY,0.02717798948287964,162,A,R,F:\GENESIS Studio\genesis-studio\packages\engines-py\.pdb_cache\2HYY,A
3235,ThermoMPNN,2HYY,-0.08151954412460327,162,A,S,F:\GENESIS Studio\genesis-studio\packages\engines-py\.pdb_cache\2HYY,A
3236,ThermoMPNN,2HYY,0.1911754012107849,162,A,T,F:\GENESIS Studio\genesis-studio\packages\engines-py\.pdb_cache\2HYY,A
3237,ThermoMPNN,2HYY,0.3142051100730896,162,A,V,F:\GENESIS Studio\genesis-studio\packages\engines-py\.pdb_cache\2HYY,A
3238,ThermoMPNN,2HYY,0.057923316955566406,162,A,W,F:\GENESIS Studio\genesis-studio\packages\engines-py\.pdb_cache\2HYY,A
3239,ThermoMPNN,2HYY,0.07284349203109741,162,A,Y,F:\GENESIS Studio\genesis-studio\packages\engines-py\.pdb_cache\2HYY,A
3240,ThermoMPNN,2HYY,1.2830103635787964,163,G,A,F:\GENESIS Studio\genesis-studio\packages\engines-py\.pdb_cache\2HYY,A
3241,ThermoMPNN,2HYY,0.6390111446380615,163,G,C,F:\GENESIS Studio\genesis-studio\packages\engines-py\.pdb_cache\2HYY,A
3242,ThermoMPNN,2HYY,1.1652612686157227,163,G,D,F:\GENESIS Studio\genesis-studio\packages\engines-py\.pdb_cache\2HYY,A
3243,ThermoMPNN,2HYY,1.2367517948150635,163,G,E,F:\GENESIS Studio\genesis-studio\packages\engines-py\.pdb_cache\2HYY,A
3244,ThermoMPNN,2HYY,1.2835099697113037,163,G,F,F:\GENESIS Studio\genesis-studio\packages\engines-py\.pdb_cache\2HYY,A
3245,ThermoMPNN,2HYY,0.0,163,G,G,F:\GENESIS Studio\genesis-studio\packages\engines-py\.pdb_cache\2HYY,A
3246,ThermoMPNN,2HYY,1.1061301231384277,163,G,H,F:\GENESIS Studio\genesis-studio\packages\engines-py\.pdb_cache\2HYY,A
3247,ThermoMPNN,2HYY,1.833114743232727,163,G,I,F:\GENESIS Studio\genesis-studio\packages\engines-py\.pdb_cache\2HYY,A
3248,ThermoMPNN,2HYY,1.381847858428955,163,G,K,F:\GENESIS Studio\genesis-studio\packages\engines-py\.pdb_cache\2HYY,A
3249,ThermoMPNN,2HYY,1.3755578994750977,163,G,L,F:\GENESIS Studio\genesis-studio\packages\engines-py\.pdb_cache\2HYY,A
3250,ThermoMPNN,2HYY,1.29426908493042,163,G,M,F:\GENESIS Studio\genesis-studio\packages\engines-py\.pdb_cache\2HYY,A
3251,ThermoMPNN,2HYY,0.9198275804519653,163,G,N,F:\GENESIS Studio\genesis-studio\packages\engines-py\.pdb_cache\2HYY,A
3252,ThermoMPNN,2HYY,1.9582765102386475,163,G,P,F:\GENESIS Studio\genesis-studio\packages\engines-py\.pdb_cache\2HYY,A
3253,ThermoMPNN,2HYY,1.3633229732513428,163,G,Q,F:\GENESIS Studio\genesis-studio\packages\engines-py\.pdb_cache\2HYY,A
3254,ThermoMPNN,2HYY,1.3491230010986328,163,G,R,F:\GENESIS Studio\genesis-studio\packages\engines-py\.pdb_cache\2HYY,A
3255,ThermoMPNN,2HYY,1.3051886558532715,163,G,S,F:\GENESIS Studio\genesis-studio\packages\engines-py\.pdb_cache\2HYY,A
3256,ThermoMPNN,2HYY,1.632857322692871,163,G,T,F:\GENESIS Studio\genesis-studio\packages\engines-py\.pdb_cache\2HYY,A
3257,ThermoMPNN,2HYY,1.7847721576690674,163,G,V,F:\GENESIS Studio\genesis-studio\packages\engines-py\.pdb_cache\2HYY,A
3258,ThermoMPNN,2HYY,1.4553922414779663,163,G,W,F:\GENESIS Studio\genesis-studio\packages\engines-py\.pdb_cache\2HYY,A
3259,ThermoMPNN,2HYY,1.3297183513641357,163,G,Y,F:\GENESIS Studio\genesis-studio\packages\engines-py\.pdb_cache\2HYY,A
3260,ThermoMPNN,2HYY,0.0,164,A,A,F:\GENESIS Studio\genesis-studio\packages\engines-py\.pdb_cache\2HYY,A
3261,ThermoMPNN,2HYY,-0.3319053053855896,164,A,C,F:\GENESIS Studio\genesis-studio\packages\engines-py\.pdb_cache\2HYY,A
3262,ThermoMPNN,2HYY,0.30245673656463623,164,A,D,F:\GENESIS Studio\genesis-studio\packages\engines-py\.pdb_cache\2HYY,A
3263,ThermoMPNN,2HYY,-0.04091954231262207,164,A,E,F:\GENESIS Studio\genesis-studio\packages\engines-py\.pdb_cache\2HYY,A
3264,ThermoMPNN,2HYY,-0.15073269605636597,164,A,F,F:\GENESIS Studio\genesis-studio\packages\engines-py\.pdb_cache\2HYY,A
3265,ThermoMPNN,2HYY,0.5245093703269958,164,A,G,F:\GENESIS Studio\genesis-studio\packages\engines-py\.pdb_cache\2HYY,A
3266,ThermoMPNN,2HYY,-0.02370351552963257,164,A,H,F:\GENESIS Studio\genesis-studio\packages\engines-py\.pdb_cache\2HYY,A
3267,ThermoMPNN,2HYY,-0.16635048389434814,164,A,I,F:\GENESIS Studio\genesis-studio\packages\engines-py\.pdb_cache\2HYY,A
3268,ThermoMPNN,2HYY,-0.27148526906967163,164,A,K,F:\GENESIS Studio\genesis-studio\packages\engines-py\.pdb_cache\2HYY,A
3269,ThermoMPNN,2HYY,-0.23458713293075562,164,A,L,F:\GENESIS Studio\genesis-studio\packages\engines-py\.pdb_cache\2HYY,A
3270,ThermoMPNN,2HYY,-0.26105183362960815,164,A,M,F:\GENESIS Studio\genesis-studio\packages\engines-py\.pdb_cache\2HYY,A
3271,ThermoMPNN,2HYY,0.0861133337020874,164,A,N,F:\GENESIS Studio\genesis-studio\packages\engines-py\.pdb_cache\2HYY,A
3272,ThermoMPNN,2HYY,1.8200469017028809,164,A,P,F:\GENESIS Studio\genesis-studio\packages\engines-py\.pdb_cache\2HYY,A
3273,ThermoMPNN,2HYY,-0.17886477708816528,164,A,Q,F:\GENESIS Studio\genesis-studio\packages\engines-py\.pdb_cache\2HYY,A
3274,ThermoMPNN,2HYY,-0.3395330309867859,164,A,R,F:\GENESIS Studio\genesis-studio\packages\engines-py\.pdb_cache\2HYY,A
3275,ThermoMPNN,2HYY,0.1868019700050354,164,A,S,F:\GENESIS Studio\genesis-studio\packages\engines-py\.pdb_cache\2HYY,A
3276,ThermoMPNN,2HYY,-0.014129042625427246,164,A,T,F:\GENESIS Studio\genesis-studio\packages\engines-py\.pdb_cache\2HYY,A
3277,ThermoMPNN,2HYY,-0.16903632879257202,164,A,V,F:\GENESIS Studio\genesis-studio\packages\engines-py\.pdb_cache\2HYY,A
3278,ThermoMPNN,2HYY,0.040358006954193115,164,A,W,F:\GENESIS Studio\genesis-studio\packages\engines-py\.pdb_cache\2HYY,A
3279,ThermoMPNN,2HYY,-0.01814901828765869,164,A,Y,F:\GENESIS Studio\genesis-studio\packages\engines-py\.pdb_cache\2HYY,A
3280,ThermoMPNN,2HYY,0.694094181060791,165,K,A,F:\GENESIS Studio\genesis-studio\packages\engines-py\.pdb_cache\2HYY,A
3281,ThermoMPNN,2HYY,-0.124519944190979,165,K,C,F:\GENESIS Studio\genesis-studio\packages\engines-py\.pdb_cache\2HYY,A
3282,ThermoMPNN,2HYY,1.3140392303466797,165,K,D,F:\GENESIS Studio\genesis-studio\packages\engines-py\.pdb_cache\2HYY,A
3283,ThermoMPNN,2HYY,0.770131528377533,165,K,E,F:\GENESIS Studio\genesis-studio\packages\engines-py\.pdb_cache\2HYY,A
3284,ThermoMPNN,2HYY,-0.239166259765625,165,K,F,F:\GENESIS Studio\genesis-studio\packages\engines-py\.pdb_cache\2HYY,A
3285,ThermoMPNN,2HYY,1.3197028636932373,165,K,G,F:\GENESIS Studio\genesis-studio\packages\engines-py\.pdb_cache\2HYY,A
3286,ThermoMPNN,2HYY,0.14105254411697388,165,K,H,F:\GENESIS Studio\genesis-studio\packages\engines-py\.pdb_cache\2HYY,A
3287,ThermoMPNN,2HYY,0.02491980791091919,165,K,I,F:\GENESIS Studio\genesis-studio\packages\engines-py\.pdb_cache\2HYY,A
3288,ThermoMPNN,2HYY,0.0,165,K,K,F:\GENESIS Studio\genesis-studio\packages\engines-py\.pdb_cache\2HYY,A
3289,ThermoMPNN,2HYY,-0.06438422203063965,165,K,L,F:\GENESIS Studio\genesis-studio\packages\engines-py\.pdb_cache\2HYY,A
3290,ThermoMPNN,2HYY,0.032129526138305664,165,K,M,F:\GENESIS Studio\genesis-studio\packages\engines-py\.pdb_cache\2HYY,A
3291,ThermoMPNN,2HYY,0.5149239897727966,165,K,N,F:\GENESIS Studio\genesis-studio\packages\engines-py\.pdb_cache\2HYY,A
3292,ThermoMPNN,2HYY,1.2551331520080566,165,K,P,F:\GENESIS Studio\genesis-studio\packages\engines-py\.pdb_cache\2HYY,A
3293,ThermoMPNN,2HYY,0.37887561321258545,165,K,Q,F:\GENESIS Studio\genesis-studio\packages\engines-py\.pdb_cache\2HYY,A
3294,ThermoMPNN,2HYY,-0.11680543422698975,165,K,R,F:\GENESIS Studio\genesis-studio\packages\engines-py\.pdb_cache\2HYY,A
3295,ThermoMPNN,2HYY,0.5151180624961853,165,K,S,F:\GENESIS Studio\genesis-studio\packages\engines-py\.pdb_cache\2HYY,A
3296,ThermoMPNN,2HYY,0.2032734751701355,165,K,T,F:\GENESIS Studio\genesis-studio\packages\engines-py\.pdb_cache\2HYY,A
3297,ThermoMPNN,2HYY,0.1493746042251587,165,K,V,F:\GENESIS Studio\genesis-studio\packages\engines-py\.pdb_cache\2HYY,A
3298,ThermoMPNN,2HYY,-0.2566925287246704,165,K,W,F:\GENESIS Studio\genesis-studio\packages\engines-py\.pdb_cache\2HYY,A
3299,ThermoMPNN,2HYY,-0.28743648529052734,165,K,Y,F:\GENESIS Studio\genesis-studio\packages\engines-py\.pdb_cache\2HYY,A
3300,ThermoMPNN,2HYY,1.4847208261489868,166,F,A,F:\GENESIS Studio\genesis-studio\packages\engines-py\.pdb_cache\2HYY,A
3301,ThermoMPNN,2HYY,0.586860179901123,166,F,C,F:\GENESIS Studio\genesis-studio\packages\engines-py\.pdb_cache\2HYY,A
3302,ThermoMPNN,2HYY,2.027613639831543,166,F,D,F:\GENESIS Studio\genesis-studio\packages\engines-py\.pdb_cache\2HYY,A
3303,ThermoMPNN,2HYY,1.7550315856933594,166,F,E,F:\GENESIS Studio\genesis-studio\packages\engines-py\.pdb_cache\2HYY,A
3304,ThermoMPNN,2HYY,0.0,166,F,F,F:\GENESIS Studio\genesis-studio\packages\engines-py\.pdb_cache\2HYY,A
3305,ThermoMPNN,2HYY,1.9938538074493408,166,F,G,F:\GENESIS Studio\genesis-studio\packages\engines-py\.pdb_cache\2HYY,A
3306,ThermoMPNN,2HYY,0.9592889547348022,166,F,H,F:\GENESIS Studio\genesis-studio\packages\engines-py\.pdb_cache\2HYY,A
3307,ThermoMPNN,2HYY,0.1532050371170044,166,F,I,F:\GENESIS Studio\genesis-studio\packages\engines-py\.pdb_cache\2HYY,A
3308,ThermoMPNN,2HYY,0.985285758972168,166,F,K,F:\GENESIS Studio\genesis-studio\packages\engines-py\.pdb_cache\2HYY,A
3309,ThermoMPNN,2HYY,0.1701282262802124,166,F,L,F:\GENESIS Studio\genesis-studio\packages\engines-py\.pdb_cache\2HYY,A
3310,ThermoMPNN,2HYY,0.4961748719215393,166,F,M,F:\GENESIS Studio\genesis-studio\packages\engines-py\.pdb_cache\2HYY,A
3311,ThermoMPNN,2HYY,1.6235578060150146,166,F,N,F:\GENESIS Studio\genesis-studio\packages\engines-py\.pdb_cache\2HYY,A
3312,ThermoMPNN,2HYY,1.5343551635742188,166,F,P,F:\GENESIS Studio\genesis-studio\packages\engines-py\.pdb_cache\2HYY,A
3313,ThermoMPNN,2HYY,1.3137478828430176,166,F,Q,F:\GENESIS Studio\genesis-studio\packages\engines-py\.pdb_cache\2HYY,A
3314,ThermoMPNN,2HYY,0.854025661945343,166,F,R,F:\GENESIS Studio\genesis-studio\packages\engines-py\.pdb_cache\2HYY,A
3315,ThermoMPNN,2HYY,1.6300346851348877,166,F,S,F:\GENESIS Studio\genesis-studio\packages\engines-py\.pdb_cache\2HYY,A
3316,ThermoMPNN,2HYY,1.298896312713623,166,F,T,F:\GENESIS Studio\genesis-studio\packages\engines-py\.pdb_cache\2HYY,A
3317,ThermoMPNN,2HYY,0.5562282800674438,166,F,V,F:\GENESIS Studio\genesis-studio\packages\engines-py\.pdb_cache\2HYY,A
3318,ThermoMPNN,2HYY,-0.38740456104278564,166,F,W,F:\GENESIS Studio\genesis-studio\packages\engines-py\.pdb_cache\2HYY,A
3319,ThermoMPNN,2HYY,-0.2214142084121704,166,F,Y,F:\GENESIS Studio\genesis-studio\packages\engines-py\.pdb_cache\2HYY,A
3320,ThermoMPNN,2HYY,0.2335186004638672,167,P,A,F:\GENESIS Studio\genesis-studio\packages\engines-py\.pdb_cache\2HYY,A
3321,ThermoMPNN,2HYY,0.011440753936767578,167,P,C,F:\GENESIS Studio\genesis-studio\packages\engines-py\.pdb_cache\2HYY,A
3322,ThermoMPNN,2HYY,0.5568530559539795,167,P,D,F:\GENESIS Studio\genesis-studio\packages\engines-py\.pdb_cache\2HYY,A
3323,ThermoMPNN,2HYY,0.48388952016830444,167,P,E,F:\GENESIS Studio\genesis-studio\packages\engines-py\.pdb_cache\2HYY,A
3324,ThermoMPNN,2HYY,0.4695351719856262,167,P,F,F:\GENESIS Studio\genesis-studio\packages\engines-py\.pdb_cache\2HYY,A
3325,ThermoMPNN,2HYY,1.3099071979522705,167,P,G,F:\GENESIS Studio\genesis-studio\packages\engines-py\.pdb_cache\2HYY,A
3326,ThermoMPNN,2HYY,-0.01261591911315918,167,P,H,F:\GENESIS Studio\genesis-studio\packages\engines-py\.pdb_cache\2HYY,A
3327,ThermoMPNN,2HYY,1.110173225402832,167,P,I,F:\GENESIS Studio\genesis-studio\packages\engines-py\.pdb_cache\2HYY,A
3328,ThermoMPNN,2HYY,0.7769084572792053,167,P,K,F:\GENESIS Studio\genesis-studio\packages\engines-py\.pdb_cache\2HYY,A
3329,ThermoMPNN,2HYY,0.4416655898094177,167,P,L,F:\GENESIS Studio\genesis-studio\packages\engines-py\.pdb_cache\2HYY,A
3330,ThermoMPNN,2HYY,0.6705470681190491,167,P,M,F:\GENESIS Studio\genesis-studio\packages\engines-py\.pdb_cache\2HYY,A
3331,ThermoMPNN,2HYY,0.30665796995162964,167,P,N,F:\GENESIS Studio\genesis-studio\packages\engines-py\.pdb_cache\2HYY,A
3332,ThermoMPNN,2HYY,0.0,167,P,P,F:\GENESIS Studio\genesis-studio\packages\engines-py\.pdb_cache\2HYY,A
3333,ThermoMPNN,2HYY,0.690013587474823,167,P,Q,F:\GENESIS Studio\genesis-studio\packages\engines-py\.pdb_cache\2HYY,A
3334,ThermoMPNN,2HYY,0.7362585067749023,167,P,R,F:\GENESIS Studio\genesis-studio\packages\engines-py\.pdb_cache\2HYY,A
3335,ThermoMPNN,2HYY,0.593635082244873,167,P,S,F:\GENESIS Studio\genesis-studio\packages\engines-py\.pdb_cache\2HYY,A
3336,ThermoMPNN,2HYY,1.270223617553711,167,P,T,F:\GENESIS Studio\genesis-studio\packages\engines-py\.pdb_cache\2HYY,A
3337,ThermoMPNN,2HYY,0.9602060317993164,167,P,V,F:\GENESIS Studio\genesis-studio\packages\engines-py\.pdb_cache\2HYY,A
3338,ThermoMPNN,2HYY,0.1584802269935608,167,P,W,F:\GENESIS Studio\genesis-studio\packages\engines-py\.pdb_cache\2HYY,A
3339,ThermoMPNN,2HYY,-0.0637671947479248,167,P,Y,F:\GENESIS Studio\genesis-studio\packages\engines-py\.pdb_cache\2HYY,A
3340,ThermoMPNN,2HYY,1.29574716091156,168,I,A,F:\GENESIS Studio\genesis-studio\packages\engines-py\.pdb_cache\2HYY,A
3341,ThermoMPNN,2HYY,0.8445737361907959,168,I,C,F:\GENESIS Studio\genesis-studio\packages\engines-py\.pdb_cache\2HYY,A
3342,ThermoMPNN,2HYY,2.269324541091919,168,I,D,F:\GENESIS Studio\genesis-studio\packages\engines-py\.pdb_cache\2HYY,A
3343,ThermoMPNN,2HYY,2.023742914199829,168,I,E,F:\GENESIS Studio\genesis-studio\packages\engines-py\.pdb_cache\2HYY,A
3344,ThermoMPNN,2HYY,0.731189489364624,168,I,F,F:\GENESIS Studio\genesis-studio\packages\engines-py\.pdb_cache\2HYY,A
3345,ThermoMPNN,2HYY,1.999697208404541,168,I,G,F:\GENESIS Studio\genesis-studio\packages\engines-py\.pdb_cache\2HYY,A
3346,ThermoMPNN,2HYY,1.3485662937164307,168,I,H,F:\GENESIS Studio\genesis-studio\packages\engines-py\.pdb_cache\2HYY,A
3347,ThermoMPNN,2HYY,0.0,168,I,I,F:\GENESIS Studio\genesis-studio\packages\engines-py\.pdb_cache\2HYY,A
3348,ThermoMPNN,2HYY,1.3610469102859497,168,I,K,F:\GENESIS Studio\genesis-studio\packages\engines-py\.pdb_cache\2HYY,A
3349,ThermoMPNN,2HYY,0.5534765720367432,168,I,L,F:\GENESIS Studio\genesis-studio\packages\engines-py\.pdb_cache\2HYY,A
3350,ThermoMPNN,2HYY,1.000686764717102,168,I,M,F:\GENESIS Studio\genesis-studio\packages\engines-py\.pdb_cache\2HYY,A
3351,ThermoMPNN,2HYY,1.8832507133483887,168,I,N,F:\GENESIS Studio\genesis-studio\packages\engines-py\.pdb_cache\2HYY,A
3352,ThermoMPNN,2HYY,1.296822428703308,168,I,P,F:\GENESIS Studio\genesis-studio\packages\engines-py\.pdb_cache\2HYY,A
3353,ThermoMPNN,2HYY,1.7525432109832764,168,I,Q,F:\GENESIS Studio\genesis-studio\packages\engines-py\.pdb_cache\2HYY,A
3354,ThermoMPNN,2HYY,1.3988077640533447,168,I,R,F:\GENESIS Studio\genesis-studio\packages\engines-py\.pdb_cache\2HYY,A
3355,ThermoMPNN,2HYY,1.7242772579193115,168,I,S,F:\GENESIS Studio\genesis-studio\packages\engines-py\.pdb_cache\2HYY,A
3356,ThermoMPNN,2HYY,1.2865486145019531,168,I,T,F:\GENESIS Studio\genesis-studio\packages\engines-py\.pdb_cache\2HYY,A
3357,ThermoMPNN,2HYY,0.3351566791534424,168,I,V,F:\GENESIS Studio\genesis-studio\packages\engines-py\.pdb_cache\2HYY,A
3358,ThermoMPNN,2HYY,0.9160568714141846,168,I,W,F:\GENESIS Studio\genesis-studio\packages\engines-py\.pdb_cache\2HYY,A
3359,ThermoMPNN,2HYY,0.7844702005386353,168,I,Y,F:\GENESIS Studio\genesis-studio\packages\engines-py\.pdb_cache\2HYY,A
3360,ThermoMPNN,2HYY,0.8439013957977295,169,K,A,F:\GENESIS Studio\genesis-studio\packages\engines-py\.pdb_cache\2HYY,A
3361,ThermoMPNN,2HYY,0.6104164123535156,169,K,C,F:\GENESIS Studio\genesis-studio\packages\engines-py\.pdb_cache\2HYY,A
3362,ThermoMPNN,2HYY,1.940690040588379,169,K,D,F:\GENESIS Studio\genesis-studio\packages\engines-py\.pdb_cache\2HYY,A
3363,ThermoMPNN,2HYY,1.402899146080017,169,K,E,F:\GENESIS Studio\genesis-studio\packages\engines-py\.pdb_cache\2HYY,A
3364,ThermoMPNN,2HYY,0.8046948909759521,169,K,F,F:\GENESIS Studio\genesis-studio\packages\engines-py\.pdb_cache\2HYY,A
3365,ThermoMPNN,2HYY,1.689539909362793,169,K,G,F:\GENESIS Studio\genesis-studio\packages\engines-py\.pdb_cache\2HYY,A
3366,ThermoMPNN,2HYY,0.8991879224777222,169,K,H,F:\GENESIS Studio\genesis-studio\packages\engines-py\.pdb_cache\2HYY,A
3367,ThermoMPNN,2HYY,0.32873737812042236,169,K,I,F:\GENESIS Studio\genesis-studio\packages\engines-py\.pdb_cache\2HYY,A
3368,ThermoMPNN,2HYY,0.0,169,K,K,F:\GENESIS Studio\genesis-studio\packages\engines-py\.pdb_cache\2HYY,A
3369,ThermoMPNN,2HYY,0.11956286430358887,169,K,L,F:\GENESIS Studio\genesis-studio\packages\engines-py\.pdb_cache\2HYY,A
3370,ThermoMPNN,2HYY,0.4377872943878174,169,K,M,F:\GENESIS Studio\genesis-studio\packages\engines-py\.pdb_cache\2HYY,A
3371,ThermoMPNN,2HYY,1.1553945541381836,169,K,N,F:\GENESIS Studio\genesis-studio\packages\engines-py\.pdb_cache\2HYY,A
3372,ThermoMPNN,2HYY,0.9251198768615723,169,K,P,F:\GENESIS Studio\genesis-studio\packages\engines-py\.pdb_cache\2HYY,A
3373,ThermoMPNN,2HYY,0.7854437828063965,169,K,Q,F:\GENESIS Studio\genesis-studio\packages\engines-py\.pdb_cache\2HYY,A
3374,ThermoMPNN,2HYY,-0.2185068130493164,169,K,R,F:\GENESIS Studio\genesis-studio\packages\engines-py\.pdb_cache\2HYY,A
3375,ThermoMPNN,2HYY,1.1291110515594482,169,K,S,F:\GENESIS Studio\genesis-studio\packages\engines-py\.pdb_cache\2HYY,A
3376,ThermoMPNN,2HYY,0.7199154496192932,169,K,T,F:\GENESIS Studio\genesis-studio\packages\engines-py\.pdb_cache\2HYY,A
3377,ThermoMPNN,2HYY,0.5767990350723267,169,K,V,F:\GENESIS Studio\genesis-studio\packages\engines-py\.pdb_cache\2HYY,A
3378,ThermoMPNN,2HYY,0.658613383769989,169,K,W,F:\GENESIS Studio\genesis-studio\packages\engines-py\.pdb_cache\2HYY,A
3379,ThermoMPNN,2HYY,0.5483488440513611,169,K,Y,F:\GENESIS Studio\genesis-studio\packages\engines-py\.pdb_cache\2HYY,A
3380,ThermoMPNN,2HYY,2.1299338340759277,170,W,A,F:\GENESIS Studio\genesis-studio\packages\engines-py\.pdb_cache\2HYY,A
3381,ThermoMPNN,2HYY,1.3162763118743896,170,W,C,F:\GENESIS Studio\genesis-studio\packages\engines-py\.pdb_cache\2HYY,A
3382,ThermoMPNN,2HYY,2.233569383621216,170,W,D,F:\GENESIS Studio\genesis-studio\packages\engines-py\.pdb_cache\2HYY,A
3383,ThermoMPNN,2HYY,2.07252836227417,170,W,E,F:\GENESIS Studio\genesis-studio\packages\engines-py\.pdb_cache\2HYY,A
3384,ThermoMPNN,2HYY,0.6693453788757324,170,W,F,F:\GENESIS Studio\genesis-studio\packages\engines-py\.pdb_cache\2HYY,A
3385,ThermoMPNN,2HYY,1.9108188152313232,170,W,G,F:\GENESIS Studio\genesis-studio\packages\engines-py\.pdb_cache\2HYY,A
3386,ThermoMPNN,2HYY,1.5733871459960938,170,W,H,F:\GENESIS Studio\genesis-studio\packages\engines-py\.pdb_cache\2HYY,A
3387,ThermoMPNN,2HYY,1.7539042234420776,170,W,I,F:\GENESIS Studio\genesis-studio\packages\engines-py\.pdb_cache\2HYY,A
3388,ThermoMPNN,2HYY,1.836753487586975,170,W,K,F:\GENESIS Studio\genesis-studio\packages\engines-py\.pdb_cache\2HYY,A
3389,ThermoMPNN,2HYY,1.5398762226104736,170,W,L,F:\GENESIS Studio\genesis-studio\packages\engines-py\.pdb_cache\2HYY,A
3390,ThermoMPNN,2HYY,1.5004165172576904,170,W,M,F:\GENESIS Studio\genesis-studio\packages\engines-py\.pdb_cache\2HYY,A
3391,ThermoMPNN,2HYY,2.0239107608795166,170,W,N,F:\GENESIS Studio\genesis-studio\packages\engines-py\.pdb_cache\2HYY,A
3392,ThermoMPNN,2HYY,1.8423635959625244,170,W,P,F:\GENESIS Studio\genesis-studio\packages\engines-py\.pdb_cache\2HYY,A
3393,ThermoMPNN,2HYY,1.9488766193389893,170,W,Q,F:\GENESIS Studio\genesis-studio\packages\engines-py\.pdb_cache\2HYY,A
3394,ThermoMPNN,2HYY,1.5614571571350098,170,W,R,F:\GENESIS Studio\genesis-studio\packages\engines-py\.pdb_cache\2HYY,A
3395,ThermoMPNN,2HYY,1.976266860961914,170,W,S,F:\GENESIS Studio\genesis-studio\packages\engines-py\.pdb_cache\2HYY,A
3396,ThermoMPNN,2HYY,1.768507719039917,170,W,T,F:\GENESIS Studio\genesis-studio\packages\engines-py\.pdb_cache\2HYY,A
3397,ThermoMPNN,2HYY,1.7605829238891602,170,W,V,F:\GENESIS Studio\genesis-studio\packages\engines-py\.pdb_cache\2HYY,A
3398,ThermoMPNN,2HYY,0.0,170,W,W,F:\GENESIS Studio\genesis-studio\packages\engines-py\.pdb_cache\2HYY,A
3399,ThermoMPNN,2HYY,0.45332443714141846,170,W,Y,F:\GENESIS Studio\genesis-studio\packages\engines-py\.pdb_cache\2HYY,A
3400,ThermoMPNN,2HYY,1.3193272352218628,171,T,A,F:\GENESIS Studio\genesis-studio\packages\engines-py\.pdb_cache\2HYY,A
3401,ThermoMPNN,2HYY,0.6082453727722168,171,T,C,F:\GENESIS Studio\genesis-studio\packages\engines-py\.pdb_cache\2HYY,A
3402,ThermoMPNN,2HYY,2.2594878673553467,171,T,D,F:\GENESIS Studio\genesis-studio\packages\engines-py\.pdb_cache\2HYY,A
3403,ThermoMPNN,2HYY,2.048931121826172,171,T,E,F:\GENESIS Studio\genesis-studio\packages\engines-py\.pdb_cache\2HYY,A
3404,ThermoMPNN,2HYY,0.6134164333343506,171,T,F,F:\GENESIS Studio\genesis-studio\packages\engines-py\.pdb_cache\2HYY,A
3405,ThermoMPNN,2HYY,2.055135726928711,171,T,G,F:\GENESIS Studio\genesis-studio\packages\engines-py\.pdb_cache\2HYY,A
3406,ThermoMPNN,2HYY,1.5868089199066162,171,T,H,F:\GENESIS Studio\genesis-studio\packages\engines-py\.pdb_cache\2HYY,A
3407,ThermoMPNN,2HYY,0.7182461023330688,171,T,I,F:\GENESIS Studio\genesis-studio\packages\engines-py\.pdb_cache\2HYY,A
3408,ThermoMPNN,2HYY,1.8697664737701416,171,T,K,F:\GENESIS Studio\genesis-studio\packages\engines-py\.pdb_cache\2HYY,A
3409,ThermoMPNN,2HYY,0.35542619228363037,171,T,L,F:\GENESIS Studio\genesis-studio\packages\engines-py\.pdb_cache\2HYY,A
3410,ThermoMPNN,2HYY,0.3785402774810791,171,T,M,F:\GENESIS Studio\genesis-studio\packages\engines-py\.pdb_cache\2HYY,A
3411,ThermoMPNN,2HYY,1.8773112297058105,171,T,N,F:\GENESIS Studio\genesis-studio\packages\engines-py\.pdb_cache\2HYY,A
3412,ThermoMPNN,2HYY,2.940209150314331,171,T,P,F:\GENESIS Studio\genesis-studio\packages\engines-py\.pdb_cache\2HYY,A
3413,ThermoMPNN,2HYY,1.4629865884780884,171,T,Q,F:\GENESIS Studio\genesis-studio\packages\engines-py\.pdb_cache\2HYY,A
3414,ThermoMPNN,2HYY,1.6933329105377197,171,T,R,F:\GENESIS Studio\genesis-studio\packages\engines-py\.pdb_cache\2HYY,A
3415,ThermoMPNN,2HYY,0.699660062789917,171,T,S,F:\GENESIS Studio\genesis-studio\packages\engines-py\.pdb_cache\2HYY,A
3416,ThermoMPNN,2HYY,0.0,171,T,T,F:\GENESIS Studio\genesis-studio\packages\engines-py\.pdb_cache\2HYY,A
3417,ThermoMPNN,2HYY,0.9414945840835571,171,T,V,F:\GENESIS Studio\genesis-studio\packages\engines-py\.pdb_cache\2HYY,A
3418,ThermoMPNN,2HYY,1.0739681720733643,171,T,W,F:\GENESIS Studio\genesis-studio\packages\engines-py\.pdb_cache\2HYY,A
3419,ThermoMPNN,2HYY,0.9119665622711182,171,T,Y,F:\GENESIS Studio\genesis-studio\packages\engines-py\.pdb_cache\2HYY,A
3420,ThermoMPNN,2HYY,0.0,172,A,A,F:\GENESIS Studio\genesis-studio\packages\engines-py\.pdb_cache\2HYY,A
3421,ThermoMPNN,2HYY,1.1142358779907227,172,A,C,F:\GENESIS Studio\genesis-studio\packages\engines-py\.pdb_cache\2HYY,A
3422,ThermoMPNN,2HYY,2.495121717453003,172,A,D,F:\GENESIS Studio\genesis-studio\packages\engines-py\.pdb_cache\2HYY,A
3423,ThermoMPNN,2HYY,2.2175521850585938,172,A,E,F:\GENESIS Studio\genesis-studio\packages\engines-py\.pdb_cache\2HYY,A
3424,ThermoMPNN,2HYY,2.095025062561035,172,A,F,F:\GENESIS Studio\genesis-studio\packages\engines-py\.pdb_cache\2HYY,A
3425,ThermoMPNN,2HYY,2.39453125,172,A,G,F:\GENESIS Studio\genesis-studio\packages\engines-py\.pdb_cache\2HYY,A
3426,ThermoMPNN,2HYY,2.11982798576355,172,A,H,F:\GENESIS Studio\genesis-studio\packages\engines-py\.pdb_cache\2HYY,A
3427,ThermoMPNN,2HYY,2.020174503326416,172,A,I,F:\GENESIS Studio\genesis-studio\packages\engines-py\.pdb_cache\2HYY,A
3428,ThermoMPNN,2HYY,2.43756365776062,172,A,K,F:\GENESIS Studio\genesis-studio\packages\engines-py\.pdb_cache\2HYY,A
3429,ThermoMPNN,2HYY,1.9220657348632812,172,A,L,F:\GENESIS Studio\genesis-studio\packages\engines-py\.pdb_cache\2HYY,A
3430,ThermoMPNN,2HYY,1.8982352018356323,172,A,M,F:\GENESIS Studio\genesis-studio\packages\engines-py\.pdb_cache\2HYY,A
3431,ThermoMPNN,2HYY,2.475893259048462,172,A,N,F:\GENESIS Studio\genesis-studio\packages\engines-py\.pdb_cache\2HYY,A
3432,ThermoMPNN,2HYY,2.3274478912353516,172,A,P,F:\GENESIS Studio\genesis-studio\packages\engines-py\.pdb_cache\2HYY,A
3433,ThermoMPNN,2HYY,2.32763934135437,172,A,Q,F:\GENESIS Studio\genesis-studio\packages\engines-py\.pdb_cache\2HYY,A
3434,ThermoMPNN,2HYY,2.5217926502227783,172,A,R,F:\GENESIS Studio\genesis-studio\packages\engines-py\.pdb_cache\2HYY,A
3435,ThermoMPNN,2HYY,1.6083581447601318,172,A,S,F:\GENESIS Studio\genesis-studio\packages\engines-py\.pdb_cache\2HYY,A
3436,ThermoMPNN,2HYY,2.3662400245666504,172,A,T,F:\GENESIS Studio\genesis-studio\packages\engines-py\.pdb_cache\2HYY,A
3437,ThermoMPNN,2HYY,1.4317947626113892,172,A,V,F:\GENESIS Studio\genesis-studio\packages\engines-py\.pdb_cache\2HYY,A
3438,ThermoMPNN,2HYY,2.0236048698425293,172,A,W,F:\GENESIS Studio\genesis-studio\packages\engines-py\.pdb_cache\2HYY,A
3439,ThermoMPNN,2HYY,2.008058547973633,172,A,Y,F:\GENESIS Studio\genesis-studio\packages\engines-py\.pdb_cache\2HYY,A
3440,ThermoMPNN,2HYY,1.9960081577301025,173,P,A,F:\GENESIS Studio\genesis-studio\packages\engines-py\.pdb_cache\2HYY,A
3441,ThermoMPNN,2HYY,0.9606096744537354,173,P,C,F:\GENESIS Studio\genesis-studio\packages\engines-py\.pdb_cache\2HYY,A
3442,ThermoMPNN,2HYY,2.3655588626861572,173,P,D,F:\GENESIS Studio\genesis-studio\packages\engines-py\.pdb_cache\2HYY,A
3443,ThermoMPNN,2HYY,2.185299873352051,173,P,E,F:\GENESIS Studio\genesis-studio\packages\engines-py\.pdb_cache\2HYY,A
3444,ThermoMPNN,2HYY,1.1540439128875732,173,P,F,F:\GENESIS Studio\genesis-studio\packages\engines-py\.pdb_cache\2HYY,A
3445,ThermoMPNN,2HYY,1.9370399713516235,173,P,G,F:\GENESIS Studio\genesis-studio\packages\engines-py\.pdb_cache\2HYY,A
3446,ThermoMPNN,2HYY,1.6861921548843384,173,P,H,F:\GENESIS Studio\genesis-studio\packages\engines-py\.pdb_cache\2HYY,A
3447,ThermoMPNN,2HYY,1.4291956424713135,173,P,I,F:\GENESIS Studio\genesis-studio\packages\engines-py\.pdb_cache\2HYY,A
3448,ThermoMPNN,2HYY,1.503162145614624,173,P,K,F:\GENESIS Studio\genesis-studio\packages\engines-py\.pdb_cache\2HYY,A
3449,ThermoMPNN,2HYY,1.1780750751495361,173,P,L,F:\GENESIS Studio\genesis-studio\packages\engines-py\.pdb_cache\2HYY,A
3450,ThermoMPNN,2HYY,1.236936092376709,173,P,M,F:\GENESIS Studio\genesis-studio\packages\engines-py\.pdb_cache\2HYY,A
3451,ThermoMPNN,2HYY,2.048626184463501,173,P,N,F:\GENESIS Studio\genesis-studio\packages\engines-py\.pdb_cache\2HYY,A
3452,ThermoMPNN,2HYY,0.0,173,P,P,F:\GENESIS Studio\genesis-studio\packages\engines-py\.pdb_cache\2HYY,A
3453,ThermoMPNN,2HYY,2.006470203399658,173,P,Q,F:\GENESIS Studio\genesis-studio\packages\engines-py\.pdb_cache\2HYY,A
3454,ThermoMPNN,2HYY,1.3717319965362549,173,P,R,F:\GENESIS Studio\genesis-studio\packages\engines-py\.pdb_cache\2HYY,A
3455,ThermoMPNN,2HYY,2.136077404022217,173,P,S,F:\GENESIS Studio\genesis-studio\packages\engines-py\.pdb_cache\2HYY,A
3456,ThermoMPNN,2HYY,2.078551769256592,173,P,T,F:\GENESIS Studio\genesis-studio\packages\engines-py\.pdb_cache\2HYY,A
3457,ThermoMPNN,2HYY,1.7157491445541382,173,P,V,F:\GENESIS Studio\genesis-studio\packages\engines-py\.pdb_cache\2HYY,A
3458,ThermoMPNN,2HYY,0.7101438045501709,173,P,W,F:\GENESIS Studio\genesis-studio\packages\engines-py\.pdb_cache\2HYY,A
3459,ThermoMPNN,2HYY,0.862673282623291,173,P,Y,F:\GENESIS Studio\genesis-studio\packages\engines-py\.pdb_cache\2HYY,A
3460,ThermoMPNN,2HYY,0.9263765215873718,174,E,A,F:\GENESIS Studio\genesis-studio\packages\engines-py\.pdb_cache\2HYY,A
3461,ThermoMPNN,2HYY,0.7604286670684814,174,E,C,F:\GENESIS Studio\genesis-studio\packages\engines-py\.pdb_cache\2HYY,A
3462,ThermoMPNN,2HYY,0.8863911032676697,174,E,D,F:\GENESIS Studio\genesis-studio\packages\engines-py\.pdb_cache\2HYY,A
3463,ThermoMPNN,2HYY,0.0,174,E,E,F:\GENESIS Studio\genesis-studio\packages\engines-py\.pdb_cache\2HYY,A
3464,ThermoMPNN,2HYY,1.166166067123413,174,E,F,F:\GENESIS Studio\genesis-studio\packages\engines-py\.pdb_cache\2HYY,A
3465,ThermoMPNN,2HYY,1.4980897903442383,174,E,G,F:\GENESIS Studio\genesis-studio\packages\engines-py\.pdb_cache\2HYY,A
3466,ThermoMPNN,2HYY,1.139852523803711,174,E,H,F:\GENESIS Studio\genesis-studio\packages\engines-py\.pdb_cache\2HYY,A
3467,ThermoMPNN,2HYY,0.9871586561203003,174,E,I,F:\GENESIS Studio\genesis-studio\packages\engines-py\.pdb_cache\2HYY,A
3468,ThermoMPNN,2HYY,1.7435439825057983,174,E,K,F:\GENESIS Studio\genesis-studio\packages\engines-py\.pdb_cache\2HYY,A
3469,ThermoMPNN,2HYY,1.274785041809082,174,E,L,F:\GENESIS Studio\genesis-studio\packages\engines-py\.pdb_cache\2HYY,A
3470,ThermoMPNN,2HYY,1.1344075202941895,174,E,M,F:\GENESIS Studio\genesis-studio\packages\engines-py\.pdb_cache\2HYY,A
3471,ThermoMPNN,2HYY,1.498847246170044,174,E,N,F:\GENESIS Studio\genesis-studio\packages\engines-py\.pdb_cache\2HYY,A
3472,ThermoMPNN,2HYY,0.752112865447998,174,E,P,F:\GENESIS Studio\genesis-studio\packages\engines-py\.pdb_cache\2HYY,A
3473,ThermoMPNN,2HYY,0.943192183971405,174,E,Q,F:\GENESIS Studio\genesis-studio\packages\engines-py\.pdb_cache\2HYY,A
3474,ThermoMPNN,2HYY,1.7596031427383423,174,E,R,F:\GENESIS Studio\genesis-studio\packages\engines-py\.pdb_cache\2HYY,A
3475,ThermoMPNN,2HYY,0.9447650909423828,174,E,S,F:\GENESIS Studio\genesis-studio\packages\engines-py\.pdb_cache\2HYY,A
3476,ThermoMPNN,2HYY,1.107292890548706,174,E,T,F:\GENESIS Studio\genesis-studio\packages\engines-py\.pdb_cache\2HYY,A
3477,ThermoMPNN,2HYY,1.1403132677078247,174,E,V,F:\GENESIS Studio\genesis-studio\packages\engines-py\.pdb_cache\2HYY,A
3478,ThermoMPNN,2HYY,0.9135693311691284,174,E,W,F:\GENESIS Studio\genesis-studio\packages\engines-py\.pdb_cache\2HYY,A
3479,ThermoMPNN,2HYY,0.797335684299469,174,E,Y,F:\GENESIS Studio\genesis-studio\packages\engines-py\.pdb_cache\2HYY,A
3480,ThermoMPNN,2HYY,-0.29708778858184814,175,S,A,F:\GENESIS Studio\genesis-studio\packages\engines-py\.pdb_cache\2HYY,A
3481,ThermoMPNN,2HYY,-0.223602294921875,175,S,C,F:\GENESIS Studio\genesis-studio\packages\engines-py\.pdb_cache\2HYY,A
3482,ThermoMPNN,2HYY,1.0116875171661377,175,S,D,F:\GENESIS Studio\genesis-studio\packages\engines-py\.pdb_cache\2HYY,A
3483,ThermoMPNN,2HYY,0.6855320930480957,175,S,E,F:\GENESIS Studio\genesis-studio\packages\engines-py\.pdb_cache\2HYY,A
3484,ThermoMPNN,2HYY,0.2833840250968933,175,S,F,F:\GENESIS Studio\genesis-studio\packages\engines-py\.pdb_cache\2HYY,A
3485,ThermoMPNN,2HYY,0.580954909324646,175,S,G,F:\GENESIS Studio\genesis-studio\packages\engines-py\.pdb_cache\2HYY,A
3486,ThermoMPNN,2HYY,0.8336515426635742,175,S,H,F:\GENESIS Studio\genesis-studio\packages\engines-py\.pdb_cache\2HYY,A
3487,ThermoMPNN,2HYY,0.06575608253479004,175,S,I,F:\GENESIS Studio\genesis-studio\packages\engines-py\.pdb_cache\2HYY,A
3488,ThermoMPNN,2HYY,1.126712679862976,175,S,K,F:\GENESIS Studio\genesis-studio\packages\engines-py\.pdb_cache\2HYY,A
3489,ThermoMPNN,2HYY,0.23165267705917358,175,S,L,F:\GENESIS Studio\genesis-studio\packages\engines-py\.pdb_cache\2HYY,A
3490,ThermoMPNN,2HYY,0.10892736911773682,175,S,M,F:\GENESIS Studio\genesis-studio\packages\engines-py\.pdb_cache\2HYY,A
3491,ThermoMPNN,2HYY,1.1038563251495361,175,S,N,F:\GENESIS Studio\genesis-studio\packages\engines-py\.pdb_cache\2HYY,A
3492,ThermoMPNN,2HYY,1.8276724815368652,175,S,P,F:\GENESIS Studio\genesis-studio\packages\engines-py\.pdb_cache\2HYY,A
3493,ThermoMPNN,2HYY,0.6684300899505615,175,S,Q,F:\GENESIS Studio\genesis-studio\packages\engines-py\.pdb_cache\2HYY,A
3494,ThermoMPNN,2HYY,0.9447183609008789,175,S,R,F:\GENESIS Studio\genesis-studio\packages\engines-py\.pdb_cache\2HYY,A
3495,ThermoMPNN,2HYY,0.0,175,S,S,F:\GENESIS Studio\genesis-studio\packages\engines-py\.pdb_cache\2HYY,A
3496,ThermoMPNN,2HYY,-0.2667580842971802,175,S,T,F:\GENESIS Studio\genesis-studio\packages\engines-py\.pdb_cache\2HYY,A
3497,ThermoMPNN,2HYY,-0.21637189388275146,175,S,V,F:\GENESIS Studio\genesis-studio\packages\engines-py\.pdb_cache\2HYY,A
3498,ThermoMPNN,2HYY,0.5729005932807922,175,S,W,F:\GENESIS Studio\genesis-studio\packages\engines-py\.pdb_cache\2HYY,A
3499,ThermoMPNN,2HYY,0.5278611183166504,175,S,Y,F:\GENESIS Studio\genesis-studio\packages\engines-py\.pdb_cache\2HYY,A
3500,ThermoMPNN,2HYY,1.7346807718276978,176,L,A,F:\GENESIS Studio\genesis-studio\packages\engines-py\.pdb_cache\2HYY,A
3501,ThermoMPNN,2HYY,1.4157419204711914,176,L,C,F:\GENESIS Studio\genesis-studio\packages\engines-py\.pdb_cache\2HYY,A
3502,ThermoMPNN,2HYY,2.5777721405029297,176,L,D,F:\GENESIS Studio\genesis-studio\packages\engines-py\.pdb_cache\2HYY,A
3503,ThermoMPNN,2HYY,2.282747745513916,176,L,E,F:\GENESIS Studio\genesis-studio\packages\engines-py\.pdb_cache\2HYY,A
3504,ThermoMPNN,2HYY,1.1188442707061768,176,L,F,F:\GENESIS Studio\genesis-studio\packages\engines-py\.pdb_cache\2HYY,A
3505,ThermoMPNN,2HYY,2.480415105819702,176,L,G,F:\GENESIS Studio\genesis-studio\packages\engines-py\.pdb_cache\2HYY,A
3506,ThermoMPNN,2HYY,2.0812175273895264,176,L,H,F:\GENESIS Studio\genesis-studio\packages\engines-py\.pdb_cache\2HYY,A
3507,ThermoMPNN,2HYY,0.21459531784057617,176,L,I,F:\GENESIS Studio\genesis-studio\packages\engines-py\.pdb_cache\2HYY,A
3508,ThermoMPNN,2HYY,1.6648693084716797,176,L,K,F:\GENESIS Studio\genesis-studio\packages\engines-py\.pdb_cache\2HYY,A
3509,ThermoMPNN,2HYY,0.0,176,L,L,F:\GENESIS Studio\genesis-studio\packages\engines-py\.pdb_cache\2HYY,A
3510,ThermoMPNN,2HYY,0.5114318132400513,176,L,M,F:\GENESIS Studio\genesis-studio\packages\engines-py\.pdb_cache\2HYY,A
3511,ThermoMPNN,2HYY,2.264026165008545,176,L,N,F:\GENESIS Studio\genesis-studio\packages\engines-py\.pdb_cache\2HYY,A
3512,ThermoMPNN,2HYY,2.715703010559082,176,L,P,F:\GENESIS Studio\genesis-studio\packages\engines-py\.pdb_cache\2HYY,A
3513,ThermoMPNN,2HYY,1.8555352687835693,176,L,Q,F:\GENESIS Studio\genesis-studio\packages\engines-py\.pdb_cache\2HYY,A
3514,ThermoMPNN,2HYY,1.5359008312225342,176,L,R,F:\GENESIS Studio\genesis-studio\packages\engines-py\.pdb_cache\2HYY,A
3515,ThermoMPNN,2HYY,2.3405869007110596,176,L,S,F:\GENESIS Studio\genesis-studio\packages\engines-py\.pdb_cache\2HYY,A
3516,ThermoMPNN,2HYY,1.9201247692108154,176,L,T,F:\GENESIS Studio\genesis-studio\packages\engines-py\.pdb_cache\2HYY,A
3517,ThermoMPNN,2HYY,0.9866417646408081,176,L,V,F:\GENESIS Studio\genesis-studio\packages\engines-py\.pdb_cache\2HYY,A
3518,ThermoMPNN,2HYY,1.3487658500671387,176,L,W,F:\GENESIS Studio\genesis-studio\packages\engines-py\.pdb_cache\2HYY,A
3519,ThermoMPNN,2HYY,1.4589643478393555,176,L,Y,F:\GENESIS Studio\genesis-studio\packages\engines-py\.pdb_cache\2HYY,A
3520,ThermoMPNN,2HYY,0.0,177,A,A,F:\GENESIS Studio\genesis-studio\packages\engines-py\.pdb_cache\2HYY,A
3521,ThermoMPNN,2HYY,0.3231081962585449,177,A,C,F:\GENESIS Studio\genesis-studio\packages\engines-py\.pdb_cache\2HYY,A
3522,ThermoMPNN,2HYY,1.6867775917053223,177,A,D,F:\GENESIS Studio\genesis-studio\packages\engines-py\.pdb_cache\2HYY,A
3523,ThermoMPNN,2HYY,0.868249237537384,177,A,E,F:\GENESIS Studio\genesis-studio\packages\engines-py\.pdb_cache\2HYY,A
3524,ThermoMPNN,2HYY,0.9810919761657715,177,A,F,F:\GENESIS Studio\genesis-studio\packages\engines-py\.pdb_cache\2HYY,A
3525,ThermoMPNN,2HYY,1.4136872291564941,177,A,G,F:\GENESIS Studio\genesis-studio\packages\engines-py\.pdb_cache\2HYY,A
3526,ThermoMPNN,2HYY,0.9201218485832214,177,A,H,F:\GENESIS Studio\genesis-studio\packages\engines-py\.pdb_cache\2HYY,A
3527,ThermoMPNN,2HYY,0.5044293999671936,177,A,I,F:\GENESIS Studio\genesis-studio\packages\engines-py\.pdb_cache\2HYY,A
3528,ThermoMPNN,2HYY,-0.32679641246795654,177,A,K,F:\GENESIS Studio\genesis-studio\packages\engines-py\.pdb_cache\2HYY,A
3529,ThermoMPNN,2HYY,0.11623096466064453,177,A,L,F:\GENESIS Studio\genesis-studio\packages\engines-py\.pdb_cache\2HYY,A
3530,ThermoMPNN,2HYY,0.0918731689453125,177,A,M,F:\GENESIS Studio\genesis-studio\packages\engines-py\.pdb_cache\2HYY,A
3531,ThermoMPNN,2HYY,1.1204636096954346,177,A,N,F:\GENESIS Studio\genesis-studio\packages\engines-py\.pdb_cache\2HYY,A
3532,ThermoMPNN,2HYY,2.337484121322632,177,A,P,F:\GENESIS Studio\genesis-studio\packages\engines-py\.pdb_cache\2HYY,A
3533,ThermoMPNN,2HYY,0.13937926292419434,177,A,Q,F:\GENESIS Studio\genesis-studio\packages\engines-py\.pdb_cache\2HYY,A
3534,ThermoMPNN,2HYY,-0.4534890651702881,177,A,R,F:\GENESIS Studio\genesis-studio\packages\engines-py\.pdb_cache\2HYY,A
3535,ThermoMPNN,2HYY,0.6839877367019653,177,A,S,F:\GENESIS Studio\genesis-studio\packages\engines-py\.pdb_cache\2HYY,A
3536,ThermoMPNN,2HYY,0.8050792217254639,177,A,T,F:\GENESIS Studio\genesis-studio\packages\engines-py\.pdb_cache\2HYY,A
3537,ThermoMPNN,2HYY,0.5856508016586304,177,A,V,F:\GENESIS Studio\genesis-studio\packages\engines-py\.pdb_cache\2HYY,A
3538,ThermoMPNN,2HYY,0.9407579898834229,177,A,W,F:\GENESIS Studio\genesis-studio\packages\engines-py\.pdb_cache\2HYY,A
3539,ThermoMPNN,2HYY,1.0318951606750488,177,A,Y,F:\GENESIS Studio\genesis-studio\packages\engines-py\.pdb_cache\2HYY,A
3540,ThermoMPNN,2HYY,0.9931395053863525,178,Y,A,F:\GENESIS Studio\genesis-studio\packages\engines-py\.pdb_cache\2HYY,A
3541,ThermoMPNN,2HYY,0.027500391006469727,178,Y,C,F:\GENESIS Studio\genesis-studio\packages\engines-py\.pdb_cache\2HYY,A
3542,ThermoMPNN,2HYY,1.210962176322937,178,Y,D,F:\GENESIS Studio\genesis-studio\packages\engines-py\.pdb_cache\2HYY,A
3543,ThermoMPNN,2HYY,1.089897871017456,178,Y,E,F:\GENESIS Studio\genesis-studio\packages\engines-py\.pdb_cache\2HYY,A
3544,ThermoMPNN,2HYY,-0.11653900146484375,178,Y,F,F:\GENESIS Studio\genesis-studio\packages\engines-py\.pdb_cache\2HYY,A
3545,ThermoMPNN,2HYY,1.4336955547332764,178,Y,G,F:\GENESIS Studio\genesis-studio\packages\engines-py\.pdb_cache\2HYY,A
3546,ThermoMPNN,2HYY,0.24778985977172852,178,Y,H,F:\GENESIS Studio\genesis-studio\packages\engines-py\.pdb_cache\2HYY,A
3547,ThermoMPNN,2HYY,0.9697664976119995,178,Y,I,F:\GENESIS Studio\genesis-studio\packages\engines-py\.pdb_cache\2HYY,A
3548,ThermoMPNN,2HYY,0.76824951171875,178,Y,K,F:\GENESIS Studio\genesis-studio\packages\engines-py\.pdb_cache\2HYY,A
3549,ThermoMPNN,2HYY,0.4899366497993469,178,Y,L,F:\GENESIS Studio\genesis-studio\packages\engines-py\.pdb_cache\2HYY,A
3550,ThermoMPNN,2HYY,0.5090300440788269,178,Y,M,F:\GENESIS Studio\genesis-studio\packages\engines-py\.pdb_cache\2HYY,A
3551,ThermoMPNN,2HYY,0.4349732995033264,178,Y,N,F:\GENESIS Studio\genesis-studio\packages\engines-py\.pdb_cache\2HYY,A
3552,ThermoMPNN,2HYY,2.8373007774353027,178,Y,P,F:\GENESIS Studio\genesis-studio\packages\engines-py\.pdb_cache\2HYY,A
3553,ThermoMPNN,2HYY,0.8088891506195068,178,Y,Q,F:\GENESIS Studio\genesis-studio\packages\engines-py\.pdb_cache\2HYY,A
3554,ThermoMPNN,2HYY,0.5742406249046326,178,Y,R,F:\GENESIS Studio\genesis-studio\packages\engines-py\.pdb_cache\2HYY,A
3555,ThermoMPNN,2HYY,0.7573719620704651,178,Y,S,F:\GENESIS Studio\genesis-studio\packages\engines-py\.pdb_cache\2HYY,A
3556,ThermoMPNN,2HYY,0.7162253260612488,178,Y,T,F:\GENESIS Studio\genesis-studio\packages\engines-py\.pdb_cache\2HYY,A
3557,ThermoMPNN,2HYY,0.8727575540542603,178,Y,V,F:\GENESIS Studio\genesis-studio\packages\engines-py\.pdb_cache\2HYY,A
3558,ThermoMPNN,2HYY,0.08087825775146484,178,Y,W,F:\GENESIS Studio\genesis-studio\packages\engines-py\.pdb_cache\2HYY,A
3559,ThermoMPNN,2HYY,0.0,178,Y,Y,F:\GENESIS Studio\genesis-studio\packages\engines-py\.pdb_cache\2HYY,A
3560,ThermoMPNN,2HYY,1.0597279071807861,179,N,A,F:\GENESIS Studio\genesis-studio\packages\engines-py\.pdb_cache\2HYY,A
3561,ThermoMPNN,2HYY,0.013618946075439453,179,N,C,F:\GENESIS Studio\genesis-studio\packages\engines-py\.pdb_cache\2HYY,A
3562,ThermoMPNN,2HYY,0.5516546368598938,179,N,D,F:\GENESIS Studio\genesis-studio\packages\engines-py\.pdb_cache\2HYY,A
3563,ThermoMPNN,2HYY,1.1759414672851562,179,N,E,F:\GENESIS Studio\genesis-studio\packages\engines-py\.pdb_cache\2HYY,A
3564,ThermoMPNN,2HYY,0.6794784069061279,179,N,F,F:\GENESIS Studio\genesis-studio\packages\engines-py\.pdb_cache\2HYY,A
3565,ThermoMPNN,2HYY,-0.37022721767425537,179,N,G,F:\GENESIS Studio\genesis-studio\packages\engines-py\.pdb_cache\2HYY,A
3566,ThermoMPNN,2HYY,0.46083205938339233,179,N,H,F:\GENESIS Studio\genesis-studio\packages\engines-py\.pdb_cache\2HYY,A
3567,ThermoMPNN,2HYY,1.9552459716796875,179,N,I,F:\GENESIS Studio\genesis-studio\packages\engines-py\.pdb_cache\2HYY,A
3568,ThermoMPNN,2HYY,0.8585824966430664,179,N,K,F:\GENESIS Studio\genesis-studio\packages\engines-py\.pdb_cache\2HYY,A
3569,ThermoMPNN,2HYY,0.9036374092102051,179,N,L,F:\GENESIS Studio\genesis-studio\packages\engines-py\.pdb_cache\2HYY,A
3570,ThermoMPNN,2HYY,0.7233448624610901,179,N,M,F:\GENESIS Studio\genesis-studio\packages\engines-py\.pdb_cache\2HYY,A
3571,ThermoMPNN,2HYY,0.0,179,N,N,F:\GENESIS Studio\genesis-studio\packages\engines-py\.pdb_cache\2HYY,A
3572,ThermoMPNN,2HYY,2.380542039871216,179,N,P,F:\GENESIS Studio\genesis-studio\packages\engines-py\.pdb_cache\2HYY,A
3573,ThermoMPNN,2HYY,0.8232804536819458,179,N,Q,F:\GENESIS Studio\genesis-studio\packages\engines-py\.pdb_cache\2HYY,A
3574,ThermoMPNN,2HYY,0.9617099165916443,179,N,R,F:\GENESIS Studio\genesis-studio\packages\engines-py\.pdb_cache\2HYY,A
3575,ThermoMPNN,2HYY,0.8195550441741943,179,N,S,F:\GENESIS Studio\genesis-studio\packages\engines-py\.pdb_cache\2HYY,A
3576,ThermoMPNN,2HYY,1.6894011497497559,179,N,T,F:\GENESIS Studio\genesis-studio\packages\engines-py\.pdb_cache\2HYY,A
3577,ThermoMPNN,2HYY,1.90083646774292,179,N,V,F:\GENESIS Studio\genesis-studio\packages\engines-py\.pdb_cache\2HYY,A
3578,ThermoMPNN,2HYY,0.7786699533462524,179,N,W,F:\GENESIS Studio\genesis-studio\packages\engines-py\.pdb_cache\2HYY,A
3579,ThermoMPNN,2HYY,0.8816735744476318,179,N,Y,F:\GENESIS Studio\genesis-studio\packages\engines-py\.pdb_cache\2HYY,A
3580,ThermoMPNN,2HYY,0.3033949136734009,180,K,A,F:\GENESIS Studio\genesis-studio\packages\engines-py\.pdb_cache\2HYY,A
3581,ThermoMPNN,2HYY,-0.3840431571006775,180,K,C,F:\GENESIS Studio\genesis-studio\packages\engines-py\.pdb_cache\2HYY,A
3582,ThermoMPNN,2HYY,0.8036996722221375,180,K,D,F:\GENESIS Studio\genesis-studio\packages\engines-py\.pdb_cache\2HYY,A
3583,ThermoMPNN,2HYY,0.45865267515182495,180,K,E,F:\GENESIS Studio\genesis-studio\packages\engines-py\.pdb_cache\2HYY,A
3584,ThermoMPNN,2HYY,-0.4193039536476135,180,K,F,F:\GENESIS Studio\genesis-studio\packages\engines-py\.pdb_cache\2HYY,A
3585,ThermoMPNN,2HYY,1.0949411392211914,180,K,G,F:\GENESIS Studio\genesis-studio\packages\engines-py\.pdb_cache\2HYY,A
3586,ThermoMPNN,2HYY,-0.019587218761444092,180,K,H,F:\GENESIS Studio\genesis-studio\packages\engines-py\.pdb_cache\2HYY,A
3587,ThermoMPNN,2HYY,-0.1737777590751648,180,K,I,F:\GENESIS Studio\genesis-studio\packages\engines-py\.pdb_cache\2HYY,A
3588,ThermoMPNN,2HYY,0.0,180,K,K,F:\GENESIS Studio\genesis-studio\packages\engines-py\.pdb_cache\2HYY,A
3589,ThermoMPNN,2HYY,-0.15553122758865356,180,K,L,F:\GENESIS Studio\genesis-studio\packages\engines-py\.pdb_cache\2HYY,A
3590,ThermoMPNN,2HYY,-0.17070645093917847,180,K,M,F:\GENESIS Studio\genesis-studio\packages\engines-py\.pdb_cache\2HYY,A
3591,ThermoMPNN,2HYY,0.2503054738044739,180,K,N,F:\GENESIS Studio\genesis-studio\packages\engines-py\.pdb_cache\2HYY,A
3592,ThermoMPNN,2HYY,2.1762545108795166,180,K,P,F:\GENESIS Studio\genesis-studio\packages\engines-py\.pdb_cache\2HYY,A
3593,ThermoMPNN,2HYY,0.1269392967224121,180,K,Q,F:\GENESIS Studio\genesis-studio\packages\engines-py\.pdb_cache\2HYY,A
3594,ThermoMPNN,2HYY,-0.1815081238746643,180,K,R,F:\GENESIS Studio\genesis-studio\packages\engines-py\.pdb_cache\2HYY,A
3595,ThermoMPNN,2HYY,0.2020220160484314,180,K,S,F:\GENESIS Studio\genesis-studio\packages\engines-py\.pdb_cache\2HYY,A
3596,ThermoMPNN,2HYY,-0.05785715579986572,180,K,T,F:\GENESIS Studio\genesis-studio\packages\engines-py\.pdb_cache\2HYY,A
3597,ThermoMPNN,2HYY,-0.15606385469436646,180,K,V,F:\GENESIS Studio\genesis-studio\packages\engines-py\.pdb_cache\2HYY,A
3598,ThermoMPNN,2HYY,-0.3583706021308899,180,K,W,F:\GENESIS Studio\genesis-studio\packages\engines-py\.pdb_cache\2HYY,A
3599,ThermoMPNN,2HYY,-0.42277127504348755,180,K,Y,F:\GENESIS Studio\genesis-studio\packages\engines-py\.pdb_cache\2HYY,A
3600,ThermoMPNN,2HYY,1.5104670524597168,181,F,A,F:\GENESIS Studio\genesis-studio\packages\engines-py\.pdb_cache\2HYY,A
3601,ThermoMPNN,2HYY,0.5364394187927246,181,F,C,F:\GENESIS Studio\genesis-studio\packages\engines-py\.pdb_cache\2HYY,A
3602,ThermoMPNN,2HYY,1.3212778568267822,181,F,D,F:\GENESIS Studio\genesis-studio\packages\engines-py\.pdb_cache\2HYY,A
3603,ThermoMPNN,2HYY,1.1418615579605103,181,F,E,F:\GENESIS Studio\genesis-studio\packages\engines-py\.pdb_cache\2HYY,A
3604,ThermoMPNN,2HYY,0.0,181,F,F,F:\GENESIS Studio\genesis-studio\packages\engines-py\.pdb_cache\2HYY,A
3605,ThermoMPNN,2HYY,1.7567204236984253,181,F,G,F:\GENESIS Studio\genesis-studio\packages\engines-py\.pdb_cache\2HYY,A
3606,ThermoMPNN,2HYY,0.9649949669837952,181,F,H,F:\GENESIS Studio\genesis-studio\packages\engines-py\.pdb_cache\2HYY,A
3607,ThermoMPNN,2HYY,1.158257007598877,181,F,I,F:\GENESIS Studio\genesis-studio\packages\engines-py\.pdb_cache\2HYY,A
3608,ThermoMPNN,2HYY,1.564121127128601,181,F,K,F:\GENESIS Studio\genesis-studio\packages\engines-py\.pdb_cache\2HYY,A
3609,ThermoMPNN,2HYY,0.9812750220298767,181,F,L,F:\GENESIS Studio\genesis-studio\packages\engines-py\.pdb_cache\2HYY,A
3610,ThermoMPNN,2HYY,1.0545063018798828,181,F,M,F:\GENESIS Studio\genesis-studio\packages\engines-py\.pdb_cache\2HYY,A
3611,ThermoMPNN,2HYY,1.246243953704834,181,F,N,F:\GENESIS Studio\genesis-studio\packages\engines-py\.pdb_cache\2HYY,A
3612,ThermoMPNN,2HYY,1.9697790145874023,181,F,P,F:\GENESIS Studio\genesis-studio\packages\engines-py\.pdb_cache\2HYY,A
3613,ThermoMPNN,2HYY,1.350121259689331,181,F,Q,F:\GENESIS Studio\genesis-studio\packages\engines-py\.pdb_cache\2HYY,A
3614,ThermoMPNN,2HYY,1.5341851711273193,181,F,R,F:\GENESIS Studio\genesis-studio\packages\engines-py\.pdb_cache\2HYY,A
3615,ThermoMPNN,2HYY,1.3432562351226807,181,F,S,F:\GENESIS Studio\genesis-studio\packages\engines-py\.pdb_cache\2HYY,A
3616,ThermoMPNN,2HYY,1.248681664466858,181,F,T,F:\GENESIS Studio\genesis-studio\packages\engines-py\.pdb_cache\2HYY,A
3617,ThermoMPNN,2HYY,1.109279990196228,181,F,V,F:\GENESIS Studio\genesis-studio\packages\engines-py\.pdb_cache\2HYY,A
3618,ThermoMPNN,2HYY,0.009243011474609375,181,F,W,F:\GENESIS Studio\genesis-studio\packages\engines-py\.pdb_cache\2HYY,A
3619,ThermoMPNN,2HYY,0.20145702362060547,181,F,Y,F:\GENESIS Studio\genesis-studio\packages\engines-py\.pdb_cache\2HYY,A
3620,ThermoMPNN,2HYY,1.470292568206787,182,S,A,F:\GENESIS Studio\genesis-studio\packages\engines-py\.pdb_cache\2HYY,A
3621,ThermoMPNN,2HYY,1.0661633014678955,182,S,C,F:\GENESIS Studio\genesis-studio\packages\engines-py\.pdb_cache\2HYY,A
3622,ThermoMPNN,2HYY,0.9168790578842163,182,S,D,F:\GENESIS Studio\genesis-studio\packages\engines-py\.pdb_cache\2HYY,A
3623,ThermoMPNN,2HYY,1.9694294929504395,182,S,E,F:\GENESIS Studio\genesis-studio\packages\engines-py\.pdb_cache\2HYY,A
3624,ThermoMPNN,2HYY,1.845352053642273,182,S,F,F:\GENESIS Studio\genesis-studio\packages\engines-py\.pdb_cache\2HYY,A
3625,ThermoMPNN,2HYY,1.5393904447555542,182,S,G,F:\GENESIS Studio\genesis-studio\packages\engines-py\.pdb_cache\2HYY,A
3626,ThermoMPNN,2HYY,1.7260349988937378,182,S,H,F:\GENESIS Studio\genesis-studio\packages\engines-py\.pdb_cache\2HYY,A
3627,ThermoMPNN,2HYY,1.9682128429412842,182,S,I,F:\GENESIS Studio\genesis-studio\packages\engines-py\.pdb_cache\2HYY,A
3628,ThermoMPNN,2HYY,1.984739065170288,182,S,K,F:\GENESIS Studio\genesis-studio\packages\engines-py\.pdb_cache\2HYY,A
3629,ThermoMPNN,2HYY,2.1163525581359863,182,S,L,F:\GENESIS Studio\genesis-studio\packages\engines-py\.pdb_cache\2HYY,A
3630,ThermoMPNN,2HYY,1.786318302154541,182,S,M,F:\GENESIS Studio\genesis-studio\packages\engines-py\.pdb_cache\2HYY,A
3631,ThermoMPNN,2HYY,0.8468732833862305,182,S,N,F:\GENESIS Studio\genesis-studio\packages\engines-py\.pdb_cache\2HYY,A
3632,ThermoMPNN,2HYY,2.56144380569458,182,S,P,F:\GENESIS Studio\genesis-studio\packages\engines-py\.pdb_cache\2HYY,A
3633,ThermoMPNN,2HYY,1.972823977470398,182,S,Q,F:\GENESIS Studio\genesis-studio\packages\engines-py\.pdb_cache\2HYY,A
3634,ThermoMPNN,2HYY,1.8552480936050415,182,S,R,F:\GENESIS Studio\genesis-studio\packages\engines-py\.pdb_cache\2HYY,A
3635,ThermoMPNN,2HYY,0.0,182,S,S,F:\GENESIS Studio\genesis-studio\packages\engines-py\.pdb_cache\2HYY,A
3636,ThermoMPNN,2HYY,0.7918347120285034,182,S,T,F:\GENESIS Studio\genesis-studio\packages\engines-py\.pdb_cache\2HYY,A
3637,ThermoMPNN,2HYY,2.0833873748779297,182,S,V,F:\GENESIS Studio\genesis-studio\packages\engines-py\.pdb_cache\2HYY,A
3638,ThermoMPNN,2HYY,1.891228437423706,182,S,W,F:\GENESIS Studio\genesis-studio\packages\engines-py\.pdb_cache\2HYY,A
3639,ThermoMPNN,2HYY,2.061976432800293,182,S,Y,F:\GENESIS Studio\genesis-studio\packages\engines-py\.pdb_cache\2HYY,A
3640,ThermoMPNN,2HYY,0.555314302444458,183,I,A,F:\GENESIS Studio\genesis-studio\packages\engines-py\.pdb_cache\2HYY,A
3641,ThermoMPNN,2HYY,0.27097374200820923,183,I,C,F:\GENESIS Studio\genesis-studio\packages\engines-py\.pdb_cache\2HYY,A
3642,ThermoMPNN,2HYY,1.0439937114715576,183,I,D,F:\GENESIS Studio\genesis-studio\packages\engines-py\.pdb_cache\2HYY,A
3643,ThermoMPNN,2HYY,1.1398881673812866,183,I,E,F:\GENESIS Studio\genesis-studio\packages\engines-py\.pdb_cache\2HYY,A
3644,ThermoMPNN,2HYY,0.4177546501159668,183,I,F,F:\GENESIS Studio\genesis-studio\packages\engines-py\.pdb_cache\2HYY,A
3645,ThermoMPNN,2HYY,1.0817071199417114,183,I,G,F:\GENESIS Studio\genesis-studio\packages\engines-py\.pdb_cache\2HYY,A
3646,ThermoMPNN,2HYY,0.2342095971107483,183,I,H,F:\GENESIS Studio\genesis-studio\packages\engines-py\.pdb_cache\2HYY,A
3647,ThermoMPNN,2HYY,0.0,183,I,I,F:\GENESIS Studio\genesis-studio\packages\engines-py\.pdb_cache\2HYY,A
3648,ThermoMPNN,2HYY,0.3573959469795227,183,I,K,F:\GENESIS Studio\genesis-studio\packages\engines-py\.pdb_cache\2HYY,A
3649,ThermoMPNN,2HYY,0.3412770628929138,183,I,L,F:\GENESIS Studio\genesis-studio\packages\engines-py\.pdb_cache\2HYY,A
3650,ThermoMPNN,2HYY,0.5013555884361267,183,I,M,F:\GENESIS Studio\genesis-studio\packages\engines-py\.pdb_cache\2HYY,A
3651,ThermoMPNN,2HYY,0.6815156936645508,183,I,N,F:\GENESIS Studio\genesis-studio\packages\engines-py\.pdb_cache\2HYY,A
3652,ThermoMPNN,2HYY,0.6079345941543579,183,I,P,F:\GENESIS Studio\genesis-studio\packages\engines-py\.pdb_cache\2HYY,A
3653,ThermoMPNN,2HYY,0.6336445808410645,183,I,Q,F:\GENESIS Studio\genesis-studio\packages\engines-py\.pdb_cache\2HYY,A
3654,ThermoMPNN,2HYY,0.37309813499450684,183,I,R,F:\GENESIS Studio\genesis-studio\packages\engines-py\.pdb_cache\2HYY,A
3655,ThermoMPNN,2HYY,0.7540826797485352,183,I,S,F:\GENESIS Studio\genesis-studio\packages\engines-py\.pdb_cache\2HYY,A
3656,ThermoMPNN,2HYY,0.7657457590103149,183,I,T,F:\GENESIS Studio\genesis-studio\packages\engines-py\.pdb_cache\2HYY,A
3657,ThermoMPNN,2HYY,0.08646142482757568,183,I,V,F:\GENESIS Studio\genesis-studio\packages\engines-py\.pdb_cache\2HYY,A
3658,ThermoMPNN,2HYY,0.40425413846969604,183,I,W,F:\GENESIS Studio\genesis-studio\packages\engines-py\.pdb_cache\2HYY,A
3659,ThermoMPNN,2HYY,0.28087353706359863,183,I,Y,F:\GENESIS Studio\genesis-studio\packages\engines-py\.pdb_cache\2HYY,A
3660,ThermoMPNN,2HYY,0.5554373264312744,184,K,A,F:\GENESIS Studio\genesis-studio\packages\engines-py\.pdb_cache\2HYY,A
3661,ThermoMPNN,2HYY,0.5200713872909546,184,K,C,F:\GENESIS Studio\genesis-studio\packages\engines-py\.pdb_cache\2HYY,A
3662,ThermoMPNN,2HYY,1.8454599380493164,184,K,D,F:\GENESIS Studio\genesis-studio\packages\engines-py\.pdb_cache\2HYY,A
3663,ThermoMPNN,2HYY,1.0473285913467407,184,K,E,F:\GENESIS Studio\genesis-studio\packages\engines-py\.pdb_cache\2HYY,A
3664,ThermoMPNN,2HYY,0.8639787435531616,184,K,F,F:\GENESIS Studio\genesis-studio\packages\engines-py\.pdb_cache\2HYY,A
3665,ThermoMPNN,2HYY,1.0249602794647217,184,K,G,F:\GENESIS Studio\genesis-studio\packages\engines-py\.pdb_cache\2HYY,A
3666,ThermoMPNN,2HYY,0.3500213623046875,184,K,H,F:\GENESIS Studio\genesis-studio\packages\engines-py\.pdb_cache\2HYY,A
3667,ThermoMPNN,2HYY,1.3209261894226074,184,K,I,F:\GENESIS Studio\genesis-studio\packages\engines-py\.pdb_cache\2HYY,A
3668,ThermoMPNN,2HYY,0.0,184,K,K,F:\GENESIS Studio\genesis-studio\packages\engines-py\.pdb_cache\2HYY,A
3669,ThermoMPNN,2HYY,0.9927991628646851,184,K,L,F:\GENESIS Studio\genesis-studio\packages\engines-py\.pdb_cache\2HYY,A
3670,ThermoMPNN,2HYY,0.8650253415107727,184,K,M,F:\GENESIS Studio\genesis-studio\packages\engines-py\.pdb_cache\2HYY,A
3671,ThermoMPNN,2HYY,0.8119766712188721,184,K,N,F:\GENESIS Studio\genesis-studio\packages\engines-py\.pdb_cache\2HYY,A
3672,ThermoMPNN,2HYY,1.800823450088501,184,K,P,F:\GENESIS Studio\genesis-studio\packages\engines-py\.pdb_cache\2HYY,A
3673,ThermoMPNN,2HYY,0.39424991607666016,184,K,Q,F:\GENESIS Studio\genesis-studio\packages\engines-py\.pdb_cache\2HYY,A
3674,ThermoMPNN,2HYY,0.069405198097229,184,K,R,F:\GENESIS Studio\genesis-studio\packages\engines-py\.pdb_cache\2HYY,A
3675,ThermoMPNN,2HYY,0.8444290161132812,184,K,S,F:\GENESIS Studio\genesis-studio\packages\engines-py\.pdb_cache\2HYY,A
3676,ThermoMPNN,2HYY,1.1797915697097778,184,K,T,F:\GENESIS Studio\genesis-studio\packages\engines-py\.pdb_cache\2HYY,A
3677,ThermoMPNN,2HYY,1.24187433719635,184,K,V,F:\GENESIS Studio\genesis-studio\packages\engines-py\.pdb_cache\2HYY,A
3678,ThermoMPNN,2HYY,0.905304491519928,184,K,W,F:\GENESIS Studio\genesis-studio\packages\engines-py\.pdb_cache\2HYY,A
3679,ThermoMPNN,2HYY,0.6452329158782959,184,K,Y,F:\GENESIS Studio\genesis-studio\packages\engines-py\.pdb_cache\2HYY,A
3680,ThermoMPNN,2HYY,0.14229810237884521,185,S,A,F:\GENESIS Studio\genesis-studio\packages\engines-py\.pdb_cache\2HYY,A
3681,ThermoMPNN,2HYY,0.3964887857437134,185,S,C,F:\GENESIS Studio\genesis-studio\packages\engines-py\.pdb_cache\2HYY,A
3682,ThermoMPNN,2HYY,1.3014683723449707,185,S,D,F:\GENESIS Studio\genesis-studio\packages\engines-py\.pdb_cache\2HYY,A
3683,ThermoMPNN,2HYY,1.2310459613800049,185,S,E,F:\GENESIS Studio\genesis-studio\packages\engines-py\.pdb_cache\2HYY,A
3684,ThermoMPNN,2HYY,0.9016713500022888,185,S,F,F:\GENESIS Studio\genesis-studio\packages\engines-py\.pdb_cache\2HYY,A
3685,ThermoMPNN,2HYY,0.6980010271072388,185,S,G,F:\GENESIS Studio\genesis-studio\packages\engines-py\.pdb_cache\2HYY,A
3686,ThermoMPNN,2HYY,1.5247628688812256,185,S,H,F:\GENESIS Studio\genesis-studio\packages\engines-py\.pdb_cache\2HYY,A
3687,ThermoMPNN,2HYY,1.1329725980758667,185,S,I,F:\GENESIS Studio\genesis-studio\packages\engines-py\.pdb_cache\2HYY,A
3688,ThermoMPNN,2HYY,1.5224106311798096,185,S,K,F:\GENESIS Studio\genesis-studio\packages\engines-py\.pdb_cache\2HYY,A
3689,ThermoMPNN,2HYY,1.4163665771484375,185,S,L,F:\GENESIS Studio\genesis-studio\packages\engines-py\.pdb_cache\2HYY,A
3690,ThermoMPNN,2HYY,1.0076398849487305,185,S,M,F:\GENESIS Studio\genesis-studio\packages\engines-py\.pdb_cache\2HYY,A
3691,ThermoMPNN,2HYY,1.5381252765655518,185,S,N,F:\GENESIS Studio\genesis-studio\packages\engines-py\.pdb_cache\2HYY,A
3692,ThermoMPNN,2HYY,1.468221664428711,185,S,P,F:\GENESIS Studio\genesis-studio\packages\engines-py\.pdb_cache\2HYY,A
3693,ThermoMPNN,2HYY,1.298567771911621,185,S,Q,F:\GENESIS Studio\genesis-studio\packages\engines-py\.pdb_cache\2HYY,A
3694,ThermoMPNN,2HYY,1.565054178237915,185,S,R,F:\GENESIS Studio\genesis-studio\packages\engines-py\.pdb_cache\2HYY,A
3695,ThermoMPNN,2HYY,0.0,185,S,S,F:\GENESIS Studio\genesis-studio\packages\engines-py\.pdb_cache\2HYY,A
3696,ThermoMPNN,2HYY,0.12162256240844727,185,S,T,F:\GENESIS Studio\genesis-studio\packages\engines-py\.pdb_cache\2HYY,A
3697,ThermoMPNN,2HYY,1.0550459623336792,185,S,V,F:\GENESIS Studio\genesis-studio\packages\engines-py\.pdb_cache\2HYY,A
3698,ThermoMPNN,2HYY,1.0104715824127197,185,S,W,F:\GENESIS Studio\genesis-studio\packages\engines-py\.pdb_cache\2HYY,A
3699,ThermoMPNN,2HYY,1.165879249572754,185,S,Y,F:\GENESIS Studio\genesis-studio\packages\engines-py\.pdb_cache\2HYY,A
3700,ThermoMPNN,2HYY,2.4797110557556152,186,D,A,F:\GENESIS Studio\genesis-studio\packages\engines-py\.pdb_cache\2HYY,A
3701,ThermoMPNN,2HYY,1.8595781326293945,186,D,C,F:\GENESIS Studio\genesis-studio\packages\engines-py\.pdb_cache\2HYY,A
3702,ThermoMPNN,2HYY,0.0,186,D,D,F:\GENESIS Studio\genesis-studio\packages\engines-py\.pdb_cache\2HYY,A
3703,ThermoMPNN,2HYY,2.2974820137023926,186,D,E,F:\GENESIS Studio\genesis-studio\packages\engines-py\.pdb_cache\2HYY,A
3704,ThermoMPNN,2HYY,2.2845277786254883,186,D,F,F:\GENESIS Studio\genesis-studio\packages\engines-py\.pdb_cache\2HYY,A
3705,ThermoMPNN,2HYY,2.645442008972168,186,D,G,F:\GENESIS Studio\genesis-studio\packages\engines-py\.pdb_cache\2HYY,A
3706,ThermoMPNN,2HYY,2.4761664867401123,186,D,H,F:\GENESIS Studio\genesis-studio\packages\engines-py\.pdb_cache\2HYY,A
3707,ThermoMPNN,2HYY,2.365440607070923,186,D,I,F:\GENESIS Studio\genesis-studio\packages\engines-py\.pdb_cache\2HYY,A
3708,ThermoMPNN,2HYY,2.857050657272339,186,D,K,F:\GENESIS Studio\genesis-studio\packages\engines-py\.pdb_cache\2HYY,A
3709,ThermoMPNN,2HYY,2.5150961875915527,186,D,L,F:\GENESIS Studio\genesis-studio\packages\engines-py\.pdb_cache\2HYY,A
3710,ThermoMPNN,2HYY,2.460275650024414,186,D,M,F:\GENESIS Studio\genesis-studio\packages\engines-py\.pdb_cache\2HYY,A
3711,ThermoMPNN,2HYY,1.3066425323486328,186,D,N,F:\GENESIS Studio\genesis-studio\packages\engines-py\.pdb_cache\2HYY,A
3712,ThermoMPNN,2HYY,3.2316043376922607,186,D,P,F:\GENESIS Studio\genesis-studio\packages\engines-py\.pdb_cache\2HYY,A
3713,ThermoMPNN,2HYY,2.5068962574005127,186,D,Q,F:\GENESIS Studio\genesis-studio\packages\engines-py\.pdb_cache\2HYY,A
3714,ThermoMPNN,2HYY,2.6311442852020264,186,D,R,F:\GENESIS Studio\genesis-studio\packages\engines-py\.pdb_cache\2HYY,A
3715,ThermoMPNN,2HYY,1.3860983848571777,186,D,S,F:\GENESIS Studio\genesis-studio\packages\engines-py\.pdb_cache\2HYY,A
3716,ThermoMPNN,2HYY,2.1386806964874268,186,D,T,F:\GENESIS Studio\genesis-studio\packages\engines-py\.pdb_cache\2HYY,A
3717,ThermoMPNN,2HYY,2.7020156383514404,186,D,V,F:\GENESIS Studio\genesis-studio\packages\engines-py\.pdb_cache\2HYY,A
3718,ThermoMPNN,2HYY,2.3224878311157227,186,D,W,F:\GENESIS Studio\genesis-studio\packages\engines-py\.pdb_cache\2HYY,A
3719,ThermoMPNN,2HYY,2.817307472229004,186,D,Y,F:\GENESIS Studio\genesis-studio\packages\engines-py\.pdb_cache\2HYY,A
3720,ThermoMPNN,2HYY,2.751647710800171,187,V,A,F:\GENESIS Studio\genesis-studio\packages\engines-py\.pdb_cache\2HYY,A
3721,ThermoMPNN,2HYY,2.053060293197632,187,V,C,F:\GENESIS Studio\genesis-studio\packages\engines-py\.pdb_cache\2HYY,A
3722,ThermoMPNN,2HYY,4.009500026702881,187,V,D,F:\GENESIS Studio\genesis-studio\packages\engines-py\.pdb_cache\2HYY,A
3723,ThermoMPNN,2HYY,3.8161778450012207,187,V,E,F:\GENESIS Studio\genesis-studio\packages\engines-py\.pdb_cache\2HYY,A
3724,ThermoMPNN,2HYY,2.9563539028167725,187,V,F,F:\GENESIS Studio\genesis-studio\packages\engines-py\.pdb_cache\2HYY,A
3725,ThermoMPNN,2HYY,3.7996678352355957,187,V,G,F:\GENESIS Studio\genesis-studio\packages\engines-py\.pdb_cache\2HYY,A
3726,ThermoMPNN,2HYY,3.7171576023101807,187,V,H,F:\GENESIS Studio\genesis-studio\packages\engines-py\.pdb_cache\2HYY,A
3727,ThermoMPNN,2HYY,0.21827244758605957,187,V,I,F:\GENESIS Studio\genesis-studio\packages\engines-py\.pdb_cache\2HYY,A
3728,ThermoMPNN,2HYY,3.337761878967285,187,V,K,F:\GENESIS Studio\genesis-studio\packages\engines-py\.pdb_cache\2HYY,A
3729,ThermoMPNN,2HYY,1.5059107542037964,187,V,L,F:\GENESIS Studio\genesis-studio\packages\engines-py\.pdb_cache\2HYY,A
3730,ThermoMPNN,2HYY,2.4381284713745117,187,V,M,F:\GENESIS Studio\genesis-studio\packages\engines-py\.pdb_cache\2HYY,A
3731,ThermoMPNN,2HYY,3.932250499725342,187,V,N,F:\GENESIS Studio\genesis-studio\packages\engines-py\.pdb_cache\2HYY,A
3732,ThermoMPNN,2HYY,3.6175827980041504,187,V,P,F:\GENESIS Studio\genesis-studio\packages\engines-py\.pdb_cache\2HYY,A
3733,ThermoMPNN,2HYY,3.486527681350708,187,V,Q,F:\GENESIS Studio\genesis-studio\packages\engines-py\.pdb_cache\2HYY,A
3734,ThermoMPNN,2HYY,3.1749000549316406,187,V,R,F:\GENESIS Studio\genesis-studio\packages\engines-py\.pdb_cache\2HYY,A
3735,ThermoMPNN,2HYY,3.325415849685669,187,V,S,F:\GENESIS Studio\genesis-studio\packages\engines-py\.pdb_cache\2HYY,A
3736,ThermoMPNN,2HYY,2.005049228668213,187,V,T,F:\GENESIS Studio\genesis-studio\packages\engines-py\.pdb_cache\2HYY,A
3737,ThermoMPNN,2HYY,0.0,187,V,V,F:\GENESIS Studio\genesis-studio\packages\engines-py\.pdb_cache\2HYY,A
3738,ThermoMPNN,2HYY,3.0554676055908203,187,V,W,F:\GENESIS Studio\genesis-studio\packages\engines-py\.pdb_cache\2HYY,A
3739,ThermoMPNN,2HYY,3.1625728607177734,187,V,Y,F:\GENESIS Studio\genesis-studio\packages\engines-py\.pdb_cache\2HYY,A
3740,ThermoMPNN,2HYY,2.9887566566467285,188,W,A,F:\GENESIS Studio\genesis-studio\packages\engines-py\.pdb_cache\2HYY,A
3741,ThermoMPNN,2HYY,2.3299458026885986,188,W,C,F:\GENESIS Studio\genesis-studio\packages\engines-py\.pdb_cache\2HYY,A
3742,ThermoMPNN,2HYY,2.8035659790039062,188,W,D,F:\GENESIS Studio\genesis-studio\packages\engines-py\.pdb_cache\2HYY,A
3743,ThermoMPNN,2HYY,3.221362590789795,188,W,E,F:\GENESIS Studio\genesis-studio\packages\engines-py\.pdb_cache\2HYY,A
3744,ThermoMPNN,2HYY,1.6455531120300293,188,W,F,F:\GENESIS Studio\genesis-studio\packages\engines-py\.pdb_cache\2HYY,A
3745,ThermoMPNN,2HYY,2.9613101482391357,188,W,G,F:\GENESIS Studio\genesis-studio\packages\engines-py\.pdb_cache\2HYY,A
3746,ThermoMPNN,2HYY,2.8110344409942627,188,W,H,F:\GENESIS Studio\genesis-studio\packages\engines-py\.pdb_cache\2HYY,A
3747,ThermoMPNN,2HYY,2.8037467002868652,188,W,I,F:\GENESIS Studio\genesis-studio\packages\engines-py\.pdb_cache\2HYY,A
3748,ThermoMPNN,2HYY,3.0583996772766113,188,W,K,F:\GENESIS Studio\genesis-studio\packages\engines-py\.pdb_cache\2HYY,A
3749,ThermoMPNN,2HYY,2.664275884628296,188,W,L,F:\GENESIS Studio\genesis-studio\packages\engines-py\.pdb_cache\2HYY,A
3750,ThermoMPNN,2HYY,2.5165908336639404,188,W,M,F:\GENESIS Studio\genesis-studio\packages\engines-py\.pdb_cache\2HYY,A
3751,ThermoMPNN,2HYY,3.1224470138549805,188,W,N,F:\GENESIS Studio\genesis-studio\packages\engines-py\.pdb_cache\2HYY,A
3752,ThermoMPNN,2HYY,2.6785383224487305,188,W,P,F:\GENESIS Studio\genesis-studio\packages\engines-py\.pdb_cache\2HYY,A
3753,ThermoMPNN,2HYY,3.033482551574707,188,W,Q,F:\GENESIS Studio\genesis-studio\packages\engines-py\.pdb_cache\2HYY,A
3754,ThermoMPNN,2HYY,2.8724024295806885,188,W,R,F:\GENESIS Studio\genesis-studio\packages\engines-py\.pdb_cache\2HYY,A
3755,ThermoMPNN,2HYY,2.755221366882324,188,W,S,F:\GENESIS Studio\genesis-studio\packages\engines-py\.pdb_cache\2HYY,A
3756,ThermoMPNN,2HYY,2.8471758365631104,188,W,T,F:\GENESIS Studio\genesis-studio\packages\engines-py\.pdb_cache\2HYY,A
3757,ThermoMPNN,2HYY,2.7272191047668457,188,W,V,F:\GENESIS Studio\genesis-studio\packages\engines-py\.pdb_cache\2HYY,A
3758,ThermoMPNN,2HYY,0.0,188,W,W,F:\GENESIS Studio\genesis-studio\packages\engines-py\.pdb_cache\2HYY,A
3759,ThermoMPNN,2HYY,1.386659026145935,188,W,Y,F:\GENESIS Studio\genesis-studio\packages\engines-py\.pdb_cache\2HYY,A
3760,ThermoMPNN,2HYY,0.0,189,A,A,F:\GENESIS Studio\genesis-studio\packages\engines-py\.pdb_cache\2HYY,A
3761,ThermoMPNN,2HYY,0.7831273078918457,189,A,C,F:\GENESIS Studio\genesis-studio\packages\engines-py\.pdb_cache\2HYY,A
3762,ThermoMPNN,2HYY,3.019334316253662,189,A,D,F:\GENESIS Studio\genesis-studio\packages\engines-py\.pdb_cache\2HYY,A
3763,ThermoMPNN,2HYY,2.320681571960449,189,A,E,F:\GENESIS Studio\genesis-studio\packages\engines-py\.pdb_cache\2HYY,A
3764,ThermoMPNN,2HYY,1.9048011302947998,189,A,F,F:\GENESIS Studio\genesis-studio\packages\engines-py\.pdb_cache\2HYY,A
3765,ThermoMPNN,2HYY,1.4649111032485962,189,A,G,F:\GENESIS Studio\genesis-studio\packages\engines-py\.pdb_cache\2HYY,A
3766,ThermoMPNN,2HYY,2.0303893089294434,189,A,H,F:\GENESIS Studio\genesis-studio\packages\engines-py\.pdb_cache\2HYY,A
3767,ThermoMPNN,2HYY,1.7488844394683838,189,A,I,F:\GENESIS Studio\genesis-studio\packages\engines-py\.pdb_cache\2HYY,A
3768,ThermoMPNN,2HYY,1.4787887334823608,189,A,K,F:\GENESIS Studio\genesis-studio\packages\engines-py\.pdb_cache\2HYY,A
3769,ThermoMPNN,2HYY,2.037139415740967,189,A,L,F:\GENESIS Studio\genesis-studio\packages\engines-py\.pdb_cache\2HYY,A
3770,ThermoMPNN,2HYY,1.2903146743774414,189,A,M,F:\GENESIS Studio\genesis-studio\packages\engines-py\.pdb_cache\2HYY,A
3771,ThermoMPNN,2HYY,2.4121358394622803,189,A,N,F:\GENESIS Studio\genesis-studio\packages\engines-py\.pdb_cache\2HYY,A
3772,ThermoMPNN,2HYY,2.720018148422241,189,A,P,F:\GENESIS Studio\genesis-studio\packages\engines-py\.pdb_cache\2HYY,A
3773,ThermoMPNN,2HYY,1.4470263719558716,189,A,Q,F:\GENESIS Studio\genesis-studio\packages\engines-py\.pdb_cache\2HYY,A
3774,ThermoMPNN,2HYY,1.3980083465576172,189,A,R,F:\GENESIS Studio\genesis-studio\packages\engines-py\.pdb_cache\2HYY,A
3775,ThermoMPNN,2HYY,0.47296738624572754,189,A,S,F:\GENESIS Studio\genesis-studio\packages\engines-py\.pdb_cache\2HYY,A
3776,ThermoMPNN,2HYY,1.5717504024505615,189,A,T,F:\GENESIS Studio\genesis-studio\packages\engines-py\.pdb_cache\2HYY,A
3777,ThermoMPNN,2HYY,1.4775772094726562,189,A,V,F:\GENESIS Studio\genesis-studio\packages\engines-py\.pdb_cache\2HYY,A
3778,ThermoMPNN,2HYY,1.971144437789917,189,A,W,F:\GENESIS Studio\genesis-studio\packages\engines-py\.pdb_cache\2HYY,A
3779,ThermoMPNN,2HYY,2.160297393798828,189,A,Y,F:\GENESIS Studio\genesis-studio\packages\engines-py\.pdb_cache\2HYY,A
3780,ThermoMPNN,2HYY,1.8744263648986816,190,F,A,F:\GENESIS Studio\genesis-studio\packages\engines-py\.pdb_cache\2HYY,A
3781,ThermoMPNN,2HYY,1.079362154006958,190,F,C,F:\GENESIS Studio\genesis-studio\packages\engines-py\.pdb_cache\2HYY,A
3782,ThermoMPNN,2HYY,2.840510368347168,190,F,D,F:\GENESIS Studio\genesis-studio\packages\engines-py\.pdb_cache\2HYY,A
3783,ThermoMPNN,2HYY,2.465881824493408,190,F,E,F:\GENESIS Studio\genesis-studio\packages\engines-py\.pdb_cache\2HYY,A
3784,ThermoMPNN,2HYY,0.0,190,F,F,F:\GENESIS Studio\genesis-studio\packages\engines-py\.pdb_cache\2HYY,A
3785,ThermoMPNN,2HYY,2.5371320247650146,190,F,G,F:\GENESIS Studio\genesis-studio\packages\engines-py\.pdb_cache\2HYY,A
3786,ThermoMPNN,2HYY,2.265915870666504,190,F,H,F:\GENESIS Studio\genesis-studio\packages\engines-py\.pdb_cache\2HYY,A
3787,ThermoMPNN,2HYY,1.2749825716018677,190,F,I,F:\GENESIS Studio\genesis-studio\packages\engines-py\.pdb_cache\2HYY,A
3788,ThermoMPNN,2HYY,2.4150283336639404,190,F,K,F:\GENESIS Studio\genesis-studio\packages\engines-py\.pdb_cache\2HYY,A
3789,ThermoMPNN,2HYY,0.6244747638702393,190,F,L,F:\GENESIS Studio\genesis-studio\packages\engines-py\.pdb_cache\2HYY,A
3790,ThermoMPNN,2HYY,0.9829516410827637,190,F,M,F:\GENESIS Studio\genesis-studio\packages\engines-py\.pdb_cache\2HYY,A
3791,ThermoMPNN,2HYY,2.7858426570892334,190,F,N,F:\GENESIS Studio\genesis-studio\packages\engines-py\.pdb_cache\2HYY,A
3792,ThermoMPNN,2HYY,2.594197988510132,190,F,P,F:\GENESIS Studio\genesis-studio\packages\engines-py\.pdb_cache\2HYY,A
3793,ThermoMPNN,2HYY,2.3855345249176025,190,F,Q,F:\GENESIS Studio\genesis-studio\packages\engines-py\.pdb_cache\2HYY,A
3794,ThermoMPNN,2HYY,2.365600824356079,190,F,R,F:\GENESIS Studio\genesis-studio\packages\engines-py\.pdb_cache\2HYY,A
3795,ThermoMPNN,2HYY,2.552236318588257,190,F,S,F:\GENESIS Studio\genesis-studio\packages\engines-py\.pdb_cache\2HYY,A
3796,ThermoMPNN,2HYY,2.4654529094696045,190,F,T,F:\GENESIS Studio\genesis-studio\packages\engines-py\.pdb_cache\2HYY,A
3797,ThermoMPNN,2HYY,1.5991992950439453,190,F,V,F:\GENESIS Studio\genesis-studio\packages\engines-py\.pdb_cache\2HYY,A
3798,ThermoMPNN,2HYY,0.7417151927947998,190,F,W,F:\GENESIS Studio\genesis-studio\packages\engines-py\.pdb_cache\2HYY,A
3799,ThermoMPNN,2HYY,0.8031599521636963,190,F,Y,F:\GENESIS Studio\genesis-studio\packages\engines-py\.pdb_cache\2HYY,A
3800,ThermoMPNN,2HYY,1.9199106693267822,191,G,A,F:\GENESIS Studio\genesis-studio\packages\engines-py\.pdb_cache\2HYY,A
3801,ThermoMPNN,2HYY,1.6714558601379395,191,G,C,F:\GENESIS Studio\genesis-studio\packages\engines-py\.pdb_cache\2HYY,A
3802,ThermoMPNN,2HYY,2.9834702014923096,191,G,D,F:\GENESIS Studio\genesis-studio\packages\engines-py\.pdb_cache\2HYY,A
3803,ThermoMPNN,2HYY,2.864384174346924,191,G,E,F:\GENESIS Studio\genesis-studio\packages\engines-py\.pdb_cache\2HYY,A
3804,ThermoMPNN,2HYY,1.5902438163757324,191,G,F,F:\GENESIS Studio\genesis-studio\packages\engines-py\.pdb_cache\2HYY,A
3805,ThermoMPNN,2HYY,0.0,191,G,G,F:\GENESIS Studio\genesis-studio\packages\engines-py\.pdb_cache\2HYY,A
3806,ThermoMPNN,2HYY,2.5860743522644043,191,G,H,F:\GENESIS Studio\genesis-studio\packages\engines-py\.pdb_cache\2HYY,A
3807,ThermoMPNN,2HYY,1.890130639076233,191,G,I,F:\GENESIS Studio\genesis-studio\packages\engines-py\.pdb_cache\2HYY,A
3808,ThermoMPNN,2HYY,2.6840648651123047,191,G,K,F:\GENESIS Studio\genesis-studio\packages\engines-py\.pdb_cache\2HYY,A
3809,ThermoMPNN,2HYY,1.9321634769439697,191,G,L,F:\GENESIS Studio\genesis-studio\packages\engines-py\.pdb_cache\2HYY,A
3810,ThermoMPNN,2HYY,2.019044876098633,191,G,M,F:\GENESIS Studio\genesis-studio\packages\engines-py\.pdb_cache\2HYY,A
3811,ThermoMPNN,2HYY,2.7360572814941406,191,G,N,F:\GENESIS Studio\genesis-studio\packages\engines-py\.pdb_cache\2HYY,A
3812,ThermoMPNN,2HYY,2.209488868713379,191,G,P,F:\GENESIS Studio\genesis-studio\packages\engines-py\.pdb_cache\2HYY,A
3813,ThermoMPNN,2HYY,2.6514854431152344,191,G,Q,F:\GENESIS Studio\genesis-studio\packages\engines-py\.pdb_cache\2HYY,A
3814,ThermoMPNN,2HYY,2.493952512741089,191,G,R,F:\GENESIS Studio\genesis-studio\packages\engines-py\.pdb_cache\2HYY,A
3815,ThermoMPNN,2HYY,2.082334041595459,191,G,S,F:\GENESIS Studio\genesis-studio\packages\engines-py\.pdb_cache\2HYY,A
3816,ThermoMPNN,2HYY,2.14397931098938,191,G,T,F:\GENESIS Studio\genesis-studio\packages\engines-py\.pdb_cache\2HYY,A
3817,ThermoMPNN,2HYY,1.7536590099334717,191,G,V,F:\GENESIS Studio\genesis-studio\packages\engines-py\.pdb_cache\2HYY,A
3818,ThermoMPNN,2HYY,1.6158275604248047,191,G,W,F:\GENESIS Studio\genesis-studio\packages\engines-py\.pdb_cache\2HYY,A
3819,ThermoMPNN,2HYY,1.8747225999832153,191,G,Y,F:\GENESIS Studio\genesis-studio\packages\engines-py\.pdb_cache\2HYY,A
3820,ThermoMPNN,2HYY,2.395935535430908,192,V,A,F:\GENESIS Studio\genesis-studio\packages\engines-py\.pdb_cache\2HYY,A
3821,ThermoMPNN,2HYY,1.2707003355026245,192,V,C,F:\GENESIS Studio\genesis-studio\packages\engines-py\.pdb_cache\2HYY,A
3822,ThermoMPNN,2HYY,3.870216131210327,192,V,D,F:\GENESIS Studio\genesis-studio\packages\engines-py\.pdb_cache\2HYY,A
3823,ThermoMPNN,2HYY,3.1298696994781494,192,V,E,F:\GENESIS Studio\genesis-studio\packages\engines-py\.pdb_cache\2HYY,A
3824,ThermoMPNN,2HYY,2.4309897422790527,192,V,F,F:\GENESIS Studio\genesis-studio\packages\engines-py\.pdb_cache\2HYY,A
3825,ThermoMPNN,2HYY,3.471989870071411,192,V,G,F:\GENESIS Studio\genesis-studio\packages\engines-py\.pdb_cache\2HYY,A
3826,ThermoMPNN,2HYY,3.0679099559783936,192,V,H,F:\GENESIS Studio\genesis-studio\packages\engines-py\.pdb_cache\2HYY,A
3827,ThermoMPNN,2HYY,0.2539961338043213,192,V,I,F:\GENESIS Studio\genesis-studio\packages\engines-py\.pdb_cache\2HYY,A
3828,ThermoMPNN,2HYY,2.7468273639678955,192,V,K,F:\GENESIS Studio\genesis-studio\packages\engines-py\.pdb_cache\2HYY,A
3829,ThermoMPNN,2HYY,1.4131028652191162,192,V,L,F:\GENESIS Studio\genesis-studio\packages\engines-py\.pdb_cache\2HYY,A
3830,ThermoMPNN,2HYY,1.6972813606262207,192,V,M,F:\GENESIS Studio\genesis-studio\packages\engines-py\.pdb_cache\2HYY,A
3831,ThermoMPNN,2HYY,3.4077441692352295,192,V,N,F:\GENESIS Studio\genesis-studio\packages\engines-py\.pdb_cache\2HYY,A
3832,ThermoMPNN,2HYY,3.789764642715454,192,V,P,F:\GENESIS Studio\genesis-studio\packages\engines-py\.pdb_cache\2HYY,A
3833,ThermoMPNN,2HYY,2.609142303466797,192,V,Q,F:\GENESIS Studio\genesis-studio\packages\engines-py\.pdb_cache\2HYY,A
3834,ThermoMPNN,2HYY,2.901721715927124,192,V,R,F:\GENESIS Studio\genesis-studio\packages\engines-py\.pdb_cache\2HYY,A
3835,ThermoMPNN,2HYY,2.888357400894165,192,V,S,F:\GENESIS Studio\genesis-studio\packages\engines-py\.pdb_cache\2HYY,A
3836,ThermoMPNN,2HYY,1.9391546249389648,192,V,T,F:\GENESIS Studio\genesis-studio\packages\engines-py\.pdb_cache\2HYY,A
3837,ThermoMPNN,2HYY,0.0,192,V,V,F:\GENESIS Studio\genesis-studio\packages\engines-py\.pdb_cache\2HYY,A
3838,ThermoMPNN,2HYY,2.884629726409912,192,V,W,F:\GENESIS Studio\genesis-studio\packages\engines-py\.pdb_cache\2HYY,A
3839,ThermoMPNN,2HYY,2.959406614303589,192,V,Y,F:\GENESIS Studio\genesis-studio\packages\engines-py\.pdb_cache\2HYY,A
3840,ThermoMPNN,2HYY,0.7217148542404175,193,L,A,F:\GENESIS Studio\genesis-studio\packages\engines-py\.pdb_cache\2HYY,A
3841,ThermoMPNN,2HYY,0.48857641220092773,193,L,C,F:\GENESIS Studio\genesis-studio\packages\engines-py\.pdb_cache\2HYY,A
3842,ThermoMPNN,2HYY,2.215144157409668,193,L,D,F:\GENESIS Studio\genesis-studio\packages\engines-py\.pdb_cache\2HYY,A
3843,ThermoMPNN,2HYY,1.869433879852295,193,L,E,F:\GENESIS Studio\genesis-studio\packages\engines-py\.pdb_cache\2HYY,A
3844,ThermoMPNN,2HYY,0.6546649932861328,193,L,F,F:\GENESIS Studio\genesis-studio\packages\engines-py\.pdb_cache\2HYY,A
3845,ThermoMPNN,2HYY,2.197254180908203,193,L,G,F:\GENESIS Studio\genesis-studio\packages\engines-py\.pdb_cache\2HYY,A
3846,ThermoMPNN,2HYY,1.8209655284881592,193,L,H,F:\GENESIS Studio\genesis-studio\packages\engines-py\.pdb_cache\2HYY,A
3847,ThermoMPNN,2HYY,0.4028435945510864,193,L,I,F:\GENESIS Studio\genesis-studio\packages\engines-py\.pdb_cache\2HYY,A
3848,ThermoMPNN,2HYY,1.8718125820159912,193,L,K,F:\GENESIS Studio\genesis-studio\packages\engines-py\.pdb_cache\2HYY,A
3849,ThermoMPNN,2HYY,0.0,193,L,L,F:\GENESIS Studio\genesis-studio\packages\engines-py\.pdb_cache\2HYY,A
3850,ThermoMPNN,2HYY,0.21564912796020508,193,L,M,F:\GENESIS Studio\genesis-studio\packages\engines-py\.pdb_cache\2HYY,A
3851,ThermoMPNN,2HYY,2.0146968364715576,193,L,N,F:\GENESIS Studio\genesis-studio\packages\engines-py\.pdb_cache\2HYY,A
3852,ThermoMPNN,2HYY,2.1865127086639404,193,L,P,F:\GENESIS Studio\genesis-studio\packages\engines-py\.pdb_cache\2HYY,A
3853,ThermoMPNN,2HYY,1.4102792739868164,193,L,Q,F:\GENESIS Studio\genesis-studio\packages\engines-py\.pdb_cache\2HYY,A
3854,ThermoMPNN,2HYY,1.9475321769714355,193,L,R,F:\GENESIS Studio\genesis-studio\packages\engines-py\.pdb_cache\2HYY,A
3855,ThermoMPNN,2HYY,1.0024256706237793,193,L,S,F:\GENESIS Studio\genesis-studio\packages\engines-py\.pdb_cache\2HYY,A
3856,ThermoMPNN,2HYY,0.14431214332580566,193,L,T,F:\GENESIS Studio\genesis-studio\packages\engines-py\.pdb_cache\2HYY,A
3857,ThermoMPNN,2HYY,0.4471248388290405,193,L,V,F:\GENESIS Studio\genesis-studio\packages\engines-py\.pdb_cache\2HYY,A
3858,ThermoMPNN,2HYY,1.3172134160995483,193,L,W,F:\GENESIS Studio\genesis-studio\packages\engines-py\.pdb_cache\2HYY,A
3859,ThermoMPNN,2HYY,1.1991676092147827,193,L,Y,F:\GENESIS Studio\genesis-studio\packages\engines-py\.pdb_cache\2HYY,A
3860,ThermoMPNN,2HYY,2.0945305824279785,194,L,A,F:\GENESIS Studio\genesis-studio\packages\engines-py\.pdb_cache\2HYY,A
3861,ThermoMPNN,2HYY,1.373842716217041,194,L,C,F:\GENESIS Studio\genesis-studio\packages\engines-py\.pdb_cache\2HYY,A
3862,ThermoMPNN,2HYY,2.9938876628875732,194,L,D,F:\GENESIS Studio\genesis-studio\packages\engines-py\.pdb_cache\2HYY,A
3863,ThermoMPNN,2HYY,2.766403913497925,194,L,E,F:\GENESIS Studio\genesis-studio\packages\engines-py\.pdb_cache\2HYY,A
3864,ThermoMPNN,2HYY,1.621616005897522,194,L,F,F:\GENESIS Studio\genesis-studio\packages\engines-py\.pdb_cache\2HYY,A
3865,ThermoMPNN,2HYY,2.6567611694335938,194,L,G,F:\GENESIS Studio\genesis-studio\packages\engines-py\.pdb_cache\2HYY,A
3866,ThermoMPNN,2HYY,2.715283155441284,194,L,H,F:\GENESIS Studio\genesis-studio\packages\engines-py\.pdb_cache\2HYY,A
3867,ThermoMPNN,2HYY,0.7914146184921265,194,L,I,F:\GENESIS Studio\genesis-studio\packages\engines-py\.pdb_cache\2HYY,A
3868,ThermoMPNN,2HYY,2.5436718463897705,194,L,K,F:\GENESIS Studio\genesis-studio\packages\engines-py\.pdb_cache\2HYY,A
3869,ThermoMPNN,2HYY,0.0,194,L,L,F:\GENESIS Studio\genesis-studio\packages\engines-py\.pdb_cache\2HYY,A
3870,ThermoMPNN,2HYY,1.086503505706787,194,L,M,F:\GENESIS Studio\genesis-studio\packages\engines-py\.pdb_cache\2HYY,A
3871,ThermoMPNN,2HYY,2.8020002841949463,194,L,N,F:\GENESIS Studio\genesis-studio\packages\engines-py\.pdb_cache\2HYY,A
3872,ThermoMPNN,2HYY,2.8519515991210938,194,L,P,F:\GENESIS Studio\genesis-studio\packages\engines-py\.pdb_cache\2HYY,A
3873,ThermoMPNN,2HYY,2.7165255546569824,194,L,Q,F:\GENESIS Studio\genesis-studio\packages\engines-py\.pdb_cache\2HYY,A
3874,ThermoMPNN,2HYY,2.5551395416259766,194,L,R,F:\GENESIS Studio\genesis-studio\packages\engines-py\.pdb_cache\2HYY,A
3875,ThermoMPNN,2HYY,2.6060471534729004,194,L,S,F:\GENESIS Studio\genesis-studio\packages\engines-py\.pdb_cache\2HYY,A
3876,ThermoMPNN,2HYY,2.353855848312378,194,L,T,F:\GENESIS Studio\genesis-studio\packages\engines-py\.pdb_cache\2HYY,A
3877,ThermoMPNN,2HYY,1.1952526569366455,194,L,V,F:\GENESIS Studio\genesis-studio\packages\engines-py\.pdb_cache\2HYY,A
3878,ThermoMPNN,2HYY,1.9439377784729004,194,L,W,F:\GENESIS Studio\genesis-studio\packages\engines-py\.pdb_cache\2HYY,A
3879,ThermoMPNN,2HYY,2.0122578144073486,194,L,Y,F:\GENESIS Studio\genesis-studio\packages\engines-py\.pdb_cache\2HYY,A
3880,ThermoMPNN,2HYY,2.5515527725219727,195,W,A,F:\GENESIS Studio\genesis-studio\packages\engines-py\.pdb_cache\2HYY,A
3881,ThermoMPNN,2HYY,1.8554890155792236,195,W,C,F:\GENESIS Studio\genesis-studio\packages\engines-py\.pdb_cache\2HYY,A
3882,ThermoMPNN,2HYY,2.8304765224456787,195,W,D,F:\GENESIS Studio\genesis-studio\packages\engines-py\.pdb_cache\2HYY,A
3883,ThermoMPNN,2HYY,2.886909246444702,195,W,E,F:\GENESIS Studio\genesis-studio\packages\engines-py\.pdb_cache\2HYY,A
3884,ThermoMPNN,2HYY,0.6341125965118408,195,W,F,F:\GENESIS Studio\genesis-studio\packages\engines-py\.pdb_cache\2HYY,A
3885,ThermoMPNN,2HYY,2.096017360687256,195,W,G,F:\GENESIS Studio\genesis-studio\packages\engines-py\.pdb_cache\2HYY,A
3886,ThermoMPNN,2HYY,1.876707911491394,195,W,H,F:\GENESIS Studio\genesis-studio\packages\engines-py\.pdb_cache\2HYY,A
3887,ThermoMPNN,2HYY,2.2159838676452637,195,W,I,F:\GENESIS Studio\genesis-studio\packages\engines-py\.pdb_cache\2HYY,A
3888,ThermoMPNN,2HYY,2.5178914070129395,195,W,K,F:\GENESIS Studio\genesis-studio\packages\engines-py\.pdb_cache\2HYY,A
3889,ThermoMPNN,2HYY,2.0358352661132812,195,W,L,F:\GENESIS Studio\genesis-studio\packages\engines-py\.pdb_cache\2HYY,A
3890,ThermoMPNN,2HYY,2.1534080505371094,195,W,M,F:\GENESIS Studio\genesis-studio\packages\engines-py\.pdb_cache\2HYY,A
3891,ThermoMPNN,2HYY,2.6388282775878906,195,W,N,F:\GENESIS Studio\genesis-studio\packages\engines-py\.pdb_cache\2HYY,A
3892,ThermoMPNN,2HYY,2.533428192138672,195,W,P,F:\GENESIS Studio\genesis-studio\packages\engines-py\.pdb_cache\2HYY,A
3893,ThermoMPNN,2HYY,2.5854952335357666,195,W,Q,F:\GENESIS Studio\genesis-studio\packages\engines-py\.pdb_cache\2HYY,A
3894,ThermoMPNN,2HYY,2.1422839164733887,195,W,R,F:\GENESIS Studio\genesis-studio\packages\engines-py\.pdb_cache\2HYY,A
3895,ThermoMPNN,2HYY,2.639286994934082,195,W,S,F:\GENESIS Studio\genesis-studio\packages\engines-py\.pdb_cache\2HYY,A
3896,ThermoMPNN,2HYY,2.670480966567993,195,W,T,F:\GENESIS Studio\genesis-studio\packages\engines-py\.pdb_cache\2HYY,A
3897,ThermoMPNN,2HYY,2.0974817276000977,195,W,V,F:\GENESIS Studio\genesis-studio\packages\engines-py\.pdb_cache\2HYY,A
3898,ThermoMPNN,2HYY,0.0,195,W,W,F:\GENESIS Studio\genesis-studio\packages\engines-py\.pdb_cache\2HYY,A
3899,ThermoMPNN,2HYY,0.20672941207885742,195,W,Y,F:\GENESIS Studio\genesis-studio\packages\engines-py\.pdb_cache\2HYY,A
3900,ThermoMPNN,2HYY,1.1181408166885376,196,E,A,F:\GENESIS Studio\genesis-studio\packages\engines-py\.pdb_cache\2HYY,A
3901,ThermoMPNN,2HYY,0.6874246597290039,196,E,C,F:\GENESIS Studio\genesis-studio\packages\engines-py\.pdb_cache\2HYY,A
3902,ThermoMPNN,2HYY,0.6436054706573486,196,E,D,F:\GENESIS Studio\genesis-studio\packages\engines-py\.pdb_cache\2HYY,A
3903,ThermoMPNN,2HYY,0.0,196,E,E,F:\GENESIS Studio\genesis-studio\packages\engines-py\.pdb_cache\2HYY,A
3904,ThermoMPNN,2HYY,1.171096920967102,196,E,F,F:\GENESIS Studio\genesis-studio\packages\engines-py\.pdb_cache\2HYY,A
3905,ThermoMPNN,2HYY,2.0339231491088867,196,E,G,F:\GENESIS Studio\genesis-studio\packages\engines-py\.pdb_cache\2HYY,A
3906,ThermoMPNN,2HYY,1.0601232051849365,196,E,H,F:\GENESIS Studio\genesis-studio\packages\engines-py\.pdb_cache\2HYY,A
3907,ThermoMPNN,2HYY,0.6566502451896667,196,E,I,F:\GENESIS Studio\genesis-studio\packages\engines-py\.pdb_cache\2HYY,A
3908,ThermoMPNN,2HYY,1.8372561931610107,196,E,K,F:\GENESIS Studio\genesis-studio\packages\engines-py\.pdb_cache\2HYY,A
3909,ThermoMPNN,2HYY,1.0602279901504517,196,E,L,F:\GENESIS Studio\genesis-studio\packages\engines-py\.pdb_cache\2HYY,A
3910,ThermoMPNN,2HYY,0.8311934471130371,196,E,M,F:\GENESIS Studio\genesis-studio\packages\engines-py\.pdb_cache\2HYY,A
3911,ThermoMPNN,2HYY,1.4476439952850342,196,E,N,F:\GENESIS Studio\genesis-studio\packages\engines-py\.pdb_cache\2HYY,A
3912,ThermoMPNN,2HYY,2.2266461849212646,196,E,P,F:\GENESIS Studio\genesis-studio\packages\engines-py\.pdb_cache\2HYY,A
3913,ThermoMPNN,2HYY,0.4187312126159668,196,E,Q,F:\GENESIS Studio\genesis-studio\packages\engines-py\.pdb_cache\2HYY,A
3914,ThermoMPNN,2HYY,1.8664040565490723,196,E,R,F:\GENESIS Studio\genesis-studio\packages\engines-py\.pdb_cache\2HYY,A
3915,ThermoMPNN,2HYY,0.971284806728363,196,E,S,F:\GENESIS Studio\genesis-studio\packages\engines-py\.pdb_cache\2HYY,A
3916,ThermoMPNN,2HYY,0.5106912851333618,196,E,T,F:\GENESIS Studio\genesis-studio\packages\engines-py\.pdb_cache\2HYY,A
3917,ThermoMPNN,2HYY,0.1370605230331421,196,E,V,F:\GENESIS Studio\genesis-studio\packages\engines-py\.pdb_cache\2HYY,A
3918,ThermoMPNN,2HYY,1.4072418212890625,196,E,W,F:\GENESIS Studio\genesis-studio\packages\engines-py\.pdb_cache\2HYY,A
3919,ThermoMPNN,2HYY,1.3385347127914429,196,E,Y,F:\GENESIS Studio\genesis-studio\packages\engines-py\.pdb_cache\2HYY,A
3920,ThermoMPNN,2HYY,2.524109363555908,197,I,A,F:\GENESIS Studio\genesis-studio\packages\engines-py\.pdb_cache\2HYY,A
3921,ThermoMPNN,2HYY,1.8491543531417847,197,I,C,F:\GENESIS Studio\genesis-studio\packages\engines-py\.pdb_cache\2HYY,A
3922,ThermoMPNN,2HYY,3.3185875415802,197,I,D,F:\GENESIS Studio\genesis-studio\packages\engines-py\.pdb_cache\2HYY,A
3923,ThermoMPNN,2HYY,3.171722412109375,197,I,E,F:\GENESIS Studio\genesis-studio\packages\engines-py\.pdb_cache\2HYY,A
3924,ThermoMPNN,2HYY,1.6334654092788696,197,I,F,F:\GENESIS Studio\genesis-studio\packages\engines-py\.pdb_cache\2HYY,A
3925,ThermoMPNN,2HYY,3.20780611038208,197,I,G,F:\GENESIS Studio\genesis-studio\packages\engines-py\.pdb_cache\2HYY,A
3926,ThermoMPNN,2HYY,3.1399481296539307,197,I,H,F:\GENESIS Studio\genesis-studio\packages\engines-py\.pdb_cache\2HYY,A
3927,ThermoMPNN,2HYY,0.0,197,I,I,F:\GENESIS Studio\genesis-studio\packages\engines-py\.pdb_cache\2HYY,A
3928,ThermoMPNN,2HYY,3.072787046432495,197,I,K,F:\GENESIS Studio\genesis-studio\packages\engines-py\.pdb_cache\2HYY,A
3929,ThermoMPNN,2HYY,0.5527181625366211,197,I,L,F:\GENESIS Studio\genesis-studio\packages\engines-py\.pdb_cache\2HYY,A
3930,ThermoMPNN,2HYY,1.4277827739715576,197,I,M,F:\GENESIS Studio\genesis-studio\packages\engines-py\.pdb_cache\2HYY,A
3931,ThermoMPNN,2HYY,3.200544834136963,197,I,N,F:\GENESIS Studio\genesis-studio\packages\engines-py\.pdb_cache\2HYY,A
3932,ThermoMPNN,2HYY,2.985494613647461,197,I,P,F:\GENESIS Studio\genesis-studio\packages\engines-py\.pdb_cache\2HYY,A
3933,ThermoMPNN,2HYY,3.216094732284546,197,I,Q,F:\GENESIS Studio\genesis-studio\packages\engines-py\.pdb_cache\2HYY,A
3934,ThermoMPNN,2HYY,3.114009141921997,197,I,R,F:\GENESIS Studio\genesis-studio\packages\engines-py\.pdb_cache\2HYY,A
3935,ThermoMPNN,2HYY,3.146360158920288,197,I,S,F:\GENESIS Studio\genesis-studio\packages\engines-py\.pdb_cache\2HYY,A
3936,ThermoMPNN,2HYY,2.6235477924346924,197,I,T,F:\GENESIS Studio\genesis-studio\packages\engines-py\.pdb_cache\2HYY,A
3937,ThermoMPNN,2HYY,1.0114866495132446,197,I,V,F:\GENESIS Studio\genesis-studio\packages\engines-py\.pdb_cache\2HYY,A
3938,ThermoMPNN,2HYY,2.282414436340332,197,I,W,F:\GENESIS Studio\genesis-studio\packages\engines-py\.pdb_cache\2HYY,A
3939,ThermoMPNN,2HYY,2.217686653137207,197,I,Y,F:\GENESIS Studio\genesis-studio\packages\engines-py\.pdb_cache\2HYY,A
3940,ThermoMPNN,2HYY,0.0,198,A,A,F:\GENESIS Studio\genesis-studio\packages\engines-py\.pdb_cache\2HYY,A
3941,ThermoMPNN,2HYY,-0.6738266944885254,198,A,C,F:\GENESIS Studio\genesis-studio\packages\engines-py\.pdb_cache\2HYY,A
3942,ThermoMPNN,2HYY,0.9487946629524231,198,A,D,F:\GENESIS Studio\genesis-studio\packages\engines-py\.pdb_cache\2HYY,A
3943,ThermoMPNN,2HYY,0.42249929904937744,198,A,E,F:\GENESIS Studio\genesis-studio\packages\engines-py\.pdb_cache\2HYY,A
3944,ThermoMPNN,2HYY,-1.1699351072311401,198,A,F,F:\GENESIS Studio\genesis-studio\packages\engines-py\.pdb_cache\2HYY,A
3945,ThermoMPNN,2HYY,0.8751892447471619,198,A,G,F:\GENESIS Studio\genesis-studio\packages\engines-py\.pdb_cache\2HYY,A
3946,ThermoMPNN,2HYY,0.10751187801361084,198,A,H,F:\GENESIS Studio\genesis-studio\packages\engines-py\.pdb_cache\2HYY,A
3947,ThermoMPNN,2HYY,-0.14861178398132324,198,A,I,F:\GENESIS Studio\genesis-studio\packages\engines-py\.pdb_cache\2HYY,A
3948,ThermoMPNN,2HYY,0.5769517421722412,198,A,K,F:\GENESIS Studio\genesis-studio\packages\engines-py\.pdb_cache\2HYY,A
3949,ThermoMPNN,2HYY,-0.5082302093505859,198,A,L,F:\GENESIS Studio\genesis-studio\packages\engines-py\.pdb_cache\2HYY,A
3950,ThermoMPNN,2HYY,-0.5087136030197144,198,A,M,F:\GENESIS Studio\genesis-studio\packages\engines-py\.pdb_cache\2HYY,A
3951,ThermoMPNN,2HYY,0.5468590259552002,198,A,N,F:\GENESIS Studio\genesis-studio\packages\engines-py\.pdb_cache\2HYY,A
3952,ThermoMPNN,2HYY,1.8430269956588745,198,A,P,F:\GENESIS Studio\genesis-studio\packages\engines-py\.pdb_cache\2HYY,A
3953,ThermoMPNN,2HYY,0.21087095141410828,198,A,Q,F:\GENESIS Studio\genesis-studio\packages\engines-py\.pdb_cache\2HYY,A
3954,ThermoMPNN,2HYY,0.540477991104126,198,A,R,F:\GENESIS Studio\genesis-studio\packages\engines-py\.pdb_cache\2HYY,A
3955,ThermoMPNN,2HYY,0.4127286672592163,198,A,S,F:\GENESIS Studio\genesis-studio\packages\engines-py\.pdb_cache\2HYY,A
3956,ThermoMPNN,2HYY,0.3218107223510742,198,A,T,F:\GENESIS Studio\genesis-studio\packages\engines-py\.pdb_cache\2HYY,A
3957,ThermoMPNN,2HYY,-0.26211076974868774,198,A,V,F:\GENESIS Studio\genesis-studio\packages\engines-py\.pdb_cache\2HYY,A
3958,ThermoMPNN,2HYY,-1.5241082906723022,198,A,W,F:\GENESIS Studio\genesis-studio\packages\engines-py\.pdb_cache\2HYY,A
3959,ThermoMPNN,2HYY,-1.2020305395126343,198,A,Y,F:\GENESIS Studio\genesis-studio\packages\engines-py\.pdb_cache\2HYY,A
3960,ThermoMPNN,2HYY,2.62050199508667,199,T,A,F:\GENESIS Studio\genesis-studio\packages\engines-py\.pdb_cache\2HYY,A
3961,ThermoMPNN,2HYY,1.922022819519043,199,T,C,F:\GENESIS Studio\genesis-studio\packages\engines-py\.pdb_cache\2HYY,A
3962,ThermoMPNN,2HYY,2.6121408939361572,199,T,D,F:\GENESIS Studio\genesis-studio\packages\engines-py\.pdb_cache\2HYY,A
3963,ThermoMPNN,2HYY,2.920203447341919,199,T,E,F:\GENESIS Studio\genesis-studio\packages\engines-py\.pdb_cache\2HYY,A
3964,ThermoMPNN,2HYY,2.249040126800537,199,T,F,F:\GENESIS Studio\genesis-studio\packages\engines-py\.pdb_cache\2HYY,A
3965,ThermoMPNN,2HYY,2.3486833572387695,199,T,G,F:\GENESIS Studio\genesis-studio\packages\engines-py\.pdb_cache\2HYY,A
3966,ThermoMPNN,2HYY,2.327258825302124,199,T,H,F:\GENESIS Studio\genesis-studio\packages\engines-py\.pdb_cache\2HYY,A
3967,ThermoMPNN,2HYY,2.5268235206604004,199,T,I,F:\GENESIS Studio\genesis-studio\packages\engines-py\.pdb_cache\2HYY,A
3968,ThermoMPNN,2HYY,2.5041608810424805,199,T,K,F:\GENESIS Studio\genesis-studio\packages\engines-py\.pdb_cache\2HYY,A
3969,ThermoMPNN,2HYY,2.4681177139282227,199,T,L,F:\GENESIS Studio\genesis-studio\packages\engines-py\.pdb_cache\2HYY,A
3970,ThermoMPNN,2HYY,2.392317533493042,199,T,M,F:\GENESIS Studio\genesis-studio\packages\engines-py\.pdb_cache\2HYY,A
3971,ThermoMPNN,2HYY,1.8373284339904785,199,T,N,F:\GENESIS Studio\genesis-studio\packages\engines-py\.pdb_cache\2HYY,A
3972,ThermoMPNN,2HYY,3.3126657009124756,199,T,P,F:\GENESIS Studio\genesis-studio\packages\engines-py\.pdb_cache\2HYY,A
3973,ThermoMPNN,2HYY,2.4640052318573,199,T,Q,F:\GENESIS Studio\genesis-studio\packages\engines-py\.pdb_cache\2HYY,A
3974,ThermoMPNN,2HYY,2.294159412384033,199,T,R,F:\GENESIS Studio\genesis-studio\packages\engines-py\.pdb_cache\2HYY,A
3975,ThermoMPNN,2HYY,0.8879363536834717,199,T,S,F:\GENESIS Studio\genesis-studio\packages\engines-py\.pdb_cache\2HYY,A
3976,ThermoMPNN,2HYY,0.0,199,T,T,F:\GENESIS Studio\genesis-studio\packages\engines-py\.pdb_cache\2HYY,A
3977,ThermoMPNN,2HYY,2.517646312713623,199,T,V,F:\GENESIS Studio\genesis-studio\packages\engines-py\.pdb_cache\2HYY,A
3978,ThermoMPNN,2HYY,2.206399917602539,199,T,W,F:\GENESIS Studio\genesis-studio\packages\engines-py\.pdb_cache\2HYY,A
3979,ThermoMPNN,2HYY,2.300598621368408,199,T,Y,F:\GENESIS Studio\genesis-studio\packages\engines-py\.pdb_cache\2HYY,A
3980,ThermoMPNN,2HYY,1.8700910806655884,200,Y,A,F:\GENESIS Studio\genesis-studio\packages\engines-py\.pdb_cache\2HYY,A
3981,ThermoMPNN,2HYY,1.2772471904754639,200,Y,C,F:\GENESIS Studio\genesis-studio\packages\engines-py\.pdb_cache\2HYY,A
3982,ThermoMPNN,2HYY,2.8025271892547607,200,Y,D,F:\GENESIS Studio\genesis-studio\packages\engines-py\.pdb_cache\2HYY,A
3983,ThermoMPNN,2HYY,2.583451747894287,200,Y,E,F:\GENESIS Studio\genesis-studio\packages\engines-py\.pdb_cache\2HYY,A
3984,ThermoMPNN,2HYY,0.40744102001190186,200,Y,F,F:\GENESIS Studio\genesis-studio\packages\engines-py\.pdb_cache\2HYY,A
3985,ThermoMPNN,2HYY,1.5663151741027832,200,Y,G,F:\GENESIS Studio\genesis-studio\packages\engines-py\.pdb_cache\2HYY,A
3986,ThermoMPNN,2HYY,1.235613465309143,200,Y,H,F:\GENESIS Studio\genesis-studio\packages\engines-py\.pdb_cache\2HYY,A
3987,ThermoMPNN,2HYY,2.17584228515625,200,Y,I,F:\GENESIS Studio\genesis-studio\packages\engines-py\.pdb_cache\2HYY,A
3988,ThermoMPNN,2HYY,1.742889404296875,200,Y,K,F:\GENESIS Studio\genesis-studio\packages\engines-py\.pdb_cache\2HYY,A
3989,ThermoMPNN,2HYY,1.445951223373413,200,Y,L,F:\GENESIS Studio\genesis-studio\packages\engines-py\.pdb_cache\2HYY,A
3990,ThermoMPNN,2HYY,1.5540542602539062,200,Y,M,F:\GENESIS Studio\genesis-studio\packages\engines-py\.pdb_cache\2HYY,A
3991,ThermoMPNN,2HYY,1.9269707202911377,200,Y,N,F:\GENESIS Studio\genesis-studio\packages\engines-py\.pdb_cache\2HYY,A
3992,ThermoMPNN,2HYY,2.599168300628662,200,Y,P,F:\GENESIS Studio\genesis-studio\packages\engines-py\.pdb_cache\2HYY,A
3993,ThermoMPNN,2HYY,1.9324939250946045,200,Y,Q,F:\GENESIS Studio\genesis-studio\packages\engines-py\.pdb_cache\2HYY,A
3994,ThermoMPNN,2HYY,1.441882848739624,200,Y,R,F:\GENESIS Studio\genesis-studio\packages\engines-py\.pdb_cache\2HYY,A
3995,ThermoMPNN,2HYY,2.233596086502075,200,Y,S,F:\GENESIS Studio\genesis-studio\packages\engines-py\.pdb_cache\2HYY,A
3996,ThermoMPNN,2HYY,2.318105936050415,200,Y,T,F:\GENESIS Studio\genesis-studio\packages\engines-py\.pdb_cache\2HYY,A
3997,ThermoMPNN,2HYY,1.932002067565918,200,Y,V,F:\GENESIS Studio\genesis-studio\packages\engines-py\.pdb_cache\2HYY,A
3998,ThermoMPNN,2HYY,0.4284708499908447,200,Y,W,F:\GENESIS Studio\genesis-studio\packages\engines-py\.pdb_cache\2HYY,A
3999,ThermoMPNN,2HYY,0.0,200,Y,Y,F:\GENESIS Studio\genesis-studio\packages\engines-py\.pdb_cache\2HYY,A
4000,ThermoMPNN,2HYY,1.9901623725891113,201,G,A,F:\GENESIS Studio\genesis-studio\packages\engines-py\.pdb_cache\2HYY,A
4001,ThermoMPNN,2HYY,1.7959098815917969,201,G,C,F:\GENESIS Studio\genesis-studio\packages\engines-py\.pdb_cache\2HYY,A
4002,ThermoMPNN,2HYY,2.766282558441162,201,G,D,F:\GENESIS Studio\genesis-studio\packages\engines-py\.pdb_cache\2HYY,A
4003,ThermoMPNN,2HYY,2.820509433746338,201,G,E,F:\GENESIS Studio\genesis-studio\packages\engines-py\.pdb_cache\2HYY,A
4004,ThermoMPNN,2HYY,1.9055440425872803,201,G,F,F:\GENESIS Studio\genesis-studio\packages\engines-py\.pdb_cache\2HYY,A
4005,ThermoMPNN,2HYY,0.0,201,G,G,F:\GENESIS Studio\genesis-studio\packages\engines-py\.pdb_cache\2HYY,A
4006,ThermoMPNN,2HYY,2.4492268562316895,201,G,H,F:\GENESIS Studio\genesis-studio\packages\engines-py\.pdb_cache\2HYY,A
4007,ThermoMPNN,2HYY,2.3707690238952637,201,G,I,F:\GENESIS Studio\genesis-studio\packages\engines-py\.pdb_cache\2HYY,A
4008,ThermoMPNN,2HYY,2.7622809410095215,201,G,K,F:\GENESIS Studio\genesis-studio\packages\engines-py\.pdb_cache\2HYY,A
4009,ThermoMPNN,2HYY,2.329983711242676,201,G,L,F:\GENESIS Studio\genesis-studio\packages\engines-py\.pdb_cache\2HYY,A
4010,ThermoMPNN,2HYY,2.2122299671173096,201,G,M,F:\GENESIS Studio\genesis-studio\packages\engines-py\.pdb_cache\2HYY,A
4011,ThermoMPNN,2HYY,2.6547129154205322,201,G,N,F:\GENESIS Studio\genesis-studio\packages\engines-py\.pdb_cache\2HYY,A
4012,ThermoMPNN,2HYY,2.533402442932129,201,G,P,F:\GENESIS Studio\genesis-studio\packages\engines-py\.pdb_cache\2HYY,A
4013,ThermoMPNN,2HYY,2.6524524688720703,201,G,Q,F:\GENESIS Studio\genesis-studio\packages\engines-py\.pdb_cache\2HYY,A
4014,ThermoMPNN,2HYY,2.575714588165283,201,G,R,F:\GENESIS Studio\genesis-studio\packages\engines-py\.pdb_cache\2HYY,A
4015,ThermoMPNN,2HYY,2.3644626140594482,201,G,S,F:\GENESIS Studio\genesis-studio\packages\engines-py\.pdb_cache\2HYY,A
4016,ThermoMPNN,2HYY,2.4968421459198,201,G,T,F:\GENESIS Studio\genesis-studio\packages\engines-py\.pdb_cache\2HYY,A
4017,ThermoMPNN,2HYY,2.2352728843688965,201,G,V,F:\GENESIS Studio\genesis-studio\packages\engines-py\.pdb_cache\2HYY,A
4018,ThermoMPNN,2HYY,1.9625893831253052,201,G,W,F:\GENESIS Studio\genesis-studio\packages\engines-py\.pdb_cache\2HYY,A
4019,ThermoMPNN,2HYY,1.991386890411377,201,G,Y,F:\GENESIS Studio\genesis-studio\packages\engines-py\.pdb_cache\2HYY,A
4020,ThermoMPNN,2HYY,-0.47775620222091675,202,M,A,F:\GENESIS Studio\genesis-studio\packages\engines-py\.pdb_cache\2HYY,A
4021,ThermoMPNN,2HYY,0.026243746280670166,202,M,C,F:\GENESIS Studio\genesis-studio\packages\engines-py\.pdb_cache\2HYY,A
4022,ThermoMPNN,2HYY,0.45377808809280396,202,M,D,F:\GENESIS Studio\genesis-studio\packages\engines-py\.pdb_cache\2HYY,A
4023,ThermoMPNN,2HYY,0.3939225673675537,202,M,E,F:\GENESIS Studio\genesis-studio\packages\engines-py\.pdb_cache\2HYY,A
4024,ThermoMPNN,2HYY,0.3190048933029175,202,M,F,F:\GENESIS Studio\genesis-studio\packages\engines-py\.pdb_cache\2HYY,A
4025,ThermoMPNN,2HYY,-0.16171795129776,202,M,G,F:\GENESIS Studio\genesis-studio\packages\engines-py\.pdb_cache\2HYY,A
4026,ThermoMPNN,2HYY,0.33898186683654785,202,M,H,F:\GENESIS Studio\genesis-studio\packages\engines-py\.pdb_cache\2HYY,A
4027,ThermoMPNN,2HYY,0.638791024684906,202,M,I,F:\GENESIS Studio\genesis-studio\packages\engines-py\.pdb_cache\2HYY,A
4028,ThermoMPNN,2HYY,0.24929755926132202,202,M,K,F:\GENESIS Studio\genesis-studio\packages\engines-py\.pdb_cache\2HYY,A
4029,ThermoMPNN,2HYY,0.5128659605979919,202,M,L,F:\GENESIS Studio\genesis-studio\packages\engines-py\.pdb_cache\2HYY,A
4030,ThermoMPNN,2HYY,0.0,202,M,M,F:\GENESIS Studio\genesis-studio\packages\engines-py\.pdb_cache\2HYY,A
4031,ThermoMPNN,2HYY,0.576416552066803,202,M,N,F:\GENESIS Studio\genesis-studio\packages\engines-py\.pdb_cache\2HYY,A
4032,ThermoMPNN,2HYY,1.6925387382507324,202,M,P,F:\GENESIS Studio\genesis-studio\packages\engines-py\.pdb_cache\2HYY,A
4033,ThermoMPNN,2HYY,-0.013904750347137451,202,M,Q,F:\GENESIS Studio\genesis-studio\packages\engines-py\.pdb_cache\2HYY,A
4034,ThermoMPNN,2HYY,0.2812090516090393,202,M,R,F:\GENESIS Studio\genesis-studio\packages\engines-py\.pdb_cache\2HYY,A
4035,ThermoMPNN,2HYY,-0.012833237648010254,202,M,S,F:\GENESIS Studio\genesis-studio\packages\engines-py\.pdb_cache\2HYY,A
4036,ThermoMPNN,2HYY,0.4558958411216736,202,M,T,F:\GENESIS Studio\genesis-studio\packages\engines-py\.pdb_cache\2HYY,A
4037,ThermoMPNN,2HYY,0.7733346223831177,202,M,V,F:\GENESIS Studio\genesis-studio\packages\engines-py\.pdb_cache\2HYY,A
4038,ThermoMPNN,2HYY,0.29264944791793823,202,M,W,F:\GENESIS Studio\genesis-studio\packages\engines-py\.pdb_cache\2HYY,A
4039,ThermoMPNN,2HYY,0.32042258977890015,202,M,Y,F:\GENESIS Studio\genesis-studio\packages\engines-py\.pdb_cache\2HYY,A
4040,ThermoMPNN,2HYY,0.3176010251045227,203,S,A,F:\GENESIS Studio\genesis-studio\packages\engines-py\.pdb_cache\2HYY,A
4041,ThermoMPNN,2HYY,-0.05424976348876953,203,S,C,F:\GENESIS Studio\genesis-studio\packages\engines-py\.pdb_cache\2HYY,A
4042,ThermoMPNN,2HYY,-0.3751579523086548,203,S,D,F:\GENESIS Studio\genesis-studio\packages\engines-py\.pdb_cache\2HYY,A
4043,ThermoMPNN,2HYY,-0.13843083381652832,203,S,E,F:\GENESIS Studio\genesis-studio\packages\engines-py\.pdb_cache\2HYY,A
4044,ThermoMPNN,2HYY,0.496262788772583,203,S,F,F:\GENESIS Studio\genesis-studio\packages\engines-py\.pdb_cache\2HYY,A
4045,ThermoMPNN,2HYY,0.711542546749115,203,S,G,F:\GENESIS Studio\genesis-studio\packages\engines-py\.pdb_cache\2HYY,A
4046,ThermoMPNN,2HYY,0.31984782218933105,203,S,H,F:\GENESIS Studio\genesis-studio\packages\engines-py\.pdb_cache\2HYY,A
4047,ThermoMPNN,2HYY,0.3932345509529114,203,S,I,F:\GENESIS Studio\genesis-studio\packages\engines-py\.pdb_cache\2HYY,A
4048,ThermoMPNN,2HYY,0.5082275867462158,203,S,K,F:\GENESIS Studio\genesis-studio\packages\engines-py\.pdb_cache\2HYY,A
4049,ThermoMPNN,2HYY,0.2540087103843689,203,S,L,F:\GENESIS Studio\genesis-studio\packages\engines-py\.pdb_cache\2HYY,A
4050,ThermoMPNN,2HYY,0.46999889612197876,203,S,M,F:\GENESIS Studio\genesis-studio\packages\engines-py\.pdb_cache\2HYY,A
4051,ThermoMPNN,2HYY,0.009253144264221191,203,S,N,F:\GENESIS Studio\genesis-studio\packages\engines-py\.pdb_cache\2HYY,A
4052,ThermoMPNN,2HYY,0.5330681800842285,203,S,P,F:\GENESIS Studio\genesis-studio\packages\engines-py\.pdb_cache\2HYY,A
4053,ThermoMPNN,2HYY,0.32697486877441406,203,S,Q,F:\GENESIS Studio\genesis-studio\packages\engines-py\.pdb_cache\2HYY,A
4054,ThermoMPNN,2HYY,0.5637284517288208,203,S,R,F:\GENESIS Studio\genesis-studio\packages\engines-py\.pdb_cache\2HYY,A
4055,ThermoMPNN,2HYY,0.0,203,S,S,F:\GENESIS Studio\genesis-studio\packages\engines-py\.pdb_cache\2HYY,A
4056,ThermoMPNN,2HYY,0.02512824535369873,203,S,T,F:\GENESIS Studio\genesis-studio\packages\engines-py\.pdb_cache\2HYY,A
4057,ThermoMPNN,2HYY,0.41706639528274536,203,S,V,F:\GENESIS Studio\genesis-studio\packages\engines-py\.pdb_cache\2HYY,A
4058,ThermoMPNN,2HYY,0.5174130797386169,203,S,W,F:\GENESIS Studio\genesis-studio\packages\engines-py\.pdb_cache\2HYY,A
4059,ThermoMPNN,2HYY,0.5305875539779663,203,S,Y,F:\GENESIS Studio\genesis-studio\packages\engines-py\.pdb_cache\2HYY,A
4060,ThermoMPNN,2HYY,1.753409504890442,204,P,A,F:\GENESIS Studio\genesis-studio\packages\engines-py\.pdb_cache\2HYY,A
4061,ThermoMPNN,2HYY,1.3597240447998047,204,P,C,F:\GENESIS Studio\genesis-studio\packages\engines-py\.pdb_cache\2HYY,A
4062,ThermoMPNN,2HYY,2.8011515140533447,204,P,D,F:\GENESIS Studio\genesis-studio\packages\engines-py\.pdb_cache\2HYY,A
4063,ThermoMPNN,2HYY,2.482541561126709,204,P,E,F:\GENESIS Studio\genesis-studio\packages\engines-py\.pdb_cache\2HYY,A
4064,ThermoMPNN,2HYY,1.8631091117858887,204,P,F,F:\GENESIS Studio\genesis-studio\packages\engines-py\.pdb_cache\2HYY,A
4065,ThermoMPNN,2HYY,2.365597724914551,204,P,G,F:\GENESIS Studio\genesis-studio\packages\engines-py\.pdb_cache\2HYY,A
4066,ThermoMPNN,2HYY,2.7817251682281494,204,P,H,F:\GENESIS Studio\genesis-studio\packages\engines-py\.pdb_cache\2HYY,A
4067,ThermoMPNN,2HYY,1.6921238899230957,204,P,I,F:\GENESIS Studio\genesis-studio\packages\engines-py\.pdb_cache\2HYY,A
4068,ThermoMPNN,2HYY,2.4514849185943604,204,P,K,F:\GENESIS Studio\genesis-studio\packages\engines-py\.pdb_cache\2HYY,A
4069,ThermoMPNN,2HYY,1.726534128189087,204,P,L,F:\GENESIS Studio\genesis-studio\packages\engines-py\.pdb_cache\2HYY,A
4070,ThermoMPNN,2HYY,1.8782678842544556,204,P,M,F:\GENESIS Studio\genesis-studio\packages\engines-py\.pdb_cache\2HYY,A
4071,ThermoMPNN,2HYY,2.725890874862671,204,P,N,F:\GENESIS Studio\genesis-studio\packages\engines-py\.pdb_cache\2HYY,A
4072,ThermoMPNN,2HYY,0.0,204,P,P,F:\GENESIS Studio\genesis-studio\packages\engines-py\.pdb_cache\2HYY,A
4073,ThermoMPNN,2HYY,2.623549699783325,204,P,Q,F:\GENESIS Studio\genesis-studio\packages\engines-py\.pdb_cache\2HYY,A
4074,ThermoMPNN,2HYY,2.561662197113037,204,P,R,F:\GENESIS Studio\genesis-studio\packages\engines-py\.pdb_cache\2HYY,A
4075,ThermoMPNN,2HYY,2.4285311698913574,204,P,S,F:\GENESIS Studio\genesis-studio\packages\engines-py\.pdb_cache\2HYY,A
4076,ThermoMPNN,2HYY,2.6215453147888184,204,P,T,F:\GENESIS Studio\genesis-studio\packages\engines-py\.pdb_cache\2HYY,A
4077,ThermoMPNN,2HYY,1.7929224967956543,204,P,V,F:\GENESIS Studio\genesis-studio\packages\engines-py\.pdb_cache\2HYY,A
4078,ThermoMPNN,2HYY,2.1687564849853516,204,P,W,F:\GENESIS Studio\genesis-studio\packages\engines-py\.pdb_cache\2HYY,A
4079,ThermoMPNN,2HYY,2.1535487174987793,204,P,Y,F:\GENESIS Studio\genesis-studio\packages\engines-py\.pdb_cache\2HYY,A
4080,ThermoMPNN,2HYY,2.7194294929504395,205,Y,A,F:\GENESIS Studio\genesis-studio\packages\engines-py\.pdb_cache\2HYY,A
4081,ThermoMPNN,2HYY,1.6842401027679443,205,Y,C,F:\GENESIS Studio\genesis-studio\packages\engines-py\.pdb_cache\2HYY,A
4082,ThermoMPNN,2HYY,3.086949110031128,205,Y,D,F:\GENESIS Studio\genesis-studio\packages\engines-py\.pdb_cache\2HYY,A
4083,ThermoMPNN,2HYY,2.884765625,205,Y,E,F:\GENESIS Studio\genesis-studio\packages\engines-py\.pdb_cache\2HYY,A
4084,ThermoMPNN,2HYY,0.06211090087890625,205,Y,F,F:\GENESIS Studio\genesis-studio\packages\engines-py\.pdb_cache\2HYY,A
4085,ThermoMPNN,2HYY,2.6856813430786133,205,Y,G,F:\GENESIS Studio\genesis-studio\packages\engines-py\.pdb_cache\2HYY,A
4086,ThermoMPNN,2HYY,1.8866218328475952,205,Y,H,F:\GENESIS Studio\genesis-studio\packages\engines-py\.pdb_cache\2HYY,A
4087,ThermoMPNN,2HYY,2.085555076599121,205,Y,I,F:\GENESIS Studio\genesis-studio\packages\engines-py\.pdb_cache\2HYY,A
4088,ThermoMPNN,2HYY,2.4899768829345703,205,Y,K,F:\GENESIS Studio\genesis-studio\packages\engines-py\.pdb_cache\2HYY,A
4089,ThermoMPNN,2HYY,1.6879266500473022,205,Y,L,F:\GENESIS Studio\genesis-studio\packages\engines-py\.pdb_cache\2HYY,A
4090,ThermoMPNN,2HYY,1.690473198890686,205,Y,M,F:\GENESIS Studio\genesis-studio\packages\engines-py\.pdb_cache\2HYY,A
4091,ThermoMPNN,2HYY,2.6523783206939697,205,Y,N,F:\GENESIS Studio\genesis-studio\packages\engines-py\.pdb_cache\2HYY,A
4092,ThermoMPNN,2HYY,2.5203018188476562,205,Y,P,F:\GENESIS Studio\genesis-studio\packages\engines-py\.pdb_cache\2HYY,A
4093,ThermoMPNN,2HYY,2.532902717590332,205,Y,Q,F:\GENESIS Studio\genesis-studio\packages\engines-py\.pdb_cache\2HYY,A
4094,ThermoMPNN,2HYY,2.253791570663452,205,Y,R,F:\GENESIS Studio\genesis-studio\packages\engines-py\.pdb_cache\2HYY,A
4095,ThermoMPNN,2HYY,2.7826740741729736,205,Y,S,F:\GENESIS Studio\genesis-studio\packages\engines-py\.pdb_cache\2HYY,A
4096,ThermoMPNN,2HYY,2.7597200870513916,205,Y,T,F:\GENESIS Studio\genesis-studio\packages\engines-py\.pdb_cache\2HYY,A
4097,ThermoMPNN,2HYY,2.40877628326416,205,Y,V,F:\GENESIS Studio\genesis-studio\packages\engines-py\.pdb_cache\2HYY,A
4098,ThermoMPNN,2HYY,0.16794729232788086,205,Y,W,F:\GENESIS Studio\genesis-studio\packages\engines-py\.pdb_cache\2HYY,A
4099,ThermoMPNN,2HYY,0.0,205,Y,Y,F:\GENESIS Studio\genesis-studio\packages\engines-py\.pdb_cache\2HYY,A
4100,ThermoMPNN,2HYY,1.0053291320800781,206,P,A,F:\GENESIS Studio\genesis-studio\packages\engines-py\.pdb_cache\2HYY,A
4101,ThermoMPNN,2HYY,0.7617257833480835,206,P,C,F:\GENESIS Studio\genesis-studio\packages\engines-py\.pdb_cache\2HYY,A
4102,ThermoMPNN,2HYY,1.3063819408416748,206,P,D,F:\GENESIS Studio\genesis-studio\packages\engines-py\.pdb_cache\2HYY,A
4103,ThermoMPNN,2HYY,1.1568448543548584,206,P,E,F:\GENESIS Studio\genesis-studio\packages\engines-py\.pdb_cache\2HYY,A
4104,ThermoMPNN,2HYY,1.2631423473358154,206,P,F,F:\GENESIS Studio\genesis-studio\packages\engines-py\.pdb_cache\2HYY,A
4105,ThermoMPNN,2HYY,1.530427098274231,206,P,G,F:\GENESIS Studio\genesis-studio\packages\engines-py\.pdb_cache\2HYY,A
4106,ThermoMPNN,2HYY,1.280969262123108,206,P,H,F:\GENESIS Studio\genesis-studio\packages\engines-py\.pdb_cache\2HYY,A
4107,ThermoMPNN,2HYY,1.198935627937317,206,P,I,F:\GENESIS Studio\genesis-studio\packages\engines-py\.pdb_cache\2HYY,A
4108,ThermoMPNN,2HYY,1.2357958555221558,206,P,K,F:\GENESIS Studio\genesis-studio\packages\engines-py\.pdb_cache\2HYY,A
4109,ThermoMPNN,2HYY,1.056034803390503,206,P,L,F:\GENESIS Studio\genesis-studio\packages\engines-py\.pdb_cache\2HYY,A
4110,ThermoMPNN,2HYY,1.0976040363311768,206,P,M,F:\GENESIS Studio\genesis-studio\packages\engines-py\.pdb_cache\2HYY,A
4111,ThermoMPNN,2HYY,1.3206357955932617,206,P,N,F:\GENESIS Studio\genesis-studio\packages\engines-py\.pdb_cache\2HYY,A
4112,ThermoMPNN,2HYY,0.0,206,P,P,F:\GENESIS Studio\genesis-studio\packages\engines-py\.pdb_cache\2HYY,A
4113,ThermoMPNN,2HYY,1.2026050090789795,206,P,Q,F:\GENESIS Studio\genesis-studio\packages\engines-py\.pdb_cache\2HYY,A
4114,ThermoMPNN,2HYY,1.3384549617767334,206,P,R,F:\GENESIS Studio\genesis-studio\packages\engines-py\.pdb_cache\2HYY,A
4115,ThermoMPNN,2HYY,1.167574167251587,206,P,S,F:\GENESIS Studio\genesis-studio\packages\engines-py\.pdb_cache\2HYY,A
4116,ThermoMPNN,2HYY,1.3488458395004272,206,P,T,F:\GENESIS Studio\genesis-studio\packages\engines-py\.pdb_cache\2HYY,A
4117,ThermoMPNN,2HYY,1.2796297073364258,206,P,V,F:\GENESIS Studio\genesis-studio\packages\engines-py\.pdb_cache\2HYY,A
4118,ThermoMPNN,2HYY,1.0909570455551147,206,P,W,F:\GENESIS Studio\genesis-studio\packages\engines-py\.pdb_cache\2HYY,A
4119,ThermoMPNN,2HYY,1.1169867515563965,206,P,Y,F:\GENESIS Studio\genesis-studio\packages\engines-py\.pdb_cache\2HYY,A
4120,ThermoMPNN,2HYY,1.3124240636825562,207,G,A,F:\GENESIS Studio\genesis-studio\packages\engines-py\.pdb_cache\2HYY,A
4121,ThermoMPNN,2HYY,0.5365829467773438,207,G,C,F:\GENESIS Studio\genesis-studio\packages\engines-py\.pdb_cache\2HYY,A
4122,ThermoMPNN,2HYY,1.018730640411377,207,G,D,F:\GENESIS Studio\genesis-studio\packages\engines-py\.pdb_cache\2HYY,A
4123,ThermoMPNN,2HYY,1.1032540798187256,207,G,E,F:\GENESIS Studio\genesis-studio\packages\engines-py\.pdb_cache\2HYY,A
4124,ThermoMPNN,2HYY,1.1424801349639893,207,G,F,F:\GENESIS Studio\genesis-studio\packages\engines-py\.pdb_cache\2HYY,A
4125,ThermoMPNN,2HYY,0.0,207,G,G,F:\GENESIS Studio\genesis-studio\packages\engines-py\.pdb_cache\2HYY,A
4126,ThermoMPNN,2HYY,0.9671682715415955,207,G,H,F:\GENESIS Studio\genesis-studio\packages\engines-py\.pdb_cache\2HYY,A
4127,ThermoMPNN,2HYY,1.8474857807159424,207,G,I,F:\GENESIS Studio\genesis-studio\packages\engines-py\.pdb_cache\2HYY,A
4128,ThermoMPNN,2HYY,1.3306076526641846,207,G,K,F:\GENESIS Studio\genesis-studio\packages\engines-py\.pdb_cache\2HYY,A
4129,ThermoMPNN,2HYY,1.2714669704437256,207,G,L,F:\GENESIS Studio\genesis-studio\packages\engines-py\.pdb_cache\2HYY,A
4130,ThermoMPNN,2HYY,1.1490046977996826,207,G,M,F:\GENESIS Studio\genesis-studio\packages\engines-py\.pdb_cache\2HYY,A
4131,ThermoMPNN,2HYY,0.7211324572563171,207,G,N,F:\GENESIS Studio\genesis-studio\packages\engines-py\.pdb_cache\2HYY,A
4132,ThermoMPNN,2HYY,1.9878730773925781,207,G,P,F:\GENESIS Studio\genesis-studio\packages\engines-py\.pdb_cache\2HYY,A
4133,ThermoMPNN,2HYY,1.2461414337158203,207,G,Q,F:\GENESIS Studio\genesis-studio\packages\engines-py\.pdb_cache\2HYY,A
4134,ThermoMPNN,2HYY,1.3107573986053467,207,G,R,F:\GENESIS Studio\genesis-studio\packages\engines-py\.pdb_cache\2HYY,A
4135,ThermoMPNN,2HYY,1.303832769393921,207,G,S,F:\GENESIS Studio\genesis-studio\packages\engines-py\.pdb_cache\2HYY,A
4136,ThermoMPNN,2HYY,1.6791422367095947,207,G,T,F:\GENESIS Studio\genesis-studio\packages\engines-py\.pdb_cache\2HYY,A
4137,ThermoMPNN,2HYY,1.8548415899276733,207,G,V,F:\GENESIS Studio\genesis-studio\packages\engines-py\.pdb_cache\2HYY,A
4138,ThermoMPNN,2HYY,1.365513801574707,207,G,W,F:\GENESIS Studio\genesis-studio\packages\engines-py\.pdb_cache\2HYY,A
4139,ThermoMPNN,2HYY,1.1910396814346313,207,G,Y,F:\GENESIS Studio\genesis-studio\packages\engines-py\.pdb_cache\2HYY,A
4140,ThermoMPNN,2HYY,1.8548729419708252,208,I,A,F:\GENESIS Studio\genesis-studio\packages\engines-py\.pdb_cache\2HYY,A
4141,ThermoMPNN,2HYY,1.252995252609253,208,I,C,F:\GENESIS Studio\genesis-studio\packages\engines-py\.pdb_cache\2HYY,A
4142,ThermoMPNN,2HYY,2.3164567947387695,208,I,D,F:\GENESIS Studio\genesis-studio\packages\engines-py\.pdb_cache\2HYY,A
4143,ThermoMPNN,2HYY,2.2358851432800293,208,I,E,F:\GENESIS Studio\genesis-studio\packages\engines-py\.pdb_cache\2HYY,A
4144,ThermoMPNN,2HYY,1.3178484439849854,208,I,F,F:\GENESIS Studio\genesis-studio\packages\engines-py\.pdb_cache\2HYY,A
4145,ThermoMPNN,2HYY,2.489084482192993,208,I,G,F:\GENESIS Studio\genesis-studio\packages\engines-py\.pdb_cache\2HYY,A
4146,ThermoMPNN,2HYY,1.9569358825683594,208,I,H,F:\GENESIS Studio\genesis-studio\packages\engines-py\.pdb_cache\2HYY,A
4147,ThermoMPNN,2HYY,0.0,208,I,I,F:\GENESIS Studio\genesis-studio\packages\engines-py\.pdb_cache\2HYY,A
4148,ThermoMPNN,2HYY,2.066136121749878,208,I,K,F:\GENESIS Studio\genesis-studio\packages\engines-py\.pdb_cache\2HYY,A
4149,ThermoMPNN,2HYY,0.5718799829483032,208,I,L,F:\GENESIS Studio\genesis-studio\packages\engines-py\.pdb_cache\2HYY,A
4150,ThermoMPNN,2HYY,1.243922472000122,208,I,M,F:\GENESIS Studio\genesis-studio\packages\engines-py\.pdb_cache\2HYY,A
4151,ThermoMPNN,2HYY,2.269437074661255,208,I,N,F:\GENESIS Studio\genesis-studio\packages\engines-py\.pdb_cache\2HYY,A
4152,ThermoMPNN,2HYY,2.496119499206543,208,I,P,F:\GENESIS Studio\genesis-studio\packages\engines-py\.pdb_cache\2HYY,A
4153,ThermoMPNN,2HYY,2.1062042713165283,208,I,Q,F:\GENESIS Studio\genesis-studio\packages\engines-py\.pdb_cache\2HYY,A
4154,ThermoMPNN,2HYY,2.1517319679260254,208,I,R,F:\GENESIS Studio\genesis-studio\packages\engines-py\.pdb_cache\2HYY,A
4155,ThermoMPNN,2HYY,2.1886045932769775,208,I,S,F:\GENESIS Studio\genesis-studio\packages\engines-py\.pdb_cache\2HYY,A
4156,ThermoMPNN,2HYY,1.5711207389831543,208,I,T,F:\GENESIS Studio\genesis-studio\packages\engines-py\.pdb_cache\2HYY,A
4157,ThermoMPNN,2HYY,0.49724531173706055,208,I,V,F:\GENESIS Studio\genesis-studio\packages\engines-py\.pdb_cache\2HYY,A
4158,ThermoMPNN,2HYY,1.5171315670013428,208,I,W,F:\GENESIS Studio\genesis-studio\packages\engines-py\.pdb_cache\2HYY,A
4159,ThermoMPNN,2HYY,1.450331687927246,208,I,Y,F:\GENESIS Studio\genesis-studio\packages\engines-py\.pdb_cache\2HYY,A
4160,ThermoMPNN,2HYY,0.5432347059249878,209,D,A,F:\GENESIS Studio\genesis-studio\packages\engines-py\.pdb_cache\2HYY,A
4161,ThermoMPNN,2HYY,0.3803532123565674,209,D,C,F:\GENESIS Studio\genesis-studio\packages\engines-py\.pdb_cache\2HYY,A
4162,ThermoMPNN,2HYY,0.0,209,D,D,F:\GENESIS Studio\genesis-studio\packages\engines-py\.pdb_cache\2HYY,A
4163,ThermoMPNN,2HYY,0.4870036840438843,209,D,E,F:\GENESIS Studio\genesis-studio\packages\engines-py\.pdb_cache\2HYY,A
4164,ThermoMPNN,2HYY,1.1395270824432373,209,D,F,F:\GENESIS Studio\genesis-studio\packages\engines-py\.pdb_cache\2HYY,A
4165,ThermoMPNN,2HYY,1.0258979797363281,209,D,G,F:\GENESIS Studio\genesis-studio\packages\engines-py\.pdb_cache\2HYY,A
4166,ThermoMPNN,2HYY,0.8722923994064331,209,D,H,F:\GENESIS Studio\genesis-studio\packages\engines-py\.pdb_cache\2HYY,A
4167,ThermoMPNN,2HYY,1.0804007053375244,209,D,I,F:\GENESIS Studio\genesis-studio\packages\engines-py\.pdb_cache\2HYY,A
4168,ThermoMPNN,2HYY,1.0231881141662598,209,D,K,F:\GENESIS Studio\genesis-studio\packages\engines-py\.pdb_cache\2HYY,A
4169,ThermoMPNN,2HYY,0.8846351504325867,209,D,L,F:\GENESIS Studio\genesis-studio\packages\engines-py\.pdb_cache\2HYY,A
4170,ThermoMPNN,2HYY,0.9992597103118896,209,D,M,F:\GENESIS Studio\genesis-studio\packages\engines-py\.pdb_cache\2HYY,A
4171,ThermoMPNN,2HYY,0.6166945695877075,209,D,N,F:\GENESIS Studio\genesis-studio\packages\engines-py\.pdb_cache\2HYY,A
4172,ThermoMPNN,2HYY,-0.2524590492248535,209,D,P,F:\GENESIS Studio\genesis-studio\packages\engines-py\.pdb_cache\2HYY,A
4173,ThermoMPNN,2HYY,0.7923539876937866,209,D,Q,F:\GENESIS Studio\genesis-studio\packages\engines-py\.pdb_cache\2HYY,A
4174,ThermoMPNN,2HYY,1.1778525114059448,209,D,R,F:\GENESIS Studio\genesis-studio\packages\engines-py\.pdb_cache\2HYY,A
4175,ThermoMPNN,2HYY,0.3109745979309082,209,D,S,F:\GENESIS Studio\genesis-studio\packages\engines-py\.pdb_cache\2HYY,A
4176,ThermoMPNN,2HYY,0.8232849836349487,209,D,T,F:\GENESIS Studio\genesis-studio\packages\engines-py\.pdb_cache\2HYY,A
4177,ThermoMPNN,2HYY,1.0600988864898682,209,D,V,F:\GENESIS Studio\genesis-studio\packages\engines-py\.pdb_cache\2HYY,A
4178,ThermoMPNN,2HYY,1.0690118074417114,209,D,W,F:\GENESIS Studio\genesis-studio\packages\engines-py\.pdb_cache\2HYY,A
4179,ThermoMPNN,2HYY,1.1505703926086426,209,D,Y,F:\GENESIS Studio\genesis-studio\packages\engines-py\.pdb_cache\2HYY,A
4180,ThermoMPNN,2HYY,0.37170547246932983,210,L,A,F:\GENESIS Studio\genesis-studio\packages\engines-py\.pdb_cache\2HYY,A
4181,ThermoMPNN,2HYY,0.19321197271347046,210,L,C,F:\GENESIS Studio\genesis-studio\packages\engines-py\.pdb_cache\2HYY,A
4182,ThermoMPNN,2HYY,0.4256324768066406,210,L,D,F:\GENESIS Studio\genesis-studio\packages\engines-py\.pdb_cache\2HYY,A
4183,ThermoMPNN,2HYY,0.6268088817596436,210,L,E,F:\GENESIS Studio\genesis-studio\packages\engines-py\.pdb_cache\2HYY,A
4184,ThermoMPNN,2HYY,0.526874840259552,210,L,F,F:\GENESIS Studio\genesis-studio\packages\engines-py\.pdb_cache\2HYY,A
4185,ThermoMPNN,2HYY,0.8584252595901489,210,L,G,F:\GENESIS Studio\genesis-studio\packages\engines-py\.pdb_cache\2HYY,A
4186,ThermoMPNN,2HYY,0.4733913540840149,210,L,H,F:\GENESIS Studio\genesis-studio\packages\engines-py\.pdb_cache\2HYY,A
4187,ThermoMPNN,2HYY,0.08308494091033936,210,L,I,F:\GENESIS Studio\genesis-studio\packages\engines-py\.pdb_cache\2HYY,A
4188,ThermoMPNN,2HYY,0.7950966954231262,210,L,K,F:\GENESIS Studio\genesis-studio\packages\engines-py\.pdb_cache\2HYY,A
4189,ThermoMPNN,2HYY,0.0,210,L,L,F:\GENESIS Studio\genesis-studio\packages\engines-py\.pdb_cache\2HYY,A
4190,ThermoMPNN,2HYY,0.4318525195121765,210,L,M,F:\GENESIS Studio\genesis-studio\packages\engines-py\.pdb_cache\2HYY,A
4191,ThermoMPNN,2HYY,0.418798565864563,210,L,N,F:\GENESIS Studio\genesis-studio\packages\engines-py\.pdb_cache\2HYY,A
4192,ThermoMPNN,2HYY,0.37454670667648315,210,L,P,F:\GENESIS Studio\genesis-studio\packages\engines-py\.pdb_cache\2HYY,A
4193,ThermoMPNN,2HYY,0.7556489706039429,210,L,Q,F:\GENESIS Studio\genesis-studio\packages\engines-py\.pdb_cache\2HYY,A
4194,ThermoMPNN,2HYY,0.8055145144462585,210,L,R,F:\GENESIS Studio\genesis-studio\packages\engines-py\.pdb_cache\2HYY,A
4195,ThermoMPNN,2HYY,0.3967169523239136,210,L,S,F:\GENESIS Studio\genesis-studio\packages\engines-py\.pdb_cache\2HYY,A
4196,ThermoMPNN,2HYY,0.35429292917251587,210,L,T,F:\GENESIS Studio\genesis-studio\packages\engines-py\.pdb_cache\2HYY,A
4197,ThermoMPNN,2HYY,0.1550859808921814,210,L,V,F:\GENESIS Studio\genesis-studio\packages\engines-py\.pdb_cache\2HYY,A
4198,ThermoMPNN,2HYY,0.3874008059501648,210,L,W,F:\GENESIS Studio\genesis-studio\packages\engines-py\.pdb_cache\2HYY,A
4199,ThermoMPNN,2HYY,0.3908264636993408,210,L,Y,F:\GENESIS Studio\genesis-studio\packages\engines-py\.pdb_cache\2HYY,A
4200,ThermoMPNN,2HYY,0.007492661476135254,211,S,A,F:\GENESIS Studio\genesis-studio\packages\engines-py\.pdb_cache\2HYY,A
4201,ThermoMPNN,2HYY,0.13173705339431763,211,S,C,F:\GENESIS Studio\genesis-studio\packages\engines-py\.pdb_cache\2HYY,A
4202,ThermoMPNN,2HYY,0.27067744731903076,211,S,D,F:\GENESIS Studio\genesis-studio\packages\engines-py\.pdb_cache\2HYY,A
4203,ThermoMPNN,2HYY,0.22452014684677124,211,S,E,F:\GENESIS Studio\genesis-studio\packages\engines-py\.pdb_cache\2HYY,A
4204,ThermoMPNN,2HYY,0.5305525660514832,211,S,F,F:\GENESIS Studio\genesis-studio\packages\engines-py\.pdb_cache\2HYY,A
4205,ThermoMPNN,2HYY,0.26375091075897217,211,S,G,F:\GENESIS Studio\genesis-studio\packages\engines-py\.pdb_cache\2HYY,A
4206,ThermoMPNN,2HYY,0.3641096353530884,211,S,H,F:\GENESIS Studio\genesis-studio\packages\engines-py\.pdb_cache\2HYY,A
4207,ThermoMPNN,2HYY,0.5277833938598633,211,S,I,F:\GENESIS Studio\genesis-studio\packages\engines-py\.pdb_cache\2HYY,A
4208,ThermoMPNN,2HYY,0.2713562846183777,211,S,K,F:\GENESIS Studio\genesis-studio\packages\engines-py\.pdb_cache\2HYY,A
4209,ThermoMPNN,2HYY,0.43618959188461304,211,S,L,F:\GENESIS Studio\genesis-studio\packages\engines-py\.pdb_cache\2HYY,A
4210,ThermoMPNN,2HYY,0.3695020079612732,211,S,M,F:\GENESIS Studio\genesis-studio\packages\engines-py\.pdb_cache\2HYY,A
4211,ThermoMPNN,2HYY,0.28318411111831665,211,S,N,F:\GENESIS Studio\genesis-studio\packages\engines-py\.pdb_cache\2HYY,A
4212,ThermoMPNN,2HYY,1.0492324829101562,211,S,P,F:\GENESIS Studio\genesis-studio\packages\engines-py\.pdb_cache\2HYY,A
4213,ThermoMPNN,2HYY,0.27808278799057007,211,S,Q,F:\GENESIS Studio\genesis-studio\packages\engines-py\.pdb_cache\2HYY,A
4214,ThermoMPNN,2HYY,0.32181334495544434,211,S,R,F:\GENESIS Studio\genesis-studio\packages\engines-py\.pdb_cache\2HYY,A
4215,ThermoMPNN,2HYY,0.0,211,S,S,F:\GENESIS Studio\genesis-studio\packages\engines-py\.pdb_cache\2HYY,A
4216,ThermoMPNN,2HYY,0.2362614870071411,211,S,T,F:\GENESIS Studio\genesis-studio\packages\engines-py\.pdb_cache\2HYY,A
4217,ThermoMPNN,2HYY,0.6355069875717163,211,S,V,F:\GENESIS Studio\genesis-studio\packages\engines-py\.pdb_cache\2HYY,A
4218,ThermoMPNN,2HYY,0.44770026206970215,211,S,W,F:\GENESIS Studio\genesis-studio\packages\engines-py\.pdb_cache\2HYY,A
4219,ThermoMPNN,2HYY,0.5642457604408264,211,S,Y,F:\GENESIS Studio\genesis-studio\packages\engines-py\.pdb_cache\2HYY,A
4220,ThermoMPNN,2HYY,0.43244194984436035,212,Q,A,F:\GENESIS Studio\genesis-studio\packages\engines-py\.pdb_cache\2HYY,A
4221,ThermoMPNN,2HYY,0.3563051223754883,212,Q,C,F:\GENESIS Studio\genesis-studio\packages\engines-py\.pdb_cache\2HYY,A
4222,ThermoMPNN,2HYY,1.3418347835540771,212,Q,D,F:\GENESIS Studio\genesis-studio\packages\engines-py\.pdb_cache\2HYY,A
4223,ThermoMPNN,2HYY,0.8668596744537354,212,Q,E,F:\GENESIS Studio\genesis-studio\packages\engines-py\.pdb_cache\2HYY,A
4224,ThermoMPNN,2HYY,0.5481863021850586,212,Q,F,F:\GENESIS Studio\genesis-studio\packages\engines-py\.pdb_cache\2HYY,A
4225,ThermoMPNN,2HYY,1.3675950765609741,212,Q,G,F:\GENESIS Studio\genesis-studio\packages\engines-py\.pdb_cache\2HYY,A
4226,ThermoMPNN,2HYY,0.666671633720398,212,Q,H,F:\GENESIS Studio\genesis-studio\packages\engines-py\.pdb_cache\2HYY,A
4227,ThermoMPNN,2HYY,0.24862885475158691,212,Q,I,F:\GENESIS Studio\genesis-studio\packages\engines-py\.pdb_cache\2HYY,A
4228,ThermoMPNN,2HYY,0.2803468704223633,212,Q,K,F:\GENESIS Studio\genesis-studio\packages\engines-py\.pdb_cache\2HYY,A
4229,ThermoMPNN,2HYY,0.12332892417907715,212,Q,L,F:\GENESIS Studio\genesis-studio\packages\engines-py\.pdb_cache\2HYY,A
4230,ThermoMPNN,2HYY,-0.008862137794494629,212,Q,M,F:\GENESIS Studio\genesis-studio\packages\engines-py\.pdb_cache\2HYY,A
4231,ThermoMPNN,2HYY,1.0844228267669678,212,Q,N,F:\GENESIS Studio\genesis-studio\packages\engines-py\.pdb_cache\2HYY,A
4232,ThermoMPNN,2HYY,2.599828004837036,212,Q,P,F:\GENESIS Studio\genesis-studio\packages\engines-py\.pdb_cache\2HYY,A
4233,ThermoMPNN,2HYY,0.0,212,Q,Q,F:\GENESIS Studio\genesis-studio\packages\engines-py\.pdb_cache\2HYY,A
4234,ThermoMPNN,2HYY,0.3211709260940552,212,Q,R,F:\GENESIS Studio\genesis-studio\packages\engines-py\.pdb_cache\2HYY,A
4235,ThermoMPNN,2HYY,0.6018810272216797,212,Q,S,F:\GENESIS Studio\genesis-studio\packages\engines-py\.pdb_cache\2HYY,A
4236,ThermoMPNN,2HYY,0.5082940459251404,212,Q,T,F:\GENESIS Studio\genesis-studio\packages\engines-py\.pdb_cache\2HYY,A
4237,ThermoMPNN,2HYY,0.3350212574005127,212,Q,V,F:\GENESIS Studio\genesis-studio\packages\engines-py\.pdb_cache\2HYY,A
4238,ThermoMPNN,2HYY,0.540549635887146,212,Q,W,F:\GENESIS Studio\genesis-studio\packages\engines-py\.pdb_cache\2HYY,A
4239,ThermoMPNN,2HYY,0.6118190884590149,212,Q,Y,F:\GENESIS Studio\genesis-studio\packages\engines-py\.pdb_cache\2HYY,A
4240,ThermoMPNN,2HYY,1.8248196840286255,213,V,A,F:\GENESIS Studio\genesis-studio\packages\engines-py\.pdb_cache\2HYY,A
4241,ThermoMPNN,2HYY,0.8998590707778931,213,V,C,F:\GENESIS Studio\genesis-studio\packages\engines-py\.pdb_cache\2HYY,A
4242,ThermoMPNN,2HYY,2.3920397758483887,213,V,D,F:\GENESIS Studio\genesis-studio\packages\engines-py\.pdb_cache\2HYY,A
4243,ThermoMPNN,2HYY,2.4171299934387207,213,V,E,F:\GENESIS Studio\genesis-studio\packages\engines-py\.pdb_cache\2HYY,A
4244,ThermoMPNN,2HYY,0.8444839715957642,213,V,F,F:\GENESIS Studio\genesis-studio\packages\engines-py\.pdb_cache\2HYY,A
4245,ThermoMPNN,2HYY,2.455589532852173,213,V,G,F:\GENESIS Studio\genesis-studio\packages\engines-py\.pdb_cache\2HYY,A
4246,ThermoMPNN,2HYY,2.1461358070373535,213,V,H,F:\GENESIS Studio\genesis-studio\packages\engines-py\.pdb_cache\2HYY,A
4247,ThermoMPNN,2HYY,-0.4073619842529297,213,V,I,F:\GENESIS Studio\genesis-studio\packages\engines-py\.pdb_cache\2HYY,A
4248,ThermoMPNN,2HYY,2.630617141723633,213,V,K,F:\GENESIS Studio\genesis-studio\packages\engines-py\.pdb_cache\2HYY,A
4249,ThermoMPNN,2HYY,-0.40088677406311035,213,V,L,F:\GENESIS Studio\genesis-studio\packages\engines-py\.pdb_cache\2HYY,A
4250,ThermoMPNN,2HYY,0.7477867603302002,213,V,M,F:\GENESIS Studio\genesis-studio\packages\engines-py\.pdb_cache\2HYY,A
4251,ThermoMPNN,2HYY,2.430889368057251,213,V,N,F:\GENESIS Studio\genesis-studio\packages\engines-py\.pdb_cache\2HYY,A
4252,ThermoMPNN,2HYY,2.5231597423553467,213,V,P,F:\GENESIS Studio\genesis-studio\packages\engines-py\.pdb_cache\2HYY,A
4253,ThermoMPNN,2HYY,2.593148946762085,213,V,Q,F:\GENESIS Studio\genesis-studio\packages\engines-py\.pdb_cache\2HYY,A
4254,ThermoMPNN,2HYY,2.6183652877807617,213,V,R,F:\GENESIS Studio\genesis-studio\packages\engines-py\.pdb_cache\2HYY,A
4255,ThermoMPNN,2HYY,2.5294370651245117,213,V,S,F:\GENESIS Studio\genesis-studio\packages\engines-py\.pdb_cache\2HYY,A
4256,ThermoMPNN,2HYY,1.9962055683135986,213,V,T,F:\GENESIS Studio\genesis-studio\packages\engines-py\.pdb_cache\2HYY,A
4257,ThermoMPNN,2HYY,0.0,213,V,V,F:\GENESIS Studio\genesis-studio\packages\engines-py\.pdb_cache\2HYY,A
4258,ThermoMPNN,2HYY,1.3764967918395996,213,V,W,F:\GENESIS Studio\genesis-studio\packages\engines-py\.pdb_cache\2HYY,A
4259,ThermoMPNN,2HYY,1.1320931911468506,213,V,Y,F:\GENESIS Studio\genesis-studio\packages\engines-py\.pdb_cache\2HYY,A
4260,ThermoMPNN,2HYY,1.7766231298446655,214,Y,A,F:\GENESIS Studio\genesis-studio\packages\engines-py\.pdb_cache\2HYY,A
4261,ThermoMPNN,2HYY,0.7678614854812622,214,Y,C,F:\GENESIS Studio\genesis-studio\packages\engines-py\.pdb_cache\2HYY,A
4262,ThermoMPNN,2HYY,2.557410717010498,214,Y,D,F:\GENESIS Studio\genesis-studio\packages\engines-py\.pdb_cache\2HYY,A
4263,ThermoMPNN,2HYY,2.0777223110198975,214,Y,E,F:\GENESIS Studio\genesis-studio\packages\engines-py\.pdb_cache\2HYY,A
4264,ThermoMPNN,2HYY,0.07565808296203613,214,Y,F,F:\GENESIS Studio\genesis-studio\packages\engines-py\.pdb_cache\2HYY,A
4265,ThermoMPNN,2HYY,2.3509931564331055,214,Y,G,F:\GENESIS Studio\genesis-studio\packages\engines-py\.pdb_cache\2HYY,A
4266,ThermoMPNN,2HYY,1.39725923538208,214,Y,H,F:\GENESIS Studio\genesis-studio\packages\engines-py\.pdb_cache\2HYY,A
4267,ThermoMPNN,2HYY,0.6355611085891724,214,Y,I,F:\GENESIS Studio\genesis-studio\packages\engines-py\.pdb_cache\2HYY,A
4268,ThermoMPNN,2HYY,1.618777871131897,214,Y,K,F:\GENESIS Studio\genesis-studio\packages\engines-py\.pdb_cache\2HYY,A
4269,ThermoMPNN,2HYY,0.2895728349685669,214,Y,L,F:\GENESIS Studio\genesis-studio\packages\engines-py\.pdb_cache\2HYY,A
4270,ThermoMPNN,2HYY,0.6525299549102783,214,Y,M,F:\GENESIS Studio\genesis-studio\packages\engines-py\.pdb_cache\2HYY,A
4271,ThermoMPNN,2HYY,2.1265780925750732,214,Y,N,F:\GENESIS Studio\genesis-studio\packages\engines-py\.pdb_cache\2HYY,A
4272,ThermoMPNN,2HYY,1.9147884845733643,214,Y,P,F:\GENESIS Studio\genesis-studio\packages\engines-py\.pdb_cache\2HYY,A
4273,ThermoMPNN,2HYY,1.7750463485717773,214,Y,Q,F:\GENESIS Studio\genesis-studio\packages\engines-py\.pdb_cache\2HYY,A
4274,ThermoMPNN,2HYY,1.5144736766815186,214,Y,R,F:\GENESIS Studio\genesis-studio\packages\engines-py\.pdb_cache\2HYY,A
4275,ThermoMPNN,2HYY,2.013014316558838,214,Y,S,F:\GENESIS Studio\genesis-studio\packages\engines-py\.pdb_cache\2HYY,A
4276,ThermoMPNN,2HYY,1.7264599800109863,214,Y,T,F:\GENESIS Studio\genesis-studio\packages\engines-py\.pdb_cache\2HYY,A
4277,ThermoMPNN,2HYY,0.9243407249450684,214,Y,V,F:\GENESIS Studio\genesis-studio\packages\engines-py\.pdb_cache\2HYY,A
4278,ThermoMPNN,2HYY,-0.1119685173034668,214,Y,W,F:\GENESIS Studio\genesis-studio\packages\engines-py\.pdb_cache\2HYY,A
4279,ThermoMPNN,2HYY,0.0,214,Y,Y,F:\GENESIS Studio\genesis-studio\packages\engines-py\.pdb_cache\2HYY,A
4280,ThermoMPNN,2HYY,-0.01020205020904541,215,E,A,F:\GENESIS Studio\genesis-studio\packages\engines-py\.pdb_cache\2HYY,A
4281,ThermoMPNN,2HYY,0.015396952629089355,215,E,C,F:\GENESIS Studio\genesis-studio\packages\engines-py\.pdb_cache\2HYY,A
4282,ThermoMPNN,2HYY,0.3097984790802002,215,E,D,F:\GENESIS Studio\genesis-studio\packages\engines-py\.pdb_cache\2HYY,A
4283,ThermoMPNN,2HYY,0.0,215,E,E,F:\GENESIS Studio\genesis-studio\packages\engines-py\.pdb_cache\2HYY,A
4284,ThermoMPNN,2HYY,0.40785878896713257,215,E,F,F:\GENESIS Studio\genesis-studio\packages\engines-py\.pdb_cache\2HYY,A
4285,ThermoMPNN,2HYY,0.37994104623794556,215,E,G,F:\GENESIS Studio\genesis-studio\packages\engines-py\.pdb_cache\2HYY,A
4286,ThermoMPNN,2HYY,0.2654610276222229,215,E,H,F:\GENESIS Studio\genesis-studio\packages\engines-py\.pdb_cache\2HYY,A
4287,ThermoMPNN,2HYY,0.28910231590270996,215,E,I,F:\GENESIS Studio\genesis-studio\packages\engines-py\.pdb_cache\2HYY,A
4288,ThermoMPNN,2HYY,0.2251605987548828,215,E,K,F:\GENESIS Studio\genesis-studio\packages\engines-py\.pdb_cache\2HYY,A
4289,ThermoMPNN,2HYY,0.31963270902633667,215,E,L,F:\GENESIS Studio\genesis-studio\packages\engines-py\.pdb_cache\2HYY,A
4290,ThermoMPNN,2HYY,0.2820303440093994,215,E,M,F:\GENESIS Studio\genesis-studio\packages\engines-py\.pdb_cache\2HYY,A
4291,ThermoMPNN,2HYY,0.381355881690979,215,E,N,F:\GENESIS Studio\genesis-studio\packages\engines-py\.pdb_cache\2HYY,A
4292,ThermoMPNN,2HYY,0.16537892818450928,215,E,P,F:\GENESIS Studio\genesis-studio\packages\engines-py\.pdb_cache\2HYY,A
4293,ThermoMPNN,2HYY,0.1548701524734497,215,E,Q,F:\GENESIS Studio\genesis-studio\packages\engines-py\.pdb_cache\2HYY,A
4294,ThermoMPNN,2HYY,0.2652248740196228,215,E,R,F:\GENESIS Studio\genesis-studio\packages\engines-py\.pdb_cache\2HYY,A
4295,ThermoMPNN,2HYY,0.051770031452178955,215,E,S,F:\GENESIS Studio\genesis-studio\packages\engines-py\.pdb_cache\2HYY,A
4296,ThermoMPNN,2HYY,0.22864097356796265,215,E,T,F:\GENESIS Studio\genesis-studio\packages\engines-py\.pdb_cache\2HYY,A
4297,ThermoMPNN,2HYY,0.2875208854675293,215,E,V,F:\GENESIS Studio\genesis-studio\packages\engines-py\.pdb_cache\2HYY,A
4298,ThermoMPNN,2HYY,0.3450435996055603,215,E,W,F:\GENESIS Studio\genesis-studio\packages\engines-py\.pdb_cache\2HYY,A
4299,ThermoMPNN,2HYY,0.34005558490753174,215,E,Y,F:\GENESIS Studio\genesis-studio\packages\engines-py\.pdb_cache\2HYY,A
4300,ThermoMPNN,2HYY,1.4275352954864502,216,L,A,F:\GENESIS Studio\genesis-studio\packages\engines-py\.pdb_cache\2HYY,A
4301,ThermoMPNN,2HYY,0.8837220668792725,216,L,C,F:\GENESIS Studio\genesis-studio\packages\engines-py\.pdb_cache\2HYY,A
4302,ThermoMPNN,2HYY,2.255852699279785,216,L,D,F:\GENESIS Studio\genesis-studio\packages\engines-py\.pdb_cache\2HYY,A
4303,ThermoMPNN,2HYY,1.9885478019714355,216,L,E,F:\GENESIS Studio\genesis-studio\packages\engines-py\.pdb_cache\2HYY,A
4304,ThermoMPNN,2HYY,0.9982812404632568,216,L,F,F:\GENESIS Studio\genesis-studio\packages\engines-py\.pdb_cache\2HYY,A
4305,ThermoMPNN,2HYY,2.0252225399017334,216,L,G,F:\GENESIS Studio\genesis-studio\packages\engines-py\.pdb_cache\2HYY,A
4306,ThermoMPNN,2HYY,1.4965776205062866,216,L,H,F:\GENESIS Studio\genesis-studio\packages\engines-py\.pdb_cache\2HYY,A
4307,ThermoMPNN,2HYY,1.1992461681365967,216,L,I,F:\GENESIS Studio\genesis-studio\packages\engines-py\.pdb_cache\2HYY,A
4308,ThermoMPNN,2HYY,1.1211042404174805,216,L,K,F:\GENESIS Studio\genesis-studio\packages\engines-py\.pdb_cache\2HYY,A
4309,ThermoMPNN,2HYY,0.0,216,L,L,F:\GENESIS Studio\genesis-studio\packages\engines-py\.pdb_cache\2HYY,A
4310,ThermoMPNN,2HYY,0.5280649662017822,216,L,M,F:\GENESIS Studio\genesis-studio\packages\engines-py\.pdb_cache\2HYY,A
4311,ThermoMPNN,2HYY,1.6386100053787231,216,L,N,F:\GENESIS Studio\genesis-studio\packages\engines-py\.pdb_cache\2HYY,A
4312,ThermoMPNN,2HYY,3.01505446434021,216,L,P,F:\GENESIS Studio\genesis-studio\packages\engines-py\.pdb_cache\2HYY,A
4313,ThermoMPNN,2HYY,1.4932883977890015,216,L,Q,F:\GENESIS Studio\genesis-studio\packages\engines-py\.pdb_cache\2HYY,A
4314,ThermoMPNN,2HYY,0.9062047004699707,216,L,R,F:\GENESIS Studio\genesis-studio\packages\engines-py\.pdb_cache\2HYY,A
4315,ThermoMPNN,2HYY,1.8439538478851318,216,L,S,F:\GENESIS Studio\genesis-studio\packages\engines-py\.pdb_cache\2HYY,A
4316,ThermoMPNN,2HYY,1.8399043083190918,216,L,T,F:\GENESIS Studio\genesis-studio\packages\engines-py\.pdb_cache\2HYY,A
4317,ThermoMPNN,2HYY,1.6066887378692627,216,L,V,F:\GENESIS Studio\genesis-studio\packages\engines-py\.pdb_cache\2HYY,A
4318,ThermoMPNN,2HYY,1.1568188667297363,216,L,W,F:\GENESIS Studio\genesis-studio\packages\engines-py\.pdb_cache\2HYY,A
4319,ThermoMPNN,2HYY,1.2350685596466064,216,L,Y,F:\GENESIS Studio\genesis-studio\packages\engines-py\.pdb_cache\2HYY,A
4320,ThermoMPNN,2HYY,2.325632095336914,217,L,A,F:\GENESIS Studio\genesis-studio\packages\engines-py\.pdb_cache\2HYY,A
4321,ThermoMPNN,2HYY,1.5062328577041626,217,L,C,F:\GENESIS Studio\genesis-studio\packages\engines-py\.pdb_cache\2HYY,A
4322,ThermoMPNN,2HYY,3.393174409866333,217,L,D,F:\GENESIS Studio\genesis-studio\packages\engines-py\.pdb_cache\2HYY,A
4323,ThermoMPNN,2HYY,2.7422049045562744,217,L,E,F:\GENESIS Studio\genesis-studio\packages\engines-py\.pdb_cache\2HYY,A
4324,ThermoMPNN,2HYY,1.564997911453247,217,L,F,F:\GENESIS Studio\genesis-studio\packages\engines-py\.pdb_cache\2HYY,A
4325,ThermoMPNN,2HYY,3.3180344104766846,217,L,G,F:\GENESIS Studio\genesis-studio\packages\engines-py\.pdb_cache\2HYY,A
4326,ThermoMPNN,2HYY,2.2456207275390625,217,L,H,F:\GENESIS Studio\genesis-studio\packages\engines-py\.pdb_cache\2HYY,A
4327,ThermoMPNN,2HYY,0.5890204906463623,217,L,I,F:\GENESIS Studio\genesis-studio\packages\engines-py\.pdb_cache\2HYY,A
4328,ThermoMPNN,2HYY,1.6183106899261475,217,L,K,F:\GENESIS Studio\genesis-studio\packages\engines-py\.pdb_cache\2HYY,A
4329,ThermoMPNN,2HYY,0.0,217,L,L,F:\GENESIS Studio\genesis-studio\packages\engines-py\.pdb_cache\2HYY,A
4330,ThermoMPNN,2HYY,0.8064002990722656,217,L,M,F:\GENESIS Studio\genesis-studio\packages\engines-py\.pdb_cache\2HYY,A
4331,ThermoMPNN,2HYY,2.5735225677490234,217,L,N,F:\GENESIS Studio\genesis-studio\packages\engines-py\.pdb_cache\2HYY,A
4332,ThermoMPNN,2HYY,3.3046305179595947,217,L,P,F:\GENESIS Studio\genesis-studio\packages\engines-py\.pdb_cache\2HYY,A
4333,ThermoMPNN,2HYY,2.0649094581604004,217,L,Q,F:\GENESIS Studio\genesis-studio\packages\engines-py\.pdb_cache\2HYY,A
4334,ThermoMPNN,2HYY,1.295335292816162,217,L,R,F:\GENESIS Studio\genesis-studio\packages\engines-py\.pdb_cache\2HYY,A
4335,ThermoMPNN,2HYY,2.6077468395233154,217,L,S,F:\GENESIS Studio\genesis-studio\packages\engines-py\.pdb_cache\2HYY,A
4336,ThermoMPNN,2HYY,1.9235152006149292,217,L,T,F:\GENESIS Studio\genesis-studio\packages\engines-py\.pdb_cache\2HYY,A
4337,ThermoMPNN,2HYY,0.9981589317321777,217,L,V,F:\GENESIS Studio\genesis-studio\packages\engines-py\.pdb_cache\2HYY,A
4338,ThermoMPNN,2HYY,1.375963568687439,217,L,W,F:\GENESIS Studio\genesis-studio\packages\engines-py\.pdb_cache\2HYY,A
4339,ThermoMPNN,2HYY,1.6459252834320068,217,L,Y,F:\GENESIS Studio\genesis-studio\packages\engines-py\.pdb_cache\2HYY,A
4340,ThermoMPNN,2HYY,-0.04856836795806885,218,E,A,F:\GENESIS Studio\genesis-studio\packages\engines-py\.pdb_cache\2HYY,A
4341,ThermoMPNN,2HYY,-0.3683795928955078,218,E,C,F:\GENESIS Studio\genesis-studio\packages\engines-py\.pdb_cache\2HYY,A
4342,ThermoMPNN,2HYY,0.9982870221138,218,E,D,F:\GENESIS Studio\genesis-studio\packages\engines-py\.pdb_cache\2HYY,A
4343,ThermoMPNN,2HYY,0.0,218,E,E,F:\GENESIS Studio\genesis-studio\packages\engines-py\.pdb_cache\2HYY,A
4344,ThermoMPNN,2HYY,0.09442418813705444,218,E,F,F:\GENESIS Studio\genesis-studio\packages\engines-py\.pdb_cache\2HYY,A
4345,ThermoMPNN,2HYY,0.8446661233901978,218,E,G,F:\GENESIS Studio\genesis-studio\packages\engines-py\.pdb_cache\2HYY,A
4346,ThermoMPNN,2HYY,0.3138522505760193,218,E,H,F:\GENESIS Studio\genesis-studio\packages\engines-py\.pdb_cache\2HYY,A
4347,ThermoMPNN,2HYY,-0.41617751121520996,218,E,I,F:\GENESIS Studio\genesis-studio\packages\engines-py\.pdb_cache\2HYY,A
4348,ThermoMPNN,2HYY,-0.23984384536743164,218,E,K,F:\GENESIS Studio\genesis-studio\packages\engines-py\.pdb_cache\2HYY,A
4349,ThermoMPNN,2HYY,-0.4560728073120117,218,E,L,F:\GENESIS Studio\genesis-studio\packages\engines-py\.pdb_cache\2HYY,A
4350,ThermoMPNN,2HYY,-0.40641510486602783,218,E,M,F:\GENESIS Studio\genesis-studio\packages\engines-py\.pdb_cache\2HYY,A
4351,ThermoMPNN,2HYY,0.6563351154327393,218,E,N,F:\GENESIS Studio\genesis-studio\packages\engines-py\.pdb_cache\2HYY,A
4352,ThermoMPNN,2HYY,2.442781686782837,218,E,P,F:\GENESIS Studio\genesis-studio\packages\engines-py\.pdb_cache\2HYY,A
4353,ThermoMPNN,2HYY,-0.31908750534057617,218,E,Q,F:\GENESIS Studio\genesis-studio\packages\engines-py\.pdb_cache\2HYY,A
4354,ThermoMPNN,2HYY,-0.2568840980529785,218,E,R,F:\GENESIS Studio\genesis-studio\packages\engines-py\.pdb_cache\2HYY,A
4355,ThermoMPNN,2HYY,0.34642747044563293,218,E,S,F:\GENESIS Studio\genesis-studio\packages\engines-py\.pdb_cache\2HYY,A
4356,ThermoMPNN,2HYY,0.08167213201522827,218,E,T,F:\GENESIS Studio\genesis-studio\packages\engines-py\.pdb_cache\2HYY,A
4357,ThermoMPNN,2HYY,-0.46649396419525146,218,E,V,F:\GENESIS Studio\genesis-studio\packages\engines-py\.pdb_cache\2HYY,A
4358,ThermoMPNN,2HYY,0.08187377452850342,218,E,W,F:\GENESIS Studio\genesis-studio\packages\engines-py\.pdb_cache\2HYY,A
4359,ThermoMPNN,2HYY,0.16066688299179077,218,E,Y,F:\GENESIS Studio\genesis-studio\packages\engines-py\.pdb_cache\2HYY,A
4360,ThermoMPNN,2HYY,0.16825532913208008,219,K,A,F:\GENESIS Studio\genesis-studio\packages\engines-py\.pdb_cache\2HYY,A
4361,ThermoMPNN,2HYY,0.35702478885650635,219,K,C,F:\GENESIS Studio\genesis-studio\packages\engines-py\.pdb_cache\2HYY,A
4362,ThermoMPNN,2HYY,1.4171860218048096,219,K,D,F:\GENESIS Studio\genesis-studio\packages\engines-py\.pdb_cache\2HYY,A
4363,ThermoMPNN,2HYY,1.1807162761688232,219,K,E,F:\GENESIS Studio\genesis-studio\packages\engines-py\.pdb_cache\2HYY,A
4364,ThermoMPNN,2HYY,0.6827922463417053,219,K,F,F:\GENESIS Studio\genesis-studio\packages\engines-py\.pdb_cache\2HYY,A
4365,ThermoMPNN,2HYY,0.7769432067871094,219,K,G,F:\GENESIS Studio\genesis-studio\packages\engines-py\.pdb_cache\2HYY,A
4366,ThermoMPNN,2HYY,0.588996171951294,219,K,H,F:\GENESIS Studio\genesis-studio\packages\engines-py\.pdb_cache\2HYY,A
4367,ThermoMPNN,2HYY,1.0474128723144531,219,K,I,F:\GENESIS Studio\genesis-studio\packages\engines-py\.pdb_cache\2HYY,A
4368,ThermoMPNN,2HYY,0.0,219,K,K,F:\GENESIS Studio\genesis-studio\packages\engines-py\.pdb_cache\2HYY,A
4369,ThermoMPNN,2HYY,0.46193552017211914,219,K,L,F:\GENESIS Studio\genesis-studio\packages\engines-py\.pdb_cache\2HYY,A
4370,ThermoMPNN,2HYY,0.36863815784454346,219,K,M,F:\GENESIS Studio\genesis-studio\packages\engines-py\.pdb_cache\2HYY,A
4371,ThermoMPNN,2HYY,0.6643751859664917,219,K,N,F:\GENESIS Studio\genesis-studio\packages\engines-py\.pdb_cache\2HYY,A
4372,ThermoMPNN,2HYY,2.7878785133361816,219,K,P,F:\GENESIS Studio\genesis-studio\packages\engines-py\.pdb_cache\2HYY,A
4373,ThermoMPNN,2HYY,0.40821373462677,219,K,Q,F:\GENESIS Studio\genesis-studio\packages\engines-py\.pdb_cache\2HYY,A
4374,ThermoMPNN,2HYY,-0.06244492530822754,219,K,R,F:\GENESIS Studio\genesis-studio\packages\engines-py\.pdb_cache\2HYY,A
4375,ThermoMPNN,2HYY,0.4985837936401367,219,K,S,F:\GENESIS Studio\genesis-studio\packages\engines-py\.pdb_cache\2HYY,A
4376,ThermoMPNN,2HYY,0.9266372919082642,219,K,T,F:\GENESIS Studio\genesis-studio\packages\engines-py\.pdb_cache\2HYY,A
4377,ThermoMPNN,2HYY,1.1340651512145996,219,K,V,F:\GENESIS Studio\genesis-studio\packages\engines-py\.pdb_cache\2HYY,A
4378,ThermoMPNN,2HYY,0.8157000541687012,219,K,W,F:\GENESIS Studio\genesis-studio\packages\engines-py\.pdb_cache\2HYY,A
4379,ThermoMPNN,2HYY,0.7399489879608154,219,K,Y,F:\GENESIS Studio\genesis-studio\packages\engines-py\.pdb_cache\2HYY,A
4380,ThermoMPNN,2HYY,0.5402172803878784,220,D,A,F:\GENESIS Studio\genesis-studio\packages\engines-py\.pdb_cache\2HYY,A
4381,ThermoMPNN,2HYY,-0.23139822483062744,220,D,C,F:\GENESIS Studio\genesis-studio\packages\engines-py\.pdb_cache\2HYY,A
4382,ThermoMPNN,2HYY,0.0,220,D,D,F:\GENESIS Studio\genesis-studio\packages\engines-py\.pdb_cache\2HYY,A
4383,ThermoMPNN,2HYY,0.6327276229858398,220,D,E,F:\GENESIS Studio\genesis-studio\packages\engines-py\.pdb_cache\2HYY,A
4384,ThermoMPNN,2HYY,0.5043061971664429,220,D,F,F:\GENESIS Studio\genesis-studio\packages\engines-py\.pdb_cache\2HYY,A
4385,ThermoMPNN,2HYY,-0.7758530378341675,220,D,G,F:\GENESIS Studio\genesis-studio\packages\engines-py\.pdb_cache\2HYY,A
4386,ThermoMPNN,2HYY,0.24991244077682495,220,D,H,F:\GENESIS Studio\genesis-studio\packages\engines-py\.pdb_cache\2HYY,A
4387,ThermoMPNN,2HYY,1.1813973188400269,220,D,I,F:\GENESIS Studio\genesis-studio\packages\engines-py\.pdb_cache\2HYY,A
4388,ThermoMPNN,2HYY,0.5402631759643555,220,D,K,F:\GENESIS Studio\genesis-studio\packages\engines-py\.pdb_cache\2HYY,A
4389,ThermoMPNN,2HYY,0.8212617635726929,220,D,L,F:\GENESIS Studio\genesis-studio\packages\engines-py\.pdb_cache\2HYY,A
4390,ThermoMPNN,2HYY,0.6635419130325317,220,D,M,F:\GENESIS Studio\genesis-studio\packages\engines-py\.pdb_cache\2HYY,A
4391,ThermoMPNN,2HYY,-0.24501800537109375,220,D,N,F:\GENESIS Studio\genesis-studio\packages\engines-py\.pdb_cache\2HYY,A
4392,ThermoMPNN,2HYY,1.6677885055541992,220,D,P,F:\GENESIS Studio\genesis-studio\packages\engines-py\.pdb_cache\2HYY,A
4393,ThermoMPNN,2HYY,0.6252310276031494,220,D,Q,F:\GENESIS Studio\genesis-studio\packages\engines-py\.pdb_cache\2HYY,A
4394,ThermoMPNN,2HYY,0.552446186542511,220,D,R,F:\GENESIS Studio\genesis-studio\packages\engines-py\.pdb_cache\2HYY,A
4395,ThermoMPNN,2HYY,0.2527521848678589,220,D,S,F:\GENESIS Studio\genesis-studio\packages\engines-py\.pdb_cache\2HYY,A
4396,ThermoMPNN,2HYY,0.7860832214355469,220,D,T,F:\GENESIS Studio\genesis-studio\packages\engines-py\.pdb_cache\2HYY,A
4397,ThermoMPNN,2HYY,1.1888772249221802,220,D,V,F:\GENESIS Studio\genesis-studio\packages\engines-py\.pdb_cache\2HYY,A
4398,ThermoMPNN,2HYY,0.769176185131073,220,D,W,F:\GENESIS Studio\genesis-studio\packages\engines-py\.pdb_cache\2HYY,A
4399,ThermoMPNN,2HYY,0.7605668902397156,220,D,Y,F:\GENESIS Studio\genesis-studio\packages\engines-py\.pdb_cache\2HYY,A
4400,ThermoMPNN,2HYY,1.4805784225463867,221,Y,A,F:\GENESIS Studio\genesis-studio\packages\engines-py\.pdb_cache\2HYY,A
4401,ThermoMPNN,2HYY,0.6557350158691406,221,Y,C,F:\GENESIS Studio\genesis-studio\packages\engines-py\.pdb_cache\2HYY,A
4402,ThermoMPNN,2HYY,2.2135720252990723,221,Y,D,F:\GENESIS Studio\genesis-studio\packages\engines-py\.pdb_cache\2HYY,A
4403,ThermoMPNN,2HYY,1.8093559741973877,221,Y,E,F:\GENESIS Studio\genesis-studio\packages\engines-py\.pdb_cache\2HYY,A
4404,ThermoMPNN,2HYY,0.17016005516052246,221,Y,F,F:\GENESIS Studio\genesis-studio\packages\engines-py\.pdb_cache\2HYY,A
4405,ThermoMPNN,2HYY,2.258737087249756,221,Y,G,F:\GENESIS Studio\genesis-studio\packages\engines-py\.pdb_cache\2HYY,A
4406,ThermoMPNN,2HYY,0.95937579870224,221,Y,H,F:\GENESIS Studio\genesis-studio\packages\engines-py\.pdb_cache\2HYY,A
4407,ThermoMPNN,2HYY,0.692554235458374,221,Y,I,F:\GENESIS Studio\genesis-studio\packages\engines-py\.pdb_cache\2HYY,A
4408,ThermoMPNN,2HYY,1.2046228647232056,221,Y,K,F:\GENESIS Studio\genesis-studio\packages\engines-py\.pdb_cache\2HYY,A
4409,ThermoMPNN,2HYY,0.9273862838745117,221,Y,L,F:\GENESIS Studio\genesis-studio\packages\engines-py\.pdb_cache\2HYY,A
4410,ThermoMPNN,2HYY,0.9564405679702759,221,Y,M,F:\GENESIS Studio\genesis-studio\packages\engines-py\.pdb_cache\2HYY,A
4411,ThermoMPNN,2HYY,1.6613240242004395,221,Y,N,F:\GENESIS Studio\genesis-studio\packages\engines-py\.pdb_cache\2HYY,A
4412,ThermoMPNN,2HYY,2.8733341693878174,221,Y,P,F:\GENESIS Studio\genesis-studio\packages\engines-py\.pdb_cache\2HYY,A
4413,ThermoMPNN,2HYY,1.3842008113861084,221,Y,Q,F:\GENESIS Studio\genesis-studio\packages\engines-py\.pdb_cache\2HYY,A
4414,ThermoMPNN,2HYY,0.9108262062072754,221,Y,R,F:\GENESIS Studio\genesis-studio\packages\engines-py\.pdb_cache\2HYY,A
4415,ThermoMPNN,2HYY,1.4849586486816406,221,Y,S,F:\GENESIS Studio\genesis-studio\packages\engines-py\.pdb_cache\2HYY,A
4416,ThermoMPNN,2HYY,1.319840431213379,221,Y,T,F:\GENESIS Studio\genesis-studio\packages\engines-py\.pdb_cache\2HYY,A
4417,ThermoMPNN,2HYY,0.7114518880844116,221,Y,V,F:\GENESIS Studio\genesis-studio\packages\engines-py\.pdb_cache\2HYY,A
4418,ThermoMPNN,2HYY,0.014766931533813477,221,Y,W,F:\GENESIS Studio\genesis-studio\packages\engines-py\.pdb_cache\2HYY,A
4419,ThermoMPNN,2HYY,0.0,221,Y,Y,F:\GENESIS Studio\genesis-studio\packages\engines-py\.pdb_cache\2HYY,A
4420,ThermoMPNN,2HYY,0.941573441028595,222,R,A,F:\GENESIS Studio\genesis-studio\packages\engines-py\.pdb_cache\2HYY,A
4421,ThermoMPNN,2HYY,0.7356631755828857,222,R,C,F:\GENESIS Studio\genesis-studio\packages\engines-py\.pdb_cache\2HYY,A
4422,ThermoMPNN,2HYY,1.5547585487365723,222,R,D,F:\GENESIS Studio\genesis-studio\packages\engines-py\.pdb_cache\2HYY,A
4423,ThermoMPNN,2HYY,1.3822238445281982,222,R,E,F:\GENESIS Studio\genesis-studio\packages\engines-py\.pdb_cache\2HYY,A
4424,ThermoMPNN,2HYY,0.6922442317008972,222,R,F,F:\GENESIS Studio\genesis-studio\packages\engines-py\.pdb_cache\2HYY,A
4425,ThermoMPNN,2HYY,1.2451350688934326,222,R,G,F:\GENESIS Studio\genesis-studio\packages\engines-py\.pdb_cache\2HYY,A
4426,ThermoMPNN,2HYY,0.7129822373390198,222,R,H,F:\GENESIS Studio\genesis-studio\packages\engines-py\.pdb_cache\2HYY,A
4427,ThermoMPNN,2HYY,0.5055379867553711,222,R,I,F:\GENESIS Studio\genesis-studio\packages\engines-py\.pdb_cache\2HYY,A
4428,ThermoMPNN,2HYY,0.1407003402709961,222,R,K,F:\GENESIS Studio\genesis-studio\packages\engines-py\.pdb_cache\2HYY,A
4429,ThermoMPNN,2HYY,0.22400891780853271,222,R,L,F:\GENESIS Studio\genesis-studio\packages\engines-py\.pdb_cache\2HYY,A
4430,ThermoMPNN,2HYY,0.3928861618041992,222,R,M,F:\GENESIS Studio\genesis-studio\packages\engines-py\.pdb_cache\2HYY,A
4431,ThermoMPNN,2HYY,1.0597692728042603,222,R,N,F:\GENESIS Studio\genesis-studio\packages\engines-py\.pdb_cache\2HYY,A
4432,ThermoMPNN,2HYY,1.6836047172546387,222,R,P,F:\GENESIS Studio\genesis-studio\packages\engines-py\.pdb_cache\2HYY,A
4433,ThermoMPNN,2HYY,0.5969992876052856,222,R,Q,F:\GENESIS Studio\genesis-studio\packages\engines-py\.pdb_cache\2HYY,A
4434,ThermoMPNN,2HYY,0.0,222,R,R,F:\GENESIS Studio\genesis-studio\packages\engines-py\.pdb_cache\2HYY,A
4435,ThermoMPNN,2HYY,1.0896613597869873,222,R,S,F:\GENESIS Studio\genesis-studio\packages\engines-py\.pdb_cache\2HYY,A
4436,ThermoMPNN,2HYY,1.039109706878662,222,R,T,F:\GENESIS Studio\genesis-studio\packages\engines-py\.pdb_cache\2HYY,A
4437,ThermoMPNN,2HYY,0.7614244222640991,222,R,V,F:\GENESIS Studio\genesis-studio\packages\engines-py\.pdb_cache\2HYY,A
4438,ThermoMPNN,2HYY,0.6404826045036316,222,R,W,F:\GENESIS Studio\genesis-studio\packages\engines-py\.pdb_cache\2HYY,A
4439,ThermoMPNN,2HYY,0.5535470247268677,222,R,Y,F:\GENESIS Studio\genesis-studio\packages\engines-py\.pdb_cache\2HYY,A
4440,ThermoMPNN,2HYY,1.418676495552063,223,M,A,F:\GENESIS Studio\genesis-studio\packages\engines-py\.pdb_cache\2HYY,A
4441,ThermoMPNN,2HYY,0.6763812899589539,223,M,C,F:\GENESIS Studio\genesis-studio\packages\engines-py\.pdb_cache\2HYY,A
4442,ThermoMPNN,2HYY,1.5197434425354004,223,M,D,F:\GENESIS Studio\genesis-studio\packages\engines-py\.pdb_cache\2HYY,A
4443,ThermoMPNN,2HYY,1.2604084014892578,223,M,E,F:\GENESIS Studio\genesis-studio\packages\engines-py\.pdb_cache\2HYY,A
4444,ThermoMPNN,2HYY,0.515007495880127,223,M,F,F:\GENESIS Studio\genesis-studio\packages\engines-py\.pdb_cache\2HYY,A
4445,ThermoMPNN,2HYY,1.892160177230835,223,M,G,F:\GENESIS Studio\genesis-studio\packages\engines-py\.pdb_cache\2HYY,A
4446,ThermoMPNN,2HYY,1.3811686038970947,223,M,H,F:\GENESIS Studio\genesis-studio\packages\engines-py\.pdb_cache\2HYY,A
4447,ThermoMPNN,2HYY,0.4164445400238037,223,M,I,F:\GENESIS Studio\genesis-studio\packages\engines-py\.pdb_cache\2HYY,A
4448,ThermoMPNN,2HYY,1.709503173828125,223,M,K,F:\GENESIS Studio\genesis-studio\packages\engines-py\.pdb_cache\2HYY,A
4449,ThermoMPNN,2HYY,0.24276483058929443,223,M,L,F:\GENESIS Studio\genesis-studio\packages\engines-py\.pdb_cache\2HYY,A
4450,ThermoMPNN,2HYY,0.0,223,M,M,F:\GENESIS Studio\genesis-studio\packages\engines-py\.pdb_cache\2HYY,A
4451,ThermoMPNN,2HYY,1.731189250946045,223,M,N,F:\GENESIS Studio\genesis-studio\packages\engines-py\.pdb_cache\2HYY,A
4452,ThermoMPNN,2HYY,-0.19401264190673828,223,M,P,F:\GENESIS Studio\genesis-studio\packages\engines-py\.pdb_cache\2HYY,A
4453,ThermoMPNN,2HYY,1.2745413780212402,223,M,Q,F:\GENESIS Studio\genesis-studio\packages\engines-py\.pdb_cache\2HYY,A
4454,ThermoMPNN,2HYY,1.6226153373718262,223,M,R,F:\GENESIS Studio\genesis-studio\packages\engines-py\.pdb_cache\2HYY,A
4455,ThermoMPNN,2HYY,1.5987080335617065,223,M,S,F:\GENESIS Studio\genesis-studio\packages\engines-py\.pdb_cache\2HYY,A
4456,ThermoMPNN,2HYY,1.6721971035003662,223,M,T,F:\GENESIS Studio\genesis-studio\packages\engines-py\.pdb_cache\2HYY,A
4457,ThermoMPNN,2HYY,0.9548349380493164,223,M,V,F:\GENESIS Studio\genesis-studio\packages\engines-py\.pdb_cache\2HYY,A
4458,ThermoMPNN,2HYY,1.183121919631958,223,M,W,F:\GENESIS Studio\genesis-studio\packages\engines-py\.pdb_cache\2HYY,A
4459,ThermoMPNN,2HYY,1.0162439346313477,223,M,Y,F:\GENESIS Studio\genesis-studio\packages\engines-py\.pdb_cache\2HYY,A
4460,ThermoMPNN,2HYY,0.3751036524772644,224,E,A,F:\GENESIS Studio\genesis-studio\packages\engines-py\.pdb_cache\2HYY,A
4461,ThermoMPNN,2HYY,0.3053513765335083,224,E,C,F:\GENESIS Studio\genesis-studio\packages\engines-py\.pdb_cache\2HYY,A
4462,ThermoMPNN,2HYY,0.4673387408256531,224,E,D,F:\GENESIS Studio\genesis-studio\packages\engines-py\.pdb_cache\2HYY,A
4463,ThermoMPNN,2HYY,0.0,224,E,E,F:\GENESIS Studio\genesis-studio\packages\engines-py\.pdb_cache\2HYY,A
4464,ThermoMPNN,2HYY,0.7369458675384521,224,E,F,F:\GENESIS Studio\genesis-studio\packages\engines-py\.pdb_cache\2HYY,A
4465,ThermoMPNN,2HYY,0.7059632539749146,224,E,G,F:\GENESIS Studio\genesis-studio\packages\engines-py\.pdb_cache\2HYY,A
4466,ThermoMPNN,2HYY,0.6147961020469666,224,E,H,F:\GENESIS Studio\genesis-studio\packages\engines-py\.pdb_cache\2HYY,A
4467,ThermoMPNN,2HYY,0.7278234958648682,224,E,I,F:\GENESIS Studio\genesis-studio\packages\engines-py\.pdb_cache\2HYY,A
4468,ThermoMPNN,2HYY,0.7694048285484314,224,E,K,F:\GENESIS Studio\genesis-studio\packages\engines-py\.pdb_cache\2HYY,A
4469,ThermoMPNN,2HYY,0.8046588897705078,224,E,L,F:\GENESIS Studio\genesis-studio\packages\engines-py\.pdb_cache\2HYY,A
4470,ThermoMPNN,2HYY,0.6512818336486816,224,E,M,F:\GENESIS Studio\genesis-studio\packages\engines-py\.pdb_cache\2HYY,A
4471,ThermoMPNN,2HYY,0.7201718091964722,224,E,N,F:\GENESIS Studio\genesis-studio\packages\engines-py\.pdb_cache\2HYY,A
4472,ThermoMPNN,2HYY,-0.21846532821655273,224,E,P,F:\GENESIS Studio\genesis-studio\packages\engines-py\.pdb_cache\2HYY,A
4473,ThermoMPNN,2HYY,0.3859899640083313,224,E,Q,F:\GENESIS Studio\genesis-studio\packages\engines-py\.pdb_cache\2HYY,A
4474,ThermoMPNN,2HYY,0.9108782410621643,224,E,R,F:\GENESIS Studio\genesis-studio\packages\engines-py\.pdb_cache\2HYY,A
4475,ThermoMPNN,2HYY,0.21695685386657715,224,E,S,F:\GENESIS Studio\genesis-studio\packages\engines-py\.pdb_cache\2HYY,A
4476,ThermoMPNN,2HYY,0.4514450430870056,224,E,T,F:\GENESIS Studio\genesis-studio\packages\engines-py\.pdb_cache\2HYY,A
4477,ThermoMPNN,2HYY,0.837739109992981,224,E,V,F:\GENESIS Studio\genesis-studio\packages\engines-py\.pdb_cache\2HYY,A
4478,ThermoMPNN,2HYY,0.8615825176239014,224,E,W,F:\GENESIS Studio\genesis-studio\packages\engines-py\.pdb_cache\2HYY,A
4479,ThermoMPNN,2HYY,0.665722131729126,224,E,Y,F:\GENESIS Studio\genesis-studio\packages\engines-py\.pdb_cache\2HYY,A
4480,ThermoMPNN,2HYY,1.3228180408477783,225,R,A,F:\GENESIS Studio\genesis-studio\packages\engines-py\.pdb_cache\2HYY,A
4481,ThermoMPNN,2HYY,1.033431053161621,225,R,C,F:\GENESIS Studio\genesis-studio\packages\engines-py\.pdb_cache\2HYY,A
4482,ThermoMPNN,2HYY,2.3520796298980713,225,R,D,F:\GENESIS Studio\genesis-studio\packages\engines-py\.pdb_cache\2HYY,A
4483,ThermoMPNN,2HYY,1.9185775518417358,225,R,E,F:\GENESIS Studio\genesis-studio\packages\engines-py\.pdb_cache\2HYY,A
4484,ThermoMPNN,2HYY,1.0052343606948853,225,R,F,F:\GENESIS Studio\genesis-studio\packages\engines-py\.pdb_cache\2HYY,A
4485,ThermoMPNN,2HYY,1.9212205410003662,225,R,G,F:\GENESIS Studio\genesis-studio\packages\engines-py\.pdb_cache\2HYY,A
4486,ThermoMPNN,2HYY,1.478007197380066,225,R,H,F:\GENESIS Studio\genesis-studio\packages\engines-py\.pdb_cache\2HYY,A
4487,ThermoMPNN,2HYY,1.1916310787200928,225,R,I,F:\GENESIS Studio\genesis-studio\packages\engines-py\.pdb_cache\2HYY,A
4488,ThermoMPNN,2HYY,0.2400829792022705,225,R,K,F:\GENESIS Studio\genesis-studio\packages\engines-py\.pdb_cache\2HYY,A
4489,ThermoMPNN,2HYY,0.8824523687362671,225,R,L,F:\GENESIS Studio\genesis-studio\packages\engines-py\.pdb_cache\2HYY,A
4490,ThermoMPNN,2HYY,0.9567679166793823,225,R,M,F:\GENESIS Studio\genesis-studio\packages\engines-py\.pdb_cache\2HYY,A
4491,ThermoMPNN,2HYY,1.9324356317520142,225,R,N,F:\GENESIS Studio\genesis-studio\packages\engines-py\.pdb_cache\2HYY,A
4492,ThermoMPNN,2HYY,1.1310365200042725,225,R,P,F:\GENESIS Studio\genesis-studio\packages\engines-py\.pdb_cache\2HYY,A
4493,ThermoMPNN,2HYY,1.111547827720642,225,R,Q,F:\GENESIS Studio\genesis-studio\packages\engines-py\.pdb_cache\2HYY,A
4494,ThermoMPNN,2HYY,0.0,225,R,R,F:\GENESIS Studio\genesis-studio\packages\engines-py\.pdb_cache\2HYY,A
4495,ThermoMPNN,2HYY,1.6386058330535889,225,R,S,F:\GENESIS Studio\genesis-studio\packages\engines-py\.pdb_cache\2HYY,A
4496,ThermoMPNN,2HYY,1.6345629692077637,225,R,T,F:\GENESIS Studio\genesis-studio\packages\engines-py\.pdb_cache\2HYY,A
4497,ThermoMPNN,2HYY,1.254714012145996,225,R,V,F:\GENESIS Studio\genesis-studio\packages\engines-py\.pdb_cache\2HYY,A
4498,ThermoMPNN,2HYY,1.1612110137939453,225,R,W,F:\GENESIS Studio\genesis-studio\packages\engines-py\.pdb_cache\2HYY,A
4499,ThermoMPNN,2HYY,1.0649845600128174,225,R,Y,F:\GENESIS Studio\genesis-studio\packages\engines-py\.pdb_cache\2HYY,A
4500,ThermoMPNN,2HYY,2.0412964820861816,226,P,A,F:\GENESIS Studio\genesis-studio\packages\engines-py\.pdb_cache\2HYY,A
4501,ThermoMPNN,2HYY,1.5609925985336304,226,P,C,F:\GENESIS Studio\genesis-studio\packages\engines-py\.pdb_cache\2HYY,A
4502,ThermoMPNN,2HYY,2.6476821899414062,226,P,D,F:\GENESIS Studio\genesis-studio\packages\engines-py\.pdb_cache\2HYY,A
4503,ThermoMPNN,2HYY,2.57462215423584,226,P,E,F:\GENESIS Studio\genesis-studio\packages\engines-py\.pdb_cache\2HYY,A
4504,ThermoMPNN,2HYY,1.886953353881836,226,P,F,F:\GENESIS Studio\genesis-studio\packages\engines-py\.pdb_cache\2HYY,A
4505,ThermoMPNN,2HYY,2.935137987136841,226,P,G,F:\GENESIS Studio\genesis-studio\packages\engines-py\.pdb_cache\2HYY,A
4506,ThermoMPNN,2HYY,2.4998412132263184,226,P,H,F:\GENESIS Studio\genesis-studio\packages\engines-py\.pdb_cache\2HYY,A
4507,ThermoMPNN,2HYY,2.142113208770752,226,P,I,F:\GENESIS Studio\genesis-studio\packages\engines-py\.pdb_cache\2HYY,A
4508,ThermoMPNN,2HYY,2.3593223094940186,226,P,K,F:\GENESIS Studio\genesis-studio\packages\engines-py\.pdb_cache\2HYY,A
4509,ThermoMPNN,2HYY,2.007736921310425,226,P,L,F:\GENESIS Studio\genesis-studio\packages\engines-py\.pdb_cache\2HYY,A
4510,ThermoMPNN,2HYY,2.1934735774993896,226,P,M,F:\GENESIS Studio\genesis-studio\packages\engines-py\.pdb_cache\2HYY,A
4511,ThermoMPNN,2HYY,2.6501922607421875,226,P,N,F:\GENESIS Studio\genesis-studio\packages\engines-py\.pdb_cache\2HYY,A
4512,ThermoMPNN,2HYY,0.0,226,P,P,F:\GENESIS Studio\genesis-studio\packages\engines-py\.pdb_cache\2HYY,A
4513,ThermoMPNN,2HYY,2.578152656555176,226,P,Q,F:\GENESIS Studio\genesis-studio\packages\engines-py\.pdb_cache\2HYY,A
4514,ThermoMPNN,2HYY,2.4597973823547363,226,P,R,F:\GENESIS Studio\genesis-studio\packages\engines-py\.pdb_cache\2HYY,A
4515,ThermoMPNN,2HYY,2.5096638202667236,226,P,S,F:\GENESIS Studio\genesis-studio\packages\engines-py\.pdb_cache\2HYY,A
4516,ThermoMPNN,2HYY,2.665774345397949,226,P,T,F:\GENESIS Studio\genesis-studio\packages\engines-py\.pdb_cache\2HYY,A
4517,ThermoMPNN,2HYY,2.300018310546875,226,P,V,F:\GENESIS Studio\genesis-studio\packages\engines-py\.pdb_cache\2HYY,A
4518,ThermoMPNN,2HYY,2.12032151222229,226,P,W,F:\GENESIS Studio\genesis-studio\packages\engines-py\.pdb_cache\2HYY,A
4519,ThermoMPNN,2HYY,1.9017510414123535,226,P,Y,F:\GENESIS Studio\genesis-studio\packages\engines-py\.pdb_cache\2HYY,A
4520,ThermoMPNN,2HYY,0.3166956901550293,227,E,A,F:\GENESIS Studio\genesis-studio\packages\engines-py\.pdb_cache\2HYY,A
4521,ThermoMPNN,2HYY,0.1652071475982666,227,E,C,F:\GENESIS Studio\genesis-studio\packages\engines-py\.pdb_cache\2HYY,A
4522,ThermoMPNN,2HYY,0.21304559707641602,227,E,D,F:\GENESIS Studio\genesis-studio\packages\engines-py\.pdb_cache\2HYY,A
4523,ThermoMPNN,2HYY,0.0,227,E,E,F:\GENESIS Studio\genesis-studio\packages\engines-py\.pdb_cache\2HYY,A
4524,ThermoMPNN,2HYY,0.34429264068603516,227,E,F,F:\GENESIS Studio\genesis-studio\packages\engines-py\.pdb_cache\2HYY,A
4525,ThermoMPNN,2HYY,0.6741532683372498,227,E,G,F:\GENESIS Studio\genesis-studio\packages\engines-py\.pdb_cache\2HYY,A
4526,ThermoMPNN,2HYY,0.3056834936141968,227,E,H,F:\GENESIS Studio\genesis-studio\packages\engines-py\.pdb_cache\2HYY,A
4527,ThermoMPNN,2HYY,0.26514875888824463,227,E,I,F:\GENESIS Studio\genesis-studio\packages\engines-py\.pdb_cache\2HYY,A
4528,ThermoMPNN,2HYY,0.47784900665283203,227,E,K,F:\GENESIS Studio\genesis-studio\packages\engines-py\.pdb_cache\2HYY,A
4529,ThermoMPNN,2HYY,0.35946881771087646,227,E,L,F:\GENESIS Studio\genesis-studio\packages\engines-py\.pdb_cache\2HYY,A
4530,ThermoMPNN,2HYY,0.38606977462768555,227,E,M,F:\GENESIS Studio\genesis-studio\packages\engines-py\.pdb_cache\2HYY,A
4531,ThermoMPNN,2HYY,0.47532355785369873,227,E,N,F:\GENESIS Studio\genesis-studio\packages\engines-py\.pdb_cache\2HYY,A
4532,ThermoMPNN,2HYY,0.07663244009017944,227,E,P,F:\GENESIS Studio\genesis-studio\packages\engines-py\.pdb_cache\2HYY,A
4533,ThermoMPNN,2HYY,0.274227499961853,227,E,Q,F:\GENESIS Studio\genesis-studio\packages\engines-py\.pdb_cache\2HYY,A
4534,ThermoMPNN,2HYY,0.5260921120643616,227,E,R,F:\GENESIS Studio\genesis-studio\packages\engines-py\.pdb_cache\2HYY,A
4535,ThermoMPNN,2HYY,0.25649797916412354,227,E,S,F:\GENESIS Studio\genesis-studio\packages\engines-py\.pdb_cache\2HYY,A
4536,ThermoMPNN,2HYY,0.3280579447746277,227,E,T,F:\GENESIS Studio\genesis-studio\packages\engines-py\.pdb_cache\2HYY,A
4537,ThermoMPNN,2HYY,0.3583458662033081,227,E,V,F:\GENESIS Studio\genesis-studio\packages\engines-py\.pdb_cache\2HYY,A
4538,ThermoMPNN,2HYY,0.3307243585586548,227,E,W,F:\GENESIS Studio\genesis-studio\packages\engines-py\.pdb_cache\2HYY,A
4539,ThermoMPNN,2HYY,0.3146072030067444,227,E,Y,F:\GENESIS Studio\genesis-studio\packages\engines-py\.pdb_cache\2HYY,A
4540,ThermoMPNN,2HYY,1.2429943084716797,228,G,A,F:\GENESIS Studio\genesis-studio\packages\engines-py\.pdb_cache\2HYY,A
4541,ThermoMPNN,2HYY,0.5495966672897339,228,G,C,F:\GENESIS Studio\genesis-studio\packages\engines-py\.pdb_cache\2HYY,A
4542,ThermoMPNN,2HYY,0.9643732905387878,228,G,D,F:\GENESIS Studio\genesis-studio\packages\engines-py\.pdb_cache\2HYY,A
4543,ThermoMPNN,2HYY,1.0231717824935913,228,G,E,F:\GENESIS Studio\genesis-studio\packages\engines-py\.pdb_cache\2HYY,A
4544,ThermoMPNN,2HYY,1.1855006217956543,228,G,F,F:\GENESIS Studio\genesis-studio\packages\engines-py\.pdb_cache\2HYY,A
4545,ThermoMPNN,2HYY,0.0,228,G,G,F:\GENESIS Studio\genesis-studio\packages\engines-py\.pdb_cache\2HYY,A
4546,ThermoMPNN,2HYY,0.9265523552894592,228,G,H,F:\GENESIS Studio\genesis-studio\packages\engines-py\.pdb_cache\2HYY,A
4547,ThermoMPNN,2HYY,1.8881804943084717,228,G,I,F:\GENESIS Studio\genesis-studio\packages\engines-py\.pdb_cache\2HYY,A
4548,ThermoMPNN,2HYY,1.2668112516403198,228,G,K,F:\GENESIS Studio\genesis-studio\packages\engines-py\.pdb_cache\2HYY,A
4549,ThermoMPNN,2HYY,1.2925304174423218,228,G,L,F:\GENESIS Studio\genesis-studio\packages\engines-py\.pdb_cache\2HYY,A
4550,ThermoMPNN,2HYY,1.152078628540039,228,G,M,F:\GENESIS Studio\genesis-studio\packages\engines-py\.pdb_cache\2HYY,A
4551,ThermoMPNN,2HYY,0.6832766532897949,228,G,N,F:\GENESIS Studio\genesis-studio\packages\engines-py\.pdb_cache\2HYY,A
4552,ThermoMPNN,2HYY,1.8689768314361572,228,G,P,F:\GENESIS Studio\genesis-studio\packages\engines-py\.pdb_cache\2HYY,A
4553,ThermoMPNN,2HYY,1.1834619045257568,228,G,Q,F:\GENESIS Studio\genesis-studio\packages\engines-py\.pdb_cache\2HYY,A
4554,ThermoMPNN,2HYY,1.2419636249542236,228,G,R,F:\GENESIS Studio\genesis-studio\packages\engines-py\.pdb_cache\2HYY,A
4555,ThermoMPNN,2HYY,1.2383060455322266,228,G,S,F:\GENESIS Studio\genesis-studio\packages\engines-py\.pdb_cache\2HYY,A
4556,ThermoMPNN,2HYY,1.6395373344421387,228,G,T,F:\GENESIS Studio\genesis-studio\packages\engines-py\.pdb_cache\2HYY,A
4557,ThermoMPNN,2HYY,1.8612271547317505,228,G,V,F:\GENESIS Studio\genesis-studio\packages\engines-py\.pdb_cache\2HYY,A
4558,ThermoMPNN,2HYY,1.4024438858032227,228,G,W,F:\GENESIS Studio\genesis-studio\packages\engines-py\.pdb_cache\2HYY,A
4559,ThermoMPNN,2HYY,1.2261408567428589,228,G,Y,F:\GENESIS Studio\genesis-studio\packages\engines-py\.pdb_cache\2HYY,A
4560,ThermoMPNN,2HYY,0.5282148718833923,229,C,A,F:\GENESIS Studio\genesis-studio\packages\engines-py\.pdb_cache\2HYY,A
4561,ThermoMPNN,2HYY,0.0,229,C,C,F:\GENESIS Studio\genesis-studio\packages\engines-py\.pdb_cache\2HYY,A
4562,ThermoMPNN,2HYY,0.7854960560798645,229,C,D,F:\GENESIS Studio\genesis-studio\packages\engines-py\.pdb_cache\2HYY,A
4563,ThermoMPNN,2HYY,0.9639317989349365,229,C,E,F:\GENESIS Studio\genesis-studio\packages\engines-py\.pdb_cache\2HYY,A
4564,ThermoMPNN,2HYY,-0.8236784934997559,229,C,F,F:\GENESIS Studio\genesis-studio\packages\engines-py\.pdb_cache\2HYY,A
4565,ThermoMPNN,2HYY,1.5013856887817383,229,C,G,F:\GENESIS Studio\genesis-studio\packages\engines-py\.pdb_cache\2HYY,A
4566,ThermoMPNN,2HYY,1.1446080207824707,229,C,H,F:\GENESIS Studio\genesis-studio\packages\engines-py\.pdb_cache\2HYY,A
4567,ThermoMPNN,2HYY,-0.062427520751953125,229,C,I,F:\GENESIS Studio\genesis-studio\packages\engines-py\.pdb_cache\2HYY,A
4568,ThermoMPNN,2HYY,1.4163343906402588,229,C,K,F:\GENESIS Studio\genesis-studio\packages\engines-py\.pdb_cache\2HYY,A
4569,ThermoMPNN,2HYY,-0.22747135162353516,229,C,L,F:\GENESIS Studio\genesis-studio\packages\engines-py\.pdb_cache\2HYY,A
4570,ThermoMPNN,2HYY,-0.3571500778198242,229,C,M,F:\GENESIS Studio\genesis-studio\packages\engines-py\.pdb_cache\2HYY,A
4571,ThermoMPNN,2HYY,1.299938678741455,229,C,N,F:\GENESIS Studio\genesis-studio\packages\engines-py\.pdb_cache\2HYY,A
4572,ThermoMPNN,2HYY,1.2938792705535889,229,C,P,F:\GENESIS Studio\genesis-studio\packages\engines-py\.pdb_cache\2HYY,A
4573,ThermoMPNN,2HYY,0.7639380097389221,229,C,Q,F:\GENESIS Studio\genesis-studio\packages\engines-py\.pdb_cache\2HYY,A
4574,ThermoMPNN,2HYY,1.3281266689300537,229,C,R,F:\GENESIS Studio\genesis-studio\packages\engines-py\.pdb_cache\2HYY,A
4575,ThermoMPNN,2HYY,0.7031123042106628,229,C,S,F:\GENESIS Studio\genesis-studio\packages\engines-py\.pdb_cache\2HYY,A
4576,ThermoMPNN,2HYY,0.28981828689575195,229,C,T,F:\GENESIS Studio\genesis-studio\packages\engines-py\.pdb_cache\2HYY,A
4577,ThermoMPNN,2HYY,-0.06044423580169678,229,C,V,F:\GENESIS Studio\genesis-studio\packages\engines-py\.pdb_cache\2HYY,A
4578,ThermoMPNN,2HYY,0.3202178478240967,229,C,W,F:\GENESIS Studio\genesis-studio\packages\engines-py\.pdb_cache\2HYY,A
4579,ThermoMPNN,2HYY,0.43703728914260864,229,C,Y,F:\GENESIS Studio\genesis-studio\packages\engines-py\.pdb_cache\2HYY,A
4580,ThermoMPNN,2HYY,0.8575736880302429,230,P,A,F:\GENESIS Studio\genesis-studio\packages\engines-py\.pdb_cache\2HYY,A
4581,ThermoMPNN,2HYY,0.47469401359558105,230,P,C,F:\GENESIS Studio\genesis-studio\packages\engines-py\.pdb_cache\2HYY,A
4582,ThermoMPNN,2HYY,0.6159439086914062,230,P,D,F:\GENESIS Studio\genesis-studio\packages\engines-py\.pdb_cache\2HYY,A
4583,ThermoMPNN,2HYY,0.9069463014602661,230,P,E,F:\GENESIS Studio\genesis-studio\packages\engines-py\.pdb_cache\2HYY,A
4584,ThermoMPNN,2HYY,1.134657382965088,230,P,F,F:\GENESIS Studio\genesis-studio\packages\engines-py\.pdb_cache\2HYY,A
4585,ThermoMPNN,2HYY,1.7216668128967285,230,P,G,F:\GENESIS Studio\genesis-studio\packages\engines-py\.pdb_cache\2HYY,A
4586,ThermoMPNN,2HYY,0.9026541113853455,230,P,H,F:\GENESIS Studio\genesis-studio\packages\engines-py\.pdb_cache\2HYY,A
4587,ThermoMPNN,2HYY,0.6624250411987305,230,P,I,F:\GENESIS Studio\genesis-studio\packages\engines-py\.pdb_cache\2HYY,A
4588,ThermoMPNN,2HYY,1.4729670286178589,230,P,K,F:\GENESIS Studio\genesis-studio\packages\engines-py\.pdb_cache\2HYY,A
4589,ThermoMPNN,2HYY,0.5850526690483093,230,P,L,F:\GENESIS Studio\genesis-studio\packages\engines-py\.pdb_cache\2HYY,A
4590,ThermoMPNN,2HYY,0.9697263240814209,230,P,M,F:\GENESIS Studio\genesis-studio\packages\engines-py\.pdb_cache\2HYY,A
4591,ThermoMPNN,2HYY,0.9758610725402832,230,P,N,F:\GENESIS Studio\genesis-studio\packages\engines-py\.pdb_cache\2HYY,A
4592,ThermoMPNN,2HYY,0.0,230,P,P,F:\GENESIS Studio\genesis-studio\packages\engines-py\.pdb_cache\2HYY,A
4593,ThermoMPNN,2HYY,1.1539216041564941,230,P,Q,F:\GENESIS Studio\genesis-studio\packages\engines-py\.pdb_cache\2HYY,A
4594,ThermoMPNN,2HYY,1.71006441116333,230,P,R,F:\GENESIS Studio\genesis-studio\packages\engines-py\.pdb_cache\2HYY,A
4595,ThermoMPNN,2HYY,0.9360613822937012,230,P,S,F:\GENESIS Studio\genesis-studio\packages\engines-py\.pdb_cache\2HYY,A
4596,ThermoMPNN,2HYY,1.270430326461792,230,P,T,F:\GENESIS Studio\genesis-studio\packages\engines-py\.pdb_cache\2HYY,A
4597,ThermoMPNN,2HYY,0.7459863424301147,230,P,V,F:\GENESIS Studio\genesis-studio\packages\engines-py\.pdb_cache\2HYY,A
4598,ThermoMPNN,2HYY,0.7788816094398499,230,P,W,F:\GENESIS Studio\genesis-studio\packages\engines-py\.pdb_cache\2HYY,A
4599,ThermoMPNN,2HYY,0.9364776015281677,230,P,Y,F:\GENESIS Studio\genesis-studio\packages\engines-py\.pdb_cache\2HYY,A
4600,ThermoMPNN,2HYY,0.4154653549194336,231,E,A,F:\GENESIS Studio\genesis-studio\packages\engines-py\.pdb_cache\2HYY,A
4601,ThermoMPNN,2HYY,0.4387561082839966,231,E,C,F:\GENESIS Studio\genesis-studio\packages\engines-py\.pdb_cache\2HYY,A
4602,ThermoMPNN,2HYY,0.4067839980125427,231,E,D,F:\GENESIS Studio\genesis-studio\packages\engines-py\.pdb_cache\2HYY,A
4603,ThermoMPNN,2HYY,0.0,231,E,E,F:\GENESIS Studio\genesis-studio\packages\engines-py\.pdb_cache\2HYY,A
4604,ThermoMPNN,2HYY,0.6749457120895386,231,E,F,F:\GENESIS Studio\genesis-studio\packages\engines-py\.pdb_cache\2HYY,A
4605,ThermoMPNN,2HYY,0.9494388103485107,231,E,G,F:\GENESIS Studio\genesis-studio\packages\engines-py\.pdb_cache\2HYY,A
4606,ThermoMPNN,2HYY,0.7037485241889954,231,E,H,F:\GENESIS Studio\genesis-studio\packages\engines-py\.pdb_cache\2HYY,A
4607,ThermoMPNN,2HYY,0.5004748702049255,231,E,I,F:\GENESIS Studio\genesis-studio\packages\engines-py\.pdb_cache\2HYY,A
4608,ThermoMPNN,2HYY,0.8163962364196777,231,E,K,F:\GENESIS Studio\genesis-studio\packages\engines-py\.pdb_cache\2HYY,A
4609,ThermoMPNN,2HYY,0.4976576566696167,231,E,L,F:\GENESIS Studio\genesis-studio\packages\engines-py\.pdb_cache\2HYY,A
4610,ThermoMPNN,2HYY,0.5535813570022583,231,E,M,F:\GENESIS Studio\genesis-studio\packages\engines-py\.pdb_cache\2HYY,A
4611,ThermoMPNN,2HYY,0.8476579189300537,231,E,N,F:\GENESIS Studio\genesis-studio\packages\engines-py\.pdb_cache\2HYY,A
4612,ThermoMPNN,2HYY,0.40213102102279663,231,E,P,F:\GENESIS Studio\genesis-studio\packages\engines-py\.pdb_cache\2HYY,A
4613,ThermoMPNN,2HYY,0.5099767446517944,231,E,Q,F:\GENESIS Studio\genesis-studio\packages\engines-py\.pdb_cache\2HYY,A
4614,ThermoMPNN,2HYY,0.8609215021133423,231,E,R,F:\GENESIS Studio\genesis-studio\packages\engines-py\.pdb_cache\2HYY,A
4615,ThermoMPNN,2HYY,0.5383051633834839,231,E,S,F:\GENESIS Studio\genesis-studio\packages\engines-py\.pdb_cache\2HYY,A
4616,ThermoMPNN,2HYY,0.6915522813796997,231,E,T,F:\GENESIS Studio\genesis-studio\packages\engines-py\.pdb_cache\2HYY,A
4617,ThermoMPNN,2HYY,0.6106294393539429,231,E,V,F:\GENESIS Studio\genesis-studio\packages\engines-py\.pdb_cache\2HYY,A
4618,ThermoMPNN,2HYY,0.5495331287384033,231,E,W,F:\GENESIS Studio\genesis-studio\packages\engines-py\.pdb_cache\2HYY,A
4619,ThermoMPNN,2HYY,0.5953248739242554,231,E,Y,F:\GENESIS Studio\genesis-studio\packages\engines-py\.pdb_cache\2HYY,A
4620,ThermoMPNN,2HYY,-0.2468632459640503,232,K,A,F:\GENESIS Studio\genesis-studio\packages\engines-py\.pdb_cache\2HYY,A
4621,ThermoMPNN,2HYY,-0.5085616707801819,232,K,C,F:\GENESIS Studio\genesis-studio\packages\engines-py\.pdb_cache\2HYY,A
4622,ThermoMPNN,2HYY,0.021561622619628906,232,K,D,F:\GENESIS Studio\genesis-studio\packages\engines-py\.pdb_cache\2HYY,A
4623,ThermoMPNN,2HYY,-0.3651280403137207,232,K,E,F:\GENESIS Studio\genesis-studio\packages\engines-py\.pdb_cache\2HYY,A
4624,ThermoMPNN,2HYY,-0.40924036502838135,232,K,F,F:\GENESIS Studio\genesis-studio\packages\engines-py\.pdb_cache\2HYY,A
4625,ThermoMPNN,2HYY,0.49710190296173096,232,K,G,F:\GENESIS Studio\genesis-studio\packages\engines-py\.pdb_cache\2HYY,A
4626,ThermoMPNN,2HYY,-0.35506564378738403,232,K,H,F:\GENESIS Studio\genesis-studio\packages\engines-py\.pdb_cache\2HYY,A
4627,ThermoMPNN,2HYY,-0.0894736647605896,232,K,I,F:\GENESIS Studio\genesis-studio\packages\engines-py\.pdb_cache\2HYY,A
4628,ThermoMPNN,2HYY,0.0,232,K,K,F:\GENESIS Studio\genesis-studio\packages\engines-py\.pdb_cache\2HYY,A
4629,ThermoMPNN,2HYY,-0.23459947109222412,232,K,L,F:\GENESIS Studio\genesis-studio\packages\engines-py\.pdb_cache\2HYY,A
4630,ThermoMPNN,2HYY,-0.0563998818397522,232,K,M,F:\GENESIS Studio\genesis-studio\packages\engines-py\.pdb_cache\2HYY,A
4631,ThermoMPNN,2HYY,0.013086080551147461,232,K,N,F:\GENESIS Studio\genesis-studio\packages\engines-py\.pdb_cache\2HYY,A
4632,ThermoMPNN,2HYY,0.5337663292884827,232,K,P,F:\GENESIS Studio\genesis-studio\packages\engines-py\.pdb_cache\2HYY,A
4633,ThermoMPNN,2HYY,-0.17098408937454224,232,K,Q,F:\GENESIS Studio\genesis-studio\packages\engines-py\.pdb_cache\2HYY,A
4634,ThermoMPNN,2HYY,0.012691795825958252,232,K,R,F:\GENESIS Studio\genesis-studio\packages\engines-py\.pdb_cache\2HYY,A
4635,ThermoMPNN,2HYY,-0.01700657606124878,232,K,S,F:\GENESIS Studio\genesis-studio\packages\engines-py\.pdb_cache\2HYY,A
4636,ThermoMPNN,2HYY,0.08635607361793518,232,K,T,F:\GENESIS Studio\genesis-studio\packages\engines-py\.pdb_cache\2HYY,A
4637,ThermoMPNN,2HYY,-0.24209564924240112,232,K,V,F:\GENESIS Studio\genesis-studio\packages\engines-py\.pdb_cache\2HYY,A
4638,ThermoMPNN,2HYY,-0.7307164072990417,232,K,W,F:\GENESIS Studio\genesis-studio\packages\engines-py\.pdb_cache\2HYY,A
4639,ThermoMPNN,2HYY,-0.626488983631134,232,K,Y,F:\GENESIS Studio\genesis-studio\packages\engines-py\.pdb_cache\2HYY,A
4640,ThermoMPNN,2HYY,1.6784768104553223,233,V,A,F:\GENESIS Studio\genesis-studio\packages\engines-py\.pdb_cache\2HYY,A
4641,ThermoMPNN,2HYY,0.6642014980316162,233,V,C,F:\GENESIS Studio\genesis-studio\packages\engines-py\.pdb_cache\2HYY,A
4642,ThermoMPNN,2HYY,2.976548910140991,233,V,D,F:\GENESIS Studio\genesis-studio\packages\engines-py\.pdb_cache\2HYY,A
4643,ThermoMPNN,2HYY,2.5095999240875244,233,V,E,F:\GENESIS Studio\genesis-studio\packages\engines-py\.pdb_cache\2HYY,A
4644,ThermoMPNN,2HYY,0.06711709499359131,233,V,F,F:\GENESIS Studio\genesis-studio\packages\engines-py\.pdb_cache\2HYY,A
4645,ThermoMPNN,2HYY,2.6892528533935547,233,V,G,F:\GENESIS Studio\genesis-studio\packages\engines-py\.pdb_cache\2HYY,A
4646,ThermoMPNN,2HYY,1.998491883277893,233,V,H,F:\GENESIS Studio\genesis-studio\packages\engines-py\.pdb_cache\2HYY,A
4647,ThermoMPNN,2HYY,-0.09966087341308594,233,V,I,F:\GENESIS Studio\genesis-studio\packages\engines-py\.pdb_cache\2HYY,A
4648,ThermoMPNN,2HYY,2.395582437515259,233,V,K,F:\GENESIS Studio\genesis-studio\packages\engines-py\.pdb_cache\2HYY,A
4649,ThermoMPNN,2HYY,0.18799078464508057,233,V,L,F:\GENESIS Studio\genesis-studio\packages\engines-py\.pdb_cache\2HYY,A
4650,ThermoMPNN,2HYY,0.40803956985473633,233,V,M,F:\GENESIS Studio\genesis-studio\packages\engines-py\.pdb_cache\2HYY,A
4651,ThermoMPNN,2HYY,2.542811155319214,233,V,N,F:\GENESIS Studio\genesis-studio\packages\engines-py\.pdb_cache\2HYY,A
4652,ThermoMPNN,2HYY,2.7037267684936523,233,V,P,F:\GENESIS Studio\genesis-studio\packages\engines-py\.pdb_cache\2HYY,A
4653,ThermoMPNN,2HYY,2.1068544387817383,233,V,Q,F:\GENESIS Studio\genesis-studio\packages\engines-py\.pdb_cache\2HYY,A
4654,ThermoMPNN,2HYY,2.3143534660339355,233,V,R,F:\GENESIS Studio\genesis-studio\packages\engines-py\.pdb_cache\2HYY,A
4655,ThermoMPNN,2HYY,2.153188705444336,233,V,S,F:\GENESIS Studio\genesis-studio\packages\engines-py\.pdb_cache\2HYY,A
4656,ThermoMPNN,2HYY,1.7886207103729248,233,V,T,F:\GENESIS Studio\genesis-studio\packages\engines-py\.pdb_cache\2HYY,A
4657,ThermoMPNN,2HYY,0.0,233,V,V,F:\GENESIS Studio\genesis-studio\packages\engines-py\.pdb_cache\2HYY,A
4658,ThermoMPNN,2HYY,-0.10905003547668457,233,V,W,F:\GENESIS Studio\genesis-studio\packages\engines-py\.pdb_cache\2HYY,A
4659,ThermoMPNN,2HYY,0.3958141803741455,233,V,Y,F:\GENESIS Studio\genesis-studio\packages\engines-py\.pdb_cache\2HYY,A
4660,ThermoMPNN,2HYY,2.085508108139038,234,Y,A,F:\GENESIS Studio\genesis-studio\packages\engines-py\.pdb_cache\2HYY,A
4661,ThermoMPNN,2HYY,1.7687451839447021,234,Y,C,F:\GENESIS Studio\genesis-studio\packages\engines-py\.pdb_cache\2HYY,A
4662,ThermoMPNN,2HYY,1.9881912469863892,234,Y,D,F:\GENESIS Studio\genesis-studio\packages\engines-py\.pdb_cache\2HYY,A
4663,ThermoMPNN,2HYY,2.6097071170806885,234,Y,E,F:\GENESIS Studio\genesis-studio\packages\engines-py\.pdb_cache\2HYY,A
4664,ThermoMPNN,2HYY,0.4052433967590332,234,Y,F,F:\GENESIS Studio\genesis-studio\packages\engines-py\.pdb_cache\2HYY,A
4665,ThermoMPNN,2HYY,2.3339295387268066,234,Y,G,F:\GENESIS Studio\genesis-studio\packages\engines-py\.pdb_cache\2HYY,A
4666,ThermoMPNN,2HYY,1.9148684740066528,234,Y,H,F:\GENESIS Studio\genesis-studio\packages\engines-py\.pdb_cache\2HYY,A
4667,ThermoMPNN,2HYY,2.170886516571045,234,Y,I,F:\GENESIS Studio\genesis-studio\packages\engines-py\.pdb_cache\2HYY,A
4668,ThermoMPNN,2HYY,2.6544668674468994,234,Y,K,F:\GENESIS Studio\genesis-studio\packages\engines-py\.pdb_cache\2HYY,A
4669,ThermoMPNN,2HYY,2.178034543991089,234,Y,L,F:\GENESIS Studio\genesis-studio\packages\engines-py\.pdb_cache\2HYY,A
4670,ThermoMPNN,2HYY,2.0359530448913574,234,Y,M,F:\GENESIS Studio\genesis-studio\packages\engines-py\.pdb_cache\2HYY,A
4671,ThermoMPNN,2HYY,2.652345657348633,234,Y,N,F:\GENESIS Studio\genesis-studio\packages\engines-py\.pdb_cache\2HYY,A
4672,ThermoMPNN,2HYY,2.7228572368621826,234,Y,P,F:\GENESIS Studio\genesis-studio\packages\engines-py\.pdb_cache\2HYY,A
4673,ThermoMPNN,2HYY,2.565336227416992,234,Y,Q,F:\GENESIS Studio\genesis-studio\packages\engines-py\.pdb_cache\2HYY,A
4674,ThermoMPNN,2HYY,2.291761875152588,234,Y,R,F:\GENESIS Studio\genesis-studio\packages\engines-py\.pdb_cache\2HYY,A
4675,ThermoMPNN,2HYY,2.5230460166931152,234,Y,S,F:\GENESIS Studio\genesis-studio\packages\engines-py\.pdb_cache\2HYY,A
4676,ThermoMPNN,2HYY,2.562985897064209,234,Y,T,F:\GENESIS Studio\genesis-studio\packages\engines-py\.pdb_cache\2HYY,A
4677,ThermoMPNN,2HYY,2.158383846282959,234,Y,V,F:\GENESIS Studio\genesis-studio\packages\engines-py\.pdb_cache\2HYY,A
4678,ThermoMPNN,2HYY,0.5797672271728516,234,Y,W,F:\GENESIS Studio\genesis-studio\packages\engines-py\.pdb_cache\2HYY,A
4679,ThermoMPNN,2HYY,0.0,234,Y,Y,F:\GENESIS Studio\genesis-studio\packages\engines-py\.pdb_cache\2HYY,A
4680,ThermoMPNN,2HYY,0.3385940194129944,235,E,A,F:\GENESIS Studio\genesis-studio\packages\engines-py\.pdb_cache\2HYY,A
4681,ThermoMPNN,2HYY,0.27069759368896484,235,E,C,F:\GENESIS Studio\genesis-studio\packages\engines-py\.pdb_cache\2HYY,A
4682,ThermoMPNN,2HYY,0.23164546489715576,235,E,D,F:\GENESIS Studio\genesis-studio\packages\engines-py\.pdb_cache\2HYY,A
4683,ThermoMPNN,2HYY,0.0,235,E,E,F:\GENESIS Studio\genesis-studio\packages\engines-py\.pdb_cache\2HYY,A
4684,ThermoMPNN,2HYY,0.7815358638763428,235,E,F,F:\GENESIS Studio\genesis-studio\packages\engines-py\.pdb_cache\2HYY,A
4685,ThermoMPNN,2HYY,1.1543699502944946,235,E,G,F:\GENESIS Studio\genesis-studio\packages\engines-py\.pdb_cache\2HYY,A
4686,ThermoMPNN,2HYY,0.6719773411750793,235,E,H,F:\GENESIS Studio\genesis-studio\packages\engines-py\.pdb_cache\2HYY,A
4687,ThermoMPNN,2HYY,0.5986396074295044,235,E,I,F:\GENESIS Studio\genesis-studio\packages\engines-py\.pdb_cache\2HYY,A
4688,ThermoMPNN,2HYY,0.6369199752807617,235,E,K,F:\GENESIS Studio\genesis-studio\packages\engines-py\.pdb_cache\2HYY,A
4689,ThermoMPNN,2HYY,0.32268404960632324,235,E,L,F:\GENESIS Studio\genesis-studio\packages\engines-py\.pdb_cache\2HYY,A
4690,ThermoMPNN,2HYY,0.4370400905609131,235,E,M,F:\GENESIS Studio\genesis-studio\packages\engines-py\.pdb_cache\2HYY,A
4691,ThermoMPNN,2HYY,0.468530535697937,235,E,N,F:\GENESIS Studio\genesis-studio\packages\engines-py\.pdb_cache\2HYY,A
4692,ThermoMPNN,2HYY,2.795940399169922,235,E,P,F:\GENESIS Studio\genesis-studio\packages\engines-py\.pdb_cache\2HYY,A
4693,ThermoMPNN,2HYY,0.30892884731292725,235,E,Q,F:\GENESIS Studio\genesis-studio\packages\engines-py\.pdb_cache\2HYY,A
4694,ThermoMPNN,2HYY,0.6283040642738342,235,E,R,F:\GENESIS Studio\genesis-studio\packages\engines-py\.pdb_cache\2HYY,A
4695,ThermoMPNN,2HYY,0.5343568921089172,235,E,S,F:\GENESIS Studio\genesis-studio\packages\engines-py\.pdb_cache\2HYY,A
4696,ThermoMPNN,2HYY,0.5770792961120605,235,E,T,F:\GENESIS Studio\genesis-studio\packages\engines-py\.pdb_cache\2HYY,A
4697,ThermoMPNN,2HYY,0.6345518231391907,235,E,V,F:\GENESIS Studio\genesis-studio\packages\engines-py\.pdb_cache\2HYY,A
4698,ThermoMPNN,2HYY,0.6299711465835571,235,E,W,F:\GENESIS Studio\genesis-studio\packages\engines-py\.pdb_cache\2HYY,A
4699,ThermoMPNN,2HYY,0.7635990381240845,235,E,Y,F:\GENESIS Studio\genesis-studio\packages\engines-py\.pdb_cache\2HYY,A
4700,ThermoMPNN,2HYY,1.3459399938583374,236,L,A,F:\GENESIS Studio\genesis-studio\packages\engines-py\.pdb_cache\2HYY,A
4701,ThermoMPNN,2HYY,0.7037215232849121,236,L,C,F:\GENESIS Studio\genesis-studio\packages\engines-py\.pdb_cache\2HYY,A
4702,ThermoMPNN,2HYY,2.641549587249756,236,L,D,F:\GENESIS Studio\genesis-studio\packages\engines-py\.pdb_cache\2HYY,A
4703,ThermoMPNN,2HYY,2.1810903549194336,236,L,E,F:\GENESIS Studio\genesis-studio\packages\engines-py\.pdb_cache\2HYY,A
4704,ThermoMPNN,2HYY,0.5637838840484619,236,L,F,F:\GENESIS Studio\genesis-studio\packages\engines-py\.pdb_cache\2HYY,A
4705,ThermoMPNN,2HYY,2.43506121635437,236,L,G,F:\GENESIS Studio\genesis-studio\packages\engines-py\.pdb_cache\2HYY,A
4706,ThermoMPNN,2HYY,1.7307114601135254,236,L,H,F:\GENESIS Studio\genesis-studio\packages\engines-py\.pdb_cache\2HYY,A
4707,ThermoMPNN,2HYY,-0.538386344909668,236,L,I,F:\GENESIS Studio\genesis-studio\packages\engines-py\.pdb_cache\2HYY,A
4708,ThermoMPNN,2HYY,1.931344985961914,236,L,K,F:\GENESIS Studio\genesis-studio\packages\engines-py\.pdb_cache\2HYY,A
4709,ThermoMPNN,2HYY,0.0,236,L,L,F:\GENESIS Studio\genesis-studio\packages\engines-py\.pdb_cache\2HYY,A
4710,ThermoMPNN,2HYY,0.48549413681030273,236,L,M,F:\GENESIS Studio\genesis-studio\packages\engines-py\.pdb_cache\2HYY,A
4711,ThermoMPNN,2HYY,2.278061628341675,236,L,N,F:\GENESIS Studio\genesis-studio\packages\engines-py\.pdb_cache\2HYY,A
4712,ThermoMPNN,2HYY,2.7218265533447266,236,L,P,F:\GENESIS Studio\genesis-studio\packages\engines-py\.pdb_cache\2HYY,A
4713,ThermoMPNN,2HYY,1.8918046951293945,236,L,Q,F:\GENESIS Studio\genesis-studio\packages\engines-py\.pdb_cache\2HYY,A
4714,ThermoMPNN,2HYY,1.8506543636322021,236,L,R,F:\GENESIS Studio\genesis-studio\packages\engines-py\.pdb_cache\2HYY,A
4715,ThermoMPNN,2HYY,1.7709829807281494,236,L,S,F:\GENESIS Studio\genesis-studio\packages\engines-py\.pdb_cache\2HYY,A
4716,ThermoMPNN,2HYY,1.207866907119751,236,L,T,F:\GENESIS Studio\genesis-studio\packages\engines-py\.pdb_cache\2HYY,A
4717,ThermoMPNN,2HYY,0.1089397668838501,236,L,V,F:\GENESIS Studio\genesis-studio\packages\engines-py\.pdb_cache\2HYY,A
4718,ThermoMPNN,2HYY,0.6898083686828613,236,L,W,F:\GENESIS Studio\genesis-studio\packages\engines-py\.pdb_cache\2HYY,A
4719,ThermoMPNN,2HYY,0.6806015968322754,236,L,Y,F:\GENESIS Studio\genesis-studio\packages\engines-py\.pdb_cache\2HYY,A
4720,ThermoMPNN,2HYY,1.7486605644226074,237,M,A,F:\GENESIS Studio\genesis-studio\packages\engines-py\.pdb_cache\2HYY,A
4721,ThermoMPNN,2HYY,1.3284481763839722,237,M,C,F:\GENESIS Studio\genesis-studio\packages\engines-py\.pdb_cache\2HYY,A
4722,ThermoMPNN,2HYY,3.278834819793701,237,M,D,F:\GENESIS Studio\genesis-studio\packages\engines-py\.pdb_cache\2HYY,A
4723,ThermoMPNN,2HYY,2.739490509033203,237,M,E,F:\GENESIS Studio\genesis-studio\packages\engines-py\.pdb_cache\2HYY,A
4724,ThermoMPNN,2HYY,0.7309303283691406,237,M,F,F:\GENESIS Studio\genesis-studio\packages\engines-py\.pdb_cache\2HYY,A
4725,ThermoMPNN,2HYY,2.898642063140869,237,M,G,F:\GENESIS Studio\genesis-studio\packages\engines-py\.pdb_cache\2HYY,A
4726,ThermoMPNN,2HYY,2.2994000911712646,237,M,H,F:\GENESIS Studio\genesis-studio\packages\engines-py\.pdb_cache\2HYY,A
4727,ThermoMPNN,2HYY,0.6606004238128662,237,M,I,F:\GENESIS Studio\genesis-studio\packages\engines-py\.pdb_cache\2HYY,A
4728,ThermoMPNN,2HYY,2.58561372756958,237,M,K,F:\GENESIS Studio\genesis-studio\packages\engines-py\.pdb_cache\2HYY,A
4729,ThermoMPNN,2HYY,0.5149283409118652,237,M,L,F:\GENESIS Studio\genesis-studio\packages\engines-py\.pdb_cache\2HYY,A
4730,ThermoMPNN,2HYY,0.0,237,M,M,F:\GENESIS Studio\genesis-studio\packages\engines-py\.pdb_cache\2HYY,A
4731,ThermoMPNN,2HYY,3.0203423500061035,237,M,N,F:\GENESIS Studio\genesis-studio\packages\engines-py\.pdb_cache\2HYY,A
4732,ThermoMPNN,2HYY,3.4943723678588867,237,M,P,F:\GENESIS Studio\genesis-studio\packages\engines-py\.pdb_cache\2HYY,A
4733,ThermoMPNN,2HYY,1.9687355756759644,237,M,Q,F:\GENESIS Studio\genesis-studio\packages\engines-py\.pdb_cache\2HYY,A
4734,ThermoMPNN,2HYY,2.24953293800354,237,M,R,F:\GENESIS Studio\genesis-studio\packages\engines-py\.pdb_cache\2HYY,A
4735,ThermoMPNN,2HYY,2.5016210079193115,237,M,S,F:\GENESIS Studio\genesis-studio\packages\engines-py\.pdb_cache\2HYY,A
4736,ThermoMPNN,2HYY,2.4768052101135254,237,M,T,F:\GENESIS Studio\genesis-studio\packages\engines-py\.pdb_cache\2HYY,A
4737,ThermoMPNN,2HYY,1.2745599746704102,237,M,V,F:\GENESIS Studio\genesis-studio\packages\engines-py\.pdb_cache\2HYY,A
4738,ThermoMPNN,2HYY,1.3294482231140137,237,M,W,F:\GENESIS Studio\genesis-studio\packages\engines-py\.pdb_cache\2HYY,A
4739,ThermoMPNN,2HYY,1.2456351518630981,237,M,Y,F:\GENESIS Studio\genesis-studio\packages\engines-py\.pdb_cache\2HYY,A
4740,ThermoMPNN,2HYY,1.6154714822769165,238,R,A,F:\GENESIS Studio\genesis-studio\packages\engines-py\.pdb_cache\2HYY,A
4741,ThermoMPNN,2HYY,1.104675054550171,238,R,C,F:\GENESIS Studio\genesis-studio\packages\engines-py\.pdb_cache\2HYY,A
4742,ThermoMPNN,2HYY,2.764472723007202,238,R,D,F:\GENESIS Studio\genesis-studio\packages\engines-py\.pdb_cache\2HYY,A
4743,ThermoMPNN,2HYY,1.9803218841552734,238,R,E,F:\GENESIS Studio\genesis-studio\packages\engines-py\.pdb_cache\2HYY,A
4744,ThermoMPNN,2HYY,1.4267592430114746,238,R,F,F:\GENESIS Studio\genesis-studio\packages\engines-py\.pdb_cache\2HYY,A
4745,ThermoMPNN,2HYY,2.5727999210357666,238,R,G,F:\GENESIS Studio\genesis-studio\packages\engines-py\.pdb_cache\2HYY,A
4746,ThermoMPNN,2HYY,1.582969307899475,238,R,H,F:\GENESIS Studio\genesis-studio\packages\engines-py\.pdb_cache\2HYY,A
4747,ThermoMPNN,2HYY,0.8762087821960449,238,R,I,F:\GENESIS Studio\genesis-studio\packages\engines-py\.pdb_cache\2HYY,A
4748,ThermoMPNN,2HYY,0.49337196350097656,238,R,K,F:\GENESIS Studio\genesis-studio\packages\engines-py\.pdb_cache\2HYY,A
4749,ThermoMPNN,2HYY,0.43150973320007324,238,R,L,F:\GENESIS Studio\genesis-studio\packages\engines-py\.pdb_cache\2HYY,A
4750,ThermoMPNN,2HYY,0.7288520336151123,238,R,M,F:\GENESIS Studio\genesis-studio\packages\engines-py\.pdb_cache\2HYY,A
4751,ThermoMPNN,2HYY,1.9281303882598877,238,R,N,F:\GENESIS Studio\genesis-studio\packages\engines-py\.pdb_cache\2HYY,A
4752,ThermoMPNN,2HYY,3.41102933883667,238,R,P,F:\GENESIS Studio\genesis-studio\packages\engines-py\.pdb_cache\2HYY,A
4753,ThermoMPNN,2HYY,1.1905170679092407,238,R,Q,F:\GENESIS Studio\genesis-studio\packages\engines-py\.pdb_cache\2HYY,A
4754,ThermoMPNN,2HYY,0.0,238,R,R,F:\GENESIS Studio\genesis-studio\packages\engines-py\.pdb_cache\2HYY,A
4755,ThermoMPNN,2HYY,1.7739301919937134,238,R,S,F:\GENESIS Studio\genesis-studio\packages\engines-py\.pdb_cache\2HYY,A
4756,ThermoMPNN,2HYY,1.631679654121399,238,R,T,F:\GENESIS Studio\genesis-studio\packages\engines-py\.pdb_cache\2HYY,A
4757,ThermoMPNN,2HYY,0.8980875015258789,238,R,V,F:\GENESIS Studio\genesis-studio\packages\engines-py\.pdb_cache\2HYY,A
4758,ThermoMPNN,2HYY,1.6359450817108154,238,R,W,F:\GENESIS Studio\genesis-studio\packages\engines-py\.pdb_cache\2HYY,A
4759,ThermoMPNN,2HYY,1.5965349674224854,238,R,Y,F:\GENESIS Studio\genesis-studio\packages\engines-py\.pdb_cache\2HYY,A
4760,ThermoMPNN,2HYY,0.0,239,A,A,F:\GENESIS Studio\genesis-studio\packages\engines-py\.pdb_cache\2HYY,A
4761,ThermoMPNN,2HYY,0.14615142345428467,239,A,C,F:\GENESIS Studio\genesis-studio\packages\engines-py\.pdb_cache\2HYY,A
4762,ThermoMPNN,2HYY,1.5386526584625244,239,A,D,F:\GENESIS Studio\genesis-studio\packages\engines-py\.pdb_cache\2HYY,A
4763,ThermoMPNN,2HYY,0.951378345489502,239,A,E,F:\GENESIS Studio\genesis-studio\packages\engines-py\.pdb_cache\2HYY,A
4764,ThermoMPNN,2HYY,0.5646328330039978,239,A,F,F:\GENESIS Studio\genesis-studio\packages\engines-py\.pdb_cache\2HYY,A
4765,ThermoMPNN,2HYY,1.096120834350586,239,A,G,F:\GENESIS Studio\genesis-studio\packages\engines-py\.pdb_cache\2HYY,A
4766,ThermoMPNN,2HYY,0.4904719591140747,239,A,H,F:\GENESIS Studio\genesis-studio\packages\engines-py\.pdb_cache\2HYY,A
4767,ThermoMPNN,2HYY,0.37697285413742065,239,A,I,F:\GENESIS Studio\genesis-studio\packages\engines-py\.pdb_cache\2HYY,A
4768,ThermoMPNN,2HYY,-0.560907244682312,239,A,K,F:\GENESIS Studio\genesis-studio\packages\engines-py\.pdb_cache\2HYY,A
4769,ThermoMPNN,2HYY,-0.10459733009338379,239,A,L,F:\GENESIS Studio\genesis-studio\packages\engines-py\.pdb_cache\2HYY,A
4770,ThermoMPNN,2HYY,-0.15014159679412842,239,A,M,F:\GENESIS Studio\genesis-studio\packages\engines-py\.pdb_cache\2HYY,A
4771,ThermoMPNN,2HYY,0.7397698760032654,239,A,N,F:\GENESIS Studio\genesis-studio\packages\engines-py\.pdb_cache\2HYY,A
4772,ThermoMPNN,2HYY,2.362668037414551,239,A,P,F:\GENESIS Studio\genesis-studio\packages\engines-py\.pdb_cache\2HYY,A
4773,ThermoMPNN,2HYY,-0.03241860866546631,239,A,Q,F:\GENESIS Studio\genesis-studio\packages\engines-py\.pdb_cache\2HYY,A
4774,ThermoMPNN,2HYY,-0.7568601369857788,239,A,R,F:\GENESIS Studio\genesis-studio\packages\engines-py\.pdb_cache\2HYY,A
4775,ThermoMPNN,2HYY,0.4842817783355713,239,A,S,F:\GENESIS Studio\genesis-studio\packages\engines-py\.pdb_cache\2HYY,A
4776,ThermoMPNN,2HYY,0.6480968594551086,239,A,T,F:\GENESIS Studio\genesis-studio\packages\engines-py\.pdb_cache\2HYY,A
4777,ThermoMPNN,2HYY,0.4895058870315552,239,A,V,F:\GENESIS Studio\genesis-studio\packages\engines-py\.pdb_cache\2HYY,A
4778,ThermoMPNN,2HYY,0.5172197818756104,239,A,W,F:\GENESIS Studio\genesis-studio\packages\engines-py\.pdb_cache\2HYY,A
4779,ThermoMPNN,2HYY,0.5697957277297974,239,A,Y,F:\GENESIS Studio\genesis-studio\packages\engines-py\.pdb_cache\2HYY,A
4780,ThermoMPNN,2HYY,-0.032560110092163086,240,C,A,F:\GENESIS Studio\genesis-studio\packages\engines-py\.pdb_cache\2HYY,A
4781,ThermoMPNN,2HYY,0.0,240,C,C,F:\GENESIS Studio\genesis-studio\packages\engines-py\.pdb_cache\2HYY,A
4782,ThermoMPNN,2HYY,2.9744327068328857,240,C,D,F:\GENESIS Studio\genesis-studio\packages\engines-py\.pdb_cache\2HYY,A
4783,ThermoMPNN,2HYY,2.6538519859313965,240,C,E,F:\GENESIS Studio\genesis-studio\packages\engines-py\.pdb_cache\2HYY,A
4784,ThermoMPNN,2HYY,0.547160267829895,240,C,F,F:\GENESIS Studio\genesis-studio\packages\engines-py\.pdb_cache\2HYY,A
4785,ThermoMPNN,2HYY,1.3553088903427124,240,C,G,F:\GENESIS Studio\genesis-studio\packages\engines-py\.pdb_cache\2HYY,A
4786,ThermoMPNN,2HYY,2.0972530841827393,240,C,H,F:\GENESIS Studio\genesis-studio\packages\engines-py\.pdb_cache\2HYY,A
4787,ThermoMPNN,2HYY,0.48635613918304443,240,C,I,F:\GENESIS Studio\genesis-studio\packages\engines-py\.pdb_cache\2HYY,A
4788,ThermoMPNN,2HYY,2.3196351528167725,240,C,K,F:\GENESIS Studio\genesis-studio\packages\engines-py\.pdb_cache\2HYY,A
4789,ThermoMPNN,2HYY,0.35423851013183594,240,C,L,F:\GENESIS Studio\genesis-studio\packages\engines-py\.pdb_cache\2HYY,A
4790,ThermoMPNN,2HYY,0.4565480947494507,240,C,M,F:\GENESIS Studio\genesis-studio\packages\engines-py\.pdb_cache\2HYY,A
4791,ThermoMPNN,2HYY,2.3096017837524414,240,C,N,F:\GENESIS Studio\genesis-studio\packages\engines-py\.pdb_cache\2HYY,A
4792,ThermoMPNN,2HYY,2.4298410415649414,240,C,P,F:\GENESIS Studio\genesis-studio\packages\engines-py\.pdb_cache\2HYY,A
4793,ThermoMPNN,2HYY,2.121971607208252,240,C,Q,F:\GENESIS Studio\genesis-studio\packages\engines-py\.pdb_cache\2HYY,A
4794,ThermoMPNN,2HYY,2.35125994682312,240,C,R,F:\GENESIS Studio\genesis-studio\packages\engines-py\.pdb_cache\2HYY,A
4795,ThermoMPNN,2HYY,0.8458566665649414,240,C,S,F:\GENESIS Studio\genesis-studio\packages\engines-py\.pdb_cache\2HYY,A
4796,ThermoMPNN,2HYY,0.4448601007461548,240,C,T,F:\GENESIS Studio\genesis-studio\packages\engines-py\.pdb_cache\2HYY,A
4797,ThermoMPNN,2HYY,0.47683465480804443,240,C,V,F:\GENESIS Studio\genesis-studio\packages\engines-py\.pdb_cache\2HYY,A
4798,ThermoMPNN,2HYY,1.5544484853744507,240,C,W,F:\GENESIS Studio\genesis-studio\packages\engines-py\.pdb_cache\2HYY,A
4799,ThermoMPNN,2HYY,1.1597177982330322,240,C,Y,F:\GENESIS Studio\genesis-studio\packages\engines-py\.pdb_cache\2HYY,A
4800,ThermoMPNN,2HYY,3.4921960830688477,241,W,A,F:\GENESIS Studio\genesis-studio\packages\engines-py\.pdb_cache\2HYY,A
4801,ThermoMPNN,2HYY,1.5204402208328247,241,W,C,F:\GENESIS Studio\genesis-studio\packages\engines-py\.pdb_cache\2HYY,A
4802,ThermoMPNN,2HYY,3.916520357131958,241,W,D,F:\GENESIS Studio\genesis-studio\packages\engines-py\.pdb_cache\2HYY,A
4803,ThermoMPNN,2HYY,3.379983901977539,241,W,E,F:\GENESIS Studio\genesis-studio\packages\engines-py\.pdb_cache\2HYY,A
4804,ThermoMPNN,2HYY,1.0089869499206543,241,W,F,F:\GENESIS Studio\genesis-studio\packages\engines-py\.pdb_cache\2HYY,A
4805,ThermoMPNN,2HYY,2.938617706298828,241,W,G,F:\GENESIS Studio\genesis-studio\packages\engines-py\.pdb_cache\2HYY,A
4806,ThermoMPNN,2HYY,2.3456640243530273,241,W,H,F:\GENESIS Studio\genesis-studio\packages\engines-py\.pdb_cache\2HYY,A
4807,ThermoMPNN,2HYY,2.7991793155670166,241,W,I,F:\GENESIS Studio\genesis-studio\packages\engines-py\.pdb_cache\2HYY,A
4808,ThermoMPNN,2HYY,2.9551777839660645,241,W,K,F:\GENESIS Studio\genesis-studio\packages\engines-py\.pdb_cache\2HYY,A
4809,ThermoMPNN,2HYY,1.5413591861724854,241,W,L,F:\GENESIS Studio\genesis-studio\packages\engines-py\.pdb_cache\2HYY,A
4810,ThermoMPNN,2HYY,1.4587182998657227,241,W,M,F:\GENESIS Studio\genesis-studio\packages\engines-py\.pdb_cache\2HYY,A
4811,ThermoMPNN,2HYY,2.991361141204834,241,W,N,F:\GENESIS Studio\genesis-studio\packages\engines-py\.pdb_cache\2HYY,A
4812,ThermoMPNN,2HYY,3.999669313430786,241,W,P,F:\GENESIS Studio\genesis-studio\packages\engines-py\.pdb_cache\2HYY,A
4813,ThermoMPNN,2HYY,2.416632652282715,241,W,Q,F:\GENESIS Studio\genesis-studio\packages\engines-py\.pdb_cache\2HYY,A
4814,ThermoMPNN,2HYY,3.081573963165283,241,W,R,F:\GENESIS Studio\genesis-studio\packages\engines-py\.pdb_cache\2HYY,A
4815,ThermoMPNN,2HYY,3.133429527282715,241,W,S,F:\GENESIS Studio\genesis-studio\packages\engines-py\.pdb_cache\2HYY,A
4816,ThermoMPNN,2HYY,3.4445571899414062,241,W,T,F:\GENESIS Studio\genesis-studio\packages\engines-py\.pdb_cache\2HYY,A
4817,ThermoMPNN,2HYY,2.84202241897583,241,W,V,F:\GENESIS Studio\genesis-studio\packages\engines-py\.pdb_cache\2HYY,A
4818,ThermoMPNN,2HYY,0.0,241,W,W,F:\GENESIS Studio\genesis-studio\packages\engines-py\.pdb_cache\2HYY,A
4819,ThermoMPNN,2HYY,1.0967576503753662,241,W,Y,F:\GENESIS Studio\genesis-studio\packages\engines-py\.pdb_cache\2HYY,A
4820,ThermoMPNN,2HYY,0.01497507095336914,242,Q,A,F:\GENESIS Studio\genesis-studio\packages\engines-py\.pdb_cache\2HYY,A
4821,ThermoMPNN,2HYY,0.7259439826011658,242,Q,C,F:\GENESIS Studio\genesis-studio\packages\engines-py\.pdb_cache\2HYY,A
4822,ThermoMPNN,2HYY,1.7585952281951904,242,Q,D,F:\GENESIS Studio\genesis-studio\packages\engines-py\.pdb_cache\2HYY,A
4823,ThermoMPNN,2HYY,0.3365507125854492,242,Q,E,F:\GENESIS Studio\genesis-studio\packages\engines-py\.pdb_cache\2HYY,A
4824,ThermoMPNN,2HYY,1.3452047109603882,242,Q,F,F:\GENESIS Studio\genesis-studio\packages\engines-py\.pdb_cache\2HYY,A
4825,ThermoMPNN,2HYY,1.0236674547195435,242,Q,G,F:\GENESIS Studio\genesis-studio\packages\engines-py\.pdb_cache\2HYY,A
4826,ThermoMPNN,2HYY,0.7863969802856445,242,Q,H,F:\GENESIS Studio\genesis-studio\packages\engines-py\.pdb_cache\2HYY,A
4827,ThermoMPNN,2HYY,1.4631154537200928,242,Q,I,F:\GENESIS Studio\genesis-studio\packages\engines-py\.pdb_cache\2HYY,A
4828,ThermoMPNN,2HYY,0.7752240896224976,242,Q,K,F:\GENESIS Studio\genesis-studio\packages\engines-py\.pdb_cache\2HYY,A
4829,ThermoMPNN,2HYY,1.1252257823944092,242,Q,L,F:\GENESIS Studio\genesis-studio\packages\engines-py\.pdb_cache\2HYY,A
4830,ThermoMPNN,2HYY,0.4737715721130371,242,Q,M,F:\GENESIS Studio\genesis-studio\packages\engines-py\.pdb_cache\2HYY,A
4831,ThermoMPNN,2HYY,1.4732481241226196,242,Q,N,F:\GENESIS Studio\genesis-studio\packages\engines-py\.pdb_cache\2HYY,A
4832,ThermoMPNN,2HYY,2.260516881942749,242,Q,P,F:\GENESIS Studio\genesis-studio\packages\engines-py\.pdb_cache\2HYY,A
4833,ThermoMPNN,2HYY,0.0,242,Q,Q,F:\GENESIS Studio\genesis-studio\packages\engines-py\.pdb_cache\2HYY,A
4834,ThermoMPNN,2HYY,0.8795491456985474,242,Q,R,F:\GENESIS Studio\genesis-studio\packages\engines-py\.pdb_cache\2HYY,A
4835,ThermoMPNN,2HYY,0.7418972253799438,242,Q,S,F:\GENESIS Studio\genesis-studio\packages\engines-py\.pdb_cache\2HYY,A
4836,ThermoMPNN,2HYY,1.2938621044158936,242,Q,T,F:\GENESIS Studio\genesis-studio\packages\engines-py\.pdb_cache\2HYY,A
4837,ThermoMPNN,2HYY,1.3165960311889648,242,Q,V,F:\GENESIS Studio\genesis-studio\packages\engines-py\.pdb_cache\2HYY,A
4838,ThermoMPNN,2HYY,1.4028127193450928,242,Q,W,F:\GENESIS Studio\genesis-studio\packages\engines-py\.pdb_cache\2HYY,A
4839,ThermoMPNN,2HYY,1.3412096500396729,242,Q,Y,F:\GENESIS Studio\genesis-studio\packages\engines-py\.pdb_cache\2HYY,A
4840,ThermoMPNN,2HYY,1.3732599020004272,243,W,A,F:\GENESIS Studio\genesis-studio\packages\engines-py\.pdb_cache\2HYY,A
4841,ThermoMPNN,2HYY,0.6982564926147461,243,W,C,F:\GENESIS Studio\genesis-studio\packages\engines-py\.pdb_cache\2HYY,A
4842,ThermoMPNN,2HYY,1.8361809253692627,243,W,D,F:\GENESIS Studio\genesis-studio\packages\engines-py\.pdb_cache\2HYY,A
4843,ThermoMPNN,2HYY,1.9052214622497559,243,W,E,F:\GENESIS Studio\genesis-studio\packages\engines-py\.pdb_cache\2HYY,A
4844,ThermoMPNN,2HYY,0.34978437423706055,243,W,F,F:\GENESIS Studio\genesis-studio\packages\engines-py\.pdb_cache\2HYY,A
4845,ThermoMPNN,2HYY,1.611799955368042,243,W,G,F:\GENESIS Studio\genesis-studio\packages\engines-py\.pdb_cache\2HYY,A
4846,ThermoMPNN,2HYY,0.8607319593429565,243,W,H,F:\GENESIS Studio\genesis-studio\packages\engines-py\.pdb_cache\2HYY,A
4847,ThermoMPNN,2HYY,1.0407832860946655,243,W,I,F:\GENESIS Studio\genesis-studio\packages\engines-py\.pdb_cache\2HYY,A
4848,ThermoMPNN,2HYY,0.5220212936401367,243,W,K,F:\GENESIS Studio\genesis-studio\packages\engines-py\.pdb_cache\2HYY,A
4849,ThermoMPNN,2HYY,1.0325558185577393,243,W,L,F:\GENESIS Studio\genesis-studio\packages\engines-py\.pdb_cache\2HYY,A
4850,ThermoMPNN,2HYY,0.8786364793777466,243,W,M,F:\GENESIS Studio\genesis-studio\packages\engines-py\.pdb_cache\2HYY,A
4851,ThermoMPNN,2HYY,1.3033849000930786,243,W,N,F:\GENESIS Studio\genesis-studio\packages\engines-py\.pdb_cache\2HYY,A
4852,ThermoMPNN,2HYY,1.121451735496521,243,W,P,F:\GENESIS Studio\genesis-studio\packages\engines-py\.pdb_cache\2HYY,A
4853,ThermoMPNN,2HYY,1.2972438335418701,243,W,Q,F:\GENESIS Studio\genesis-studio\packages\engines-py\.pdb_cache\2HYY,A
4854,ThermoMPNN,2HYY,0.274918794631958,243,W,R,F:\GENESIS Studio\genesis-studio\packages\engines-py\.pdb_cache\2HYY,A
4855,ThermoMPNN,2HYY,1.314318060874939,243,W,S,F:\GENESIS Studio\genesis-studio\packages\engines-py\.pdb_cache\2HYY,A
4856,ThermoMPNN,2HYY,1.4153177738189697,243,W,T,F:\GENESIS Studio\genesis-studio\packages\engines-py\.pdb_cache\2HYY,A
4857,ThermoMPNN,2HYY,1.2561578750610352,243,W,V,F:\GENESIS Studio\genesis-studio\packages\engines-py\.pdb_cache\2HYY,A
4858,ThermoMPNN,2HYY,0.0,243,W,W,F:\GENESIS Studio\genesis-studio\packages\engines-py\.pdb_cache\2HYY,A
4859,ThermoMPNN,2HYY,0.3228330612182617,243,W,Y,F:\GENESIS Studio\genesis-studio\packages\engines-py\.pdb_cache\2HYY,A
4860,ThermoMPNN,2HYY,1.040579915046692,244,N,A,F:\GENESIS Studio\genesis-studio\packages\engines-py\.pdb_cache\2HYY,A
4861,ThermoMPNN,2HYY,0.6259639263153076,244,N,C,F:\GENESIS Studio\genesis-studio\packages\engines-py\.pdb_cache\2HYY,A
4862,ThermoMPNN,2HYY,0.7037896513938904,244,N,D,F:\GENESIS Studio\genesis-studio\packages\engines-py\.pdb_cache\2HYY,A
4863,ThermoMPNN,2HYY,1.0163875818252563,244,N,E,F:\GENESIS Studio\genesis-studio\packages\engines-py\.pdb_cache\2HYY,A
4864,ThermoMPNN,2HYY,1.1679898500442505,244,N,F,F:\GENESIS Studio\genesis-studio\packages\engines-py\.pdb_cache\2HYY,A
4865,ThermoMPNN,2HYY,1.2441108226776123,244,N,G,F:\GENESIS Studio\genesis-studio\packages\engines-py\.pdb_cache\2HYY,A
4866,ThermoMPNN,2HYY,0.6160761117935181,244,N,H,F:\GENESIS Studio\genesis-studio\packages\engines-py\.pdb_cache\2HYY,A
4867,ThermoMPNN,2HYY,1.2658207416534424,244,N,I,F:\GENESIS Studio\genesis-studio\packages\engines-py\.pdb_cache\2HYY,A
4868,ThermoMPNN,2HYY,0.7291955351829529,244,N,K,F:\GENESIS Studio\genesis-studio\packages\engines-py\.pdb_cache\2HYY,A
4869,ThermoMPNN,2HYY,0.942829966545105,244,N,L,F:\GENESIS Studio\genesis-studio\packages\engines-py\.pdb_cache\2HYY,A
4870,ThermoMPNN,2HYY,1.1252458095550537,244,N,M,F:\GENESIS Studio\genesis-studio\packages\engines-py\.pdb_cache\2HYY,A
4871,ThermoMPNN,2HYY,0.0,244,N,N,F:\GENESIS Studio\genesis-studio\packages\engines-py\.pdb_cache\2HYY,A
4872,ThermoMPNN,2HYY,2.319493293762207,244,N,P,F:\GENESIS Studio\genesis-studio\packages\engines-py\.pdb_cache\2HYY,A
4873,ThermoMPNN,2HYY,0.930088222026825,244,N,Q,F:\GENESIS Studio\genesis-studio\packages\engines-py\.pdb_cache\2HYY,A
4874,ThermoMPNN,2HYY,0.7439154982566833,244,N,R,F:\GENESIS Studio\genesis-studio\packages\engines-py\.pdb_cache\2HYY,A
4875,ThermoMPNN,2HYY,0.7157104015350342,244,N,S,F:\GENESIS Studio\genesis-studio\packages\engines-py\.pdb_cache\2HYY,A
4876,ThermoMPNN,2HYY,0.9053770899772644,244,N,T,F:\GENESIS Studio\genesis-studio\packages\engines-py\.pdb_cache\2HYY,A
4877,ThermoMPNN,2HYY,1.1139445304870605,244,N,V,F:\GENESIS Studio\genesis-studio\packages\engines-py\.pdb_cache\2HYY,A
4878,ThermoMPNN,2HYY,1.4293562173843384,244,N,W,F:\GENESIS Studio\genesis-studio\packages\engines-py\.pdb_cache\2HYY,A
4879,ThermoMPNN,2HYY,1.1234567165374756,244,N,Y,F:\GENESIS Studio\genesis-studio\packages\engines-py\.pdb_cache\2HYY,A
4880,ThermoMPNN,2HYY,0.2512226104736328,245,P,A,F:\GENESIS Studio\genesis-studio\packages\engines-py\.pdb_cache\2HYY,A
4881,ThermoMPNN,2HYY,0.17855006456375122,245,P,C,F:\GENESIS Studio\genesis-studio\packages\engines-py\.pdb_cache\2HYY,A
4882,ThermoMPNN,2HYY,0.5708469748497009,245,P,D,F:\GENESIS Studio\genesis-studio\packages\engines-py\.pdb_cache\2HYY,A
4883,ThermoMPNN,2HYY,0.4167057275772095,245,P,E,F:\GENESIS Studio\genesis-studio\packages\engines-py\.pdb_cache\2HYY,A
4884,ThermoMPNN,2HYY,0.5159833431243896,245,P,F,F:\GENESIS Studio\genesis-studio\packages\engines-py\.pdb_cache\2HYY,A
4885,ThermoMPNN,2HYY,0.879891574382782,245,P,G,F:\GENESIS Studio\genesis-studio\packages\engines-py\.pdb_cache\2HYY,A
4886,ThermoMPNN,2HYY,0.714533805847168,245,P,H,F:\GENESIS Studio\genesis-studio\packages\engines-py\.pdb_cache\2HYY,A
4887,ThermoMPNN,2HYY,0.4168100357055664,245,P,I,F:\GENESIS Studio\genesis-studio\packages\engines-py\.pdb_cache\2HYY,A
4888,ThermoMPNN,2HYY,1.1405049562454224,245,P,K,F:\GENESIS Studio\genesis-studio\packages\engines-py\.pdb_cache\2HYY,A
4889,ThermoMPNN,2HYY,0.38143032789230347,245,P,L,F:\GENESIS Studio\genesis-studio\packages\engines-py\.pdb_cache\2HYY,A
4890,ThermoMPNN,2HYY,0.525283694267273,245,P,M,F:\GENESIS Studio\genesis-studio\packages\engines-py\.pdb_cache\2HYY,A
4891,ThermoMPNN,2HYY,0.9090726971626282,245,P,N,F:\GENESIS Studio\genesis-studio\packages\engines-py\.pdb_cache\2HYY,A
4892,ThermoMPNN,2HYY,0.0,245,P,P,F:\GENESIS Studio\genesis-studio\packages\engines-py\.pdb_cache\2HYY,A
4893,ThermoMPNN,2HYY,0.8829733729362488,245,P,Q,F:\GENESIS Studio\genesis-studio\packages\engines-py\.pdb_cache\2HYY,A
4894,ThermoMPNN,2HYY,1.1928060054779053,245,P,R,F:\GENESIS Studio\genesis-studio\packages\engines-py\.pdb_cache\2HYY,A
4895,ThermoMPNN,2HYY,0.5987197160720825,245,P,S,F:\GENESIS Studio\genesis-studio\packages\engines-py\.pdb_cache\2HYY,A
4896,ThermoMPNN,2HYY,0.8780810832977295,245,P,T,F:\GENESIS Studio\genesis-studio\packages\engines-py\.pdb_cache\2HYY,A
4897,ThermoMPNN,2HYY,0.5946463942527771,245,P,V,F:\GENESIS Studio\genesis-studio\packages\engines-py\.pdb_cache\2HYY,A
4898,ThermoMPNN,2HYY,0.25266915559768677,245,P,W,F:\GENESIS Studio\genesis-studio\packages\engines-py\.pdb_cache\2HYY,A
4899,ThermoMPNN,2HYY,0.26212477684020996,245,P,Y,F:\GENESIS Studio\genesis-studio\packages\engines-py\.pdb_cache\2HYY,A
4900,ThermoMPNN,2HYY,-0.11498802900314331,246,S,A,F:\GENESIS Studio\genesis-studio\packages\engines-py\.pdb_cache\2HYY,A
4901,ThermoMPNN,2HYY,-0.35184067487716675,246,S,C,F:\GENESIS Studio\genesis-studio\packages\engines-py\.pdb_cache\2HYY,A
4902,ThermoMPNN,2HYY,-0.3599061369895935,246,S,D,F:\GENESIS Studio\genesis-studio\packages\engines-py\.pdb_cache\2HYY,A
4903,ThermoMPNN,2HYY,-0.618452250957489,246,S,E,F:\GENESIS Studio\genesis-studio\packages\engines-py\.pdb_cache\2HYY,A
4904,ThermoMPNN,2HYY,0.16979175806045532,246,S,F,F:\GENESIS Studio\genesis-studio\packages\engines-py\.pdb_cache\2HYY,A
4905,ThermoMPNN,2HYY,0.24272605776786804,246,S,G,F:\GENESIS Studio\genesis-studio\packages\engines-py\.pdb_cache\2HYY,A
4906,ThermoMPNN,2HYY,-0.17472612857818604,246,S,H,F:\GENESIS Studio\genesis-studio\packages\engines-py\.pdb_cache\2HYY,A
4907,ThermoMPNN,2HYY,0.21555981040000916,246,S,I,F:\GENESIS Studio\genesis-studio\packages\engines-py\.pdb_cache\2HYY,A
4908,ThermoMPNN,2HYY,0.08164983987808228,246,S,K,F:\GENESIS Studio\genesis-studio\packages\engines-py\.pdb_cache\2HYY,A
4909,ThermoMPNN,2HYY,0.00044995546340942383,246,S,L,F:\GENESIS Studio\genesis-studio\packages\engines-py\.pdb_cache\2HYY,A
4910,ThermoMPNN,2HYY,-0.020784854888916016,246,S,M,F:\GENESIS Studio\genesis-studio\packages\engines-py\.pdb_cache\2HYY,A
4911,ThermoMPNN,2HYY,-0.23974651098251343,246,S,N,F:\GENESIS Studio\genesis-studio\packages\engines-py\.pdb_cache\2HYY,A
4912,ThermoMPNN,2HYY,1.0314371585845947,246,S,P,F:\GENESIS Studio\genesis-studio\packages\engines-py\.pdb_cache\2HYY,A
4913,ThermoMPNN,2HYY,-0.2358418107032776,246,S,Q,F:\GENESIS Studio\genesis-studio\packages\engines-py\.pdb_cache\2HYY,A
4914,ThermoMPNN,2HYY,0.1591460108757019,246,S,R,F:\GENESIS Studio\genesis-studio\packages\engines-py\.pdb_cache\2HYY,A
4915,ThermoMPNN,2HYY,0.0,246,S,S,F:\GENESIS Studio\genesis-studio\packages\engines-py\.pdb_cache\2HYY,A
4916,ThermoMPNN,2HYY,0.06259411573410034,246,S,T,F:\GENESIS Studio\genesis-studio\packages\engines-py\.pdb_cache\2HYY,A
4917,ThermoMPNN,2HYY,0.1856110692024231,246,S,V,F:\GENESIS Studio\genesis-studio\packages\engines-py\.pdb_cache\2HYY,A
4918,ThermoMPNN,2HYY,0.11917519569396973,246,S,W,F:\GENESIS Studio\genesis-studio\packages\engines-py\.pdb_cache\2HYY,A
4919,ThermoMPNN,2HYY,0.00014388561248779297,246,S,Y,F:\GENESIS Studio\genesis-studio\packages\engines-py\.pdb_cache\2HYY,A
4920,ThermoMPNN,2HYY,0.8268036842346191,247,D,A,F:\GENESIS Studio\genesis-studio\packages\engines-py\.pdb_cache\2HYY,A
4921,ThermoMPNN,2HYY,0.48574745655059814,247,D,C,F:\GENESIS Studio\genesis-studio\packages\engines-py\.pdb_cache\2HYY,A
4922,ThermoMPNN,2HYY,0.0,247,D,D,F:\GENESIS Studio\genesis-studio\packages\engines-py\.pdb_cache\2HYY,A
4923,ThermoMPNN,2HYY,0.0778050422668457,247,D,E,F:\GENESIS Studio\genesis-studio\packages\engines-py\.pdb_cache\2HYY,A
4924,ThermoMPNN,2HYY,1.0880506038665771,247,D,F,F:\GENESIS Studio\genesis-studio\packages\engines-py\.pdb_cache\2HYY,A
4925,ThermoMPNN,2HYY,1.4160534143447876,247,D,G,F:\GENESIS Studio\genesis-studio\packages\engines-py\.pdb_cache\2HYY,A
4926,ThermoMPNN,2HYY,0.8668738007545471,247,D,H,F:\GENESIS Studio\genesis-studio\packages\engines-py\.pdb_cache\2HYY,A
4927,ThermoMPNN,2HYY,1.075566291809082,247,D,I,F:\GENESIS Studio\genesis-studio\packages\engines-py\.pdb_cache\2HYY,A
4928,ThermoMPNN,2HYY,1.277660846710205,247,D,K,F:\GENESIS Studio\genesis-studio\packages\engines-py\.pdb_cache\2HYY,A
4929,ThermoMPNN,2HYY,0.7991089224815369,247,D,L,F:\GENESIS Studio\genesis-studio\packages\engines-py\.pdb_cache\2HYY,A
4930,ThermoMPNN,2HYY,0.8470510840415955,247,D,M,F:\GENESIS Studio\genesis-studio\packages\engines-py\.pdb_cache\2HYY,A
4931,ThermoMPNN,2HYY,0.8151609301567078,247,D,N,F:\GENESIS Studio\genesis-studio\packages\engines-py\.pdb_cache\2HYY,A
4932,ThermoMPNN,2HYY,2.226123809814453,247,D,P,F:\GENESIS Studio\genesis-studio\packages\engines-py\.pdb_cache\2HYY,A
4933,ThermoMPNN,2HYY,0.677918016910553,247,D,Q,F:\GENESIS Studio\genesis-studio\packages\engines-py\.pdb_cache\2HYY,A
4934,ThermoMPNN,2HYY,1.2811591625213623,247,D,R,F:\GENESIS Studio\genesis-studio\packages\engines-py\.pdb_cache\2HYY,A
4935,ThermoMPNN,2HYY,0.9720874428749084,247,D,S,F:\GENESIS Studio\genesis-studio\packages\engines-py\.pdb_cache\2HYY,A
4936,ThermoMPNN,2HYY,1.0354554653167725,247,D,T,F:\GENESIS Studio\genesis-studio\packages\engines-py\.pdb_cache\2HYY,A
4937,ThermoMPNN,2HYY,1.1917729377746582,247,D,V,F:\GENESIS Studio\genesis-studio\packages\engines-py\.pdb_cache\2HYY,A
4938,ThermoMPNN,2HYY,1.0344760417938232,247,D,W,F:\GENESIS Studio\genesis-studio\packages\engines-py\.pdb_cache\2HYY,A
4939,ThermoMPNN,2HYY,0.9595662355422974,247,D,Y,F:\GENESIS Studio\genesis-studio\packages\engines-py\.pdb_cache\2HYY,A
4940,ThermoMPNN,2HYY,1.7217118740081787,248,R,A,F:\GENESIS Studio\genesis-studio\packages\engines-py\.pdb_cache\2HYY,A
4941,ThermoMPNN,2HYY,1.6688734292984009,248,R,C,F:\GENESIS Studio\genesis-studio\packages\engines-py\.pdb_cache\2HYY,A
4942,ThermoMPNN,2HYY,2.328341484069824,248,R,D,F:\GENESIS Studio\genesis-studio\packages\engines-py\.pdb_cache\2HYY,A
4943,ThermoMPNN,2HYY,2.50148868560791,248,R,E,F:\GENESIS Studio\genesis-studio\packages\engines-py\.pdb_cache\2HYY,A
4944,ThermoMPNN,2HYY,1.9035112857818604,248,R,F,F:\GENESIS Studio\genesis-studio\packages\engines-py\.pdb_cache\2HYY,A
4945,ThermoMPNN,2HYY,2.174400806427002,248,R,G,F:\GENESIS Studio\genesis-studio\packages\engines-py\.pdb_cache\2HYY,A
4946,ThermoMPNN,2HYY,1.7688308954238892,248,R,H,F:\GENESIS Studio\genesis-studio\packages\engines-py\.pdb_cache\2HYY,A
4947,ThermoMPNN,2HYY,1.7289172410964966,248,R,I,F:\GENESIS Studio\genesis-studio\packages\engines-py\.pdb_cache\2HYY,A
4948,ThermoMPNN,2HYY,0.43888425827026367,248,R,K,F:\GENESIS Studio\genesis-studio\packages\engines-py\.pdb_cache\2HYY,A
4949,ThermoMPNN,2HYY,1.365342617034912,248,R,L,F:\GENESIS Studio\genesis-studio\packages\engines-py\.pdb_cache\2HYY,A
4950,ThermoMPNN,2HYY,1.4895305633544922,248,R,M,F:\GENESIS Studio\genesis-studio\packages\engines-py\.pdb_cache\2HYY,A
4951,ThermoMPNN,2HYY,1.804980993270874,248,R,N,F:\GENESIS Studio\genesis-studio\packages\engines-py\.pdb_cache\2HYY,A
4952,ThermoMPNN,2HYY,1.6371417045593262,248,R,P,F:\GENESIS Studio\genesis-studio\packages\engines-py\.pdb_cache\2HYY,A
4953,ThermoMPNN,2HYY,1.5160481929779053,248,R,Q,F:\GENESIS Studio\genesis-studio\packages\engines-py\.pdb_cache\2HYY,A
4954,ThermoMPNN,2HYY,0.0,248,R,R,F:\GENESIS Studio\genesis-studio\packages\engines-py\.pdb_cache\2HYY,A
4955,ThermoMPNN,2HYY,1.658379316329956,248,R,S,F:\GENESIS Studio\genesis-studio\packages\engines-py\.pdb_cache\2HYY,A
4956,ThermoMPNN,2HYY,1.7248094081878662,248,R,T,F:\GENESIS Studio\genesis-studio\packages\engines-py\.pdb_cache\2HYY,A
4957,ThermoMPNN,2HYY,1.8744174242019653,248,R,V,F:\GENESIS Studio\genesis-studio\packages\engines-py\.pdb_cache\2HYY,A
4958,ThermoMPNN,2HYY,2.1002695560455322,248,R,W,F:\GENESIS Studio\genesis-studio\packages\engines-py\.pdb_cache\2HYY,A
4959,ThermoMPNN,2HYY,1.9528255462646484,248,R,Y,F:\GENESIS Studio\genesis-studio\packages\engines-py\.pdb_cache\2HYY,A
4960,ThermoMPNN,2HYY,1.8527108430862427,249,P,A,F:\GENESIS Studio\genesis-studio\packages\engines-py\.pdb_cache\2HYY,A
4961,ThermoMPNN,2HYY,0.9697999954223633,249,P,C,F:\GENESIS Studio\genesis-studio\packages\engines-py\.pdb_cache\2HYY,A
4962,ThermoMPNN,2HYY,2.405311346054077,249,P,D,F:\GENESIS Studio\genesis-studio\packages\engines-py\.pdb_cache\2HYY,A
4963,ThermoMPNN,2HYY,2.10721492767334,249,P,E,F:\GENESIS Studio\genesis-studio\packages\engines-py\.pdb_cache\2HYY,A
4964,ThermoMPNN,2HYY,1.297253966331482,249,P,F,F:\GENESIS Studio\genesis-studio\packages\engines-py\.pdb_cache\2HYY,A
4965,ThermoMPNN,2HYY,1.9682180881500244,249,P,G,F:\GENESIS Studio\genesis-studio\packages\engines-py\.pdb_cache\2HYY,A
4966,ThermoMPNN,2HYY,1.9249818325042725,249,P,H,F:\GENESIS Studio\genesis-studio\packages\engines-py\.pdb_cache\2HYY,A
4967,ThermoMPNN,2HYY,1.3962275981903076,249,P,I,F:\GENESIS Studio\genesis-studio\packages\engines-py\.pdb_cache\2HYY,A
4968,ThermoMPNN,2HYY,1.7923622131347656,249,P,K,F:\GENESIS Studio\genesis-studio\packages\engines-py\.pdb_cache\2HYY,A
4969,ThermoMPNN,2HYY,1.139831781387329,249,P,L,F:\GENESIS Studio\genesis-studio\packages\engines-py\.pdb_cache\2HYY,A
4970,ThermoMPNN,2HYY,1.2388639450073242,249,P,M,F:\GENESIS Studio\genesis-studio\packages\engines-py\.pdb_cache\2HYY,A
4971,ThermoMPNN,2HYY,2.1851255893707275,249,P,N,F:\GENESIS Studio\genesis-studio\packages\engines-py\.pdb_cache\2HYY,A
4972,ThermoMPNN,2HYY,0.0,249,P,P,F:\GENESIS Studio\genesis-studio\packages\engines-py\.pdb_cache\2HYY,A
4973,ThermoMPNN,2HYY,2.0679197311401367,249,P,Q,F:\GENESIS Studio\genesis-studio\packages\engines-py\.pdb_cache\2HYY,A
4974,ThermoMPNN,2HYY,1.7872986793518066,249,P,R,F:\GENESIS Studio\genesis-studio\packages\engines-py\.pdb_cache\2HYY,A
4975,ThermoMPNN,2HYY,2.1461212635040283,249,P,S,F:\GENESIS Studio\genesis-studio\packages\engines-py\.pdb_cache\2HYY,A
4976,ThermoMPNN,2HYY,2.121147632598877,249,P,T,F:\GENESIS Studio\genesis-studio\packages\engines-py\.pdb_cache\2HYY,A
4977,ThermoMPNN,2HYY,1.660383701324463,249,P,V,F:\GENESIS Studio\genesis-studio\packages\engines-py\.pdb_cache\2HYY,A
4978,ThermoMPNN,2HYY,1.2282490730285645,249,P,W,F:\GENESIS Studio\genesis-studio\packages\engines-py\.pdb_cache\2HYY,A
4979,ThermoMPNN,2HYY,1.1896510124206543,249,P,Y,F:\GENESIS Studio\genesis-studio\packages\engines-py\.pdb_cache\2HYY,A
4980,ThermoMPNN,2HYY,0.8189359307289124,250,S,A,F:\GENESIS Studio\genesis-studio\packages\engines-py\.pdb_cache\2HYY,A
4981,ThermoMPNN,2HYY,0.5222545266151428,250,S,C,F:\GENESIS Studio\genesis-studio\packages\engines-py\.pdb_cache\2HYY,A
4982,ThermoMPNN,2HYY,0.9665473103523254,250,S,D,F:\GENESIS Studio\genesis-studio\packages\engines-py\.pdb_cache\2HYY,A
4983,ThermoMPNN,2HYY,0.927024781703949,250,S,E,F:\GENESIS Studio\genesis-studio\packages\engines-py\.pdb_cache\2HYY,A
4984,ThermoMPNN,2HYY,0.9951599836349487,250,S,F,F:\GENESIS Studio\genesis-studio\packages\engines-py\.pdb_cache\2HYY,A
4985,ThermoMPNN,2HYY,0.7617911100387573,250,S,G,F:\GENESIS Studio\genesis-studio\packages\engines-py\.pdb_cache\2HYY,A
4986,ThermoMPNN,2HYY,0.9068012833595276,250,S,H,F:\GENESIS Studio\genesis-studio\packages\engines-py\.pdb_cache\2HYY,A
4987,ThermoMPNN,2HYY,1.076833724975586,250,S,I,F:\GENESIS Studio\genesis-studio\packages\engines-py\.pdb_cache\2HYY,A
4988,ThermoMPNN,2HYY,0.83476722240448,250,S,K,F:\GENESIS Studio\genesis-studio\packages\engines-py\.pdb_cache\2HYY,A
4989,ThermoMPNN,2HYY,0.9548237323760986,250,S,L,F:\GENESIS Studio\genesis-studio\packages\engines-py\.pdb_cache\2HYY,A
4990,ThermoMPNN,2HYY,0.976198673248291,250,S,M,F:\GENESIS Studio\genesis-studio\packages\engines-py\.pdb_cache\2HYY,A
4991,ThermoMPNN,2HYY,0.6656895875930786,250,S,N,F:\GENESIS Studio\genesis-studio\packages\engines-py\.pdb_cache\2HYY,A
4992,ThermoMPNN,2HYY,1.3258471488952637,250,S,P,F:\GENESIS Studio\genesis-studio\packages\engines-py\.pdb_cache\2HYY,A
4993,ThermoMPNN,2HYY,0.9092766046524048,250,S,Q,F:\GENESIS Studio\genesis-studio\packages\engines-py\.pdb_cache\2HYY,A
4994,ThermoMPNN,2HYY,0.8983789682388306,250,S,R,F:\GENESIS Studio\genesis-studio\packages\engines-py\.pdb_cache\2HYY,A
4995,ThermoMPNN,2HYY,0.0,250,S,S,F:\GENESIS Studio\genesis-studio\packages\engines-py\.pdb_cache\2HYY,A
4996,ThermoMPNN,2HYY,-0.5349414348602295,250,S,T,F:\GENESIS Studio\genesis-studio\packages\engines-py\.pdb_cache\2HYY,A
4997,ThermoMPNN,2HYY,1.1026403903961182,250,S,V,F:\GENESIS Studio\genesis-studio\packages\engines-py\.pdb_cache\2HYY,A
4998,ThermoMPNN,2HYY,1.1338467597961426,250,S,W,F:\GENESIS Studio\genesis-studio\packages\engines-py\.pdb_cache\2HYY,A
4999,ThermoMPNN,2HYY,1.0018866062164307,250,S,Y,F:\GENESIS Studio\genesis-studio\packages\engines-py\.pdb_cache\2HYY,A
5000,ThermoMPNN,2HYY,3.328526020050049,251,F,A,F:\GENESIS Studio\genesis-studio\packages\engines-py\.pdb_cache\2HYY,A
5001,ThermoMPNN,2HYY,2.2015819549560547,251,F,C,F:\GENESIS Studio\genesis-studio\packages\engines-py\.pdb_cache\2HYY,A
5002,ThermoMPNN,2HYY,3.8498098850250244,251,F,D,F:\GENESIS Studio\genesis-studio\packages\engines-py\.pdb_cache\2HYY,A
5003,ThermoMPNN,2HYY,3.7022390365600586,251,F,E,F:\GENESIS Studio\genesis-studio\packages\engines-py\.pdb_cache\2HYY,A
5004,ThermoMPNN,2HYY,0.0,251,F,F,F:\GENESIS Studio\genesis-studio\packages\engines-py\.pdb_cache\2HYY,A
5005,ThermoMPNN,2HYY,3.6527862548828125,251,F,G,F:\GENESIS Studio\genesis-studio\packages\engines-py\.pdb_cache\2HYY,A
5006,ThermoMPNN,2HYY,3.387071371078491,251,F,H,F:\GENESIS Studio\genesis-studio\packages\engines-py\.pdb_cache\2HYY,A
5007,ThermoMPNN,2HYY,2.1738779544830322,251,F,I,F:\GENESIS Studio\genesis-studio\packages\engines-py\.pdb_cache\2HYY,A
5008,ThermoMPNN,2HYY,3.386092185974121,251,F,K,F:\GENESIS Studio\genesis-studio\packages\engines-py\.pdb_cache\2HYY,A
5009,ThermoMPNN,2HYY,1.9561340808868408,251,F,L,F:\GENESIS Studio\genesis-studio\packages\engines-py\.pdb_cache\2HYY,A
5010,ThermoMPNN,2HYY,2.0300650596618652,251,F,M,F:\GENESIS Studio\genesis-studio\packages\engines-py\.pdb_cache\2HYY,A
5011,ThermoMPNN,2HYY,3.5451109409332275,251,F,N,F:\GENESIS Studio\genesis-studio\packages\engines-py\.pdb_cache\2HYY,A
5012,ThermoMPNN,2HYY,3.058256149291992,251,F,P,F:\GENESIS Studio\genesis-studio\packages\engines-py\.pdb_cache\2HYY,A
5013,ThermoMPNN,2HYY,3.6798367500305176,251,F,Q,F:\GENESIS Studio\genesis-studio\packages\engines-py\.pdb_cache\2HYY,A
5014,ThermoMPNN,2HYY,3.174983024597168,251,F,R,F:\GENESIS Studio\genesis-studio\packages\engines-py\.pdb_cache\2HYY,A
5015,ThermoMPNN,2HYY,3.477252244949341,251,F,S,F:\GENESIS Studio\genesis-studio\packages\engines-py\.pdb_cache\2HYY,A
5016,ThermoMPNN,2HYY,3.325244903564453,251,F,T,F:\GENESIS Studio\genesis-studio\packages\engines-py\.pdb_cache\2HYY,A
5017,ThermoMPNN,2HYY,2.5179123878479004,251,F,V,F:\GENESIS Studio\genesis-studio\packages\engines-py\.pdb_cache\2HYY,A
5018,ThermoMPNN,2HYY,2.0231199264526367,251,F,W,F:\GENESIS Studio\genesis-studio\packages\engines-py\.pdb_cache\2HYY,A
5019,ThermoMPNN,2HYY,1.965536117553711,251,F,Y,F:\GENESIS Studio\genesis-studio\packages\engines-py\.pdb_cache\2HYY,A
5020,ThermoMPNN,2HYY,0.0,252,A,A,F:\GENESIS Studio\genesis-studio\packages\engines-py\.pdb_cache\2HYY,A
5021,ThermoMPNN,2HYY,0.19740748405456543,252,A,C,F:\GENESIS Studio\genesis-studio\packages\engines-py\.pdb_cache\2HYY,A
5022,ThermoMPNN,2HYY,0.6949816942214966,252,A,D,F:\GENESIS Studio\genesis-studio\packages\engines-py\.pdb_cache\2HYY,A
5023,ThermoMPNN,2HYY,0.08491230010986328,252,A,E,F:\GENESIS Studio\genesis-studio\packages\engines-py\.pdb_cache\2HYY,A
5024,ThermoMPNN,2HYY,0.5703728199005127,252,A,F,F:\GENESIS Studio\genesis-studio\packages\engines-py\.pdb_cache\2HYY,A
5025,ThermoMPNN,2HYY,0.7641940116882324,252,A,G,F:\GENESIS Studio\genesis-studio\packages\engines-py\.pdb_cache\2HYY,A
5026,ThermoMPNN,2HYY,0.3158777356147766,252,A,H,F:\GENESIS Studio\genesis-studio\packages\engines-py\.pdb_cache\2HYY,A
5027,ThermoMPNN,2HYY,0.2732090353965759,252,A,I,F:\GENESIS Studio\genesis-studio\packages\engines-py\.pdb_cache\2HYY,A
5028,ThermoMPNN,2HYY,0.05320167541503906,252,A,K,F:\GENESIS Studio\genesis-studio\packages\engines-py\.pdb_cache\2HYY,A
5029,ThermoMPNN,2HYY,0.25100529193878174,252,A,L,F:\GENESIS Studio\genesis-studio\packages\engines-py\.pdb_cache\2HYY,A
5030,ThermoMPNN,2HYY,0.22439205646514893,252,A,M,F:\GENESIS Studio\genesis-studio\packages\engines-py\.pdb_cache\2HYY,A
5031,ThermoMPNN,2HYY,0.6071629524230957,252,A,N,F:\GENESIS Studio\genesis-studio\packages\engines-py\.pdb_cache\2HYY,A
5032,ThermoMPNN,2HYY,2.1131131649017334,252,A,P,F:\GENESIS Studio\genesis-studio\packages\engines-py\.pdb_cache\2HYY,A
5033,ThermoMPNN,2HYY,0.002844572067260742,252,A,Q,F:\GENESIS Studio\genesis-studio\packages\engines-py\.pdb_cache\2HYY,A
5034,ThermoMPNN,2HYY,0.06709587574005127,252,A,R,F:\GENESIS Studio\genesis-studio\packages\engines-py\.pdb_cache\2HYY,A
5035,ThermoMPNN,2HYY,0.3518076539039612,252,A,S,F:\GENESIS Studio\genesis-studio\packages\engines-py\.pdb_cache\2HYY,A
5036,ThermoMPNN,2HYY,0.4156661629676819,252,A,T,F:\GENESIS Studio\genesis-studio\packages\engines-py\.pdb_cache\2HYY,A
5037,ThermoMPNN,2HYY,0.27224665880203247,252,A,V,F:\GENESIS Studio\genesis-studio\packages\engines-py\.pdb_cache\2HYY,A
5038,ThermoMPNN,2HYY,0.3241456151008606,252,A,W,F:\GENESIS Studio\genesis-studio\packages\engines-py\.pdb_cache\2HYY,A
5039,ThermoMPNN,2HYY,0.4150046110153198,252,A,Y,F:\GENESIS Studio\genesis-studio\packages\engines-py\.pdb_cache\2HYY,A
5040,ThermoMPNN,2HYY,0.06698453426361084,253,E,A,F:\GENESIS Studio\genesis-studio\packages\engines-py\.pdb_cache\2HYY,A
5041,ThermoMPNN,2HYY,0.060317397117614746,253,E,C,F:\GENESIS Studio\genesis-studio\packages\engines-py\.pdb_cache\2HYY,A
5042,ThermoMPNN,2HYY,0.24258190393447876,253,E,D,F:\GENESIS Studio\genesis-studio\packages\engines-py\.pdb_cache\2HYY,A
5043,ThermoMPNN,2HYY,0.0,253,E,E,F:\GENESIS Studio\genesis-studio\packages\engines-py\.pdb_cache\2HYY,A
5044,ThermoMPNN,2HYY,0.47880303859710693,253,E,F,F:\GENESIS Studio\genesis-studio\packages\engines-py\.pdb_cache\2HYY,A
5045,ThermoMPNN,2HYY,1.008535623550415,253,E,G,F:\GENESIS Studio\genesis-studio\packages\engines-py\.pdb_cache\2HYY,A
5046,ThermoMPNN,2HYY,0.4339846968650818,253,E,H,F:\GENESIS Studio\genesis-studio\packages\engines-py\.pdb_cache\2HYY,A
5047,ThermoMPNN,2HYY,0.33078116178512573,253,E,I,F:\GENESIS Studio\genesis-studio\packages\engines-py\.pdb_cache\2HYY,A
5048,ThermoMPNN,2HYY,0.3985382318496704,253,E,K,F:\GENESIS Studio\genesis-studio\packages\engines-py\.pdb_cache\2HYY,A
5049,ThermoMPNN,2HYY,0.17479753494262695,253,E,L,F:\GENESIS Studio\genesis-studio\packages\engines-py\.pdb_cache\2HYY,A
5050,ThermoMPNN,2HYY,0.118674635887146,253,E,M,F:\GENESIS Studio\genesis-studio\packages\engines-py\.pdb_cache\2HYY,A
5051,ThermoMPNN,2HYY,0.5763324499130249,253,E,N,F:\GENESIS Studio\genesis-studio\packages\engines-py\.pdb_cache\2HYY,A
5052,ThermoMPNN,2HYY,2.9627294540405273,253,E,P,F:\GENESIS Studio\genesis-studio\packages\engines-py\.pdb_cache\2HYY,A
5053,ThermoMPNN,2HYY,-0.0976177453994751,253,E,Q,F:\GENESIS Studio\genesis-studio\packages\engines-py\.pdb_cache\2HYY,A
5054,ThermoMPNN,2HYY,0.38307398557662964,253,E,R,F:\GENESIS Studio\genesis-studio\packages\engines-py\.pdb_cache\2HYY,A
5055,ThermoMPNN,2HYY,0.42942434549331665,253,E,S,F:\GENESIS Studio\genesis-studio\packages\engines-py\.pdb_cache\2HYY,A
5056,ThermoMPNN,2HYY,0.3463958501815796,253,E,T,F:\GENESIS Studio\genesis-studio\packages\engines-py\.pdb_cache\2HYY,A
5057,ThermoMPNN,2HYY,0.22562646865844727,253,E,V,F:\GENESIS Studio\genesis-studio\packages\engines-py\.pdb_cache\2HYY,A
5058,ThermoMPNN,2HYY,0.33064699172973633,253,E,W,F:\GENESIS Studio\genesis-studio\packages\engines-py\.pdb_cache\2HYY,A
5059,ThermoMPNN,2HYY,0.5179913640022278,253,E,Y,F:\GENESIS Studio\genesis-studio\packages\engines-py\.pdb_cache\2HYY,A
5060,ThermoMPNN,2HYY,1.7512098550796509,254,I,A,F:\GENESIS Studio\genesis-studio\packages\engines-py\.pdb_cache\2HYY,A
5061,ThermoMPNN,2HYY,1.2926440238952637,254,I,C,F:\GENESIS Studio\genesis-studio\packages\engines-py\.pdb_cache\2HYY,A
5062,ThermoMPNN,2HYY,3.0143866539001465,254,I,D,F:\GENESIS Studio\genesis-studio\packages\engines-py\.pdb_cache\2HYY,A
5063,ThermoMPNN,2HYY,2.8094775676727295,254,I,E,F:\GENESIS Studio\genesis-studio\packages\engines-py\.pdb_cache\2HYY,A
5064,ThermoMPNN,2HYY,1.1176601648330688,254,I,F,F:\GENESIS Studio\genesis-studio\packages\engines-py\.pdb_cache\2HYY,A
5065,ThermoMPNN,2HYY,2.6685869693756104,254,I,G,F:\GENESIS Studio\genesis-studio\packages\engines-py\.pdb_cache\2HYY,A
5066,ThermoMPNN,2HYY,2.3877525329589844,254,I,H,F:\GENESIS Studio\genesis-studio\packages\engines-py\.pdb_cache\2HYY,A
5067,ThermoMPNN,2HYY,0.0,254,I,I,F:\GENESIS Studio\genesis-studio\packages\engines-py\.pdb_cache\2HYY,A
5068,ThermoMPNN,2HYY,2.5557804107666016,254,I,K,F:\GENESIS Studio\genesis-studio\packages\engines-py\.pdb_cache\2HYY,A
5069,ThermoMPNN,2HYY,0.04335618019104004,254,I,L,F:\GENESIS Studio\genesis-studio\packages\engines-py\.pdb_cache\2HYY,A
5070,ThermoMPNN,2HYY,0.6843855381011963,254,I,M,F:\GENESIS Studio\genesis-studio\packages\engines-py\.pdb_cache\2HYY,A
5071,ThermoMPNN,2HYY,2.676560640335083,254,I,N,F:\GENESIS Studio\genesis-studio\packages\engines-py\.pdb_cache\2HYY,A
5072,ThermoMPNN,2HYY,3.070401191711426,254,I,P,F:\GENESIS Studio\genesis-studio\packages\engines-py\.pdb_cache\2HYY,A
5073,ThermoMPNN,2HYY,2.6348392963409424,254,I,Q,F:\GENESIS Studio\genesis-studio\packages\engines-py\.pdb_cache\2HYY,A
5074,ThermoMPNN,2HYY,2.4665136337280273,254,I,R,F:\GENESIS Studio\genesis-studio\packages\engines-py\.pdb_cache\2HYY,A
5075,ThermoMPNN,2HYY,2.672877073287964,254,I,S,F:\GENESIS Studio\genesis-studio\packages\engines-py\.pdb_cache\2HYY,A
5076,ThermoMPNN,2HYY,2.3176636695861816,254,I,T,F:\GENESIS Studio\genesis-studio\packages\engines-py\.pdb_cache\2HYY,A
5077,ThermoMPNN,2HYY,1.0082027912139893,254,I,V,F:\GENESIS Studio\genesis-studio\packages\engines-py\.pdb_cache\2HYY,A
5078,ThermoMPNN,2HYY,1.5301086902618408,254,I,W,F:\GENESIS Studio\genesis-studio\packages\engines-py\.pdb_cache\2HYY,A
5079,ThermoMPNN,2HYY,1.447347640991211,254,I,Y,F:\GENESIS Studio\genesis-studio\packages\engines-py\.pdb_cache\2HYY,A
5080,ThermoMPNN,2HYY,0.6407052278518677,255,H,A,F:\GENESIS Studio\genesis-studio\packages\engines-py\.pdb_cache\2HYY,A
5081,ThermoMPNN,2HYY,0.28423118591308594,255,H,C,F:\GENESIS Studio\genesis-studio\packages\engines-py\.pdb_cache\2HYY,A
5082,ThermoMPNN,2HYY,1.7735786437988281,255,H,D,F:\GENESIS Studio\genesis-studio\packages\engines-py\.pdb_cache\2HYY,A
5083,ThermoMPNN,2HYY,1.64271879196167,255,H,E,F:\GENESIS Studio\genesis-studio\packages\engines-py\.pdb_cache\2HYY,A
5084,ThermoMPNN,2HYY,0.5027133226394653,255,H,F,F:\GENESIS Studio\genesis-studio\packages\engines-py\.pdb_cache\2HYY,A
5085,ThermoMPNN,2HYY,1.489747405052185,255,H,G,F:\GENESIS Studio\genesis-studio\packages\engines-py\.pdb_cache\2HYY,A
5086,ThermoMPNN,2HYY,0.0,255,H,H,F:\GENESIS Studio\genesis-studio\packages\engines-py\.pdb_cache\2HYY,A
5087,ThermoMPNN,2HYY,0.6633491516113281,255,H,I,F:\GENESIS Studio\genesis-studio\packages\engines-py\.pdb_cache\2HYY,A
5088,ThermoMPNN,2HYY,0.27342259883880615,255,H,K,F:\GENESIS Studio\genesis-studio\packages\engines-py\.pdb_cache\2HYY,A
5089,ThermoMPNN,2HYY,0.2048778533935547,255,H,L,F:\GENESIS Studio\genesis-studio\packages\engines-py\.pdb_cache\2HYY,A
5090,ThermoMPNN,2HYY,0.3777639865875244,255,H,M,F:\GENESIS Studio\genesis-studio\packages\engines-py\.pdb_cache\2HYY,A
5091,ThermoMPNN,2HYY,0.5514141917228699,255,H,N,F:\GENESIS Studio\genesis-studio\packages\engines-py\.pdb_cache\2HYY,A
5092,ThermoMPNN,2HYY,1.8511664867401123,255,H,P,F:\GENESIS Studio\genesis-studio\packages\engines-py\.pdb_cache\2HYY,A
5093,ThermoMPNN,2HYY,0.720496416091919,255,H,Q,F:\GENESIS Studio\genesis-studio\packages\engines-py\.pdb_cache\2HYY,A
5094,ThermoMPNN,2HYY,-0.06788480281829834,255,H,R,F:\GENESIS Studio\genesis-studio\packages\engines-py\.pdb_cache\2HYY,A
5095,ThermoMPNN,2HYY,0.618507444858551,255,H,S,F:\GENESIS Studio\genesis-studio\packages\engines-py\.pdb_cache\2HYY,A
5096,ThermoMPNN,2HYY,1.0721251964569092,255,H,T,F:\GENESIS Studio\genesis-studio\packages\engines-py\.pdb_cache\2HYY,A
5097,ThermoMPNN,2HYY,0.8076645731925964,255,H,V,F:\GENESIS Studio\genesis-studio\packages\engines-py\.pdb_cache\2HYY,A
5098,ThermoMPNN,2HYY,0.40579330921173096,255,H,W,F:\GENESIS Studio\genesis-studio\packages\engines-py\.pdb_cache\2HYY,A
5099,ThermoMPNN,2HYY,0.24215316772460938,255,H,Y,F:\GENESIS Studio\genesis-studio\packages\engines-py\.pdb_cache\2HYY,A
5100,ThermoMPNN,2HYY,0.04202306270599365,256,Q,A,F:\GENESIS Studio\genesis-studio\packages\engines-py\.pdb_cache\2HYY,A
5101,ThermoMPNN,2HYY,0.05253320932388306,256,Q,C,F:\GENESIS Studio\genesis-studio\packages\engines-py\.pdb_cache\2HYY,A
5102,ThermoMPNN,2HYY,0.578579306602478,256,Q,D,F:\GENESIS Studio\genesis-studio\packages\engines-py\.pdb_cache\2HYY,A
5103,ThermoMPNN,2HYY,0.22060465812683105,256,Q,E,F:\GENESIS Studio\genesis-studio\packages\engines-py\.pdb_cache\2HYY,A
5104,ThermoMPNN,2HYY,0.26696622371673584,256,Q,F,F:\GENESIS Studio\genesis-studio\packages\engines-py\.pdb_cache\2HYY,A
5105,ThermoMPNN,2HYY,0.6617190837860107,256,Q,G,F:\GENESIS Studio\genesis-studio\packages\engines-py\.pdb_cache\2HYY,A
5106,ThermoMPNN,2HYY,0.18663763999938965,256,Q,H,F:\GENESIS Studio\genesis-studio\packages\engines-py\.pdb_cache\2HYY,A
5107,ThermoMPNN,2HYY,0.18329155445098877,256,Q,I,F:\GENESIS Studio\genesis-studio\packages\engines-py\.pdb_cache\2HYY,A
5108,ThermoMPNN,2HYY,-0.030182361602783203,256,Q,K,F:\GENESIS Studio\genesis-studio\packages\engines-py\.pdb_cache\2HYY,A
5109,ThermoMPNN,2HYY,0.16465353965759277,256,Q,L,F:\GENESIS Studio\genesis-studio\packages\engines-py\.pdb_cache\2HYY,A
5110,ThermoMPNN,2HYY,0.0995405912399292,256,Q,M,F:\GENESIS Studio\genesis-studio\packages\engines-py\.pdb_cache\2HYY,A
5111,ThermoMPNN,2HYY,0.354930579662323,256,Q,N,F:\GENESIS Studio\genesis-studio\packages\engines-py\.pdb_cache\2HYY,A
5112,ThermoMPNN,2HYY,2.371797561645508,256,Q,P,F:\GENESIS Studio\genesis-studio\packages\engines-py\.pdb_cache\2HYY,A
5113,ThermoMPNN,2HYY,0.0,256,Q,Q,F:\GENESIS Studio\genesis-studio\packages\engines-py\.pdb_cache\2HYY,A
5114,ThermoMPNN,2HYY,-0.09846019744873047,256,Q,R,F:\GENESIS Studio\genesis-studio\packages\engines-py\.pdb_cache\2HYY,A
5115,ThermoMPNN,2HYY,0.26157671213150024,256,Q,S,F:\GENESIS Studio\genesis-studio\packages\engines-py\.pdb_cache\2HYY,A
5116,ThermoMPNN,2HYY,0.26218217611312866,256,Q,T,F:\GENESIS Studio\genesis-studio\packages\engines-py\.pdb_cache\2HYY,A
5117,ThermoMPNN,2HYY,0.2701571583747864,256,Q,V,F:\GENESIS Studio\genesis-studio\packages\engines-py\.pdb_cache\2HYY,A
5118,ThermoMPNN,2HYY,0.21165579557418823,256,Q,W,F:\GENESIS Studio\genesis-studio\packages\engines-py\.pdb_cache\2HYY,A
5119,ThermoMPNN,2HYY,0.18359088897705078,256,Q,Y,F:\GENESIS Studio\genesis-studio\packages\engines-py\.pdb_cache\2HYY,A
5120,ThermoMPNN,2HYY,0.0,257,A,A,F:\GENESIS Studio\genesis-studio\packages\engines-py\.pdb_cache\2HYY,A
5121,ThermoMPNN,2HYY,-0.23364794254302979,257,A,C,F:\GENESIS Studio\genesis-studio\packages\engines-py\.pdb_cache\2HYY,A
5122,ThermoMPNN,2HYY,0.8244020938873291,257,A,D,F:\GENESIS Studio\genesis-studio\packages\engines-py\.pdb_cache\2HYY,A
5123,ThermoMPNN,2HYY,0.507148027420044,257,A,E,F:\GENESIS Studio\genesis-studio\packages\engines-py\.pdb_cache\2HYY,A
5124,ThermoMPNN,2HYY,-0.5509568452835083,257,A,F,F:\GENESIS Studio\genesis-studio\packages\engines-py\.pdb_cache\2HYY,A
5125,ThermoMPNN,2HYY,0.9900932908058167,257,A,G,F:\GENESIS Studio\genesis-studio\packages\engines-py\.pdb_cache\2HYY,A
5126,ThermoMPNN,2HYY,0.17427349090576172,257,A,H,F:\GENESIS Studio\genesis-studio\packages\engines-py\.pdb_cache\2HYY,A
5127,ThermoMPNN,2HYY,-0.27104222774505615,257,A,I,F:\GENESIS Studio\genesis-studio\packages\engines-py\.pdb_cache\2HYY,A
5128,ThermoMPNN,2HYY,0.22581660747528076,257,A,K,F:\GENESIS Studio\genesis-studio\packages\engines-py\.pdb_cache\2HYY,A
5129,ThermoMPNN,2HYY,-0.4082798957824707,257,A,L,F:\GENESIS Studio\genesis-studio\packages\engines-py\.pdb_cache\2HYY,A
5130,ThermoMPNN,2HYY,-0.4638972282409668,257,A,M,F:\GENESIS Studio\genesis-studio\packages\engines-py\.pdb_cache\2HYY,A
5131,ThermoMPNN,2HYY,0.5130339860916138,257,A,N,F:\GENESIS Studio\genesis-studio\packages\engines-py\.pdb_cache\2HYY,A
5132,ThermoMPNN,2HYY,2.2588753700256348,257,A,P,F:\GENESIS Studio\genesis-studio\packages\engines-py\.pdb_cache\2HYY,A
5133,ThermoMPNN,2HYY,0.07880270481109619,257,A,Q,F:\GENESIS Studio\genesis-studio\packages\engines-py\.pdb_cache\2HYY,A
5134,ThermoMPNN,2HYY,0.01902562379837036,257,A,R,F:\GENESIS Studio\genesis-studio\packages\engines-py\.pdb_cache\2HYY,A
5135,ThermoMPNN,2HYY,0.3848017752170563,257,A,S,F:\GENESIS Studio\genesis-studio\packages\engines-py\.pdb_cache\2HYY,A
5136,ThermoMPNN,2HYY,0.27557373046875,257,A,T,F:\GENESIS Studio\genesis-studio\packages\engines-py\.pdb_cache\2HYY,A
5137,ThermoMPNN,2HYY,-0.17746245861053467,257,A,V,F:\GENESIS Studio\genesis-studio\packages\engines-py\.pdb_cache\2HYY,A
5138,ThermoMPNN,2HYY,-0.4669184684753418,257,A,W,F:\GENESIS Studio\genesis-studio\packages\engines-py\.pdb_cache\2HYY,A
5139,ThermoMPNN,2HYY,-0.46067988872528076,257,A,Y,F:\GENESIS Studio\genesis-studio\packages\engines-py\.pdb_cache\2HYY,A
5140,ThermoMPNN,2HYY,2.060386896133423,258,F,A,F:\GENESIS Studio\genesis-studio\packages\engines-py\.pdb_cache\2HYY,A
5141,ThermoMPNN,2HYY,0.9742910861968994,258,F,C,F:\GENESIS Studio\genesis-studio\packages\engines-py\.pdb_cache\2HYY,A
5142,ThermoMPNN,2HYY,2.4409642219543457,258,F,D,F:\GENESIS Studio\genesis-studio\packages\engines-py\.pdb_cache\2HYY,A
5143,ThermoMPNN,2HYY,2.28764009475708,258,F,E,F:\GENESIS Studio\genesis-studio\packages\engines-py\.pdb_cache\2HYY,A
5144,ThermoMPNN,2HYY,0.0,258,F,F,F:\GENESIS Studio\genesis-studio\packages\engines-py\.pdb_cache\2HYY,A
5145,ThermoMPNN,2HYY,2.3949129581451416,258,F,G,F:\GENESIS Studio\genesis-studio\packages\engines-py\.pdb_cache\2HYY,A
5146,ThermoMPNN,2HYY,1.9953396320343018,258,F,H,F:\GENESIS Studio\genesis-studio\packages\engines-py\.pdb_cache\2HYY,A
5147,ThermoMPNN,2HYY,0.7751998901367188,258,F,I,F:\GENESIS Studio\genesis-studio\packages\engines-py\.pdb_cache\2HYY,A
5148,ThermoMPNN,2HYY,2.0789060592651367,258,F,K,F:\GENESIS Studio\genesis-studio\packages\engines-py\.pdb_cache\2HYY,A
5149,ThermoMPNN,2HYY,0.11820530891418457,258,F,L,F:\GENESIS Studio\genesis-studio\packages\engines-py\.pdb_cache\2HYY,A
5150,ThermoMPNN,2HYY,0.7016828060150146,258,F,M,F:\GENESIS Studio\genesis-studio\packages\engines-py\.pdb_cache\2HYY,A
5151,ThermoMPNN,2HYY,2.144479513168335,258,F,N,F:\GENESIS Studio\genesis-studio\packages\engines-py\.pdb_cache\2HYY,A
5152,ThermoMPNN,2HYY,2.531144142150879,258,F,P,F:\GENESIS Studio\genesis-studio\packages\engines-py\.pdb_cache\2HYY,A
5153,ThermoMPNN,2HYY,2.017146587371826,258,F,Q,F:\GENESIS Studio\genesis-studio\packages\engines-py\.pdb_cache\2HYY,A
5154,ThermoMPNN,2HYY,2.139643430709839,258,F,R,F:\GENESIS Studio\genesis-studio\packages\engines-py\.pdb_cache\2HYY,A
5155,ThermoMPNN,2HYY,2.08449125289917,258,F,S,F:\GENESIS Studio\genesis-studio\packages\engines-py\.pdb_cache\2HYY,A
5156,ThermoMPNN,2HYY,1.5128567218780518,258,F,T,F:\GENESIS Studio\genesis-studio\packages\engines-py\.pdb_cache\2HYY,A
5157,ThermoMPNN,2HYY,1.1756410598754883,258,F,V,F:\GENESIS Studio\genesis-studio\packages\engines-py\.pdb_cache\2HYY,A
5158,ThermoMPNN,2HYY,1.0765808820724487,258,F,W,F:\GENESIS Studio\genesis-studio\packages\engines-py\.pdb_cache\2HYY,A
5159,ThermoMPNN,2HYY,0.9712381362915039,258,F,Y,F:\GENESIS Studio\genesis-studio\packages\engines-py\.pdb_cache\2HYY,A
5160,ThermoMPNN,2HYY,-0.1874680519104004,259,E,A,F:\GENESIS Studio\genesis-studio\packages\engines-py\.pdb_cache\2HYY,A
5161,ThermoMPNN,2HYY,-0.37937551736831665,259,E,C,F:\GENESIS Studio\genesis-studio\packages\engines-py\.pdb_cache\2HYY,A
5162,ThermoMPNN,2HYY,0.4377603530883789,259,E,D,F:\GENESIS Studio\genesis-studio\packages\engines-py\.pdb_cache\2HYY,A
5163,ThermoMPNN,2HYY,0.0,259,E,E,F:\GENESIS Studio\genesis-studio\packages\engines-py\.pdb_cache\2HYY,A
5164,ThermoMPNN,2HYY,-0.011381208896636963,259,E,F,F:\GENESIS Studio\genesis-studio\packages\engines-py\.pdb_cache\2HYY,A
5165,ThermoMPNN,2HYY,0.43546760082244873,259,E,G,F:\GENESIS Studio\genesis-studio\packages\engines-py\.pdb_cache\2HYY,A
5166,ThermoMPNN,2HYY,-0.024311423301696777,259,E,H,F:\GENESIS Studio\genesis-studio\packages\engines-py\.pdb_cache\2HYY,A
5167,ThermoMPNN,2HYY,-0.4079435467720032,259,E,I,F:\GENESIS Studio\genesis-studio\packages\engines-py\.pdb_cache\2HYY,A
5168,ThermoMPNN,2HYY,-0.3825468420982361,259,E,K,F:\GENESIS Studio\genesis-studio\packages\engines-py\.pdb_cache\2HYY,A
5169,ThermoMPNN,2HYY,-0.34336942434310913,259,E,L,F:\GENESIS Studio\genesis-studio\packages\engines-py\.pdb_cache\2HYY,A
5170,ThermoMPNN,2HYY,-0.4151739478111267,259,E,M,F:\GENESIS Studio\genesis-studio\packages\engines-py\.pdb_cache\2HYY,A
5171,ThermoMPNN,2HYY,0.10327702760696411,259,E,N,F:\GENESIS Studio\genesis-studio\packages\engines-py\.pdb_cache\2HYY,A
5172,ThermoMPNN,2HYY,1.601211428642273,259,E,P,F:\GENESIS Studio\genesis-studio\packages\engines-py\.pdb_cache\2HYY,A
5173,ThermoMPNN,2HYY,-0.3716666102409363,259,E,Q,F:\GENESIS Studio\genesis-studio\packages\engines-py\.pdb_cache\2HYY,A
5174,ThermoMPNN,2HYY,-0.40249139070510864,259,E,R,F:\GENESIS Studio\genesis-studio\packages\engines-py\.pdb_cache\2HYY,A
5175,ThermoMPNN,2HYY,-0.1597987413406372,259,E,S,F:\GENESIS Studio\genesis-studio\packages\engines-py\.pdb_cache\2HYY,A
5176,ThermoMPNN,2HYY,-0.2909199595451355,259,E,T,F:\GENESIS Studio\genesis-studio\packages\engines-py\.pdb_cache\2HYY,A
5177,ThermoMPNN,2HYY,-0.40472525358200073,259,E,V,F:\GENESIS Studio\genesis-studio\packages\engines-py\.pdb_cache\2HYY,A
5178,ThermoMPNN,2HYY,-0.05593234300613403,259,E,W,F:\GENESIS Studio\genesis-studio\packages\engines-py\.pdb_cache\2HYY,A
5179,ThermoMPNN,2HYY,-0.010046601295471191,259,E,Y,F:\GENESIS Studio\genesis-studio\packages\engines-py\.pdb_cache\2HYY,A
5180,ThermoMPNN,2HYY,-0.19843512773513794,260,T,A,F:\GENESIS Studio\genesis-studio\packages\engines-py\.pdb_cache\2HYY,A
5181,ThermoMPNN,2HYY,-0.18170326948165894,260,T,C,F:\GENESIS Studio\genesis-studio\packages\engines-py\.pdb_cache\2HYY,A
5182,ThermoMPNN,2HYY,0.0025269389152526855,260,T,D,F:\GENESIS Studio\genesis-studio\packages\engines-py\.pdb_cache\2HYY,A
5183,ThermoMPNN,2HYY,-0.1569768786430359,260,T,E,F:\GENESIS Studio\genesis-studio\packages\engines-py\.pdb_cache\2HYY,A
5184,ThermoMPNN,2HYY,0.07353132963180542,260,T,F,F:\GENESIS Studio\genesis-studio\packages\engines-py\.pdb_cache\2HYY,A
5185,ThermoMPNN,2HYY,0.27837443351745605,260,T,G,F:\GENESIS Studio\genesis-studio\packages\engines-py\.pdb_cache\2HYY,A
5186,ThermoMPNN,2HYY,-0.01935797929763794,260,T,H,F:\GENESIS Studio\genesis-studio\packages\engines-py\.pdb_cache\2HYY,A
5187,ThermoMPNN,2HYY,-0.05927819013595581,260,T,I,F:\GENESIS Studio\genesis-studio\packages\engines-py\.pdb_cache\2HYY,A
5188,ThermoMPNN,2HYY,-0.21342742443084717,260,T,K,F:\GENESIS Studio\genesis-studio\packages\engines-py\.pdb_cache\2HYY,A
5189,ThermoMPNN,2HYY,-0.14910829067230225,260,T,L,F:\GENESIS Studio\genesis-studio\packages\engines-py\.pdb_cache\2HYY,A
5190,ThermoMPNN,2HYY,-0.16303223371505737,260,T,M,F:\GENESIS Studio\genesis-studio\packages\engines-py\.pdb_cache\2HYY,A
5191,ThermoMPNN,2HYY,-0.06550318002700806,260,T,N,F:\GENESIS Studio\genesis-studio\packages\engines-py\.pdb_cache\2HYY,A
5192,ThermoMPNN,2HYY,1.5429801940917969,260,T,P,F:\GENESIS Studio\genesis-studio\packages\engines-py\.pdb_cache\2HYY,A
5193,ThermoMPNN,2HYY,-0.22993230819702148,260,T,Q,F:\GENESIS Studio\genesis-studio\packages\engines-py\.pdb_cache\2HYY,A
5194,ThermoMPNN,2HYY,-0.2551229000091553,260,T,R,F:\GENESIS Studio\genesis-studio\packages\engines-py\.pdb_cache\2HYY,A
5195,ThermoMPNN,2HYY,-0.04292696714401245,260,T,S,F:\GENESIS Studio\genesis-studio\packages\engines-py\.pdb_cache\2HYY,A
5196,ThermoMPNN,2HYY,0.0,260,T,T,F:\GENESIS Studio\genesis-studio\packages\engines-py\.pdb_cache\2HYY,A
5197,ThermoMPNN,2HYY,-0.0067220330238342285,260,T,V,F:\GENESIS Studio\genesis-studio\packages\engines-py\.pdb_cache\2HYY,A
5198,ThermoMPNN,2HYY,0.01688826084136963,260,T,W,F:\GENESIS Studio\genesis-studio\packages\engines-py\.pdb_cache\2HYY,A
5199,ThermoMPNN,2HYY,0.05655628442764282,260,T,Y,F:\GENESIS Studio\genesis-studio\packages\engines-py\.pdb_cache\2HYY,A
5200,ThermoMPNN,2HYY,1.6581995487213135,261,M,A,F:\GENESIS Studio\genesis-studio\packages\engines-py\.pdb_cache\2HYY,A
5201,ThermoMPNN,2HYY,1.0668673515319824,261,M,C,F:\GENESIS Studio\genesis-studio\packages\engines-py\.pdb_cache\2HYY,A
5202,ThermoMPNN,2HYY,2.4063618183135986,261,M,D,F:\GENESIS Studio\genesis-studio\packages\engines-py\.pdb_cache\2HYY,A
5203,ThermoMPNN,2HYY,2.0929651260375977,261,M,E,F:\GENESIS Studio\genesis-studio\packages\engines-py\.pdb_cache\2HYY,A
5204,ThermoMPNN,2HYY,0.6988790035247803,261,M,F,F:\GENESIS Studio\genesis-studio\packages\engines-py\.pdb_cache\2HYY,A
5205,ThermoMPNN,2HYY,2.580070734024048,261,M,G,F:\GENESIS Studio\genesis-studio\packages\engines-py\.pdb_cache\2HYY,A
5206,ThermoMPNN,2HYY,1.9072487354278564,261,M,H,F:\GENESIS Studio\genesis-studio\packages\engines-py\.pdb_cache\2HYY,A
5207,ThermoMPNN,2HYY,0.6122531890869141,261,M,I,F:\GENESIS Studio\genesis-studio\packages\engines-py\.pdb_cache\2HYY,A
5208,ThermoMPNN,2HYY,2.5952563285827637,261,M,K,F:\GENESIS Studio\genesis-studio\packages\engines-py\.pdb_cache\2HYY,A
5209,ThermoMPNN,2HYY,0.22606229782104492,261,M,L,F:\GENESIS Studio\genesis-studio\packages\engines-py\.pdb_cache\2HYY,A
5210,ThermoMPNN,2HYY,0.0,261,M,M,F:\GENESIS Studio\genesis-studio\packages\engines-py\.pdb_cache\2HYY,A
5211,ThermoMPNN,2HYY,2.456096887588501,261,M,N,F:\GENESIS Studio\genesis-studio\packages\engines-py\.pdb_cache\2HYY,A
5212,ThermoMPNN,2HYY,2.6236164569854736,261,M,P,F:\GENESIS Studio\genesis-studio\packages\engines-py\.pdb_cache\2HYY,A
5213,ThermoMPNN,2HYY,1.8131821155548096,261,M,Q,F:\GENESIS Studio\genesis-studio\packages\engines-py\.pdb_cache\2HYY,A
5214,ThermoMPNN,2HYY,2.3333656787872314,261,M,R,F:\GENESIS Studio\genesis-studio\packages\engines-py\.pdb_cache\2HYY,A
5215,ThermoMPNN,2HYY,2.0349390506744385,261,M,S,F:\GENESIS Studio\genesis-studio\packages\engines-py\.pdb_cache\2HYY,A
5216,ThermoMPNN,2HYY,2.077199935913086,261,M,T,F:\GENESIS Studio\genesis-studio\packages\engines-py\.pdb_cache\2HYY,A
5217,ThermoMPNN,2HYY,1.163470983505249,261,M,V,F:\GENESIS Studio\genesis-studio\packages\engines-py\.pdb_cache\2HYY,A
5218,ThermoMPNN,2HYY,0.7030067443847656,261,M,W,F:\GENESIS Studio\genesis-studio\packages\engines-py\.pdb_cache\2HYY,A
5219,ThermoMPNN,2HYY,1.0061700344085693,261,M,Y,F:\GENESIS Studio\genesis-studio\packages\engines-py\.pdb_cache\2HYY,A
5220,ThermoMPNN,2HYY,0.6019089221954346,262,F,A,F:\GENESIS Studio\genesis-studio\packages\engines-py\.pdb_cache\2HYY,A
5221,ThermoMPNN,2HYY,0.18951380252838135,262,F,C,F:\GENESIS Studio\genesis-studio\packages\engines-py\.pdb_cache\2HYY,A
5222,ThermoMPNN,2HYY,1.046642541885376,262,F,D,F:\GENESIS Studio\genesis-studio\packages\engines-py\.pdb_cache\2HYY,A
5223,ThermoMPNN,2HYY,0.8521890640258789,262,F,E,F:\GENESIS Studio\genesis-studio\packages\engines-py\.pdb_cache\2HYY,A
5224,ThermoMPNN,2HYY,0.0,262,F,F,F:\GENESIS Studio\genesis-studio\packages\engines-py\.pdb_cache\2HYY,A
5225,ThermoMPNN,2HYY,0.8908365368843079,262,F,G,F:\GENESIS Studio\genesis-studio\packages\engines-py\.pdb_cache\2HYY,A
5226,ThermoMPNN,2HYY,0.654619574546814,262,F,H,F:\GENESIS Studio\genesis-studio\packages\engines-py\.pdb_cache\2HYY,A
5227,ThermoMPNN,2HYY,-0.014568090438842773,262,F,I,F:\GENESIS Studio\genesis-studio\packages\engines-py\.pdb_cache\2HYY,A
5228,ThermoMPNN,2HYY,0.6850588321685791,262,F,K,F:\GENESIS Studio\genesis-studio\packages\engines-py\.pdb_cache\2HYY,A
5229,ThermoMPNN,2HYY,-0.03522932529449463,262,F,L,F:\GENESIS Studio\genesis-studio\packages\engines-py\.pdb_cache\2HYY,A
5230,ThermoMPNN,2HYY,0.078765869140625,262,F,M,F:\GENESIS Studio\genesis-studio\packages\engines-py\.pdb_cache\2HYY,A
5231,ThermoMPNN,2HYY,0.8414945602416992,262,F,N,F:\GENESIS Studio\genesis-studio\packages\engines-py\.pdb_cache\2HYY,A
5232,ThermoMPNN,2HYY,1.0615971088409424,262,F,P,F:\GENESIS Studio\genesis-studio\packages\engines-py\.pdb_cache\2HYY,A
5233,ThermoMPNN,2HYY,0.6811776161193848,262,F,Q,F:\GENESIS Studio\genesis-studio\packages\engines-py\.pdb_cache\2HYY,A
5234,ThermoMPNN,2HYY,0.6221866607666016,262,F,R,F:\GENESIS Studio\genesis-studio\packages\engines-py\.pdb_cache\2HYY,A
5235,ThermoMPNN,2HYY,0.5935758948326111,262,F,S,F:\GENESIS Studio\genesis-studio\packages\engines-py\.pdb_cache\2HYY,A
5236,ThermoMPNN,2HYY,0.5090579390525818,262,F,T,F:\GENESIS Studio\genesis-studio\packages\engines-py\.pdb_cache\2HYY,A
5237,ThermoMPNN,2HYY,0.05762505531311035,262,F,V,F:\GENESIS Studio\genesis-studio\packages\engines-py\.pdb_cache\2HYY,A
5238,ThermoMPNN,2HYY,-0.10728025436401367,262,F,W,F:\GENESIS Studio\genesis-studio\packages\engines-py\.pdb_cache\2HYY,A
5239,ThermoMPNN,2HYY,0.13455158472061157,262,F,Y,F:\GENESIS Studio\genesis-studio\packages\engines-py\.pdb_cache\2HYY,A
5240,ThermoMPNN,2HYY,0.07909500598907471,263,Q,A,F:\GENESIS Studio\genesis-studio\packages\engines-py\.pdb_cache\2HYY,A
5241,ThermoMPNN,2HYY,-0.10853272676467896,263,Q,C,F:\GENESIS Studio\genesis-studio\packages\engines-py\.pdb_cache\2HYY,A
5242,ThermoMPNN,2HYY,0.1413070559501648,263,Q,D,F:\GENESIS Studio\genesis-studio\packages\engines-py\.pdb_cache\2HYY,A
5243,ThermoMPNN,2HYY,0.15350764989852905,263,Q,E,F:\GENESIS Studio\genesis-studio\packages\engines-py\.pdb_cache\2HYY,A
5244,ThermoMPNN,2HYY,0.13699078559875488,263,Q,F,F:\GENESIS Studio\genesis-studio\packages\engines-py\.pdb_cache\2HYY,A
5245,ThermoMPNN,2HYY,0.13459622859954834,263,Q,G,F:\GENESIS Studio\genesis-studio\packages\engines-py\.pdb_cache\2HYY,A
5246,ThermoMPNN,2HYY,0.12646478414535522,263,Q,H,F:\GENESIS Studio\genesis-studio\packages\engines-py\.pdb_cache\2HYY,A
5247,ThermoMPNN,2HYY,0.038423240184783936,263,Q,I,F:\GENESIS Studio\genesis-studio\packages\engines-py\.pdb_cache\2HYY,A
5248,ThermoMPNN,2HYY,0.07515168190002441,263,Q,K,F:\GENESIS Studio\genesis-studio\packages\engines-py\.pdb_cache\2HYY,A
5249,ThermoMPNN,2HYY,0.07957184314727783,263,Q,L,F:\GENESIS Studio\genesis-studio\packages\engines-py\.pdb_cache\2HYY,A
5250,ThermoMPNN,2HYY,0.10223877429962158,263,Q,M,F:\GENESIS Studio\genesis-studio\packages\engines-py\.pdb_cache\2HYY,A
5251,ThermoMPNN,2HYY,0.1545000672340393,263,Q,N,F:\GENESIS Studio\genesis-studio\packages\engines-py\.pdb_cache\2HYY,A
5252,ThermoMPNN,2HYY,0.4913182258605957,263,Q,P,F:\GENESIS Studio\genesis-studio\packages\engines-py\.pdb_cache\2HYY,A
5253,ThermoMPNN,2HYY,0.0,263,Q,Q,F:\GENESIS Studio\genesis-studio\packages\engines-py\.pdb_cache\2HYY,A
5254,ThermoMPNN,2HYY,0.1363850235939026,263,Q,R,F:\GENESIS Studio\genesis-studio\packages\engines-py\.pdb_cache\2HYY,A
5255,ThermoMPNN,2HYY,0.13129764795303345,263,Q,S,F:\GENESIS Studio\genesis-studio\packages\engines-py\.pdb_cache\2HYY,A
5256,ThermoMPNN,2HYY,0.16491484642028809,263,Q,T,F:\GENESIS Studio\genesis-studio\packages\engines-py\.pdb_cache\2HYY,A
5257,ThermoMPNN,2HYY,0.014072299003601074,263,Q,V,F:\GENESIS Studio\genesis-studio\packages\engines-py\.pdb_cache\2HYY,A
5258,ThermoMPNN,2HYY,0.08272254467010498,263,Q,W,F:\GENESIS Studio\genesis-studio\packages\engines-py\.pdb_cache\2HYY,A
5259,ThermoMPNN,2HYY,0.20894068479537964,263,Q,Y,F:\GENESIS Studio\genesis-studio\packages\engines-py\.pdb_cache\2HYY,A
