,Model,Dataset,ddG_pred,position,wildtype,mutation,pdb,chain
0,ThermoMPNN,4MNE,0.8487974405288696,0,L,A,F:\GENESIS Studio\genesis-studio\packages\engines-py\.pdb_cache\4MNE,A
1,ThermoMPNN,4MNE,0.1785309910774231,0,L,C,F:\GENESIS Studio\genesis-studio\packages\engines-py\.pdb_cache\4MNE,A
2,ThermoMPNN,4MNE,1.1306493282318115,0,L,D,F:\GENESIS Studio\genesis-studio\packages\engines-py\.pdb_cache\4MNE,A
3,ThermoMPNN,4MNE,1.2232542037963867,0,L,E,F:\GENESIS Studio\genesis-studio\packages\engines-py\.pdb_cache\4MNE,A
4,ThermoMPNN,4MNE,-0.30698466300964355,0,L,F,F:\GENESIS Studio\genesis-studio\packages\engines-py\.pdb_cache\4MNE,A
5,ThermoMPNN,4MNE,0.8650652170181274,0,L,G,F:\GENESIS Studio\genesis-studio\packages\engines-py\.pdb_cache\4MNE,A
6,ThermoMPNN,4MNE,0.6337730884552002,0,L,H,F:\GENESIS Studio\genesis-studio\packages\engines-py\.pdb_cache\4MNE,A
7,ThermoMPNN,4MNE,0.1433161497116089,0,L,I,F:\GENESIS Studio\genesis-studio\packages\engines-py\.pdb_cache\4MNE,A
8,ThermoMPNN,4MNE,1.150803565979004,0,L,K,F:\GENESIS Studio\genesis-studio\packages\engines-py\.pdb_cache\4MNE,A
9,ThermoMPNN,4MNE,0.0,0,L,L,F:\GENESIS Studio\genesis-studio\packages\engines-py\.pdb_cache\4MNE,A
10,ThermoMPNN,4MNE,-0.027008771896362305,0,L,M,F:\GENESIS Studio\genesis-studio\packages\engines-py\.pdb_cache\4MNE,A
11,ThermoMPNN,4MNE,1.1101338863372803,0,L,N,F:\GENESIS Studio\genesis-studio\packages\engines-py\.pdb_cache\4MNE,A
12,ThermoMPNN,4MNE,0.5547359585762024,0,L,P,F:\GENESIS Studio\genesis-studio\packages\engines-py\.pdb_cache\4MNE,A
13,ThermoMPNN,4MNE,0.964434802532196,0,L,Q,F:\GENESIS Studio\genesis-studio\packages\engines-py\.pdb_cache\4MNE,A
14,ThermoMPNN,4MNE,1.1305640935897827,0,L,R,F:\GENESIS Studio\genesis-studio\packages\engines-py\.pdb_cache\4MNE,A
15,ThermoMPNN,4MNE,0.9768660664558411,0,L,S,F:\GENESIS Studio\genesis-studio\packages\engines-py\.pdb_cache\4MNE,A
16,ThermoMPNN,4MNE,1.074042558670044,0,L,T,F:\GENESIS Studio\genesis-studio\packages\engines-py\.pdb_cache\4MNE,A
17,ThermoMPNN,4MNE,0.5723817348480225,0,L,V,F:\GENESIS Studio\genesis-studio\packages\engines-py\.pdb_cache\4MNE,A
18,ThermoMPNN,4MNE,0.06644070148468018,0,L,W,F:\GENESIS Studio\genesis-studio\packages\engines-py\.pdb_cache\4MNE,A
19,ThermoMPNN,4MNE,-0.052221059799194336,0,L,Y,F:\GENESIS Studio\genesis-studio\packages\engines-py\.pdb_cache\4MNE,A
20,ThermoMPNN,4MNE,0.1730394959449768,1,K,A,F:\GENESIS Studio\genesis-studio\packages\engines-py\.pdb_cache\4MNE,A
21,ThermoMPNN,4MNE,0.08808743953704834,1,K,C,F:\GENESIS Studio\genesis-studio\packages\engines-py\.pdb_cache\4MNE,A
22,ThermoMPNN,4MNE,0.8521451354026794,1,K,D,F:\GENESIS Studio\genesis-studio\packages\engines-py\.pdb_cache\4MNE,A
23,ThermoMPNN,4MNE,0.8782151341438293,1,K,E,F:\GENESIS Studio\genesis-studio\packages\engines-py\.pdb_cache\4MNE,A
24,ThermoMPNN,4MNE,0.30572909116744995,1,K,F,F:\GENESIS Studio\genesis-studio\packages\engines-py\.pdb_cache\4MNE,A
25,ThermoMPNN,4MNE,0.44363510608673096,1,K,G,F:\GENESIS Studio\genesis-studio\packages\engines-py\.pdb_cache\4MNE,A
26,ThermoMPNN,4MNE,0.13259315490722656,1,K,H,F:\GENESIS Studio\genesis-studio\packages\engines-py\.pdb_cache\4MNE,A
27,ThermoMPNN,4MNE,0.45446187257766724,1,K,I,F:\GENESIS Studio\genesis-studio\packages\engines-py\.pdb_cache\4MNE,A
28,ThermoMPNN,4MNE,0.0,1,K,K,F:\GENESIS Studio\genesis-studio\packages\engines-py\.pdb_cache\4MNE,A
29,ThermoMPNN,4MNE,0.5153458118438721,1,K,L,F:\GENESIS Studio\genesis-studio\packages\engines-py\.pdb_cache\4MNE,A
30,ThermoMPNN,4MNE,0.43267250061035156,1,K,M,F:\GENESIS Studio\genesis-studio\packages\engines-py\.pdb_cache\4MNE,A
31,ThermoMPNN,4MNE,0.22169417142868042,1,K,N,F:\GENESIS Studio\genesis-studio\packages\engines-py\.pdb_cache\4MNE,A
32,ThermoMPNN,4MNE,1.028519630432129,1,K,P,F:\GENESIS Studio\genesis-studio\packages\engines-py\.pdb_cache\4MNE,A
33,ThermoMPNN,4MNE,0.29314082860946655,1,K,Q,F:\GENESIS Studio\genesis-studio\packages\engines-py\.pdb_cache\4MNE,A
34,ThermoMPNN,4MNE,0.005448102951049805,1,K,R,F:\GENESIS Studio\genesis-studio\packages\engines-py\.pdb_cache\4MNE,A
35,ThermoMPNN,4MNE,0.18238770961761475,1,K,S,F:\GENESIS Studio\genesis-studio\packages\engines-py\.pdb_cache\4MNE,A
36,ThermoMPNN,4MNE,0.3981403708457947,1,K,T,F:\GENESIS Studio\genesis-studio\packages\engines-py\.pdb_cache\4MNE,A
37,ThermoMPNN,4MNE,0.37221068143844604,1,K,V,F:\GENESIS Studio\genesis-studio\packages\engines-py\.pdb_cache\4MNE,A
38,ThermoMPNN,4MNE,0.4213125705718994,1,K,W,F:\GENESIS Studio\genesis-studio\packages\engines-py\.pdb_cache\4MNE,A
39,ThermoMPNN,4MNE,0.2617459297180176,1,K,Y,F:\GENESIS Studio\genesis-studio\packages\engines-py\.pdb_cache\4MNE,A
40,ThermoMPNN,4MNE,-0.3792101740837097,2,D,A,F:\GENESIS Studio\genesis-studio\packages\engines-py\.pdb_cache\4MNE,A
41,ThermoMPNN,4MNE,-0.26737040281295776,2,D,C,F:\GENESIS Studio\genesis-studio\packages\engines-py\.pdb_cache\4MNE,A
42,ThermoMPNN,4MNE,0.0,2,D,D,F:\GENESIS Studio\genesis-studio\packages\engines-py\.pdb_cache\4MNE,A
43,ThermoMPNN,4MNE,-0.4189923405647278,2,D,E,F:\GENESIS Studio\genesis-studio\packages\engines-py\.pdb_cache\4MNE,A
44,ThermoMPNN,4MNE,-0.056484222412109375,2,D,F,F:\GENESIS Studio\genesis-studio\packages\engines-py\.pdb_cache\4MNE,A
45,ThermoMPNN,4MNE,0.05101197957992554,2,D,G,F:\GENESIS Studio\genesis-studio\packages\engines-py\.pdb_cache\4MNE,A
46,ThermoMPNN,4MNE,-0.14530998468399048,2,D,H,F:\GENESIS Studio\genesis-studio\packages\engines-py\.pdb_cache\4MNE,A
47,ThermoMPNN,4MNE,-0.15565037727355957,2,D,I,F:\GENESIS Studio\genesis-studio\packages\engines-py\.pdb_cache\4MNE,A
48,ThermoMPNN,4MNE,-0.33570700883865356,2,D,K,F:\GENESIS Studio\genesis-studio\packages\engines-py\.pdb_cache\4MNE,A
49,ThermoMPNN,4MNE,-0.07719236612319946,2,D,L,F:\GENESIS Studio\genesis-studio\packages\engines-py\.pdb_cache\4MNE,A
50,ThermoMPNN,4MNE,-0.16027230024337769,2,D,M,F:\GENESIS Studio\genesis-studio\packages\engines-py\.pdb_cache\4MNE,A
51,ThermoMPNN,4MNE,0.09225165843963623,2,D,N,F:\GENESIS Studio\genesis-studio\packages\engines-py\.pdb_cache\4MNE,A
52,ThermoMPNN,4MNE,-0.408058762550354,2,D,P,F:\GENESIS Studio\genesis-studio\packages\engines-py\.pdb_cache\4MNE,A
53,ThermoMPNN,4MNE,-0.32995957136154175,2,D,Q,F:\GENESIS Studio\genesis-studio\packages\engines-py\.pdb_cache\4MNE,A
54,ThermoMPNN,4MNE,-0.3289912939071655,2,D,R,F:\GENESIS Studio\genesis-studio\packages\engines-py\.pdb_cache\4MNE,A
55,ThermoMPNN,4MNE,-0.21851342916488647,2,D,S,F:\GENESIS Studio\genesis-studio\packages\engines-py\.pdb_cache\4MNE,A
56,ThermoMPNN,4MNE,-0.007996857166290283,2,D,T,F:\GENESIS Studio\genesis-studio\packages\engines-py\.pdb_cache\4MNE,A
57,ThermoMPNN,4MNE,-0.03560858964920044,2,D,V,F:\GENESIS Studio\genesis-studio\packages\engines-py\.pdb_cache\4MNE,A
58,ThermoMPNN,4MNE,-0.13014918565750122,2,D,W,F:\GENESIS Studio\genesis-studio\packages\engines-py\.pdb_cache\4MNE,A
59,ThermoMPNN,4MNE,-0.17325633764266968,2,D,Y,F:\GENESIS Studio\genesis-studio\packages\engines-py\.pdb_cache\4MNE,A
60,ThermoMPNN,4MNE,0.11088800430297852,3,D,A,F:\GENESIS Studio\genesis-studio\packages\engines-py\.pdb_cache\4MNE,A
61,ThermoMPNN,4MNE,-0.02007240056991577,3,D,C,F:\GENESIS Studio\genesis-studio\packages\engines-py\.pdb_cache\4MNE,A
62,ThermoMPNN,4MNE,0.0,3,D,D,F:\GENESIS Studio\genesis-studio\packages\engines-py\.pdb_cache\4MNE,A
63,ThermoMPNN,4MNE,0.025875210762023926,3,D,E,F:\GENESIS Studio\genesis-studio\packages\engines-py\.pdb_cache\4MNE,A
64,ThermoMPNN,4MNE,0.38200896978378296,3,D,F,F:\GENESIS Studio\genesis-studio\packages\engines-py\.pdb_cache\4MNE,A
65,ThermoMPNN,4MNE,0.3498350977897644,3,D,G,F:\GENESIS Studio\genesis-studio\packages\engines-py\.pdb_cache\4MNE,A
66,ThermoMPNN,4MNE,0.12216556072235107,3,D,H,F:\GENESIS Studio\genesis-studio\packages\engines-py\.pdb_cache\4MNE,A
67,ThermoMPNN,4MNE,0.4032447934150696,3,D,I,F:\GENESIS Studio\genesis-studio\packages\engines-py\.pdb_cache\4MNE,A
68,ThermoMPNN,4MNE,0.3159427046775818,3,D,K,F:\GENESIS Studio\genesis-studio\packages\engines-py\.pdb_cache\4MNE,A
69,ThermoMPNN,4MNE,0.37949782609939575,3,D,L,F:\GENESIS Studio\genesis-studio\packages\engines-py\.pdb_cache\4MNE,A
70,ThermoMPNN,4MNE,0.42621010541915894,3,D,M,F:\GENESIS Studio\genesis-studio\packages\engines-py\.pdb_cache\4MNE,A
71,ThermoMPNN,4MNE,0.19019120931625366,3,D,N,F:\GENESIS Studio\genesis-studio\packages\engines-py\.pdb_cache\4MNE,A
72,ThermoMPNN,4MNE,0.3532755374908447,3,D,P,F:\GENESIS Studio\genesis-studio\packages\engines-py\.pdb_cache\4MNE,A
73,ThermoMPNN,4MNE,0.20169740915298462,3,D,Q,F:\GENESIS Studio\genesis-studio\packages\engines-py\.pdb_cache\4MNE,A
74,ThermoMPNN,4MNE,0.3887001872062683,3,D,R,F:\GENESIS Studio\genesis-studio\packages\engines-py\.pdb_cache\4MNE,A
75,ThermoMPNN,4MNE,0.1070253849029541,3,D,S,F:\GENESIS Studio\genesis-studio\packages\engines-py\.pdb_cache\4MNE,A
76,ThermoMPNN,4MNE,0.32163357734680176,3,D,T,F:\GENESIS Studio\genesis-studio\packages\engines-py\.pdb_cache\4MNE,A
77,ThermoMPNN,4MNE,0.43281376361846924,3,D,V,F:\GENESIS Studio\genesis-studio\packages\engines-py\.pdb_cache\4MNE,A
78,ThermoMPNN,4MNE,0.3404347896575928,3,D,W,F:\GENESIS Studio\genesis-studio\packages\engines-py\.pdb_cache\4MNE,A
79,ThermoMPNN,4MNE,0.2898874878883362,3,D,Y,F:\GENESIS Studio\genesis-studio\packages\engines-py\.pdb_cache\4MNE,A
80,ThermoMPNN,4MNE,0.764678418636322,4,D,A,F:\GENESIS Studio\genesis-studio\packages\engines-py\.pdb_cache\4MNE,A
81,ThermoMPNN,4MNE,0.41041815280914307,4,D,C,F:\GENESIS Studio\genesis-studio\packages\engines-py\.pdb_cache\4MNE,A
82,ThermoMPNN,4MNE,0.0,4,D,D,F:\GENESIS Studio\genesis-studio\packages\engines-py\.pdb_cache\4MNE,A
83,ThermoMPNN,4MNE,0.2719827890396118,4,D,E,F:\GENESIS Studio\genesis-studio\packages\engines-py\.pdb_cache\4MNE,A
84,ThermoMPNN,4MNE,0.8430905342102051,4,D,F,F:\GENESIS Studio\genesis-studio\packages\engines-py\.pdb_cache\4MNE,A
85,ThermoMPNN,4MNE,1.462755560874939,4,D,G,F:\GENESIS Studio\genesis-studio\packages\engines-py\.pdb_cache\4MNE,A
86,ThermoMPNN,4MNE,0.7915726900100708,4,D,H,F:\GENESIS Studio\genesis-studio\packages\engines-py\.pdb_cache\4MNE,A
87,ThermoMPNN,4MNE,1.0429179668426514,4,D,I,F:\GENESIS Studio\genesis-studio\packages\engines-py\.pdb_cache\4MNE,A
88,ThermoMPNN,4MNE,1.6734809875488281,4,D,K,F:\GENESIS Studio\genesis-studio\packages\engines-py\.pdb_cache\4MNE,A
89,ThermoMPNN,4MNE,0.8170566558837891,4,D,L,F:\GENESIS Studio\genesis-studio\packages\engines-py\.pdb_cache\4MNE,A
90,ThermoMPNN,4MNE,0.6339442729949951,4,D,M,F:\GENESIS Studio\genesis-studio\packages\engines-py\.pdb_cache\4MNE,A
91,ThermoMPNN,4MNE,0.9397386312484741,4,D,N,F:\GENESIS Studio\genesis-studio\packages\engines-py\.pdb_cache\4MNE,A
92,ThermoMPNN,4MNE,2.2085165977478027,4,D,P,F:\GENESIS Studio\genesis-studio\packages\engines-py\.pdb_cache\4MNE,A
93,ThermoMPNN,4MNE,0.6987409591674805,4,D,Q,F:\GENESIS Studio\genesis-studio\packages\engines-py\.pdb_cache\4MNE,A
94,ThermoMPNN,4MNE,1.7085506916046143,4,D,R,F:\GENESIS Studio\genesis-studio\packages\engines-py\.pdb_cache\4MNE,A
95,ThermoMPNN,4MNE,0.8641682863235474,4,D,S,F:\GENESIS Studio\genesis-studio\packages\engines-py\.pdb_cache\4MNE,A
96,ThermoMPNN,4MNE,1.0760966539382935,4,D,T,F:\GENESIS Studio\genesis-studio\packages\engines-py\.pdb_cache\4MNE,A
97,ThermoMPNN,4MNE,1.2704334259033203,4,D,V,F:\GENESIS Studio\genesis-studio\packages\engines-py\.pdb_cache\4MNE,A
98,ThermoMPNN,4MNE,0.5171974897384644,4,D,W,F:\GENESIS Studio\genesis-studio\packages\engines-py\.pdb_cache\4MNE,A
99,ThermoMPNN,4MNE,0.5133520364761353,4,D,Y,F:\GENESIS Studio\genesis-studio\packages\engines-py\.pdb_cache\4MNE,A
100,ThermoMPNN,4MNE,2.68165922164917,5,F,A,F:\GENESIS Studio\genesis-studio\packages\engines-py\.pdb_cache\4MNE,A
101,ThermoMPNN,4MNE,1.7767308950424194,5,F,C,F:\GENESIS Studio\genesis-studio\packages\engines-py\.pdb_cache\4MNE,A
102,ThermoMPNN,4MNE,2.491755962371826,5,F,D,F:\GENESIS Studio\genesis-studio\packages\engines-py\.pdb_cache\4MNE,A
103,ThermoMPNN,4MNE,2.9273133277893066,5,F,E,F:\GENESIS Studio\genesis-studio\packages\engines-py\.pdb_cache\4MNE,A
104,ThermoMPNN,4MNE,0.0,5,F,F,F:\GENESIS Studio\genesis-studio\packages\engines-py\.pdb_cache\4MNE,A
105,ThermoMPNN,4MNE,2.6989617347717285,5,F,G,F:\GENESIS Studio\genesis-studio\packages\engines-py\.pdb_cache\4MNE,A
106,ThermoMPNN,4MNE,2.7152271270751953,5,F,H,F:\GENESIS Studio\genesis-studio\packages\engines-py\.pdb_cache\4MNE,A
107,ThermoMPNN,4MNE,1.7643492221832275,5,F,I,F:\GENESIS Studio\genesis-studio\packages\engines-py\.pdb_cache\4MNE,A
108,ThermoMPNN,4MNE,2.6857924461364746,5,F,K,F:\GENESIS Studio\genesis-studio\packages\engines-py\.pdb_cache\4MNE,A
109,ThermoMPNN,4MNE,1.6229112148284912,5,F,L,F:\GENESIS Studio\genesis-studio\packages\engines-py\.pdb_cache\4MNE,A
110,ThermoMPNN,4MNE,1.62174654006958,5,F,M,F:\GENESIS Studio\genesis-studio\packages\engines-py\.pdb_cache\4MNE,A
111,ThermoMPNN,4MNE,2.645841121673584,5,F,N,F:\GENESIS Studio\genesis-studio\packages\engines-py\.pdb_cache\4MNE,A
112,ThermoMPNN,4MNE,2.5609705448150635,5,F,P,F:\GENESIS Studio\genesis-studio\packages\engines-py\.pdb_cache\4MNE,A
113,ThermoMPNN,4MNE,2.826193332672119,5,F,Q,F:\GENESIS Studio\genesis-studio\packages\engines-py\.pdb_cache\4MNE,A
114,ThermoMPNN,4MNE,2.49822998046875,5,F,R,F:\GENESIS Studio\genesis-studio\packages\engines-py\.pdb_cache\4MNE,A
115,ThermoMPNN,4MNE,2.489988088607788,5,F,S,F:\GENESIS Studio\genesis-studio\packages\engines-py\.pdb_cache\4MNE,A
116,ThermoMPNN,4MNE,2.3482282161712646,5,F,T,F:\GENESIS Studio\genesis-studio\packages\engines-py\.pdb_cache\4MNE,A
117,ThermoMPNN,4MNE,2.02354097366333,5,F,V,F:\GENESIS Studio\genesis-studio\packages\engines-py\.pdb_cache\4MNE,A
118,ThermoMPNN,4MNE,1.472820520401001,5,F,W,F:\GENESIS Studio\genesis-studio\packages\engines-py\.pdb_cache\4MNE,A
119,ThermoMPNN,4MNE,1.5833033323287964,5,F,Y,F:\GENESIS Studio\genesis-studio\packages\engines-py\.pdb_cache\4MNE,A
120,ThermoMPNN,4MNE,0.6427409648895264,6,E,A,F:\GENESIS Studio\genesis-studio\packages\engines-py\.pdb_cache\4MNE,A
121,ThermoMPNN,4MNE,0.04603743553161621,6,E,C,F:\GENESIS Studio\genesis-studio\packages\engines-py\.pdb_cache\4MNE,A
122,ThermoMPNN,4MNE,0.8522099256515503,6,E,D,F:\GENESIS Studio\genesis-studio\packages\engines-py\.pdb_cache\4MNE,A
123,ThermoMPNN,4MNE,0.0,6,E,E,F:\GENESIS Studio\genesis-studio\packages\engines-py\.pdb_cache\4MNE,A
124,ThermoMPNN,4MNE,0.20416927337646484,6,E,F,F:\GENESIS Studio\genesis-studio\packages\engines-py\.pdb_cache\4MNE,A
125,ThermoMPNN,4MNE,1.4144073724746704,6,E,G,F:\GENESIS Studio\genesis-studio\packages\engines-py\.pdb_cache\4MNE,A
126,ThermoMPNN,4MNE,0.6520519852638245,6,E,H,F:\GENESIS Studio\genesis-studio\packages\engines-py\.pdb_cache\4MNE,A
127,ThermoMPNN,4MNE,0.13970160484313965,6,E,I,F:\GENESIS Studio\genesis-studio\packages\engines-py\.pdb_cache\4MNE,A
128,ThermoMPNN,4MNE,0.8234521150588989,6,E,K,F:\GENESIS Studio\genesis-studio\packages\engines-py\.pdb_cache\4MNE,A
129,ThermoMPNN,4MNE,0.46369224786758423,6,E,L,F:\GENESIS Studio\genesis-studio\packages\engines-py\.pdb_cache\4MNE,A
130,ThermoMPNN,4MNE,0.4149269461631775,6,E,M,F:\GENESIS Studio\genesis-studio\packages\engines-py\.pdb_cache\4MNE,A
131,ThermoMPNN,4MNE,1.0343352556228638,6,E,N,F:\GENESIS Studio\genesis-studio\packages\engines-py\.pdb_cache\4MNE,A
132,ThermoMPNN,4MNE,3.0505309104919434,6,E,P,F:\GENESIS Studio\genesis-studio\packages\engines-py\.pdb_cache\4MNE,A
133,ThermoMPNN,4MNE,0.48137831687927246,6,E,Q,F:\GENESIS Studio\genesis-studio\packages\engines-py\.pdb_cache\4MNE,A
134,ThermoMPNN,4MNE,0.7979631423950195,6,E,R,F:\GENESIS Studio\genesis-studio\packages\engines-py\.pdb_cache\4MNE,A
135,ThermoMPNN,4MNE,0.700731635093689,6,E,S,F:\GENESIS Studio\genesis-studio\packages\engines-py\.pdb_cache\4MNE,A
136,ThermoMPNN,4MNE,0.4432109594345093,6,E,T,F:\GENESIS Studio\genesis-studio\packages\engines-py\.pdb_cache\4MNE,A
137,ThermoMPNN,4MNE,0.16384172439575195,6,E,V,F:\GENESIS Studio\genesis-studio\packages\engines-py\.pdb_cache\4MNE,A
138,ThermoMPNN,4MNE,0.42027413845062256,6,E,W,F:\GENESIS Studio\genesis-studio\packages\engines-py\.pdb_cache\4MNE,A
139,ThermoMPNN,4MNE,0.34460198879241943,6,E,Y,F:\GENESIS Studio\genesis-studio\packages\engines-py\.pdb_cache\4MNE,A
140,ThermoMPNN,4MNE,0.6263722777366638,7,K,A,F:\GENESIS Studio\genesis-studio\packages\engines-py\.pdb_cache\4MNE,A
141,ThermoMPNN,4MNE,-0.1469019651412964,7,K,C,F:\GENESIS Studio\genesis-studio\packages\engines-py\.pdb_cache\4MNE,A
142,ThermoMPNN,4MNE,1.1716768741607666,7,K,D,F:\GENESIS Studio\genesis-studio\packages\engines-py\.pdb_cache\4MNE,A
143,ThermoMPNN,4MNE,0.8639273643493652,7,K,E,F:\GENESIS Studio\genesis-studio\packages\engines-py\.pdb_cache\4MNE,A
144,ThermoMPNN,4MNE,-0.34870457649230957,7,K,F,F:\GENESIS Studio\genesis-studio\packages\engines-py\.pdb_cache\4MNE,A
145,ThermoMPNN,4MNE,1.1511178016662598,7,K,G,F:\GENESIS Studio\genesis-studio\packages\engines-py\.pdb_cache\4MNE,A
146,ThermoMPNN,4MNE,0.1900654435157776,7,K,H,F:\GENESIS Studio\genesis-studio\packages\engines-py\.pdb_cache\4MNE,A
147,ThermoMPNN,4MNE,-0.5610178709030151,7,K,I,F:\GENESIS Studio\genesis-studio\packages\engines-py\.pdb_cache\4MNE,A
148,ThermoMPNN,4MNE,0.0,7,K,K,F:\GENESIS Studio\genesis-studio\packages\engines-py\.pdb_cache\4MNE,A
149,ThermoMPNN,4MNE,-0.22501015663146973,7,K,L,F:\GENESIS Studio\genesis-studio\packages\engines-py\.pdb_cache\4MNE,A
150,ThermoMPNN,4MNE,-0.05774945020675659,7,K,M,F:\GENESIS Studio\genesis-studio\packages\engines-py\.pdb_cache\4MNE,A
151,ThermoMPNN,4MNE,0.5904722213745117,7,K,N,F:\GENESIS Studio\genesis-studio\packages\engines-py\.pdb_cache\4MNE,A
152,ThermoMPNN,4MNE,0.8556554913520813,7,K,P,F:\GENESIS Studio\genesis-studio\packages\engines-py\.pdb_cache\4MNE,A
153,ThermoMPNN,4MNE,0.4493218660354614,7,K,Q,F:\GENESIS Studio\genesis-studio\packages\engines-py\.pdb_cache\4MNE,A
154,ThermoMPNN,4MNE,0.018265962600708008,7,K,R,F:\GENESIS Studio\genesis-studio\packages\engines-py\.pdb_cache\4MNE,A
155,ThermoMPNN,4MNE,0.572329044342041,7,K,S,F:\GENESIS Studio\genesis-studio\packages\engines-py\.pdb_cache\4MNE,A
156,ThermoMPNN,4MNE,0.21429604291915894,7,K,T,F:\GENESIS Studio\genesis-studio\packages\engines-py\.pdb_cache\4MNE,A
157,ThermoMPNN,4MNE,-0.24630308151245117,7,K,V,F:\GENESIS Studio\genesis-studio\packages\engines-py\.pdb_cache\4MNE,A
158,ThermoMPNN,4MNE,-0.03966712951660156,7,K,W,F:\GENESIS Studio\genesis-studio\packages\engines-py\.pdb_cache\4MNE,A
159,ThermoMPNN,4MNE,-0.1968914270401001,7,K,Y,F:\GENESIS Studio\genesis-studio\packages\engines-py\.pdb_cache\4MNE,A
160,ThermoMPNN,4MNE,2.0043373107910156,8,I,A,F:\GENESIS Studio\genesis-studio\packages\engines-py\.pdb_cache\4MNE,A
161,ThermoMPNN,4MNE,1.3191136121749878,8,I,C,F:\GENESIS Studio\genesis-studio\packages\engines-py\.pdb_cache\4MNE,A
162,ThermoMPNN,4MNE,2.376816749572754,8,I,D,F:\GENESIS Studio\genesis-studio\packages\engines-py\.pdb_cache\4MNE,A
163,ThermoMPNN,4MNE,2.3753762245178223,8,I,E,F:\GENESIS Studio\genesis-studio\packages\engines-py\.pdb_cache\4MNE,A
164,ThermoMPNN,4MNE,1.3669381141662598,8,I,F,F:\GENESIS Studio\genesis-studio\packages\engines-py\.pdb_cache\4MNE,A
165,ThermoMPNN,4MNE,2.8184940814971924,8,I,G,F:\GENESIS Studio\genesis-studio\packages\engines-py\.pdb_cache\4MNE,A
166,ThermoMPNN,4MNE,1.7669657468795776,8,I,H,F:\GENESIS Studio\genesis-studio\packages\engines-py\.pdb_cache\4MNE,A
167,ThermoMPNN,4MNE,0.0,8,I,I,F:\GENESIS Studio\genesis-studio\packages\engines-py\.pdb_cache\4MNE,A
168,ThermoMPNN,4MNE,1.7838882207870483,8,I,K,F:\GENESIS Studio\genesis-studio\packages\engines-py\.pdb_cache\4MNE,A
169,ThermoMPNN,4MNE,0.44213247299194336,8,I,L,F:\GENESIS Studio\genesis-studio\packages\engines-py\.pdb_cache\4MNE,A
170,ThermoMPNN,4MNE,1.0477350950241089,8,I,M,F:\GENESIS Studio\genesis-studio\packages\engines-py\.pdb_cache\4MNE,A
171,ThermoMPNN,4MNE,2.249474048614502,8,I,N,F:\GENESIS Studio\genesis-studio\packages\engines-py\.pdb_cache\4MNE,A
172,ThermoMPNN,4MNE,2.9745278358459473,8,I,P,F:\GENESIS Studio\genesis-studio\packages\engines-py\.pdb_cache\4MNE,A
173,ThermoMPNN,4MNE,1.9351001977920532,8,I,Q,F:\GENESIS Studio\genesis-studio\packages\engines-py\.pdb_cache\4MNE,A
174,ThermoMPNN,4MNE,1.8385697603225708,8,I,R,F:\GENESIS Studio\genesis-studio\packages\engines-py\.pdb_cache\4MNE,A
175,ThermoMPNN,4MNE,2.3194522857666016,8,I,S,F:\GENESIS Studio\genesis-studio\packages\engines-py\.pdb_cache\4MNE,A
176,ThermoMPNN,4MNE,2.042086362838745,8,I,T,F:\GENESIS Studio\genesis-studio\packages\engines-py\.pdb_cache\4MNE,A
177,ThermoMPNN,4MNE,0.8523494005203247,8,I,V,F:\GENESIS Studio\genesis-studio\packages\engines-py\.pdb_cache\4MNE,A
178,ThermoMPNN,4MNE,1.4082587957382202,8,I,W,F:\GENESIS Studio\genesis-studio\packages\engines-py\.pdb_cache\4MNE,A
179,ThermoMPNN,4MNE,1.3162686824798584,8,I,Y,F:\GENESIS Studio\genesis-studio\packages\engines-py\.pdb_cache\4MNE,A
180,ThermoMPNN,4MNE,0.21778351068496704,9,S,A,F:\GENESIS Studio\genesis-studio\packages\engines-py\.pdb_cache\4MNE,A
181,ThermoMPNN,4MNE,-0.32559752464294434,9,S,C,F:\GENESIS Studio\genesis-studio\packages\engines-py\.pdb_cache\4MNE,A
182,ThermoMPNN,4MNE,0.973192036151886,9,S,D,F:\GENESIS Studio\genesis-studio\packages\engines-py\.pdb_cache\4MNE,A
183,ThermoMPNN,4MNE,0.21513140201568604,9,S,E,F:\GENESIS Studio\genesis-studio\packages\engines-py\.pdb_cache\4MNE,A
184,ThermoMPNN,4MNE,-0.021512389183044434,9,S,F,F:\GENESIS Studio\genesis-studio\packages\engines-py\.pdb_cache\4MNE,A
185,ThermoMPNN,4MNE,1.0032551288604736,9,S,G,F:\GENESIS Studio\genesis-studio\packages\engines-py\.pdb_cache\4MNE,A
186,ThermoMPNN,4MNE,0.5009557008743286,9,S,H,F:\GENESIS Studio\genesis-studio\packages\engines-py\.pdb_cache\4MNE,A
187,ThermoMPNN,4MNE,0.19165009260177612,9,S,I,F:\GENESIS Studio\genesis-studio\packages\engines-py\.pdb_cache\4MNE,A
188,ThermoMPNN,4MNE,0.6844213008880615,9,S,K,F:\GENESIS Studio\genesis-studio\packages\engines-py\.pdb_cache\4MNE,A
189,ThermoMPNN,4MNE,0.32604479789733887,9,S,L,F:\GENESIS Studio\genesis-studio\packages\engines-py\.pdb_cache\4MNE,A
190,ThermoMPNN,4MNE,0.008946061134338379,9,S,M,F:\GENESIS Studio\genesis-studio\packages\engines-py\.pdb_cache\4MNE,A
191,ThermoMPNN,4MNE,1.0097495317459106,9,S,N,F:\GENESIS Studio\genesis-studio\packages\engines-py\.pdb_cache\4MNE,A
192,ThermoMPNN,4MNE,2.8898603916168213,9,S,P,F:\GENESIS Studio\genesis-studio\packages\engines-py\.pdb_cache\4MNE,A
193,ThermoMPNN,4MNE,0.33412790298461914,9,S,Q,F:\GENESIS Studio\genesis-studio\packages\engines-py\.pdb_cache\4MNE,A
194,ThermoMPNN,4MNE,0.6247339248657227,9,S,R,F:\GENESIS Studio\genesis-studio\packages\engines-py\.pdb_cache\4MNE,A
195,ThermoMPNN,4MNE,0.0,9,S,S,F:\GENESIS Studio\genesis-studio\packages\engines-py\.pdb_cache\4MNE,A
196,ThermoMPNN,4MNE,0.2256264090538025,9,S,T,F:\GENESIS Studio\genesis-studio\packages\engines-py\.pdb_cache\4MNE,A
197,ThermoMPNN,4MNE,0.22982949018478394,9,S,V,F:\GENESIS Studio\genesis-studio\packages\engines-py\.pdb_cache\4MNE,A
198,ThermoMPNN,4MNE,-0.11922621726989746,9,S,W,F:\GENESIS Studio\genesis-studio\packages\engines-py\.pdb_cache\4MNE,A
199,ThermoMPNN,4MNE,0.05998992919921875,9,S,Y,F:\GENESIS Studio\genesis-studio\packages\engines-py\.pdb_cache\4MNE,A
200,ThermoMPNN,4MNE,0.5966211557388306,10,E,A,F:\GENESIS Studio\genesis-studio\packages\engines-py\.pdb_cache\4MNE,A
201,ThermoMPNN,4MNE,-0.12410587072372437,10,E,C,F:\GENESIS Studio\genesis-studio\packages\engines-py\.pdb_cache\4MNE,A
202,ThermoMPNN,4MNE,0.7180613875389099,10,E,D,F:\GENESIS Studio\genesis-studio\packages\engines-py\.pdb_cache\4MNE,A
203,ThermoMPNN,4MNE,0.0,10,E,E,F:\GENESIS Studio\genesis-studio\packages\engines-py\.pdb_cache\4MNE,A
204,ThermoMPNN,4MNE,0.03472691774368286,10,E,F,F:\GENESIS Studio\genesis-studio\packages\engines-py\.pdb_cache\4MNE,A
205,ThermoMPNN,4MNE,1.1103036403656006,10,E,G,F:\GENESIS Studio\genesis-studio\packages\engines-py\.pdb_cache\4MNE,A
206,ThermoMPNN,4MNE,0.17470711469650269,10,E,H,F:\GENESIS Studio\genesis-studio\packages\engines-py\.pdb_cache\4MNE,A
207,ThermoMPNN,4MNE,-0.2797498106956482,10,E,I,F:\GENESIS Studio\genesis-studio\packages\engines-py\.pdb_cache\4MNE,A
208,ThermoMPNN,4MNE,0.20024096965789795,10,E,K,F:\GENESIS Studio\genesis-studio\packages\engines-py\.pdb_cache\4MNE,A
209,ThermoMPNN,4MNE,-0.19543534517288208,10,E,L,F:\GENESIS Studio\genesis-studio\packages\engines-py\.pdb_cache\4MNE,A
210,ThermoMPNN,4MNE,0.00618743896484375,10,E,M,F:\GENESIS Studio\genesis-studio\packages\engines-py\.pdb_cache\4MNE,A
211,ThermoMPNN,4MNE,0.5438572764396667,10,E,N,F:\GENESIS Studio\genesis-studio\packages\engines-py\.pdb_cache\4MNE,A
212,ThermoMPNN,4MNE,1.008702278137207,10,E,P,F:\GENESIS Studio\genesis-studio\packages\engines-py\.pdb_cache\4MNE,A
213,ThermoMPNN,4MNE,0.03928184509277344,10,E,Q,F:\GENESIS Studio\genesis-studio\packages\engines-py\.pdb_cache\4MNE,A
214,ThermoMPNN,4MNE,0.4064214825630188,10,E,R,F:\GENESIS Studio\genesis-studio\packages\engines-py\.pdb_cache\4MNE,A
215,ThermoMPNN,4MNE,0.6150552034378052,10,E,S,F:\GENESIS Studio\genesis-studio\packages\engines-py\.pdb_cache\4MNE,A
216,ThermoMPNN,4MNE,0.32225626707077026,10,E,T,F:\GENESIS Studio\genesis-studio\packages\engines-py\.pdb_cache\4MNE,A
217,ThermoMPNN,4MNE,-0.13141340017318726,10,E,V,F:\GENESIS Studio\genesis-studio\packages\engines-py\.pdb_cache\4MNE,A
218,ThermoMPNN,4MNE,0.18041926622390747,10,E,W,F:\GENESIS Studio\genesis-studio\packages\engines-py\.pdb_cache\4MNE,A
219,ThermoMPNN,4MNE,0.03394836187362671,10,E,Y,F:\GENESIS Studio\genesis-studio\packages\engines-py\.pdb_cache\4MNE,A
220,ThermoMPNN,4MNE,1.7257335186004639,11,L,A,F:\GENESIS Studio\genesis-studio\packages\engines-py\.pdb_cache\4MNE,A
221,ThermoMPNN,4MNE,1.0625569820404053,11,L,C,F:\GENESIS Studio\genesis-studio\packages\engines-py\.pdb_cache\4MNE,A
222,ThermoMPNN,4MNE,2.177520751953125,11,L,D,F:\GENESIS Studio\genesis-studio\packages\engines-py\.pdb_cache\4MNE,A
223,ThermoMPNN,4MNE,2.1390085220336914,11,L,E,F:\GENESIS Studio\genesis-studio\packages\engines-py\.pdb_cache\4MNE,A
224,ThermoMPNN,4MNE,1.5645012855529785,11,L,F,F:\GENESIS Studio\genesis-studio\packages\engines-py\.pdb_cache\4MNE,A
225,ThermoMPNN,4MNE,2.2932004928588867,11,L,G,F:\GENESIS Studio\genesis-studio\packages\engines-py\.pdb_cache\4MNE,A
226,ThermoMPNN,4MNE,2.1511170864105225,11,L,H,F:\GENESIS Studio\genesis-studio\packages\engines-py\.pdb_cache\4MNE,A
227,ThermoMPNN,4MNE,0.288405179977417,11,L,I,F:\GENESIS Studio\genesis-studio\packages\engines-py\.pdb_cache\4MNE,A
228,ThermoMPNN,4MNE,2.231370687484741,11,L,K,F:\GENESIS Studio\genesis-studio\packages\engines-py\.pdb_cache\4MNE,A
229,ThermoMPNN,4MNE,0.0,11,L,L,F:\GENESIS Studio\genesis-studio\packages\engines-py\.pdb_cache\4MNE,A
230,ThermoMPNN,4MNE,0.9130663871765137,11,L,M,F:\GENESIS Studio\genesis-studio\packages\engines-py\.pdb_cache\4MNE,A
231,ThermoMPNN,4MNE,2.1810131072998047,11,L,N,F:\GENESIS Studio\genesis-studio\packages\engines-py\.pdb_cache\4MNE,A
232,ThermoMPNN,4MNE,2.9105331897735596,11,L,P,F:\GENESIS Studio\genesis-studio\packages\engines-py\.pdb_cache\4MNE,A
233,ThermoMPNN,4MNE,2.1811487674713135,11,L,Q,F:\GENESIS Studio\genesis-studio\packages\engines-py\.pdb_cache\4MNE,A
234,ThermoMPNN,4MNE,2.2185304164886475,11,L,R,F:\GENESIS Studio\genesis-studio\packages\engines-py\.pdb_cache\4MNE,A
235,ThermoMPNN,4MNE,2.1544196605682373,11,L,S,F:\GENESIS Studio\genesis-studio\packages\engines-py\.pdb_cache\4MNE,A
236,ThermoMPNN,4MNE,2.1023430824279785,11,L,T,F:\GENESIS Studio\genesis-studio\packages\engines-py\.pdb_cache\4MNE,A
237,ThermoMPNN,4MNE,0.7114254236221313,11,L,V,F:\GENESIS Studio\genesis-studio\packages\engines-py\.pdb_cache\4MNE,A
238,ThermoMPNN,4MNE,1.692972183227539,11,L,W,F:\GENESIS Studio\genesis-studio\packages\engines-py\.pdb_cache\4MNE,A
239,ThermoMPNN,4MNE,1.6977055072784424,11,L,Y,F:\GENESIS Studio\genesis-studio\packages\engines-py\.pdb_cache\4MNE,A
240,ThermoMPNN,4MNE,0.7592743635177612,12,G,A,F:\GENESIS Studio\genesis-studio\packages\engines-py\.pdb_cache\4MNE,A
241,ThermoMPNN,4MNE,0.2075333595275879,12,G,C,F:\GENESIS Studio\genesis-studio\packages\engines-py\.pdb_cache\4MNE,A
242,ThermoMPNN,4MNE,0.6906470656394958,12,G,D,F:\GENESIS Studio\genesis-studio\packages\engines-py\.pdb_cache\4MNE,A
243,ThermoMPNN,4MNE,0.9184926748275757,12,G,E,F:\GENESIS Studio\genesis-studio\packages\engines-py\.pdb_cache\4MNE,A
244,ThermoMPNN,4MNE,0.3940955400466919,12,G,F,F:\GENESIS Studio\genesis-studio\packages\engines-py\.pdb_cache\4MNE,A
245,ThermoMPNN,4MNE,0.0,12,G,G,F:\GENESIS Studio\genesis-studio\packages\engines-py\.pdb_cache\4MNE,A
246,ThermoMPNN,4MNE,0.6937903165817261,12,G,H,F:\GENESIS Studio\genesis-studio\packages\engines-py\.pdb_cache\4MNE,A
247,ThermoMPNN,4MNE,0.5069831609725952,12,G,I,F:\GENESIS Studio\genesis-studio\packages\engines-py\.pdb_cache\4MNE,A
248,ThermoMPNN,4MNE,0.8270593285560608,12,G,K,F:\GENESIS Studio\genesis-studio\packages\engines-py\.pdb_cache\4MNE,A
249,ThermoMPNN,4MNE,0.3148379325866699,12,G,L,F:\GENESIS Studio\genesis-studio\packages\engines-py\.pdb_cache\4MNE,A
250,ThermoMPNN,4MNE,0.48159587383270264,12,G,M,F:\GENESIS Studio\genesis-studio\packages\engines-py\.pdb_cache\4MNE,A
251,ThermoMPNN,4MNE,0.49729061126708984,12,G,N,F:\GENESIS Studio\genesis-studio\packages\engines-py\.pdb_cache\4MNE,A
252,ThermoMPNN,4MNE,1.5307691097259521,12,G,P,F:\GENESIS Studio\genesis-studio\packages\engines-py\.pdb_cache\4MNE,A
253,ThermoMPNN,4MNE,0.7042007446289062,12,G,Q,F:\GENESIS Studio\genesis-studio\packages\engines-py\.pdb_cache\4MNE,A
254,ThermoMPNN,4MNE,0.8607204556465149,12,G,R,F:\GENESIS Studio\genesis-studio\packages\engines-py\.pdb_cache\4MNE,A
255,ThermoMPNN,4MNE,0.3233180046081543,12,G,S,F:\GENESIS Studio\genesis-studio\packages\engines-py\.pdb_cache\4MNE,A
256,ThermoMPNN,4MNE,0.19865012168884277,12,G,T,F:\GENESIS Studio\genesis-studio\packages\engines-py\.pdb_cache\4MNE,A
257,ThermoMPNN,4MNE,0.4721836447715759,12,G,V,F:\GENESIS Studio\genesis-studio\packages\engines-py\.pdb_cache\4MNE,A
258,ThermoMPNN,4MNE,0.4962269067764282,12,G,W,F:\GENESIS Studio\genesis-studio\packages\engines-py\.pdb_cache\4MNE,A
259,ThermoMPNN,4MNE,0.6009966731071472,12,G,Y,F:\GENESIS Studio\genesis-studio\packages\engines-py\.pdb_cache\4MNE,A
260,ThermoMPNN,4MNE,0.0,13,A,A,F:\GENESIS Studio\genesis-studio\packages\engines-py\.pdb_cache\4MNE,A
261,ThermoMPNN,4MNE,-0.2504562735557556,13,A,C,F:\GENESIS Studio\genesis-studio\packages\engines-py\.pdb_cache\4MNE,A
262,ThermoMPNN,4MNE,0.4212283194065094,13,A,D,F:\GENESIS Studio\genesis-studio\packages\engines-py\.pdb_cache\4MNE,A
263,ThermoMPNN,4MNE,0.23017984628677368,13,A,E,F:\GENESIS Studio\genesis-studio\packages\engines-py\.pdb_cache\4MNE,A
264,ThermoMPNN,4MNE,0.16774582862854004,13,A,F,F:\GENESIS Studio\genesis-studio\packages\engines-py\.pdb_cache\4MNE,A
265,ThermoMPNN,4MNE,0.22810012102127075,13,A,G,F:\GENESIS Studio\genesis-studio\packages\engines-py\.pdb_cache\4MNE,A
266,ThermoMPNN,4MNE,-0.14376002550125122,13,A,H,F:\GENESIS Studio\genesis-studio\packages\engines-py\.pdb_cache\4MNE,A
267,ThermoMPNN,4MNE,0.06719154119491577,13,A,I,F:\GENESIS Studio\genesis-studio\packages\engines-py\.pdb_cache\4MNE,A
268,ThermoMPNN,4MNE,-0.3064756989479065,13,A,K,F:\GENESIS Studio\genesis-studio\packages\engines-py\.pdb_cache\4MNE,A
269,ThermoMPNN,4MNE,0.15561658143997192,13,A,L,F:\GENESIS Studio\genesis-studio\packages\engines-py\.pdb_cache\4MNE,A
270,ThermoMPNN,4MNE,0.04404324293136597,13,A,M,F:\GENESIS Studio\genesis-studio\packages\engines-py\.pdb_cache\4MNE,A
271,ThermoMPNN,4MNE,-0.04483306407928467,13,A,N,F:\GENESIS Studio\genesis-studio\packages\engines-py\.pdb_cache\4MNE,A
272,ThermoMPNN,4MNE,1.3837255239486694,13,A,P,F:\GENESIS Studio\genesis-studio\packages\engines-py\.pdb_cache\4MNE,A
273,ThermoMPNN,4MNE,-0.23982089757919312,13,A,Q,F:\GENESIS Studio\genesis-studio\packages\engines-py\.pdb_cache\4MNE,A
274,ThermoMPNN,4MNE,-0.27712482213974,13,A,R,F:\GENESIS Studio\genesis-studio\packages\engines-py\.pdb_cache\4MNE,A
275,ThermoMPNN,4MNE,-0.21787387132644653,13,A,S,F:\GENESIS Studio\genesis-studio\packages\engines-py\.pdb_cache\4MNE,A
276,ThermoMPNN,4MNE,-0.16510242223739624,13,A,T,F:\GENESIS Studio\genesis-studio\packages\engines-py\.pdb_cache\4MNE,A
277,ThermoMPNN,4MNE,0.040302157402038574,13,A,V,F:\GENESIS Studio\genesis-studio\packages\engines-py\.pdb_cache\4MNE,A
278,ThermoMPNN,4MNE,0.21362894773483276,13,A,W,F:\GENESIS Studio\genesis-studio\packages\engines-py\.pdb_cache\4MNE,A
279,ThermoMPNN,4MNE,0.12049174308776855,13,A,Y,F:\GENESIS Studio\genesis-studio\packages\engines-py\.pdb_cache\4MNE,A
280,ThermoMPNN,4MNE,0.37105607986450195,14,G,A,F:\GENESIS Studio\genesis-studio\packages\engines-py\.pdb_cache\4MNE,A
281,ThermoMPNN,4MNE,0.09251987934112549,14,G,C,F:\GENESIS Studio\genesis-studio\packages\engines-py\.pdb_cache\4MNE,A
282,ThermoMPNN,4MNE,0.31742149591445923,14,G,D,F:\GENESIS Studio\genesis-studio\packages\engines-py\.pdb_cache\4MNE,A
283,ThermoMPNN,4MNE,0.4336943030357361,14,G,E,F:\GENESIS Studio\genesis-studio\packages\engines-py\.pdb_cache\4MNE,A
284,ThermoMPNN,4MNE,0.41027289628982544,14,G,F,F:\GENESIS Studio\genesis-studio\packages\engines-py\.pdb_cache\4MNE,A
285,ThermoMPNN,4MNE,0.0,14,G,G,F:\GENESIS Studio\genesis-studio\packages\engines-py\.pdb_cache\4MNE,A
286,ThermoMPNN,4MNE,0.5758311748504639,14,G,H,F:\GENESIS Studio\genesis-studio\packages\engines-py\.pdb_cache\4MNE,A
287,ThermoMPNN,4MNE,0.5690103769302368,14,G,I,F:\GENESIS Studio\genesis-studio\packages\engines-py\.pdb_cache\4MNE,A
288,ThermoMPNN,4MNE,0.7910031080245972,14,G,K,F:\GENESIS Studio\genesis-studio\packages\engines-py\.pdb_cache\4MNE,A
289,ThermoMPNN,4MNE,0.6369171738624573,14,G,L,F:\GENESIS Studio\genesis-studio\packages\engines-py\.pdb_cache\4MNE,A
290,ThermoMPNN,4MNE,0.6289656162261963,14,G,M,F:\GENESIS Studio\genesis-studio\packages\engines-py\.pdb_cache\4MNE,A
291,ThermoMPNN,4MNE,0.5002768039703369,14,G,N,F:\GENESIS Studio\genesis-studio\packages\engines-py\.pdb_cache\4MNE,A
292,ThermoMPNN,4MNE,1.1195205450057983,14,G,P,F:\GENESIS Studio\genesis-studio\packages\engines-py\.pdb_cache\4MNE,A
293,ThermoMPNN,4MNE,0.7059201002120972,14,G,Q,F:\GENESIS Studio\genesis-studio\packages\engines-py\.pdb_cache\4MNE,A
294,ThermoMPNN,4MNE,0.7966399192810059,14,G,R,F:\GENESIS Studio\genesis-studio\packages\engines-py\.pdb_cache\4MNE,A
295,ThermoMPNN,4MNE,0.32801955938339233,14,G,S,F:\GENESIS Studio\genesis-studio\packages\engines-py\.pdb_cache\4MNE,A
296,ThermoMPNN,4MNE,0.294885516166687,14,G,T,F:\GENESIS Studio\genesis-studio\packages\engines-py\.pdb_cache\4MNE,A
297,ThermoMPNN,4MNE,0.5523256063461304,14,G,V,F:\GENESIS Studio\genesis-studio\packages\engines-py\.pdb_cache\4MNE,A
298,ThermoMPNN,4MNE,0.29143983125686646,14,G,W,F:\GENESIS Studio\genesis-studio\packages\engines-py\.pdb_cache\4MNE,A
299,ThermoMPNN,4MNE,0.30039167404174805,14,G,Y,F:\GENESIS Studio\genesis-studio\packages\engines-py\.pdb_cache\4MNE,A
300,ThermoMPNN,4MNE,0.3692607283592224,15,N,A,F:\GENESIS Studio\genesis-studio\packages\engines-py\.pdb_cache\4MNE,A
301,ThermoMPNN,4MNE,0.09014511108398438,15,N,C,F:\GENESIS Studio\genesis-studio\packages\engines-py\.pdb_cache\4MNE,A
302,ThermoMPNN,4MNE,0.2624933123588562,15,N,D,F:\GENESIS Studio\genesis-studio\packages\engines-py\.pdb_cache\4MNE,A
303,ThermoMPNN,4MNE,0.46228939294815063,15,N,E,F:\GENESIS Studio\genesis-studio\packages\engines-py\.pdb_cache\4MNE,A
304,ThermoMPNN,4MNE,0.29955488443374634,15,N,F,F:\GENESIS Studio\genesis-studio\packages\engines-py\.pdb_cache\4MNE,A
305,ThermoMPNN,4MNE,0.41204750537872314,15,N,G,F:\GENESIS Studio\genesis-studio\packages\engines-py\.pdb_cache\4MNE,A
306,ThermoMPNN,4MNE,0.22395843267440796,15,N,H,F:\GENESIS Studio\genesis-studio\packages\engines-py\.pdb_cache\4MNE,A
307,ThermoMPNN,4MNE,0.21810829639434814,15,N,I,F:\GENESIS Studio\genesis-studio\packages\engines-py\.pdb_cache\4MNE,A
308,ThermoMPNN,4MNE,0.3497328758239746,15,N,K,F:\GENESIS Studio\genesis-studio\packages\engines-py\.pdb_cache\4MNE,A
309,ThermoMPNN,4MNE,0.21958708763122559,15,N,L,F:\GENESIS Studio\genesis-studio\packages\engines-py\.pdb_cache\4MNE,A
310,ThermoMPNN,4MNE,0.38829749822616577,15,N,M,F:\GENESIS Studio\genesis-studio\packages\engines-py\.pdb_cache\4MNE,A
311,ThermoMPNN,4MNE,0.0,15,N,N,F:\GENESIS Studio\genesis-studio\packages\engines-py\.pdb_cache\4MNE,A
312,ThermoMPNN,4MNE,0.6008514165878296,15,N,P,F:\GENESIS Studio\genesis-studio\packages\engines-py\.pdb_cache\4MNE,A
313,ThermoMPNN,4MNE,0.45612484216690063,15,N,Q,F:\GENESIS Studio\genesis-studio\packages\engines-py\.pdb_cache\4MNE,A
314,ThermoMPNN,4MNE,0.35462862253189087,15,N,R,F:\GENESIS Studio\genesis-studio\packages\engines-py\.pdb_cache\4MNE,A
315,ThermoMPNN,4MNE,0.123416006565094,15,N,S,F:\GENESIS Studio\genesis-studio\packages\engines-py\.pdb_cache\4MNE,A
316,ThermoMPNN,4MNE,0.09139251708984375,15,N,T,F:\GENESIS Studio\genesis-studio\packages\engines-py\.pdb_cache\4MNE,A
317,ThermoMPNN,4MNE,0.2577856779098511,15,N,V,F:\GENESIS Studio\genesis-studio\packages\engines-py\.pdb_cache\4MNE,A
318,ThermoMPNN,4MNE,0.30520403385162354,15,N,W,F:\GENESIS Studio\genesis-studio\packages\engines-py\.pdb_cache\4MNE,A
319,ThermoMPNN,4MNE,0.2912396192550659,15,N,Y,F:\GENESIS Studio\genesis-studio\packages\engines-py\.pdb_cache\4MNE,A
320,ThermoMPNN,4MNE,0.5075193047523499,16,G,A,F:\GENESIS Studio\genesis-studio\packages\engines-py\.pdb_cache\4MNE,A
321,ThermoMPNN,4MNE,0.04398423433303833,16,G,C,F:\GENESIS Studio\genesis-studio\packages\engines-py\.pdb_cache\4MNE,A
322,ThermoMPNN,4MNE,0.6163634061813354,16,G,D,F:\GENESIS Studio\genesis-studio\packages\engines-py\.pdb_cache\4MNE,A
323,ThermoMPNN,4MNE,0.6114144921302795,16,G,E,F:\GENESIS Studio\genesis-studio\packages\engines-py\.pdb_cache\4MNE,A
324,ThermoMPNN,4MNE,0.13927841186523438,16,G,F,F:\GENESIS Studio\genesis-studio\packages\engines-py\.pdb_cache\4MNE,A
325,ThermoMPNN,4MNE,0.0,16,G,G,F:\GENESIS Studio\genesis-studio\packages\engines-py\.pdb_cache\4MNE,A
326,ThermoMPNN,4MNE,0.349828839302063,16,G,H,F:\GENESIS Studio\genesis-studio\packages\engines-py\.pdb_cache\4MNE,A
327,ThermoMPNN,4MNE,0.45835375785827637,16,G,I,F:\GENESIS Studio\genesis-studio\packages\engines-py\.pdb_cache\4MNE,A
328,ThermoMPNN,4MNE,0.6082882881164551,16,G,K,F:\GENESIS Studio\genesis-studio\packages\engines-py\.pdb_cache\4MNE,A
329,ThermoMPNN,4MNE,0.31834280490875244,16,G,L,F:\GENESIS Studio\genesis-studio\packages\engines-py\.pdb_cache\4MNE,A
330,ThermoMPNN,4MNE,0.38719725608825684,16,G,M,F:\GENESIS Studio\genesis-studio\packages\engines-py\.pdb_cache\4MNE,A
331,ThermoMPNN,4MNE,0.4322507977485657,16,G,N,F:\GENESIS Studio\genesis-studio\packages\engines-py\.pdb_cache\4MNE,A
332,ThermoMPNN,4MNE,0.960364580154419,16,G,P,F:\GENESIS Studio\genesis-studio\packages\engines-py\.pdb_cache\4MNE,A
333,ThermoMPNN,4MNE,0.5234492421150208,16,G,Q,F:\GENESIS Studio\genesis-studio\packages\engines-py\.pdb_cache\4MNE,A
334,ThermoMPNN,4MNE,0.6629658937454224,16,G,R,F:\GENESIS Studio\genesis-studio\packages\engines-py\.pdb_cache\4MNE,A
335,ThermoMPNN,4MNE,0.4108818769454956,16,G,S,F:\GENESIS Studio\genesis-studio\packages\engines-py\.pdb_cache\4MNE,A
336,ThermoMPNN,4MNE,0.2977760434150696,16,G,T,F:\GENESIS Studio\genesis-studio\packages\engines-py\.pdb_cache\4MNE,A
337,ThermoMPNN,4MNE,0.41881585121154785,16,G,V,F:\GENESIS Studio\genesis-studio\packages\engines-py\.pdb_cache\4MNE,A
338,ThermoMPNN,4MNE,0.19807058572769165,16,G,W,F:\GENESIS Studio\genesis-studio\packages\engines-py\.pdb_cache\4MNE,A
339,ThermoMPNN,4MNE,0.1733807921409607,16,G,Y,F:\GENESIS Studio\genesis-studio\packages\engines-py\.pdb_cache\4MNE,A
340,ThermoMPNN,4MNE,0.06850177049636841,17,G,A,F:\GENESIS Studio\genesis-studio\packages\engines-py\.pdb_cache\4MNE,A
341,ThermoMPNN,4MNE,-0.13436847925186157,17,G,C,F:\GENESIS Studio\genesis-studio\packages\engines-py\.pdb_cache\4MNE,A
342,ThermoMPNN,4MNE,0.5594240427017212,17,G,D,F:\GENESIS Studio\genesis-studio\packages\engines-py\.pdb_cache\4MNE,A
343,ThermoMPNN,4MNE,0.2328636646270752,17,G,E,F:\GENESIS Studio\genesis-studio\packages\engines-py\.pdb_cache\4MNE,A
344,ThermoMPNN,4MNE,-0.07681465148925781,17,G,F,F:\GENESIS Studio\genesis-studio\packages\engines-py\.pdb_cache\4MNE,A
345,ThermoMPNN,4MNE,0.0,17,G,G,F:\GENESIS Studio\genesis-studio\packages\engines-py\.pdb_cache\4MNE,A
346,ThermoMPNN,4MNE,0.39792364835739136,17,G,H,F:\GENESIS Studio\genesis-studio\packages\engines-py\.pdb_cache\4MNE,A
347,ThermoMPNN,4MNE,0.06827586889266968,17,G,I,F:\GENESIS Studio\genesis-studio\packages\engines-py\.pdb_cache\4MNE,A
348,ThermoMPNN,4MNE,0.6878300309181213,17,G,K,F:\GENESIS Studio\genesis-studio\packages\engines-py\.pdb_cache\4MNE,A
349,ThermoMPNN,4MNE,0.29631441831588745,17,G,L,F:\GENESIS Studio\genesis-studio\packages\engines-py\.pdb_cache\4MNE,A
350,ThermoMPNN,4MNE,0.2573687434196472,17,G,M,F:\GENESIS Studio\genesis-studio\packages\engines-py\.pdb_cache\4MNE,A
351,ThermoMPNN,4MNE,0.6330986022949219,17,G,N,F:\GENESIS Studio\genesis-studio\packages\engines-py\.pdb_cache\4MNE,A
352,ThermoMPNN,4MNE,1.3970563411712646,17,G,P,F:\GENESIS Studio\genesis-studio\packages\engines-py\.pdb_cache\4MNE,A
353,ThermoMPNN,4MNE,0.507423460483551,17,G,Q,F:\GENESIS Studio\genesis-studio\packages\engines-py\.pdb_cache\4MNE,A
354,ThermoMPNN,4MNE,0.6548267006874084,17,G,R,F:\GENESIS Studio\genesis-studio\packages\engines-py\.pdb_cache\4MNE,A
355,ThermoMPNN,4MNE,0.4090760350227356,17,G,S,F:\GENESIS Studio\genesis-studio\packages\engines-py\.pdb_cache\4MNE,A
356,ThermoMPNN,4MNE,0.35677796602249146,17,G,T,F:\GENESIS Studio\genesis-studio\packages\engines-py\.pdb_cache\4MNE,A
357,ThermoMPNN,4MNE,-0.07944321632385254,17,G,V,F:\GENESIS Studio\genesis-studio\packages\engines-py\.pdb_cache\4MNE,A
358,ThermoMPNN,4MNE,-0.10329413414001465,17,G,W,F:\GENESIS Studio\genesis-studio\packages\engines-py\.pdb_cache\4MNE,A
359,ThermoMPNN,4MNE,-0.2977774739265442,17,G,Y,F:\GENESIS Studio\genesis-studio\packages\engines-py\.pdb_cache\4MNE,A
360,ThermoMPNN,4MNE,1.0010181665420532,18,V,A,F:\GENESIS Studio\genesis-studio\packages\engines-py\.pdb_cache\4MNE,A
361,ThermoMPNN,4MNE,0.31294023990631104,18,V,C,F:\GENESIS Studio\genesis-studio\packages\engines-py\.pdb_cache\4MNE,A
362,ThermoMPNN,4MNE,1.8140063285827637,18,V,D,F:\GENESIS Studio\genesis-studio\packages\engines-py\.pdb_cache\4MNE,A
363,ThermoMPNN,4MNE,1.2725281715393066,18,V,E,F:\GENESIS Studio\genesis-studio\packages\engines-py\.pdb_cache\4MNE,A
364,ThermoMPNN,4MNE,0.850555956363678,18,V,F,F:\GENESIS Studio\genesis-studio\packages\engines-py\.pdb_cache\4MNE,A
365,ThermoMPNN,4MNE,1.5095133781433105,18,V,G,F:\GENESIS Studio\genesis-studio\packages\engines-py\.pdb_cache\4MNE,A
366,ThermoMPNN,4MNE,0.7736986875534058,18,V,H,F:\GENESIS Studio\genesis-studio\packages\engines-py\.pdb_cache\4MNE,A
367,ThermoMPNN,4MNE,-0.08466100692749023,18,V,I,F:\GENESIS Studio\genesis-studio\packages\engines-py\.pdb_cache\4MNE,A
368,ThermoMPNN,4MNE,0.33797144889831543,18,V,K,F:\GENESIS Studio\genesis-studio\packages\engines-py\.pdb_cache\4MNE,A
369,ThermoMPNN,4MNE,0.5603495836257935,18,V,L,F:\GENESIS Studio\genesis-studio\packages\engines-py\.pdb_cache\4MNE,A
370,ThermoMPNN,4MNE,0.5879325270652771,18,V,M,F:\GENESIS Studio\genesis-studio\packages\engines-py\.pdb_cache\4MNE,A
371,ThermoMPNN,4MNE,1.0469202995300293,18,V,N,F:\GENESIS Studio\genesis-studio\packages\engines-py\.pdb_cache\4MNE,A
372,ThermoMPNN,4MNE,2.4873452186584473,18,V,P,F:\GENESIS Studio\genesis-studio\packages\engines-py\.pdb_cache\4MNE,A
373,ThermoMPNN,4MNE,0.6872888803482056,18,V,Q,F:\GENESIS Studio\genesis-studio\packages\engines-py\.pdb_cache\4MNE,A
374,ThermoMPNN,4MNE,0.2772026062011719,18,V,R,F:\GENESIS Studio\genesis-studio\packages\engines-py\.pdb_cache\4MNE,A
375,ThermoMPNN,4MNE,0.8318326473236084,18,V,S,F:\GENESIS Studio\genesis-studio\packages\engines-py\.pdb_cache\4MNE,A
376,ThermoMPNN,4MNE,0.2970665693283081,18,V,T,F:\GENESIS Studio\genesis-studio\packages\engines-py\.pdb_cache\4MNE,A
377,ThermoMPNN,4MNE,0.0,18,V,V,F:\GENESIS Studio\genesis-studio\packages\engines-py\.pdb_cache\4MNE,A
378,ThermoMPNN,4MNE,1.012498378753662,18,V,W,F:\GENESIS Studio\genesis-studio\packages\engines-py\.pdb_cache\4MNE,A
379,ThermoMPNN,4MNE,0.8306165933609009,18,V,Y,F:\GENESIS Studio\genesis-studio\packages\engines-py\.pdb_cache\4MNE,A
380,ThermoMPNN,4MNE,0.8922756910324097,19,V,A,F:\GENESIS Studio\genesis-studio\packages\engines-py\.pdb_cache\4MNE,A
381,ThermoMPNN,4MNE,0.5885851383209229,19,V,C,F:\GENESIS Studio\genesis-studio\packages\engines-py\.pdb_cache\4MNE,A
382,ThermoMPNN,4MNE,1.4526710510253906,19,V,D,F:\GENESIS Studio\genesis-studio\packages\engines-py\.pdb_cache\4MNE,A
383,ThermoMPNN,4MNE,1.2664841413497925,19,V,E,F:\GENESIS Studio\genesis-studio\packages\engines-py\.pdb_cache\4MNE,A
384,ThermoMPNN,4MNE,0.7291181087493896,19,V,F,F:\GENESIS Studio\genesis-studio\packages\engines-py\.pdb_cache\4MNE,A
385,ThermoMPNN,4MNE,1.584080696105957,19,V,G,F:\GENESIS Studio\genesis-studio\packages\engines-py\.pdb_cache\4MNE,A
386,ThermoMPNN,4MNE,1.2510477304458618,19,V,H,F:\GENESIS Studio\genesis-studio\packages\engines-py\.pdb_cache\4MNE,A
387,ThermoMPNN,4MNE,-0.07345271110534668,19,V,I,F:\GENESIS Studio\genesis-studio\packages\engines-py\.pdb_cache\4MNE,A
388,ThermoMPNN,4MNE,1.5160484313964844,19,V,K,F:\GENESIS Studio\genesis-studio\packages\engines-py\.pdb_cache\4MNE,A
389,ThermoMPNN,4MNE,0.1984647512435913,19,V,L,F:\GENESIS Studio\genesis-studio\packages\engines-py\.pdb_cache\4MNE,A
390,ThermoMPNN,4MNE,0.7073217034339905,19,V,M,F:\GENESIS Studio\genesis-studio\packages\engines-py\.pdb_cache\4MNE,A
391,ThermoMPNN,4MNE,1.4507780075073242,19,V,N,F:\GENESIS Studio\genesis-studio\packages\engines-py\.pdb_cache\4MNE,A
392,ThermoMPNN,4MNE,2.070927858352661,19,V,P,F:\GENESIS Studio\genesis-studio\packages\engines-py\.pdb_cache\4MNE,A
393,ThermoMPNN,4MNE,1.4002059698104858,19,V,Q,F:\GENESIS Studio\genesis-studio\packages\engines-py\.pdb_cache\4MNE,A
394,ThermoMPNN,4MNE,1.463963270187378,19,V,R,F:\GENESIS Studio\genesis-studio\packages\engines-py\.pdb_cache\4MNE,A
395,ThermoMPNN,4MNE,1.2896528244018555,19,V,S,F:\GENESIS Studio\genesis-studio\packages\engines-py\.pdb_cache\4MNE,A
396,ThermoMPNN,4MNE,0.7675405740737915,19,V,T,F:\GENESIS Studio\genesis-studio\packages\engines-py\.pdb_cache\4MNE,A
397,ThermoMPNN,4MNE,0.0,19,V,V,F:\GENESIS Studio\genesis-studio\packages\engines-py\.pdb_cache\4MNE,A
398,ThermoMPNN,4MNE,0.8168906569480896,19,V,W,F:\GENESIS Studio\genesis-studio\packages\engines-py\.pdb_cache\4MNE,A
399,ThermoMPNN,4MNE,0.7367590069770813,19,V,Y,F:\GENESIS Studio\genesis-studio\packages\engines-py\.pdb_cache\4MNE,A
400,ThermoMPNN,4MNE,1.9141794443130493,20,F,A,F:\GENESIS Studio\genesis-studio\packages\engines-py\.pdb_cache\4MNE,A
401,ThermoMPNN,4MNE,0.667658805847168,20,F,C,F:\GENESIS Studio\genesis-studio\packages\engines-py\.pdb_cache\4MNE,A
402,ThermoMPNN,4MNE,2.089691638946533,20,F,D,F:\GENESIS Studio\genesis-studio\packages\engines-py\.pdb_cache\4MNE,A
403,ThermoMPNN,4MNE,1.581276535987854,20,F,E,F:\GENESIS Studio\genesis-studio\packages\engines-py\.pdb_cache\4MNE,A
404,ThermoMPNN,4MNE,0.0,20,F,F,F:\GENESIS Studio\genesis-studio\packages\engines-py\.pdb_cache\4MNE,A
405,ThermoMPNN,4MNE,2.593759059906006,20,F,G,F:\GENESIS Studio\genesis-studio\packages\engines-py\.pdb_cache\4MNE,A
406,ThermoMPNN,4MNE,1.1992323398590088,20,F,H,F:\GENESIS Studio\genesis-studio\packages\engines-py\.pdb_cache\4MNE,A
407,ThermoMPNN,4MNE,0.85906982421875,20,F,I,F:\GENESIS Studio\genesis-studio\packages\engines-py\.pdb_cache\4MNE,A
408,ThermoMPNN,4MNE,1.8735864162445068,20,F,K,F:\GENESIS Studio\genesis-studio\packages\engines-py\.pdb_cache\4MNE,A
409,ThermoMPNN,4MNE,0.7869718074798584,20,F,L,F:\GENESIS Studio\genesis-studio\packages\engines-py\.pdb_cache\4MNE,A
410,ThermoMPNN,4MNE,0.9760851860046387,20,F,M,F:\GENESIS Studio\genesis-studio\packages\engines-py\.pdb_cache\4MNE,A
411,ThermoMPNN,4MNE,1.8543469905853271,20,F,N,F:\GENESIS Studio\genesis-studio\packages\engines-py\.pdb_cache\4MNE,A
412,ThermoMPNN,4MNE,2.8058910369873047,20,F,P,F:\GENESIS Studio\genesis-studio\packages\engines-py\.pdb_cache\4MNE,A
413,ThermoMPNN,4MNE,1.6451921463012695,20,F,Q,F:\GENESIS Studio\genesis-studio\packages\engines-py\.pdb_cache\4MNE,A
414,ThermoMPNN,4MNE,1.7943406105041504,20,F,R,F:\GENESIS Studio\genesis-studio\packages\engines-py\.pdb_cache\4MNE,A
415,ThermoMPNN,4MNE,1.8604265451431274,20,F,S,F:\GENESIS Studio\genesis-studio\packages\engines-py\.pdb_cache\4MNE,A
416,ThermoMPNN,4MNE,1.4985467195510864,20,F,T,F:\GENESIS Studio\genesis-studio\packages\engines-py\.pdb_cache\4MNE,A
417,ThermoMPNN,4MNE,0.9941680431365967,20,F,V,F:\GENESIS Studio\genesis-studio\packages\engines-py\.pdb_cache\4MNE,A
418,ThermoMPNN,4MNE,-0.13210105895996094,20,F,W,F:\GENESIS Studio\genesis-studio\packages\engines-py\.pdb_cache\4MNE,A
419,ThermoMPNN,4MNE,-0.15981674194335938,20,F,Y,F:\GENESIS Studio\genesis-studio\packages\engines-py\.pdb_cache\4MNE,A
420,ThermoMPNN,4MNE,0.9876217246055603,21,K,A,F:\GENESIS Studio\genesis-studio\packages\engines-py\.pdb_cache\4MNE,A
421,ThermoMPNN,4MNE,0.3701481819152832,21,K,C,F:\GENESIS Studio\genesis-studio\packages\engines-py\.pdb_cache\4MNE,A
422,ThermoMPNN,4MNE,2.862658739089966,21,K,D,F:\GENESIS Studio\genesis-studio\packages\engines-py\.pdb_cache\4MNE,A
423,ThermoMPNN,4MNE,0.7823325991630554,21,K,E,F:\GENESIS Studio\genesis-studio\packages\engines-py\.pdb_cache\4MNE,A
424,ThermoMPNN,4MNE,0.6896918416023254,21,K,F,F:\GENESIS Studio\genesis-studio\packages\engines-py\.pdb_cache\4MNE,A
425,ThermoMPNN,4MNE,2.1998960971832275,21,K,G,F:\GENESIS Studio\genesis-studio\packages\engines-py\.pdb_cache\4MNE,A
426,ThermoMPNN,4MNE,0.9690597057342529,21,K,H,F:\GENESIS Studio\genesis-studio\packages\engines-py\.pdb_cache\4MNE,A
427,ThermoMPNN,4MNE,0.5529861450195312,21,K,I,F:\GENESIS Studio\genesis-studio\packages\engines-py\.pdb_cache\4MNE,A
428,ThermoMPNN,4MNE,0.0,21,K,K,F:\GENESIS Studio\genesis-studio\packages\engines-py\.pdb_cache\4MNE,A
429,ThermoMPNN,4MNE,0.33959221839904785,21,K,L,F:\GENESIS Studio\genesis-studio\packages\engines-py\.pdb_cache\4MNE,A
430,ThermoMPNN,4MNE,0.4012444019317627,21,K,M,F:\GENESIS Studio\genesis-studio\packages\engines-py\.pdb_cache\4MNE,A
431,ThermoMPNN,4MNE,1.8798952102661133,21,K,N,F:\GENESIS Studio\genesis-studio\packages\engines-py\.pdb_cache\4MNE,A
432,ThermoMPNN,4MNE,3.0235378742218018,21,K,P,F:\GENESIS Studio\genesis-studio\packages\engines-py\.pdb_cache\4MNE,A
433,ThermoMPNN,4MNE,0.2889583110809326,21,K,Q,F:\GENESIS Studio\genesis-studio\packages\engines-py\.pdb_cache\4MNE,A
434,ThermoMPNN,4MNE,0.06477665901184082,21,K,R,F:\GENESIS Studio\genesis-studio\packages\engines-py\.pdb_cache\4MNE,A
435,ThermoMPNN,4MNE,1.42495596408844,21,K,S,F:\GENESIS Studio\genesis-studio\packages\engines-py\.pdb_cache\4MNE,A
436,ThermoMPNN,4MNE,1.2490832805633545,21,K,T,F:\GENESIS Studio\genesis-studio\packages\engines-py\.pdb_cache\4MNE,A
437,ThermoMPNN,4MNE,0.3807377815246582,21,K,V,F:\GENESIS Studio\genesis-studio\packages\engines-py\.pdb_cache\4MNE,A
438,ThermoMPNN,4MNE,0.8821222186088562,21,K,W,F:\GENESIS Studio\genesis-studio\packages\engines-py\.pdb_cache\4MNE,A
439,ThermoMPNN,4MNE,0.7533338665962219,21,K,Y,F:\GENESIS Studio\genesis-studio\packages\engines-py\.pdb_cache\4MNE,A
440,ThermoMPNN,4MNE,1.5420544147491455,22,V,A,F:\GENESIS Studio\genesis-studio\packages\engines-py\.pdb_cache\4MNE,A
441,ThermoMPNN,4MNE,0.32654380798339844,22,V,C,F:\GENESIS Studio\genesis-studio\packages\engines-py\.pdb_cache\4MNE,A
442,ThermoMPNN,4MNE,3.4762256145477295,22,V,D,F:\GENESIS Studio\genesis-studio\packages\engines-py\.pdb_cache\4MNE,A
443,ThermoMPNN,4MNE,2.5860447883605957,22,V,E,F:\GENESIS Studio\genesis-studio\packages\engines-py\.pdb_cache\4MNE,A
444,ThermoMPNN,4MNE,0.8664408922195435,22,V,F,F:\GENESIS Studio\genesis-studio\packages\engines-py\.pdb_cache\4MNE,A
445,ThermoMPNN,4MNE,2.4937117099761963,22,V,G,F:\GENESIS Studio\genesis-studio\packages\engines-py\.pdb_cache\4MNE,A
446,ThermoMPNN,4MNE,2.4269707202911377,22,V,H,F:\GENESIS Studio\genesis-studio\packages\engines-py\.pdb_cache\4MNE,A
447,ThermoMPNN,4MNE,0.6604974269866943,22,V,I,F:\GENESIS Studio\genesis-studio\packages\engines-py\.pdb_cache\4MNE,A
448,ThermoMPNN,4MNE,3.1539971828460693,22,V,K,F:\GENESIS Studio\genesis-studio\packages\engines-py\.pdb_cache\4MNE,A
449,ThermoMPNN,4MNE,0.9027009010314941,22,V,L,F:\GENESIS Studio\genesis-studio\packages\engines-py\.pdb_cache\4MNE,A
450,ThermoMPNN,4MNE,0.8827118873596191,22,V,M,F:\GENESIS Studio\genesis-studio\packages\engines-py\.pdb_cache\4MNE,A
451,ThermoMPNN,4MNE,2.988654375076294,22,V,N,F:\GENESIS Studio\genesis-studio\packages\engines-py\.pdb_cache\4MNE,A
452,ThermoMPNN,4MNE,3.75835919380188,22,V,P,F:\GENESIS Studio\genesis-studio\packages\engines-py\.pdb_cache\4MNE,A
453,ThermoMPNN,4MNE,2.6799936294555664,22,V,Q,F:\GENESIS Studio\genesis-studio\packages\engines-py\.pdb_cache\4MNE,A
454,ThermoMPNN,4MNE,2.8676364421844482,22,V,R,F:\GENESIS Studio\genesis-studio\packages\engines-py\.pdb_cache\4MNE,A
455,ThermoMPNN,4MNE,2.360358953475952,22,V,S,F:\GENESIS Studio\genesis-studio\packages\engines-py\.pdb_cache\4MNE,A
456,ThermoMPNN,4MNE,1.9149965047836304,22,V,T,F:\GENESIS Studio\genesis-studio\packages\engines-py\.pdb_cache\4MNE,A
457,ThermoMPNN,4MNE,0.0,22,V,V,F:\GENESIS Studio\genesis-studio\packages\engines-py\.pdb_cache\4MNE,A
458,ThermoMPNN,4MNE,0.9833459854125977,22,V,W,F:\GENESIS Studio\genesis-studio\packages\engines-py\.pdb_cache\4MNE,A
459,ThermoMPNN,4MNE,1.1251778602600098,22,V,Y,F:\GENESIS Studio\genesis-studio\packages\engines-py\.pdb_cache\4MNE,A
460,ThermoMPNN,4MNE,0.568696141242981,23,S,A,F:\GENESIS Studio\genesis-studio\packages\engines-py\.pdb_cache\4MNE,A
461,ThermoMPNN,4MNE,-0.3430612087249756,23,S,C,F:\GENESIS Studio\genesis-studio\packages\engines-py\.pdb_cache\4MNE,A
462,ThermoMPNN,4MNE,1.4717154502868652,23,S,D,F:\GENESIS Studio\genesis-studio\packages\engines-py\.pdb_cache\4MNE,A
463,ThermoMPNN,4MNE,0.9845937490463257,23,S,E,F:\GENESIS Studio\genesis-studio\packages\engines-py\.pdb_cache\4MNE,A
464,ThermoMPNN,4MNE,-0.3405001759529114,23,S,F,F:\GENESIS Studio\genesis-studio\packages\engines-py\.pdb_cache\4MNE,A
465,ThermoMPNN,4MNE,1.1231321096420288,23,S,G,F:\GENESIS Studio\genesis-studio\packages\engines-py\.pdb_cache\4MNE,A
466,ThermoMPNN,4MNE,-0.013182103633880615,23,S,H,F:\GENESIS Studio\genesis-studio\packages\engines-py\.pdb_cache\4MNE,A
467,ThermoMPNN,4MNE,-0.9085778594017029,23,S,I,F:\GENESIS Studio\genesis-studio\packages\engines-py\.pdb_cache\4MNE,A
468,ThermoMPNN,4MNE,-0.5658497214317322,23,S,K,F:\GENESIS Studio\genesis-studio\packages\engines-py\.pdb_cache\4MNE,A
469,ThermoMPNN,4MNE,-0.14796316623687744,23,S,L,F:\GENESIS Studio\genesis-studio\packages\engines-py\.pdb_cache\4MNE,A
470,ThermoMPNN,4MNE,-0.24772882461547852,23,S,M,F:\GENESIS Studio\genesis-studio\packages\engines-py\.pdb_cache\4MNE,A
471,ThermoMPNN,4MNE,0.4449276924133301,23,S,N,F:\GENESIS Studio\genesis-studio\packages\engines-py\.pdb_cache\4MNE,A
472,ThermoMPNN,4MNE,1.3826185464859009,23,S,P,F:\GENESIS Studio\genesis-studio\packages\engines-py\.pdb_cache\4MNE,A
473,ThermoMPNN,4MNE,0.26120153069496155,23,S,Q,F:\GENESIS Studio\genesis-studio\packages\engines-py\.pdb_cache\4MNE,A
474,ThermoMPNN,4MNE,-0.8601630330085754,23,S,R,F:\GENESIS Studio\genesis-studio\packages\engines-py\.pdb_cache\4MNE,A
475,ThermoMPNN,4MNE,0.0,23,S,S,F:\GENESIS Studio\genesis-studio\packages\engines-py\.pdb_cache\4MNE,A
476,ThermoMPNN,4MNE,-0.5785735249519348,23,S,T,F:\GENESIS Studio\genesis-studio\packages\engines-py\.pdb_cache\4MNE,A
477,ThermoMPNN,4MNE,-0.5672984719276428,23,S,V,F:\GENESIS Studio\genesis-studio\packages\engines-py\.pdb_cache\4MNE,A
478,ThermoMPNN,4MNE,-0.4960443377494812,23,S,W,F:\GENESIS Studio\genesis-studio\packages\engines-py\.pdb_cache\4MNE,A
479,ThermoMPNN,4MNE,-0.45952528715133667,23,S,Y,F:\GENESIS Studio\genesis-studio\packages\engines-py\.pdb_cache\4MNE,A
480,ThermoMPNN,4MNE,2.0511393547058105,24,H,A,F:\GENESIS Studio\genesis-studio\packages\engines-py\.pdb_cache\4MNE,A
481,ThermoMPNN,4MNE,1.0400992631912231,24,H,C,F:\GENESIS Studio\genesis-studio\packages\engines-py\.pdb_cache\4MNE,A
482,ThermoMPNN,4MNE,2.898728132247925,24,H,D,F:\GENESIS Studio\genesis-studio\packages\engines-py\.pdb_cache\4MNE,A
483,ThermoMPNN,4MNE,2.217824697494507,24,H,E,F:\GENESIS Studio\genesis-studio\packages\engines-py\.pdb_cache\4MNE,A
484,ThermoMPNN,4MNE,0.4288315773010254,24,H,F,F:\GENESIS Studio\genesis-studio\packages\engines-py\.pdb_cache\4MNE,A
485,ThermoMPNN,4MNE,2.5329718589782715,24,H,G,F:\GENESIS Studio\genesis-studio\packages\engines-py\.pdb_cache\4MNE,A
486,ThermoMPNN,4MNE,0.0,24,H,H,F:\GENESIS Studio\genesis-studio\packages\engines-py\.pdb_cache\4MNE,A
487,ThermoMPNN,4MNE,0.9745354056358337,24,H,I,F:\GENESIS Studio\genesis-studio\packages\engines-py\.pdb_cache\4MNE,A
488,ThermoMPNN,4MNE,1.71309494972229,24,H,K,F:\GENESIS Studio\genesis-studio\packages\engines-py\.pdb_cache\4MNE,A
489,ThermoMPNN,4MNE,0.9314714670181274,24,H,L,F:\GENESIS Studio\genesis-studio\packages\engines-py\.pdb_cache\4MNE,A
490,ThermoMPNN,4MNE,1.1348001956939697,24,H,M,F:\GENESIS Studio\genesis-studio\packages\engines-py\.pdb_cache\4MNE,A
491,ThermoMPNN,4MNE,1.769610047340393,24,H,N,F:\GENESIS Studio\genesis-studio\packages\engines-py\.pdb_cache\4MNE,A
492,ThermoMPNN,4MNE,2.0932819843292236,24,H,P,F:\GENESIS Studio\genesis-studio\packages\engines-py\.pdb_cache\4MNE,A
493,ThermoMPNN,4MNE,1.5767772197723389,24,H,Q,F:\GENESIS Studio\genesis-studio\packages\engines-py\.pdb_cache\4MNE,A
494,ThermoMPNN,4MNE,1.4843252897262573,24,H,R,F:\GENESIS Studio\genesis-studio\packages\engines-py\.pdb_cache\4MNE,A
495,ThermoMPNN,4MNE,2.2077386379241943,24,H,S,F:\GENESIS Studio\genesis-studio\packages\engines-py\.pdb_cache\4MNE,A
496,ThermoMPNN,4MNE,2.3586673736572266,24,H,T,F:\GENESIS Studio\genesis-studio\packages\engines-py\.pdb_cache\4MNE,A
497,ThermoMPNN,4MNE,1.368109941482544,24,H,V,F:\GENESIS Studio\genesis-studio\packages\engines-py\.pdb_cache\4MNE,A
498,ThermoMPNN,4MNE,0.3869084119796753,24,H,W,F:\GENESIS Studio\genesis-studio\packages\engines-py\.pdb_cache\4MNE,A
499,ThermoMPNN,4MNE,-0.6925315856933594,24,H,Y,F:\GENESIS Studio\genesis-studio\packages\engines-py\.pdb_cache\4MNE,A
500,ThermoMPNN,4MNE,1.4313960075378418,25,K,A,F:\GENESIS Studio\genesis-studio\packages\engines-py\.pdb_cache\4MNE,A
501,ThermoMPNN,4MNE,0.6162060499191284,25,K,C,F:\GENESIS Studio\genesis-studio\packages\engines-py\.pdb_cache\4MNE,A
502,ThermoMPNN,4MNE,2.604874849319458,25,K,D,F:\GENESIS Studio\genesis-studio\packages\engines-py\.pdb_cache\4MNE,A
503,ThermoMPNN,4MNE,2.047179937362671,25,K,E,F:\GENESIS Studio\genesis-studio\packages\engines-py\.pdb_cache\4MNE,A
504,ThermoMPNN,4MNE,0.8351422548294067,25,K,F,F:\GENESIS Studio\genesis-studio\packages\engines-py\.pdb_cache\4MNE,A
505,ThermoMPNN,4MNE,2.0115857124328613,25,K,G,F:\GENESIS Studio\genesis-studio\packages\engines-py\.pdb_cache\4MNE,A
506,ThermoMPNN,4MNE,1.259263038635254,25,K,H,F:\GENESIS Studio\genesis-studio\packages\engines-py\.pdb_cache\4MNE,A
507,ThermoMPNN,4MNE,-0.33905982971191406,25,K,I,F:\GENESIS Studio\genesis-studio\packages\engines-py\.pdb_cache\4MNE,A
508,ThermoMPNN,4MNE,0.0,25,K,K,F:\GENESIS Studio\genesis-studio\packages\engines-py\.pdb_cache\4MNE,A
509,ThermoMPNN,4MNE,0.47037267684936523,25,K,L,F:\GENESIS Studio\genesis-studio\packages\engines-py\.pdb_cache\4MNE,A
510,ThermoMPNN,4MNE,0.5941898822784424,25,K,M,F:\GENESIS Studio\genesis-studio\packages\engines-py\.pdb_cache\4MNE,A
511,ThermoMPNN,4MNE,1.6081430912017822,25,K,N,F:\GENESIS Studio\genesis-studio\packages\engines-py\.pdb_cache\4MNE,A
512,ThermoMPNN,4MNE,1.9870190620422363,25,K,P,F:\GENESIS Studio\genesis-studio\packages\engines-py\.pdb_cache\4MNE,A
513,ThermoMPNN,4MNE,0.9667965769767761,25,K,Q,F:\GENESIS Studio\genesis-studio\packages\engines-py\.pdb_cache\4MNE,A
514,ThermoMPNN,4MNE,0.0924825668334961,25,K,R,F:\GENESIS Studio\genesis-studio\packages\engines-py\.pdb_cache\4MNE,A
515,ThermoMPNN,4MNE,1.2812646627426147,25,K,S,F:\GENESIS Studio\genesis-studio\packages\engines-py\.pdb_cache\4MNE,A
516,ThermoMPNN,4MNE,0.893824577331543,25,K,T,F:\GENESIS Studio\genesis-studio\packages\engines-py\.pdb_cache\4MNE,A
517,ThermoMPNN,4MNE,0.28421878814697266,25,K,V,F:\GENESIS Studio\genesis-studio\packages\engines-py\.pdb_cache\4MNE,A
518,ThermoMPNN,4MNE,1.54193115234375,25,K,W,F:\GENESIS Studio\genesis-studio\packages\engines-py\.pdb_cache\4MNE,A
519,ThermoMPNN,4MNE,1.1010644435882568,25,K,Y,F:\GENESIS Studio\genesis-studio\packages\engines-py\.pdb_cache\4MNE,A
520,ThermoMPNN,4MNE,0.28067123889923096,26,P,A,F:\GENESIS Studio\genesis-studio\packages\engines-py\.pdb_cache\4MNE,A
521,ThermoMPNN,4MNE,0.256625235080719,26,P,C,F:\GENESIS Studio\genesis-studio\packages\engines-py\.pdb_cache\4MNE,A
522,ThermoMPNN,4MNE,0.5349037647247314,26,P,D,F:\GENESIS Studio\genesis-studio\packages\engines-py\.pdb_cache\4MNE,A
523,ThermoMPNN,4MNE,0.5166507363319397,26,P,E,F:\GENESIS Studio\genesis-studio\packages\engines-py\.pdb_cache\4MNE,A
524,ThermoMPNN,4MNE,0.5482876300811768,26,P,F,F:\GENESIS Studio\genesis-studio\packages\engines-py\.pdb_cache\4MNE,A
525,ThermoMPNN,4MNE,0.510044276714325,26,P,G,F:\GENESIS Studio\genesis-studio\packages\engines-py\.pdb_cache\4MNE,A
526,ThermoMPNN,4MNE,0.4576985836029053,26,P,H,F:\GENESIS Studio\genesis-studio\packages\engines-py\.pdb_cache\4MNE,A
527,ThermoMPNN,4MNE,0.4321707487106323,26,P,I,F:\GENESIS Studio\genesis-studio\packages\engines-py\.pdb_cache\4MNE,A
528,ThermoMPNN,4MNE,0.20773643255233765,26,P,K,F:\GENESIS Studio\genesis-studio\packages\engines-py\.pdb_cache\4MNE,A
529,ThermoMPNN,4MNE,0.3857789635658264,26,P,L,F:\GENESIS Studio\genesis-studio\packages\engines-py\.pdb_cache\4MNE,A
530,ThermoMPNN,4MNE,0.4380437135696411,26,P,M,F:\GENESIS Studio\genesis-studio\packages\engines-py\.pdb_cache\4MNE,A
531,ThermoMPNN,4MNE,0.39235472679138184,26,P,N,F:\GENESIS Studio\genesis-studio\packages\engines-py\.pdb_cache\4MNE,A
532,ThermoMPNN,4MNE,0.0,26,P,P,F:\GENESIS Studio\genesis-studio\packages\engines-py\.pdb_cache\4MNE,A
533,ThermoMPNN,4MNE,0.33705174922943115,26,P,Q,F:\GENESIS Studio\genesis-studio\packages\engines-py\.pdb_cache\4MNE,A
534,ThermoMPNN,4MNE,0.30834341049194336,26,P,R,F:\GENESIS Studio\genesis-studio\packages\engines-py\.pdb_cache\4MNE,A
535,ThermoMPNN,4MNE,0.28363388776779175,26,P,S,F:\GENESIS Studio\genesis-studio\packages\engines-py\.pdb_cache\4MNE,A
536,ThermoMPNN,4MNE,0.30824220180511475,26,P,T,F:\GENESIS Studio\genesis-studio\packages\engines-py\.pdb_cache\4MNE,A
537,ThermoMPNN,4MNE,0.46031326055526733,26,P,V,F:\GENESIS Studio\genesis-studio\packages\engines-py\.pdb_cache\4MNE,A
538,ThermoMPNN,4MNE,0.6164487600326538,26,P,W,F:\GENESIS Studio\genesis-studio\packages\engines-py\.pdb_cache\4MNE,A
539,ThermoMPNN,4MNE,0.5283442735671997,26,P,Y,F:\GENESIS Studio\genesis-studio\packages\engines-py\.pdb_cache\4MNE,A
540,ThermoMPNN,4MNE,1.3294005393981934,27,S,A,F:\GENESIS Studio\genesis-studio\packages\engines-py\.pdb_cache\4MNE,A
541,ThermoMPNN,4MNE,0.6303951740264893,27,S,C,F:\GENESIS Studio\genesis-studio\packages\engines-py\.pdb_cache\4MNE,A
542,ThermoMPNN,4MNE,0.7405058145523071,27,S,D,F:\GENESIS Studio\genesis-studio\packages\engines-py\.pdb_cache\4MNE,A
543,ThermoMPNN,4MNE,1.4408035278320312,27,S,E,F:\GENESIS Studio\genesis-studio\packages\engines-py\.pdb_cache\4MNE,A
544,ThermoMPNN,4MNE,1.1415036916732788,27,S,F,F:\GENESIS Studio\genesis-studio\packages\engines-py\.pdb_cache\4MNE,A
545,ThermoMPNN,4MNE,1.029658317565918,27,S,G,F:\GENESIS Studio\genesis-studio\packages\engines-py\.pdb_cache\4MNE,A
546,ThermoMPNN,4MNE,1.106889009475708,27,S,H,F:\GENESIS Studio\genesis-studio\packages\engines-py\.pdb_cache\4MNE,A
547,ThermoMPNN,4MNE,1.469233751296997,27,S,I,F:\GENESIS Studio\genesis-studio\packages\engines-py\.pdb_cache\4MNE,A
548,ThermoMPNN,4MNE,1.4105323553085327,27,S,K,F:\GENESIS Studio\genesis-studio\packages\engines-py\.pdb_cache\4MNE,A
549,ThermoMPNN,4MNE,1.2752549648284912,27,S,L,F:\GENESIS Studio\genesis-studio\packages\engines-py\.pdb_cache\4MNE,A
550,ThermoMPNN,4MNE,1.2243988513946533,27,S,M,F:\GENESIS Studio\genesis-studio\packages\engines-py\.pdb_cache\4MNE,A
551,ThermoMPNN,4MNE,0.4223768711090088,27,S,N,F:\GENESIS Studio\genesis-studio\packages\engines-py\.pdb_cache\4MNE,A
552,ThermoMPNN,4MNE,2.217642068862915,27,S,P,F:\GENESIS Studio\genesis-studio\packages\engines-py\.pdb_cache\4MNE,A
553,ThermoMPNN,4MNE,1.2651485204696655,27,S,Q,F:\GENESIS Studio\genesis-studio\packages\engines-py\.pdb_cache\4MNE,A
554,ThermoMPNN,4MNE,1.4111659526824951,27,S,R,F:\GENESIS Studio\genesis-studio\packages\engines-py\.pdb_cache\4MNE,A
555,ThermoMPNN,4MNE,0.0,27,S,S,F:\GENESIS Studio\genesis-studio\packages\engines-py\.pdb_cache\4MNE,A
556,ThermoMPNN,4MNE,-0.10262930393218994,27,S,T,F:\GENESIS Studio\genesis-studio\packages\engines-py\.pdb_cache\4MNE,A
557,ThermoMPNN,4MNE,1.4613556861877441,27,S,V,F:\GENESIS Studio\genesis-studio\packages\engines-py\.pdb_cache\4MNE,A
558,ThermoMPNN,4MNE,1.0496530532836914,27,S,W,F:\GENESIS Studio\genesis-studio\packages\engines-py\.pdb_cache\4MNE,A
559,ThermoMPNN,4MNE,1.1908419132232666,27,S,Y,F:\GENESIS Studio\genesis-studio\packages\engines-py\.pdb_cache\4MNE,A
560,ThermoMPNN,4MNE,1.6230193376541138,28,G,A,F:\GENESIS Studio\genesis-studio\packages\engines-py\.pdb_cache\4MNE,A
561,ThermoMPNN,4MNE,0.7630835771560669,28,G,C,F:\GENESIS Studio\genesis-studio\packages\engines-py\.pdb_cache\4MNE,A
562,ThermoMPNN,4MNE,1.7365831136703491,28,G,D,F:\GENESIS Studio\genesis-studio\packages\engines-py\.pdb_cache\4MNE,A
563,ThermoMPNN,4MNE,2.0071969032287598,28,G,E,F:\GENESIS Studio\genesis-studio\packages\engines-py\.pdb_cache\4MNE,A
564,ThermoMPNN,4MNE,1.4387978315353394,28,G,F,F:\GENESIS Studio\genesis-studio\packages\engines-py\.pdb_cache\4MNE,A
565,ThermoMPNN,4MNE,0.0,28,G,G,F:\GENESIS Studio\genesis-studio\packages\engines-py\.pdb_cache\4MNE,A
566,ThermoMPNN,4MNE,1.1279205083847046,28,G,H,F:\GENESIS Studio\genesis-studio\packages\engines-py\.pdb_cache\4MNE,A
567,ThermoMPNN,4MNE,2.544538974761963,28,G,I,F:\GENESIS Studio\genesis-studio\packages\engines-py\.pdb_cache\4MNE,A
568,ThermoMPNN,4MNE,1.4141910076141357,28,G,K,F:\GENESIS Studio\genesis-studio\packages\engines-py\.pdb_cache\4MNE,A
569,ThermoMPNN,4MNE,1.7382301092147827,28,G,L,F:\GENESIS Studio\genesis-studio\packages\engines-py\.pdb_cache\4MNE,A
570,ThermoMPNN,4MNE,1.5597842931747437,28,G,M,F:\GENESIS Studio\genesis-studio\packages\engines-py\.pdb_cache\4MNE,A
571,ThermoMPNN,4MNE,1.0184211730957031,28,G,N,F:\GENESIS Studio\genesis-studio\packages\engines-py\.pdb_cache\4MNE,A
572,ThermoMPNN,4MNE,2.8786118030548096,28,G,P,F:\GENESIS Studio\genesis-studio\packages\engines-py\.pdb_cache\4MNE,A
573,ThermoMPNN,4MNE,1.4674139022827148,28,G,Q,F:\GENESIS Studio\genesis-studio\packages\engines-py\.pdb_cache\4MNE,A
574,ThermoMPNN,4MNE,1.4658136367797852,28,G,R,F:\GENESIS Studio\genesis-studio\packages\engines-py\.pdb_cache\4MNE,A
575,ThermoMPNN,4MNE,1.5895673036575317,28,G,S,F:\GENESIS Studio\genesis-studio\packages\engines-py\.pdb_cache\4MNE,A
576,ThermoMPNN,4MNE,2.2928760051727295,28,G,T,F:\GENESIS Studio\genesis-studio\packages\engines-py\.pdb_cache\4MNE,A
577,ThermoMPNN,4MNE,2.4268391132354736,28,G,V,F:\GENESIS Studio\genesis-studio\packages\engines-py\.pdb_cache\4MNE,A
578,ThermoMPNN,4MNE,1.7050526142120361,28,G,W,F:\GENESIS Studio\genesis-studio\packages\engines-py\.pdb_cache\4MNE,A
579,ThermoMPNN,4MNE,1.6481776237487793,28,G,Y,F:\GENESIS Studio\genesis-studio\packages\engines-py\.pdb_cache\4MNE,A
580,ThermoMPNN,4MNE,0.4690477252006531,29,L,A,F:\GENESIS Studio\genesis-studio\packages\engines-py\.pdb_cache\4MNE,A
581,ThermoMPNN,4MNE,0.27086830139160156,29,L,C,F:\GENESIS Studio\genesis-studio\packages\engines-py\.pdb_cache\4MNE,A
582,ThermoMPNN,4MNE,0.9803532958030701,29,L,D,F:\GENESIS Studio\genesis-studio\packages\engines-py\.pdb_cache\4MNE,A
583,ThermoMPNN,4MNE,0.6560913324356079,29,L,E,F:\GENESIS Studio\genesis-studio\packages\engines-py\.pdb_cache\4MNE,A
584,ThermoMPNN,4MNE,0.46723318099975586,29,L,F,F:\GENESIS Studio\genesis-studio\packages\engines-py\.pdb_cache\4MNE,A
585,ThermoMPNN,4MNE,1.2321085929870605,29,L,G,F:\GENESIS Studio\genesis-studio\packages\engines-py\.pdb_cache\4MNE,A
586,ThermoMPNN,4MNE,0.7356369495391846,29,L,H,F:\GENESIS Studio\genesis-studio\packages\engines-py\.pdb_cache\4MNE,A
587,ThermoMPNN,4MNE,0.23415541648864746,29,L,I,F:\GENESIS Studio\genesis-studio\packages\engines-py\.pdb_cache\4MNE,A
588,ThermoMPNN,4MNE,0.20608305931091309,29,L,K,F:\GENESIS Studio\genesis-studio\packages\engines-py\.pdb_cache\4MNE,A
589,ThermoMPNN,4MNE,0.0,29,L,L,F:\GENESIS Studio\genesis-studio\packages\engines-py\.pdb_cache\4MNE,A
590,ThermoMPNN,4MNE,0.10919320583343506,29,L,M,F:\GENESIS Studio\genesis-studio\packages\engines-py\.pdb_cache\4MNE,A
591,ThermoMPNN,4MNE,0.8073873519897461,29,L,N,F:\GENESIS Studio\genesis-studio\packages\engines-py\.pdb_cache\4MNE,A
592,ThermoMPNN,4MNE,2.549107074737549,29,L,P,F:\GENESIS Studio\genesis-studio\packages\engines-py\.pdb_cache\4MNE,A
593,ThermoMPNN,4MNE,0.37651902437210083,29,L,Q,F:\GENESIS Studio\genesis-studio\packages\engines-py\.pdb_cache\4MNE,A
594,ThermoMPNN,4MNE,0.07933330535888672,29,L,R,F:\GENESIS Studio\genesis-studio\packages\engines-py\.pdb_cache\4MNE,A
595,ThermoMPNN,4MNE,0.8201842308044434,29,L,S,F:\GENESIS Studio\genesis-studio\packages\engines-py\.pdb_cache\4MNE,A
596,ThermoMPNN,4MNE,0.622052788734436,29,L,T,F:\GENESIS Studio\genesis-studio\packages\engines-py\.pdb_cache\4MNE,A
597,ThermoMPNN,4MNE,0.4424688220024109,29,L,V,F:\GENESIS Studio\genesis-studio\packages\engines-py\.pdb_cache\4MNE,A
598,ThermoMPNN,4MNE,0.5573071241378784,29,L,W,F:\GENESIS Studio\genesis-studio\packages\engines-py\.pdb_cache\4MNE,A
599,ThermoMPNN,4MNE,0.5855449438095093,29,L,Y,F:\GENESIS Studio\genesis-studio\packages\engines-py\.pdb_cache\4MNE,A
600,ThermoMPNN,4MNE,1.607553482055664,30,V,A,F:\GENESIS Studio\genesis-studio\packages\engines-py\.pdb_cache\4MNE,A
601,ThermoMPNN,4MNE,0.4180431365966797,30,V,C,F:\GENESIS Studio\genesis-studio\packages\engines-py\.pdb_cache\4MNE,A
602,ThermoMPNN,4MNE,1.7862625122070312,30,V,D,F:\GENESIS Studio\genesis-studio\packages\engines-py\.pdb_cache\4MNE,A
603,ThermoMPNN,4MNE,0.7059412598609924,30,V,E,F:\GENESIS Studio\genesis-studio\packages\engines-py\.pdb_cache\4MNE,A
604,ThermoMPNN,4MNE,0.7504393458366394,30,V,F,F:\GENESIS Studio\genesis-studio\packages\engines-py\.pdb_cache\4MNE,A
605,ThermoMPNN,4MNE,2.324462413787842,30,V,G,F:\GENESIS Studio\genesis-studio\packages\engines-py\.pdb_cache\4MNE,A
606,ThermoMPNN,4MNE,1.3244383335113525,30,V,H,F:\GENESIS Studio\genesis-studio\packages\engines-py\.pdb_cache\4MNE,A
607,ThermoMPNN,4MNE,-0.3866572380065918,30,V,I,F:\GENESIS Studio\genesis-studio\packages\engines-py\.pdb_cache\4MNE,A
608,ThermoMPNN,4MNE,1.4823424816131592,30,V,K,F:\GENESIS Studio\genesis-studio\packages\engines-py\.pdb_cache\4MNE,A
609,ThermoMPNN,4MNE,0.2929021120071411,30,V,L,F:\GENESIS Studio\genesis-studio\packages\engines-py\.pdb_cache\4MNE,A
610,ThermoMPNN,4MNE,0.49208593368530273,30,V,M,F:\GENESIS Studio\genesis-studio\packages\engines-py\.pdb_cache\4MNE,A
611,ThermoMPNN,4MNE,1.8762233257293701,30,V,N,F:\GENESIS Studio\genesis-studio\packages\engines-py\.pdb_cache\4MNE,A
612,ThermoMPNN,4MNE,1.9814887046813965,30,V,P,F:\GENESIS Studio\genesis-studio\packages\engines-py\.pdb_cache\4MNE,A
613,ThermoMPNN,4MNE,0.9731955528259277,30,V,Q,F:\GENESIS Studio\genesis-studio\packages\engines-py\.pdb_cache\4MNE,A
614,ThermoMPNN,4MNE,1.7745375633239746,30,V,R,F:\GENESIS Studio\genesis-studio\packages\engines-py\.pdb_cache\4MNE,A
615,ThermoMPNN,4MNE,1.538377046585083,30,V,S,F:\GENESIS Studio\genesis-studio\packages\engines-py\.pdb_cache\4MNE,A
616,ThermoMPNN,4MNE,0.6683993339538574,30,V,T,F:\GENESIS Studio\genesis-studio\packages\engines-py\.pdb_cache\4MNE,A
617,ThermoMPNN,4MNE,0.0,30,V,V,F:\GENESIS Studio\genesis-studio\packages\engines-py\.pdb_cache\4MNE,A
618,ThermoMPNN,4MNE,1.0646681785583496,30,V,W,F:\GENESIS Studio\genesis-studio\packages\engines-py\.pdb_cache\4MNE,A
619,ThermoMPNN,4MNE,0.9211012721061707,30,V,Y,F:\GENESIS Studio\genesis-studio\packages\engines-py\.pdb_cache\4MNE,A
620,ThermoMPNN,4MNE,1.6879563331604004,31,M,A,F:\GENESIS Studio\genesis-studio\packages\engines-py\.pdb_cache\4MNE,A
621,ThermoMPNN,4MNE,0.7698894739151001,31,M,C,F:\GENESIS Studio\genesis-studio\packages\engines-py\.pdb_cache\4MNE,A
622,ThermoMPNN,4MNE,2.970288038253784,31,M,D,F:\GENESIS Studio\genesis-studio\packages\engines-py\.pdb_cache\4MNE,A
623,ThermoMPNN,4MNE,2.6469881534576416,31,M,E,F:\GENESIS Studio\genesis-studio\packages\engines-py\.pdb_cache\4MNE,A
624,ThermoMPNN,4MNE,1.2474591732025146,31,M,F,F:\GENESIS Studio\genesis-studio\packages\engines-py\.pdb_cache\4MNE,A
625,ThermoMPNN,4MNE,2.4078893661499023,31,M,G,F:\GENESIS Studio\genesis-studio\packages\engines-py\.pdb_cache\4MNE,A
626,ThermoMPNN,4MNE,2.451265573501587,31,M,H,F:\GENESIS Studio\genesis-studio\packages\engines-py\.pdb_cache\4MNE,A
627,ThermoMPNN,4MNE,0.40450596809387207,31,M,I,F:\GENESIS Studio\genesis-studio\packages\engines-py\.pdb_cache\4MNE,A
628,ThermoMPNN,4MNE,2.7485666275024414,31,M,K,F:\GENESIS Studio\genesis-studio\packages\engines-py\.pdb_cache\4MNE,A
629,ThermoMPNN,4MNE,-0.48971128463745117,31,M,L,F:\GENESIS Studio\genesis-studio\packages\engines-py\.pdb_cache\4MNE,A
630,ThermoMPNN,4MNE,0.0,31,M,M,F:\GENESIS Studio\genesis-studio\packages\engines-py\.pdb_cache\4MNE,A
631,ThermoMPNN,4MNE,2.717576265335083,31,M,N,F:\GENESIS Studio\genesis-studio\packages\engines-py\.pdb_cache\4MNE,A
632,ThermoMPNN,4MNE,3.5014851093292236,31,M,P,F:\GENESIS Studio\genesis-studio\packages\engines-py\.pdb_cache\4MNE,A
633,ThermoMPNN,4MNE,2.28252911567688,31,M,Q,F:\GENESIS Studio\genesis-studio\packages\engines-py\.pdb_cache\4MNE,A
634,ThermoMPNN,4MNE,2.679049253463745,31,M,R,F:\GENESIS Studio\genesis-studio\packages\engines-py\.pdb_cache\4MNE,A
635,ThermoMPNN,4MNE,2.6331708431243896,31,M,S,F:\GENESIS Studio\genesis-studio\packages\engines-py\.pdb_cache\4MNE,A
636,ThermoMPNN,4MNE,2.2998697757720947,31,M,T,F:\GENESIS Studio\genesis-studio\packages\engines-py\.pdb_cache\4MNE,A
637,ThermoMPNN,4MNE,0.5566034317016602,31,M,V,F:\GENESIS Studio\genesis-studio\packages\engines-py\.pdb_cache\4MNE,A
638,ThermoMPNN,4MNE,1.612226128578186,31,M,W,F:\GENESIS Studio\genesis-studio\packages\engines-py\.pdb_cache\4MNE,A
639,ThermoMPNN,4MNE,1.7796684503555298,31,M,Y,F:\GENESIS Studio\genesis-studio\packages\engines-py\.pdb_cache\4MNE,A
640,ThermoMPNN,4MNE,0.0,32,A,A,F:\GENESIS Studio\genesis-studio\packages\engines-py\.pdb_cache\4MNE,A
641,ThermoMPNN,4MNE,0.4036136865615845,32,A,C,F:\GENESIS Studio\genesis-studio\packages\engines-py\.pdb_cache\4MNE,A
642,ThermoMPNN,4MNE,2.38858962059021,32,A,D,F:\GENESIS Studio\genesis-studio\packages\engines-py\.pdb_cache\4MNE,A
643,ThermoMPNN,4MNE,1.9825782775878906,32,A,E,F:\GENESIS Studio\genesis-studio\packages\engines-py\.pdb_cache\4MNE,A
644,ThermoMPNN,4MNE,0.7068147659301758,32,A,F,F:\GENESIS Studio\genesis-studio\packages\engines-py\.pdb_cache\4MNE,A
645,ThermoMPNN,4MNE,2.0239691734313965,32,A,G,F:\GENESIS Studio\genesis-studio\packages\engines-py\.pdb_cache\4MNE,A
646,ThermoMPNN,4MNE,1.4613059759140015,32,A,H,F:\GENESIS Studio\genesis-studio\packages\engines-py\.pdb_cache\4MNE,A
647,ThermoMPNN,4MNE,0.7496979236602783,32,A,I,F:\GENESIS Studio\genesis-studio\packages\engines-py\.pdb_cache\4MNE,A
648,ThermoMPNN,4MNE,2.115945816040039,32,A,K,F:\GENESIS Studio\genesis-studio\packages\engines-py\.pdb_cache\4MNE,A
649,ThermoMPNN,4MNE,0.801661491394043,32,A,L,F:\GENESIS Studio\genesis-studio\packages\engines-py\.pdb_cache\4MNE,A
650,ThermoMPNN,4MNE,0.8993706703186035,32,A,M,F:\GENESIS Studio\genesis-studio\packages\engines-py\.pdb_cache\4MNE,A
651,ThermoMPNN,4MNE,2.09761643409729,32,A,N,F:\GENESIS Studio\genesis-studio\packages\engines-py\.pdb_cache\4MNE,A
652,ThermoMPNN,4MNE,3.120267629623413,32,A,P,F:\GENESIS Studio\genesis-studio\packages\engines-py\.pdb_cache\4MNE,A
653,ThermoMPNN,4MNE,1.872799038887024,32,A,Q,F:\GENESIS Studio\genesis-studio\packages\engines-py\.pdb_cache\4MNE,A
654,ThermoMPNN,4MNE,2.0955913066864014,32,A,R,F:\GENESIS Studio\genesis-studio\packages\engines-py\.pdb_cache\4MNE,A
655,ThermoMPNN,4MNE,1.1454143524169922,32,A,S,F:\GENESIS Studio\genesis-studio\packages\engines-py\.pdb_cache\4MNE,A
656,ThermoMPNN,4MNE,1.2830443382263184,32,A,T,F:\GENESIS Studio\genesis-studio\packages\engines-py\.pdb_cache\4MNE,A
657,ThermoMPNN,4MNE,0.6078839302062988,32,A,V,F:\GENESIS Studio\genesis-studio\packages\engines-py\.pdb_cache\4MNE,A
658,ThermoMPNN,4MNE,0.5469363927841187,32,A,W,F:\GENESIS Studio\genesis-studio\packages\engines-py\.pdb_cache\4MNE,A
659,ThermoMPNN,4MNE,0.4662597179412842,32,A,Y,F:\GENESIS Studio\genesis-studio\packages\engines-py\.pdb_cache\4MNE,A
660,ThermoMPNN,4MNE,0.31451088190078735,33,R,A,F:\GENESIS Studio\genesis-studio\packages\engines-py\.pdb_cache\4MNE,A
661,ThermoMPNN,4MNE,-1.2879652976989746,33,R,C,F:\GENESIS Studio\genesis-studio\packages\engines-py\.pdb_cache\4MNE,A
662,ThermoMPNN,4MNE,1.2275669574737549,33,R,D,F:\GENESIS Studio\genesis-studio\packages\engines-py\.pdb_cache\4MNE,A
663,ThermoMPNN,4MNE,0.7856373190879822,33,R,E,F:\GENESIS Studio\genesis-studio\packages\engines-py\.pdb_cache\4MNE,A
664,ThermoMPNN,4MNE,-0.6018247008323669,33,R,F,F:\GENESIS Studio\genesis-studio\packages\engines-py\.pdb_cache\4MNE,A
665,ThermoMPNN,4MNE,0.5624718070030212,33,R,G,F:\GENESIS Studio\genesis-studio\packages\engines-py\.pdb_cache\4MNE,A
666,ThermoMPNN,4MNE,0.314403235912323,33,R,H,F:\GENESIS Studio\genesis-studio\packages\engines-py\.pdb_cache\4MNE,A
667,ThermoMPNN,4MNE,-1.4178485870361328,33,R,I,F:\GENESIS Studio\genesis-studio\packages\engines-py\.pdb_cache\4MNE,A
668,ThermoMPNN,4MNE,-0.1718655228614807,33,R,K,F:\GENESIS Studio\genesis-studio\packages\engines-py\.pdb_cache\4MNE,A
669,ThermoMPNN,4MNE,-2.3047773838043213,33,R,L,F:\GENESIS Studio\genesis-studio\packages\engines-py\.pdb_cache\4MNE,A
670,ThermoMPNN,4MNE,-0.9682157039642334,33,R,M,F:\GENESIS Studio\genesis-studio\packages\engines-py\.pdb_cache\4MNE,A
671,ThermoMPNN,4MNE,0.6420491337776184,33,R,N,F:\GENESIS Studio\genesis-studio\packages\engines-py\.pdb_cache\4MNE,A
672,ThermoMPNN,4MNE,0.7189981341362,33,R,P,F:\GENESIS Studio\genesis-studio\packages\engines-py\.pdb_cache\4MNE,A
673,ThermoMPNN,4MNE,0.31253141164779663,33,R,Q,F:\GENESIS Studio\genesis-studio\packages\engines-py\.pdb_cache\4MNE,A
674,ThermoMPNN,4MNE,0.0,33,R,R,F:\GENESIS Studio\genesis-studio\packages\engines-py\.pdb_cache\4MNE,A
675,ThermoMPNN,4MNE,0.64369136095047,33,R,S,F:\GENESIS Studio\genesis-studio\packages\engines-py\.pdb_cache\4MNE,A
676,ThermoMPNN,4MNE,0.7930999398231506,33,R,T,F:\GENESIS Studio\genesis-studio\packages\engines-py\.pdb_cache\4MNE,A
677,ThermoMPNN,4MNE,-1.6372735500335693,33,R,V,F:\GENESIS Studio\genesis-studio\packages\engines-py\.pdb_cache\4MNE,A
678,ThermoMPNN,4MNE,-0.747431218624115,33,R,W,F:\GENESIS Studio\genesis-studio\packages\engines-py\.pdb_cache\4MNE,A
679,ThermoMPNN,4MNE,-0.3099345564842224,33,R,Y,F:\GENESIS Studio\genesis-studio\packages\engines-py\.pdb_cache\4MNE,A
680,ThermoMPNN,4MNE,0.4084409475326538,34,K,A,F:\GENESIS Studio\genesis-studio\packages\engines-py\.pdb_cache\4MNE,A
681,ThermoMPNN,4MNE,0.014669656753540039,34,K,C,F:\GENESIS Studio\genesis-studio\packages\engines-py\.pdb_cache\4MNE,A
682,ThermoMPNN,4MNE,1.4234468936920166,34,K,D,F:\GENESIS Studio\genesis-studio\packages\engines-py\.pdb_cache\4MNE,A
683,ThermoMPNN,4MNE,0.8781473636627197,34,K,E,F:\GENESIS Studio\genesis-studio\packages\engines-py\.pdb_cache\4MNE,A
684,ThermoMPNN,4MNE,-0.15293896198272705,34,K,F,F:\GENESIS Studio\genesis-studio\packages\engines-py\.pdb_cache\4MNE,A
685,ThermoMPNN,4MNE,1.1613874435424805,34,K,G,F:\GENESIS Studio\genesis-studio\packages\engines-py\.pdb_cache\4MNE,A
686,ThermoMPNN,4MNE,0.46486568450927734,34,K,H,F:\GENESIS Studio\genesis-studio\packages\engines-py\.pdb_cache\4MNE,A
687,ThermoMPNN,4MNE,-0.08197319507598877,34,K,I,F:\GENESIS Studio\genesis-studio\packages\engines-py\.pdb_cache\4MNE,A
688,ThermoMPNN,4MNE,0.0,34,K,K,F:\GENESIS Studio\genesis-studio\packages\engines-py\.pdb_cache\4MNE,A
689,ThermoMPNN,4MNE,-0.20772945880889893,34,K,L,F:\GENESIS Studio\genesis-studio\packages\engines-py\.pdb_cache\4MNE,A
690,ThermoMPNN,4MNE,0.0645982027053833,34,K,M,F:\GENESIS Studio\genesis-studio\packages\engines-py\.pdb_cache\4MNE,A
691,ThermoMPNN,4MNE,0.9187514185905457,34,K,N,F:\GENESIS Studio\genesis-studio\packages\engines-py\.pdb_cache\4MNE,A
692,ThermoMPNN,4MNE,1.543426513671875,34,K,P,F:\GENESIS Studio\genesis-studio\packages\engines-py\.pdb_cache\4MNE,A
693,ThermoMPNN,4MNE,0.5007560849189758,34,K,Q,F:\GENESIS Studio\genesis-studio\packages\engines-py\.pdb_cache\4MNE,A
694,ThermoMPNN,4MNE,-0.10240614414215088,34,K,R,F:\GENESIS Studio\genesis-studio\packages\engines-py\.pdb_cache\4MNE,A
695,ThermoMPNN,4MNE,0.7957955002784729,34,K,S,F:\GENESIS Studio\genesis-studio\packages\engines-py\.pdb_cache\4MNE,A
696,ThermoMPNN,4MNE,0.47137367725372314,34,K,T,F:\GENESIS Studio\genesis-studio\packages\engines-py\.pdb_cache\4MNE,A
697,ThermoMPNN,4MNE,-0.02594470977783203,34,K,V,F:\GENESIS Studio\genesis-studio\packages\engines-py\.pdb_cache\4MNE,A
698,ThermoMPNN,4MNE,-0.06844687461853027,34,K,W,F:\GENESIS Studio\genesis-studio\packages\engines-py\.pdb_cache\4MNE,A
699,ThermoMPNN,4MNE,-0.25890135765075684,34,K,Y,F:\GENESIS Studio\genesis-studio\packages\engines-py\.pdb_cache\4MNE,A
700,ThermoMPNN,4MNE,1.1722015142440796,35,L,A,F:\GENESIS Studio\genesis-studio\packages\engines-py\.pdb_cache\4MNE,A
701,ThermoMPNN,4MNE,0.39210033416748047,35,L,C,F:\GENESIS Studio\genesis-studio\packages\engines-py\.pdb_cache\4MNE,A
702,ThermoMPNN,4MNE,2.0275063514709473,35,L,D,F:\GENESIS Studio\genesis-studio\packages\engines-py\.pdb_cache\4MNE,A
703,ThermoMPNN,4MNE,1.5530519485473633,35,L,E,F:\GENESIS Studio\genesis-studio\packages\engines-py\.pdb_cache\4MNE,A
704,ThermoMPNN,4MNE,0.5977841019630432,35,L,F,F:\GENESIS Studio\genesis-studio\packages\engines-py\.pdb_cache\4MNE,A
705,ThermoMPNN,4MNE,1.6565959453582764,35,L,G,F:\GENESIS Studio\genesis-studio\packages\engines-py\.pdb_cache\4MNE,A
706,ThermoMPNN,4MNE,0.8721392154693604,35,L,H,F:\GENESIS Studio\genesis-studio\packages\engines-py\.pdb_cache\4MNE,A
707,ThermoMPNN,4MNE,0.1591566801071167,35,L,I,F:\GENESIS Studio\genesis-studio\packages\engines-py\.pdb_cache\4MNE,A
708,ThermoMPNN,4MNE,0.29378247261047363,35,L,K,F:\GENESIS Studio\genesis-studio\packages\engines-py\.pdb_cache\4MNE,A
709,ThermoMPNN,4MNE,0.0,35,L,L,F:\GENESIS Studio\genesis-studio\packages\engines-py\.pdb_cache\4MNE,A
710,ThermoMPNN,4MNE,0.37710487842559814,35,L,M,F:\GENESIS Studio\genesis-studio\packages\engines-py\.pdb_cache\4MNE,A
711,ThermoMPNN,4MNE,0.982356071472168,35,L,N,F:\GENESIS Studio\genesis-studio\packages\engines-py\.pdb_cache\4MNE,A
712,ThermoMPNN,4MNE,2.0143418312072754,35,L,P,F:\GENESIS Studio\genesis-studio\packages\engines-py\.pdb_cache\4MNE,A
713,ThermoMPNN,4MNE,0.9760746359825134,35,L,Q,F:\GENESIS Studio\genesis-studio\packages\engines-py\.pdb_cache\4MNE,A
714,ThermoMPNN,4MNE,0.0783853530883789,35,L,R,F:\GENESIS Studio\genesis-studio\packages\engines-py\.pdb_cache\4MNE,A
715,ThermoMPNN,4MNE,0.9728647470474243,35,L,S,F:\GENESIS Studio\genesis-studio\packages\engines-py\.pdb_cache\4MNE,A
716,ThermoMPNN,4MNE,0.5443060398101807,35,L,T,F:\GENESIS Studio\genesis-studio\packages\engines-py\.pdb_cache\4MNE,A
717,ThermoMPNN,4MNE,0.3456881046295166,35,L,V,F:\GENESIS Studio\genesis-studio\packages\engines-py\.pdb_cache\4MNE,A
718,ThermoMPNN,4MNE,0.8891428709030151,35,L,W,F:\GENESIS Studio\genesis-studio\packages\engines-py\.pdb_cache\4MNE,A
719,ThermoMPNN,4MNE,0.7407381534576416,35,L,Y,F:\GENESIS Studio\genesis-studio\packages\engines-py\.pdb_cache\4MNE,A
720,ThermoMPNN,4MNE,1.3925695419311523,36,I,A,F:\GENESIS Studio\genesis-studio\packages\engines-py\.pdb_cache\4MNE,A
721,ThermoMPNN,4MNE,0.5072646141052246,36,I,C,F:\GENESIS Studio\genesis-studio\packages\engines-py\.pdb_cache\4MNE,A
722,ThermoMPNN,4MNE,2.342209577560425,36,I,D,F:\GENESIS Studio\genesis-studio\packages\engines-py\.pdb_cache\4MNE,A
723,ThermoMPNN,4MNE,1.7979716062545776,36,I,E,F:\GENESIS Studio\genesis-studio\packages\engines-py\.pdb_cache\4MNE,A
724,ThermoMPNN,4MNE,0.5198997259140015,36,I,F,F:\GENESIS Studio\genesis-studio\packages\engines-py\.pdb_cache\4MNE,A
725,ThermoMPNN,4MNE,2.25639009475708,36,I,G,F:\GENESIS Studio\genesis-studio\packages\engines-py\.pdb_cache\4MNE,A
726,ThermoMPNN,4MNE,1.0232950448989868,36,I,H,F:\GENESIS Studio\genesis-studio\packages\engines-py\.pdb_cache\4MNE,A
727,ThermoMPNN,4MNE,0.0,36,I,I,F:\GENESIS Studio\genesis-studio\packages\engines-py\.pdb_cache\4MNE,A
728,ThermoMPNN,4MNE,0.7573068141937256,36,I,K,F:\GENESIS Studio\genesis-studio\packages\engines-py\.pdb_cache\4MNE,A
729,ThermoMPNN,4MNE,-0.17018139362335205,36,I,L,F:\GENESIS Studio\genesis-studio\packages\engines-py\.pdb_cache\4MNE,A
730,ThermoMPNN,4MNE,0.3004274368286133,36,I,M,F:\GENESIS Studio\genesis-studio\packages\engines-py\.pdb_cache\4MNE,A
731,ThermoMPNN,4MNE,1.6264352798461914,36,I,N,F:\GENESIS Studio\genesis-studio\packages\engines-py\.pdb_cache\4MNE,A
732,ThermoMPNN,4MNE,2.6369028091430664,36,I,P,F:\GENESIS Studio\genesis-studio\packages\engines-py\.pdb_cache\4MNE,A
733,ThermoMPNN,4MNE,1.0998828411102295,36,I,Q,F:\GENESIS Studio\genesis-studio\packages\engines-py\.pdb_cache\4MNE,A
734,ThermoMPNN,4MNE,0.7372409105300903,36,I,R,F:\GENESIS Studio\genesis-studio\packages\engines-py\.pdb_cache\4MNE,A
735,ThermoMPNN,4MNE,1.5902793407440186,36,I,S,F:\GENESIS Studio\genesis-studio\packages\engines-py\.pdb_cache\4MNE,A
736,ThermoMPNN,4MNE,1.2133762836456299,36,I,T,F:\GENESIS Studio\genesis-studio\packages\engines-py\.pdb_cache\4MNE,A
737,ThermoMPNN,4MNE,0.4794437885284424,36,I,V,F:\GENESIS Studio\genesis-studio\packages\engines-py\.pdb_cache\4MNE,A
738,ThermoMPNN,4MNE,0.4053666591644287,36,I,W,F:\GENESIS Studio\genesis-studio\packages\engines-py\.pdb_cache\4MNE,A
739,ThermoMPNN,4MNE,0.420235276222229,36,I,Y,F:\GENESIS Studio\genesis-studio\packages\engines-py\.pdb_cache\4MNE,A
740,ThermoMPNN,4MNE,0.3832273483276367,37,H,A,F:\GENESIS Studio\genesis-studio\packages\engines-py\.pdb_cache\4MNE,A
741,ThermoMPNN,4MNE,0.014728069305419922,37,H,C,F:\GENESIS Studio\genesis-studio\packages\engines-py\.pdb_cache\4MNE,A
742,ThermoMPNN,4MNE,0.8739363551139832,37,H,D,F:\GENESIS Studio\genesis-studio\packages\engines-py\.pdb_cache\4MNE,A
743,ThermoMPNN,4MNE,0.9280928373336792,37,H,E,F:\GENESIS Studio\genesis-studio\packages\engines-py\.pdb_cache\4MNE,A
744,ThermoMPNN,4MNE,-0.012920260429382324,37,H,F,F:\GENESIS Studio\genesis-studio\packages\engines-py\.pdb_cache\4MNE,A
745,ThermoMPNN,4MNE,0.5745147466659546,37,H,G,F:\GENESIS Studio\genesis-studio\packages\engines-py\.pdb_cache\4MNE,A
746,ThermoMPNN,4MNE,0.0,37,H,H,F:\GENESIS Studio\genesis-studio\packages\engines-py\.pdb_cache\4MNE,A
747,ThermoMPNN,4MNE,0.2027033567428589,37,H,I,F:\GENESIS Studio\genesis-studio\packages\engines-py\.pdb_cache\4MNE,A
748,ThermoMPNN,4MNE,-0.17666113376617432,37,H,K,F:\GENESIS Studio\genesis-studio\packages\engines-py\.pdb_cache\4MNE,A
749,ThermoMPNN,4MNE,0.21486055850982666,37,H,L,F:\GENESIS Studio\genesis-studio\packages\engines-py\.pdb_cache\4MNE,A
750,ThermoMPNN,4MNE,0.20271676778793335,37,H,M,F:\GENESIS Studio\genesis-studio\packages\engines-py\.pdb_cache\4MNE,A
751,ThermoMPNN,4MNE,0.3315902352333069,37,H,N,F:\GENESIS Studio\genesis-studio\packages\engines-py\.pdb_cache\4MNE,A
752,ThermoMPNN,4MNE,0.36335843801498413,37,H,P,F:\GENESIS Studio\genesis-studio\packages\engines-py\.pdb_cache\4MNE,A
753,ThermoMPNN,4MNE,0.35518598556518555,37,H,Q,F:\GENESIS Studio\genesis-studio\packages\engines-py\.pdb_cache\4MNE,A
754,ThermoMPNN,4MNE,-0.2770078182220459,37,H,R,F:\GENESIS Studio\genesis-studio\packages\engines-py\.pdb_cache\4MNE,A
755,ThermoMPNN,4MNE,0.2742232084274292,37,H,S,F:\GENESIS Studio\genesis-studio\packages\engines-py\.pdb_cache\4MNE,A
756,ThermoMPNN,4MNE,0.3579258322715759,37,H,T,F:\GENESIS Studio\genesis-studio\packages\engines-py\.pdb_cache\4MNE,A
757,ThermoMPNN,4MNE,0.459083616733551,37,H,V,F:\GENESIS Studio\genesis-studio\packages\engines-py\.pdb_cache\4MNE,A
758,ThermoMPNN,4MNE,-0.13864827156066895,37,H,W,F:\GENESIS Studio\genesis-studio\packages\engines-py\.pdb_cache\4MNE,A
759,ThermoMPNN,4MNE,-0.1349116563796997,37,H,Y,F:\GENESIS Studio\genesis-studio\packages\engines-py\.pdb_cache\4MNE,A
760,ThermoMPNN,4MNE,1.1209534406661987,38,L,A,F:\GENESIS Studio\genesis-studio\packages\engines-py\.pdb_cache\4MNE,A
761,ThermoMPNN,4MNE,0.5689433813095093,38,L,C,F:\GENESIS Studio\genesis-studio\packages\engines-py\.pdb_cache\4MNE,A
762,ThermoMPNN,4MNE,2.125007152557373,38,L,D,F:\GENESIS Studio\genesis-studio\packages\engines-py\.pdb_cache\4MNE,A
763,ThermoMPNN,4MNE,1.8447411060333252,38,L,E,F:\GENESIS Studio\genesis-studio\packages\engines-py\.pdb_cache\4MNE,A
764,ThermoMPNN,4MNE,0.7625278234481812,38,L,F,F:\GENESIS Studio\genesis-studio\packages\engines-py\.pdb_cache\4MNE,A
765,ThermoMPNN,4MNE,1.5676043033599854,38,L,G,F:\GENESIS Studio\genesis-studio\packages\engines-py\.pdb_cache\4MNE,A
766,ThermoMPNN,4MNE,1.714186191558838,38,L,H,F:\GENESIS Studio\genesis-studio\packages\engines-py\.pdb_cache\4MNE,A
767,ThermoMPNN,4MNE,0.296844482421875,38,L,I,F:\GENESIS Studio\genesis-studio\packages\engines-py\.pdb_cache\4MNE,A
768,ThermoMPNN,4MNE,1.724107265472412,38,L,K,F:\GENESIS Studio\genesis-studio\packages\engines-py\.pdb_cache\4MNE,A
769,ThermoMPNN,4MNE,0.0,38,L,L,F:\GENESIS Studio\genesis-studio\packages\engines-py\.pdb_cache\4MNE,A
770,ThermoMPNN,4MNE,0.5167083740234375,38,L,M,F:\GENESIS Studio\genesis-studio\packages\engines-py\.pdb_cache\4MNE,A
771,ThermoMPNN,4MNE,1.8370001316070557,38,L,N,F:\GENESIS Studio\genesis-studio\packages\engines-py\.pdb_cache\4MNE,A
772,ThermoMPNN,4MNE,1.7749252319335938,38,L,P,F:\GENESIS Studio\genesis-studio\packages\engines-py\.pdb_cache\4MNE,A
773,ThermoMPNN,4MNE,1.7170695066452026,38,L,Q,F:\GENESIS Studio\genesis-studio\packages\engines-py\.pdb_cache\4MNE,A
774,ThermoMPNN,4MNE,1.7280025482177734,38,L,R,F:\GENESIS Studio\genesis-studio\packages\engines-py\.pdb_cache\4MNE,A
775,ThermoMPNN,4MNE,1.5217405557632446,38,L,S,F:\GENESIS Studio\genesis-studio\packages\engines-py\.pdb_cache\4MNE,A
776,ThermoMPNN,4MNE,1.2218306064605713,38,L,T,F:\GENESIS Studio\genesis-studio\packages\engines-py\.pdb_cache\4MNE,A
777,ThermoMPNN,4MNE,0.3324556350708008,38,L,V,F:\GENESIS Studio\genesis-studio\packages\engines-py\.pdb_cache\4MNE,A
778,ThermoMPNN,4MNE,1.0625267028808594,38,L,W,F:\GENESIS Studio\genesis-studio\packages\engines-py\.pdb_cache\4MNE,A
779,ThermoMPNN,4MNE,1.142136812210083,38,L,Y,F:\GENESIS Studio\genesis-studio\packages\engines-py\.pdb_cache\4MNE,A
780,ThermoMPNN,4MNE,-0.12599831819534302,39,E,A,F:\GENESIS Studio\genesis-studio\packages\engines-py\.pdb_cache\4MNE,A
781,ThermoMPNN,4MNE,-0.42552483081817627,39,E,C,F:\GENESIS Studio\genesis-studio\packages\engines-py\.pdb_cache\4MNE,A
782,ThermoMPNN,4MNE,-0.03448152542114258,39,E,D,F:\GENESIS Studio\genesis-studio\packages\engines-py\.pdb_cache\4MNE,A
783,ThermoMPNN,4MNE,0.0,39,E,E,F:\GENESIS Studio\genesis-studio\packages\engines-py\.pdb_cache\4MNE,A
784,ThermoMPNN,4MNE,-0.2165471315383911,39,E,F,F:\GENESIS Studio\genesis-studio\packages\engines-py\.pdb_cache\4MNE,A
785,ThermoMPNN,4MNE,0.32452231645584106,39,E,G,F:\GENESIS Studio\genesis-studio\packages\engines-py\.pdb_cache\4MNE,A
786,ThermoMPNN,4MNE,-0.26628410816192627,39,E,H,F:\GENESIS Studio\genesis-studio\packages\engines-py\.pdb_cache\4MNE,A
787,ThermoMPNN,4MNE,-0.25376296043395996,39,E,I,F:\GENESIS Studio\genesis-studio\packages\engines-py\.pdb_cache\4MNE,A
788,ThermoMPNN,4MNE,-0.23799651861190796,39,E,K,F:\GENESIS Studio\genesis-studio\packages\engines-py\.pdb_cache\4MNE,A
789,ThermoMPNN,4MNE,-0.14290553331375122,39,E,L,F:\GENESIS Studio\genesis-studio\packages\engines-py\.pdb_cache\4MNE,A
790,ThermoMPNN,4MNE,-0.11739873886108398,39,E,M,F:\GENESIS Studio\genesis-studio\packages\engines-py\.pdb_cache\4MNE,A
791,ThermoMPNN,4MNE,-0.152793288230896,39,E,N,F:\GENESIS Studio\genesis-studio\packages\engines-py\.pdb_cache\4MNE,A
792,ThermoMPNN,4MNE,0.6844474673271179,39,E,P,F:\GENESIS Studio\genesis-studio\packages\engines-py\.pdb_cache\4MNE,A
793,ThermoMPNN,4MNE,-0.15274447202682495,39,E,Q,F:\GENESIS Studio\genesis-studio\packages\engines-py\.pdb_cache\4MNE,A
794,ThermoMPNN,4MNE,-0.279968798160553,39,E,R,F:\GENESIS Studio\genesis-studio\packages\engines-py\.pdb_cache\4MNE,A
795,ThermoMPNN,4MNE,-0.2620336413383484,39,E,S,F:\GENESIS Studio\genesis-studio\packages\engines-py\.pdb_cache\4MNE,A
796,ThermoMPNN,4MNE,-0.21298128366470337,39,E,T,F:\GENESIS Studio\genesis-studio\packages\engines-py\.pdb_cache\4MNE,A
797,ThermoMPNN,4MNE,-0.19050276279449463,39,E,V,F:\GENESIS Studio\genesis-studio\packages\engines-py\.pdb_cache\4MNE,A
798,ThermoMPNN,4MNE,-0.23167502880096436,39,E,W,F:\GENESIS Studio\genesis-studio\packages\engines-py\.pdb_cache\4MNE,A
799,ThermoMPNN,4MNE,-0.2729417085647583,39,E,Y,F:\GENESIS Studio\genesis-studio\packages\engines-py\.pdb_cache\4MNE,A
800,ThermoMPNN,4MNE,1.1057299375534058,40,I,A,F:\GENESIS Studio\genesis-studio\packages\engines-py\.pdb_cache\4MNE,A
801,ThermoMPNN,4MNE,0.6238583326339722,40,I,C,F:\GENESIS Studio\genesis-studio\packages\engines-py\.pdb_cache\4MNE,A
802,ThermoMPNN,4MNE,1.8476862907409668,40,I,D,F:\GENESIS Studio\genesis-studio\packages\engines-py\.pdb_cache\4MNE,A
803,ThermoMPNN,4MNE,1.5149829387664795,40,I,E,F:\GENESIS Studio\genesis-studio\packages\engines-py\.pdb_cache\4MNE,A
804,ThermoMPNN,4MNE,1.1479997634887695,40,I,F,F:\GENESIS Studio\genesis-studio\packages\engines-py\.pdb_cache\4MNE,A
805,ThermoMPNN,4MNE,1.705993890762329,40,I,G,F:\GENESIS Studio\genesis-studio\packages\engines-py\.pdb_cache\4MNE,A
806,ThermoMPNN,4MNE,1.7074503898620605,40,I,H,F:\GENESIS Studio\genesis-studio\packages\engines-py\.pdb_cache\4MNE,A
807,ThermoMPNN,4MNE,0.0,40,I,I,F:\GENESIS Studio\genesis-studio\packages\engines-py\.pdb_cache\4MNE,A
808,ThermoMPNN,4MNE,1.8233681917190552,40,I,K,F:\GENESIS Studio\genesis-studio\packages\engines-py\.pdb_cache\4MNE,A
809,ThermoMPNN,4MNE,0.4900949001312256,40,I,L,F:\GENESIS Studio\genesis-studio\packages\engines-py\.pdb_cache\4MNE,A
810,ThermoMPNN,4MNE,0.8425984978675842,40,I,M,F:\GENESIS Studio\genesis-studio\packages\engines-py\.pdb_cache\4MNE,A
811,ThermoMPNN,4MNE,1.8079562187194824,40,I,N,F:\GENESIS Studio\genesis-studio\packages\engines-py\.pdb_cache\4MNE,A
812,ThermoMPNN,4MNE,1.8921704292297363,40,I,P,F:\GENESIS Studio\genesis-studio\packages\engines-py\.pdb_cache\4MNE,A
813,ThermoMPNN,4MNE,1.651672601699829,40,I,Q,F:\GENESIS Studio\genesis-studio\packages\engines-py\.pdb_cache\4MNE,A
814,ThermoMPNN,4MNE,1.8666372299194336,40,I,R,F:\GENESIS Studio\genesis-studio\packages\engines-py\.pdb_cache\4MNE,A
815,ThermoMPNN,4MNE,1.5261764526367188,40,I,S,F:\GENESIS Studio\genesis-studio\packages\engines-py\.pdb_cache\4MNE,A
816,ThermoMPNN,4MNE,1.1143865585327148,40,I,T,F:\GENESIS Studio\genesis-studio\packages\engines-py\.pdb_cache\4MNE,A
817,ThermoMPNN,4MNE,0.11587584018707275,40,I,V,F:\GENESIS Studio\genesis-studio\packages\engines-py\.pdb_cache\4MNE,A
818,ThermoMPNN,4MNE,1.1693220138549805,40,I,W,F:\GENESIS Studio\genesis-studio\packages\engines-py\.pdb_cache\4MNE,A
819,ThermoMPNN,4MNE,1.3564419746398926,40,I,Y,F:\GENESIS Studio\genesis-studio\packages\engines-py\.pdb_cache\4MNE,A
820,ThermoMPNN,4MNE,-0.26120907068252563,41,K,A,F:\GENESIS Studio\genesis-studio\packages\engines-py\.pdb_cache\4MNE,A
821,ThermoMPNN,4MNE,-0.4523050785064697,41,K,C,F:\GENESIS Studio\genesis-studio\packages\engines-py\.pdb_cache\4MNE,A
822,ThermoMPNN,4MNE,-0.3957076072692871,41,K,D,F:\GENESIS Studio\genesis-studio\packages\engines-py\.pdb_cache\4MNE,A
823,ThermoMPNN,4MNE,-0.4590259790420532,41,K,E,F:\GENESIS Studio\genesis-studio\packages\engines-py\.pdb_cache\4MNE,A
824,ThermoMPNN,4MNE,0.38758623600006104,41,K,F,F:\GENESIS Studio\genesis-studio\packages\engines-py\.pdb_cache\4MNE,A
825,ThermoMPNN,4MNE,0.18346992135047913,41,K,G,F:\GENESIS Studio\genesis-studio\packages\engines-py\.pdb_cache\4MNE,A
826,ThermoMPNN,4MNE,-0.09581059217453003,41,K,H,F:\GENESIS Studio\genesis-studio\packages\engines-py\.pdb_cache\4MNE,A
827,ThermoMPNN,4MNE,0.22359567880630493,41,K,I,F:\GENESIS Studio\genesis-studio\packages\engines-py\.pdb_cache\4MNE,A
828,ThermoMPNN,4MNE,0.0,41,K,K,F:\GENESIS Studio\genesis-studio\packages\engines-py\.pdb_cache\4MNE,A
829,ThermoMPNN,4MNE,0.058978378772735596,41,K,L,F:\GENESIS Studio\genesis-studio\packages\engines-py\.pdb_cache\4MNE,A
830,ThermoMPNN,4MNE,0.19560757279396057,41,K,M,F:\GENESIS Studio\genesis-studio\packages\engines-py\.pdb_cache\4MNE,A
831,ThermoMPNN,4MNE,-0.18807685375213623,41,K,N,F:\GENESIS Studio\genesis-studio\packages\engines-py\.pdb_cache\4MNE,A
832,ThermoMPNN,4MNE,-0.8328864574432373,41,K,P,F:\GENESIS Studio\genesis-studio\packages\engines-py\.pdb_cache\4MNE,A
833,ThermoMPNN,4MNE,-0.2342204451560974,41,K,Q,F:\GENESIS Studio\genesis-studio\packages\engines-py\.pdb_cache\4MNE,A
834,ThermoMPNN,4MNE,0.232753187417984,41,K,R,F:\GENESIS Studio\genesis-studio\packages\engines-py\.pdb_cache\4MNE,A
835,ThermoMPNN,4MNE,-0.7319380044937134,41,K,S,F:\GENESIS Studio\genesis-studio\packages\engines-py\.pdb_cache\4MNE,A
836,ThermoMPNN,4MNE,-0.3971274495124817,41,K,T,F:\GENESIS Studio\genesis-studio\packages\engines-py\.pdb_cache\4MNE,A
837,ThermoMPNN,4MNE,0.08495712280273438,41,K,V,F:\GENESIS Studio\genesis-studio\packages\engines-py\.pdb_cache\4MNE,A
838,ThermoMPNN,4MNE,0.36894935369491577,41,K,W,F:\GENESIS Studio\genesis-studio\packages\engines-py\.pdb_cache\4MNE,A
839,ThermoMPNN,4MNE,0.34579116106033325,41,K,Y,F:\GENESIS Studio\genesis-studio\packages\engines-py\.pdb_cache\4MNE,A
840,ThermoMPNN,4MNE,0.038337528705596924,42,P,A,F:\GENESIS Studio\genesis-studio\packages\engines-py\.pdb_cache\4MNE,A
841,ThermoMPNN,4MNE,-0.07661759853363037,42,P,C,F:\GENESIS Studio\genesis-studio\packages\engines-py\.pdb_cache\4MNE,A
842,ThermoMPNN,4MNE,0.16777664422988892,42,P,D,F:\GENESIS Studio\genesis-studio\packages\engines-py\.pdb_cache\4MNE,A
843,ThermoMPNN,4MNE,-0.18057215213775635,42,P,E,F:\GENESIS Studio\genesis-studio\packages\engines-py\.pdb_cache\4MNE,A
844,ThermoMPNN,4MNE,0.19300150871276855,42,P,F,F:\GENESIS Studio\genesis-studio\packages\engines-py\.pdb_cache\4MNE,A
845,ThermoMPNN,4MNE,0.6465651988983154,42,P,G,F:\GENESIS Studio\genesis-studio\packages\engines-py\.pdb_cache\4MNE,A
846,ThermoMPNN,4MNE,0.12162762880325317,42,P,H,F:\GENESIS Studio\genesis-studio\packages\engines-py\.pdb_cache\4MNE,A
847,ThermoMPNN,4MNE,-0.0227850079536438,42,P,I,F:\GENESIS Studio\genesis-studio\packages\engines-py\.pdb_cache\4MNE,A
848,ThermoMPNN,4MNE,0.16318559646606445,42,P,K,F:\GENESIS Studio\genesis-studio\packages\engines-py\.pdb_cache\4MNE,A
849,ThermoMPNN,4MNE,-0.04128533601760864,42,P,L,F:\GENESIS Studio\genesis-studio\packages\engines-py\.pdb_cache\4MNE,A
850,ThermoMPNN,4MNE,0.018329977989196777,42,P,M,F:\GENESIS Studio\genesis-studio\packages\engines-py\.pdb_cache\4MNE,A
851,ThermoMPNN,4MNE,0.29776298999786377,42,P,N,F:\GENESIS Studio\genesis-studio\packages\engines-py\.pdb_cache\4MNE,A
852,ThermoMPNN,4MNE,0.0,42,P,P,F:\GENESIS Studio\genesis-studio\packages\engines-py\.pdb_cache\4MNE,A
853,ThermoMPNN,4MNE,0.02621614933013916,42,P,Q,F:\GENESIS Studio\genesis-studio\packages\engines-py\.pdb_cache\4MNE,A
854,ThermoMPNN,4MNE,0.21214067935943604,42,P,R,F:\GENESIS Studio\genesis-studio\packages\engines-py\.pdb_cache\4MNE,A
855,ThermoMPNN,4MNE,0.16405266523361206,42,P,S,F:\GENESIS Studio\genesis-studio\packages\engines-py\.pdb_cache\4MNE,A
856,ThermoMPNN,4MNE,0.22720396518707275,42,P,T,F:\GENESIS Studio\genesis-studio\packages\engines-py\.pdb_cache\4MNE,A
857,ThermoMPNN,4MNE,0.07928037643432617,42,P,V,F:\GENESIS Studio\genesis-studio\packages\engines-py\.pdb_cache\4MNE,A
858,ThermoMPNN,4MNE,-0.09456491470336914,42,P,W,F:\GENESIS Studio\genesis-studio\packages\engines-py\.pdb_cache\4MNE,A
859,ThermoMPNN,4MNE,0.030844926834106445,42,P,Y,F:\GENESIS Studio\genesis-studio\packages\engines-py\.pdb_cache\4MNE,A
860,ThermoMPNN,4MNE,0.0,43,A,A,F:\GENESIS Studio\genesis-studio\packages\engines-py\.pdb_cache\4MNE,A
861,ThermoMPNN,4MNE,-0.1041250228881836,43,A,C,F:\GENESIS Studio\genesis-studio\packages\engines-py\.pdb_cache\4MNE,A
862,ThermoMPNN,4MNE,-0.02996373176574707,43,A,D,F:\GENESIS Studio\genesis-studio\packages\engines-py\.pdb_cache\4MNE,A
863,ThermoMPNN,4MNE,-0.18894338607788086,43,A,E,F:\GENESIS Studio\genesis-studio\packages\engines-py\.pdb_cache\4MNE,A
864,ThermoMPNN,4MNE,0.13101273775100708,43,A,F,F:\GENESIS Studio\genesis-studio\packages\engines-py\.pdb_cache\4MNE,A
865,ThermoMPNN,4MNE,0.3868626356124878,43,A,G,F:\GENESIS Studio\genesis-studio\packages\engines-py\.pdb_cache\4MNE,A
866,ThermoMPNN,4MNE,0.08228170871734619,43,A,H,F:\GENESIS Studio\genesis-studio\packages\engines-py\.pdb_cache\4MNE,A
867,ThermoMPNN,4MNE,0.15075761079788208,43,A,I,F:\GENESIS Studio\genesis-studio\packages\engines-py\.pdb_cache\4MNE,A
868,ThermoMPNN,4MNE,0.3148599863052368,43,A,K,F:\GENESIS Studio\genesis-studio\packages\engines-py\.pdb_cache\4MNE,A
869,ThermoMPNN,4MNE,0.1603676676750183,43,A,L,F:\GENESIS Studio\genesis-studio\packages\engines-py\.pdb_cache\4MNE,A
870,ThermoMPNN,4MNE,0.24075406789779663,43,A,M,F:\GENESIS Studio\genesis-studio\packages\engines-py\.pdb_cache\4MNE,A
871,ThermoMPNN,4MNE,0.21082723140716553,43,A,N,F:\GENESIS Studio\genesis-studio\packages\engines-py\.pdb_cache\4MNE,A
872,ThermoMPNN,4MNE,0.48337721824645996,43,A,P,F:\GENESIS Studio\genesis-studio\packages\engines-py\.pdb_cache\4MNE,A
873,ThermoMPNN,4MNE,0.14137965440750122,43,A,Q,F:\GENESIS Studio\genesis-studio\packages\engines-py\.pdb_cache\4MNE,A
874,ThermoMPNN,4MNE,0.3062549829483032,43,A,R,F:\GENESIS Studio\genesis-studio\packages\engines-py\.pdb_cache\4MNE,A
875,ThermoMPNN,4MNE,0.13407021760940552,43,A,S,F:\GENESIS Studio\genesis-studio\packages\engines-py\.pdb_cache\4MNE,A
876,ThermoMPNN,4MNE,0.18641716241836548,43,A,T,F:\GENESIS Studio\genesis-studio\packages\engines-py\.pdb_cache\4MNE,A
877,ThermoMPNN,4MNE,0.08453595638275146,43,A,V,F:\GENESIS Studio\genesis-studio\packages\engines-py\.pdb_cache\4MNE,A
878,ThermoMPNN,4MNE,-0.05891448259353638,43,A,W,F:\GENESIS Studio\genesis-studio\packages\engines-py\.pdb_cache\4MNE,A
879,ThermoMPNN,4MNE,-0.012815415859222412,43,A,Y,F:\GENESIS Studio\genesis-studio\packages\engines-py\.pdb_cache\4MNE,A
880,ThermoMPNN,4MNE,1.0145330429077148,44,I,A,F:\GENESIS Studio\genesis-studio\packages\engines-py\.pdb_cache\4MNE,A
881,ThermoMPNN,4MNE,0.5358003377914429,44,I,C,F:\GENESIS Studio\genesis-studio\packages\engines-py\.pdb_cache\4MNE,A
882,ThermoMPNN,4MNE,0.946182370185852,44,I,D,F:\GENESIS Studio\genesis-studio\packages\engines-py\.pdb_cache\4MNE,A
883,ThermoMPNN,4MNE,1.012000322341919,44,I,E,F:\GENESIS Studio\genesis-studio\packages\engines-py\.pdb_cache\4MNE,A
884,ThermoMPNN,4MNE,0.7455242872238159,44,I,F,F:\GENESIS Studio\genesis-studio\packages\engines-py\.pdb_cache\4MNE,A
885,ThermoMPNN,4MNE,1.779919147491455,44,I,G,F:\GENESIS Studio\genesis-studio\packages\engines-py\.pdb_cache\4MNE,A
886,ThermoMPNN,4MNE,0.8234491348266602,44,I,H,F:\GENESIS Studio\genesis-studio\packages\engines-py\.pdb_cache\4MNE,A
887,ThermoMPNN,4MNE,0.0,44,I,I,F:\GENESIS Studio\genesis-studio\packages\engines-py\.pdb_cache\4MNE,A
888,ThermoMPNN,4MNE,0.8861730694770813,44,I,K,F:\GENESIS Studio\genesis-studio\packages\engines-py\.pdb_cache\4MNE,A
889,ThermoMPNN,4MNE,0.4053966999053955,44,I,L,F:\GENESIS Studio\genesis-studio\packages\engines-py\.pdb_cache\4MNE,A
890,ThermoMPNN,4MNE,0.6013147830963135,44,I,M,F:\GENESIS Studio\genesis-studio\packages\engines-py\.pdb_cache\4MNE,A
891,ThermoMPNN,4MNE,1.0867886543273926,44,I,N,F:\GENESIS Studio\genesis-studio\packages\engines-py\.pdb_cache\4MNE,A
892,ThermoMPNN,4MNE,2.0619611740112305,44,I,P,F:\GENESIS Studio\genesis-studio\packages\engines-py\.pdb_cache\4MNE,A
893,ThermoMPNN,4MNE,0.7701987624168396,44,I,Q,F:\GENESIS Studio\genesis-studio\packages\engines-py\.pdb_cache\4MNE,A
894,ThermoMPNN,4MNE,0.9132840633392334,44,I,R,F:\GENESIS Studio\genesis-studio\packages\engines-py\.pdb_cache\4MNE,A
895,ThermoMPNN,4MNE,1.1470134258270264,44,I,S,F:\GENESIS Studio\genesis-studio\packages\engines-py\.pdb_cache\4MNE,A
896,ThermoMPNN,4MNE,0.9572310447692871,44,I,T,F:\GENESIS Studio\genesis-studio\packages\engines-py\.pdb_cache\4MNE,A
897,ThermoMPNN,4MNE,0.16752839088439941,44,I,V,F:\GENESIS Studio\genesis-studio\packages\engines-py\.pdb_cache\4MNE,A
898,ThermoMPNN,4MNE,0.6202728748321533,44,I,W,F:\GENESIS Studio\genesis-studio\packages\engines-py\.pdb_cache\4MNE,A
899,ThermoMPNN,4MNE,0.7065715789794922,44,I,Y,F:\GENESIS Studio\genesis-studio\packages\engines-py\.pdb_cache\4MNE,A
900,ThermoMPNN,4MNE,-0.2837413549423218,45,R,A,F:\GENESIS Studio\genesis-studio\packages\engines-py\.pdb_cache\4MNE,A
901,ThermoMPNN,4MNE,0.010947585105895996,45,R,C,F:\GENESIS Studio\genesis-studio\packages\engines-py\.pdb_cache\4MNE,A
902,ThermoMPNN,4MNE,1.5937693119049072,45,R,D,F:\GENESIS Studio\genesis-studio\packages\engines-py\.pdb_cache\4MNE,A
903,ThermoMPNN,4MNE,0.9582819938659668,45,R,E,F:\GENESIS Studio\genesis-studio\packages\engines-py\.pdb_cache\4MNE,A
904,ThermoMPNN,4MNE,0.22528237104415894,45,R,F,F:\GENESIS Studio\genesis-studio\packages\engines-py\.pdb_cache\4MNE,A
905,ThermoMPNN,4MNE,0.7922705411911011,45,R,G,F:\GENESIS Studio\genesis-studio\packages\engines-py\.pdb_cache\4MNE,A
906,ThermoMPNN,4MNE,0.7466875314712524,45,R,H,F:\GENESIS Studio\genesis-studio\packages\engines-py\.pdb_cache\4MNE,A
907,ThermoMPNN,4MNE,-0.12742340564727783,45,R,I,F:\GENESIS Studio\genesis-studio\packages\engines-py\.pdb_cache\4MNE,A
908,ThermoMPNN,4MNE,0.19936656951904297,45,R,K,F:\GENESIS Studio\genesis-studio\packages\engines-py\.pdb_cache\4MNE,A
909,ThermoMPNN,4MNE,-0.039618611335754395,45,R,L,F:\GENESIS Studio\genesis-studio\packages\engines-py\.pdb_cache\4MNE,A
910,ThermoMPNN,4MNE,-0.04070746898651123,45,R,M,F:\GENESIS Studio\genesis-studio\packages\engines-py\.pdb_cache\4MNE,A
911,ThermoMPNN,4MNE,1.1984682083129883,45,R,N,F:\GENESIS Studio\genesis-studio\packages\engines-py\.pdb_cache\4MNE,A
912,ThermoMPNN,4MNE,1.7942790985107422,45,R,P,F:\GENESIS Studio\genesis-studio\packages\engines-py\.pdb_cache\4MNE,A
913,ThermoMPNN,4MNE,0.4640648365020752,45,R,Q,F:\GENESIS Studio\genesis-studio\packages\engines-py\.pdb_cache\4MNE,A
914,ThermoMPNN,4MNE,0.0,45,R,R,F:\GENESIS Studio\genesis-studio\packages\engines-py\.pdb_cache\4MNE,A
915,ThermoMPNN,4MNE,0.5517492294311523,45,R,S,F:\GENESIS Studio\genesis-studio\packages\engines-py\.pdb_cache\4MNE,A
916,ThermoMPNN,4MNE,0.6352626085281372,45,R,T,F:\GENESIS Studio\genesis-studio\packages\engines-py\.pdb_cache\4MNE,A
917,ThermoMPNN,4MNE,-0.042678117752075195,45,R,V,F:\GENESIS Studio\genesis-studio\packages\engines-py\.pdb_cache\4MNE,A
918,ThermoMPNN,4MNE,0.1583150029182434,45,R,W,F:\GENESIS Studio\genesis-studio\packages\engines-py\.pdb_cache\4MNE,A
919,ThermoMPNN,4MNE,0.23947936296463013,45,R,Y,F:\GENESIS Studio\genesis-studio\packages\engines-py\.pdb_cache\4MNE,A
920,ThermoMPNN,4MNE,-0.17992472648620605,46,N,A,F:\GENESIS Studio\genesis-studio\packages\engines-py\.pdb_cache\4MNE,A
921,ThermoMPNN,4MNE,-0.25724494457244873,46,N,C,F:\GENESIS Studio\genesis-studio\packages\engines-py\.pdb_cache\4MNE,A
922,ThermoMPNN,4MNE,-0.03588980436325073,46,N,D,F:\GENESIS Studio\genesis-studio\packages\engines-py\.pdb_cache\4MNE,A
923,ThermoMPNN,4MNE,-0.33012449741363525,46,N,E,F:\GENESIS Studio\genesis-studio\packages\engines-py\.pdb_cache\4MNE,A
924,ThermoMPNN,4MNE,0.23836660385131836,46,N,F,F:\GENESIS Studio\genesis-studio\packages\engines-py\.pdb_cache\4MNE,A
925,ThermoMPNN,4MNE,0.5833396911621094,46,N,G,F:\GENESIS Studio\genesis-studio\packages\engines-py\.pdb_cache\4MNE,A
926,ThermoMPNN,4MNE,0.09405261278152466,46,N,H,F:\GENESIS Studio\genesis-studio\packages\engines-py\.pdb_cache\4MNE,A
927,ThermoMPNN,4MNE,0.08962023258209229,46,N,I,F:\GENESIS Studio\genesis-studio\packages\engines-py\.pdb_cache\4MNE,A
928,ThermoMPNN,4MNE,-0.013811349868774414,46,N,K,F:\GENESIS Studio\genesis-studio\packages\engines-py\.pdb_cache\4MNE,A
929,ThermoMPNN,4MNE,-0.10942339897155762,46,N,L,F:\GENESIS Studio\genesis-studio\packages\engines-py\.pdb_cache\4MNE,A
930,ThermoMPNN,4MNE,-0.08819031715393066,46,N,M,F:\GENESIS Studio\genesis-studio\packages\engines-py\.pdb_cache\4MNE,A
931,ThermoMPNN,4MNE,0.0,46,N,N,F:\GENESIS Studio\genesis-studio\packages\engines-py\.pdb_cache\4MNE,A
932,ThermoMPNN,4MNE,2.2582435607910156,46,N,P,F:\GENESIS Studio\genesis-studio\packages\engines-py\.pdb_cache\4MNE,A
933,ThermoMPNN,4MNE,-0.18110859394073486,46,N,Q,F:\GENESIS Studio\genesis-studio\packages\engines-py\.pdb_cache\4MNE,A
934,ThermoMPNN,4MNE,-0.03054070472717285,46,N,R,F:\GENESIS Studio\genesis-studio\packages\engines-py\.pdb_cache\4MNE,A
935,ThermoMPNN,4MNE,0.055696725845336914,46,N,S,F:\GENESIS Studio\genesis-studio\packages\engines-py\.pdb_cache\4MNE,A
936,ThermoMPNN,4MNE,0.2408272624015808,46,N,T,F:\GENESIS Studio\genesis-studio\packages\engines-py\.pdb_cache\4MNE,A
937,ThermoMPNN,4MNE,0.09180134534835815,46,N,V,F:\GENESIS Studio\genesis-studio\packages\engines-py\.pdb_cache\4MNE,A
938,ThermoMPNN,4MNE,0.08679443597793579,46,N,W,F:\GENESIS Studio\genesis-studio\packages\engines-py\.pdb_cache\4MNE,A
939,ThermoMPNN,4MNE,0.16685938835144043,46,N,Y,F:\GENESIS Studio\genesis-studio\packages\engines-py\.pdb_cache\4MNE,A
940,ThermoMPNN,4MNE,-0.03885447978973389,47,Q,A,F:\GENESIS Studio\genesis-studio\packages\engines-py\.pdb_cache\4MNE,A
941,ThermoMPNN,4MNE,0.16095119714736938,47,Q,C,F:\GENESIS Studio\genesis-studio\packages\engines-py\.pdb_cache\4MNE,A
942,ThermoMPNN,4MNE,0.7358672022819519,47,Q,D,F:\GENESIS Studio\genesis-studio\packages\engines-py\.pdb_cache\4MNE,A
943,ThermoMPNN,4MNE,0.22311419248580933,47,Q,E,F:\GENESIS Studio\genesis-studio\packages\engines-py\.pdb_cache\4MNE,A
944,ThermoMPNN,4MNE,0.5642937421798706,47,Q,F,F:\GENESIS Studio\genesis-studio\packages\engines-py\.pdb_cache\4MNE,A
945,ThermoMPNN,4MNE,0.8085829019546509,47,Q,G,F:\GENESIS Studio\genesis-studio\packages\engines-py\.pdb_cache\4MNE,A
946,ThermoMPNN,4MNE,0.5292389392852783,47,Q,H,F:\GENESIS Studio\genesis-studio\packages\engines-py\.pdb_cache\4MNE,A
947,ThermoMPNN,4MNE,0.32159650325775146,47,Q,I,F:\GENESIS Studio\genesis-studio\packages\engines-py\.pdb_cache\4MNE,A
948,ThermoMPNN,4MNE,0.01937711238861084,47,Q,K,F:\GENESIS Studio\genesis-studio\packages\engines-py\.pdb_cache\4MNE,A
949,ThermoMPNN,4MNE,0.11215043067932129,47,Q,L,F:\GENESIS Studio\genesis-studio\packages\engines-py\.pdb_cache\4MNE,A
950,ThermoMPNN,4MNE,0.05356299877166748,47,Q,M,F:\GENESIS Studio\genesis-studio\packages\engines-py\.pdb_cache\4MNE,A
951,ThermoMPNN,4MNE,0.6466318368911743,47,Q,N,F:\GENESIS Studio\genesis-studio\packages\engines-py\.pdb_cache\4MNE,A
952,ThermoMPNN,4MNE,2.0924646854400635,47,Q,P,F:\GENESIS Studio\genesis-studio\packages\engines-py\.pdb_cache\4MNE,A
953,ThermoMPNN,4MNE,0.0,47,Q,Q,F:\GENESIS Studio\genesis-studio\packages\engines-py\.pdb_cache\4MNE,A
954,ThermoMPNN,4MNE,0.08283388614654541,47,Q,R,F:\GENESIS Studio\genesis-studio\packages\engines-py\.pdb_cache\4MNE,A
955,ThermoMPNN,4MNE,0.2830312252044678,47,Q,S,F:\GENESIS Studio\genesis-studio\packages\engines-py\.pdb_cache\4MNE,A
956,ThermoMPNN,4MNE,0.47840309143066406,47,Q,T,F:\GENESIS Studio\genesis-studio\packages\engines-py\.pdb_cache\4MNE,A
957,ThermoMPNN,4MNE,0.5482801198959351,47,Q,V,F:\GENESIS Studio\genesis-studio\packages\engines-py\.pdb_cache\4MNE,A
958,ThermoMPNN,4MNE,0.4633289575576782,47,Q,W,F:\GENESIS Studio\genesis-studio\packages\engines-py\.pdb_cache\4MNE,A
959,ThermoMPNN,4MNE,0.6434853672981262,47,Q,Y,F:\GENESIS Studio\genesis-studio\packages\engines-py\.pdb_cache\4MNE,A
960,ThermoMPNN,4MNE,1.971797227859497,48,I,A,F:\GENESIS Studio\genesis-studio\packages\engines-py\.pdb_cache\4MNE,A
961,ThermoMPNN,4MNE,1.545248031616211,48,I,C,F:\GENESIS Studio\genesis-studio\packages\engines-py\.pdb_cache\4MNE,A
962,ThermoMPNN,4MNE,2.8335416316986084,48,I,D,F:\GENESIS Studio\genesis-studio\packages\engines-py\.pdb_cache\4MNE,A
963,ThermoMPNN,4MNE,2.8822574615478516,48,I,E,F:\GENESIS Studio\genesis-studio\packages\engines-py\.pdb_cache\4MNE,A
964,ThermoMPNN,4MNE,1.7179632186889648,48,I,F,F:\GENESIS Studio\genesis-studio\packages\engines-py\.pdb_cache\4MNE,A
965,ThermoMPNN,4MNE,2.807288885116577,48,I,G,F:\GENESIS Studio\genesis-studio\packages\engines-py\.pdb_cache\4MNE,A
966,ThermoMPNN,4MNE,2.4392080307006836,48,I,H,F:\GENESIS Studio\genesis-studio\packages\engines-py\.pdb_cache\4MNE,A
967,ThermoMPNN,4MNE,0.0,48,I,I,F:\GENESIS Studio\genesis-studio\packages\engines-py\.pdb_cache\4MNE,A
968,ThermoMPNN,4MNE,2.4148898124694824,48,I,K,F:\GENESIS Studio\genesis-studio\packages\engines-py\.pdb_cache\4MNE,A
969,ThermoMPNN,4MNE,0.8929078578948975,48,I,L,F:\GENESIS Studio\genesis-studio\packages\engines-py\.pdb_cache\4MNE,A
970,ThermoMPNN,4MNE,1.4246582984924316,48,I,M,F:\GENESIS Studio\genesis-studio\packages\engines-py\.pdb_cache\4MNE,A
971,ThermoMPNN,4MNE,2.6805849075317383,48,I,N,F:\GENESIS Studio\genesis-studio\packages\engines-py\.pdb_cache\4MNE,A
972,ThermoMPNN,4MNE,2.9049599170684814,48,I,P,F:\GENESIS Studio\genesis-studio\packages\engines-py\.pdb_cache\4MNE,A
973,ThermoMPNN,4MNE,2.5344088077545166,48,I,Q,F:\GENESIS Studio\genesis-studio\packages\engines-py\.pdb_cache\4MNE,A
974,ThermoMPNN,4MNE,2.4594640731811523,48,I,R,F:\GENESIS Studio\genesis-studio\packages\engines-py\.pdb_cache\4MNE,A
975,ThermoMPNN,4MNE,2.66560959815979,48,I,S,F:\GENESIS Studio\genesis-studio\packages\engines-py\.pdb_cache\4MNE,A
976,ThermoMPNN,4MNE,2.2970378398895264,48,I,T,F:\GENESIS Studio\genesis-studio\packages\engines-py\.pdb_cache\4MNE,A
977,ThermoMPNN,4MNE,0.7846481800079346,48,I,V,F:\GENESIS Studio\genesis-studio\packages\engines-py\.pdb_cache\4MNE,A
978,ThermoMPNN,4MNE,1.8607051372528076,48,I,W,F:\GENESIS Studio\genesis-studio\packages\engines-py\.pdb_cache\4MNE,A
979,ThermoMPNN,4MNE,1.8624887466430664,48,I,Y,F:\GENESIS Studio\genesis-studio\packages\engines-py\.pdb_cache\4MNE,A
980,ThermoMPNN,4MNE,1.361980676651001,49,I,A,F:\GENESIS Studio\genesis-studio\packages\engines-py\.pdb_cache\4MNE,A
981,ThermoMPNN,4MNE,0.6971261501312256,49,I,C,F:\GENESIS Studio\genesis-studio\packages\engines-py\.pdb_cache\4MNE,A
982,ThermoMPNN,4MNE,1.550431251525879,49,I,D,F:\GENESIS Studio\genesis-studio\packages\engines-py\.pdb_cache\4MNE,A
983,ThermoMPNN,4MNE,1.4112534523010254,49,I,E,F:\GENESIS Studio\genesis-studio\packages\engines-py\.pdb_cache\4MNE,A
984,ThermoMPNN,4MNE,0.939634382724762,49,I,F,F:\GENESIS Studio\genesis-studio\packages\engines-py\.pdb_cache\4MNE,A
985,ThermoMPNN,4MNE,1.6990751028060913,49,I,G,F:\GENESIS Studio\genesis-studio\packages\engines-py\.pdb_cache\4MNE,A
986,ThermoMPNN,4MNE,1.4297547340393066,49,I,H,F:\GENESIS Studio\genesis-studio\packages\engines-py\.pdb_cache\4MNE,A
987,ThermoMPNN,4MNE,0.0,49,I,I,F:\GENESIS Studio\genesis-studio\packages\engines-py\.pdb_cache\4MNE,A
988,ThermoMPNN,4MNE,1.577710509300232,49,I,K,F:\GENESIS Studio\genesis-studio\packages\engines-py\.pdb_cache\4MNE,A
989,ThermoMPNN,4MNE,0.5356647968292236,49,I,L,F:\GENESIS Studio\genesis-studio\packages\engines-py\.pdb_cache\4MNE,A
990,ThermoMPNN,4MNE,0.854155421257019,49,I,M,F:\GENESIS Studio\genesis-studio\packages\engines-py\.pdb_cache\4MNE,A
991,ThermoMPNN,4MNE,1.5706441402435303,49,I,N,F:\GENESIS Studio\genesis-studio\packages\engines-py\.pdb_cache\4MNE,A
992,ThermoMPNN,4MNE,2.258009433746338,49,I,P,F:\GENESIS Studio\genesis-studio\packages\engines-py\.pdb_cache\4MNE,A
993,ThermoMPNN,4MNE,1.4709644317626953,49,I,Q,F:\GENESIS Studio\genesis-studio\packages\engines-py\.pdb_cache\4MNE,A
994,ThermoMPNN,4MNE,1.666731595993042,49,I,R,F:\GENESIS Studio\genesis-studio\packages\engines-py\.pdb_cache\4MNE,A
995,ThermoMPNN,4MNE,1.3733491897583008,49,I,S,F:\GENESIS Studio\genesis-studio\packages\engines-py\.pdb_cache\4MNE,A
996,ThermoMPNN,4MNE,1.1847740411758423,49,I,T,F:\GENESIS Studio\genesis-studio\packages\engines-py\.pdb_cache\4MNE,A
997,ThermoMPNN,4MNE,0.410585880279541,49,I,V,F:\GENESIS Studio\genesis-studio\packages\engines-py\.pdb_cache\4MNE,A
998,ThermoMPNN,4MNE,1.1325647830963135,49,I,W,F:\GENESIS Studio\genesis-studio\packages\engines-py\.pdb_cache\4MNE,A
999,ThermoMPNN,4MNE,1.12437105178833,49,I,Y,F:\GENESIS Studio\genesis-studio\packages\engines-py\.pdb_cache\4MNE,A
1000,ThermoMPNN,4MNE,0.10383689403533936,50,R,A,F:\GENESIS Studio\genesis-studio\packages\engines-py\.pdb_cache\4MNE,A
1001,ThermoMPNN,4MNE,0.09321987628936768,50,R,C,F:\GENESIS Studio\genesis-studio\packages\engines-py\.pdb_cache\4MNE,A
1002,ThermoMPNN,4MNE,0.503582775592804,50,R,D,F:\GENESIS Studio\genesis-studio\packages\engines-py\.pdb_cache\4MNE,A
1003,ThermoMPNN,4MNE,0.2675105929374695,50,R,E,F:\GENESIS Studio\genesis-studio\packages\engines-py\.pdb_cache\4MNE,A
1004,ThermoMPNN,4MNE,0.42605870962142944,50,R,F,F:\GENESIS Studio\genesis-studio\packages\engines-py\.pdb_cache\4MNE,A
1005,ThermoMPNN,4MNE,0.8152667284011841,50,R,G,F:\GENESIS Studio\genesis-studio\packages\engines-py\.pdb_cache\4MNE,A
1006,ThermoMPNN,4MNE,0.35522615909576416,50,R,H,F:\GENESIS Studio\genesis-studio\packages\engines-py\.pdb_cache\4MNE,A
1007,ThermoMPNN,4MNE,0.30927348136901855,50,R,I,F:\GENESIS Studio\genesis-studio\packages\engines-py\.pdb_cache\4MNE,A
1008,ThermoMPNN,4MNE,0.1252070665359497,50,R,K,F:\GENESIS Studio\genesis-studio\packages\engines-py\.pdb_cache\4MNE,A
1009,ThermoMPNN,4MNE,0.21055996417999268,50,R,L,F:\GENESIS Studio\genesis-studio\packages\engines-py\.pdb_cache\4MNE,A
1010,ThermoMPNN,4MNE,0.20891165733337402,50,R,M,F:\GENESIS Studio\genesis-studio\packages\engines-py\.pdb_cache\4MNE,A
1011,ThermoMPNN,4MNE,0.32546567916870117,50,R,N,F:\GENESIS Studio\genesis-studio\packages\engines-py\.pdb_cache\4MNE,A
1012,ThermoMPNN,4MNE,2.455474376678467,50,R,P,F:\GENESIS Studio\genesis-studio\packages\engines-py\.pdb_cache\4MNE,A
1013,ThermoMPNN,4MNE,0.20972764492034912,50,R,Q,F:\GENESIS Studio\genesis-studio\packages\engines-py\.pdb_cache\4MNE,A
1014,ThermoMPNN,4MNE,0.0,50,R,R,F:\GENESIS Studio\genesis-studio\packages\engines-py\.pdb_cache\4MNE,A
1015,ThermoMPNN,4MNE,0.3034958243370056,50,R,S,F:\GENESIS Studio\genesis-studio\packages\engines-py\.pdb_cache\4MNE,A
1016,ThermoMPNN,4MNE,0.41605907678604126,50,R,T,F:\GENESIS Studio\genesis-studio\packages\engines-py\.pdb_cache\4MNE,A
1017,ThermoMPNN,4MNE,0.4311085343360901,50,R,V,F:\GENESIS Studio\genesis-studio\packages\engines-py\.pdb_cache\4MNE,A
1018,ThermoMPNN,4MNE,0.35917097330093384,50,R,W,F:\GENESIS Studio\genesis-studio\packages\engines-py\.pdb_cache\4MNE,A
1019,ThermoMPNN,4MNE,0.3508850932121277,50,R,Y,F:\GENESIS Studio\genesis-studio\packages\engines-py\.pdb_cache\4MNE,A
1020,ThermoMPNN,4MNE,0.9847387671470642,51,E,A,F:\GENESIS Studio\genesis-studio\packages\engines-py\.pdb_cache\4MNE,A
1021,ThermoMPNN,4MNE,0.8230371475219727,51,E,C,F:\GENESIS Studio\genesis-studio\packages\engines-py\.pdb_cache\4MNE,A
1022,ThermoMPNN,4MNE,0.9270696640014648,51,E,D,F:\GENESIS Studio\genesis-studio\packages\engines-py\.pdb_cache\4MNE,A
1023,ThermoMPNN,4MNE,0.0,51,E,E,F:\GENESIS Studio\genesis-studio\packages\engines-py\.pdb_cache\4MNE,A
1024,ThermoMPNN,4MNE,1.5254826545715332,51,E,F,F:\GENESIS Studio\genesis-studio\packages\engines-py\.pdb_cache\4MNE,A
1025,ThermoMPNN,4MNE,1.3123290538787842,51,E,G,F:\GENESIS Studio\genesis-studio\packages\engines-py\.pdb_cache\4MNE,A
1026,ThermoMPNN,4MNE,1.315495491027832,51,E,H,F:\GENESIS Studio\genesis-studio\packages\engines-py\.pdb_cache\4MNE,A
1027,ThermoMPNN,4MNE,1.5275139808654785,51,E,I,F:\GENESIS Studio\genesis-studio\packages\engines-py\.pdb_cache\4MNE,A
1028,ThermoMPNN,4MNE,1.6419193744659424,51,E,K,F:\GENESIS Studio\genesis-studio\packages\engines-py\.pdb_cache\4MNE,A
1029,ThermoMPNN,4MNE,1.4574241638183594,51,E,L,F:\GENESIS Studio\genesis-studio\packages\engines-py\.pdb_cache\4MNE,A
1030,ThermoMPNN,4MNE,1.0308066606521606,51,E,M,F:\GENESIS Studio\genesis-studio\packages\engines-py\.pdb_cache\4MNE,A
1031,ThermoMPNN,4MNE,1.394883394241333,51,E,N,F:\GENESIS Studio\genesis-studio\packages\engines-py\.pdb_cache\4MNE,A
1032,ThermoMPNN,4MNE,2.7975361347198486,51,E,P,F:\GENESIS Studio\genesis-studio\packages\engines-py\.pdb_cache\4MNE,A
1033,ThermoMPNN,4MNE,0.6380307674407959,51,E,Q,F:\GENESIS Studio\genesis-studio\packages\engines-py\.pdb_cache\4MNE,A
1034,ThermoMPNN,4MNE,1.6954972743988037,51,E,R,F:\GENESIS Studio\genesis-studio\packages\engines-py\.pdb_cache\4MNE,A
1035,ThermoMPNN,4MNE,1.2848765850067139,51,E,S,F:\GENESIS Studio\genesis-studio\packages\engines-py\.pdb_cache\4MNE,A
1036,ThermoMPNN,4MNE,1.1836717128753662,51,E,T,F:\GENESIS Studio\genesis-studio\packages\engines-py\.pdb_cache\4MNE,A
1037,ThermoMPNN,4MNE,1.4119548797607422,51,E,V,F:\GENESIS Studio\genesis-studio\packages\engines-py\.pdb_cache\4MNE,A
1038,ThermoMPNN,4MNE,1.4938043355941772,51,E,W,F:\GENESIS Studio\genesis-studio\packages\engines-py\.pdb_cache\4MNE,A
1039,ThermoMPNN,4MNE,1.4104828834533691,51,E,Y,F:\GENESIS Studio\genesis-studio\packages\engines-py\.pdb_cache\4MNE,A
1040,ThermoMPNN,4MNE,2.2568254470825195,52,L,A,F:\GENESIS Studio\genesis-studio\packages\engines-py\.pdb_cache\4MNE,A
1041,ThermoMPNN,4MNE,1.3681676387786865,52,L,C,F:\GENESIS Studio\genesis-studio\packages\engines-py\.pdb_cache\4MNE,A
1042,ThermoMPNN,4MNE,3.175687313079834,52,L,D,F:\GENESIS Studio\genesis-studio\packages\engines-py\.pdb_cache\4MNE,A
1043,ThermoMPNN,4MNE,2.679593801498413,52,L,E,F:\GENESIS Studio\genesis-studio\packages\engines-py\.pdb_cache\4MNE,A
1044,ThermoMPNN,4MNE,1.1762241125106812,52,L,F,F:\GENESIS Studio\genesis-studio\packages\engines-py\.pdb_cache\4MNE,A
1045,ThermoMPNN,4MNE,2.997344732284546,52,L,G,F:\GENESIS Studio\genesis-studio\packages\engines-py\.pdb_cache\4MNE,A
1046,ThermoMPNN,4MNE,2.6463756561279297,52,L,H,F:\GENESIS Studio\genesis-studio\packages\engines-py\.pdb_cache\4MNE,A
1047,ThermoMPNN,4MNE,1.082665205001831,52,L,I,F:\GENESIS Studio\genesis-studio\packages\engines-py\.pdb_cache\4MNE,A
1048,ThermoMPNN,4MNE,2.7283668518066406,52,L,K,F:\GENESIS Studio\genesis-studio\packages\engines-py\.pdb_cache\4MNE,A
1049,ThermoMPNN,4MNE,0.0,52,L,L,F:\GENESIS Studio\genesis-studio\packages\engines-py\.pdb_cache\4MNE,A
1050,ThermoMPNN,4MNE,0.8690717220306396,52,L,M,F:\GENESIS Studio\genesis-studio\packages\engines-py\.pdb_cache\4MNE,A
1051,ThermoMPNN,4MNE,3.030015707015991,52,L,N,F:\GENESIS Studio\genesis-studio\packages\engines-py\.pdb_cache\4MNE,A
1052,ThermoMPNN,4MNE,3.339860439300537,52,L,P,F:\GENESIS Studio\genesis-studio\packages\engines-py\.pdb_cache\4MNE,A
1053,ThermoMPNN,4MNE,2.651137351989746,52,L,Q,F:\GENESIS Studio\genesis-studio\packages\engines-py\.pdb_cache\4MNE,A
1054,ThermoMPNN,4MNE,2.7670233249664307,52,L,R,F:\GENESIS Studio\genesis-studio\packages\engines-py\.pdb_cache\4MNE,A
1055,ThermoMPNN,4MNE,2.77253794670105,52,L,S,F:\GENESIS Studio\genesis-studio\packages\engines-py\.pdb_cache\4MNE,A
1056,ThermoMPNN,4MNE,2.410426378250122,52,L,T,F:\GENESIS Studio\genesis-studio\packages\engines-py\.pdb_cache\4MNE,A
1057,ThermoMPNN,4MNE,1.7577998638153076,52,L,V,F:\GENESIS Studio\genesis-studio\packages\engines-py\.pdb_cache\4MNE,A
1058,ThermoMPNN,4MNE,1.6485543251037598,52,L,W,F:\GENESIS Studio\genesis-studio\packages\engines-py\.pdb_cache\4MNE,A
1059,ThermoMPNN,4MNE,1.7040765285491943,52,L,Y,F:\GENESIS Studio\genesis-studio\packages\engines-py\.pdb_cache\4MNE,A
1060,ThermoMPNN,4MNE,0.03838479518890381,53,Q,A,F:\GENESIS Studio\genesis-studio\packages\engines-py\.pdb_cache\4MNE,A
1061,ThermoMPNN,4MNE,-0.07528084516525269,53,Q,C,F:\GENESIS Studio\genesis-studio\packages\engines-py\.pdb_cache\4MNE,A
1062,ThermoMPNN,4MNE,0.6131901144981384,53,Q,D,F:\GENESIS Studio\genesis-studio\packages\engines-py\.pdb_cache\4MNE,A
1063,ThermoMPNN,4MNE,0.29521799087524414,53,Q,E,F:\GENESIS Studio\genesis-studio\packages\engines-py\.pdb_cache\4MNE,A
1064,ThermoMPNN,4MNE,0.1658337116241455,53,Q,F,F:\GENESIS Studio\genesis-studio\packages\engines-py\.pdb_cache\4MNE,A
1065,ThermoMPNN,4MNE,0.5513050556182861,53,Q,G,F:\GENESIS Studio\genesis-studio\packages\engines-py\.pdb_cache\4MNE,A
1066,ThermoMPNN,4MNE,0.24850696325302124,53,Q,H,F:\GENESIS Studio\genesis-studio\packages\engines-py\.pdb_cache\4MNE,A
1067,ThermoMPNN,4MNE,0.16075807809829712,53,Q,I,F:\GENESIS Studio\genesis-studio\packages\engines-py\.pdb_cache\4MNE,A
1068,ThermoMPNN,4MNE,-0.04787057638168335,53,Q,K,F:\GENESIS Studio\genesis-studio\packages\engines-py\.pdb_cache\4MNE,A
1069,ThermoMPNN,4MNE,-0.1394672989845276,53,Q,L,F:\GENESIS Studio\genesis-studio\packages\engines-py\.pdb_cache\4MNE,A
1070,ThermoMPNN,4MNE,-0.09316819906234741,53,Q,M,F:\GENESIS Studio\genesis-studio\packages\engines-py\.pdb_cache\4MNE,A
1071,ThermoMPNN,4MNE,0.3017048239707947,53,Q,N,F:\GENESIS Studio\genesis-studio\packages\engines-py\.pdb_cache\4MNE,A
1072,ThermoMPNN,4MNE,2.341508388519287,53,Q,P,F:\GENESIS Studio\genesis-studio\packages\engines-py\.pdb_cache\4MNE,A
1073,ThermoMPNN,4MNE,0.0,53,Q,Q,F:\GENESIS Studio\genesis-studio\packages\engines-py\.pdb_cache\4MNE,A
1074,ThermoMPNN,4MNE,-0.03877657651901245,53,Q,R,F:\GENESIS Studio\genesis-studio\packages\engines-py\.pdb_cache\4MNE,A
1075,ThermoMPNN,4MNE,0.35431498289108276,53,Q,S,F:\GENESIS Studio\genesis-studio\packages\engines-py\.pdb_cache\4MNE,A
1076,ThermoMPNN,4MNE,0.3523990511894226,53,Q,T,F:\GENESIS Studio\genesis-studio\packages\engines-py\.pdb_cache\4MNE,A
1077,ThermoMPNN,4MNE,0.2713841199874878,53,Q,V,F:\GENESIS Studio\genesis-studio\packages\engines-py\.pdb_cache\4MNE,A
1078,ThermoMPNN,4MNE,0.2920263409614563,53,Q,W,F:\GENESIS Studio\genesis-studio\packages\engines-py\.pdb_cache\4MNE,A
1079,ThermoMPNN,4MNE,0.24264222383499146,53,Q,Y,F:\GENESIS Studio\genesis-studio\packages\engines-py\.pdb_cache\4MNE,A
1080,ThermoMPNN,4MNE,-0.17411166429519653,54,V,A,F:\GENESIS Studio\genesis-studio\packages\engines-py\.pdb_cache\4MNE,A
1081,ThermoMPNN,4MNE,-0.1459541916847229,54,V,C,F:\GENESIS Studio\genesis-studio\packages\engines-py\.pdb_cache\4MNE,A
1082,ThermoMPNN,4MNE,0.7542147636413574,54,V,D,F:\GENESIS Studio\genesis-studio\packages\engines-py\.pdb_cache\4MNE,A
1083,ThermoMPNN,4MNE,0.5361800193786621,54,V,E,F:\GENESIS Studio\genesis-studio\packages\engines-py\.pdb_cache\4MNE,A
1084,ThermoMPNN,4MNE,0.2879118323326111,54,V,F,F:\GENESIS Studio\genesis-studio\packages\engines-py\.pdb_cache\4MNE,A
1085,ThermoMPNN,4MNE,0.26910632848739624,54,V,G,F:\GENESIS Studio\genesis-studio\packages\engines-py\.pdb_cache\4MNE,A
1086,ThermoMPNN,4MNE,0.10498446226119995,54,V,H,F:\GENESIS Studio\genesis-studio\packages\engines-py\.pdb_cache\4MNE,A
1087,ThermoMPNN,4MNE,-0.056292951107025146,54,V,I,F:\GENESIS Studio\genesis-studio\packages\engines-py\.pdb_cache\4MNE,A
1088,ThermoMPNN,4MNE,-0.4001207947731018,54,V,K,F:\GENESIS Studio\genesis-studio\packages\engines-py\.pdb_cache\4MNE,A
1089,ThermoMPNN,4MNE,-0.018794596195220947,54,V,L,F:\GENESIS Studio\genesis-studio\packages\engines-py\.pdb_cache\4MNE,A
1090,ThermoMPNN,4MNE,-0.13050979375839233,54,V,M,F:\GENESIS Studio\genesis-studio\packages\engines-py\.pdb_cache\4MNE,A
1091,ThermoMPNN,4MNE,0.16325652599334717,54,V,N,F:\GENESIS Studio\genesis-studio\packages\engines-py\.pdb_cache\4MNE,A
1092,ThermoMPNN,4MNE,1.550595998764038,54,V,P,F:\GENESIS Studio\genesis-studio\packages\engines-py\.pdb_cache\4MNE,A
1093,ThermoMPNN,4MNE,-0.18850404024124146,54,V,Q,F:\GENESIS Studio\genesis-studio\packages\engines-py\.pdb_cache\4MNE,A
1094,ThermoMPNN,4MNE,-0.43444710969924927,54,V,R,F:\GENESIS Studio\genesis-studio\packages\engines-py\.pdb_cache\4MNE,A
1095,ThermoMPNN,4MNE,-0.042956650257110596,54,V,S,F:\GENESIS Studio\genesis-studio\packages\engines-py\.pdb_cache\4MNE,A
1096,ThermoMPNN,4MNE,0.053690552711486816,54,V,T,F:\GENESIS Studio\genesis-studio\packages\engines-py\.pdb_cache\4MNE,A
1097,ThermoMPNN,4MNE,0.0,54,V,V,F:\GENESIS Studio\genesis-studio\packages\engines-py\.pdb_cache\4MNE,A
1098,ThermoMPNN,4MNE,0.2811047434806824,54,V,W,F:\GENESIS Studio\genesis-studio\packages\engines-py\.pdb_cache\4MNE,A
1099,ThermoMPNN,4MNE,0.26030248403549194,54,V,Y,F:\GENESIS Studio\genesis-studio\packages\engines-py\.pdb_cache\4MNE,A
1100,ThermoMPNN,4MNE,2.240863800048828,55,L,A,F:\GENESIS Studio\genesis-studio\packages\engines-py\.pdb_cache\4MNE,A
1101,ThermoMPNN,4MNE,0.8481693267822266,55,L,C,F:\GENESIS Studio\genesis-studio\packages\engines-py\.pdb_cache\4MNE,A
1102,ThermoMPNN,4MNE,2.9904046058654785,55,L,D,F:\GENESIS Studio\genesis-studio\packages\engines-py\.pdb_cache\4MNE,A
1103,ThermoMPNN,4MNE,2.284656524658203,55,L,E,F:\GENESIS Studio\genesis-studio\packages\engines-py\.pdb_cache\4MNE,A
1104,ThermoMPNN,4MNE,1.523591160774231,55,L,F,F:\GENESIS Studio\genesis-studio\packages\engines-py\.pdb_cache\4MNE,A
1105,ThermoMPNN,4MNE,2.1473355293273926,55,L,G,F:\GENESIS Studio\genesis-studio\packages\engines-py\.pdb_cache\4MNE,A
1106,ThermoMPNN,4MNE,2.414158582687378,55,L,H,F:\GENESIS Studio\genesis-studio\packages\engines-py\.pdb_cache\4MNE,A
1107,ThermoMPNN,4MNE,1.72938871383667,55,L,I,F:\GENESIS Studio\genesis-studio\packages\engines-py\.pdb_cache\4MNE,A
1108,ThermoMPNN,4MNE,1.852286458015442,55,L,K,F:\GENESIS Studio\genesis-studio\packages\engines-py\.pdb_cache\4MNE,A
1109,ThermoMPNN,4MNE,0.0,55,L,L,F:\GENESIS Studio\genesis-studio\packages\engines-py\.pdb_cache\4MNE,A
1110,ThermoMPNN,4MNE,0.7337696552276611,55,L,M,F:\GENESIS Studio\genesis-studio\packages\engines-py\.pdb_cache\4MNE,A
1111,ThermoMPNN,4MNE,2.4159281253814697,55,L,N,F:\GENESIS Studio\genesis-studio\packages\engines-py\.pdb_cache\4MNE,A
1112,ThermoMPNN,4MNE,2.6540234088897705,55,L,P,F:\GENESIS Studio\genesis-studio\packages\engines-py\.pdb_cache\4MNE,A
1113,ThermoMPNN,4MNE,1.9034749269485474,55,L,Q,F:\GENESIS Studio\genesis-studio\packages\engines-py\.pdb_cache\4MNE,A
1114,ThermoMPNN,4MNE,1.9340513944625854,55,L,R,F:\GENESIS Studio\genesis-studio\packages\engines-py\.pdb_cache\4MNE,A
1115,ThermoMPNN,4MNE,2.414515256881714,55,L,S,F:\GENESIS Studio\genesis-studio\packages\engines-py\.pdb_cache\4MNE,A
1116,ThermoMPNN,4MNE,2.326254367828369,55,L,T,F:\GENESIS Studio\genesis-studio\packages\engines-py\.pdb_cache\4MNE,A
1117,ThermoMPNN,4MNE,1.884444236755371,55,L,V,F:\GENESIS Studio\genesis-studio\packages\engines-py\.pdb_cache\4MNE,A
1118,ThermoMPNN,4MNE,1.6934287548065186,55,L,W,F:\GENESIS Studio\genesis-studio\packages\engines-py\.pdb_cache\4MNE,A
1119,ThermoMPNN,4MNE,2.040864944458008,55,L,Y,F:\GENESIS Studio\genesis-studio\packages\engines-py\.pdb_cache\4MNE,A
1120,ThermoMPNN,4MNE,0.17474716901779175,56,H,A,F:\GENESIS Studio\genesis-studio\packages\engines-py\.pdb_cache\4MNE,A
1121,ThermoMPNN,4MNE,-0.11665201187133789,56,H,C,F:\GENESIS Studio\genesis-studio\packages\engines-py\.pdb_cache\4MNE,A
1122,ThermoMPNN,4MNE,1.037210464477539,56,H,D,F:\GENESIS Studio\genesis-studio\packages\engines-py\.pdb_cache\4MNE,A
1123,ThermoMPNN,4MNE,1.047452449798584,56,H,E,F:\GENESIS Studio\genesis-studio\packages\engines-py\.pdb_cache\4MNE,A
1124,ThermoMPNN,4MNE,0.28987014293670654,56,H,F,F:\GENESIS Studio\genesis-studio\packages\engines-py\.pdb_cache\4MNE,A
1125,ThermoMPNN,4MNE,0.6819198131561279,56,H,G,F:\GENESIS Studio\genesis-studio\packages\engines-py\.pdb_cache\4MNE,A
1126,ThermoMPNN,4MNE,0.0,56,H,H,F:\GENESIS Studio\genesis-studio\packages\engines-py\.pdb_cache\4MNE,A
1127,ThermoMPNN,4MNE,0.4149051904678345,56,H,I,F:\GENESIS Studio\genesis-studio\packages\engines-py\.pdb_cache\4MNE,A
1128,ThermoMPNN,4MNE,0.08336412906646729,56,H,K,F:\GENESIS Studio\genesis-studio\packages\engines-py\.pdb_cache\4MNE,A
1129,ThermoMPNN,4MNE,-0.24544453620910645,56,H,L,F:\GENESIS Studio\genesis-studio\packages\engines-py\.pdb_cache\4MNE,A
1130,ThermoMPNN,4MNE,0.021337151527404785,56,H,M,F:\GENESIS Studio\genesis-studio\packages\engines-py\.pdb_cache\4MNE,A
1131,ThermoMPNN,4MNE,0.0002970695495605469,56,H,N,F:\GENESIS Studio\genesis-studio\packages\engines-py\.pdb_cache\4MNE,A
1132,ThermoMPNN,4MNE,1.506739854812622,56,H,P,F:\GENESIS Studio\genesis-studio\packages\engines-py\.pdb_cache\4MNE,A
1133,ThermoMPNN,4MNE,0.4589691758155823,56,H,Q,F:\GENESIS Studio\genesis-studio\packages\engines-py\.pdb_cache\4MNE,A
1134,ThermoMPNN,4MNE,-0.08901417255401611,56,H,R,F:\GENESIS Studio\genesis-studio\packages\engines-py\.pdb_cache\4MNE,A
1135,ThermoMPNN,4MNE,0.2634800672531128,56,H,S,F:\GENESIS Studio\genesis-studio\packages\engines-py\.pdb_cache\4MNE,A
1136,ThermoMPNN,4MNE,0.5752993822097778,56,H,T,F:\GENESIS Studio\genesis-studio\packages\engines-py\.pdb_cache\4MNE,A
1137,ThermoMPNN,4MNE,0.5761759281158447,56,H,V,F:\GENESIS Studio\genesis-studio\packages\engines-py\.pdb_cache\4MNE,A
1138,ThermoMPNN,4MNE,0.25426530838012695,56,H,W,F:\GENESIS Studio\genesis-studio\packages\engines-py\.pdb_cache\4MNE,A
1139,ThermoMPNN,4MNE,0.1429365873336792,56,H,Y,F:\GENESIS Studio\genesis-studio\packages\engines-py\.pdb_cache\4MNE,A
1140,ThermoMPNN,4MNE,0.04470187425613403,57,E,A,F:\GENESIS Studio\genesis-studio\packages\engines-py\.pdb_cache\4MNE,A
1141,ThermoMPNN,4MNE,-0.3430215120315552,57,E,C,F:\GENESIS Studio\genesis-studio\packages\engines-py\.pdb_cache\4MNE,A
1142,ThermoMPNN,4MNE,0.12550294399261475,57,E,D,F:\GENESIS Studio\genesis-studio\packages\engines-py\.pdb_cache\4MNE,A
1143,ThermoMPNN,4MNE,0.0,57,E,E,F:\GENESIS Studio\genesis-studio\packages\engines-py\.pdb_cache\4MNE,A
1144,ThermoMPNN,4MNE,-0.13372159004211426,57,E,F,F:\GENESIS Studio\genesis-studio\packages\engines-py\.pdb_cache\4MNE,A
1145,ThermoMPNN,4MNE,0.04259181022644043,57,E,G,F:\GENESIS Studio\genesis-studio\packages\engines-py\.pdb_cache\4MNE,A
1146,ThermoMPNN,4MNE,-0.06941306591033936,57,E,H,F:\GENESIS Studio\genesis-studio\packages\engines-py\.pdb_cache\4MNE,A
1147,ThermoMPNN,4MNE,0.29673564434051514,57,E,I,F:\GENESIS Studio\genesis-studio\packages\engines-py\.pdb_cache\4MNE,A
1148,ThermoMPNN,4MNE,0.04981255531311035,57,E,K,F:\GENESIS Studio\genesis-studio\packages\engines-py\.pdb_cache\4MNE,A
1149,ThermoMPNN,4MNE,0.055591702461242676,57,E,L,F:\GENESIS Studio\genesis-studio\packages\engines-py\.pdb_cache\4MNE,A
1150,ThermoMPNN,4MNE,0.08476287126541138,57,E,M,F:\GENESIS Studio\genesis-studio\packages\engines-py\.pdb_cache\4MNE,A
1151,ThermoMPNN,4MNE,0.015904664993286133,57,E,N,F:\GENESIS Studio\genesis-studio\packages\engines-py\.pdb_cache\4MNE,A
1152,ThermoMPNN,4MNE,1.2325224876403809,57,E,P,F:\GENESIS Studio\genesis-studio\packages\engines-py\.pdb_cache\4MNE,A
1153,ThermoMPNN,4MNE,0.028980135917663574,57,E,Q,F:\GENESIS Studio\genesis-studio\packages\engines-py\.pdb_cache\4MNE,A
1154,ThermoMPNN,4MNE,0.10878932476043701,57,E,R,F:\GENESIS Studio\genesis-studio\packages\engines-py\.pdb_cache\4MNE,A
1155,ThermoMPNN,4MNE,0.11778104305267334,57,E,S,F:\GENESIS Studio\genesis-studio\packages\engines-py\.pdb_cache\4MNE,A
1156,ThermoMPNN,4MNE,0.11034947633743286,57,E,T,F:\GENESIS Studio\genesis-studio\packages\engines-py\.pdb_cache\4MNE,A
1157,ThermoMPNN,4MNE,0.32813796401023865,57,E,V,F:\GENESIS Studio\genesis-studio\packages\engines-py\.pdb_cache\4MNE,A
1158,ThermoMPNN,4MNE,-0.05594372749328613,57,E,W,F:\GENESIS Studio\genesis-studio\packages\engines-py\.pdb_cache\4MNE,A
1159,ThermoMPNN,4MNE,-0.11657625436782837,57,E,Y,F:\GENESIS Studio\genesis-studio\packages\engines-py\.pdb_cache\4MNE,A
1160,ThermoMPNN,4MNE,0.26931142807006836,58,C,A,F:\GENESIS Studio\genesis-studio\packages\engines-py\.pdb_cache\4MNE,A
1161,ThermoMPNN,4MNE,0.0,58,C,C,F:\GENESIS Studio\genesis-studio\packages\engines-py\.pdb_cache\4MNE,A
1162,ThermoMPNN,4MNE,1.3799636363983154,58,C,D,F:\GENESIS Studio\genesis-studio\packages\engines-py\.pdb_cache\4MNE,A
1163,ThermoMPNN,4MNE,1.8121585845947266,58,C,E,F:\GENESIS Studio\genesis-studio\packages\engines-py\.pdb_cache\4MNE,A
1164,ThermoMPNN,4MNE,0.36095160245895386,58,C,F,F:\GENESIS Studio\genesis-studio\packages\engines-py\.pdb_cache\4MNE,A
1165,ThermoMPNN,4MNE,0.8652514815330505,58,C,G,F:\GENESIS Studio\genesis-studio\packages\engines-py\.pdb_cache\4MNE,A
1166,ThermoMPNN,4MNE,1.161424160003662,58,C,H,F:\GENESIS Studio\genesis-studio\packages\engines-py\.pdb_cache\4MNE,A
1167,ThermoMPNN,4MNE,-0.5525354146957397,58,C,I,F:\GENESIS Studio\genesis-studio\packages\engines-py\.pdb_cache\4MNE,A
1168,ThermoMPNN,4MNE,1.4729151725769043,58,C,K,F:\GENESIS Studio\genesis-studio\packages\engines-py\.pdb_cache\4MNE,A
1169,ThermoMPNN,4MNE,-0.49012720584869385,58,C,L,F:\GENESIS Studio\genesis-studio\packages\engines-py\.pdb_cache\4MNE,A
1170,ThermoMPNN,4MNE,-0.2024902105331421,58,C,M,F:\GENESIS Studio\genesis-studio\packages\engines-py\.pdb_cache\4MNE,A
1171,ThermoMPNN,4MNE,1.2884342670440674,58,C,N,F:\GENESIS Studio\genesis-studio\packages\engines-py\.pdb_cache\4MNE,A
1172,ThermoMPNN,4MNE,1.3802380561828613,58,C,P,F:\GENESIS Studio\genesis-studio\packages\engines-py\.pdb_cache\4MNE,A
1173,ThermoMPNN,4MNE,1.2952455282211304,58,C,Q,F:\GENESIS Studio\genesis-studio\packages\engines-py\.pdb_cache\4MNE,A
1174,ThermoMPNN,4MNE,1.4173121452331543,58,C,R,F:\GENESIS Studio\genesis-studio\packages\engines-py\.pdb_cache\4MNE,A
1175,ThermoMPNN,4MNE,1.1350806951522827,58,C,S,F:\GENESIS Studio\genesis-studio\packages\engines-py\.pdb_cache\4MNE,A
1176,ThermoMPNN,4MNE,1.0403378009796143,58,C,T,F:\GENESIS Studio\genesis-studio\packages\engines-py\.pdb_cache\4MNE,A
1177,ThermoMPNN,4MNE,-0.36230480670928955,58,C,V,F:\GENESIS Studio\genesis-studio\packages\engines-py\.pdb_cache\4MNE,A
1178,ThermoMPNN,4MNE,0.740749716758728,58,C,W,F:\GENESIS Studio\genesis-studio\packages\engines-py\.pdb_cache\4MNE,A
1179,ThermoMPNN,4MNE,0.7550520896911621,58,C,Y,F:\GENESIS Studio\genesis-studio\packages\engines-py\.pdb_cache\4MNE,A
1180,ThermoMPNN,4MNE,0.40065789222717285,59,N,A,F:\GENESIS Studio\genesis-studio\packages\engines-py\.pdb_cache\4MNE,A
1181,ThermoMPNN,4MNE,0.033530592918395996,59,N,C,F:\GENESIS Studio\genesis-studio\packages\engines-py\.pdb_cache\4MNE,A
1182,ThermoMPNN,4MNE,0.5459294319152832,59,N,D,F:\GENESIS Studio\genesis-studio\packages\engines-py\.pdb_cache\4MNE,A
1183,ThermoMPNN,4MNE,0.7107199430465698,59,N,E,F:\GENESIS Studio\genesis-studio\packages\engines-py\.pdb_cache\4MNE,A
1184,ThermoMPNN,4MNE,0.407794713973999,59,N,F,F:\GENESIS Studio\genesis-studio\packages\engines-py\.pdb_cache\4MNE,A
1185,ThermoMPNN,4MNE,0.6195498704910278,59,N,G,F:\GENESIS Studio\genesis-studio\packages\engines-py\.pdb_cache\4MNE,A
1186,ThermoMPNN,4MNE,0.07307279109954834,59,N,H,F:\GENESIS Studio\genesis-studio\packages\engines-py\.pdb_cache\4MNE,A
1187,ThermoMPNN,4MNE,0.08062082529067993,59,N,I,F:\GENESIS Studio\genesis-studio\packages\engines-py\.pdb_cache\4MNE,A
1188,ThermoMPNN,4MNE,0.007727861404418945,59,N,K,F:\GENESIS Studio\genesis-studio\packages\engines-py\.pdb_cache\4MNE,A
1189,ThermoMPNN,4MNE,0.3064195513725281,59,N,L,F:\GENESIS Studio\genesis-studio\packages\engines-py\.pdb_cache\4MNE,A
1190,ThermoMPNN,4MNE,0.3403921127319336,59,N,M,F:\GENESIS Studio\genesis-studio\packages\engines-py\.pdb_cache\4MNE,A
1191,ThermoMPNN,4MNE,0.0,59,N,N,F:\GENESIS Studio\genesis-studio\packages\engines-py\.pdb_cache\4MNE,A
1192,ThermoMPNN,4MNE,1.6964499950408936,59,N,P,F:\GENESIS Studio\genesis-studio\packages\engines-py\.pdb_cache\4MNE,A
1193,ThermoMPNN,4MNE,0.16085803508758545,59,N,Q,F:\GENESIS Studio\genesis-studio\packages\engines-py\.pdb_cache\4MNE,A
1194,ThermoMPNN,4MNE,0.021138548851013184,59,N,R,F:\GENESIS Studio\genesis-studio\packages\engines-py\.pdb_cache\4MNE,A
1195,ThermoMPNN,4MNE,0.26856285333633423,59,N,S,F:\GENESIS Studio\genesis-studio\packages\engines-py\.pdb_cache\4MNE,A
1196,ThermoMPNN,4MNE,0.3896632194519043,59,N,T,F:\GENESIS Studio\genesis-studio\packages\engines-py\.pdb_cache\4MNE,A
1197,ThermoMPNN,4MNE,0.09551483392715454,59,N,V,F:\GENESIS Studio\genesis-studio\packages\engines-py\.pdb_cache\4MNE,A
1198,ThermoMPNN,4MNE,0.5263358354568481,59,N,W,F:\GENESIS Studio\genesis-studio\packages\engines-py\.pdb_cache\4MNE,A
1199,ThermoMPNN,4MNE,0.39002639055252075,59,N,Y,F:\GENESIS Studio\genesis-studio\packages\engines-py\.pdb_cache\4MNE,A
1200,ThermoMPNN,4MNE,-0.10505867004394531,60,S,A,F:\GENESIS Studio\genesis-studio\packages\engines-py\.pdb_cache\4MNE,A
1201,ThermoMPNN,4MNE,0.3863018751144409,60,S,C,F:\GENESIS Studio\genesis-studio\packages\engines-py\.pdb_cache\4MNE,A
1202,ThermoMPNN,4MNE,1.4426658153533936,60,S,D,F:\GENESIS Studio\genesis-studio\packages\engines-py\.pdb_cache\4MNE,A
1203,ThermoMPNN,4MNE,2.011535167694092,60,S,E,F:\GENESIS Studio\genesis-studio\packages\engines-py\.pdb_cache\4MNE,A
1204,ThermoMPNN,4MNE,1.3477535247802734,60,S,F,F:\GENESIS Studio\genesis-studio\packages\engines-py\.pdb_cache\4MNE,A
1205,ThermoMPNN,4MNE,1.2350399494171143,60,S,G,F:\GENESIS Studio\genesis-studio\packages\engines-py\.pdb_cache\4MNE,A
1206,ThermoMPNN,4MNE,0.47061729431152344,60,S,H,F:\GENESIS Studio\genesis-studio\packages\engines-py\.pdb_cache\4MNE,A
1207,ThermoMPNN,4MNE,1.4736627340316772,60,S,I,F:\GENESIS Studio\genesis-studio\packages\engines-py\.pdb_cache\4MNE,A
1208,ThermoMPNN,4MNE,1.1962025165557861,60,S,K,F:\GENESIS Studio\genesis-studio\packages\engines-py\.pdb_cache\4MNE,A
1209,ThermoMPNN,4MNE,1.4730310440063477,60,S,L,F:\GENESIS Studio\genesis-studio\packages\engines-py\.pdb_cache\4MNE,A
1210,ThermoMPNN,4MNE,1.095521092414856,60,S,M,F:\GENESIS Studio\genesis-studio\packages\engines-py\.pdb_cache\4MNE,A
1211,ThermoMPNN,4MNE,0.6192855834960938,60,S,N,F:\GENESIS Studio\genesis-studio\packages\engines-py\.pdb_cache\4MNE,A
1212,ThermoMPNN,4MNE,1.8769614696502686,60,S,P,F:\GENESIS Studio\genesis-studio\packages\engines-py\.pdb_cache\4MNE,A
1213,ThermoMPNN,4MNE,1.3233726024627686,60,S,Q,F:\GENESIS Studio\genesis-studio\packages\engines-py\.pdb_cache\4MNE,A
1214,ThermoMPNN,4MNE,0.8105782866477966,60,S,R,F:\GENESIS Studio\genesis-studio\packages\engines-py\.pdb_cache\4MNE,A
1215,ThermoMPNN,4MNE,0.0,60,S,S,F:\GENESIS Studio\genesis-studio\packages\engines-py\.pdb_cache\4MNE,A
1216,ThermoMPNN,4MNE,1.2194691896438599,60,S,T,F:\GENESIS Studio\genesis-studio\packages\engines-py\.pdb_cache\4MNE,A
1217,ThermoMPNN,4MNE,1.2586641311645508,60,S,V,F:\GENESIS Studio\genesis-studio\packages\engines-py\.pdb_cache\4MNE,A
1218,ThermoMPNN,4MNE,1.2181687355041504,60,S,W,F:\GENESIS Studio\genesis-studio\packages\engines-py\.pdb_cache\4MNE,A
1219,ThermoMPNN,4MNE,1.0370217561721802,60,S,Y,F:\GENESIS Studio\genesis-studio\packages\engines-py\.pdb_cache\4MNE,A
1220,ThermoMPNN,4MNE,0.7076936960220337,61,P,A,F:\GENESIS Studio\genesis-studio\packages\engines-py\.pdb_cache\4MNE,A
1221,ThermoMPNN,4MNE,0.6370104551315308,61,P,C,F:\GENESIS Studio\genesis-studio\packages\engines-py\.pdb_cache\4MNE,A
1222,ThermoMPNN,4MNE,0.9273884296417236,61,P,D,F:\GENESIS Studio\genesis-studio\packages\engines-py\.pdb_cache\4MNE,A
1223,ThermoMPNN,4MNE,0.807101309299469,61,P,E,F:\GENESIS Studio\genesis-studio\packages\engines-py\.pdb_cache\4MNE,A
1224,ThermoMPNN,4MNE,1.1691949367523193,61,P,F,F:\GENESIS Studio\genesis-studio\packages\engines-py\.pdb_cache\4MNE,A
1225,ThermoMPNN,4MNE,1.105303168296814,61,P,G,F:\GENESIS Studio\genesis-studio\packages\engines-py\.pdb_cache\4MNE,A
1226,ThermoMPNN,4MNE,0.9725328683853149,61,P,H,F:\GENESIS Studio\genesis-studio\packages\engines-py\.pdb_cache\4MNE,A
1227,ThermoMPNN,4MNE,0.9880530834197998,61,P,I,F:\GENESIS Studio\genesis-studio\packages\engines-py\.pdb_cache\4MNE,A
1228,ThermoMPNN,4MNE,0.7115781903266907,61,P,K,F:\GENESIS Studio\genesis-studio\packages\engines-py\.pdb_cache\4MNE,A
1229,ThermoMPNN,4MNE,0.9930988550186157,61,P,L,F:\GENESIS Studio\genesis-studio\packages\engines-py\.pdb_cache\4MNE,A
1230,ThermoMPNN,4MNE,0.9311841130256653,61,P,M,F:\GENESIS Studio\genesis-studio\packages\engines-py\.pdb_cache\4MNE,A
1231,ThermoMPNN,4MNE,0.919452428817749,61,P,N,F:\GENESIS Studio\genesis-studio\packages\engines-py\.pdb_cache\4MNE,A
1232,ThermoMPNN,4MNE,0.0,61,P,P,F:\GENESIS Studio\genesis-studio\packages\engines-py\.pdb_cache\4MNE,A
1233,ThermoMPNN,4MNE,0.6929574608802795,61,P,Q,F:\GENESIS Studio\genesis-studio\packages\engines-py\.pdb_cache\4MNE,A
1234,ThermoMPNN,4MNE,0.8686248064041138,61,P,R,F:\GENESIS Studio\genesis-studio\packages\engines-py\.pdb_cache\4MNE,A
1235,ThermoMPNN,4MNE,0.6295013427734375,61,P,S,F:\GENESIS Studio\genesis-studio\packages\engines-py\.pdb_cache\4MNE,A
1236,ThermoMPNN,4MNE,0.8935372829437256,61,P,T,F:\GENESIS Studio\genesis-studio\packages\engines-py\.pdb_cache\4MNE,A
1237,ThermoMPNN,4MNE,1.071416974067688,61,P,V,F:\GENESIS Studio\genesis-studio\packages\engines-py\.pdb_cache\4MNE,A
1238,ThermoMPNN,4MNE,1.1216275691986084,61,P,W,F:\GENESIS Studio\genesis-studio\packages\engines-py\.pdb_cache\4MNE,A
1239,ThermoMPNN,4MNE,1.0979371070861816,61,P,Y,F:\GENESIS Studio\genesis-studio\packages\engines-py\.pdb_cache\4MNE,A
1240,ThermoMPNN,4MNE,1.7425048351287842,62,Y,A,F:\GENESIS Studio\genesis-studio\packages\engines-py\.pdb_cache\4MNE,A
1241,ThermoMPNN,4MNE,0.9740312099456787,62,Y,C,F:\GENESIS Studio\genesis-studio\packages\engines-py\.pdb_cache\4MNE,A
1242,ThermoMPNN,4MNE,1.8058838844299316,62,Y,D,F:\GENESIS Studio\genesis-studio\packages\engines-py\.pdb_cache\4MNE,A
1243,ThermoMPNN,4MNE,2.0017385482788086,62,Y,E,F:\GENESIS Studio\genesis-studio\packages\engines-py\.pdb_cache\4MNE,A
1244,ThermoMPNN,4MNE,0.39182472229003906,62,Y,F,F:\GENESIS Studio\genesis-studio\packages\engines-py\.pdb_cache\4MNE,A
1245,ThermoMPNN,4MNE,2.268850564956665,62,Y,G,F:\GENESIS Studio\genesis-studio\packages\engines-py\.pdb_cache\4MNE,A
1246,ThermoMPNN,4MNE,0.9675514698028564,62,Y,H,F:\GENESIS Studio\genesis-studio\packages\engines-py\.pdb_cache\4MNE,A
1247,ThermoMPNN,4MNE,1.8449640274047852,62,Y,I,F:\GENESIS Studio\genesis-studio\packages\engines-py\.pdb_cache\4MNE,A
1248,ThermoMPNN,4MNE,2.32145357131958,62,Y,K,F:\GENESIS Studio\genesis-studio\packages\engines-py\.pdb_cache\4MNE,A
1249,ThermoMPNN,4MNE,1.6688907146453857,62,Y,L,F:\GENESIS Studio\genesis-studio\packages\engines-py\.pdb_cache\4MNE,A
1250,ThermoMPNN,4MNE,1.7756478786468506,62,Y,M,F:\GENESIS Studio\genesis-studio\packages\engines-py\.pdb_cache\4MNE,A
1251,ThermoMPNN,4MNE,1.402701735496521,62,Y,N,F:\GENESIS Studio\genesis-studio\packages\engines-py\.pdb_cache\4MNE,A
1252,ThermoMPNN,4MNE,2.2839925289154053,62,Y,P,F:\GENESIS Studio\genesis-studio\packages\engines-py\.pdb_cache\4MNE,A
1253,ThermoMPNN,4MNE,2.072488784790039,62,Y,Q,F:\GENESIS Studio\genesis-studio\packages\engines-py\.pdb_cache\4MNE,A
1254,ThermoMPNN,4MNE,2.091297149658203,62,Y,R,F:\GENESIS Studio\genesis-studio\packages\engines-py\.pdb_cache\4MNE,A
1255,ThermoMPNN,4MNE,1.8924336433410645,62,Y,S,F:\GENESIS Studio\genesis-studio\packages\engines-py\.pdb_cache\4MNE,A
1256,ThermoMPNN,4MNE,1.7270877361297607,62,Y,T,F:\GENESIS Studio\genesis-studio\packages\engines-py\.pdb_cache\4MNE,A
1257,ThermoMPNN,4MNE,1.4206801652908325,62,Y,V,F:\GENESIS Studio\genesis-studio\packages\engines-py\.pdb_cache\4MNE,A
1258,ThermoMPNN,4MNE,0.18628740310668945,62,Y,W,F:\GENESIS Studio\genesis-studio\packages\engines-py\.pdb_cache\4MNE,A
1259,ThermoMPNN,4MNE,0.0,62,Y,Y,F:\GENESIS Studio\genesis-studio\packages\engines-py\.pdb_cache\4MNE,A
1260,ThermoMPNN,4MNE,2.7234370708465576,63,I,A,F:\GENESIS Studio\genesis-studio\packages\engines-py\.pdb_cache\4MNE,A
1261,ThermoMPNN,4MNE,1.873744249343872,63,I,C,F:\GENESIS Studio\genesis-studio\packages\engines-py\.pdb_cache\4MNE,A
1262,ThermoMPNN,4MNE,3.388577461242676,63,I,D,F:\GENESIS Studio\genesis-studio\packages\engines-py\.pdb_cache\4MNE,A
1263,ThermoMPNN,4MNE,3.4655094146728516,63,I,E,F:\GENESIS Studio\genesis-studio\packages\engines-py\.pdb_cache\4MNE,A
1264,ThermoMPNN,4MNE,2.0030055046081543,63,I,F,F:\GENESIS Studio\genesis-studio\packages\engines-py\.pdb_cache\4MNE,A
1265,ThermoMPNN,4MNE,3.3494253158569336,63,I,G,F:\GENESIS Studio\genesis-studio\packages\engines-py\.pdb_cache\4MNE,A
1266,ThermoMPNN,4MNE,3.0023069381713867,63,I,H,F:\GENESIS Studio\genesis-studio\packages\engines-py\.pdb_cache\4MNE,A
1267,ThermoMPNN,4MNE,0.0,63,I,I,F:\GENESIS Studio\genesis-studio\packages\engines-py\.pdb_cache\4MNE,A
1268,ThermoMPNN,4MNE,2.9260807037353516,63,I,K,F:\GENESIS Studio\genesis-studio\packages\engines-py\.pdb_cache\4MNE,A
1269,ThermoMPNN,4MNE,0.7794973850250244,63,I,L,F:\GENESIS Studio\genesis-studio\packages\engines-py\.pdb_cache\4MNE,A
1270,ThermoMPNN,4MNE,1.583668828010559,63,I,M,F:\GENESIS Studio\genesis-studio\packages\engines-py\.pdb_cache\4MNE,A
1271,ThermoMPNN,4MNE,3.2119429111480713,63,I,N,F:\GENESIS Studio\genesis-studio\packages\engines-py\.pdb_cache\4MNE,A
1272,ThermoMPNN,4MNE,3.4122915267944336,63,I,P,F:\GENESIS Studio\genesis-studio\packages\engines-py\.pdb_cache\4MNE,A
1273,ThermoMPNN,4MNE,3.0751407146453857,63,I,Q,F:\GENESIS Studio\genesis-studio\packages\engines-py\.pdb_cache\4MNE,A
1274,ThermoMPNN,4MNE,2.966247320175171,63,I,R,F:\GENESIS Studio\genesis-studio\packages\engines-py\.pdb_cache\4MNE,A
1275,ThermoMPNN,4MNE,3.1549205780029297,63,I,S,F:\GENESIS Studio\genesis-studio\packages\engines-py\.pdb_cache\4MNE,A
1276,ThermoMPNN,4MNE,2.613506317138672,63,I,T,F:\GENESIS Studio\genesis-studio\packages\engines-py\.pdb_cache\4MNE,A
1277,ThermoMPNN,4MNE,0.9262847900390625,63,I,V,F:\GENESIS Studio\genesis-studio\packages\engines-py\.pdb_cache\4MNE,A
1278,ThermoMPNN,4MNE,2.4553611278533936,63,I,W,F:\GENESIS Studio\genesis-studio\packages\engines-py\.pdb_cache\4MNE,A
1279,ThermoMPNN,4MNE,2.3719258308410645,63,I,Y,F:\GENESIS Studio\genesis-studio\packages\engines-py\.pdb_cache\4MNE,A
1280,ThermoMPNN,4MNE,0.8957165479660034,64,V,A,F:\GENESIS Studio\genesis-studio\packages\engines-py\.pdb_cache\4MNE,A
1281,ThermoMPNN,4MNE,0.7093371152877808,64,V,C,F:\GENESIS Studio\genesis-studio\packages\engines-py\.pdb_cache\4MNE,A
1282,ThermoMPNN,4MNE,2.1426358222961426,64,V,D,F:\GENESIS Studio\genesis-studio\packages\engines-py\.pdb_cache\4MNE,A
1283,ThermoMPNN,4MNE,1.9817670583724976,64,V,E,F:\GENESIS Studio\genesis-studio\packages\engines-py\.pdb_cache\4MNE,A
1284,ThermoMPNN,4MNE,1.5199450254440308,64,V,F,F:\GENESIS Studio\genesis-studio\packages\engines-py\.pdb_cache\4MNE,A
1285,ThermoMPNN,4MNE,1.727935791015625,64,V,G,F:\GENESIS Studio\genesis-studio\packages\engines-py\.pdb_cache\4MNE,A
1286,ThermoMPNN,4MNE,2.1250548362731934,64,V,H,F:\GENESIS Studio\genesis-studio\packages\engines-py\.pdb_cache\4MNE,A
1287,ThermoMPNN,4MNE,0.4466583728790283,64,V,I,F:\GENESIS Studio\genesis-studio\packages\engines-py\.pdb_cache\4MNE,A
1288,ThermoMPNN,4MNE,2.166393280029297,64,V,K,F:\GENESIS Studio\genesis-studio\packages\engines-py\.pdb_cache\4MNE,A
1289,ThermoMPNN,4MNE,0.9328428506851196,64,V,L,F:\GENESIS Studio\genesis-studio\packages\engines-py\.pdb_cache\4MNE,A
1290,ThermoMPNN,4MNE,1.218536138534546,64,V,M,F:\GENESIS Studio\genesis-studio\packages\engines-py\.pdb_cache\4MNE,A
1291,ThermoMPNN,4MNE,2.099984884262085,64,V,N,F:\GENESIS Studio\genesis-studio\packages\engines-py\.pdb_cache\4MNE,A
1292,ThermoMPNN,4MNE,1.927965760231018,64,V,P,F:\GENESIS Studio\genesis-studio\packages\engines-py\.pdb_cache\4MNE,A
1293,ThermoMPNN,4MNE,1.9395880699157715,64,V,Q,F:\GENESIS Studio\genesis-studio\packages\engines-py\.pdb_cache\4MNE,A
1294,ThermoMPNN,4MNE,2.152669906616211,64,V,R,F:\GENESIS Studio\genesis-studio\packages\engines-py\.pdb_cache\4MNE,A
1295,ThermoMPNN,4MNE,1.5380511283874512,64,V,S,F:\GENESIS Studio\genesis-studio\packages\engines-py\.pdb_cache\4MNE,A
1296,ThermoMPNN,4MNE,1.0207713842391968,64,V,T,F:\GENESIS Studio\genesis-studio\packages\engines-py\.pdb_cache\4MNE,A
1297,ThermoMPNN,4MNE,0.0,64,V,V,F:\GENESIS Studio\genesis-studio\packages\engines-py\.pdb_cache\4MNE,A
1298,ThermoMPNN,4MNE,1.7582350969314575,64,V,W,F:\GENESIS Studio\genesis-studio\packages\engines-py\.pdb_cache\4MNE,A
1299,ThermoMPNN,4MNE,1.8582900762557983,64,V,Y,F:\GENESIS Studio\genesis-studio\packages\engines-py\.pdb_cache\4MNE,A
1300,ThermoMPNN,4MNE,0.521918535232544,65,G,A,F:\GENESIS Studio\genesis-studio\packages\engines-py\.pdb_cache\4MNE,A
1301,ThermoMPNN,4MNE,0.6098403334617615,65,G,C,F:\GENESIS Studio\genesis-studio\packages\engines-py\.pdb_cache\4MNE,A
1302,ThermoMPNN,4MNE,1.6009970903396606,65,G,D,F:\GENESIS Studio\genesis-studio\packages\engines-py\.pdb_cache\4MNE,A
1303,ThermoMPNN,4MNE,1.425790548324585,65,G,E,F:\GENESIS Studio\genesis-studio\packages\engines-py\.pdb_cache\4MNE,A
1304,ThermoMPNN,4MNE,0.8738125562667847,65,G,F,F:\GENESIS Studio\genesis-studio\packages\engines-py\.pdb_cache\4MNE,A
1305,ThermoMPNN,4MNE,0.0,65,G,G,F:\GENESIS Studio\genesis-studio\packages\engines-py\.pdb_cache\4MNE,A
1306,ThermoMPNN,4MNE,0.6887785792350769,65,G,H,F:\GENESIS Studio\genesis-studio\packages\engines-py\.pdb_cache\4MNE,A
1307,ThermoMPNN,4MNE,1.5332725048065186,65,G,I,F:\GENESIS Studio\genesis-studio\packages\engines-py\.pdb_cache\4MNE,A
1308,ThermoMPNN,4MNE,0.32845306396484375,65,G,K,F:\GENESIS Studio\genesis-studio\packages\engines-py\.pdb_cache\4MNE,A
1309,ThermoMPNN,4MNE,1.154510736465454,65,G,L,F:\GENESIS Studio\genesis-studio\packages\engines-py\.pdb_cache\4MNE,A
1310,ThermoMPNN,4MNE,1.0039142370224,65,G,M,F:\GENESIS Studio\genesis-studio\packages\engines-py\.pdb_cache\4MNE,A
1311,ThermoMPNN,4MNE,0.8948767185211182,65,G,N,F:\GENESIS Studio\genesis-studio\packages\engines-py\.pdb_cache\4MNE,A
1312,ThermoMPNN,4MNE,1.6074626445770264,65,G,P,F:\GENESIS Studio\genesis-studio\packages\engines-py\.pdb_cache\4MNE,A
1313,ThermoMPNN,4MNE,0.6676450967788696,65,G,Q,F:\GENESIS Studio\genesis-studio\packages\engines-py\.pdb_cache\4MNE,A
1314,ThermoMPNN,4MNE,0.4001646041870117,65,G,R,F:\GENESIS Studio\genesis-studio\packages\engines-py\.pdb_cache\4MNE,A
1315,ThermoMPNN,4MNE,0.6707044243812561,65,G,S,F:\GENESIS Studio\genesis-studio\packages\engines-py\.pdb_cache\4MNE,A
1316,ThermoMPNN,4MNE,1.0243834257125854,65,G,T,F:\GENESIS Studio\genesis-studio\packages\engines-py\.pdb_cache\4MNE,A
1317,ThermoMPNN,4MNE,1.389238715171814,65,G,V,F:\GENESIS Studio\genesis-studio\packages\engines-py\.pdb_cache\4MNE,A
1318,ThermoMPNN,4MNE,1.1798795461654663,65,G,W,F:\GENESIS Studio\genesis-studio\packages\engines-py\.pdb_cache\4MNE,A
1319,ThermoMPNN,4MNE,1.109128475189209,65,G,Y,F:\GENESIS Studio\genesis-studio\packages\engines-py\.pdb_cache\4MNE,A
1320,ThermoMPNN,4MNE,1.8698935508728027,66,F,A,F:\GENESIS Studio\genesis-studio\packages\engines-py\.pdb_cache\4MNE,A
1321,ThermoMPNN,4MNE,1.1740922927856445,66,F,C,F:\GENESIS Studio\genesis-studio\packages\engines-py\.pdb_cache\4MNE,A
1322,ThermoMPNN,4MNE,1.9765427112579346,66,F,D,F:\GENESIS Studio\genesis-studio\packages\engines-py\.pdb_cache\4MNE,A
1323,ThermoMPNN,4MNE,2.190535306930542,66,F,E,F:\GENESIS Studio\genesis-studio\packages\engines-py\.pdb_cache\4MNE,A
1324,ThermoMPNN,4MNE,0.0,66,F,F,F:\GENESIS Studio\genesis-studio\packages\engines-py\.pdb_cache\4MNE,A
1325,ThermoMPNN,4MNE,2.03373122215271,66,F,G,F:\GENESIS Studio\genesis-studio\packages\engines-py\.pdb_cache\4MNE,A
1326,ThermoMPNN,4MNE,1.380129337310791,66,F,H,F:\GENESIS Studio\genesis-studio\packages\engines-py\.pdb_cache\4MNE,A
1327,ThermoMPNN,4MNE,1.5685560703277588,66,F,I,F:\GENESIS Studio\genesis-studio\packages\engines-py\.pdb_cache\4MNE,A
1328,ThermoMPNN,4MNE,1.9438018798828125,66,F,K,F:\GENESIS Studio\genesis-studio\packages\engines-py\.pdb_cache\4MNE,A
1329,ThermoMPNN,4MNE,1.4797064065933228,66,F,L,F:\GENESIS Studio\genesis-studio\packages\engines-py\.pdb_cache\4MNE,A
1330,ThermoMPNN,4MNE,1.4973037242889404,66,F,M,F:\GENESIS Studio\genesis-studio\packages\engines-py\.pdb_cache\4MNE,A
1331,ThermoMPNN,4MNE,1.7884445190429688,66,F,N,F:\GENESIS Studio\genesis-studio\packages\engines-py\.pdb_cache\4MNE,A
1332,ThermoMPNN,4MNE,1.8273582458496094,66,F,P,F:\GENESIS Studio\genesis-studio\packages\engines-py\.pdb_cache\4MNE,A
1333,ThermoMPNN,4MNE,2.0056915283203125,66,F,Q,F:\GENESIS Studio\genesis-studio\packages\engines-py\.pdb_cache\4MNE,A
1334,ThermoMPNN,4MNE,1.7417138814926147,66,F,R,F:\GENESIS Studio\genesis-studio\packages\engines-py\.pdb_cache\4MNE,A
1335,ThermoMPNN,4MNE,1.9502589702606201,66,F,S,F:\GENESIS Studio\genesis-studio\packages\engines-py\.pdb_cache\4MNE,A
1336,ThermoMPNN,4MNE,1.957346796989441,66,F,T,F:\GENESIS Studio\genesis-studio\packages\engines-py\.pdb_cache\4MNE,A
1337,ThermoMPNN,4MNE,1.614970326423645,66,F,V,F:\GENESIS Studio\genesis-studio\packages\engines-py\.pdb_cache\4MNE,A
1338,ThermoMPNN,4MNE,0.5866200923919678,66,F,W,F:\GENESIS Studio\genesis-studio\packages\engines-py\.pdb_cache\4MNE,A
1339,ThermoMPNN,4MNE,0.40964269638061523,66,F,Y,F:\GENESIS Studio\genesis-studio\packages\engines-py\.pdb_cache\4MNE,A
1340,ThermoMPNN,4MNE,1.8522093296051025,67,Y,A,F:\GENESIS Studio\genesis-studio\packages\engines-py\.pdb_cache\4MNE,A
1341,ThermoMPNN,4MNE,0.9016737937927246,67,Y,C,F:\GENESIS Studio\genesis-studio\packages\engines-py\.pdb_cache\4MNE,A
1342,ThermoMPNN,4MNE,2.840637445449829,67,Y,D,F:\GENESIS Studio\genesis-studio\packages\engines-py\.pdb_cache\4MNE,A
1343,ThermoMPNN,4MNE,2.2971062660217285,67,Y,E,F:\GENESIS Studio\genesis-studio\packages\engines-py\.pdb_cache\4MNE,A
1344,ThermoMPNN,4MNE,0.36164259910583496,67,Y,F,F:\GENESIS Studio\genesis-studio\packages\engines-py\.pdb_cache\4MNE,A
1345,ThermoMPNN,4MNE,2.5543746948242188,67,Y,G,F:\GENESIS Studio\genesis-studio\packages\engines-py\.pdb_cache\4MNE,A
1346,ThermoMPNN,4MNE,1.1150062084197998,67,Y,H,F:\GENESIS Studio\genesis-studio\packages\engines-py\.pdb_cache\4MNE,A
1347,ThermoMPNN,4MNE,1.1718013286590576,67,Y,I,F:\GENESIS Studio\genesis-studio\packages\engines-py\.pdb_cache\4MNE,A
1348,ThermoMPNN,4MNE,1.7881841659545898,67,Y,K,F:\GENESIS Studio\genesis-studio\packages\engines-py\.pdb_cache\4MNE,A
1349,ThermoMPNN,4MNE,1.0503711700439453,67,Y,L,F:\GENESIS Studio\genesis-studio\packages\engines-py\.pdb_cache\4MNE,A
1350,ThermoMPNN,4MNE,1.18576979637146,67,Y,M,F:\GENESIS Studio\genesis-studio\packages\engines-py\.pdb_cache\4MNE,A
1351,ThermoMPNN,4MNE,2.0374457836151123,67,Y,N,F:\GENESIS Studio\genesis-studio\packages\engines-py\.pdb_cache\4MNE,A
1352,ThermoMPNN,4MNE,2.8011302947998047,67,Y,P,F:\GENESIS Studio\genesis-studio\packages\engines-py\.pdb_cache\4MNE,A
1353,ThermoMPNN,4MNE,1.9466676712036133,67,Y,Q,F:\GENESIS Studio\genesis-studio\packages\engines-py\.pdb_cache\4MNE,A
1354,ThermoMPNN,4MNE,1.6711825132369995,67,Y,R,F:\GENESIS Studio\genesis-studio\packages\engines-py\.pdb_cache\4MNE,A
1355,ThermoMPNN,4MNE,2.0218892097473145,67,Y,S,F:\GENESIS Studio\genesis-studio\packages\engines-py\.pdb_cache\4MNE,A
1356,ThermoMPNN,4MNE,1.8964035511016846,67,Y,T,F:\GENESIS Studio\genesis-studio\packages\engines-py\.pdb_cache\4MNE,A
1357,ThermoMPNN,4MNE,1.4514012336730957,67,Y,V,F:\GENESIS Studio\genesis-studio\packages\engines-py\.pdb_cache\4MNE,A
1358,ThermoMPNN,4MNE,0.5248310565948486,67,Y,W,F:\GENESIS Studio\genesis-studio\packages\engines-py\.pdb_cache\4MNE,A
1359,ThermoMPNN,4MNE,0.0,67,Y,Y,F:\GENESIS Studio\genesis-studio\packages\engines-py\.pdb_cache\4MNE,A
1360,ThermoMPNN,4MNE,1.8786051273345947,68,G,A,F:\GENESIS Studio\genesis-studio\packages\engines-py\.pdb_cache\4MNE,A
1361,ThermoMPNN,4MNE,1.4216383695602417,68,G,C,F:\GENESIS Studio\genesis-studio\packages\engines-py\.pdb_cache\4MNE,A
1362,ThermoMPNN,4MNE,2.493961811065674,68,G,D,F:\GENESIS Studio\genesis-studio\packages\engines-py\.pdb_cache\4MNE,A
1363,ThermoMPNN,4MNE,2.5430238246917725,68,G,E,F:\GENESIS Studio\genesis-studio\packages\engines-py\.pdb_cache\4MNE,A
1364,ThermoMPNN,4MNE,1.5997200012207031,68,G,F,F:\GENESIS Studio\genesis-studio\packages\engines-py\.pdb_cache\4MNE,A
1365,ThermoMPNN,4MNE,0.0,68,G,G,F:\GENESIS Studio\genesis-studio\packages\engines-py\.pdb_cache\4MNE,A
1366,ThermoMPNN,4MNE,2.144824504852295,68,G,H,F:\GENESIS Studio\genesis-studio\packages\engines-py\.pdb_cache\4MNE,A
1367,ThermoMPNN,4MNE,2.0459775924682617,68,G,I,F:\GENESIS Studio\genesis-studio\packages\engines-py\.pdb_cache\4MNE,A
1368,ThermoMPNN,4MNE,2.451566457748413,68,G,K,F:\GENESIS Studio\genesis-studio\packages\engines-py\.pdb_cache\4MNE,A
1369,ThermoMPNN,4MNE,1.926755428314209,68,G,L,F:\GENESIS Studio\genesis-studio\packages\engines-py\.pdb_cache\4MNE,A
1370,ThermoMPNN,4MNE,1.9692318439483643,68,G,M,F:\GENESIS Studio\genesis-studio\packages\engines-py\.pdb_cache\4MNE,A
1371,ThermoMPNN,4MNE,2.3470702171325684,68,G,N,F:\GENESIS Studio\genesis-studio\packages\engines-py\.pdb_cache\4MNE,A
1372,ThermoMPNN,4MNE,2.5825886726379395,68,G,P,F:\GENESIS Studio\genesis-studio\packages\engines-py\.pdb_cache\4MNE,A
1373,ThermoMPNN,4MNE,2.336591958999634,68,G,Q,F:\GENESIS Studio\genesis-studio\packages\engines-py\.pdb_cache\4MNE,A
1374,ThermoMPNN,4MNE,2.4034695625305176,68,G,R,F:\GENESIS Studio\genesis-studio\packages\engines-py\.pdb_cache\4MNE,A
1375,ThermoMPNN,4MNE,2.183866500854492,68,G,S,F:\GENESIS Studio\genesis-studio\packages\engines-py\.pdb_cache\4MNE,A
1376,ThermoMPNN,4MNE,2.3571155071258545,68,G,T,F:\GENESIS Studio\genesis-studio\packages\engines-py\.pdb_cache\4MNE,A
1377,ThermoMPNN,4MNE,1.8795969486236572,68,G,V,F:\GENESIS Studio\genesis-studio\packages\engines-py\.pdb_cache\4MNE,A
1378,ThermoMPNN,4MNE,1.6455334424972534,68,G,W,F:\GENESIS Studio\genesis-studio\packages\engines-py\.pdb_cache\4MNE,A
1379,ThermoMPNN,4MNE,1.7691940069198608,68,G,Y,F:\GENESIS Studio\genesis-studio\packages\engines-py\.pdb_cache\4MNE,A
1380,ThermoMPNN,4MNE,0.0,69,A,A,F:\GENESIS Studio\genesis-studio\packages\engines-py\.pdb_cache\4MNE,A
1381,ThermoMPNN,4MNE,0.6259114742279053,69,A,C,F:\GENESIS Studio\genesis-studio\packages\engines-py\.pdb_cache\4MNE,A
1382,ThermoMPNN,4MNE,2.462407350540161,69,A,D,F:\GENESIS Studio\genesis-studio\packages\engines-py\.pdb_cache\4MNE,A
1383,ThermoMPNN,4MNE,2.458528518676758,69,A,E,F:\GENESIS Studio\genesis-studio\packages\engines-py\.pdb_cache\4MNE,A
1384,ThermoMPNN,4MNE,1.1868727207183838,69,A,F,F:\GENESIS Studio\genesis-studio\packages\engines-py\.pdb_cache\4MNE,A
1385,ThermoMPNN,4MNE,1.3027821779251099,69,A,G,F:\GENESIS Studio\genesis-studio\packages\engines-py\.pdb_cache\4MNE,A
1386,ThermoMPNN,4MNE,2.1536853313446045,69,A,H,F:\GENESIS Studio\genesis-studio\packages\engines-py\.pdb_cache\4MNE,A
1387,ThermoMPNN,4MNE,0.895177960395813,69,A,I,F:\GENESIS Studio\genesis-studio\packages\engines-py\.pdb_cache\4MNE,A
1388,ThermoMPNN,4MNE,2.2780990600585938,69,A,K,F:\GENESIS Studio\genesis-studio\packages\engines-py\.pdb_cache\4MNE,A
1389,ThermoMPNN,4MNE,1.3462390899658203,69,A,L,F:\GENESIS Studio\genesis-studio\packages\engines-py\.pdb_cache\4MNE,A
1390,ThermoMPNN,4MNE,1.2554612159729004,69,A,M,F:\GENESIS Studio\genesis-studio\packages\engines-py\.pdb_cache\4MNE,A
1391,ThermoMPNN,4MNE,2.3046791553497314,69,A,N,F:\GENESIS Studio\genesis-studio\packages\engines-py\.pdb_cache\4MNE,A
1392,ThermoMPNN,4MNE,2.2740864753723145,69,A,P,F:\GENESIS Studio\genesis-studio\packages\engines-py\.pdb_cache\4MNE,A
1393,ThermoMPNN,4MNE,2.183002233505249,69,A,Q,F:\GENESIS Studio\genesis-studio\packages\engines-py\.pdb_cache\4MNE,A
1394,ThermoMPNN,4MNE,2.2443525791168213,69,A,R,F:\GENESIS Studio\genesis-studio\packages\engines-py\.pdb_cache\4MNE,A
1395,ThermoMPNN,4MNE,0.947722315788269,69,A,S,F:\GENESIS Studio\genesis-studio\packages\engines-py\.pdb_cache\4MNE,A
1396,ThermoMPNN,4MNE,1.3210749626159668,69,A,T,F:\GENESIS Studio\genesis-studio\packages\engines-py\.pdb_cache\4MNE,A
1397,ThermoMPNN,4MNE,0.7407741546630859,69,A,V,F:\GENESIS Studio\genesis-studio\packages\engines-py\.pdb_cache\4MNE,A
1398,ThermoMPNN,4MNE,1.236706256866455,69,A,W,F:\GENESIS Studio\genesis-studio\packages\engines-py\.pdb_cache\4MNE,A
1399,ThermoMPNN,4MNE,1.4119446277618408,69,A,Y,F:\GENESIS Studio\genesis-studio\packages\engines-py\.pdb_cache\4MNE,A
1400,ThermoMPNN,4MNE,1.464035987854004,70,F,A,F:\GENESIS Studio\genesis-studio\packages\engines-py\.pdb_cache\4MNE,A
1401,ThermoMPNN,4MNE,0.8980475664138794,70,F,C,F:\GENESIS Studio\genesis-studio\packages\engines-py\.pdb_cache\4MNE,A
1402,ThermoMPNN,4MNE,1.3939695358276367,70,F,D,F:\GENESIS Studio\genesis-studio\packages\engines-py\.pdb_cache\4MNE,A
1403,ThermoMPNN,4MNE,1.3917070627212524,70,F,E,F:\GENESIS Studio\genesis-studio\packages\engines-py\.pdb_cache\4MNE,A
1404,ThermoMPNN,4MNE,0.0,70,F,F,F:\GENESIS Studio\genesis-studio\packages\engines-py\.pdb_cache\4MNE,A
1405,ThermoMPNN,4MNE,2.033945083618164,70,F,G,F:\GENESIS Studio\genesis-studio\packages\engines-py\.pdb_cache\4MNE,A
1406,ThermoMPNN,4MNE,1.6302595138549805,70,F,H,F:\GENESIS Studio\genesis-studio\packages\engines-py\.pdb_cache\4MNE,A
1407,ThermoMPNN,4MNE,1.0620839595794678,70,F,I,F:\GENESIS Studio\genesis-studio\packages\engines-py\.pdb_cache\4MNE,A
1408,ThermoMPNN,4MNE,2.022611379623413,70,F,K,F:\GENESIS Studio\genesis-studio\packages\engines-py\.pdb_cache\4MNE,A
1409,ThermoMPNN,4MNE,1.2274048328399658,70,F,L,F:\GENESIS Studio\genesis-studio\packages\engines-py\.pdb_cache\4MNE,A
1410,ThermoMPNN,4MNE,1.3125436305999756,70,F,M,F:\GENESIS Studio\genesis-studio\packages\engines-py\.pdb_cache\4MNE,A
1411,ThermoMPNN,4MNE,1.845104694366455,70,F,N,F:\GENESIS Studio\genesis-studio\packages\engines-py\.pdb_cache\4MNE,A
1412,ThermoMPNN,4MNE,2.0742950439453125,70,F,P,F:\GENESIS Studio\genesis-studio\packages\engines-py\.pdb_cache\4MNE,A
1413,ThermoMPNN,4MNE,1.772592544555664,70,F,Q,F:\GENESIS Studio\genesis-studio\packages\engines-py\.pdb_cache\4MNE,A
1414,ThermoMPNN,4MNE,1.965951681137085,70,F,R,F:\GENESIS Studio\genesis-studio\packages\engines-py\.pdb_cache\4MNE,A
1415,ThermoMPNN,4MNE,1.5400172472000122,70,F,S,F:\GENESIS Studio\genesis-studio\packages\engines-py\.pdb_cache\4MNE,A
1416,ThermoMPNN,4MNE,1.2666325569152832,70,F,T,F:\GENESIS Studio\genesis-studio\packages\engines-py\.pdb_cache\4MNE,A
1417,ThermoMPNN,4MNE,0.8734012842178345,70,F,V,F:\GENESIS Studio\genesis-studio\packages\engines-py\.pdb_cache\4MNE,A
1418,ThermoMPNN,4MNE,0.09149324893951416,70,F,W,F:\GENESIS Studio\genesis-studio\packages\engines-py\.pdb_cache\4MNE,A
1419,ThermoMPNN,4MNE,0.37167108058929443,70,F,Y,F:\GENESIS Studio\genesis-studio\packages\engines-py\.pdb_cache\4MNE,A
1420,ThermoMPNN,4MNE,2.274022102355957,71,Y,A,F:\GENESIS Studio\genesis-studio\packages\engines-py\.pdb_cache\4MNE,A
1421,ThermoMPNN,4MNE,1.8965251445770264,71,Y,C,F:\GENESIS Studio\genesis-studio\packages\engines-py\.pdb_cache\4MNE,A
1422,ThermoMPNN,4MNE,2.320676565170288,71,Y,D,F:\GENESIS Studio\genesis-studio\packages\engines-py\.pdb_cache\4MNE,A
1423,ThermoMPNN,4MNE,2.60070538520813,71,Y,E,F:\GENESIS Studio\genesis-studio\packages\engines-py\.pdb_cache\4MNE,A
1424,ThermoMPNN,4MNE,0.5368251800537109,71,Y,F,F:\GENESIS Studio\genesis-studio\packages\engines-py\.pdb_cache\4MNE,A
1425,ThermoMPNN,4MNE,2.4536354541778564,71,Y,G,F:\GENESIS Studio\genesis-studio\packages\engines-py\.pdb_cache\4MNE,A
1426,ThermoMPNN,4MNE,1.7975786924362183,71,Y,H,F:\GENESIS Studio\genesis-studio\packages\engines-py\.pdb_cache\4MNE,A
1427,ThermoMPNN,4MNE,2.0724377632141113,71,Y,I,F:\GENESIS Studio\genesis-studio\packages\engines-py\.pdb_cache\4MNE,A
1428,ThermoMPNN,4MNE,2.690624713897705,71,Y,K,F:\GENESIS Studio\genesis-studio\packages\engines-py\.pdb_cache\4MNE,A
1429,ThermoMPNN,4MNE,2.3095474243164062,71,Y,L,F:\GENESIS Studio\genesis-studio\packages\engines-py\.pdb_cache\4MNE,A
1430,ThermoMPNN,4MNE,2.2350854873657227,71,Y,M,F:\GENESIS Studio\genesis-studio\packages\engines-py\.pdb_cache\4MNE,A
1431,ThermoMPNN,4MNE,2.5586767196655273,71,Y,N,F:\GENESIS Studio\genesis-studio\packages\engines-py\.pdb_cache\4MNE,A
1432,ThermoMPNN,4MNE,2.6768088340759277,71,Y,P,F:\GENESIS Studio\genesis-studio\packages\engines-py\.pdb_cache\4MNE,A
1433,ThermoMPNN,4MNE,2.5535929203033447,71,Y,Q,F:\GENESIS Studio\genesis-studio\packages\engines-py\.pdb_cache\4MNE,A
1434,ThermoMPNN,4MNE,2.3666553497314453,71,Y,R,F:\GENESIS Studio\genesis-studio\packages\engines-py\.pdb_cache\4MNE,A
1435,ThermoMPNN,4MNE,2.520958423614502,71,Y,S,F:\GENESIS Studio\genesis-studio\packages\engines-py\.pdb_cache\4MNE,A
1436,ThermoMPNN,4MNE,2.3518619537353516,71,Y,T,F:\GENESIS Studio\genesis-studio\packages\engines-py\.pdb_cache\4MNE,A
1437,ThermoMPNN,4MNE,1.9465571641921997,71,Y,V,F:\GENESIS Studio\genesis-studio\packages\engines-py\.pdb_cache\4MNE,A
1438,ThermoMPNN,4MNE,0.5619473457336426,71,Y,W,F:\GENESIS Studio\genesis-studio\packages\engines-py\.pdb_cache\4MNE,A
1439,ThermoMPNN,4MNE,0.0,71,Y,Y,F:\GENESIS Studio\genesis-studio\packages\engines-py\.pdb_cache\4MNE,A
1440,ThermoMPNN,4MNE,0.31967461109161377,72,S,A,F:\GENESIS Studio\genesis-studio\packages\engines-py\.pdb_cache\4MNE,A
1441,ThermoMPNN,4MNE,0.10010862350463867,72,S,C,F:\GENESIS Studio\genesis-studio\packages\engines-py\.pdb_cache\4MNE,A
1442,ThermoMPNN,4MNE,0.9566674828529358,72,S,D,F:\GENESIS Studio\genesis-studio\packages\engines-py\.pdb_cache\4MNE,A
1443,ThermoMPNN,4MNE,1.105536937713623,72,S,E,F:\GENESIS Studio\genesis-studio\packages\engines-py\.pdb_cache\4MNE,A
1444,ThermoMPNN,4MNE,0.39576274156570435,72,S,F,F:\GENESIS Studio\genesis-studio\packages\engines-py\.pdb_cache\4MNE,A
1445,ThermoMPNN,4MNE,0.8271771669387817,72,S,G,F:\GENESIS Studio\genesis-studio\packages\engines-py\.pdb_cache\4MNE,A
1446,ThermoMPNN,4MNE,0.06526970863342285,72,S,H,F:\GENESIS Studio\genesis-studio\packages\engines-py\.pdb_cache\4MNE,A
1447,ThermoMPNN,4MNE,0.620768666267395,72,S,I,F:\GENESIS Studio\genesis-studio\packages\engines-py\.pdb_cache\4MNE,A
1448,ThermoMPNN,4MNE,0.5786376595497131,72,S,K,F:\GENESIS Studio\genesis-studio\packages\engines-py\.pdb_cache\4MNE,A
1449,ThermoMPNN,4MNE,0.8664097189903259,72,S,L,F:\GENESIS Studio\genesis-studio\packages\engines-py\.pdb_cache\4MNE,A
1450,ThermoMPNN,4MNE,0.6762334704399109,72,S,M,F:\GENESIS Studio\genesis-studio\packages\engines-py\.pdb_cache\4MNE,A
1451,ThermoMPNN,4MNE,0.35679322481155396,72,S,N,F:\GENESIS Studio\genesis-studio\packages\engines-py\.pdb_cache\4MNE,A
1452,ThermoMPNN,4MNE,1.7765223979949951,72,S,P,F:\GENESIS Studio\genesis-studio\packages\engines-py\.pdb_cache\4MNE,A
1453,ThermoMPNN,4MNE,0.6498506665229797,72,S,Q,F:\GENESIS Studio\genesis-studio\packages\engines-py\.pdb_cache\4MNE,A
1454,ThermoMPNN,4MNE,0.3641868233680725,72,S,R,F:\GENESIS Studio\genesis-studio\packages\engines-py\.pdb_cache\4MNE,A
1455,ThermoMPNN,4MNE,0.0,72,S,S,F:\GENESIS Studio\genesis-studio\packages\engines-py\.pdb_cache\4MNE,A
1456,ThermoMPNN,4MNE,0.31800711154937744,72,S,T,F:\GENESIS Studio\genesis-studio\packages\engines-py\.pdb_cache\4MNE,A
1457,ThermoMPNN,4MNE,0.4275803565979004,72,S,V,F:\GENESIS Studio\genesis-studio\packages\engines-py\.pdb_cache\4MNE,A
1458,ThermoMPNN,4MNE,0.325920045375824,72,S,W,F:\GENESIS Studio\genesis-studio\packages\engines-py\.pdb_cache\4MNE,A
1459,ThermoMPNN,4MNE,0.15357327461242676,72,S,Y,F:\GENESIS Studio\genesis-studio\packages\engines-py\.pdb_cache\4MNE,A
1460,ThermoMPNN,4MNE,-0.11335980892181396,73,D,A,F:\GENESIS Studio\genesis-studio\packages\engines-py\.pdb_cache\4MNE,A
1461,ThermoMPNN,4MNE,-0.27979034185409546,73,D,C,F:\GENESIS Studio\genesis-studio\packages\engines-py\.pdb_cache\4MNE,A
1462,ThermoMPNN,4MNE,0.0,73,D,D,F:\GENESIS Studio\genesis-studio\packages\engines-py\.pdb_cache\4MNE,A
1463,ThermoMPNN,4MNE,0.0667690634727478,73,D,E,F:\GENESIS Studio\genesis-studio\packages\engines-py\.pdb_cache\4MNE,A
1464,ThermoMPNN,4MNE,-0.023065924644470215,73,D,F,F:\GENESIS Studio\genesis-studio\packages\engines-py\.pdb_cache\4MNE,A
1465,ThermoMPNN,4MNE,-0.3773675560951233,73,D,G,F:\GENESIS Studio\genesis-studio\packages\engines-py\.pdb_cache\4MNE,A
1466,ThermoMPNN,4MNE,-0.06956499814987183,73,D,H,F:\GENESIS Studio\genesis-studio\packages\engines-py\.pdb_cache\4MNE,A
1467,ThermoMPNN,4MNE,0.5458195805549622,73,D,I,F:\GENESIS Studio\genesis-studio\packages\engines-py\.pdb_cache\4MNE,A
1468,ThermoMPNN,4MNE,-0.1855182647705078,73,D,K,F:\GENESIS Studio\genesis-studio\packages\engines-py\.pdb_cache\4MNE,A
1469,ThermoMPNN,4MNE,0.19861656427383423,73,D,L,F:\GENESIS Studio\genesis-studio\packages\engines-py\.pdb_cache\4MNE,A
1470,ThermoMPNN,4MNE,0.015580058097839355,73,D,M,F:\GENESIS Studio\genesis-studio\packages\engines-py\.pdb_cache\4MNE,A
1471,ThermoMPNN,4MNE,-0.12741881608963013,73,D,N,F:\GENESIS Studio\genesis-studio\packages\engines-py\.pdb_cache\4MNE,A
1472,ThermoMPNN,4MNE,1.0086933374404907,73,D,P,F:\GENESIS Studio\genesis-studio\packages\engines-py\.pdb_cache\4MNE,A
1473,ThermoMPNN,4MNE,-0.1194334626197815,73,D,Q,F:\GENESIS Studio\genesis-studio\packages\engines-py\.pdb_cache\4MNE,A
1474,ThermoMPNN,4MNE,-0.10820639133453369,73,D,R,F:\GENESIS Studio\genesis-studio\packages\engines-py\.pdb_cache\4MNE,A
1475,ThermoMPNN,4MNE,-0.005320847034454346,73,D,S,F:\GENESIS Studio\genesis-studio\packages\engines-py\.pdb_cache\4MNE,A
1476,ThermoMPNN,4MNE,0.30583706498146057,73,D,T,F:\GENESIS Studio\genesis-studio\packages\engines-py\.pdb_cache\4MNE,A
1477,ThermoMPNN,4MNE,0.5048388242721558,73,D,V,F:\GENESIS Studio\genesis-studio\packages\engines-py\.pdb_cache\4MNE,A
1478,ThermoMPNN,4MNE,0.15142720937728882,73,D,W,F:\GENESIS Studio\genesis-studio\packages\engines-py\.pdb_cache\4MNE,A
1479,ThermoMPNN,4MNE,0.11009740829467773,73,D,Y,F:\GENESIS Studio\genesis-studio\packages\engines-py\.pdb_cache\4MNE,A
1480,ThermoMPNN,4MNE,0.8919894695281982,74,G,A,F:\GENESIS Studio\genesis-studio\packages\engines-py\.pdb_cache\4MNE,A
1481,ThermoMPNN,4MNE,0.5483525991439819,74,G,C,F:\GENESIS Studio\genesis-studio\packages\engines-py\.pdb_cache\4MNE,A
1482,ThermoMPNN,4MNE,1.1757200956344604,74,G,D,F:\GENESIS Studio\genesis-studio\packages\engines-py\.pdb_cache\4MNE,A
1483,ThermoMPNN,4MNE,1.1211185455322266,74,G,E,F:\GENESIS Studio\genesis-studio\packages\engines-py\.pdb_cache\4MNE,A
1484,ThermoMPNN,4MNE,1.0317144393920898,74,G,F,F:\GENESIS Studio\genesis-studio\packages\engines-py\.pdb_cache\4MNE,A
1485,ThermoMPNN,4MNE,0.0,74,G,G,F:\GENESIS Studio\genesis-studio\packages\engines-py\.pdb_cache\4MNE,A
1486,ThermoMPNN,4MNE,0.7682529091835022,74,G,H,F:\GENESIS Studio\genesis-studio\packages\engines-py\.pdb_cache\4MNE,A
1487,ThermoMPNN,4MNE,1.6972627639770508,74,G,I,F:\GENESIS Studio\genesis-studio\packages\engines-py\.pdb_cache\4MNE,A
1488,ThermoMPNN,4MNE,0.8220929503440857,74,G,K,F:\GENESIS Studio\genesis-studio\packages\engines-py\.pdb_cache\4MNE,A
1489,ThermoMPNN,4MNE,1.214898705482483,74,G,L,F:\GENESIS Studio\genesis-studio\packages\engines-py\.pdb_cache\4MNE,A
1490,ThermoMPNN,4MNE,1.0191283226013184,74,G,M,F:\GENESIS Studio\genesis-studio\packages\engines-py\.pdb_cache\4MNE,A
1491,ThermoMPNN,4MNE,0.752552330493927,74,G,N,F:\GENESIS Studio\genesis-studio\packages\engines-py\.pdb_cache\4MNE,A
1492,ThermoMPNN,4MNE,1.948927402496338,74,G,P,F:\GENESIS Studio\genesis-studio\packages\engines-py\.pdb_cache\4MNE,A
1493,ThermoMPNN,4MNE,0.9266083240509033,74,G,Q,F:\GENESIS Studio\genesis-studio\packages\engines-py\.pdb_cache\4MNE,A
1494,ThermoMPNN,4MNE,0.8630908131599426,74,G,R,F:\GENESIS Studio\genesis-studio\packages\engines-py\.pdb_cache\4MNE,A
1495,ThermoMPNN,4MNE,0.9882363080978394,74,G,S,F:\GENESIS Studio\genesis-studio\packages\engines-py\.pdb_cache\4MNE,A
1496,ThermoMPNN,4MNE,1.3034353256225586,74,G,T,F:\GENESIS Studio\genesis-studio\packages\engines-py\.pdb_cache\4MNE,A
1497,ThermoMPNN,4MNE,1.6130356788635254,74,G,V,F:\GENESIS Studio\genesis-studio\packages\engines-py\.pdb_cache\4MNE,A
1498,ThermoMPNN,4MNE,1.2611678838729858,74,G,W,F:\GENESIS Studio\genesis-studio\packages\engines-py\.pdb_cache\4MNE,A
1499,ThermoMPNN,4MNE,1.0996068716049194,74,G,Y,F:\GENESIS Studio\genesis-studio\packages\engines-py\.pdb_cache\4MNE,A
1500,ThermoMPNN,4MNE,-0.25261127948760986,75,E,A,F:\GENESIS Studio\genesis-studio\packages\engines-py\.pdb_cache\4MNE,A
1501,ThermoMPNN,4MNE,-0.4655226469039917,75,E,C,F:\GENESIS Studio\genesis-studio\packages\engines-py\.pdb_cache\4MNE,A
1502,ThermoMPNN,4MNE,0.6774521470069885,75,E,D,F:\GENESIS Studio\genesis-studio\packages\engines-py\.pdb_cache\4MNE,A
1503,ThermoMPNN,4MNE,0.0,75,E,E,F:\GENESIS Studio\genesis-studio\packages\engines-py\.pdb_cache\4MNE,A
1504,ThermoMPNN,4MNE,-0.36027371883392334,75,E,F,F:\GENESIS Studio\genesis-studio\packages\engines-py\.pdb_cache\4MNE,A
1505,ThermoMPNN,4MNE,0.24204182624816895,75,E,G,F:\GENESIS Studio\genesis-studio\packages\engines-py\.pdb_cache\4MNE,A
1506,ThermoMPNN,4MNE,-0.03793567419052124,75,E,H,F:\GENESIS Studio\genesis-studio\packages\engines-py\.pdb_cache\4MNE,A
1507,ThermoMPNN,4MNE,-0.10740441083908081,75,E,I,F:\GENESIS Studio\genesis-studio\packages\engines-py\.pdb_cache\4MNE,A
1508,ThermoMPNN,4MNE,-0.08526569604873657,75,E,K,F:\GENESIS Studio\genesis-studio\packages\engines-py\.pdb_cache\4MNE,A
1509,ThermoMPNN,4MNE,-0.052683472633361816,75,E,L,F:\GENESIS Studio\genesis-studio\packages\engines-py\.pdb_cache\4MNE,A
1510,ThermoMPNN,4MNE,-0.23615491390228271,75,E,M,F:\GENESIS Studio\genesis-studio\packages\engines-py\.pdb_cache\4MNE,A
1511,ThermoMPNN,4MNE,0.3274318277835846,75,E,N,F:\GENESIS Studio\genesis-studio\packages\engines-py\.pdb_cache\4MNE,A
1512,ThermoMPNN,4MNE,1.3093082904815674,75,E,P,F:\GENESIS Studio\genesis-studio\packages\engines-py\.pdb_cache\4MNE,A
1513,ThermoMPNN,4MNE,-0.26676034927368164,75,E,Q,F:\GENESIS Studio\genesis-studio\packages\engines-py\.pdb_cache\4MNE,A
1514,ThermoMPNN,4MNE,-0.03667771816253662,75,E,R,F:\GENESIS Studio\genesis-studio\packages\engines-py\.pdb_cache\4MNE,A
1515,ThermoMPNN,4MNE,-0.018234193325042725,75,E,S,F:\GENESIS Studio\genesis-studio\packages\engines-py\.pdb_cache\4MNE,A
1516,ThermoMPNN,4MNE,-0.019069433212280273,75,E,T,F:\GENESIS Studio\genesis-studio\packages\engines-py\.pdb_cache\4MNE,A
1517,ThermoMPNN,4MNE,-0.26648545265197754,75,E,V,F:\GENESIS Studio\genesis-studio\packages\engines-py\.pdb_cache\4MNE,A
1518,ThermoMPNN,4MNE,-0.09328687191009521,75,E,W,F:\GENESIS Studio\genesis-studio\packages\engines-py\.pdb_cache\4MNE,A
1519,ThermoMPNN,4MNE,-0.2127368450164795,75,E,Y,F:\GENESIS Studio\genesis-studio\packages\engines-py\.pdb_cache\4MNE,A
1520,ThermoMPNN,4MNE,2.508939743041992,76,I,A,F:\GENESIS Studio\genesis-studio\packages\engines-py\.pdb_cache\4MNE,A
1521,ThermoMPNN,4MNE,1.6845062971115112,76,I,C,F:\GENESIS Studio\genesis-studio\packages\engines-py\.pdb_cache\4MNE,A
1522,ThermoMPNN,4MNE,3.037970542907715,76,I,D,F:\GENESIS Studio\genesis-studio\packages\engines-py\.pdb_cache\4MNE,A
1523,ThermoMPNN,4MNE,3.228854179382324,76,I,E,F:\GENESIS Studio\genesis-studio\packages\engines-py\.pdb_cache\4MNE,A
1524,ThermoMPNN,4MNE,1.6933753490447998,76,I,F,F:\GENESIS Studio\genesis-studio\packages\engines-py\.pdb_cache\4MNE,A
1525,ThermoMPNN,4MNE,3.2332863807678223,76,I,G,F:\GENESIS Studio\genesis-studio\packages\engines-py\.pdb_cache\4MNE,A
1526,ThermoMPNN,4MNE,3.0040602684020996,76,I,H,F:\GENESIS Studio\genesis-studio\packages\engines-py\.pdb_cache\4MNE,A
1527,ThermoMPNN,4MNE,0.0,76,I,I,F:\GENESIS Studio\genesis-studio\packages\engines-py\.pdb_cache\4MNE,A
1528,ThermoMPNN,4MNE,3.1187236309051514,76,I,K,F:\GENESIS Studio\genesis-studio\packages\engines-py\.pdb_cache\4MNE,A
1529,ThermoMPNN,4MNE,0.423936128616333,76,I,L,F:\GENESIS Studio\genesis-studio\packages\engines-py\.pdb_cache\4MNE,A
1530,ThermoMPNN,4MNE,1.4064022302627563,76,I,M,F:\GENESIS Studio\genesis-studio\packages\engines-py\.pdb_cache\4MNE,A
1531,ThermoMPNN,4MNE,3.1119093894958496,76,I,N,F:\GENESIS Studio\genesis-studio\packages\engines-py\.pdb_cache\4MNE,A
1532,ThermoMPNN,4MNE,3.1270341873168945,76,I,P,F:\GENESIS Studio\genesis-studio\packages\engines-py\.pdb_cache\4MNE,A
1533,ThermoMPNN,4MNE,3.208498239517212,76,I,Q,F:\GENESIS Studio\genesis-studio\packages\engines-py\.pdb_cache\4MNE,A
1534,ThermoMPNN,4MNE,3.1468472480773926,76,I,R,F:\GENESIS Studio\genesis-studio\packages\engines-py\.pdb_cache\4MNE,A
1535,ThermoMPNN,4MNE,3.1528351306915283,76,I,S,F:\GENESIS Studio\genesis-studio\packages\engines-py\.pdb_cache\4MNE,A
1536,ThermoMPNN,4MNE,2.632436752319336,76,I,T,F:\GENESIS Studio\genesis-studio\packages\engines-py\.pdb_cache\4MNE,A
1537,ThermoMPNN,4MNE,0.6916713714599609,76,I,V,F:\GENESIS Studio\genesis-studio\packages\engines-py\.pdb_cache\4MNE,A
1538,ThermoMPNN,4MNE,2.324159622192383,76,I,W,F:\GENESIS Studio\genesis-studio\packages\engines-py\.pdb_cache\4MNE,A
1539,ThermoMPNN,4MNE,2.2040765285491943,76,I,Y,F:\GENESIS Studio\genesis-studio\packages\engines-py\.pdb_cache\4MNE,A
1540,ThermoMPNN,4MNE,-0.662808895111084,77,S,A,F:\GENESIS Studio\genesis-studio\packages\engines-py\.pdb_cache\4MNE,A
1541,ThermoMPNN,4MNE,-0.767699122428894,77,S,C,F:\GENESIS Studio\genesis-studio\packages\engines-py\.pdb_cache\4MNE,A
1542,ThermoMPNN,4MNE,1.7359237670898438,77,S,D,F:\GENESIS Studio\genesis-studio\packages\engines-py\.pdb_cache\4MNE,A
1543,ThermoMPNN,4MNE,1.3861031532287598,77,S,E,F:\GENESIS Studio\genesis-studio\packages\engines-py\.pdb_cache\4MNE,A
1544,ThermoMPNN,4MNE,-0.18259233236312866,77,S,F,F:\GENESIS Studio\genesis-studio\packages\engines-py\.pdb_cache\4MNE,A
1545,ThermoMPNN,4MNE,1.0586364269256592,77,S,G,F:\GENESIS Studio\genesis-studio\packages\engines-py\.pdb_cache\4MNE,A
1546,ThermoMPNN,4MNE,0.4625305235385895,77,S,H,F:\GENESIS Studio\genesis-studio\packages\engines-py\.pdb_cache\4MNE,A
1547,ThermoMPNN,4MNE,-0.658207893371582,77,S,I,F:\GENESIS Studio\genesis-studio\packages\engines-py\.pdb_cache\4MNE,A
1548,ThermoMPNN,4MNE,1.6552634239196777,77,S,K,F:\GENESIS Studio\genesis-studio\packages\engines-py\.pdb_cache\4MNE,A
1549,ThermoMPNN,4MNE,0.05725449323654175,77,S,L,F:\GENESIS Studio\genesis-studio\packages\engines-py\.pdb_cache\4MNE,A
1550,ThermoMPNN,4MNE,0.11963987350463867,77,S,M,F:\GENESIS Studio\genesis-studio\packages\engines-py\.pdb_cache\4MNE,A
1551,ThermoMPNN,4MNE,1.250227689743042,77,S,N,F:\GENESIS Studio\genesis-studio\packages\engines-py\.pdb_cache\4MNE,A
1552,ThermoMPNN,4MNE,1.536550760269165,77,S,P,F:\GENESIS Studio\genesis-studio\packages\engines-py\.pdb_cache\4MNE,A
1553,ThermoMPNN,4MNE,1.1877412796020508,77,S,Q,F:\GENESIS Studio\genesis-studio\packages\engines-py\.pdb_cache\4MNE,A
1554,ThermoMPNN,4MNE,1.4264445304870605,77,S,R,F:\GENESIS Studio\genesis-studio\packages\engines-py\.pdb_cache\4MNE,A
1555,ThermoMPNN,4MNE,0.0,77,S,S,F:\GENESIS Studio\genesis-studio\packages\engines-py\.pdb_cache\4MNE,A
1556,ThermoMPNN,4MNE,0.051843881607055664,77,S,T,F:\GENESIS Studio\genesis-studio\packages\engines-py\.pdb_cache\4MNE,A
1557,ThermoMPNN,4MNE,-0.9377281665802002,77,S,V,F:\GENESIS Studio\genesis-studio\packages\engines-py\.pdb_cache\4MNE,A
1558,ThermoMPNN,4MNE,-0.22878289222717285,77,S,W,F:\GENESIS Studio\genesis-studio\packages\engines-py\.pdb_cache\4MNE,A
1559,ThermoMPNN,4MNE,-0.32480597496032715,77,S,Y,F:\GENESIS Studio\genesis-studio\packages\engines-py\.pdb_cache\4MNE,A
1560,ThermoMPNN,4MNE,1.7877510786056519,78,I,A,F:\GENESIS Studio\genesis-studio\packages\engines-py\.pdb_cache\4MNE,A
1561,ThermoMPNN,4MNE,1.065480351448059,78,I,C,F:\GENESIS Studio\genesis-studio\packages\engines-py\.pdb_cache\4MNE,A
1562,ThermoMPNN,4MNE,2.8109989166259766,78,I,D,F:\GENESIS Studio\genesis-studio\packages\engines-py\.pdb_cache\4MNE,A
1563,ThermoMPNN,4MNE,2.3341259956359863,78,I,E,F:\GENESIS Studio\genesis-studio\packages\engines-py\.pdb_cache\4MNE,A
1564,ThermoMPNN,4MNE,0.8641666173934937,78,I,F,F:\GENESIS Studio\genesis-studio\packages\engines-py\.pdb_cache\4MNE,A
1565,ThermoMPNN,4MNE,2.5152249336242676,78,I,G,F:\GENESIS Studio\genesis-studio\packages\engines-py\.pdb_cache\4MNE,A
1566,ThermoMPNN,4MNE,1.9259788990020752,78,I,H,F:\GENESIS Studio\genesis-studio\packages\engines-py\.pdb_cache\4MNE,A
1567,ThermoMPNN,4MNE,0.0,78,I,I,F:\GENESIS Studio\genesis-studio\packages\engines-py\.pdb_cache\4MNE,A
1568,ThermoMPNN,4MNE,1.9481818675994873,78,I,K,F:\GENESIS Studio\genesis-studio\packages\engines-py\.pdb_cache\4MNE,A
1569,ThermoMPNN,4MNE,0.5213133096694946,78,I,L,F:\GENESIS Studio\genesis-studio\packages\engines-py\.pdb_cache\4MNE,A
1570,ThermoMPNN,4MNE,0.8285794258117676,78,I,M,F:\GENESIS Studio\genesis-studio\packages\engines-py\.pdb_cache\4MNE,A
1571,ThermoMPNN,4MNE,2.4759292602539062,78,I,N,F:\GENESIS Studio\genesis-studio\packages\engines-py\.pdb_cache\4MNE,A
1572,ThermoMPNN,4MNE,2.849024534225464,78,I,P,F:\GENESIS Studio\genesis-studio\packages\engines-py\.pdb_cache\4MNE,A
1573,ThermoMPNN,4MNE,2.025650978088379,78,I,Q,F:\GENESIS Studio\genesis-studio\packages\engines-py\.pdb_cache\4MNE,A
1574,ThermoMPNN,4MNE,1.9854562282562256,78,I,R,F:\GENESIS Studio\genesis-studio\packages\engines-py\.pdb_cache\4MNE,A
1575,ThermoMPNN,4MNE,2.2782816886901855,78,I,S,F:\GENESIS Studio\genesis-studio\packages\engines-py\.pdb_cache\4MNE,A
1576,ThermoMPNN,4MNE,1.9012088775634766,78,I,T,F:\GENESIS Studio\genesis-studio\packages\engines-py\.pdb_cache\4MNE,A
1577,ThermoMPNN,4MNE,0.7071805000305176,78,I,V,F:\GENESIS Studio\genesis-studio\packages\engines-py\.pdb_cache\4MNE,A
1578,ThermoMPNN,4MNE,1.146822452545166,78,I,W,F:\GENESIS Studio\genesis-studio\packages\engines-py\.pdb_cache\4MNE,A
1579,ThermoMPNN,4MNE,1.1293647289276123,78,I,Y,F:\GENESIS Studio\genesis-studio\packages\engines-py\.pdb_cache\4MNE,A
1580,ThermoMPNN,4MNE,0.48604679107666016,79,C,A,F:\GENESIS Studio\genesis-studio\packages\engines-py\.pdb_cache\4MNE,A
1581,ThermoMPNN,4MNE,0.0,79,C,C,F:\GENESIS Studio\genesis-studio\packages\engines-py\.pdb_cache\4MNE,A
1582,ThermoMPNN,4MNE,1.546416997909546,79,C,D,F:\GENESIS Studio\genesis-studio\packages\engines-py\.pdb_cache\4MNE,A
1583,ThermoMPNN,4MNE,1.663759469985962,79,C,E,F:\GENESIS Studio\genesis-studio\packages\engines-py\.pdb_cache\4MNE,A
1584,ThermoMPNN,4MNE,0.24321973323822021,79,C,F,F:\GENESIS Studio\genesis-studio\packages\engines-py\.pdb_cache\4MNE,A
1585,ThermoMPNN,4MNE,1.3652769327163696,79,C,G,F:\GENESIS Studio\genesis-studio\packages\engines-py\.pdb_cache\4MNE,A
1586,ThermoMPNN,4MNE,1.137152910232544,79,C,H,F:\GENESIS Studio\genesis-studio\packages\engines-py\.pdb_cache\4MNE,A
1587,ThermoMPNN,4MNE,-0.4812823534011841,79,C,I,F:\GENESIS Studio\genesis-studio\packages\engines-py\.pdb_cache\4MNE,A
1588,ThermoMPNN,4MNE,1.8115994930267334,79,C,K,F:\GENESIS Studio\genesis-studio\packages\engines-py\.pdb_cache\4MNE,A
1589,ThermoMPNN,4MNE,-0.32917726039886475,79,C,L,F:\GENESIS Studio\genesis-studio\packages\engines-py\.pdb_cache\4MNE,A
1590,ThermoMPNN,4MNE,0.4722667932510376,79,C,M,F:\GENESIS Studio\genesis-studio\packages\engines-py\.pdb_cache\4MNE,A
1591,ThermoMPNN,4MNE,1.4550272226333618,79,C,N,F:\GENESIS Studio\genesis-studio\packages\engines-py\.pdb_cache\4MNE,A
1592,ThermoMPNN,4MNE,1.6987545490264893,79,C,P,F:\GENESIS Studio\genesis-studio\packages\engines-py\.pdb_cache\4MNE,A
1593,ThermoMPNN,4MNE,1.7162353992462158,79,C,Q,F:\GENESIS Studio\genesis-studio\packages\engines-py\.pdb_cache\4MNE,A
1594,ThermoMPNN,4MNE,1.888674259185791,79,C,R,F:\GENESIS Studio\genesis-studio\packages\engines-py\.pdb_cache\4MNE,A
1595,ThermoMPNN,4MNE,1.3824794292449951,79,C,S,F:\GENESIS Studio\genesis-studio\packages\engines-py\.pdb_cache\4MNE,A
1596,ThermoMPNN,4MNE,1.239169955253601,79,C,T,F:\GENESIS Studio\genesis-studio\packages\engines-py\.pdb_cache\4MNE,A
1597,ThermoMPNN,4MNE,-0.4813981056213379,79,C,V,F:\GENESIS Studio\genesis-studio\packages\engines-py\.pdb_cache\4MNE,A
1598,ThermoMPNN,4MNE,0.5250335931777954,79,C,W,F:\GENESIS Studio\genesis-studio\packages\engines-py\.pdb_cache\4MNE,A
1599,ThermoMPNN,4MNE,0.3977072238922119,79,C,Y,F:\GENESIS Studio\genesis-studio\packages\engines-py\.pdb_cache\4MNE,A
1600,ThermoMPNN,4MNE,1.962490200996399,80,M,A,F:\GENESIS Studio\genesis-studio\packages\engines-py\.pdb_cache\4MNE,A
1601,ThermoMPNN,4MNE,0.8022834062576294,80,M,C,F:\GENESIS Studio\genesis-studio\packages\engines-py\.pdb_cache\4MNE,A
1602,ThermoMPNN,4MNE,3.249682903289795,80,M,D,F:\GENESIS Studio\genesis-studio\packages\engines-py\.pdb_cache\4MNE,A
1603,ThermoMPNN,4MNE,2.6243295669555664,80,M,E,F:\GENESIS Studio\genesis-studio\packages\engines-py\.pdb_cache\4MNE,A
1604,ThermoMPNN,4MNE,0.48105669021606445,80,M,F,F:\GENESIS Studio\genesis-studio\packages\engines-py\.pdb_cache\4MNE,A
1605,ThermoMPNN,4MNE,2.6231226921081543,80,M,G,F:\GENESIS Studio\genesis-studio\packages\engines-py\.pdb_cache\4MNE,A
1606,ThermoMPNN,4MNE,2.32362699508667,80,M,H,F:\GENESIS Studio\genesis-studio\packages\engines-py\.pdb_cache\4MNE,A
1607,ThermoMPNN,4MNE,0.7344648838043213,80,M,I,F:\GENESIS Studio\genesis-studio\packages\engines-py\.pdb_cache\4MNE,A
1608,ThermoMPNN,4MNE,2.6664862632751465,80,M,K,F:\GENESIS Studio\genesis-studio\packages\engines-py\.pdb_cache\4MNE,A
1609,ThermoMPNN,4MNE,0.1878373622894287,80,M,L,F:\GENESIS Studio\genesis-studio\packages\engines-py\.pdb_cache\4MNE,A
1610,ThermoMPNN,4MNE,0.0,80,M,M,F:\GENESIS Studio\genesis-studio\packages\engines-py\.pdb_cache\4MNE,A
1611,ThermoMPNN,4MNE,2.7478761672973633,80,M,N,F:\GENESIS Studio\genesis-studio\packages\engines-py\.pdb_cache\4MNE,A
1612,ThermoMPNN,4MNE,4.255584716796875,80,M,P,F:\GENESIS Studio\genesis-studio\packages\engines-py\.pdb_cache\4MNE,A
1613,ThermoMPNN,4MNE,2.065753936767578,80,M,Q,F:\GENESIS Studio\genesis-studio\packages\engines-py\.pdb_cache\4MNE,A
1614,ThermoMPNN,4MNE,2.521434783935547,80,M,R,F:\GENESIS Studio\genesis-studio\packages\engines-py\.pdb_cache\4MNE,A
1615,ThermoMPNN,4MNE,2.1750071048736572,80,M,S,F:\GENESIS Studio\genesis-studio\packages\engines-py\.pdb_cache\4MNE,A
1616,ThermoMPNN,4MNE,2.166837453842163,80,M,T,F:\GENESIS Studio\genesis-studio\packages\engines-py\.pdb_cache\4MNE,A
1617,ThermoMPNN,4MNE,1.0739643573760986,80,M,V,F:\GENESIS Studio\genesis-studio\packages\engines-py\.pdb_cache\4MNE,A
1618,ThermoMPNN,4MNE,1.3429780006408691,80,M,W,F:\GENESIS Studio\genesis-studio\packages\engines-py\.pdb_cache\4MNE,A
1619,ThermoMPNN,4MNE,1.407010555267334,80,M,Y,F:\GENESIS Studio\genesis-studio\packages\engines-py\.pdb_cache\4MNE,A
1620,ThermoMPNN,4MNE,0.9297993183135986,81,E,A,F:\GENESIS Studio\genesis-studio\packages\engines-py\.pdb_cache\4MNE,A
1621,ThermoMPNN,4MNE,0.8053803443908691,81,E,C,F:\GENESIS Studio\genesis-studio\packages\engines-py\.pdb_cache\4MNE,A
1622,ThermoMPNN,4MNE,1.3115617036819458,81,E,D,F:\GENESIS Studio\genesis-studio\packages\engines-py\.pdb_cache\4MNE,A
1623,ThermoMPNN,4MNE,0.0,81,E,E,F:\GENESIS Studio\genesis-studio\packages\engines-py\.pdb_cache\4MNE,A
1624,ThermoMPNN,4MNE,1.6137076616287231,81,E,F,F:\GENESIS Studio\genesis-studio\packages\engines-py\.pdb_cache\4MNE,A
1625,ThermoMPNN,4MNE,1.4519249200820923,81,E,G,F:\GENESIS Studio\genesis-studio\packages\engines-py\.pdb_cache\4MNE,A
1626,ThermoMPNN,4MNE,1.493934988975525,81,E,H,F:\GENESIS Studio\genesis-studio\packages\engines-py\.pdb_cache\4MNE,A
1627,ThermoMPNN,4MNE,1.316239595413208,81,E,I,F:\GENESIS Studio\genesis-studio\packages\engines-py\.pdb_cache\4MNE,A
1628,ThermoMPNN,4MNE,1.4541572332382202,81,E,K,F:\GENESIS Studio\genesis-studio\packages\engines-py\.pdb_cache\4MNE,A
1629,ThermoMPNN,4MNE,1.2038416862487793,81,E,L,F:\GENESIS Studio\genesis-studio\packages\engines-py\.pdb_cache\4MNE,A
1630,ThermoMPNN,4MNE,1.0457383394241333,81,E,M,F:\GENESIS Studio\genesis-studio\packages\engines-py\.pdb_cache\4MNE,A
1631,ThermoMPNN,4MNE,1.538477897644043,81,E,N,F:\GENESIS Studio\genesis-studio\packages\engines-py\.pdb_cache\4MNE,A
1632,ThermoMPNN,4MNE,2.7546865940093994,81,E,P,F:\GENESIS Studio\genesis-studio\packages\engines-py\.pdb_cache\4MNE,A
1633,ThermoMPNN,4MNE,0.61222243309021,81,E,Q,F:\GENESIS Studio\genesis-studio\packages\engines-py\.pdb_cache\4MNE,A
1634,ThermoMPNN,4MNE,1.6693174839019775,81,E,R,F:\GENESIS Studio\genesis-studio\packages\engines-py\.pdb_cache\4MNE,A
1635,ThermoMPNN,4MNE,1.148674726486206,81,E,S,F:\GENESIS Studio\genesis-studio\packages\engines-py\.pdb_cache\4MNE,A
1636,ThermoMPNN,4MNE,0.9551296830177307,81,E,T,F:\GENESIS Studio\genesis-studio\packages\engines-py\.pdb_cache\4MNE,A
1637,ThermoMPNN,4MNE,1.1905629634857178,81,E,V,F:\GENESIS Studio\genesis-studio\packages\engines-py\.pdb_cache\4MNE,A
1638,ThermoMPNN,4MNE,1.577627420425415,81,E,W,F:\GENESIS Studio\genesis-studio\packages\engines-py\.pdb_cache\4MNE,A
1639,ThermoMPNN,4MNE,1.5468027591705322,81,E,Y,F:\GENESIS Studio\genesis-studio\packages\engines-py\.pdb_cache\4MNE,A
1640,ThermoMPNN,4MNE,0.6060634851455688,82,H,A,F:\GENESIS Studio\genesis-studio\packages\engines-py\.pdb_cache\4MNE,A
1641,ThermoMPNN,4MNE,0.010738253593444824,82,H,C,F:\GENESIS Studio\genesis-studio\packages\engines-py\.pdb_cache\4MNE,A
1642,ThermoMPNN,4MNE,1.3940720558166504,82,H,D,F:\GENESIS Studio\genesis-studio\packages\engines-py\.pdb_cache\4MNE,A
1643,ThermoMPNN,4MNE,1.0949387550354004,82,H,E,F:\GENESIS Studio\genesis-studio\packages\engines-py\.pdb_cache\4MNE,A
1644,ThermoMPNN,4MNE,-0.8594822883605957,82,H,F,F:\GENESIS Studio\genesis-studio\packages\engines-py\.pdb_cache\4MNE,A
1645,ThermoMPNN,4MNE,1.1678845882415771,82,H,G,F:\GENESIS Studio\genesis-studio\packages\engines-py\.pdb_cache\4MNE,A
1646,ThermoMPNN,4MNE,0.0,82,H,H,F:\GENESIS Studio\genesis-studio\packages\engines-py\.pdb_cache\4MNE,A
1647,ThermoMPNN,4MNE,0.2901243567466736,82,H,I,F:\GENESIS Studio\genesis-studio\packages\engines-py\.pdb_cache\4MNE,A
1648,ThermoMPNN,4MNE,1.0876028537750244,82,H,K,F:\GENESIS Studio\genesis-studio\packages\engines-py\.pdb_cache\4MNE,A
1649,ThermoMPNN,4MNE,-0.19992434978485107,82,H,L,F:\GENESIS Studio\genesis-studio\packages\engines-py\.pdb_cache\4MNE,A
1650,ThermoMPNN,4MNE,-0.023043274879455566,82,H,M,F:\GENESIS Studio\genesis-studio\packages\engines-py\.pdb_cache\4MNE,A
1651,ThermoMPNN,4MNE,1.0010977983474731,82,H,N,F:\GENESIS Studio\genesis-studio\packages\engines-py\.pdb_cache\4MNE,A
1652,ThermoMPNN,4MNE,1.1597492694854736,82,H,P,F:\GENESIS Studio\genesis-studio\packages\engines-py\.pdb_cache\4MNE,A
1653,ThermoMPNN,4MNE,0.8588822484016418,82,H,Q,F:\GENESIS Studio\genesis-studio\packages\engines-py\.pdb_cache\4MNE,A
1654,ThermoMPNN,4MNE,0.8960239291191101,82,H,R,F:\GENESIS Studio\genesis-studio\packages\engines-py\.pdb_cache\4MNE,A
1655,ThermoMPNN,4MNE,1.023497223854065,82,H,S,F:\GENESIS Studio\genesis-studio\packages\engines-py\.pdb_cache\4MNE,A
1656,ThermoMPNN,4MNE,1.1245267391204834,82,H,T,F:\GENESIS Studio\genesis-studio\packages\engines-py\.pdb_cache\4MNE,A
1657,ThermoMPNN,4MNE,0.46423256397247314,82,H,V,F:\GENESIS Studio\genesis-studio\packages\engines-py\.pdb_cache\4MNE,A
1658,ThermoMPNN,4MNE,-0.7062793970108032,82,H,W,F:\GENESIS Studio\genesis-studio\packages\engines-py\.pdb_cache\4MNE,A
1659,ThermoMPNN,4MNE,-1.3094875812530518,82,H,Y,F:\GENESIS Studio\genesis-studio\packages\engines-py\.pdb_cache\4MNE,A
1660,ThermoMPNN,4MNE,2.471294641494751,83,M,A,F:\GENESIS Studio\genesis-studio\packages\engines-py\.pdb_cache\4MNE,A
1661,ThermoMPNN,4MNE,1.5007373094558716,83,M,C,F:\GENESIS Studio\genesis-studio\packages\engines-py\.pdb_cache\4MNE,A
1662,ThermoMPNN,4MNE,3.0103681087493896,83,M,D,F:\GENESIS Studio\genesis-studio\packages\engines-py\.pdb_cache\4MNE,A
1663,ThermoMPNN,4MNE,2.503973960876465,83,M,E,F:\GENESIS Studio\genesis-studio\packages\engines-py\.pdb_cache\4MNE,A
1664,ThermoMPNN,4MNE,1.080795407295227,83,M,F,F:\GENESIS Studio\genesis-studio\packages\engines-py\.pdb_cache\4MNE,A
1665,ThermoMPNN,4MNE,3.3820314407348633,83,M,G,F:\GENESIS Studio\genesis-studio\packages\engines-py\.pdb_cache\4MNE,A
1666,ThermoMPNN,4MNE,2.574484348297119,83,M,H,F:\GENESIS Studio\genesis-studio\packages\engines-py\.pdb_cache\4MNE,A
1667,ThermoMPNN,4MNE,0.9054791927337646,83,M,I,F:\GENESIS Studio\genesis-studio\packages\engines-py\.pdb_cache\4MNE,A
1668,ThermoMPNN,4MNE,3.5686986446380615,83,M,K,F:\GENESIS Studio\genesis-studio\packages\engines-py\.pdb_cache\4MNE,A
1669,ThermoMPNN,4MNE,0.5627992153167725,83,M,L,F:\GENESIS Studio\genesis-studio\packages\engines-py\.pdb_cache\4MNE,A
1670,ThermoMPNN,4MNE,0.0,83,M,M,F:\GENESIS Studio\genesis-studio\packages\engines-py\.pdb_cache\4MNE,A
1671,ThermoMPNN,4MNE,3.231865167617798,83,M,N,F:\GENESIS Studio\genesis-studio\packages\engines-py\.pdb_cache\4MNE,A
1672,ThermoMPNN,4MNE,3.0663654804229736,83,M,P,F:\GENESIS Studio\genesis-studio\packages\engines-py\.pdb_cache\4MNE,A
1673,ThermoMPNN,4MNE,2.0380234718322754,83,M,Q,F:\GENESIS Studio\genesis-studio\packages\engines-py\.pdb_cache\4MNE,A
1674,ThermoMPNN,4MNE,3.3933451175689697,83,M,R,F:\GENESIS Studio\genesis-studio\packages\engines-py\.pdb_cache\4MNE,A
1675,ThermoMPNN,4MNE,2.6549551486968994,83,M,S,F:\GENESIS Studio\genesis-studio\packages\engines-py\.pdb_cache\4MNE,A
1676,ThermoMPNN,4MNE,2.6027493476867676,83,M,T,F:\GENESIS Studio\genesis-studio\packages\engines-py\.pdb_cache\4MNE,A
1677,ThermoMPNN,4MNE,1.5665361881256104,83,M,V,F:\GENESIS Studio\genesis-studio\packages\engines-py\.pdb_cache\4MNE,A
1678,ThermoMPNN,4MNE,2.064079999923706,83,M,W,F:\GENESIS Studio\genesis-studio\packages\engines-py\.pdb_cache\4MNE,A
1679,ThermoMPNN,4MNE,2.1914222240448,83,M,Y,F:\GENESIS Studio\genesis-studio\packages\engines-py\.pdb_cache\4MNE,A
1680,ThermoMPNN,4MNE,1.4905805587768555,84,D,A,F:\GENESIS Studio\genesis-studio\packages\engines-py\.pdb_cache\4MNE,A
1681,ThermoMPNN,4MNE,0.8883768320083618,84,D,C,F:\GENESIS Studio\genesis-studio\packages\engines-py\.pdb_cache\4MNE,A
1682,ThermoMPNN,4MNE,0.0,84,D,D,F:\GENESIS Studio\genesis-studio\packages\engines-py\.pdb_cache\4MNE,A
1683,ThermoMPNN,4MNE,1.2376697063446045,84,D,E,F:\GENESIS Studio\genesis-studio\packages\engines-py\.pdb_cache\4MNE,A
1684,ThermoMPNN,4MNE,1.5024044513702393,84,D,F,F:\GENESIS Studio\genesis-studio\packages\engines-py\.pdb_cache\4MNE,A
1685,ThermoMPNN,4MNE,1.6546791791915894,84,D,G,F:\GENESIS Studio\genesis-studio\packages\engines-py\.pdb_cache\4MNE,A
1686,ThermoMPNN,4MNE,1.3876924514770508,84,D,H,F:\GENESIS Studio\genesis-studio\packages\engines-py\.pdb_cache\4MNE,A
1687,ThermoMPNN,4MNE,1.8194243907928467,84,D,I,F:\GENESIS Studio\genesis-studio\packages\engines-py\.pdb_cache\4MNE,A
1688,ThermoMPNN,4MNE,1.7770166397094727,84,D,K,F:\GENESIS Studio\genesis-studio\packages\engines-py\.pdb_cache\4MNE,A
1689,ThermoMPNN,4MNE,1.635875940322876,84,D,L,F:\GENESIS Studio\genesis-studio\packages\engines-py\.pdb_cache\4MNE,A
1690,ThermoMPNN,4MNE,1.7636258602142334,84,D,M,F:\GENESIS Studio\genesis-studio\packages\engines-py\.pdb_cache\4MNE,A
1691,ThermoMPNN,4MNE,0.6455957889556885,84,D,N,F:\GENESIS Studio\genesis-studio\packages\engines-py\.pdb_cache\4MNE,A
1692,ThermoMPNN,4MNE,1.4698383808135986,84,D,P,F:\GENESIS Studio\genesis-studio\packages\engines-py\.pdb_cache\4MNE,A
1693,ThermoMPNN,4MNE,1.7000178098678589,84,D,Q,F:\GENESIS Studio\genesis-studio\packages\engines-py\.pdb_cache\4MNE,A
1694,ThermoMPNN,4MNE,1.7727272510528564,84,D,R,F:\GENESIS Studio\genesis-studio\packages\engines-py\.pdb_cache\4MNE,A
1695,ThermoMPNN,4MNE,1.0207006931304932,84,D,S,F:\GENESIS Studio\genesis-studio\packages\engines-py\.pdb_cache\4MNE,A
1696,ThermoMPNN,4MNE,1.637853741645813,84,D,T,F:\GENESIS Studio\genesis-studio\packages\engines-py\.pdb_cache\4MNE,A
1697,ThermoMPNN,4MNE,1.860564947128296,84,D,V,F:\GENESIS Studio\genesis-studio\packages\engines-py\.pdb_cache\4MNE,A
1698,ThermoMPNN,4MNE,1.4090784788131714,84,D,W,F:\GENESIS Studio\genesis-studio\packages\engines-py\.pdb_cache\4MNE,A
1699,ThermoMPNN,4MNE,1.6562601327896118,84,D,Y,F:\GENESIS Studio\genesis-studio\packages\engines-py\.pdb_cache\4MNE,A
1700,ThermoMPNN,4MNE,0.5071444511413574,85,G,A,F:\GENESIS Studio\genesis-studio\packages\engines-py\.pdb_cache\4MNE,A
1701,ThermoMPNN,4MNE,-0.08405792713165283,85,G,C,F:\GENESIS Studio\genesis-studio\packages\engines-py\.pdb_cache\4MNE,A
1702,ThermoMPNN,4MNE,1.0896960496902466,85,G,D,F:\GENESIS Studio\genesis-studio\packages\engines-py\.pdb_cache\4MNE,A
1703,ThermoMPNN,4MNE,0.9911329746246338,85,G,E,F:\GENESIS Studio\genesis-studio\packages\engines-py\.pdb_cache\4MNE,A
1704,ThermoMPNN,4MNE,-0.09974384307861328,85,G,F,F:\GENESIS Studio\genesis-studio\packages\engines-py\.pdb_cache\4MNE,A
1705,ThermoMPNN,4MNE,0.0,85,G,G,F:\GENESIS Studio\genesis-studio\packages\engines-py\.pdb_cache\4MNE,A
1706,ThermoMPNN,4MNE,0.41071003675460815,85,G,H,F:\GENESIS Studio\genesis-studio\packages\engines-py\.pdb_cache\4MNE,A
1707,ThermoMPNN,4MNE,0.2793515920639038,85,G,I,F:\GENESIS Studio\genesis-studio\packages\engines-py\.pdb_cache\4MNE,A
1708,ThermoMPNN,4MNE,0.6706085205078125,85,G,K,F:\GENESIS Studio\genesis-studio\packages\engines-py\.pdb_cache\4MNE,A
1709,ThermoMPNN,4MNE,0.14259731769561768,85,G,L,F:\GENESIS Studio\genesis-studio\packages\engines-py\.pdb_cache\4MNE,A
1710,ThermoMPNN,4MNE,0.24100631475448608,85,G,M,F:\GENESIS Studio\genesis-studio\packages\engines-py\.pdb_cache\4MNE,A
1711,ThermoMPNN,4MNE,0.6150388717651367,85,G,N,F:\GENESIS Studio\genesis-studio\packages\engines-py\.pdb_cache\4MNE,A
1712,ThermoMPNN,4MNE,1.3608756065368652,85,G,P,F:\GENESIS Studio\genesis-studio\packages\engines-py\.pdb_cache\4MNE,A
1713,ThermoMPNN,4MNE,0.5722378492355347,85,G,Q,F:\GENESIS Studio\genesis-studio\packages\engines-py\.pdb_cache\4MNE,A
1714,ThermoMPNN,4MNE,0.7332896590232849,85,G,R,F:\GENESIS Studio\genesis-studio\packages\engines-py\.pdb_cache\4MNE,A
1715,ThermoMPNN,4MNE,0.45568156242370605,85,G,S,F:\GENESIS Studio\genesis-studio\packages\engines-py\.pdb_cache\4MNE,A
1716,ThermoMPNN,4MNE,0.2986198663711548,85,G,T,F:\GENESIS Studio\genesis-studio\packages\engines-py\.pdb_cache\4MNE,A
1717,ThermoMPNN,4MNE,0.23209524154663086,85,G,V,F:\GENESIS Studio\genesis-studio\packages\engines-py\.pdb_cache\4MNE,A
1718,ThermoMPNN,4MNE,0.005790233612060547,85,G,W,F:\GENESIS Studio\genesis-studio\packages\engines-py\.pdb_cache\4MNE,A
1719,ThermoMPNN,4MNE,-0.026111364364624023,85,G,Y,F:\GENESIS Studio\genesis-studio\packages\engines-py\.pdb_cache\4MNE,A
1720,ThermoMPNN,4MNE,1.6358641386032104,86,G,A,F:\GENESIS Studio\genesis-studio\packages\engines-py\.pdb_cache\4MNE,A
1721,ThermoMPNN,4MNE,0.9918822050094604,86,G,C,F:\GENESIS Studio\genesis-studio\packages\engines-py\.pdb_cache\4MNE,A
1722,ThermoMPNN,4MNE,1.5097770690917969,86,G,D,F:\GENESIS Studio\genesis-studio\packages\engines-py\.pdb_cache\4MNE,A
1723,ThermoMPNN,4MNE,1.8270787000656128,86,G,E,F:\GENESIS Studio\genesis-studio\packages\engines-py\.pdb_cache\4MNE,A
1724,ThermoMPNN,4MNE,1.3798413276672363,86,G,F,F:\GENESIS Studio\genesis-studio\packages\engines-py\.pdb_cache\4MNE,A
1725,ThermoMPNN,4MNE,0.0,86,G,G,F:\GENESIS Studio\genesis-studio\packages\engines-py\.pdb_cache\4MNE,A
1726,ThermoMPNN,4MNE,1.634478211402893,86,G,H,F:\GENESIS Studio\genesis-studio\packages\engines-py\.pdb_cache\4MNE,A
1727,ThermoMPNN,4MNE,1.8936148881912231,86,G,I,F:\GENESIS Studio\genesis-studio\packages\engines-py\.pdb_cache\4MNE,A
1728,ThermoMPNN,4MNE,1.903140902519226,86,G,K,F:\GENESIS Studio\genesis-studio\packages\engines-py\.pdb_cache\4MNE,A
1729,ThermoMPNN,4MNE,1.6373789310455322,86,G,L,F:\GENESIS Studio\genesis-studio\packages\engines-py\.pdb_cache\4MNE,A
1730,ThermoMPNN,4MNE,1.4383145570755005,86,G,M,F:\GENESIS Studio\genesis-studio\packages\engines-py\.pdb_cache\4MNE,A
1731,ThermoMPNN,4MNE,1.4398996829986572,86,G,N,F:\GENESIS Studio\genesis-studio\packages\engines-py\.pdb_cache\4MNE,A
1732,ThermoMPNN,4MNE,2.4766995906829834,86,G,P,F:\GENESIS Studio\genesis-studio\packages\engines-py\.pdb_cache\4MNE,A
1733,ThermoMPNN,4MNE,1.654044270515442,86,G,Q,F:\GENESIS Studio\genesis-studio\packages\engines-py\.pdb_cache\4MNE,A
1734,ThermoMPNN,4MNE,2.023054599761963,86,G,R,F:\GENESIS Studio\genesis-studio\packages\engines-py\.pdb_cache\4MNE,A
1735,ThermoMPNN,4MNE,1.5210168361663818,86,G,S,F:\GENESIS Studio\genesis-studio\packages\engines-py\.pdb_cache\4MNE,A
1736,ThermoMPNN,4MNE,1.7573107481002808,86,G,T,F:\GENESIS Studio\genesis-studio\packages\engines-py\.pdb_cache\4MNE,A
1737,ThermoMPNN,4MNE,1.9012471437454224,86,G,V,F:\GENESIS Studio\genesis-studio\packages\engines-py\.pdb_cache\4MNE,A
1738,ThermoMPNN,4MNE,1.526481032371521,86,G,W,F:\GENESIS Studio\genesis-studio\packages\engines-py\.pdb_cache\4MNE,A
1739,ThermoMPNN,4MNE,1.5924441814422607,86,G,Y,F:\GENESIS Studio\genesis-studio\packages\engines-py\.pdb_cache\4MNE,A
1740,ThermoMPNN,4MNE,0.7603435516357422,87,S,A,F:\GENESIS Studio\genesis-studio\packages\engines-py\.pdb_cache\4MNE,A
1741,ThermoMPNN,4MNE,0.8536158800125122,87,S,C,F:\GENESIS Studio\genesis-studio\packages\engines-py\.pdb_cache\4MNE,A
1742,ThermoMPNN,4MNE,0.7361788749694824,87,S,D,F:\GENESIS Studio\genesis-studio\packages\engines-py\.pdb_cache\4MNE,A
1743,ThermoMPNN,4MNE,1.4564180374145508,87,S,E,F:\GENESIS Studio\genesis-studio\packages\engines-py\.pdb_cache\4MNE,A
1744,ThermoMPNN,4MNE,1.6408133506774902,87,S,F,F:\GENESIS Studio\genesis-studio\packages\engines-py\.pdb_cache\4MNE,A
1745,ThermoMPNN,4MNE,0.7933076620101929,87,S,G,F:\GENESIS Studio\genesis-studio\packages\engines-py\.pdb_cache\4MNE,A
1746,ThermoMPNN,4MNE,1.4593244791030884,87,S,H,F:\GENESIS Studio\genesis-studio\packages\engines-py\.pdb_cache\4MNE,A
1747,ThermoMPNN,4MNE,1.7455374002456665,87,S,I,F:\GENESIS Studio\genesis-studio\packages\engines-py\.pdb_cache\4MNE,A
1748,ThermoMPNN,4MNE,1.5912055969238281,87,S,K,F:\GENESIS Studio\genesis-studio\packages\engines-py\.pdb_cache\4MNE,A
1749,ThermoMPNN,4MNE,1.8090734481811523,87,S,L,F:\GENESIS Studio\genesis-studio\packages\engines-py\.pdb_cache\4MNE,A
1750,ThermoMPNN,4MNE,1.4602727890014648,87,S,M,F:\GENESIS Studio\genesis-studio\packages\engines-py\.pdb_cache\4MNE,A
1751,ThermoMPNN,4MNE,0.7972011566162109,87,S,N,F:\GENESIS Studio\genesis-studio\packages\engines-py\.pdb_cache\4MNE,A
1752,ThermoMPNN,4MNE,1.8132376670837402,87,S,P,F:\GENESIS Studio\genesis-studio\packages\engines-py\.pdb_cache\4MNE,A
1753,ThermoMPNN,4MNE,1.5946635007858276,87,S,Q,F:\GENESIS Studio\genesis-studio\packages\engines-py\.pdb_cache\4MNE,A
1754,ThermoMPNN,4MNE,1.426302194595337,87,S,R,F:\GENESIS Studio\genesis-studio\packages\engines-py\.pdb_cache\4MNE,A
1755,ThermoMPNN,4MNE,0.0,87,S,S,F:\GENESIS Studio\genesis-studio\packages\engines-py\.pdb_cache\4MNE,A
1756,ThermoMPNN,4MNE,0.3471642732620239,87,S,T,F:\GENESIS Studio\genesis-studio\packages\engines-py\.pdb_cache\4MNE,A
1757,ThermoMPNN,4MNE,1.7399394512176514,87,S,V,F:\GENESIS Studio\genesis-studio\packages\engines-py\.pdb_cache\4MNE,A
1758,ThermoMPNN,4MNE,1.523471474647522,87,S,W,F:\GENESIS Studio\genesis-studio\packages\engines-py\.pdb_cache\4MNE,A
1759,ThermoMPNN,4MNE,1.7423646450042725,87,S,Y,F:\GENESIS Studio\genesis-studio\packages\engines-py\.pdb_cache\4MNE,A
1760,ThermoMPNN,4MNE,1.9454694986343384,88,L,A,F:\GENESIS Studio\genesis-studio\packages\engines-py\.pdb_cache\4MNE,A
1761,ThermoMPNN,4MNE,1.2475587129592896,88,L,C,F:\GENESIS Studio\genesis-studio\packages\engines-py\.pdb_cache\4MNE,A
1762,ThermoMPNN,4MNE,2.8916208744049072,88,L,D,F:\GENESIS Studio\genesis-studio\packages\engines-py\.pdb_cache\4MNE,A
1763,ThermoMPNN,4MNE,2.5404210090637207,88,L,E,F:\GENESIS Studio\genesis-studio\packages\engines-py\.pdb_cache\4MNE,A
1764,ThermoMPNN,4MNE,1.2487783432006836,88,L,F,F:\GENESIS Studio\genesis-studio\packages\engines-py\.pdb_cache\4MNE,A
1765,ThermoMPNN,4MNE,2.375511884689331,88,L,G,F:\GENESIS Studio\genesis-studio\packages\engines-py\.pdb_cache\4MNE,A
1766,ThermoMPNN,4MNE,2.6620686054229736,88,L,H,F:\GENESIS Studio\genesis-studio\packages\engines-py\.pdb_cache\4MNE,A
1767,ThermoMPNN,4MNE,1.073716163635254,88,L,I,F:\GENESIS Studio\genesis-studio\packages\engines-py\.pdb_cache\4MNE,A
1768,ThermoMPNN,4MNE,2.584491014480591,88,L,K,F:\GENESIS Studio\genesis-studio\packages\engines-py\.pdb_cache\4MNE,A
1769,ThermoMPNN,4MNE,0.0,88,L,L,F:\GENESIS Studio\genesis-studio\packages\engines-py\.pdb_cache\4MNE,A
1770,ThermoMPNN,4MNE,0.8771917819976807,88,L,M,F:\GENESIS Studio\genesis-studio\packages\engines-py\.pdb_cache\4MNE,A
1771,ThermoMPNN,4MNE,2.721677780151367,88,L,N,F:\GENESIS Studio\genesis-studio\packages\engines-py\.pdb_cache\4MNE,A
1772,ThermoMPNN,4MNE,2.974473237991333,88,L,P,F:\GENESIS Studio\genesis-studio\packages\engines-py\.pdb_cache\4MNE,A
1773,ThermoMPNN,4MNE,2.5411086082458496,88,L,Q,F:\GENESIS Studio\genesis-studio\packages\engines-py\.pdb_cache\4MNE,A
1774,ThermoMPNN,4MNE,2.6863338947296143,88,L,R,F:\GENESIS Studio\genesis-studio\packages\engines-py\.pdb_cache\4MNE,A
1775,ThermoMPNN,4MNE,2.4546942710876465,88,L,S,F:\GENESIS Studio\genesis-studio\packages\engines-py\.pdb_cache\4MNE,A
1776,ThermoMPNN,4MNE,2.2147183418273926,88,L,T,F:\GENESIS Studio\genesis-studio\packages\engines-py\.pdb_cache\4MNE,A
1777,ThermoMPNN,4MNE,1.5143346786499023,88,L,V,F:\GENESIS Studio\genesis-studio\packages\engines-py\.pdb_cache\4MNE,A
1778,ThermoMPNN,4MNE,1.815107822418213,88,L,W,F:\GENESIS Studio\genesis-studio\packages\engines-py\.pdb_cache\4MNE,A
1779,ThermoMPNN,4MNE,1.9185676574707031,88,L,Y,F:\GENESIS Studio\genesis-studio\packages\engines-py\.pdb_cache\4MNE,A
1780,ThermoMPNN,4MNE,-0.585949182510376,89,D,A,F:\GENESIS Studio\genesis-studio\packages\engines-py\.pdb_cache\4MNE,A
1781,ThermoMPNN,4MNE,-0.5835938453674316,89,D,C,F:\GENESIS Studio\genesis-studio\packages\engines-py\.pdb_cache\4MNE,A
1782,ThermoMPNN,4MNE,0.0,89,D,D,F:\GENESIS Studio\genesis-studio\packages\engines-py\.pdb_cache\4MNE,A
1783,ThermoMPNN,4MNE,-0.7774895429611206,89,D,E,F:\GENESIS Studio\genesis-studio\packages\engines-py\.pdb_cache\4MNE,A
1784,ThermoMPNN,4MNE,-0.35474562644958496,89,D,F,F:\GENESIS Studio\genesis-studio\packages\engines-py\.pdb_cache\4MNE,A
1785,ThermoMPNN,4MNE,0.10269299149513245,89,D,G,F:\GENESIS Studio\genesis-studio\packages\engines-py\.pdb_cache\4MNE,A
1786,ThermoMPNN,4MNE,-0.18217962980270386,89,D,H,F:\GENESIS Studio\genesis-studio\packages\engines-py\.pdb_cache\4MNE,A
1787,ThermoMPNN,4MNE,-0.025093674659729004,89,D,I,F:\GENESIS Studio\genesis-studio\packages\engines-py\.pdb_cache\4MNE,A
1788,ThermoMPNN,4MNE,-0.18536972999572754,89,D,K,F:\GENESIS Studio\genesis-studio\packages\engines-py\.pdb_cache\4MNE,A
1789,ThermoMPNN,4MNE,-0.19598722457885742,89,D,L,F:\GENESIS Studio\genesis-studio\packages\engines-py\.pdb_cache\4MNE,A
1790,ThermoMPNN,4MNE,-0.27674543857574463,89,D,M,F:\GENESIS Studio\genesis-studio\packages\engines-py\.pdb_cache\4MNE,A
1791,ThermoMPNN,4MNE,0.2486281394958496,89,D,N,F:\GENESIS Studio\genesis-studio\packages\engines-py\.pdb_cache\4MNE,A
1792,ThermoMPNN,4MNE,2.025717258453369,89,D,P,F:\GENESIS Studio\genesis-studio\packages\engines-py\.pdb_cache\4MNE,A
1793,ThermoMPNN,4MNE,-0.3883620500564575,89,D,Q,F:\GENESIS Studio\genesis-studio\packages\engines-py\.pdb_cache\4MNE,A
1794,ThermoMPNN,4MNE,-0.3178213834762573,89,D,R,F:\GENESIS Studio\genesis-studio\packages\engines-py\.pdb_cache\4MNE,A
1795,ThermoMPNN,4MNE,-0.02746117115020752,89,D,S,F:\GENESIS Studio\genesis-studio\packages\engines-py\.pdb_cache\4MNE,A
1796,ThermoMPNN,4MNE,0.05590856075286865,89,D,T,F:\GENESIS Studio\genesis-studio\packages\engines-py\.pdb_cache\4MNE,A
1797,ThermoMPNN,4MNE,-0.09147834777832031,89,D,V,F:\GENESIS Studio\genesis-studio\packages\engines-py\.pdb_cache\4MNE,A
1798,ThermoMPNN,4MNE,-0.41531288623809814,89,D,W,F:\GENESIS Studio\genesis-studio\packages\engines-py\.pdb_cache\4MNE,A
1799,ThermoMPNN,4MNE,-0.5512151718139648,89,D,Y,F:\GENESIS Studio\genesis-studio\packages\engines-py\.pdb_cache\4MNE,A
1800,ThermoMPNN,4MNE,0.14844167232513428,90,Q,A,F:\GENESIS Studio\genesis-studio\packages\engines-py\.pdb_cache\4MNE,A
1801,ThermoMPNN,4MNE,0.031020164489746094,90,Q,C,F:\GENESIS Studio\genesis-studio\packages\engines-py\.pdb_cache\4MNE,A
1802,ThermoMPNN,4MNE,0.15082931518554688,90,Q,D,F:\GENESIS Studio\genesis-studio\packages\engines-py\.pdb_cache\4MNE,A
1803,ThermoMPNN,4MNE,0.052362918853759766,90,Q,E,F:\GENESIS Studio\genesis-studio\packages\engines-py\.pdb_cache\4MNE,A
1804,ThermoMPNN,4MNE,0.33597713708877563,90,Q,F,F:\GENESIS Studio\genesis-studio\packages\engines-py\.pdb_cache\4MNE,A
1805,ThermoMPNN,4MNE,0.9523571729660034,90,Q,G,F:\GENESIS Studio\genesis-studio\packages\engines-py\.pdb_cache\4MNE,A
1806,ThermoMPNN,4MNE,0.3791799545288086,90,Q,H,F:\GENESIS Studio\genesis-studio\packages\engines-py\.pdb_cache\4MNE,A
1807,ThermoMPNN,4MNE,0.3164075016975403,90,Q,I,F:\GENESIS Studio\genesis-studio\packages\engines-py\.pdb_cache\4MNE,A
1808,ThermoMPNN,4MNE,0.3161366581916809,90,Q,K,F:\GENESIS Studio\genesis-studio\packages\engines-py\.pdb_cache\4MNE,A
1809,ThermoMPNN,4MNE,0.15951913595199585,90,Q,L,F:\GENESIS Studio\genesis-studio\packages\engines-py\.pdb_cache\4MNE,A
1810,ThermoMPNN,4MNE,0.14273357391357422,90,Q,M,F:\GENESIS Studio\genesis-studio\packages\engines-py\.pdb_cache\4MNE,A
1811,ThermoMPNN,4MNE,0.3721005320549011,90,Q,N,F:\GENESIS Studio\genesis-studio\packages\engines-py\.pdb_cache\4MNE,A
1812,ThermoMPNN,4MNE,2.94384765625,90,Q,P,F:\GENESIS Studio\genesis-studio\packages\engines-py\.pdb_cache\4MNE,A
1813,ThermoMPNN,4MNE,0.0,90,Q,Q,F:\GENESIS Studio\genesis-studio\packages\engines-py\.pdb_cache\4MNE,A
1814,ThermoMPNN,4MNE,0.29381346702575684,90,Q,R,F:\GENESIS Studio\genesis-studio\packages\engines-py\.pdb_cache\4MNE,A
1815,ThermoMPNN,4MNE,0.3596305847167969,90,Q,S,F:\GENESIS Studio\genesis-studio\packages\engines-py\.pdb_cache\4MNE,A
1816,ThermoMPNN,4MNE,0.4277160167694092,90,Q,T,F:\GENESIS Studio\genesis-studio\packages\engines-py\.pdb_cache\4MNE,A
1817,ThermoMPNN,4MNE,0.4804844260215759,90,Q,V,F:\GENESIS Studio\genesis-studio\packages\engines-py\.pdb_cache\4MNE,A
1818,ThermoMPNN,4MNE,0.2527611255645752,90,Q,W,F:\GENESIS Studio\genesis-studio\packages\engines-py\.pdb_cache\4MNE,A
1819,ThermoMPNN,4MNE,0.34267961978912354,90,Q,Y,F:\GENESIS Studio\genesis-studio\packages\engines-py\.pdb_cache\4MNE,A
1820,ThermoMPNN,4MNE,1.565425157546997,91,V,A,F:\GENESIS Studio\genesis-studio\packages\engines-py\.pdb_cache\4MNE,A
1821,ThermoMPNN,4MNE,0.7109085321426392,91,V,C,F:\GENESIS Studio\genesis-studio\packages\engines-py\.pdb_cache\4MNE,A
1822,ThermoMPNN,4MNE,2.6078882217407227,91,V,D,F:\GENESIS Studio\genesis-studio\packages\engines-py\.pdb_cache\4MNE,A
1823,ThermoMPNN,4MNE,2.2639360427856445,91,V,E,F:\GENESIS Studio\genesis-studio\packages\engines-py\.pdb_cache\4MNE,A
1824,ThermoMPNN,4MNE,0.44408750534057617,91,V,F,F:\GENESIS Studio\genesis-studio\packages\engines-py\.pdb_cache\4MNE,A
1825,ThermoMPNN,4MNE,2.614410638809204,91,V,G,F:\GENESIS Studio\genesis-studio\packages\engines-py\.pdb_cache\4MNE,A
1826,ThermoMPNN,4MNE,1.8128286600112915,91,V,H,F:\GENESIS Studio\genesis-studio\packages\engines-py\.pdb_cache\4MNE,A
1827,ThermoMPNN,4MNE,-0.13145709037780762,91,V,I,F:\GENESIS Studio\genesis-studio\packages\engines-py\.pdb_cache\4MNE,A
1828,ThermoMPNN,4MNE,2.162660837173462,91,V,K,F:\GENESIS Studio\genesis-studio\packages\engines-py\.pdb_cache\4MNE,A
1829,ThermoMPNN,4MNE,0.16515839099884033,91,V,L,F:\GENESIS Studio\genesis-studio\packages\engines-py\.pdb_cache\4MNE,A
1830,ThermoMPNN,4MNE,0.6294758319854736,91,V,M,F:\GENESIS Studio\genesis-studio\packages\engines-py\.pdb_cache\4MNE,A
1831,ThermoMPNN,4MNE,2.36137056350708,91,V,N,F:\GENESIS Studio\genesis-studio\packages\engines-py\.pdb_cache\4MNE,A
1832,ThermoMPNN,4MNE,2.689910411834717,91,V,P,F:\GENESIS Studio\genesis-studio\packages\engines-py\.pdb_cache\4MNE,A
1833,ThermoMPNN,4MNE,2.077794313430786,91,V,Q,F:\GENESIS Studio\genesis-studio\packages\engines-py\.pdb_cache\4MNE,A
1834,ThermoMPNN,4MNE,2.0864815711975098,91,V,R,F:\GENESIS Studio\genesis-studio\packages\engines-py\.pdb_cache\4MNE,A
1835,ThermoMPNN,4MNE,2.1047542095184326,91,V,S,F:\GENESIS Studio\genesis-studio\packages\engines-py\.pdb_cache\4MNE,A
1836,ThermoMPNN,4MNE,1.5257816314697266,91,V,T,F:\GENESIS Studio\genesis-studio\packages\engines-py\.pdb_cache\4MNE,A
1837,ThermoMPNN,4MNE,0.0,91,V,V,F:\GENESIS Studio\genesis-studio\packages\engines-py\.pdb_cache\4MNE,A
1838,ThermoMPNN,4MNE,0.710160493850708,91,V,W,F:\GENESIS Studio\genesis-studio\packages\engines-py\.pdb_cache\4MNE,A
1839,ThermoMPNN,4MNE,0.6437969207763672,91,V,Y,F:\GENESIS Studio\genesis-studio\packages\engines-py\.pdb_cache\4MNE,A
1840,ThermoMPNN,4MNE,1.7442959547042847,92,L,A,F:\GENESIS Studio\genesis-studio\packages\engines-py\.pdb_cache\4MNE,A
1841,ThermoMPNN,4MNE,1.1795785427093506,92,L,C,F:\GENESIS Studio\genesis-studio\packages\engines-py\.pdb_cache\4MNE,A
1842,ThermoMPNN,4MNE,2.65936541557312,92,L,D,F:\GENESIS Studio\genesis-studio\packages\engines-py\.pdb_cache\4MNE,A
1843,ThermoMPNN,4MNE,2.3387343883514404,92,L,E,F:\GENESIS Studio\genesis-studio\packages\engines-py\.pdb_cache\4MNE,A
1844,ThermoMPNN,4MNE,1.2353429794311523,92,L,F,F:\GENESIS Studio\genesis-studio\packages\engines-py\.pdb_cache\4MNE,A
1845,ThermoMPNN,4MNE,2.319655656814575,92,L,G,F:\GENESIS Studio\genesis-studio\packages\engines-py\.pdb_cache\4MNE,A
1846,ThermoMPNN,4MNE,2.13021183013916,92,L,H,F:\GENESIS Studio\genesis-studio\packages\engines-py\.pdb_cache\4MNE,A
1847,ThermoMPNN,4MNE,0.6636625528335571,92,L,I,F:\GENESIS Studio\genesis-studio\packages\engines-py\.pdb_cache\4MNE,A
1848,ThermoMPNN,4MNE,1.9434776306152344,92,L,K,F:\GENESIS Studio\genesis-studio\packages\engines-py\.pdb_cache\4MNE,A
1849,ThermoMPNN,4MNE,0.0,92,L,L,F:\GENESIS Studio\genesis-studio\packages\engines-py\.pdb_cache\4MNE,A
1850,ThermoMPNN,4MNE,0.8697261810302734,92,L,M,F:\GENESIS Studio\genesis-studio\packages\engines-py\.pdb_cache\4MNE,A
1851,ThermoMPNN,4MNE,2.4368884563446045,92,L,N,F:\GENESIS Studio\genesis-studio\packages\engines-py\.pdb_cache\4MNE,A
1852,ThermoMPNN,4MNE,2.5614614486694336,92,L,P,F:\GENESIS Studio\genesis-studio\packages\engines-py\.pdb_cache\4MNE,A
1853,ThermoMPNN,4MNE,2.1218457221984863,92,L,Q,F:\GENESIS Studio\genesis-studio\packages\engines-py\.pdb_cache\4MNE,A
1854,ThermoMPNN,4MNE,1.8617136478424072,92,L,R,F:\GENESIS Studio\genesis-studio\packages\engines-py\.pdb_cache\4MNE,A
1855,ThermoMPNN,4MNE,2.085625648498535,92,L,S,F:\GENESIS Studio\genesis-studio\packages\engines-py\.pdb_cache\4MNE,A
1856,ThermoMPNN,4MNE,1.8437408208847046,92,L,T,F:\GENESIS Studio\genesis-studio\packages\engines-py\.pdb_cache\4MNE,A
1857,ThermoMPNN,4MNE,0.8928163051605225,92,L,V,F:\GENESIS Studio\genesis-studio\packages\engines-py\.pdb_cache\4MNE,A
1858,ThermoMPNN,4MNE,1.3413724899291992,92,L,W,F:\GENESIS Studio\genesis-studio\packages\engines-py\.pdb_cache\4MNE,A
1859,ThermoMPNN,4MNE,1.420410394668579,92,L,Y,F:\GENESIS Studio\genesis-studio\packages\engines-py\.pdb_cache\4MNE,A
1860,ThermoMPNN,4MNE,0.345691978931427,93,K,A,F:\GENESIS Studio\genesis-studio\packages\engines-py\.pdb_cache\4MNE,A
1861,ThermoMPNN,4MNE,0.2480459213256836,93,K,C,F:\GENESIS Studio\genesis-studio\packages\engines-py\.pdb_cache\4MNE,A
1862,ThermoMPNN,4MNE,0.8516502380371094,93,K,D,F:\GENESIS Studio\genesis-studio\packages\engines-py\.pdb_cache\4MNE,A
1863,ThermoMPNN,4MNE,0.5078027248382568,93,K,E,F:\GENESIS Studio\genesis-studio\packages\engines-py\.pdb_cache\4MNE,A
1864,ThermoMPNN,4MNE,0.5425593852996826,93,K,F,F:\GENESIS Studio\genesis-studio\packages\engines-py\.pdb_cache\4MNE,A
1865,ThermoMPNN,4MNE,0.8497692346572876,93,K,G,F:\GENESIS Studio\genesis-studio\packages\engines-py\.pdb_cache\4MNE,A
1866,ThermoMPNN,4MNE,0.48948103189468384,93,K,H,F:\GENESIS Studio\genesis-studio\packages\engines-py\.pdb_cache\4MNE,A
1867,ThermoMPNN,4MNE,0.26278889179229736,93,K,I,F:\GENESIS Studio\genesis-studio\packages\engines-py\.pdb_cache\4MNE,A
1868,ThermoMPNN,4MNE,0.0,93,K,K,F:\GENESIS Studio\genesis-studio\packages\engines-py\.pdb_cache\4MNE,A
1869,ThermoMPNN,4MNE,0.1986684799194336,93,K,L,F:\GENESIS Studio\genesis-studio\packages\engines-py\.pdb_cache\4MNE,A
1870,ThermoMPNN,4MNE,0.20176374912261963,93,K,M,F:\GENESIS Studio\genesis-studio\packages\engines-py\.pdb_cache\4MNE,A
1871,ThermoMPNN,4MNE,0.511623740196228,93,K,N,F:\GENESIS Studio\genesis-studio\packages\engines-py\.pdb_cache\4MNE,A
1872,ThermoMPNN,4MNE,2.640195846557617,93,K,P,F:\GENESIS Studio\genesis-studio\packages\engines-py\.pdb_cache\4MNE,A
1873,ThermoMPNN,4MNE,0.16456782817840576,93,K,Q,F:\GENESIS Studio\genesis-studio\packages\engines-py\.pdb_cache\4MNE,A
1874,ThermoMPNN,4MNE,-0.017613530158996582,93,K,R,F:\GENESIS Studio\genesis-studio\packages\engines-py\.pdb_cache\4MNE,A
1875,ThermoMPNN,4MNE,0.5887022018432617,93,K,S,F:\GENESIS Studio\genesis-studio\packages\engines-py\.pdb_cache\4MNE,A
1876,ThermoMPNN,4MNE,0.5898124575614929,93,K,T,F:\GENESIS Studio\genesis-studio\packages\engines-py\.pdb_cache\4MNE,A
1877,ThermoMPNN,4MNE,0.49151384830474854,93,K,V,F:\GENESIS Studio\genesis-studio\packages\engines-py\.pdb_cache\4MNE,A
1878,ThermoMPNN,4MNE,0.6524813771247864,93,K,W,F:\GENESIS Studio\genesis-studio\packages\engines-py\.pdb_cache\4MNE,A
1879,ThermoMPNN,4MNE,0.6051406860351562,93,K,Y,F:\GENESIS Studio\genesis-studio\packages\engines-py\.pdb_cache\4MNE,A
1880,ThermoMPNN,4MNE,0.4310251474380493,94,K,A,F:\GENESIS Studio\genesis-studio\packages\engines-py\.pdb_cache\4MNE,A
1881,ThermoMPNN,4MNE,0.10699868202209473,94,K,C,F:\GENESIS Studio\genesis-studio\packages\engines-py\.pdb_cache\4MNE,A
1882,ThermoMPNN,4MNE,1.3297531604766846,94,K,D,F:\GENESIS Studio\genesis-studio\packages\engines-py\.pdb_cache\4MNE,A
1883,ThermoMPNN,4MNE,0.8427987694740295,94,K,E,F:\GENESIS Studio\genesis-studio\packages\engines-py\.pdb_cache\4MNE,A
1884,ThermoMPNN,4MNE,0.24078351259231567,94,K,F,F:\GENESIS Studio\genesis-studio\packages\engines-py\.pdb_cache\4MNE,A
1885,ThermoMPNN,4MNE,1.1059222221374512,94,K,G,F:\GENESIS Studio\genesis-studio\packages\engines-py\.pdb_cache\4MNE,A
1886,ThermoMPNN,4MNE,0.43847769498825073,94,K,H,F:\GENESIS Studio\genesis-studio\packages\engines-py\.pdb_cache\4MNE,A
1887,ThermoMPNN,4MNE,-0.3215506076812744,94,K,I,F:\GENESIS Studio\genesis-studio\packages\engines-py\.pdb_cache\4MNE,A
1888,ThermoMPNN,4MNE,0.0,94,K,K,F:\GENESIS Studio\genesis-studio\packages\engines-py\.pdb_cache\4MNE,A
1889,ThermoMPNN,4MNE,-0.017297744750976562,94,K,L,F:\GENESIS Studio\genesis-studio\packages\engines-py\.pdb_cache\4MNE,A
1890,ThermoMPNN,4MNE,0.12668848037719727,94,K,M,F:\GENESIS Studio\genesis-studio\packages\engines-py\.pdb_cache\4MNE,A
1891,ThermoMPNN,4MNE,0.6820203065872192,94,K,N,F:\GENESIS Studio\genesis-studio\packages\engines-py\.pdb_cache\4MNE,A
1892,ThermoMPNN,4MNE,1.9136784076690674,94,K,P,F:\GENESIS Studio\genesis-studio\packages\engines-py\.pdb_cache\4MNE,A
1893,ThermoMPNN,4MNE,0.42269980907440186,94,K,Q,F:\GENESIS Studio\genesis-studio\packages\engines-py\.pdb_cache\4MNE,A
1894,ThermoMPNN,4MNE,-0.02269291877746582,94,K,R,F:\GENESIS Studio\genesis-studio\packages\engines-py\.pdb_cache\4MNE,A
1895,ThermoMPNN,4MNE,0.6837339401245117,94,K,S,F:\GENESIS Studio\genesis-studio\packages\engines-py\.pdb_cache\4MNE,A
1896,ThermoMPNN,4MNE,0.4140479564666748,94,K,T,F:\GENESIS Studio\genesis-studio\packages\engines-py\.pdb_cache\4MNE,A
1897,ThermoMPNN,4MNE,-0.1315920352935791,94,K,V,F:\GENESIS Studio\genesis-studio\packages\engines-py\.pdb_cache\4MNE,A
1898,ThermoMPNN,4MNE,0.4381170868873596,94,K,W,F:\GENESIS Studio\genesis-studio\packages\engines-py\.pdb_cache\4MNE,A
1899,ThermoMPNN,4MNE,0.25709784030914307,94,K,Y,F:\GENESIS Studio\genesis-studio\packages\engines-py\.pdb_cache\4MNE,A
1900,ThermoMPNN,4MNE,0.0,95,A,A,F:\GENESIS Studio\genesis-studio\packages\engines-py\.pdb_cache\4MNE,A
1901,ThermoMPNN,4MNE,-0.17692136764526367,95,A,C,F:\GENESIS Studio\genesis-studio\packages\engines-py\.pdb_cache\4MNE,A
1902,ThermoMPNN,4MNE,2.081005573272705,95,A,D,F:\GENESIS Studio\genesis-studio\packages\engines-py\.pdb_cache\4MNE,A
1903,ThermoMPNN,4MNE,1.7320427894592285,95,A,E,F:\GENESIS Studio\genesis-studio\packages\engines-py\.pdb_cache\4MNE,A
1904,ThermoMPNN,4MNE,0.09105420112609863,95,A,F,F:\GENESIS Studio\genesis-studio\packages\engines-py\.pdb_cache\4MNE,A
1905,ThermoMPNN,4MNE,1.7298839092254639,95,A,G,F:\GENESIS Studio\genesis-studio\packages\engines-py\.pdb_cache\4MNE,A
1906,ThermoMPNN,4MNE,1.2370136976242065,95,A,H,F:\GENESIS Studio\genesis-studio\packages\engines-py\.pdb_cache\4MNE,A
1907,ThermoMPNN,4MNE,-0.24226593971252441,95,A,I,F:\GENESIS Studio\genesis-studio\packages\engines-py\.pdb_cache\4MNE,A
1908,ThermoMPNN,4MNE,1.674182653427124,95,A,K,F:\GENESIS Studio\genesis-studio\packages\engines-py\.pdb_cache\4MNE,A
1909,ThermoMPNN,4MNE,-0.07335329055786133,95,A,L,F:\GENESIS Studio\genesis-studio\packages\engines-py\.pdb_cache\4MNE,A
1910,ThermoMPNN,4MNE,-0.16746830940246582,95,A,M,F:\GENESIS Studio\genesis-studio\packages\engines-py\.pdb_cache\4MNE,A
1911,ThermoMPNN,4MNE,1.6858131885528564,95,A,N,F:\GENESIS Studio\genesis-studio\packages\engines-py\.pdb_cache\4MNE,A
1912,ThermoMPNN,4MNE,2.2160696983337402,95,A,P,F:\GENESIS Studio\genesis-studio\packages\engines-py\.pdb_cache\4MNE,A
1913,ThermoMPNN,4MNE,1.2672829627990723,95,A,Q,F:\GENESIS Studio\genesis-studio\packages\engines-py\.pdb_cache\4MNE,A
1914,ThermoMPNN,4MNE,1.555239200592041,95,A,R,F:\GENESIS Studio\genesis-studio\packages\engines-py\.pdb_cache\4MNE,A
1915,ThermoMPNN,4MNE,0.8727714419364929,95,A,S,F:\GENESIS Studio\genesis-studio\packages\engines-py\.pdb_cache\4MNE,A
1916,ThermoMPNN,4MNE,0.4681808352470398,95,A,T,F:\GENESIS Studio\genesis-studio\packages\engines-py\.pdb_cache\4MNE,A
1917,ThermoMPNN,4MNE,-0.3158191442489624,95,A,V,F:\GENESIS Studio\genesis-studio\packages\engines-py\.pdb_cache\4MNE,A
1918,ThermoMPNN,4MNE,0.24766361713409424,95,A,W,F:\GENESIS Studio\genesis-studio\packages\engines-py\.pdb_cache\4MNE,A
1919,ThermoMPNN,4MNE,0.31043875217437744,95,A,Y,F:\GENESIS Studio\genesis-studio\packages\engines-py\.pdb_cache\4MNE,A
1920,ThermoMPNN,4MNE,1.0131256580352783,96,G,A,F:\GENESIS Studio\genesis-studio\packages\engines-py\.pdb_cache\4MNE,A
1921,ThermoMPNN,4MNE,0.42343056201934814,96,G,C,F:\GENESIS Studio\genesis-studio\packages\engines-py\.pdb_cache\4MNE,A
1922,ThermoMPNN,4MNE,1.3704338073730469,96,G,D,F:\GENESIS Studio\genesis-studio\packages\engines-py\.pdb_cache\4MNE,A
1923,ThermoMPNN,4MNE,1.2235463857650757,96,G,E,F:\GENESIS Studio\genesis-studio\packages\engines-py\.pdb_cache\4MNE,A
1924,ThermoMPNN,4MNE,0.8361570239067078,96,G,F,F:\GENESIS Studio\genesis-studio\packages\engines-py\.pdb_cache\4MNE,A
1925,ThermoMPNN,4MNE,0.0,96,G,G,F:\GENESIS Studio\genesis-studio\packages\engines-py\.pdb_cache\4MNE,A
1926,ThermoMPNN,4MNE,0.5480506420135498,96,G,H,F:\GENESIS Studio\genesis-studio\packages\engines-py\.pdb_cache\4MNE,A
1927,ThermoMPNN,4MNE,1.592907190322876,96,G,I,F:\GENESIS Studio\genesis-studio\packages\engines-py\.pdb_cache\4MNE,A
1928,ThermoMPNN,4MNE,0.6403653621673584,96,G,K,F:\GENESIS Studio\genesis-studio\packages\engines-py\.pdb_cache\4MNE,A
1929,ThermoMPNN,4MNE,1.0043975114822388,96,G,L,F:\GENESIS Studio\genesis-studio\packages\engines-py\.pdb_cache\4MNE,A
1930,ThermoMPNN,4MNE,0.8344072103500366,96,G,M,F:\GENESIS Studio\genesis-studio\packages\engines-py\.pdb_cache\4MNE,A
1931,ThermoMPNN,4MNE,0.6073795557022095,96,G,N,F:\GENESIS Studio\genesis-studio\packages\engines-py\.pdb_cache\4MNE,A
1932,ThermoMPNN,4MNE,2.253340721130371,96,G,P,F:\GENESIS Studio\genesis-studio\packages\engines-py\.pdb_cache\4MNE,A
1933,ThermoMPNN,4MNE,0.6874878406524658,96,G,Q,F:\GENESIS Studio\genesis-studio\packages\engines-py\.pdb_cache\4MNE,A
1934,ThermoMPNN,4MNE,0.7851392030715942,96,G,R,F:\GENESIS Studio\genesis-studio\packages\engines-py\.pdb_cache\4MNE,A
1935,ThermoMPNN,4MNE,1.1032735109329224,96,G,S,F:\GENESIS Studio\genesis-studio\packages\engines-py\.pdb_cache\4MNE,A
1936,ThermoMPNN,4MNE,1.487253189086914,96,G,T,F:\GENESIS Studio\genesis-studio\packages\engines-py\.pdb_cache\4MNE,A
1937,ThermoMPNN,4MNE,1.5787649154663086,96,G,V,F:\GENESIS Studio\genesis-studio\packages\engines-py\.pdb_cache\4MNE,A
1938,ThermoMPNN,4MNE,1.2392913103103638,96,G,W,F:\GENESIS Studio\genesis-studio\packages\engines-py\.pdb_cache\4MNE,A
1939,ThermoMPNN,4MNE,1.0454487800598145,96,G,Y,F:\GENESIS Studio\genesis-studio\packages\engines-py\.pdb_cache\4MNE,A
1940,ThermoMPNN,4MNE,0.7072364687919617,97,R,A,F:\GENESIS Studio\genesis-studio\packages\engines-py\.pdb_cache\4MNE,A
1941,ThermoMPNN,4MNE,0.5125746726989746,97,R,C,F:\GENESIS Studio\genesis-studio\packages\engines-py\.pdb_cache\4MNE,A
1942,ThermoMPNN,4MNE,1.831770420074463,97,R,D,F:\GENESIS Studio\genesis-studio\packages\engines-py\.pdb_cache\4MNE,A
1943,ThermoMPNN,4MNE,1.582082986831665,97,R,E,F:\GENESIS Studio\genesis-studio\packages\engines-py\.pdb_cache\4MNE,A
1944,ThermoMPNN,4MNE,0.7845673561096191,97,R,F,F:\GENESIS Studio\genesis-studio\packages\engines-py\.pdb_cache\4MNE,A
1945,ThermoMPNN,4MNE,1.258713960647583,97,R,G,F:\GENESIS Studio\genesis-studio\packages\engines-py\.pdb_cache\4MNE,A
1946,ThermoMPNN,4MNE,0.6970992088317871,97,R,H,F:\GENESIS Studio\genesis-studio\packages\engines-py\.pdb_cache\4MNE,A
1947,ThermoMPNN,4MNE,0.386783242225647,97,R,I,F:\GENESIS Studio\genesis-studio\packages\engines-py\.pdb_cache\4MNE,A
1948,ThermoMPNN,4MNE,0.3341367244720459,97,R,K,F:\GENESIS Studio\genesis-studio\packages\engines-py\.pdb_cache\4MNE,A
1949,ThermoMPNN,4MNE,0.8898503184318542,97,R,L,F:\GENESIS Studio\genesis-studio\packages\engines-py\.pdb_cache\4MNE,A
1950,ThermoMPNN,4MNE,0.6063335537910461,97,R,M,F:\GENESIS Studio\genesis-studio\packages\engines-py\.pdb_cache\4MNE,A
1951,ThermoMPNN,4MNE,1.0397099256515503,97,R,N,F:\GENESIS Studio\genesis-studio\packages\engines-py\.pdb_cache\4MNE,A
1952,ThermoMPNN,4MNE,1.7465002536773682,97,R,P,F:\GENESIS Studio\genesis-studio\packages\engines-py\.pdb_cache\4MNE,A
1953,ThermoMPNN,4MNE,0.8024444580078125,97,R,Q,F:\GENESIS Studio\genesis-studio\packages\engines-py\.pdb_cache\4MNE,A
1954,ThermoMPNN,4MNE,0.0,97,R,R,F:\GENESIS Studio\genesis-studio\packages\engines-py\.pdb_cache\4MNE,A
1955,ThermoMPNN,4MNE,0.6639468669891357,97,R,S,F:\GENESIS Studio\genesis-studio\packages\engines-py\.pdb_cache\4MNE,A
1956,ThermoMPNN,4MNE,0.45946061611175537,97,R,T,F:\GENESIS Studio\genesis-studio\packages\engines-py\.pdb_cache\4MNE,A
1957,ThermoMPNN,4MNE,0.23583447933197021,97,R,V,F:\GENESIS Studio\genesis-studio\packages\engines-py\.pdb_cache\4MNE,A
1958,ThermoMPNN,4MNE,0.9520024657249451,97,R,W,F:\GENESIS Studio\genesis-studio\packages\engines-py\.pdb_cache\4MNE,A
1959,ThermoMPNN,4MNE,0.7652263045310974,97,R,Y,F:\GENESIS Studio\genesis-studio\packages\engines-py\.pdb_cache\4MNE,A
1960,ThermoMPNN,4MNE,2.5139756202697754,98,I,A,F:\GENESIS Studio\genesis-studio\packages\engines-py\.pdb_cache\4MNE,A
1961,ThermoMPNN,4MNE,1.7561041116714478,98,I,C,F:\GENESIS Studio\genesis-studio\packages\engines-py\.pdb_cache\4MNE,A
1962,ThermoMPNN,4MNE,3.3821423053741455,98,I,D,F:\GENESIS Studio\genesis-studio\packages\engines-py\.pdb_cache\4MNE,A
1963,ThermoMPNN,4MNE,3.2119758129119873,98,I,E,F:\GENESIS Studio\genesis-studio\packages\engines-py\.pdb_cache\4MNE,A
1964,ThermoMPNN,4MNE,1.0750510692596436,98,I,F,F:\GENESIS Studio\genesis-studio\packages\engines-py\.pdb_cache\4MNE,A
1965,ThermoMPNN,4MNE,3.3082337379455566,98,I,G,F:\GENESIS Studio\genesis-studio\packages\engines-py\.pdb_cache\4MNE,A
1966,ThermoMPNN,4MNE,2.749411106109619,98,I,H,F:\GENESIS Studio\genesis-studio\packages\engines-py\.pdb_cache\4MNE,A
1967,ThermoMPNN,4MNE,0.0,98,I,I,F:\GENESIS Studio\genesis-studio\packages\engines-py\.pdb_cache\4MNE,A
1968,ThermoMPNN,4MNE,2.9589667320251465,98,I,K,F:\GENESIS Studio\genesis-studio\packages\engines-py\.pdb_cache\4MNE,A
1969,ThermoMPNN,4MNE,0.9301788806915283,98,I,L,F:\GENESIS Studio\genesis-studio\packages\engines-py\.pdb_cache\4MNE,A
1970,ThermoMPNN,4MNE,1.274268388748169,98,I,M,F:\GENESIS Studio\genesis-studio\packages\engines-py\.pdb_cache\4MNE,A
1971,ThermoMPNN,4MNE,3.1967244148254395,98,I,N,F:\GENESIS Studio\genesis-studio\packages\engines-py\.pdb_cache\4MNE,A
1972,ThermoMPNN,4MNE,3.155982494354248,98,I,P,F:\GENESIS Studio\genesis-studio\packages\engines-py\.pdb_cache\4MNE,A
1973,ThermoMPNN,4MNE,2.9490411281585693,98,I,Q,F:\GENESIS Studio\genesis-studio\packages\engines-py\.pdb_cache\4MNE,A
1974,ThermoMPNN,4MNE,2.9586939811706543,98,I,R,F:\GENESIS Studio\genesis-studio\packages\engines-py\.pdb_cache\4MNE,A
1975,ThermoMPNN,4MNE,3.1298413276672363,98,I,S,F:\GENESIS Studio\genesis-studio\packages\engines-py\.pdb_cache\4MNE,A
1976,ThermoMPNN,4MNE,2.6377620697021484,98,I,T,F:\GENESIS Studio\genesis-studio\packages\engines-py\.pdb_cache\4MNE,A
1977,ThermoMPNN,4MNE,0.9886205196380615,98,I,V,F:\GENESIS Studio\genesis-studio\packages\engines-py\.pdb_cache\4MNE,A
1978,ThermoMPNN,4MNE,1.8308110237121582,98,I,W,F:\GENESIS Studio\genesis-studio\packages\engines-py\.pdb_cache\4MNE,A
1979,ThermoMPNN,4MNE,1.7719452381134033,98,I,Y,F:\GENESIS Studio\genesis-studio\packages\engines-py\.pdb_cache\4MNE,A
1980,ThermoMPNN,4MNE,1.496762990951538,99,P,A,F:\GENESIS Studio\genesis-studio\packages\engines-py\.pdb_cache\4MNE,A
1981,ThermoMPNN,4MNE,1.1605982780456543,99,P,C,F:\GENESIS Studio\genesis-studio\packages\engines-py\.pdb_cache\4MNE,A
1982,ThermoMPNN,4MNE,1.5213854312896729,99,P,D,F:\GENESIS Studio\genesis-studio\packages\engines-py\.pdb_cache\4MNE,A
1983,ThermoMPNN,4MNE,1.7841178178787231,99,P,E,F:\GENESIS Studio\genesis-studio\packages\engines-py\.pdb_cache\4MNE,A
1984,ThermoMPNN,4MNE,2.242295742034912,99,P,F,F:\GENESIS Studio\genesis-studio\packages\engines-py\.pdb_cache\4MNE,A
1985,ThermoMPNN,4MNE,2.3990988731384277,99,P,G,F:\GENESIS Studio\genesis-studio\packages\engines-py\.pdb_cache\4MNE,A
1986,ThermoMPNN,4MNE,2.084444522857666,99,P,H,F:\GENESIS Studio\genesis-studio\packages\engines-py\.pdb_cache\4MNE,A
1987,ThermoMPNN,4MNE,1.9726969003677368,99,P,I,F:\GENESIS Studio\genesis-studio\packages\engines-py\.pdb_cache\4MNE,A
1988,ThermoMPNN,4MNE,2.027804136276245,99,P,K,F:\GENESIS Studio\genesis-studio\packages\engines-py\.pdb_cache\4MNE,A
1989,ThermoMPNN,4MNE,1.7522467374801636,99,P,L,F:\GENESIS Studio\genesis-studio\packages\engines-py\.pdb_cache\4MNE,A
1990,ThermoMPNN,4MNE,1.8695430755615234,99,P,M,F:\GENESIS Studio\genesis-studio\packages\engines-py\.pdb_cache\4MNE,A
1991,ThermoMPNN,4MNE,1.8160572052001953,99,P,N,F:\GENESIS Studio\genesis-studio\packages\engines-py\.pdb_cache\4MNE,A
1992,ThermoMPNN,4MNE,0.0,99,P,P,F:\GENESIS Studio\genesis-studio\packages\engines-py\.pdb_cache\4MNE,A
1993,ThermoMPNN,4MNE,1.8704050779342651,99,P,Q,F:\GENESIS Studio\genesis-studio\packages\engines-py\.pdb_cache\4MNE,A
1994,ThermoMPNN,4MNE,2.2640268802642822,99,P,R,F:\GENESIS Studio\genesis-studio\packages\engines-py\.pdb_cache\4MNE,A
1995,ThermoMPNN,4MNE,1.3460230827331543,99,P,S,F:\GENESIS Studio\genesis-studio\packages\engines-py\.pdb_cache\4MNE,A
1996,ThermoMPNN,4MNE,1.7569493055343628,99,P,T,F:\GENESIS Studio\genesis-studio\packages\engines-py\.pdb_cache\4MNE,A
1997,ThermoMPNN,4MNE,1.843600869178772,99,P,V,F:\GENESIS Studio\genesis-studio\packages\engines-py\.pdb_cache\4MNE,A
1998,ThermoMPNN,4MNE,2.0580942630767822,99,P,W,F:\GENESIS Studio\genesis-studio\packages\engines-py\.pdb_cache\4MNE,A
1999,ThermoMPNN,4MNE,2.252678871154785,99,P,Y,F:\GENESIS Studio\genesis-studio\packages\engines-py\.pdb_cache\4MNE,A
2000,ThermoMPNN,4MNE,1.060309648513794,100,E,A,F:\GENESIS Studio\genesis-studio\packages\engines-py\.pdb_cache\4MNE,A
2001,ThermoMPNN,4MNE,0.8565458655357361,100,E,C,F:\GENESIS Studio\genesis-studio\packages\engines-py\.pdb_cache\4MNE,A
2002,ThermoMPNN,4MNE,1.2803550958633423,100,E,D,F:\GENESIS Studio\genesis-studio\packages\engines-py\.pdb_cache\4MNE,A
2003,ThermoMPNN,4MNE,0.0,100,E,E,F:\GENESIS Studio\genesis-studio\packages\engines-py\.pdb_cache\4MNE,A
2004,ThermoMPNN,4MNE,1.0442408323287964,100,E,F,F:\GENESIS Studio\genesis-studio\packages\engines-py\.pdb_cache\4MNE,A
2005,ThermoMPNN,4MNE,1.5090599060058594,100,E,G,F:\GENESIS Studio\genesis-studio\packages\engines-py\.pdb_cache\4MNE,A
2006,ThermoMPNN,4MNE,1.1045727729797363,100,E,H,F:\GENESIS Studio\genesis-studio\packages\engines-py\.pdb_cache\4MNE,A
2007,ThermoMPNN,4MNE,0.9788375496864319,100,E,I,F:\GENESIS Studio\genesis-studio\packages\engines-py\.pdb_cache\4MNE,A
2008,ThermoMPNN,4MNE,1.6679813861846924,100,E,K,F:\GENESIS Studio\genesis-studio\packages\engines-py\.pdb_cache\4MNE,A
2009,ThermoMPNN,4MNE,1.3443492650985718,100,E,L,F:\GENESIS Studio\genesis-studio\packages\engines-py\.pdb_cache\4MNE,A
2010,ThermoMPNN,4MNE,1.0504612922668457,100,E,M,F:\GENESIS Studio\genesis-studio\packages\engines-py\.pdb_cache\4MNE,A
2011,ThermoMPNN,4MNE,1.6925835609436035,100,E,N,F:\GENESIS Studio\genesis-studio\packages\engines-py\.pdb_cache\4MNE,A
2012,ThermoMPNN,4MNE,0.7590439319610596,100,E,P,F:\GENESIS Studio\genesis-studio\packages\engines-py\.pdb_cache\4MNE,A
2013,ThermoMPNN,4MNE,0.7547817230224609,100,E,Q,F:\GENESIS Studio\genesis-studio\packages\engines-py\.pdb_cache\4MNE,A
2014,ThermoMPNN,4MNE,1.7055352926254272,100,E,R,F:\GENESIS Studio\genesis-studio\packages\engines-py\.pdb_cache\4MNE,A
2015,ThermoMPNN,4MNE,1.1239901781082153,100,E,S,F:\GENESIS Studio\genesis-studio\packages\engines-py\.pdb_cache\4MNE,A
2016,ThermoMPNN,4MNE,1.0640552043914795,100,E,T,F:\GENESIS Studio\genesis-studio\packages\engines-py\.pdb_cache\4MNE,A
2017,ThermoMPNN,4MNE,0.987563967704773,100,E,V,F:\GENESIS Studio\genesis-studio\packages\engines-py\.pdb_cache\4MNE,A
2018,ThermoMPNN,4MNE,1.2940210103988647,100,E,W,F:\GENESIS Studio\genesis-studio\packages\engines-py\.pdb_cache\4MNE,A
2019,ThermoMPNN,4MNE,0.8910481333732605,100,E,Y,F:\GENESIS Studio\genesis-studio\packages\engines-py\.pdb_cache\4MNE,A
2020,ThermoMPNN,4MNE,0.05785423517227173,101,Q,A,F:\GENESIS Studio\genesis-studio\packages\engines-py\.pdb_cache\4MNE,A
2021,ThermoMPNN,4MNE,0.1043129563331604,101,Q,C,F:\GENESIS Studio\genesis-studio\packages\engines-py\.pdb_cache\4MNE,A
2022,ThermoMPNN,4MNE,0.6581894159317017,101,Q,D,F:\GENESIS Studio\genesis-studio\packages\engines-py\.pdb_cache\4MNE,A
2023,ThermoMPNN,4MNE,0.45942556858062744,101,Q,E,F:\GENESIS Studio\genesis-studio\packages\engines-py\.pdb_cache\4MNE,A
2024,ThermoMPNN,4MNE,0.463081955909729,101,Q,F,F:\GENESIS Studio\genesis-studio\packages\engines-py\.pdb_cache\4MNE,A
2025,ThermoMPNN,4MNE,0.6559064984321594,101,Q,G,F:\GENESIS Studio\genesis-studio\packages\engines-py\.pdb_cache\4MNE,A
2026,ThermoMPNN,4MNE,0.18303662538528442,101,Q,H,F:\GENESIS Studio\genesis-studio\packages\engines-py\.pdb_cache\4MNE,A
2027,ThermoMPNN,4MNE,0.09178829193115234,101,Q,I,F:\GENESIS Studio\genesis-studio\packages\engines-py\.pdb_cache\4MNE,A
2028,ThermoMPNN,4MNE,-0.08537006378173828,101,Q,K,F:\GENESIS Studio\genesis-studio\packages\engines-py\.pdb_cache\4MNE,A
2029,ThermoMPNN,4MNE,0.3101493716239929,101,Q,L,F:\GENESIS Studio\genesis-studio\packages\engines-py\.pdb_cache\4MNE,A
2030,ThermoMPNN,4MNE,0.25308746099472046,101,Q,M,F:\GENESIS Studio\genesis-studio\packages\engines-py\.pdb_cache\4MNE,A
2031,ThermoMPNN,4MNE,0.39398646354675293,101,Q,N,F:\GENESIS Studio\genesis-studio\packages\engines-py\.pdb_cache\4MNE,A
2032,ThermoMPNN,4MNE,0.7993361353874207,101,Q,P,F:\GENESIS Studio\genesis-studio\packages\engines-py\.pdb_cache\4MNE,A
2033,ThermoMPNN,4MNE,0.0,101,Q,Q,F:\GENESIS Studio\genesis-studio\packages\engines-py\.pdb_cache\4MNE,A
2034,ThermoMPNN,4MNE,-0.12008237838745117,101,Q,R,F:\GENESIS Studio\genesis-studio\packages\engines-py\.pdb_cache\4MNE,A
2035,ThermoMPNN,4MNE,-0.03748762607574463,101,Q,S,F:\GENESIS Studio\genesis-studio\packages\engines-py\.pdb_cache\4MNE,A
2036,ThermoMPNN,4MNE,0.09102654457092285,101,Q,T,F:\GENESIS Studio\genesis-studio\packages\engines-py\.pdb_cache\4MNE,A
2037,ThermoMPNN,4MNE,0.1625167727470398,101,Q,V,F:\GENESIS Studio\genesis-studio\packages\engines-py\.pdb_cache\4MNE,A
2038,ThermoMPNN,4MNE,0.20598173141479492,101,Q,W,F:\GENESIS Studio\genesis-studio\packages\engines-py\.pdb_cache\4MNE,A
2039,ThermoMPNN,4MNE,0.2757263779640198,101,Q,Y,F:\GENESIS Studio\genesis-studio\packages\engines-py\.pdb_cache\4MNE,A
2040,ThermoMPNN,4MNE,1.8515808582305908,102,I,A,F:\GENESIS Studio\genesis-studio\packages\engines-py\.pdb_cache\4MNE,A
2041,ThermoMPNN,4MNE,0.789618968963623,102,I,C,F:\GENESIS Studio\genesis-studio\packages\engines-py\.pdb_cache\4MNE,A
2042,ThermoMPNN,4MNE,3.7557787895202637,102,I,D,F:\GENESIS Studio\genesis-studio\packages\engines-py\.pdb_cache\4MNE,A
2043,ThermoMPNN,4MNE,3.0737483501434326,102,I,E,F:\GENESIS Studio\genesis-studio\packages\engines-py\.pdb_cache\4MNE,A
2044,ThermoMPNN,4MNE,0.6140221357345581,102,I,F,F:\GENESIS Studio\genesis-studio\packages\engines-py\.pdb_cache\4MNE,A
2045,ThermoMPNN,4MNE,3.4904003143310547,102,I,G,F:\GENESIS Studio\genesis-studio\packages\engines-py\.pdb_cache\4MNE,A
2046,ThermoMPNN,4MNE,2.0313217639923096,102,I,H,F:\GENESIS Studio\genesis-studio\packages\engines-py\.pdb_cache\4MNE,A
2047,ThermoMPNN,4MNE,0.0,102,I,I,F:\GENESIS Studio\genesis-studio\packages\engines-py\.pdb_cache\4MNE,A
2048,ThermoMPNN,4MNE,2.6179213523864746,102,I,K,F:\GENESIS Studio\genesis-studio\packages\engines-py\.pdb_cache\4MNE,A
2049,ThermoMPNN,4MNE,0.21759748458862305,102,I,L,F:\GENESIS Studio\genesis-studio\packages\engines-py\.pdb_cache\4MNE,A
2050,ThermoMPNN,4MNE,0.7150163650512695,102,I,M,F:\GENESIS Studio\genesis-studio\packages\engines-py\.pdb_cache\4MNE,A
2051,ThermoMPNN,4MNE,3.036381483078003,102,I,N,F:\GENESIS Studio\genesis-studio\packages\engines-py\.pdb_cache\4MNE,A
2052,ThermoMPNN,4MNE,3.5386085510253906,102,I,P,F:\GENESIS Studio\genesis-studio\packages\engines-py\.pdb_cache\4MNE,A
2053,ThermoMPNN,4MNE,2.541612386703491,102,I,Q,F:\GENESIS Studio\genesis-studio\packages\engines-py\.pdb_cache\4MNE,A
2054,ThermoMPNN,4MNE,2.6391162872314453,102,I,R,F:\GENESIS Studio\genesis-studio\packages\engines-py\.pdb_cache\4MNE,A
2055,ThermoMPNN,4MNE,2.744663953781128,102,I,S,F:\GENESIS Studio\genesis-studio\packages\engines-py\.pdb_cache\4MNE,A
2056,ThermoMPNN,4MNE,2.206881284713745,102,I,T,F:\GENESIS Studio\genesis-studio\packages\engines-py\.pdb_cache\4MNE,A
2057,ThermoMPNN,4MNE,0.5857529640197754,102,I,V,F:\GENESIS Studio\genesis-studio\packages\engines-py\.pdb_cache\4MNE,A
2058,ThermoMPNN,4MNE,0.6487854719161987,102,I,W,F:\GENESIS Studio\genesis-studio\packages\engines-py\.pdb_cache\4MNE,A
2059,ThermoMPNN,4MNE,0.6173558235168457,102,I,Y,F:\GENESIS Studio\genesis-studio\packages\engines-py\.pdb_cache\4MNE,A
2060,ThermoMPNN,4MNE,2.3977596759796143,103,L,A,F:\GENESIS Studio\genesis-studio\packages\engines-py\.pdb_cache\4MNE,A
2061,ThermoMPNN,4MNE,1.6409207582473755,103,L,C,F:\GENESIS Studio\genesis-studio\packages\engines-py\.pdb_cache\4MNE,A
2062,ThermoMPNN,4MNE,3.3016881942749023,103,L,D,F:\GENESIS Studio\genesis-studio\packages\engines-py\.pdb_cache\4MNE,A
2063,ThermoMPNN,4MNE,3.140141010284424,103,L,E,F:\GENESIS Studio\genesis-studio\packages\engines-py\.pdb_cache\4MNE,A
2064,ThermoMPNN,4MNE,2.0319502353668213,103,L,F,F:\GENESIS Studio\genesis-studio\packages\engines-py\.pdb_cache\4MNE,A
2065,ThermoMPNN,4MNE,3.101619243621826,103,L,G,F:\GENESIS Studio\genesis-studio\packages\engines-py\.pdb_cache\4MNE,A
2066,ThermoMPNN,4MNE,3.097604274749756,103,L,H,F:\GENESIS Studio\genesis-studio\packages\engines-py\.pdb_cache\4MNE,A
2067,ThermoMPNN,4MNE,0.932875394821167,103,L,I,F:\GENESIS Studio\genesis-studio\packages\engines-py\.pdb_cache\4MNE,A
2068,ThermoMPNN,4MNE,2.8952956199645996,103,L,K,F:\GENESIS Studio\genesis-studio\packages\engines-py\.pdb_cache\4MNE,A
2069,ThermoMPNN,4MNE,0.0,103,L,L,F:\GENESIS Studio\genesis-studio\packages\engines-py\.pdb_cache\4MNE,A
2070,ThermoMPNN,4MNE,1.284193754196167,103,L,M,F:\GENESIS Studio\genesis-studio\packages\engines-py\.pdb_cache\4MNE,A
2071,ThermoMPNN,4MNE,3.1121134757995605,103,L,N,F:\GENESIS Studio\genesis-studio\packages\engines-py\.pdb_cache\4MNE,A
2072,ThermoMPNN,4MNE,3.3660664558410645,103,L,P,F:\GENESIS Studio\genesis-studio\packages\engines-py\.pdb_cache\4MNE,A
2073,ThermoMPNN,4MNE,3.03847599029541,103,L,Q,F:\GENESIS Studio\genesis-studio\packages\engines-py\.pdb_cache\4MNE,A
2074,ThermoMPNN,4MNE,2.932098388671875,103,L,R,F:\GENESIS Studio\genesis-studio\packages\engines-py\.pdb_cache\4MNE,A
2075,ThermoMPNN,4MNE,2.946218729019165,103,L,S,F:\GENESIS Studio\genesis-studio\packages\engines-py\.pdb_cache\4MNE,A
2076,ThermoMPNN,4MNE,2.7415871620178223,103,L,T,F:\GENESIS Studio\genesis-studio\packages\engines-py\.pdb_cache\4MNE,A
2077,ThermoMPNN,4MNE,1.4571455717086792,103,L,V,F:\GENESIS Studio\genesis-studio\packages\engines-py\.pdb_cache\4MNE,A
2078,ThermoMPNN,4MNE,2.313443660736084,103,L,W,F:\GENESIS Studio\genesis-studio\packages\engines-py\.pdb_cache\4MNE,A
2079,ThermoMPNN,4MNE,2.400876522064209,103,L,Y,F:\GENESIS Studio\genesis-studio\packages\engines-py\.pdb_cache\4MNE,A
2080,ThermoMPNN,4MNE,1.714125394821167,104,G,A,F:\GENESIS Studio\genesis-studio\packages\engines-py\.pdb_cache\4MNE,A
2081,ThermoMPNN,4MNE,1.408323049545288,104,G,C,F:\GENESIS Studio\genesis-studio\packages\engines-py\.pdb_cache\4MNE,A
2082,ThermoMPNN,4MNE,2.8126585483551025,104,G,D,F:\GENESIS Studio\genesis-studio\packages\engines-py\.pdb_cache\4MNE,A
2083,ThermoMPNN,4MNE,2.7104649543762207,104,G,E,F:\GENESIS Studio\genesis-studio\packages\engines-py\.pdb_cache\4MNE,A
2084,ThermoMPNN,4MNE,1.5377806425094604,104,G,F,F:\GENESIS Studio\genesis-studio\packages\engines-py\.pdb_cache\4MNE,A
2085,ThermoMPNN,4MNE,0.0,104,G,G,F:\GENESIS Studio\genesis-studio\packages\engines-py\.pdb_cache\4MNE,A
2086,ThermoMPNN,4MNE,2.3664214611053467,104,G,H,F:\GENESIS Studio\genesis-studio\packages\engines-py\.pdb_cache\4MNE,A
2087,ThermoMPNN,4MNE,1.8197648525238037,104,G,I,F:\GENESIS Studio\genesis-studio\packages\engines-py\.pdb_cache\4MNE,A
2088,ThermoMPNN,4MNE,2.6126809120178223,104,G,K,F:\GENESIS Studio\genesis-studio\packages\engines-py\.pdb_cache\4MNE,A
2089,ThermoMPNN,4MNE,1.786085605621338,104,G,L,F:\GENESIS Studio\genesis-studio\packages\engines-py\.pdb_cache\4MNE,A
2090,ThermoMPNN,4MNE,1.7247594594955444,104,G,M,F:\GENESIS Studio\genesis-studio\packages\engines-py\.pdb_cache\4MNE,A
2091,ThermoMPNN,4MNE,2.6031177043914795,104,G,N,F:\GENESIS Studio\genesis-studio\packages\engines-py\.pdb_cache\4MNE,A
2092,ThermoMPNN,4MNE,2.5248022079467773,104,G,P,F:\GENESIS Studio\genesis-studio\packages\engines-py\.pdb_cache\4MNE,A
2093,ThermoMPNN,4MNE,2.4895830154418945,104,G,Q,F:\GENESIS Studio\genesis-studio\packages\engines-py\.pdb_cache\4MNE,A
2094,ThermoMPNN,4MNE,2.4074110984802246,104,G,R,F:\GENESIS Studio\genesis-studio\packages\engines-py\.pdb_cache\4MNE,A
2095,ThermoMPNN,4MNE,1.9990043640136719,104,G,S,F:\GENESIS Studio\genesis-studio\packages\engines-py\.pdb_cache\4MNE,A
2096,ThermoMPNN,4MNE,2.2145450115203857,104,G,T,F:\GENESIS Studio\genesis-studio\packages\engines-py\.pdb_cache\4MNE,A
2097,ThermoMPNN,4MNE,1.7014756202697754,104,G,V,F:\GENESIS Studio\genesis-studio\packages\engines-py\.pdb_cache\4MNE,A
2098,ThermoMPNN,4MNE,1.7793643474578857,104,G,W,F:\GENESIS Studio\genesis-studio\packages\engines-py\.pdb_cache\4MNE,A
2099,ThermoMPNN,4MNE,1.8632956743240356,104,G,Y,F:\GENESIS Studio\genesis-studio\packages\engines-py\.pdb_cache\4MNE,A
2100,ThermoMPNN,4MNE,1.4954681396484375,105,K,A,F:\GENESIS Studio\genesis-studio\packages\engines-py\.pdb_cache\4MNE,A
2101,ThermoMPNN,4MNE,0.7705326080322266,105,K,C,F:\GENESIS Studio\genesis-studio\packages\engines-py\.pdb_cache\4MNE,A
2102,ThermoMPNN,4MNE,2.917834997177124,105,K,D,F:\GENESIS Studio\genesis-studio\packages\engines-py\.pdb_cache\4MNE,A
2103,ThermoMPNN,4MNE,2.2128477096557617,105,K,E,F:\GENESIS Studio\genesis-studio\packages\engines-py\.pdb_cache\4MNE,A
2104,ThermoMPNN,4MNE,0.6458922624588013,105,K,F,F:\GENESIS Studio\genesis-studio\packages\engines-py\.pdb_cache\4MNE,A
2105,ThermoMPNN,4MNE,2.237112522125244,105,K,G,F:\GENESIS Studio\genesis-studio\packages\engines-py\.pdb_cache\4MNE,A
2106,ThermoMPNN,4MNE,0.9806572794914246,105,K,H,F:\GENESIS Studio\genesis-studio\packages\engines-py\.pdb_cache\4MNE,A
2107,ThermoMPNN,4MNE,0.4737381935119629,105,K,I,F:\GENESIS Studio\genesis-studio\packages\engines-py\.pdb_cache\4MNE,A
2108,ThermoMPNN,4MNE,0.0,105,K,K,F:\GENESIS Studio\genesis-studio\packages\engines-py\.pdb_cache\4MNE,A
2109,ThermoMPNN,4MNE,0.7756491899490356,105,K,L,F:\GENESIS Studio\genesis-studio\packages\engines-py\.pdb_cache\4MNE,A
2110,ThermoMPNN,4MNE,0.6813323497772217,105,K,M,F:\GENESIS Studio\genesis-studio\packages\engines-py\.pdb_cache\4MNE,A
2111,ThermoMPNN,4MNE,1.747018814086914,105,K,N,F:\GENESIS Studio\genesis-studio\packages\engines-py\.pdb_cache\4MNE,A
2112,ThermoMPNN,4MNE,2.695131540298462,105,K,P,F:\GENESIS Studio\genesis-studio\packages\engines-py\.pdb_cache\4MNE,A
2113,ThermoMPNN,4MNE,0.9725652933120728,105,K,Q,F:\GENESIS Studio\genesis-studio\packages\engines-py\.pdb_cache\4MNE,A
2114,ThermoMPNN,4MNE,-0.060239553451538086,105,K,R,F:\GENESIS Studio\genesis-studio\packages\engines-py\.pdb_cache\4MNE,A
2115,ThermoMPNN,4MNE,1.6160303354263306,105,K,S,F:\GENESIS Studio\genesis-studio\packages\engines-py\.pdb_cache\4MNE,A
2116,ThermoMPNN,4MNE,1.4016227722167969,105,K,T,F:\GENESIS Studio\genesis-studio\packages\engines-py\.pdb_cache\4MNE,A
2117,ThermoMPNN,4MNE,0.830835223197937,105,K,V,F:\GENESIS Studio\genesis-studio\packages\engines-py\.pdb_cache\4MNE,A
2118,ThermoMPNN,4MNE,1.046393871307373,105,K,W,F:\GENESIS Studio\genesis-studio\packages\engines-py\.pdb_cache\4MNE,A
2119,ThermoMPNN,4MNE,0.6742616891860962,105,K,Y,F:\GENESIS Studio\genesis-studio\packages\engines-py\.pdb_cache\4MNE,A
2120,ThermoMPNN,4MNE,2.0122463703155518,106,V,A,F:\GENESIS Studio\genesis-studio\packages\engines-py\.pdb_cache\4MNE,A
2121,ThermoMPNN,4MNE,1.0828925371170044,106,V,C,F:\GENESIS Studio\genesis-studio\packages\engines-py\.pdb_cache\4MNE,A
2122,ThermoMPNN,4MNE,2.8817474842071533,106,V,D,F:\GENESIS Studio\genesis-studio\packages\engines-py\.pdb_cache\4MNE,A
2123,ThermoMPNN,4MNE,2.777249336242676,106,V,E,F:\GENESIS Studio\genesis-studio\packages\engines-py\.pdb_cache\4MNE,A
2124,ThermoMPNN,4MNE,1.3806793689727783,106,V,F,F:\GENESIS Studio\genesis-studio\packages\engines-py\.pdb_cache\4MNE,A
2125,ThermoMPNN,4MNE,2.559520721435547,106,V,G,F:\GENESIS Studio\genesis-studio\packages\engines-py\.pdb_cache\4MNE,A
2126,ThermoMPNN,4MNE,2.5815935134887695,106,V,H,F:\GENESIS Studio\genesis-studio\packages\engines-py\.pdb_cache\4MNE,A
2127,ThermoMPNN,4MNE,-0.19263315200805664,106,V,I,F:\GENESIS Studio\genesis-studio\packages\engines-py\.pdb_cache\4MNE,A
2128,ThermoMPNN,4MNE,2.677523612976074,106,V,K,F:\GENESIS Studio\genesis-studio\packages\engines-py\.pdb_cache\4MNE,A
2129,ThermoMPNN,4MNE,0.7122310400009155,106,V,L,F:\GENESIS Studio\genesis-studio\packages\engines-py\.pdb_cache\4MNE,A
2130,ThermoMPNN,4MNE,1.323669195175171,106,V,M,F:\GENESIS Studio\genesis-studio\packages\engines-py\.pdb_cache\4MNE,A
2131,ThermoMPNN,4MNE,2.711139678955078,106,V,N,F:\GENESIS Studio\genesis-studio\packages\engines-py\.pdb_cache\4MNE,A
2132,ThermoMPNN,4MNE,2.6809332370758057,106,V,P,F:\GENESIS Studio\genesis-studio\packages\engines-py\.pdb_cache\4MNE,A
2133,ThermoMPNN,4MNE,2.6721296310424805,106,V,Q,F:\GENESIS Studio\genesis-studio\packages\engines-py\.pdb_cache\4MNE,A
2134,ThermoMPNN,4MNE,2.7178077697753906,106,V,R,F:\GENESIS Studio\genesis-studio\packages\engines-py\.pdb_cache\4MNE,A
2135,ThermoMPNN,4MNE,2.5286998748779297,106,V,S,F:\GENESIS Studio\genesis-studio\packages\engines-py\.pdb_cache\4MNE,A
2136,ThermoMPNN,4MNE,1.8287400007247925,106,V,T,F:\GENESIS Studio\genesis-studio\packages\engines-py\.pdb_cache\4MNE,A
2137,ThermoMPNN,4MNE,0.0,106,V,V,F:\GENESIS Studio\genesis-studio\packages\engines-py\.pdb_cache\4MNE,A
2138,ThermoMPNN,4MNE,1.8542146682739258,106,V,W,F:\GENESIS Studio\genesis-studio\packages\engines-py\.pdb_cache\4MNE,A
2139,ThermoMPNN,4MNE,1.8308337926864624,106,V,Y,F:\GENESIS Studio\genesis-studio\packages\engines-py\.pdb_cache\4MNE,A
2140,ThermoMPNN,4MNE,-0.6900792121887207,107,S,A,F:\GENESIS Studio\genesis-studio\packages\engines-py\.pdb_cache\4MNE,A
2141,ThermoMPNN,4MNE,-0.7365648746490479,107,S,C,F:\GENESIS Studio\genesis-studio\packages\engines-py\.pdb_cache\4MNE,A
2142,ThermoMPNN,4MNE,2.208296298980713,107,S,D,F:\GENESIS Studio\genesis-studio\packages\engines-py\.pdb_cache\4MNE,A
2143,ThermoMPNN,4MNE,1.5384197235107422,107,S,E,F:\GENESIS Studio\genesis-studio\packages\engines-py\.pdb_cache\4MNE,A
2144,ThermoMPNN,4MNE,-0.25286293029785156,107,S,F,F:\GENESIS Studio\genesis-studio\packages\engines-py\.pdb_cache\4MNE,A
2145,ThermoMPNN,4MNE,0.6298882961273193,107,S,G,F:\GENESIS Studio\genesis-studio\packages\engines-py\.pdb_cache\4MNE,A
2146,ThermoMPNN,4MNE,1.0875897407531738,107,S,H,F:\GENESIS Studio\genesis-studio\packages\engines-py\.pdb_cache\4MNE,A
2147,ThermoMPNN,4MNE,-0.8119581937789917,107,S,I,F:\GENESIS Studio\genesis-studio\packages\engines-py\.pdb_cache\4MNE,A
2148,ThermoMPNN,4MNE,1.6612224578857422,107,S,K,F:\GENESIS Studio\genesis-studio\packages\engines-py\.pdb_cache\4MNE,A
2149,ThermoMPNN,4MNE,-0.1688610315322876,107,S,L,F:\GENESIS Studio\genesis-studio\packages\engines-py\.pdb_cache\4MNE,A
2150,ThermoMPNN,4MNE,-0.16989445686340332,107,S,M,F:\GENESIS Studio\genesis-studio\packages\engines-py\.pdb_cache\4MNE,A
2151,ThermoMPNN,4MNE,1.6164979934692383,107,S,N,F:\GENESIS Studio\genesis-studio\packages\engines-py\.pdb_cache\4MNE,A
2152,ThermoMPNN,4MNE,1.8544743061065674,107,S,P,F:\GENESIS Studio\genesis-studio\packages\engines-py\.pdb_cache\4MNE,A
2153,ThermoMPNN,4MNE,1.4317662715911865,107,S,Q,F:\GENESIS Studio\genesis-studio\packages\engines-py\.pdb_cache\4MNE,A
2154,ThermoMPNN,4MNE,1.4006283283233643,107,S,R,F:\GENESIS Studio\genesis-studio\packages\engines-py\.pdb_cache\4MNE,A
2155,ThermoMPNN,4MNE,0.0,107,S,S,F:\GENESIS Studio\genesis-studio\packages\engines-py\.pdb_cache\4MNE,A
2156,ThermoMPNN,4MNE,-0.07674050331115723,107,S,T,F:\GENESIS Studio\genesis-studio\packages\engines-py\.pdb_cache\4MNE,A
2157,ThermoMPNN,4MNE,-0.8144115209579468,107,S,V,F:\GENESIS Studio\genesis-studio\packages\engines-py\.pdb_cache\4MNE,A
2158,ThermoMPNN,4MNE,0.1335884928703308,107,S,W,F:\GENESIS Studio\genesis-studio\packages\engines-py\.pdb_cache\4MNE,A
2159,ThermoMPNN,4MNE,0.08570009469985962,107,S,Y,F:\GENESIS Studio\genesis-studio\packages\engines-py\.pdb_cache\4MNE,A
2160,ThermoMPNN,4MNE,1.711808681488037,108,I,A,F:\GENESIS Studio\genesis-studio\packages\engines-py\.pdb_cache\4MNE,A
2161,ThermoMPNN,4MNE,1.3678617477416992,108,I,C,F:\GENESIS Studio\genesis-studio\packages\engines-py\.pdb_cache\4MNE,A
2162,ThermoMPNN,4MNE,2.686518669128418,108,I,D,F:\GENESIS Studio\genesis-studio\packages\engines-py\.pdb_cache\4MNE,A
2163,ThermoMPNN,4MNE,2.156142234802246,108,I,E,F:\GENESIS Studio\genesis-studio\packages\engines-py\.pdb_cache\4MNE,A
2164,ThermoMPNN,4MNE,1.6174856424331665,108,I,F,F:\GENESIS Studio\genesis-studio\packages\engines-py\.pdb_cache\4MNE,A
2165,ThermoMPNN,4MNE,2.6120829582214355,108,I,G,F:\GENESIS Studio\genesis-studio\packages\engines-py\.pdb_cache\4MNE,A
2166,ThermoMPNN,4MNE,1.8995349407196045,108,I,H,F:\GENESIS Studio\genesis-studio\packages\engines-py\.pdb_cache\4MNE,A
2167,ThermoMPNN,4MNE,0.0,108,I,I,F:\GENESIS Studio\genesis-studio\packages\engines-py\.pdb_cache\4MNE,A
2168,ThermoMPNN,4MNE,1.6486010551452637,108,I,K,F:\GENESIS Studio\genesis-studio\packages\engines-py\.pdb_cache\4MNE,A
2169,ThermoMPNN,4MNE,0.6225298643112183,108,I,L,F:\GENESIS Studio\genesis-studio\packages\engines-py\.pdb_cache\4MNE,A
2170,ThermoMPNN,4MNE,1.049713134765625,108,I,M,F:\GENESIS Studio\genesis-studio\packages\engines-py\.pdb_cache\4MNE,A
2171,ThermoMPNN,4MNE,2.4359049797058105,108,I,N,F:\GENESIS Studio\genesis-studio\packages\engines-py\.pdb_cache\4MNE,A
2172,ThermoMPNN,4MNE,3.264404058456421,108,I,P,F:\GENESIS Studio\genesis-studio\packages\engines-py\.pdb_cache\4MNE,A
2173,ThermoMPNN,4MNE,1.7739245891571045,108,I,Q,F:\GENESIS Studio\genesis-studio\packages\engines-py\.pdb_cache\4MNE,A
2174,ThermoMPNN,4MNE,1.590670108795166,108,I,R,F:\GENESIS Studio\genesis-studio\packages\engines-py\.pdb_cache\4MNE,A
2175,ThermoMPNN,4MNE,2.0814104080200195,108,I,S,F:\GENESIS Studio\genesis-studio\packages\engines-py\.pdb_cache\4MNE,A
2176,ThermoMPNN,4MNE,1.5621700286865234,108,I,T,F:\GENESIS Studio\genesis-studio\packages\engines-py\.pdb_cache\4MNE,A
2177,ThermoMPNN,4MNE,0.832939624786377,108,I,V,F:\GENESIS Studio\genesis-studio\packages\engines-py\.pdb_cache\4MNE,A
2178,ThermoMPNN,4MNE,1.5079278945922852,108,I,W,F:\GENESIS Studio\genesis-studio\packages\engines-py\.pdb_cache\4MNE,A
2179,ThermoMPNN,4MNE,1.5168280601501465,108,I,Y,F:\GENESIS Studio\genesis-studio\packages\engines-py\.pdb_cache\4MNE,A
2180,ThermoMPNN,4MNE,0.0,109,A,A,F:\GENESIS Studio\genesis-studio\packages\engines-py\.pdb_cache\4MNE,A
2181,ThermoMPNN,4MNE,0.5321979522705078,109,A,C,F:\GENESIS Studio\genesis-studio\packages\engines-py\.pdb_cache\4MNE,A
2182,ThermoMPNN,4MNE,2.3893420696258545,109,A,D,F:\GENESIS Studio\genesis-studio\packages\engines-py\.pdb_cache\4MNE,A
2183,ThermoMPNN,4MNE,1.8393707275390625,109,A,E,F:\GENESIS Studio\genesis-studio\packages\engines-py\.pdb_cache\4MNE,A
2184,ThermoMPNN,4MNE,0.8245065212249756,109,A,F,F:\GENESIS Studio\genesis-studio\packages\engines-py\.pdb_cache\4MNE,A
2185,ThermoMPNN,4MNE,1.5393238067626953,109,A,G,F:\GENESIS Studio\genesis-studio\packages\engines-py\.pdb_cache\4MNE,A
2186,ThermoMPNN,4MNE,1.1077136993408203,109,A,H,F:\GENESIS Studio\genesis-studio\packages\engines-py\.pdb_cache\4MNE,A
2187,ThermoMPNN,4MNE,0.8592856526374817,109,A,I,F:\GENESIS Studio\genesis-studio\packages\engines-py\.pdb_cache\4MNE,A
2188,ThermoMPNN,4MNE,0.9089199900627136,109,A,K,F:\GENESIS Studio\genesis-studio\packages\engines-py\.pdb_cache\4MNE,A
2189,ThermoMPNN,4MNE,1.0102572441101074,109,A,L,F:\GENESIS Studio\genesis-studio\packages\engines-py\.pdb_cache\4MNE,A
2190,ThermoMPNN,4MNE,0.7225120067596436,109,A,M,F:\GENESIS Studio\genesis-studio\packages\engines-py\.pdb_cache\4MNE,A
2191,ThermoMPNN,4MNE,1.7393555641174316,109,A,N,F:\GENESIS Studio\genesis-studio\packages\engines-py\.pdb_cache\4MNE,A
2192,ThermoMPNN,4MNE,2.801886558532715,109,A,P,F:\GENESIS Studio\genesis-studio\packages\engines-py\.pdb_cache\4MNE,A
2193,ThermoMPNN,4MNE,1.1080249547958374,109,A,Q,F:\GENESIS Studio\genesis-studio\packages\engines-py\.pdb_cache\4MNE,A
2194,ThermoMPNN,4MNE,0.8514297604560852,109,A,R,F:\GENESIS Studio\genesis-studio\packages\engines-py\.pdb_cache\4MNE,A
2195,ThermoMPNN,4MNE,0.6588802337646484,109,A,S,F:\GENESIS Studio\genesis-studio\packages\engines-py\.pdb_cache\4MNE,A
2196,ThermoMPNN,4MNE,1.1817563772201538,109,A,T,F:\GENESIS Studio\genesis-studio\packages\engines-py\.pdb_cache\4MNE,A
2197,ThermoMPNN,4MNE,0.8595960140228271,109,A,V,F:\GENESIS Studio\genesis-studio\packages\engines-py\.pdb_cache\4MNE,A
2198,ThermoMPNN,4MNE,0.740127682685852,109,A,W,F:\GENESIS Studio\genesis-studio\packages\engines-py\.pdb_cache\4MNE,A
2199,ThermoMPNN,4MNE,0.6078931093215942,109,A,Y,F:\GENESIS Studio\genesis-studio\packages\engines-py\.pdb_cache\4MNE,A
2200,ThermoMPNN,4MNE,1.0448648929595947,110,V,A,F:\GENESIS Studio\genesis-studio\packages\engines-py\.pdb_cache\4MNE,A
2201,ThermoMPNN,4MNE,0.33150625228881836,110,V,C,F:\GENESIS Studio\genesis-studio\packages\engines-py\.pdb_cache\4MNE,A
2202,ThermoMPNN,4MNE,2.746229648590088,110,V,D,F:\GENESIS Studio\genesis-studio\packages\engines-py\.pdb_cache\4MNE,A
2203,ThermoMPNN,4MNE,2.426811695098877,110,V,E,F:\GENESIS Studio\genesis-studio\packages\engines-py\.pdb_cache\4MNE,A
2204,ThermoMPNN,4MNE,0.8579884767532349,110,V,F,F:\GENESIS Studio\genesis-studio\packages\engines-py\.pdb_cache\4MNE,A
2205,ThermoMPNN,4MNE,1.9158973693847656,110,V,G,F:\GENESIS Studio\genesis-studio\packages\engines-py\.pdb_cache\4MNE,A
2206,ThermoMPNN,4MNE,1.934676170349121,110,V,H,F:\GENESIS Studio\genesis-studio\packages\engines-py\.pdb_cache\4MNE,A
2207,ThermoMPNN,4MNE,-0.22540760040283203,110,V,I,F:\GENESIS Studio\genesis-studio\packages\engines-py\.pdb_cache\4MNE,A
2208,ThermoMPNN,4MNE,2.1073391437530518,110,V,K,F:\GENESIS Studio\genesis-studio\packages\engines-py\.pdb_cache\4MNE,A
2209,ThermoMPNN,4MNE,0.16707777976989746,110,V,L,F:\GENESIS Studio\genesis-studio\packages\engines-py\.pdb_cache\4MNE,A
2210,ThermoMPNN,4MNE,0.4308805465698242,110,V,M,F:\GENESIS Studio\genesis-studio\packages\engines-py\.pdb_cache\4MNE,A
2211,ThermoMPNN,4MNE,2.2383148670196533,110,V,N,F:\GENESIS Studio\genesis-studio\packages\engines-py\.pdb_cache\4MNE,A
2212,ThermoMPNN,4MNE,2.643751382827759,110,V,P,F:\GENESIS Studio\genesis-studio\packages\engines-py\.pdb_cache\4MNE,A
2213,ThermoMPNN,4MNE,2.0091052055358887,110,V,Q,F:\GENESIS Studio\genesis-studio\packages\engines-py\.pdb_cache\4MNE,A
2214,ThermoMPNN,4MNE,2.0063674449920654,110,V,R,F:\GENESIS Studio\genesis-studio\packages\engines-py\.pdb_cache\4MNE,A
2215,ThermoMPNN,4MNE,1.7028193473815918,110,V,S,F:\GENESIS Studio\genesis-studio\packages\engines-py\.pdb_cache\4MNE,A
2216,ThermoMPNN,4MNE,1.1829769611358643,110,V,T,F:\GENESIS Studio\genesis-studio\packages\engines-py\.pdb_cache\4MNE,A
2217,ThermoMPNN,4MNE,0.0,110,V,V,F:\GENESIS Studio\genesis-studio\packages\engines-py\.pdb_cache\4MNE,A
2218,ThermoMPNN,4MNE,0.9963093996047974,110,V,W,F:\GENESIS Studio\genesis-studio\packages\engines-py\.pdb_cache\4MNE,A
2219,ThermoMPNN,4MNE,1.11092209815979,110,V,Y,F:\GENESIS Studio\genesis-studio\packages\engines-py\.pdb_cache\4MNE,A
2220,ThermoMPNN,4MNE,1.9795562028884888,111,I,A,F:\GENESIS Studio\genesis-studio\packages\engines-py\.pdb_cache\4MNE,A
2221,ThermoMPNN,4MNE,1.1589833498001099,111,I,C,F:\GENESIS Studio\genesis-studio\packages\engines-py\.pdb_cache\4MNE,A
2222,ThermoMPNN,4MNE,3.0971641540527344,111,I,D,F:\GENESIS Studio\genesis-studio\packages\engines-py\.pdb_cache\4MNE,A
2223,ThermoMPNN,4MNE,2.7161600589752197,111,I,E,F:\GENESIS Studio\genesis-studio\packages\engines-py\.pdb_cache\4MNE,A
2224,ThermoMPNN,4MNE,1.1009283065795898,111,I,F,F:\GENESIS Studio\genesis-studio\packages\engines-py\.pdb_cache\4MNE,A
2225,ThermoMPNN,4MNE,2.4894347190856934,111,I,G,F:\GENESIS Studio\genesis-studio\packages\engines-py\.pdb_cache\4MNE,A
2226,ThermoMPNN,4MNE,2.4364733695983887,111,I,H,F:\GENESIS Studio\genesis-studio\packages\engines-py\.pdb_cache\4MNE,A
2227,ThermoMPNN,4MNE,0.0,111,I,I,F:\GENESIS Studio\genesis-studio\packages\engines-py\.pdb_cache\4MNE,A
2228,ThermoMPNN,4MNE,2.4131696224212646,111,I,K,F:\GENESIS Studio\genesis-studio\packages\engines-py\.pdb_cache\4MNE,A
2229,ThermoMPNN,4MNE,0.02174854278564453,111,I,L,F:\GENESIS Studio\genesis-studio\packages\engines-py\.pdb_cache\4MNE,A
2230,ThermoMPNN,4MNE,0.8958256244659424,111,I,M,F:\GENESIS Studio\genesis-studio\packages\engines-py\.pdb_cache\4MNE,A
2231,ThermoMPNN,4MNE,2.799757480621338,111,I,N,F:\GENESIS Studio\genesis-studio\packages\engines-py\.pdb_cache\4MNE,A
2232,ThermoMPNN,4MNE,3.040111780166626,111,I,P,F:\GENESIS Studio\genesis-studio\packages\engines-py\.pdb_cache\4MNE,A
2233,ThermoMPNN,4MNE,2.5983548164367676,111,I,Q,F:\GENESIS Studio\genesis-studio\packages\engines-py\.pdb_cache\4MNE,A
2234,ThermoMPNN,4MNE,2.4218811988830566,111,I,R,F:\GENESIS Studio\genesis-studio\packages\engines-py\.pdb_cache\4MNE,A
2235,ThermoMPNN,4MNE,2.5473196506500244,111,I,S,F:\GENESIS Studio\genesis-studio\packages\engines-py\.pdb_cache\4MNE,A
2236,ThermoMPNN,4MNE,2.160503625869751,111,I,T,F:\GENESIS Studio\genesis-studio\packages\engines-py\.pdb_cache\4MNE,A
2237,ThermoMPNN,4MNE,0.7594597339630127,111,I,V,F:\GENESIS Studio\genesis-studio\packages\engines-py\.pdb_cache\4MNE,A
2238,ThermoMPNN,4MNE,1.577420711517334,111,I,W,F:\GENESIS Studio\genesis-studio\packages\engines-py\.pdb_cache\4MNE,A
2239,ThermoMPNN,4MNE,1.4945194721221924,111,I,Y,F:\GENESIS Studio\genesis-studio\packages\engines-py\.pdb_cache\4MNE,A
2240,ThermoMPNN,4MNE,1.2958790063858032,112,K,A,F:\GENESIS Studio\genesis-studio\packages\engines-py\.pdb_cache\4MNE,A
2241,ThermoMPNN,4MNE,0.49071550369262695,112,K,C,F:\GENESIS Studio\genesis-studio\packages\engines-py\.pdb_cache\4MNE,A
2242,ThermoMPNN,4MNE,2.678041934967041,112,K,D,F:\GENESIS Studio\genesis-studio\packages\engines-py\.pdb_cache\4MNE,A
2243,ThermoMPNN,4MNE,1.8619966506958008,112,K,E,F:\GENESIS Studio\genesis-studio\packages\engines-py\.pdb_cache\4MNE,A
2244,ThermoMPNN,4MNE,0.8138977289199829,112,K,F,F:\GENESIS Studio\genesis-studio\packages\engines-py\.pdb_cache\4MNE,A
2245,ThermoMPNN,4MNE,2.0280098915100098,112,K,G,F:\GENESIS Studio\genesis-studio\packages\engines-py\.pdb_cache\4MNE,A
2246,ThermoMPNN,4MNE,0.8307979702949524,112,K,H,F:\GENESIS Studio\genesis-studio\packages\engines-py\.pdb_cache\4MNE,A
2247,ThermoMPNN,4MNE,1.136906385421753,112,K,I,F:\GENESIS Studio\genesis-studio\packages\engines-py\.pdb_cache\4MNE,A
2248,ThermoMPNN,4MNE,0.0,112,K,K,F:\GENESIS Studio\genesis-studio\packages\engines-py\.pdb_cache\4MNE,A
2249,ThermoMPNN,4MNE,0.439877986907959,112,K,L,F:\GENESIS Studio\genesis-studio\packages\engines-py\.pdb_cache\4MNE,A
2250,ThermoMPNN,4MNE,0.5408909320831299,112,K,M,F:\GENESIS Studio\genesis-studio\packages\engines-py\.pdb_cache\4MNE,A
2251,ThermoMPNN,4MNE,1.173874020576477,112,K,N,F:\GENESIS Studio\genesis-studio\packages\engines-py\.pdb_cache\4MNE,A
2252,ThermoMPNN,4MNE,3.40767502784729,112,K,P,F:\GENESIS Studio\genesis-studio\packages\engines-py\.pdb_cache\4MNE,A
2253,ThermoMPNN,4MNE,0.8312307596206665,112,K,Q,F:\GENESIS Studio\genesis-studio\packages\engines-py\.pdb_cache\4MNE,A
2254,ThermoMPNN,4MNE,-0.267913818359375,112,K,R,F:\GENESIS Studio\genesis-studio\packages\engines-py\.pdb_cache\4MNE,A
2255,ThermoMPNN,4MNE,1.6000630855560303,112,K,S,F:\GENESIS Studio\genesis-studio\packages\engines-py\.pdb_cache\4MNE,A
2256,ThermoMPNN,4MNE,1.5731201171875,112,K,T,F:\GENESIS Studio\genesis-studio\packages\engines-py\.pdb_cache\4MNE,A
2257,ThermoMPNN,4MNE,1.275655746459961,112,K,V,F:\GENESIS Studio\genesis-studio\packages\engines-py\.pdb_cache\4MNE,A
2258,ThermoMPNN,4MNE,1.0496315956115723,112,K,W,F:\GENESIS Studio\genesis-studio\packages\engines-py\.pdb_cache\4MNE,A
2259,ThermoMPNN,4MNE,0.9158655405044556,112,K,Y,F:\GENESIS Studio\genesis-studio\packages\engines-py\.pdb_cache\4MNE,A
2260,ThermoMPNN,4MNE,0.2732980251312256,113,G,A,F:\GENESIS Studio\genesis-studio\packages\engines-py\.pdb_cache\4MNE,A
2261,ThermoMPNN,4MNE,0.5290495157241821,113,G,C,F:\GENESIS Studio\genesis-studio\packages\engines-py\.pdb_cache\4MNE,A
2262,ThermoMPNN,4MNE,1.9952387809753418,113,G,D,F:\GENESIS Studio\genesis-studio\packages\engines-py\.pdb_cache\4MNE,A
2263,ThermoMPNN,4MNE,1.88033127784729,113,G,E,F:\GENESIS Studio\genesis-studio\packages\engines-py\.pdb_cache\4MNE,A
2264,ThermoMPNN,4MNE,0.4281272888183594,113,G,F,F:\GENESIS Studio\genesis-studio\packages\engines-py\.pdb_cache\4MNE,A
2265,ThermoMPNN,4MNE,0.0,113,G,G,F:\GENESIS Studio\genesis-studio\packages\engines-py\.pdb_cache\4MNE,A
2266,ThermoMPNN,4MNE,1.3721503019332886,113,G,H,F:\GENESIS Studio\genesis-studio\packages\engines-py\.pdb_cache\4MNE,A
2267,ThermoMPNN,4MNE,0.5856887102127075,113,G,I,F:\GENESIS Studio\genesis-studio\packages\engines-py\.pdb_cache\4MNE,A
2268,ThermoMPNN,4MNE,1.521168828010559,113,G,K,F:\GENESIS Studio\genesis-studio\packages\engines-py\.pdb_cache\4MNE,A
2269,ThermoMPNN,4MNE,0.9136707186698914,113,G,L,F:\GENESIS Studio\genesis-studio\packages\engines-py\.pdb_cache\4MNE,A
2270,ThermoMPNN,4MNE,0.8961825370788574,113,G,M,F:\GENESIS Studio\genesis-studio\packages\engines-py\.pdb_cache\4MNE,A
2271,ThermoMPNN,4MNE,1.7605793476104736,113,G,N,F:\GENESIS Studio\genesis-studio\packages\engines-py\.pdb_cache\4MNE,A
2272,ThermoMPNN,4MNE,1.699436902999878,113,G,P,F:\GENESIS Studio\genesis-studio\packages\engines-py\.pdb_cache\4MNE,A
2273,ThermoMPNN,4MNE,1.5816986560821533,113,G,Q,F:\GENESIS Studio\genesis-studio\packages\engines-py\.pdb_cache\4MNE,A
2274,ThermoMPNN,4MNE,1.2957732677459717,113,G,R,F:\GENESIS Studio\genesis-studio\packages\engines-py\.pdb_cache\4MNE,A
2275,ThermoMPNN,4MNE,0.9118952751159668,113,G,S,F:\GENESIS Studio\genesis-studio\packages\engines-py\.pdb_cache\4MNE,A
2276,ThermoMPNN,4MNE,1.0417801141738892,113,G,T,F:\GENESIS Studio\genesis-studio\packages\engines-py\.pdb_cache\4MNE,A
2277,ThermoMPNN,4MNE,0.6500024199485779,113,G,V,F:\GENESIS Studio\genesis-studio\packages\engines-py\.pdb_cache\4MNE,A
2278,ThermoMPNN,4MNE,0.5067774057388306,113,G,W,F:\GENESIS Studio\genesis-studio\packages\engines-py\.pdb_cache\4MNE,A
2279,ThermoMPNN,4MNE,0.558358371257782,113,G,Y,F:\GENESIS Studio\genesis-studio\packages\engines-py\.pdb_cache\4MNE,A
2280,ThermoMPNN,4MNE,2.1295742988586426,114,L,A,F:\GENESIS Studio\genesis-studio\packages\engines-py\.pdb_cache\4MNE,A
2281,ThermoMPNN,4MNE,1.1914007663726807,114,L,C,F:\GENESIS Studio\genesis-studio\packages\engines-py\.pdb_cache\4MNE,A
2282,ThermoMPNN,4MNE,3.106396436691284,114,L,D,F:\GENESIS Studio\genesis-studio\packages\engines-py\.pdb_cache\4MNE,A
2283,ThermoMPNN,4MNE,2.696094036102295,114,L,E,F:\GENESIS Studio\genesis-studio\packages\engines-py\.pdb_cache\4MNE,A
2284,ThermoMPNN,4MNE,1.2783691883087158,114,L,F,F:\GENESIS Studio\genesis-studio\packages\engines-py\.pdb_cache\4MNE,A
2285,ThermoMPNN,4MNE,2.880535840988159,114,L,G,F:\GENESIS Studio\genesis-studio\packages\engines-py\.pdb_cache\4MNE,A
2286,ThermoMPNN,4MNE,2.5558667182922363,114,L,H,F:\GENESIS Studio\genesis-studio\packages\engines-py\.pdb_cache\4MNE,A
2287,ThermoMPNN,4MNE,0.7660527229309082,114,L,I,F:\GENESIS Studio\genesis-studio\packages\engines-py\.pdb_cache\4MNE,A
2288,ThermoMPNN,4MNE,2.531674385070801,114,L,K,F:\GENESIS Studio\genesis-studio\packages\engines-py\.pdb_cache\4MNE,A
2289,ThermoMPNN,4MNE,0.0,114,L,L,F:\GENESIS Studio\genesis-studio\packages\engines-py\.pdb_cache\4MNE,A
2290,ThermoMPNN,4MNE,0.7502431869506836,114,L,M,F:\GENESIS Studio\genesis-studio\packages\engines-py\.pdb_cache\4MNE,A
2291,ThermoMPNN,4MNE,2.853062152862549,114,L,N,F:\GENESIS Studio\genesis-studio\packages\engines-py\.pdb_cache\4MNE,A
2292,ThermoMPNN,4MNE,2.9179372787475586,114,L,P,F:\GENESIS Studio\genesis-studio\packages\engines-py\.pdb_cache\4MNE,A
2293,ThermoMPNN,4MNE,2.5509867668151855,114,L,Q,F:\GENESIS Studio\genesis-studio\packages\engines-py\.pdb_cache\4MNE,A
2294,ThermoMPNN,4MNE,2.556985378265381,114,L,R,F:\GENESIS Studio\genesis-studio\packages\engines-py\.pdb_cache\4MNE,A
2295,ThermoMPNN,4MNE,2.606377363204956,114,L,S,F:\GENESIS Studio\genesis-studio\packages\engines-py\.pdb_cache\4MNE,A
2296,ThermoMPNN,4MNE,2.3610572814941406,114,L,T,F:\GENESIS Studio\genesis-studio\packages\engines-py\.pdb_cache\4MNE,A
2297,ThermoMPNN,4MNE,1.3599869012832642,114,L,V,F:\GENESIS Studio\genesis-studio\packages\engines-py\.pdb_cache\4MNE,A
2298,ThermoMPNN,4MNE,1.5240157842636108,114,L,W,F:\GENESIS Studio\genesis-studio\packages\engines-py\.pdb_cache\4MNE,A
2299,ThermoMPNN,4MNE,1.759526014328003,114,L,Y,F:\GENESIS Studio\genesis-studio\packages\engines-py\.pdb_cache\4MNE,A
2300,ThermoMPNN,4MNE,0.033696889877319336,115,T,A,F:\GENESIS Studio\genesis-studio\packages\engines-py\.pdb_cache\4MNE,A
2301,ThermoMPNN,4MNE,-0.20575344562530518,115,T,C,F:\GENESIS Studio\genesis-studio\packages\engines-py\.pdb_cache\4MNE,A
2302,ThermoMPNN,4MNE,1.0062289237976074,115,T,D,F:\GENESIS Studio\genesis-studio\packages\engines-py\.pdb_cache\4MNE,A
2303,ThermoMPNN,4MNE,0.43712350726127625,115,T,E,F:\GENESIS Studio\genesis-studio\packages\engines-py\.pdb_cache\4MNE,A
2304,ThermoMPNN,4MNE,0.12492036819458008,115,T,F,F:\GENESIS Studio\genesis-studio\packages\engines-py\.pdb_cache\4MNE,A
2305,ThermoMPNN,4MNE,0.8093937039375305,115,T,G,F:\GENESIS Studio\genesis-studio\packages\engines-py\.pdb_cache\4MNE,A
2306,ThermoMPNN,4MNE,0.2499411702156067,115,T,H,F:\GENESIS Studio\genesis-studio\packages\engines-py\.pdb_cache\4MNE,A
2307,ThermoMPNN,4MNE,-0.33144545555114746,115,T,I,F:\GENESIS Studio\genesis-studio\packages\engines-py\.pdb_cache\4MNE,A
2308,ThermoMPNN,4MNE,0.003996729850769043,115,T,K,F:\GENESIS Studio\genesis-studio\packages\engines-py\.pdb_cache\4MNE,A
2309,ThermoMPNN,4MNE,-0.22804546356201172,115,T,L,F:\GENESIS Studio\genesis-studio\packages\engines-py\.pdb_cache\4MNE,A
2310,ThermoMPNN,4MNE,-0.2850000858306885,115,T,M,F:\GENESIS Studio\genesis-studio\packages\engines-py\.pdb_cache\4MNE,A
2311,ThermoMPNN,4MNE,0.5563240051269531,115,T,N,F:\GENESIS Studio\genesis-studio\packages\engines-py\.pdb_cache\4MNE,A
2312,ThermoMPNN,4MNE,2.320380210876465,115,T,P,F:\GENESIS Studio\genesis-studio\packages\engines-py\.pdb_cache\4MNE,A
2313,ThermoMPNN,4MNE,0.01853036880493164,115,T,Q,F:\GENESIS Studio\genesis-studio\packages\engines-py\.pdb_cache\4MNE,A
2314,ThermoMPNN,4MNE,-0.1712132692337036,115,T,R,F:\GENESIS Studio\genesis-studio\packages\engines-py\.pdb_cache\4MNE,A
2315,ThermoMPNN,4MNE,0.07830566167831421,115,T,S,F:\GENESIS Studio\genesis-studio\packages\engines-py\.pdb_cache\4MNE,A
2316,ThermoMPNN,4MNE,0.0,115,T,T,F:\GENESIS Studio\genesis-studio\packages\engines-py\.pdb_cache\4MNE,A
2317,ThermoMPNN,4MNE,-0.2981607913970947,115,T,V,F:\GENESIS Studio\genesis-studio\packages\engines-py\.pdb_cache\4MNE,A
2318,ThermoMPNN,4MNE,-0.04089057445526123,115,T,W,F:\GENESIS Studio\genesis-studio\packages\engines-py\.pdb_cache\4MNE,A
2319,ThermoMPNN,4MNE,0.02652573585510254,115,T,Y,F:\GENESIS Studio\genesis-studio\packages\engines-py\.pdb_cache\4MNE,A
2320,ThermoMPNN,4MNE,2.366762161254883,116,Y,A,F:\GENESIS Studio\genesis-studio\packages\engines-py\.pdb_cache\4MNE,A
2321,ThermoMPNN,4MNE,1.6483209133148193,116,Y,C,F:\GENESIS Studio\genesis-studio\packages\engines-py\.pdb_cache\4MNE,A
2322,ThermoMPNN,4MNE,2.370316982269287,116,Y,D,F:\GENESIS Studio\genesis-studio\packages\engines-py\.pdb_cache\4MNE,A
2323,ThermoMPNN,4MNE,2.3814871311187744,116,Y,E,F:\GENESIS Studio\genesis-studio\packages\engines-py\.pdb_cache\4MNE,A
2324,ThermoMPNN,4MNE,0.4874141216278076,116,Y,F,F:\GENESIS Studio\genesis-studio\packages\engines-py\.pdb_cache\4MNE,A
2325,ThermoMPNN,4MNE,2.759183168411255,116,Y,G,F:\GENESIS Studio\genesis-studio\packages\engines-py\.pdb_cache\4MNE,A
2326,ThermoMPNN,4MNE,1.6769130229949951,116,Y,H,F:\GENESIS Studio\genesis-studio\packages\engines-py\.pdb_cache\4MNE,A
2327,ThermoMPNN,4MNE,1.896579623222351,116,Y,I,F:\GENESIS Studio\genesis-studio\packages\engines-py\.pdb_cache\4MNE,A
2328,ThermoMPNN,4MNE,2.491521120071411,116,Y,K,F:\GENESIS Studio\genesis-studio\packages\engines-py\.pdb_cache\4MNE,A
2329,ThermoMPNN,4MNE,1.8943902254104614,116,Y,L,F:\GENESIS Studio\genesis-studio\packages\engines-py\.pdb_cache\4MNE,A
2330,ThermoMPNN,4MNE,1.9096192121505737,116,Y,M,F:\GENESIS Studio\genesis-studio\packages\engines-py\.pdb_cache\4MNE,A
2331,ThermoMPNN,4MNE,2.4219281673431396,116,Y,N,F:\GENESIS Studio\genesis-studio\packages\engines-py\.pdb_cache\4MNE,A
2332,ThermoMPNN,4MNE,3.02668833732605,116,Y,P,F:\GENESIS Studio\genesis-studio\packages\engines-py\.pdb_cache\4MNE,A
2333,ThermoMPNN,4MNE,2.376905679702759,116,Y,Q,F:\GENESIS Studio\genesis-studio\packages\engines-py\.pdb_cache\4MNE,A
2334,ThermoMPNN,4MNE,2.249152183532715,116,Y,R,F:\GENESIS Studio\genesis-studio\packages\engines-py\.pdb_cache\4MNE,A
2335,ThermoMPNN,4MNE,2.4885523319244385,116,Y,S,F:\GENESIS Studio\genesis-studio\packages\engines-py\.pdb_cache\4MNE,A
2336,ThermoMPNN,4MNE,2.3683652877807617,116,Y,T,F:\GENESIS Studio\genesis-studio\packages\engines-py\.pdb_cache\4MNE,A
2337,ThermoMPNN,4MNE,2.135822296142578,116,Y,V,F:\GENESIS Studio\genesis-studio\packages\engines-py\.pdb_cache\4MNE,A
2338,ThermoMPNN,4MNE,0.4166250228881836,116,Y,W,F:\GENESIS Studio\genesis-studio\packages\engines-py\.pdb_cache\4MNE,A
2339,ThermoMPNN,4MNE,0.0,116,Y,Y,F:\GENESIS Studio\genesis-studio\packages\engines-py\.pdb_cache\4MNE,A
2340,ThermoMPNN,4MNE,2.362308979034424,117,L,A,F:\GENESIS Studio\genesis-studio\packages\engines-py\.pdb_cache\4MNE,A
2341,ThermoMPNN,4MNE,1.4857072830200195,117,L,C,F:\GENESIS Studio\genesis-studio\packages\engines-py\.pdb_cache\4MNE,A
2342,ThermoMPNN,4MNE,3.147681474685669,117,L,D,F:\GENESIS Studio\genesis-studio\packages\engines-py\.pdb_cache\4MNE,A
2343,ThermoMPNN,4MNE,2.7408175468444824,117,L,E,F:\GENESIS Studio\genesis-studio\packages\engines-py\.pdb_cache\4MNE,A
2344,ThermoMPNN,4MNE,1.0293288230895996,117,L,F,F:\GENESIS Studio\genesis-studio\packages\engines-py\.pdb_cache\4MNE,A
2345,ThermoMPNN,4MNE,2.805988311767578,117,L,G,F:\GENESIS Studio\genesis-studio\packages\engines-py\.pdb_cache\4MNE,A
2346,ThermoMPNN,4MNE,2.6652915477752686,117,L,H,F:\GENESIS Studio\genesis-studio\packages\engines-py\.pdb_cache\4MNE,A
2347,ThermoMPNN,4MNE,1.093487024307251,117,L,I,F:\GENESIS Studio\genesis-studio\packages\engines-py\.pdb_cache\4MNE,A
2348,ThermoMPNN,4MNE,2.5993356704711914,117,L,K,F:\GENESIS Studio\genesis-studio\packages\engines-py\.pdb_cache\4MNE,A
2349,ThermoMPNN,4MNE,0.0,117,L,L,F:\GENESIS Studio\genesis-studio\packages\engines-py\.pdb_cache\4MNE,A
2350,ThermoMPNN,4MNE,0.827262282371521,117,L,M,F:\GENESIS Studio\genesis-studio\packages\engines-py\.pdb_cache\4MNE,A
2351,ThermoMPNN,4MNE,2.9302010536193848,117,L,N,F:\GENESIS Studio\genesis-studio\packages\engines-py\.pdb_cache\4MNE,A
2352,ThermoMPNN,4MNE,3.088430404663086,117,L,P,F:\GENESIS Studio\genesis-studio\packages\engines-py\.pdb_cache\4MNE,A
2353,ThermoMPNN,4MNE,2.64150071144104,117,L,Q,F:\GENESIS Studio\genesis-studio\packages\engines-py\.pdb_cache\4MNE,A
2354,ThermoMPNN,4MNE,2.4738450050354004,117,L,R,F:\GENESIS Studio\genesis-studio\packages\engines-py\.pdb_cache\4MNE,A
2355,ThermoMPNN,4MNE,2.7623796463012695,117,L,S,F:\GENESIS Studio\genesis-studio\packages\engines-py\.pdb_cache\4MNE,A
2356,ThermoMPNN,4MNE,2.439575672149658,117,L,T,F:\GENESIS Studio\genesis-studio\packages\engines-py\.pdb_cache\4MNE,A
2357,ThermoMPNN,4MNE,1.7208633422851562,117,L,V,F:\GENESIS Studio\genesis-studio\packages\engines-py\.pdb_cache\4MNE,A
2358,ThermoMPNN,4MNE,1.8165011405944824,117,L,W,F:\GENESIS Studio\genesis-studio\packages\engines-py\.pdb_cache\4MNE,A
2359,ThermoMPNN,4MNE,1.8035657405853271,117,L,Y,F:\GENESIS Studio\genesis-studio\packages\engines-py\.pdb_cache\4MNE,A
2360,ThermoMPNN,4MNE,0.524687647819519,118,R,A,F:\GENESIS Studio\genesis-studio\packages\engines-py\.pdb_cache\4MNE,A
2361,ThermoMPNN,4MNE,-0.16456443071365356,118,R,C,F:\GENESIS Studio\genesis-studio\packages\engines-py\.pdb_cache\4MNE,A
2362,ThermoMPNN,4MNE,1.355920672416687,118,R,D,F:\GENESIS Studio\genesis-studio\packages\engines-py\.pdb_cache\4MNE,A
2363,ThermoMPNN,4MNE,1.0392050743103027,118,R,E,F:\GENESIS Studio\genesis-studio\packages\engines-py\.pdb_cache\4MNE,A
2364,ThermoMPNN,4MNE,0.06914305686950684,118,R,F,F:\GENESIS Studio\genesis-studio\packages\engines-py\.pdb_cache\4MNE,A
2365,ThermoMPNN,4MNE,1.0064033269882202,118,R,G,F:\GENESIS Studio\genesis-studio\packages\engines-py\.pdb_cache\4MNE,A
2366,ThermoMPNN,4MNE,0.21365094184875488,118,R,H,F:\GENESIS Studio\genesis-studio\packages\engines-py\.pdb_cache\4MNE,A
2367,ThermoMPNN,4MNE,-0.2562904953956604,118,R,I,F:\GENESIS Studio\genesis-studio\packages\engines-py\.pdb_cache\4MNE,A
2368,ThermoMPNN,4MNE,0.22425413131713867,118,R,K,F:\GENESIS Studio\genesis-studio\packages\engines-py\.pdb_cache\4MNE,A
2369,ThermoMPNN,4MNE,-0.5079525113105774,118,R,L,F:\GENESIS Studio\genesis-studio\packages\engines-py\.pdb_cache\4MNE,A
2370,ThermoMPNN,4MNE,-0.16280800104141235,118,R,M,F:\GENESIS Studio\genesis-studio\packages\engines-py\.pdb_cache\4MNE,A
2371,ThermoMPNN,4MNE,0.6501082181930542,118,R,N,F:\GENESIS Studio\genesis-studio\packages\engines-py\.pdb_cache\4MNE,A
2372,ThermoMPNN,4MNE,1.868790626525879,118,R,P,F:\GENESIS Studio\genesis-studio\packages\engines-py\.pdb_cache\4MNE,A
2373,ThermoMPNN,4MNE,0.4700278639793396,118,R,Q,F:\GENESIS Studio\genesis-studio\packages\engines-py\.pdb_cache\4MNE,A
2374,ThermoMPNN,4MNE,0.0,118,R,R,F:\GENESIS Studio\genesis-studio\packages\engines-py\.pdb_cache\4MNE,A
2375,ThermoMPNN,4MNE,0.597531795501709,118,R,S,F:\GENESIS Studio\genesis-studio\packages\engines-py\.pdb_cache\4MNE,A
2376,ThermoMPNN,4MNE,0.6200731992721558,118,R,T,F:\GENESIS Studio\genesis-studio\packages\engines-py\.pdb_cache\4MNE,A
2377,ThermoMPNN,4MNE,-0.17106038331985474,118,R,V,F:\GENESIS Studio\genesis-studio\packages\engines-py\.pdb_cache\4MNE,A
2378,ThermoMPNN,4MNE,-0.20826154947280884,118,R,W,F:\GENESIS Studio\genesis-studio\packages\engines-py\.pdb_cache\4MNE,A
2379,ThermoMPNN,4MNE,-0.0798301100730896,118,R,Y,F:\GENESIS Studio\genesis-studio\packages\engines-py\.pdb_cache\4MNE,A
2380,ThermoMPNN,4MNE,0.8628298044204712,119,E,A,F:\GENESIS Studio\genesis-studio\packages\engines-py\.pdb_cache\4MNE,A
2381,ThermoMPNN,4MNE,0.3740905523300171,119,E,C,F:\GENESIS Studio\genesis-studio\packages\engines-py\.pdb_cache\4MNE,A
2382,ThermoMPNN,4MNE,0.4607623219490051,119,E,D,F:\GENESIS Studio\genesis-studio\packages\engines-py\.pdb_cache\4MNE,A
2383,ThermoMPNN,4MNE,0.0,119,E,E,F:\GENESIS Studio\genesis-studio\packages\engines-py\.pdb_cache\4MNE,A
2384,ThermoMPNN,4MNE,0.7732614278793335,119,E,F,F:\GENESIS Studio\genesis-studio\packages\engines-py\.pdb_cache\4MNE,A
2385,ThermoMPNN,4MNE,1.5092437267303467,119,E,G,F:\GENESIS Studio\genesis-studio\packages\engines-py\.pdb_cache\4MNE,A
2386,ThermoMPNN,4MNE,0.9147334098815918,119,E,H,F:\GENESIS Studio\genesis-studio\packages\engines-py\.pdb_cache\4MNE,A
2387,ThermoMPNN,4MNE,0.5198702216148376,119,E,I,F:\GENESIS Studio\genesis-studio\packages\engines-py\.pdb_cache\4MNE,A
2388,ThermoMPNN,4MNE,1.102705717086792,119,E,K,F:\GENESIS Studio\genesis-studio\packages\engines-py\.pdb_cache\4MNE,A
2389,ThermoMPNN,4MNE,0.5821318626403809,119,E,L,F:\GENESIS Studio\genesis-studio\packages\engines-py\.pdb_cache\4MNE,A
2390,ThermoMPNN,4MNE,0.6757093071937561,119,E,M,F:\GENESIS Studio\genesis-studio\packages\engines-py\.pdb_cache\4MNE,A
2391,ThermoMPNN,4MNE,0.9339677691459656,119,E,N,F:\GENESIS Studio\genesis-studio\packages\engines-py\.pdb_cache\4MNE,A
2392,ThermoMPNN,4MNE,1.8942921161651611,119,E,P,F:\GENESIS Studio\genesis-studio\packages\engines-py\.pdb_cache\4MNE,A
2393,ThermoMPNN,4MNE,0.6661676168441772,119,E,Q,F:\GENESIS Studio\genesis-studio\packages\engines-py\.pdb_cache\4MNE,A
2394,ThermoMPNN,4MNE,1.127714991569519,119,E,R,F:\GENESIS Studio\genesis-studio\packages\engines-py\.pdb_cache\4MNE,A
2395,ThermoMPNN,4MNE,0.808857262134552,119,E,S,F:\GENESIS Studio\genesis-studio\packages\engines-py\.pdb_cache\4MNE,A
2396,ThermoMPNN,4MNE,0.5721229314804077,119,E,T,F:\GENESIS Studio\genesis-studio\packages\engines-py\.pdb_cache\4MNE,A
2397,ThermoMPNN,4MNE,0.52061527967453,119,E,V,F:\GENESIS Studio\genesis-studio\packages\engines-py\.pdb_cache\4MNE,A
2398,ThermoMPNN,4MNE,0.6974843144416809,119,E,W,F:\GENESIS Studio\genesis-studio\packages\engines-py\.pdb_cache\4MNE,A
2399,ThermoMPNN,4MNE,0.7821842432022095,119,E,Y,F:\GENESIS Studio\genesis-studio\packages\engines-py\.pdb_cache\4MNE,A
2400,ThermoMPNN,4MNE,0.7207074761390686,120,K,A,F:\GENESIS Studio\genesis-studio\packages\engines-py\.pdb_cache\4MNE,A
2401,ThermoMPNN,4MNE,-0.15790081024169922,120,K,C,F:\GENESIS Studio\genesis-studio\packages\engines-py\.pdb_cache\4MNE,A
2402,ThermoMPNN,4MNE,1.7306804656982422,120,K,D,F:\GENESIS Studio\genesis-studio\packages\engines-py\.pdb_cache\4MNE,A
2403,ThermoMPNN,4MNE,0.9909465312957764,120,K,E,F:\GENESIS Studio\genesis-studio\packages\engines-py\.pdb_cache\4MNE,A
2404,ThermoMPNN,4MNE,0.12755537033081055,120,K,F,F:\GENESIS Studio\genesis-studio\packages\engines-py\.pdb_cache\4MNE,A
2405,ThermoMPNN,4MNE,1.2473080158233643,120,K,G,F:\GENESIS Studio\genesis-studio\packages\engines-py\.pdb_cache\4MNE,A
2406,ThermoMPNN,4MNE,0.1747746467590332,120,K,H,F:\GENESIS Studio\genesis-studio\packages\engines-py\.pdb_cache\4MNE,A
2407,ThermoMPNN,4MNE,0.6699256896972656,120,K,I,F:\GENESIS Studio\genesis-studio\packages\engines-py\.pdb_cache\4MNE,A
2408,ThermoMPNN,4MNE,0.0,120,K,K,F:\GENESIS Studio\genesis-studio\packages\engines-py\.pdb_cache\4MNE,A
2409,ThermoMPNN,4MNE,0.2419905662536621,120,K,L,F:\GENESIS Studio\genesis-studio\packages\engines-py\.pdb_cache\4MNE,A
2410,ThermoMPNN,4MNE,0.30883342027664185,120,K,M,F:\GENESIS Studio\genesis-studio\packages\engines-py\.pdb_cache\4MNE,A
2411,ThermoMPNN,4MNE,0.5474613904953003,120,K,N,F:\GENESIS Studio\genesis-studio\packages\engines-py\.pdb_cache\4MNE,A
2412,ThermoMPNN,4MNE,2.2243969440460205,120,K,P,F:\GENESIS Studio\genesis-studio\packages\engines-py\.pdb_cache\4MNE,A
2413,ThermoMPNN,4MNE,0.44760870933532715,120,K,Q,F:\GENESIS Studio\genesis-studio\packages\engines-py\.pdb_cache\4MNE,A
2414,ThermoMPNN,4MNE,0.0435330867767334,120,K,R,F:\GENESIS Studio\genesis-studio\packages\engines-py\.pdb_cache\4MNE,A
2415,ThermoMPNN,4MNE,0.8884727954864502,120,K,S,F:\GENESIS Studio\genesis-studio\packages\engines-py\.pdb_cache\4MNE,A
2416,ThermoMPNN,4MNE,0.7687660455703735,120,K,T,F:\GENESIS Studio\genesis-studio\packages\engines-py\.pdb_cache\4MNE,A
2417,ThermoMPNN,4MNE,0.5544209480285645,120,K,V,F:\GENESIS Studio\genesis-studio\packages\engines-py\.pdb_cache\4MNE,A
2418,ThermoMPNN,4MNE,0.47412312030792236,120,K,W,F:\GENESIS Studio\genesis-studio\packages\engines-py\.pdb_cache\4MNE,A
2419,ThermoMPNN,4MNE,0.2073119878768921,120,K,Y,F:\GENESIS Studio\genesis-studio\packages\engines-py\.pdb_cache\4MNE,A
2420,ThermoMPNN,4MNE,1.4653173685073853,121,H,A,F:\GENESIS Studio\genesis-studio\packages\engines-py\.pdb_cache\4MNE,A
2421,ThermoMPNN,4MNE,0.7775275707244873,121,H,C,F:\GENESIS Studio\genesis-studio\packages\engines-py\.pdb_cache\4MNE,A
2422,ThermoMPNN,4MNE,2.2831687927246094,121,H,D,F:\GENESIS Studio\genesis-studio\packages\engines-py\.pdb_cache\4MNE,A
2423,ThermoMPNN,4MNE,1.8599095344543457,121,H,E,F:\GENESIS Studio\genesis-studio\packages\engines-py\.pdb_cache\4MNE,A
2424,ThermoMPNN,4MNE,0.2031944990158081,121,H,F,F:\GENESIS Studio\genesis-studio\packages\engines-py\.pdb_cache\4MNE,A
2425,ThermoMPNN,4MNE,1.91317617893219,121,H,G,F:\GENESIS Studio\genesis-studio\packages\engines-py\.pdb_cache\4MNE,A
2426,ThermoMPNN,4MNE,0.0,121,H,H,F:\GENESIS Studio\genesis-studio\packages\engines-py\.pdb_cache\4MNE,A
2427,ThermoMPNN,4MNE,1.5437785387039185,121,H,I,F:\GENESIS Studio\genesis-studio\packages\engines-py\.pdb_cache\4MNE,A
2428,ThermoMPNN,4MNE,1.4275561571121216,121,H,K,F:\GENESIS Studio\genesis-studio\packages\engines-py\.pdb_cache\4MNE,A
2429,ThermoMPNN,4MNE,1.2042148113250732,121,H,L,F:\GENESIS Studio\genesis-studio\packages\engines-py\.pdb_cache\4MNE,A
2430,ThermoMPNN,4MNE,0.9261407852172852,121,H,M,F:\GENESIS Studio\genesis-studio\packages\engines-py\.pdb_cache\4MNE,A
2431,ThermoMPNN,4MNE,1.3364124298095703,121,H,N,F:\GENESIS Studio\genesis-studio\packages\engines-py\.pdb_cache\4MNE,A
2432,ThermoMPNN,4MNE,1.7919880151748657,121,H,P,F:\GENESIS Studio\genesis-studio\packages\engines-py\.pdb_cache\4MNE,A
2433,ThermoMPNN,4MNE,1.2883341312408447,121,H,Q,F:\GENESIS Studio\genesis-studio\packages\engines-py\.pdb_cache\4MNE,A
2434,ThermoMPNN,4MNE,1.0429542064666748,121,H,R,F:\GENESIS Studio\genesis-studio\packages\engines-py\.pdb_cache\4MNE,A
2435,ThermoMPNN,4MNE,1.7264330387115479,121,H,S,F:\GENESIS Studio\genesis-studio\packages\engines-py\.pdb_cache\4MNE,A
2436,ThermoMPNN,4MNE,2.0020151138305664,121,H,T,F:\GENESIS Studio\genesis-studio\packages\engines-py\.pdb_cache\4MNE,A
2437,ThermoMPNN,4MNE,1.6752415895462036,121,H,V,F:\GENESIS Studio\genesis-studio\packages\engines-py\.pdb_cache\4MNE,A
2438,ThermoMPNN,4MNE,0.6320945024490356,121,H,W,F:\GENESIS Studio\genesis-studio\packages\engines-py\.pdb_cache\4MNE,A
2439,ThermoMPNN,4MNE,-0.18579888343811035,121,H,Y,F:\GENESIS Studio\genesis-studio\packages\engines-py\.pdb_cache\4MNE,A
2440,ThermoMPNN,4MNE,0.5443594455718994,122,K,A,F:\GENESIS Studio\genesis-studio\packages\engines-py\.pdb_cache\4MNE,A
2441,ThermoMPNN,4MNE,0.06597769260406494,122,K,C,F:\GENESIS Studio\genesis-studio\packages\engines-py\.pdb_cache\4MNE,A
2442,ThermoMPNN,4MNE,1.3211877346038818,122,K,D,F:\GENESIS Studio\genesis-studio\packages\engines-py\.pdb_cache\4MNE,A
2443,ThermoMPNN,4MNE,1.2724058628082275,122,K,E,F:\GENESIS Studio\genesis-studio\packages\engines-py\.pdb_cache\4MNE,A
2444,ThermoMPNN,4MNE,0.49969255924224854,122,K,F,F:\GENESIS Studio\genesis-studio\packages\engines-py\.pdb_cache\4MNE,A
2445,ThermoMPNN,4MNE,-0.20492112636566162,122,K,G,F:\GENESIS Studio\genesis-studio\packages\engines-py\.pdb_cache\4MNE,A
2446,ThermoMPNN,4MNE,0.03781318664550781,122,K,H,F:\GENESIS Studio\genesis-studio\packages\engines-py\.pdb_cache\4MNE,A
2447,ThermoMPNN,4MNE,1.765186071395874,122,K,I,F:\GENESIS Studio\genesis-studio\packages\engines-py\.pdb_cache\4MNE,A
2448,ThermoMPNN,4MNE,0.0,122,K,K,F:\GENESIS Studio\genesis-studio\packages\engines-py\.pdb_cache\4MNE,A
2449,ThermoMPNN,4MNE,0.7133087515830994,122,K,L,F:\GENESIS Studio\genesis-studio\packages\engines-py\.pdb_cache\4MNE,A
2450,ThermoMPNN,4MNE,0.4867495894432068,122,K,M,F:\GENESIS Studio\genesis-studio\packages\engines-py\.pdb_cache\4MNE,A
2451,ThermoMPNN,4MNE,0.12683141231536865,122,K,N,F:\GENESIS Studio\genesis-studio\packages\engines-py\.pdb_cache\4MNE,A
2452,ThermoMPNN,4MNE,2.2817962169647217,122,K,P,F:\GENESIS Studio\genesis-studio\packages\engines-py\.pdb_cache\4MNE,A
2453,ThermoMPNN,4MNE,0.2532789707183838,122,K,Q,F:\GENESIS Studio\genesis-studio\packages\engines-py\.pdb_cache\4MNE,A
2454,ThermoMPNN,4MNE,0.15014302730560303,122,K,R,F:\GENESIS Studio\genesis-studio\packages\engines-py\.pdb_cache\4MNE,A
2455,ThermoMPNN,4MNE,0.6603389978408813,122,K,S,F:\GENESIS Studio\genesis-studio\packages\engines-py\.pdb_cache\4MNE,A
2456,ThermoMPNN,4MNE,1.4240444898605347,122,K,T,F:\GENESIS Studio\genesis-studio\packages\engines-py\.pdb_cache\4MNE,A
2457,ThermoMPNN,4MNE,1.6668736934661865,122,K,V,F:\GENESIS Studio\genesis-studio\packages\engines-py\.pdb_cache\4MNE,A
2458,ThermoMPNN,4MNE,0.8490862846374512,122,K,W,F:\GENESIS Studio\genesis-studio\packages\engines-py\.pdb_cache\4MNE,A
2459,ThermoMPNN,4MNE,0.7068973779678345,122,K,Y,F:\GENESIS Studio\genesis-studio\packages\engines-py\.pdb_cache\4MNE,A
2460,ThermoMPNN,4MNE,1.218483805656433,123,I,A,F:\GENESIS Studio\genesis-studio\packages\engines-py\.pdb_cache\4MNE,A
2461,ThermoMPNN,4MNE,0.7054746150970459,123,I,C,F:\GENESIS Studio\genesis-studio\packages\engines-py\.pdb_cache\4MNE,A
2462,ThermoMPNN,4MNE,2.5131568908691406,123,I,D,F:\GENESIS Studio\genesis-studio\packages\engines-py\.pdb_cache\4MNE,A
2463,ThermoMPNN,4MNE,2.0756726264953613,123,I,E,F:\GENESIS Studio\genesis-studio\packages\engines-py\.pdb_cache\4MNE,A
2464,ThermoMPNN,4MNE,1.1111849546432495,123,I,F,F:\GENESIS Studio\genesis-studio\packages\engines-py\.pdb_cache\4MNE,A
2465,ThermoMPNN,4MNE,1.7615182399749756,123,I,G,F:\GENESIS Studio\genesis-studio\packages\engines-py\.pdb_cache\4MNE,A
2466,ThermoMPNN,4MNE,1.3542931079864502,123,I,H,F:\GENESIS Studio\genesis-studio\packages\engines-py\.pdb_cache\4MNE,A
2467,ThermoMPNN,4MNE,0.0,123,I,I,F:\GENESIS Studio\genesis-studio\packages\engines-py\.pdb_cache\4MNE,A
2468,ThermoMPNN,4MNE,0.7236083745956421,123,I,K,F:\GENESIS Studio\genesis-studio\packages\engines-py\.pdb_cache\4MNE,A
2469,ThermoMPNN,4MNE,0.688377857208252,123,I,L,F:\GENESIS Studio\genesis-studio\packages\engines-py\.pdb_cache\4MNE,A
2470,ThermoMPNN,4MNE,0.7355988025665283,123,I,M,F:\GENESIS Studio\genesis-studio\packages\engines-py\.pdb_cache\4MNE,A
2471,ThermoMPNN,4MNE,1.7042127847671509,123,I,N,F:\GENESIS Studio\genesis-studio\packages\engines-py\.pdb_cache\4MNE,A
2472,ThermoMPNN,4MNE,2.820155143737793,123,I,P,F:\GENESIS Studio\genesis-studio\packages\engines-py\.pdb_cache\4MNE,A
2473,ThermoMPNN,4MNE,1.1515710353851318,123,I,Q,F:\GENESIS Studio\genesis-studio\packages\engines-py\.pdb_cache\4MNE,A
2474,ThermoMPNN,4MNE,0.6843349933624268,123,I,R,F:\GENESIS Studio\genesis-studio\packages\engines-py\.pdb_cache\4MNE,A
2475,ThermoMPNN,4MNE,1.3549872636795044,123,I,S,F:\GENESIS Studio\genesis-studio\packages\engines-py\.pdb_cache\4MNE,A
2476,ThermoMPNN,4MNE,1.02671480178833,123,I,T,F:\GENESIS Studio\genesis-studio\packages\engines-py\.pdb_cache\4MNE,A
2477,ThermoMPNN,4MNE,0.377368688583374,123,I,V,F:\GENESIS Studio\genesis-studio\packages\engines-py\.pdb_cache\4MNE,A
2478,ThermoMPNN,4MNE,1.2942488193511963,123,I,W,F:\GENESIS Studio\genesis-studio\packages\engines-py\.pdb_cache\4MNE,A
2479,ThermoMPNN,4MNE,1.2499926090240479,123,I,Y,F:\GENESIS Studio\genesis-studio\packages\engines-py\.pdb_cache\4MNE,A
2480,ThermoMPNN,4MNE,0.6697527766227722,124,M,A,F:\GENESIS Studio\genesis-studio\packages\engines-py\.pdb_cache\4MNE,A
2481,ThermoMPNN,4MNE,0.24985188245773315,124,M,C,F:\GENESIS Studio\genesis-studio\packages\engines-py\.pdb_cache\4MNE,A
2482,ThermoMPNN,4MNE,0.29122358560562134,124,M,D,F:\GENESIS Studio\genesis-studio\packages\engines-py\.pdb_cache\4MNE,A
2483,ThermoMPNN,4MNE,0.4737846255302429,124,M,E,F:\GENESIS Studio\genesis-studio\packages\engines-py\.pdb_cache\4MNE,A
2484,ThermoMPNN,4MNE,0.5574672222137451,124,M,F,F:\GENESIS Studio\genesis-studio\packages\engines-py\.pdb_cache\4MNE,A
2485,ThermoMPNN,4MNE,0.817028284072876,124,M,G,F:\GENESIS Studio\genesis-studio\packages\engines-py\.pdb_cache\4MNE,A
2486,ThermoMPNN,4MNE,0.6932358741760254,124,M,H,F:\GENESIS Studio\genesis-studio\packages\engines-py\.pdb_cache\4MNE,A
2487,ThermoMPNN,4MNE,0.37638211250305176,124,M,I,F:\GENESIS Studio\genesis-studio\packages\engines-py\.pdb_cache\4MNE,A
2488,ThermoMPNN,4MNE,1.4259371757507324,124,M,K,F:\GENESIS Studio\genesis-studio\packages\engines-py\.pdb_cache\4MNE,A
2489,ThermoMPNN,4MNE,0.08756601810455322,124,M,L,F:\GENESIS Studio\genesis-studio\packages\engines-py\.pdb_cache\4MNE,A
2490,ThermoMPNN,4MNE,0.0,124,M,M,F:\GENESIS Studio\genesis-studio\packages\engines-py\.pdb_cache\4MNE,A
2491,ThermoMPNN,4MNE,0.38386404514312744,124,M,N,F:\GENESIS Studio\genesis-studio\packages\engines-py\.pdb_cache\4MNE,A
2492,ThermoMPNN,4MNE,1.0931026935577393,124,M,P,F:\GENESIS Studio\genesis-studio\packages\engines-py\.pdb_cache\4MNE,A
2493,ThermoMPNN,4MNE,0.8652114868164062,124,M,Q,F:\GENESIS Studio\genesis-studio\packages\engines-py\.pdb_cache\4MNE,A
2494,ThermoMPNN,4MNE,1.3202979564666748,124,M,R,F:\GENESIS Studio\genesis-studio\packages\engines-py\.pdb_cache\4MNE,A
2495,ThermoMPNN,4MNE,0.6648063063621521,124,M,S,F:\GENESIS Studio\genesis-studio\packages\engines-py\.pdb_cache\4MNE,A
2496,ThermoMPNN,4MNE,0.9088515043258667,124,M,T,F:\GENESIS Studio\genesis-studio\packages\engines-py\.pdb_cache\4MNE,A
2497,ThermoMPNN,4MNE,1.0340386629104614,124,M,V,F:\GENESIS Studio\genesis-studio\packages\engines-py\.pdb_cache\4MNE,A
2498,ThermoMPNN,4MNE,0.8540713787078857,124,M,W,F:\GENESIS Studio\genesis-studio\packages\engines-py\.pdb_cache\4MNE,A
2499,ThermoMPNN,4MNE,0.6862177848815918,124,M,Y,F:\GENESIS Studio\genesis-studio\packages\engines-py\.pdb_cache\4MNE,A
2500,ThermoMPNN,4MNE,1.0338503122329712,125,H,A,F:\GENESIS Studio\genesis-studio\packages\engines-py\.pdb_cache\4MNE,A
2501,ThermoMPNN,4MNE,0.4879457950592041,125,H,C,F:\GENESIS Studio\genesis-studio\packages\engines-py\.pdb_cache\4MNE,A
2502,ThermoMPNN,4MNE,1.5334837436676025,125,H,D,F:\GENESIS Studio\genesis-studio\packages\engines-py\.pdb_cache\4MNE,A
2503,ThermoMPNN,4MNE,2.0659871101379395,125,H,E,F:\GENESIS Studio\genesis-studio\packages\engines-py\.pdb_cache\4MNE,A
2504,ThermoMPNN,4MNE,1.0396782159805298,125,H,F,F:\GENESIS Studio\genesis-studio\packages\engines-py\.pdb_cache\4MNE,A
2505,ThermoMPNN,4MNE,1.9042816162109375,125,H,G,F:\GENESIS Studio\genesis-studio\packages\engines-py\.pdb_cache\4MNE,A
2506,ThermoMPNN,4MNE,0.0,125,H,H,F:\GENESIS Studio\genesis-studio\packages\engines-py\.pdb_cache\4MNE,A
2507,ThermoMPNN,4MNE,0.7631189823150635,125,H,I,F:\GENESIS Studio\genesis-studio\packages\engines-py\.pdb_cache\4MNE,A
2508,ThermoMPNN,4MNE,1.5828783512115479,125,H,K,F:\GENESIS Studio\genesis-studio\packages\engines-py\.pdb_cache\4MNE,A
2509,ThermoMPNN,4MNE,0.9223507046699524,125,H,L,F:\GENESIS Studio\genesis-studio\packages\engines-py\.pdb_cache\4MNE,A
2510,ThermoMPNN,4MNE,1.1536366939544678,125,H,M,F:\GENESIS Studio\genesis-studio\packages\engines-py\.pdb_cache\4MNE,A
2511,ThermoMPNN,4MNE,0.7091925144195557,125,H,N,F:\GENESIS Studio\genesis-studio\packages\engines-py\.pdb_cache\4MNE,A
2512,ThermoMPNN,4MNE,1.6353881359100342,125,H,P,F:\GENESIS Studio\genesis-studio\packages\engines-py\.pdb_cache\4MNE,A
2513,ThermoMPNN,4MNE,1.3965651988983154,125,H,Q,F:\GENESIS Studio\genesis-studio\packages\engines-py\.pdb_cache\4MNE,A
2514,ThermoMPNN,4MNE,1.5333702564239502,125,H,R,F:\GENESIS Studio\genesis-studio\packages\engines-py\.pdb_cache\4MNE,A
2515,ThermoMPNN,4MNE,1.0576775074005127,125,H,S,F:\GENESIS Studio\genesis-studio\packages\engines-py\.pdb_cache\4MNE,A
2516,ThermoMPNN,4MNE,1.7391881942749023,125,H,T,F:\GENESIS Studio\genesis-studio\packages\engines-py\.pdb_cache\4MNE,A
2517,ThermoMPNN,4MNE,1.0886096954345703,125,H,V,F:\GENESIS Studio\genesis-studio\packages\engines-py\.pdb_cache\4MNE,A
2518,ThermoMPNN,4MNE,0.9510945677757263,125,H,W,F:\GENESIS Studio\genesis-studio\packages\engines-py\.pdb_cache\4MNE,A
2519,ThermoMPNN,4MNE,0.5475893020629883,125,H,Y,F:\GENESIS Studio\genesis-studio\packages\engines-py\.pdb_cache\4MNE,A
2520,ThermoMPNN,4MNE,0.5094984769821167,126,R,A,F:\GENESIS Studio\genesis-studio\packages\engines-py\.pdb_cache\4MNE,A
2521,ThermoMPNN,4MNE,-0.36210954189300537,126,R,C,F:\GENESIS Studio\genesis-studio\packages\engines-py\.pdb_cache\4MNE,A
2522,ThermoMPNN,4MNE,0.7311466336250305,126,R,D,F:\GENESIS Studio\genesis-studio\packages\engines-py\.pdb_cache\4MNE,A
2523,ThermoMPNN,4MNE,0.5386421084403992,126,R,E,F:\GENESIS Studio\genesis-studio\packages\engines-py\.pdb_cache\4MNE,A
2524,ThermoMPNN,4MNE,-0.2500300407409668,126,R,F,F:\GENESIS Studio\genesis-studio\packages\engines-py\.pdb_cache\4MNE,A
2525,ThermoMPNN,4MNE,-0.10717266798019409,126,R,G,F:\GENESIS Studio\genesis-studio\packages\engines-py\.pdb_cache\4MNE,A
2526,ThermoMPNN,4MNE,0.0839158296585083,126,R,H,F:\GENESIS Studio\genesis-studio\packages\engines-py\.pdb_cache\4MNE,A
2527,ThermoMPNN,4MNE,0.3820611238479614,126,R,I,F:\GENESIS Studio\genesis-studio\packages\engines-py\.pdb_cache\4MNE,A
2528,ThermoMPNN,4MNE,0.21969985961914062,126,R,K,F:\GENESIS Studio\genesis-studio\packages\engines-py\.pdb_cache\4MNE,A
2529,ThermoMPNN,4MNE,-0.24041366577148438,126,R,L,F:\GENESIS Studio\genesis-studio\packages\engines-py\.pdb_cache\4MNE,A
2530,ThermoMPNN,4MNE,-0.12832766771316528,126,R,M,F:\GENESIS Studio\genesis-studio\packages\engines-py\.pdb_cache\4MNE,A
2531,ThermoMPNN,4MNE,0.31125152111053467,126,R,N,F:\GENESIS Studio\genesis-studio\packages\engines-py\.pdb_cache\4MNE,A
2532,ThermoMPNN,4MNE,1.8265578746795654,126,R,P,F:\GENESIS Studio\genesis-studio\packages\engines-py\.pdb_cache\4MNE,A
2533,ThermoMPNN,4MNE,0.2407543659210205,126,R,Q,F:\GENESIS Studio\genesis-studio\packages\engines-py\.pdb_cache\4MNE,A
2534,ThermoMPNN,4MNE,0.0,126,R,R,F:\GENESIS Studio\genesis-studio\packages\engines-py\.pdb_cache\4MNE,A
2535,ThermoMPNN,4MNE,0.3800968825817108,126,R,S,F:\GENESIS Studio\genesis-studio\packages\engines-py\.pdb_cache\4MNE,A
2536,ThermoMPNN,4MNE,0.1253436803817749,126,R,T,F:\GENESIS Studio\genesis-studio\packages\engines-py\.pdb_cache\4MNE,A
2537,ThermoMPNN,4MNE,0.5128455758094788,126,R,V,F:\GENESIS Studio\genesis-studio\packages\engines-py\.pdb_cache\4MNE,A
2538,ThermoMPNN,4MNE,0.08638989925384521,126,R,W,F:\GENESIS Studio\genesis-studio\packages\engines-py\.pdb_cache\4MNE,A
2539,ThermoMPNN,4MNE,-0.10252457857131958,126,R,Y,F:\GENESIS Studio\genesis-studio\packages\engines-py\.pdb_cache\4MNE,A
2540,ThermoMPNN,4MNE,0.9285183548927307,127,D,A,F:\GENESIS Studio\genesis-studio\packages\engines-py\.pdb_cache\4MNE,A
2541,ThermoMPNN,4MNE,0.4904094934463501,127,D,C,F:\GENESIS Studio\genesis-studio\packages\engines-py\.pdb_cache\4MNE,A
2542,ThermoMPNN,4MNE,0.0,127,D,D,F:\GENESIS Studio\genesis-studio\packages\engines-py\.pdb_cache\4MNE,A
2543,ThermoMPNN,4MNE,0.6854226589202881,127,D,E,F:\GENESIS Studio\genesis-studio\packages\engines-py\.pdb_cache\4MNE,A
2544,ThermoMPNN,4MNE,0.8159375786781311,127,D,F,F:\GENESIS Studio\genesis-studio\packages\engines-py\.pdb_cache\4MNE,A
2545,ThermoMPNN,4MNE,1.1683094501495361,127,D,G,F:\GENESIS Studio\genesis-studio\packages\engines-py\.pdb_cache\4MNE,A
2546,ThermoMPNN,4MNE,0.9075076580047607,127,D,H,F:\GENESIS Studio\genesis-studio\packages\engines-py\.pdb_cache\4MNE,A
2547,ThermoMPNN,4MNE,1.0654217004776,127,D,I,F:\GENESIS Studio\genesis-studio\packages\engines-py\.pdb_cache\4MNE,A
2548,ThermoMPNN,4MNE,1.2839367389678955,127,D,K,F:\GENESIS Studio\genesis-studio\packages\engines-py\.pdb_cache\4MNE,A
2549,ThermoMPNN,4MNE,1.1153309345245361,127,D,L,F:\GENESIS Studio\genesis-studio\packages\engines-py\.pdb_cache\4MNE,A
2550,ThermoMPNN,4MNE,1.0649428367614746,127,D,M,F:\GENESIS Studio\genesis-studio\packages\engines-py\.pdb_cache\4MNE,A
2551,ThermoMPNN,4MNE,0.709289014339447,127,D,N,F:\GENESIS Studio\genesis-studio\packages\engines-py\.pdb_cache\4MNE,A
2552,ThermoMPNN,4MNE,1.851254940032959,127,D,P,F:\GENESIS Studio\genesis-studio\packages\engines-py\.pdb_cache\4MNE,A
2553,ThermoMPNN,4MNE,1.0027196407318115,127,D,Q,F:\GENESIS Studio\genesis-studio\packages\engines-py\.pdb_cache\4MNE,A
2554,ThermoMPNN,4MNE,1.2959551811218262,127,D,R,F:\GENESIS Studio\genesis-studio\packages\engines-py\.pdb_cache\4MNE,A
2555,ThermoMPNN,4MNE,0.7835814952850342,127,D,S,F:\GENESIS Studio\genesis-studio\packages\engines-py\.pdb_cache\4MNE,A
2556,ThermoMPNN,4MNE,1.054135799407959,127,D,T,F:\GENESIS Studio\genesis-studio\packages\engines-py\.pdb_cache\4MNE,A
2557,ThermoMPNN,4MNE,1.194496512413025,127,D,V,F:\GENESIS Studio\genesis-studio\packages\engines-py\.pdb_cache\4MNE,A
2558,ThermoMPNN,4MNE,0.7484056949615479,127,D,W,F:\GENESIS Studio\genesis-studio\packages\engines-py\.pdb_cache\4MNE,A
2559,ThermoMPNN,4MNE,0.7500888705253601,127,D,Y,F:\GENESIS Studio\genesis-studio\packages\engines-py\.pdb_cache\4MNE,A
2560,ThermoMPNN,4MNE,1.7191517353057861,128,V,A,F:\GENESIS Studio\genesis-studio\packages\engines-py\.pdb_cache\4MNE,A
2561,ThermoMPNN,4MNE,0.8307217359542847,128,V,C,F:\GENESIS Studio\genesis-studio\packages\engines-py\.pdb_cache\4MNE,A
2562,ThermoMPNN,4MNE,2.2692337036132812,128,V,D,F:\GENESIS Studio\genesis-studio\packages\engines-py\.pdb_cache\4MNE,A
2563,ThermoMPNN,4MNE,2.3458755016326904,128,V,E,F:\GENESIS Studio\genesis-studio\packages\engines-py\.pdb_cache\4MNE,A
2564,ThermoMPNN,4MNE,0.7939541339874268,128,V,F,F:\GENESIS Studio\genesis-studio\packages\engines-py\.pdb_cache\4MNE,A
2565,ThermoMPNN,4MNE,2.2292850017547607,128,V,G,F:\GENESIS Studio\genesis-studio\packages\engines-py\.pdb_cache\4MNE,A
2566,ThermoMPNN,4MNE,2.1817572116851807,128,V,H,F:\GENESIS Studio\genesis-studio\packages\engines-py\.pdb_cache\4MNE,A
2567,ThermoMPNN,4MNE,-0.5365259647369385,128,V,I,F:\GENESIS Studio\genesis-studio\packages\engines-py\.pdb_cache\4MNE,A
2568,ThermoMPNN,4MNE,2.3503336906433105,128,V,K,F:\GENESIS Studio\genesis-studio\packages\engines-py\.pdb_cache\4MNE,A
2569,ThermoMPNN,4MNE,-0.43583226203918457,128,V,L,F:\GENESIS Studio\genesis-studio\packages\engines-py\.pdb_cache\4MNE,A
2570,ThermoMPNN,4MNE,0.36781537532806396,128,V,M,F:\GENESIS Studio\genesis-studio\packages\engines-py\.pdb_cache\4MNE,A
2571,ThermoMPNN,4MNE,2.219773292541504,128,V,N,F:\GENESIS Studio\genesis-studio\packages\engines-py\.pdb_cache\4MNE,A
2572,ThermoMPNN,4MNE,2.130913496017456,128,V,P,F:\GENESIS Studio\genesis-studio\packages\engines-py\.pdb_cache\4MNE,A
2573,ThermoMPNN,4MNE,2.3419744968414307,128,V,Q,F:\GENESIS Studio\genesis-studio\packages\engines-py\.pdb_cache\4MNE,A
2574,ThermoMPNN,4MNE,2.314652919769287,128,V,R,F:\GENESIS Studio\genesis-studio\packages\engines-py\.pdb_cache\4MNE,A
2575,ThermoMPNN,4MNE,2.3378260135650635,128,V,S,F:\GENESIS Studio\genesis-studio\packages\engines-py\.pdb_cache\4MNE,A
2576,ThermoMPNN,4MNE,1.7477900981903076,128,V,T,F:\GENESIS Studio\genesis-studio\packages\engines-py\.pdb_cache\4MNE,A
2577,ThermoMPNN,4MNE,0.0,128,V,V,F:\GENESIS Studio\genesis-studio\packages\engines-py\.pdb_cache\4MNE,A
2578,ThermoMPNN,4MNE,1.4455212354660034,128,V,W,F:\GENESIS Studio\genesis-studio\packages\engines-py\.pdb_cache\4MNE,A
2579,ThermoMPNN,4MNE,1.447441577911377,128,V,Y,F:\GENESIS Studio\genesis-studio\packages\engines-py\.pdb_cache\4MNE,A
2580,ThermoMPNN,4MNE,1.0157268047332764,129,K,A,F:\GENESIS Studio\genesis-studio\packages\engines-py\.pdb_cache\4MNE,A
2581,ThermoMPNN,4MNE,1.086572527885437,129,K,C,F:\GENESIS Studio\genesis-studio\packages\engines-py\.pdb_cache\4MNE,A
2582,ThermoMPNN,4MNE,2.7172884941101074,129,K,D,F:\GENESIS Studio\genesis-studio\packages\engines-py\.pdb_cache\4MNE,A
2583,ThermoMPNN,4MNE,1.6762309074401855,129,K,E,F:\GENESIS Studio\genesis-studio\packages\engines-py\.pdb_cache\4MNE,A
2584,ThermoMPNN,4MNE,1.309844970703125,129,K,F,F:\GENESIS Studio\genesis-studio\packages\engines-py\.pdb_cache\4MNE,A
2585,ThermoMPNN,4MNE,1.6057069301605225,129,K,G,F:\GENESIS Studio\genesis-studio\packages\engines-py\.pdb_cache\4MNE,A
2586,ThermoMPNN,4MNE,1.0434949398040771,129,K,H,F:\GENESIS Studio\genesis-studio\packages\engines-py\.pdb_cache\4MNE,A
2587,ThermoMPNN,4MNE,1.250342845916748,129,K,I,F:\GENESIS Studio\genesis-studio\packages\engines-py\.pdb_cache\4MNE,A
2588,ThermoMPNN,4MNE,0.0,129,K,K,F:\GENESIS Studio\genesis-studio\packages\engines-py\.pdb_cache\4MNE,A
2589,ThermoMPNN,4MNE,1.4431731700897217,129,K,L,F:\GENESIS Studio\genesis-studio\packages\engines-py\.pdb_cache\4MNE,A
2590,ThermoMPNN,4MNE,1.0575908422470093,129,K,M,F:\GENESIS Studio\genesis-studio\packages\engines-py\.pdb_cache\4MNE,A
2591,ThermoMPNN,4MNE,1.6318974494934082,129,K,N,F:\GENESIS Studio\genesis-studio\packages\engines-py\.pdb_cache\4MNE,A
2592,ThermoMPNN,4MNE,1.8182365894317627,129,K,P,F:\GENESIS Studio\genesis-studio\packages\engines-py\.pdb_cache\4MNE,A
2593,ThermoMPNN,4MNE,0.6200387477874756,129,K,Q,F:\GENESIS Studio\genesis-studio\packages\engines-py\.pdb_cache\4MNE,A
2594,ThermoMPNN,4MNE,0.1982426643371582,129,K,R,F:\GENESIS Studio\genesis-studio\packages\engines-py\.pdb_cache\4MNE,A
2595,ThermoMPNN,4MNE,1.165290117263794,129,K,S,F:\GENESIS Studio\genesis-studio\packages\engines-py\.pdb_cache\4MNE,A
2596,ThermoMPNN,4MNE,1.4726117849349976,129,K,T,F:\GENESIS Studio\genesis-studio\packages\engines-py\.pdb_cache\4MNE,A
2597,ThermoMPNN,4MNE,1.4541980028152466,129,K,V,F:\GENESIS Studio\genesis-studio\packages\engines-py\.pdb_cache\4MNE,A
2598,ThermoMPNN,4MNE,1.6686906814575195,129,K,W,F:\GENESIS Studio\genesis-studio\packages\engines-py\.pdb_cache\4MNE,A
2599,ThermoMPNN,4MNE,1.2423920631408691,129,K,Y,F:\GENESIS Studio\genesis-studio\packages\engines-py\.pdb_cache\4MNE,A
2600,ThermoMPNN,4MNE,0.6290853023529053,130,P,A,F:\GENESIS Studio\genesis-studio\packages\engines-py\.pdb_cache\4MNE,A
2601,ThermoMPNN,4MNE,0.5310076475143433,130,P,C,F:\GENESIS Studio\genesis-studio\packages\engines-py\.pdb_cache\4MNE,A
2602,ThermoMPNN,4MNE,1.4013350009918213,130,P,D,F:\GENESIS Studio\genesis-studio\packages\engines-py\.pdb_cache\4MNE,A
2603,ThermoMPNN,4MNE,1.629784107208252,130,P,E,F:\GENESIS Studio\genesis-studio\packages\engines-py\.pdb_cache\4MNE,A
2604,ThermoMPNN,4MNE,1.0281612873077393,130,P,F,F:\GENESIS Studio\genesis-studio\packages\engines-py\.pdb_cache\4MNE,A
2605,ThermoMPNN,4MNE,1.107643723487854,130,P,G,F:\GENESIS Studio\genesis-studio\packages\engines-py\.pdb_cache\4MNE,A
2606,ThermoMPNN,4MNE,1.1737802028656006,130,P,H,F:\GENESIS Studio\genesis-studio\packages\engines-py\.pdb_cache\4MNE,A
2607,ThermoMPNN,4MNE,0.9652353525161743,130,P,I,F:\GENESIS Studio\genesis-studio\packages\engines-py\.pdb_cache\4MNE,A
2608,ThermoMPNN,4MNE,1.1923048496246338,130,P,K,F:\GENESIS Studio\genesis-studio\packages\engines-py\.pdb_cache\4MNE,A
2609,ThermoMPNN,4MNE,0.5523920655250549,130,P,L,F:\GENESIS Studio\genesis-studio\packages\engines-py\.pdb_cache\4MNE,A
2610,ThermoMPNN,4MNE,0.8821659088134766,130,P,M,F:\GENESIS Studio\genesis-studio\packages\engines-py\.pdb_cache\4MNE,A
2611,ThermoMPNN,4MNE,0.9987640976905823,130,P,N,F:\GENESIS Studio\genesis-studio\packages\engines-py\.pdb_cache\4MNE,A
2612,ThermoMPNN,4MNE,0.0,130,P,P,F:\GENESIS Studio\genesis-studio\packages\engines-py\.pdb_cache\4MNE,A
2613,ThermoMPNN,4MNE,1.4385337829589844,130,P,Q,F:\GENESIS Studio\genesis-studio\packages\engines-py\.pdb_cache\4MNE,A
2614,ThermoMPNN,4MNE,1.2147278785705566,130,P,R,F:\GENESIS Studio\genesis-studio\packages\engines-py\.pdb_cache\4MNE,A
2615,ThermoMPNN,4MNE,0.9242146015167236,130,P,S,F:\GENESIS Studio\genesis-studio\packages\engines-py\.pdb_cache\4MNE,A
2616,ThermoMPNN,4MNE,1.2354134321212769,130,P,T,F:\GENESIS Studio\genesis-studio\packages\engines-py\.pdb_cache\4MNE,A
2617,ThermoMPNN,4MNE,0.8475924134254456,130,P,V,F:\GENESIS Studio\genesis-studio\packages\engines-py\.pdb_cache\4MNE,A
2618,ThermoMPNN,4MNE,1.3199596405029297,130,P,W,F:\GENESIS Studio\genesis-studio\packages\engines-py\.pdb_cache\4MNE,A
2619,ThermoMPNN,4MNE,1.1275030374526978,130,P,Y,F:\GENESIS Studio\genesis-studio\packages\engines-py\.pdb_cache\4MNE,A
2620,ThermoMPNN,4MNE,-0.2976628541946411,131,S,A,F:\GENESIS Studio\genesis-studio\packages\engines-py\.pdb_cache\4MNE,A
2621,ThermoMPNN,4MNE,0.14377522468566895,131,S,C,F:\GENESIS Studio\genesis-studio\packages\engines-py\.pdb_cache\4MNE,A
2622,ThermoMPNN,4MNE,0.514135479927063,131,S,D,F:\GENESIS Studio\genesis-studio\packages\engines-py\.pdb_cache\4MNE,A
2623,ThermoMPNN,4MNE,0.21072930097579956,131,S,E,F:\GENESIS Studio\genesis-studio\packages\engines-py\.pdb_cache\4MNE,A
2624,ThermoMPNN,4MNE,0.6141359806060791,131,S,F,F:\GENESIS Studio\genesis-studio\packages\engines-py\.pdb_cache\4MNE,A
2625,ThermoMPNN,4MNE,0.01799643039703369,131,S,G,F:\GENESIS Studio\genesis-studio\packages\engines-py\.pdb_cache\4MNE,A
2626,ThermoMPNN,4MNE,0.20484906435012817,131,S,H,F:\GENESIS Studio\genesis-studio\packages\engines-py\.pdb_cache\4MNE,A
2627,ThermoMPNN,4MNE,0.6687780618667603,131,S,I,F:\GENESIS Studio\genesis-studio\packages\engines-py\.pdb_cache\4MNE,A
2628,ThermoMPNN,4MNE,0.3765749931335449,131,S,K,F:\GENESIS Studio\genesis-studio\packages\engines-py\.pdb_cache\4MNE,A
2629,ThermoMPNN,4MNE,0.8537809252738953,131,S,L,F:\GENESIS Studio\genesis-studio\packages\engines-py\.pdb_cache\4MNE,A
2630,ThermoMPNN,4MNE,0.5102553963661194,131,S,M,F:\GENESIS Studio\genesis-studio\packages\engines-py\.pdb_cache\4MNE,A
2631,ThermoMPNN,4MNE,0.5679817199707031,131,S,N,F:\GENESIS Studio\genesis-studio\packages\engines-py\.pdb_cache\4MNE,A
2632,ThermoMPNN,4MNE,0.8317719101905823,131,S,P,F:\GENESIS Studio\genesis-studio\packages\engines-py\.pdb_cache\4MNE,A
2633,ThermoMPNN,4MNE,0.3024137020111084,131,S,Q,F:\GENESIS Studio\genesis-studio\packages\engines-py\.pdb_cache\4MNE,A
2634,ThermoMPNN,4MNE,0.265597403049469,131,S,R,F:\GENESIS Studio\genesis-studio\packages\engines-py\.pdb_cache\4MNE,A
2635,ThermoMPNN,4MNE,0.0,131,S,S,F:\GENESIS Studio\genesis-studio\packages\engines-py\.pdb_cache\4MNE,A
2636,ThermoMPNN,4MNE,0.31330370903015137,131,S,T,F:\GENESIS Studio\genesis-studio\packages\engines-py\.pdb_cache\4MNE,A
2637,ThermoMPNN,4MNE,0.6726086735725403,131,S,V,F:\GENESIS Studio\genesis-studio\packages\engines-py\.pdb_cache\4MNE,A
2638,ThermoMPNN,4MNE,0.48534655570983887,131,S,W,F:\GENESIS Studio\genesis-studio\packages\engines-py\.pdb_cache\4MNE,A
2639,ThermoMPNN,4MNE,0.2784218192100525,131,S,Y,F:\GENESIS Studio\genesis-studio\packages\engines-py\.pdb_cache\4MNE,A
2640,ThermoMPNN,4MNE,0.5980437994003296,132,N,A,F:\GENESIS Studio\genesis-studio\packages\engines-py\.pdb_cache\4MNE,A
2641,ThermoMPNN,4MNE,0.2866743803024292,132,N,C,F:\GENESIS Studio\genesis-studio\packages\engines-py\.pdb_cache\4MNE,A
2642,ThermoMPNN,4MNE,0.9619415998458862,132,N,D,F:\GENESIS Studio\genesis-studio\packages\engines-py\.pdb_cache\4MNE,A
2643,ThermoMPNN,4MNE,1.090920090675354,132,N,E,F:\GENESIS Studio\genesis-studio\packages\engines-py\.pdb_cache\4MNE,A
2644,ThermoMPNN,4MNE,0.775390088558197,132,N,F,F:\GENESIS Studio\genesis-studio\packages\engines-py\.pdb_cache\4MNE,A
2645,ThermoMPNN,4MNE,1.1193121671676636,132,N,G,F:\GENESIS Studio\genesis-studio\packages\engines-py\.pdb_cache\4MNE,A
2646,ThermoMPNN,4MNE,0.2691011428833008,132,N,H,F:\GENESIS Studio\genesis-studio\packages\engines-py\.pdb_cache\4MNE,A
2647,ThermoMPNN,4MNE,1.0893363952636719,132,N,I,F:\GENESIS Studio\genesis-studio\packages\engines-py\.pdb_cache\4MNE,A
2648,ThermoMPNN,4MNE,0.7504823803901672,132,N,K,F:\GENESIS Studio\genesis-studio\packages\engines-py\.pdb_cache\4MNE,A
2649,ThermoMPNN,4MNE,0.7658610939979553,132,N,L,F:\GENESIS Studio\genesis-studio\packages\engines-py\.pdb_cache\4MNE,A
2650,ThermoMPNN,4MNE,0.7284045219421387,132,N,M,F:\GENESIS Studio\genesis-studio\packages\engines-py\.pdb_cache\4MNE,A
2651,ThermoMPNN,4MNE,0.0,132,N,N,F:\GENESIS Studio\genesis-studio\packages\engines-py\.pdb_cache\4MNE,A
2652,ThermoMPNN,4MNE,2.378499984741211,132,N,P,F:\GENESIS Studio\genesis-studio\packages\engines-py\.pdb_cache\4MNE,A
2653,ThermoMPNN,4MNE,0.8358592987060547,132,N,Q,F:\GENESIS Studio\genesis-studio\packages\engines-py\.pdb_cache\4MNE,A
2654,ThermoMPNN,4MNE,0.6712931394577026,132,N,R,F:\GENESIS Studio\genesis-studio\packages\engines-py\.pdb_cache\4MNE,A
2655,ThermoMPNN,4MNE,0.5906937122344971,132,N,S,F:\GENESIS Studio\genesis-studio\packages\engines-py\.pdb_cache\4MNE,A
2656,ThermoMPNN,4MNE,1.0847865343093872,132,N,T,F:\GENESIS Studio\genesis-studio\packages\engines-py\.pdb_cache\4MNE,A
2657,ThermoMPNN,4MNE,0.8898723721504211,132,N,V,F:\GENESIS Studio\genesis-studio\packages\engines-py\.pdb_cache\4MNE,A
2658,ThermoMPNN,4MNE,0.9178798198699951,132,N,W,F:\GENESIS Studio\genesis-studio\packages\engines-py\.pdb_cache\4MNE,A
2659,ThermoMPNN,4MNE,0.6718676090240479,132,N,Y,F:\GENESIS Studio\genesis-studio\packages\engines-py\.pdb_cache\4MNE,A
2660,ThermoMPNN,4MNE,2.437690258026123,133,I,A,F:\GENESIS Studio\genesis-studio\packages\engines-py\.pdb_cache\4MNE,A
2661,ThermoMPNN,4MNE,1.7514311075210571,133,I,C,F:\GENESIS Studio\genesis-studio\packages\engines-py\.pdb_cache\4MNE,A
2662,ThermoMPNN,4MNE,3.6881022453308105,133,I,D,F:\GENESIS Studio\genesis-studio\packages\engines-py\.pdb_cache\4MNE,A
2663,ThermoMPNN,4MNE,3.4654362201690674,133,I,E,F:\GENESIS Studio\genesis-studio\packages\engines-py\.pdb_cache\4MNE,A
2664,ThermoMPNN,4MNE,1.5450752973556519,133,I,F,F:\GENESIS Studio\genesis-studio\packages\engines-py\.pdb_cache\4MNE,A
2665,ThermoMPNN,4MNE,3.2201426029205322,133,I,G,F:\GENESIS Studio\genesis-studio\packages\engines-py\.pdb_cache\4MNE,A
2666,ThermoMPNN,4MNE,3.114617347717285,133,I,H,F:\GENESIS Studio\genesis-studio\packages\engines-py\.pdb_cache\4MNE,A
2667,ThermoMPNN,4MNE,0.0,133,I,I,F:\GENESIS Studio\genesis-studio\packages\engines-py\.pdb_cache\4MNE,A
2668,ThermoMPNN,4MNE,3.1021859645843506,133,I,K,F:\GENESIS Studio\genesis-studio\packages\engines-py\.pdb_cache\4MNE,A
2669,ThermoMPNN,4MNE,0.7223868370056152,133,I,L,F:\GENESIS Studio\genesis-studio\packages\engines-py\.pdb_cache\4MNE,A
2670,ThermoMPNN,4MNE,1.2214196920394897,133,I,M,F:\GENESIS Studio\genesis-studio\packages\engines-py\.pdb_cache\4MNE,A
2671,ThermoMPNN,4MNE,3.3940858840942383,133,I,N,F:\GENESIS Studio\genesis-studio\packages\engines-py\.pdb_cache\4MNE,A
2672,ThermoMPNN,4MNE,3.1710095405578613,133,I,P,F:\GENESIS Studio\genesis-studio\packages\engines-py\.pdb_cache\4MNE,A
2673,ThermoMPNN,4MNE,3.1754724979400635,133,I,Q,F:\GENESIS Studio\genesis-studio\packages\engines-py\.pdb_cache\4MNE,A
2674,ThermoMPNN,4MNE,3.0384531021118164,133,I,R,F:\GENESIS Studio\genesis-studio\packages\engines-py\.pdb_cache\4MNE,A
2675,ThermoMPNN,4MNE,3.3058278560638428,133,I,S,F:\GENESIS Studio\genesis-studio\packages\engines-py\.pdb_cache\4MNE,A
2676,ThermoMPNN,4MNE,2.7627456188201904,133,I,T,F:\GENESIS Studio\genesis-studio\packages\engines-py\.pdb_cache\4MNE,A
2677,ThermoMPNN,4MNE,0.8810474872589111,133,I,V,F:\GENESIS Studio\genesis-studio\packages\engines-py\.pdb_cache\4MNE,A
2678,ThermoMPNN,4MNE,2.130594491958618,133,I,W,F:\GENESIS Studio\genesis-studio\packages\engines-py\.pdb_cache\4MNE,A
2679,ThermoMPNN,4MNE,2.213005304336548,133,I,Y,F:\GENESIS Studio\genesis-studio\packages\engines-py\.pdb_cache\4MNE,A
2680,ThermoMPNN,4MNE,2.309530258178711,134,L,A,F:\GENESIS Studio\genesis-studio\packages\engines-py\.pdb_cache\4MNE,A
2681,ThermoMPNN,4MNE,1.2325068712234497,134,L,C,F:\GENESIS Studio\genesis-studio\packages\engines-py\.pdb_cache\4MNE,A
2682,ThermoMPNN,4MNE,3.0751562118530273,134,L,D,F:\GENESIS Studio\genesis-studio\packages\engines-py\.pdb_cache\4MNE,A
2683,ThermoMPNN,4MNE,2.585756301879883,134,L,E,F:\GENESIS Studio\genesis-studio\packages\engines-py\.pdb_cache\4MNE,A
2684,ThermoMPNN,4MNE,1.3014951944351196,134,L,F,F:\GENESIS Studio\genesis-studio\packages\engines-py\.pdb_cache\4MNE,A
2685,ThermoMPNN,4MNE,2.7984137535095215,134,L,G,F:\GENESIS Studio\genesis-studio\packages\engines-py\.pdb_cache\4MNE,A
2686,ThermoMPNN,4MNE,2.3186564445495605,134,L,H,F:\GENESIS Studio\genesis-studio\packages\engines-py\.pdb_cache\4MNE,A
2687,ThermoMPNN,4MNE,1.188818097114563,134,L,I,F:\GENESIS Studio\genesis-studio\packages\engines-py\.pdb_cache\4MNE,A
2688,ThermoMPNN,4MNE,2.6446151733398438,134,L,K,F:\GENESIS Studio\genesis-studio\packages\engines-py\.pdb_cache\4MNE,A
2689,ThermoMPNN,4MNE,0.0,134,L,L,F:\GENESIS Studio\genesis-studio\packages\engines-py\.pdb_cache\4MNE,A
2690,ThermoMPNN,4MNE,0.8848671913146973,134,L,M,F:\GENESIS Studio\genesis-studio\packages\engines-py\.pdb_cache\4MNE,A
2691,ThermoMPNN,4MNE,2.854903221130371,134,L,N,F:\GENESIS Studio\genesis-studio\packages\engines-py\.pdb_cache\4MNE,A
2692,ThermoMPNN,4MNE,3.76216459274292,134,L,P,F:\GENESIS Studio\genesis-studio\packages\engines-py\.pdb_cache\4MNE,A
2693,ThermoMPNN,4MNE,2.3893935680389404,134,L,Q,F:\GENESIS Studio\genesis-studio\packages\engines-py\.pdb_cache\4MNE,A
2694,ThermoMPNN,4MNE,2.6271896362304688,134,L,R,F:\GENESIS Studio\genesis-studio\packages\engines-py\.pdb_cache\4MNE,A
2695,ThermoMPNN,4MNE,2.6424365043640137,134,L,S,F:\GENESIS Studio\genesis-studio\packages\engines-py\.pdb_cache\4MNE,A
2696,ThermoMPNN,4MNE,2.464472770690918,134,L,T,F:\GENESIS Studio\genesis-studio\packages\engines-py\.pdb_cache\4MNE,A
2697,ThermoMPNN,4MNE,1.6263043880462646,134,L,V,F:\GENESIS Studio\genesis-studio\packages\engines-py\.pdb_cache\4MNE,A
2698,ThermoMPNN,4MNE,1.4190847873687744,134,L,W,F:\GENESIS Studio\genesis-studio\packages\engines-py\.pdb_cache\4MNE,A
2699,ThermoMPNN,4MNE,1.4902721643447876,134,L,Y,F:\GENESIS Studio\genesis-studio\packages\engines-py\.pdb_cache\4MNE,A
2700,ThermoMPNN,4MNE,0.7447245121002197,135,V,A,F:\GENESIS Studio\genesis-studio\packages\engines-py\.pdb_cache\4MNE,A
2701,ThermoMPNN,4MNE,0.3647780418395996,135,V,C,F:\GENESIS Studio\genesis-studio\packages\engines-py\.pdb_cache\4MNE,A
2702,ThermoMPNN,4MNE,2.4114267826080322,135,V,D,F:\GENESIS Studio\genesis-studio\packages\engines-py\.pdb_cache\4MNE,A
2703,ThermoMPNN,4MNE,2.4575717449188232,135,V,E,F:\GENESIS Studio\genesis-studio\packages\engines-py\.pdb_cache\4MNE,A
2704,ThermoMPNN,4MNE,0.9679283499717712,135,V,F,F:\GENESIS Studio\genesis-studio\packages\engines-py\.pdb_cache\4MNE,A
2705,ThermoMPNN,4MNE,1.6441733837127686,135,V,G,F:\GENESIS Studio\genesis-studio\packages\engines-py\.pdb_cache\4MNE,A
2706,ThermoMPNN,4MNE,1.8934872150421143,135,V,H,F:\GENESIS Studio\genesis-studio\packages\engines-py\.pdb_cache\4MNE,A
2707,ThermoMPNN,4MNE,0.36559271812438965,135,V,I,F:\GENESIS Studio\genesis-studio\packages\engines-py\.pdb_cache\4MNE,A
2708,ThermoMPNN,4MNE,1.9998443126678467,135,V,K,F:\GENESIS Studio\genesis-studio\packages\engines-py\.pdb_cache\4MNE,A
2709,ThermoMPNN,4MNE,0.9098585844039917,135,V,L,F:\GENESIS Studio\genesis-studio\packages\engines-py\.pdb_cache\4MNE,A
2710,ThermoMPNN,4MNE,1.0563690662384033,135,V,M,F:\GENESIS Studio\genesis-studio\packages\engines-py\.pdb_cache\4MNE,A
2711,ThermoMPNN,4MNE,2.104149341583252,135,V,N,F:\GENESIS Studio\genesis-studio\packages\engines-py\.pdb_cache\4MNE,A
2712,ThermoMPNN,4MNE,2.0448191165924072,135,V,P,F:\GENESIS Studio\genesis-studio\packages\engines-py\.pdb_cache\4MNE,A
2713,ThermoMPNN,4MNE,2.039923667907715,135,V,Q,F:\GENESIS Studio\genesis-studio\packages\engines-py\.pdb_cache\4MNE,A
2714,ThermoMPNN,4MNE,2.0912041664123535,135,V,R,F:\GENESIS Studio\genesis-studio\packages\engines-py\.pdb_cache\4MNE,A
2715,ThermoMPNN,4MNE,1.4940743446350098,135,V,S,F:\GENESIS Studio\genesis-studio\packages\engines-py\.pdb_cache\4MNE,A
2716,ThermoMPNN,4MNE,1.1235828399658203,135,V,T,F:\GENESIS Studio\genesis-studio\packages\engines-py\.pdb_cache\4MNE,A
2717,ThermoMPNN,4MNE,0.0,135,V,V,F:\GENESIS Studio\genesis-studio\packages\engines-py\.pdb_cache\4MNE,A
2718,ThermoMPNN,4MNE,1.3120007514953613,135,V,W,F:\GENESIS Studio\genesis-studio\packages\engines-py\.pdb_cache\4MNE,A
2719,ThermoMPNN,4MNE,1.210181713104248,135,V,Y,F:\GENESIS Studio\genesis-studio\packages\engines-py\.pdb_cache\4MNE,A
2720,ThermoMPNN,4MNE,1.9592043161392212,136,N,A,F:\GENESIS Studio\genesis-studio\packages\engines-py\.pdb_cache\4MNE,A
2721,ThermoMPNN,4MNE,0.9828295707702637,136,N,C,F:\GENESIS Studio\genesis-studio\packages\engines-py\.pdb_cache\4MNE,A
2722,ThermoMPNN,4MNE,0.6101129055023193,136,N,D,F:\GENESIS Studio\genesis-studio\packages\engines-py\.pdb_cache\4MNE,A
2723,ThermoMPNN,4MNE,2.2221837043762207,136,N,E,F:\GENESIS Studio\genesis-studio\packages\engines-py\.pdb_cache\4MNE,A
2724,ThermoMPNN,4MNE,1.9139881134033203,136,N,F,F:\GENESIS Studio\genesis-studio\packages\engines-py\.pdb_cache\4MNE,A
2725,ThermoMPNN,4MNE,1.499755859375,136,N,G,F:\GENESIS Studio\genesis-studio\packages\engines-py\.pdb_cache\4MNE,A
2726,ThermoMPNN,4MNE,1.3659766912460327,136,N,H,F:\GENESIS Studio\genesis-studio\packages\engines-py\.pdb_cache\4MNE,A
2727,ThermoMPNN,4MNE,2.177917957305908,136,N,I,F:\GENESIS Studio\genesis-studio\packages\engines-py\.pdb_cache\4MNE,A
2728,ThermoMPNN,4MNE,1.977588176727295,136,N,K,F:\GENESIS Studio\genesis-studio\packages\engines-py\.pdb_cache\4MNE,A
2729,ThermoMPNN,4MNE,1.7306325435638428,136,N,L,F:\GENESIS Studio\genesis-studio\packages\engines-py\.pdb_cache\4MNE,A
2730,ThermoMPNN,4MNE,2.061453342437744,136,N,M,F:\GENESIS Studio\genesis-studio\packages\engines-py\.pdb_cache\4MNE,A
2731,ThermoMPNN,4MNE,0.0,136,N,N,F:\GENESIS Studio\genesis-studio\packages\engines-py\.pdb_cache\4MNE,A
2732,ThermoMPNN,4MNE,2.461068630218506,136,N,P,F:\GENESIS Studio\genesis-studio\packages\engines-py\.pdb_cache\4MNE,A
2733,ThermoMPNN,4MNE,2.2197065353393555,136,N,Q,F:\GENESIS Studio\genesis-studio\packages\engines-py\.pdb_cache\4MNE,A
2734,ThermoMPNN,4MNE,1.8434664011001587,136,N,R,F:\GENESIS Studio\genesis-studio\packages\engines-py\.pdb_cache\4MNE,A
2735,ThermoMPNN,4MNE,0.9123390913009644,136,N,S,F:\GENESIS Studio\genesis-studio\packages\engines-py\.pdb_cache\4MNE,A
2736,ThermoMPNN,4MNE,1.5097730159759521,136,N,T,F:\GENESIS Studio\genesis-studio\packages\engines-py\.pdb_cache\4MNE,A
2737,ThermoMPNN,4MNE,2.029869318008423,136,N,V,F:\GENESIS Studio\genesis-studio\packages\engines-py\.pdb_cache\4MNE,A
2738,ThermoMPNN,4MNE,1.996800422668457,136,N,W,F:\GENESIS Studio\genesis-studio\packages\engines-py\.pdb_cache\4MNE,A
2739,ThermoMPNN,4MNE,1.973549246788025,136,N,Y,F:\GENESIS Studio\genesis-studio\packages\engines-py\.pdb_cache\4MNE,A
2740,ThermoMPNN,4MNE,0.5305742025375366,137,S,A,F:\GENESIS Studio\genesis-studio\packages\engines-py\.pdb_cache\4MNE,A
2741,ThermoMPNN,4MNE,0.5412161946296692,137,S,C,F:\GENESIS Studio\genesis-studio\packages\engines-py\.pdb_cache\4MNE,A
2742,ThermoMPNN,4MNE,1.1445527076721191,137,S,D,F:\GENESIS Studio\genesis-studio\packages\engines-py\.pdb_cache\4MNE,A
2743,ThermoMPNN,4MNE,1.0534887313842773,137,S,E,F:\GENESIS Studio\genesis-studio\packages\engines-py\.pdb_cache\4MNE,A
2744,ThermoMPNN,4MNE,0.9720650315284729,137,S,F,F:\GENESIS Studio\genesis-studio\packages\engines-py\.pdb_cache\4MNE,A
2745,ThermoMPNN,4MNE,0.6874344944953918,137,S,G,F:\GENESIS Studio\genesis-studio\packages\engines-py\.pdb_cache\4MNE,A
2746,ThermoMPNN,4MNE,0.9102303981781006,137,S,H,F:\GENESIS Studio\genesis-studio\packages\engines-py\.pdb_cache\4MNE,A
2747,ThermoMPNN,4MNE,1.0192655324935913,137,S,I,F:\GENESIS Studio\genesis-studio\packages\engines-py\.pdb_cache\4MNE,A
2748,ThermoMPNN,4MNE,0.6712741851806641,137,S,K,F:\GENESIS Studio\genesis-studio\packages\engines-py\.pdb_cache\4MNE,A
2749,ThermoMPNN,4MNE,1.2419085502624512,137,S,L,F:\GENESIS Studio\genesis-studio\packages\engines-py\.pdb_cache\4MNE,A
2750,ThermoMPNN,4MNE,0.967453122138977,137,S,M,F:\GENESIS Studio\genesis-studio\packages\engines-py\.pdb_cache\4MNE,A
2751,ThermoMPNN,4MNE,0.8442072868347168,137,S,N,F:\GENESIS Studio\genesis-studio\packages\engines-py\.pdb_cache\4MNE,A
2752,ThermoMPNN,4MNE,1.4904053211212158,137,S,P,F:\GENESIS Studio\genesis-studio\packages\engines-py\.pdb_cache\4MNE,A
2753,ThermoMPNN,4MNE,0.8406172394752502,137,S,Q,F:\GENESIS Studio\genesis-studio\packages\engines-py\.pdb_cache\4MNE,A
2754,ThermoMPNN,4MNE,0.6498477458953857,137,S,R,F:\GENESIS Studio\genesis-studio\packages\engines-py\.pdb_cache\4MNE,A
2755,ThermoMPNN,4MNE,0.0,137,S,S,F:\GENESIS Studio\genesis-studio\packages\engines-py\.pdb_cache\4MNE,A
2756,ThermoMPNN,4MNE,0.3310431241989136,137,S,T,F:\GENESIS Studio\genesis-studio\packages\engines-py\.pdb_cache\4MNE,A
2757,ThermoMPNN,4MNE,1.1342062950134277,137,S,V,F:\GENESIS Studio\genesis-studio\packages\engines-py\.pdb_cache\4MNE,A
2758,ThermoMPNN,4MNE,0.7833588123321533,137,S,W,F:\GENESIS Studio\genesis-studio\packages\engines-py\.pdb_cache\4MNE,A
2759,ThermoMPNN,4MNE,0.9464198350906372,137,S,Y,F:\GENESIS Studio\genesis-studio\packages\engines-py\.pdb_cache\4MNE,A
2760,ThermoMPNN,4MNE,0.6293549537658691,138,R,A,F:\GENESIS Studio\genesis-studio\packages\engines-py\.pdb_cache\4MNE,A
2761,ThermoMPNN,4MNE,0.5435975790023804,138,R,C,F:\GENESIS Studio\genesis-studio\packages\engines-py\.pdb_cache\4MNE,A
2762,ThermoMPNN,4MNE,1.2597947120666504,138,R,D,F:\GENESIS Studio\genesis-studio\packages\engines-py\.pdb_cache\4MNE,A
2763,ThermoMPNN,4MNE,1.0931410789489746,138,R,E,F:\GENESIS Studio\genesis-studio\packages\engines-py\.pdb_cache\4MNE,A
2764,ThermoMPNN,4MNE,0.9033735990524292,138,R,F,F:\GENESIS Studio\genesis-studio\packages\engines-py\.pdb_cache\4MNE,A
2765,ThermoMPNN,4MNE,0.966554582118988,138,R,G,F:\GENESIS Studio\genesis-studio\packages\engines-py\.pdb_cache\4MNE,A
2766,ThermoMPNN,4MNE,0.5301513671875,138,R,H,F:\GENESIS Studio\genesis-studio\packages\engines-py\.pdb_cache\4MNE,A
2767,ThermoMPNN,4MNE,1.2001116275787354,138,R,I,F:\GENESIS Studio\genesis-studio\packages\engines-py\.pdb_cache\4MNE,A
2768,ThermoMPNN,4MNE,0.25104451179504395,138,R,K,F:\GENESIS Studio\genesis-studio\packages\engines-py\.pdb_cache\4MNE,A
2769,ThermoMPNN,4MNE,0.7266286015510559,138,R,L,F:\GENESIS Studio\genesis-studio\packages\engines-py\.pdb_cache\4MNE,A
2770,ThermoMPNN,4MNE,0.7535019516944885,138,R,M,F:\GENESIS Studio\genesis-studio\packages\engines-py\.pdb_cache\4MNE,A
2771,ThermoMPNN,4MNE,0.44305360317230225,138,R,N,F:\GENESIS Studio\genesis-studio\packages\engines-py\.pdb_cache\4MNE,A
2772,ThermoMPNN,4MNE,2.5923502445220947,138,R,P,F:\GENESIS Studio\genesis-studio\packages\engines-py\.pdb_cache\4MNE,A
2773,ThermoMPNN,4MNE,0.6997134685516357,138,R,Q,F:\GENESIS Studio\genesis-studio\packages\engines-py\.pdb_cache\4MNE,A
2774,ThermoMPNN,4MNE,0.0,138,R,R,F:\GENESIS Studio\genesis-studio\packages\engines-py\.pdb_cache\4MNE,A
2775,ThermoMPNN,4MNE,0.7332718372344971,138,R,S,F:\GENESIS Studio\genesis-studio\packages\engines-py\.pdb_cache\4MNE,A
2776,ThermoMPNN,4MNE,0.9738481044769287,138,R,T,F:\GENESIS Studio\genesis-studio\packages\engines-py\.pdb_cache\4MNE,A
2777,ThermoMPNN,4MNE,1.1663415431976318,138,R,V,F:\GENESIS Studio\genesis-studio\packages\engines-py\.pdb_cache\4MNE,A
2778,ThermoMPNN,4MNE,1.1077526807785034,138,R,W,F:\GENESIS Studio\genesis-studio\packages\engines-py\.pdb_cache\4MNE,A
2779,ThermoMPNN,4MNE,0.9330700635910034,138,R,Y,F:\GENESIS Studio\genesis-studio\packages\engines-py\.pdb_cache\4MNE,A
2780,ThermoMPNN,4MNE,1.902428388595581,139,G,A,F:\GENESIS Studio\genesis-studio\packages\engines-py\.pdb_cache\4MNE,A
2781,ThermoMPNN,4MNE,1.6331849098205566,139,G,C,F:\GENESIS Studio\genesis-studio\packages\engines-py\.pdb_cache\4MNE,A
2782,ThermoMPNN,4MNE,2.613063097000122,139,G,D,F:\GENESIS Studio\genesis-studio\packages\engines-py\.pdb_cache\4MNE,A
2783,ThermoMPNN,4MNE,2.6790196895599365,139,G,E,F:\GENESIS Studio\genesis-studio\packages\engines-py\.pdb_cache\4MNE,A
2784,ThermoMPNN,4MNE,1.77483069896698,139,G,F,F:\GENESIS Studio\genesis-studio\packages\engines-py\.pdb_cache\4MNE,A
2785,ThermoMPNN,4MNE,0.0,139,G,G,F:\GENESIS Studio\genesis-studio\packages\engines-py\.pdb_cache\4MNE,A
2786,ThermoMPNN,4MNE,2.2767493724823,139,G,H,F:\GENESIS Studio\genesis-studio\packages\engines-py\.pdb_cache\4MNE,A
2787,ThermoMPNN,4MNE,2.3096296787261963,139,G,I,F:\GENESIS Studio\genesis-studio\packages\engines-py\.pdb_cache\4MNE,A
2788,ThermoMPNN,4MNE,2.540104389190674,139,G,K,F:\GENESIS Studio\genesis-studio\packages\engines-py\.pdb_cache\4MNE,A
2789,ThermoMPNN,4MNE,2.1772515773773193,139,G,L,F:\GENESIS Studio\genesis-studio\packages\engines-py\.pdb_cache\4MNE,A
2790,ThermoMPNN,4MNE,2.135570764541626,139,G,M,F:\GENESIS Studio\genesis-studio\packages\engines-py\.pdb_cache\4MNE,A
2791,ThermoMPNN,4MNE,2.5090980529785156,139,G,N,F:\GENESIS Studio\genesis-studio\packages\engines-py\.pdb_cache\4MNE,A
2792,ThermoMPNN,4MNE,2.458212375640869,139,G,P,F:\GENESIS Studio\genesis-studio\packages\engines-py\.pdb_cache\4MNE,A
2793,ThermoMPNN,4MNE,2.49202823638916,139,G,Q,F:\GENESIS Studio\genesis-studio\packages\engines-py\.pdb_cache\4MNE,A
2794,ThermoMPNN,4MNE,2.346304416656494,139,G,R,F:\GENESIS Studio\genesis-studio\packages\engines-py\.pdb_cache\4MNE,A
2795,ThermoMPNN,4MNE,2.271174430847168,139,G,S,F:\GENESIS Studio\genesis-studio\packages\engines-py\.pdb_cache\4MNE,A
2796,ThermoMPNN,4MNE,2.4095988273620605,139,G,T,F:\GENESIS Studio\genesis-studio\packages\engines-py\.pdb_cache\4MNE,A
2797,ThermoMPNN,4MNE,2.1953377723693848,139,G,V,F:\GENESIS Studio\genesis-studio\packages\engines-py\.pdb_cache\4MNE,A
2798,ThermoMPNN,4MNE,1.8427283763885498,139,G,W,F:\GENESIS Studio\genesis-studio\packages\engines-py\.pdb_cache\4MNE,A
2799,ThermoMPNN,4MNE,1.8788254261016846,139,G,Y,F:\GENESIS Studio\genesis-studio\packages\engines-py\.pdb_cache\4MNE,A
2800,ThermoMPNN,4MNE,0.9102144241333008,140,E,A,F:\GENESIS Studio\genesis-studio\packages\engines-py\.pdb_cache\4MNE,A
2801,ThermoMPNN,4MNE,0.766107976436615,140,E,C,F:\GENESIS Studio\genesis-studio\packages\engines-py\.pdb_cache\4MNE,A
2802,ThermoMPNN,4MNE,0.6328188180923462,140,E,D,F:\GENESIS Studio\genesis-studio\packages\engines-py\.pdb_cache\4MNE,A
2803,ThermoMPNN,4MNE,0.0,140,E,E,F:\GENESIS Studio\genesis-studio\packages\engines-py\.pdb_cache\4MNE,A
2804,ThermoMPNN,4MNE,1.2710347175598145,140,E,F,F:\GENESIS Studio\genesis-studio\packages\engines-py\.pdb_cache\4MNE,A
2805,ThermoMPNN,4MNE,1.1209017038345337,140,E,G,F:\GENESIS Studio\genesis-studio\packages\engines-py\.pdb_cache\4MNE,A
2806,ThermoMPNN,4MNE,1.052528738975525,140,E,H,F:\GENESIS Studio\genesis-studio\packages\engines-py\.pdb_cache\4MNE,A
2807,ThermoMPNN,4MNE,1.2857375144958496,140,E,I,F:\GENESIS Studio\genesis-studio\packages\engines-py\.pdb_cache\4MNE,A
2808,ThermoMPNN,4MNE,1.1837890148162842,140,E,K,F:\GENESIS Studio\genesis-studio\packages\engines-py\.pdb_cache\4MNE,A
2809,ThermoMPNN,4MNE,1.0553714036941528,140,E,L,F:\GENESIS Studio\genesis-studio\packages\engines-py\.pdb_cache\4MNE,A
2810,ThermoMPNN,4MNE,0.8441632390022278,140,E,M,F:\GENESIS Studio\genesis-studio\packages\engines-py\.pdb_cache\4MNE,A
2811,ThermoMPNN,4MNE,1.0581896305084229,140,E,N,F:\GENESIS Studio\genesis-studio\packages\engines-py\.pdb_cache\4MNE,A
2812,ThermoMPNN,4MNE,2.2348270416259766,140,E,P,F:\GENESIS Studio\genesis-studio\packages\engines-py\.pdb_cache\4MNE,A
2813,ThermoMPNN,4MNE,0.47376906871795654,140,E,Q,F:\GENESIS Studio\genesis-studio\packages\engines-py\.pdb_cache\4MNE,A
2814,ThermoMPNN,4MNE,1.291396141052246,140,E,R,F:\GENESIS Studio\genesis-studio\packages\engines-py\.pdb_cache\4MNE,A
2815,ThermoMPNN,4MNE,1.1775819063186646,140,E,S,F:\GENESIS Studio\genesis-studio\packages\engines-py\.pdb_cache\4MNE,A
2816,ThermoMPNN,4MNE,1.037360668182373,140,E,T,F:\GENESIS Studio\genesis-studio\packages\engines-py\.pdb_cache\4MNE,A
2817,ThermoMPNN,4MNE,1.2902913093566895,140,E,V,F:\GENESIS Studio\genesis-studio\packages\engines-py\.pdb_cache\4MNE,A
2818,ThermoMPNN,4MNE,1.235548973083496,140,E,W,F:\GENESIS Studio\genesis-studio\packages\engines-py\.pdb_cache\4MNE,A
2819,ThermoMPNN,4MNE,1.1640448570251465,140,E,Y,F:\GENESIS Studio\genesis-studio\packages\engines-py\.pdb_cache\4MNE,A
2820,ThermoMPNN,4MNE,1.18575918674469,141,I,A,F:\GENESIS Studio\genesis-studio\packages\engines-py\.pdb_cache\4MNE,A
2821,ThermoMPNN,4MNE,0.8406109809875488,141,I,C,F:\GENESIS Studio\genesis-studio\packages\engines-py\.pdb_cache\4MNE,A
2822,ThermoMPNN,4MNE,2.028198719024658,141,I,D,F:\GENESIS Studio\genesis-studio\packages\engines-py\.pdb_cache\4MNE,A
2823,ThermoMPNN,4MNE,2.2558295726776123,141,I,E,F:\GENESIS Studio\genesis-studio\packages\engines-py\.pdb_cache\4MNE,A
2824,ThermoMPNN,4MNE,0.8474193811416626,141,I,F,F:\GENESIS Studio\genesis-studio\packages\engines-py\.pdb_cache\4MNE,A
2825,ThermoMPNN,4MNE,1.7858703136444092,141,I,G,F:\GENESIS Studio\genesis-studio\packages\engines-py\.pdb_cache\4MNE,A
2826,ThermoMPNN,4MNE,1.930696964263916,141,I,H,F:\GENESIS Studio\genesis-studio\packages\engines-py\.pdb_cache\4MNE,A
2827,ThermoMPNN,4MNE,0.0,141,I,I,F:\GENESIS Studio\genesis-studio\packages\engines-py\.pdb_cache\4MNE,A
2828,ThermoMPNN,4MNE,2.0205514430999756,141,I,K,F:\GENESIS Studio\genesis-studio\packages\engines-py\.pdb_cache\4MNE,A
2829,ThermoMPNN,4MNE,0.8170512914657593,141,I,L,F:\GENESIS Studio\genesis-studio\packages\engines-py\.pdb_cache\4MNE,A
2830,ThermoMPNN,4MNE,0.900251030921936,141,I,M,F:\GENESIS Studio\genesis-studio\packages\engines-py\.pdb_cache\4MNE,A
2831,ThermoMPNN,4MNE,2.113934278488159,141,I,N,F:\GENESIS Studio\genesis-studio\packages\engines-py\.pdb_cache\4MNE,A
2832,ThermoMPNN,4MNE,1.766340970993042,141,I,P,F:\GENESIS Studio\genesis-studio\packages\engines-py\.pdb_cache\4MNE,A
2833,ThermoMPNN,4MNE,1.9792382717132568,141,I,Q,F:\GENESIS Studio\genesis-studio\packages\engines-py\.pdb_cache\4MNE,A
2834,ThermoMPNN,4MNE,2.0846428871154785,141,I,R,F:\GENESIS Studio\genesis-studio\packages\engines-py\.pdb_cache\4MNE,A
2835,ThermoMPNN,4MNE,1.5202301740646362,141,I,S,F:\GENESIS Studio\genesis-studio\packages\engines-py\.pdb_cache\4MNE,A
2836,ThermoMPNN,4MNE,1.2811379432678223,141,I,T,F:\GENESIS Studio\genesis-studio\packages\engines-py\.pdb_cache\4MNE,A
2837,ThermoMPNN,4MNE,0.3415694236755371,141,I,V,F:\GENESIS Studio\genesis-studio\packages\engines-py\.pdb_cache\4MNE,A
2838,ThermoMPNN,4MNE,1.0578975677490234,141,I,W,F:\GENESIS Studio\genesis-studio\packages\engines-py\.pdb_cache\4MNE,A
2839,ThermoMPNN,4MNE,1.219101071357727,141,I,Y,F:\GENESIS Studio\genesis-studio\packages\engines-py\.pdb_cache\4MNE,A
2840,ThermoMPNN,4MNE,0.7429537773132324,142,K,A,F:\GENESIS Studio\genesis-studio\packages\engines-py\.pdb_cache\4MNE,A
2841,ThermoMPNN,4MNE,0.21029448509216309,142,K,C,F:\GENESIS Studio\genesis-studio\packages\engines-py\.pdb_cache\4MNE,A
2842,ThermoMPNN,4MNE,2.528508186340332,142,K,D,F:\GENESIS Studio\genesis-studio\packages\engines-py\.pdb_cache\4MNE,A
2843,ThermoMPNN,4MNE,2.193617582321167,142,K,E,F:\GENESIS Studio\genesis-studio\packages\engines-py\.pdb_cache\4MNE,A
2844,ThermoMPNN,4MNE,0.8664399981498718,142,K,F,F:\GENESIS Studio\genesis-studio\packages\engines-py\.pdb_cache\4MNE,A
2845,ThermoMPNN,4MNE,1.0289732217788696,142,K,G,F:\GENESIS Studio\genesis-studio\packages\engines-py\.pdb_cache\4MNE,A
2846,ThermoMPNN,4MNE,1.018744707107544,142,K,H,F:\GENESIS Studio\genesis-studio\packages\engines-py\.pdb_cache\4MNE,A
2847,ThermoMPNN,4MNE,1.1432864665985107,142,K,I,F:\GENESIS Studio\genesis-studio\packages\engines-py\.pdb_cache\4MNE,A
2848,ThermoMPNN,4MNE,0.0,142,K,K,F:\GENESIS Studio\genesis-studio\packages\engines-py\.pdb_cache\4MNE,A
2849,ThermoMPNN,4MNE,0.6858906149864197,142,K,L,F:\GENESIS Studio\genesis-studio\packages\engines-py\.pdb_cache\4MNE,A
2850,ThermoMPNN,4MNE,0.6815478205680847,142,K,M,F:\GENESIS Studio\genesis-studio\packages\engines-py\.pdb_cache\4MNE,A
2851,ThermoMPNN,4MNE,1.445645809173584,142,K,N,F:\GENESIS Studio\genesis-studio\packages\engines-py\.pdb_cache\4MNE,A
2852,ThermoMPNN,4MNE,2.2809998989105225,142,K,P,F:\GENESIS Studio\genesis-studio\packages\engines-py\.pdb_cache\4MNE,A
2853,ThermoMPNN,4MNE,0.839287281036377,142,K,Q,F:\GENESIS Studio\genesis-studio\packages\engines-py\.pdb_cache\4MNE,A
2854,ThermoMPNN,4MNE,0.0349879264831543,142,K,R,F:\GENESIS Studio\genesis-studio\packages\engines-py\.pdb_cache\4MNE,A
2855,ThermoMPNN,4MNE,1.129827618598938,142,K,S,F:\GENESIS Studio\genesis-studio\packages\engines-py\.pdb_cache\4MNE,A
2856,ThermoMPNN,4MNE,1.413600206375122,142,K,T,F:\GENESIS Studio\genesis-studio\packages\engines-py\.pdb_cache\4MNE,A
2857,ThermoMPNN,4MNE,0.6259216666221619,142,K,V,F:\GENESIS Studio\genesis-studio\packages\engines-py\.pdb_cache\4MNE,A
2858,ThermoMPNN,4MNE,1.1937897205352783,142,K,W,F:\GENESIS Studio\genesis-studio\packages\engines-py\.pdb_cache\4MNE,A
2859,ThermoMPNN,4MNE,0.9256749749183655,142,K,Y,F:\GENESIS Studio\genesis-studio\packages\engines-py\.pdb_cache\4MNE,A
2860,ThermoMPNN,4MNE,2.526428461074829,143,L,A,F:\GENESIS Studio\genesis-studio\packages\engines-py\.pdb_cache\4MNE,A
2861,ThermoMPNN,4MNE,1.5379602909088135,143,L,C,F:\GENESIS Studio\genesis-studio\packages\engines-py\.pdb_cache\4MNE,A
2862,ThermoMPNN,4MNE,3.2727060317993164,143,L,D,F:\GENESIS Studio\genesis-studio\packages\engines-py\.pdb_cache\4MNE,A
2863,ThermoMPNN,4MNE,2.957813024520874,143,L,E,F:\GENESIS Studio\genesis-studio\packages\engines-py\.pdb_cache\4MNE,A
2864,ThermoMPNN,4MNE,1.2888545989990234,143,L,F,F:\GENESIS Studio\genesis-studio\packages\engines-py\.pdb_cache\4MNE,A
2865,ThermoMPNN,4MNE,2.5884971618652344,143,L,G,F:\GENESIS Studio\genesis-studio\packages\engines-py\.pdb_cache\4MNE,A
2866,ThermoMPNN,4MNE,2.8314664363861084,143,L,H,F:\GENESIS Studio\genesis-studio\packages\engines-py\.pdb_cache\4MNE,A
2867,ThermoMPNN,4MNE,0.8187203407287598,143,L,I,F:\GENESIS Studio\genesis-studio\packages\engines-py\.pdb_cache\4MNE,A
2868,ThermoMPNN,4MNE,2.8359808921813965,143,L,K,F:\GENESIS Studio\genesis-studio\packages\engines-py\.pdb_cache\4MNE,A
2869,ThermoMPNN,4MNE,0.0,143,L,L,F:\GENESIS Studio\genesis-studio\packages\engines-py\.pdb_cache\4MNE,A
2870,ThermoMPNN,4MNE,0.8776600360870361,143,L,M,F:\GENESIS Studio\genesis-studio\packages\engines-py\.pdb_cache\4MNE,A
2871,ThermoMPNN,4MNE,2.942744493484497,143,L,N,F:\GENESIS Studio\genesis-studio\packages\engines-py\.pdb_cache\4MNE,A
2872,ThermoMPNN,4MNE,3.245286703109741,143,L,P,F:\GENESIS Studio\genesis-studio\packages\engines-py\.pdb_cache\4MNE,A
2873,ThermoMPNN,4MNE,2.879526138305664,143,L,Q,F:\GENESIS Studio\genesis-studio\packages\engines-py\.pdb_cache\4MNE,A
2874,ThermoMPNN,4MNE,2.764101028442383,143,L,R,F:\GENESIS Studio\genesis-studio\packages\engines-py\.pdb_cache\4MNE,A
2875,ThermoMPNN,4MNE,2.902290105819702,143,L,S,F:\GENESIS Studio\genesis-studio\packages\engines-py\.pdb_cache\4MNE,A
2876,ThermoMPNN,4MNE,2.6693928241729736,143,L,T,F:\GENESIS Studio\genesis-studio\packages\engines-py\.pdb_cache\4MNE,A
2877,ThermoMPNN,4MNE,1.489281415939331,143,L,V,F:\GENESIS Studio\genesis-studio\packages\engines-py\.pdb_cache\4MNE,A
2878,ThermoMPNN,4MNE,2.101468801498413,143,L,W,F:\GENESIS Studio\genesis-studio\packages\engines-py\.pdb_cache\4MNE,A
2879,ThermoMPNN,4MNE,1.9981340169906616,143,L,Y,F:\GENESIS Studio\genesis-studio\packages\engines-py\.pdb_cache\4MNE,A
2880,ThermoMPNN,4MNE,-0.12639915943145752,144,C,A,F:\GENESIS Studio\genesis-studio\packages\engines-py\.pdb_cache\4MNE,A
2881,ThermoMPNN,4MNE,0.0,144,C,C,F:\GENESIS Studio\genesis-studio\packages\engines-py\.pdb_cache\4MNE,A
2882,ThermoMPNN,4MNE,1.1755437850952148,144,C,D,F:\GENESIS Studio\genesis-studio\packages\engines-py\.pdb_cache\4MNE,A
2883,ThermoMPNN,4MNE,1.1622045040130615,144,C,E,F:\GENESIS Studio\genesis-studio\packages\engines-py\.pdb_cache\4MNE,A
2884,ThermoMPNN,4MNE,0.18587732315063477,144,C,F,F:\GENESIS Studio\genesis-studio\packages\engines-py\.pdb_cache\4MNE,A
2885,ThermoMPNN,4MNE,0.4495052099227905,144,C,G,F:\GENESIS Studio\genesis-studio\packages\engines-py\.pdb_cache\4MNE,A
2886,ThermoMPNN,4MNE,0.9507784843444824,144,C,H,F:\GENESIS Studio\genesis-studio\packages\engines-py\.pdb_cache\4MNE,A
2887,ThermoMPNN,4MNE,-0.15437674522399902,144,C,I,F:\GENESIS Studio\genesis-studio\packages\engines-py\.pdb_cache\4MNE,A
2888,ThermoMPNN,4MNE,0.8453873991966248,144,C,K,F:\GENESIS Studio\genesis-studio\packages\engines-py\.pdb_cache\4MNE,A
2889,ThermoMPNN,4MNE,0.1857539415359497,144,C,L,F:\GENESIS Studio\genesis-studio\packages\engines-py\.pdb_cache\4MNE,A
2890,ThermoMPNN,4MNE,-0.010171055793762207,144,C,M,F:\GENESIS Studio\genesis-studio\packages\engines-py\.pdb_cache\4MNE,A
2891,ThermoMPNN,4MNE,1.095959186553955,144,C,N,F:\GENESIS Studio\genesis-studio\packages\engines-py\.pdb_cache\4MNE,A
2892,ThermoMPNN,4MNE,1.779958724975586,144,C,P,F:\GENESIS Studio\genesis-studio\packages\engines-py\.pdb_cache\4MNE,A
2893,ThermoMPNN,4MNE,0.5469851493835449,144,C,Q,F:\GENESIS Studio\genesis-studio\packages\engines-py\.pdb_cache\4MNE,A
2894,ThermoMPNN,4MNE,0.8519769906997681,144,C,R,F:\GENESIS Studio\genesis-studio\packages\engines-py\.pdb_cache\4MNE,A
2895,ThermoMPNN,4MNE,0.22097545862197876,144,C,S,F:\GENESIS Studio\genesis-studio\packages\engines-py\.pdb_cache\4MNE,A
2896,ThermoMPNN,4MNE,0.1443985104560852,144,C,T,F:\GENESIS Studio\genesis-studio\packages\engines-py\.pdb_cache\4MNE,A
2897,ThermoMPNN,4MNE,0.028652548789978027,144,C,V,F:\GENESIS Studio\genesis-studio\packages\engines-py\.pdb_cache\4MNE,A
2898,ThermoMPNN,4MNE,0.7101195454597473,144,C,W,F:\GENESIS Studio\genesis-studio\packages\engines-py\.pdb_cache\4MNE,A
2899,ThermoMPNN,4MNE,0.6925585865974426,144,C,Y,F:\GENESIS Studio\genesis-studio\packages\engines-py\.pdb_cache\4MNE,A
2900,ThermoMPNN,4MNE,0.23190081119537354,145,D,A,F:\GENESIS Studio\genesis-studio\packages\engines-py\.pdb_cache\4MNE,A
2901,ThermoMPNN,4MNE,-0.03293895721435547,145,D,C,F:\GENESIS Studio\genesis-studio\packages\engines-py\.pdb_cache\4MNE,A
2902,ThermoMPNN,4MNE,0.0,145,D,D,F:\GENESIS Studio\genesis-studio\packages\engines-py\.pdb_cache\4MNE,A
2903,ThermoMPNN,4MNE,0.83116215467453,145,D,E,F:\GENESIS Studio\genesis-studio\packages\engines-py\.pdb_cache\4MNE,A
2904,ThermoMPNN,4MNE,0.2542980909347534,145,D,F,F:\GENESIS Studio\genesis-studio\packages\engines-py\.pdb_cache\4MNE,A
2905,ThermoMPNN,4MNE,1.295689344406128,145,D,G,F:\GENESIS Studio\genesis-studio\packages\engines-py\.pdb_cache\4MNE,A
2906,ThermoMPNN,4MNE,0.6959574222564697,145,D,H,F:\GENESIS Studio\genesis-studio\packages\engines-py\.pdb_cache\4MNE,A
2907,ThermoMPNN,4MNE,0.617633581161499,145,D,I,F:\GENESIS Studio\genesis-studio\packages\engines-py\.pdb_cache\4MNE,A
2908,ThermoMPNN,4MNE,1.2390745878219604,145,D,K,F:\GENESIS Studio\genesis-studio\packages\engines-py\.pdb_cache\4MNE,A
2909,ThermoMPNN,4MNE,0.5865423679351807,145,D,L,F:\GENESIS Studio\genesis-studio\packages\engines-py\.pdb_cache\4MNE,A
2910,ThermoMPNN,4MNE,0.5192248821258545,145,D,M,F:\GENESIS Studio\genesis-studio\packages\engines-py\.pdb_cache\4MNE,A
2911,ThermoMPNN,4MNE,0.8947139978408813,145,D,N,F:\GENESIS Studio\genesis-studio\packages\engines-py\.pdb_cache\4MNE,A
2912,ThermoMPNN,4MNE,1.622600793838501,145,D,P,F:\GENESIS Studio\genesis-studio\packages\engines-py\.pdb_cache\4MNE,A
2913,ThermoMPNN,4MNE,0.6644905805587769,145,D,Q,F:\GENESIS Studio\genesis-studio\packages\engines-py\.pdb_cache\4MNE,A
2914,ThermoMPNN,4MNE,1.2756962776184082,145,D,R,F:\GENESIS Studio\genesis-studio\packages\engines-py\.pdb_cache\4MNE,A
2915,ThermoMPNN,4MNE,0.5019898414611816,145,D,S,F:\GENESIS Studio\genesis-studio\packages\engines-py\.pdb_cache\4MNE,A
2916,ThermoMPNN,4MNE,0.9751842617988586,145,D,T,F:\GENESIS Studio\genesis-studio\packages\engines-py\.pdb_cache\4MNE,A
2917,ThermoMPNN,4MNE,0.7285729646682739,145,D,V,F:\GENESIS Studio\genesis-studio\packages\engines-py\.pdb_cache\4MNE,A
2918,ThermoMPNN,4MNE,-0.09731054306030273,145,D,W,F:\GENESIS Studio\genesis-studio\packages\engines-py\.pdb_cache\4MNE,A
2919,ThermoMPNN,4MNE,0.26038604974746704,145,D,Y,F:\GENESIS Studio\genesis-studio\packages\engines-py\.pdb_cache\4MNE,A
2920,ThermoMPNN,4MNE,1.590415596961975,146,F,A,F:\GENESIS Studio\genesis-studio\packages\engines-py\.pdb_cache\4MNE,A
2921,ThermoMPNN,4MNE,1.1035690307617188,146,F,C,F:\GENESIS Studio\genesis-studio\packages\engines-py\.pdb_cache\4MNE,A
2922,ThermoMPNN,4MNE,2.4637699127197266,146,F,D,F:\GENESIS Studio\genesis-studio\packages\engines-py\.pdb_cache\4MNE,A
2923,ThermoMPNN,4MNE,2.641871690750122,146,F,E,F:\GENESIS Studio\genesis-studio\packages\engines-py\.pdb_cache\4MNE,A
2924,ThermoMPNN,4MNE,0.0,146,F,F,F:\GENESIS Studio\genesis-studio\packages\engines-py\.pdb_cache\4MNE,A
2925,ThermoMPNN,4MNE,1.6614876985549927,146,F,G,F:\GENESIS Studio\genesis-studio\packages\engines-py\.pdb_cache\4MNE,A
2926,ThermoMPNN,4MNE,2.244427442550659,146,F,H,F:\GENESIS Studio\genesis-studio\packages\engines-py\.pdb_cache\4MNE,A
2927,ThermoMPNN,4MNE,1.1109647750854492,146,F,I,F:\GENESIS Studio\genesis-studio\packages\engines-py\.pdb_cache\4MNE,A
2928,ThermoMPNN,4MNE,2.3453409671783447,146,F,K,F:\GENESIS Studio\genesis-studio\packages\engines-py\.pdb_cache\4MNE,A
2929,ThermoMPNN,4MNE,1.0855458974838257,146,F,L,F:\GENESIS Studio\genesis-studio\packages\engines-py\.pdb_cache\4MNE,A
2930,ThermoMPNN,4MNE,0.8988701105117798,146,F,M,F:\GENESIS Studio\genesis-studio\packages\engines-py\.pdb_cache\4MNE,A
2931,ThermoMPNN,4MNE,2.384354591369629,146,F,N,F:\GENESIS Studio\genesis-studio\packages\engines-py\.pdb_cache\4MNE,A
2932,ThermoMPNN,4MNE,1.7661126852035522,146,F,P,F:\GENESIS Studio\genesis-studio\packages\engines-py\.pdb_cache\4MNE,A
2933,ThermoMPNN,4MNE,2.322035551071167,146,F,Q,F:\GENESIS Studio\genesis-studio\packages\engines-py\.pdb_cache\4MNE,A
2934,ThermoMPNN,4MNE,2.2676661014556885,146,F,R,F:\GENESIS Studio\genesis-studio\packages\engines-py\.pdb_cache\4MNE,A
2935,ThermoMPNN,4MNE,1.9798681735992432,146,F,S,F:\GENESIS Studio\genesis-studio\packages\engines-py\.pdb_cache\4MNE,A
2936,ThermoMPNN,4MNE,2.19864821434021,146,F,T,F:\GENESIS Studio\genesis-studio\packages\engines-py\.pdb_cache\4MNE,A
2937,ThermoMPNN,4MNE,1.4150725603103638,146,F,V,F:\GENESIS Studio\genesis-studio\packages\engines-py\.pdb_cache\4MNE,A
2938,ThermoMPNN,4MNE,1.4602079391479492,146,F,W,F:\GENESIS Studio\genesis-studio\packages\engines-py\.pdb_cache\4MNE,A
2939,ThermoMPNN,4MNE,1.4725630283355713,146,F,Y,F:\GENESIS Studio\genesis-studio\packages\engines-py\.pdb_cache\4MNE,A
2940,ThermoMPNN,4MNE,0.1857062578201294,147,G,A,F:\GENESIS Studio\genesis-studio\packages\engines-py\.pdb_cache\4MNE,A
2941,ThermoMPNN,4MNE,0.16692543029785156,147,G,C,F:\GENESIS Studio\genesis-studio\packages\engines-py\.pdb_cache\4MNE,A
2942,ThermoMPNN,4MNE,0.9037038683891296,147,G,D,F:\GENESIS Studio\genesis-studio\packages\engines-py\.pdb_cache\4MNE,A
2943,ThermoMPNN,4MNE,0.8601698875427246,147,G,E,F:\GENESIS Studio\genesis-studio\packages\engines-py\.pdb_cache\4MNE,A
2944,ThermoMPNN,4MNE,0.49179625511169434,147,G,F,F:\GENESIS Studio\genesis-studio\packages\engines-py\.pdb_cache\4MNE,A
2945,ThermoMPNN,4MNE,0.0,147,G,G,F:\GENESIS Studio\genesis-studio\packages\engines-py\.pdb_cache\4MNE,A
2946,ThermoMPNN,4MNE,0.5953335762023926,147,G,H,F:\GENESIS Studio\genesis-studio\packages\engines-py\.pdb_cache\4MNE,A
2947,ThermoMPNN,4MNE,1.1869525909423828,147,G,I,F:\GENESIS Studio\genesis-studio\packages\engines-py\.pdb_cache\4MNE,A
2948,ThermoMPNN,4MNE,0.8675148487091064,147,G,K,F:\GENESIS Studio\genesis-studio\packages\engines-py\.pdb_cache\4MNE,A
2949,ThermoMPNN,4MNE,0.8644739985466003,147,G,L,F:\GENESIS Studio\genesis-studio\packages\engines-py\.pdb_cache\4MNE,A
2950,ThermoMPNN,4MNE,0.5366922616958618,147,G,M,F:\GENESIS Studio\genesis-studio\packages\engines-py\.pdb_cache\4MNE,A
2951,ThermoMPNN,4MNE,0.7584460973739624,147,G,N,F:\GENESIS Studio\genesis-studio\packages\engines-py\.pdb_cache\4MNE,A
2952,ThermoMPNN,4MNE,1.8854455947875977,147,G,P,F:\GENESIS Studio\genesis-studio\packages\engines-py\.pdb_cache\4MNE,A
2953,ThermoMPNN,4MNE,0.5818519592285156,147,G,Q,F:\GENESIS Studio\genesis-studio\packages\engines-py\.pdb_cache\4MNE,A
2954,ThermoMPNN,4MNE,0.8964142203330994,147,G,R,F:\GENESIS Studio\genesis-studio\packages\engines-py\.pdb_cache\4MNE,A
2955,ThermoMPNN,4MNE,0.5458670258522034,147,G,S,F:\GENESIS Studio\genesis-studio\packages\engines-py\.pdb_cache\4MNE,A
2956,ThermoMPNN,4MNE,0.9306385517120361,147,G,T,F:\GENESIS Studio\genesis-studio\packages\engines-py\.pdb_cache\4MNE,A
2957,ThermoMPNN,4MNE,1.1157370805740356,147,G,V,F:\GENESIS Studio\genesis-studio\packages\engines-py\.pdb_cache\4MNE,A
2958,ThermoMPNN,4MNE,0.39338958263397217,147,G,W,F:\GENESIS Studio\genesis-studio\packages\engines-py\.pdb_cache\4MNE,A
2959,ThermoMPNN,4MNE,0.3493195176124573,147,G,Y,F:\GENESIS Studio\genesis-studio\packages\engines-py\.pdb_cache\4MNE,A
2960,ThermoMPNN,4MNE,0.5389177799224854,148,V,A,F:\GENESIS Studio\genesis-studio\packages\engines-py\.pdb_cache\4MNE,A
2961,ThermoMPNN,4MNE,0.20381450653076172,148,V,C,F:\GENESIS Studio\genesis-studio\packages\engines-py\.pdb_cache\4MNE,A
2962,ThermoMPNN,4MNE,1.2964544296264648,148,V,D,F:\GENESIS Studio\genesis-studio\packages\engines-py\.pdb_cache\4MNE,A
2963,ThermoMPNN,4MNE,1.7614336013793945,148,V,E,F:\GENESIS Studio\genesis-studio\packages\engines-py\.pdb_cache\4MNE,A
2964,ThermoMPNN,4MNE,0.33256399631500244,148,V,F,F:\GENESIS Studio\genesis-studio\packages\engines-py\.pdb_cache\4MNE,A
2965,ThermoMPNN,4MNE,1.4268544912338257,148,V,G,F:\GENESIS Studio\genesis-studio\packages\engines-py\.pdb_cache\4MNE,A
2966,ThermoMPNN,4MNE,1.087507724761963,148,V,H,F:\GENESIS Studio\genesis-studio\packages\engines-py\.pdb_cache\4MNE,A
2967,ThermoMPNN,4MNE,0.031053900718688965,148,V,I,F:\GENESIS Studio\genesis-studio\packages\engines-py\.pdb_cache\4MNE,A
2968,ThermoMPNN,4MNE,1.6505324840545654,148,V,K,F:\GENESIS Studio\genesis-studio\packages\engines-py\.pdb_cache\4MNE,A
2969,ThermoMPNN,4MNE,0.2894313335418701,148,V,L,F:\GENESIS Studio\genesis-studio\packages\engines-py\.pdb_cache\4MNE,A
2970,ThermoMPNN,4MNE,0.6186690926551819,148,V,M,F:\GENESIS Studio\genesis-studio\packages\engines-py\.pdb_cache\4MNE,A
2971,ThermoMPNN,4MNE,1.2855052947998047,148,V,N,F:\GENESIS Studio\genesis-studio\packages\engines-py\.pdb_cache\4MNE,A
2972,ThermoMPNN,4MNE,0.8906824588775635,148,V,P,F:\GENESIS Studio\genesis-studio\packages\engines-py\.pdb_cache\4MNE,A
2973,ThermoMPNN,4MNE,1.5134717226028442,148,V,Q,F:\GENESIS Studio\genesis-studio\packages\engines-py\.pdb_cache\4MNE,A
2974,ThermoMPNN,4MNE,1.8084144592285156,148,V,R,F:\GENESIS Studio\genesis-studio\packages\engines-py\.pdb_cache\4MNE,A
2975,ThermoMPNN,4MNE,1.0946139097213745,148,V,S,F:\GENESIS Studio\genesis-studio\packages\engines-py\.pdb_cache\4MNE,A
2976,ThermoMPNN,4MNE,1.0772316455841064,148,V,T,F:\GENESIS Studio\genesis-studio\packages\engines-py\.pdb_cache\4MNE,A
2977,ThermoMPNN,4MNE,0.0,148,V,V,F:\GENESIS Studio\genesis-studio\packages\engines-py\.pdb_cache\4MNE,A
2978,ThermoMPNN,4MNE,0.2791624069213867,148,V,W,F:\GENESIS Studio\genesis-studio\packages\engines-py\.pdb_cache\4MNE,A
2979,ThermoMPNN,4MNE,0.40842360258102417,148,V,Y,F:\GENESIS Studio\genesis-studio\packages\engines-py\.pdb_cache\4MNE,A
2980,ThermoMPNN,4MNE,-0.12491846084594727,149,S,A,F:\GENESIS Studio\genesis-studio\packages\engines-py\.pdb_cache\4MNE,A
2981,ThermoMPNN,4MNE,0.08220946788787842,149,S,C,F:\GENESIS Studio\genesis-studio\packages\engines-py\.pdb_cache\4MNE,A
2982,ThermoMPNN,4MNE,1.3413777351379395,149,S,D,F:\GENESIS Studio\genesis-studio\packages\engines-py\.pdb_cache\4MNE,A
2983,ThermoMPNN,4MNE,1.0381420850753784,149,S,E,F:\GENESIS Studio\genesis-studio\packages\engines-py\.pdb_cache\4MNE,A
2984,ThermoMPNN,4MNE,0.7874783277511597,149,S,F,F:\GENESIS Studio\genesis-studio\packages\engines-py\.pdb_cache\4MNE,A
2985,ThermoMPNN,4MNE,0.7766484022140503,149,S,G,F:\GENESIS Studio\genesis-studio\packages\engines-py\.pdb_cache\4MNE,A
2986,ThermoMPNN,4MNE,1.3918958902359009,149,S,H,F:\GENESIS Studio\genesis-studio\packages\engines-py\.pdb_cache\4MNE,A
2987,ThermoMPNN,4MNE,0.5843597650527954,149,S,I,F:\GENESIS Studio\genesis-studio\packages\engines-py\.pdb_cache\4MNE,A
2988,ThermoMPNN,4MNE,1.1254796981811523,149,S,K,F:\GENESIS Studio\genesis-studio\packages\engines-py\.pdb_cache\4MNE,A
2989,ThermoMPNN,4MNE,0.9358763694763184,149,S,L,F:\GENESIS Studio\genesis-studio\packages\engines-py\.pdb_cache\4MNE,A
2990,ThermoMPNN,4MNE,0.7703561186790466,149,S,M,F:\GENESIS Studio\genesis-studio\packages\engines-py\.pdb_cache\4MNE,A
2991,ThermoMPNN,4MNE,1.3405884504318237,149,S,N,F:\GENESIS Studio\genesis-studio\packages\engines-py\.pdb_cache\4MNE,A
2992,ThermoMPNN,4MNE,0.41240519285202026,149,S,P,F:\GENESIS Studio\genesis-studio\packages\engines-py\.pdb_cache\4MNE,A
2993,ThermoMPNN,4MNE,1.1113377809524536,149,S,Q,F:\GENESIS Studio\genesis-studio\packages\engines-py\.pdb_cache\4MNE,A
2994,ThermoMPNN,4MNE,1.3317400217056274,149,S,R,F:\GENESIS Studio\genesis-studio\packages\engines-py\.pdb_cache\4MNE,A
2995,ThermoMPNN,4MNE,0.0,149,S,S,F:\GENESIS Studio\genesis-studio\packages\engines-py\.pdb_cache\4MNE,A
2996,ThermoMPNN,4MNE,0.6606019735336304,149,S,T,F:\GENESIS Studio\genesis-studio\packages\engines-py\.pdb_cache\4MNE,A
2997,ThermoMPNN,4MNE,0.33684808015823364,149,S,V,F:\GENESIS Studio\genesis-studio\packages\engines-py\.pdb_cache\4MNE,A
2998,ThermoMPNN,4MNE,0.8675068616867065,149,S,W,F:\GENESIS Studio\genesis-studio\packages\engines-py\.pdb_cache\4MNE,A
2999,ThermoMPNN,4MNE,1.1965429782867432,149,S,Y,F:\GENESIS Studio\genesis-studio\packages\engines-py\.pdb_cache\4MNE,A
3000,ThermoMPNN,4MNE,-0.11203658580780029,150,G,A,F:\GENESIS Studio\genesis-studio\packages\engines-py\.pdb_cache\4MNE,A
3001,ThermoMPNN,4MNE,-0.21342498064041138,150,G,C,F:\GENESIS Studio\genesis-studio\packages\engines-py\.pdb_cache\4MNE,A
3002,ThermoMPNN,4MNE,0.19538897275924683,150,G,D,F:\GENESIS Studio\genesis-studio\packages\engines-py\.pdb_cache\4MNE,A
3003,ThermoMPNN,4MNE,0.037212908267974854,150,G,E,F:\GENESIS Studio\genesis-studio\packages\engines-py\.pdb_cache\4MNE,A
3004,ThermoMPNN,4MNE,0.06134551763534546,150,G,F,F:\GENESIS Studio\genesis-studio\packages\engines-py\.pdb_cache\4MNE,A
3005,ThermoMPNN,4MNE,0.0,150,G,G,F:\GENESIS Studio\genesis-studio\packages\engines-py\.pdb_cache\4MNE,A
3006,ThermoMPNN,4MNE,-0.044155657291412354,150,G,H,F:\GENESIS Studio\genesis-studio\packages\engines-py\.pdb_cache\4MNE,A
3007,ThermoMPNN,4MNE,0.038177669048309326,150,G,I,F:\GENESIS Studio\genesis-studio\packages\engines-py\.pdb_cache\4MNE,A
3008,ThermoMPNN,4MNE,-0.2884759306907654,150,G,K,F:\GENESIS Studio\genesis-studio\packages\engines-py\.pdb_cache\4MNE,A
3009,ThermoMPNN,4MNE,0.08488976955413818,150,G,L,F:\GENESIS Studio\genesis-studio\packages\engines-py\.pdb_cache\4MNE,A
3010,ThermoMPNN,4MNE,0.14638298749923706,150,G,M,F:\GENESIS Studio\genesis-studio\packages\engines-py\.pdb_cache\4MNE,A
3011,ThermoMPNN,4MNE,-0.02010321617126465,150,G,N,F:\GENESIS Studio\genesis-studio\packages\engines-py\.pdb_cache\4MNE,A
3012,ThermoMPNN,4MNE,-0.0771181583404541,150,G,P,F:\GENESIS Studio\genesis-studio\packages\engines-py\.pdb_cache\4MNE,A
3013,ThermoMPNN,4MNE,-0.09207719564437866,150,G,Q,F:\GENESIS Studio\genesis-studio\packages\engines-py\.pdb_cache\4MNE,A
3014,ThermoMPNN,4MNE,-0.1554098129272461,150,G,R,F:\GENESIS Studio\genesis-studio\packages\engines-py\.pdb_cache\4MNE,A
3015,ThermoMPNN,4MNE,-0.16015928983688354,150,G,S,F:\GENESIS Studio\genesis-studio\packages\engines-py\.pdb_cache\4MNE,A
3016,ThermoMPNN,4MNE,-0.0580788254737854,150,G,T,F:\GENESIS Studio\genesis-studio\packages\engines-py\.pdb_cache\4MNE,A
3017,ThermoMPNN,4MNE,0.07283854484558105,150,G,V,F:\GENESIS Studio\genesis-studio\packages\engines-py\.pdb_cache\4MNE,A
3018,ThermoMPNN,4MNE,0.18867963552474976,150,G,W,F:\GENESIS Studio\genesis-studio\packages\engines-py\.pdb_cache\4MNE,A
3019,ThermoMPNN,4MNE,0.09403133392333984,150,G,Y,F:\GENESIS Studio\genesis-studio\packages\engines-py\.pdb_cache\4MNE,A
3020,ThermoMPNN,4MNE,0.08825749158859253,151,Q,A,F:\GENESIS Studio\genesis-studio\packages\engines-py\.pdb_cache\4MNE,A
3021,ThermoMPNN,4MNE,-0.09553766250610352,151,Q,C,F:\GENESIS Studio\genesis-studio\packages\engines-py\.pdb_cache\4MNE,A
3022,ThermoMPNN,4MNE,1.1256790161132812,151,Q,D,F:\GENESIS Studio\genesis-studio\packages\engines-py\.pdb_cache\4MNE,A
3023,ThermoMPNN,4MNE,0.9335957765579224,151,Q,E,F:\GENESIS Studio\genesis-studio\packages\engines-py\.pdb_cache\4MNE,A
3024,ThermoMPNN,4MNE,0.30711203813552856,151,Q,F,F:\GENESIS Studio\genesis-studio\packages\engines-py\.pdb_cache\4MNE,A
3025,ThermoMPNN,4MNE,0.8352751135826111,151,Q,G,F:\GENESIS Studio\genesis-studio\packages\engines-py\.pdb_cache\4MNE,A
3026,ThermoMPNN,4MNE,0.11220431327819824,151,Q,H,F:\GENESIS Studio\genesis-studio\packages\engines-py\.pdb_cache\4MNE,A
3027,ThermoMPNN,4MNE,0.05181688070297241,151,Q,I,F:\GENESIS Studio\genesis-studio\packages\engines-py\.pdb_cache\4MNE,A
3028,ThermoMPNN,4MNE,-0.2103414535522461,151,Q,K,F:\GENESIS Studio\genesis-studio\packages\engines-py\.pdb_cache\4MNE,A
3029,ThermoMPNN,4MNE,0.2283637523651123,151,Q,L,F:\GENESIS Studio\genesis-studio\packages\engines-py\.pdb_cache\4MNE,A
3030,ThermoMPNN,4MNE,0.01667642593383789,151,Q,M,F:\GENESIS Studio\genesis-studio\packages\engines-py\.pdb_cache\4MNE,A
3031,ThermoMPNN,4MNE,0.3718181848526001,151,Q,N,F:\GENESIS Studio\genesis-studio\packages\engines-py\.pdb_cache\4MNE,A
3032,ThermoMPNN,4MNE,1.7491157054901123,151,Q,P,F:\GENESIS Studio\genesis-studio\packages\engines-py\.pdb_cache\4MNE,A
3033,ThermoMPNN,4MNE,0.0,151,Q,Q,F:\GENESIS Studio\genesis-studio\packages\engines-py\.pdb_cache\4MNE,A
3034,ThermoMPNN,4MNE,-0.2864025831222534,151,Q,R,F:\GENESIS Studio\genesis-studio\packages\engines-py\.pdb_cache\4MNE,A
3035,ThermoMPNN,4MNE,-0.2225402593612671,151,Q,S,F:\GENESIS Studio\genesis-studio\packages\engines-py\.pdb_cache\4MNE,A
3036,ThermoMPNN,4MNE,-0.5154403448104858,151,Q,T,F:\GENESIS Studio\genesis-studio\packages\engines-py\.pdb_cache\4MNE,A
3037,ThermoMPNN,4MNE,-0.054246604442596436,151,Q,V,F:\GENESIS Studio\genesis-studio\packages\engines-py\.pdb_cache\4MNE,A
3038,ThermoMPNN,4MNE,0.4752654731273651,151,Q,W,F:\GENESIS Studio\genesis-studio\packages\engines-py\.pdb_cache\4MNE,A
3039,ThermoMPNN,4MNE,0.26128876209259033,151,Q,Y,F:\GENESIS Studio\genesis-studio\packages\engines-py\.pdb_cache\4MNE,A
3040,ThermoMPNN,4MNE,2.1829957962036133,152,L,A,F:\GENESIS Studio\genesis-studio\packages\engines-py\.pdb_cache\4MNE,A
3041,ThermoMPNN,4MNE,1.420366883277893,152,L,C,F:\GENESIS Studio\genesis-studio\packages\engines-py\.pdb_cache\4MNE,A
3042,ThermoMPNN,4MNE,3.137962818145752,152,L,D,F:\GENESIS Studio\genesis-studio\packages\engines-py\.pdb_cache\4MNE,A
3043,ThermoMPNN,4MNE,2.647178888320923,152,L,E,F:\GENESIS Studio\genesis-studio\packages\engines-py\.pdb_cache\4MNE,A
3044,ThermoMPNN,4MNE,1.5747368335723877,152,L,F,F:\GENESIS Studio\genesis-studio\packages\engines-py\.pdb_cache\4MNE,A
3045,ThermoMPNN,4MNE,3.104675769805908,152,L,G,F:\GENESIS Studio\genesis-studio\packages\engines-py\.pdb_cache\4MNE,A
3046,ThermoMPNN,4MNE,2.790816307067871,152,L,H,F:\GENESIS Studio\genesis-studio\packages\engines-py\.pdb_cache\4MNE,A
3047,ThermoMPNN,4MNE,1.3091977834701538,152,L,I,F:\GENESIS Studio\genesis-studio\packages\engines-py\.pdb_cache\4MNE,A
3048,ThermoMPNN,4MNE,2.594402313232422,152,L,K,F:\GENESIS Studio\genesis-studio\packages\engines-py\.pdb_cache\4MNE,A
3049,ThermoMPNN,4MNE,0.0,152,L,L,F:\GENESIS Studio\genesis-studio\packages\engines-py\.pdb_cache\4MNE,A
3050,ThermoMPNN,4MNE,1.008939266204834,152,L,M,F:\GENESIS Studio\genesis-studio\packages\engines-py\.pdb_cache\4MNE,A
3051,ThermoMPNN,4MNE,3.092499256134033,152,L,N,F:\GENESIS Studio\genesis-studio\packages\engines-py\.pdb_cache\4MNE,A
3052,ThermoMPNN,4MNE,3.1982009410858154,152,L,P,F:\GENESIS Studio\genesis-studio\packages\engines-py\.pdb_cache\4MNE,A
3053,ThermoMPNN,4MNE,2.677457094192505,152,L,Q,F:\GENESIS Studio\genesis-studio\packages\engines-py\.pdb_cache\4MNE,A
3054,ThermoMPNN,4MNE,2.616570234298706,152,L,R,F:\GENESIS Studio\genesis-studio\packages\engines-py\.pdb_cache\4MNE,A
3055,ThermoMPNN,4MNE,2.8790013790130615,152,L,S,F:\GENESIS Studio\genesis-studio\packages\engines-py\.pdb_cache\4MNE,A
3056,ThermoMPNN,4MNE,2.7645907402038574,152,L,T,F:\GENESIS Studio\genesis-studio\packages\engines-py\.pdb_cache\4MNE,A
3057,ThermoMPNN,4MNE,1.9036253690719604,152,L,V,F:\GENESIS Studio\genesis-studio\packages\engines-py\.pdb_cache\4MNE,A
3058,ThermoMPNN,4MNE,1.7906259298324585,152,L,W,F:\GENESIS Studio\genesis-studio\packages\engines-py\.pdb_cache\4MNE,A
3059,ThermoMPNN,4MNE,2.0600802898406982,152,L,Y,F:\GENESIS Studio\genesis-studio\packages\engines-py\.pdb_cache\4MNE,A
3060,ThermoMPNN,4MNE,0.7359042167663574,153,I,A,F:\GENESIS Studio\genesis-studio\packages\engines-py\.pdb_cache\4MNE,A
3061,ThermoMPNN,4MNE,0.2495746612548828,153,I,C,F:\GENESIS Studio\genesis-studio\packages\engines-py\.pdb_cache\4MNE,A
3062,ThermoMPNN,4MNE,1.0955853462219238,153,I,D,F:\GENESIS Studio\genesis-studio\packages\engines-py\.pdb_cache\4MNE,A
3063,ThermoMPNN,4MNE,0.9133386015892029,153,I,E,F:\GENESIS Studio\genesis-studio\packages\engines-py\.pdb_cache\4MNE,A
3064,ThermoMPNN,4MNE,0.47962862253189087,153,I,F,F:\GENESIS Studio\genesis-studio\packages\engines-py\.pdb_cache\4MNE,A
3065,ThermoMPNN,4MNE,1.1938477754592896,153,I,G,F:\GENESIS Studio\genesis-studio\packages\engines-py\.pdb_cache\4MNE,A
3066,ThermoMPNN,4MNE,0.6932346820831299,153,I,H,F:\GENESIS Studio\genesis-studio\packages\engines-py\.pdb_cache\4MNE,A
3067,ThermoMPNN,4MNE,0.0,153,I,I,F:\GENESIS Studio\genesis-studio\packages\engines-py\.pdb_cache\4MNE,A
3068,ThermoMPNN,4MNE,0.5945438146591187,153,I,K,F:\GENESIS Studio\genesis-studio\packages\engines-py\.pdb_cache\4MNE,A
3069,ThermoMPNN,4MNE,0.1283639669418335,153,I,L,F:\GENESIS Studio\genesis-studio\packages\engines-py\.pdb_cache\4MNE,A
3070,ThermoMPNN,4MNE,0.3297395706176758,153,I,M,F:\GENESIS Studio\genesis-studio\packages\engines-py\.pdb_cache\4MNE,A
3071,ThermoMPNN,4MNE,0.8769176602363586,153,I,N,F:\GENESIS Studio\genesis-studio\packages\engines-py\.pdb_cache\4MNE,A
3072,ThermoMPNN,4MNE,1.9458298683166504,153,I,P,F:\GENESIS Studio\genesis-studio\packages\engines-py\.pdb_cache\4MNE,A
3073,ThermoMPNN,4MNE,0.7046346664428711,153,I,Q,F:\GENESIS Studio\genesis-studio\packages\engines-py\.pdb_cache\4MNE,A
3074,ThermoMPNN,4MNE,0.6146743893623352,153,I,R,F:\GENESIS Studio\genesis-studio\packages\engines-py\.pdb_cache\4MNE,A
3075,ThermoMPNN,4MNE,0.9443641901016235,153,I,S,F:\GENESIS Studio\genesis-studio\packages\engines-py\.pdb_cache\4MNE,A
3076,ThermoMPNN,4MNE,0.8321131467819214,153,I,T,F:\GENESIS Studio\genesis-studio\packages\engines-py\.pdb_cache\4MNE,A
3077,ThermoMPNN,4MNE,0.30162107944488525,153,I,V,F:\GENESIS Studio\genesis-studio\packages\engines-py\.pdb_cache\4MNE,A
3078,ThermoMPNN,4MNE,0.3139193058013916,153,I,W,F:\GENESIS Studio\genesis-studio\packages\engines-py\.pdb_cache\4MNE,A
3079,ThermoMPNN,4MNE,0.3724581003189087,153,I,Y,F:\GENESIS Studio\genesis-studio\packages\engines-py\.pdb_cache\4MNE,A
3080,ThermoMPNN,4MNE,-0.48323971033096313,154,D,A,F:\GENESIS Studio\genesis-studio\packages\engines-py\.pdb_cache\4MNE,A
3081,ThermoMPNN,4MNE,-0.5393601059913635,154,D,C,F:\GENESIS Studio\genesis-studio\packages\engines-py\.pdb_cache\4MNE,A
3082,ThermoMPNN,4MNE,0.0,154,D,D,F:\GENESIS Studio\genesis-studio\packages\engines-py\.pdb_cache\4MNE,A
3083,ThermoMPNN,4MNE,-0.2704067826271057,154,D,E,F:\GENESIS Studio\genesis-studio\packages\engines-py\.pdb_cache\4MNE,A
3084,ThermoMPNN,4MNE,-0.2063470482826233,154,D,F,F:\GENESIS Studio\genesis-studio\packages\engines-py\.pdb_cache\4MNE,A
3085,ThermoMPNN,4MNE,0.333953857421875,154,D,G,F:\GENESIS Studio\genesis-studio\packages\engines-py\.pdb_cache\4MNE,A
3086,ThermoMPNN,4MNE,-0.25593435764312744,154,D,H,F:\GENESIS Studio\genesis-studio\packages\engines-py\.pdb_cache\4MNE,A
3087,ThermoMPNN,4MNE,-0.5628959536552429,154,D,I,F:\GENESIS Studio\genesis-studio\packages\engines-py\.pdb_cache\4MNE,A
3088,ThermoMPNN,4MNE,-0.6481131911277771,154,D,K,F:\GENESIS Studio\genesis-studio\packages\engines-py\.pdb_cache\4MNE,A
3089,ThermoMPNN,4MNE,-0.5207679867744446,154,D,L,F:\GENESIS Studio\genesis-studio\packages\engines-py\.pdb_cache\4MNE,A
3090,ThermoMPNN,4MNE,-0.5686785578727722,154,D,M,F:\GENESIS Studio\genesis-studio\packages\engines-py\.pdb_cache\4MNE,A
3091,ThermoMPNN,4MNE,-0.245622456073761,154,D,N,F:\GENESIS Studio\genesis-studio\packages\engines-py\.pdb_cache\4MNE,A
3092,ThermoMPNN,4MNE,2.1803486347198486,154,D,P,F:\GENESIS Studio\genesis-studio\packages\engines-py\.pdb_cache\4MNE,A
3093,ThermoMPNN,4MNE,-0.5331626534461975,154,D,Q,F:\GENESIS Studio\genesis-studio\packages\engines-py\.pdb_cache\4MNE,A
3094,ThermoMPNN,4MNE,-0.7727171778678894,154,D,R,F:\GENESIS Studio\genesis-studio\packages\engines-py\.pdb_cache\4MNE,A
3095,ThermoMPNN,4MNE,-0.21991699934005737,154,D,S,F:\GENESIS Studio\genesis-studio\packages\engines-py\.pdb_cache\4MNE,A
3096,ThermoMPNN,4MNE,-0.27781397104263306,154,D,T,F:\GENESIS Studio\genesis-studio\packages\engines-py\.pdb_cache\4MNE,A
3097,ThermoMPNN,4MNE,-0.4596225619316101,154,D,V,F:\GENESIS Studio\genesis-studio\packages\engines-py\.pdb_cache\4MNE,A
3098,ThermoMPNN,4MNE,-0.22966378927230835,154,D,W,F:\GENESIS Studio\genesis-studio\packages\engines-py\.pdb_cache\4MNE,A
3099,ThermoMPNN,4MNE,-0.25420546531677246,154,D,Y,F:\GENESIS Studio\genesis-studio\packages\engines-py\.pdb_cache\4MNE,A
3100,ThermoMPNN,4MNE,-0.637813150882721,155,S,A,F:\GENESIS Studio\genesis-studio\packages\engines-py\.pdb_cache\4MNE,A
3101,ThermoMPNN,4MNE,-0.6919918656349182,155,S,C,F:\GENESIS Studio\genesis-studio\packages\engines-py\.pdb_cache\4MNE,A
3102,ThermoMPNN,4MNE,1.3045071363449097,155,S,D,F:\GENESIS Studio\genesis-studio\packages\engines-py\.pdb_cache\4MNE,A
3103,ThermoMPNN,4MNE,0.2883768081665039,155,S,E,F:\GENESIS Studio\genesis-studio\packages\engines-py\.pdb_cache\4MNE,A
3104,ThermoMPNN,4MNE,-0.3654816746711731,155,S,F,F:\GENESIS Studio\genesis-studio\packages\engines-py\.pdb_cache\4MNE,A
3105,ThermoMPNN,4MNE,0.8898777961730957,155,S,G,F:\GENESIS Studio\genesis-studio\packages\engines-py\.pdb_cache\4MNE,A
3106,ThermoMPNN,4MNE,0.4057580828666687,155,S,H,F:\GENESIS Studio\genesis-studio\packages\engines-py\.pdb_cache\4MNE,A
3107,ThermoMPNN,4MNE,-0.8832454085350037,155,S,I,F:\GENESIS Studio\genesis-studio\packages\engines-py\.pdb_cache\4MNE,A
3108,ThermoMPNN,4MNE,0.5326428413391113,155,S,K,F:\GENESIS Studio\genesis-studio\packages\engines-py\.pdb_cache\4MNE,A
3109,ThermoMPNN,4MNE,-0.7323127388954163,155,S,L,F:\GENESIS Studio\genesis-studio\packages\engines-py\.pdb_cache\4MNE,A
3110,ThermoMPNN,4MNE,-0.7790511250495911,155,S,M,F:\GENESIS Studio\genesis-studio\packages\engines-py\.pdb_cache\4MNE,A
3111,ThermoMPNN,4MNE,0.9441975355148315,155,S,N,F:\GENESIS Studio\genesis-studio\packages\engines-py\.pdb_cache\4MNE,A
3112,ThermoMPNN,4MNE,1.5025734901428223,155,S,P,F:\GENESIS Studio\genesis-studio\packages\engines-py\.pdb_cache\4MNE,A
3113,ThermoMPNN,4MNE,0.1500188112258911,155,S,Q,F:\GENESIS Studio\genesis-studio\packages\engines-py\.pdb_cache\4MNE,A
3114,ThermoMPNN,4MNE,0.5198193788528442,155,S,R,F:\GENESIS Studio\genesis-studio\packages\engines-py\.pdb_cache\4MNE,A
3115,ThermoMPNN,4MNE,0.0,155,S,S,F:\GENESIS Studio\genesis-studio\packages\engines-py\.pdb_cache\4MNE,A
3116,ThermoMPNN,4MNE,0.07728451490402222,155,S,T,F:\GENESIS Studio\genesis-studio\packages\engines-py\.pdb_cache\4MNE,A
3117,ThermoMPNN,4MNE,-0.7076979279518127,155,S,V,F:\GENESIS Studio\genesis-studio\packages\engines-py\.pdb_cache\4MNE,A
3118,ThermoMPNN,4MNE,-0.4929400086402893,155,S,W,F:\GENESIS Studio\genesis-studio\packages\engines-py\.pdb_cache\4MNE,A
3119,ThermoMPNN,4MNE,-0.17315340042114258,155,S,Y,F:\GENESIS Studio\genesis-studio\packages\engines-py\.pdb_cache\4MNE,A
3120,ThermoMPNN,4MNE,1.3455655574798584,156,M,A,F:\GENESIS Studio\genesis-studio\packages\engines-py\.pdb_cache\4MNE,A
3121,ThermoMPNN,4MNE,0.5987613201141357,156,M,C,F:\GENESIS Studio\genesis-studio\packages\engines-py\.pdb_cache\4MNE,A
3122,ThermoMPNN,4MNE,2.401704788208008,156,M,D,F:\GENESIS Studio\genesis-studio\packages\engines-py\.pdb_cache\4MNE,A
3123,ThermoMPNN,4MNE,1.610629677772522,156,M,E,F:\GENESIS Studio\genesis-studio\packages\engines-py\.pdb_cache\4MNE,A
3124,ThermoMPNN,4MNE,1.2194721698760986,156,M,F,F:\GENESIS Studio\genesis-studio\packages\engines-py\.pdb_cache\4MNE,A
3125,ThermoMPNN,4MNE,2.022202491760254,156,M,G,F:\GENESIS Studio\genesis-studio\packages\engines-py\.pdb_cache\4MNE,A
3126,ThermoMPNN,4MNE,1.4753882884979248,156,M,H,F:\GENESIS Studio\genesis-studio\packages\engines-py\.pdb_cache\4MNE,A
3127,ThermoMPNN,4MNE,0.21135187149047852,156,M,I,F:\GENESIS Studio\genesis-studio\packages\engines-py\.pdb_cache\4MNE,A
3128,ThermoMPNN,4MNE,0.8164606094360352,156,M,K,F:\GENESIS Studio\genesis-studio\packages\engines-py\.pdb_cache\4MNE,A
3129,ThermoMPNN,4MNE,-0.1318662166595459,156,M,L,F:\GENESIS Studio\genesis-studio\packages\engines-py\.pdb_cache\4MNE,A
3130,ThermoMPNN,4MNE,0.0,156,M,M,F:\GENESIS Studio\genesis-studio\packages\engines-py\.pdb_cache\4MNE,A
3131,ThermoMPNN,4MNE,1.7097337245941162,156,M,N,F:\GENESIS Studio\genesis-studio\packages\engines-py\.pdb_cache\4MNE,A
3132,ThermoMPNN,4MNE,2.816521406173706,156,M,P,F:\GENESIS Studio\genesis-studio\packages\engines-py\.pdb_cache\4MNE,A
3133,ThermoMPNN,4MNE,0.8535639047622681,156,M,Q,F:\GENESIS Studio\genesis-studio\packages\engines-py\.pdb_cache\4MNE,A
3134,ThermoMPNN,4MNE,0.7385056018829346,156,M,R,F:\GENESIS Studio\genesis-studio\packages\engines-py\.pdb_cache\4MNE,A
3135,ThermoMPNN,4MNE,1.558276653289795,156,M,S,F:\GENESIS Studio\genesis-studio\packages\engines-py\.pdb_cache\4MNE,A
3136,ThermoMPNN,4MNE,1.1005842685699463,156,M,T,F:\GENESIS Studio\genesis-studio\packages\engines-py\.pdb_cache\4MNE,A
3137,ThermoMPNN,4MNE,0.47652602195739746,156,M,V,F:\GENESIS Studio\genesis-studio\packages\engines-py\.pdb_cache\4MNE,A
3138,ThermoMPNN,4MNE,1.230992078781128,156,M,W,F:\GENESIS Studio\genesis-studio\packages\engines-py\.pdb_cache\4MNE,A
3139,ThermoMPNN,4MNE,1.4456658363342285,156,M,Y,F:\GENESIS Studio\genesis-studio\packages\engines-py\.pdb_cache\4MNE,A
3140,ThermoMPNN,4MNE,0.0,157,A,A,F:\GENESIS Studio\genesis-studio\packages\engines-py\.pdb_cache\4MNE,A
3141,ThermoMPNN,4MNE,-0.1246265172958374,157,A,C,F:\GENESIS Studio\genesis-studio\packages\engines-py\.pdb_cache\4MNE,A
3142,ThermoMPNN,4MNE,0.32668885588645935,157,A,D,F:\GENESIS Studio\genesis-studio\packages\engines-py\.pdb_cache\4MNE,A
3143,ThermoMPNN,4MNE,0.09083294868469238,157,A,E,F:\GENESIS Studio\genesis-studio\packages\engines-py\.pdb_cache\4MNE,A
3144,ThermoMPNN,4MNE,0.2151716947555542,157,A,F,F:\GENESIS Studio\genesis-studio\packages\engines-py\.pdb_cache\4MNE,A
3145,ThermoMPNN,4MNE,0.41123533248901367,157,A,G,F:\GENESIS Studio\genesis-studio\packages\engines-py\.pdb_cache\4MNE,A
3146,ThermoMPNN,4MNE,0.09296739101409912,157,A,H,F:\GENESIS Studio\genesis-studio\packages\engines-py\.pdb_cache\4MNE,A
3147,ThermoMPNN,4MNE,-0.04511559009552002,157,A,I,F:\GENESIS Studio\genesis-studio\packages\engines-py\.pdb_cache\4MNE,A
3148,ThermoMPNN,4MNE,-0.4239555597305298,157,A,K,F:\GENESIS Studio\genesis-studio\packages\engines-py\.pdb_cache\4MNE,A
3149,ThermoMPNN,4MNE,-0.31573784351348877,157,A,L,F:\GENESIS Studio\genesis-studio\packages\engines-py\.pdb_cache\4MNE,A
3150,ThermoMPNN,4MNE,-0.26421940326690674,157,A,M,F:\GENESIS Studio\genesis-studio\packages\engines-py\.pdb_cache\4MNE,A
3151,ThermoMPNN,4MNE,-0.09601593017578125,157,A,N,F:\GENESIS Studio\genesis-studio\packages\engines-py\.pdb_cache\4MNE,A
3152,ThermoMPNN,4MNE,1.7417800426483154,157,A,P,F:\GENESIS Studio\genesis-studio\packages\engines-py\.pdb_cache\4MNE,A
3153,ThermoMPNN,4MNE,-0.24819183349609375,157,A,Q,F:\GENESIS Studio\genesis-studio\packages\engines-py\.pdb_cache\4MNE,A
3154,ThermoMPNN,4MNE,-0.38508546352386475,157,A,R,F:\GENESIS Studio\genesis-studio\packages\engines-py\.pdb_cache\4MNE,A
3155,ThermoMPNN,4MNE,0.13048774003982544,157,A,S,F:\GENESIS Studio\genesis-studio\packages\engines-py\.pdb_cache\4MNE,A
3156,ThermoMPNN,4MNE,0.05937623977661133,157,A,T,F:\GENESIS Studio\genesis-studio\packages\engines-py\.pdb_cache\4MNE,A
3157,ThermoMPNN,4MNE,0.03720414638519287,157,A,V,F:\GENESIS Studio\genesis-studio\packages\engines-py\.pdb_cache\4MNE,A
3158,ThermoMPNN,4MNE,0.4274417757987976,157,A,W,F:\GENESIS Studio\genesis-studio\packages\engines-py\.pdb_cache\4MNE,A
3159,ThermoMPNN,4MNE,0.3862796425819397,157,A,Y,F:\GENESIS Studio\genesis-studio\packages\engines-py\.pdb_cache\4MNE,A
3160,ThermoMPNN,4MNE,-0.015562713146209717,158,N,A,F:\GENESIS Studio\genesis-studio\packages\engines-py\.pdb_cache\4MNE,A
3161,ThermoMPNN,4MNE,-0.18608886003494263,158,N,C,F:\GENESIS Studio\genesis-studio\packages\engines-py\.pdb_cache\4MNE,A
3162,ThermoMPNN,4MNE,0.17829465866088867,158,N,D,F:\GENESIS Studio\genesis-studio\packages\engines-py\.pdb_cache\4MNE,A
3163,ThermoMPNN,4MNE,0.18316304683685303,158,N,E,F:\GENESIS Studio\genesis-studio\packages\engines-py\.pdb_cache\4MNE,A
3164,ThermoMPNN,4MNE,-0.05794399976730347,158,N,F,F:\GENESIS Studio\genesis-studio\packages\engines-py\.pdb_cache\4MNE,A
3165,ThermoMPNN,4MNE,0.10977429151535034,158,N,G,F:\GENESIS Studio\genesis-studio\packages\engines-py\.pdb_cache\4MNE,A
3166,ThermoMPNN,4MNE,-0.03261590003967285,158,N,H,F:\GENESIS Studio\genesis-studio\packages\engines-py\.pdb_cache\4MNE,A
3167,ThermoMPNN,4MNE,-0.02491384744644165,158,N,I,F:\GENESIS Studio\genesis-studio\packages\engines-py\.pdb_cache\4MNE,A
3168,ThermoMPNN,4MNE,-0.07882750034332275,158,N,K,F:\GENESIS Studio\genesis-studio\packages\engines-py\.pdb_cache\4MNE,A
3169,ThermoMPNN,4MNE,-0.08388149738311768,158,N,L,F:\GENESIS Studio\genesis-studio\packages\engines-py\.pdb_cache\4MNE,A
3170,ThermoMPNN,4MNE,-0.028227627277374268,158,N,M,F:\GENESIS Studio\genesis-studio\packages\engines-py\.pdb_cache\4MNE,A
3171,ThermoMPNN,4MNE,0.0,158,N,N,F:\GENESIS Studio\genesis-studio\packages\engines-py\.pdb_cache\4MNE,A
3172,ThermoMPNN,4MNE,0.19178563356399536,158,N,P,F:\GENESIS Studio\genesis-studio\packages\engines-py\.pdb_cache\4MNE,A
3173,ThermoMPNN,4MNE,0.00865185260772705,158,N,Q,F:\GENESIS Studio\genesis-studio\packages\engines-py\.pdb_cache\4MNE,A
3174,ThermoMPNN,4MNE,-0.04087507724761963,158,N,R,F:\GENESIS Studio\genesis-studio\packages\engines-py\.pdb_cache\4MNE,A
3175,ThermoMPNN,4MNE,0.0034572482109069824,158,N,S,F:\GENESIS Studio\genesis-studio\packages\engines-py\.pdb_cache\4MNE,A
3176,ThermoMPNN,4MNE,0.032938241958618164,158,N,T,F:\GENESIS Studio\genesis-studio\packages\engines-py\.pdb_cache\4MNE,A
3177,ThermoMPNN,4MNE,0.058549463748931885,158,N,V,F:\GENESIS Studio\genesis-studio\packages\engines-py\.pdb_cache\4MNE,A
3178,ThermoMPNN,4MNE,-0.15887022018432617,158,N,W,F:\GENESIS Studio\genesis-studio\packages\engines-py\.pdb_cache\4MNE,A
3179,ThermoMPNN,4MNE,-0.08762603998184204,158,N,Y,F:\GENESIS Studio\genesis-studio\packages\engines-py\.pdb_cache\4MNE,A
3180,ThermoMPNN,4MNE,-0.06440454721450806,159,S,A,F:\GENESIS Studio\genesis-studio\packages\engines-py\.pdb_cache\4MNE,A
3181,ThermoMPNN,4MNE,-0.008629381656646729,159,S,C,F:\GENESIS Studio\genesis-studio\packages\engines-py\.pdb_cache\4MNE,A
3182,ThermoMPNN,4MNE,0.33214080333709717,159,S,D,F:\GENESIS Studio\genesis-studio\packages\engines-py\.pdb_cache\4MNE,A
3183,ThermoMPNN,4MNE,0.22175592184066772,159,S,E,F:\GENESIS Studio\genesis-studio\packages\engines-py\.pdb_cache\4MNE,A
3184,ThermoMPNN,4MNE,0.11183387041091919,159,S,F,F:\GENESIS Studio\genesis-studio\packages\engines-py\.pdb_cache\4MNE,A
3185,ThermoMPNN,4MNE,0.0901910662651062,159,S,G,F:\GENESIS Studio\genesis-studio\packages\engines-py\.pdb_cache\4MNE,A
3186,ThermoMPNN,4MNE,0.08480089902877808,159,S,H,F:\GENESIS Studio\genesis-studio\packages\engines-py\.pdb_cache\4MNE,A
3187,ThermoMPNN,4MNE,0.0478212833404541,159,S,I,F:\GENESIS Studio\genesis-studio\packages\engines-py\.pdb_cache\4MNE,A
3188,ThermoMPNN,4MNE,-0.17308640480041504,159,S,K,F:\GENESIS Studio\genesis-studio\packages\engines-py\.pdb_cache\4MNE,A
3189,ThermoMPNN,4MNE,0.1448189616203308,159,S,L,F:\GENESIS Studio\genesis-studio\packages\engines-py\.pdb_cache\4MNE,A
3190,ThermoMPNN,4MNE,0.08463430404663086,159,S,M,F:\GENESIS Studio\genesis-studio\packages\engines-py\.pdb_cache\4MNE,A
3191,ThermoMPNN,4MNE,0.13744384050369263,159,S,N,F:\GENESIS Studio\genesis-studio\packages\engines-py\.pdb_cache\4MNE,A
3192,ThermoMPNN,4MNE,0.7274109721183777,159,S,P,F:\GENESIS Studio\genesis-studio\packages\engines-py\.pdb_cache\4MNE,A
3193,ThermoMPNN,4MNE,0.008840322494506836,159,S,Q,F:\GENESIS Studio\genesis-studio\packages\engines-py\.pdb_cache\4MNE,A
3194,ThermoMPNN,4MNE,-0.171775221824646,159,S,R,F:\GENESIS Studio\genesis-studio\packages\engines-py\.pdb_cache\4MNE,A
3195,ThermoMPNN,4MNE,0.0,159,S,S,F:\GENESIS Studio\genesis-studio\packages\engines-py\.pdb_cache\4MNE,A
3196,ThermoMPNN,4MNE,0.07462137937545776,159,S,T,F:\GENESIS Studio\genesis-studio\packages\engines-py\.pdb_cache\4MNE,A
3197,ThermoMPNN,4MNE,0.20023727416992188,159,S,V,F:\GENESIS Studio\genesis-studio\packages\engines-py\.pdb_cache\4MNE,A
3198,ThermoMPNN,4MNE,0.1600123643875122,159,S,W,F:\GENESIS Studio\genesis-studio\packages\engines-py\.pdb_cache\4MNE,A
3199,ThermoMPNN,4MNE,0.17449581623077393,159,S,Y,F:\GENESIS Studio\genesis-studio\packages\engines-py\.pdb_cache\4MNE,A
3200,ThermoMPNN,4MNE,-0.07751303911209106,160,F,A,F:\GENESIS Studio\genesis-studio\packages\engines-py\.pdb_cache\4MNE,A
3201,ThermoMPNN,4MNE,-0.30657267570495605,160,F,C,F:\GENESIS Studio\genesis-studio\packages\engines-py\.pdb_cache\4MNE,A
3202,ThermoMPNN,4MNE,-0.06513440608978271,160,F,D,F:\GENESIS Studio\genesis-studio\packages\engines-py\.pdb_cache\4MNE,A
3203,ThermoMPNN,4MNE,-0.012850165367126465,160,F,E,F:\GENESIS Studio\genesis-studio\packages\engines-py\.pdb_cache\4MNE,A
3204,ThermoMPNN,4MNE,0.0,160,F,F,F:\GENESIS Studio\genesis-studio\packages\engines-py\.pdb_cache\4MNE,A
3205,ThermoMPNN,4MNE,0.0492435097694397,160,F,G,F:\GENESIS Studio\genesis-studio\packages\engines-py\.pdb_cache\4MNE,A
3206,ThermoMPNN,4MNE,-0.07216453552246094,160,F,H,F:\GENESIS Studio\genesis-studio\packages\engines-py\.pdb_cache\4MNE,A
3207,ThermoMPNN,4MNE,0.05811893939971924,160,F,I,F:\GENESIS Studio\genesis-studio\packages\engines-py\.pdb_cache\4MNE,A
3208,ThermoMPNN,4MNE,-0.022046804428100586,160,F,K,F:\GENESIS Studio\genesis-studio\packages\engines-py\.pdb_cache\4MNE,A
3209,ThermoMPNN,4MNE,-0.024052739143371582,160,F,L,F:\GENESIS Studio\genesis-studio\packages\engines-py\.pdb_cache\4MNE,A
3210,ThermoMPNN,4MNE,0.0557706356048584,160,F,M,F:\GENESIS Studio\genesis-studio\packages\engines-py\.pdb_cache\4MNE,A
3211,ThermoMPNN,4MNE,-0.08203792572021484,160,F,N,F:\GENESIS Studio\genesis-studio\packages\engines-py\.pdb_cache\4MNE,A
3212,ThermoMPNN,4MNE,-0.1934579610824585,160,F,P,F:\GENESIS Studio\genesis-studio\packages\engines-py\.pdb_cache\4MNE,A
3213,ThermoMPNN,4MNE,0.01798170804977417,160,F,Q,F:\GENESIS Studio\genesis-studio\packages\engines-py\.pdb_cache\4MNE,A
3214,ThermoMPNN,4MNE,0.023019909858703613,160,F,R,F:\GENESIS Studio\genesis-studio\packages\engines-py\.pdb_cache\4MNE,A
3215,ThermoMPNN,4MNE,-0.10159742832183838,160,F,S,F:\GENESIS Studio\genesis-studio\packages\engines-py\.pdb_cache\4MNE,A
3216,ThermoMPNN,4MNE,-0.03798311948776245,160,F,T,F:\GENESIS Studio\genesis-studio\packages\engines-py\.pdb_cache\4MNE,A
3217,ThermoMPNN,4MNE,0.06524336338043213,160,F,V,F:\GENESIS Studio\genesis-studio\packages\engines-py\.pdb_cache\4MNE,A
3218,ThermoMPNN,4MNE,-0.06137049198150635,160,F,W,F:\GENESIS Studio\genesis-studio\packages\engines-py\.pdb_cache\4MNE,A
3219,ThermoMPNN,4MNE,0.0309944748878479,160,F,Y,F:\GENESIS Studio\genesis-studio\packages\engines-py\.pdb_cache\4MNE,A
3220,ThermoMPNN,4MNE,-0.12865453958511353,161,V,A,F:\GENESIS Studio\genesis-studio\packages\engines-py\.pdb_cache\4MNE,A
3221,ThermoMPNN,4MNE,-0.2816399335861206,161,V,C,F:\GENESIS Studio\genesis-studio\packages\engines-py\.pdb_cache\4MNE,A
3222,ThermoMPNN,4MNE,-0.26893770694732666,161,V,D,F:\GENESIS Studio\genesis-studio\packages\engines-py\.pdb_cache\4MNE,A
3223,ThermoMPNN,4MNE,-0.14382272958755493,161,V,E,F:\GENESIS Studio\genesis-studio\packages\engines-py\.pdb_cache\4MNE,A
3224,ThermoMPNN,4MNE,-0.012849867343902588,161,V,F,F:\GENESIS Studio\genesis-studio\packages\engines-py\.pdb_cache\4MNE,A
3225,ThermoMPNN,4MNE,0.0615842342376709,161,V,G,F:\GENESIS Studio\genesis-studio\packages\engines-py\.pdb_cache\4MNE,A
3226,ThermoMPNN,4MNE,0.04606902599334717,161,V,H,F:\GENESIS Studio\genesis-studio\packages\engines-py\.pdb_cache\4MNE,A
3227,ThermoMPNN,4MNE,-0.004624128341674805,161,V,I,F:\GENESIS Studio\genesis-studio\packages\engines-py\.pdb_cache\4MNE,A
3228,ThermoMPNN,4MNE,0.047725141048431396,161,V,K,F:\GENESIS Studio\genesis-studio\packages\engines-py\.pdb_cache\4MNE,A
3229,ThermoMPNN,4MNE,-0.1265464425086975,161,V,L,F:\GENESIS Studio\genesis-studio\packages\engines-py\.pdb_cache\4MNE,A
3230,ThermoMPNN,4MNE,-0.0524633526802063,161,V,M,F:\GENESIS Studio\genesis-studio\packages\engines-py\.pdb_cache\4MNE,A
3231,ThermoMPNN,4MNE,-0.027261018753051758,161,V,N,F:\GENESIS Studio\genesis-studio\packages\engines-py\.pdb_cache\4MNE,A
3232,ThermoMPNN,4MNE,-0.15859931707382202,161,V,P,F:\GENESIS Studio\genesis-studio\packages\engines-py\.pdb_cache\4MNE,A
3233,ThermoMPNN,4MNE,-0.014191925525665283,161,V,Q,F:\GENESIS Studio\genesis-studio\packages\engines-py\.pdb_cache\4MNE,A
3234,ThermoMPNN,4MNE,0.07297438383102417,161,V,R,F:\GENESIS Studio\genesis-studio\packages\engines-py\.pdb_cache\4MNE,A
3235,ThermoMPNN,4MNE,-0.05273258686065674,161,V,S,F:\GENESIS Studio\genesis-studio\packages\engines-py\.pdb_cache\4MNE,A
3236,ThermoMPNN,4MNE,0.0017418861389160156,161,V,T,F:\GENESIS Studio\genesis-studio\packages\engines-py\.pdb_cache\4MNE,A
3237,ThermoMPNN,4MNE,0.0,161,V,V,F:\GENESIS Studio\genesis-studio\packages\engines-py\.pdb_cache\4MNE,A
3238,ThermoMPNN,4MNE,-0.05086350440979004,161,V,W,F:\GENESIS Studio\genesis-studio\packages\engines-py\.pdb_cache\4MNE,A
3239,ThermoMPNN,4MNE,0.1295621395111084,161,V,Y,F:\GENESIS Studio\genesis-studio\packages\engines-py\.pdb_cache\4MNE,A
3240,ThermoMPNN,4MNE,0.02920818328857422,162,G,A,F:\GENESIS Studio\genesis-studio\packages\engines-py\.pdb_cache\4MNE,A
3241,ThermoMPNN,4MNE,-0.15882784128189087,162,G,C,F:\GENESIS Studio\genesis-studio\packages\engines-py\.pdb_cache\4MNE,A
3242,ThermoMPNN,4MNE,0.13550645112991333,162,G,D,F:\GENESIS Studio\genesis-studio\packages\engines-py\.pdb_cache\4MNE,A
3243,ThermoMPNN,4MNE,0.06387430429458618,162,G,E,F:\GENESIS Studio\genesis-studio\packages\engines-py\.pdb_cache\4MNE,A
3244,ThermoMPNN,4MNE,0.09980130195617676,162,G,F,F:\GENESIS Studio\genesis-studio\packages\engines-py\.pdb_cache\4MNE,A
3245,ThermoMPNN,4MNE,0.0,162,G,G,F:\GENESIS Studio\genesis-studio\packages\engines-py\.pdb_cache\4MNE,A
3246,ThermoMPNN,4MNE,0.06488162279129028,162,G,H,F:\GENESIS Studio\genesis-studio\packages\engines-py\.pdb_cache\4MNE,A
3247,ThermoMPNN,4MNE,0.33210399746894836,162,G,I,F:\GENESIS Studio\genesis-studio\packages\engines-py\.pdb_cache\4MNE,A
3248,ThermoMPNN,4MNE,0.11879771947860718,162,G,K,F:\GENESIS Studio\genesis-studio\packages\engines-py\.pdb_cache\4MNE,A
3249,ThermoMPNN,4MNE,0.16651904582977295,162,G,L,F:\GENESIS Studio\genesis-studio\packages\engines-py\.pdb_cache\4MNE,A
3250,ThermoMPNN,4MNE,0.17739462852478027,162,G,M,F:\GENESIS Studio\genesis-studio\packages\engines-py\.pdb_cache\4MNE,A
3251,ThermoMPNN,4MNE,0.05343031883239746,162,G,N,F:\GENESIS Studio\genesis-studio\packages\engines-py\.pdb_cache\4MNE,A
3252,ThermoMPNN,4MNE,-0.06482023000717163,162,G,P,F:\GENESIS Studio\genesis-studio\packages\engines-py\.pdb_cache\4MNE,A
3253,ThermoMPNN,4MNE,0.12165379524230957,162,G,Q,F:\GENESIS Studio\genesis-studio\packages\engines-py\.pdb_cache\4MNE,A
3254,ThermoMPNN,4MNE,0.16575509309768677,162,G,R,F:\GENESIS Studio\genesis-studio\packages\engines-py\.pdb_cache\4MNE,A
3255,ThermoMPNN,4MNE,0.06372392177581787,162,G,S,F:\GENESIS Studio\genesis-studio\packages\engines-py\.pdb_cache\4MNE,A
3256,ThermoMPNN,4MNE,0.14666801691055298,162,G,T,F:\GENESIS Studio\genesis-studio\packages\engines-py\.pdb_cache\4MNE,A
3257,ThermoMPNN,4MNE,0.3141862154006958,162,G,V,F:\GENESIS Studio\genesis-studio\packages\engines-py\.pdb_cache\4MNE,A
3258,ThermoMPNN,4MNE,0.35151970386505127,162,G,W,F:\GENESIS Studio\genesis-studio\packages\engines-py\.pdb_cache\4MNE,A
3259,ThermoMPNN,4MNE,0.21046507358551025,162,G,Y,F:\GENESIS Studio\genesis-studio\packages\engines-py\.pdb_cache\4MNE,A
3260,ThermoMPNN,4MNE,0.21393191814422607,163,T,A,F:\GENESIS Studio\genesis-studio\packages\engines-py\.pdb_cache\4MNE,A
3261,ThermoMPNN,4MNE,0.03399008512496948,163,T,C,F:\GENESIS Studio\genesis-studio\packages\engines-py\.pdb_cache\4MNE,A
3262,ThermoMPNN,4MNE,-0.06749069690704346,163,T,D,F:\GENESIS Studio\genesis-studio\packages\engines-py\.pdb_cache\4MNE,A
3263,ThermoMPNN,4MNE,0.05337417125701904,163,T,E,F:\GENESIS Studio\genesis-studio\packages\engines-py\.pdb_cache\4MNE,A
3264,ThermoMPNN,4MNE,0.3294925093650818,163,T,F,F:\GENESIS Studio\genesis-studio\packages\engines-py\.pdb_cache\4MNE,A
3265,ThermoMPNN,4MNE,0.3579545021057129,163,T,G,F:\GENESIS Studio\genesis-studio\packages\engines-py\.pdb_cache\4MNE,A
3266,ThermoMPNN,4MNE,0.25731992721557617,163,T,H,F:\GENESIS Studio\genesis-studio\packages\engines-py\.pdb_cache\4MNE,A
3267,ThermoMPNN,4MNE,0.3299177289009094,163,T,I,F:\GENESIS Studio\genesis-studio\packages\engines-py\.pdb_cache\4MNE,A
3268,ThermoMPNN,4MNE,0.3152943253517151,163,T,K,F:\GENESIS Studio\genesis-studio\packages\engines-py\.pdb_cache\4MNE,A
3269,ThermoMPNN,4MNE,0.2552136778831482,163,T,L,F:\GENESIS Studio\genesis-studio\packages\engines-py\.pdb_cache\4MNE,A
3270,ThermoMPNN,4MNE,0.34121155738830566,163,T,M,F:\GENESIS Studio\genesis-studio\packages\engines-py\.pdb_cache\4MNE,A
3271,ThermoMPNN,4MNE,0.13034135103225708,163,T,N,F:\GENESIS Studio\genesis-studio\packages\engines-py\.pdb_cache\4MNE,A
3272,ThermoMPNN,4MNE,0.36985206604003906,163,T,P,F:\GENESIS Studio\genesis-studio\packages\engines-py\.pdb_cache\4MNE,A
3273,ThermoMPNN,4MNE,0.2522978186607361,163,T,Q,F:\GENESIS Studio\genesis-studio\packages\engines-py\.pdb_cache\4MNE,A
3274,ThermoMPNN,4MNE,0.38287103176116943,163,T,R,F:\GENESIS Studio\genesis-studio\packages\engines-py\.pdb_cache\4MNE,A
3275,ThermoMPNN,4MNE,-0.029340028762817383,163,T,S,F:\GENESIS Studio\genesis-studio\packages\engines-py\.pdb_cache\4MNE,A
3276,ThermoMPNN,4MNE,0.0,163,T,T,F:\GENESIS Studio\genesis-studio\packages\engines-py\.pdb_cache\4MNE,A
3277,ThermoMPNN,4MNE,0.35089993476867676,163,T,V,F:\GENESIS Studio\genesis-studio\packages\engines-py\.pdb_cache\4MNE,A
3278,ThermoMPNN,4MNE,0.2804093360900879,163,T,W,F:\GENESIS Studio\genesis-studio\packages\engines-py\.pdb_cache\4MNE,A
3279,ThermoMPNN,4MNE,0.3618397116661072,163,T,Y,F:\GENESIS Studio\genesis-studio\packages\engines-py\.pdb_cache\4MNE,A
3280,ThermoMPNN,4MNE,0.9363307952880859,164,R,A,F:\GENESIS Studio\genesis-studio\packages\engines-py\.pdb_cache\4MNE,A
3281,ThermoMPNN,4MNE,0.6443436145782471,164,R,C,F:\GENESIS Studio\genesis-studio\packages\engines-py\.pdb_cache\4MNE,A
3282,ThermoMPNN,4MNE,1.4025609493255615,164,R,D,F:\GENESIS Studio\genesis-studio\packages\engines-py\.pdb_cache\4MNE,A
3283,ThermoMPNN,4MNE,1.3903851509094238,164,R,E,F:\GENESIS Studio\genesis-studio\packages\engines-py\.pdb_cache\4MNE,A
3284,ThermoMPNN,4MNE,0.6081792116165161,164,R,F,F:\GENESIS Studio\genesis-studio\packages\engines-py\.pdb_cache\4MNE,A
3285,ThermoMPNN,4MNE,1.06760835647583,164,R,G,F:\GENESIS Studio\genesis-studio\packages\engines-py\.pdb_cache\4MNE,A
3286,ThermoMPNN,4MNE,0.5894469618797302,164,R,H,F:\GENESIS Studio\genesis-studio\packages\engines-py\.pdb_cache\4MNE,A
3287,ThermoMPNN,4MNE,1.0714889764785767,164,R,I,F:\GENESIS Studio\genesis-studio\packages\engines-py\.pdb_cache\4MNE,A
3288,ThermoMPNN,4MNE,0.21721887588500977,164,R,K,F:\GENESIS Studio\genesis-studio\packages\engines-py\.pdb_cache\4MNE,A
3289,ThermoMPNN,4MNE,0.8384555578231812,164,R,L,F:\GENESIS Studio\genesis-studio\packages\engines-py\.pdb_cache\4MNE,A
3290,ThermoMPNN,4MNE,0.7532299160957336,164,R,M,F:\GENESIS Studio\genesis-studio\packages\engines-py\.pdb_cache\4MNE,A
3291,ThermoMPNN,4MNE,0.8570456504821777,164,R,N,F:\GENESIS Studio\genesis-studio\packages\engines-py\.pdb_cache\4MNE,A
3292,ThermoMPNN,4MNE,1.8013384342193604,164,R,P,F:\GENESIS Studio\genesis-studio\packages\engines-py\.pdb_cache\4MNE,A
3293,ThermoMPNN,4MNE,0.7386019229888916,164,R,Q,F:\GENESIS Studio\genesis-studio\packages\engines-py\.pdb_cache\4MNE,A
3294,ThermoMPNN,4MNE,0.0,164,R,R,F:\GENESIS Studio\genesis-studio\packages\engines-py\.pdb_cache\4MNE,A
3295,ThermoMPNN,4MNE,0.9369379281997681,164,R,S,F:\GENESIS Studio\genesis-studio\packages\engines-py\.pdb_cache\4MNE,A
3296,ThermoMPNN,4MNE,1.1179451942443848,164,R,T,F:\GENESIS Studio\genesis-studio\packages\engines-py\.pdb_cache\4MNE,A
3297,ThermoMPNN,4MNE,1.1909157037734985,164,R,V,F:\GENESIS Studio\genesis-studio\packages\engines-py\.pdb_cache\4MNE,A
3298,ThermoMPNN,4MNE,0.5515320301055908,164,R,W,F:\GENESIS Studio\genesis-studio\packages\engines-py\.pdb_cache\4MNE,A
3299,ThermoMPNN,4MNE,0.5351030826568604,164,R,Y,F:\GENESIS Studio\genesis-studio\packages\engines-py\.pdb_cache\4MNE,A
3300,ThermoMPNN,4MNE,0.6438521146774292,165,S,A,F:\GENESIS Studio\genesis-studio\packages\engines-py\.pdb_cache\4MNE,A
3301,ThermoMPNN,4MNE,0.24622929096221924,165,S,C,F:\GENESIS Studio\genesis-studio\packages\engines-py\.pdb_cache\4MNE,A
3302,ThermoMPNN,4MNE,1.0169830322265625,165,S,D,F:\GENESIS Studio\genesis-studio\packages\engines-py\.pdb_cache\4MNE,A
3303,ThermoMPNN,4MNE,1.192613124847412,165,S,E,F:\GENESIS Studio\genesis-studio\packages\engines-py\.pdb_cache\4MNE,A
3304,ThermoMPNN,4MNE,0.2311873435974121,165,S,F,F:\GENESIS Studio\genesis-studio\packages\engines-py\.pdb_cache\4MNE,A
3305,ThermoMPNN,4MNE,0.7399076223373413,165,S,G,F:\GENESIS Studio\genesis-studio\packages\engines-py\.pdb_cache\4MNE,A
3306,ThermoMPNN,4MNE,0.8076414465904236,165,S,H,F:\GENESIS Studio\genesis-studio\packages\engines-py\.pdb_cache\4MNE,A
3307,ThermoMPNN,4MNE,0.6156774759292603,165,S,I,F:\GENESIS Studio\genesis-studio\packages\engines-py\.pdb_cache\4MNE,A
3308,ThermoMPNN,4MNE,1.1633265018463135,165,S,K,F:\GENESIS Studio\genesis-studio\packages\engines-py\.pdb_cache\4MNE,A
3309,ThermoMPNN,4MNE,0.5407717227935791,165,S,L,F:\GENESIS Studio\genesis-studio\packages\engines-py\.pdb_cache\4MNE,A
3310,ThermoMPNN,4MNE,0.3429175615310669,165,S,M,F:\GENESIS Studio\genesis-studio\packages\engines-py\.pdb_cache\4MNE,A
3311,ThermoMPNN,4MNE,0.8568155765533447,165,S,N,F:\GENESIS Studio\genesis-studio\packages\engines-py\.pdb_cache\4MNE,A
3312,ThermoMPNN,4MNE,1.6083271503448486,165,S,P,F:\GENESIS Studio\genesis-studio\packages\engines-py\.pdb_cache\4MNE,A
3313,ThermoMPNN,4MNE,0.8303237557411194,165,S,Q,F:\GENESIS Studio\genesis-studio\packages\engines-py\.pdb_cache\4MNE,A
3314,ThermoMPNN,4MNE,1.0386910438537598,165,S,R,F:\GENESIS Studio\genesis-studio\packages\engines-py\.pdb_cache\4MNE,A
3315,ThermoMPNN,4MNE,0.0,165,S,S,F:\GENESIS Studio\genesis-studio\packages\engines-py\.pdb_cache\4MNE,A
3316,ThermoMPNN,4MNE,-0.12249898910522461,165,S,T,F:\GENESIS Studio\genesis-studio\packages\engines-py\.pdb_cache\4MNE,A
3317,ThermoMPNN,4MNE,0.611758291721344,165,S,V,F:\GENESIS Studio\genesis-studio\packages\engines-py\.pdb_cache\4MNE,A
3318,ThermoMPNN,4MNE,0.42696237564086914,165,S,W,F:\GENESIS Studio\genesis-studio\packages\engines-py\.pdb_cache\4MNE,A
3319,ThermoMPNN,4MNE,0.5649387240409851,165,S,Y,F:\GENESIS Studio\genesis-studio\packages\engines-py\.pdb_cache\4MNE,A
3320,ThermoMPNN,4MNE,2.9293112754821777,166,Y,A,F:\GENESIS Studio\genesis-studio\packages\engines-py\.pdb_cache\4MNE,A
3321,ThermoMPNN,4MNE,2.3674283027648926,166,Y,C,F:\GENESIS Studio\genesis-studio\packages\engines-py\.pdb_cache\4MNE,A
3322,ThermoMPNN,4MNE,3.3464064598083496,166,Y,D,F:\GENESIS Studio\genesis-studio\packages\engines-py\.pdb_cache\4MNE,A
3323,ThermoMPNN,4MNE,3.3833234310150146,166,Y,E,F:\GENESIS Studio\genesis-studio\packages\engines-py\.pdb_cache\4MNE,A
3324,ThermoMPNN,4MNE,0.6250863075256348,166,Y,F,F:\GENESIS Studio\genesis-studio\packages\engines-py\.pdb_cache\4MNE,A
3325,ThermoMPNN,4MNE,2.911068916320801,166,Y,G,F:\GENESIS Studio\genesis-studio\packages\engines-py\.pdb_cache\4MNE,A
3326,ThermoMPNN,4MNE,1.942680835723877,166,Y,H,F:\GENESIS Studio\genesis-studio\packages\engines-py\.pdb_cache\4MNE,A
3327,ThermoMPNN,4MNE,2.690234661102295,166,Y,I,F:\GENESIS Studio\genesis-studio\packages\engines-py\.pdb_cache\4MNE,A
3328,ThermoMPNN,4MNE,2.978513240814209,166,Y,K,F:\GENESIS Studio\genesis-studio\packages\engines-py\.pdb_cache\4MNE,A
3329,ThermoMPNN,4MNE,2.4748077392578125,166,Y,L,F:\GENESIS Studio\genesis-studio\packages\engines-py\.pdb_cache\4MNE,A
3330,ThermoMPNN,4MNE,2.4112672805786133,166,Y,M,F:\GENESIS Studio\genesis-studio\packages\engines-py\.pdb_cache\4MNE,A
3331,ThermoMPNN,4MNE,2.8841214179992676,166,Y,N,F:\GENESIS Studio\genesis-studio\packages\engines-py\.pdb_cache\4MNE,A
3332,ThermoMPNN,4MNE,2.922170877456665,166,Y,P,F:\GENESIS Studio\genesis-studio\packages\engines-py\.pdb_cache\4MNE,A
3333,ThermoMPNN,4MNE,2.9342422485351562,166,Y,Q,F:\GENESIS Studio\genesis-studio\packages\engines-py\.pdb_cache\4MNE,A
3334,ThermoMPNN,4MNE,2.631399154663086,166,Y,R,F:\GENESIS Studio\genesis-studio\packages\engines-py\.pdb_cache\4MNE,A
3335,ThermoMPNN,4MNE,3.1398282051086426,166,Y,S,F:\GENESIS Studio\genesis-studio\packages\engines-py\.pdb_cache\4MNE,A
3336,ThermoMPNN,4MNE,3.0798943042755127,166,Y,T,F:\GENESIS Studio\genesis-studio\packages\engines-py\.pdb_cache\4MNE,A
3337,ThermoMPNN,4MNE,2.7420406341552734,166,Y,V,F:\GENESIS Studio\genesis-studio\packages\engines-py\.pdb_cache\4MNE,A
3338,ThermoMPNN,4MNE,0.8222091197967529,166,Y,W,F:\GENESIS Studio\genesis-studio\packages\engines-py\.pdb_cache\4MNE,A
3339,ThermoMPNN,4MNE,0.0,166,Y,Y,F:\GENESIS Studio\genesis-studio\packages\engines-py\.pdb_cache\4MNE,A
3340,ThermoMPNN,4MNE,1.3580220937728882,167,M,A,F:\GENESIS Studio\genesis-studio\packages\engines-py\.pdb_cache\4MNE,A
3341,ThermoMPNN,4MNE,0.8864642977714539,167,M,C,F:\GENESIS Studio\genesis-studio\packages\engines-py\.pdb_cache\4MNE,A
3342,ThermoMPNN,4MNE,1.4167494773864746,167,M,D,F:\GENESIS Studio\genesis-studio\packages\engines-py\.pdb_cache\4MNE,A
3343,ThermoMPNN,4MNE,1.1713790893554688,167,M,E,F:\GENESIS Studio\genesis-studio\packages\engines-py\.pdb_cache\4MNE,A
3344,ThermoMPNN,4MNE,0.9087303280830383,167,M,F,F:\GENESIS Studio\genesis-studio\packages\engines-py\.pdb_cache\4MNE,A
3345,ThermoMPNN,4MNE,2.499405860900879,167,M,G,F:\GENESIS Studio\genesis-studio\packages\engines-py\.pdb_cache\4MNE,A
3346,ThermoMPNN,4MNE,1.5268220901489258,167,M,H,F:\GENESIS Studio\genesis-studio\packages\engines-py\.pdb_cache\4MNE,A
3347,ThermoMPNN,4MNE,0.42576754093170166,167,M,I,F:\GENESIS Studio\genesis-studio\packages\engines-py\.pdb_cache\4MNE,A
3348,ThermoMPNN,4MNE,1.656836748123169,167,M,K,F:\GENESIS Studio\genesis-studio\packages\engines-py\.pdb_cache\4MNE,A
3349,ThermoMPNN,4MNE,0.07268393039703369,167,M,L,F:\GENESIS Studio\genesis-studio\packages\engines-py\.pdb_cache\4MNE,A
3350,ThermoMPNN,4MNE,0.0,167,M,M,F:\GENESIS Studio\genesis-studio\packages\engines-py\.pdb_cache\4MNE,A
3351,ThermoMPNN,4MNE,1.7165489196777344,167,M,N,F:\GENESIS Studio\genesis-studio\packages\engines-py\.pdb_cache\4MNE,A
3352,ThermoMPNN,4MNE,3.0198755264282227,167,M,P,F:\GENESIS Studio\genesis-studio\packages\engines-py\.pdb_cache\4MNE,A
3353,ThermoMPNN,4MNE,0.9896718859672546,167,M,Q,F:\GENESIS Studio\genesis-studio\packages\engines-py\.pdb_cache\4MNE,A
3354,ThermoMPNN,4MNE,1.5569605827331543,167,M,R,F:\GENESIS Studio\genesis-studio\packages\engines-py\.pdb_cache\4MNE,A
3355,ThermoMPNN,4MNE,1.6914567947387695,167,M,S,F:\GENESIS Studio\genesis-studio\packages\engines-py\.pdb_cache\4MNE,A
3356,ThermoMPNN,4MNE,1.209197998046875,167,M,T,F:\GENESIS Studio\genesis-studio\packages\engines-py\.pdb_cache\4MNE,A
3357,ThermoMPNN,4MNE,0.787495493888855,167,M,V,F:\GENESIS Studio\genesis-studio\packages\engines-py\.pdb_cache\4MNE,A
3358,ThermoMPNN,4MNE,1.052937626838684,167,M,W,F:\GENESIS Studio\genesis-studio\packages\engines-py\.pdb_cache\4MNE,A
3359,ThermoMPNN,4MNE,1.2098572254180908,167,M,Y,F:\GENESIS Studio\genesis-studio\packages\engines-py\.pdb_cache\4MNE,A
3360,ThermoMPNN,4MNE,-1.289856195449829,168,S,A,F:\GENESIS Studio\genesis-studio\packages\engines-py\.pdb_cache\4MNE,A
3361,ThermoMPNN,4MNE,-0.25327742099761963,168,S,C,F:\GENESIS Studio\genesis-studio\packages\engines-py\.pdb_cache\4MNE,A
3362,ThermoMPNN,4MNE,1.6754093170166016,168,S,D,F:\GENESIS Studio\genesis-studio\packages\engines-py\.pdb_cache\4MNE,A
3363,ThermoMPNN,4MNE,1.189256191253662,168,S,E,F:\GENESIS Studio\genesis-studio\packages\engines-py\.pdb_cache\4MNE,A
3364,ThermoMPNN,4MNE,0.3946737051010132,168,S,F,F:\GENESIS Studio\genesis-studio\packages\engines-py\.pdb_cache\4MNE,A
3365,ThermoMPNN,4MNE,0.9185729622840881,168,S,G,F:\GENESIS Studio\genesis-studio\packages\engines-py\.pdb_cache\4MNE,A
3366,ThermoMPNN,4MNE,0.9223155975341797,168,S,H,F:\GENESIS Studio\genesis-studio\packages\engines-py\.pdb_cache\4MNE,A
3367,ThermoMPNN,4MNE,0.4008004665374756,168,S,I,F:\GENESIS Studio\genesis-studio\packages\engines-py\.pdb_cache\4MNE,A
3368,ThermoMPNN,4MNE,0.9521873593330383,168,S,K,F:\GENESIS Studio\genesis-studio\packages\engines-py\.pdb_cache\4MNE,A
3369,ThermoMPNN,4MNE,0.717113733291626,168,S,L,F:\GENESIS Studio\genesis-studio\packages\engines-py\.pdb_cache\4MNE,A
3370,ThermoMPNN,4MNE,0.5686502456665039,168,S,M,F:\GENESIS Studio\genesis-studio\packages\engines-py\.pdb_cache\4MNE,A
3371,ThermoMPNN,4MNE,1.380617380142212,168,S,N,F:\GENESIS Studio\genesis-studio\packages\engines-py\.pdb_cache\4MNE,A
3372,ThermoMPNN,4MNE,0.5201520919799805,168,S,P,F:\GENESIS Studio\genesis-studio\packages\engines-py\.pdb_cache\4MNE,A
3373,ThermoMPNN,4MNE,1.1226539611816406,168,S,Q,F:\GENESIS Studio\genesis-studio\packages\engines-py\.pdb_cache\4MNE,A
3374,ThermoMPNN,4MNE,1.00570547580719,168,S,R,F:\GENESIS Studio\genesis-studio\packages\engines-py\.pdb_cache\4MNE,A
3375,ThermoMPNN,4MNE,0.0,168,S,S,F:\GENESIS Studio\genesis-studio\packages\engines-py\.pdb_cache\4MNE,A
3376,ThermoMPNN,4MNE,0.7093884944915771,168,S,T,F:\GENESIS Studio\genesis-studio\packages\engines-py\.pdb_cache\4MNE,A
3377,ThermoMPNN,4MNE,0.06735241413116455,168,S,V,F:\GENESIS Studio\genesis-studio\packages\engines-py\.pdb_cache\4MNE,A
3378,ThermoMPNN,4MNE,0.8130674958229065,168,S,W,F:\GENESIS Studio\genesis-studio\packages\engines-py\.pdb_cache\4MNE,A
3379,ThermoMPNN,4MNE,0.5963183045387268,168,S,Y,F:\GENESIS Studio\genesis-studio\packages\engines-py\.pdb_cache\4MNE,A
3380,ThermoMPNN,4MNE,2.1856589317321777,169,P,A,F:\GENESIS Studio\genesis-studio\packages\engines-py\.pdb_cache\4MNE,A
3381,ThermoMPNN,4MNE,1.484269380569458,169,P,C,F:\GENESIS Studio\genesis-studio\packages\engines-py\.pdb_cache\4MNE,A
3382,ThermoMPNN,4MNE,2.8170113563537598,169,P,D,F:\GENESIS Studio\genesis-studio\packages\engines-py\.pdb_cache\4MNE,A
3383,ThermoMPNN,4MNE,2.574556350708008,169,P,E,F:\GENESIS Studio\genesis-studio\packages\engines-py\.pdb_cache\4MNE,A
3384,ThermoMPNN,4MNE,1.8956100940704346,169,P,F,F:\GENESIS Studio\genesis-studio\packages\engines-py\.pdb_cache\4MNE,A
3385,ThermoMPNN,4MNE,2.651848554611206,169,P,G,F:\GENESIS Studio\genesis-studio\packages\engines-py\.pdb_cache\4MNE,A
3386,ThermoMPNN,4MNE,2.483808755874634,169,P,H,F:\GENESIS Studio\genesis-studio\packages\engines-py\.pdb_cache\4MNE,A
3387,ThermoMPNN,4MNE,1.9844510555267334,169,P,I,F:\GENESIS Studio\genesis-studio\packages\engines-py\.pdb_cache\4MNE,A
3388,ThermoMPNN,4MNE,2.319897174835205,169,P,K,F:\GENESIS Studio\genesis-studio\packages\engines-py\.pdb_cache\4MNE,A
3389,ThermoMPNN,4MNE,1.7967638969421387,169,P,L,F:\GENESIS Studio\genesis-studio\packages\engines-py\.pdb_cache\4MNE,A
3390,ThermoMPNN,4MNE,2.033195734024048,169,P,M,F:\GENESIS Studio\genesis-studio\packages\engines-py\.pdb_cache\4MNE,A
3391,ThermoMPNN,4MNE,2.5668087005615234,169,P,N,F:\GENESIS Studio\genesis-studio\packages\engines-py\.pdb_cache\4MNE,A
3392,ThermoMPNN,4MNE,0.0,169,P,P,F:\GENESIS Studio\genesis-studio\packages\engines-py\.pdb_cache\4MNE,A
3393,ThermoMPNN,4MNE,2.6258959770202637,169,P,Q,F:\GENESIS Studio\genesis-studio\packages\engines-py\.pdb_cache\4MNE,A
3394,ThermoMPNN,4MNE,2.3993947505950928,169,P,R,F:\GENESIS Studio\genesis-studio\packages\engines-py\.pdb_cache\4MNE,A
3395,ThermoMPNN,4MNE,2.4435043334960938,169,P,S,F:\GENESIS Studio\genesis-studio\packages\engines-py\.pdb_cache\4MNE,A
3396,ThermoMPNN,4MNE,2.6289751529693604,169,P,T,F:\GENESIS Studio\genesis-studio\packages\engines-py\.pdb_cache\4MNE,A
3397,ThermoMPNN,4MNE,2.094742774963379,169,P,V,F:\GENESIS Studio\genesis-studio\packages\engines-py\.pdb_cache\4MNE,A
3398,ThermoMPNN,4MNE,2.0637660026550293,169,P,W,F:\GENESIS Studio\genesis-studio\packages\engines-py\.pdb_cache\4MNE,A
3399,ThermoMPNN,4MNE,1.9317511320114136,169,P,Y,F:\GENESIS Studio\genesis-studio\packages\engines-py\.pdb_cache\4MNE,A
3400,ThermoMPNN,4MNE,0.5326717495918274,170,E,A,F:\GENESIS Studio\genesis-studio\packages\engines-py\.pdb_cache\4MNE,A
3401,ThermoMPNN,4MNE,0.34995174407958984,170,E,C,F:\GENESIS Studio\genesis-studio\packages\engines-py\.pdb_cache\4MNE,A
3402,ThermoMPNN,4MNE,0.43891382217407227,170,E,D,F:\GENESIS Studio\genesis-studio\packages\engines-py\.pdb_cache\4MNE,A
3403,ThermoMPNN,4MNE,0.0,170,E,E,F:\GENESIS Studio\genesis-studio\packages\engines-py\.pdb_cache\4MNE,A
3404,ThermoMPNN,4MNE,0.7706955671310425,170,E,F,F:\GENESIS Studio\genesis-studio\packages\engines-py\.pdb_cache\4MNE,A
3405,ThermoMPNN,4MNE,1.2843616008758545,170,E,G,F:\GENESIS Studio\genesis-studio\packages\engines-py\.pdb_cache\4MNE,A
3406,ThermoMPNN,4MNE,0.5999099016189575,170,E,H,F:\GENESIS Studio\genesis-studio\packages\engines-py\.pdb_cache\4MNE,A
3407,ThermoMPNN,4MNE,0.766050398349762,170,E,I,F:\GENESIS Studio\genesis-studio\packages\engines-py\.pdb_cache\4MNE,A
3408,ThermoMPNN,4MNE,1.3347315788269043,170,E,K,F:\GENESIS Studio\genesis-studio\packages\engines-py\.pdb_cache\4MNE,A
3409,ThermoMPNN,4MNE,0.927107572555542,170,E,L,F:\GENESIS Studio\genesis-studio\packages\engines-py\.pdb_cache\4MNE,A
3410,ThermoMPNN,4MNE,0.8694823980331421,170,E,M,F:\GENESIS Studio\genesis-studio\packages\engines-py\.pdb_cache\4MNE,A
3411,ThermoMPNN,4MNE,0.8538711071014404,170,E,N,F:\GENESIS Studio\genesis-studio\packages\engines-py\.pdb_cache\4MNE,A
3412,ThermoMPNN,4MNE,0.824338972568512,170,E,P,F:\GENESIS Studio\genesis-studio\packages\engines-py\.pdb_cache\4MNE,A
3413,ThermoMPNN,4MNE,0.70302414894104,170,E,Q,F:\GENESIS Studio\genesis-studio\packages\engines-py\.pdb_cache\4MNE,A
3414,ThermoMPNN,4MNE,1.3704843521118164,170,E,R,F:\GENESIS Studio\genesis-studio\packages\engines-py\.pdb_cache\4MNE,A
3415,ThermoMPNN,4MNE,0.6877753734588623,170,E,S,F:\GENESIS Studio\genesis-studio\packages\engines-py\.pdb_cache\4MNE,A
3416,ThermoMPNN,4MNE,0.8371469974517822,170,E,T,F:\GENESIS Studio\genesis-studio\packages\engines-py\.pdb_cache\4MNE,A
3417,ThermoMPNN,4MNE,0.7118167877197266,170,E,V,F:\GENESIS Studio\genesis-studio\packages\engines-py\.pdb_cache\4MNE,A
3418,ThermoMPNN,4MNE,0.5599096417427063,170,E,W,F:\GENESIS Studio\genesis-studio\packages\engines-py\.pdb_cache\4MNE,A
3419,ThermoMPNN,4MNE,0.425331175327301,170,E,Y,F:\GENESIS Studio\genesis-studio\packages\engines-py\.pdb_cache\4MNE,A
3420,ThermoMPNN,4MNE,0.6082727909088135,171,R,A,F:\GENESIS Studio\genesis-studio\packages\engines-py\.pdb_cache\4MNE,A
3421,ThermoMPNN,4MNE,0.3016918897628784,171,R,C,F:\GENESIS Studio\genesis-studio\packages\engines-py\.pdb_cache\4MNE,A
3422,ThermoMPNN,4MNE,0.7276515960693359,171,R,D,F:\GENESIS Studio\genesis-studio\packages\engines-py\.pdb_cache\4MNE,A
3423,ThermoMPNN,4MNE,0.4155072569847107,171,R,E,F:\GENESIS Studio\genesis-studio\packages\engines-py\.pdb_cache\4MNE,A
3424,ThermoMPNN,4MNE,0.4294624328613281,171,R,F,F:\GENESIS Studio\genesis-studio\packages\engines-py\.pdb_cache\4MNE,A
3425,ThermoMPNN,4MNE,1.415055513381958,171,R,G,F:\GENESIS Studio\genesis-studio\packages\engines-py\.pdb_cache\4MNE,A
3426,ThermoMPNN,4MNE,0.5335750579833984,171,R,H,F:\GENESIS Studio\genesis-studio\packages\engines-py\.pdb_cache\4MNE,A
3427,ThermoMPNN,4MNE,0.12929439544677734,171,R,I,F:\GENESIS Studio\genesis-studio\packages\engines-py\.pdb_cache\4MNE,A
3428,ThermoMPNN,4MNE,0.28545141220092773,171,R,K,F:\GENESIS Studio\genesis-studio\packages\engines-py\.pdb_cache\4MNE,A
3429,ThermoMPNN,4MNE,0.31090056896209717,171,R,L,F:\GENESIS Studio\genesis-studio\packages\engines-py\.pdb_cache\4MNE,A
3430,ThermoMPNN,4MNE,0.44357573986053467,171,R,M,F:\GENESIS Studio\genesis-studio\packages\engines-py\.pdb_cache\4MNE,A
3431,ThermoMPNN,4MNE,0.6524991393089294,171,R,N,F:\GENESIS Studio\genesis-studio\packages\engines-py\.pdb_cache\4MNE,A
3432,ThermoMPNN,4MNE,2.2215652465820312,171,R,P,F:\GENESIS Studio\genesis-studio\packages\engines-py\.pdb_cache\4MNE,A
3433,ThermoMPNN,4MNE,0.493538498878479,171,R,Q,F:\GENESIS Studio\genesis-studio\packages\engines-py\.pdb_cache\4MNE,A
3434,ThermoMPNN,4MNE,0.0,171,R,R,F:\GENESIS Studio\genesis-studio\packages\engines-py\.pdb_cache\4MNE,A
3435,ThermoMPNN,4MNE,0.724608302116394,171,R,S,F:\GENESIS Studio\genesis-studio\packages\engines-py\.pdb_cache\4MNE,A
3436,ThermoMPNN,4MNE,0.5338289141654968,171,R,T,F:\GENESIS Studio\genesis-studio\packages\engines-py\.pdb_cache\4MNE,A
3437,ThermoMPNN,4MNE,0.17474722862243652,171,R,V,F:\GENESIS Studio\genesis-studio\packages\engines-py\.pdb_cache\4MNE,A
3438,ThermoMPNN,4MNE,0.3874305486679077,171,R,W,F:\GENESIS Studio\genesis-studio\packages\engines-py\.pdb_cache\4MNE,A
3439,ThermoMPNN,4MNE,0.38695067167282104,171,R,Y,F:\GENESIS Studio\genesis-studio\packages\engines-py\.pdb_cache\4MNE,A
3440,ThermoMPNN,4MNE,1.652309775352478,172,L,A,F:\GENESIS Studio\genesis-studio\packages\engines-py\.pdb_cache\4MNE,A
3441,ThermoMPNN,4MNE,1.2291114330291748,172,L,C,F:\GENESIS Studio\genesis-studio\packages\engines-py\.pdb_cache\4MNE,A
3442,ThermoMPNN,4MNE,1.8583827018737793,172,L,D,F:\GENESIS Studio\genesis-studio\packages\engines-py\.pdb_cache\4MNE,A
3443,ThermoMPNN,4MNE,1.7791869640350342,172,L,E,F:\GENESIS Studio\genesis-studio\packages\engines-py\.pdb_cache\4MNE,A
3444,ThermoMPNN,4MNE,1.2358112335205078,172,L,F,F:\GENESIS Studio\genesis-studio\packages\engines-py\.pdb_cache\4MNE,A
3445,ThermoMPNN,4MNE,2.268110752105713,172,L,G,F:\GENESIS Studio\genesis-studio\packages\engines-py\.pdb_cache\4MNE,A
3446,ThermoMPNN,4MNE,1.946211576461792,172,L,H,F:\GENESIS Studio\genesis-studio\packages\engines-py\.pdb_cache\4MNE,A
3447,ThermoMPNN,4MNE,0.8002021312713623,172,L,I,F:\GENESIS Studio\genesis-studio\packages\engines-py\.pdb_cache\4MNE,A
3448,ThermoMPNN,4MNE,2.079324245452881,172,L,K,F:\GENESIS Studio\genesis-studio\packages\engines-py\.pdb_cache\4MNE,A
3449,ThermoMPNN,4MNE,0.0,172,L,L,F:\GENESIS Studio\genesis-studio\packages\engines-py\.pdb_cache\4MNE,A
3450,ThermoMPNN,4MNE,0.7048897743225098,172,L,M,F:\GENESIS Studio\genesis-studio\packages\engines-py\.pdb_cache\4MNE,A
3451,ThermoMPNN,4MNE,2.0679235458374023,172,L,N,F:\GENESIS Studio\genesis-studio\packages\engines-py\.pdb_cache\4MNE,A
3452,ThermoMPNN,4MNE,2.3283638954162598,172,L,P,F:\GENESIS Studio\genesis-studio\packages\engines-py\.pdb_cache\4MNE,A
3453,ThermoMPNN,4MNE,1.9287686347961426,172,L,Q,F:\GENESIS Studio\genesis-studio\packages\engines-py\.pdb_cache\4MNE,A
3454,ThermoMPNN,4MNE,2.0582423210144043,172,L,R,F:\GENESIS Studio\genesis-studio\packages\engines-py\.pdb_cache\4MNE,A
3455,ThermoMPNN,4MNE,2.1365604400634766,172,L,S,F:\GENESIS Studio\genesis-studio\packages\engines-py\.pdb_cache\4MNE,A
3456,ThermoMPNN,4MNE,1.9987471103668213,172,L,T,F:\GENESIS Studio\genesis-studio\packages\engines-py\.pdb_cache\4MNE,A
3457,ThermoMPNN,4MNE,1.595884919166565,172,L,V,F:\GENESIS Studio\genesis-studio\packages\engines-py\.pdb_cache\4MNE,A
3458,ThermoMPNN,4MNE,1.486964464187622,172,L,W,F:\GENESIS Studio\genesis-studio\packages\engines-py\.pdb_cache\4MNE,A
3459,ThermoMPNN,4MNE,1.436617136001587,172,L,Y,F:\GENESIS Studio\genesis-studio\packages\engines-py\.pdb_cache\4MNE,A
3460,ThermoMPNN,4MNE,0.715023398399353,173,Q,A,F:\GENESIS Studio\genesis-studio\packages\engines-py\.pdb_cache\4MNE,A
3461,ThermoMPNN,4MNE,0.29784059524536133,173,Q,C,F:\GENESIS Studio\genesis-studio\packages\engines-py\.pdb_cache\4MNE,A
3462,ThermoMPNN,4MNE,1.6720521450042725,173,Q,D,F:\GENESIS Studio\genesis-studio\packages\engines-py\.pdb_cache\4MNE,A
3463,ThermoMPNN,4MNE,0.9564225673675537,173,Q,E,F:\GENESIS Studio\genesis-studio\packages\engines-py\.pdb_cache\4MNE,A
3464,ThermoMPNN,4MNE,0.6637788414955139,173,Q,F,F:\GENESIS Studio\genesis-studio\packages\engines-py\.pdb_cache\4MNE,A
3465,ThermoMPNN,4MNE,1.3694466352462769,173,Q,G,F:\GENESIS Studio\genesis-studio\packages\engines-py\.pdb_cache\4MNE,A
3466,ThermoMPNN,4MNE,0.6974111795425415,173,Q,H,F:\GENESIS Studio\genesis-studio\packages\engines-py\.pdb_cache\4MNE,A
3467,ThermoMPNN,4MNE,0.12057018280029297,173,Q,I,F:\GENESIS Studio\genesis-studio\packages\engines-py\.pdb_cache\4MNE,A
3468,ThermoMPNN,4MNE,-0.2519766092300415,173,Q,K,F:\GENESIS Studio\genesis-studio\packages\engines-py\.pdb_cache\4MNE,A
3469,ThermoMPNN,4MNE,-0.11427652835845947,173,Q,L,F:\GENESIS Studio\genesis-studio\packages\engines-py\.pdb_cache\4MNE,A
3470,ThermoMPNN,4MNE,-0.06726431846618652,173,Q,M,F:\GENESIS Studio\genesis-studio\packages\engines-py\.pdb_cache\4MNE,A
3471,ThermoMPNN,4MNE,0.7631287574768066,173,Q,N,F:\GENESIS Studio\genesis-studio\packages\engines-py\.pdb_cache\4MNE,A
3472,ThermoMPNN,4MNE,2.601931095123291,173,Q,P,F:\GENESIS Studio\genesis-studio\packages\engines-py\.pdb_cache\4MNE,A
3473,ThermoMPNN,4MNE,0.0,173,Q,Q,F:\GENESIS Studio\genesis-studio\packages\engines-py\.pdb_cache\4MNE,A
3474,ThermoMPNN,4MNE,-0.34544527530670166,173,Q,R,F:\GENESIS Studio\genesis-studio\packages\engines-py\.pdb_cache\4MNE,A
3475,ThermoMPNN,4MNE,0.6653898358345032,173,Q,S,F:\GENESIS Studio\genesis-studio\packages\engines-py\.pdb_cache\4MNE,A
3476,ThermoMPNN,4MNE,0.14603924751281738,173,Q,T,F:\GENESIS Studio\genesis-studio\packages\engines-py\.pdb_cache\4MNE,A
3477,ThermoMPNN,4MNE,0.21578609943389893,173,Q,V,F:\GENESIS Studio\genesis-studio\packages\engines-py\.pdb_cache\4MNE,A
3478,ThermoMPNN,4MNE,0.7900052070617676,173,Q,W,F:\GENESIS Studio\genesis-studio\packages\engines-py\.pdb_cache\4MNE,A
3479,ThermoMPNN,4MNE,0.7612955570220947,173,Q,Y,F:\GENESIS Studio\genesis-studio\packages\engines-py\.pdb_cache\4MNE,A
3480,ThermoMPNN,4MNE,1.016524314880371,174,G,A,F:\GENESIS Studio\genesis-studio\packages\engines-py\.pdb_cache\4MNE,A
3481,ThermoMPNN,4MNE,0.3892420530319214,174,G,C,F:\GENESIS Studio\genesis-studio\packages\engines-py\.pdb_cache\4MNE,A
3482,ThermoMPNN,4MNE,1.0962330102920532,174,G,D,F:\GENESIS Studio\genesis-studio\packages\engines-py\.pdb_cache\4MNE,A
3483,ThermoMPNN,4MNE,1.0392735004425049,174,G,E,F:\GENESIS Studio\genesis-studio\packages\engines-py\.pdb_cache\4MNE,A
3484,ThermoMPNN,4MNE,0.9999544024467468,174,G,F,F:\GENESIS Studio\genesis-studio\packages\engines-py\.pdb_cache\4MNE,A
3485,ThermoMPNN,4MNE,0.0,174,G,G,F:\GENESIS Studio\genesis-studio\packages\engines-py\.pdb_cache\4MNE,A
3486,ThermoMPNN,4MNE,0.5801398754119873,174,G,H,F:\GENESIS Studio\genesis-studio\packages\engines-py\.pdb_cache\4MNE,A
3487,ThermoMPNN,4MNE,1.8249914646148682,174,G,I,F:\GENESIS Studio\genesis-studio\packages\engines-py\.pdb_cache\4MNE,A
3488,ThermoMPNN,4MNE,0.6828619241714478,174,G,K,F:\GENESIS Studio\genesis-studio\packages\engines-py\.pdb_cache\4MNE,A
3489,ThermoMPNN,4MNE,1.072323203086853,174,G,L,F:\GENESIS Studio\genesis-studio\packages\engines-py\.pdb_cache\4MNE,A
3490,ThermoMPNN,4MNE,0.8066696524620056,174,G,M,F:\GENESIS Studio\genesis-studio\packages\engines-py\.pdb_cache\4MNE,A
3491,ThermoMPNN,4MNE,0.44083642959594727,174,G,N,F:\GENESIS Studio\genesis-studio\packages\engines-py\.pdb_cache\4MNE,A
3492,ThermoMPNN,4MNE,2.4106693267822266,174,G,P,F:\GENESIS Studio\genesis-studio\packages\engines-py\.pdb_cache\4MNE,A
3493,ThermoMPNN,4MNE,0.6502081155776978,174,G,Q,F:\GENESIS Studio\genesis-studio\packages\engines-py\.pdb_cache\4MNE,A
3494,ThermoMPNN,4MNE,0.8773862719535828,174,G,R,F:\GENESIS Studio\genesis-studio\packages\engines-py\.pdb_cache\4MNE,A
3495,ThermoMPNN,4MNE,1.0341238975524902,174,G,S,F:\GENESIS Studio\genesis-studio\packages\engines-py\.pdb_cache\4MNE,A
3496,ThermoMPNN,4MNE,1.5919758081436157,174,G,T,F:\GENESIS Studio\genesis-studio\packages\engines-py\.pdb_cache\4MNE,A
3497,ThermoMPNN,4MNE,1.732926845550537,174,G,V,F:\GENESIS Studio\genesis-studio\packages\engines-py\.pdb_cache\4MNE,A
3498,ThermoMPNN,4MNE,1.3660030364990234,174,G,W,F:\GENESIS Studio\genesis-studio\packages\engines-py\.pdb_cache\4MNE,A
3499,ThermoMPNN,4MNE,1.1805870532989502,174,G,Y,F:\GENESIS Studio\genesis-studio\packages\engines-py\.pdb_cache\4MNE,A
3500,ThermoMPNN,4MNE,0.9312386512756348,175,T,A,F:\GENESIS Studio\genesis-studio\packages\engines-py\.pdb_cache\4MNE,A
3501,ThermoMPNN,4MNE,0.5963481068611145,175,T,C,F:\GENESIS Studio\genesis-studio\packages\engines-py\.pdb_cache\4MNE,A
3502,ThermoMPNN,4MNE,1.859062910079956,175,T,D,F:\GENESIS Studio\genesis-studio\packages\engines-py\.pdb_cache\4MNE,A
3503,ThermoMPNN,4MNE,1.5545463562011719,175,T,E,F:\GENESIS Studio\genesis-studio\packages\engines-py\.pdb_cache\4MNE,A
3504,ThermoMPNN,4MNE,0.9021658301353455,175,T,F,F:\GENESIS Studio\genesis-studio\packages\engines-py\.pdb_cache\4MNE,A
3505,ThermoMPNN,4MNE,1.4099411964416504,175,T,G,F:\GENESIS Studio\genesis-studio\packages\engines-py\.pdb_cache\4MNE,A
3506,ThermoMPNN,4MNE,0.9244073033332825,175,T,H,F:\GENESIS Studio\genesis-studio\packages\engines-py\.pdb_cache\4MNE,A
3507,ThermoMPNN,4MNE,0.17813575267791748,175,T,I,F:\GENESIS Studio\genesis-studio\packages\engines-py\.pdb_cache\4MNE,A
3508,ThermoMPNN,4MNE,0.42747724056243896,175,T,K,F:\GENESIS Studio\genesis-studio\packages\engines-py\.pdb_cache\4MNE,A
3509,ThermoMPNN,4MNE,0.5963000655174255,175,T,L,F:\GENESIS Studio\genesis-studio\packages\engines-py\.pdb_cache\4MNE,A
3510,ThermoMPNN,4MNE,0.6038228869438171,175,T,M,F:\GENESIS Studio\genesis-studio\packages\engines-py\.pdb_cache\4MNE,A
3511,ThermoMPNN,4MNE,1.0119545459747314,175,T,N,F:\GENESIS Studio\genesis-studio\packages\engines-py\.pdb_cache\4MNE,A
3512,ThermoMPNN,4MNE,2.099485158920288,175,T,P,F:\GENESIS Studio\genesis-studio\packages\engines-py\.pdb_cache\4MNE,A
3513,ThermoMPNN,4MNE,0.955463171005249,175,T,Q,F:\GENESIS Studio\genesis-studio\packages\engines-py\.pdb_cache\4MNE,A
3514,ThermoMPNN,4MNE,0.07847833633422852,175,T,R,F:\GENESIS Studio\genesis-studio\packages\engines-py\.pdb_cache\4MNE,A
3515,ThermoMPNN,4MNE,0.4358670711517334,175,T,S,F:\GENESIS Studio\genesis-studio\packages\engines-py\.pdb_cache\4MNE,A
3516,ThermoMPNN,4MNE,0.0,175,T,T,F:\GENESIS Studio\genesis-studio\packages\engines-py\.pdb_cache\4MNE,A
3517,ThermoMPNN,4MNE,0.44140470027923584,175,T,V,F:\GENESIS Studio\genesis-studio\packages\engines-py\.pdb_cache\4MNE,A
3518,ThermoMPNN,4MNE,0.9665325880050659,175,T,W,F:\GENESIS Studio\genesis-studio\packages\engines-py\.pdb_cache\4MNE,A
3519,ThermoMPNN,4MNE,0.9082309007644653,175,T,Y,F:\GENESIS Studio\genesis-studio\packages\engines-py\.pdb_cache\4MNE,A
3520,ThermoMPNN,4MNE,0.7476557493209839,176,H,A,F:\GENESIS Studio\genesis-studio\packages\engines-py\.pdb_cache\4MNE,A
3521,ThermoMPNN,4MNE,0.4353022575378418,176,H,C,F:\GENESIS Studio\genesis-studio\packages\engines-py\.pdb_cache\4MNE,A
3522,ThermoMPNN,4MNE,1.5261125564575195,176,H,D,F:\GENESIS Studio\genesis-studio\packages\engines-py\.pdb_cache\4MNE,A
3523,ThermoMPNN,4MNE,1.5750725269317627,176,H,E,F:\GENESIS Studio\genesis-studio\packages\engines-py\.pdb_cache\4MNE,A
3524,ThermoMPNN,4MNE,0.6991161108016968,176,H,F,F:\GENESIS Studio\genesis-studio\packages\engines-py\.pdb_cache\4MNE,A
3525,ThermoMPNN,4MNE,1.6183462142944336,176,H,G,F:\GENESIS Studio\genesis-studio\packages\engines-py\.pdb_cache\4MNE,A
3526,ThermoMPNN,4MNE,0.0,176,H,H,F:\GENESIS Studio\genesis-studio\packages\engines-py\.pdb_cache\4MNE,A
3527,ThermoMPNN,4MNE,1.3713359832763672,176,H,I,F:\GENESIS Studio\genesis-studio\packages\engines-py\.pdb_cache\4MNE,A
3528,ThermoMPNN,4MNE,1.2897638082504272,176,H,K,F:\GENESIS Studio\genesis-studio\packages\engines-py\.pdb_cache\4MNE,A
3529,ThermoMPNN,4MNE,1.4378256797790527,176,H,L,F:\GENESIS Studio\genesis-studio\packages\engines-py\.pdb_cache\4MNE,A
3530,ThermoMPNN,4MNE,1.036195993423462,176,H,M,F:\GENESIS Studio\genesis-studio\packages\engines-py\.pdb_cache\4MNE,A
3531,ThermoMPNN,4MNE,0.8812978267669678,176,H,N,F:\GENESIS Studio\genesis-studio\packages\engines-py\.pdb_cache\4MNE,A
3532,ThermoMPNN,4MNE,2.584230661392212,176,H,P,F:\GENESIS Studio\genesis-studio\packages\engines-py\.pdb_cache\4MNE,A
3533,ThermoMPNN,4MNE,1.02256441116333,176,H,Q,F:\GENESIS Studio\genesis-studio\packages\engines-py\.pdb_cache\4MNE,A
3534,ThermoMPNN,4MNE,1.0429017543792725,176,H,R,F:\GENESIS Studio\genesis-studio\packages\engines-py\.pdb_cache\4MNE,A
3535,ThermoMPNN,4MNE,0.8519713878631592,176,H,S,F:\GENESIS Studio\genesis-studio\packages\engines-py\.pdb_cache\4MNE,A
3536,ThermoMPNN,4MNE,1.6320403814315796,176,H,T,F:\GENESIS Studio\genesis-studio\packages\engines-py\.pdb_cache\4MNE,A
3537,ThermoMPNN,4MNE,1.3385697603225708,176,H,V,F:\GENESIS Studio\genesis-studio\packages\engines-py\.pdb_cache\4MNE,A
3538,ThermoMPNN,4MNE,0.5902152061462402,176,H,W,F:\GENESIS Studio\genesis-studio\packages\engines-py\.pdb_cache\4MNE,A
3539,ThermoMPNN,4MNE,0.19034910202026367,176,H,Y,F:\GENESIS Studio\genesis-studio\packages\engines-py\.pdb_cache\4MNE,A
3540,ThermoMPNN,4MNE,1.1223007440567017,177,Y,A,F:\GENESIS Studio\genesis-studio\packages\engines-py\.pdb_cache\4MNE,A
3541,ThermoMPNN,4MNE,0.1747821569442749,177,Y,C,F:\GENESIS Studio\genesis-studio\packages\engines-py\.pdb_cache\4MNE,A
3542,ThermoMPNN,4MNE,0.08378958702087402,177,Y,D,F:\GENESIS Studio\genesis-studio\packages\engines-py\.pdb_cache\4MNE,A
3543,ThermoMPNN,4MNE,0.7389616966247559,177,Y,E,F:\GENESIS Studio\genesis-studio\packages\engines-py\.pdb_cache\4MNE,A
3544,ThermoMPNN,4MNE,-0.022562742233276367,177,Y,F,F:\GENESIS Studio\genesis-studio\packages\engines-py\.pdb_cache\4MNE,A
3545,ThermoMPNN,4MNE,1.5801129341125488,177,Y,G,F:\GENESIS Studio\genesis-studio\packages\engines-py\.pdb_cache\4MNE,A
3546,ThermoMPNN,4MNE,0.577811598777771,177,Y,H,F:\GENESIS Studio\genesis-studio\packages\engines-py\.pdb_cache\4MNE,A
3547,ThermoMPNN,4MNE,1.0194058418273926,177,Y,I,F:\GENESIS Studio\genesis-studio\packages\engines-py\.pdb_cache\4MNE,A
3548,ThermoMPNN,4MNE,1.3923143148422241,177,Y,K,F:\GENESIS Studio\genesis-studio\packages\engines-py\.pdb_cache\4MNE,A
3549,ThermoMPNN,4MNE,0.6954305171966553,177,Y,L,F:\GENESIS Studio\genesis-studio\packages\engines-py\.pdb_cache\4MNE,A
3550,ThermoMPNN,4MNE,0.816405177116394,177,Y,M,F:\GENESIS Studio\genesis-studio\packages\engines-py\.pdb_cache\4MNE,A
3551,ThermoMPNN,4MNE,0.45331984758377075,177,Y,N,F:\GENESIS Studio\genesis-studio\packages\engines-py\.pdb_cache\4MNE,A
3552,ThermoMPNN,4MNE,1.8593225479125977,177,Y,P,F:\GENESIS Studio\genesis-studio\packages\engines-py\.pdb_cache\4MNE,A
3553,ThermoMPNN,4MNE,1.1529593467712402,177,Y,Q,F:\GENESIS Studio\genesis-studio\packages\engines-py\.pdb_cache\4MNE,A
3554,ThermoMPNN,4MNE,1.1919715404510498,177,Y,R,F:\GENESIS Studio\genesis-studio\packages\engines-py\.pdb_cache\4MNE,A
3555,ThermoMPNN,4MNE,0.9276697635650635,177,Y,S,F:\GENESIS Studio\genesis-studio\packages\engines-py\.pdb_cache\4MNE,A
3556,ThermoMPNN,4MNE,1.1080360412597656,177,Y,T,F:\GENESIS Studio\genesis-studio\packages\engines-py\.pdb_cache\4MNE,A
3557,ThermoMPNN,4MNE,1.1032809019088745,177,Y,V,F:\GENESIS Studio\genesis-studio\packages\engines-py\.pdb_cache\4MNE,A
3558,ThermoMPNN,4MNE,-0.08678126335144043,177,Y,W,F:\GENESIS Studio\genesis-studio\packages\engines-py\.pdb_cache\4MNE,A
3559,ThermoMPNN,4MNE,0.0,177,Y,Y,F:\GENESIS Studio\genesis-studio\packages\engines-py\.pdb_cache\4MNE,A
3560,ThermoMPNN,4MNE,1.6072442531585693,178,S,A,F:\GENESIS Studio\genesis-studio\packages\engines-py\.pdb_cache\4MNE,A
3561,ThermoMPNN,4MNE,1.2933250665664673,178,S,C,F:\GENESIS Studio\genesis-studio\packages\engines-py\.pdb_cache\4MNE,A
3562,ThermoMPNN,4MNE,1.0163689851760864,178,S,D,F:\GENESIS Studio\genesis-studio\packages\engines-py\.pdb_cache\4MNE,A
3563,ThermoMPNN,4MNE,2.2443037033081055,178,S,E,F:\GENESIS Studio\genesis-studio\packages\engines-py\.pdb_cache\4MNE,A
3564,ThermoMPNN,4MNE,1.961395263671875,178,S,F,F:\GENESIS Studio\genesis-studio\packages\engines-py\.pdb_cache\4MNE,A
3565,ThermoMPNN,4MNE,1.4151298999786377,178,S,G,F:\GENESIS Studio\genesis-studio\packages\engines-py\.pdb_cache\4MNE,A
3566,ThermoMPNN,4MNE,2.072592258453369,178,S,H,F:\GENESIS Studio\genesis-studio\packages\engines-py\.pdb_cache\4MNE,A
3567,ThermoMPNN,4MNE,2.0716898441314697,178,S,I,F:\GENESIS Studio\genesis-studio\packages\engines-py\.pdb_cache\4MNE,A
3568,ThermoMPNN,4MNE,2.0689961910247803,178,S,K,F:\GENESIS Studio\genesis-studio\packages\engines-py\.pdb_cache\4MNE,A
3569,ThermoMPNN,4MNE,2.2561142444610596,178,S,L,F:\GENESIS Studio\genesis-studio\packages\engines-py\.pdb_cache\4MNE,A
3570,ThermoMPNN,4MNE,1.8562989234924316,178,S,M,F:\GENESIS Studio\genesis-studio\packages\engines-py\.pdb_cache\4MNE,A
3571,ThermoMPNN,4MNE,0.8659775257110596,178,S,N,F:\GENESIS Studio\genesis-studio\packages\engines-py\.pdb_cache\4MNE,A
3572,ThermoMPNN,4MNE,2.587951421737671,178,S,P,F:\GENESIS Studio\genesis-studio\packages\engines-py\.pdb_cache\4MNE,A
3573,ThermoMPNN,4MNE,2.1056888103485107,178,S,Q,F:\GENESIS Studio\genesis-studio\packages\engines-py\.pdb_cache\4MNE,A
3574,ThermoMPNN,4MNE,1.9618422985076904,178,S,R,F:\GENESIS Studio\genesis-studio\packages\engines-py\.pdb_cache\4MNE,A
3575,ThermoMPNN,4MNE,0.0,178,S,S,F:\GENESIS Studio\genesis-studio\packages\engines-py\.pdb_cache\4MNE,A
3576,ThermoMPNN,4MNE,0.8193082809448242,178,S,T,F:\GENESIS Studio\genesis-studio\packages\engines-py\.pdb_cache\4MNE,A
3577,ThermoMPNN,4MNE,2.3691909313201904,178,S,V,F:\GENESIS Studio\genesis-studio\packages\engines-py\.pdb_cache\4MNE,A
3578,ThermoMPNN,4MNE,2.117807149887085,178,S,W,F:\GENESIS Studio\genesis-studio\packages\engines-py\.pdb_cache\4MNE,A
3579,ThermoMPNN,4MNE,2.447155475616455,178,S,Y,F:\GENESIS Studio\genesis-studio\packages\engines-py\.pdb_cache\4MNE,A
3580,ThermoMPNN,4MNE,0.8057982325553894,179,V,A,F:\GENESIS Studio\genesis-studio\packages\engines-py\.pdb_cache\4MNE,A
3581,ThermoMPNN,4MNE,0.21596693992614746,179,V,C,F:\GENESIS Studio\genesis-studio\packages\engines-py\.pdb_cache\4MNE,A
3582,ThermoMPNN,4MNE,0.9573915600776672,179,V,D,F:\GENESIS Studio\genesis-studio\packages\engines-py\.pdb_cache\4MNE,A
3583,ThermoMPNN,4MNE,0.6705334782600403,179,V,E,F:\GENESIS Studio\genesis-studio\packages\engines-py\.pdb_cache\4MNE,A
3584,ThermoMPNN,4MNE,0.4053323268890381,179,V,F,F:\GENESIS Studio\genesis-studio\packages\engines-py\.pdb_cache\4MNE,A
3585,ThermoMPNN,4MNE,1.351747989654541,179,V,G,F:\GENESIS Studio\genesis-studio\packages\engines-py\.pdb_cache\4MNE,A
3586,ThermoMPNN,4MNE,0.677312970161438,179,V,H,F:\GENESIS Studio\genesis-studio\packages\engines-py\.pdb_cache\4MNE,A
3587,ThermoMPNN,4MNE,-0.25329530239105225,179,V,I,F:\GENESIS Studio\genesis-studio\packages\engines-py\.pdb_cache\4MNE,A
3588,ThermoMPNN,4MNE,1.117358684539795,179,V,K,F:\GENESIS Studio\genesis-studio\packages\engines-py\.pdb_cache\4MNE,A
3589,ThermoMPNN,4MNE,0.21030211448669434,179,V,L,F:\GENESIS Studio\genesis-studio\packages\engines-py\.pdb_cache\4MNE,A
3590,ThermoMPNN,4MNE,0.42897796630859375,179,V,M,F:\GENESIS Studio\genesis-studio\packages\engines-py\.pdb_cache\4MNE,A
3591,ThermoMPNN,4MNE,1.1388111114501953,179,V,N,F:\GENESIS Studio\genesis-studio\packages\engines-py\.pdb_cache\4MNE,A
3592,ThermoMPNN,4MNE,0.8286473155021667,179,V,P,F:\GENESIS Studio\genesis-studio\packages\engines-py\.pdb_cache\4MNE,A
3593,ThermoMPNN,4MNE,0.9012500047683716,179,V,Q,F:\GENESIS Studio\genesis-studio\packages\engines-py\.pdb_cache\4MNE,A
3594,ThermoMPNN,4MNE,1.2066295146942139,179,V,R,F:\GENESIS Studio\genesis-studio\packages\engines-py\.pdb_cache\4MNE,A
3595,ThermoMPNN,4MNE,0.9015861749649048,179,V,S,F:\GENESIS Studio\genesis-studio\packages\engines-py\.pdb_cache\4MNE,A
3596,ThermoMPNN,4MNE,0.6304653882980347,179,V,T,F:\GENESIS Studio\genesis-studio\packages\engines-py\.pdb_cache\4MNE,A
3597,ThermoMPNN,4MNE,0.0,179,V,V,F:\GENESIS Studio\genesis-studio\packages\engines-py\.pdb_cache\4MNE,A
3598,ThermoMPNN,4MNE,0.30840611457824707,179,V,W,F:\GENESIS Studio\genesis-studio\packages\engines-py\.pdb_cache\4MNE,A
3599,ThermoMPNN,4MNE,0.2904413342475891,179,V,Y,F:\GENESIS Studio\genesis-studio\packages\engines-py\.pdb_cache\4MNE,A
3600,ThermoMPNN,4MNE,0.09181654453277588,180,Q,A,F:\GENESIS Studio\genesis-studio\packages\engines-py\.pdb_cache\4MNE,A
3601,ThermoMPNN,4MNE,0.3998810648918152,180,Q,C,F:\GENESIS Studio\genesis-studio\packages\engines-py\.pdb_cache\4MNE,A
3602,ThermoMPNN,4MNE,1.3304898738861084,180,Q,D,F:\GENESIS Studio\genesis-studio\packages\engines-py\.pdb_cache\4MNE,A
3603,ThermoMPNN,4MNE,0.74155592918396,180,Q,E,F:\GENESIS Studio\genesis-studio\packages\engines-py\.pdb_cache\4MNE,A
3604,ThermoMPNN,4MNE,0.684040904045105,180,Q,F,F:\GENESIS Studio\genesis-studio\packages\engines-py\.pdb_cache\4MNE,A
3605,ThermoMPNN,4MNE,0.7962996959686279,180,Q,G,F:\GENESIS Studio\genesis-studio\packages\engines-py\.pdb_cache\4MNE,A
3606,ThermoMPNN,4MNE,0.24316275119781494,180,Q,H,F:\GENESIS Studio\genesis-studio\packages\engines-py\.pdb_cache\4MNE,A
3607,ThermoMPNN,4MNE,0.6811131834983826,180,Q,I,F:\GENESIS Studio\genesis-studio\packages\engines-py\.pdb_cache\4MNE,A
3608,ThermoMPNN,4MNE,-0.09236598014831543,180,Q,K,F:\GENESIS Studio\genesis-studio\packages\engines-py\.pdb_cache\4MNE,A
3609,ThermoMPNN,4MNE,0.31453847885131836,180,Q,L,F:\GENESIS Studio\genesis-studio\packages\engines-py\.pdb_cache\4MNE,A
3610,ThermoMPNN,4MNE,0.19762611389160156,180,Q,M,F:\GENESIS Studio\genesis-studio\packages\engines-py\.pdb_cache\4MNE,A
3611,ThermoMPNN,4MNE,0.6348788738250732,180,Q,N,F:\GENESIS Studio\genesis-studio\packages\engines-py\.pdb_cache\4MNE,A
3612,ThermoMPNN,4MNE,0.4717242121696472,180,Q,P,F:\GENESIS Studio\genesis-studio\packages\engines-py\.pdb_cache\4MNE,A
3613,ThermoMPNN,4MNE,0.0,180,Q,Q,F:\GENESIS Studio\genesis-studio\packages\engines-py\.pdb_cache\4MNE,A
3614,ThermoMPNN,4MNE,-0.008084774017333984,180,Q,R,F:\GENESIS Studio\genesis-studio\packages\engines-py\.pdb_cache\4MNE,A
3615,ThermoMPNN,4MNE,0.3956301808357239,180,Q,S,F:\GENESIS Studio\genesis-studio\packages\engines-py\.pdb_cache\4MNE,A
3616,ThermoMPNN,4MNE,0.759645938873291,180,Q,T,F:\GENESIS Studio\genesis-studio\packages\engines-py\.pdb_cache\4MNE,A
3617,ThermoMPNN,4MNE,0.824500560760498,180,Q,V,F:\GENESIS Studio\genesis-studio\packages\engines-py\.pdb_cache\4MNE,A
3618,ThermoMPNN,4MNE,0.7079145908355713,180,Q,W,F:\GENESIS Studio\genesis-studio\packages\engines-py\.pdb_cache\4MNE,A
3619,ThermoMPNN,4MNE,0.5703941583633423,180,Q,Y,F:\GENESIS Studio\genesis-studio\packages\engines-py\.pdb_cache\4MNE,A
3620,ThermoMPNN,4MNE,-0.03094482421875,181,S,A,F:\GENESIS Studio\genesis-studio\packages\engines-py\.pdb_cache\4MNE,A
3621,ThermoMPNN,4MNE,-0.27275991439819336,181,S,C,F:\GENESIS Studio\genesis-studio\packages\engines-py\.pdb_cache\4MNE,A
3622,ThermoMPNN,4MNE,-0.3149857521057129,181,S,D,F:\GENESIS Studio\genesis-studio\packages\engines-py\.pdb_cache\4MNE,A
3623,ThermoMPNN,4MNE,0.3053750991821289,181,S,E,F:\GENESIS Studio\genesis-studio\packages\engines-py\.pdb_cache\4MNE,A
3624,ThermoMPNN,4MNE,1.0661274194717407,181,S,F,F:\GENESIS Studio\genesis-studio\packages\engines-py\.pdb_cache\4MNE,A
3625,ThermoMPNN,4MNE,0.8197457790374756,181,S,G,F:\GENESIS Studio\genesis-studio\packages\engines-py\.pdb_cache\4MNE,A
3626,ThermoMPNN,4MNE,0.43557411432266235,181,S,H,F:\GENESIS Studio\genesis-studio\packages\engines-py\.pdb_cache\4MNE,A
3627,ThermoMPNN,4MNE,1.2892800569534302,181,S,I,F:\GENESIS Studio\genesis-studio\packages\engines-py\.pdb_cache\4MNE,A
3628,ThermoMPNN,4MNE,1.1652454137802124,181,S,K,F:\GENESIS Studio\genesis-studio\packages\engines-py\.pdb_cache\4MNE,A
3629,ThermoMPNN,4MNE,0.6713213920593262,181,S,L,F:\GENESIS Studio\genesis-studio\packages\engines-py\.pdb_cache\4MNE,A
3630,ThermoMPNN,4MNE,0.5661884546279907,181,S,M,F:\GENESIS Studio\genesis-studio\packages\engines-py\.pdb_cache\4MNE,A
3631,ThermoMPNN,4MNE,-0.10589754581451416,181,S,N,F:\GENESIS Studio\genesis-studio\packages\engines-py\.pdb_cache\4MNE,A
3632,ThermoMPNN,4MNE,1.8144798278808594,181,S,P,F:\GENESIS Studio\genesis-studio\packages\engines-py\.pdb_cache\4MNE,A
3633,ThermoMPNN,4MNE,0.7558660507202148,181,S,Q,F:\GENESIS Studio\genesis-studio\packages\engines-py\.pdb_cache\4MNE,A
3634,ThermoMPNN,4MNE,1.0654678344726562,181,S,R,F:\GENESIS Studio\genesis-studio\packages\engines-py\.pdb_cache\4MNE,A
3635,ThermoMPNN,4MNE,0.0,181,S,S,F:\GENESIS Studio\genesis-studio\packages\engines-py\.pdb_cache\4MNE,A
3636,ThermoMPNN,4MNE,0.684097409248352,181,S,T,F:\GENESIS Studio\genesis-studio\packages\engines-py\.pdb_cache\4MNE,A
3637,ThermoMPNN,4MNE,1.247398853302002,181,S,V,F:\GENESIS Studio\genesis-studio\packages\engines-py\.pdb_cache\4MNE,A
3638,ThermoMPNN,4MNE,0.9563916921615601,181,S,W,F:\GENESIS Studio\genesis-studio\packages\engines-py\.pdb_cache\4MNE,A
3639,ThermoMPNN,4MNE,0.9603694081306458,181,S,Y,F:\GENESIS Studio\genesis-studio\packages\engines-py\.pdb_cache\4MNE,A
3640,ThermoMPNN,4MNE,2.7299137115478516,182,D,A,F:\GENESIS Studio\genesis-studio\packages\engines-py\.pdb_cache\4MNE,A
3641,ThermoMPNN,4MNE,1.9202651977539062,182,D,C,F:\GENESIS Studio\genesis-studio\packages\engines-py\.pdb_cache\4MNE,A
3642,ThermoMPNN,4MNE,0.0,182,D,D,F:\GENESIS Studio\genesis-studio\packages\engines-py\.pdb_cache\4MNE,A
3643,ThermoMPNN,4MNE,2.5316994190216064,182,D,E,F:\GENESIS Studio\genesis-studio\packages\engines-py\.pdb_cache\4MNE,A
3644,ThermoMPNN,4MNE,2.455625295639038,182,D,F,F:\GENESIS Studio\genesis-studio\packages\engines-py\.pdb_cache\4MNE,A
3645,ThermoMPNN,4MNE,2.7867255210876465,182,D,G,F:\GENESIS Studio\genesis-studio\packages\engines-py\.pdb_cache\4MNE,A
3646,ThermoMPNN,4MNE,2.6508917808532715,182,D,H,F:\GENESIS Studio\genesis-studio\packages\engines-py\.pdb_cache\4MNE,A
3647,ThermoMPNN,4MNE,2.682671070098877,182,D,I,F:\GENESIS Studio\genesis-studio\packages\engines-py\.pdb_cache\4MNE,A
3648,ThermoMPNN,4MNE,3.126769542694092,182,D,K,F:\GENESIS Studio\genesis-studio\packages\engines-py\.pdb_cache\4MNE,A
3649,ThermoMPNN,4MNE,2.8206722736358643,182,D,L,F:\GENESIS Studio\genesis-studio\packages\engines-py\.pdb_cache\4MNE,A
3650,ThermoMPNN,4MNE,2.734717845916748,182,D,M,F:\GENESIS Studio\genesis-studio\packages\engines-py\.pdb_cache\4MNE,A
3651,ThermoMPNN,4MNE,1.3423364162445068,182,D,N,F:\GENESIS Studio\genesis-studio\packages\engines-py\.pdb_cache\4MNE,A
3652,ThermoMPNN,4MNE,3.534358024597168,182,D,P,F:\GENESIS Studio\genesis-studio\packages\engines-py\.pdb_cache\4MNE,A
3653,ThermoMPNN,4MNE,2.8351802825927734,182,D,Q,F:\GENESIS Studio\genesis-studio\packages\engines-py\.pdb_cache\4MNE,A
3654,ThermoMPNN,4MNE,2.9551877975463867,182,D,R,F:\GENESIS Studio\genesis-studio\packages\engines-py\.pdb_cache\4MNE,A
3655,ThermoMPNN,4MNE,1.6330633163452148,182,D,S,F:\GENESIS Studio\genesis-studio\packages\engines-py\.pdb_cache\4MNE,A
3656,ThermoMPNN,4MNE,2.5438895225524902,182,D,T,F:\GENESIS Studio\genesis-studio\packages\engines-py\.pdb_cache\4MNE,A
3657,ThermoMPNN,4MNE,3.034036159515381,182,D,V,F:\GENESIS Studio\genesis-studio\packages\engines-py\.pdb_cache\4MNE,A
3658,ThermoMPNN,4MNE,2.5859532356262207,182,D,W,F:\GENESIS Studio\genesis-studio\packages\engines-py\.pdb_cache\4MNE,A
3659,ThermoMPNN,4MNE,3.0548577308654785,182,D,Y,F:\GENESIS Studio\genesis-studio\packages\engines-py\.pdb_cache\4MNE,A
3660,ThermoMPNN,4MNE,2.2953603267669678,183,I,A,F:\GENESIS Studio\genesis-studio\packages\engines-py\.pdb_cache\4MNE,A
3661,ThermoMPNN,4MNE,1.632116675376892,183,I,C,F:\GENESIS Studio\genesis-studio\packages\engines-py\.pdb_cache\4MNE,A
3662,ThermoMPNN,4MNE,2.5546557903289795,183,I,D,F:\GENESIS Studio\genesis-studio\packages\engines-py\.pdb_cache\4MNE,A
3663,ThermoMPNN,4MNE,2.6297879219055176,183,I,E,F:\GENESIS Studio\genesis-studio\packages\engines-py\.pdb_cache\4MNE,A
3664,ThermoMPNN,4MNE,1.8325772285461426,183,I,F,F:\GENESIS Studio\genesis-studio\packages\engines-py\.pdb_cache\4MNE,A
3665,ThermoMPNN,4MNE,2.7611145973205566,183,I,G,F:\GENESIS Studio\genesis-studio\packages\engines-py\.pdb_cache\4MNE,A
3666,ThermoMPNN,4MNE,2.8417575359344482,183,I,H,F:\GENESIS Studio\genesis-studio\packages\engines-py\.pdb_cache\4MNE,A
3667,ThermoMPNN,4MNE,0.0,183,I,I,F:\GENESIS Studio\genesis-studio\packages\engines-py\.pdb_cache\4MNE,A
3668,ThermoMPNN,4MNE,2.754699945449829,183,I,K,F:\GENESIS Studio\genesis-studio\packages\engines-py\.pdb_cache\4MNE,A
3669,ThermoMPNN,4MNE,0.4688103199005127,183,I,L,F:\GENESIS Studio\genesis-studio\packages\engines-py\.pdb_cache\4MNE,A
3670,ThermoMPNN,4MNE,1.4635474681854248,183,I,M,F:\GENESIS Studio\genesis-studio\packages\engines-py\.pdb_cache\4MNE,A
3671,ThermoMPNN,4MNE,2.566453456878662,183,I,N,F:\GENESIS Studio\genesis-studio\packages\engines-py\.pdb_cache\4MNE,A
3672,ThermoMPNN,4MNE,2.715503692626953,183,I,P,F:\GENESIS Studio\genesis-studio\packages\engines-py\.pdb_cache\4MNE,A
3673,ThermoMPNN,4MNE,2.7942795753479004,183,I,Q,F:\GENESIS Studio\genesis-studio\packages\engines-py\.pdb_cache\4MNE,A
3674,ThermoMPNN,4MNE,2.844717025756836,183,I,R,F:\GENESIS Studio\genesis-studio\packages\engines-py\.pdb_cache\4MNE,A
3675,ThermoMPNN,4MNE,2.578953504562378,183,I,S,F:\GENESIS Studio\genesis-studio\packages\engines-py\.pdb_cache\4MNE,A
3676,ThermoMPNN,4MNE,2.098306655883789,183,I,T,F:\GENESIS Studio\genesis-studio\packages\engines-py\.pdb_cache\4MNE,A
3677,ThermoMPNN,4MNE,0.7728022336959839,183,I,V,F:\GENESIS Studio\genesis-studio\packages\engines-py\.pdb_cache\4MNE,A
3678,ThermoMPNN,4MNE,2.2163031101226807,183,I,W,F:\GENESIS Studio\genesis-studio\packages\engines-py\.pdb_cache\4MNE,A
3679,ThermoMPNN,4MNE,2.221747636795044,183,I,Y,F:\GENESIS Studio\genesis-studio\packages\engines-py\.pdb_cache\4MNE,A
3680,ThermoMPNN,4MNE,2.8808441162109375,184,W,A,F:\GENESIS Studio\genesis-studio\packages\engines-py\.pdb_cache\4MNE,A
3681,ThermoMPNN,4MNE,2.375978946685791,184,W,C,F:\GENESIS Studio\genesis-studio\packages\engines-py\.pdb_cache\4MNE,A
3682,ThermoMPNN,4MNE,2.802152156829834,184,W,D,F:\GENESIS Studio\genesis-studio\packages\engines-py\.pdb_cache\4MNE,A
3683,ThermoMPNN,4MNE,3.105928897857666,184,W,E,F:\GENESIS Studio\genesis-studio\packages\engines-py\.pdb_cache\4MNE,A
3684,ThermoMPNN,4MNE,1.547937273979187,184,W,F,F:\GENESIS Studio\genesis-studio\packages\engines-py\.pdb_cache\4MNE,A
3685,ThermoMPNN,4MNE,2.5878829956054688,184,W,G,F:\GENESIS Studio\genesis-studio\packages\engines-py\.pdb_cache\4MNE,A
3686,ThermoMPNN,4MNE,2.7418689727783203,184,W,H,F:\GENESIS Studio\genesis-studio\packages\engines-py\.pdb_cache\4MNE,A
3687,ThermoMPNN,4MNE,2.686502456665039,184,W,I,F:\GENESIS Studio\genesis-studio\packages\engines-py\.pdb_cache\4MNE,A
3688,ThermoMPNN,4MNE,2.9680094718933105,184,W,K,F:\GENESIS Studio\genesis-studio\packages\engines-py\.pdb_cache\4MNE,A
3689,ThermoMPNN,4MNE,2.6249661445617676,184,W,L,F:\GENESIS Studio\genesis-studio\packages\engines-py\.pdb_cache\4MNE,A
3690,ThermoMPNN,4MNE,2.532773971557617,184,W,M,F:\GENESIS Studio\genesis-studio\packages\engines-py\.pdb_cache\4MNE,A
3691,ThermoMPNN,4MNE,3.0371503829956055,184,W,N,F:\GENESIS Studio\genesis-studio\packages\engines-py\.pdb_cache\4MNE,A
3692,ThermoMPNN,4MNE,2.6896538734436035,184,W,P,F:\GENESIS Studio\genesis-studio\packages\engines-py\.pdb_cache\4MNE,A
3693,ThermoMPNN,4MNE,2.9783644676208496,184,W,Q,F:\GENESIS Studio\genesis-studio\packages\engines-py\.pdb_cache\4MNE,A
3694,ThermoMPNN,4MNE,2.6949331760406494,184,W,R,F:\GENESIS Studio\genesis-studio\packages\engines-py\.pdb_cache\4MNE,A
3695,ThermoMPNN,4MNE,2.7075436115264893,184,W,S,F:\GENESIS Studio\genesis-studio\packages\engines-py\.pdb_cache\4MNE,A
3696,ThermoMPNN,4MNE,2.707305908203125,184,W,T,F:\GENESIS Studio\genesis-studio\packages\engines-py\.pdb_cache\4MNE,A
3697,ThermoMPNN,4MNE,2.5353200435638428,184,W,V,F:\GENESIS Studio\genesis-studio\packages\engines-py\.pdb_cache\4MNE,A
3698,ThermoMPNN,4MNE,0.0,184,W,W,F:\GENESIS Studio\genesis-studio\packages\engines-py\.pdb_cache\4MNE,A
3699,ThermoMPNN,4MNE,1.1205718517303467,184,W,Y,F:\GENESIS Studio\genesis-studio\packages\engines-py\.pdb_cache\4MNE,A
3700,ThermoMPNN,4MNE,-0.07381129264831543,185,S,A,F:\GENESIS Studio\genesis-studio\packages\engines-py\.pdb_cache\4MNE,A
3701,ThermoMPNN,4MNE,0.6385668516159058,185,S,C,F:\GENESIS Studio\genesis-studio\packages\engines-py\.pdb_cache\4MNE,A
3702,ThermoMPNN,4MNE,3.113379716873169,185,S,D,F:\GENESIS Studio\genesis-studio\packages\engines-py\.pdb_cache\4MNE,A
3703,ThermoMPNN,4MNE,1.9183759689331055,185,S,E,F:\GENESIS Studio\genesis-studio\packages\engines-py\.pdb_cache\4MNE,A
3704,ThermoMPNN,4MNE,2.011756420135498,185,S,F,F:\GENESIS Studio\genesis-studio\packages\engines-py\.pdb_cache\4MNE,A
3705,ThermoMPNN,4MNE,1.3685585260391235,185,S,G,F:\GENESIS Studio\genesis-studio\packages\engines-py\.pdb_cache\4MNE,A
3706,ThermoMPNN,4MNE,1.9279240369796753,185,S,H,F:\GENESIS Studio\genesis-studio\packages\engines-py\.pdb_cache\4MNE,A
3707,ThermoMPNN,4MNE,1.7716624736785889,185,S,I,F:\GENESIS Studio\genesis-studio\packages\engines-py\.pdb_cache\4MNE,A
3708,ThermoMPNN,4MNE,1.1486849784851074,185,S,K,F:\GENESIS Studio\genesis-studio\packages\engines-py\.pdb_cache\4MNE,A
3709,ThermoMPNN,4MNE,2.021394729614258,185,S,L,F:\GENESIS Studio\genesis-studio\packages\engines-py\.pdb_cache\4MNE,A
3710,ThermoMPNN,4MNE,1.0380256175994873,185,S,M,F:\GENESIS Studio\genesis-studio\packages\engines-py\.pdb_cache\4MNE,A
3711,ThermoMPNN,4MNE,2.296278715133667,185,S,N,F:\GENESIS Studio\genesis-studio\packages\engines-py\.pdb_cache\4MNE,A
3712,ThermoMPNN,4MNE,2.793282985687256,185,S,P,F:\GENESIS Studio\genesis-studio\packages\engines-py\.pdb_cache\4MNE,A
3713,ThermoMPNN,4MNE,0.9907224178314209,185,S,Q,F:\GENESIS Studio\genesis-studio\packages\engines-py\.pdb_cache\4MNE,A
3714,ThermoMPNN,4MNE,1.1467726230621338,185,S,R,F:\GENESIS Studio\genesis-studio\packages\engines-py\.pdb_cache\4MNE,A
3715,ThermoMPNN,4MNE,0.0,185,S,S,F:\GENESIS Studio\genesis-studio\packages\engines-py\.pdb_cache\4MNE,A
3716,ThermoMPNN,4MNE,1.3104257583618164,185,S,T,F:\GENESIS Studio\genesis-studio\packages\engines-py\.pdb_cache\4MNE,A
3717,ThermoMPNN,4MNE,1.6088169813156128,185,S,V,F:\GENESIS Studio\genesis-studio\packages\engines-py\.pdb_cache\4MNE,A
3718,ThermoMPNN,4MNE,2.213099479675293,185,S,W,F:\GENESIS Studio\genesis-studio\packages\engines-py\.pdb_cache\4MNE,A
3719,ThermoMPNN,4MNE,2.4909605979919434,185,S,Y,F:\GENESIS Studio\genesis-studio\packages\engines-py\.pdb_cache\4MNE,A
3720,ThermoMPNN,4MNE,2.0445303916931152,186,M,A,F:\GENESIS Studio\genesis-studio\packages\engines-py\.pdb_cache\4MNE,A
3721,ThermoMPNN,4MNE,1.2832212448120117,186,M,C,F:\GENESIS Studio\genesis-studio\packages\engines-py\.pdb_cache\4MNE,A
3722,ThermoMPNN,4MNE,3.1077659130096436,186,M,D,F:\GENESIS Studio\genesis-studio\packages\engines-py\.pdb_cache\4MNE,A
3723,ThermoMPNN,4MNE,2.9585275650024414,186,M,E,F:\GENESIS Studio\genesis-studio\packages\engines-py\.pdb_cache\4MNE,A
3724,ThermoMPNN,4MNE,0.2831597328186035,186,M,F,F:\GENESIS Studio\genesis-studio\packages\engines-py\.pdb_cache\4MNE,A
3725,ThermoMPNN,4MNE,3.232780694961548,186,M,G,F:\GENESIS Studio\genesis-studio\packages\engines-py\.pdb_cache\4MNE,A
3726,ThermoMPNN,4MNE,2.5203537940979004,186,M,H,F:\GENESIS Studio\genesis-studio\packages\engines-py\.pdb_cache\4MNE,A
3727,ThermoMPNN,4MNE,0.7564980983734131,186,M,I,F:\GENESIS Studio\genesis-studio\packages\engines-py\.pdb_cache\4MNE,A
3728,ThermoMPNN,4MNE,3.070434331893921,186,M,K,F:\GENESIS Studio\genesis-studio\packages\engines-py\.pdb_cache\4MNE,A
3729,ThermoMPNN,4MNE,-0.034515380859375,186,M,L,F:\GENESIS Studio\genesis-studio\packages\engines-py\.pdb_cache\4MNE,A
3730,ThermoMPNN,4MNE,0.0,186,M,M,F:\GENESIS Studio\genesis-studio\packages\engines-py\.pdb_cache\4MNE,A
3731,ThermoMPNN,4MNE,2.881754159927368,186,M,N,F:\GENESIS Studio\genesis-studio\packages\engines-py\.pdb_cache\4MNE,A
3732,ThermoMPNN,4MNE,3.690777063369751,186,M,P,F:\GENESIS Studio\genesis-studio\packages\engines-py\.pdb_cache\4MNE,A
3733,ThermoMPNN,4MNE,2.3241217136383057,186,M,Q,F:\GENESIS Studio\genesis-studio\packages\engines-py\.pdb_cache\4MNE,A
3734,ThermoMPNN,4MNE,2.9602885246276855,186,M,R,F:\GENESIS Studio\genesis-studio\packages\engines-py\.pdb_cache\4MNE,A
3735,ThermoMPNN,4MNE,2.6031854152679443,186,M,S,F:\GENESIS Studio\genesis-studio\packages\engines-py\.pdb_cache\4MNE,A
3736,ThermoMPNN,4MNE,2.5419421195983887,186,M,T,F:\GENESIS Studio\genesis-studio\packages\engines-py\.pdb_cache\4MNE,A
3737,ThermoMPNN,4MNE,1.3639123439788818,186,M,V,F:\GENESIS Studio\genesis-studio\packages\engines-py\.pdb_cache\4MNE,A
3738,ThermoMPNN,4MNE,0.893242359161377,186,M,W,F:\GENESIS Studio\genesis-studio\packages\engines-py\.pdb_cache\4MNE,A
3739,ThermoMPNN,4MNE,1.266444444656372,186,M,Y,F:\GENESIS Studio\genesis-studio\packages\engines-py\.pdb_cache\4MNE,A
3740,ThermoMPNN,4MNE,1.8326013088226318,187,G,A,F:\GENESIS Studio\genesis-studio\packages\engines-py\.pdb_cache\4MNE,A
3741,ThermoMPNN,4MNE,1.503772497177124,187,G,C,F:\GENESIS Studio\genesis-studio\packages\engines-py\.pdb_cache\4MNE,A
3742,ThermoMPNN,4MNE,2.8992483615875244,187,G,D,F:\GENESIS Studio\genesis-studio\packages\engines-py\.pdb_cache\4MNE,A
3743,ThermoMPNN,4MNE,2.7123546600341797,187,G,E,F:\GENESIS Studio\genesis-studio\packages\engines-py\.pdb_cache\4MNE,A
3744,ThermoMPNN,4MNE,1.4182889461517334,187,G,F,F:\GENESIS Studio\genesis-studio\packages\engines-py\.pdb_cache\4MNE,A
3745,ThermoMPNN,4MNE,0.0,187,G,G,F:\GENESIS Studio\genesis-studio\packages\engines-py\.pdb_cache\4MNE,A
3746,ThermoMPNN,4MNE,2.4900765419006348,187,G,H,F:\GENESIS Studio\genesis-studio\packages\engines-py\.pdb_cache\4MNE,A
3747,ThermoMPNN,4MNE,1.7927101850509644,187,G,I,F:\GENESIS Studio\genesis-studio\packages\engines-py\.pdb_cache\4MNE,A
3748,ThermoMPNN,4MNE,2.8206217288970947,187,G,K,F:\GENESIS Studio\genesis-studio\packages\engines-py\.pdb_cache\4MNE,A
3749,ThermoMPNN,4MNE,1.8987430334091187,187,G,L,F:\GENESIS Studio\genesis-studio\packages\engines-py\.pdb_cache\4MNE,A
3750,ThermoMPNN,4MNE,1.9411782026290894,187,G,M,F:\GENESIS Studio\genesis-studio\packages\engines-py\.pdb_cache\4MNE,A
3751,ThermoMPNN,4MNE,2.7585220336914062,187,G,N,F:\GENESIS Studio\genesis-studio\packages\engines-py\.pdb_cache\4MNE,A
3752,ThermoMPNN,4MNE,2.372394561767578,187,G,P,F:\GENESIS Studio\genesis-studio\packages\engines-py\.pdb_cache\4MNE,A
3753,ThermoMPNN,4MNE,2.719024419784546,187,G,Q,F:\GENESIS Studio\genesis-studio\packages\engines-py\.pdb_cache\4MNE,A
3754,ThermoMPNN,4MNE,2.627847194671631,187,G,R,F:\GENESIS Studio\genesis-studio\packages\engines-py\.pdb_cache\4MNE,A
3755,ThermoMPNN,4MNE,2.3301007747650146,187,G,S,F:\GENESIS Studio\genesis-studio\packages\engines-py\.pdb_cache\4MNE,A
3756,ThermoMPNN,4MNE,2.449321746826172,187,G,T,F:\GENESIS Studio\genesis-studio\packages\engines-py\.pdb_cache\4MNE,A
3757,ThermoMPNN,4MNE,1.6217231750488281,187,G,V,F:\GENESIS Studio\genesis-studio\packages\engines-py\.pdb_cache\4MNE,A
3758,ThermoMPNN,4MNE,1.6030828952789307,187,G,W,F:\GENESIS Studio\genesis-studio\packages\engines-py\.pdb_cache\4MNE,A
3759,ThermoMPNN,4MNE,1.6572277545928955,187,G,Y,F:\GENESIS Studio\genesis-studio\packages\engines-py\.pdb_cache\4MNE,A
3760,ThermoMPNN,4MNE,1.9529318809509277,188,L,A,F:\GENESIS Studio\genesis-studio\packages\engines-py\.pdb_cache\4MNE,A
3761,ThermoMPNN,4MNE,1.3922815322875977,188,L,C,F:\GENESIS Studio\genesis-studio\packages\engines-py\.pdb_cache\4MNE,A
3762,ThermoMPNN,4MNE,2.512159824371338,188,L,D,F:\GENESIS Studio\genesis-studio\packages\engines-py\.pdb_cache\4MNE,A
3763,ThermoMPNN,4MNE,2.281317949295044,188,L,E,F:\GENESIS Studio\genesis-studio\packages\engines-py\.pdb_cache\4MNE,A
3764,ThermoMPNN,4MNE,1.5027358531951904,188,L,F,F:\GENESIS Studio\genesis-studio\packages\engines-py\.pdb_cache\4MNE,A
3765,ThermoMPNN,4MNE,2.4561591148376465,188,L,G,F:\GENESIS Studio\genesis-studio\packages\engines-py\.pdb_cache\4MNE,A
3766,ThermoMPNN,4MNE,2.455148220062256,188,L,H,F:\GENESIS Studio\genesis-studio\packages\engines-py\.pdb_cache\4MNE,A
3767,ThermoMPNN,4MNE,1.0217387676239014,188,L,I,F:\GENESIS Studio\genesis-studio\packages\engines-py\.pdb_cache\4MNE,A
3768,ThermoMPNN,4MNE,2.531635046005249,188,L,K,F:\GENESIS Studio\genesis-studio\packages\engines-py\.pdb_cache\4MNE,A
3769,ThermoMPNN,4MNE,0.0,188,L,L,F:\GENESIS Studio\genesis-studio\packages\engines-py\.pdb_cache\4MNE,A
3770,ThermoMPNN,4MNE,0.934508204460144,188,L,M,F:\GENESIS Studio\genesis-studio\packages\engines-py\.pdb_cache\4MNE,A
3771,ThermoMPNN,4MNE,2.4720187187194824,188,L,N,F:\GENESIS Studio\genesis-studio\packages\engines-py\.pdb_cache\4MNE,A
3772,ThermoMPNN,4MNE,2.572122097015381,188,L,P,F:\GENESIS Studio\genesis-studio\packages\engines-py\.pdb_cache\4MNE,A
3773,ThermoMPNN,4MNE,2.3457834720611572,188,L,Q,F:\GENESIS Studio\genesis-studio\packages\engines-py\.pdb_cache\4MNE,A
3774,ThermoMPNN,4MNE,2.6335558891296387,188,L,R,F:\GENESIS Studio\genesis-studio\packages\engines-py\.pdb_cache\4MNE,A
3775,ThermoMPNN,4MNE,2.4544215202331543,188,L,S,F:\GENESIS Studio\genesis-studio\packages\engines-py\.pdb_cache\4MNE,A
3776,ThermoMPNN,4MNE,2.297363758087158,188,L,T,F:\GENESIS Studio\genesis-studio\packages\engines-py\.pdb_cache\4MNE,A
3777,ThermoMPNN,4MNE,1.3161391019821167,188,L,V,F:\GENESIS Studio\genesis-studio\packages\engines-py\.pdb_cache\4MNE,A
3778,ThermoMPNN,4MNE,1.8660860061645508,188,L,W,F:\GENESIS Studio\genesis-studio\packages\engines-py\.pdb_cache\4MNE,A
3779,ThermoMPNN,4MNE,2.037932872772217,188,L,Y,F:\GENESIS Studio\genesis-studio\packages\engines-py\.pdb_cache\4MNE,A
3780,ThermoMPNN,4MNE,-0.01326453685760498,189,S,A,F:\GENESIS Studio\genesis-studio\packages\engines-py\.pdb_cache\4MNE,A
3781,ThermoMPNN,4MNE,-0.2905161380767822,189,S,C,F:\GENESIS Studio\genesis-studio\packages\engines-py\.pdb_cache\4MNE,A
3782,ThermoMPNN,4MNE,1.8844928741455078,189,S,D,F:\GENESIS Studio\genesis-studio\packages\engines-py\.pdb_cache\4MNE,A
3783,ThermoMPNN,4MNE,1.3243780136108398,189,S,E,F:\GENESIS Studio\genesis-studio\packages\engines-py\.pdb_cache\4MNE,A
3784,ThermoMPNN,4MNE,-0.14967405796051025,189,S,F,F:\GENESIS Studio\genesis-studio\packages\engines-py\.pdb_cache\4MNE,A
3785,ThermoMPNN,4MNE,1.1977578401565552,189,S,G,F:\GENESIS Studio\genesis-studio\packages\engines-py\.pdb_cache\4MNE,A
3786,ThermoMPNN,4MNE,0.8220916390419006,189,S,H,F:\GENESIS Studio\genesis-studio\packages\engines-py\.pdb_cache\4MNE,A
3787,ThermoMPNN,4MNE,-0.3989100456237793,189,S,I,F:\GENESIS Studio\genesis-studio\packages\engines-py\.pdb_cache\4MNE,A
3788,ThermoMPNN,4MNE,0.9676195383071899,189,S,K,F:\GENESIS Studio\genesis-studio\packages\engines-py\.pdb_cache\4MNE,A
3789,ThermoMPNN,4MNE,0.002143383026123047,189,S,L,F:\GENESIS Studio\genesis-studio\packages\engines-py\.pdb_cache\4MNE,A
3790,ThermoMPNN,4MNE,-0.27764058113098145,189,S,M,F:\GENESIS Studio\genesis-studio\packages\engines-py\.pdb_cache\4MNE,A
3791,ThermoMPNN,4MNE,1.433225154876709,189,S,N,F:\GENESIS Studio\genesis-studio\packages\engines-py\.pdb_cache\4MNE,A
3792,ThermoMPNN,4MNE,1.9983973503112793,189,S,P,F:\GENESIS Studio\genesis-studio\packages\engines-py\.pdb_cache\4MNE,A
3793,ThermoMPNN,4MNE,0.7707611322402954,189,S,Q,F:\GENESIS Studio\genesis-studio\packages\engines-py\.pdb_cache\4MNE,A
3794,ThermoMPNN,4MNE,0.8070611357688904,189,S,R,F:\GENESIS Studio\genesis-studio\packages\engines-py\.pdb_cache\4MNE,A
3795,ThermoMPNN,4MNE,0.0,189,S,S,F:\GENESIS Studio\genesis-studio\packages\engines-py\.pdb_cache\4MNE,A
3796,ThermoMPNN,4MNE,-0.021329164505004883,189,S,T,F:\GENESIS Studio\genesis-studio\packages\engines-py\.pdb_cache\4MNE,A
3797,ThermoMPNN,4MNE,-0.1666024923324585,189,S,V,F:\GENESIS Studio\genesis-studio\packages\engines-py\.pdb_cache\4MNE,A
3798,ThermoMPNN,4MNE,-0.03225231170654297,189,S,W,F:\GENESIS Studio\genesis-studio\packages\engines-py\.pdb_cache\4MNE,A
3799,ThermoMPNN,4MNE,0.04100990295410156,189,S,Y,F:\GENESIS Studio\genesis-studio\packages\engines-py\.pdb_cache\4MNE,A
3800,ThermoMPNN,4MNE,2.509777545928955,190,L,A,F:\GENESIS Studio\genesis-studio\packages\engines-py\.pdb_cache\4MNE,A
3801,ThermoMPNN,4MNE,1.4927527904510498,190,L,C,F:\GENESIS Studio\genesis-studio\packages\engines-py\.pdb_cache\4MNE,A
3802,ThermoMPNN,4MNE,3.4703667163848877,190,L,D,F:\GENESIS Studio\genesis-studio\packages\engines-py\.pdb_cache\4MNE,A
3803,ThermoMPNN,4MNE,2.9466300010681152,190,L,E,F:\GENESIS Studio\genesis-studio\packages\engines-py\.pdb_cache\4MNE,A
3804,ThermoMPNN,4MNE,0.8549067974090576,190,L,F,F:\GENESIS Studio\genesis-studio\packages\engines-py\.pdb_cache\4MNE,A
3805,ThermoMPNN,4MNE,3.22210431098938,190,L,G,F:\GENESIS Studio\genesis-studio\packages\engines-py\.pdb_cache\4MNE,A
3806,ThermoMPNN,4MNE,2.596433639526367,190,L,H,F:\GENESIS Studio\genesis-studio\packages\engines-py\.pdb_cache\4MNE,A
3807,ThermoMPNN,4MNE,1.2268683910369873,190,L,I,F:\GENESIS Studio\genesis-studio\packages\engines-py\.pdb_cache\4MNE,A
3808,ThermoMPNN,4MNE,2.679180145263672,190,L,K,F:\GENESIS Studio\genesis-studio\packages\engines-py\.pdb_cache\4MNE,A
3809,ThermoMPNN,4MNE,0.0,190,L,L,F:\GENESIS Studio\genesis-studio\packages\engines-py\.pdb_cache\4MNE,A
3810,ThermoMPNN,4MNE,0.8356325626373291,190,L,M,F:\GENESIS Studio\genesis-studio\packages\engines-py\.pdb_cache\4MNE,A
3811,ThermoMPNN,4MNE,3.004420280456543,190,L,N,F:\GENESIS Studio\genesis-studio\packages\engines-py\.pdb_cache\4MNE,A
3812,ThermoMPNN,4MNE,3.6253199577331543,190,L,P,F:\GENESIS Studio\genesis-studio\packages\engines-py\.pdb_cache\4MNE,A
3813,ThermoMPNN,4MNE,2.63889217376709,190,L,Q,F:\GENESIS Studio\genesis-studio\packages\engines-py\.pdb_cache\4MNE,A
3814,ThermoMPNN,4MNE,2.579014539718628,190,L,R,F:\GENESIS Studio\genesis-studio\packages\engines-py\.pdb_cache\4MNE,A
3815,ThermoMPNN,4MNE,2.958202600479126,190,L,S,F:\GENESIS Studio\genesis-studio\packages\engines-py\.pdb_cache\4MNE,A
3816,ThermoMPNN,4MNE,2.4707064628601074,190,L,T,F:\GENESIS Studio\genesis-studio\packages\engines-py\.pdb_cache\4MNE,A
3817,ThermoMPNN,4MNE,1.9871501922607422,190,L,V,F:\GENESIS Studio\genesis-studio\packages\engines-py\.pdb_cache\4MNE,A
3818,ThermoMPNN,4MNE,1.6139260530471802,190,L,W,F:\GENESIS Studio\genesis-studio\packages\engines-py\.pdb_cache\4MNE,A
3819,ThermoMPNN,4MNE,1.575878381729126,190,L,Y,F:\GENESIS Studio\genesis-studio\packages\engines-py\.pdb_cache\4MNE,A
3820,ThermoMPNN,4MNE,1.4132299423217773,191,V,A,F:\GENESIS Studio\genesis-studio\packages\engines-py\.pdb_cache\4MNE,A
3821,ThermoMPNN,4MNE,0.8629244565963745,191,V,C,F:\GENESIS Studio\genesis-studio\packages\engines-py\.pdb_cache\4MNE,A
3822,ThermoMPNN,4MNE,3.1352179050445557,191,V,D,F:\GENESIS Studio\genesis-studio\packages\engines-py\.pdb_cache\4MNE,A
3823,ThermoMPNN,4MNE,2.871668815612793,191,V,E,F:\GENESIS Studio\genesis-studio\packages\engines-py\.pdb_cache\4MNE,A
3824,ThermoMPNN,4MNE,1.207763433456421,191,V,F,F:\GENESIS Studio\genesis-studio\packages\engines-py\.pdb_cache\4MNE,A
3825,ThermoMPNN,4MNE,2.5009214878082275,191,V,G,F:\GENESIS Studio\genesis-studio\packages\engines-py\.pdb_cache\4MNE,A
3826,ThermoMPNN,4MNE,2.4688704013824463,191,V,H,F:\GENESIS Studio\genesis-studio\packages\engines-py\.pdb_cache\4MNE,A
3827,ThermoMPNN,4MNE,-0.24154424667358398,191,V,I,F:\GENESIS Studio\genesis-studio\packages\engines-py\.pdb_cache\4MNE,A
3828,ThermoMPNN,4MNE,2.605546712875366,191,V,K,F:\GENESIS Studio\genesis-studio\packages\engines-py\.pdb_cache\4MNE,A
3829,ThermoMPNN,4MNE,-0.38249826431274414,191,V,L,F:\GENESIS Studio\genesis-studio\packages\engines-py\.pdb_cache\4MNE,A
3830,ThermoMPNN,4MNE,0.7210853099822998,191,V,M,F:\GENESIS Studio\genesis-studio\packages\engines-py\.pdb_cache\4MNE,A
3831,ThermoMPNN,4MNE,2.7255022525787354,191,V,N,F:\GENESIS Studio\genesis-studio\packages\engines-py\.pdb_cache\4MNE,A
3832,ThermoMPNN,4MNE,3.2901523113250732,191,V,P,F:\GENESIS Studio\genesis-studio\packages\engines-py\.pdb_cache\4MNE,A
3833,ThermoMPNN,4MNE,2.671264410018921,191,V,Q,F:\GENESIS Studio\genesis-studio\packages\engines-py\.pdb_cache\4MNE,A
3834,ThermoMPNN,4MNE,2.4692697525024414,191,V,R,F:\GENESIS Studio\genesis-studio\packages\engines-py\.pdb_cache\4MNE,A
3835,ThermoMPNN,4MNE,2.5206544399261475,191,V,S,F:\GENESIS Studio\genesis-studio\packages\engines-py\.pdb_cache\4MNE,A
3836,ThermoMPNN,4MNE,1.8431117534637451,191,V,T,F:\GENESIS Studio\genesis-studio\packages\engines-py\.pdb_cache\4MNE,A
3837,ThermoMPNN,4MNE,0.0,191,V,V,F:\GENESIS Studio\genesis-studio\packages\engines-py\.pdb_cache\4MNE,A
3838,ThermoMPNN,4MNE,1.4399136304855347,191,V,W,F:\GENESIS Studio\genesis-studio\packages\engines-py\.pdb_cache\4MNE,A
3839,ThermoMPNN,4MNE,1.4421606063842773,191,V,Y,F:\GENESIS Studio\genesis-studio\packages\engines-py\.pdb_cache\4MNE,A
3840,ThermoMPNN,4MNE,1.524218201637268,192,E,A,F:\GENESIS Studio\genesis-studio\packages\engines-py\.pdb_cache\4MNE,A
3841,ThermoMPNN,4MNE,1.4079689979553223,192,E,C,F:\GENESIS Studio\genesis-studio\packages\engines-py\.pdb_cache\4MNE,A
3842,ThermoMPNN,4MNE,1.7897859811782837,192,E,D,F:\GENESIS Studio\genesis-studio\packages\engines-py\.pdb_cache\4MNE,A
3843,ThermoMPNN,4MNE,0.0,192,E,E,F:\GENESIS Studio\genesis-studio\packages\engines-py\.pdb_cache\4MNE,A
3844,ThermoMPNN,4MNE,1.6107183694839478,192,E,F,F:\GENESIS Studio\genesis-studio\packages\engines-py\.pdb_cache\4MNE,A
3845,ThermoMPNN,4MNE,2.4085187911987305,192,E,G,F:\GENESIS Studio\genesis-studio\packages\engines-py\.pdb_cache\4MNE,A
3846,ThermoMPNN,4MNE,1.664229393005371,192,E,H,F:\GENESIS Studio\genesis-studio\packages\engines-py\.pdb_cache\4MNE,A
3847,ThermoMPNN,4MNE,2.1454949378967285,192,E,I,F:\GENESIS Studio\genesis-studio\packages\engines-py\.pdb_cache\4MNE,A
3848,ThermoMPNN,4MNE,2.3981473445892334,192,E,K,F:\GENESIS Studio\genesis-studio\packages\engines-py\.pdb_cache\4MNE,A
3849,ThermoMPNN,4MNE,1.8018560409545898,192,E,L,F:\GENESIS Studio\genesis-studio\packages\engines-py\.pdb_cache\4MNE,A
3850,ThermoMPNN,4MNE,1.4843943119049072,192,E,M,F:\GENESIS Studio\genesis-studio\packages\engines-py\.pdb_cache\4MNE,A
3851,ThermoMPNN,4MNE,2.316910743713379,192,E,N,F:\GENESIS Studio\genesis-studio\packages\engines-py\.pdb_cache\4MNE,A
3852,ThermoMPNN,4MNE,2.661255359649658,192,E,P,F:\GENESIS Studio\genesis-studio\packages\engines-py\.pdb_cache\4MNE,A
3853,ThermoMPNN,4MNE,1.197641134262085,192,E,Q,F:\GENESIS Studio\genesis-studio\packages\engines-py\.pdb_cache\4MNE,A
3854,ThermoMPNN,4MNE,2.277799367904663,192,E,R,F:\GENESIS Studio\genesis-studio\packages\engines-py\.pdb_cache\4MNE,A
3855,ThermoMPNN,4MNE,2.0495693683624268,192,E,S,F:\GENESIS Studio\genesis-studio\packages\engines-py\.pdb_cache\4MNE,A
3856,ThermoMPNN,4MNE,1.888242244720459,192,E,T,F:\GENESIS Studio\genesis-studio\packages\engines-py\.pdb_cache\4MNE,A
3857,ThermoMPNN,4MNE,2.0484046936035156,192,E,V,F:\GENESIS Studio\genesis-studio\packages\engines-py\.pdb_cache\4MNE,A
3858,ThermoMPNN,4MNE,1.17410409450531,192,E,W,F:\GENESIS Studio\genesis-studio\packages\engines-py\.pdb_cache\4MNE,A
3859,ThermoMPNN,4MNE,0.958026647567749,192,E,Y,F:\GENESIS Studio\genesis-studio\packages\engines-py\.pdb_cache\4MNE,A
3860,ThermoMPNN,4MNE,1.817613124847412,193,M,A,F:\GENESIS Studio\genesis-studio\packages\engines-py\.pdb_cache\4MNE,A
3861,ThermoMPNN,4MNE,1.0966882705688477,193,M,C,F:\GENESIS Studio\genesis-studio\packages\engines-py\.pdb_cache\4MNE,A
3862,ThermoMPNN,4MNE,2.6484382152557373,193,M,D,F:\GENESIS Studio\genesis-studio\packages\engines-py\.pdb_cache\4MNE,A
3863,ThermoMPNN,4MNE,2.302863121032715,193,M,E,F:\GENESIS Studio\genesis-studio\packages\engines-py\.pdb_cache\4MNE,A
3864,ThermoMPNN,4MNE,1.2231191396713257,193,M,F,F:\GENESIS Studio\genesis-studio\packages\engines-py\.pdb_cache\4MNE,A
3865,ThermoMPNN,4MNE,2.5084192752838135,193,M,G,F:\GENESIS Studio\genesis-studio\packages\engines-py\.pdb_cache\4MNE,A
3866,ThermoMPNN,4MNE,2.173776149749756,193,M,H,F:\GENESIS Studio\genesis-studio\packages\engines-py\.pdb_cache\4MNE,A
3867,ThermoMPNN,4MNE,0.9150478839874268,193,M,I,F:\GENESIS Studio\genesis-studio\packages\engines-py\.pdb_cache\4MNE,A
3868,ThermoMPNN,4MNE,2.3992254734039307,193,M,K,F:\GENESIS Studio\genesis-studio\packages\engines-py\.pdb_cache\4MNE,A
3869,ThermoMPNN,4MNE,-0.17894721031188965,193,M,L,F:\GENESIS Studio\genesis-studio\packages\engines-py\.pdb_cache\4MNE,A
3870,ThermoMPNN,4MNE,0.0,193,M,M,F:\GENESIS Studio\genesis-studio\packages\engines-py\.pdb_cache\4MNE,A
3871,ThermoMPNN,4MNE,2.554370403289795,193,M,N,F:\GENESIS Studio\genesis-studio\packages\engines-py\.pdb_cache\4MNE,A
3872,ThermoMPNN,4MNE,2.9127509593963623,193,M,P,F:\GENESIS Studio\genesis-studio\packages\engines-py\.pdb_cache\4MNE,A
3873,ThermoMPNN,4MNE,1.870725393295288,193,M,Q,F:\GENESIS Studio\genesis-studio\packages\engines-py\.pdb_cache\4MNE,A
3874,ThermoMPNN,4MNE,2.2936387062072754,193,M,R,F:\GENESIS Studio\genesis-studio\packages\engines-py\.pdb_cache\4MNE,A
3875,ThermoMPNN,4MNE,2.285801887512207,193,M,S,F:\GENESIS Studio\genesis-studio\packages\engines-py\.pdb_cache\4MNE,A
3876,ThermoMPNN,4MNE,2.28741192817688,193,M,T,F:\GENESIS Studio\genesis-studio\packages\engines-py\.pdb_cache\4MNE,A
3877,ThermoMPNN,4MNE,1.618748426437378,193,M,V,F:\GENESIS Studio\genesis-studio\packages\engines-py\.pdb_cache\4MNE,A
3878,ThermoMPNN,4MNE,1.3153895139694214,193,M,W,F:\GENESIS Studio\genesis-studio\packages\engines-py\.pdb_cache\4MNE,A
3879,ThermoMPNN,4MNE,1.579089641571045,193,M,Y,F:\GENESIS Studio\genesis-studio\packages\engines-py\.pdb_cache\4MNE,A
3880,ThermoMPNN,4MNE,0.0,194,A,A,F:\GENESIS Studio\genesis-studio\packages\engines-py\.pdb_cache\4MNE,A
3881,ThermoMPNN,4MNE,0.506695032119751,194,A,C,F:\GENESIS Studio\genesis-studio\packages\engines-py\.pdb_cache\4MNE,A
3882,ThermoMPNN,4MNE,2.4557912349700928,194,A,D,F:\GENESIS Studio\genesis-studio\packages\engines-py\.pdb_cache\4MNE,A
3883,ThermoMPNN,4MNE,2.2104461193084717,194,A,E,F:\GENESIS Studio\genesis-studio\packages\engines-py\.pdb_cache\4MNE,A
3884,ThermoMPNN,4MNE,0.5261967182159424,194,A,F,F:\GENESIS Studio\genesis-studio\packages\engines-py\.pdb_cache\4MNE,A
3885,ThermoMPNN,4MNE,0.9764988422393799,194,A,G,F:\GENESIS Studio\genesis-studio\packages\engines-py\.pdb_cache\4MNE,A
3886,ThermoMPNN,4MNE,1.5164227485656738,194,A,H,F:\GENESIS Studio\genesis-studio\packages\engines-py\.pdb_cache\4MNE,A
3887,ThermoMPNN,4MNE,0.7650785446166992,194,A,I,F:\GENESIS Studio\genesis-studio\packages\engines-py\.pdb_cache\4MNE,A
3888,ThermoMPNN,4MNE,1.857094407081604,194,A,K,F:\GENESIS Studio\genesis-studio\packages\engines-py\.pdb_cache\4MNE,A
3889,ThermoMPNN,4MNE,0.7225995063781738,194,A,L,F:\GENESIS Studio\genesis-studio\packages\engines-py\.pdb_cache\4MNE,A
3890,ThermoMPNN,4MNE,0.8366509079933167,194,A,M,F:\GENESIS Studio\genesis-studio\packages\engines-py\.pdb_cache\4MNE,A
3891,ThermoMPNN,4MNE,2.050154685974121,194,A,N,F:\GENESIS Studio\genesis-studio\packages\engines-py\.pdb_cache\4MNE,A
3892,ThermoMPNN,4MNE,2.5728986263275146,194,A,P,F:\GENESIS Studio\genesis-studio\packages\engines-py\.pdb_cache\4MNE,A
3893,ThermoMPNN,4MNE,1.9010909795761108,194,A,Q,F:\GENESIS Studio\genesis-studio\packages\engines-py\.pdb_cache\4MNE,A
3894,ThermoMPNN,4MNE,1.6377391815185547,194,A,R,F:\GENESIS Studio\genesis-studio\packages\engines-py\.pdb_cache\4MNE,A
3895,ThermoMPNN,4MNE,1.3281059265136719,194,A,S,F:\GENESIS Studio\genesis-studio\packages\engines-py\.pdb_cache\4MNE,A
3896,ThermoMPNN,4MNE,1.632244348526001,194,A,T,F:\GENESIS Studio\genesis-studio\packages\engines-py\.pdb_cache\4MNE,A
3897,ThermoMPNN,4MNE,0.6465052366256714,194,A,V,F:\GENESIS Studio\genesis-studio\packages\engines-py\.pdb_cache\4MNE,A
3898,ThermoMPNN,4MNE,0.6519017219543457,194,A,W,F:\GENESIS Studio\genesis-studio\packages\engines-py\.pdb_cache\4MNE,A
3899,ThermoMPNN,4MNE,0.6132020950317383,194,A,Y,F:\GENESIS Studio\genesis-studio\packages\engines-py\.pdb_cache\4MNE,A
3900,ThermoMPNN,4MNE,1.5038113594055176,195,V,A,F:\GENESIS Studio\genesis-studio\packages\engines-py\.pdb_cache\4MNE,A
3901,ThermoMPNN,4MNE,0.35382962226867676,195,V,C,F:\GENESIS Studio\genesis-studio\packages\engines-py\.pdb_cache\4MNE,A
3902,ThermoMPNN,4MNE,2.8902511596679688,195,V,D,F:\GENESIS Studio\genesis-studio\packages\engines-py\.pdb_cache\4MNE,A
3903,ThermoMPNN,4MNE,2.3641767501831055,195,V,E,F:\GENESIS Studio\genesis-studio\packages\engines-py\.pdb_cache\4MNE,A
3904,ThermoMPNN,4MNE,0.7459844350814819,195,V,F,F:\GENESIS Studio\genesis-studio\packages\engines-py\.pdb_cache\4MNE,A
3905,ThermoMPNN,4MNE,2.46543288230896,195,V,G,F:\GENESIS Studio\genesis-studio\packages\engines-py\.pdb_cache\4MNE,A
3906,ThermoMPNN,4MNE,2.0696380138397217,195,V,H,F:\GENESIS Studio\genesis-studio\packages\engines-py\.pdb_cache\4MNE,A
3907,ThermoMPNN,4MNE,-0.33469271659851074,195,V,I,F:\GENESIS Studio\genesis-studio\packages\engines-py\.pdb_cache\4MNE,A
3908,ThermoMPNN,4MNE,2.366149663925171,195,V,K,F:\GENESIS Studio\genesis-studio\packages\engines-py\.pdb_cache\4MNE,A
3909,ThermoMPNN,4MNE,-0.30696940422058105,195,V,L,F:\GENESIS Studio\genesis-studio\packages\engines-py\.pdb_cache\4MNE,A
3910,ThermoMPNN,4MNE,-0.02284407615661621,195,V,M,F:\GENESIS Studio\genesis-studio\packages\engines-py\.pdb_cache\4MNE,A
3911,ThermoMPNN,4MNE,2.324730396270752,195,V,N,F:\GENESIS Studio\genesis-studio\packages\engines-py\.pdb_cache\4MNE,A
3912,ThermoMPNN,4MNE,3.0409398078918457,195,V,P,F:\GENESIS Studio\genesis-studio\packages\engines-py\.pdb_cache\4MNE,A
3913,ThermoMPNN,4MNE,1.9312498569488525,195,V,Q,F:\GENESIS Studio\genesis-studio\packages\engines-py\.pdb_cache\4MNE,A
3914,ThermoMPNN,4MNE,2.2734153270721436,195,V,R,F:\GENESIS Studio\genesis-studio\packages\engines-py\.pdb_cache\4MNE,A
3915,ThermoMPNN,4MNE,1.9135013818740845,195,V,S,F:\GENESIS Studio\genesis-studio\packages\engines-py\.pdb_cache\4MNE,A
3916,ThermoMPNN,4MNE,1.2055208683013916,195,V,T,F:\GENESIS Studio\genesis-studio\packages\engines-py\.pdb_cache\4MNE,A
3917,ThermoMPNN,4MNE,0.0,195,V,V,F:\GENESIS Studio\genesis-studio\packages\engines-py\.pdb_cache\4MNE,A
3918,ThermoMPNN,4MNE,0.8062633275985718,195,V,W,F:\GENESIS Studio\genesis-studio\packages\engines-py\.pdb_cache\4MNE,A
3919,ThermoMPNN,4MNE,1.1531113386154175,195,V,Y,F:\GENESIS Studio\genesis-studio\packages\engines-py\.pdb_cache\4MNE,A
3920,ThermoMPNN,4MNE,2.4069528579711914,196,G,A,F:\GENESIS Studio\genesis-studio\packages\engines-py\.pdb_cache\4MNE,A
3921,ThermoMPNN,4MNE,1.95222806930542,196,G,C,F:\GENESIS Studio\genesis-studio\packages\engines-py\.pdb_cache\4MNE,A
3922,ThermoMPNN,4MNE,3.2376904487609863,196,G,D,F:\GENESIS Studio\genesis-studio\packages\engines-py\.pdb_cache\4MNE,A
3923,ThermoMPNN,4MNE,3.3639376163482666,196,G,E,F:\GENESIS Studio\genesis-studio\packages\engines-py\.pdb_cache\4MNE,A
3924,ThermoMPNN,4MNE,2.0030784606933594,196,G,F,F:\GENESIS Studio\genesis-studio\packages\engines-py\.pdb_cache\4MNE,A
3925,ThermoMPNN,4MNE,0.0,196,G,G,F:\GENESIS Studio\genesis-studio\packages\engines-py\.pdb_cache\4MNE,A
3926,ThermoMPNN,4MNE,2.756446361541748,196,G,H,F:\GENESIS Studio\genesis-studio\packages\engines-py\.pdb_cache\4MNE,A
3927,ThermoMPNN,4MNE,2.7882721424102783,196,G,I,F:\GENESIS Studio\genesis-studio\packages\engines-py\.pdb_cache\4MNE,A
3928,ThermoMPNN,4MNE,3.103816509246826,196,G,K,F:\GENESIS Studio\genesis-studio\packages\engines-py\.pdb_cache\4MNE,A
3929,ThermoMPNN,4MNE,2.483276844024658,196,G,L,F:\GENESIS Studio\genesis-studio\packages\engines-py\.pdb_cache\4MNE,A
3930,ThermoMPNN,4MNE,2.392759323120117,196,G,M,F:\GENESIS Studio\genesis-studio\packages\engines-py\.pdb_cache\4MNE,A
3931,ThermoMPNN,4MNE,3.070248603820801,196,G,N,F:\GENESIS Studio\genesis-studio\packages\engines-py\.pdb_cache\4MNE,A
3932,ThermoMPNN,4MNE,3.104107141494751,196,G,P,F:\GENESIS Studio\genesis-studio\packages\engines-py\.pdb_cache\4MNE,A
3933,ThermoMPNN,4MNE,2.9393482208251953,196,G,Q,F:\GENESIS Studio\genesis-studio\packages\engines-py\.pdb_cache\4MNE,A
3934,ThermoMPNN,4MNE,2.9464669227600098,196,G,R,F:\GENESIS Studio\genesis-studio\packages\engines-py\.pdb_cache\4MNE,A
3935,ThermoMPNN,4MNE,2.8936843872070312,196,G,S,F:\GENESIS Studio\genesis-studio\packages\engines-py\.pdb_cache\4MNE,A
3936,ThermoMPNN,4MNE,3.1265621185302734,196,G,T,F:\GENESIS Studio\genesis-studio\packages\engines-py\.pdb_cache\4MNE,A
3937,ThermoMPNN,4MNE,2.632538080215454,196,G,V,F:\GENESIS Studio\genesis-studio\packages\engines-py\.pdb_cache\4MNE,A
3938,ThermoMPNN,4MNE,2.301356792449951,196,G,W,F:\GENESIS Studio\genesis-studio\packages\engines-py\.pdb_cache\4MNE,A
3939,ThermoMPNN,4MNE,2.2670843601226807,196,G,Y,F:\GENESIS Studio\genesis-studio\packages\engines-py\.pdb_cache\4MNE,A
3940,ThermoMPNN,4MNE,0.8316189050674438,197,R,A,F:\GENESIS Studio\genesis-studio\packages\engines-py\.pdb_cache\4MNE,A
3941,ThermoMPNN,4MNE,0.5017929077148438,197,R,C,F:\GENESIS Studio\genesis-studio\packages\engines-py\.pdb_cache\4MNE,A
3942,ThermoMPNN,4MNE,1.8498406410217285,197,R,D,F:\GENESIS Studio\genesis-studio\packages\engines-py\.pdb_cache\4MNE,A
3943,ThermoMPNN,4MNE,1.4344754219055176,197,R,E,F:\GENESIS Studio\genesis-studio\packages\engines-py\.pdb_cache\4MNE,A
3944,ThermoMPNN,4MNE,0.6084758639335632,197,R,F,F:\GENESIS Studio\genesis-studio\packages\engines-py\.pdb_cache\4MNE,A
3945,ThermoMPNN,4MNE,1.466259241104126,197,R,G,F:\GENESIS Studio\genesis-studio\packages\engines-py\.pdb_cache\4MNE,A
3946,ThermoMPNN,4MNE,0.6870149374008179,197,R,H,F:\GENESIS Studio\genesis-studio\packages\engines-py\.pdb_cache\4MNE,A
3947,ThermoMPNN,4MNE,0.4441617727279663,197,R,I,F:\GENESIS Studio\genesis-studio\packages\engines-py\.pdb_cache\4MNE,A
3948,ThermoMPNN,4MNE,0.2585477828979492,197,R,K,F:\GENESIS Studio\genesis-studio\packages\engines-py\.pdb_cache\4MNE,A
3949,ThermoMPNN,4MNE,0.6184841394424438,197,R,L,F:\GENESIS Studio\genesis-studio\packages\engines-py\.pdb_cache\4MNE,A
3950,ThermoMPNN,4MNE,0.5205826759338379,197,R,M,F:\GENESIS Studio\genesis-studio\packages\engines-py\.pdb_cache\4MNE,A
3951,ThermoMPNN,4MNE,1.1306145191192627,197,R,N,F:\GENESIS Studio\genesis-studio\packages\engines-py\.pdb_cache\4MNE,A
3952,ThermoMPNN,4MNE,2.3404650688171387,197,R,P,F:\GENESIS Studio\genesis-studio\packages\engines-py\.pdb_cache\4MNE,A
3953,ThermoMPNN,4MNE,0.7215808629989624,197,R,Q,F:\GENESIS Studio\genesis-studio\packages\engines-py\.pdb_cache\4MNE,A
3954,ThermoMPNN,4MNE,0.0,197,R,R,F:\GENESIS Studio\genesis-studio\packages\engines-py\.pdb_cache\4MNE,A
3955,ThermoMPNN,4MNE,0.8812992572784424,197,R,S,F:\GENESIS Studio\genesis-studio\packages\engines-py\.pdb_cache\4MNE,A
3956,ThermoMPNN,4MNE,0.7867265343666077,197,R,T,F:\GENESIS Studio\genesis-studio\packages\engines-py\.pdb_cache\4MNE,A
3957,ThermoMPNN,4MNE,0.4995918273925781,197,R,V,F:\GENESIS Studio\genesis-studio\packages\engines-py\.pdb_cache\4MNE,A
3958,ThermoMPNN,4MNE,0.5818336009979248,197,R,W,F:\GENESIS Studio\genesis-studio\packages\engines-py\.pdb_cache\4MNE,A
3959,ThermoMPNN,4MNE,0.49610376358032227,197,R,Y,F:\GENESIS Studio\genesis-studio\packages\engines-py\.pdb_cache\4MNE,A
3960,ThermoMPNN,4MNE,2.8143105506896973,198,Y,A,F:\GENESIS Studio\genesis-studio\packages\engines-py\.pdb_cache\4MNE,A
3961,ThermoMPNN,4MNE,1.8611259460449219,198,Y,C,F:\GENESIS Studio\genesis-studio\packages\engines-py\.pdb_cache\4MNE,A
3962,ThermoMPNN,4MNE,2.702627182006836,198,Y,D,F:\GENESIS Studio\genesis-studio\packages\engines-py\.pdb_cache\4MNE,A
3963,ThermoMPNN,4MNE,2.648031711578369,198,Y,E,F:\GENESIS Studio\genesis-studio\packages\engines-py\.pdb_cache\4MNE,A
3964,ThermoMPNN,4MNE,0.36470842361450195,198,Y,F,F:\GENESIS Studio\genesis-studio\packages\engines-py\.pdb_cache\4MNE,A
3965,ThermoMPNN,4MNE,2.8310904502868652,198,Y,G,F:\GENESIS Studio\genesis-studio\packages\engines-py\.pdb_cache\4MNE,A
3966,ThermoMPNN,4MNE,1.5278199911117554,198,Y,H,F:\GENESIS Studio\genesis-studio\packages\engines-py\.pdb_cache\4MNE,A
3967,ThermoMPNN,4MNE,2.3476614952087402,198,Y,I,F:\GENESIS Studio\genesis-studio\packages\engines-py\.pdb_cache\4MNE,A
3968,ThermoMPNN,4MNE,2.5110599994659424,198,Y,K,F:\GENESIS Studio\genesis-studio\packages\engines-py\.pdb_cache\4MNE,A
3969,ThermoMPNN,4MNE,2.091564893722534,198,Y,L,F:\GENESIS Studio\genesis-studio\packages\engines-py\.pdb_cache\4MNE,A
3970,ThermoMPNN,4MNE,2.191174030303955,198,Y,M,F:\GENESIS Studio\genesis-studio\packages\engines-py\.pdb_cache\4MNE,A
3971,ThermoMPNN,4MNE,2.333573341369629,198,Y,N,F:\GENESIS Studio\genesis-studio\packages\engines-py\.pdb_cache\4MNE,A
3972,ThermoMPNN,4MNE,2.2558467388153076,198,Y,P,F:\GENESIS Studio\genesis-studio\packages\engines-py\.pdb_cache\4MNE,A
3973,ThermoMPNN,4MNE,2.671820640563965,198,Y,Q,F:\GENESIS Studio\genesis-studio\packages\engines-py\.pdb_cache\4MNE,A
3974,ThermoMPNN,4MNE,2.1986918449401855,198,Y,R,F:\GENESIS Studio\genesis-studio\packages\engines-py\.pdb_cache\4MNE,A
3975,ThermoMPNN,4MNE,2.747859477996826,198,Y,S,F:\GENESIS Studio\genesis-studio\packages\engines-py\.pdb_cache\4MNE,A
3976,ThermoMPNN,4MNE,2.6756629943847656,198,Y,T,F:\GENESIS Studio\genesis-studio\packages\engines-py\.pdb_cache\4MNE,A
3977,ThermoMPNN,4MNE,2.579232931137085,198,Y,V,F:\GENESIS Studio\genesis-studio\packages\engines-py\.pdb_cache\4MNE,A
3978,ThermoMPNN,4MNE,0.617042064666748,198,Y,W,F:\GENESIS Studio\genesis-studio\packages\engines-py\.pdb_cache\4MNE,A
3979,ThermoMPNN,4MNE,0.0,198,Y,Y,F:\GENESIS Studio\genesis-studio\packages\engines-py\.pdb_cache\4MNE,A
3980,ThermoMPNN,4MNE,1.0605051517486572,199,P,A,F:\GENESIS Studio\genesis-studio\packages\engines-py\.pdb_cache\4MNE,A
3981,ThermoMPNN,4MNE,0.49381935596466064,199,P,C,F:\GENESIS Studio\genesis-studio\packages\engines-py\.pdb_cache\4MNE,A
3982,ThermoMPNN,4MNE,2.1273109912872314,199,P,D,F:\GENESIS Studio\genesis-studio\packages\engines-py\.pdb_cache\4MNE,A
3983,ThermoMPNN,4MNE,1.7139016389846802,199,P,E,F:\GENESIS Studio\genesis-studio\packages\engines-py\.pdb_cache\4MNE,A
3984,ThermoMPNN,4MNE,0.7843836545944214,199,P,F,F:\GENESIS Studio\genesis-studio\packages\engines-py\.pdb_cache\4MNE,A
3985,ThermoMPNN,4MNE,1.6025872230529785,199,P,G,F:\GENESIS Studio\genesis-studio\packages\engines-py\.pdb_cache\4MNE,A
3986,ThermoMPNN,4MNE,1.7057271003723145,199,P,H,F:\GENESIS Studio\genesis-studio\packages\engines-py\.pdb_cache\4MNE,A
3987,ThermoMPNN,4MNE,0.6259499788284302,199,P,I,F:\GENESIS Studio\genesis-studio\packages\engines-py\.pdb_cache\4MNE,A
3988,ThermoMPNN,4MNE,1.6618309020996094,199,P,K,F:\GENESIS Studio\genesis-studio\packages\engines-py\.pdb_cache\4MNE,A
3989,ThermoMPNN,4MNE,0.7014590501785278,199,P,L,F:\GENESIS Studio\genesis-studio\packages\engines-py\.pdb_cache\4MNE,A
3990,ThermoMPNN,4MNE,0.8030241131782532,199,P,M,F:\GENESIS Studio\genesis-studio\packages\engines-py\.pdb_cache\4MNE,A
3991,ThermoMPNN,4MNE,1.8130013942718506,199,P,N,F:\GENESIS Studio\genesis-studio\packages\engines-py\.pdb_cache\4MNE,A
3992,ThermoMPNN,4MNE,0.0,199,P,P,F:\GENESIS Studio\genesis-studio\packages\engines-py\.pdb_cache\4MNE,A
3993,ThermoMPNN,4MNE,1.7610050439834595,199,P,Q,F:\GENESIS Studio\genesis-studio\packages\engines-py\.pdb_cache\4MNE,A
3994,ThermoMPNN,4MNE,1.821275234222412,199,P,R,F:\GENESIS Studio\genesis-studio\packages\engines-py\.pdb_cache\4MNE,A
3995,ThermoMPNN,4MNE,1.5883581638336182,199,P,S,F:\GENESIS Studio\genesis-studio\packages\engines-py\.pdb_cache\4MNE,A
3996,ThermoMPNN,4MNE,1.6189725399017334,199,P,T,F:\GENESIS Studio\genesis-studio\packages\engines-py\.pdb_cache\4MNE,A
3997,ThermoMPNN,4MNE,0.7713590860366821,199,P,V,F:\GENESIS Studio\genesis-studio\packages\engines-py\.pdb_cache\4MNE,A
3998,ThermoMPNN,4MNE,1.0986157655715942,199,P,W,F:\GENESIS Studio\genesis-studio\packages\engines-py\.pdb_cache\4MNE,A
3999,ThermoMPNN,4MNE,1.042853593826294,199,P,Y,F:\GENESIS Studio\genesis-studio\packages\engines-py\.pdb_cache\4MNE,A
4000,ThermoMPNN,4MNE,2.141826629638672,200,I,A,F:\GENESIS Studio\genesis-studio\packages\engines-py\.pdb_cache\4MNE,A
4001,ThermoMPNN,4MNE,1.524975061416626,200,I,C,F:\GENESIS Studio\genesis-studio\packages\engines-py\.pdb_cache\4MNE,A
4002,ThermoMPNN,4MNE,2.243598222732544,200,I,D,F:\GENESIS Studio\genesis-studio\packages\engines-py\.pdb_cache\4MNE,A
4003,ThermoMPNN,4MNE,2.4597702026367188,200,I,E,F:\GENESIS Studio\genesis-studio\packages\engines-py\.pdb_cache\4MNE,A
4004,ThermoMPNN,4MNE,1.5644237995147705,200,I,F,F:\GENESIS Studio\genesis-studio\packages\engines-py\.pdb_cache\4MNE,A
4005,ThermoMPNN,4MNE,2.5497758388519287,200,I,G,F:\GENESIS Studio\genesis-studio\packages\engines-py\.pdb_cache\4MNE,A
4006,ThermoMPNN,4MNE,2.4253759384155273,200,I,H,F:\GENESIS Studio\genesis-studio\packages\engines-py\.pdb_cache\4MNE,A
4007,ThermoMPNN,4MNE,0.0,200,I,I,F:\GENESIS Studio\genesis-studio\packages\engines-py\.pdb_cache\4MNE,A
4008,ThermoMPNN,4MNE,2.5300259590148926,200,I,K,F:\GENESIS Studio\genesis-studio\packages\engines-py\.pdb_cache\4MNE,A
4009,ThermoMPNN,4MNE,0.7484774589538574,200,I,L,F:\GENESIS Studio\genesis-studio\packages\engines-py\.pdb_cache\4MNE,A
4010,ThermoMPNN,4MNE,1.428332805633545,200,I,M,F:\GENESIS Studio\genesis-studio\packages\engines-py\.pdb_cache\4MNE,A
4011,ThermoMPNN,4MNE,2.288654088973999,200,I,N,F:\GENESIS Studio\genesis-studio\packages\engines-py\.pdb_cache\4MNE,A
4012,ThermoMPNN,4MNE,2.421304702758789,200,I,P,F:\GENESIS Studio\genesis-studio\packages\engines-py\.pdb_cache\4MNE,A
4013,ThermoMPNN,4MNE,2.553704023361206,200,I,Q,F:\GENESIS Studio\genesis-studio\packages\engines-py\.pdb_cache\4MNE,A
4014,ThermoMPNN,4MNE,2.5352721214294434,200,I,R,F:\GENESIS Studio\genesis-studio\packages\engines-py\.pdb_cache\4MNE,A
4015,ThermoMPNN,4MNE,2.2844290733337402,200,I,S,F:\GENESIS Studio\genesis-studio\packages\engines-py\.pdb_cache\4MNE,A
4016,ThermoMPNN,4MNE,1.8983182907104492,200,I,T,F:\GENESIS Studio\genesis-studio\packages\engines-py\.pdb_cache\4MNE,A
4017,ThermoMPNN,4MNE,0.6122323274612427,200,I,V,F:\GENESIS Studio\genesis-studio\packages\engines-py\.pdb_cache\4MNE,A
4018,ThermoMPNN,4MNE,1.8623182773590088,200,I,W,F:\GENESIS Studio\genesis-studio\packages\engines-py\.pdb_cache\4MNE,A
4019,ThermoMPNN,4MNE,1.9153631925582886,200,I,Y,F:\GENESIS Studio\genesis-studio\packages\engines-py\.pdb_cache\4MNE,A
4020,ThermoMPNN,4MNE,1.9473775625228882,201,P,A,F:\GENESIS Studio\genesis-studio\packages\engines-py\.pdb_cache\4MNE,A
4021,ThermoMPNN,4MNE,1.3119244575500488,201,P,C,F:\GENESIS Studio\genesis-studio\packages\engines-py\.pdb_cache\4MNE,A
4022,ThermoMPNN,4MNE,2.170234203338623,201,P,D,F:\GENESIS Studio\genesis-studio\packages\engines-py\.pdb_cache\4MNE,A
4023,ThermoMPNN,4MNE,1.9697227478027344,201,P,E,F:\GENESIS Studio\genesis-studio\packages\engines-py\.pdb_cache\4MNE,A
4024,ThermoMPNN,4MNE,1.5598626136779785,201,P,F,F:\GENESIS Studio\genesis-studio\packages\engines-py\.pdb_cache\4MNE,A
4025,ThermoMPNN,4MNE,2.0999107360839844,201,P,G,F:\GENESIS Studio\genesis-studio\packages\engines-py\.pdb_cache\4MNE,A
4026,ThermoMPNN,4MNE,1.6343234777450562,201,P,H,F:\GENESIS Studio\genesis-studio\packages\engines-py\.pdb_cache\4MNE,A
4027,ThermoMPNN,4MNE,1.7274351119995117,201,P,I,F:\GENESIS Studio\genesis-studio\packages\engines-py\.pdb_cache\4MNE,A
4028,ThermoMPNN,4MNE,1.759019136428833,201,P,K,F:\GENESIS Studio\genesis-studio\packages\engines-py\.pdb_cache\4MNE,A
4029,ThermoMPNN,4MNE,1.6295104026794434,201,P,L,F:\GENESIS Studio\genesis-studio\packages\engines-py\.pdb_cache\4MNE,A
4030,ThermoMPNN,4MNE,1.646567702293396,201,P,M,F:\GENESIS Studio\genesis-studio\packages\engines-py\.pdb_cache\4MNE,A
4031,ThermoMPNN,4MNE,1.875382423400879,201,P,N,F:\GENESIS Studio\genesis-studio\packages\engines-py\.pdb_cache\4MNE,A
4032,ThermoMPNN,4MNE,0.0,201,P,P,F:\GENESIS Studio\genesis-studio\packages\engines-py\.pdb_cache\4MNE,A
4033,ThermoMPNN,4MNE,1.841829776763916,201,P,Q,F:\GENESIS Studio\genesis-studio\packages\engines-py\.pdb_cache\4MNE,A
4034,ThermoMPNN,4MNE,1.7510485649108887,201,P,R,F:\GENESIS Studio\genesis-studio\packages\engines-py\.pdb_cache\4MNE,A
4035,ThermoMPNN,4MNE,1.9197570085525513,201,P,S,F:\GENESIS Studio\genesis-studio\packages\engines-py\.pdb_cache\4MNE,A
4036,ThermoMPNN,4MNE,2.0643022060394287,201,P,T,F:\GENESIS Studio\genesis-studio\packages\engines-py\.pdb_cache\4MNE,A
4037,ThermoMPNN,4MNE,2.0021018981933594,201,P,V,F:\GENESIS Studio\genesis-studio\packages\engines-py\.pdb_cache\4MNE,A
4038,ThermoMPNN,4MNE,1.7056353092193604,201,P,W,F:\GENESIS Studio\genesis-studio\packages\engines-py\.pdb_cache\4MNE,A
4039,ThermoMPNN,4MNE,1.3030357360839844,201,P,Y,F:\GENESIS Studio\genesis-studio\packages\engines-py\.pdb_cache\4MNE,A
4040,ThermoMPNN,4MNE,1.022452712059021,202,P,A,F:\GENESIS Studio\genesis-studio\packages\engines-py\.pdb_cache\4MNE,A
4041,ThermoMPNN,4MNE,0.771756112575531,202,P,C,F:\GENESIS Studio\genesis-studio\packages\engines-py\.pdb_cache\4MNE,A
4042,ThermoMPNN,4MNE,1.128751516342163,202,P,D,F:\GENESIS Studio\genesis-studio\packages\engines-py\.pdb_cache\4MNE,A
4043,ThermoMPNN,4MNE,0.888980507850647,202,P,E,F:\GENESIS Studio\genesis-studio\packages\engines-py\.pdb_cache\4MNE,A
4044,ThermoMPNN,4MNE,1.1372171640396118,202,P,F,F:\GENESIS Studio\genesis-studio\packages\engines-py\.pdb_cache\4MNE,A
4045,ThermoMPNN,4MNE,1.5566086769104004,202,P,G,F:\GENESIS Studio\genesis-studio\packages\engines-py\.pdb_cache\4MNE,A
4046,ThermoMPNN,4MNE,0.9751788377761841,202,P,H,F:\GENESIS Studio\genesis-studio\packages\engines-py\.pdb_cache\4MNE,A
4047,ThermoMPNN,4MNE,1.0965300798416138,202,P,I,F:\GENESIS Studio\genesis-studio\packages\engines-py\.pdb_cache\4MNE,A
4048,ThermoMPNN,4MNE,1.1487207412719727,202,P,K,F:\GENESIS Studio\genesis-studio\packages\engines-py\.pdb_cache\4MNE,A
4049,ThermoMPNN,4MNE,1.0395808219909668,202,P,L,F:\GENESIS Studio\genesis-studio\packages\engines-py\.pdb_cache\4MNE,A
4050,ThermoMPNN,4MNE,0.998593807220459,202,P,M,F:\GENESIS Studio\genesis-studio\packages\engines-py\.pdb_cache\4MNE,A
4051,ThermoMPNN,4MNE,1.1521416902542114,202,P,N,F:\GENESIS Studio\genesis-studio\packages\engines-py\.pdb_cache\4MNE,A
4052,ThermoMPNN,4MNE,0.0,202,P,P,F:\GENESIS Studio\genesis-studio\packages\engines-py\.pdb_cache\4MNE,A
4053,ThermoMPNN,4MNE,0.9233310222625732,202,P,Q,F:\GENESIS Studio\genesis-studio\packages\engines-py\.pdb_cache\4MNE,A
4054,ThermoMPNN,4MNE,1.251076340675354,202,P,R,F:\GENESIS Studio\genesis-studio\packages\engines-py\.pdb_cache\4MNE,A
4055,ThermoMPNN,4MNE,1.0504236221313477,202,P,S,F:\GENESIS Studio\genesis-studio\packages\engines-py\.pdb_cache\4MNE,A
4056,ThermoMPNN,4MNE,1.305938482284546,202,P,T,F:\GENESIS Studio\genesis-studio\packages\engines-py\.pdb_cache\4MNE,A
4057,ThermoMPNN,4MNE,1.1315213441848755,202,P,V,F:\GENESIS Studio\genesis-studio\packages\engines-py\.pdb_cache\4MNE,A
4058,ThermoMPNN,4MNE,1.1264598369598389,202,P,W,F:\GENESIS Studio\genesis-studio\packages\engines-py\.pdb_cache\4MNE,A
4059,ThermoMPNN,4MNE,0.9980460405349731,202,P,Y,F:\GENESIS Studio\genesis-studio\packages\engines-py\.pdb_cache\4MNE,A
4060,ThermoMPNN,4MNE,0.24485617876052856,203,P,A,F:\GENESIS Studio\genesis-studio\packages\engines-py\.pdb_cache\4MNE,A
4061,ThermoMPNN,4MNE,-0.07972896099090576,203,P,C,F:\GENESIS Studio\genesis-studio\packages\engines-py\.pdb_cache\4MNE,A
4062,ThermoMPNN,4MNE,1.0589630603790283,203,P,D,F:\GENESIS Studio\genesis-studio\packages\engines-py\.pdb_cache\4MNE,A
4063,ThermoMPNN,4MNE,0.6704878807067871,203,P,E,F:\GENESIS Studio\genesis-studio\packages\engines-py\.pdb_cache\4MNE,A
4064,ThermoMPNN,4MNE,-0.21090519428253174,203,P,F,F:\GENESIS Studio\genesis-studio\packages\engines-py\.pdb_cache\4MNE,A
4065,ThermoMPNN,4MNE,0.9953417778015137,203,P,G,F:\GENESIS Studio\genesis-studio\packages\engines-py\.pdb_cache\4MNE,A
4066,ThermoMPNN,4MNE,0.5689425468444824,203,P,H,F:\GENESIS Studio\genesis-studio\packages\engines-py\.pdb_cache\4MNE,A
4067,ThermoMPNN,4MNE,0.1058053970336914,203,P,I,F:\GENESIS Studio\genesis-studio\packages\engines-py\.pdb_cache\4MNE,A
4068,ThermoMPNN,4MNE,0.9692054390907288,203,P,K,F:\GENESIS Studio\genesis-studio\packages\engines-py\.pdb_cache\4MNE,A
4069,ThermoMPNN,4MNE,-0.3118988275527954,203,P,L,F:\GENESIS Studio\genesis-studio\packages\engines-py\.pdb_cache\4MNE,A
4070,ThermoMPNN,4MNE,-0.1956573724746704,203,P,M,F:\GENESIS Studio\genesis-studio\packages\engines-py\.pdb_cache\4MNE,A
4071,ThermoMPNN,4MNE,1.1014058589935303,203,P,N,F:\GENESIS Studio\genesis-studio\packages\engines-py\.pdb_cache\4MNE,A
4072,ThermoMPNN,4MNE,0.0,203,P,P,F:\GENESIS Studio\genesis-studio\packages\engines-py\.pdb_cache\4MNE,A
4073,ThermoMPNN,4MNE,0.5971205234527588,203,P,Q,F:\GENESIS Studio\genesis-studio\packages\engines-py\.pdb_cache\4MNE,A
4074,ThermoMPNN,4MNE,1.1823413372039795,203,P,R,F:\GENESIS Studio\genesis-studio\packages\engines-py\.pdb_cache\4MNE,A
4075,ThermoMPNN,4MNE,0.8957138061523438,203,P,S,F:\GENESIS Studio\genesis-studio\packages\engines-py\.pdb_cache\4MNE,A
4076,ThermoMPNN,4MNE,1.107038974761963,203,P,T,F:\GENESIS Studio\genesis-studio\packages\engines-py\.pdb_cache\4MNE,A
4077,ThermoMPNN,4MNE,0.43475914001464844,203,P,V,F:\GENESIS Studio\genesis-studio\packages\engines-py\.pdb_cache\4MNE,A
4078,ThermoMPNN,4MNE,0.21655744314193726,203,P,W,F:\GENESIS Studio\genesis-studio\packages\engines-py\.pdb_cache\4MNE,A
4079,ThermoMPNN,4MNE,0.10767251253128052,203,P,Y,F:\GENESIS Studio\genesis-studio\packages\engines-py\.pdb_cache\4MNE,A
4080,ThermoMPNN,4MNE,0.6614830493927002,204,D,A,F:\GENESIS Studio\genesis-studio\packages\engines-py\.pdb_cache\4MNE,A
4081,ThermoMPNN,4MNE,0.39590680599212646,204,D,C,F:\GENESIS Studio\genesis-studio\packages\engines-py\.pdb_cache\4MNE,A
4082,ThermoMPNN,4MNE,0.0,204,D,D,F:\GENESIS Studio\genesis-studio\packages\engines-py\.pdb_cache\4MNE,A
4083,ThermoMPNN,4MNE,0.7249594926834106,204,D,E,F:\GENESIS Studio\genesis-studio\packages\engines-py\.pdb_cache\4MNE,A
4084,ThermoMPNN,4MNE,1.1176419258117676,204,D,F,F:\GENESIS Studio\genesis-studio\packages\engines-py\.pdb_cache\4MNE,A
4085,ThermoMPNN,4MNE,0.6408537030220032,204,D,G,F:\GENESIS Studio\genesis-studio\packages\engines-py\.pdb_cache\4MNE,A
4086,ThermoMPNN,4MNE,0.7455943822860718,204,D,H,F:\GENESIS Studio\genesis-studio\packages\engines-py\.pdb_cache\4MNE,A
4087,ThermoMPNN,4MNE,1.0800418853759766,204,D,I,F:\GENESIS Studio\genesis-studio\packages\engines-py\.pdb_cache\4MNE,A
4088,ThermoMPNN,4MNE,0.8288767337799072,204,D,K,F:\GENESIS Studio\genesis-studio\packages\engines-py\.pdb_cache\4MNE,A
4089,ThermoMPNN,4MNE,0.9223461151123047,204,D,L,F:\GENESIS Studio\genesis-studio\packages\engines-py\.pdb_cache\4MNE,A
4090,ThermoMPNN,4MNE,0.9886139631271362,204,D,M,F:\GENESIS Studio\genesis-studio\packages\engines-py\.pdb_cache\4MNE,A
4091,ThermoMPNN,4MNE,0.053437113761901855,204,D,N,F:\GENESIS Studio\genesis-studio\packages\engines-py\.pdb_cache\4MNE,A
4092,ThermoMPNN,4MNE,0.8945130109786987,204,D,P,F:\GENESIS Studio\genesis-studio\packages\engines-py\.pdb_cache\4MNE,A
4093,ThermoMPNN,4MNE,0.9830631017684937,204,D,Q,F:\GENESIS Studio\genesis-studio\packages\engines-py\.pdb_cache\4MNE,A
4094,ThermoMPNN,4MNE,0.8342167139053345,204,D,R,F:\GENESIS Studio\genesis-studio\packages\engines-py\.pdb_cache\4MNE,A
4095,ThermoMPNN,4MNE,-0.09804129600524902,204,D,S,F:\GENESIS Studio\genesis-studio\packages\engines-py\.pdb_cache\4MNE,A
4096,ThermoMPNN,4MNE,-0.06729137897491455,204,D,T,F:\GENESIS Studio\genesis-studio\packages\engines-py\.pdb_cache\4MNE,A
4097,ThermoMPNN,4MNE,1.1796202659606934,204,D,V,F:\GENESIS Studio\genesis-studio\packages\engines-py\.pdb_cache\4MNE,A
4098,ThermoMPNN,4MNE,1.2629220485687256,204,D,W,F:\GENESIS Studio\genesis-studio\packages\engines-py\.pdb_cache\4MNE,A
4099,ThermoMPNN,4MNE,1.2043180465698242,204,D,Y,F:\GENESIS Studio\genesis-studio\packages\engines-py\.pdb_cache\4MNE,A
4100,ThermoMPNN,4MNE,0.0,205,A,A,F:\GENESIS Studio\genesis-studio\packages\engines-py\.pdb_cache\4MNE,A
4101,ThermoMPNN,4MNE,0.08573353290557861,205,A,C,F:\GENESIS Studio\genesis-studio\packages\engines-py\.pdb_cache\4MNE,A
4102,ThermoMPNN,4MNE,0.17955505847930908,205,A,D,F:\GENESIS Studio\genesis-studio\packages\engines-py\.pdb_cache\4MNE,A
4103,ThermoMPNN,4MNE,0.05535691976547241,205,A,E,F:\GENESIS Studio\genesis-studio\packages\engines-py\.pdb_cache\4MNE,A
4104,ThermoMPNN,4MNE,0.3229111433029175,205,A,F,F:\GENESIS Studio\genesis-studio\packages\engines-py\.pdb_cache\4MNE,A
4105,ThermoMPNN,4MNE,0.39609915018081665,205,A,G,F:\GENESIS Studio\genesis-studio\packages\engines-py\.pdb_cache\4MNE,A
4106,ThermoMPNN,4MNE,0.16537803411483765,205,A,H,F:\GENESIS Studio\genesis-studio\packages\engines-py\.pdb_cache\4MNE,A
4107,ThermoMPNN,4MNE,0.20517480373382568,205,A,I,F:\GENESIS Studio\genesis-studio\packages\engines-py\.pdb_cache\4MNE,A
4108,ThermoMPNN,4MNE,0.14430850744247437,205,A,K,F:\GENESIS Studio\genesis-studio\packages\engines-py\.pdb_cache\4MNE,A
4109,ThermoMPNN,4MNE,0.19378793239593506,205,A,L,F:\GENESIS Studio\genesis-studio\packages\engines-py\.pdb_cache\4MNE,A
4110,ThermoMPNN,4MNE,0.27025771141052246,205,A,M,F:\GENESIS Studio\genesis-studio\packages\engines-py\.pdb_cache\4MNE,A
4111,ThermoMPNN,4MNE,0.3040624260902405,205,A,N,F:\GENESIS Studio\genesis-studio\packages\engines-py\.pdb_cache\4MNE,A
4112,ThermoMPNN,4MNE,0.19329774379730225,205,A,P,F:\GENESIS Studio\genesis-studio\packages\engines-py\.pdb_cache\4MNE,A
4113,ThermoMPNN,4MNE,0.09674978256225586,205,A,Q,F:\GENESIS Studio\genesis-studio\packages\engines-py\.pdb_cache\4MNE,A
4114,ThermoMPNN,4MNE,0.18125462532043457,205,A,R,F:\GENESIS Studio\genesis-studio\packages\engines-py\.pdb_cache\4MNE,A
4115,ThermoMPNN,4MNE,0.19428300857543945,205,A,S,F:\GENESIS Studio\genesis-studio\packages\engines-py\.pdb_cache\4MNE,A
4116,ThermoMPNN,4MNE,0.34901487827301025,205,A,T,F:\GENESIS Studio\genesis-studio\packages\engines-py\.pdb_cache\4MNE,A
4117,ThermoMPNN,4MNE,0.1724650263786316,205,A,V,F:\GENESIS Studio\genesis-studio\packages\engines-py\.pdb_cache\4MNE,A
4118,ThermoMPNN,4MNE,0.3150157928466797,205,A,W,F:\GENESIS Studio\genesis-studio\packages\engines-py\.pdb_cache\4MNE,A
4119,ThermoMPNN,4MNE,0.3378787040710449,205,A,Y,F:\GENESIS Studio\genesis-studio\packages\engines-py\.pdb_cache\4MNE,A
4120,ThermoMPNN,4MNE,-0.028639554977416992,206,K,A,F:\GENESIS Studio\genesis-studio\packages\engines-py\.pdb_cache\4MNE,A
4121,ThermoMPNN,4MNE,-0.03204309940338135,206,K,C,F:\GENESIS Studio\genesis-studio\packages\engines-py\.pdb_cache\4MNE,A
4122,ThermoMPNN,4MNE,0.20738178491592407,206,K,D,F:\GENESIS Studio\genesis-studio\packages\engines-py\.pdb_cache\4MNE,A
4123,ThermoMPNN,4MNE,0.0011569857597351074,206,K,E,F:\GENESIS Studio\genesis-studio\packages\engines-py\.pdb_cache\4MNE,A
4124,ThermoMPNN,4MNE,0.12483727931976318,206,K,F,F:\GENESIS Studio\genesis-studio\packages\engines-py\.pdb_cache\4MNE,A
4125,ThermoMPNN,4MNE,0.31508660316467285,206,K,G,F:\GENESIS Studio\genesis-studio\packages\engines-py\.pdb_cache\4MNE,A
4126,ThermoMPNN,4MNE,0.14385169744491577,206,K,H,F:\GENESIS Studio\genesis-studio\packages\engines-py\.pdb_cache\4MNE,A
4127,ThermoMPNN,4MNE,0.04451471567153931,206,K,I,F:\GENESIS Studio\genesis-studio\packages\engines-py\.pdb_cache\4MNE,A
4128,ThermoMPNN,4MNE,0.0,206,K,K,F:\GENESIS Studio\genesis-studio\packages\engines-py\.pdb_cache\4MNE,A
4129,ThermoMPNN,4MNE,0.028774142265319824,206,K,L,F:\GENESIS Studio\genesis-studio\packages\engines-py\.pdb_cache\4MNE,A
4130,ThermoMPNN,4MNE,0.08223336935043335,206,K,M,F:\GENESIS Studio\genesis-studio\packages\engines-py\.pdb_cache\4MNE,A
4131,ThermoMPNN,4MNE,0.2187265157699585,206,K,N,F:\GENESIS Studio\genesis-studio\packages\engines-py\.pdb_cache\4MNE,A
4132,ThermoMPNN,4MNE,0.6246054172515869,206,K,P,F:\GENESIS Studio\genesis-studio\packages\engines-py\.pdb_cache\4MNE,A
4133,ThermoMPNN,4MNE,0.03213310241699219,206,K,Q,F:\GENESIS Studio\genesis-studio\packages\engines-py\.pdb_cache\4MNE,A
4134,ThermoMPNN,4MNE,0.016084790229797363,206,K,R,F:\GENESIS Studio\genesis-studio\packages\engines-py\.pdb_cache\4MNE,A
4135,ThermoMPNN,4MNE,0.14870643615722656,206,K,S,F:\GENESIS Studio\genesis-studio\packages\engines-py\.pdb_cache\4MNE,A
4136,ThermoMPNN,4MNE,0.20795339345932007,206,K,T,F:\GENESIS Studio\genesis-studio\packages\engines-py\.pdb_cache\4MNE,A
4137,ThermoMPNN,4MNE,0.05679124593734741,206,K,V,F:\GENESIS Studio\genesis-studio\packages\engines-py\.pdb_cache\4MNE,A
4138,ThermoMPNN,4MNE,0.010202109813690186,206,K,W,F:\GENESIS Studio\genesis-studio\packages\engines-py\.pdb_cache\4MNE,A
4139,ThermoMPNN,4MNE,0.07522761821746826,206,K,Y,F:\GENESIS Studio\genesis-studio\packages\engines-py\.pdb_cache\4MNE,A
4140,ThermoMPNN,4MNE,0.3712802529335022,207,E,A,F:\GENESIS Studio\genesis-studio\packages\engines-py\.pdb_cache\4MNE,A
4141,ThermoMPNN,4MNE,0.34928423166275024,207,E,C,F:\GENESIS Studio\genesis-studio\packages\engines-py\.pdb_cache\4MNE,A
4142,ThermoMPNN,4MNE,0.11285972595214844,207,E,D,F:\GENESIS Studio\genesis-studio\packages\engines-py\.pdb_cache\4MNE,A
4143,ThermoMPNN,4MNE,0.0,207,E,E,F:\GENESIS Studio\genesis-studio\packages\engines-py\.pdb_cache\4MNE,A
4144,ThermoMPNN,4MNE,0.8678185939788818,207,E,F,F:\GENESIS Studio\genesis-studio\packages\engines-py\.pdb_cache\4MNE,A
4145,ThermoMPNN,4MNE,0.9756733775138855,207,E,G,F:\GENESIS Studio\genesis-studio\packages\engines-py\.pdb_cache\4MNE,A
4146,ThermoMPNN,4MNE,0.6870594024658203,207,E,H,F:\GENESIS Studio\genesis-studio\packages\engines-py\.pdb_cache\4MNE,A
4147,ThermoMPNN,4MNE,0.6438539028167725,207,E,I,F:\GENESIS Studio\genesis-studio\packages\engines-py\.pdb_cache\4MNE,A
4148,ThermoMPNN,4MNE,0.7865118980407715,207,E,K,F:\GENESIS Studio\genesis-studio\packages\engines-py\.pdb_cache\4MNE,A
4149,ThermoMPNN,4MNE,0.3322203755378723,207,E,L,F:\GENESIS Studio\genesis-studio\packages\engines-py\.pdb_cache\4MNE,A
4150,ThermoMPNN,4MNE,0.3854498863220215,207,E,M,F:\GENESIS Studio\genesis-studio\packages\engines-py\.pdb_cache\4MNE,A
4151,ThermoMPNN,4MNE,0.6383959650993347,207,E,N,F:\GENESIS Studio\genesis-studio\packages\engines-py\.pdb_cache\4MNE,A
4152,ThermoMPNN,4MNE,1.9299728870391846,207,E,P,F:\GENESIS Studio\genesis-studio\packages\engines-py\.pdb_cache\4MNE,A
4153,ThermoMPNN,4MNE,0.206321120262146,207,E,Q,F:\GENESIS Studio\genesis-studio\packages\engines-py\.pdb_cache\4MNE,A
4154,ThermoMPNN,4MNE,0.8573942184448242,207,E,R,F:\GENESIS Studio\genesis-studio\packages\engines-py\.pdb_cache\4MNE,A
4155,ThermoMPNN,4MNE,0.569446325302124,207,E,S,F:\GENESIS Studio\genesis-studio\packages\engines-py\.pdb_cache\4MNE,A
4156,ThermoMPNN,4MNE,0.3698635697364807,207,E,T,F:\GENESIS Studio\genesis-studio\packages\engines-py\.pdb_cache\4MNE,A
4157,ThermoMPNN,4MNE,0.5917760133743286,207,E,V,F:\GENESIS Studio\genesis-studio\packages\engines-py\.pdb_cache\4MNE,A
4158,ThermoMPNN,4MNE,0.7406575679779053,207,E,W,F:\GENESIS Studio\genesis-studio\packages\engines-py\.pdb_cache\4MNE,A
4159,ThermoMPNN,4MNE,0.9290028810501099,207,E,Y,F:\GENESIS Studio\genesis-studio\packages\engines-py\.pdb_cache\4MNE,A
4160,ThermoMPNN,4MNE,0.31787025928497314,208,L,A,F:\GENESIS Studio\genesis-studio\packages\engines-py\.pdb_cache\4MNE,A
4161,ThermoMPNN,4MNE,0.13987112045288086,208,L,C,F:\GENESIS Studio\genesis-studio\packages\engines-py\.pdb_cache\4MNE,A
4162,ThermoMPNN,4MNE,0.5082314014434814,208,L,D,F:\GENESIS Studio\genesis-studio\packages\engines-py\.pdb_cache\4MNE,A
4163,ThermoMPNN,4MNE,0.2143898606300354,208,L,E,F:\GENESIS Studio\genesis-studio\packages\engines-py\.pdb_cache\4MNE,A
4164,ThermoMPNN,4MNE,0.5181810855865479,208,L,F,F:\GENESIS Studio\genesis-studio\packages\engines-py\.pdb_cache\4MNE,A
4165,ThermoMPNN,4MNE,0.9611083269119263,208,L,G,F:\GENESIS Studio\genesis-studio\packages\engines-py\.pdb_cache\4MNE,A
4166,ThermoMPNN,4MNE,0.6145540475845337,208,L,H,F:\GENESIS Studio\genesis-studio\packages\engines-py\.pdb_cache\4MNE,A
4167,ThermoMPNN,4MNE,0.1158519983291626,208,L,I,F:\GENESIS Studio\genesis-studio\packages\engines-py\.pdb_cache\4MNE,A
4168,ThermoMPNN,4MNE,0.46102374792099,208,L,K,F:\GENESIS Studio\genesis-studio\packages\engines-py\.pdb_cache\4MNE,A
4169,ThermoMPNN,4MNE,0.0,208,L,L,F:\GENESIS Studio\genesis-studio\packages\engines-py\.pdb_cache\4MNE,A
4170,ThermoMPNN,4MNE,0.10408639907836914,208,L,M,F:\GENESIS Studio\genesis-studio\packages\engines-py\.pdb_cache\4MNE,A
4171,ThermoMPNN,4MNE,0.6556107997894287,208,L,N,F:\GENESIS Studio\genesis-studio\packages\engines-py\.pdb_cache\4MNE,A
4172,ThermoMPNN,4MNE,1.5116820335388184,208,L,P,F:\GENESIS Studio\genesis-studio\packages\engines-py\.pdb_cache\4MNE,A
4173,ThermoMPNN,4MNE,0.2577042579650879,208,L,Q,F:\GENESIS Studio\genesis-studio\packages\engines-py\.pdb_cache\4MNE,A
4174,ThermoMPNN,4MNE,0.47992944717407227,208,L,R,F:\GENESIS Studio\genesis-studio\packages\engines-py\.pdb_cache\4MNE,A
4175,ThermoMPNN,4MNE,0.4931948184967041,208,L,S,F:\GENESIS Studio\genesis-studio\packages\engines-py\.pdb_cache\4MNE,A
4176,ThermoMPNN,4MNE,0.4775024652481079,208,L,T,F:\GENESIS Studio\genesis-studio\packages\engines-py\.pdb_cache\4MNE,A
4177,ThermoMPNN,4MNE,0.2662850022315979,208,L,V,F:\GENESIS Studio\genesis-studio\packages\engines-py\.pdb_cache\4MNE,A
4178,ThermoMPNN,4MNE,0.13475120067596436,208,L,W,F:\GENESIS Studio\genesis-studio\packages\engines-py\.pdb_cache\4MNE,A
4179,ThermoMPNN,4MNE,0.4305117130279541,208,L,Y,F:\GENESIS Studio\genesis-studio\packages\engines-py\.pdb_cache\4MNE,A
4180,ThermoMPNN,4MNE,0.036314427852630615,209,E,A,F:\GENESIS Studio\genesis-studio\packages\engines-py\.pdb_cache\4MNE,A
4181,ThermoMPNN,4MNE,0.03359705209732056,209,E,C,F:\GENESIS Studio\genesis-studio\packages\engines-py\.pdb_cache\4MNE,A
4182,ThermoMPNN,4MNE,0.1893025040626526,209,E,D,F:\GENESIS Studio\genesis-studio\packages\engines-py\.pdb_cache\4MNE,A
4183,ThermoMPNN,4MNE,0.0,209,E,E,F:\GENESIS Studio\genesis-studio\packages\engines-py\.pdb_cache\4MNE,A
4184,ThermoMPNN,4MNE,0.3104180097579956,209,E,F,F:\GENESIS Studio\genesis-studio\packages\engines-py\.pdb_cache\4MNE,A
4185,ThermoMPNN,4MNE,0.42401230335235596,209,E,G,F:\GENESIS Studio\genesis-studio\packages\engines-py\.pdb_cache\4MNE,A
4186,ThermoMPNN,4MNE,0.3151554465293884,209,E,H,F:\GENESIS Studio\genesis-studio\packages\engines-py\.pdb_cache\4MNE,A
4187,ThermoMPNN,4MNE,0.1727498173713684,209,E,I,F:\GENESIS Studio\genesis-studio\packages\engines-py\.pdb_cache\4MNE,A
4188,ThermoMPNN,4MNE,0.131777822971344,209,E,K,F:\GENESIS Studio\genesis-studio\packages\engines-py\.pdb_cache\4MNE,A
4189,ThermoMPNN,4MNE,0.039708733558654785,209,E,L,F:\GENESIS Studio\genesis-studio\packages\engines-py\.pdb_cache\4MNE,A
4190,ThermoMPNN,4MNE,0.04075765609741211,209,E,M,F:\GENESIS Studio\genesis-studio\packages\engines-py\.pdb_cache\4MNE,A
4191,ThermoMPNN,4MNE,0.29292845726013184,209,E,N,F:\GENESIS Studio\genesis-studio\packages\engines-py\.pdb_cache\4MNE,A
4192,ThermoMPNN,4MNE,1.2126634120941162,209,E,P,F:\GENESIS Studio\genesis-studio\packages\engines-py\.pdb_cache\4MNE,A
4193,ThermoMPNN,4MNE,0.05227017402648926,209,E,Q,F:\GENESIS Studio\genesis-studio\packages\engines-py\.pdb_cache\4MNE,A
4194,ThermoMPNN,4MNE,0.17062175273895264,209,E,R,F:\GENESIS Studio\genesis-studio\packages\engines-py\.pdb_cache\4MNE,A
4195,ThermoMPNN,4MNE,0.22384583950042725,209,E,S,F:\GENESIS Studio\genesis-studio\packages\engines-py\.pdb_cache\4MNE,A
4196,ThermoMPNN,4MNE,0.3295772075653076,209,E,T,F:\GENESIS Studio\genesis-studio\packages\engines-py\.pdb_cache\4MNE,A
4197,ThermoMPNN,4MNE,0.28431397676467896,209,E,V,F:\GENESIS Studio\genesis-studio\packages\engines-py\.pdb_cache\4MNE,A
4198,ThermoMPNN,4MNE,0.21541714668273926,209,E,W,F:\GENESIS Studio\genesis-studio\packages\engines-py\.pdb_cache\4MNE,A
4199,ThermoMPNN,4MNE,0.31201112270355225,209,E,Y,F:\GENESIS Studio\genesis-studio\packages\engines-py\.pdb_cache\4MNE,A
4200,ThermoMPNN,4MNE,0.07132869958877563,210,L,A,F:\GENESIS Studio\genesis-studio\packages\engines-py\.pdb_cache\4MNE,A
4201,ThermoMPNN,4MNE,-0.008761763572692871,210,L,C,F:\GENESIS Studio\genesis-studio\packages\engines-py\.pdb_cache\4MNE,A
4202,ThermoMPNN,4MNE,0.272971510887146,210,L,D,F:\GENESIS Studio\genesis-studio\packages\engines-py\.pdb_cache\4MNE,A
4203,ThermoMPNN,4MNE,0.10524100065231323,210,L,E,F:\GENESIS Studio\genesis-studio\packages\engines-py\.pdb_cache\4MNE,A
4204,ThermoMPNN,4MNE,0.18369567394256592,210,L,F,F:\GENESIS Studio\genesis-studio\packages\engines-py\.pdb_cache\4MNE,A
4205,ThermoMPNN,4MNE,0.46941131353378296,210,L,G,F:\GENESIS Studio\genesis-studio\packages\engines-py\.pdb_cache\4MNE,A
4206,ThermoMPNN,4MNE,0.25066590309143066,210,L,H,F:\GENESIS Studio\genesis-studio\packages\engines-py\.pdb_cache\4MNE,A
4207,ThermoMPNN,4MNE,0.09427046775817871,210,L,I,F:\GENESIS Studio\genesis-studio\packages\engines-py\.pdb_cache\4MNE,A
4208,ThermoMPNN,4MNE,0.10450965166091919,210,L,K,F:\GENESIS Studio\genesis-studio\packages\engines-py\.pdb_cache\4MNE,A
4209,ThermoMPNN,4MNE,0.0,210,L,L,F:\GENESIS Studio\genesis-studio\packages\engines-py\.pdb_cache\4MNE,A
4210,ThermoMPNN,4MNE,0.053797364234924316,210,L,M,F:\GENESIS Studio\genesis-studio\packages\engines-py\.pdb_cache\4MNE,A
4211,ThermoMPNN,4MNE,0.2710615396499634,210,L,N,F:\GENESIS Studio\genesis-studio\packages\engines-py\.pdb_cache\4MNE,A
4212,ThermoMPNN,4MNE,1.0738146305084229,210,L,P,F:\GENESIS Studio\genesis-studio\packages\engines-py\.pdb_cache\4MNE,A
4213,ThermoMPNN,4MNE,0.0860830545425415,210,L,Q,F:\GENESIS Studio\genesis-studio\packages\engines-py\.pdb_cache\4MNE,A
4214,ThermoMPNN,4MNE,0.11091798543930054,210,L,R,F:\GENESIS Studio\genesis-studio\packages\engines-py\.pdb_cache\4MNE,A
4215,ThermoMPNN,4MNE,0.1933375597000122,210,L,S,F:\GENESIS Studio\genesis-studio\packages\engines-py\.pdb_cache\4MNE,A
4216,ThermoMPNN,4MNE,0.1629866361618042,210,L,T,F:\GENESIS Studio\genesis-studio\packages\engines-py\.pdb_cache\4MNE,A
4217,ThermoMPNN,4MNE,0.1702902913093567,210,L,V,F:\GENESIS Studio\genesis-studio\packages\engines-py\.pdb_cache\4MNE,A
4218,ThermoMPNN,4MNE,0.05610179901123047,210,L,W,F:\GENESIS Studio\genesis-studio\packages\engines-py\.pdb_cache\4MNE,A
4219,ThermoMPNN,4MNE,0.14078974723815918,210,L,Y,F:\GENESIS Studio\genesis-studio\packages\engines-py\.pdb_cache\4MNE,A
4220,ThermoMPNN,4MNE,0.8055667877197266,211,M,A,F:\GENESIS Studio\genesis-studio\packages\engines-py\.pdb_cache\4MNE,A
4221,ThermoMPNN,4MNE,0.3494531512260437,211,M,C,F:\GENESIS Studio\genesis-studio\packages\engines-py\.pdb_cache\4MNE,A
4222,ThermoMPNN,4MNE,1.1571910381317139,211,M,D,F:\GENESIS Studio\genesis-studio\packages\engines-py\.pdb_cache\4MNE,A
4223,ThermoMPNN,4MNE,1.0167485475540161,211,M,E,F:\GENESIS Studio\genesis-studio\packages\engines-py\.pdb_cache\4MNE,A
4224,ThermoMPNN,4MNE,0.2147306203842163,211,M,F,F:\GENESIS Studio\genesis-studio\packages\engines-py\.pdb_cache\4MNE,A
4225,ThermoMPNN,4MNE,1.1339528560638428,211,M,G,F:\GENESIS Studio\genesis-studio\packages\engines-py\.pdb_cache\4MNE,A
4226,ThermoMPNN,4MNE,0.7284562587738037,211,M,H,F:\GENESIS Studio\genesis-studio\packages\engines-py\.pdb_cache\4MNE,A
4227,ThermoMPNN,4MNE,0.20360541343688965,211,M,I,F:\GENESIS Studio\genesis-studio\packages\engines-py\.pdb_cache\4MNE,A
4228,ThermoMPNN,4MNE,1.2588988542556763,211,M,K,F:\GENESIS Studio\genesis-studio\packages\engines-py\.pdb_cache\4MNE,A
4229,ThermoMPNN,4MNE,0.15275859832763672,211,M,L,F:\GENESIS Studio\genesis-studio\packages\engines-py\.pdb_cache\4MNE,A
4230,ThermoMPNN,4MNE,0.0,211,M,M,F:\GENESIS Studio\genesis-studio\packages\engines-py\.pdb_cache\4MNE,A
4231,ThermoMPNN,4MNE,1.095245599746704,211,M,N,F:\GENESIS Studio\genesis-studio\packages\engines-py\.pdb_cache\4MNE,A
4232,ThermoMPNN,4MNE,1.1361660957336426,211,M,P,F:\GENESIS Studio\genesis-studio\packages\engines-py\.pdb_cache\4MNE,A
4233,ThermoMPNN,4MNE,0.8986251950263977,211,M,Q,F:\GENESIS Studio\genesis-studio\packages\engines-py\.pdb_cache\4MNE,A
4234,ThermoMPNN,4MNE,1.1433550119400024,211,M,R,F:\GENESIS Studio\genesis-studio\packages\engines-py\.pdb_cache\4MNE,A
4235,ThermoMPNN,4MNE,1.0805013179779053,211,M,S,F:\GENESIS Studio\genesis-studio\packages\engines-py\.pdb_cache\4MNE,A
4236,ThermoMPNN,4MNE,1.1114940643310547,211,M,T,F:\GENESIS Studio\genesis-studio\packages\engines-py\.pdb_cache\4MNE,A
4237,ThermoMPNN,4MNE,0.6433309316635132,211,M,V,F:\GENESIS Studio\genesis-studio\packages\engines-py\.pdb_cache\4MNE,A
4238,ThermoMPNN,4MNE,0.08020544052124023,211,M,W,F:\GENESIS Studio\genesis-studio\packages\engines-py\.pdb_cache\4MNE,A
4239,ThermoMPNN,4MNE,0.15132379531860352,211,M,Y,F:\GENESIS Studio\genesis-studio\packages\engines-py\.pdb_cache\4MNE,A
4240,ThermoMPNN,4MNE,-0.027827858924865723,243,P,A,F:\GENESIS Studio\genesis-studio\packages\engines-py\.pdb_cache\4MNE,A
4241,ThermoMPNN,4MNE,-0.23002946376800537,243,P,C,F:\GENESIS Studio\genesis-studio\packages\engines-py\.pdb_cache\4MNE,A
4242,ThermoMPNN,4MNE,-0.041350603103637695,243,P,D,F:\GENESIS Studio\genesis-studio\packages\engines-py\.pdb_cache\4MNE,A
4243,ThermoMPNN,4MNE,0.0035630464553833008,243,P,E,F:\GENESIS Studio\genesis-studio\packages\engines-py\.pdb_cache\4MNE,A
4244,ThermoMPNN,4MNE,0.04206961393356323,243,P,F,F:\GENESIS Studio\genesis-studio\packages\engines-py\.pdb_cache\4MNE,A
4245,ThermoMPNN,4MNE,0.06885689496994019,243,P,G,F:\GENESIS Studio\genesis-studio\packages\engines-py\.pdb_cache\4MNE,A
4246,ThermoMPNN,4MNE,0.032658517360687256,243,P,H,F:\GENESIS Studio\genesis-studio\packages\engines-py\.pdb_cache\4MNE,A
4247,ThermoMPNN,4MNE,-0.02645695209503174,243,P,I,F:\GENESIS Studio\genesis-studio\packages\engines-py\.pdb_cache\4MNE,A
4248,ThermoMPNN,4MNE,0.08515167236328125,243,P,K,F:\GENESIS Studio\genesis-studio\packages\engines-py\.pdb_cache\4MNE,A
4249,ThermoMPNN,4MNE,-0.11261558532714844,243,P,L,F:\GENESIS Studio\genesis-studio\packages\engines-py\.pdb_cache\4MNE,A
4250,ThermoMPNN,4MNE,0.005883991718292236,243,P,M,F:\GENESIS Studio\genesis-studio\packages\engines-py\.pdb_cache\4MNE,A
4251,ThermoMPNN,4MNE,0.025670111179351807,243,P,N,F:\GENESIS Studio\genesis-studio\packages\engines-py\.pdb_cache\4MNE,A
4252,ThermoMPNN,4MNE,0.0,243,P,P,F:\GENESIS Studio\genesis-studio\packages\engines-py\.pdb_cache\4MNE,A
4253,ThermoMPNN,4MNE,0.04266411066055298,243,P,Q,F:\GENESIS Studio\genesis-studio\packages\engines-py\.pdb_cache\4MNE,A
4254,ThermoMPNN,4MNE,0.12052297592163086,243,P,R,F:\GENESIS Studio\genesis-studio\packages\engines-py\.pdb_cache\4MNE,A
4255,ThermoMPNN,4MNE,0.047417640686035156,243,P,S,F:\GENESIS Studio\genesis-studio\packages\engines-py\.pdb_cache\4MNE,A
4256,ThermoMPNN,4MNE,0.014451742172241211,243,P,T,F:\GENESIS Studio\genesis-studio\packages\engines-py\.pdb_cache\4MNE,A
4257,ThermoMPNN,4MNE,-0.07179713249206543,243,P,V,F:\GENESIS Studio\genesis-studio\packages\engines-py\.pdb_cache\4MNE,A
4258,ThermoMPNN,4MNE,-0.0018354058265686035,243,P,W,F:\GENESIS Studio\genesis-studio\packages\engines-py\.pdb_cache\4MNE,A
4259,ThermoMPNN,4MNE,0.08614480495452881,243,P,Y,F:\GENESIS Studio\genesis-studio\packages\engines-py\.pdb_cache\4MNE,A
4260,ThermoMPNN,4MNE,0.2455521821975708,244,P,A,F:\GENESIS Studio\genesis-studio\packages\engines-py\.pdb_cache\4MNE,A
4261,ThermoMPNN,4MNE,0.18254321813583374,244,P,C,F:\GENESIS Studio\genesis-studio\packages\engines-py\.pdb_cache\4MNE,A
4262,ThermoMPNN,4MNE,0.3973616361618042,244,P,D,F:\GENESIS Studio\genesis-studio\packages\engines-py\.pdb_cache\4MNE,A
4263,ThermoMPNN,4MNE,0.2933785915374756,244,P,E,F:\GENESIS Studio\genesis-studio\packages\engines-py\.pdb_cache\4MNE,A
4264,ThermoMPNN,4MNE,0.388683557510376,244,P,F,F:\GENESIS Studio\genesis-studio\packages\engines-py\.pdb_cache\4MNE,A
4265,ThermoMPNN,4MNE,0.5197017788887024,244,P,G,F:\GENESIS Studio\genesis-studio\packages\engines-py\.pdb_cache\4MNE,A
4266,ThermoMPNN,4MNE,0.37053972482681274,244,P,H,F:\GENESIS Studio\genesis-studio\packages\engines-py\.pdb_cache\4MNE,A
4267,ThermoMPNN,4MNE,0.3807353973388672,244,P,I,F:\GENESIS Studio\genesis-studio\packages\engines-py\.pdb_cache\4MNE,A
4268,ThermoMPNN,4MNE,0.3364045023918152,244,P,K,F:\GENESIS Studio\genesis-studio\packages\engines-py\.pdb_cache\4MNE,A
4269,ThermoMPNN,4MNE,0.331199049949646,244,P,L,F:\GENESIS Studio\genesis-studio\packages\engines-py\.pdb_cache\4MNE,A
4270,ThermoMPNN,4MNE,0.37326204776763916,244,P,M,F:\GENESIS Studio\genesis-studio\packages\engines-py\.pdb_cache\4MNE,A
4271,ThermoMPNN,4MNE,0.411967396736145,244,P,N,F:\GENESIS Studio\genesis-studio\packages\engines-py\.pdb_cache\4MNE,A
4272,ThermoMPNN,4MNE,0.0,244,P,P,F:\GENESIS Studio\genesis-studio\packages\engines-py\.pdb_cache\4MNE,A
4273,ThermoMPNN,4MNE,0.3587759733200073,244,P,Q,F:\GENESIS Studio\genesis-studio\packages\engines-py\.pdb_cache\4MNE,A
4274,ThermoMPNN,4MNE,0.3773269057273865,244,P,R,F:\GENESIS Studio\genesis-studio\packages\engines-py\.pdb_cache\4MNE,A
4275,ThermoMPNN,4MNE,0.35872066020965576,244,P,S,F:\GENESIS Studio\genesis-studio\packages\engines-py\.pdb_cache\4MNE,A
4276,ThermoMPNN,4MNE,0.4260338544845581,244,P,T,F:\GENESIS Studio\genesis-studio\packages\engines-py\.pdb_cache\4MNE,A
4277,ThermoMPNN,4MNE,0.4719698429107666,244,P,V,F:\GENESIS Studio\genesis-studio\packages\engines-py\.pdb_cache\4MNE,A
4278,ThermoMPNN,4MNE,0.32699674367904663,244,P,W,F:\GENESIS Studio\genesis-studio\packages\engines-py\.pdb_cache\4MNE,A
4279,ThermoMPNN,4MNE,0.294864296913147,244,P,Y,F:\GENESIS Studio\genesis-studio\packages\engines-py\.pdb_cache\4MNE,A
4280,ThermoMPNN,4MNE,0.6313122510910034,245,M,A,F:\GENESIS Studio\genesis-studio\packages\engines-py\.pdb_cache\4MNE,A
4281,ThermoMPNN,4MNE,0.1283278465270996,245,M,C,F:\GENESIS Studio\genesis-studio\packages\engines-py\.pdb_cache\4MNE,A
4282,ThermoMPNN,4MNE,1.118534803390503,245,M,D,F:\GENESIS Studio\genesis-studio\packages\engines-py\.pdb_cache\4MNE,A
4283,ThermoMPNN,4MNE,1.2175400257110596,245,M,E,F:\GENESIS Studio\genesis-studio\packages\engines-py\.pdb_cache\4MNE,A
4284,ThermoMPNN,4MNE,0.15200471878051758,245,M,F,F:\GENESIS Studio\genesis-studio\packages\engines-py\.pdb_cache\4MNE,A
4285,ThermoMPNN,4MNE,1.1813992261886597,245,M,G,F:\GENESIS Studio\genesis-studio\packages\engines-py\.pdb_cache\4MNE,A
4286,ThermoMPNN,4MNE,0.5370876789093018,245,M,H,F:\GENESIS Studio\genesis-studio\packages\engines-py\.pdb_cache\4MNE,A
4287,ThermoMPNN,4MNE,-0.16122794151306152,245,M,I,F:\GENESIS Studio\genesis-studio\packages\engines-py\.pdb_cache\4MNE,A
4288,ThermoMPNN,4MNE,0.6981908082962036,245,M,K,F:\GENESIS Studio\genesis-studio\packages\engines-py\.pdb_cache\4MNE,A
4289,ThermoMPNN,4MNE,-0.10593593120574951,245,M,L,F:\GENESIS Studio\genesis-studio\packages\engines-py\.pdb_cache\4MNE,A
4290,ThermoMPNN,4MNE,0.0,245,M,M,F:\GENESIS Studio\genesis-studio\packages\engines-py\.pdb_cache\4MNE,A
4291,ThermoMPNN,4MNE,0.8774738907814026,245,M,N,F:\GENESIS Studio\genesis-studio\packages\engines-py\.pdb_cache\4MNE,A
4292,ThermoMPNN,4MNE,0.4477994441986084,245,M,P,F:\GENESIS Studio\genesis-studio\packages\engines-py\.pdb_cache\4MNE,A
4293,ThermoMPNN,4MNE,0.7131736278533936,245,M,Q,F:\GENESIS Studio\genesis-studio\packages\engines-py\.pdb_cache\4MNE,A
4294,ThermoMPNN,4MNE,0.8442083597183228,245,M,R,F:\GENESIS Studio\genesis-studio\packages\engines-py\.pdb_cache\4MNE,A
4295,ThermoMPNN,4MNE,0.9298443794250488,245,M,S,F:\GENESIS Studio\genesis-studio\packages\engines-py\.pdb_cache\4MNE,A
4296,ThermoMPNN,4MNE,0.798168420791626,245,M,T,F:\GENESIS Studio\genesis-studio\packages\engines-py\.pdb_cache\4MNE,A
4297,ThermoMPNN,4MNE,0.09247207641601562,245,M,V,F:\GENESIS Studio\genesis-studio\packages\engines-py\.pdb_cache\4MNE,A
4298,ThermoMPNN,4MNE,0.13387417793273926,245,M,W,F:\GENESIS Studio\genesis-studio\packages\engines-py\.pdb_cache\4MNE,A
4299,ThermoMPNN,4MNE,0.19343262910842896,245,M,Y,F:\GENESIS Studio\genesis-studio\packages\engines-py\.pdb_cache\4MNE,A
4300,ThermoMPNN,4MNE,0.0,246,A,A,F:\GENESIS Studio\genesis-studio\packages\engines-py\.pdb_cache\4MNE,A
4301,ThermoMPNN,4MNE,-0.2415103316307068,246,A,C,F:\GENESIS Studio\genesis-studio\packages\engines-py\.pdb_cache\4MNE,A
4302,ThermoMPNN,4MNE,0.034323811531066895,246,A,D,F:\GENESIS Studio\genesis-studio\packages\engines-py\.pdb_cache\4MNE,A
4303,ThermoMPNN,4MNE,-0.005474686622619629,246,A,E,F:\GENESIS Studio\genesis-studio\packages\engines-py\.pdb_cache\4MNE,A
4304,ThermoMPNN,4MNE,0.6858469247817993,246,A,F,F:\GENESIS Studio\genesis-studio\packages\engines-py\.pdb_cache\4MNE,A
4305,ThermoMPNN,4MNE,0.5510451197624207,246,A,G,F:\GENESIS Studio\genesis-studio\packages\engines-py\.pdb_cache\4MNE,A
4306,ThermoMPNN,4MNE,0.3507606089115143,246,A,H,F:\GENESIS Studio\genesis-studio\packages\engines-py\.pdb_cache\4MNE,A
4307,ThermoMPNN,4MNE,0.4345551133155823,246,A,I,F:\GENESIS Studio\genesis-studio\packages\engines-py\.pdb_cache\4MNE,A
4308,ThermoMPNN,4MNE,0.28549307584762573,246,A,K,F:\GENESIS Studio\genesis-studio\packages\engines-py\.pdb_cache\4MNE,A
4309,ThermoMPNN,4MNE,0.2738114595413208,246,A,L,F:\GENESIS Studio\genesis-studio\packages\engines-py\.pdb_cache\4MNE,A
4310,ThermoMPNN,4MNE,0.3299519121646881,246,A,M,F:\GENESIS Studio\genesis-studio\packages\engines-py\.pdb_cache\4MNE,A
4311,ThermoMPNN,4MNE,0.15588271617889404,246,A,N,F:\GENESIS Studio\genesis-studio\packages\engines-py\.pdb_cache\4MNE,A
4312,ThermoMPNN,4MNE,-0.9064400792121887,246,A,P,F:\GENESIS Studio\genesis-studio\packages\engines-py\.pdb_cache\4MNE,A
4313,ThermoMPNN,4MNE,0.10069894790649414,246,A,Q,F:\GENESIS Studio\genesis-studio\packages\engines-py\.pdb_cache\4MNE,A
4314,ThermoMPNN,4MNE,0.4904547929763794,246,A,R,F:\GENESIS Studio\genesis-studio\packages\engines-py\.pdb_cache\4MNE,A
4315,ThermoMPNN,4MNE,-0.3642173409461975,246,A,S,F:\GENESIS Studio\genesis-studio\packages\engines-py\.pdb_cache\4MNE,A
4316,ThermoMPNN,4MNE,-0.059224843978881836,246,A,T,F:\GENESIS Studio\genesis-studio\packages\engines-py\.pdb_cache\4MNE,A
4317,ThermoMPNN,4MNE,0.24166655540466309,246,A,V,F:\GENESIS Studio\genesis-studio\packages\engines-py\.pdb_cache\4MNE,A
4318,ThermoMPNN,4MNE,0.5711691379547119,246,A,W,F:\GENESIS Studio\genesis-studio\packages\engines-py\.pdb_cache\4MNE,A
4319,ThermoMPNN,4MNE,0.6823800206184387,246,A,Y,F:\GENESIS Studio\genesis-studio\packages\engines-py\.pdb_cache\4MNE,A
4320,ThermoMPNN,4MNE,1.5160529613494873,247,I,A,F:\GENESIS Studio\genesis-studio\packages\engines-py\.pdb_cache\4MNE,A
4321,ThermoMPNN,4MNE,0.5439949035644531,247,I,C,F:\GENESIS Studio\genesis-studio\packages\engines-py\.pdb_cache\4MNE,A
4322,ThermoMPNN,4MNE,1.9997625350952148,247,I,D,F:\GENESIS Studio\genesis-studio\packages\engines-py\.pdb_cache\4MNE,A
4323,ThermoMPNN,4MNE,1.7036751508712769,247,I,E,F:\GENESIS Studio\genesis-studio\packages\engines-py\.pdb_cache\4MNE,A
4324,ThermoMPNN,4MNE,0.2064511775970459,247,I,F,F:\GENESIS Studio\genesis-studio\packages\engines-py\.pdb_cache\4MNE,A
4325,ThermoMPNN,4MNE,2.1675102710723877,247,I,G,F:\GENESIS Studio\genesis-studio\packages\engines-py\.pdb_cache\4MNE,A
4326,ThermoMPNN,4MNE,1.304489016532898,247,I,H,F:\GENESIS Studio\genesis-studio\packages\engines-py\.pdb_cache\4MNE,A
4327,ThermoMPNN,4MNE,0.0,247,I,I,F:\GENESIS Studio\genesis-studio\packages\engines-py\.pdb_cache\4MNE,A
4328,ThermoMPNN,4MNE,1.5802226066589355,247,I,K,F:\GENESIS Studio\genesis-studio\packages\engines-py\.pdb_cache\4MNE,A
4329,ThermoMPNN,4MNE,-0.21577119827270508,247,I,L,F:\GENESIS Studio\genesis-studio\packages\engines-py\.pdb_cache\4MNE,A
4330,ThermoMPNN,4MNE,0.3820204734802246,247,I,M,F:\GENESIS Studio\genesis-studio\packages\engines-py\.pdb_cache\4MNE,A
4331,ThermoMPNN,4MNE,1.9581162929534912,247,I,N,F:\GENESIS Studio\genesis-studio\packages\engines-py\.pdb_cache\4MNE,A
4332,ThermoMPNN,4MNE,1.8020416498184204,247,I,P,F:\GENESIS Studio\genesis-studio\packages\engines-py\.pdb_cache\4MNE,A
4333,ThermoMPNN,4MNE,1.6149733066558838,247,I,Q,F:\GENESIS Studio\genesis-studio\packages\engines-py\.pdb_cache\4MNE,A
4334,ThermoMPNN,4MNE,1.5605080127716064,247,I,R,F:\GENESIS Studio\genesis-studio\packages\engines-py\.pdb_cache\4MNE,A
4335,ThermoMPNN,4MNE,1.802667498588562,247,I,S,F:\GENESIS Studio\genesis-studio\packages\engines-py\.pdb_cache\4MNE,A
4336,ThermoMPNN,4MNE,1.4714720249176025,247,I,T,F:\GENESIS Studio\genesis-studio\packages\engines-py\.pdb_cache\4MNE,A
4337,ThermoMPNN,4MNE,0.676571786403656,247,I,V,F:\GENESIS Studio\genesis-studio\packages\engines-py\.pdb_cache\4MNE,A
4338,ThermoMPNN,4MNE,0.30815911293029785,247,I,W,F:\GENESIS Studio\genesis-studio\packages\engines-py\.pdb_cache\4MNE,A
4339,ThermoMPNN,4MNE,0.3542441129684448,247,I,Y,F:\GENESIS Studio\genesis-studio\packages\engines-py\.pdb_cache\4MNE,A
4340,ThermoMPNN,4MNE,0.3097385764122009,248,F,A,F:\GENESIS Studio\genesis-studio\packages\engines-py\.pdb_cache\4MNE,A
4341,ThermoMPNN,4MNE,-0.04747176170349121,248,F,C,F:\GENESIS Studio\genesis-studio\packages\engines-py\.pdb_cache\4MNE,A
4342,ThermoMPNN,4MNE,0.3702617883682251,248,F,D,F:\GENESIS Studio\genesis-studio\packages\engines-py\.pdb_cache\4MNE,A
4343,ThermoMPNN,4MNE,0.3940598964691162,248,F,E,F:\GENESIS Studio\genesis-studio\packages\engines-py\.pdb_cache\4MNE,A
4344,ThermoMPNN,4MNE,0.0,248,F,F,F:\GENESIS Studio\genesis-studio\packages\engines-py\.pdb_cache\4MNE,A
4345,ThermoMPNN,4MNE,0.6413623094558716,248,F,G,F:\GENESIS Studio\genesis-studio\packages\engines-py\.pdb_cache\4MNE,A
4346,ThermoMPNN,4MNE,0.1493777632713318,248,F,H,F:\GENESIS Studio\genesis-studio\packages\engines-py\.pdb_cache\4MNE,A
4347,ThermoMPNN,4MNE,0.3683607578277588,248,F,I,F:\GENESIS Studio\genesis-studio\packages\engines-py\.pdb_cache\4MNE,A
4348,ThermoMPNN,4MNE,0.19446128606796265,248,F,K,F:\GENESIS Studio\genesis-studio\packages\engines-py\.pdb_cache\4MNE,A
4349,ThermoMPNN,4MNE,0.28665411472320557,248,F,L,F:\GENESIS Studio\genesis-studio\packages\engines-py\.pdb_cache\4MNE,A
4350,ThermoMPNN,4MNE,0.36194711923599243,248,F,M,F:\GENESIS Studio\genesis-studio\packages\engines-py\.pdb_cache\4MNE,A
4351,ThermoMPNN,4MNE,0.3779606819152832,248,F,N,F:\GENESIS Studio\genesis-studio\packages\engines-py\.pdb_cache\4MNE,A
4352,ThermoMPNN,4MNE,0.4704475402832031,248,F,P,F:\GENESIS Studio\genesis-studio\packages\engines-py\.pdb_cache\4MNE,A
4353,ThermoMPNN,4MNE,0.2851163148880005,248,F,Q,F:\GENESIS Studio\genesis-studio\packages\engines-py\.pdb_cache\4MNE,A
4354,ThermoMPNN,4MNE,0.19283485412597656,248,F,R,F:\GENESIS Studio\genesis-studio\packages\engines-py\.pdb_cache\4MNE,A
4355,ThermoMPNN,4MNE,0.3110469579696655,248,F,S,F:\GENESIS Studio\genesis-studio\packages\engines-py\.pdb_cache\4MNE,A
4356,ThermoMPNN,4MNE,0.35276949405670166,248,F,T,F:\GENESIS Studio\genesis-studio\packages\engines-py\.pdb_cache\4MNE,A
4357,ThermoMPNN,4MNE,0.3812599182128906,248,F,V,F:\GENESIS Studio\genesis-studio\packages\engines-py\.pdb_cache\4MNE,A
4358,ThermoMPNN,4MNE,-0.16661155223846436,248,F,W,F:\GENESIS Studio\genesis-studio\packages\engines-py\.pdb_cache\4MNE,A
4359,ThermoMPNN,4MNE,-0.02935338020324707,248,F,Y,F:\GENESIS Studio\genesis-studio\packages\engines-py\.pdb_cache\4MNE,A
4360,ThermoMPNN,4MNE,0.45291268825531006,249,E,A,F:\GENESIS Studio\genesis-studio\packages\engines-py\.pdb_cache\4MNE,A
4361,ThermoMPNN,4MNE,0.5260809659957886,249,E,C,F:\GENESIS Studio\genesis-studio\packages\engines-py\.pdb_cache\4MNE,A
4362,ThermoMPNN,4MNE,0.7102794647216797,249,E,D,F:\GENESIS Studio\genesis-studio\packages\engines-py\.pdb_cache\4MNE,A
4363,ThermoMPNN,4MNE,0.0,249,E,E,F:\GENESIS Studio\genesis-studio\packages\engines-py\.pdb_cache\4MNE,A
4364,ThermoMPNN,4MNE,1.053335189819336,249,E,F,F:\GENESIS Studio\genesis-studio\packages\engines-py\.pdb_cache\4MNE,A
4365,ThermoMPNN,4MNE,1.0445364713668823,249,E,G,F:\GENESIS Studio\genesis-studio\packages\engines-py\.pdb_cache\4MNE,A
4366,ThermoMPNN,4MNE,0.9142147898674011,249,E,H,F:\GENESIS Studio\genesis-studio\packages\engines-py\.pdb_cache\4MNE,A
4367,ThermoMPNN,4MNE,0.9775056838989258,249,E,I,F:\GENESIS Studio\genesis-studio\packages\engines-py\.pdb_cache\4MNE,A
4368,ThermoMPNN,4MNE,0.8574927449226379,249,E,K,F:\GENESIS Studio\genesis-studio\packages\engines-py\.pdb_cache\4MNE,A
4369,ThermoMPNN,4MNE,0.721967339515686,249,E,L,F:\GENESIS Studio\genesis-studio\packages\engines-py\.pdb_cache\4MNE,A
4370,ThermoMPNN,4MNE,0.6191433668136597,249,E,M,F:\GENESIS Studio\genesis-studio\packages\engines-py\.pdb_cache\4MNE,A
4371,ThermoMPNN,4MNE,0.9355441331863403,249,E,N,F:\GENESIS Studio\genesis-studio\packages\engines-py\.pdb_cache\4MNE,A
4372,ThermoMPNN,4MNE,1.8346350193023682,249,E,P,F:\GENESIS Studio\genesis-studio\packages\engines-py\.pdb_cache\4MNE,A
4373,ThermoMPNN,4MNE,0.39410555362701416,249,E,Q,F:\GENESIS Studio\genesis-studio\packages\engines-py\.pdb_cache\4MNE,A
4374,ThermoMPNN,4MNE,0.9513046741485596,249,E,R,F:\GENESIS Studio\genesis-studio\packages\engines-py\.pdb_cache\4MNE,A
4375,ThermoMPNN,4MNE,0.7599636912345886,249,E,S,F:\GENESIS Studio\genesis-studio\packages\engines-py\.pdb_cache\4MNE,A
4376,ThermoMPNN,4MNE,0.808509111404419,249,E,T,F:\GENESIS Studio\genesis-studio\packages\engines-py\.pdb_cache\4MNE,A
4377,ThermoMPNN,4MNE,0.9378992915153503,249,E,V,F:\GENESIS Studio\genesis-studio\packages\engines-py\.pdb_cache\4MNE,A
4378,ThermoMPNN,4MNE,0.9529640674591064,249,E,W,F:\GENESIS Studio\genesis-studio\packages\engines-py\.pdb_cache\4MNE,A
4379,ThermoMPNN,4MNE,1.0121952295303345,249,E,Y,F:\GENESIS Studio\genesis-studio\packages\engines-py\.pdb_cache\4MNE,A
4380,ThermoMPNN,4MNE,1.4004676342010498,250,L,A,F:\GENESIS Studio\genesis-studio\packages\engines-py\.pdb_cache\4MNE,A
4381,ThermoMPNN,4MNE,0.899238109588623,250,L,C,F:\GENESIS Studio\genesis-studio\packages\engines-py\.pdb_cache\4MNE,A
4382,ThermoMPNN,4MNE,1.856064796447754,250,L,D,F:\GENESIS Studio\genesis-studio\packages\engines-py\.pdb_cache\4MNE,A
4383,ThermoMPNN,4MNE,1.0365636348724365,250,L,E,F:\GENESIS Studio\genesis-studio\packages\engines-py\.pdb_cache\4MNE,A
4384,ThermoMPNN,4MNE,1.1985843181610107,250,L,F,F:\GENESIS Studio\genesis-studio\packages\engines-py\.pdb_cache\4MNE,A
4385,ThermoMPNN,4MNE,2.103217363357544,250,L,G,F:\GENESIS Studio\genesis-studio\packages\engines-py\.pdb_cache\4MNE,A
4386,ThermoMPNN,4MNE,1.5934796333312988,250,L,H,F:\GENESIS Studio\genesis-studio\packages\engines-py\.pdb_cache\4MNE,A
4387,ThermoMPNN,4MNE,0.2846672534942627,250,L,I,F:\GENESIS Studio\genesis-studio\packages\engines-py\.pdb_cache\4MNE,A
4388,ThermoMPNN,4MNE,1.4057787656784058,250,L,K,F:\GENESIS Studio\genesis-studio\packages\engines-py\.pdb_cache\4MNE,A
4389,ThermoMPNN,4MNE,0.0,250,L,L,F:\GENESIS Studio\genesis-studio\packages\engines-py\.pdb_cache\4MNE,A
4390,ThermoMPNN,4MNE,0.353344202041626,250,L,M,F:\GENESIS Studio\genesis-studio\packages\engines-py\.pdb_cache\4MNE,A
4391,ThermoMPNN,4MNE,1.729175090789795,250,L,N,F:\GENESIS Studio\genesis-studio\packages\engines-py\.pdb_cache\4MNE,A
4392,ThermoMPNN,4MNE,2.7213082313537598,250,L,P,F:\GENESIS Studio\genesis-studio\packages\engines-py\.pdb_cache\4MNE,A
4393,ThermoMPNN,4MNE,0.8414406776428223,250,L,Q,F:\GENESIS Studio\genesis-studio\packages\engines-py\.pdb_cache\4MNE,A
4394,ThermoMPNN,4MNE,1.491746187210083,250,L,R,F:\GENESIS Studio\genesis-studio\packages\engines-py\.pdb_cache\4MNE,A
4395,ThermoMPNN,4MNE,1.749855637550354,250,L,S,F:\GENESIS Studio\genesis-studio\packages\engines-py\.pdb_cache\4MNE,A
4396,ThermoMPNN,4MNE,1.214568018913269,250,L,T,F:\GENESIS Studio\genesis-studio\packages\engines-py\.pdb_cache\4MNE,A
4397,ThermoMPNN,4MNE,0.4021296501159668,250,L,V,F:\GENESIS Studio\genesis-studio\packages\engines-py\.pdb_cache\4MNE,A
4398,ThermoMPNN,4MNE,1.2383524179458618,250,L,W,F:\GENESIS Studio\genesis-studio\packages\engines-py\.pdb_cache\4MNE,A
4399,ThermoMPNN,4MNE,1.3852620124816895,250,L,Y,F:\GENESIS Studio\genesis-studio\packages\engines-py\.pdb_cache\4MNE,A
4400,ThermoMPNN,4MNE,1.5708653926849365,251,L,A,F:\GENESIS Studio\genesis-studio\packages\engines-py\.pdb_cache\4MNE,A
4401,ThermoMPNN,4MNE,0.6864253282546997,251,L,C,F:\GENESIS Studio\genesis-studio\packages\engines-py\.pdb_cache\4MNE,A
4402,ThermoMPNN,4MNE,2.388782262802124,251,L,D,F:\GENESIS Studio\genesis-studio\packages\engines-py\.pdb_cache\4MNE,A
4403,ThermoMPNN,4MNE,1.582942008972168,251,L,E,F:\GENESIS Studio\genesis-studio\packages\engines-py\.pdb_cache\4MNE,A
4404,ThermoMPNN,4MNE,1.0720446109771729,251,L,F,F:\GENESIS Studio\genesis-studio\packages\engines-py\.pdb_cache\4MNE,A
4405,ThermoMPNN,4MNE,2.4917519092559814,251,L,G,F:\GENESIS Studio\genesis-studio\packages\engines-py\.pdb_cache\4MNE,A
4406,ThermoMPNN,4MNE,1.4926559925079346,251,L,H,F:\GENESIS Studio\genesis-studio\packages\engines-py\.pdb_cache\4MNE,A
4407,ThermoMPNN,4MNE,0.4733612537384033,251,L,I,F:\GENESIS Studio\genesis-studio\packages\engines-py\.pdb_cache\4MNE,A
4408,ThermoMPNN,4MNE,1.2492139339447021,251,L,K,F:\GENESIS Studio\genesis-studio\packages\engines-py\.pdb_cache\4MNE,A
4409,ThermoMPNN,4MNE,0.0,251,L,L,F:\GENESIS Studio\genesis-studio\packages\engines-py\.pdb_cache\4MNE,A
4410,ThermoMPNN,4MNE,0.5328290462493896,251,L,M,F:\GENESIS Studio\genesis-studio\packages\engines-py\.pdb_cache\4MNE,A
4411,ThermoMPNN,4MNE,1.7858867645263672,251,L,N,F:\GENESIS Studio\genesis-studio\packages\engines-py\.pdb_cache\4MNE,A
4412,ThermoMPNN,4MNE,3.5575168132781982,251,L,P,F:\GENESIS Studio\genesis-studio\packages\engines-py\.pdb_cache\4MNE,A
4413,ThermoMPNN,4MNE,1.341599941253662,251,L,Q,F:\GENESIS Studio\genesis-studio\packages\engines-py\.pdb_cache\4MNE,A
4414,ThermoMPNN,4MNE,1.1867084503173828,251,L,R,F:\GENESIS Studio\genesis-studio\packages\engines-py\.pdb_cache\4MNE,A
4415,ThermoMPNN,4MNE,2.024506092071533,251,L,S,F:\GENESIS Studio\genesis-studio\packages\engines-py\.pdb_cache\4MNE,A
4416,ThermoMPNN,4MNE,1.3846232891082764,251,L,T,F:\GENESIS Studio\genesis-studio\packages\engines-py\.pdb_cache\4MNE,A
4417,ThermoMPNN,4MNE,0.7968209981918335,251,L,V,F:\GENESIS Studio\genesis-studio\packages\engines-py\.pdb_cache\4MNE,A
4418,ThermoMPNN,4MNE,1.0530977249145508,251,L,W,F:\GENESIS Studio\genesis-studio\packages\engines-py\.pdb_cache\4MNE,A
4419,ThermoMPNN,4MNE,1.070511817932129,251,L,Y,F:\GENESIS Studio\genesis-studio\packages\engines-py\.pdb_cache\4MNE,A
4420,ThermoMPNN,4MNE,-0.06681245565414429,252,D,A,F:\GENESIS Studio\genesis-studio\packages\engines-py\.pdb_cache\4MNE,A
4421,ThermoMPNN,4MNE,-0.3805920481681824,252,D,C,F:\GENESIS Studio\genesis-studio\packages\engines-py\.pdb_cache\4MNE,A
4422,ThermoMPNN,4MNE,0.0,252,D,D,F:\GENESIS Studio\genesis-studio\packages\engines-py\.pdb_cache\4MNE,A
4423,ThermoMPNN,4MNE,0.012616574764251709,252,D,E,F:\GENESIS Studio\genesis-studio\packages\engines-py\.pdb_cache\4MNE,A
4424,ThermoMPNN,4MNE,-0.19094884395599365,252,D,F,F:\GENESIS Studio\genesis-studio\packages\engines-py\.pdb_cache\4MNE,A
4425,ThermoMPNN,4MNE,0.5638232231140137,252,D,G,F:\GENESIS Studio\genesis-studio\packages\engines-py\.pdb_cache\4MNE,A
4426,ThermoMPNN,4MNE,-0.1321924924850464,252,D,H,F:\GENESIS Studio\genesis-studio\packages\engines-py\.pdb_cache\4MNE,A
4427,ThermoMPNN,4MNE,-0.013693273067474365,252,D,I,F:\GENESIS Studio\genesis-studio\packages\engines-py\.pdb_cache\4MNE,A
4428,ThermoMPNN,4MNE,-0.14778029918670654,252,D,K,F:\GENESIS Studio\genesis-studio\packages\engines-py\.pdb_cache\4MNE,A
4429,ThermoMPNN,4MNE,-0.22038382291793823,252,D,L,F:\GENESIS Studio\genesis-studio\packages\engines-py\.pdb_cache\4MNE,A
4430,ThermoMPNN,4MNE,-0.22061413526535034,252,D,M,F:\GENESIS Studio\genesis-studio\packages\engines-py\.pdb_cache\4MNE,A
4431,ThermoMPNN,4MNE,-0.15920931100845337,252,D,N,F:\GENESIS Studio\genesis-studio\packages\engines-py\.pdb_cache\4MNE,A
4432,ThermoMPNN,4MNE,2.4884331226348877,252,D,P,F:\GENESIS Studio\genesis-studio\packages\engines-py\.pdb_cache\4MNE,A
4433,ThermoMPNN,4MNE,-0.16191810369491577,252,D,Q,F:\GENESIS Studio\genesis-studio\packages\engines-py\.pdb_cache\4MNE,A
4434,ThermoMPNN,4MNE,-0.37967270612716675,252,D,R,F:\GENESIS Studio\genesis-studio\packages\engines-py\.pdb_cache\4MNE,A
4435,ThermoMPNN,4MNE,0.03500509262084961,252,D,S,F:\GENESIS Studio\genesis-studio\packages\engines-py\.pdb_cache\4MNE,A
4436,ThermoMPNN,4MNE,0.08979243040084839,252,D,T,F:\GENESIS Studio\genesis-studio\packages\engines-py\.pdb_cache\4MNE,A
4437,ThermoMPNN,4MNE,0.07713925838470459,252,D,V,F:\GENESIS Studio\genesis-studio\packages\engines-py\.pdb_cache\4MNE,A
4438,ThermoMPNN,4MNE,-0.1167406439781189,252,D,W,F:\GENESIS Studio\genesis-studio\packages\engines-py\.pdb_cache\4MNE,A
4439,ThermoMPNN,4MNE,-0.18067985773086548,252,D,Y,F:\GENESIS Studio\genesis-studio\packages\engines-py\.pdb_cache\4MNE,A
4440,ThermoMPNN,4MNE,1.9346680641174316,253,Y,A,F:\GENESIS Studio\genesis-studio\packages\engines-py\.pdb_cache\4MNE,A
4441,ThermoMPNN,4MNE,1.1861014366149902,253,Y,C,F:\GENESIS Studio\genesis-studio\packages\engines-py\.pdb_cache\4MNE,A
4442,ThermoMPNN,4MNE,2.7674477100372314,253,Y,D,F:\GENESIS Studio\genesis-studio\packages\engines-py\.pdb_cache\4MNE,A
4443,ThermoMPNN,4MNE,2.4695751667022705,253,Y,E,F:\GENESIS Studio\genesis-studio\packages\engines-py\.pdb_cache\4MNE,A
4444,ThermoMPNN,4MNE,0.669041633605957,253,Y,F,F:\GENESIS Studio\genesis-studio\packages\engines-py\.pdb_cache\4MNE,A
4445,ThermoMPNN,4MNE,2.3194503784179688,253,Y,G,F:\GENESIS Studio\genesis-studio\packages\engines-py\.pdb_cache\4MNE,A
4446,ThermoMPNN,4MNE,1.4281558990478516,253,Y,H,F:\GENESIS Studio\genesis-studio\packages\engines-py\.pdb_cache\4MNE,A
4447,ThermoMPNN,4MNE,1.4072391986846924,253,Y,I,F:\GENESIS Studio\genesis-studio\packages\engines-py\.pdb_cache\4MNE,A
4448,ThermoMPNN,4MNE,1.6261557340621948,253,Y,K,F:\GENESIS Studio\genesis-studio\packages\engines-py\.pdb_cache\4MNE,A
4449,ThermoMPNN,4MNE,1.091827630996704,253,Y,L,F:\GENESIS Studio\genesis-studio\packages\engines-py\.pdb_cache\4MNE,A
4450,ThermoMPNN,4MNE,1.3846521377563477,253,Y,M,F:\GENESIS Studio\genesis-studio\packages\engines-py\.pdb_cache\4MNE,A
4451,ThermoMPNN,4MNE,2.149998188018799,253,Y,N,F:\GENESIS Studio\genesis-studio\packages\engines-py\.pdb_cache\4MNE,A
4452,ThermoMPNN,4MNE,2.624087333679199,253,Y,P,F:\GENESIS Studio\genesis-studio\packages\engines-py\.pdb_cache\4MNE,A
4453,ThermoMPNN,4MNE,1.9992132186889648,253,Y,Q,F:\GENESIS Studio\genesis-studio\packages\engines-py\.pdb_cache\4MNE,A
4454,ThermoMPNN,4MNE,1.1714911460876465,253,Y,R,F:\GENESIS Studio\genesis-studio\packages\engines-py\.pdb_cache\4MNE,A
4455,ThermoMPNN,4MNE,2.045236587524414,253,Y,S,F:\GENESIS Studio\genesis-studio\packages\engines-py\.pdb_cache\4MNE,A
4456,ThermoMPNN,4MNE,1.8816778659820557,253,Y,T,F:\GENESIS Studio\genesis-studio\packages\engines-py\.pdb_cache\4MNE,A
4457,ThermoMPNN,4MNE,1.5476000308990479,253,Y,V,F:\GENESIS Studio\genesis-studio\packages\engines-py\.pdb_cache\4MNE,A
4458,ThermoMPNN,4MNE,-0.07739496231079102,253,Y,W,F:\GENESIS Studio\genesis-studio\packages\engines-py\.pdb_cache\4MNE,A
4459,ThermoMPNN,4MNE,0.0,253,Y,Y,F:\GENESIS Studio\genesis-studio\packages\engines-py\.pdb_cache\4MNE,A
4460,ThermoMPNN,4MNE,1.6811141967773438,254,I,A,F:\GENESIS Studio\genesis-studio\packages\engines-py\.pdb_cache\4MNE,A
4461,ThermoMPNN,4MNE,1.3416008949279785,254,I,C,F:\GENESIS Studio\genesis-studio\packages\engines-py\.pdb_cache\4MNE,A
4462,ThermoMPNN,4MNE,2.712631940841675,254,I,D,F:\GENESIS Studio\genesis-studio\packages\engines-py\.pdb_cache\4MNE,A
4463,ThermoMPNN,4MNE,2.36727237701416,254,I,E,F:\GENESIS Studio\genesis-studio\packages\engines-py\.pdb_cache\4MNE,A
4464,ThermoMPNN,4MNE,1.357996940612793,254,I,F,F:\GENESIS Studio\genesis-studio\packages\engines-py\.pdb_cache\4MNE,A
4465,ThermoMPNN,4MNE,2.580958366394043,254,I,G,F:\GENESIS Studio\genesis-studio\packages\engines-py\.pdb_cache\4MNE,A
4466,ThermoMPNN,4MNE,2.1374809741973877,254,I,H,F:\GENESIS Studio\genesis-studio\packages\engines-py\.pdb_cache\4MNE,A
4467,ThermoMPNN,4MNE,0.0,254,I,I,F:\GENESIS Studio\genesis-studio\packages\engines-py\.pdb_cache\4MNE,A
4468,ThermoMPNN,4MNE,2.1890313625335693,254,I,K,F:\GENESIS Studio\genesis-studio\packages\engines-py\.pdb_cache\4MNE,A
4469,ThermoMPNN,4MNE,0.36664462089538574,254,I,L,F:\GENESIS Studio\genesis-studio\packages\engines-py\.pdb_cache\4MNE,A
4470,ThermoMPNN,4MNE,0.9486896991729736,254,I,M,F:\GENESIS Studio\genesis-studio\packages\engines-py\.pdb_cache\4MNE,A
4471,ThermoMPNN,4MNE,2.5425593852996826,254,I,N,F:\GENESIS Studio\genesis-studio\packages\engines-py\.pdb_cache\4MNE,A
4472,ThermoMPNN,4MNE,3.031002998352051,254,I,P,F:\GENESIS Studio\genesis-studio\packages\engines-py\.pdb_cache\4MNE,A
4473,ThermoMPNN,4MNE,2.160562038421631,254,I,Q,F:\GENESIS Studio\genesis-studio\packages\engines-py\.pdb_cache\4MNE,A
4474,ThermoMPNN,4MNE,2.1972880363464355,254,I,R,F:\GENESIS Studio\genesis-studio\packages\engines-py\.pdb_cache\4MNE,A
4475,ThermoMPNN,4MNE,2.514430522918701,254,I,S,F:\GENESIS Studio\genesis-studio\packages\engines-py\.pdb_cache\4MNE,A
4476,ThermoMPNN,4MNE,2.0085411071777344,254,I,T,F:\GENESIS Studio\genesis-studio\packages\engines-py\.pdb_cache\4MNE,A
4477,ThermoMPNN,4MNE,0.803795576095581,254,I,V,F:\GENESIS Studio\genesis-studio\packages\engines-py\.pdb_cache\4MNE,A
4478,ThermoMPNN,4MNE,1.5438212156295776,254,I,W,F:\GENESIS Studio\genesis-studio\packages\engines-py\.pdb_cache\4MNE,A
4479,ThermoMPNN,4MNE,1.5681707859039307,254,I,Y,F:\GENESIS Studio\genesis-studio\packages\engines-py\.pdb_cache\4MNE,A
4480,ThermoMPNN,4MNE,1.2440214157104492,255,V,A,F:\GENESIS Studio\genesis-studio\packages\engines-py\.pdb_cache\4MNE,A
4481,ThermoMPNN,4MNE,0.5949006080627441,255,V,C,F:\GENESIS Studio\genesis-studio\packages\engines-py\.pdb_cache\4MNE,A
4482,ThermoMPNN,4MNE,2.2634072303771973,255,V,D,F:\GENESIS Studio\genesis-studio\packages\engines-py\.pdb_cache\4MNE,A
4483,ThermoMPNN,4MNE,1.5235930681228638,255,V,E,F:\GENESIS Studio\genesis-studio\packages\engines-py\.pdb_cache\4MNE,A
4484,ThermoMPNN,4MNE,1.2081502676010132,255,V,F,F:\GENESIS Studio\genesis-studio\packages\engines-py\.pdb_cache\4MNE,A
4485,ThermoMPNN,4MNE,1.854027509689331,255,V,G,F:\GENESIS Studio\genesis-studio\packages\engines-py\.pdb_cache\4MNE,A
4486,ThermoMPNN,4MNE,1.410396695137024,255,V,H,F:\GENESIS Studio\genesis-studio\packages\engines-py\.pdb_cache\4MNE,A
4487,ThermoMPNN,4MNE,-0.32625508308410645,255,V,I,F:\GENESIS Studio\genesis-studio\packages\engines-py\.pdb_cache\4MNE,A
4488,ThermoMPNN,4MNE,0.47079718112945557,255,V,K,F:\GENESIS Studio\genesis-studio\packages\engines-py\.pdb_cache\4MNE,A
4489,ThermoMPNN,4MNE,0.020467162132263184,255,V,L,F:\GENESIS Studio\genesis-studio\packages\engines-py\.pdb_cache\4MNE,A
4490,ThermoMPNN,4MNE,0.26633524894714355,255,V,M,F:\GENESIS Studio\genesis-studio\packages\engines-py\.pdb_cache\4MNE,A
4491,ThermoMPNN,4MNE,1.5057467222213745,255,V,N,F:\GENESIS Studio\genesis-studio\packages\engines-py\.pdb_cache\4MNE,A
4492,ThermoMPNN,4MNE,2.0094494819641113,255,V,P,F:\GENESIS Studio\genesis-studio\packages\engines-py\.pdb_cache\4MNE,A
4493,ThermoMPNN,4MNE,0.8679928779602051,255,V,Q,F:\GENESIS Studio\genesis-studio\packages\engines-py\.pdb_cache\4MNE,A
4494,ThermoMPNN,4MNE,0.35481762886047363,255,V,R,F:\GENESIS Studio\genesis-studio\packages\engines-py\.pdb_cache\4MNE,A
4495,ThermoMPNN,4MNE,1.3437447547912598,255,V,S,F:\GENESIS Studio\genesis-studio\packages\engines-py\.pdb_cache\4MNE,A
4496,ThermoMPNN,4MNE,0.7301563620567322,255,V,T,F:\GENESIS Studio\genesis-studio\packages\engines-py\.pdb_cache\4MNE,A
4497,ThermoMPNN,4MNE,0.0,255,V,V,F:\GENESIS Studio\genesis-studio\packages\engines-py\.pdb_cache\4MNE,A
4498,ThermoMPNN,4MNE,1.1098712682724,255,V,W,F:\GENESIS Studio\genesis-studio\packages\engines-py\.pdb_cache\4MNE,A
4499,ThermoMPNN,4MNE,1.2962205410003662,255,V,Y,F:\GENESIS Studio\genesis-studio\packages\engines-py\.pdb_cache\4MNE,A
4500,ThermoMPNN,4MNE,0.898919939994812,256,N,A,F:\GENESIS Studio\genesis-studio\packages\engines-py\.pdb_cache\4MNE,A
4501,ThermoMPNN,4MNE,0.4012594223022461,256,N,C,F:\GENESIS Studio\genesis-studio\packages\engines-py\.pdb_cache\4MNE,A
4502,ThermoMPNN,4MNE,1.1567881107330322,256,N,D,F:\GENESIS Studio\genesis-studio\packages\engines-py\.pdb_cache\4MNE,A
4503,ThermoMPNN,4MNE,1.4506139755249023,256,N,E,F:\GENESIS Studio\genesis-studio\packages\engines-py\.pdb_cache\4MNE,A
4504,ThermoMPNN,4MNE,0.8993562459945679,256,N,F,F:\GENESIS Studio\genesis-studio\packages\engines-py\.pdb_cache\4MNE,A
4505,ThermoMPNN,4MNE,1.0380876064300537,256,N,G,F:\GENESIS Studio\genesis-studio\packages\engines-py\.pdb_cache\4MNE,A
4506,ThermoMPNN,4MNE,0.43505752086639404,256,N,H,F:\GENESIS Studio\genesis-studio\packages\engines-py\.pdb_cache\4MNE,A
4507,ThermoMPNN,4MNE,1.3235738277435303,256,N,I,F:\GENESIS Studio\genesis-studio\packages\engines-py\.pdb_cache\4MNE,A
4508,ThermoMPNN,4MNE,0.6782808303833008,256,N,K,F:\GENESIS Studio\genesis-studio\packages\engines-py\.pdb_cache\4MNE,A
4509,ThermoMPNN,4MNE,0.9730260372161865,256,N,L,F:\GENESIS Studio\genesis-studio\packages\engines-py\.pdb_cache\4MNE,A
4510,ThermoMPNN,4MNE,0.8970159292221069,256,N,M,F:\GENESIS Studio\genesis-studio\packages\engines-py\.pdb_cache\4MNE,A
4511,ThermoMPNN,4MNE,0.0,256,N,N,F:\GENESIS Studio\genesis-studio\packages\engines-py\.pdb_cache\4MNE,A
4512,ThermoMPNN,4MNE,2.3440170288085938,256,N,P,F:\GENESIS Studio\genesis-studio\packages\engines-py\.pdb_cache\4MNE,A
4513,ThermoMPNN,4MNE,0.8146413564682007,256,N,Q,F:\GENESIS Studio\genesis-studio\packages\engines-py\.pdb_cache\4MNE,A
4514,ThermoMPNN,4MNE,0.6153073310852051,256,N,R,F:\GENESIS Studio\genesis-studio\packages\engines-py\.pdb_cache\4MNE,A
4515,ThermoMPNN,4MNE,0.3759807348251343,256,N,S,F:\GENESIS Studio\genesis-studio\packages\engines-py\.pdb_cache\4MNE,A
4516,ThermoMPNN,4MNE,0.42194080352783203,256,N,T,F:\GENESIS Studio\genesis-studio\packages\engines-py\.pdb_cache\4MNE,A
4517,ThermoMPNN,4MNE,1.1591342687606812,256,N,V,F:\GENESIS Studio\genesis-studio\packages\engines-py\.pdb_cache\4MNE,A
4518,ThermoMPNN,4MNE,0.6256742477416992,256,N,W,F:\GENESIS Studio\genesis-studio\packages\engines-py\.pdb_cache\4MNE,A
4519,ThermoMPNN,4MNE,0.6637653708457947,256,N,Y,F:\GENESIS Studio\genesis-studio\packages\engines-py\.pdb_cache\4MNE,A
4520,ThermoMPNN,4MNE,0.13170242309570312,257,E,A,F:\GENESIS Studio\genesis-studio\packages\engines-py\.pdb_cache\4MNE,A
4521,ThermoMPNN,4MNE,-0.06365954875946045,257,E,C,F:\GENESIS Studio\genesis-studio\packages\engines-py\.pdb_cache\4MNE,A
4522,ThermoMPNN,4MNE,1.102859377861023,257,E,D,F:\GENESIS Studio\genesis-studio\packages\engines-py\.pdb_cache\4MNE,A
4523,ThermoMPNN,4MNE,0.0,257,E,E,F:\GENESIS Studio\genesis-studio\packages\engines-py\.pdb_cache\4MNE,A
4524,ThermoMPNN,4MNE,0.6511071920394897,257,E,F,F:\GENESIS Studio\genesis-studio\packages\engines-py\.pdb_cache\4MNE,A
4525,ThermoMPNN,4MNE,0.8545988202095032,257,E,G,F:\GENESIS Studio\genesis-studio\packages\engines-py\.pdb_cache\4MNE,A
4526,ThermoMPNN,4MNE,0.3597191572189331,257,E,H,F:\GENESIS Studio\genesis-studio\packages\engines-py\.pdb_cache\4MNE,A
4527,ThermoMPNN,4MNE,0.7453950047492981,257,E,I,F:\GENESIS Studio\genesis-studio\packages\engines-py\.pdb_cache\4MNE,A
4528,ThermoMPNN,4MNE,0.07123923301696777,257,E,K,F:\GENESIS Studio\genesis-studio\packages\engines-py\.pdb_cache\4MNE,A
4529,ThermoMPNN,4MNE,0.32631832361221313,257,E,L,F:\GENESIS Studio\genesis-studio\packages\engines-py\.pdb_cache\4MNE,A
4530,ThermoMPNN,4MNE,0.2388463020324707,257,E,M,F:\GENESIS Studio\genesis-studio\packages\engines-py\.pdb_cache\4MNE,A
4531,ThermoMPNN,4MNE,0.6191343665122986,257,E,N,F:\GENESIS Studio\genesis-studio\packages\engines-py\.pdb_cache\4MNE,A
4532,ThermoMPNN,4MNE,2.29758358001709,257,E,P,F:\GENESIS Studio\genesis-studio\packages\engines-py\.pdb_cache\4MNE,A
4533,ThermoMPNN,4MNE,-0.11199283599853516,257,E,Q,F:\GENESIS Studio\genesis-studio\packages\engines-py\.pdb_cache\4MNE,A
4534,ThermoMPNN,4MNE,0.29637426137924194,257,E,R,F:\GENESIS Studio\genesis-studio\packages\engines-py\.pdb_cache\4MNE,A
4535,ThermoMPNN,4MNE,0.40733540058135986,257,E,S,F:\GENESIS Studio\genesis-studio\packages\engines-py\.pdb_cache\4MNE,A
4536,ThermoMPNN,4MNE,0.32796812057495117,257,E,T,F:\GENESIS Studio\genesis-studio\packages\engines-py\.pdb_cache\4MNE,A
4537,ThermoMPNN,4MNE,0.5550962686538696,257,E,V,F:\GENESIS Studio\genesis-studio\packages\engines-py\.pdb_cache\4MNE,A
4538,ThermoMPNN,4MNE,0.880757212638855,257,E,W,F:\GENESIS Studio\genesis-studio\packages\engines-py\.pdb_cache\4MNE,A
4539,ThermoMPNN,4MNE,0.7538822889328003,257,E,Y,F:\GENESIS Studio\genesis-studio\packages\engines-py\.pdb_cache\4MNE,A
4540,ThermoMPNN,4MNE,0.3379063606262207,258,P,A,F:\GENESIS Studio\genesis-studio\packages\engines-py\.pdb_cache\4MNE,A
4541,ThermoMPNN,4MNE,0.3056570887565613,258,P,C,F:\GENESIS Studio\genesis-studio\packages\engines-py\.pdb_cache\4MNE,A
4542,ThermoMPNN,4MNE,0.3326926827430725,258,P,D,F:\GENESIS Studio\genesis-studio\packages\engines-py\.pdb_cache\4MNE,A
4543,ThermoMPNN,4MNE,0.06024634838104248,258,P,E,F:\GENESIS Studio\genesis-studio\packages\engines-py\.pdb_cache\4MNE,A
4544,ThermoMPNN,4MNE,0.8465189933776855,258,P,F,F:\GENESIS Studio\genesis-studio\packages\engines-py\.pdb_cache\4MNE,A
4545,ThermoMPNN,4MNE,0.9415375590324402,258,P,G,F:\GENESIS Studio\genesis-studio\packages\engines-py\.pdb_cache\4MNE,A
4546,ThermoMPNN,4MNE,0.7064968347549438,258,P,H,F:\GENESIS Studio\genesis-studio\packages\engines-py\.pdb_cache\4MNE,A
4547,ThermoMPNN,4MNE,0.7085446119308472,258,P,I,F:\GENESIS Studio\genesis-studio\packages\engines-py\.pdb_cache\4MNE,A
4548,ThermoMPNN,4MNE,0.8341884613037109,258,P,K,F:\GENESIS Studio\genesis-studio\packages\engines-py\.pdb_cache\4MNE,A
4549,ThermoMPNN,4MNE,0.6448531150817871,258,P,L,F:\GENESIS Studio\genesis-studio\packages\engines-py\.pdb_cache\4MNE,A
4550,ThermoMPNN,4MNE,0.6485311388969421,258,P,M,F:\GENESIS Studio\genesis-studio\packages\engines-py\.pdb_cache\4MNE,A
4551,ThermoMPNN,4MNE,0.727921724319458,258,P,N,F:\GENESIS Studio\genesis-studio\packages\engines-py\.pdb_cache\4MNE,A
4552,ThermoMPNN,4MNE,0.0,258,P,P,F:\GENESIS Studio\genesis-studio\packages\engines-py\.pdb_cache\4MNE,A
4553,ThermoMPNN,4MNE,0.4761677384376526,258,P,Q,F:\GENESIS Studio\genesis-studio\packages\engines-py\.pdb_cache\4MNE,A
4554,ThermoMPNN,4MNE,0.9768196940422058,258,P,R,F:\GENESIS Studio\genesis-studio\packages\engines-py\.pdb_cache\4MNE,A
4555,ThermoMPNN,4MNE,0.38241034746170044,258,P,S,F:\GENESIS Studio\genesis-studio\packages\engines-py\.pdb_cache\4MNE,A
4556,ThermoMPNN,4MNE,0.7116982936859131,258,P,T,F:\GENESIS Studio\genesis-studio\packages\engines-py\.pdb_cache\4MNE,A
4557,ThermoMPNN,4MNE,0.7024824619293213,258,P,V,F:\GENESIS Studio\genesis-studio\packages\engines-py\.pdb_cache\4MNE,A
4558,ThermoMPNN,4MNE,0.8114732503890991,258,P,W,F:\GENESIS Studio\genesis-studio\packages\engines-py\.pdb_cache\4MNE,A
4559,ThermoMPNN,4MNE,0.7900108098983765,258,P,Y,F:\GENESIS Studio\genesis-studio\packages\engines-py\.pdb_cache\4MNE,A
4560,ThermoMPNN,4MNE,0.01261889934539795,259,P,A,F:\GENESIS Studio\genesis-studio\packages\engines-py\.pdb_cache\4MNE,A
4561,ThermoMPNN,4MNE,0.5469505786895752,259,P,C,F:\GENESIS Studio\genesis-studio\packages\engines-py\.pdb_cache\4MNE,A
4562,ThermoMPNN,4MNE,1.4609984159469604,259,P,D,F:\GENESIS Studio\genesis-studio\packages\engines-py\.pdb_cache\4MNE,A
4563,ThermoMPNN,4MNE,1.0754237174987793,259,P,E,F:\GENESIS Studio\genesis-studio\packages\engines-py\.pdb_cache\4MNE,A
4564,ThermoMPNN,4MNE,0.9859833717346191,259,P,F,F:\GENESIS Studio\genesis-studio\packages\engines-py\.pdb_cache\4MNE,A
4565,ThermoMPNN,4MNE,0.8191313743591309,259,P,G,F:\GENESIS Studio\genesis-studio\packages\engines-py\.pdb_cache\4MNE,A
4566,ThermoMPNN,4MNE,1.2399228811264038,259,P,H,F:\GENESIS Studio\genesis-studio\packages\engines-py\.pdb_cache\4MNE,A
4567,ThermoMPNN,4MNE,0.9466283917427063,259,P,I,F:\GENESIS Studio\genesis-studio\packages\engines-py\.pdb_cache\4MNE,A
4568,ThermoMPNN,4MNE,1.2929103374481201,259,P,K,F:\GENESIS Studio\genesis-studio\packages\engines-py\.pdb_cache\4MNE,A
4569,ThermoMPNN,4MNE,1.2190194129943848,259,P,L,F:\GENESIS Studio\genesis-studio\packages\engines-py\.pdb_cache\4MNE,A
4570,ThermoMPNN,4MNE,0.9618058204650879,259,P,M,F:\GENESIS Studio\genesis-studio\packages\engines-py\.pdb_cache\4MNE,A
4571,ThermoMPNN,4MNE,1.4435644149780273,259,P,N,F:\GENESIS Studio\genesis-studio\packages\engines-py\.pdb_cache\4MNE,A
4572,ThermoMPNN,4MNE,0.0,259,P,P,F:\GENESIS Studio\genesis-studio\packages\engines-py\.pdb_cache\4MNE,A
4573,ThermoMPNN,4MNE,1.1584270000457764,259,P,Q,F:\GENESIS Studio\genesis-studio\packages\engines-py\.pdb_cache\4MNE,A
4574,ThermoMPNN,4MNE,1.253554344177246,259,P,R,F:\GENESIS Studio\genesis-studio\packages\engines-py\.pdb_cache\4MNE,A
4575,ThermoMPNN,4MNE,0.660430371761322,259,P,S,F:\GENESIS Studio\genesis-studio\packages\engines-py\.pdb_cache\4MNE,A
4576,ThermoMPNN,4MNE,0.8727037906646729,259,P,T,F:\GENESIS Studio\genesis-studio\packages\engines-py\.pdb_cache\4MNE,A
4577,ThermoMPNN,4MNE,0.8805450201034546,259,P,V,F:\GENESIS Studio\genesis-studio\packages\engines-py\.pdb_cache\4MNE,A
4578,ThermoMPNN,4MNE,0.905378520488739,259,P,W,F:\GENESIS Studio\genesis-studio\packages\engines-py\.pdb_cache\4MNE,A
4579,ThermoMPNN,4MNE,0.910971999168396,259,P,Y,F:\GENESIS Studio\genesis-studio\packages\engines-py\.pdb_cache\4MNE,A
4580,ThermoMPNN,4MNE,0.5981621742248535,260,P,A,F:\GENESIS Studio\genesis-studio\packages\engines-py\.pdb_cache\4MNE,A
4581,ThermoMPNN,4MNE,0.2595174312591553,260,P,C,F:\GENESIS Studio\genesis-studio\packages\engines-py\.pdb_cache\4MNE,A
4582,ThermoMPNN,4MNE,1.7304625511169434,260,P,D,F:\GENESIS Studio\genesis-studio\packages\engines-py\.pdb_cache\4MNE,A
4583,ThermoMPNN,4MNE,1.3234795331954956,260,P,E,F:\GENESIS Studio\genesis-studio\packages\engines-py\.pdb_cache\4MNE,A
4584,ThermoMPNN,4MNE,0.35809803009033203,260,P,F,F:\GENESIS Studio\genesis-studio\packages\engines-py\.pdb_cache\4MNE,A
4585,ThermoMPNN,4MNE,1.3648715019226074,260,P,G,F:\GENESIS Studio\genesis-studio\packages\engines-py\.pdb_cache\4MNE,A
4586,ThermoMPNN,4MNE,1.419899821281433,260,P,H,F:\GENESIS Studio\genesis-studio\packages\engines-py\.pdb_cache\4MNE,A
4587,ThermoMPNN,4MNE,0.44051289558410645,260,P,I,F:\GENESIS Studio\genesis-studio\packages\engines-py\.pdb_cache\4MNE,A
4588,ThermoMPNN,4MNE,1.5542880296707153,260,P,K,F:\GENESIS Studio\genesis-studio\packages\engines-py\.pdb_cache\4MNE,A
4589,ThermoMPNN,4MNE,0.5442724227905273,260,P,L,F:\GENESIS Studio\genesis-studio\packages\engines-py\.pdb_cache\4MNE,A
4590,ThermoMPNN,4MNE,0.5990920066833496,260,P,M,F:\GENESIS Studio\genesis-studio\packages\engines-py\.pdb_cache\4MNE,A
4591,ThermoMPNN,4MNE,1.6443498134613037,260,P,N,F:\GENESIS Studio\genesis-studio\packages\engines-py\.pdb_cache\4MNE,A
4592,ThermoMPNN,4MNE,0.0,260,P,P,F:\GENESIS Studio\genesis-studio\packages\engines-py\.pdb_cache\4MNE,A
4593,ThermoMPNN,4MNE,1.4682657718658447,260,P,Q,F:\GENESIS Studio\genesis-studio\packages\engines-py\.pdb_cache\4MNE,A
4594,ThermoMPNN,4MNE,1.7061035633087158,260,P,R,F:\GENESIS Studio\genesis-studio\packages\engines-py\.pdb_cache\4MNE,A
4595,ThermoMPNN,4MNE,1.179293155670166,260,P,S,F:\GENESIS Studio\genesis-studio\packages\engines-py\.pdb_cache\4MNE,A
4596,ThermoMPNN,4MNE,1.1732285022735596,260,P,T,F:\GENESIS Studio\genesis-studio\packages\engines-py\.pdb_cache\4MNE,A
4597,ThermoMPNN,4MNE,0.5226021409034729,260,P,V,F:\GENESIS Studio\genesis-studio\packages\engines-py\.pdb_cache\4MNE,A
4598,ThermoMPNN,4MNE,0.774333119392395,260,P,W,F:\GENESIS Studio\genesis-studio\packages\engines-py\.pdb_cache\4MNE,A
4599,ThermoMPNN,4MNE,0.6895151734352112,260,P,Y,F:\GENESIS Studio\genesis-studio\packages\engines-py\.pdb_cache\4MNE,A
4600,ThermoMPNN,4MNE,-0.04682016372680664,261,K,A,F:\GENESIS Studio\genesis-studio\packages\engines-py\.pdb_cache\4MNE,A
4601,ThermoMPNN,4MNE,-0.0046422481536865234,261,K,C,F:\GENESIS Studio\genesis-studio\packages\engines-py\.pdb_cache\4MNE,A
4602,ThermoMPNN,4MNE,0.8112852573394775,261,K,D,F:\GENESIS Studio\genesis-studio\packages\engines-py\.pdb_cache\4MNE,A
4603,ThermoMPNN,4MNE,0.5676440000534058,261,K,E,F:\GENESIS Studio\genesis-studio\packages\engines-py\.pdb_cache\4MNE,A
4604,ThermoMPNN,4MNE,0.3426538109779358,261,K,F,F:\GENESIS Studio\genesis-studio\packages\engines-py\.pdb_cache\4MNE,A
4605,ThermoMPNN,4MNE,0.39816415309906006,261,K,G,F:\GENESIS Studio\genesis-studio\packages\engines-py\.pdb_cache\4MNE,A
4606,ThermoMPNN,4MNE,0.18965911865234375,261,K,H,F:\GENESIS Studio\genesis-studio\packages\engines-py\.pdb_cache\4MNE,A
4607,ThermoMPNN,4MNE,0.23517268896102905,261,K,I,F:\GENESIS Studio\genesis-studio\packages\engines-py\.pdb_cache\4MNE,A
4608,ThermoMPNN,4MNE,0.0,261,K,K,F:\GENESIS Studio\genesis-studio\packages\engines-py\.pdb_cache\4MNE,A
4609,ThermoMPNN,4MNE,0.3735235333442688,261,K,L,F:\GENESIS Studio\genesis-studio\packages\engines-py\.pdb_cache\4MNE,A
4610,ThermoMPNN,4MNE,0.16808801889419556,261,K,M,F:\GENESIS Studio\genesis-studio\packages\engines-py\.pdb_cache\4MNE,A
4611,ThermoMPNN,4MNE,0.4814842939376831,261,K,N,F:\GENESIS Studio\genesis-studio\packages\engines-py\.pdb_cache\4MNE,A
4612,ThermoMPNN,4MNE,1.3719415664672852,261,K,P,F:\GENESIS Studio\genesis-studio\packages\engines-py\.pdb_cache\4MNE,A
4613,ThermoMPNN,4MNE,-0.03979635238647461,261,K,Q,F:\GENESIS Studio\genesis-studio\packages\engines-py\.pdb_cache\4MNE,A
4614,ThermoMPNN,4MNE,-0.0022084712982177734,261,K,R,F:\GENESIS Studio\genesis-studio\packages\engines-py\.pdb_cache\4MNE,A
4615,ThermoMPNN,4MNE,0.02393507957458496,261,K,S,F:\GENESIS Studio\genesis-studio\packages\engines-py\.pdb_cache\4MNE,A
4616,ThermoMPNN,4MNE,0.15766745805740356,261,K,T,F:\GENESIS Studio\genesis-studio\packages\engines-py\.pdb_cache\4MNE,A
4617,ThermoMPNN,4MNE,0.11747050285339355,261,K,V,F:\GENESIS Studio\genesis-studio\packages\engines-py\.pdb_cache\4MNE,A
4618,ThermoMPNN,4MNE,0.4386700987815857,261,K,W,F:\GENESIS Studio\genesis-studio\packages\engines-py\.pdb_cache\4MNE,A
4619,ThermoMPNN,4MNE,0.40817272663116455,261,K,Y,F:\GENESIS Studio\genesis-studio\packages\engines-py\.pdb_cache\4MNE,A
4620,ThermoMPNN,4MNE,2.093256950378418,262,L,A,F:\GENESIS Studio\genesis-studio\packages\engines-py\.pdb_cache\4MNE,A
4621,ThermoMPNN,4MNE,1.2198823690414429,262,L,C,F:\GENESIS Studio\genesis-studio\packages\engines-py\.pdb_cache\4MNE,A
4622,ThermoMPNN,4MNE,1.2312216758728027,262,L,D,F:\GENESIS Studio\genesis-studio\packages\engines-py\.pdb_cache\4MNE,A
4623,ThermoMPNN,4MNE,1.6964794397354126,262,L,E,F:\GENESIS Studio\genesis-studio\packages\engines-py\.pdb_cache\4MNE,A
4624,ThermoMPNN,4MNE,1.4891748428344727,262,L,F,F:\GENESIS Studio\genesis-studio\packages\engines-py\.pdb_cache\4MNE,A
4625,ThermoMPNN,4MNE,2.3081629276275635,262,L,G,F:\GENESIS Studio\genesis-studio\packages\engines-py\.pdb_cache\4MNE,A
4626,ThermoMPNN,4MNE,1.8958451747894287,262,L,H,F:\GENESIS Studio\genesis-studio\packages\engines-py\.pdb_cache\4MNE,A
4627,ThermoMPNN,4MNE,1.1204040050506592,262,L,I,F:\GENESIS Studio\genesis-studio\packages\engines-py\.pdb_cache\4MNE,A
4628,ThermoMPNN,4MNE,2.071540355682373,262,L,K,F:\GENESIS Studio\genesis-studio\packages\engines-py\.pdb_cache\4MNE,A
4629,ThermoMPNN,4MNE,0.0,262,L,L,F:\GENESIS Studio\genesis-studio\packages\engines-py\.pdb_cache\4MNE,A
4630,ThermoMPNN,4MNE,1.2782678604125977,262,L,M,F:\GENESIS Studio\genesis-studio\packages\engines-py\.pdb_cache\4MNE,A
4631,ThermoMPNN,4MNE,1.9870222806930542,262,L,N,F:\GENESIS Studio\genesis-studio\packages\engines-py\.pdb_cache\4MNE,A
4632,ThermoMPNN,4MNE,1.6783318519592285,262,L,P,F:\GENESIS Studio\genesis-studio\packages\engines-py\.pdb_cache\4MNE,A
4633,ThermoMPNN,4MNE,1.8756144046783447,262,L,Q,F:\GENESIS Studio\genesis-studio\packages\engines-py\.pdb_cache\4MNE,A
4634,ThermoMPNN,4MNE,2.191074848175049,262,L,R,F:\GENESIS Studio\genesis-studio\packages\engines-py\.pdb_cache\4MNE,A
4635,ThermoMPNN,4MNE,2.093585968017578,262,L,S,F:\GENESIS Studio\genesis-studio\packages\engines-py\.pdb_cache\4MNE,A
4636,ThermoMPNN,4MNE,1.619739055633545,262,L,T,F:\GENESIS Studio\genesis-studio\packages\engines-py\.pdb_cache\4MNE,A
4637,ThermoMPNN,4MNE,1.2007017135620117,262,L,V,F:\GENESIS Studio\genesis-studio\packages\engines-py\.pdb_cache\4MNE,A
4638,ThermoMPNN,4MNE,2.0425424575805664,262,L,W,F:\GENESIS Studio\genesis-studio\packages\engines-py\.pdb_cache\4MNE,A
4639,ThermoMPNN,4MNE,1.7846651077270508,262,L,Y,F:\GENESIS Studio\genesis-studio\packages\engines-py\.pdb_cache\4MNE,A
4640,ThermoMPNN,4MNE,1.613989233970642,263,P,A,F:\GENESIS Studio\genesis-studio\packages\engines-py\.pdb_cache\4MNE,A
4641,ThermoMPNN,4MNE,0.8991495370864868,263,P,C,F:\GENESIS Studio\genesis-studio\packages\engines-py\.pdb_cache\4MNE,A
4642,ThermoMPNN,4MNE,1.9596030712127686,263,P,D,F:\GENESIS Studio\genesis-studio\packages\engines-py\.pdb_cache\4MNE,A
4643,ThermoMPNN,4MNE,1.8541231155395508,263,P,E,F:\GENESIS Studio\genesis-studio\packages\engines-py\.pdb_cache\4MNE,A
4644,ThermoMPNN,4MNE,1.2952461242675781,263,P,F,F:\GENESIS Studio\genesis-studio\packages\engines-py\.pdb_cache\4MNE,A
4645,ThermoMPNN,4MNE,2.040714740753174,263,P,G,F:\GENESIS Studio\genesis-studio\packages\engines-py\.pdb_cache\4MNE,A
4646,ThermoMPNN,4MNE,1.894470453262329,263,P,H,F:\GENESIS Studio\genesis-studio\packages\engines-py\.pdb_cache\4MNE,A
4647,ThermoMPNN,4MNE,1.434126853942871,263,P,I,F:\GENESIS Studio\genesis-studio\packages\engines-py\.pdb_cache\4MNE,A
4648,ThermoMPNN,4MNE,1.8081270456314087,263,P,K,F:\GENESIS Studio\genesis-studio\packages\engines-py\.pdb_cache\4MNE,A
4649,ThermoMPNN,4MNE,1.2023289203643799,263,P,L,F:\GENESIS Studio\genesis-studio\packages\engines-py\.pdb_cache\4MNE,A
4650,ThermoMPNN,4MNE,1.3773651123046875,263,P,M,F:\GENESIS Studio\genesis-studio\packages\engines-py\.pdb_cache\4MNE,A
4651,ThermoMPNN,4MNE,1.8744029998779297,263,P,N,F:\GENESIS Studio\genesis-studio\packages\engines-py\.pdb_cache\4MNE,A
4652,ThermoMPNN,4MNE,0.0,263,P,P,F:\GENESIS Studio\genesis-studio\packages\engines-py\.pdb_cache\4MNE,A
4653,ThermoMPNN,4MNE,2.006160259246826,263,P,Q,F:\GENESIS Studio\genesis-studio\packages\engines-py\.pdb_cache\4MNE,A
4654,ThermoMPNN,4MNE,1.8764482736587524,263,P,R,F:\GENESIS Studio\genesis-studio\packages\engines-py\.pdb_cache\4MNE,A
4655,ThermoMPNN,4MNE,1.8277877569198608,263,P,S,F:\GENESIS Studio\genesis-studio\packages\engines-py\.pdb_cache\4MNE,A
4656,ThermoMPNN,4MNE,1.9554755687713623,263,P,T,F:\GENESIS Studio\genesis-studio\packages\engines-py\.pdb_cache\4MNE,A
4657,ThermoMPNN,4MNE,1.6293683052062988,263,P,V,F:\GENESIS Studio\genesis-studio\packages\engines-py\.pdb_cache\4MNE,A
4658,ThermoMPNN,4MNE,1.4930105209350586,263,P,W,F:\GENESIS Studio\genesis-studio\packages\engines-py\.pdb_cache\4MNE,A
4659,ThermoMPNN,4MNE,1.4401273727416992,263,P,Y,F:\GENESIS Studio\genesis-studio\packages\engines-py\.pdb_cache\4MNE,A
4660,ThermoMPNN,4MNE,0.00276339054107666,264,S,A,F:\GENESIS Studio\genesis-studio\packages\engines-py\.pdb_cache\4MNE,A
4661,ThermoMPNN,4MNE,-0.06093728542327881,264,S,C,F:\GENESIS Studio\genesis-studio\packages\engines-py\.pdb_cache\4MNE,A
4662,ThermoMPNN,4MNE,-0.1255442500114441,264,S,D,F:\GENESIS Studio\genesis-studio\packages\engines-py\.pdb_cache\4MNE,A
4663,ThermoMPNN,4MNE,-0.19204074144363403,264,S,E,F:\GENESIS Studio\genesis-studio\packages\engines-py\.pdb_cache\4MNE,A
4664,ThermoMPNN,4MNE,0.27244991064071655,264,S,F,F:\GENESIS Studio\genesis-studio\packages\engines-py\.pdb_cache\4MNE,A
4665,ThermoMPNN,4MNE,0.23695284128189087,264,S,G,F:\GENESIS Studio\genesis-studio\packages\engines-py\.pdb_cache\4MNE,A
4666,ThermoMPNN,4MNE,0.15756922960281372,264,S,H,F:\GENESIS Studio\genesis-studio\packages\engines-py\.pdb_cache\4MNE,A
4667,ThermoMPNN,4MNE,0.23859292268753052,264,S,I,F:\GENESIS Studio\genesis-studio\packages\engines-py\.pdb_cache\4MNE,A
4668,ThermoMPNN,4MNE,0.18033653497695923,264,S,K,F:\GENESIS Studio\genesis-studio\packages\engines-py\.pdb_cache\4MNE,A
4669,ThermoMPNN,4MNE,0.142553448677063,264,S,L,F:\GENESIS Studio\genesis-studio\packages\engines-py\.pdb_cache\4MNE,A
4670,ThermoMPNN,4MNE,0.20431512594223022,264,S,M,F:\GENESIS Studio\genesis-studio\packages\engines-py\.pdb_cache\4MNE,A
4671,ThermoMPNN,4MNE,0.112762451171875,264,S,N,F:\GENESIS Studio\genesis-studio\packages\engines-py\.pdb_cache\4MNE,A
4672,ThermoMPNN,4MNE,0.06611436605453491,264,S,P,F:\GENESIS Studio\genesis-studio\packages\engines-py\.pdb_cache\4MNE,A
4673,ThermoMPNN,4MNE,0.02066892385482788,264,S,Q,F:\GENESIS Studio\genesis-studio\packages\engines-py\.pdb_cache\4MNE,A
4674,ThermoMPNN,4MNE,0.26100027561187744,264,S,R,F:\GENESIS Studio\genesis-studio\packages\engines-py\.pdb_cache\4MNE,A
4675,ThermoMPNN,4MNE,0.0,264,S,S,F:\GENESIS Studio\genesis-studio\packages\engines-py\.pdb_cache\4MNE,A
4676,ThermoMPNN,4MNE,0.14366286993026733,264,S,T,F:\GENESIS Studio\genesis-studio\packages\engines-py\.pdb_cache\4MNE,A
4677,ThermoMPNN,4MNE,0.2655485272407532,264,S,V,F:\GENESIS Studio\genesis-studio\packages\engines-py\.pdb_cache\4MNE,A
4678,ThermoMPNN,4MNE,0.23749703168869019,264,S,W,F:\GENESIS Studio\genesis-studio\packages\engines-py\.pdb_cache\4MNE,A
4679,ThermoMPNN,4MNE,0.3634291887283325,264,S,Y,F:\GENESIS Studio\genesis-studio\packages\engines-py\.pdb_cache\4MNE,A
4680,ThermoMPNN,4MNE,0.7764742374420166,265,G,A,F:\GENESIS Studio\genesis-studio\packages\engines-py\.pdb_cache\4MNE,A
4681,ThermoMPNN,4MNE,0.4480400085449219,265,G,C,F:\GENESIS Studio\genesis-studio\packages\engines-py\.pdb_cache\4MNE,A
4682,ThermoMPNN,4MNE,0.8264703154563904,265,G,D,F:\GENESIS Studio\genesis-studio\packages\engines-py\.pdb_cache\4MNE,A
4683,ThermoMPNN,4MNE,0.8528002500534058,265,G,E,F:\GENESIS Studio\genesis-studio\packages\engines-py\.pdb_cache\4MNE,A
4684,ThermoMPNN,4MNE,0.8515753149986267,265,G,F,F:\GENESIS Studio\genesis-studio\packages\engines-py\.pdb_cache\4MNE,A
4685,ThermoMPNN,4MNE,0.0,265,G,G,F:\GENESIS Studio\genesis-studio\packages\engines-py\.pdb_cache\4MNE,A
4686,ThermoMPNN,4MNE,0.849533200263977,265,G,H,F:\GENESIS Studio\genesis-studio\packages\engines-py\.pdb_cache\4MNE,A
4687,ThermoMPNN,4MNE,1.0573166608810425,265,G,I,F:\GENESIS Studio\genesis-studio\packages\engines-py\.pdb_cache\4MNE,A
4688,ThermoMPNN,4MNE,0.9523506164550781,265,G,K,F:\GENESIS Studio\genesis-studio\packages\engines-py\.pdb_cache\4MNE,A
4689,ThermoMPNN,4MNE,0.9287365078926086,265,G,L,F:\GENESIS Studio\genesis-studio\packages\engines-py\.pdb_cache\4MNE,A
4690,ThermoMPNN,4MNE,0.9581626653671265,265,G,M,F:\GENESIS Studio\genesis-studio\packages\engines-py\.pdb_cache\4MNE,A
4691,ThermoMPNN,4MNE,0.7725813388824463,265,G,N,F:\GENESIS Studio\genesis-studio\packages\engines-py\.pdb_cache\4MNE,A
4692,ThermoMPNN,4MNE,1.1826822757720947,265,G,P,F:\GENESIS Studio\genesis-studio\packages\engines-py\.pdb_cache\4MNE,A
4693,ThermoMPNN,4MNE,1.0039030313491821,265,G,Q,F:\GENESIS Studio\genesis-studio\packages\engines-py\.pdb_cache\4MNE,A
4694,ThermoMPNN,4MNE,0.9453643560409546,265,G,R,F:\GENESIS Studio\genesis-studio\packages\engines-py\.pdb_cache\4MNE,A
4695,ThermoMPNN,4MNE,0.8495408296585083,265,G,S,F:\GENESIS Studio\genesis-studio\packages\engines-py\.pdb_cache\4MNE,A
4696,ThermoMPNN,4MNE,0.9580284357070923,265,G,T,F:\GENESIS Studio\genesis-studio\packages\engines-py\.pdb_cache\4MNE,A
4697,ThermoMPNN,4MNE,1.090043067932129,265,G,V,F:\GENESIS Studio\genesis-studio\packages\engines-py\.pdb_cache\4MNE,A
4698,ThermoMPNN,4MNE,0.9252674579620361,265,G,W,F:\GENESIS Studio\genesis-studio\packages\engines-py\.pdb_cache\4MNE,A
4699,ThermoMPNN,4MNE,0.8762341141700745,265,G,Y,F:\GENESIS Studio\genesis-studio\packages\engines-py\.pdb_cache\4MNE,A
4700,ThermoMPNN,4MNE,0.049310505390167236,266,V,A,F:\GENESIS Studio\genesis-studio\packages\engines-py\.pdb_cache\4MNE,A
4701,ThermoMPNN,4MNE,-0.23342299461364746,266,V,C,F:\GENESIS Studio\genesis-studio\packages\engines-py\.pdb_cache\4MNE,A
4702,ThermoMPNN,4MNE,0.32349058985710144,266,V,D,F:\GENESIS Studio\genesis-studio\packages\engines-py\.pdb_cache\4MNE,A
4703,ThermoMPNN,4MNE,0.3046349287033081,266,V,E,F:\GENESIS Studio\genesis-studio\packages\engines-py\.pdb_cache\4MNE,A
4704,ThermoMPNN,4MNE,-0.08376342058181763,266,V,F,F:\GENESIS Studio\genesis-studio\packages\engines-py\.pdb_cache\4MNE,A
4705,ThermoMPNN,4MNE,0.24631893634796143,266,V,G,F:\GENESIS Studio\genesis-studio\packages\engines-py\.pdb_cache\4MNE,A
4706,ThermoMPNN,4MNE,0.17864471673965454,266,V,H,F:\GENESIS Studio\genesis-studio\packages\engines-py\.pdb_cache\4MNE,A
4707,ThermoMPNN,4MNE,-0.11064386367797852,266,V,I,F:\GENESIS Studio\genesis-studio\packages\engines-py\.pdb_cache\4MNE,A
4708,ThermoMPNN,4MNE,0.11557847261428833,266,V,K,F:\GENESIS Studio\genesis-studio\packages\engines-py\.pdb_cache\4MNE,A
4709,ThermoMPNN,4MNE,-0.1771385669708252,266,V,L,F:\GENESIS Studio\genesis-studio\packages\engines-py\.pdb_cache\4MNE,A
4710,ThermoMPNN,4MNE,-0.15016472339630127,266,V,M,F:\GENESIS Studio\genesis-studio\packages\engines-py\.pdb_cache\4MNE,A
4711,ThermoMPNN,4MNE,0.234150230884552,266,V,N,F:\GENESIS Studio\genesis-studio\packages\engines-py\.pdb_cache\4MNE,A
4712,ThermoMPNN,4MNE,0.23358380794525146,266,V,P,F:\GENESIS Studio\genesis-studio\packages\engines-py\.pdb_cache\4MNE,A
4713,ThermoMPNN,4MNE,0.13141942024230957,266,V,Q,F:\GENESIS Studio\genesis-studio\packages\engines-py\.pdb_cache\4MNE,A
4714,ThermoMPNN,4MNE,0.1634056568145752,266,V,R,F:\GENESIS Studio\genesis-studio\packages\engines-py\.pdb_cache\4MNE,A
4715,ThermoMPNN,4MNE,0.2090502381324768,266,V,S,F:\GENESIS Studio\genesis-studio\packages\engines-py\.pdb_cache\4MNE,A
4716,ThermoMPNN,4MNE,0.2008143663406372,266,V,T,F:\GENESIS Studio\genesis-studio\packages\engines-py\.pdb_cache\4MNE,A
4717,ThermoMPNN,4MNE,0.0,266,V,V,F:\GENESIS Studio\genesis-studio\packages\engines-py\.pdb_cache\4MNE,A
4718,ThermoMPNN,4MNE,-0.3157855272293091,266,V,W,F:\GENESIS Studio\genesis-studio\packages\engines-py\.pdb_cache\4MNE,A
4719,ThermoMPNN,4MNE,-0.08024096488952637,266,V,Y,F:\GENESIS Studio\genesis-studio\packages\engines-py\.pdb_cache\4MNE,A
4720,ThermoMPNN,4MNE,1.608358383178711,267,F,A,F:\GENESIS Studio\genesis-studio\packages\engines-py\.pdb_cache\4MNE,A
4721,ThermoMPNN,4MNE,0.9871079921722412,267,F,C,F:\GENESIS Studio\genesis-studio\packages\engines-py\.pdb_cache\4MNE,A
4722,ThermoMPNN,4MNE,2.1116743087768555,267,F,D,F:\GENESIS Studio\genesis-studio\packages\engines-py\.pdb_cache\4MNE,A
4723,ThermoMPNN,4MNE,2.108444929122925,267,F,E,F:\GENESIS Studio\genesis-studio\packages\engines-py\.pdb_cache\4MNE,A
4724,ThermoMPNN,4MNE,0.0,267,F,F,F:\GENESIS Studio\genesis-studio\packages\engines-py\.pdb_cache\4MNE,A
4725,ThermoMPNN,4MNE,1.982862949371338,267,F,G,F:\GENESIS Studio\genesis-studio\packages\engines-py\.pdb_cache\4MNE,A
4726,ThermoMPNN,4MNE,1.4740232229232788,267,F,H,F:\GENESIS Studio\genesis-studio\packages\engines-py\.pdb_cache\4MNE,A
4727,ThermoMPNN,4MNE,1.4317810535430908,267,F,I,F:\GENESIS Studio\genesis-studio\packages\engines-py\.pdb_cache\4MNE,A
4728,ThermoMPNN,4MNE,2.0830068588256836,267,F,K,F:\GENESIS Studio\genesis-studio\packages\engines-py\.pdb_cache\4MNE,A
4729,ThermoMPNN,4MNE,1.2592357397079468,267,F,L,F:\GENESIS Studio\genesis-studio\packages\engines-py\.pdb_cache\4MNE,A
4730,ThermoMPNN,4MNE,1.3733396530151367,267,F,M,F:\GENESIS Studio\genesis-studio\packages\engines-py\.pdb_cache\4MNE,A
4731,ThermoMPNN,4MNE,1.8404158353805542,267,F,N,F:\GENESIS Studio\genesis-studio\packages\engines-py\.pdb_cache\4MNE,A
4732,ThermoMPNN,4MNE,2.071152448654175,267,F,P,F:\GENESIS Studio\genesis-studio\packages\engines-py\.pdb_cache\4MNE,A
4733,ThermoMPNN,4MNE,1.9675776958465576,267,F,Q,F:\GENESIS Studio\genesis-studio\packages\engines-py\.pdb_cache\4MNE,A
4734,ThermoMPNN,4MNE,1.946936845779419,267,F,R,F:\GENESIS Studio\genesis-studio\packages\engines-py\.pdb_cache\4MNE,A
4735,ThermoMPNN,4MNE,1.8515453338623047,267,F,S,F:\GENESIS Studio\genesis-studio\packages\engines-py\.pdb_cache\4MNE,A
4736,ThermoMPNN,4MNE,1.6817634105682373,267,F,T,F:\GENESIS Studio\genesis-studio\packages\engines-py\.pdb_cache\4MNE,A
4737,ThermoMPNN,4MNE,1.1465357542037964,267,F,V,F:\GENESIS Studio\genesis-studio\packages\engines-py\.pdb_cache\4MNE,A
4738,ThermoMPNN,4MNE,0.10910248756408691,267,F,W,F:\GENESIS Studio\genesis-studio\packages\engines-py\.pdb_cache\4MNE,A
4739,ThermoMPNN,4MNE,0.20534896850585938,267,F,Y,F:\GENESIS Studio\genesis-studio\packages\engines-py\.pdb_cache\4MNE,A
4740,ThermoMPNN,4MNE,1.022071123123169,268,S,A,F:\GENESIS Studio\genesis-studio\packages\engines-py\.pdb_cache\4MNE,A
4741,ThermoMPNN,4MNE,1.170344352722168,268,S,C,F:\GENESIS Studio\genesis-studio\packages\engines-py\.pdb_cache\4MNE,A
4742,ThermoMPNN,4MNE,1.224225640296936,268,S,D,F:\GENESIS Studio\genesis-studio\packages\engines-py\.pdb_cache\4MNE,A
4743,ThermoMPNN,4MNE,1.6474462747573853,268,S,E,F:\GENESIS Studio\genesis-studio\packages\engines-py\.pdb_cache\4MNE,A
4744,ThermoMPNN,4MNE,2.039159059524536,268,S,F,F:\GENESIS Studio\genesis-studio\packages\engines-py\.pdb_cache\4MNE,A
4745,ThermoMPNN,4MNE,1.0913691520690918,268,S,G,F:\GENESIS Studio\genesis-studio\packages\engines-py\.pdb_cache\4MNE,A
4746,ThermoMPNN,4MNE,1.727990746498108,268,S,H,F:\GENESIS Studio\genesis-studio\packages\engines-py\.pdb_cache\4MNE,A
4747,ThermoMPNN,4MNE,2.060046911239624,268,S,I,F:\GENESIS Studio\genesis-studio\packages\engines-py\.pdb_cache\4MNE,A
4748,ThermoMPNN,4MNE,1.442944049835205,268,S,K,F:\GENESIS Studio\genesis-studio\packages\engines-py\.pdb_cache\4MNE,A
4749,ThermoMPNN,4MNE,2.0603842735290527,268,S,L,F:\GENESIS Studio\genesis-studio\packages\engines-py\.pdb_cache\4MNE,A
4750,ThermoMPNN,4MNE,1.8589051961898804,268,S,M,F:\GENESIS Studio\genesis-studio\packages\engines-py\.pdb_cache\4MNE,A
4751,ThermoMPNN,4MNE,1.1463788747787476,268,S,N,F:\GENESIS Studio\genesis-studio\packages\engines-py\.pdb_cache\4MNE,A
4752,ThermoMPNN,4MNE,1.2039110660552979,268,S,P,F:\GENESIS Studio\genesis-studio\packages\engines-py\.pdb_cache\4MNE,A
4753,ThermoMPNN,4MNE,1.5939784049987793,268,S,Q,F:\GENESIS Studio\genesis-studio\packages\engines-py\.pdb_cache\4MNE,A
4754,ThermoMPNN,4MNE,1.512718677520752,268,S,R,F:\GENESIS Studio\genesis-studio\packages\engines-py\.pdb_cache\4MNE,A
4755,ThermoMPNN,4MNE,0.0,268,S,S,F:\GENESIS Studio\genesis-studio\packages\engines-py\.pdb_cache\4MNE,A
4756,ThermoMPNN,4MNE,0.3960530757904053,268,S,T,F:\GENESIS Studio\genesis-studio\packages\engines-py\.pdb_cache\4MNE,A
4757,ThermoMPNN,4MNE,2.0675454139709473,268,S,V,F:\GENESIS Studio\genesis-studio\packages\engines-py\.pdb_cache\4MNE,A
4758,ThermoMPNN,4MNE,1.9447656869888306,268,S,W,F:\GENESIS Studio\genesis-studio\packages\engines-py\.pdb_cache\4MNE,A
4759,ThermoMPNN,4MNE,2.110201120376587,268,S,Y,F:\GENESIS Studio\genesis-studio\packages\engines-py\.pdb_cache\4MNE,A
4760,ThermoMPNN,4MNE,-0.1196662187576294,269,L,A,F:\GENESIS Studio\genesis-studio\packages\engines-py\.pdb_cache\4MNE,A
4761,ThermoMPNN,4MNE,-0.174049973487854,269,L,C,F:\GENESIS Studio\genesis-studio\packages\engines-py\.pdb_cache\4MNE,A
4762,ThermoMPNN,4MNE,0.18254655599594116,269,L,D,F:\GENESIS Studio\genesis-studio\packages\engines-py\.pdb_cache\4MNE,A
4763,ThermoMPNN,4MNE,0.009412229061126709,269,L,E,F:\GENESIS Studio\genesis-studio\packages\engines-py\.pdb_cache\4MNE,A
4764,ThermoMPNN,4MNE,0.1631455421447754,269,L,F,F:\GENESIS Studio\genesis-studio\packages\engines-py\.pdb_cache\4MNE,A
4765,ThermoMPNN,4MNE,0.342007577419281,269,L,G,F:\GENESIS Studio\genesis-studio\packages\engines-py\.pdb_cache\4MNE,A
4766,ThermoMPNN,4MNE,-0.007332503795623779,269,L,H,F:\GENESIS Studio\genesis-studio\packages\engines-py\.pdb_cache\4MNE,A
4767,ThermoMPNN,4MNE,-0.16317278146743774,269,L,I,F:\GENESIS Studio\genesis-studio\packages\engines-py\.pdb_cache\4MNE,A
4768,ThermoMPNN,4MNE,-0.33865422010421753,269,L,K,F:\GENESIS Studio\genesis-studio\packages\engines-py\.pdb_cache\4MNE,A
4769,ThermoMPNN,4MNE,0.0,269,L,L,F:\GENESIS Studio\genesis-studio\packages\engines-py\.pdb_cache\4MNE,A
4770,ThermoMPNN,4MNE,0.0607340931892395,269,L,M,F:\GENESIS Studio\genesis-studio\packages\engines-py\.pdb_cache\4MNE,A
4771,ThermoMPNN,4MNE,0.16569775342941284,269,L,N,F:\GENESIS Studio\genesis-studio\packages\engines-py\.pdb_cache\4MNE,A
4772,ThermoMPNN,4MNE,-0.23277956247329712,269,L,P,F:\GENESIS Studio\genesis-studio\packages\engines-py\.pdb_cache\4MNE,A
4773,ThermoMPNN,4MNE,-0.18513059616088867,269,L,Q,F:\GENESIS Studio\genesis-studio\packages\engines-py\.pdb_cache\4MNE,A
4774,ThermoMPNN,4MNE,-0.23997825384140015,269,L,R,F:\GENESIS Studio\genesis-studio\packages\engines-py\.pdb_cache\4MNE,A
4775,ThermoMPNN,4MNE,-0.1685713529586792,269,L,S,F:\GENESIS Studio\genesis-studio\packages\engines-py\.pdb_cache\4MNE,A
4776,ThermoMPNN,4MNE,-0.10298067331314087,269,L,T,F:\GENESIS Studio\genesis-studio\packages\engines-py\.pdb_cache\4MNE,A
4777,ThermoMPNN,4MNE,-0.11043047904968262,269,L,V,F:\GENESIS Studio\genesis-studio\packages\engines-py\.pdb_cache\4MNE,A
4778,ThermoMPNN,4MNE,0.12164223194122314,269,L,W,F:\GENESIS Studio\genesis-studio\packages\engines-py\.pdb_cache\4MNE,A
4779,ThermoMPNN,4MNE,0.14942628145217896,269,L,Y,F:\GENESIS Studio\genesis-studio\packages\engines-py\.pdb_cache\4MNE,A
4780,ThermoMPNN,4MNE,0.45063525438308716,270,E,A,F:\GENESIS Studio\genesis-studio\packages\engines-py\.pdb_cache\4MNE,A
4781,ThermoMPNN,4MNE,0.36392831802368164,270,E,C,F:\GENESIS Studio\genesis-studio\packages\engines-py\.pdb_cache\4MNE,A
4782,ThermoMPNN,4MNE,0.1679837703704834,270,E,D,F:\GENESIS Studio\genesis-studio\packages\engines-py\.pdb_cache\4MNE,A
4783,ThermoMPNN,4MNE,0.0,270,E,E,F:\GENESIS Studio\genesis-studio\packages\engines-py\.pdb_cache\4MNE,A
4784,ThermoMPNN,4MNE,0.9351439476013184,270,E,F,F:\GENESIS Studio\genesis-studio\packages\engines-py\.pdb_cache\4MNE,A
4785,ThermoMPNN,4MNE,1.1103463172912598,270,E,G,F:\GENESIS Studio\genesis-studio\packages\engines-py\.pdb_cache\4MNE,A
4786,ThermoMPNN,4MNE,0.7148450613021851,270,E,H,F:\GENESIS Studio\genesis-studio\packages\engines-py\.pdb_cache\4MNE,A
4787,ThermoMPNN,4MNE,0.5942544341087341,270,E,I,F:\GENESIS Studio\genesis-studio\packages\engines-py\.pdb_cache\4MNE,A
4788,ThermoMPNN,4MNE,1.2412481307983398,270,E,K,F:\GENESIS Studio\genesis-studio\packages\engines-py\.pdb_cache\4MNE,A
4789,ThermoMPNN,4MNE,0.7095562219619751,270,E,L,F:\GENESIS Studio\genesis-studio\packages\engines-py\.pdb_cache\4MNE,A
4790,ThermoMPNN,4MNE,0.7315963506698608,270,E,M,F:\GENESIS Studio\genesis-studio\packages\engines-py\.pdb_cache\4MNE,A
4791,ThermoMPNN,4MNE,0.7700470685958862,270,E,N,F:\GENESIS Studio\genesis-studio\packages\engines-py\.pdb_cache\4MNE,A
4792,ThermoMPNN,4MNE,0.6880149245262146,270,E,P,F:\GENESIS Studio\genesis-studio\packages\engines-py\.pdb_cache\4MNE,A
4793,ThermoMPNN,4MNE,0.6208524107933044,270,E,Q,F:\GENESIS Studio\genesis-studio\packages\engines-py\.pdb_cache\4MNE,A
4794,ThermoMPNN,4MNE,1.2501130104064941,270,E,R,F:\GENESIS Studio\genesis-studio\packages\engines-py\.pdb_cache\4MNE,A
4795,ThermoMPNN,4MNE,0.34335994720458984,270,E,S,F:\GENESIS Studio\genesis-studio\packages\engines-py\.pdb_cache\4MNE,A
4796,ThermoMPNN,4MNE,0.5227497220039368,270,E,T,F:\GENESIS Studio\genesis-studio\packages\engines-py\.pdb_cache\4MNE,A
4797,ThermoMPNN,4MNE,0.5934207439422607,270,E,V,F:\GENESIS Studio\genesis-studio\packages\engines-py\.pdb_cache\4MNE,A
4798,ThermoMPNN,4MNE,0.6579354405403137,270,E,W,F:\GENESIS Studio\genesis-studio\packages\engines-py\.pdb_cache\4MNE,A
4799,ThermoMPNN,4MNE,0.790023922920227,270,E,Y,F:\GENESIS Studio\genesis-studio\packages\engines-py\.pdb_cache\4MNE,A
4800,ThermoMPNN,4MNE,2.449479579925537,271,F,A,F:\GENESIS Studio\genesis-studio\packages\engines-py\.pdb_cache\4MNE,A
4801,ThermoMPNN,4MNE,1.4248266220092773,271,F,C,F:\GENESIS Studio\genesis-studio\packages\engines-py\.pdb_cache\4MNE,A
4802,ThermoMPNN,4MNE,4.037495136260986,271,F,D,F:\GENESIS Studio\genesis-studio\packages\engines-py\.pdb_cache\4MNE,A
4803,ThermoMPNN,4MNE,3.276094675064087,271,F,E,F:\GENESIS Studio\genesis-studio\packages\engines-py\.pdb_cache\4MNE,A
4804,ThermoMPNN,4MNE,0.0,271,F,F,F:\GENESIS Studio\genesis-studio\packages\engines-py\.pdb_cache\4MNE,A
4805,ThermoMPNN,4MNE,3.398280382156372,271,F,G,F:\GENESIS Studio\genesis-studio\packages\engines-py\.pdb_cache\4MNE,A
4806,ThermoMPNN,4MNE,3.1305453777313232,271,F,H,F:\GENESIS Studio\genesis-studio\packages\engines-py\.pdb_cache\4MNE,A
4807,ThermoMPNN,4MNE,1.7916358709335327,271,F,I,F:\GENESIS Studio\genesis-studio\packages\engines-py\.pdb_cache\4MNE,A
4808,ThermoMPNN,4MNE,3.042161464691162,271,F,K,F:\GENESIS Studio\genesis-studio\packages\engines-py\.pdb_cache\4MNE,A
4809,ThermoMPNN,4MNE,0.8961358070373535,271,F,L,F:\GENESIS Studio\genesis-studio\packages\engines-py\.pdb_cache\4MNE,A
4810,ThermoMPNN,4MNE,1.288678765296936,271,F,M,F:\GENESIS Studio\genesis-studio\packages\engines-py\.pdb_cache\4MNE,A
4811,ThermoMPNN,4MNE,3.478816509246826,271,F,N,F:\GENESIS Studio\genesis-studio\packages\engines-py\.pdb_cache\4MNE,A
4812,ThermoMPNN,4MNE,3.367288827896118,271,F,P,F:\GENESIS Studio\genesis-studio\packages\engines-py\.pdb_cache\4MNE,A
4813,ThermoMPNN,4MNE,3.186448812484741,271,F,Q,F:\GENESIS Studio\genesis-studio\packages\engines-py\.pdb_cache\4MNE,A
4814,ThermoMPNN,4MNE,2.8722105026245117,271,F,R,F:\GENESIS Studio\genesis-studio\packages\engines-py\.pdb_cache\4MNE,A
4815,ThermoMPNN,4MNE,3.3303840160369873,271,F,S,F:\GENESIS Studio\genesis-studio\packages\engines-py\.pdb_cache\4MNE,A
4816,ThermoMPNN,4MNE,3.0808959007263184,271,F,T,F:\GENESIS Studio\genesis-studio\packages\engines-py\.pdb_cache\4MNE,A
4817,ThermoMPNN,4MNE,1.958906650543213,271,F,V,F:\GENESIS Studio\genesis-studio\packages\engines-py\.pdb_cache\4MNE,A
4818,ThermoMPNN,4MNE,1.3098374605178833,271,F,W,F:\GENESIS Studio\genesis-studio\packages\engines-py\.pdb_cache\4MNE,A
4819,ThermoMPNN,4MNE,1.445426344871521,271,F,Y,F:\GENESIS Studio\genesis-studio\packages\engines-py\.pdb_cache\4MNE,A
4820,ThermoMPNN,4MNE,0.47521543502807617,272,Q,A,F:\GENESIS Studio\genesis-studio\packages\engines-py\.pdb_cache\4MNE,A
4821,ThermoMPNN,4MNE,0.4893364906311035,272,Q,C,F:\GENESIS Studio\genesis-studio\packages\engines-py\.pdb_cache\4MNE,A
4822,ThermoMPNN,4MNE,0.9631621837615967,272,Q,D,F:\GENESIS Studio\genesis-studio\packages\engines-py\.pdb_cache\4MNE,A
4823,ThermoMPNN,4MNE,0.7106085419654846,272,Q,E,F:\GENESIS Studio\genesis-studio\packages\engines-py\.pdb_cache\4MNE,A
4824,ThermoMPNN,4MNE,0.624592125415802,272,Q,F,F:\GENESIS Studio\genesis-studio\packages\engines-py\.pdb_cache\4MNE,A
4825,ThermoMPNN,4MNE,1.3360087871551514,272,Q,G,F:\GENESIS Studio\genesis-studio\packages\engines-py\.pdb_cache\4MNE,A
4826,ThermoMPNN,4MNE,0.6020077466964722,272,Q,H,F:\GENESIS Studio\genesis-studio\packages\engines-py\.pdb_cache\4MNE,A
4827,ThermoMPNN,4MNE,-0.06478524208068848,272,Q,I,F:\GENESIS Studio\genesis-studio\packages\engines-py\.pdb_cache\4MNE,A
4828,ThermoMPNN,4MNE,0.1344243288040161,272,Q,K,F:\GENESIS Studio\genesis-studio\packages\engines-py\.pdb_cache\4MNE,A
4829,ThermoMPNN,4MNE,0.182389497756958,272,Q,L,F:\GENESIS Studio\genesis-studio\packages\engines-py\.pdb_cache\4MNE,A
4830,ThermoMPNN,4MNE,0.0862431526184082,272,Q,M,F:\GENESIS Studio\genesis-studio\packages\engines-py\.pdb_cache\4MNE,A
4831,ThermoMPNN,4MNE,0.8203966617584229,272,Q,N,F:\GENESIS Studio\genesis-studio\packages\engines-py\.pdb_cache\4MNE,A
4832,ThermoMPNN,4MNE,2.2796168327331543,272,Q,P,F:\GENESIS Studio\genesis-studio\packages\engines-py\.pdb_cache\4MNE,A
4833,ThermoMPNN,4MNE,0.0,272,Q,Q,F:\GENESIS Studio\genesis-studio\packages\engines-py\.pdb_cache\4MNE,A
4834,ThermoMPNN,4MNE,0.14777851104736328,272,Q,R,F:\GENESIS Studio\genesis-studio\packages\engines-py\.pdb_cache\4MNE,A
4835,ThermoMPNN,4MNE,0.6946735382080078,272,Q,S,F:\GENESIS Studio\genesis-studio\packages\engines-py\.pdb_cache\4MNE,A
4836,ThermoMPNN,4MNE,0.6265289187431335,272,Q,T,F:\GENESIS Studio\genesis-studio\packages\engines-py\.pdb_cache\4MNE,A
4837,ThermoMPNN,4MNE,0.15484619140625,272,Q,V,F:\GENESIS Studio\genesis-studio\packages\engines-py\.pdb_cache\4MNE,A
4838,ThermoMPNN,4MNE,0.6170576214790344,272,Q,W,F:\GENESIS Studio\genesis-studio\packages\engines-py\.pdb_cache\4MNE,A
4839,ThermoMPNN,4MNE,0.710968017578125,272,Q,Y,F:\GENESIS Studio\genesis-studio\packages\engines-py\.pdb_cache\4MNE,A
4840,ThermoMPNN,4MNE,1.149916648864746,273,D,A,F:\GENESIS Studio\genesis-studio\packages\engines-py\.pdb_cache\4MNE,A
4841,ThermoMPNN,4MNE,0.7699950933456421,273,D,C,F:\GENESIS Studio\genesis-studio\packages\engines-py\.pdb_cache\4MNE,A
4842,ThermoMPNN,4MNE,0.0,273,D,D,F:\GENESIS Studio\genesis-studio\packages\engines-py\.pdb_cache\4MNE,A
4843,ThermoMPNN,4MNE,0.6408791542053223,273,D,E,F:\GENESIS Studio\genesis-studio\packages\engines-py\.pdb_cache\4MNE,A
4844,ThermoMPNN,4MNE,1.2985869646072388,273,D,F,F:\GENESIS Studio\genesis-studio\packages\engines-py\.pdb_cache\4MNE,A
4845,ThermoMPNN,4MNE,1.7915146350860596,273,D,G,F:\GENESIS Studio\genesis-studio\packages\engines-py\.pdb_cache\4MNE,A
4846,ThermoMPNN,4MNE,1.3123358488082886,273,D,H,F:\GENESIS Studio\genesis-studio\packages\engines-py\.pdb_cache\4MNE,A
4847,ThermoMPNN,4MNE,1.1932915449142456,273,D,I,F:\GENESIS Studio\genesis-studio\packages\engines-py\.pdb_cache\4MNE,A
4848,ThermoMPNN,4MNE,1.6697971820831299,273,D,K,F:\GENESIS Studio\genesis-studio\packages\engines-py\.pdb_cache\4MNE,A
4849,ThermoMPNN,4MNE,1.0880357027053833,273,D,L,F:\GENESIS Studio\genesis-studio\packages\engines-py\.pdb_cache\4MNE,A
4850,ThermoMPNN,4MNE,1.1671277284622192,273,D,M,F:\GENESIS Studio\genesis-studio\packages\engines-py\.pdb_cache\4MNE,A
4851,ThermoMPNN,4MNE,0.8019999265670776,273,D,N,F:\GENESIS Studio\genesis-studio\packages\engines-py\.pdb_cache\4MNE,A
4852,ThermoMPNN,4MNE,2.730944871902466,273,D,P,F:\GENESIS Studio\genesis-studio\packages\engines-py\.pdb_cache\4MNE,A
4853,ThermoMPNN,4MNE,1.1404328346252441,273,D,Q,F:\GENESIS Studio\genesis-studio\packages\engines-py\.pdb_cache\4MNE,A
4854,ThermoMPNN,4MNE,1.5162432193756104,273,D,R,F:\GENESIS Studio\genesis-studio\packages\engines-py\.pdb_cache\4MNE,A
4855,ThermoMPNN,4MNE,1.0179691314697266,273,D,S,F:\GENESIS Studio\genesis-studio\packages\engines-py\.pdb_cache\4MNE,A
4856,ThermoMPNN,4MNE,1.2368806600570679,273,D,T,F:\GENESIS Studio\genesis-studio\packages\engines-py\.pdb_cache\4MNE,A
4857,ThermoMPNN,4MNE,1.2474696636199951,273,D,V,F:\GENESIS Studio\genesis-studio\packages\engines-py\.pdb_cache\4MNE,A
4858,ThermoMPNN,4MNE,1.155751347541809,273,D,W,F:\GENESIS Studio\genesis-studio\packages\engines-py\.pdb_cache\4MNE,A
4859,ThermoMPNN,4MNE,1.4264183044433594,273,D,Y,F:\GENESIS Studio\genesis-studio\packages\engines-py\.pdb_cache\4MNE,A
4860,ThermoMPNN,4MNE,2.893585681915283,274,F,A,F:\GENESIS Studio\genesis-studio\packages\engines-py\.pdb_cache\4MNE,A
4861,ThermoMPNN,4MNE,1.9716212749481201,274,F,C,F:\GENESIS Studio\genesis-studio\packages\engines-py\.pdb_cache\4MNE,A
4862,ThermoMPNN,4MNE,3.4316976070404053,274,F,D,F:\GENESIS Studio\genesis-studio\packages\engines-py\.pdb_cache\4MNE,A
4863,ThermoMPNN,4MNE,3.3554584980010986,274,F,E,F:\GENESIS Studio\genesis-studio\packages\engines-py\.pdb_cache\4MNE,A
4864,ThermoMPNN,4MNE,0.0,274,F,F,F:\GENESIS Studio\genesis-studio\packages\engines-py\.pdb_cache\4MNE,A
4865,ThermoMPNN,4MNE,3.274705410003662,274,F,G,F:\GENESIS Studio\genesis-studio\packages\engines-py\.pdb_cache\4MNE,A
4866,ThermoMPNN,4MNE,3.1668245792388916,274,F,H,F:\GENESIS Studio\genesis-studio\packages\engines-py\.pdb_cache\4MNE,A
4867,ThermoMPNN,4MNE,1.801089882850647,274,F,I,F:\GENESIS Studio\genesis-studio\packages\engines-py\.pdb_cache\4MNE,A
4868,ThermoMPNN,4MNE,3.1948277950286865,274,F,K,F:\GENESIS Studio\genesis-studio\packages\engines-py\.pdb_cache\4MNE,A
4869,ThermoMPNN,4MNE,1.4735379219055176,274,F,L,F:\GENESIS Studio\genesis-studio\packages\engines-py\.pdb_cache\4MNE,A
4870,ThermoMPNN,4MNE,1.635270595550537,274,F,M,F:\GENESIS Studio\genesis-studio\packages\engines-py\.pdb_cache\4MNE,A
4871,ThermoMPNN,4MNE,3.3602380752563477,274,F,N,F:\GENESIS Studio\genesis-studio\packages\engines-py\.pdb_cache\4MNE,A
4872,ThermoMPNN,4MNE,3.4042582511901855,274,F,P,F:\GENESIS Studio\genesis-studio\packages\engines-py\.pdb_cache\4MNE,A
4873,ThermoMPNN,4MNE,3.170426368713379,274,F,Q,F:\GENESIS Studio\genesis-studio\packages\engines-py\.pdb_cache\4MNE,A
4874,ThermoMPNN,4MNE,2.9863994121551514,274,F,R,F:\GENESIS Studio\genesis-studio\packages\engines-py\.pdb_cache\4MNE,A
4875,ThermoMPNN,4MNE,3.2136504650115967,274,F,S,F:\GENESIS Studio\genesis-studio\packages\engines-py\.pdb_cache\4MNE,A
4876,ThermoMPNN,4MNE,2.885345935821533,274,F,T,F:\GENESIS Studio\genesis-studio\packages\engines-py\.pdb_cache\4MNE,A
4877,ThermoMPNN,4MNE,2.1415560245513916,274,F,V,F:\GENESIS Studio\genesis-studio\packages\engines-py\.pdb_cache\4MNE,A
4878,ThermoMPNN,4MNE,1.7965080738067627,274,F,W,F:\GENESIS Studio\genesis-studio\packages\engines-py\.pdb_cache\4MNE,A
4879,ThermoMPNN,4MNE,1.6493194103240967,274,F,Y,F:\GENESIS Studio\genesis-studio\packages\engines-py\.pdb_cache\4MNE,A
4880,ThermoMPNN,4MNE,1.0189578533172607,275,V,A,F:\GENESIS Studio\genesis-studio\packages\engines-py\.pdb_cache\4MNE,A
4881,ThermoMPNN,4MNE,0.6761283874511719,275,V,C,F:\GENESIS Studio\genesis-studio\packages\engines-py\.pdb_cache\4MNE,A
4882,ThermoMPNN,4MNE,2.535102367401123,275,V,D,F:\GENESIS Studio\genesis-studio\packages\engines-py\.pdb_cache\4MNE,A
4883,ThermoMPNN,4MNE,2.3432648181915283,275,V,E,F:\GENESIS Studio\genesis-studio\packages\engines-py\.pdb_cache\4MNE,A
4884,ThermoMPNN,4MNE,1.43501877784729,275,V,F,F:\GENESIS Studio\genesis-studio\packages\engines-py\.pdb_cache\4MNE,A
4885,ThermoMPNN,4MNE,1.975611686706543,275,V,G,F:\GENESIS Studio\genesis-studio\packages\engines-py\.pdb_cache\4MNE,A
4886,ThermoMPNN,4MNE,2.2270443439483643,275,V,H,F:\GENESIS Studio\genesis-studio\packages\engines-py\.pdb_cache\4MNE,A
4887,ThermoMPNN,4MNE,0.04952883720397949,275,V,I,F:\GENESIS Studio\genesis-studio\packages\engines-py\.pdb_cache\4MNE,A
4888,ThermoMPNN,4MNE,2.0397915840148926,275,V,K,F:\GENESIS Studio\genesis-studio\packages\engines-py\.pdb_cache\4MNE,A
4889,ThermoMPNN,4MNE,0.37932145595550537,275,V,L,F:\GENESIS Studio\genesis-studio\packages\engines-py\.pdb_cache\4MNE,A
4890,ThermoMPNN,4MNE,0.9479447603225708,275,V,M,F:\GENESIS Studio\genesis-studio\packages\engines-py\.pdb_cache\4MNE,A
4891,ThermoMPNN,4MNE,2.251579523086548,275,V,N,F:\GENESIS Studio\genesis-studio\packages\engines-py\.pdb_cache\4MNE,A
4892,ThermoMPNN,4MNE,2.570310592651367,275,V,P,F:\GENESIS Studio\genesis-studio\packages\engines-py\.pdb_cache\4MNE,A
4893,ThermoMPNN,4MNE,1.9835091829299927,275,V,Q,F:\GENESIS Studio\genesis-studio\packages\engines-py\.pdb_cache\4MNE,A
4894,ThermoMPNN,4MNE,2.1168665885925293,275,V,R,F:\GENESIS Studio\genesis-studio\packages\engines-py\.pdb_cache\4MNE,A
4895,ThermoMPNN,4MNE,1.6965224742889404,275,V,S,F:\GENESIS Studio\genesis-studio\packages\engines-py\.pdb_cache\4MNE,A
4896,ThermoMPNN,4MNE,0.8846397399902344,275,V,T,F:\GENESIS Studio\genesis-studio\packages\engines-py\.pdb_cache\4MNE,A
4897,ThermoMPNN,4MNE,0.0,275,V,V,F:\GENESIS Studio\genesis-studio\packages\engines-py\.pdb_cache\4MNE,A
4898,ThermoMPNN,4MNE,1.6381657123565674,275,V,W,F:\GENESIS Studio\genesis-studio\packages\engines-py\.pdb_cache\4MNE,A
4899,ThermoMPNN,4MNE,1.6718271970748901,275,V,Y,F:\GENESIS Studio\genesis-studio\packages\engines-py\.pdb_cache\4MNE,A
4900,ThermoMPNN,4MNE,-0.35446667671203613,276,N,A,F:\GENESIS Studio\genesis-studio\packages\engines-py\.pdb_cache\4MNE,A
4901,ThermoMPNN,4MNE,-0.48035728931427,276,N,C,F:\GENESIS Studio\genesis-studio\packages\engines-py\.pdb_cache\4MNE,A
4902,ThermoMPNN,4MNE,-0.005981385707855225,276,N,D,F:\GENESIS Studio\genesis-studio\packages\engines-py\.pdb_cache\4MNE,A
4903,ThermoMPNN,4MNE,-0.2907543182373047,276,N,E,F:\GENESIS Studio\genesis-studio\packages\engines-py\.pdb_cache\4MNE,A
4904,ThermoMPNN,4MNE,-0.08549058437347412,276,N,F,F:\GENESIS Studio\genesis-studio\packages\engines-py\.pdb_cache\4MNE,A
4905,ThermoMPNN,4MNE,0.456731915473938,276,N,G,F:\GENESIS Studio\genesis-studio\packages\engines-py\.pdb_cache\4MNE,A
4906,ThermoMPNN,4MNE,-0.0432698130607605,276,N,H,F:\GENESIS Studio\genesis-studio\packages\engines-py\.pdb_cache\4MNE,A
4907,ThermoMPNN,4MNE,-0.009980320930480957,276,N,I,F:\GENESIS Studio\genesis-studio\packages\engines-py\.pdb_cache\4MNE,A
4908,ThermoMPNN,4MNE,-0.14673185348510742,276,N,K,F:\GENESIS Studio\genesis-studio\packages\engines-py\.pdb_cache\4MNE,A
4909,ThermoMPNN,4MNE,-0.20397663116455078,276,N,L,F:\GENESIS Studio\genesis-studio\packages\engines-py\.pdb_cache\4MNE,A
4910,ThermoMPNN,4MNE,-0.2451590895652771,276,N,M,F:\GENESIS Studio\genesis-studio\packages\engines-py\.pdb_cache\4MNE,A
4911,ThermoMPNN,4MNE,0.0,276,N,N,F:\GENESIS Studio\genesis-studio\packages\engines-py\.pdb_cache\4MNE,A
4912,ThermoMPNN,4MNE,2.813267707824707,276,N,P,F:\GENESIS Studio\genesis-studio\packages\engines-py\.pdb_cache\4MNE,A
4913,ThermoMPNN,4MNE,-0.2047531008720398,276,N,Q,F:\GENESIS Studio\genesis-studio\packages\engines-py\.pdb_cache\4MNE,A
4914,ThermoMPNN,4MNE,-0.240134596824646,276,N,R,F:\GENESIS Studio\genesis-studio\packages\engines-py\.pdb_cache\4MNE,A
4915,ThermoMPNN,4MNE,-0.082072913646698,276,N,S,F:\GENESIS Studio\genesis-studio\packages\engines-py\.pdb_cache\4MNE,A
4916,ThermoMPNN,4MNE,0.06763005256652832,276,N,T,F:\GENESIS Studio\genesis-studio\packages\engines-py\.pdb_cache\4MNE,A
4917,ThermoMPNN,4MNE,0.07074880599975586,276,N,V,F:\GENESIS Studio\genesis-studio\packages\engines-py\.pdb_cache\4MNE,A
4918,ThermoMPNN,4MNE,-0.21794432401657104,276,N,W,F:\GENESIS Studio\genesis-studio\packages\engines-py\.pdb_cache\4MNE,A
4919,ThermoMPNN,4MNE,-0.19319814443588257,276,N,Y,F:\GENESIS Studio\genesis-studio\packages\engines-py\.pdb_cache\4MNE,A
4920,ThermoMPNN,4MNE,0.010340690612792969,277,K,A,F:\GENESIS Studio\genesis-studio\packages\engines-py\.pdb_cache\4MNE,A
4921,ThermoMPNN,4MNE,0.30901771783828735,277,K,C,F:\GENESIS Studio\genesis-studio\packages\engines-py\.pdb_cache\4MNE,A
4922,ThermoMPNN,4MNE,1.3651055097579956,277,K,D,F:\GENESIS Studio\genesis-studio\packages\engines-py\.pdb_cache\4MNE,A
4923,ThermoMPNN,4MNE,1.064038634300232,277,K,E,F:\GENESIS Studio\genesis-studio\packages\engines-py\.pdb_cache\4MNE,A
4924,ThermoMPNN,4MNE,0.6746205687522888,277,K,F,F:\GENESIS Studio\genesis-studio\packages\engines-py\.pdb_cache\4MNE,A
4925,ThermoMPNN,4MNE,1.15761137008667,277,K,G,F:\GENESIS Studio\genesis-studio\packages\engines-py\.pdb_cache\4MNE,A
4926,ThermoMPNN,4MNE,0.6496169567108154,277,K,H,F:\GENESIS Studio\genesis-studio\packages\engines-py\.pdb_cache\4MNE,A
4927,ThermoMPNN,4MNE,0.48993945121765137,277,K,I,F:\GENESIS Studio\genesis-studio\packages\engines-py\.pdb_cache\4MNE,A
4928,ThermoMPNN,4MNE,0.0,277,K,K,F:\GENESIS Studio\genesis-studio\packages\engines-py\.pdb_cache\4MNE,A
4929,ThermoMPNN,4MNE,-0.07877755165100098,277,K,L,F:\GENESIS Studio\genesis-studio\packages\engines-py\.pdb_cache\4MNE,A
4930,ThermoMPNN,4MNE,-0.17587614059448242,277,K,M,F:\GENESIS Studio\genesis-studio\packages\engines-py\.pdb_cache\4MNE,A
4931,ThermoMPNN,4MNE,0.786593496799469,277,K,N,F:\GENESIS Studio\genesis-studio\packages\engines-py\.pdb_cache\4MNE,A
4932,ThermoMPNN,4MNE,2.9452099800109863,277,K,P,F:\GENESIS Studio\genesis-studio\packages\engines-py\.pdb_cache\4MNE,A
4933,ThermoMPNN,4MNE,0.10340523719787598,277,K,Q,F:\GENESIS Studio\genesis-studio\packages\engines-py\.pdb_cache\4MNE,A
4934,ThermoMPNN,4MNE,0.07707548141479492,277,K,R,F:\GENESIS Studio\genesis-studio\packages\engines-py\.pdb_cache\4MNE,A
4935,ThermoMPNN,4MNE,0.43922245502471924,277,K,S,F:\GENESIS Studio\genesis-studio\packages\engines-py\.pdb_cache\4MNE,A
4936,ThermoMPNN,4MNE,0.6565799117088318,277,K,T,F:\GENESIS Studio\genesis-studio\packages\engines-py\.pdb_cache\4MNE,A
4937,ThermoMPNN,4MNE,0.6758337020874023,277,K,V,F:\GENESIS Studio\genesis-studio\packages\engines-py\.pdb_cache\4MNE,A
4938,ThermoMPNN,4MNE,0.7015259265899658,277,K,W,F:\GENESIS Studio\genesis-studio\packages\engines-py\.pdb_cache\4MNE,A
4939,ThermoMPNN,4MNE,0.7179831862449646,277,K,Y,F:\GENESIS Studio\genesis-studio\packages\engines-py\.pdb_cache\4MNE,A
4940,ThermoMPNN,4MNE,0.6331145763397217,278,C,A,F:\GENESIS Studio\genesis-studio\packages\engines-py\.pdb_cache\4MNE,A
4941,ThermoMPNN,4MNE,0.0,278,C,C,F:\GENESIS Studio\genesis-studio\packages\engines-py\.pdb_cache\4MNE,A
4942,ThermoMPNN,4MNE,3.1344261169433594,278,C,D,F:\GENESIS Studio\genesis-studio\packages\engines-py\.pdb_cache\4MNE,A
4943,ThermoMPNN,4MNE,2.8207759857177734,278,C,E,F:\GENESIS Studio\genesis-studio\packages\engines-py\.pdb_cache\4MNE,A
4944,ThermoMPNN,4MNE,0.6760281324386597,278,C,F,F:\GENESIS Studio\genesis-studio\packages\engines-py\.pdb_cache\4MNE,A
4945,ThermoMPNN,4MNE,1.7445390224456787,278,C,G,F:\GENESIS Studio\genesis-studio\packages\engines-py\.pdb_cache\4MNE,A
4946,ThermoMPNN,4MNE,1.9724040031433105,278,C,H,F:\GENESIS Studio\genesis-studio\packages\engines-py\.pdb_cache\4MNE,A
4947,ThermoMPNN,4MNE,0.3476107120513916,278,C,I,F:\GENESIS Studio\genesis-studio\packages\engines-py\.pdb_cache\4MNE,A
4948,ThermoMPNN,4MNE,2.1535098552703857,278,C,K,F:\GENESIS Studio\genesis-studio\packages\engines-py\.pdb_cache\4MNE,A
4949,ThermoMPNN,4MNE,-0.18241477012634277,278,C,L,F:\GENESIS Studio\genesis-studio\packages\engines-py\.pdb_cache\4MNE,A
4950,ThermoMPNN,4MNE,-0.07792973518371582,278,C,M,F:\GENESIS Studio\genesis-studio\packages\engines-py\.pdb_cache\4MNE,A
4951,ThermoMPNN,4MNE,2.3806569576263428,278,C,N,F:\GENESIS Studio\genesis-studio\packages\engines-py\.pdb_cache\4MNE,A
4952,ThermoMPNN,4MNE,2.792431592941284,278,C,P,F:\GENESIS Studio\genesis-studio\packages\engines-py\.pdb_cache\4MNE,A
4953,ThermoMPNN,4MNE,1.872270107269287,278,C,Q,F:\GENESIS Studio\genesis-studio\packages\engines-py\.pdb_cache\4MNE,A
4954,ThermoMPNN,4MNE,2.124739170074463,278,C,R,F:\GENESIS Studio\genesis-studio\packages\engines-py\.pdb_cache\4MNE,A
4955,ThermoMPNN,4MNE,1.190414547920227,278,C,S,F:\GENESIS Studio\genesis-studio\packages\engines-py\.pdb_cache\4MNE,A
4956,ThermoMPNN,4MNE,0.8891636729240417,278,C,T,F:\GENESIS Studio\genesis-studio\packages\engines-py\.pdb_cache\4MNE,A
4957,ThermoMPNN,4MNE,0.5773733854293823,278,C,V,F:\GENESIS Studio\genesis-studio\packages\engines-py\.pdb_cache\4MNE,A
4958,ThermoMPNN,4MNE,1.3594818115234375,278,C,W,F:\GENESIS Studio\genesis-studio\packages\engines-py\.pdb_cache\4MNE,A
4959,ThermoMPNN,4MNE,1.220999836921692,278,C,Y,F:\GENESIS Studio\genesis-studio\packages\engines-py\.pdb_cache\4MNE,A
4960,ThermoMPNN,4MNE,2.0385029315948486,279,L,A,F:\GENESIS Studio\genesis-studio\packages\engines-py\.pdb_cache\4MNE,A
4961,ThermoMPNN,4MNE,1.3038170337677002,279,L,C,F:\GENESIS Studio\genesis-studio\packages\engines-py\.pdb_cache\4MNE,A
4962,ThermoMPNN,4MNE,2.857377052307129,279,L,D,F:\GENESIS Studio\genesis-studio\packages\engines-py\.pdb_cache\4MNE,A
4963,ThermoMPNN,4MNE,2.6054868698120117,279,L,E,F:\GENESIS Studio\genesis-studio\packages\engines-py\.pdb_cache\4MNE,A
4964,ThermoMPNN,4MNE,1.7216778993606567,279,L,F,F:\GENESIS Studio\genesis-studio\packages\engines-py\.pdb_cache\4MNE,A
4965,ThermoMPNN,4MNE,2.2847042083740234,279,L,G,F:\GENESIS Studio\genesis-studio\packages\engines-py\.pdb_cache\4MNE,A
4966,ThermoMPNN,4MNE,2.6553237438201904,279,L,H,F:\GENESIS Studio\genesis-studio\packages\engines-py\.pdb_cache\4MNE,A
4967,ThermoMPNN,4MNE,0.9877443313598633,279,L,I,F:\GENESIS Studio\genesis-studio\packages\engines-py\.pdb_cache\4MNE,A
4968,ThermoMPNN,4MNE,2.3981363773345947,279,L,K,F:\GENESIS Studio\genesis-studio\packages\engines-py\.pdb_cache\4MNE,A
4969,ThermoMPNN,4MNE,0.0,279,L,L,F:\GENESIS Studio\genesis-studio\packages\engines-py\.pdb_cache\4MNE,A
4970,ThermoMPNN,4MNE,1.0773123502731323,279,L,M,F:\GENESIS Studio\genesis-studio\packages\engines-py\.pdb_cache\4MNE,A
4971,ThermoMPNN,4MNE,2.612210988998413,279,L,N,F:\GENESIS Studio\genesis-studio\packages\engines-py\.pdb_cache\4MNE,A
4972,ThermoMPNN,4MNE,2.6614105701446533,279,L,P,F:\GENESIS Studio\genesis-studio\packages\engines-py\.pdb_cache\4MNE,A
4973,ThermoMPNN,4MNE,2.4089410305023193,279,L,Q,F:\GENESIS Studio\genesis-studio\packages\engines-py\.pdb_cache\4MNE,A
4974,ThermoMPNN,4MNE,2.454681396484375,279,L,R,F:\GENESIS Studio\genesis-studio\packages\engines-py\.pdb_cache\4MNE,A
4975,ThermoMPNN,4MNE,2.361685276031494,279,L,S,F:\GENESIS Studio\genesis-studio\packages\engines-py\.pdb_cache\4MNE,A
4976,ThermoMPNN,4MNE,2.0121853351593018,279,L,T,F:\GENESIS Studio\genesis-studio\packages\engines-py\.pdb_cache\4MNE,A
4977,ThermoMPNN,4MNE,0.9938437938690186,279,L,V,F:\GENESIS Studio\genesis-studio\packages\engines-py\.pdb_cache\4MNE,A
4978,ThermoMPNN,4MNE,2.082685708999634,279,L,W,F:\GENESIS Studio\genesis-studio\packages\engines-py\.pdb_cache\4MNE,A
4979,ThermoMPNN,4MNE,2.1931228637695312,279,L,Y,F:\GENESIS Studio\genesis-studio\packages\engines-py\.pdb_cache\4MNE,A
4980,ThermoMPNN,4MNE,1.6183838844299316,280,I,A,F:\GENESIS Studio\genesis-studio\packages\engines-py\.pdb_cache\4MNE,A
4981,ThermoMPNN,4MNE,1.1253924369812012,280,I,C,F:\GENESIS Studio\genesis-studio\packages\engines-py\.pdb_cache\4MNE,A
4982,ThermoMPNN,4MNE,2.4131338596343994,280,I,D,F:\GENESIS Studio\genesis-studio\packages\engines-py\.pdb_cache\4MNE,A
4983,ThermoMPNN,4MNE,2.0517377853393555,280,I,E,F:\GENESIS Studio\genesis-studio\packages\engines-py\.pdb_cache\4MNE,A
4984,ThermoMPNN,4MNE,1.1806656122207642,280,I,F,F:\GENESIS Studio\genesis-studio\packages\engines-py\.pdb_cache\4MNE,A
4985,ThermoMPNN,4MNE,2.468282461166382,280,I,G,F:\GENESIS Studio\genesis-studio\packages\engines-py\.pdb_cache\4MNE,A
4986,ThermoMPNN,4MNE,1.5724092721939087,280,I,H,F:\GENESIS Studio\genesis-studio\packages\engines-py\.pdb_cache\4MNE,A
4987,ThermoMPNN,4MNE,0.0,280,I,I,F:\GENESIS Studio\genesis-studio\packages\engines-py\.pdb_cache\4MNE,A
4988,ThermoMPNN,4MNE,1.3695874214172363,280,I,K,F:\GENESIS Studio\genesis-studio\packages\engines-py\.pdb_cache\4MNE,A
4989,ThermoMPNN,4MNE,0.6885542869567871,280,I,L,F:\GENESIS Studio\genesis-studio\packages\engines-py\.pdb_cache\4MNE,A
4990,ThermoMPNN,4MNE,0.9749369621276855,280,I,M,F:\GENESIS Studio\genesis-studio\packages\engines-py\.pdb_cache\4MNE,A
4991,ThermoMPNN,4MNE,2.0546631813049316,280,I,N,F:\GENESIS Studio\genesis-studio\packages\engines-py\.pdb_cache\4MNE,A
4992,ThermoMPNN,4MNE,2.9226207733154297,280,I,P,F:\GENESIS Studio\genesis-studio\packages\engines-py\.pdb_cache\4MNE,A
4993,ThermoMPNN,4MNE,1.509153962135315,280,I,Q,F:\GENESIS Studio\genesis-studio\packages\engines-py\.pdb_cache\4MNE,A
4994,ThermoMPNN,4MNE,1.3745453357696533,280,I,R,F:\GENESIS Studio\genesis-studio\packages\engines-py\.pdb_cache\4MNE,A
4995,ThermoMPNN,4MNE,2.0336363315582275,280,I,S,F:\GENESIS Studio\genesis-studio\packages\engines-py\.pdb_cache\4MNE,A
4996,ThermoMPNN,4MNE,1.5002996921539307,280,I,T,F:\GENESIS Studio\genesis-studio\packages\engines-py\.pdb_cache\4MNE,A
4997,ThermoMPNN,4MNE,0.3717477321624756,280,I,V,F:\GENESIS Studio\genesis-studio\packages\engines-py\.pdb_cache\4MNE,A
4998,ThermoMPNN,4MNE,1.42520272731781,280,I,W,F:\GENESIS Studio\genesis-studio\packages\engines-py\.pdb_cache\4MNE,A
4999,ThermoMPNN,4MNE,1.2973459959030151,280,I,Y,F:\GENESIS Studio\genesis-studio\packages\engines-py\.pdb_cache\4MNE,A
5000,ThermoMPNN,4MNE,1.6277053356170654,281,K,A,F:\GENESIS Studio\genesis-studio\packages\engines-py\.pdb_cache\4MNE,A
5001,ThermoMPNN,4MNE,0.875065267086029,281,K,C,F:\GENESIS Studio\genesis-studio\packages\engines-py\.pdb_cache\4MNE,A
5002,ThermoMPNN,4MNE,2.46562123298645,281,K,D,F:\GENESIS Studio\genesis-studio\packages\engines-py\.pdb_cache\4MNE,A
5003,ThermoMPNN,4MNE,2.410784959793091,281,K,E,F:\GENESIS Studio\genesis-studio\packages\engines-py\.pdb_cache\4MNE,A
5004,ThermoMPNN,4MNE,1.124513030052185,281,K,F,F:\GENESIS Studio\genesis-studio\packages\engines-py\.pdb_cache\4MNE,A
5005,ThermoMPNN,4MNE,2.0992393493652344,281,K,G,F:\GENESIS Studio\genesis-studio\packages\engines-py\.pdb_cache\4MNE,A
5006,ThermoMPNN,4MNE,0.969357430934906,281,K,H,F:\GENESIS Studio\genesis-studio\packages\engines-py\.pdb_cache\4MNE,A
5007,ThermoMPNN,4MNE,0.6014167070388794,281,K,I,F:\GENESIS Studio\genesis-studio\packages\engines-py\.pdb_cache\4MNE,A
5008,ThermoMPNN,4MNE,0.0,281,K,K,F:\GENESIS Studio\genesis-studio\packages\engines-py\.pdb_cache\4MNE,A
5009,ThermoMPNN,4MNE,0.9983946681022644,281,K,L,F:\GENESIS Studio\genesis-studio\packages\engines-py\.pdb_cache\4MNE,A
5010,ThermoMPNN,4MNE,0.9315263628959656,281,K,M,F:\GENESIS Studio\genesis-studio\packages\engines-py\.pdb_cache\4MNE,A
5011,ThermoMPNN,4MNE,1.269572377204895,281,K,N,F:\GENESIS Studio\genesis-studio\packages\engines-py\.pdb_cache\4MNE,A
5012,ThermoMPNN,4MNE,1.20827054977417,281,K,P,F:\GENESIS Studio\genesis-studio\packages\engines-py\.pdb_cache\4MNE,A
5013,ThermoMPNN,4MNE,1.2477385997772217,281,K,Q,F:\GENESIS Studio\genesis-studio\packages\engines-py\.pdb_cache\4MNE,A
5014,ThermoMPNN,4MNE,-0.04074513912200928,281,K,R,F:\GENESIS Studio\genesis-studio\packages\engines-py\.pdb_cache\4MNE,A
5015,ThermoMPNN,4MNE,1.2363225221633911,281,K,S,F:\GENESIS Studio\genesis-studio\packages\engines-py\.pdb_cache\4MNE,A
5016,ThermoMPNN,4MNE,1.227646827697754,281,K,T,F:\GENESIS Studio\genesis-studio\packages\engines-py\.pdb_cache\4MNE,A
5017,ThermoMPNN,4MNE,1.2073355913162231,281,K,V,F:\GENESIS Studio\genesis-studio\packages\engines-py\.pdb_cache\4MNE,A
5018,ThermoMPNN,4MNE,1.0197919607162476,281,K,W,F:\GENESIS Studio\genesis-studio\packages\engines-py\.pdb_cache\4MNE,A
5019,ThermoMPNN,4MNE,0.8247102499008179,281,K,Y,F:\GENESIS Studio\genesis-studio\packages\engines-py\.pdb_cache\4MNE,A
5020,ThermoMPNN,4MNE,1.0392355918884277,282,N,A,F:\GENESIS Studio\genesis-studio\packages\engines-py\.pdb_cache\4MNE,A
5021,ThermoMPNN,4MNE,0.5160486698150635,282,N,C,F:\GENESIS Studio\genesis-studio\packages\engines-py\.pdb_cache\4MNE,A
5022,ThermoMPNN,4MNE,0.4851689338684082,282,N,D,F:\GENESIS Studio\genesis-studio\packages\engines-py\.pdb_cache\4MNE,A
5023,ThermoMPNN,4MNE,0.9680117964744568,282,N,E,F:\GENESIS Studio\genesis-studio\packages\engines-py\.pdb_cache\4MNE,A
5024,ThermoMPNN,4MNE,0.893669843673706,282,N,F,F:\GENESIS Studio\genesis-studio\packages\engines-py\.pdb_cache\4MNE,A
5025,ThermoMPNN,4MNE,1.314982295036316,282,N,G,F:\GENESIS Studio\genesis-studio\packages\engines-py\.pdb_cache\4MNE,A
5026,ThermoMPNN,4MNE,0.5159287452697754,282,N,H,F:\GENESIS Studio\genesis-studio\packages\engines-py\.pdb_cache\4MNE,A
5027,ThermoMPNN,4MNE,0.9086257815361023,282,N,I,F:\GENESIS Studio\genesis-studio\packages\engines-py\.pdb_cache\4MNE,A
5028,ThermoMPNN,4MNE,0.924208402633667,282,N,K,F:\GENESIS Studio\genesis-studio\packages\engines-py\.pdb_cache\4MNE,A
5029,ThermoMPNN,4MNE,0.7935703992843628,282,N,L,F:\GENESIS Studio\genesis-studio\packages\engines-py\.pdb_cache\4MNE,A
5030,ThermoMPNN,4MNE,1.0288375616073608,282,N,M,F:\GENESIS Studio\genesis-studio\packages\engines-py\.pdb_cache\4MNE,A
5031,ThermoMPNN,4MNE,0.0,282,N,N,F:\GENESIS Studio\genesis-studio\packages\engines-py\.pdb_cache\4MNE,A
5032,ThermoMPNN,4MNE,1.8167624473571777,282,N,P,F:\GENESIS Studio\genesis-studio\packages\engines-py\.pdb_cache\4MNE,A
5033,ThermoMPNN,4MNE,0.9139708280563354,282,N,Q,F:\GENESIS Studio\genesis-studio\packages\engines-py\.pdb_cache\4MNE,A
5034,ThermoMPNN,4MNE,0.857079029083252,282,N,R,F:\GENESIS Studio\genesis-studio\packages\engines-py\.pdb_cache\4MNE,A
5035,ThermoMPNN,4MNE,0.6863433718681335,282,N,S,F:\GENESIS Studio\genesis-studio\packages\engines-py\.pdb_cache\4MNE,A
5036,ThermoMPNN,4MNE,0.8140655755996704,282,N,T,F:\GENESIS Studio\genesis-studio\packages\engines-py\.pdb_cache\4MNE,A
5037,ThermoMPNN,4MNE,0.6902506351470947,282,N,V,F:\GENESIS Studio\genesis-studio\packages\engines-py\.pdb_cache\4MNE,A
5038,ThermoMPNN,4MNE,0.998163104057312,282,N,W,F:\GENESIS Studio\genesis-studio\packages\engines-py\.pdb_cache\4MNE,A
5039,ThermoMPNN,4MNE,0.8460606932640076,282,N,Y,F:\GENESIS Studio\genesis-studio\packages\engines-py\.pdb_cache\4MNE,A
5040,ThermoMPNN,4MNE,0.39869600534439087,283,P,A,F:\GENESIS Studio\genesis-studio\packages\engines-py\.pdb_cache\4MNE,A
5041,ThermoMPNN,4MNE,0.16258490085601807,283,P,C,F:\GENESIS Studio\genesis-studio\packages\engines-py\.pdb_cache\4MNE,A
5042,ThermoMPNN,4MNE,1.201242446899414,283,P,D,F:\GENESIS Studio\genesis-studio\packages\engines-py\.pdb_cache\4MNE,A
5043,ThermoMPNN,4MNE,1.0478593111038208,283,P,E,F:\GENESIS Studio\genesis-studio\packages\engines-py\.pdb_cache\4MNE,A
5044,ThermoMPNN,4MNE,0.23534739017486572,283,P,F,F:\GENESIS Studio\genesis-studio\packages\engines-py\.pdb_cache\4MNE,A
5045,ThermoMPNN,4MNE,1.1187963485717773,283,P,G,F:\GENESIS Studio\genesis-studio\packages\engines-py\.pdb_cache\4MNE,A
5046,ThermoMPNN,4MNE,0.4966944456100464,283,P,H,F:\GENESIS Studio\genesis-studio\packages\engines-py\.pdb_cache\4MNE,A
5047,ThermoMPNN,4MNE,0.39882081747055054,283,P,I,F:\GENESIS Studio\genesis-studio\packages\engines-py\.pdb_cache\4MNE,A
5048,ThermoMPNN,4MNE,0.9858442544937134,283,P,K,F:\GENESIS Studio\genesis-studio\packages\engines-py\.pdb_cache\4MNE,A
5049,ThermoMPNN,4MNE,0.29244184494018555,283,P,L,F:\GENESIS Studio\genesis-studio\packages\engines-py\.pdb_cache\4MNE,A
5050,ThermoMPNN,4MNE,0.4747016429901123,283,P,M,F:\GENESIS Studio\genesis-studio\packages\engines-py\.pdb_cache\4MNE,A
5051,ThermoMPNN,4MNE,0.974566638469696,283,P,N,F:\GENESIS Studio\genesis-studio\packages\engines-py\.pdb_cache\4MNE,A
5052,ThermoMPNN,4MNE,0.0,283,P,P,F:\GENESIS Studio\genesis-studio\packages\engines-py\.pdb_cache\4MNE,A
5053,ThermoMPNN,4MNE,0.9694740772247314,283,P,Q,F:\GENESIS Studio\genesis-studio\packages\engines-py\.pdb_cache\4MNE,A
5054,ThermoMPNN,4MNE,1.0472986698150635,283,P,R,F:\GENESIS Studio\genesis-studio\packages\engines-py\.pdb_cache\4MNE,A
5055,ThermoMPNN,4MNE,0.8445752263069153,283,P,S,F:\GENESIS Studio\genesis-studio\packages\engines-py\.pdb_cache\4MNE,A
5056,ThermoMPNN,4MNE,0.9837071895599365,283,P,T,F:\GENESIS Studio\genesis-studio\packages\engines-py\.pdb_cache\4MNE,A
5057,ThermoMPNN,4MNE,0.5416477918624878,283,P,V,F:\GENESIS Studio\genesis-studio\packages\engines-py\.pdb_cache\4MNE,A
5058,ThermoMPNN,4MNE,0.18683373928070068,283,P,W,F:\GENESIS Studio\genesis-studio\packages\engines-py\.pdb_cache\4MNE,A
5059,ThermoMPNN,4MNE,0.054767608642578125,283,P,Y,F:\GENESIS Studio\genesis-studio\packages\engines-py\.pdb_cache\4MNE,A
5060,ThermoMPNN,4MNE,0.0,284,A,A,F:\GENESIS Studio\genesis-studio\packages\engines-py\.pdb_cache\4MNE,A
5061,ThermoMPNN,4MNE,0.0014578700065612793,284,A,C,F:\GENESIS Studio\genesis-studio\packages\engines-py\.pdb_cache\4MNE,A
5062,ThermoMPNN,4MNE,0.21975505352020264,284,A,D,F:\GENESIS Studio\genesis-studio\packages\engines-py\.pdb_cache\4MNE,A
5063,ThermoMPNN,4MNE,0.09507244825363159,284,A,E,F:\GENESIS Studio\genesis-studio\packages\engines-py\.pdb_cache\4MNE,A
5064,ThermoMPNN,4MNE,0.19803035259246826,284,A,F,F:\GENESIS Studio\genesis-studio\packages\engines-py\.pdb_cache\4MNE,A
5065,ThermoMPNN,4MNE,0.40785589814186096,284,A,G,F:\GENESIS Studio\genesis-studio\packages\engines-py\.pdb_cache\4MNE,A
5066,ThermoMPNN,4MNE,0.14131611585617065,284,A,H,F:\GENESIS Studio\genesis-studio\packages\engines-py\.pdb_cache\4MNE,A
5067,ThermoMPNN,4MNE,0.00998777151107788,284,A,I,F:\GENESIS Studio\genesis-studio\packages\engines-py\.pdb_cache\4MNE,A
5068,ThermoMPNN,4MNE,-0.04404735565185547,284,A,K,F:\GENESIS Studio\genesis-studio\packages\engines-py\.pdb_cache\4MNE,A
5069,ThermoMPNN,4MNE,-0.07589799165725708,284,A,L,F:\GENESIS Studio\genesis-studio\packages\engines-py\.pdb_cache\4MNE,A
5070,ThermoMPNN,4MNE,0.045311570167541504,284,A,M,F:\GENESIS Studio\genesis-studio\packages\engines-py\.pdb_cache\4MNE,A
5071,ThermoMPNN,4MNE,0.17789489030838013,284,A,N,F:\GENESIS Studio\genesis-studio\packages\engines-py\.pdb_cache\4MNE,A
5072,ThermoMPNN,4MNE,0.7916865944862366,284,A,P,F:\GENESIS Studio\genesis-studio\packages\engines-py\.pdb_cache\4MNE,A
5073,ThermoMPNN,4MNE,0.02665722370147705,284,A,Q,F:\GENESIS Studio\genesis-studio\packages\engines-py\.pdb_cache\4MNE,A
5074,ThermoMPNN,4MNE,-0.019809246063232422,284,A,R,F:\GENESIS Studio\genesis-studio\packages\engines-py\.pdb_cache\4MNE,A
5075,ThermoMPNN,4MNE,0.1544765830039978,284,A,S,F:\GENESIS Studio\genesis-studio\packages\engines-py\.pdb_cache\4MNE,A
5076,ThermoMPNN,4MNE,0.11563378572463989,284,A,T,F:\GENESIS Studio\genesis-studio\packages\engines-py\.pdb_cache\4MNE,A
5077,ThermoMPNN,4MNE,0.054963648319244385,284,A,V,F:\GENESIS Studio\genesis-studio\packages\engines-py\.pdb_cache\4MNE,A
5078,ThermoMPNN,4MNE,0.20844334363937378,284,A,W,F:\GENESIS Studio\genesis-studio\packages\engines-py\.pdb_cache\4MNE,A
5079,ThermoMPNN,4MNE,0.19844383001327515,284,A,Y,F:\GENESIS Studio\genesis-studio\packages\engines-py\.pdb_cache\4MNE,A
5080,ThermoMPNN,4MNE,0.4448474645614624,285,E,A,F:\GENESIS Studio\genesis-studio\packages\engines-py\.pdb_cache\4MNE,A
5081,ThermoMPNN,4MNE,0.22487568855285645,285,E,C,F:\GENESIS Studio\genesis-studio\packages\engines-py\.pdb_cache\4MNE,A
5082,ThermoMPNN,4MNE,0.13026094436645508,285,E,D,F:\GENESIS Studio\genesis-studio\packages\engines-py\.pdb_cache\4MNE,A
5083,ThermoMPNN,4MNE,0.0,285,E,E,F:\GENESIS Studio\genesis-studio\packages\engines-py\.pdb_cache\4MNE,A
5084,ThermoMPNN,4MNE,0.6272943615913391,285,E,F,F:\GENESIS Studio\genesis-studio\packages\engines-py\.pdb_cache\4MNE,A
5085,ThermoMPNN,4MNE,0.8643443584442139,285,E,G,F:\GENESIS Studio\genesis-studio\packages\engines-py\.pdb_cache\4MNE,A
5086,ThermoMPNN,4MNE,0.6548770070075989,285,E,H,F:\GENESIS Studio\genesis-studio\packages\engines-py\.pdb_cache\4MNE,A
5087,ThermoMPNN,4MNE,0.660673201084137,285,E,I,F:\GENESIS Studio\genesis-studio\packages\engines-py\.pdb_cache\4MNE,A
5088,ThermoMPNN,4MNE,0.7965207099914551,285,E,K,F:\GENESIS Studio\genesis-studio\packages\engines-py\.pdb_cache\4MNE,A
5089,ThermoMPNN,4MNE,0.3035504221916199,285,E,L,F:\GENESIS Studio\genesis-studio\packages\engines-py\.pdb_cache\4MNE,A
5090,ThermoMPNN,4MNE,0.3491196632385254,285,E,M,F:\GENESIS Studio\genesis-studio\packages\engines-py\.pdb_cache\4MNE,A
5091,ThermoMPNN,4MNE,0.5821847915649414,285,E,N,F:\GENESIS Studio\genesis-studio\packages\engines-py\.pdb_cache\4MNE,A
5092,ThermoMPNN,4MNE,1.5257198810577393,285,E,P,F:\GENESIS Studio\genesis-studio\packages\engines-py\.pdb_cache\4MNE,A
5093,ThermoMPNN,4MNE,0.39362311363220215,285,E,Q,F:\GENESIS Studio\genesis-studio\packages\engines-py\.pdb_cache\4MNE,A
5094,ThermoMPNN,4MNE,0.8536481857299805,285,E,R,F:\GENESIS Studio\genesis-studio\packages\engines-py\.pdb_cache\4MNE,A
5095,ThermoMPNN,4MNE,0.6139518618583679,285,E,S,F:\GENESIS Studio\genesis-studio\packages\engines-py\.pdb_cache\4MNE,A
5096,ThermoMPNN,4MNE,0.5597516894340515,285,E,T,F:\GENESIS Studio\genesis-studio\packages\engines-py\.pdb_cache\4MNE,A
5097,ThermoMPNN,4MNE,0.8187094926834106,285,E,V,F:\GENESIS Studio\genesis-studio\packages\engines-py\.pdb_cache\4MNE,A
5098,ThermoMPNN,4MNE,0.6665017008781433,285,E,W,F:\GENESIS Studio\genesis-studio\packages\engines-py\.pdb_cache\4MNE,A
5099,ThermoMPNN,4MNE,0.6688778400421143,285,E,Y,F:\GENESIS Studio\genesis-studio\packages\engines-py\.pdb_cache\4MNE,A
5100,ThermoMPNN,4MNE,2.0292892456054688,286,R,A,F:\GENESIS Studio\genesis-studio\packages\engines-py\.pdb_cache\4MNE,A
5101,ThermoMPNN,4MNE,1.9927639961242676,286,R,C,F:\GENESIS Studio\genesis-studio\packages\engines-py\.pdb_cache\4MNE,A
5102,ThermoMPNN,4MNE,2.697821617126465,286,R,D,F:\GENESIS Studio\genesis-studio\packages\engines-py\.pdb_cache\4MNE,A
5103,ThermoMPNN,4MNE,2.7704617977142334,286,R,E,F:\GENESIS Studio\genesis-studio\packages\engines-py\.pdb_cache\4MNE,A
5104,ThermoMPNN,4MNE,2.033381938934326,286,R,F,F:\GENESIS Studio\genesis-studio\packages\engines-py\.pdb_cache\4MNE,A
5105,ThermoMPNN,4MNE,2.4360759258270264,286,R,G,F:\GENESIS Studio\genesis-studio\packages\engines-py\.pdb_cache\4MNE,A
5106,ThermoMPNN,4MNE,1.9965165853500366,286,R,H,F:\GENESIS Studio\genesis-studio\packages\engines-py\.pdb_cache\4MNE,A
5107,ThermoMPNN,4MNE,1.887587547302246,286,R,I,F:\GENESIS Studio\genesis-studio\packages\engines-py\.pdb_cache\4MNE,A
5108,ThermoMPNN,4MNE,0.6731712818145752,286,R,K,F:\GENESIS Studio\genesis-studio\packages\engines-py\.pdb_cache\4MNE,A
5109,ThermoMPNN,4MNE,1.6745039224624634,286,R,L,F:\GENESIS Studio\genesis-studio\packages\engines-py\.pdb_cache\4MNE,A
5110,ThermoMPNN,4MNE,1.6115870475769043,286,R,M,F:\GENESIS Studio\genesis-studio\packages\engines-py\.pdb_cache\4MNE,A
5111,ThermoMPNN,4MNE,2.169793128967285,286,R,N,F:\GENESIS Studio\genesis-studio\packages\engines-py\.pdb_cache\4MNE,A
5112,ThermoMPNN,4MNE,2.2154507637023926,286,R,P,F:\GENESIS Studio\genesis-studio\packages\engines-py\.pdb_cache\4MNE,A
5113,ThermoMPNN,4MNE,1.8236477375030518,286,R,Q,F:\GENESIS Studio\genesis-studio\packages\engines-py\.pdb_cache\4MNE,A
5114,ThermoMPNN,4MNE,0.0,286,R,R,F:\GENESIS Studio\genesis-studio\packages\engines-py\.pdb_cache\4MNE,A
5115,ThermoMPNN,4MNE,1.9859827756881714,286,R,S,F:\GENESIS Studio\genesis-studio\packages\engines-py\.pdb_cache\4MNE,A
5116,ThermoMPNN,4MNE,1.8508267402648926,286,R,T,F:\GENESIS Studio\genesis-studio\packages\engines-py\.pdb_cache\4MNE,A
5117,ThermoMPNN,4MNE,2.1192233562469482,286,R,V,F:\GENESIS Studio\genesis-studio\packages\engines-py\.pdb_cache\4MNE,A
5118,ThermoMPNN,4MNE,2.057116746902466,286,R,W,F:\GENESIS Studio\genesis-studio\packages\engines-py\.pdb_cache\4MNE,A
5119,ThermoMPNN,4MNE,2.096586227416992,286,R,Y,F:\GENESIS Studio\genesis-studio\packages\engines-py\.pdb_cache\4MNE,A
5120,ThermoMPNN,4MNE,0.0,287,A,A,F:\GENESIS Studio\genesis-studio\packages\engines-py\.pdb_cache\4MNE,A
5121,ThermoMPNN,4MNE,-0.14905047416687012,287,A,C,F:\GENESIS Studio\genesis-studio\packages\engines-py\.pdb_cache\4MNE,A
5122,ThermoMPNN,4MNE,1.6919970512390137,287,A,D,F:\GENESIS Studio\genesis-studio\packages\engines-py\.pdb_cache\4MNE,A
5123,ThermoMPNN,4MNE,1.5951848030090332,287,A,E,F:\GENESIS Studio\genesis-studio\packages\engines-py\.pdb_cache\4MNE,A
5124,ThermoMPNN,4MNE,-0.8238871097564697,287,A,F,F:\GENESIS Studio\genesis-studio\packages\engines-py\.pdb_cache\4MNE,A
5125,ThermoMPNN,4MNE,1.1574078798294067,287,A,G,F:\GENESIS Studio\genesis-studio\packages\engines-py\.pdb_cache\4MNE,A
5126,ThermoMPNN,4MNE,0.731506884098053,287,A,H,F:\GENESIS Studio\genesis-studio\packages\engines-py\.pdb_cache\4MNE,A
5127,ThermoMPNN,4MNE,-0.45324158668518066,287,A,I,F:\GENESIS Studio\genesis-studio\packages\engines-py\.pdb_cache\4MNE,A
5128,ThermoMPNN,4MNE,1.4375834465026855,287,A,K,F:\GENESIS Studio\genesis-studio\packages\engines-py\.pdb_cache\4MNE,A
5129,ThermoMPNN,4MNE,-0.12679219245910645,287,A,L,F:\GENESIS Studio\genesis-studio\packages\engines-py\.pdb_cache\4MNE,A
5130,ThermoMPNN,4MNE,-0.09378659725189209,287,A,M,F:\GENESIS Studio\genesis-studio\packages\engines-py\.pdb_cache\4MNE,A
5131,ThermoMPNN,4MNE,1.3901004791259766,287,A,N,F:\GENESIS Studio\genesis-studio\packages\engines-py\.pdb_cache\4MNE,A
5132,ThermoMPNN,4MNE,1.5953612327575684,287,A,P,F:\GENESIS Studio\genesis-studio\packages\engines-py\.pdb_cache\4MNE,A
5133,ThermoMPNN,4MNE,1.2750635147094727,287,A,Q,F:\GENESIS Studio\genesis-studio\packages\engines-py\.pdb_cache\4MNE,A
5134,ThermoMPNN,4MNE,1.4243335723876953,287,A,R,F:\GENESIS Studio\genesis-studio\packages\engines-py\.pdb_cache\4MNE,A
5135,ThermoMPNN,4MNE,0.9473130702972412,287,A,S,F:\GENESIS Studio\genesis-studio\packages\engines-py\.pdb_cache\4MNE,A
5136,ThermoMPNN,4MNE,1.0145301818847656,287,A,T,F:\GENESIS Studio\genesis-studio\packages\engines-py\.pdb_cache\4MNE,A
5137,ThermoMPNN,4MNE,-0.024292707443237305,287,A,V,F:\GENESIS Studio\genesis-studio\packages\engines-py\.pdb_cache\4MNE,A
5138,ThermoMPNN,4MNE,-0.2686648368835449,287,A,W,F:\GENESIS Studio\genesis-studio\packages\engines-py\.pdb_cache\4MNE,A
5139,ThermoMPNN,4MNE,-0.5587525367736816,287,A,Y,F:\GENESIS Studio\genesis-studio\packages\engines-py\.pdb_cache\4MNE,A
5140,ThermoMPNN,4MNE,1.4440683126449585,288,D,A,F:\GENESIS Studio\genesis-studio\packages\engines-py\.pdb_cache\4MNE,A
5141,ThermoMPNN,4MNE,0.9580578804016113,288,D,C,F:\GENESIS Studio\genesis-studio\packages\engines-py\.pdb_cache\4MNE,A
5142,ThermoMPNN,4MNE,0.0,288,D,D,F:\GENESIS Studio\genesis-studio\packages\engines-py\.pdb_cache\4MNE,A
5143,ThermoMPNN,4MNE,1.206265926361084,288,D,E,F:\GENESIS Studio\genesis-studio\packages\engines-py\.pdb_cache\4MNE,A
5144,ThermoMPNN,4MNE,1.6695787906646729,288,D,F,F:\GENESIS Studio\genesis-studio\packages\engines-py\.pdb_cache\4MNE,A
5145,ThermoMPNN,4MNE,1.34352445602417,288,D,G,F:\GENESIS Studio\genesis-studio\packages\engines-py\.pdb_cache\4MNE,A
5146,ThermoMPNN,4MNE,1.3645241260528564,288,D,H,F:\GENESIS Studio\genesis-studio\packages\engines-py\.pdb_cache\4MNE,A
5147,ThermoMPNN,4MNE,1.7686152458190918,288,D,I,F:\GENESIS Studio\genesis-studio\packages\engines-py\.pdb_cache\4MNE,A
5148,ThermoMPNN,4MNE,1.7120976448059082,288,D,K,F:\GENESIS Studio\genesis-studio\packages\engines-py\.pdb_cache\4MNE,A
5149,ThermoMPNN,4MNE,1.5752415657043457,288,D,L,F:\GENESIS Studio\genesis-studio\packages\engines-py\.pdb_cache\4MNE,A
5150,ThermoMPNN,4MNE,1.5501668453216553,288,D,M,F:\GENESIS Studio\genesis-studio\packages\engines-py\.pdb_cache\4MNE,A
5151,ThermoMPNN,4MNE,0.5846167802810669,288,D,N,F:\GENESIS Studio\genesis-studio\packages\engines-py\.pdb_cache\4MNE,A
5152,ThermoMPNN,4MNE,2.4258041381835938,288,D,P,F:\GENESIS Studio\genesis-studio\packages\engines-py\.pdb_cache\4MNE,A
5153,ThermoMPNN,4MNE,1.446367621421814,288,D,Q,F:\GENESIS Studio\genesis-studio\packages\engines-py\.pdb_cache\4MNE,A
5154,ThermoMPNN,4MNE,1.6476589441299438,288,D,R,F:\GENESIS Studio\genesis-studio\packages\engines-py\.pdb_cache\4MNE,A
5155,ThermoMPNN,4MNE,0.7954692840576172,288,D,S,F:\GENESIS Studio\genesis-studio\packages\engines-py\.pdb_cache\4MNE,A
5156,ThermoMPNN,4MNE,0.7914185523986816,288,D,T,F:\GENESIS Studio\genesis-studio\packages\engines-py\.pdb_cache\4MNE,A
5157,ThermoMPNN,4MNE,1.7880094051361084,288,D,V,F:\GENESIS Studio\genesis-studio\packages\engines-py\.pdb_cache\4MNE,A
5158,ThermoMPNN,4MNE,1.6510311365127563,288,D,W,F:\GENESIS Studio\genesis-studio\packages\engines-py\.pdb_cache\4MNE,A
5159,ThermoMPNN,4MNE,1.8255105018615723,288,D,Y,F:\GENESIS Studio\genesis-studio\packages\engines-py\.pdb_cache\4MNE,A
5160,ThermoMPNN,4MNE,1.2886693477630615,289,L,A,F:\GENESIS Studio\genesis-studio\packages\engines-py\.pdb_cache\4MNE,A
5161,ThermoMPNN,4MNE,0.6557126045227051,289,L,C,F:\GENESIS Studio\genesis-studio\packages\engines-py\.pdb_cache\4MNE,A
5162,ThermoMPNN,4MNE,1.517308235168457,289,L,D,F:\GENESIS Studio\genesis-studio\packages\engines-py\.pdb_cache\4MNE,A
5163,ThermoMPNN,4MNE,1.4344202280044556,289,L,E,F:\GENESIS Studio\genesis-studio\packages\engines-py\.pdb_cache\4MNE,A
5164,ThermoMPNN,4MNE,0.46631693840026855,289,L,F,F:\GENESIS Studio\genesis-studio\packages\engines-py\.pdb_cache\4MNE,A
5165,ThermoMPNN,4MNE,1.8156211376190186,289,L,G,F:\GENESIS Studio\genesis-studio\packages\engines-py\.pdb_cache\4MNE,A
5166,ThermoMPNN,4MNE,1.4145452976226807,289,L,H,F:\GENESIS Studio\genesis-studio\packages\engines-py\.pdb_cache\4MNE,A
5167,ThermoMPNN,4MNE,0.14169931411743164,289,L,I,F:\GENESIS Studio\genesis-studio\packages\engines-py\.pdb_cache\4MNE,A
5168,ThermoMPNN,4MNE,1.6843830347061157,289,L,K,F:\GENESIS Studio\genesis-studio\packages\engines-py\.pdb_cache\4MNE,A
5169,ThermoMPNN,4MNE,0.0,289,L,L,F:\GENESIS Studio\genesis-studio\packages\engines-py\.pdb_cache\4MNE,A
5170,ThermoMPNN,4MNE,0.549695611000061,289,L,M,F:\GENESIS Studio\genesis-studio\packages\engines-py\.pdb_cache\4MNE,A
5171,ThermoMPNN,4MNE,1.7106609344482422,289,L,N,F:\GENESIS Studio\genesis-studio\packages\engines-py\.pdb_cache\4MNE,A
5172,ThermoMPNN,4MNE,1.329587697982788,289,L,P,F:\GENESIS Studio\genesis-studio\packages\engines-py\.pdb_cache\4MNE,A
5173,ThermoMPNN,4MNE,1.4787251949310303,289,L,Q,F:\GENESIS Studio\genesis-studio\packages\engines-py\.pdb_cache\4MNE,A
5174,ThermoMPNN,4MNE,1.752601146697998,289,L,R,F:\GENESIS Studio\genesis-studio\packages\engines-py\.pdb_cache\4MNE,A
5175,ThermoMPNN,4MNE,1.3837759494781494,289,L,S,F:\GENESIS Studio\genesis-studio\packages\engines-py\.pdb_cache\4MNE,A
5176,ThermoMPNN,4MNE,0.9250611662864685,289,L,T,F:\GENESIS Studio\genesis-studio\packages\engines-py\.pdb_cache\4MNE,A
5177,ThermoMPNN,4MNE,0.43189477920532227,289,L,V,F:\GENESIS Studio\genesis-studio\packages\engines-py\.pdb_cache\4MNE,A
5178,ThermoMPNN,4MNE,0.7701261639595032,289,L,W,F:\GENESIS Studio\genesis-studio\packages\engines-py\.pdb_cache\4MNE,A
5179,ThermoMPNN,4MNE,0.7676836252212524,289,L,Y,F:\GENESIS Studio\genesis-studio\packages\engines-py\.pdb_cache\4MNE,A
5180,ThermoMPNN,4MNE,-0.023159384727478027,290,K,A,F:\GENESIS Studio\genesis-studio\packages\engines-py\.pdb_cache\4MNE,A
5181,ThermoMPNN,4MNE,-0.06902611255645752,290,K,C,F:\GENESIS Studio\genesis-studio\packages\engines-py\.pdb_cache\4MNE,A
5182,ThermoMPNN,4MNE,0.12333452701568604,290,K,D,F:\GENESIS Studio\genesis-studio\packages\engines-py\.pdb_cache\4MNE,A
5183,ThermoMPNN,4MNE,0.00814586877822876,290,K,E,F:\GENESIS Studio\genesis-studio\packages\engines-py\.pdb_cache\4MNE,A
5184,ThermoMPNN,4MNE,0.11377811431884766,290,K,F,F:\GENESIS Studio\genesis-studio\packages\engines-py\.pdb_cache\4MNE,A
5185,ThermoMPNN,4MNE,0.3243409991264343,290,K,G,F:\GENESIS Studio\genesis-studio\packages\engines-py\.pdb_cache\4MNE,A
5186,ThermoMPNN,4MNE,0.06979507207870483,290,K,H,F:\GENESIS Studio\genesis-studio\packages\engines-py\.pdb_cache\4MNE,A
5187,ThermoMPNN,4MNE,0.024207592010498047,290,K,I,F:\GENESIS Studio\genesis-studio\packages\engines-py\.pdb_cache\4MNE,A
5188,ThermoMPNN,4MNE,0.0,290,K,K,F:\GENESIS Studio\genesis-studio\packages\engines-py\.pdb_cache\4MNE,A
5189,ThermoMPNN,4MNE,0.03677082061767578,290,K,L,F:\GENESIS Studio\genesis-studio\packages\engines-py\.pdb_cache\4MNE,A
5190,ThermoMPNN,4MNE,0.13626426458358765,290,K,M,F:\GENESIS Studio\genesis-studio\packages\engines-py\.pdb_cache\4MNE,A
5191,ThermoMPNN,4MNE,0.1577351689338684,290,K,N,F:\GENESIS Studio\genesis-studio\packages\engines-py\.pdb_cache\4MNE,A
5192,ThermoMPNN,4MNE,0.713381826877594,290,K,P,F:\GENESIS Studio\genesis-studio\packages\engines-py\.pdb_cache\4MNE,A
5193,ThermoMPNN,4MNE,0.022152721881866455,290,K,Q,F:\GENESIS Studio\genesis-studio\packages\engines-py\.pdb_cache\4MNE,A
5194,ThermoMPNN,4MNE,0.015151917934417725,290,K,R,F:\GENESIS Studio\genesis-studio\packages\engines-py\.pdb_cache\4MNE,A
5195,ThermoMPNN,4MNE,0.10015445947647095,290,K,S,F:\GENESIS Studio\genesis-studio\packages\engines-py\.pdb_cache\4MNE,A
5196,ThermoMPNN,4MNE,0.1225244402885437,290,K,T,F:\GENESIS Studio\genesis-studio\packages\engines-py\.pdb_cache\4MNE,A
5197,ThermoMPNN,4MNE,0.013260066509246826,290,K,V,F:\GENESIS Studio\genesis-studio\packages\engines-py\.pdb_cache\4MNE,A
5198,ThermoMPNN,4MNE,0.03621029853820801,290,K,W,F:\GENESIS Studio\genesis-studio\packages\engines-py\.pdb_cache\4MNE,A
5199,ThermoMPNN,4MNE,0.06737041473388672,290,K,Y,F:\GENESIS Studio\genesis-studio\packages\engines-py\.pdb_cache\4MNE,A
5200,ThermoMPNN,4MNE,0.35423362255096436,291,Q,A,F:\GENESIS Studio\genesis-studio\packages\engines-py\.pdb_cache\4MNE,A
5201,ThermoMPNN,4MNE,0.3360792398452759,291,Q,C,F:\GENESIS Studio\genesis-studio\packages\engines-py\.pdb_cache\4MNE,A
5202,ThermoMPNN,4MNE,0.30729591846466064,291,Q,D,F:\GENESIS Studio\genesis-studio\packages\engines-py\.pdb_cache\4MNE,A
5203,ThermoMPNN,4MNE,0.23518478870391846,291,Q,E,F:\GENESIS Studio\genesis-studio\packages\engines-py\.pdb_cache\4MNE,A
5204,ThermoMPNN,4MNE,0.7423497438430786,291,Q,F,F:\GENESIS Studio\genesis-studio\packages\engines-py\.pdb_cache\4MNE,A
5205,ThermoMPNN,4MNE,1.053127646446228,291,Q,G,F:\GENESIS Studio\genesis-studio\packages\engines-py\.pdb_cache\4MNE,A
5206,ThermoMPNN,4MNE,0.5306693911552429,291,Q,H,F:\GENESIS Studio\genesis-studio\packages\engines-py\.pdb_cache\4MNE,A
5207,ThermoMPNN,4MNE,0.6329780220985413,291,Q,I,F:\GENESIS Studio\genesis-studio\packages\engines-py\.pdb_cache\4MNE,A
5208,ThermoMPNN,4MNE,0.6899029612541199,291,Q,K,F:\GENESIS Studio\genesis-studio\packages\engines-py\.pdb_cache\4MNE,A
5209,ThermoMPNN,4MNE,0.4398009777069092,291,Q,L,F:\GENESIS Studio\genesis-studio\packages\engines-py\.pdb_cache\4MNE,A
5210,ThermoMPNN,4MNE,0.3486277461051941,291,Q,M,F:\GENESIS Studio\genesis-studio\packages\engines-py\.pdb_cache\4MNE,A
5211,ThermoMPNN,4MNE,0.691415548324585,291,Q,N,F:\GENESIS Studio\genesis-studio\packages\engines-py\.pdb_cache\4MNE,A
5212,ThermoMPNN,4MNE,2.778475522994995,291,Q,P,F:\GENESIS Studio\genesis-studio\packages\engines-py\.pdb_cache\4MNE,A
5213,ThermoMPNN,4MNE,0.0,291,Q,Q,F:\GENESIS Studio\genesis-studio\packages\engines-py\.pdb_cache\4MNE,A
5214,ThermoMPNN,4MNE,0.7273936867713928,291,Q,R,F:\GENESIS Studio\genesis-studio\packages\engines-py\.pdb_cache\4MNE,A
5215,ThermoMPNN,4MNE,0.44090282917022705,291,Q,S,F:\GENESIS Studio\genesis-studio\packages\engines-py\.pdb_cache\4MNE,A
5216,ThermoMPNN,4MNE,0.3702569007873535,291,Q,T,F:\GENESIS Studio\genesis-studio\packages\engines-py\.pdb_cache\4MNE,A
5217,ThermoMPNN,4MNE,0.6171505451202393,291,Q,V,F:\GENESIS Studio\genesis-studio\packages\engines-py\.pdb_cache\4MNE,A
5218,ThermoMPNN,4MNE,0.48951637744903564,291,Q,W,F:\GENESIS Studio\genesis-studio\packages\engines-py\.pdb_cache\4MNE,A
5219,ThermoMPNN,4MNE,0.7123725414276123,291,Q,Y,F:\GENESIS Studio\genesis-studio\packages\engines-py\.pdb_cache\4MNE,A
5220,ThermoMPNN,4MNE,2.7342886924743652,292,L,A,F:\GENESIS Studio\genesis-studio\packages\engines-py\.pdb_cache\4MNE,A
5221,ThermoMPNN,4MNE,1.8475719690322876,292,L,C,F:\GENESIS Studio\genesis-studio\packages\engines-py\.pdb_cache\4MNE,A
5222,ThermoMPNN,4MNE,3.5340704917907715,292,L,D,F:\GENESIS Studio\genesis-studio\packages\engines-py\.pdb_cache\4MNE,A
5223,ThermoMPNN,4MNE,3.3422930240631104,292,L,E,F:\GENESIS Studio\genesis-studio\packages\engines-py\.pdb_cache\4MNE,A
5224,ThermoMPNN,4MNE,1.9299395084381104,292,L,F,F:\GENESIS Studio\genesis-studio\packages\engines-py\.pdb_cache\4MNE,A
5225,ThermoMPNN,4MNE,3.2220633029937744,292,L,G,F:\GENESIS Studio\genesis-studio\packages\engines-py\.pdb_cache\4MNE,A
5226,ThermoMPNN,4MNE,3.3252506256103516,292,L,H,F:\GENESIS Studio\genesis-studio\packages\engines-py\.pdb_cache\4MNE,A
5227,ThermoMPNN,4MNE,1.4478085041046143,292,L,I,F:\GENESIS Studio\genesis-studio\packages\engines-py\.pdb_cache\4MNE,A
5228,ThermoMPNN,4MNE,3.1731607913970947,292,L,K,F:\GENESIS Studio\genesis-studio\packages\engines-py\.pdb_cache\4MNE,A
5229,ThermoMPNN,4MNE,0.0,292,L,L,F:\GENESIS Studio\genesis-studio\packages\engines-py\.pdb_cache\4MNE,A
5230,ThermoMPNN,4MNE,1.3419783115386963,292,L,M,F:\GENESIS Studio\genesis-studio\packages\engines-py\.pdb_cache\4MNE,A
5231,ThermoMPNN,4MNE,3.482074499130249,292,L,N,F:\GENESIS Studio\genesis-studio\packages\engines-py\.pdb_cache\4MNE,A
5232,ThermoMPNN,4MNE,3.602501153945923,292,L,P,F:\GENESIS Studio\genesis-studio\packages\engines-py\.pdb_cache\4MNE,A
5233,ThermoMPNN,4MNE,3.368299722671509,292,L,Q,F:\GENESIS Studio\genesis-studio\packages\engines-py\.pdb_cache\4MNE,A
5234,ThermoMPNN,4MNE,3.1150174140930176,292,L,R,F:\GENESIS Studio\genesis-studio\packages\engines-py\.pdb_cache\4MNE,A
5235,ThermoMPNN,4MNE,3.289896249771118,292,L,S,F:\GENESIS Studio\genesis-studio\packages\engines-py\.pdb_cache\4MNE,A
5236,ThermoMPNN,4MNE,3.166419506072998,292,L,T,F:\GENESIS Studio\genesis-studio\packages\engines-py\.pdb_cache\4MNE,A
5237,ThermoMPNN,4MNE,2.1040825843811035,292,L,V,F:\GENESIS Studio\genesis-studio\packages\engines-py\.pdb_cache\4MNE,A
5238,ThermoMPNN,4MNE,2.4126362800598145,292,L,W,F:\GENESIS Studio\genesis-studio\packages\engines-py\.pdb_cache\4MNE,A
5239,ThermoMPNN,4MNE,2.4731409549713135,292,L,Y,F:\GENESIS Studio\genesis-studio\packages\engines-py\.pdb_cache\4MNE,A
5240,ThermoMPNN,4MNE,0.44494664669036865,293,M,A,F:\GENESIS Studio\genesis-studio\packages\engines-py\.pdb_cache\4MNE,A
5241,ThermoMPNN,4MNE,0.002353191375732422,293,M,C,F:\GENESIS Studio\genesis-studio\packages\engines-py\.pdb_cache\4MNE,A
5242,ThermoMPNN,4MNE,0.8577805161476135,293,M,D,F:\GENESIS Studio\genesis-studio\packages\engines-py\.pdb_cache\4MNE,A
5243,ThermoMPNN,4MNE,0.4831696152687073,293,M,E,F:\GENESIS Studio\genesis-studio\packages\engines-py\.pdb_cache\4MNE,A
5244,ThermoMPNN,4MNE,0.4249587059020996,293,M,F,F:\GENESIS Studio\genesis-studio\packages\engines-py\.pdb_cache\4MNE,A
5245,ThermoMPNN,4MNE,1.046665906906128,293,M,G,F:\GENESIS Studio\genesis-studio\packages\engines-py\.pdb_cache\4MNE,A
5246,ThermoMPNN,4MNE,0.6172515153884888,293,M,H,F:\GENESIS Studio\genesis-studio\packages\engines-py\.pdb_cache\4MNE,A
5247,ThermoMPNN,4MNE,0.5247402787208557,293,M,I,F:\GENESIS Studio\genesis-studio\packages\engines-py\.pdb_cache\4MNE,A
5248,ThermoMPNN,4MNE,0.5415846109390259,293,M,K,F:\GENESIS Studio\genesis-studio\packages\engines-py\.pdb_cache\4MNE,A
5249,ThermoMPNN,4MNE,0.17444801330566406,293,M,L,F:\GENESIS Studio\genesis-studio\packages\engines-py\.pdb_cache\4MNE,A
5250,ThermoMPNN,4MNE,0.0,293,M,M,F:\GENESIS Studio\genesis-studio\packages\engines-py\.pdb_cache\4MNE,A
5251,ThermoMPNN,4MNE,0.7967783212661743,293,M,N,F:\GENESIS Studio\genesis-studio\packages\engines-py\.pdb_cache\4MNE,A
5252,ThermoMPNN,4MNE,2.7193245887756348,293,M,P,F:\GENESIS Studio\genesis-studio\packages\engines-py\.pdb_cache\4MNE,A
5253,ThermoMPNN,4MNE,0.289074182510376,293,M,Q,F:\GENESIS Studio\genesis-studio\packages\engines-py\.pdb_cache\4MNE,A
5254,ThermoMPNN,4MNE,0.49523288011550903,293,M,R,F:\GENESIS Studio\genesis-studio\packages\engines-py\.pdb_cache\4MNE,A
5255,ThermoMPNN,4MNE,0.462469220161438,293,M,S,F:\GENESIS Studio\genesis-studio\packages\engines-py\.pdb_cache\4MNE,A
5256,ThermoMPNN,4MNE,0.7789324522018433,293,M,T,F:\GENESIS Studio\genesis-studio\packages\engines-py\.pdb_cache\4MNE,A
5257,ThermoMPNN,4MNE,0.5973533391952515,293,M,V,F:\GENESIS Studio\genesis-studio\packages\engines-py\.pdb_cache\4MNE,A
5258,ThermoMPNN,4MNE,0.10427224636077881,293,M,W,F:\GENESIS Studio\genesis-studio\packages\engines-py\.pdb_cache\4MNE,A
5259,ThermoMPNN,4MNE,0.40998804569244385,293,M,Y,F:\GENESIS Studio\genesis-studio\packages\engines-py\.pdb_cache\4MNE,A
5260,ThermoMPNN,4MNE,-0.11211133003234863,294,V,A,F:\GENESIS Studio\genesis-studio\packages\engines-py\.pdb_cache\4MNE,A
5261,ThermoMPNN,4MNE,-0.367946982383728,294,V,C,F:\GENESIS Studio\genesis-studio\packages\engines-py\.pdb_cache\4MNE,A
5262,ThermoMPNN,4MNE,-0.14073646068572998,294,V,D,F:\GENESIS Studio\genesis-studio\packages\engines-py\.pdb_cache\4MNE,A
5263,ThermoMPNN,4MNE,-0.2901284694671631,294,V,E,F:\GENESIS Studio\genesis-studio\packages\engines-py\.pdb_cache\4MNE,A
5264,ThermoMPNN,4MNE,-0.12601184844970703,294,V,F,F:\GENESIS Studio\genesis-studio\packages\engines-py\.pdb_cache\4MNE,A
5265,ThermoMPNN,4MNE,0.13849222660064697,294,V,G,F:\GENESIS Studio\genesis-studio\packages\engines-py\.pdb_cache\4MNE,A
5266,ThermoMPNN,4MNE,-0.07366657257080078,294,V,H,F:\GENESIS Studio\genesis-studio\packages\engines-py\.pdb_cache\4MNE,A
5267,ThermoMPNN,4MNE,-0.032778799533843994,294,V,I,F:\GENESIS Studio\genesis-studio\packages\engines-py\.pdb_cache\4MNE,A
5268,ThermoMPNN,4MNE,-0.10187023878097534,294,V,K,F:\GENESIS Studio\genesis-studio\packages\engines-py\.pdb_cache\4MNE,A
5269,ThermoMPNN,4MNE,-0.25402867794036865,294,V,L,F:\GENESIS Studio\genesis-studio\packages\engines-py\.pdb_cache\4MNE,A
5270,ThermoMPNN,4MNE,-0.19848918914794922,294,V,M,F:\GENESIS Studio\genesis-studio\packages\engines-py\.pdb_cache\4MNE,A
5271,ThermoMPNN,4MNE,-0.08812880516052246,294,V,N,F:\GENESIS Studio\genesis-studio\packages\engines-py\.pdb_cache\4MNE,A
5272,ThermoMPNN,4MNE,1.4248428344726562,294,V,P,F:\GENESIS Studio\genesis-studio\packages\engines-py\.pdb_cache\4MNE,A
5273,ThermoMPNN,4MNE,-0.22103333473205566,294,V,Q,F:\GENESIS Studio\genesis-studio\packages\engines-py\.pdb_cache\4MNE,A
5274,ThermoMPNN,4MNE,-0.07000505924224854,294,V,R,F:\GENESIS Studio\genesis-studio\packages\engines-py\.pdb_cache\4MNE,A
5275,ThermoMPNN,4MNE,0.0022271275520324707,294,V,S,F:\GENESIS Studio\genesis-studio\packages\engines-py\.pdb_cache\4MNE,A
5276,ThermoMPNN,4MNE,-0.06674689054489136,294,V,T,F:\GENESIS Studio\genesis-studio\packages\engines-py\.pdb_cache\4MNE,A
5277,ThermoMPNN,4MNE,0.0,294,V,V,F:\GENESIS Studio\genesis-studio\packages\engines-py\.pdb_cache\4MNE,A
5278,ThermoMPNN,4MNE,-0.06447309255599976,294,V,W,F:\GENESIS Studio\genesis-studio\packages\engines-py\.pdb_cache\4MNE,A
5279,ThermoMPNN,4MNE,-0.08926427364349365,294,V,Y,F:\GENESIS Studio\genesis-studio\packages\engines-py\.pdb_cache\4MNE,A
5280,ThermoMPNN,4MNE,0.24002528190612793,295,H,A,F:\GENESIS Studio\genesis-studio\packages\engines-py\.pdb_cache\4MNE,A
5281,ThermoMPNN,4MNE,0.06672549247741699,295,H,C,F:\GENESIS Studio\genesis-studio\packages\engines-py\.pdb_cache\4MNE,A
5282,ThermoMPNN,4MNE,0.4238428473472595,295,H,D,F:\GENESIS Studio\genesis-studio\packages\engines-py\.pdb_cache\4MNE,A
5283,ThermoMPNN,4MNE,1.237608551979065,295,H,E,F:\GENESIS Studio\genesis-studio\packages\engines-py\.pdb_cache\4MNE,A
5284,ThermoMPNN,4MNE,1.0161311626434326,295,H,F,F:\GENESIS Studio\genesis-studio\packages\engines-py\.pdb_cache\4MNE,A
5285,ThermoMPNN,4MNE,1.0303146839141846,295,H,G,F:\GENESIS Studio\genesis-studio\packages\engines-py\.pdb_cache\4MNE,A
5286,ThermoMPNN,4MNE,0.0,295,H,H,F:\GENESIS Studio\genesis-studio\packages\engines-py\.pdb_cache\4MNE,A
5287,ThermoMPNN,4MNE,1.2621777057647705,295,H,I,F:\GENESIS Studio\genesis-studio\packages\engines-py\.pdb_cache\4MNE,A
5288,ThermoMPNN,4MNE,1.3991432189941406,295,H,K,F:\GENESIS Studio\genesis-studio\packages\engines-py\.pdb_cache\4MNE,A
5289,ThermoMPNN,4MNE,1.212411880493164,295,H,L,F:\GENESIS Studio\genesis-studio\packages\engines-py\.pdb_cache\4MNE,A
5290,ThermoMPNN,4MNE,0.9544579982757568,295,H,M,F:\GENESIS Studio\genesis-studio\packages\engines-py\.pdb_cache\4MNE,A
5291,ThermoMPNN,4MNE,0.28934574127197266,295,H,N,F:\GENESIS Studio\genesis-studio\packages\engines-py\.pdb_cache\4MNE,A
5292,ThermoMPNN,4MNE,1.6089437007904053,295,H,P,F:\GENESIS Studio\genesis-studio\packages\engines-py\.pdb_cache\4MNE,A
5293,ThermoMPNN,4MNE,1.0711028575897217,295,H,Q,F:\GENESIS Studio\genesis-studio\packages\engines-py\.pdb_cache\4MNE,A
5294,ThermoMPNN,4MNE,1.0738787651062012,295,H,R,F:\GENESIS Studio\genesis-studio\packages\engines-py\.pdb_cache\4MNE,A
5295,ThermoMPNN,4MNE,0.05869579315185547,295,H,S,F:\GENESIS Studio\genesis-studio\packages\engines-py\.pdb_cache\4MNE,A
5296,ThermoMPNN,4MNE,0.6650001406669617,295,H,T,F:\GENESIS Studio\genesis-studio\packages\engines-py\.pdb_cache\4MNE,A
5297,ThermoMPNN,4MNE,1.1243348121643066,295,H,V,F:\GENESIS Studio\genesis-studio\packages\engines-py\.pdb_cache\4MNE,A
5298,ThermoMPNN,4MNE,0.692732572555542,295,H,W,F:\GENESIS Studio\genesis-studio\packages\engines-py\.pdb_cache\4MNE,A
5299,ThermoMPNN,4MNE,0.5998217463493347,295,H,Y,F:\GENESIS Studio\genesis-studio\packages\engines-py\.pdb_cache\4MNE,A
5300,ThermoMPNN,4MNE,0.0,296,A,A,F:\GENESIS Studio\genesis-studio\packages\engines-py\.pdb_cache\4MNE,A
5301,ThermoMPNN,4MNE,-0.10496693849563599,296,A,C,F:\GENESIS Studio\genesis-studio\packages\engines-py\.pdb_cache\4MNE,A
5302,ThermoMPNN,4MNE,0.18524032831192017,296,A,D,F:\GENESIS Studio\genesis-studio\packages\engines-py\.pdb_cache\4MNE,A
5303,ThermoMPNN,4MNE,0.05597347021102905,296,A,E,F:\GENESIS Studio\genesis-studio\packages\engines-py\.pdb_cache\4MNE,A
5304,ThermoMPNN,4MNE,0.5544043183326721,296,A,F,F:\GENESIS Studio\genesis-studio\packages\engines-py\.pdb_cache\4MNE,A
5305,ThermoMPNN,4MNE,0.769966185092926,296,A,G,F:\GENESIS Studio\genesis-studio\packages\engines-py\.pdb_cache\4MNE,A
5306,ThermoMPNN,4MNE,0.29987841844558716,296,A,H,F:\GENESIS Studio\genesis-studio\packages\engines-py\.pdb_cache\4MNE,A
5307,ThermoMPNN,4MNE,0.1852402687072754,296,A,I,F:\GENESIS Studio\genesis-studio\packages\engines-py\.pdb_cache\4MNE,A
5308,ThermoMPNN,4MNE,0.24734771251678467,296,A,K,F:\GENESIS Studio\genesis-studio\packages\engines-py\.pdb_cache\4MNE,A
5309,ThermoMPNN,4MNE,0.15579980611801147,296,A,L,F:\GENESIS Studio\genesis-studio\packages\engines-py\.pdb_cache\4MNE,A
5310,ThermoMPNN,4MNE,0.30764394998550415,296,A,M,F:\GENESIS Studio\genesis-studio\packages\engines-py\.pdb_cache\4MNE,A
5311,ThermoMPNN,4MNE,0.3246687650680542,296,A,N,F:\GENESIS Studio\genesis-studio\packages\engines-py\.pdb_cache\4MNE,A
5312,ThermoMPNN,4MNE,-0.31222766637802124,296,A,P,F:\GENESIS Studio\genesis-studio\packages\engines-py\.pdb_cache\4MNE,A
5313,ThermoMPNN,4MNE,0.2216777205467224,296,A,Q,F:\GENESIS Studio\genesis-studio\packages\engines-py\.pdb_cache\4MNE,A
5314,ThermoMPNN,4MNE,0.3664207458496094,296,A,R,F:\GENESIS Studio\genesis-studio\packages\engines-py\.pdb_cache\4MNE,A
5315,ThermoMPNN,4MNE,0.03540438413619995,296,A,S,F:\GENESIS Studio\genesis-studio\packages\engines-py\.pdb_cache\4MNE,A
5316,ThermoMPNN,4MNE,0.3295784592628479,296,A,T,F:\GENESIS Studio\genesis-studio\packages\engines-py\.pdb_cache\4MNE,A
5317,ThermoMPNN,4MNE,0.14479964971542358,296,A,V,F:\GENESIS Studio\genesis-studio\packages\engines-py\.pdb_cache\4MNE,A
5318,ThermoMPNN,4MNE,0.4243355393409729,296,A,W,F:\GENESIS Studio\genesis-studio\packages\engines-py\.pdb_cache\4MNE,A
5319,ThermoMPNN,4MNE,0.48016971349716187,296,A,Y,F:\GENESIS Studio\genesis-studio\packages\engines-py\.pdb_cache\4MNE,A
5320,ThermoMPNN,4MNE,1.9316070079803467,297,F,A,F:\GENESIS Studio\genesis-studio\packages\engines-py\.pdb_cache\4MNE,A
5321,ThermoMPNN,4MNE,1.224759578704834,297,F,C,F:\GENESIS Studio\genesis-studio\packages\engines-py\.pdb_cache\4MNE,A
5322,ThermoMPNN,4MNE,2.3816463947296143,297,F,D,F:\GENESIS Studio\genesis-studio\packages\engines-py\.pdb_cache\4MNE,A
5323,ThermoMPNN,4MNE,2.2457849979400635,297,F,E,F:\GENESIS Studio\genesis-studio\packages\engines-py\.pdb_cache\4MNE,A
5324,ThermoMPNN,4MNE,0.0,297,F,F,F:\GENESIS Studio\genesis-studio\packages\engines-py\.pdb_cache\4MNE,A
5325,ThermoMPNN,4MNE,2.4031200408935547,297,F,G,F:\GENESIS Studio\genesis-studio\packages\engines-py\.pdb_cache\4MNE,A
5326,ThermoMPNN,4MNE,1.8265820741653442,297,F,H,F:\GENESIS Studio\genesis-studio\packages\engines-py\.pdb_cache\4MNE,A
5327,ThermoMPNN,4MNE,1.4952690601348877,297,F,I,F:\GENESIS Studio\genesis-studio\packages\engines-py\.pdb_cache\4MNE,A
5328,ThermoMPNN,4MNE,2.2105894088745117,297,F,K,F:\GENESIS Studio\genesis-studio\packages\engines-py\.pdb_cache\4MNE,A
5329,ThermoMPNN,4MNE,1.1585667133331299,297,F,L,F:\GENESIS Studio\genesis-studio\packages\engines-py\.pdb_cache\4MNE,A
5330,ThermoMPNN,4MNE,1.227210283279419,297,F,M,F:\GENESIS Studio\genesis-studio\packages\engines-py\.pdb_cache\4MNE,A
5331,ThermoMPNN,4MNE,2.3293211460113525,297,F,N,F:\GENESIS Studio\genesis-studio\packages\engines-py\.pdb_cache\4MNE,A
5332,ThermoMPNN,4MNE,2.3177919387817383,297,F,P,F:\GENESIS Studio\genesis-studio\packages\engines-py\.pdb_cache\4MNE,A
5333,ThermoMPNN,4MNE,2.1177468299865723,297,F,Q,F:\GENESIS Studio\genesis-studio\packages\engines-py\.pdb_cache\4MNE,A
5334,ThermoMPNN,4MNE,2.057173728942871,297,F,R,F:\GENESIS Studio\genesis-studio\packages\engines-py\.pdb_cache\4MNE,A
5335,ThermoMPNN,4MNE,2.2638654708862305,297,F,S,F:\GENESIS Studio\genesis-studio\packages\engines-py\.pdb_cache\4MNE,A
5336,ThermoMPNN,4MNE,2.225123167037964,297,F,T,F:\GENESIS Studio\genesis-studio\packages\engines-py\.pdb_cache\4MNE,A
5337,ThermoMPNN,4MNE,1.7087740898132324,297,F,V,F:\GENESIS Studio\genesis-studio\packages\engines-py\.pdb_cache\4MNE,A
5338,ThermoMPNN,4MNE,0.17965006828308105,297,F,W,F:\GENESIS Studio\genesis-studio\packages\engines-py\.pdb_cache\4MNE,A
5339,ThermoMPNN,4MNE,0.25687289237976074,297,F,Y,F:\GENESIS Studio\genesis-studio\packages\engines-py\.pdb_cache\4MNE,A
5340,ThermoMPNN,4MNE,1.7000032663345337,298,I,A,F:\GENESIS Studio\genesis-studio\packages\engines-py\.pdb_cache\4MNE,A
5341,ThermoMPNN,4MNE,0.8113775253295898,298,I,C,F:\GENESIS Studio\genesis-studio\packages\engines-py\.pdb_cache\4MNE,A
5342,ThermoMPNN,4MNE,2.2254366874694824,298,I,D,F:\GENESIS Studio\genesis-studio\packages\engines-py\.pdb_cache\4MNE,A
5343,ThermoMPNN,4MNE,2.4531612396240234,298,I,E,F:\GENESIS Studio\genesis-studio\packages\engines-py\.pdb_cache\4MNE,A
5344,ThermoMPNN,4MNE,1.6744341850280762,298,I,F,F:\GENESIS Studio\genesis-studio\packages\engines-py\.pdb_cache\4MNE,A
5345,ThermoMPNN,4MNE,2.4233479499816895,298,I,G,F:\GENESIS Studio\genesis-studio\packages\engines-py\.pdb_cache\4MNE,A
5346,ThermoMPNN,4MNE,2.096285104751587,298,I,H,F:\GENESIS Studio\genesis-studio\packages\engines-py\.pdb_cache\4MNE,A
5347,ThermoMPNN,4MNE,0.0,298,I,I,F:\GENESIS Studio\genesis-studio\packages\engines-py\.pdb_cache\4MNE,A
5348,ThermoMPNN,4MNE,2.039257287979126,298,I,K,F:\GENESIS Studio\genesis-studio\packages\engines-py\.pdb_cache\4MNE,A
5349,ThermoMPNN,4MNE,-0.04772043228149414,298,I,L,F:\GENESIS Studio\genesis-studio\packages\engines-py\.pdb_cache\4MNE,A
5350,ThermoMPNN,4MNE,0.7332680225372314,298,I,M,F:\GENESIS Studio\genesis-studio\packages\engines-py\.pdb_cache\4MNE,A
5351,ThermoMPNN,4MNE,1.9872820377349854,298,I,N,F:\GENESIS Studio\genesis-studio\packages\engines-py\.pdb_cache\4MNE,A
5352,ThermoMPNN,4MNE,2.300250768661499,298,I,P,F:\GENESIS Studio\genesis-studio\packages\engines-py\.pdb_cache\4MNE,A
5353,ThermoMPNN,4MNE,2.0409348011016846,298,I,Q,F:\GENESIS Studio\genesis-studio\packages\engines-py\.pdb_cache\4MNE,A
5354,ThermoMPNN,4MNE,2.1852946281433105,298,I,R,F:\GENESIS Studio\genesis-studio\packages\engines-py\.pdb_cache\4MNE,A
5355,ThermoMPNN,4MNE,2.1237950325012207,298,I,S,F:\GENESIS Studio\genesis-studio\packages\engines-py\.pdb_cache\4MNE,A
5356,ThermoMPNN,4MNE,1.821051836013794,298,I,T,F:\GENESIS Studio\genesis-studio\packages\engines-py\.pdb_cache\4MNE,A
5357,ThermoMPNN,4MNE,0.2025282382965088,298,I,V,F:\GENESIS Studio\genesis-studio\packages\engines-py\.pdb_cache\4MNE,A
5358,ThermoMPNN,4MNE,1.8970565795898438,298,I,W,F:\GENESIS Studio\genesis-studio\packages\engines-py\.pdb_cache\4MNE,A
5359,ThermoMPNN,4MNE,1.9900789260864258,298,I,Y,F:\GENESIS Studio\genesis-studio\packages\engines-py\.pdb_cache\4MNE,A
5360,ThermoMPNN,4MNE,0.41936975717544556,299,K,A,F:\GENESIS Studio\genesis-studio\packages\engines-py\.pdb_cache\4MNE,A
5361,ThermoMPNN,4MNE,0.10355198383331299,299,K,C,F:\GENESIS Studio\genesis-studio\packages\engines-py\.pdb_cache\4MNE,A
5362,ThermoMPNN,4MNE,1.162246823310852,299,K,D,F:\GENESIS Studio\genesis-studio\packages\engines-py\.pdb_cache\4MNE,A
5363,ThermoMPNN,4MNE,0.542980432510376,299,K,E,F:\GENESIS Studio\genesis-studio\packages\engines-py\.pdb_cache\4MNE,A
5364,ThermoMPNN,4MNE,0.2483031153678894,299,K,F,F:\GENESIS Studio\genesis-studio\packages\engines-py\.pdb_cache\4MNE,A
5365,ThermoMPNN,4MNE,1.0354843139648438,299,K,G,F:\GENESIS Studio\genesis-studio\packages\engines-py\.pdb_cache\4MNE,A
5366,ThermoMPNN,4MNE,0.4601643681526184,299,K,H,F:\GENESIS Studio\genesis-studio\packages\engines-py\.pdb_cache\4MNE,A
5367,ThermoMPNN,4MNE,-0.2573763132095337,299,K,I,F:\GENESIS Studio\genesis-studio\packages\engines-py\.pdb_cache\4MNE,A
5368,ThermoMPNN,4MNE,0.0,299,K,K,F:\GENESIS Studio\genesis-studio\packages\engines-py\.pdb_cache\4MNE,A
5369,ThermoMPNN,4MNE,0.03323471546173096,299,K,L,F:\GENESIS Studio\genesis-studio\packages\engines-py\.pdb_cache\4MNE,A
5370,ThermoMPNN,4MNE,0.14604485034942627,299,K,M,F:\GENESIS Studio\genesis-studio\packages\engines-py\.pdb_cache\4MNE,A
5371,ThermoMPNN,4MNE,0.7590644359588623,299,K,N,F:\GENESIS Studio\genesis-studio\packages\engines-py\.pdb_cache\4MNE,A
5372,ThermoMPNN,4MNE,1.688711166381836,299,K,P,F:\GENESIS Studio\genesis-studio\packages\engines-py\.pdb_cache\4MNE,A
5373,ThermoMPNN,4MNE,0.21749764680862427,299,K,Q,F:\GENESIS Studio\genesis-studio\packages\engines-py\.pdb_cache\4MNE,A
5374,ThermoMPNN,4MNE,0.06304681301116943,299,K,R,F:\GENESIS Studio\genesis-studio\packages\engines-py\.pdb_cache\4MNE,A
5375,ThermoMPNN,4MNE,0.6456626653671265,299,K,S,F:\GENESIS Studio\genesis-studio\packages\engines-py\.pdb_cache\4MNE,A
5376,ThermoMPNN,4MNE,0.32167738676071167,299,K,T,F:\GENESIS Studio\genesis-studio\packages\engines-py\.pdb_cache\4MNE,A
5377,ThermoMPNN,4MNE,-0.14053916931152344,299,K,V,F:\GENESIS Studio\genesis-studio\packages\engines-py\.pdb_cache\4MNE,A
5378,ThermoMPNN,4MNE,0.33142155408859253,299,K,W,F:\GENESIS Studio\genesis-studio\packages\engines-py\.pdb_cache\4MNE,A
5379,ThermoMPNN,4MNE,0.25885820388793945,299,K,Y,F:\GENESIS Studio\genesis-studio\packages\engines-py\.pdb_cache\4MNE,A
5380,ThermoMPNN,4MNE,0.7937840819358826,300,R,A,F:\GENESIS Studio\genesis-studio\packages\engines-py\.pdb_cache\4MNE,A
5381,ThermoMPNN,4MNE,0.672970712184906,300,R,C,F:\GENESIS Studio\genesis-studio\packages\engines-py\.pdb_cache\4MNE,A
5382,ThermoMPNN,4MNE,1.744837999343872,300,R,D,F:\GENESIS Studio\genesis-studio\packages\engines-py\.pdb_cache\4MNE,A
5383,ThermoMPNN,4MNE,1.370335578918457,300,R,E,F:\GENESIS Studio\genesis-studio\packages\engines-py\.pdb_cache\4MNE,A
5384,ThermoMPNN,4MNE,0.7420213222503662,300,R,F,F:\GENESIS Studio\genesis-studio\packages\engines-py\.pdb_cache\4MNE,A
5385,ThermoMPNN,4MNE,1.4335331916809082,300,R,G,F:\GENESIS Studio\genesis-studio\packages\engines-py\.pdb_cache\4MNE,A
5386,ThermoMPNN,4MNE,0.7918100953102112,300,R,H,F:\GENESIS Studio\genesis-studio\packages\engines-py\.pdb_cache\4MNE,A
5387,ThermoMPNN,4MNE,0.3177642822265625,300,R,I,F:\GENESIS Studio\genesis-studio\packages\engines-py\.pdb_cache\4MNE,A
5388,ThermoMPNN,4MNE,0.29420411586761475,300,R,K,F:\GENESIS Studio\genesis-studio\packages\engines-py\.pdb_cache\4MNE,A
5389,ThermoMPNN,4MNE,0.6280154585838318,300,R,L,F:\GENESIS Studio\genesis-studio\packages\engines-py\.pdb_cache\4MNE,A
5390,ThermoMPNN,4MNE,0.6262646913528442,300,R,M,F:\GENESIS Studio\genesis-studio\packages\engines-py\.pdb_cache\4MNE,A
5391,ThermoMPNN,4MNE,1.0619637966156006,300,R,N,F:\GENESIS Studio\genesis-studio\packages\engines-py\.pdb_cache\4MNE,A
5392,ThermoMPNN,4MNE,2.3146791458129883,300,R,P,F:\GENESIS Studio\genesis-studio\packages\engines-py\.pdb_cache\4MNE,A
5393,ThermoMPNN,4MNE,0.7835701704025269,300,R,Q,F:\GENESIS Studio\genesis-studio\packages\engines-py\.pdb_cache\4MNE,A
5394,ThermoMPNN,4MNE,0.0,300,R,R,F:\GENESIS Studio\genesis-studio\packages\engines-py\.pdb_cache\4MNE,A
5395,ThermoMPNN,4MNE,0.7184129953384399,300,R,S,F:\GENESIS Studio\genesis-studio\packages\engines-py\.pdb_cache\4MNE,A
5396,ThermoMPNN,4MNE,0.5585668087005615,300,R,T,F:\GENESIS Studio\genesis-studio\packages\engines-py\.pdb_cache\4MNE,A
5397,ThermoMPNN,4MNE,0.48657429218292236,300,R,V,F:\GENESIS Studio\genesis-studio\packages\engines-py\.pdb_cache\4MNE,A
5398,ThermoMPNN,4MNE,0.7902390360832214,300,R,W,F:\GENESIS Studio\genesis-studio\packages\engines-py\.pdb_cache\4MNE,A
5399,ThermoMPNN,4MNE,0.6529832482337952,300,R,Y,F:\GENESIS Studio\genesis-studio\packages\engines-py\.pdb_cache\4MNE,A
5400,ThermoMPNN,4MNE,0.13343191146850586,301,S,A,F:\GENESIS Studio\genesis-studio\packages\engines-py\.pdb_cache\4MNE,A
5401,ThermoMPNN,4MNE,-0.165094256401062,301,S,C,F:\GENESIS Studio\genesis-studio\packages\engines-py\.pdb_cache\4MNE,A
5402,ThermoMPNN,4MNE,2.578380584716797,301,S,D,F:\GENESIS Studio\genesis-studio\packages\engines-py\.pdb_cache\4MNE,A
5403,ThermoMPNN,4MNE,2.0816049575805664,301,S,E,F:\GENESIS Studio\genesis-studio\packages\engines-py\.pdb_cache\4MNE,A
5404,ThermoMPNN,4MNE,0.33543920516967773,301,S,F,F:\GENESIS Studio\genesis-studio\packages\engines-py\.pdb_cache\4MNE,A
5405,ThermoMPNN,4MNE,1.5940980911254883,301,S,G,F:\GENESIS Studio\genesis-studio\packages\engines-py\.pdb_cache\4MNE,A
5406,ThermoMPNN,4MNE,0.9102051258087158,301,S,H,F:\GENESIS Studio\genesis-studio\packages\engines-py\.pdb_cache\4MNE,A
5407,ThermoMPNN,4MNE,-0.29428911209106445,301,S,I,F:\GENESIS Studio\genesis-studio\packages\engines-py\.pdb_cache\4MNE,A
5408,ThermoMPNN,4MNE,0.7434324622154236,301,S,K,F:\GENESIS Studio\genesis-studio\packages\engines-py\.pdb_cache\4MNE,A
5409,ThermoMPNN,4MNE,0.12233328819274902,301,S,L,F:\GENESIS Studio\genesis-studio\packages\engines-py\.pdb_cache\4MNE,A
5410,ThermoMPNN,4MNE,-0.2890068292617798,301,S,M,F:\GENESIS Studio\genesis-studio\packages\engines-py\.pdb_cache\4MNE,A
5411,ThermoMPNN,4MNE,1.3566529750823975,301,S,N,F:\GENESIS Studio\genesis-studio\packages\engines-py\.pdb_cache\4MNE,A
5412,ThermoMPNN,4MNE,2.5222604274749756,301,S,P,F:\GENESIS Studio\genesis-studio\packages\engines-py\.pdb_cache\4MNE,A
5413,ThermoMPNN,4MNE,1.0185186862945557,301,S,Q,F:\GENESIS Studio\genesis-studio\packages\engines-py\.pdb_cache\4MNE,A
5414,ThermoMPNN,4MNE,0.39480435848236084,301,S,R,F:\GENESIS Studio\genesis-studio\packages\engines-py\.pdb_cache\4MNE,A
5415,ThermoMPNN,4MNE,0.0,301,S,S,F:\GENESIS Studio\genesis-studio\packages\engines-py\.pdb_cache\4MNE,A
5416,ThermoMPNN,4MNE,-0.013972282409667969,301,S,T,F:\GENESIS Studio\genesis-studio\packages\engines-py\.pdb_cache\4MNE,A
5417,ThermoMPNN,4MNE,0.018768310546875,301,S,V,F:\GENESIS Studio\genesis-studio\packages\engines-py\.pdb_cache\4MNE,A
5418,ThermoMPNN,4MNE,0.6431126594543457,301,S,W,F:\GENESIS Studio\genesis-studio\packages\engines-py\.pdb_cache\4MNE,A
5419,ThermoMPNN,4MNE,0.5281121730804443,301,S,Y,F:\GENESIS Studio\genesis-studio\packages\engines-py\.pdb_cache\4MNE,A
5420,ThermoMPNN,4MNE,0.017753660678863525,302,D,A,F:\GENESIS Studio\genesis-studio\packages\engines-py\.pdb_cache\4MNE,A
5421,ThermoMPNN,4MNE,-0.2755122184753418,302,D,C,F:\GENESIS Studio\genesis-studio\packages\engines-py\.pdb_cache\4MNE,A
5422,ThermoMPNN,4MNE,0.0,302,D,D,F:\GENESIS Studio\genesis-studio\packages\engines-py\.pdb_cache\4MNE,A
5423,ThermoMPNN,4MNE,-0.27282822132110596,302,D,E,F:\GENESIS Studio\genesis-studio\packages\engines-py\.pdb_cache\4MNE,A
5424,ThermoMPNN,4MNE,0.02692633867263794,302,D,F,F:\GENESIS Studio\genesis-studio\packages\engines-py\.pdb_cache\4MNE,A
5425,ThermoMPNN,4MNE,0.703432023525238,302,D,G,F:\GENESIS Studio\genesis-studio\packages\engines-py\.pdb_cache\4MNE,A
5426,ThermoMPNN,4MNE,0.2790104150772095,302,D,H,F:\GENESIS Studio\genesis-studio\packages\engines-py\.pdb_cache\4MNE,A
5427,ThermoMPNN,4MNE,-0.1592625379562378,302,D,I,F:\GENESIS Studio\genesis-studio\packages\engines-py\.pdb_cache\4MNE,A
5428,ThermoMPNN,4MNE,0.22941076755523682,302,D,K,F:\GENESIS Studio\genesis-studio\packages\engines-py\.pdb_cache\4MNE,A
5429,ThermoMPNN,4MNE,-0.24409878253936768,302,D,L,F:\GENESIS Studio\genesis-studio\packages\engines-py\.pdb_cache\4MNE,A
5430,ThermoMPNN,4MNE,-0.21237170696258545,302,D,M,F:\GENESIS Studio\genesis-studio\packages\engines-py\.pdb_cache\4MNE,A
5431,ThermoMPNN,4MNE,0.34093791246414185,302,D,N,F:\GENESIS Studio\genesis-studio\packages\engines-py\.pdb_cache\4MNE,A
5432,ThermoMPNN,4MNE,1.8591774702072144,302,D,P,F:\GENESIS Studio\genesis-studio\packages\engines-py\.pdb_cache\4MNE,A
5433,ThermoMPNN,4MNE,-0.06676846742630005,302,D,Q,F:\GENESIS Studio\genesis-studio\packages\engines-py\.pdb_cache\4MNE,A
5434,ThermoMPNN,4MNE,0.12543469667434692,302,D,R,F:\GENESIS Studio\genesis-studio\packages\engines-py\.pdb_cache\4MNE,A
5435,ThermoMPNN,4MNE,0.11624032258987427,302,D,S,F:\GENESIS Studio\genesis-studio\packages\engines-py\.pdb_cache\4MNE,A
5436,ThermoMPNN,4MNE,0.09969067573547363,302,D,T,F:\GENESIS Studio\genesis-studio\packages\engines-py\.pdb_cache\4MNE,A
5437,ThermoMPNN,4MNE,-0.038313329219818115,302,D,V,F:\GENESIS Studio\genesis-studio\packages\engines-py\.pdb_cache\4MNE,A
5438,ThermoMPNN,4MNE,-0.14159733057022095,302,D,W,F:\GENESIS Studio\genesis-studio\packages\engines-py\.pdb_cache\4MNE,A
5439,ThermoMPNN,4MNE,0.08756709098815918,302,D,Y,F:\GENESIS Studio\genesis-studio\packages\engines-py\.pdb_cache\4MNE,A
5440,ThermoMPNN,4MNE,0.0,303,A,A,F:\GENESIS Studio\genesis-studio\packages\engines-py\.pdb_cache\4MNE,A
5441,ThermoMPNN,4MNE,0.05608630180358887,303,A,C,F:\GENESIS Studio\genesis-studio\packages\engines-py\.pdb_cache\4MNE,A
5442,ThermoMPNN,4MNE,0.2615509629249573,303,A,D,F:\GENESIS Studio\genesis-studio\packages\engines-py\.pdb_cache\4MNE,A
5443,ThermoMPNN,4MNE,0.1174694299697876,303,A,E,F:\GENESIS Studio\genesis-studio\packages\engines-py\.pdb_cache\4MNE,A
5444,ThermoMPNN,4MNE,0.3168151378631592,303,A,F,F:\GENESIS Studio\genesis-studio\packages\engines-py\.pdb_cache\4MNE,A
5445,ThermoMPNN,4MNE,0.39405035972595215,303,A,G,F:\GENESIS Studio\genesis-studio\packages\engines-py\.pdb_cache\4MNE,A
5446,ThermoMPNN,4MNE,0.24436461925506592,303,A,H,F:\GENESIS Studio\genesis-studio\packages\engines-py\.pdb_cache\4MNE,A
5447,ThermoMPNN,4MNE,0.13564568758010864,303,A,I,F:\GENESIS Studio\genesis-studio\packages\engines-py\.pdb_cache\4MNE,A
5448,ThermoMPNN,4MNE,-0.07385987043380737,303,A,K,F:\GENESIS Studio\genesis-studio\packages\engines-py\.pdb_cache\4MNE,A
5449,ThermoMPNN,4MNE,-0.017017126083374023,303,A,L,F:\GENESIS Studio\genesis-studio\packages\engines-py\.pdb_cache\4MNE,A
5450,ThermoMPNN,4MNE,0.003038763999938965,303,A,M,F:\GENESIS Studio\genesis-studio\packages\engines-py\.pdb_cache\4MNE,A
5451,ThermoMPNN,4MNE,0.13051706552505493,303,A,N,F:\GENESIS Studio\genesis-studio\packages\engines-py\.pdb_cache\4MNE,A
5452,ThermoMPNN,4MNE,1.4286937713623047,303,A,P,F:\GENESIS Studio\genesis-studio\packages\engines-py\.pdb_cache\4MNE,A
5453,ThermoMPNN,4MNE,-0.009334266185760498,303,A,Q,F:\GENESIS Studio\genesis-studio\packages\engines-py\.pdb_cache\4MNE,A
5454,ThermoMPNN,4MNE,-0.014252245426177979,303,A,R,F:\GENESIS Studio\genesis-studio\packages\engines-py\.pdb_cache\4MNE,A
5455,ThermoMPNN,4MNE,0.15173083543777466,303,A,S,F:\GENESIS Studio\genesis-studio\packages\engines-py\.pdb_cache\4MNE,A
5456,ThermoMPNN,4MNE,0.25126200914382935,303,A,T,F:\GENESIS Studio\genesis-studio\packages\engines-py\.pdb_cache\4MNE,A
5457,ThermoMPNN,4MNE,0.288962185382843,303,A,V,F:\GENESIS Studio\genesis-studio\packages\engines-py\.pdb_cache\4MNE,A
5458,ThermoMPNN,4MNE,0.3222389817237854,303,A,W,F:\GENESIS Studio\genesis-studio\packages\engines-py\.pdb_cache\4MNE,A
5459,ThermoMPNN,4MNE,0.36201924085617065,303,A,Y,F:\GENESIS Studio\genesis-studio\packages\engines-py\.pdb_cache\4MNE,A
5460,ThermoMPNN,4MNE,0.03141897916793823,304,E,A,F:\GENESIS Studio\genesis-studio\packages\engines-py\.pdb_cache\4MNE,A
5461,ThermoMPNN,4MNE,-0.06490093469619751,304,E,C,F:\GENESIS Studio\genesis-studio\packages\engines-py\.pdb_cache\4MNE,A
5462,ThermoMPNN,4MNE,0.333636999130249,304,E,D,F:\GENESIS Studio\genesis-studio\packages\engines-py\.pdb_cache\4MNE,A
5463,ThermoMPNN,4MNE,0.0,304,E,E,F:\GENESIS Studio\genesis-studio\packages\engines-py\.pdb_cache\4MNE,A
5464,ThermoMPNN,4MNE,0.08844929933547974,304,E,F,F:\GENESIS Studio\genesis-studio\packages\engines-py\.pdb_cache\4MNE,A
5465,ThermoMPNN,4MNE,0.49503466486930847,304,E,G,F:\GENESIS Studio\genesis-studio\packages\engines-py\.pdb_cache\4MNE,A
5466,ThermoMPNN,4MNE,0.3838889002799988,304,E,H,F:\GENESIS Studio\genesis-studio\packages\engines-py\.pdb_cache\4MNE,A
5467,ThermoMPNN,4MNE,0.11073952913284302,304,E,I,F:\GENESIS Studio\genesis-studio\packages\engines-py\.pdb_cache\4MNE,A
5468,ThermoMPNN,4MNE,0.28383415937423706,304,E,K,F:\GENESIS Studio\genesis-studio\packages\engines-py\.pdb_cache\4MNE,A
5469,ThermoMPNN,4MNE,-0.12529891729354858,304,E,L,F:\GENESIS Studio\genesis-studio\packages\engines-py\.pdb_cache\4MNE,A
5470,ThermoMPNN,4MNE,-0.1373627781867981,304,E,M,F:\GENESIS Studio\genesis-studio\packages\engines-py\.pdb_cache\4MNE,A
5471,ThermoMPNN,4MNE,0.43748754262924194,304,E,N,F:\GENESIS Studio\genesis-studio\packages\engines-py\.pdb_cache\4MNE,A
5472,ThermoMPNN,4MNE,1.3652714490890503,304,E,P,F:\GENESIS Studio\genesis-studio\packages\engines-py\.pdb_cache\4MNE,A
5473,ThermoMPNN,4MNE,0.09408193826675415,304,E,Q,F:\GENESIS Studio\genesis-studio\packages\engines-py\.pdb_cache\4MNE,A
5474,ThermoMPNN,4MNE,0.3020626902580261,304,E,R,F:\GENESIS Studio\genesis-studio\packages\engines-py\.pdb_cache\4MNE,A
5475,ThermoMPNN,4MNE,0.23693645000457764,304,E,S,F:\GENESIS Studio\genesis-studio\packages\engines-py\.pdb_cache\4MNE,A
5476,ThermoMPNN,4MNE,0.28700685501098633,304,E,T,F:\GENESIS Studio\genesis-studio\packages\engines-py\.pdb_cache\4MNE,A
5477,ThermoMPNN,4MNE,0.2301962971687317,304,E,V,F:\GENESIS Studio\genesis-studio\packages\engines-py\.pdb_cache\4MNE,A
5478,ThermoMPNN,4MNE,0.15065735578536987,304,E,W,F:\GENESIS Studio\genesis-studio\packages\engines-py\.pdb_cache\4MNE,A
5479,ThermoMPNN,4MNE,0.22328227758407593,304,E,Y,F:\GENESIS Studio\genesis-studio\packages\engines-py\.pdb_cache\4MNE,A
5480,ThermoMPNN,4MNE,-0.13427871465682983,305,E,A,F:\GENESIS Studio\genesis-studio\packages\engines-py\.pdb_cache\4MNE,A
5481,ThermoMPNN,4MNE,-0.42081624269485474,305,E,C,F:\GENESIS Studio\genesis-studio\packages\engines-py\.pdb_cache\4MNE,A
5482,ThermoMPNN,4MNE,-0.1539018154144287,305,E,D,F:\GENESIS Studio\genesis-studio\packages\engines-py\.pdb_cache\4MNE,A
5483,ThermoMPNN,4MNE,0.0,305,E,E,F:\GENESIS Studio\genesis-studio\packages\engines-py\.pdb_cache\4MNE,A
5484,ThermoMPNN,4MNE,-0.2684771418571472,305,E,F,F:\GENESIS Studio\genesis-studio\packages\engines-py\.pdb_cache\4MNE,A
5485,ThermoMPNN,4MNE,0.07681262493133545,305,E,G,F:\GENESIS Studio\genesis-studio\packages\engines-py\.pdb_cache\4MNE,A
5486,ThermoMPNN,4MNE,-0.3485129475593567,305,E,H,F:\GENESIS Studio\genesis-studio\packages\engines-py\.pdb_cache\4MNE,A
5487,ThermoMPNN,4MNE,-0.3851202726364136,305,E,I,F:\GENESIS Studio\genesis-studio\packages\engines-py\.pdb_cache\4MNE,A
5488,ThermoMPNN,4MNE,-0.30704647302627563,305,E,K,F:\GENESIS Studio\genesis-studio\packages\engines-py\.pdb_cache\4MNE,A
5489,ThermoMPNN,4MNE,-0.19877123832702637,305,E,L,F:\GENESIS Studio\genesis-studio\packages\engines-py\.pdb_cache\4MNE,A
5490,ThermoMPNN,4MNE,-0.16267752647399902,305,E,M,F:\GENESIS Studio\genesis-studio\packages\engines-py\.pdb_cache\4MNE,A
5491,ThermoMPNN,4MNE,-0.31027650833129883,305,E,N,F:\GENESIS Studio\genesis-studio\packages\engines-py\.pdb_cache\4MNE,A
5492,ThermoMPNN,4MNE,0.5581967830657959,305,E,P,F:\GENESIS Studio\genesis-studio\packages\engines-py\.pdb_cache\4MNE,A
5493,ThermoMPNN,4MNE,-0.23522257804870605,305,E,Q,F:\GENESIS Studio\genesis-studio\packages\engines-py\.pdb_cache\4MNE,A
5494,ThermoMPNN,4MNE,-0.3259032368659973,305,E,R,F:\GENESIS Studio\genesis-studio\packages\engines-py\.pdb_cache\4MNE,A
5495,ThermoMPNN,4MNE,-0.3531166911125183,305,E,S,F:\GENESIS Studio\genesis-studio\packages\engines-py\.pdb_cache\4MNE,A
5496,ThermoMPNN,4MNE,-0.3230093717575073,305,E,T,F:\GENESIS Studio\genesis-studio\packages\engines-py\.pdb_cache\4MNE,A
5497,ThermoMPNN,4MNE,-0.303585946559906,305,E,V,F:\GENESIS Studio\genesis-studio\packages\engines-py\.pdb_cache\4MNE,A
5498,ThermoMPNN,4MNE,-0.11488372087478638,305,E,W,F:\GENESIS Studio\genesis-studio\packages\engines-py\.pdb_cache\4MNE,A
5499,ThermoMPNN,4MNE,-0.21663296222686768,305,E,Y,F:\GENESIS Studio\genesis-studio\packages\engines-py\.pdb_cache\4MNE,A
5500,ThermoMPNN,4MNE,0.9073667526245117,306,V,A,F:\GENESIS Studio\genesis-studio\packages\engines-py\.pdb_cache\4MNE,A
5501,ThermoMPNN,4MNE,0.23578226566314697,306,V,C,F:\GENESIS Studio\genesis-studio\packages\engines-py\.pdb_cache\4MNE,A
5502,ThermoMPNN,4MNE,1.2843549251556396,306,V,D,F:\GENESIS Studio\genesis-studio\packages\engines-py\.pdb_cache\4MNE,A
5503,ThermoMPNN,4MNE,1.2094967365264893,306,V,E,F:\GENESIS Studio\genesis-studio\packages\engines-py\.pdb_cache\4MNE,A
5504,ThermoMPNN,4MNE,0.04757273197174072,306,V,F,F:\GENESIS Studio\genesis-studio\packages\engines-py\.pdb_cache\4MNE,A
5505,ThermoMPNN,4MNE,1.4135677814483643,306,V,G,F:\GENESIS Studio\genesis-studio\packages\engines-py\.pdb_cache\4MNE,A
5506,ThermoMPNN,4MNE,0.7788316607475281,306,V,H,F:\GENESIS Studio\genesis-studio\packages\engines-py\.pdb_cache\4MNE,A
5507,ThermoMPNN,4MNE,-0.15717875957489014,306,V,I,F:\GENESIS Studio\genesis-studio\packages\engines-py\.pdb_cache\4MNE,A
5508,ThermoMPNN,4MNE,1.267345905303955,306,V,K,F:\GENESIS Studio\genesis-studio\packages\engines-py\.pdb_cache\4MNE,A
5509,ThermoMPNN,4MNE,0.3191196918487549,306,V,L,F:\GENESIS Studio\genesis-studio\packages\engines-py\.pdb_cache\4MNE,A
5510,ThermoMPNN,4MNE,0.43342477083206177,306,V,M,F:\GENESIS Studio\genesis-studio\packages\engines-py\.pdb_cache\4MNE,A
5511,ThermoMPNN,4MNE,1.1820417642593384,306,V,N,F:\GENESIS Studio\genesis-studio\packages\engines-py\.pdb_cache\4MNE,A
5512,ThermoMPNN,4MNE,1.3948519229888916,306,V,P,F:\GENESIS Studio\genesis-studio\packages\engines-py\.pdb_cache\4MNE,A
5513,ThermoMPNN,4MNE,1.129906415939331,306,V,Q,F:\GENESIS Studio\genesis-studio\packages\engines-py\.pdb_cache\4MNE,A
5514,ThermoMPNN,4MNE,1.2649650573730469,306,V,R,F:\GENESIS Studio\genesis-studio\packages\engines-py\.pdb_cache\4MNE,A
5515,ThermoMPNN,4MNE,0.9591184258460999,306,V,S,F:\GENESIS Studio\genesis-studio\packages\engines-py\.pdb_cache\4MNE,A
5516,ThermoMPNN,4MNE,0.7011582851409912,306,V,T,F:\GENESIS Studio\genesis-studio\packages\engines-py\.pdb_cache\4MNE,A
5517,ThermoMPNN,4MNE,0.0,306,V,V,F:\GENESIS Studio\genesis-studio\packages\engines-py\.pdb_cache\4MNE,A
5518,ThermoMPNN,4MNE,0.01177823543548584,306,V,W,F:\GENESIS Studio\genesis-studio\packages\engines-py\.pdb_cache\4MNE,A
5519,ThermoMPNN,4MNE,0.0917661190032959,306,V,Y,F:\GENESIS Studio\genesis-studio\packages\engines-py\.pdb_cache\4MNE,A
5520,ThermoMPNN,4MNE,0.776238203048706,307,D,A,F:\GENESIS Studio\genesis-studio\packages\engines-py\.pdb_cache\4MNE,A
5521,ThermoMPNN,4MNE,0.39484620094299316,307,D,C,F:\GENESIS Studio\genesis-studio\packages\engines-py\.pdb_cache\4MNE,A
5522,ThermoMPNN,4MNE,0.0,307,D,D,F:\GENESIS Studio\genesis-studio\packages\engines-py\.pdb_cache\4MNE,A
5523,ThermoMPNN,4MNE,0.6285639405250549,307,D,E,F:\GENESIS Studio\genesis-studio\packages\engines-py\.pdb_cache\4MNE,A
5524,ThermoMPNN,4MNE,0.8352760076522827,307,D,F,F:\GENESIS Studio\genesis-studio\packages\engines-py\.pdb_cache\4MNE,A
5525,ThermoMPNN,4MNE,1.2141318321228027,307,D,G,F:\GENESIS Studio\genesis-studio\packages\engines-py\.pdb_cache\4MNE,A
5526,ThermoMPNN,4MNE,0.6312161087989807,307,D,H,F:\GENESIS Studio\genesis-studio\packages\engines-py\.pdb_cache\4MNE,A
5527,ThermoMPNN,4MNE,0.8433250188827515,307,D,I,F:\GENESIS Studio\genesis-studio\packages\engines-py\.pdb_cache\4MNE,A
5528,ThermoMPNN,4MNE,1.048875331878662,307,D,K,F:\GENESIS Studio\genesis-studio\packages\engines-py\.pdb_cache\4MNE,A
5529,ThermoMPNN,4MNE,0.7053595185279846,307,D,L,F:\GENESIS Studio\genesis-studio\packages\engines-py\.pdb_cache\4MNE,A
5530,ThermoMPNN,4MNE,0.9368017911911011,307,D,M,F:\GENESIS Studio\genesis-studio\packages\engines-py\.pdb_cache\4MNE,A
5531,ThermoMPNN,4MNE,0.4710236191749573,307,D,N,F:\GENESIS Studio\genesis-studio\packages\engines-py\.pdb_cache\4MNE,A
5532,ThermoMPNN,4MNE,0.7893863916397095,307,D,P,F:\GENESIS Studio\genesis-studio\packages\engines-py\.pdb_cache\4MNE,A
5533,ThermoMPNN,4MNE,0.8601503372192383,307,D,Q,F:\GENESIS Studio\genesis-studio\packages\engines-py\.pdb_cache\4MNE,A
5534,ThermoMPNN,4MNE,1.1028752326965332,307,D,R,F:\GENESIS Studio\genesis-studio\packages\engines-py\.pdb_cache\4MNE,A
5535,ThermoMPNN,4MNE,0.6430399417877197,307,D,S,F:\GENESIS Studio\genesis-studio\packages\engines-py\.pdb_cache\4MNE,A
5536,ThermoMPNN,4MNE,0.9846720695495605,307,D,T,F:\GENESIS Studio\genesis-studio\packages\engines-py\.pdb_cache\4MNE,A
5537,ThermoMPNN,4MNE,0.8489542007446289,307,D,V,F:\GENESIS Studio\genesis-studio\packages\engines-py\.pdb_cache\4MNE,A
5538,ThermoMPNN,4MNE,0.6744682192802429,307,D,W,F:\GENESIS Studio\genesis-studio\packages\engines-py\.pdb_cache\4MNE,A
5539,ThermoMPNN,4MNE,0.7805067300796509,307,D,Y,F:\GENESIS Studio\genesis-studio\packages\engines-py\.pdb_cache\4MNE,A
5540,ThermoMPNN,4MNE,2.404120922088623,308,F,A,F:\GENESIS Studio\genesis-studio\packages\engines-py\.pdb_cache\4MNE,A
5541,ThermoMPNN,4MNE,1.3880807161331177,308,F,C,F:\GENESIS Studio\genesis-studio\packages\engines-py\.pdb_cache\4MNE,A
5542,ThermoMPNN,4MNE,2.676466703414917,308,F,D,F:\GENESIS Studio\genesis-studio\packages\engines-py\.pdb_cache\4MNE,A
5543,ThermoMPNN,4MNE,2.6687793731689453,308,F,E,F:\GENESIS Studio\genesis-studio\packages\engines-py\.pdb_cache\4MNE,A
5544,ThermoMPNN,4MNE,0.0,308,F,F,F:\GENESIS Studio\genesis-studio\packages\engines-py\.pdb_cache\4MNE,A
5545,ThermoMPNN,4MNE,2.6007840633392334,308,F,G,F:\GENESIS Studio\genesis-studio\packages\engines-py\.pdb_cache\4MNE,A
5546,ThermoMPNN,4MNE,2.6091294288635254,308,F,H,F:\GENESIS Studio\genesis-studio\packages\engines-py\.pdb_cache\4MNE,A
5547,ThermoMPNN,4MNE,1.5945733785629272,308,F,I,F:\GENESIS Studio\genesis-studio\packages\engines-py\.pdb_cache\4MNE,A
5548,ThermoMPNN,4MNE,3.0032269954681396,308,F,K,F:\GENESIS Studio\genesis-studio\packages\engines-py\.pdb_cache\4MNE,A
5549,ThermoMPNN,4MNE,1.4609713554382324,308,F,L,F:\GENESIS Studio\genesis-studio\packages\engines-py\.pdb_cache\4MNE,A
5550,ThermoMPNN,4MNE,1.3986804485321045,308,F,M,F:\GENESIS Studio\genesis-studio\packages\engines-py\.pdb_cache\4MNE,A
5551,ThermoMPNN,4MNE,2.64913272857666,308,F,N,F:\GENESIS Studio\genesis-studio\packages\engines-py\.pdb_cache\4MNE,A
5552,ThermoMPNN,4MNE,2.9979472160339355,308,F,P,F:\GENESIS Studio\genesis-studio\packages\engines-py\.pdb_cache\4MNE,A
5553,ThermoMPNN,4MNE,2.5500259399414062,308,F,Q,F:\GENESIS Studio\genesis-studio\packages\engines-py\.pdb_cache\4MNE,A
5554,ThermoMPNN,4MNE,2.9402663707733154,308,F,R,F:\GENESIS Studio\genesis-studio\packages\engines-py\.pdb_cache\4MNE,A
5555,ThermoMPNN,4MNE,2.2589988708496094,308,F,S,F:\GENESIS Studio\genesis-studio\packages\engines-py\.pdb_cache\4MNE,A
5556,ThermoMPNN,4MNE,2.0472347736358643,308,F,T,F:\GENESIS Studio\genesis-studio\packages\engines-py\.pdb_cache\4MNE,A
5557,ThermoMPNN,4MNE,1.3431732654571533,308,F,V,F:\GENESIS Studio\genesis-studio\packages\engines-py\.pdb_cache\4MNE,A
5558,ThermoMPNN,4MNE,0.3994014263153076,308,F,W,F:\GENESIS Studio\genesis-studio\packages\engines-py\.pdb_cache\4MNE,A
5559,ThermoMPNN,4MNE,1.039807677268982,308,F,Y,F:\GENESIS Studio\genesis-studio\packages\engines-py\.pdb_cache\4MNE,A
5560,ThermoMPNN,4MNE,0.0,309,A,A,F:\GENESIS Studio\genesis-studio\packages\engines-py\.pdb_cache\4MNE,A
5561,ThermoMPNN,4MNE,0.6455031037330627,309,A,C,F:\GENESIS Studio\genesis-studio\packages\engines-py\.pdb_cache\4MNE,A
5562,ThermoMPNN,4MNE,1.5444586277008057,309,A,D,F:\GENESIS Studio\genesis-studio\packages\engines-py\.pdb_cache\4MNE,A
5563,ThermoMPNN,4MNE,0.9839203953742981,309,A,E,F:\GENESIS Studio\genesis-studio\packages\engines-py\.pdb_cache\4MNE,A
5564,ThermoMPNN,4MNE,1.300845742225647,309,A,F,F:\GENESIS Studio\genesis-studio\packages\engines-py\.pdb_cache\4MNE,A
5565,ThermoMPNN,4MNE,0.8730453252792358,309,A,G,F:\GENESIS Studio\genesis-studio\packages\engines-py\.pdb_cache\4MNE,A
5566,ThermoMPNN,4MNE,0.9326086044311523,309,A,H,F:\GENESIS Studio\genesis-studio\packages\engines-py\.pdb_cache\4MNE,A
5567,ThermoMPNN,4MNE,1.164301872253418,309,A,I,F:\GENESIS Studio\genesis-studio\packages\engines-py\.pdb_cache\4MNE,A
5568,ThermoMPNN,4MNE,0.6432197690010071,309,A,K,F:\GENESIS Studio\genesis-studio\packages\engines-py\.pdb_cache\4MNE,A
5569,ThermoMPNN,4MNE,1.2124229669570923,309,A,L,F:\GENESIS Studio\genesis-studio\packages\engines-py\.pdb_cache\4MNE,A
5570,ThermoMPNN,4MNE,0.9740613698959351,309,A,M,F:\GENESIS Studio\genesis-studio\packages\engines-py\.pdb_cache\4MNE,A
5571,ThermoMPNN,4MNE,1.2213190793991089,309,A,N,F:\GENESIS Studio\genesis-studio\packages\engines-py\.pdb_cache\4MNE,A
5572,ThermoMPNN,4MNE,0.9753939509391785,309,A,P,F:\GENESIS Studio\genesis-studio\packages\engines-py\.pdb_cache\4MNE,A
5573,ThermoMPNN,4MNE,0.7132307887077332,309,A,Q,F:\GENESIS Studio\genesis-studio\packages\engines-py\.pdb_cache\4MNE,A
5574,ThermoMPNN,4MNE,0.6454776525497437,309,A,R,F:\GENESIS Studio\genesis-studio\packages\engines-py\.pdb_cache\4MNE,A
5575,ThermoMPNN,4MNE,0.3824576139450073,309,A,S,F:\GENESIS Studio\genesis-studio\packages\engines-py\.pdb_cache\4MNE,A
5576,ThermoMPNN,4MNE,0.9712812900543213,309,A,T,F:\GENESIS Studio\genesis-studio\packages\engines-py\.pdb_cache\4MNE,A
5577,ThermoMPNN,4MNE,0.9947110414505005,309,A,V,F:\GENESIS Studio\genesis-studio\packages\engines-py\.pdb_cache\4MNE,A
5578,ThermoMPNN,4MNE,1.2219702005386353,309,A,W,F:\GENESIS Studio\genesis-studio\packages\engines-py\.pdb_cache\4MNE,A
5579,ThermoMPNN,4MNE,1.212383508682251,309,A,Y,F:\GENESIS Studio\genesis-studio\packages\engines-py\.pdb_cache\4MNE,A
5580,ThermoMPNN,4MNE,-0.04037356376647949,310,G,A,F:\GENESIS Studio\genesis-studio\packages\engines-py\.pdb_cache\4MNE,A
5581,ThermoMPNN,4MNE,0.01414865255355835,310,G,C,F:\GENESIS Studio\genesis-studio\packages\engines-py\.pdb_cache\4MNE,A
5582,ThermoMPNN,4MNE,0.5130237340927124,310,G,D,F:\GENESIS Studio\genesis-studio\packages\engines-py\.pdb_cache\4MNE,A
5583,ThermoMPNN,4MNE,0.2778680920600891,310,G,E,F:\GENESIS Studio\genesis-studio\packages\engines-py\.pdb_cache\4MNE,A
5584,ThermoMPNN,4MNE,0.23953884840011597,310,G,F,F:\GENESIS Studio\genesis-studio\packages\engines-py\.pdb_cache\4MNE,A
5585,ThermoMPNN,4MNE,0.0,310,G,G,F:\GENESIS Studio\genesis-studio\packages\engines-py\.pdb_cache\4MNE,A
5586,ThermoMPNN,4MNE,0.245777428150177,310,G,H,F:\GENESIS Studio\genesis-studio\packages\engines-py\.pdb_cache\4MNE,A
5587,ThermoMPNN,4MNE,0.312436580657959,310,G,I,F:\GENESIS Studio\genesis-studio\packages\engines-py\.pdb_cache\4MNE,A
5588,ThermoMPNN,4MNE,0.014683008193969727,310,G,K,F:\GENESIS Studio\genesis-studio\packages\engines-py\.pdb_cache\4MNE,A
5589,ThermoMPNN,4MNE,0.18014425039291382,310,G,L,F:\GENESIS Studio\genesis-studio\packages\engines-py\.pdb_cache\4MNE,A
5590,ThermoMPNN,4MNE,0.1902763843536377,310,G,M,F:\GENESIS Studio\genesis-studio\packages\engines-py\.pdb_cache\4MNE,A
5591,ThermoMPNN,4MNE,0.34492671489715576,310,G,N,F:\GENESIS Studio\genesis-studio\packages\engines-py\.pdb_cache\4MNE,A
5592,ThermoMPNN,4MNE,1.3098082542419434,310,G,P,F:\GENESIS Studio\genesis-studio\packages\engines-py\.pdb_cache\4MNE,A
5593,ThermoMPNN,4MNE,0.11335724592208862,310,G,Q,F:\GENESIS Studio\genesis-studio\packages\engines-py\.pdb_cache\4MNE,A
5594,ThermoMPNN,4MNE,0.018576502799987793,310,G,R,F:\GENESIS Studio\genesis-studio\packages\engines-py\.pdb_cache\4MNE,A
5595,ThermoMPNN,4MNE,0.21246594190597534,310,G,S,F:\GENESIS Studio\genesis-studio\packages\engines-py\.pdb_cache\4MNE,A
5596,ThermoMPNN,4MNE,0.33149492740631104,310,G,T,F:\GENESIS Studio\genesis-studio\packages\engines-py\.pdb_cache\4MNE,A
5597,ThermoMPNN,4MNE,0.3819698095321655,310,G,V,F:\GENESIS Studio\genesis-studio\packages\engines-py\.pdb_cache\4MNE,A
5598,ThermoMPNN,4MNE,0.2894798517227173,310,G,W,F:\GENESIS Studio\genesis-studio\packages\engines-py\.pdb_cache\4MNE,A
5599,ThermoMPNN,4MNE,0.2929156422615051,310,G,Y,F:\GENESIS Studio\genesis-studio\packages\engines-py\.pdb_cache\4MNE,A
5600,ThermoMPNN,4MNE,2.3678553104400635,311,W,A,F:\GENESIS Studio\genesis-studio\packages\engines-py\.pdb_cache\4MNE,A
5601,ThermoMPNN,4MNE,1.5566203594207764,311,W,C,F:\GENESIS Studio\genesis-studio\packages\engines-py\.pdb_cache\4MNE,A
5602,ThermoMPNN,4MNE,2.6036343574523926,311,W,D,F:\GENESIS Studio\genesis-studio\packages\engines-py\.pdb_cache\4MNE,A
5603,ThermoMPNN,4MNE,2.5585341453552246,311,W,E,F:\GENESIS Studio\genesis-studio\packages\engines-py\.pdb_cache\4MNE,A
5604,ThermoMPNN,4MNE,1.377134084701538,311,W,F,F:\GENESIS Studio\genesis-studio\packages\engines-py\.pdb_cache\4MNE,A
5605,ThermoMPNN,4MNE,2.508939266204834,311,W,G,F:\GENESIS Studio\genesis-studio\packages\engines-py\.pdb_cache\4MNE,A
5606,ThermoMPNN,4MNE,2.3191628456115723,311,W,H,F:\GENESIS Studio\genesis-studio\packages\engines-py\.pdb_cache\4MNE,A
5607,ThermoMPNN,4MNE,1.7862117290496826,311,W,I,F:\GENESIS Studio\genesis-studio\packages\engines-py\.pdb_cache\4MNE,A
5608,ThermoMPNN,4MNE,2.4911346435546875,311,W,K,F:\GENESIS Studio\genesis-studio\packages\engines-py\.pdb_cache\4MNE,A
5609,ThermoMPNN,4MNE,1.705066442489624,311,W,L,F:\GENESIS Studio\genesis-studio\packages\engines-py\.pdb_cache\4MNE,A
5610,ThermoMPNN,4MNE,1.7546982765197754,311,W,M,F:\GENESIS Studio\genesis-studio\packages\engines-py\.pdb_cache\4MNE,A
5611,ThermoMPNN,4MNE,2.5323712825775146,311,W,N,F:\GENESIS Studio\genesis-studio\packages\engines-py\.pdb_cache\4MNE,A
5612,ThermoMPNN,4MNE,2.648261547088623,311,W,P,F:\GENESIS Studio\genesis-studio\packages\engines-py\.pdb_cache\4MNE,A
5613,ThermoMPNN,4MNE,2.2832350730895996,311,W,Q,F:\GENESIS Studio\genesis-studio\packages\engines-py\.pdb_cache\4MNE,A
5614,ThermoMPNN,4MNE,2.5735957622528076,311,W,R,F:\GENESIS Studio\genesis-studio\packages\engines-py\.pdb_cache\4MNE,A
5615,ThermoMPNN,4MNE,2.3351998329162598,311,W,S,F:\GENESIS Studio\genesis-studio\packages\engines-py\.pdb_cache\4MNE,A
5616,ThermoMPNN,4MNE,2.272827625274658,311,W,T,F:\GENESIS Studio\genesis-studio\packages\engines-py\.pdb_cache\4MNE,A
5617,ThermoMPNN,4MNE,1.8020830154418945,311,W,V,F:\GENESIS Studio\genesis-studio\packages\engines-py\.pdb_cache\4MNE,A
5618,ThermoMPNN,4MNE,0.0,311,W,W,F:\GENESIS Studio\genesis-studio\packages\engines-py\.pdb_cache\4MNE,A
5619,ThermoMPNN,4MNE,1.2162796258926392,311,W,Y,F:\GENESIS Studio\genesis-studio\packages\engines-py\.pdb_cache\4MNE,A
5620,ThermoMPNN,4MNE,1.7927335500717163,312,L,A,F:\GENESIS Studio\genesis-studio\packages\engines-py\.pdb_cache\4MNE,A
5621,ThermoMPNN,4MNE,1.011053442955017,312,L,C,F:\GENESIS Studio\genesis-studio\packages\engines-py\.pdb_cache\4MNE,A
5622,ThermoMPNN,4MNE,2.75411057472229,312,L,D,F:\GENESIS Studio\genesis-studio\packages\engines-py\.pdb_cache\4MNE,A
5623,ThermoMPNN,4MNE,2.457043170928955,312,L,E,F:\GENESIS Studio\genesis-studio\packages\engines-py\.pdb_cache\4MNE,A
5624,ThermoMPNN,4MNE,0.6902568340301514,312,L,F,F:\GENESIS Studio\genesis-studio\packages\engines-py\.pdb_cache\4MNE,A
5625,ThermoMPNN,4MNE,2.293180227279663,312,L,G,F:\GENESIS Studio\genesis-studio\packages\engines-py\.pdb_cache\4MNE,A
5626,ThermoMPNN,4MNE,2.072714328765869,312,L,H,F:\GENESIS Studio\genesis-studio\packages\engines-py\.pdb_cache\4MNE,A
5627,ThermoMPNN,4MNE,0.4461216926574707,312,L,I,F:\GENESIS Studio\genesis-studio\packages\engines-py\.pdb_cache\4MNE,A
5628,ThermoMPNN,4MNE,2.471406936645508,312,L,K,F:\GENESIS Studio\genesis-studio\packages\engines-py\.pdb_cache\4MNE,A
5629,ThermoMPNN,4MNE,0.0,312,L,L,F:\GENESIS Studio\genesis-studio\packages\engines-py\.pdb_cache\4MNE,A
5630,ThermoMPNN,4MNE,0.7307039499282837,312,L,M,F:\GENESIS Studio\genesis-studio\packages\engines-py\.pdb_cache\4MNE,A
5631,ThermoMPNN,4MNE,2.4459362030029297,312,L,N,F:\GENESIS Studio\genesis-studio\packages\engines-py\.pdb_cache\4MNE,A
5632,ThermoMPNN,4MNE,2.4511215686798096,312,L,P,F:\GENESIS Studio\genesis-studio\packages\engines-py\.pdb_cache\4MNE,A
5633,ThermoMPNN,4MNE,2.363731861114502,312,L,Q,F:\GENESIS Studio\genesis-studio\packages\engines-py\.pdb_cache\4MNE,A
5634,ThermoMPNN,4MNE,2.4100148677825928,312,L,R,F:\GENESIS Studio\genesis-studio\packages\engines-py\.pdb_cache\4MNE,A
5635,ThermoMPNN,4MNE,2.2624006271362305,312,L,S,F:\GENESIS Studio\genesis-studio\packages\engines-py\.pdb_cache\4MNE,A
5636,ThermoMPNN,4MNE,1.9564580917358398,312,L,T,F:\GENESIS Studio\genesis-studio\packages\engines-py\.pdb_cache\4MNE,A
5637,ThermoMPNN,4MNE,0.6725096702575684,312,L,V,F:\GENESIS Studio\genesis-studio\packages\engines-py\.pdb_cache\4MNE,A
5638,ThermoMPNN,4MNE,0.8275601863861084,312,L,W,F:\GENESIS Studio\genesis-studio\packages\engines-py\.pdb_cache\4MNE,A
5639,ThermoMPNN,4MNE,0.9365723133087158,312,L,Y,F:\GENESIS Studio\genesis-studio\packages\engines-py\.pdb_cache\4MNE,A
5640,ThermoMPNN,4MNE,0.041361212730407715,313,C,A,F:\GENESIS Studio\genesis-studio\packages\engines-py\.pdb_cache\4MNE,A
5641,ThermoMPNN,4MNE,0.0,313,C,C,F:\GENESIS Studio\genesis-studio\packages\engines-py\.pdb_cache\4MNE,A
5642,ThermoMPNN,4MNE,0.5281810760498047,313,C,D,F:\GENESIS Studio\genesis-studio\packages\engines-py\.pdb_cache\4MNE,A
5643,ThermoMPNN,4MNE,0.17273390293121338,313,C,E,F:\GENESIS Studio\genesis-studio\packages\engines-py\.pdb_cache\4MNE,A
5644,ThermoMPNN,4MNE,0.28139787912368774,313,C,F,F:\GENESIS Studio\genesis-studio\packages\engines-py\.pdb_cache\4MNE,A
5645,ThermoMPNN,4MNE,0.6841765642166138,313,C,G,F:\GENESIS Studio\genesis-studio\packages\engines-py\.pdb_cache\4MNE,A
5646,ThermoMPNN,4MNE,0.21266257762908936,313,C,H,F:\GENESIS Studio\genesis-studio\packages\engines-py\.pdb_cache\4MNE,A
5647,ThermoMPNN,4MNE,-0.14700829982757568,313,C,I,F:\GENESIS Studio\genesis-studio\packages\engines-py\.pdb_cache\4MNE,A
5648,ThermoMPNN,4MNE,-0.1657853126525879,313,C,K,F:\GENESIS Studio\genesis-studio\packages\engines-py\.pdb_cache\4MNE,A
5649,ThermoMPNN,4MNE,-0.16600680351257324,313,C,L,F:\GENESIS Studio\genesis-studio\packages\engines-py\.pdb_cache\4MNE,A
5650,ThermoMPNN,4MNE,-0.09543776512145996,313,C,M,F:\GENESIS Studio\genesis-studio\packages\engines-py\.pdb_cache\4MNE,A
5651,ThermoMPNN,4MNE,0.2602960467338562,313,C,N,F:\GENESIS Studio\genesis-studio\packages\engines-py\.pdb_cache\4MNE,A
5652,ThermoMPNN,4MNE,1.9104931354522705,313,C,P,F:\GENESIS Studio\genesis-studio\packages\engines-py\.pdb_cache\4MNE,A
5653,ThermoMPNN,4MNE,0.0059098005294799805,313,C,Q,F:\GENESIS Studio\genesis-studio\packages\engines-py\.pdb_cache\4MNE,A
5654,ThermoMPNN,4MNE,-0.2759445905685425,313,C,R,F:\GENESIS Studio\genesis-studio\packages\engines-py\.pdb_cache\4MNE,A
5655,ThermoMPNN,4MNE,0.21524184942245483,313,C,S,F:\GENESIS Studio\genesis-studio\packages\engines-py\.pdb_cache\4MNE,A
5656,ThermoMPNN,4MNE,0.0997876524925232,313,C,T,F:\GENESIS Studio\genesis-studio\packages\engines-py\.pdb_cache\4MNE,A
5657,ThermoMPNN,4MNE,0.0910375714302063,313,C,V,F:\GENESIS Studio\genesis-studio\packages\engines-py\.pdb_cache\4MNE,A
5658,ThermoMPNN,4MNE,0.24558401107788086,313,C,W,F:\GENESIS Studio\genesis-studio\packages\engines-py\.pdb_cache\4MNE,A
5659,ThermoMPNN,4MNE,0.21304011344909668,313,C,Y,F:\GENESIS Studio\genesis-studio\packages\engines-py\.pdb_cache\4MNE,A
5660,ThermoMPNN,4MNE,-0.17738759517669678,314,S,A,F:\GENESIS Studio\genesis-studio\packages\engines-py\.pdb_cache\4MNE,A
5661,ThermoMPNN,4MNE,-0.14496099948883057,314,S,C,F:\GENESIS Studio\genesis-studio\packages\engines-py\.pdb_cache\4MNE,A
5662,ThermoMPNN,4MNE,0.18776261806488037,314,S,D,F:\GENESIS Studio\genesis-studio\packages\engines-py\.pdb_cache\4MNE,A
5663,ThermoMPNN,4MNE,0.03492474555969238,314,S,E,F:\GENESIS Studio\genesis-studio\packages\engines-py\.pdb_cache\4MNE,A
5664,ThermoMPNN,4MNE,0.10462683439254761,314,S,F,F:\GENESIS Studio\genesis-studio\packages\engines-py\.pdb_cache\4MNE,A
5665,ThermoMPNN,4MNE,0.27246975898742676,314,S,G,F:\GENESIS Studio\genesis-studio\packages\engines-py\.pdb_cache\4MNE,A
5666,ThermoMPNN,4MNE,0.06369554996490479,314,S,H,F:\GENESIS Studio\genesis-studio\packages\engines-py\.pdb_cache\4MNE,A
5667,ThermoMPNN,4MNE,0.08876615762710571,314,S,I,F:\GENESIS Studio\genesis-studio\packages\engines-py\.pdb_cache\4MNE,A
5668,ThermoMPNN,4MNE,-0.13678669929504395,314,S,K,F:\GENESIS Studio\genesis-studio\packages\engines-py\.pdb_cache\4MNE,A
5669,ThermoMPNN,4MNE,-0.016807198524475098,314,S,L,F:\GENESIS Studio\genesis-studio\packages\engines-py\.pdb_cache\4MNE,A
5670,ThermoMPNN,4MNE,-0.03497958183288574,314,S,M,F:\GENESIS Studio\genesis-studio\packages\engines-py\.pdb_cache\4MNE,A
5671,ThermoMPNN,4MNE,0.03648173809051514,314,S,N,F:\GENESIS Studio\genesis-studio\packages\engines-py\.pdb_cache\4MNE,A
5672,ThermoMPNN,4MNE,1.507565975189209,314,S,P,F:\GENESIS Studio\genesis-studio\packages\engines-py\.pdb_cache\4MNE,A
5673,ThermoMPNN,4MNE,-0.06447559595108032,314,S,Q,F:\GENESIS Studio\genesis-studio\packages\engines-py\.pdb_cache\4MNE,A
5674,ThermoMPNN,4MNE,-0.18378794193267822,314,S,R,F:\GENESIS Studio\genesis-studio\packages\engines-py\.pdb_cache\4MNE,A
5675,ThermoMPNN,4MNE,0.0,314,S,S,F:\GENESIS Studio\genesis-studio\packages\engines-py\.pdb_cache\4MNE,A
5676,ThermoMPNN,4MNE,0.18241655826568604,314,S,T,F:\GENESIS Studio\genesis-studio\packages\engines-py\.pdb_cache\4MNE,A
5677,ThermoMPNN,4MNE,0.17223060131072998,314,S,V,F:\GENESIS Studio\genesis-studio\packages\engines-py\.pdb_cache\4MNE,A
5678,ThermoMPNN,4MNE,0.07884520292282104,314,S,W,F:\GENESIS Studio\genesis-studio\packages\engines-py\.pdb_cache\4MNE,A
5679,ThermoMPNN,4MNE,0.09375190734863281,314,S,Y,F:\GENESIS Studio\genesis-studio\packages\engines-py\.pdb_cache\4MNE,A
5680,ThermoMPNN,4MNE,0.1804821491241455,315,T,A,F:\GENESIS Studio\genesis-studio\packages\engines-py\.pdb_cache\4MNE,A
5681,ThermoMPNN,4MNE,-0.3105617165565491,315,T,C,F:\GENESIS Studio\genesis-studio\packages\engines-py\.pdb_cache\4MNE,A
5682,ThermoMPNN,4MNE,1.7748956680297852,315,T,D,F:\GENESIS Studio\genesis-studio\packages\engines-py\.pdb_cache\4MNE,A
5683,ThermoMPNN,4MNE,1.2433972358703613,315,T,E,F:\GENESIS Studio\genesis-studio\packages\engines-py\.pdb_cache\4MNE,A
5684,ThermoMPNN,4MNE,0.09273260831832886,315,T,F,F:\GENESIS Studio\genesis-studio\packages\engines-py\.pdb_cache\4MNE,A
5685,ThermoMPNN,4MNE,1.1637319326400757,315,T,G,F:\GENESIS Studio\genesis-studio\packages\engines-py\.pdb_cache\4MNE,A
5686,ThermoMPNN,4MNE,0.4542301297187805,315,T,H,F:\GENESIS Studio\genesis-studio\packages\engines-py\.pdb_cache\4MNE,A
5687,ThermoMPNN,4MNE,-0.43053513765335083,315,T,I,F:\GENESIS Studio\genesis-studio\packages\engines-py\.pdb_cache\4MNE,A
5688,ThermoMPNN,4MNE,0.34612542390823364,315,T,K,F:\GENESIS Studio\genesis-studio\packages\engines-py\.pdb_cache\4MNE,A
5689,ThermoMPNN,4MNE,-0.2877194285392761,315,T,L,F:\GENESIS Studio\genesis-studio\packages\engines-py\.pdb_cache\4MNE,A
5690,ThermoMPNN,4MNE,-0.3298991322517395,315,T,M,F:\GENESIS Studio\genesis-studio\packages\engines-py\.pdb_cache\4MNE,A
5691,ThermoMPNN,4MNE,0.8064442873001099,315,T,N,F:\GENESIS Studio\genesis-studio\packages\engines-py\.pdb_cache\4MNE,A
5692,ThermoMPNN,4MNE,2.5344901084899902,315,T,P,F:\GENESIS Studio\genesis-studio\packages\engines-py\.pdb_cache\4MNE,A
5693,ThermoMPNN,4MNE,0.34381920099258423,315,T,Q,F:\GENESIS Studio\genesis-studio\packages\engines-py\.pdb_cache\4MNE,A
5694,ThermoMPNN,4MNE,0.15966904163360596,315,T,R,F:\GENESIS Studio\genesis-studio\packages\engines-py\.pdb_cache\4MNE,A
5695,ThermoMPNN,4MNE,0.3341979384422302,315,T,S,F:\GENESIS Studio\genesis-studio\packages\engines-py\.pdb_cache\4MNE,A
5696,ThermoMPNN,4MNE,0.0,315,T,T,F:\GENESIS Studio\genesis-studio\packages\engines-py\.pdb_cache\4MNE,A
5697,ThermoMPNN,4MNE,-0.41600459814071655,315,T,V,F:\GENESIS Studio\genesis-studio\packages\engines-py\.pdb_cache\4MNE,A
5698,ThermoMPNN,4MNE,-0.030210673809051514,315,T,W,F:\GENESIS Studio\genesis-studio\packages\engines-py\.pdb_cache\4MNE,A
5699,ThermoMPNN,4MNE,0.004749596118927002,315,T,Y,F:\GENESIS Studio\genesis-studio\packages\engines-py\.pdb_cache\4MNE,A
5700,ThermoMPNN,4MNE,0.6421743631362915,316,I,A,F:\GENESIS Studio\genesis-studio\packages\engines-py\.pdb_cache\4MNE,A
5701,ThermoMPNN,4MNE,-0.07796382904052734,316,I,C,F:\GENESIS Studio\genesis-studio\packages\engines-py\.pdb_cache\4MNE,A
5702,ThermoMPNN,4MNE,0.9893430471420288,316,I,D,F:\GENESIS Studio\genesis-studio\packages\engines-py\.pdb_cache\4MNE,A
5703,ThermoMPNN,4MNE,0.8952505588531494,316,I,E,F:\GENESIS Studio\genesis-studio\packages\engines-py\.pdb_cache\4MNE,A
5704,ThermoMPNN,4MNE,-0.12284386157989502,316,I,F,F:\GENESIS Studio\genesis-studio\packages\engines-py\.pdb_cache\4MNE,A
5705,ThermoMPNN,4MNE,0.7518471479415894,316,I,G,F:\GENESIS Studio\genesis-studio\packages\engines-py\.pdb_cache\4MNE,A
5706,ThermoMPNN,4MNE,0.5178015828132629,316,I,H,F:\GENESIS Studio\genesis-studio\packages\engines-py\.pdb_cache\4MNE,A
5707,ThermoMPNN,4MNE,0.0,316,I,I,F:\GENESIS Studio\genesis-studio\packages\engines-py\.pdb_cache\4MNE,A
5708,ThermoMPNN,4MNE,0.6514399647712708,316,I,K,F:\GENESIS Studio\genesis-studio\packages\engines-py\.pdb_cache\4MNE,A
5709,ThermoMPNN,4MNE,0.028522968292236328,316,I,L,F:\GENESIS Studio\genesis-studio\packages\engines-py\.pdb_cache\4MNE,A
5710,ThermoMPNN,4MNE,-0.008139371871948242,316,I,M,F:\GENESIS Studio\genesis-studio\packages\engines-py\.pdb_cache\4MNE,A
5711,ThermoMPNN,4MNE,0.6396203637123108,316,I,N,F:\GENESIS Studio\genesis-studio\packages\engines-py\.pdb_cache\4MNE,A
5712,ThermoMPNN,4MNE,1.3365304470062256,316,I,P,F:\GENESIS Studio\genesis-studio\packages\engines-py\.pdb_cache\4MNE,A
5713,ThermoMPNN,4MNE,0.44092196226119995,316,I,Q,F:\GENESIS Studio\genesis-studio\packages\engines-py\.pdb_cache\4MNE,A
5714,ThermoMPNN,4MNE,0.7967122197151184,316,I,R,F:\GENESIS Studio\genesis-studio\packages\engines-py\.pdb_cache\4MNE,A
5715,ThermoMPNN,4MNE,0.40889012813568115,316,I,S,F:\GENESIS Studio\genesis-studio\packages\engines-py\.pdb_cache\4MNE,A
5716,ThermoMPNN,4MNE,0.31784021854400635,316,I,T,F:\GENESIS Studio\genesis-studio\packages\engines-py\.pdb_cache\4MNE,A
5717,ThermoMPNN,4MNE,0.16371947526931763,316,I,V,F:\GENESIS Studio\genesis-studio\packages\engines-py\.pdb_cache\4MNE,A
5718,ThermoMPNN,4MNE,-0.37835824489593506,316,I,W,F:\GENESIS Studio\genesis-studio\packages\engines-py\.pdb_cache\4MNE,A
5719,ThermoMPNN,4MNE,-0.0007265806198120117,316,I,Y,F:\GENESIS Studio\genesis-studio\packages\engines-py\.pdb_cache\4MNE,A
