,Model,Dataset,ddG_pred,position,wildtype,mutation,pdb,chain
0,ThermoMPNN,3OG7,0.4534878134727478,0,D,A,F:\GENESIS Studio\genesis-studio\packages\engines-py\.pdb_cache\3OG7,A
1,ThermoMPNN,3OG7,0.31741052865982056,0,D,C,F:\GENESIS Studio\genesis-studio\packages\engines-py\.pdb_cache\3OG7,A
2,ThermoMPNN,3OG7,0.0,0,D,D,F:\GENESIS Studio\genesis-studio\packages\engines-py\.pdb_cache\3OG7,A
3,ThermoMPNN,3OG7,0.4580552577972412,0,D,E,F:\GENESIS Studio\genesis-studio\packages\engines-py\.pdb_cache\3OG7,A
4,ThermoMPNN,3OG7,0.5777928233146667,0,D,F,F:\GENESIS Studio\genesis-studio\packages\engines-py\.pdb_cache\3OG7,A
5,ThermoMPNN,3OG7,0.5224771499633789,0,D,G,F:\GENESIS Studio\genesis-studio\packages\engines-py\.pdb_cache\3OG7,A
6,ThermoMPNN,3OG7,0.5927309989929199,0,D,H,F:\GENESIS Studio\genesis-studio\packages\engines-py\.pdb_cache\3OG7,A
7,ThermoMPNN,3OG7,0.7400009632110596,0,D,I,F:\GENESIS Studio\genesis-studio\packages\engines-py\.pdb_cache\3OG7,A
8,ThermoMPNN,3OG7,0.6833392381668091,0,D,K,F:\GENESIS Studio\genesis-studio\packages\engines-py\.pdb_cache\3OG7,A
9,ThermoMPNN,3OG7,0.6445490717887878,0,D,L,F:\GENESIS Studio\genesis-studio\packages\engines-py\.pdb_cache\3OG7,A
10,ThermoMPNN,3OG7,0.6672111749649048,0,D,M,F:\GENESIS Studio\genesis-studio\packages\engines-py\.pdb_cache\3OG7,A
11,ThermoMPNN,3OG7,0.29828184843063354,0,D,N,F:\GENESIS Studio\genesis-studio\packages\engines-py\.pdb_cache\3OG7,A
12,ThermoMPNN,3OG7,0.557498574256897,0,D,P,F:\GENESIS Studio\genesis-studio\packages\engines-py\.pdb_cache\3OG7,A
13,ThermoMPNN,3OG7,0.611278772354126,0,D,Q,F:\GENESIS Studio\genesis-studio\packages\engines-py\.pdb_cache\3OG7,A
14,ThermoMPNN,3OG7,0.7022970914840698,0,D,R,F:\GENESIS Studio\genesis-studio\packages\engines-py\.pdb_cache\3OG7,A
15,ThermoMPNN,3OG7,0.22792458534240723,0,D,S,F:\GENESIS Studio\genesis-studio\packages\engines-py\.pdb_cache\3OG7,A
16,ThermoMPNN,3OG7,0.445481538772583,0,D,T,F:\GENESIS Studio\genesis-studio\packages\engines-py\.pdb_cache\3OG7,A
17,ThermoMPNN,3OG7,0.7964053153991699,0,D,V,F:\GENESIS Studio\genesis-studio\packages\engines-py\.pdb_cache\3OG7,A
18,ThermoMPNN,3OG7,0.4519464373588562,0,D,W,F:\GENESIS Studio\genesis-studio\packages\engines-py\.pdb_cache\3OG7,A
19,ThermoMPNN,3OG7,0.6906814575195312,0,D,Y,F:\GENESIS Studio\genesis-studio\packages\engines-py\.pdb_cache\3OG7,A
20,ThermoMPNN,3OG7,0.4844774603843689,1,W,A,F:\GENESIS Studio\genesis-studio\packages\engines-py\.pdb_cache\3OG7,A
21,ThermoMPNN,3OG7,0.08107507228851318,1,W,C,F:\GENESIS Studio\genesis-studio\packages\engines-py\.pdb_cache\3OG7,A
22,ThermoMPNN,3OG7,0.4458107352256775,1,W,D,F:\GENESIS Studio\genesis-studio\packages\engines-py\.pdb_cache\3OG7,A
23,ThermoMPNN,3OG7,0.5589362978935242,1,W,E,F:\GENESIS Studio\genesis-studio\packages\engines-py\.pdb_cache\3OG7,A
24,ThermoMPNN,3OG7,0.5809226036071777,1,W,F,F:\GENESIS Studio\genesis-studio\packages\engines-py\.pdb_cache\3OG7,A
25,ThermoMPNN,3OG7,0.522773265838623,1,W,G,F:\GENESIS Studio\genesis-studio\packages\engines-py\.pdb_cache\3OG7,A
26,ThermoMPNN,3OG7,0.5174543857574463,1,W,H,F:\GENESIS Studio\genesis-studio\packages\engines-py\.pdb_cache\3OG7,A
27,ThermoMPNN,3OG7,0.5927823185920715,1,W,I,F:\GENESIS Studio\genesis-studio\packages\engines-py\.pdb_cache\3OG7,A
28,ThermoMPNN,3OG7,0.956938624382019,1,W,K,F:\GENESIS Studio\genesis-studio\packages\engines-py\.pdb_cache\3OG7,A
29,ThermoMPNN,3OG7,0.4288288354873657,1,W,L,F:\GENESIS Studio\genesis-studio\packages\engines-py\.pdb_cache\3OG7,A
30,ThermoMPNN,3OG7,0.5006905198097229,1,W,M,F:\GENESIS Studio\genesis-studio\packages\engines-py\.pdb_cache\3OG7,A
31,ThermoMPNN,3OG7,0.4816235303878784,1,W,N,F:\GENESIS Studio\genesis-studio\packages\engines-py\.pdb_cache\3OG7,A
32,ThermoMPNN,3OG7,0.7252309322357178,1,W,P,F:\GENESIS Studio\genesis-studio\packages\engines-py\.pdb_cache\3OG7,A
33,ThermoMPNN,3OG7,0.6820908188819885,1,W,Q,F:\GENESIS Studio\genesis-studio\packages\engines-py\.pdb_cache\3OG7,A
34,ThermoMPNN,3OG7,0.9989398717880249,1,W,R,F:\GENESIS Studio\genesis-studio\packages\engines-py\.pdb_cache\3OG7,A
35,ThermoMPNN,3OG7,0.4562668800354004,1,W,S,F:\GENESIS Studio\genesis-studio\packages\engines-py\.pdb_cache\3OG7,A
36,ThermoMPNN,3OG7,0.4968786835670471,1,W,T,F:\GENESIS Studio\genesis-studio\packages\engines-py\.pdb_cache\3OG7,A
37,ThermoMPNN,3OG7,0.5741023421287537,1,W,V,F:\GENESIS Studio\genesis-studio\packages\engines-py\.pdb_cache\3OG7,A
38,ThermoMPNN,3OG7,0.0,1,W,W,F:\GENESIS Studio\genesis-studio\packages\engines-py\.pdb_cache\3OG7,A
39,ThermoMPNN,3OG7,0.45769554376602173,1,W,Y,F:\GENESIS Studio\genesis-studio\packages\engines-py\.pdb_cache\3OG7,A
40,ThermoMPNN,3OG7,0.7025478482246399,2,E,A,F:\GENESIS Studio\genesis-studio\packages\engines-py\.pdb_cache\3OG7,A
41,ThermoMPNN,3OG7,0.49036818742752075,2,E,C,F:\GENESIS Studio\genesis-studio\packages\engines-py\.pdb_cache\3OG7,A
42,ThermoMPNN,3OG7,1.045446515083313,2,E,D,F:\GENESIS Studio\genesis-studio\packages\engines-py\.pdb_cache\3OG7,A
43,ThermoMPNN,3OG7,0.0,2,E,E,F:\GENESIS Studio\genesis-studio\packages\engines-py\.pdb_cache\3OG7,A
44,ThermoMPNN,3OG7,0.6859420537948608,2,E,F,F:\GENESIS Studio\genesis-studio\packages\engines-py\.pdb_cache\3OG7,A
45,ThermoMPNN,3OG7,1.157487154006958,2,E,G,F:\GENESIS Studio\genesis-studio\packages\engines-py\.pdb_cache\3OG7,A
46,ThermoMPNN,3OG7,0.6444615125656128,2,E,H,F:\GENESIS Studio\genesis-studio\packages\engines-py\.pdb_cache\3OG7,A
47,ThermoMPNN,3OG7,0.7150529026985168,2,E,I,F:\GENESIS Studio\genesis-studio\packages\engines-py\.pdb_cache\3OG7,A
48,ThermoMPNN,3OG7,0.7802910804748535,2,E,K,F:\GENESIS Studio\genesis-studio\packages\engines-py\.pdb_cache\3OG7,A
49,ThermoMPNN,3OG7,0.45470237731933594,2,E,L,F:\GENESIS Studio\genesis-studio\packages\engines-py\.pdb_cache\3OG7,A
50,ThermoMPNN,3OG7,0.4628843665122986,2,E,M,F:\GENESIS Studio\genesis-studio\packages\engines-py\.pdb_cache\3OG7,A
51,ThermoMPNN,3OG7,1.0356905460357666,2,E,N,F:\GENESIS Studio\genesis-studio\packages\engines-py\.pdb_cache\3OG7,A
52,ThermoMPNN,3OG7,1.3188663721084595,2,E,P,F:\GENESIS Studio\genesis-studio\packages\engines-py\.pdb_cache\3OG7,A
53,ThermoMPNN,3OG7,0.1909862756729126,2,E,Q,F:\GENESIS Studio\genesis-studio\packages\engines-py\.pdb_cache\3OG7,A
54,ThermoMPNN,3OG7,0.9090338945388794,2,E,R,F:\GENESIS Studio\genesis-studio\packages\engines-py\.pdb_cache\3OG7,A
55,ThermoMPNN,3OG7,0.9916900396347046,2,E,S,F:\GENESIS Studio\genesis-studio\packages\engines-py\.pdb_cache\3OG7,A
56,ThermoMPNN,3OG7,0.8297139406204224,2,E,T,F:\GENESIS Studio\genesis-studio\packages\engines-py\.pdb_cache\3OG7,A
57,ThermoMPNN,3OG7,0.5220076441764832,2,E,V,F:\GENESIS Studio\genesis-studio\packages\engines-py\.pdb_cache\3OG7,A
58,ThermoMPNN,3OG7,0.8475038409233093,2,E,W,F:\GENESIS Studio\genesis-studio\packages\engines-py\.pdb_cache\3OG7,A
59,ThermoMPNN,3OG7,0.6926820874214172,2,E,Y,F:\GENESIS Studio\genesis-studio\packages\engines-py\.pdb_cache\3OG7,A
60,ThermoMPNN,3OG7,2.4818994998931885,3,I,A,F:\GENESIS Studio\genesis-studio\packages\engines-py\.pdb_cache\3OG7,A
61,ThermoMPNN,3OG7,1.8393850326538086,3,I,C,F:\GENESIS Studio\genesis-studio\packages\engines-py\.pdb_cache\3OG7,A
62,ThermoMPNN,3OG7,3.2839765548706055,3,I,D,F:\GENESIS Studio\genesis-studio\packages\engines-py\.pdb_cache\3OG7,A
63,ThermoMPNN,3OG7,3.2614409923553467,3,I,E,F:\GENESIS Studio\genesis-studio\packages\engines-py\.pdb_cache\3OG7,A
64,ThermoMPNN,3OG7,1.6674778461456299,3,I,F,F:\GENESIS Studio\genesis-studio\packages\engines-py\.pdb_cache\3OG7,A
65,ThermoMPNN,3OG7,3.1904401779174805,3,I,G,F:\GENESIS Studio\genesis-studio\packages\engines-py\.pdb_cache\3OG7,A
66,ThermoMPNN,3OG7,2.824760675430298,3,I,H,F:\GENESIS Studio\genesis-studio\packages\engines-py\.pdb_cache\3OG7,A
67,ThermoMPNN,3OG7,0.0,3,I,I,F:\GENESIS Studio\genesis-studio\packages\engines-py\.pdb_cache\3OG7,A
68,ThermoMPNN,3OG7,2.8686978816986084,3,I,K,F:\GENESIS Studio\genesis-studio\packages\engines-py\.pdb_cache\3OG7,A
69,ThermoMPNN,3OG7,1.1742894649505615,3,I,L,F:\GENESIS Studio\genesis-studio\packages\engines-py\.pdb_cache\3OG7,A
70,ThermoMPNN,3OG7,1.6859482526779175,3,I,M,F:\GENESIS Studio\genesis-studio\packages\engines-py\.pdb_cache\3OG7,A
71,ThermoMPNN,3OG7,3.0868442058563232,3,I,N,F:\GENESIS Studio\genesis-studio\packages\engines-py\.pdb_cache\3OG7,A
72,ThermoMPNN,3OG7,3.0290801525115967,3,I,P,F:\GENESIS Studio\genesis-studio\packages\engines-py\.pdb_cache\3OG7,A
73,ThermoMPNN,3OG7,2.981900930404663,3,I,Q,F:\GENESIS Studio\genesis-studio\packages\engines-py\.pdb_cache\3OG7,A
74,ThermoMPNN,3OG7,2.9057068824768066,3,I,R,F:\GENESIS Studio\genesis-studio\packages\engines-py\.pdb_cache\3OG7,A
75,ThermoMPNN,3OG7,3.0558316707611084,3,I,S,F:\GENESIS Studio\genesis-studio\packages\engines-py\.pdb_cache\3OG7,A
76,ThermoMPNN,3OG7,2.5757791996002197,3,I,T,F:\GENESIS Studio\genesis-studio\packages\engines-py\.pdb_cache\3OG7,A
77,ThermoMPNN,3OG7,0.821044921875,3,I,V,F:\GENESIS Studio\genesis-studio\packages\engines-py\.pdb_cache\3OG7,A
78,ThermoMPNN,3OG7,2.2706005573272705,3,I,W,F:\GENESIS Studio\genesis-studio\packages\engines-py\.pdb_cache\3OG7,A
79,ThermoMPNN,3OG7,2.1493849754333496,3,I,Y,F:\GENESIS Studio\genesis-studio\packages\engines-py\.pdb_cache\3OG7,A
80,ThermoMPNN,3OG7,0.3370894193649292,4,P,A,F:\GENESIS Studio\genesis-studio\packages\engines-py\.pdb_cache\3OG7,A
81,ThermoMPNN,3OG7,0.42716526985168457,4,P,C,F:\GENESIS Studio\genesis-studio\packages\engines-py\.pdb_cache\3OG7,A
82,ThermoMPNN,3OG7,1.055877923965454,4,P,D,F:\GENESIS Studio\genesis-studio\packages\engines-py\.pdb_cache\3OG7,A
83,ThermoMPNN,3OG7,0.7789745926856995,4,P,E,F:\GENESIS Studio\genesis-studio\packages\engines-py\.pdb_cache\3OG7,A
84,ThermoMPNN,3OG7,0.9669078588485718,4,P,F,F:\GENESIS Studio\genesis-studio\packages\engines-py\.pdb_cache\3OG7,A
85,ThermoMPNN,3OG7,0.861596941947937,4,P,G,F:\GENESIS Studio\genesis-studio\packages\engines-py\.pdb_cache\3OG7,A
86,ThermoMPNN,3OG7,1.0106350183486938,4,P,H,F:\GENESIS Studio\genesis-studio\packages\engines-py\.pdb_cache\3OG7,A
87,ThermoMPNN,3OG7,0.7992771863937378,4,P,I,F:\GENESIS Studio\genesis-studio\packages\engines-py\.pdb_cache\3OG7,A
88,ThermoMPNN,3OG7,0.8063846826553345,4,P,K,F:\GENESIS Studio\genesis-studio\packages\engines-py\.pdb_cache\3OG7,A
89,ThermoMPNN,3OG7,0.7991554737091064,4,P,L,F:\GENESIS Studio\genesis-studio\packages\engines-py\.pdb_cache\3OG7,A
90,ThermoMPNN,3OG7,0.7714167833328247,4,P,M,F:\GENESIS Studio\genesis-studio\packages\engines-py\.pdb_cache\3OG7,A
91,ThermoMPNN,3OG7,1.0062854290008545,4,P,N,F:\GENESIS Studio\genesis-studio\packages\engines-py\.pdb_cache\3OG7,A
92,ThermoMPNN,3OG7,0.0,4,P,P,F:\GENESIS Studio\genesis-studio\packages\engines-py\.pdb_cache\3OG7,A
93,ThermoMPNN,3OG7,0.8013238906860352,4,P,Q,F:\GENESIS Studio\genesis-studio\packages\engines-py\.pdb_cache\3OG7,A
94,ThermoMPNN,3OG7,0.8961929082870483,4,P,R,F:\GENESIS Studio\genesis-studio\packages\engines-py\.pdb_cache\3OG7,A
95,ThermoMPNN,3OG7,0.5905283093452454,4,P,S,F:\GENESIS Studio\genesis-studio\packages\engines-py\.pdb_cache\3OG7,A
96,ThermoMPNN,3OG7,0.7457250356674194,4,P,T,F:\GENESIS Studio\genesis-studio\packages\engines-py\.pdb_cache\3OG7,A
97,ThermoMPNN,3OG7,0.7137740850448608,4,P,V,F:\GENESIS Studio\genesis-studio\packages\engines-py\.pdb_cache\3OG7,A
98,ThermoMPNN,3OG7,0.8752211332321167,4,P,W,F:\GENESIS Studio\genesis-studio\packages\engines-py\.pdb_cache\3OG7,A
99,ThermoMPNN,3OG7,0.9264163970947266,4,P,Y,F:\GENESIS Studio\genesis-studio\packages\engines-py\.pdb_cache\3OG7,A
100,ThermoMPNN,3OG7,0.08072936534881592,5,D,A,F:\GENESIS Studio\genesis-studio\packages\engines-py\.pdb_cache\3OG7,A
101,ThermoMPNN,3OG7,-0.07850044965744019,5,D,C,F:\GENESIS Studio\genesis-studio\packages\engines-py\.pdb_cache\3OG7,A
102,ThermoMPNN,3OG7,0.0,5,D,D,F:\GENESIS Studio\genesis-studio\packages\engines-py\.pdb_cache\3OG7,A
103,ThermoMPNN,3OG7,-0.42988723516464233,5,D,E,F:\GENESIS Studio\genesis-studio\packages\engines-py\.pdb_cache\3OG7,A
104,ThermoMPNN,3OG7,-0.011098027229309082,5,D,F,F:\GENESIS Studio\genesis-studio\packages\engines-py\.pdb_cache\3OG7,A
105,ThermoMPNN,3OG7,1.0149312019348145,5,D,G,F:\GENESIS Studio\genesis-studio\packages\engines-py\.pdb_cache\3OG7,A
106,ThermoMPNN,3OG7,0.31738752126693726,5,D,H,F:\GENESIS Studio\genesis-studio\packages\engines-py\.pdb_cache\3OG7,A
107,ThermoMPNN,3OG7,-0.1600075364112854,5,D,I,F:\GENESIS Studio\genesis-studio\packages\engines-py\.pdb_cache\3OG7,A
108,ThermoMPNN,3OG7,0.6640026569366455,5,D,K,F:\GENESIS Studio\genesis-studio\packages\engines-py\.pdb_cache\3OG7,A
109,ThermoMPNN,3OG7,-0.01773536205291748,5,D,L,F:\GENESIS Studio\genesis-studio\packages\engines-py\.pdb_cache\3OG7,A
110,ThermoMPNN,3OG7,0.07532566785812378,5,D,M,F:\GENESIS Studio\genesis-studio\packages\engines-py\.pdb_cache\3OG7,A
111,ThermoMPNN,3OG7,0.559476912021637,5,D,N,F:\GENESIS Studio\genesis-studio\packages\engines-py\.pdb_cache\3OG7,A
112,ThermoMPNN,3OG7,0.5179439783096313,5,D,P,F:\GENESIS Studio\genesis-studio\packages\engines-py\.pdb_cache\3OG7,A
113,ThermoMPNN,3OG7,0.1726759672164917,5,D,Q,F:\GENESIS Studio\genesis-studio\packages\engines-py\.pdb_cache\3OG7,A
114,ThermoMPNN,3OG7,0.6669456362724304,5,D,R,F:\GENESIS Studio\genesis-studio\packages\engines-py\.pdb_cache\3OG7,A
115,ThermoMPNN,3OG7,0.21565109491348267,5,D,S,F:\GENESIS Studio\genesis-studio\packages\engines-py\.pdb_cache\3OG7,A
116,ThermoMPNN,3OG7,0.23567360639572144,5,D,T,F:\GENESIS Studio\genesis-studio\packages\engines-py\.pdb_cache\3OG7,A
117,ThermoMPNN,3OG7,-0.2192884087562561,5,D,V,F:\GENESIS Studio\genesis-studio\packages\engines-py\.pdb_cache\3OG7,A
118,ThermoMPNN,3OG7,-0.15452653169631958,5,D,W,F:\GENESIS Studio\genesis-studio\packages\engines-py\.pdb_cache\3OG7,A
119,ThermoMPNN,3OG7,0.005436718463897705,5,D,Y,F:\GENESIS Studio\genesis-studio\packages\engines-py\.pdb_cache\3OG7,A
120,ThermoMPNN,3OG7,1.685465931892395,6,G,A,F:\GENESIS Studio\genesis-studio\packages\engines-py\.pdb_cache\3OG7,A
121,ThermoMPNN,3OG7,0.9817293882369995,6,G,C,F:\GENESIS Studio\genesis-studio\packages\engines-py\.pdb_cache\3OG7,A
122,ThermoMPNN,3OG7,1.5756855010986328,6,G,D,F:\GENESIS Studio\genesis-studio\packages\engines-py\.pdb_cache\3OG7,A
123,ThermoMPNN,3OG7,1.7678802013397217,6,G,E,F:\GENESIS Studio\genesis-studio\packages\engines-py\.pdb_cache\3OG7,A
124,ThermoMPNN,3OG7,1.5210185050964355,6,G,F,F:\GENESIS Studio\genesis-studio\packages\engines-py\.pdb_cache\3OG7,A
125,ThermoMPNN,3OG7,0.0,6,G,G,F:\GENESIS Studio\genesis-studio\packages\engines-py\.pdb_cache\3OG7,A
126,ThermoMPNN,3OG7,1.518967628479004,6,G,H,F:\GENESIS Studio\genesis-studio\packages\engines-py\.pdb_cache\3OG7,A
127,ThermoMPNN,3OG7,2.0552077293395996,6,G,I,F:\GENESIS Studio\genesis-studio\packages\engines-py\.pdb_cache\3OG7,A
128,ThermoMPNN,3OG7,1.8640692234039307,6,G,K,F:\GENESIS Studio\genesis-studio\packages\engines-py\.pdb_cache\3OG7,A
129,ThermoMPNN,3OG7,1.748649001121521,6,G,L,F:\GENESIS Studio\genesis-studio\packages\engines-py\.pdb_cache\3OG7,A
130,ThermoMPNN,3OG7,1.6281014680862427,6,G,M,F:\GENESIS Studio\genesis-studio\packages\engines-py\.pdb_cache\3OG7,A
131,ThermoMPNN,3OG7,1.4419491291046143,6,G,N,F:\GENESIS Studio\genesis-studio\packages\engines-py\.pdb_cache\3OG7,A
132,ThermoMPNN,3OG7,2.363243579864502,6,G,P,F:\GENESIS Studio\genesis-studio\packages\engines-py\.pdb_cache\3OG7,A
133,ThermoMPNN,3OG7,1.7607219219207764,6,G,Q,F:\GENESIS Studio\genesis-studio\packages\engines-py\.pdb_cache\3OG7,A
134,ThermoMPNN,3OG7,1.8521534204483032,6,G,R,F:\GENESIS Studio\genesis-studio\packages\engines-py\.pdb_cache\3OG7,A
135,ThermoMPNN,3OG7,1.6853011846542358,6,G,S,F:\GENESIS Studio\genesis-studio\packages\engines-py\.pdb_cache\3OG7,A
136,ThermoMPNN,3OG7,1.9798338413238525,6,G,T,F:\GENESIS Studio\genesis-studio\packages\engines-py\.pdb_cache\3OG7,A
137,ThermoMPNN,3OG7,2.1140880584716797,6,G,V,F:\GENESIS Studio\genesis-studio\packages\engines-py\.pdb_cache\3OG7,A
138,ThermoMPNN,3OG7,1.7074894905090332,6,G,W,F:\GENESIS Studio\genesis-studio\packages\engines-py\.pdb_cache\3OG7,A
139,ThermoMPNN,3OG7,1.6703262329101562,6,G,Y,F:\GENESIS Studio\genesis-studio\packages\engines-py\.pdb_cache\3OG7,A
140,ThermoMPNN,3OG7,0.4515644311904907,7,Q,A,F:\GENESIS Studio\genesis-studio\packages\engines-py\.pdb_cache\3OG7,A
141,ThermoMPNN,3OG7,0.380914568901062,7,Q,C,F:\GENESIS Studio\genesis-studio\packages\engines-py\.pdb_cache\3OG7,A
142,ThermoMPNN,3OG7,0.8058288097381592,7,Q,D,F:\GENESIS Studio\genesis-studio\packages\engines-py\.pdb_cache\3OG7,A
143,ThermoMPNN,3OG7,0.2058720588684082,7,Q,E,F:\GENESIS Studio\genesis-studio\packages\engines-py\.pdb_cache\3OG7,A
144,ThermoMPNN,3OG7,0.6420028209686279,7,Q,F,F:\GENESIS Studio\genesis-studio\packages\engines-py\.pdb_cache\3OG7,A
145,ThermoMPNN,3OG7,1.260875940322876,7,Q,G,F:\GENESIS Studio\genesis-studio\packages\engines-py\.pdb_cache\3OG7,A
146,ThermoMPNN,3OG7,0.8253275156021118,7,Q,H,F:\GENESIS Studio\genesis-studio\packages\engines-py\.pdb_cache\3OG7,A
147,ThermoMPNN,3OG7,0.5533348321914673,7,Q,I,F:\GENESIS Studio\genesis-studio\packages\engines-py\.pdb_cache\3OG7,A
148,ThermoMPNN,3OG7,0.8948915600776672,7,Q,K,F:\GENESIS Studio\genesis-studio\packages\engines-py\.pdb_cache\3OG7,A
149,ThermoMPNN,3OG7,0.2931259870529175,7,Q,L,F:\GENESIS Studio\genesis-studio\packages\engines-py\.pdb_cache\3OG7,A
150,ThermoMPNN,3OG7,0.039742350578308105,7,Q,M,F:\GENESIS Studio\genesis-studio\packages\engines-py\.pdb_cache\3OG7,A
151,ThermoMPNN,3OG7,1.1368781328201294,7,Q,N,F:\GENESIS Studio\genesis-studio\packages\engines-py\.pdb_cache\3OG7,A
152,ThermoMPNN,3OG7,2.2176992893218994,7,Q,P,F:\GENESIS Studio\genesis-studio\packages\engines-py\.pdb_cache\3OG7,A
153,ThermoMPNN,3OG7,0.0,7,Q,Q,F:\GENESIS Studio\genesis-studio\packages\engines-py\.pdb_cache\3OG7,A
154,ThermoMPNN,3OG7,0.9756312966346741,7,Q,R,F:\GENESIS Studio\genesis-studio\packages\engines-py\.pdb_cache\3OG7,A
155,ThermoMPNN,3OG7,0.5940815806388855,7,Q,S,F:\GENESIS Studio\genesis-studio\packages\engines-py\.pdb_cache\3OG7,A
156,ThermoMPNN,3OG7,0.5972384214401245,7,Q,T,F:\GENESIS Studio\genesis-studio\packages\engines-py\.pdb_cache\3OG7,A
157,ThermoMPNN,3OG7,0.5884131789207458,7,Q,V,F:\GENESIS Studio\genesis-studio\packages\engines-py\.pdb_cache\3OG7,A
158,ThermoMPNN,3OG7,0.47777050733566284,7,Q,W,F:\GENESIS Studio\genesis-studio\packages\engines-py\.pdb_cache\3OG7,A
159,ThermoMPNN,3OG7,0.7259425520896912,7,Q,Y,F:\GENESIS Studio\genesis-studio\packages\engines-py\.pdb_cache\3OG7,A
160,ThermoMPNN,3OG7,2.752023696899414,8,I,A,F:\GENESIS Studio\genesis-studio\packages\engines-py\.pdb_cache\3OG7,A
161,ThermoMPNN,3OG7,2.1770572662353516,8,I,C,F:\GENESIS Studio\genesis-studio\packages\engines-py\.pdb_cache\3OG7,A
162,ThermoMPNN,3OG7,3.626910924911499,8,I,D,F:\GENESIS Studio\genesis-studio\packages\engines-py\.pdb_cache\3OG7,A
163,ThermoMPNN,3OG7,3.630037784576416,8,I,E,F:\GENESIS Studio\genesis-studio\packages\engines-py\.pdb_cache\3OG7,A
164,ThermoMPNN,3OG7,1.9979761838912964,8,I,F,F:\GENESIS Studio\genesis-studio\packages\engines-py\.pdb_cache\3OG7,A
165,ThermoMPNN,3OG7,3.602733612060547,8,I,G,F:\GENESIS Studio\genesis-studio\packages\engines-py\.pdb_cache\3OG7,A
166,ThermoMPNN,3OG7,3.3400819301605225,8,I,H,F:\GENESIS Studio\genesis-studio\packages\engines-py\.pdb_cache\3OG7,A
167,ThermoMPNN,3OG7,0.0,8,I,I,F:\GENESIS Studio\genesis-studio\packages\engines-py\.pdb_cache\3OG7,A
168,ThermoMPNN,3OG7,3.411343574523926,8,I,K,F:\GENESIS Studio\genesis-studio\packages\engines-py\.pdb_cache\3OG7,A
169,ThermoMPNN,3OG7,1.38960599899292,8,I,L,F:\GENESIS Studio\genesis-studio\packages\engines-py\.pdb_cache\3OG7,A
170,ThermoMPNN,3OG7,1.928216814994812,8,I,M,F:\GENESIS Studio\genesis-studio\packages\engines-py\.pdb_cache\3OG7,A
171,ThermoMPNN,3OG7,3.5650641918182373,8,I,N,F:\GENESIS Studio\genesis-studio\packages\engines-py\.pdb_cache\3OG7,A
172,ThermoMPNN,3OG7,3.374211072921753,8,I,P,F:\GENESIS Studio\genesis-studio\packages\engines-py\.pdb_cache\3OG7,A
173,ThermoMPNN,3OG7,3.4297220706939697,8,I,Q,F:\GENESIS Studio\genesis-studio\packages\engines-py\.pdb_cache\3OG7,A
174,ThermoMPNN,3OG7,3.4171502590179443,8,I,R,F:\GENESIS Studio\genesis-studio\packages\engines-py\.pdb_cache\3OG7,A
175,ThermoMPNN,3OG7,3.3413867950439453,8,I,S,F:\GENESIS Studio\genesis-studio\packages\engines-py\.pdb_cache\3OG7,A
176,ThermoMPNN,3OG7,2.8171470165252686,8,I,T,F:\GENESIS Studio\genesis-studio\packages\engines-py\.pdb_cache\3OG7,A
177,ThermoMPNN,3OG7,0.8689217567443848,8,I,V,F:\GENESIS Studio\genesis-studio\packages\engines-py\.pdb_cache\3OG7,A
178,ThermoMPNN,3OG7,2.5561771392822266,8,I,W,F:\GENESIS Studio\genesis-studio\packages\engines-py\.pdb_cache\3OG7,A
179,ThermoMPNN,3OG7,2.548327922821045,8,I,Y,F:\GENESIS Studio\genesis-studio\packages\engines-py\.pdb_cache\3OG7,A
180,ThermoMPNN,3OG7,0.43629205226898193,9,T,A,F:\GENESIS Studio\genesis-studio\packages\engines-py\.pdb_cache\3OG7,A
181,ThermoMPNN,3OG7,0.17973893880844116,9,T,C,F:\GENESIS Studio\genesis-studio\packages\engines-py\.pdb_cache\3OG7,A
182,ThermoMPNN,3OG7,0.632510781288147,9,T,D,F:\GENESIS Studio\genesis-studio\packages\engines-py\.pdb_cache\3OG7,A
183,ThermoMPNN,3OG7,0.19934207201004028,9,T,E,F:\GENESIS Studio\genesis-studio\packages\engines-py\.pdb_cache\3OG7,A
184,ThermoMPNN,3OG7,0.5023350715637207,9,T,F,F:\GENESIS Studio\genesis-studio\packages\engines-py\.pdb_cache\3OG7,A
185,ThermoMPNN,3OG7,1.1388437747955322,9,T,G,F:\GENESIS Studio\genesis-studio\packages\engines-py\.pdb_cache\3OG7,A
186,ThermoMPNN,3OG7,0.3958696722984314,9,T,H,F:\GENESIS Studio\genesis-studio\packages\engines-py\.pdb_cache\3OG7,A
187,ThermoMPNN,3OG7,0.0788811445236206,9,T,I,F:\GENESIS Studio\genesis-studio\packages\engines-py\.pdb_cache\3OG7,A
188,ThermoMPNN,3OG7,0.44252675771713257,9,T,K,F:\GENESIS Studio\genesis-studio\packages\engines-py\.pdb_cache\3OG7,A
189,ThermoMPNN,3OG7,0.29414522647857666,9,T,L,F:\GENESIS Studio\genesis-studio\packages\engines-py\.pdb_cache\3OG7,A
190,ThermoMPNN,3OG7,0.29170501232147217,9,T,M,F:\GENESIS Studio\genesis-studio\packages\engines-py\.pdb_cache\3OG7,A
191,ThermoMPNN,3OG7,0.6517784595489502,9,T,N,F:\GENESIS Studio\genesis-studio\packages\engines-py\.pdb_cache\3OG7,A
192,ThermoMPNN,3OG7,2.172940731048584,9,T,P,F:\GENESIS Studio\genesis-studio\packages\engines-py\.pdb_cache\3OG7,A
193,ThermoMPNN,3OG7,0.15325939655303955,9,T,Q,F:\GENESIS Studio\genesis-studio\packages\engines-py\.pdb_cache\3OG7,A
194,ThermoMPNN,3OG7,0.3838404417037964,9,T,R,F:\GENESIS Studio\genesis-studio\packages\engines-py\.pdb_cache\3OG7,A
195,ThermoMPNN,3OG7,0.29989510774612427,9,T,S,F:\GENESIS Studio\genesis-studio\packages\engines-py\.pdb_cache\3OG7,A
196,ThermoMPNN,3OG7,0.0,9,T,T,F:\GENESIS Studio\genesis-studio\packages\engines-py\.pdb_cache\3OG7,A
197,ThermoMPNN,3OG7,-0.025296926498413086,9,T,V,F:\GENESIS Studio\genesis-studio\packages\engines-py\.pdb_cache\3OG7,A
198,ThermoMPNN,3OG7,0.3187910318374634,9,T,W,F:\GENESIS Studio\genesis-studio\packages\engines-py\.pdb_cache\3OG7,A
199,ThermoMPNN,3OG7,0.4185161590576172,9,T,Y,F:\GENESIS Studio\genesis-studio\packages\engines-py\.pdb_cache\3OG7,A
200,ThermoMPNN,3OG7,1.4289119243621826,10,V,A,F:\GENESIS Studio\genesis-studio\packages\engines-py\.pdb_cache\3OG7,A
201,ThermoMPNN,3OG7,0.7396728992462158,10,V,C,F:\GENESIS Studio\genesis-studio\packages\engines-py\.pdb_cache\3OG7,A
202,ThermoMPNN,3OG7,2.4067423343658447,10,V,D,F:\GENESIS Studio\genesis-studio\packages\engines-py\.pdb_cache\3OG7,A
203,ThermoMPNN,3OG7,1.9434609413146973,10,V,E,F:\GENESIS Studio\genesis-studio\packages\engines-py\.pdb_cache\3OG7,A
204,ThermoMPNN,3OG7,1.005176067352295,10,V,F,F:\GENESIS Studio\genesis-studio\packages\engines-py\.pdb_cache\3OG7,A
205,ThermoMPNN,3OG7,2.163590908050537,10,V,G,F:\GENESIS Studio\genesis-studio\packages\engines-py\.pdb_cache\3OG7,A
206,ThermoMPNN,3OG7,1.7564897537231445,10,V,H,F:\GENESIS Studio\genesis-studio\packages\engines-py\.pdb_cache\3OG7,A
207,ThermoMPNN,3OG7,-0.3032565116882324,10,V,I,F:\GENESIS Studio\genesis-studio\packages\engines-py\.pdb_cache\3OG7,A
208,ThermoMPNN,3OG7,1.503732442855835,10,V,K,F:\GENESIS Studio\genesis-studio\packages\engines-py\.pdb_cache\3OG7,A
209,ThermoMPNN,3OG7,0.18601369857788086,10,V,L,F:\GENESIS Studio\genesis-studio\packages\engines-py\.pdb_cache\3OG7,A
210,ThermoMPNN,3OG7,0.8031934499740601,10,V,M,F:\GENESIS Studio\genesis-studio\packages\engines-py\.pdb_cache\3OG7,A
211,ThermoMPNN,3OG7,2.0752060413360596,10,V,N,F:\GENESIS Studio\genesis-studio\packages\engines-py\.pdb_cache\3OG7,A
212,ThermoMPNN,3OG7,1.4912912845611572,10,V,P,F:\GENESIS Studio\genesis-studio\packages\engines-py\.pdb_cache\3OG7,A
213,ThermoMPNN,3OG7,1.7416913509368896,10,V,Q,F:\GENESIS Studio\genesis-studio\packages\engines-py\.pdb_cache\3OG7,A
214,ThermoMPNN,3OG7,1.5777809619903564,10,V,R,F:\GENESIS Studio\genesis-studio\packages\engines-py\.pdb_cache\3OG7,A
215,ThermoMPNN,3OG7,1.7925575971603394,10,V,S,F:\GENESIS Studio\genesis-studio\packages\engines-py\.pdb_cache\3OG7,A
216,ThermoMPNN,3OG7,1.0089328289031982,10,V,T,F:\GENESIS Studio\genesis-studio\packages\engines-py\.pdb_cache\3OG7,A
217,ThermoMPNN,3OG7,0.0,10,V,V,F:\GENESIS Studio\genesis-studio\packages\engines-py\.pdb_cache\3OG7,A
218,ThermoMPNN,3OG7,0.9492785930633545,10,V,W,F:\GENESIS Studio\genesis-studio\packages\engines-py\.pdb_cache\3OG7,A
219,ThermoMPNN,3OG7,1.0926085710525513,10,V,Y,F:\GENESIS Studio\genesis-studio\packages\engines-py\.pdb_cache\3OG7,A
220,ThermoMPNN,3OG7,0.8489952683448792,11,G,A,F:\GENESIS Studio\genesis-studio\packages\engines-py\.pdb_cache\3OG7,A
221,ThermoMPNN,3OG7,-0.12077748775482178,11,G,C,F:\GENESIS Studio\genesis-studio\packages\engines-py\.pdb_cache\3OG7,A
222,ThermoMPNN,3OG7,0.6026684045791626,11,G,D,F:\GENESIS Studio\genesis-studio\packages\engines-py\.pdb_cache\3OG7,A
223,ThermoMPNN,3OG7,0.47334396839141846,11,G,E,F:\GENESIS Studio\genesis-studio\packages\engines-py\.pdb_cache\3OG7,A
224,ThermoMPNN,3OG7,0.06715798377990723,11,G,F,F:\GENESIS Studio\genesis-studio\packages\engines-py\.pdb_cache\3OG7,A
225,ThermoMPNN,3OG7,0.0,11,G,G,F:\GENESIS Studio\genesis-studio\packages\engines-py\.pdb_cache\3OG7,A
226,ThermoMPNN,3OG7,0.5053823590278625,11,G,H,F:\GENESIS Studio\genesis-studio\packages\engines-py\.pdb_cache\3OG7,A
227,ThermoMPNN,3OG7,0.6489214897155762,11,G,I,F:\GENESIS Studio\genesis-studio\packages\engines-py\.pdb_cache\3OG7,A
228,ThermoMPNN,3OG7,0.8900532126426697,11,G,K,F:\GENESIS Studio\genesis-studio\packages\engines-py\.pdb_cache\3OG7,A
229,ThermoMPNN,3OG7,0.2705426812171936,11,G,L,F:\GENESIS Studio\genesis-studio\packages\engines-py\.pdb_cache\3OG7,A
230,ThermoMPNN,3OG7,0.18134605884552002,11,G,M,F:\GENESIS Studio\genesis-studio\packages\engines-py\.pdb_cache\3OG7,A
231,ThermoMPNN,3OG7,0.5399512648582458,11,G,N,F:\GENESIS Studio\genesis-studio\packages\engines-py\.pdb_cache\3OG7,A
232,ThermoMPNN,3OG7,2.0478575229644775,11,G,P,F:\GENESIS Studio\genesis-studio\packages\engines-py\.pdb_cache\3OG7,A
233,ThermoMPNN,3OG7,0.5381605625152588,11,G,Q,F:\GENESIS Studio\genesis-studio\packages\engines-py\.pdb_cache\3OG7,A
234,ThermoMPNN,3OG7,0.9243366122245789,11,G,R,F:\GENESIS Studio\genesis-studio\packages\engines-py\.pdb_cache\3OG7,A
235,ThermoMPNN,3OG7,0.7157939672470093,11,G,S,F:\GENESIS Studio\genesis-studio\packages\engines-py\.pdb_cache\3OG7,A
236,ThermoMPNN,3OG7,0.5208529829978943,11,G,T,F:\GENESIS Studio\genesis-studio\packages\engines-py\.pdb_cache\3OG7,A
237,ThermoMPNN,3OG7,0.8432955145835876,11,G,V,F:\GENESIS Studio\genesis-studio\packages\engines-py\.pdb_cache\3OG7,A
238,ThermoMPNN,3OG7,0.6669972538948059,11,G,W,F:\GENESIS Studio\genesis-studio\packages\engines-py\.pdb_cache\3OG7,A
239,ThermoMPNN,3OG7,0.48815298080444336,11,G,Y,F:\GENESIS Studio\genesis-studio\packages\engines-py\.pdb_cache\3OG7,A
240,ThermoMPNN,3OG7,0.07044035196304321,12,Q,A,F:\GENESIS Studio\genesis-studio\packages\engines-py\.pdb_cache\3OG7,A
241,ThermoMPNN,3OG7,-0.24096190929412842,12,Q,C,F:\GENESIS Studio\genesis-studio\packages\engines-py\.pdb_cache\3OG7,A
242,ThermoMPNN,3OG7,0.027105331420898438,12,Q,D,F:\GENESIS Studio\genesis-studio\packages\engines-py\.pdb_cache\3OG7,A
243,ThermoMPNN,3OG7,-0.2512745261192322,12,Q,E,F:\GENESIS Studio\genesis-studio\packages\engines-py\.pdb_cache\3OG7,A
244,ThermoMPNN,3OG7,-0.15835553407669067,12,Q,F,F:\GENESIS Studio\genesis-studio\packages\engines-py\.pdb_cache\3OG7,A
245,ThermoMPNN,3OG7,0.4411841630935669,12,Q,G,F:\GENESIS Studio\genesis-studio\packages\engines-py\.pdb_cache\3OG7,A
246,ThermoMPNN,3OG7,-0.011823892593383789,12,Q,H,F:\GENESIS Studio\genesis-studio\packages\engines-py\.pdb_cache\3OG7,A
247,ThermoMPNN,3OG7,-0.20079535245895386,12,Q,I,F:\GENESIS Studio\genesis-studio\packages\engines-py\.pdb_cache\3OG7,A
248,ThermoMPNN,3OG7,0.18707889318466187,12,Q,K,F:\GENESIS Studio\genesis-studio\packages\engines-py\.pdb_cache\3OG7,A
249,ThermoMPNN,3OG7,0.01717233657836914,12,Q,L,F:\GENESIS Studio\genesis-studio\packages\engines-py\.pdb_cache\3OG7,A
250,ThermoMPNN,3OG7,0.01959967613220215,12,Q,M,F:\GENESIS Studio\genesis-studio\packages\engines-py\.pdb_cache\3OG7,A
251,ThermoMPNN,3OG7,0.30413857102394104,12,Q,N,F:\GENESIS Studio\genesis-studio\packages\engines-py\.pdb_cache\3OG7,A
252,ThermoMPNN,3OG7,0.5462754368782043,12,Q,P,F:\GENESIS Studio\genesis-studio\packages\engines-py\.pdb_cache\3OG7,A
253,ThermoMPNN,3OG7,0.0,12,Q,Q,F:\GENESIS Studio\genesis-studio\packages\engines-py\.pdb_cache\3OG7,A
254,ThermoMPNN,3OG7,0.19414424896240234,12,Q,R,F:\GENESIS Studio\genesis-studio\packages\engines-py\.pdb_cache\3OG7,A
255,ThermoMPNN,3OG7,0.1066102385520935,12,Q,S,F:\GENESIS Studio\genesis-studio\packages\engines-py\.pdb_cache\3OG7,A
256,ThermoMPNN,3OG7,-0.004569113254547119,12,Q,T,F:\GENESIS Studio\genesis-studio\packages\engines-py\.pdb_cache\3OG7,A
257,ThermoMPNN,3OG7,-0.0906112790107727,12,Q,V,F:\GENESIS Studio\genesis-studio\packages\engines-py\.pdb_cache\3OG7,A
258,ThermoMPNN,3OG7,-0.12211418151855469,12,Q,W,F:\GENESIS Studio\genesis-studio\packages\engines-py\.pdb_cache\3OG7,A
259,ThermoMPNN,3OG7,-0.1716485619544983,12,Q,Y,F:\GENESIS Studio\genesis-studio\packages\engines-py\.pdb_cache\3OG7,A
260,ThermoMPNN,3OG7,0.4164293706417084,13,R,A,F:\GENESIS Studio\genesis-studio\packages\engines-py\.pdb_cache\3OG7,A
261,ThermoMPNN,3OG7,-0.20437419414520264,13,R,C,F:\GENESIS Studio\genesis-studio\packages\engines-py\.pdb_cache\3OG7,A
262,ThermoMPNN,3OG7,1.1233000755310059,13,R,D,F:\GENESIS Studio\genesis-studio\packages\engines-py\.pdb_cache\3OG7,A
263,ThermoMPNN,3OG7,0.2880038321018219,13,R,E,F:\GENESIS Studio\genesis-studio\packages\engines-py\.pdb_cache\3OG7,A
264,ThermoMPNN,3OG7,-0.43271398544311523,13,R,F,F:\GENESIS Studio\genesis-studio\packages\engines-py\.pdb_cache\3OG7,A
265,ThermoMPNN,3OG7,1.0642166137695312,13,R,G,F:\GENESIS Studio\genesis-studio\packages\engines-py\.pdb_cache\3OG7,A
266,ThermoMPNN,3OG7,0.10210734605789185,13,R,H,F:\GENESIS Studio\genesis-studio\packages\engines-py\.pdb_cache\3OG7,A
267,ThermoMPNN,3OG7,-0.5567076206207275,13,R,I,F:\GENESIS Studio\genesis-studio\packages\engines-py\.pdb_cache\3OG7,A
268,ThermoMPNN,3OG7,-0.007176220417022705,13,R,K,F:\GENESIS Studio\genesis-studio\packages\engines-py\.pdb_cache\3OG7,A
269,ThermoMPNN,3OG7,-0.40922021865844727,13,R,L,F:\GENESIS Studio\genesis-studio\packages\engines-py\.pdb_cache\3OG7,A
270,ThermoMPNN,3OG7,-0.22705841064453125,13,R,M,F:\GENESIS Studio\genesis-studio\packages\engines-py\.pdb_cache\3OG7,A
271,ThermoMPNN,3OG7,0.7248348593711853,13,R,N,F:\GENESIS Studio\genesis-studio\packages\engines-py\.pdb_cache\3OG7,A
272,ThermoMPNN,3OG7,0.5142840147018433,13,R,P,F:\GENESIS Studio\genesis-studio\packages\engines-py\.pdb_cache\3OG7,A
273,ThermoMPNN,3OG7,0.1731356978416443,13,R,Q,F:\GENESIS Studio\genesis-studio\packages\engines-py\.pdb_cache\3OG7,A
274,ThermoMPNN,3OG7,0.0,13,R,R,F:\GENESIS Studio\genesis-studio\packages\engines-py\.pdb_cache\3OG7,A
275,ThermoMPNN,3OG7,0.608938992023468,13,R,S,F:\GENESIS Studio\genesis-studio\packages\engines-py\.pdb_cache\3OG7,A
276,ThermoMPNN,3OG7,0.35358327627182007,13,R,T,F:\GENESIS Studio\genesis-studio\packages\engines-py\.pdb_cache\3OG7,A
277,ThermoMPNN,3OG7,-0.3680318593978882,13,R,V,F:\GENESIS Studio\genesis-studio\packages\engines-py\.pdb_cache\3OG7,A
278,ThermoMPNN,3OG7,-0.16145282983779907,13,R,W,F:\GENESIS Studio\genesis-studio\packages\engines-py\.pdb_cache\3OG7,A
279,ThermoMPNN,3OG7,-0.3014484643936157,13,R,Y,F:\GENESIS Studio\genesis-studio\packages\engines-py\.pdb_cache\3OG7,A
280,ThermoMPNN,3OG7,1.8157305717468262,14,I,A,F:\GENESIS Studio\genesis-studio\packages\engines-py\.pdb_cache\3OG7,A
281,ThermoMPNN,3OG7,1.1208443641662598,14,I,C,F:\GENESIS Studio\genesis-studio\packages\engines-py\.pdb_cache\3OG7,A
282,ThermoMPNN,3OG7,2.233480215072632,14,I,D,F:\GENESIS Studio\genesis-studio\packages\engines-py\.pdb_cache\3OG7,A
283,ThermoMPNN,3OG7,2.1757962703704834,14,I,E,F:\GENESIS Studio\genesis-studio\packages\engines-py\.pdb_cache\3OG7,A
284,ThermoMPNN,3OG7,1.185923457145691,14,I,F,F:\GENESIS Studio\genesis-studio\packages\engines-py\.pdb_cache\3OG7,A
285,ThermoMPNN,3OG7,2.6244957447052,14,I,G,F:\GENESIS Studio\genesis-studio\packages\engines-py\.pdb_cache\3OG7,A
286,ThermoMPNN,3OG7,1.793168544769287,14,I,H,F:\GENESIS Studio\genesis-studio\packages\engines-py\.pdb_cache\3OG7,A
287,ThermoMPNN,3OG7,0.0,14,I,I,F:\GENESIS Studio\genesis-studio\packages\engines-py\.pdb_cache\3OG7,A
288,ThermoMPNN,3OG7,2.0159382820129395,14,I,K,F:\GENESIS Studio\genesis-studio\packages\engines-py\.pdb_cache\3OG7,A
289,ThermoMPNN,3OG7,0.36707472801208496,14,I,L,F:\GENESIS Studio\genesis-studio\packages\engines-py\.pdb_cache\3OG7,A
290,ThermoMPNN,3OG7,0.9539691209793091,14,I,M,F:\GENESIS Studio\genesis-studio\packages\engines-py\.pdb_cache\3OG7,A
291,ThermoMPNN,3OG7,2.1775596141815186,14,I,N,F:\GENESIS Studio\genesis-studio\packages\engines-py\.pdb_cache\3OG7,A
292,ThermoMPNN,3OG7,2.9755871295928955,14,I,P,F:\GENESIS Studio\genesis-studio\packages\engines-py\.pdb_cache\3OG7,A
293,ThermoMPNN,3OG7,2.0111913681030273,14,I,Q,F:\GENESIS Studio\genesis-studio\packages\engines-py\.pdb_cache\3OG7,A
294,ThermoMPNN,3OG7,2.02133846282959,14,I,R,F:\GENESIS Studio\genesis-studio\packages\engines-py\.pdb_cache\3OG7,A
295,ThermoMPNN,3OG7,2.238828420639038,14,I,S,F:\GENESIS Studio\genesis-studio\packages\engines-py\.pdb_cache\3OG7,A
296,ThermoMPNN,3OG7,1.948392391204834,14,I,T,F:\GENESIS Studio\genesis-studio\packages\engines-py\.pdb_cache\3OG7,A
297,ThermoMPNN,3OG7,0.6901340484619141,14,I,V,F:\GENESIS Studio\genesis-studio\packages\engines-py\.pdb_cache\3OG7,A
298,ThermoMPNN,3OG7,1.192417860031128,14,I,W,F:\GENESIS Studio\genesis-studio\packages\engines-py\.pdb_cache\3OG7,A
299,ThermoMPNN,3OG7,1.1881376504898071,14,I,Y,F:\GENESIS Studio\genesis-studio\packages\engines-py\.pdb_cache\3OG7,A
300,ThermoMPNN,3OG7,0.3723580241203308,15,G,A,F:\GENESIS Studio\genesis-studio\packages\engines-py\.pdb_cache\3OG7,A
301,ThermoMPNN,3OG7,0.11086738109588623,15,G,C,F:\GENESIS Studio\genesis-studio\packages\engines-py\.pdb_cache\3OG7,A
302,ThermoMPNN,3OG7,0.9210939407348633,15,G,D,F:\GENESIS Studio\genesis-studio\packages\engines-py\.pdb_cache\3OG7,A
303,ThermoMPNN,3OG7,0.7286871075630188,15,G,E,F:\GENESIS Studio\genesis-studio\packages\engines-py\.pdb_cache\3OG7,A
304,ThermoMPNN,3OG7,0.33101391792297363,15,G,F,F:\GENESIS Studio\genesis-studio\packages\engines-py\.pdb_cache\3OG7,A
305,ThermoMPNN,3OG7,0.0,15,G,G,F:\GENESIS Studio\genesis-studio\packages\engines-py\.pdb_cache\3OG7,A
306,ThermoMPNN,3OG7,0.8217796683311462,15,G,H,F:\GENESIS Studio\genesis-studio\packages\engines-py\.pdb_cache\3OG7,A
307,ThermoMPNN,3OG7,0.6140902638435364,15,G,I,F:\GENESIS Studio\genesis-studio\packages\engines-py\.pdb_cache\3OG7,A
308,ThermoMPNN,3OG7,0.9348300695419312,15,G,K,F:\GENESIS Studio\genesis-studio\packages\engines-py\.pdb_cache\3OG7,A
309,ThermoMPNN,3OG7,0.5181511044502258,15,G,L,F:\GENESIS Studio\genesis-studio\packages\engines-py\.pdb_cache\3OG7,A
310,ThermoMPNN,3OG7,0.5505765676498413,15,G,M,F:\GENESIS Studio\genesis-studio\packages\engines-py\.pdb_cache\3OG7,A
311,ThermoMPNN,3OG7,0.8950915336608887,15,G,N,F:\GENESIS Studio\genesis-studio\packages\engines-py\.pdb_cache\3OG7,A
312,ThermoMPNN,3OG7,1.7426307201385498,15,G,P,F:\GENESIS Studio\genesis-studio\packages\engines-py\.pdb_cache\3OG7,A
313,ThermoMPNN,3OG7,0.8720449209213257,15,G,Q,F:\GENESIS Studio\genesis-studio\packages\engines-py\.pdb_cache\3OG7,A
314,ThermoMPNN,3OG7,0.8855281472206116,15,G,R,F:\GENESIS Studio\genesis-studio\packages\engines-py\.pdb_cache\3OG7,A
315,ThermoMPNN,3OG7,0.628544807434082,15,G,S,F:\GENESIS Studio\genesis-studio\packages\engines-py\.pdb_cache\3OG7,A
316,ThermoMPNN,3OG7,0.6023895740509033,15,G,T,F:\GENESIS Studio\genesis-studio\packages\engines-py\.pdb_cache\3OG7,A
317,ThermoMPNN,3OG7,0.3826024532318115,15,G,V,F:\GENESIS Studio\genesis-studio\packages\engines-py\.pdb_cache\3OG7,A
318,ThermoMPNN,3OG7,0.35684412717819214,15,G,W,F:\GENESIS Studio\genesis-studio\packages\engines-py\.pdb_cache\3OG7,A
319,ThermoMPNN,3OG7,0.3681565523147583,15,G,Y,F:\GENESIS Studio\genesis-studio\packages\engines-py\.pdb_cache\3OG7,A
320,ThermoMPNN,3OG7,0.06047564744949341,16,S,A,F:\GENESIS Studio\genesis-studio\packages\engines-py\.pdb_cache\3OG7,A
321,ThermoMPNN,3OG7,-0.10967820882797241,16,S,C,F:\GENESIS Studio\genesis-studio\packages\engines-py\.pdb_cache\3OG7,A
322,ThermoMPNN,3OG7,0.24250036478042603,16,S,D,F:\GENESIS Studio\genesis-studio\packages\engines-py\.pdb_cache\3OG7,A
323,ThermoMPNN,3OG7,-0.04756230115890503,16,S,E,F:\GENESIS Studio\genesis-studio\packages\engines-py\.pdb_cache\3OG7,A
324,ThermoMPNN,3OG7,0.28853917121887207,16,S,F,F:\GENESIS Studio\genesis-studio\packages\engines-py\.pdb_cache\3OG7,A
325,ThermoMPNN,3OG7,0.4782649874687195,16,S,G,F:\GENESIS Studio\genesis-studio\packages\engines-py\.pdb_cache\3OG7,A
326,ThermoMPNN,3OG7,0.10336607694625854,16,S,H,F:\GENESIS Studio\genesis-studio\packages\engines-py\.pdb_cache\3OG7,A
327,ThermoMPNN,3OG7,0.21423441171646118,16,S,I,F:\GENESIS Studio\genesis-studio\packages\engines-py\.pdb_cache\3OG7,A
328,ThermoMPNN,3OG7,0.1628861427307129,16,S,K,F:\GENESIS Studio\genesis-studio\packages\engines-py\.pdb_cache\3OG7,A
329,ThermoMPNN,3OG7,0.2122744917869568,16,S,L,F:\GENESIS Studio\genesis-studio\packages\engines-py\.pdb_cache\3OG7,A
330,ThermoMPNN,3OG7,0.16205787658691406,16,S,M,F:\GENESIS Studio\genesis-studio\packages\engines-py\.pdb_cache\3OG7,A
331,ThermoMPNN,3OG7,0.2278159260749817,16,S,N,F:\GENESIS Studio\genesis-studio\packages\engines-py\.pdb_cache\3OG7,A
332,ThermoMPNN,3OG7,1.5145366191864014,16,S,P,F:\GENESIS Studio\genesis-studio\packages\engines-py\.pdb_cache\3OG7,A
333,ThermoMPNN,3OG7,0.023807942867279053,16,S,Q,F:\GENESIS Studio\genesis-studio\packages\engines-py\.pdb_cache\3OG7,A
334,ThermoMPNN,3OG7,0.11598175764083862,16,S,R,F:\GENESIS Studio\genesis-studio\packages\engines-py\.pdb_cache\3OG7,A
335,ThermoMPNN,3OG7,0.0,16,S,S,F:\GENESIS Studio\genesis-studio\packages\engines-py\.pdb_cache\3OG7,A
336,ThermoMPNN,3OG7,0.013251721858978271,16,S,T,F:\GENESIS Studio\genesis-studio\packages\engines-py\.pdb_cache\3OG7,A
337,ThermoMPNN,3OG7,0.17646288871765137,16,S,V,F:\GENESIS Studio\genesis-studio\packages\engines-py\.pdb_cache\3OG7,A
338,ThermoMPNN,3OG7,0.24378347396850586,16,S,W,F:\GENESIS Studio\genesis-studio\packages\engines-py\.pdb_cache\3OG7,A
339,ThermoMPNN,3OG7,0.25743597745895386,16,S,Y,F:\GENESIS Studio\genesis-studio\packages\engines-py\.pdb_cache\3OG7,A
340,ThermoMPNN,3OG7,0.4391375780105591,17,G,A,F:\GENESIS Studio\genesis-studio\packages\engines-py\.pdb_cache\3OG7,A
341,ThermoMPNN,3OG7,0.1400376558303833,17,G,C,F:\GENESIS Studio\genesis-studio\packages\engines-py\.pdb_cache\3OG7,A
342,ThermoMPNN,3OG7,0.17647600173950195,17,G,D,F:\GENESIS Studio\genesis-studio\packages\engines-py\.pdb_cache\3OG7,A
343,ThermoMPNN,3OG7,0.5055720806121826,17,G,E,F:\GENESIS Studio\genesis-studio\packages\engines-py\.pdb_cache\3OG7,A
344,ThermoMPNN,3OG7,0.6743550896644592,17,G,F,F:\GENESIS Studio\genesis-studio\packages\engines-py\.pdb_cache\3OG7,A
345,ThermoMPNN,3OG7,0.0,17,G,G,F:\GENESIS Studio\genesis-studio\packages\engines-py\.pdb_cache\3OG7,A
346,ThermoMPNN,3OG7,0.7091259956359863,17,G,H,F:\GENESIS Studio\genesis-studio\packages\engines-py\.pdb_cache\3OG7,A
347,ThermoMPNN,3OG7,0.7791919708251953,17,G,I,F:\GENESIS Studio\genesis-studio\packages\engines-py\.pdb_cache\3OG7,A
348,ThermoMPNN,3OG7,0.992918074131012,17,G,K,F:\GENESIS Studio\genesis-studio\packages\engines-py\.pdb_cache\3OG7,A
349,ThermoMPNN,3OG7,0.8874362111091614,17,G,L,F:\GENESIS Studio\genesis-studio\packages\engines-py\.pdb_cache\3OG7,A
350,ThermoMPNN,3OG7,0.7450294494628906,17,G,M,F:\GENESIS Studio\genesis-studio\packages\engines-py\.pdb_cache\3OG7,A
351,ThermoMPNN,3OG7,0.46350300312042236,17,G,N,F:\GENESIS Studio\genesis-studio\packages\engines-py\.pdb_cache\3OG7,A
352,ThermoMPNN,3OG7,1.3568603992462158,17,G,P,F:\GENESIS Studio\genesis-studio\packages\engines-py\.pdb_cache\3OG7,A
353,ThermoMPNN,3OG7,0.8236175775527954,17,G,Q,F:\GENESIS Studio\genesis-studio\packages\engines-py\.pdb_cache\3OG7,A
354,ThermoMPNN,3OG7,0.9791769981384277,17,G,R,F:\GENESIS Studio\genesis-studio\packages\engines-py\.pdb_cache\3OG7,A
355,ThermoMPNN,3OG7,0.2153235673904419,17,G,S,F:\GENESIS Studio\genesis-studio\packages\engines-py\.pdb_cache\3OG7,A
356,ThermoMPNN,3OG7,0.34141290187835693,17,G,T,F:\GENESIS Studio\genesis-studio\packages\engines-py\.pdb_cache\3OG7,A
357,ThermoMPNN,3OG7,0.7991252541542053,17,G,V,F:\GENESIS Studio\genesis-studio\packages\engines-py\.pdb_cache\3OG7,A
358,ThermoMPNN,3OG7,0.5679754614830017,17,G,W,F:\GENESIS Studio\genesis-studio\packages\engines-py\.pdb_cache\3OG7,A
359,ThermoMPNN,3OG7,0.6833541989326477,17,G,Y,F:\GENESIS Studio\genesis-studio\packages\engines-py\.pdb_cache\3OG7,A
360,ThermoMPNN,3OG7,0.0026361942291259766,18,S,A,F:\GENESIS Studio\genesis-studio\packages\engines-py\.pdb_cache\3OG7,A
361,ThermoMPNN,3OG7,-0.13279205560684204,18,S,C,F:\GENESIS Studio\genesis-studio\packages\engines-py\.pdb_cache\3OG7,A
362,ThermoMPNN,3OG7,-0.023965775966644287,18,S,D,F:\GENESIS Studio\genesis-studio\packages\engines-py\.pdb_cache\3OG7,A
363,ThermoMPNN,3OG7,-0.0007287859916687012,18,S,E,F:\GENESIS Studio\genesis-studio\packages\engines-py\.pdb_cache\3OG7,A
364,ThermoMPNN,3OG7,0.007523477077484131,18,S,F,F:\GENESIS Studio\genesis-studio\packages\engines-py\.pdb_cache\3OG7,A
365,ThermoMPNN,3OG7,0.12499833106994629,18,S,G,F:\GENESIS Studio\genesis-studio\packages\engines-py\.pdb_cache\3OG7,A
366,ThermoMPNN,3OG7,0.05047804117202759,18,S,H,F:\GENESIS Studio\genesis-studio\packages\engines-py\.pdb_cache\3OG7,A
367,ThermoMPNN,3OG7,0.11434990167617798,18,S,I,F:\GENESIS Studio\genesis-studio\packages\engines-py\.pdb_cache\3OG7,A
368,ThermoMPNN,3OG7,0.0730135440826416,18,S,K,F:\GENESIS Studio\genesis-studio\packages\engines-py\.pdb_cache\3OG7,A
369,ThermoMPNN,3OG7,0.09093636274337769,18,S,L,F:\GENESIS Studio\genesis-studio\packages\engines-py\.pdb_cache\3OG7,A
370,ThermoMPNN,3OG7,0.1423531174659729,18,S,M,F:\GENESIS Studio\genesis-studio\packages\engines-py\.pdb_cache\3OG7,A
371,ThermoMPNN,3OG7,0.011083543300628662,18,S,N,F:\GENESIS Studio\genesis-studio\packages\engines-py\.pdb_cache\3OG7,A
372,ThermoMPNN,3OG7,0.05740225315093994,18,S,P,F:\GENESIS Studio\genesis-studio\packages\engines-py\.pdb_cache\3OG7,A
373,ThermoMPNN,3OG7,0.12750208377838135,18,S,Q,F:\GENESIS Studio\genesis-studio\packages\engines-py\.pdb_cache\3OG7,A
374,ThermoMPNN,3OG7,0.08388137817382812,18,S,R,F:\GENESIS Studio\genesis-studio\packages\engines-py\.pdb_cache\3OG7,A
375,ThermoMPNN,3OG7,0.0,18,S,S,F:\GENESIS Studio\genesis-studio\packages\engines-py\.pdb_cache\3OG7,A
376,ThermoMPNN,3OG7,0.06939733028411865,18,S,T,F:\GENESIS Studio\genesis-studio\packages\engines-py\.pdb_cache\3OG7,A
377,ThermoMPNN,3OG7,0.17759239673614502,18,S,V,F:\GENESIS Studio\genesis-studio\packages\engines-py\.pdb_cache\3OG7,A
378,ThermoMPNN,3OG7,0.10470438003540039,18,S,W,F:\GENESIS Studio\genesis-studio\packages\engines-py\.pdb_cache\3OG7,A
379,ThermoMPNN,3OG7,0.15399116277694702,18,S,Y,F:\GENESIS Studio\genesis-studio\packages\engines-py\.pdb_cache\3OG7,A
380,ThermoMPNN,3OG7,-0.042574167251586914,19,F,A,F:\GENESIS Studio\genesis-studio\packages\engines-py\.pdb_cache\3OG7,A
381,ThermoMPNN,3OG7,-0.28129786252975464,19,F,C,F:\GENESIS Studio\genesis-studio\packages\engines-py\.pdb_cache\3OG7,A
382,ThermoMPNN,3OG7,-0.23309093713760376,19,F,D,F:\GENESIS Studio\genesis-studio\packages\engines-py\.pdb_cache\3OG7,A
383,ThermoMPNN,3OG7,0.04538184404373169,19,F,E,F:\GENESIS Studio\genesis-studio\packages\engines-py\.pdb_cache\3OG7,A
384,ThermoMPNN,3OG7,0.0,19,F,F,F:\GENESIS Studio\genesis-studio\packages\engines-py\.pdb_cache\3OG7,A
385,ThermoMPNN,3OG7,0.09759825468063354,19,F,G,F:\GENESIS Studio\genesis-studio\packages\engines-py\.pdb_cache\3OG7,A
386,ThermoMPNN,3OG7,0.19288259744644165,19,F,H,F:\GENESIS Studio\genesis-studio\packages\engines-py\.pdb_cache\3OG7,A
387,ThermoMPNN,3OG7,0.2767736315727234,19,F,I,F:\GENESIS Studio\genesis-studio\packages\engines-py\.pdb_cache\3OG7,A
388,ThermoMPNN,3OG7,0.48672038316726685,19,F,K,F:\GENESIS Studio\genesis-studio\packages\engines-py\.pdb_cache\3OG7,A
389,ThermoMPNN,3OG7,0.22799557447433472,19,F,L,F:\GENESIS Studio\genesis-studio\packages\engines-py\.pdb_cache\3OG7,A
390,ThermoMPNN,3OG7,0.22697806358337402,19,F,M,F:\GENESIS Studio\genesis-studio\packages\engines-py\.pdb_cache\3OG7,A
391,ThermoMPNN,3OG7,0.10614311695098877,19,F,N,F:\GENESIS Studio\genesis-studio\packages\engines-py\.pdb_cache\3OG7,A
392,ThermoMPNN,3OG7,0.38802334666252136,19,F,P,F:\GENESIS Studio\genesis-studio\packages\engines-py\.pdb_cache\3OG7,A
393,ThermoMPNN,3OG7,0.22849982976913452,19,F,Q,F:\GENESIS Studio\genesis-studio\packages\engines-py\.pdb_cache\3OG7,A
394,ThermoMPNN,3OG7,0.512153685092926,19,F,R,F:\GENESIS Studio\genesis-studio\packages\engines-py\.pdb_cache\3OG7,A
395,ThermoMPNN,3OG7,-0.12763440608978271,19,F,S,F:\GENESIS Studio\genesis-studio\packages\engines-py\.pdb_cache\3OG7,A
396,ThermoMPNN,3OG7,0.019621729850769043,19,F,T,F:\GENESIS Studio\genesis-studio\packages\engines-py\.pdb_cache\3OG7,A
397,ThermoMPNN,3OG7,0.27797824144363403,19,F,V,F:\GENESIS Studio\genesis-studio\packages\engines-py\.pdb_cache\3OG7,A
398,ThermoMPNN,3OG7,-0.3270191550254822,19,F,W,F:\GENESIS Studio\genesis-studio\packages\engines-py\.pdb_cache\3OG7,A
399,ThermoMPNN,3OG7,0.018500328063964844,19,F,Y,F:\GENESIS Studio\genesis-studio\packages\engines-py\.pdb_cache\3OG7,A
400,ThermoMPNN,3OG7,1.4121887683868408,20,G,A,F:\GENESIS Studio\genesis-studio\packages\engines-py\.pdb_cache\3OG7,A
401,ThermoMPNN,3OG7,1.2068002223968506,20,G,C,F:\GENESIS Studio\genesis-studio\packages\engines-py\.pdb_cache\3OG7,A
402,ThermoMPNN,3OG7,2.052396774291992,20,G,D,F:\GENESIS Studio\genesis-studio\packages\engines-py\.pdb_cache\3OG7,A
403,ThermoMPNN,3OG7,1.999346375465393,20,G,E,F:\GENESIS Studio\genesis-studio\packages\engines-py\.pdb_cache\3OG7,A
404,ThermoMPNN,3OG7,1.3653136491775513,20,G,F,F:\GENESIS Studio\genesis-studio\packages\engines-py\.pdb_cache\3OG7,A
405,ThermoMPNN,3OG7,0.0,20,G,G,F:\GENESIS Studio\genesis-studio\packages\engines-py\.pdb_cache\3OG7,A
406,ThermoMPNN,3OG7,1.8625390529632568,20,G,H,F:\GENESIS Studio\genesis-studio\packages\engines-py\.pdb_cache\3OG7,A
407,ThermoMPNN,3OG7,1.6797665357589722,20,G,I,F:\GENESIS Studio\genesis-studio\packages\engines-py\.pdb_cache\3OG7,A
408,ThermoMPNN,3OG7,2.096559524536133,20,G,K,F:\GENESIS Studio\genesis-studio\packages\engines-py\.pdb_cache\3OG7,A
409,ThermoMPNN,3OG7,1.649991512298584,20,G,L,F:\GENESIS Studio\genesis-studio\packages\engines-py\.pdb_cache\3OG7,A
410,ThermoMPNN,3OG7,1.5598758459091187,20,G,M,F:\GENESIS Studio\genesis-studio\packages\engines-py\.pdb_cache\3OG7,A
411,ThermoMPNN,3OG7,1.9685249328613281,20,G,N,F:\GENESIS Studio\genesis-studio\packages\engines-py\.pdb_cache\3OG7,A
412,ThermoMPNN,3OG7,2.0275022983551025,20,G,P,F:\GENESIS Studio\genesis-studio\packages\engines-py\.pdb_cache\3OG7,A
413,ThermoMPNN,3OG7,1.9890706539154053,20,G,Q,F:\GENESIS Studio\genesis-studio\packages\engines-py\.pdb_cache\3OG7,A
414,ThermoMPNN,3OG7,1.983636736869812,20,G,R,F:\GENESIS Studio\genesis-studio\packages\engines-py\.pdb_cache\3OG7,A
415,ThermoMPNN,3OG7,1.744527816772461,20,G,S,F:\GENESIS Studio\genesis-studio\packages\engines-py\.pdb_cache\3OG7,A
416,ThermoMPNN,3OG7,1.8070651292800903,20,G,T,F:\GENESIS Studio\genesis-studio\packages\engines-py\.pdb_cache\3OG7,A
417,ThermoMPNN,3OG7,1.5331718921661377,20,G,V,F:\GENESIS Studio\genesis-studio\packages\engines-py\.pdb_cache\3OG7,A
418,ThermoMPNN,3OG7,1.4903063774108887,20,G,W,F:\GENESIS Studio\genesis-studio\packages\engines-py\.pdb_cache\3OG7,A
419,ThermoMPNN,3OG7,1.487788200378418,20,G,Y,F:\GENESIS Studio\genesis-studio\packages\engines-py\.pdb_cache\3OG7,A
420,ThermoMPNN,3OG7,0.7204115390777588,21,T,A,F:\GENESIS Studio\genesis-studio\packages\engines-py\.pdb_cache\3OG7,A
421,ThermoMPNN,3OG7,0.17020249366760254,21,T,C,F:\GENESIS Studio\genesis-studio\packages\engines-py\.pdb_cache\3OG7,A
422,ThermoMPNN,3OG7,0.5199092030525208,21,T,D,F:\GENESIS Studio\genesis-studio\packages\engines-py\.pdb_cache\3OG7,A
423,ThermoMPNN,3OG7,0.2113100290298462,21,T,E,F:\GENESIS Studio\genesis-studio\packages\engines-py\.pdb_cache\3OG7,A
424,ThermoMPNN,3OG7,0.2869468331336975,21,T,F,F:\GENESIS Studio\genesis-studio\packages\engines-py\.pdb_cache\3OG7,A
425,ThermoMPNN,3OG7,1.548306941986084,21,T,G,F:\GENESIS Studio\genesis-studio\packages\engines-py\.pdb_cache\3OG7,A
426,ThermoMPNN,3OG7,0.43562787771224976,21,T,H,F:\GENESIS Studio\genesis-studio\packages\engines-py\.pdb_cache\3OG7,A
427,ThermoMPNN,3OG7,-0.1462244987487793,21,T,I,F:\GENESIS Studio\genesis-studio\packages\engines-py\.pdb_cache\3OG7,A
428,ThermoMPNN,3OG7,0.7632143497467041,21,T,K,F:\GENESIS Studio\genesis-studio\packages\engines-py\.pdb_cache\3OG7,A
429,ThermoMPNN,3OG7,0.2571040391921997,21,T,L,F:\GENESIS Studio\genesis-studio\packages\engines-py\.pdb_cache\3OG7,A
430,ThermoMPNN,3OG7,0.4462321996688843,21,T,M,F:\GENESIS Studio\genesis-studio\packages\engines-py\.pdb_cache\3OG7,A
431,ThermoMPNN,3OG7,0.7086261510848999,21,T,N,F:\GENESIS Studio\genesis-studio\packages\engines-py\.pdb_cache\3OG7,A
432,ThermoMPNN,3OG7,2.322582960128784,21,T,P,F:\GENESIS Studio\genesis-studio\packages\engines-py\.pdb_cache\3OG7,A
433,ThermoMPNN,3OG7,0.45070457458496094,21,T,Q,F:\GENESIS Studio\genesis-studio\packages\engines-py\.pdb_cache\3OG7,A
434,ThermoMPNN,3OG7,0.7150388956069946,21,T,R,F:\GENESIS Studio\genesis-studio\packages\engines-py\.pdb_cache\3OG7,A
435,ThermoMPNN,3OG7,0.5548898577690125,21,T,S,F:\GENESIS Studio\genesis-studio\packages\engines-py\.pdb_cache\3OG7,A
436,ThermoMPNN,3OG7,0.0,21,T,T,F:\GENESIS Studio\genesis-studio\packages\engines-py\.pdb_cache\3OG7,A
437,ThermoMPNN,3OG7,-0.21204137802124023,21,T,V,F:\GENESIS Studio\genesis-studio\packages\engines-py\.pdb_cache\3OG7,A
438,ThermoMPNN,3OG7,0.14539802074432373,21,T,W,F:\GENESIS Studio\genesis-studio\packages\engines-py\.pdb_cache\3OG7,A
439,ThermoMPNN,3OG7,0.08774387836456299,21,T,Y,F:\GENESIS Studio\genesis-studio\packages\engines-py\.pdb_cache\3OG7,A
440,ThermoMPNN,3OG7,0.9811959266662598,22,V,A,F:\GENESIS Studio\genesis-studio\packages\engines-py\.pdb_cache\3OG7,A
441,ThermoMPNN,3OG7,0.4244171380996704,22,V,C,F:\GENESIS Studio\genesis-studio\packages\engines-py\.pdb_cache\3OG7,A
442,ThermoMPNN,3OG7,1.3051776885986328,22,V,D,F:\GENESIS Studio\genesis-studio\packages\engines-py\.pdb_cache\3OG7,A
443,ThermoMPNN,3OG7,1.0577642917633057,22,V,E,F:\GENESIS Studio\genesis-studio\packages\engines-py\.pdb_cache\3OG7,A
444,ThermoMPNN,3OG7,0.40492701530456543,22,V,F,F:\GENESIS Studio\genesis-studio\packages\engines-py\.pdb_cache\3OG7,A
445,ThermoMPNN,3OG7,1.4864587783813477,22,V,G,F:\GENESIS Studio\genesis-studio\packages\engines-py\.pdb_cache\3OG7,A
446,ThermoMPNN,3OG7,1.0967031717300415,22,V,H,F:\GENESIS Studio\genesis-studio\packages\engines-py\.pdb_cache\3OG7,A
447,ThermoMPNN,3OG7,0.05852222442626953,22,V,I,F:\GENESIS Studio\genesis-studio\packages\engines-py\.pdb_cache\3OG7,A
448,ThermoMPNN,3OG7,1.5529024600982666,22,V,K,F:\GENESIS Studio\genesis-studio\packages\engines-py\.pdb_cache\3OG7,A
449,ThermoMPNN,3OG7,-0.06333649158477783,22,V,L,F:\GENESIS Studio\genesis-studio\packages\engines-py\.pdb_cache\3OG7,A
450,ThermoMPNN,3OG7,0.4370081424713135,22,V,M,F:\GENESIS Studio\genesis-studio\packages\engines-py\.pdb_cache\3OG7,A
451,ThermoMPNN,3OG7,1.3276593685150146,22,V,N,F:\GENESIS Studio\genesis-studio\packages\engines-py\.pdb_cache\3OG7,A
452,ThermoMPNN,3OG7,2.129781484603882,22,V,P,F:\GENESIS Studio\genesis-studio\packages\engines-py\.pdb_cache\3OG7,A
453,ThermoMPNN,3OG7,1.277770757675171,22,V,Q,F:\GENESIS Studio\genesis-studio\packages\engines-py\.pdb_cache\3OG7,A
454,ThermoMPNN,3OG7,1.4799518585205078,22,V,R,F:\GENESIS Studio\genesis-studio\packages\engines-py\.pdb_cache\3OG7,A
455,ThermoMPNN,3OG7,1.341929316520691,22,V,S,F:\GENESIS Studio\genesis-studio\packages\engines-py\.pdb_cache\3OG7,A
456,ThermoMPNN,3OG7,0.9705836772918701,22,V,T,F:\GENESIS Studio\genesis-studio\packages\engines-py\.pdb_cache\3OG7,A
457,ThermoMPNN,3OG7,0.0,22,V,V,F:\GENESIS Studio\genesis-studio\packages\engines-py\.pdb_cache\3OG7,A
458,ThermoMPNN,3OG7,0.5465385913848877,22,V,W,F:\GENESIS Studio\genesis-studio\packages\engines-py\.pdb_cache\3OG7,A
459,ThermoMPNN,3OG7,0.4835258722305298,22,V,Y,F:\GENESIS Studio\genesis-studio\packages\engines-py\.pdb_cache\3OG7,A
460,ThermoMPNN,3OG7,2.7600724697113037,23,Y,A,F:\GENESIS Studio\genesis-studio\packages\engines-py\.pdb_cache\3OG7,A
461,ThermoMPNN,3OG7,1.8259716033935547,23,Y,C,F:\GENESIS Studio\genesis-studio\packages\engines-py\.pdb_cache\3OG7,A
462,ThermoMPNN,3OG7,3.5841710567474365,23,Y,D,F:\GENESIS Studio\genesis-studio\packages\engines-py\.pdb_cache\3OG7,A
463,ThermoMPNN,3OG7,3.0749945640563965,23,Y,E,F:\GENESIS Studio\genesis-studio\packages\engines-py\.pdb_cache\3OG7,A
464,ThermoMPNN,3OG7,0.540790319442749,23,Y,F,F:\GENESIS Studio\genesis-studio\packages\engines-py\.pdb_cache\3OG7,A
465,ThermoMPNN,3OG7,3.1558613777160645,23,Y,G,F:\GENESIS Studio\genesis-studio\packages\engines-py\.pdb_cache\3OG7,A
466,ThermoMPNN,3OG7,1.5606690645217896,23,Y,H,F:\GENESIS Studio\genesis-studio\packages\engines-py\.pdb_cache\3OG7,A
467,ThermoMPNN,3OG7,2.317551612854004,23,Y,I,F:\GENESIS Studio\genesis-studio\packages\engines-py\.pdb_cache\3OG7,A
468,ThermoMPNN,3OG7,2.5057806968688965,23,Y,K,F:\GENESIS Studio\genesis-studio\packages\engines-py\.pdb_cache\3OG7,A
469,ThermoMPNN,3OG7,2.1109817028045654,23,Y,L,F:\GENESIS Studio\genesis-studio\packages\engines-py\.pdb_cache\3OG7,A
470,ThermoMPNN,3OG7,2.1389737129211426,23,Y,M,F:\GENESIS Studio\genesis-studio\packages\engines-py\.pdb_cache\3OG7,A
471,ThermoMPNN,3OG7,2.803223133087158,23,Y,N,F:\GENESIS Studio\genesis-studio\packages\engines-py\.pdb_cache\3OG7,A
472,ThermoMPNN,3OG7,3.353437662124634,23,Y,P,F:\GENESIS Studio\genesis-studio\packages\engines-py\.pdb_cache\3OG7,A
473,ThermoMPNN,3OG7,2.673738956451416,23,Y,Q,F:\GENESIS Studio\genesis-studio\packages\engines-py\.pdb_cache\3OG7,A
474,ThermoMPNN,3OG7,2.175075054168701,23,Y,R,F:\GENESIS Studio\genesis-studio\packages\engines-py\.pdb_cache\3OG7,A
475,ThermoMPNN,3OG7,2.992018222808838,23,Y,S,F:\GENESIS Studio\genesis-studio\packages\engines-py\.pdb_cache\3OG7,A
476,ThermoMPNN,3OG7,2.9442601203918457,23,Y,T,F:\GENESIS Studio\genesis-studio\packages\engines-py\.pdb_cache\3OG7,A
477,ThermoMPNN,3OG7,2.250030040740967,23,Y,V,F:\GENESIS Studio\genesis-studio\packages\engines-py\.pdb_cache\3OG7,A
478,ThermoMPNN,3OG7,0.9252278804779053,23,Y,W,F:\GENESIS Studio\genesis-studio\packages\engines-py\.pdb_cache\3OG7,A
479,ThermoMPNN,3OG7,0.0,23,Y,Y,F:\GENESIS Studio\genesis-studio\packages\engines-py\.pdb_cache\3OG7,A
480,ThermoMPNN,3OG7,1.2793444395065308,24,K,A,F:\GENESIS Studio\genesis-studio\packages\engines-py\.pdb_cache\3OG7,A
481,ThermoMPNN,3OG7,1.055848240852356,24,K,C,F:\GENESIS Studio\genesis-studio\packages\engines-py\.pdb_cache\3OG7,A
482,ThermoMPNN,3OG7,2.7435286045074463,24,K,D,F:\GENESIS Studio\genesis-studio\packages\engines-py\.pdb_cache\3OG7,A
483,ThermoMPNN,3OG7,1.6231073141098022,24,K,E,F:\GENESIS Studio\genesis-studio\packages\engines-py\.pdb_cache\3OG7,A
484,ThermoMPNN,3OG7,1.3337180614471436,24,K,F,F:\GENESIS Studio\genesis-studio\packages\engines-py\.pdb_cache\3OG7,A
485,ThermoMPNN,3OG7,2.1383328437805176,24,K,G,F:\GENESIS Studio\genesis-studio\packages\engines-py\.pdb_cache\3OG7,A
486,ThermoMPNN,3OG7,1.1538214683532715,24,K,H,F:\GENESIS Studio\genesis-studio\packages\engines-py\.pdb_cache\3OG7,A
487,ThermoMPNN,3OG7,0.9692368507385254,24,K,I,F:\GENESIS Studio\genesis-studio\packages\engines-py\.pdb_cache\3OG7,A
488,ThermoMPNN,3OG7,0.0,24,K,K,F:\GENESIS Studio\genesis-studio\packages\engines-py\.pdb_cache\3OG7,A
489,ThermoMPNN,3OG7,0.9276703596115112,24,K,L,F:\GENESIS Studio\genesis-studio\packages\engines-py\.pdb_cache\3OG7,A
490,ThermoMPNN,3OG7,0.7776169776916504,24,K,M,F:\GENESIS Studio\genesis-studio\packages\engines-py\.pdb_cache\3OG7,A
491,ThermoMPNN,3OG7,1.7442634105682373,24,K,N,F:\GENESIS Studio\genesis-studio\packages\engines-py\.pdb_cache\3OG7,A
492,ThermoMPNN,3OG7,3.3397934436798096,24,K,P,F:\GENESIS Studio\genesis-studio\packages\engines-py\.pdb_cache\3OG7,A
493,ThermoMPNN,3OG7,0.4972805976867676,24,K,Q,F:\GENESIS Studio\genesis-studio\packages\engines-py\.pdb_cache\3OG7,A
494,ThermoMPNN,3OG7,0.13864493370056152,24,K,R,F:\GENESIS Studio\genesis-studio\packages\engines-py\.pdb_cache\3OG7,A
495,ThermoMPNN,3OG7,1.570663571357727,24,K,S,F:\GENESIS Studio\genesis-studio\packages\engines-py\.pdb_cache\3OG7,A
496,ThermoMPNN,3OG7,1.4598174095153809,24,K,T,F:\GENESIS Studio\genesis-studio\packages\engines-py\.pdb_cache\3OG7,A
497,ThermoMPNN,3OG7,1.213242769241333,24,K,V,F:\GENESIS Studio\genesis-studio\packages\engines-py\.pdb_cache\3OG7,A
498,ThermoMPNN,3OG7,1.4988864660263062,24,K,W,F:\GENESIS Studio\genesis-studio\packages\engines-py\.pdb_cache\3OG7,A
499,ThermoMPNN,3OG7,1.3332877159118652,24,K,Y,F:\GENESIS Studio\genesis-studio\packages\engines-py\.pdb_cache\3OG7,A
500,ThermoMPNN,3OG7,1.6448602676391602,25,G,A,F:\GENESIS Studio\genesis-studio\packages\engines-py\.pdb_cache\3OG7,A
501,ThermoMPNN,3OG7,1.5223796367645264,25,G,C,F:\GENESIS Studio\genesis-studio\packages\engines-py\.pdb_cache\3OG7,A
502,ThermoMPNN,3OG7,2.846109628677368,25,G,D,F:\GENESIS Studio\genesis-studio\packages\engines-py\.pdb_cache\3OG7,A
503,ThermoMPNN,3OG7,2.8291985988616943,25,G,E,F:\GENESIS Studio\genesis-studio\packages\engines-py\.pdb_cache\3OG7,A
504,ThermoMPNN,3OG7,1.5628517866134644,25,G,F,F:\GENESIS Studio\genesis-studio\packages\engines-py\.pdb_cache\3OG7,A
505,ThermoMPNN,3OG7,0.0,25,G,G,F:\GENESIS Studio\genesis-studio\packages\engines-py\.pdb_cache\3OG7,A
506,ThermoMPNN,3OG7,2.388514757156372,25,G,H,F:\GENESIS Studio\genesis-studio\packages\engines-py\.pdb_cache\3OG7,A
507,ThermoMPNN,3OG7,1.9870707988739014,25,G,I,F:\GENESIS Studio\genesis-studio\packages\engines-py\.pdb_cache\3OG7,A
508,ThermoMPNN,3OG7,2.6425893306732178,25,G,K,F:\GENESIS Studio\genesis-studio\packages\engines-py\.pdb_cache\3OG7,A
509,ThermoMPNN,3OG7,2.0966796875,25,G,L,F:\GENESIS Studio\genesis-studio\packages\engines-py\.pdb_cache\3OG7,A
510,ThermoMPNN,3OG7,2.0554492473602295,25,G,M,F:\GENESIS Studio\genesis-studio\packages\engines-py\.pdb_cache\3OG7,A
511,ThermoMPNN,3OG7,2.651624917984009,25,G,N,F:\GENESIS Studio\genesis-studio\packages\engines-py\.pdb_cache\3OG7,A
512,ThermoMPNN,3OG7,2.5115814208984375,25,G,P,F:\GENESIS Studio\genesis-studio\packages\engines-py\.pdb_cache\3OG7,A
513,ThermoMPNN,3OG7,2.624537229537964,25,G,Q,F:\GENESIS Studio\genesis-studio\packages\engines-py\.pdb_cache\3OG7,A
514,ThermoMPNN,3OG7,2.447218418121338,25,G,R,F:\GENESIS Studio\genesis-studio\packages\engines-py\.pdb_cache\3OG7,A
515,ThermoMPNN,3OG7,2.192173719406128,25,G,S,F:\GENESIS Studio\genesis-studio\packages\engines-py\.pdb_cache\3OG7,A
516,ThermoMPNN,3OG7,2.323676824569702,25,G,T,F:\GENESIS Studio\genesis-studio\packages\engines-py\.pdb_cache\3OG7,A
517,ThermoMPNN,3OG7,1.9122817516326904,25,G,V,F:\GENESIS Studio\genesis-studio\packages\engines-py\.pdb_cache\3OG7,A
518,ThermoMPNN,3OG7,1.7573015689849854,25,G,W,F:\GENESIS Studio\genesis-studio\packages\engines-py\.pdb_cache\3OG7,A
519,ThermoMPNN,3OG7,1.7727365493774414,25,G,Y,F:\GENESIS Studio\genesis-studio\packages\engines-py\.pdb_cache\3OG7,A
520,ThermoMPNN,3OG7,0.5228877067565918,26,K,A,F:\GENESIS Studio\genesis-studio\packages\engines-py\.pdb_cache\3OG7,A
521,ThermoMPNN,3OG7,-0.3538622260093689,26,K,C,F:\GENESIS Studio\genesis-studio\packages\engines-py\.pdb_cache\3OG7,A
522,ThermoMPNN,3OG7,0.6201289892196655,26,K,D,F:\GENESIS Studio\genesis-studio\packages\engines-py\.pdb_cache\3OG7,A
523,ThermoMPNN,3OG7,0.5067887306213379,26,K,E,F:\GENESIS Studio\genesis-studio\packages\engines-py\.pdb_cache\3OG7,A
524,ThermoMPNN,3OG7,-0.2110341191291809,26,K,F,F:\GENESIS Studio\genesis-studio\packages\engines-py\.pdb_cache\3OG7,A
525,ThermoMPNN,3OG7,1.2710167169570923,26,K,G,F:\GENESIS Studio\genesis-studio\packages\engines-py\.pdb_cache\3OG7,A
526,ThermoMPNN,3OG7,-0.26915794610977173,26,K,H,F:\GENESIS Studio\genesis-studio\packages\engines-py\.pdb_cache\3OG7,A
527,ThermoMPNN,3OG7,-0.32097679376602173,26,K,I,F:\GENESIS Studio\genesis-studio\packages\engines-py\.pdb_cache\3OG7,A
528,ThermoMPNN,3OG7,0.0,26,K,K,F:\GENESIS Studio\genesis-studio\packages\engines-py\.pdb_cache\3OG7,A
529,ThermoMPNN,3OG7,0.1142701506614685,26,K,L,F:\GENESIS Studio\genesis-studio\packages\engines-py\.pdb_cache\3OG7,A
530,ThermoMPNN,3OG7,0.15029674768447876,26,K,M,F:\GENESIS Studio\genesis-studio\packages\engines-py\.pdb_cache\3OG7,A
531,ThermoMPNN,3OG7,0.07111793756484985,26,K,N,F:\GENESIS Studio\genesis-studio\packages\engines-py\.pdb_cache\3OG7,A
532,ThermoMPNN,3OG7,2.1603987216949463,26,K,P,F:\GENESIS Studio\genesis-studio\packages\engines-py\.pdb_cache\3OG7,A
533,ThermoMPNN,3OG7,0.1001850962638855,26,K,Q,F:\GENESIS Studio\genesis-studio\packages\engines-py\.pdb_cache\3OG7,A
534,ThermoMPNN,3OG7,-0.06462198495864868,26,K,R,F:\GENESIS Studio\genesis-studio\packages\engines-py\.pdb_cache\3OG7,A
535,ThermoMPNN,3OG7,0.09587883949279785,26,K,S,F:\GENESIS Studio\genesis-studio\packages\engines-py\.pdb_cache\3OG7,A
536,ThermoMPNN,3OG7,-0.10177218914031982,26,K,T,F:\GENESIS Studio\genesis-studio\packages\engines-py\.pdb_cache\3OG7,A
537,ThermoMPNN,3OG7,-0.31660062074661255,26,K,V,F:\GENESIS Studio\genesis-studio\packages\engines-py\.pdb_cache\3OG7,A
538,ThermoMPNN,3OG7,-0.06632411479949951,26,K,W,F:\GENESIS Studio\genesis-studio\packages\engines-py\.pdb_cache\3OG7,A
539,ThermoMPNN,3OG7,-0.3127456307411194,26,K,Y,F:\GENESIS Studio\genesis-studio\packages\engines-py\.pdb_cache\3OG7,A
540,ThermoMPNN,3OG7,2.2435836791992188,27,W,A,F:\GENESIS Studio\genesis-studio\packages\engines-py\.pdb_cache\3OG7,A
541,ThermoMPNN,3OG7,1.2516512870788574,27,W,C,F:\GENESIS Studio\genesis-studio\packages\engines-py\.pdb_cache\3OG7,A
542,ThermoMPNN,3OG7,2.5604450702667236,27,W,D,F:\GENESIS Studio\genesis-studio\packages\engines-py\.pdb_cache\3OG7,A
543,ThermoMPNN,3OG7,2.4163737297058105,27,W,E,F:\GENESIS Studio\genesis-studio\packages\engines-py\.pdb_cache\3OG7,A
544,ThermoMPNN,3OG7,0.727541446685791,27,W,F,F:\GENESIS Studio\genesis-studio\packages\engines-py\.pdb_cache\3OG7,A
545,ThermoMPNN,3OG7,2.3001065254211426,27,W,G,F:\GENESIS Studio\genesis-studio\packages\engines-py\.pdb_cache\3OG7,A
546,ThermoMPNN,3OG7,1.618032693862915,27,W,H,F:\GENESIS Studio\genesis-studio\packages\engines-py\.pdb_cache\3OG7,A
547,ThermoMPNN,3OG7,1.5857934951782227,27,W,I,F:\GENESIS Studio\genesis-studio\packages\engines-py\.pdb_cache\3OG7,A
548,ThermoMPNN,3OG7,2.257772445678711,27,W,K,F:\GENESIS Studio\genesis-studio\packages\engines-py\.pdb_cache\3OG7,A
549,ThermoMPNN,3OG7,1.1272896528244019,27,W,L,F:\GENESIS Studio\genesis-studio\packages\engines-py\.pdb_cache\3OG7,A
550,ThermoMPNN,3OG7,1.3495068550109863,27,W,M,F:\GENESIS Studio\genesis-studio\packages\engines-py\.pdb_cache\3OG7,A
551,ThermoMPNN,3OG7,2.297497510910034,27,W,N,F:\GENESIS Studio\genesis-studio\packages\engines-py\.pdb_cache\3OG7,A
552,ThermoMPNN,3OG7,2.2732162475585938,27,W,P,F:\GENESIS Studio\genesis-studio\packages\engines-py\.pdb_cache\3OG7,A
553,ThermoMPNN,3OG7,2.21315598487854,27,W,Q,F:\GENESIS Studio\genesis-studio\packages\engines-py\.pdb_cache\3OG7,A
554,ThermoMPNN,3OG7,2.1138756275177,27,W,R,F:\GENESIS Studio\genesis-studio\packages\engines-py\.pdb_cache\3OG7,A
555,ThermoMPNN,3OG7,2.326934576034546,27,W,S,F:\GENESIS Studio\genesis-studio\packages\engines-py\.pdb_cache\3OG7,A
556,ThermoMPNN,3OG7,2.511793851852417,27,W,T,F:\GENESIS Studio\genesis-studio\packages\engines-py\.pdb_cache\3OG7,A
557,ThermoMPNN,3OG7,1.8264232873916626,27,W,V,F:\GENESIS Studio\genesis-studio\packages\engines-py\.pdb_cache\3OG7,A
558,ThermoMPNN,3OG7,0.0,27,W,W,F:\GENESIS Studio\genesis-studio\packages\engines-py\.pdb_cache\3OG7,A
559,ThermoMPNN,3OG7,0.48320627212524414,27,W,Y,F:\GENESIS Studio\genesis-studio\packages\engines-py\.pdb_cache\3OG7,A
560,ThermoMPNN,3OG7,0.5854707956314087,28,H,A,F:\GENESIS Studio\genesis-studio\packages\engines-py\.pdb_cache\3OG7,A
561,ThermoMPNN,3OG7,0.0439300537109375,28,H,C,F:\GENESIS Studio\genesis-studio\packages\engines-py\.pdb_cache\3OG7,A
562,ThermoMPNN,3OG7,0.9269438982009888,28,H,D,F:\GENESIS Studio\genesis-studio\packages\engines-py\.pdb_cache\3OG7,A
563,ThermoMPNN,3OG7,0.6013578772544861,28,H,E,F:\GENESIS Studio\genesis-studio\packages\engines-py\.pdb_cache\3OG7,A
564,ThermoMPNN,3OG7,0.5092722177505493,28,H,F,F:\GENESIS Studio\genesis-studio\packages\engines-py\.pdb_cache\3OG7,A
565,ThermoMPNN,3OG7,0.6149874329566956,28,H,G,F:\GENESIS Studio\genesis-studio\packages\engines-py\.pdb_cache\3OG7,A
566,ThermoMPNN,3OG7,0.0,28,H,H,F:\GENESIS Studio\genesis-studio\packages\engines-py\.pdb_cache\3OG7,A
567,ThermoMPNN,3OG7,0.9182491302490234,28,H,I,F:\GENESIS Studio\genesis-studio\packages\engines-py\.pdb_cache\3OG7,A
568,ThermoMPNN,3OG7,0.3188616633415222,28,H,K,F:\GENESIS Studio\genesis-studio\packages\engines-py\.pdb_cache\3OG7,A
569,ThermoMPNN,3OG7,0.38131076097488403,28,H,L,F:\GENESIS Studio\genesis-studio\packages\engines-py\.pdb_cache\3OG7,A
570,ThermoMPNN,3OG7,0.22374355792999268,28,H,M,F:\GENESIS Studio\genesis-studio\packages\engines-py\.pdb_cache\3OG7,A
571,ThermoMPNN,3OG7,0.09807038307189941,28,H,N,F:\GENESIS Studio\genesis-studio\packages\engines-py\.pdb_cache\3OG7,A
572,ThermoMPNN,3OG7,2.021066427230835,28,H,P,F:\GENESIS Studio\genesis-studio\packages\engines-py\.pdb_cache\3OG7,A
573,ThermoMPNN,3OG7,0.1616133451461792,28,H,Q,F:\GENESIS Studio\genesis-studio\packages\engines-py\.pdb_cache\3OG7,A
574,ThermoMPNN,3OG7,0.450994074344635,28,H,R,F:\GENESIS Studio\genesis-studio\packages\engines-py\.pdb_cache\3OG7,A
575,ThermoMPNN,3OG7,0.724555492401123,28,H,S,F:\GENESIS Studio\genesis-studio\packages\engines-py\.pdb_cache\3OG7,A
576,ThermoMPNN,3OG7,1.0739140510559082,28,H,T,F:\GENESIS Studio\genesis-studio\packages\engines-py\.pdb_cache\3OG7,A
577,ThermoMPNN,3OG7,1.0417609214782715,28,H,V,F:\GENESIS Studio\genesis-studio\packages\engines-py\.pdb_cache\3OG7,A
578,ThermoMPNN,3OG7,0.7815174460411072,28,H,W,F:\GENESIS Studio\genesis-studio\packages\engines-py\.pdb_cache\3OG7,A
579,ThermoMPNN,3OG7,0.4795738458633423,28,H,Y,F:\GENESIS Studio\genesis-studio\packages\engines-py\.pdb_cache\3OG7,A
580,ThermoMPNN,3OG7,1.8953216075897217,29,G,A,F:\GENESIS Studio\genesis-studio\packages\engines-py\.pdb_cache\3OG7,A
581,ThermoMPNN,3OG7,1.2467985153198242,29,G,C,F:\GENESIS Studio\genesis-studio\packages\engines-py\.pdb_cache\3OG7,A
582,ThermoMPNN,3OG7,2.0359883308410645,29,G,D,F:\GENESIS Studio\genesis-studio\packages\engines-py\.pdb_cache\3OG7,A
583,ThermoMPNN,3OG7,2.2563207149505615,29,G,E,F:\GENESIS Studio\genesis-studio\packages\engines-py\.pdb_cache\3OG7,A
584,ThermoMPNN,3OG7,1.8466341495513916,29,G,F,F:\GENESIS Studio\genesis-studio\packages\engines-py\.pdb_cache\3OG7,A
585,ThermoMPNN,3OG7,0.0,29,G,G,F:\GENESIS Studio\genesis-studio\packages\engines-py\.pdb_cache\3OG7,A
586,ThermoMPNN,3OG7,1.857524037361145,29,G,H,F:\GENESIS Studio\genesis-studio\packages\engines-py\.pdb_cache\3OG7,A
587,ThermoMPNN,3OG7,2.3132336139678955,29,G,I,F:\GENESIS Studio\genesis-studio\packages\engines-py\.pdb_cache\3OG7,A
588,ThermoMPNN,3OG7,2.246098041534424,29,G,K,F:\GENESIS Studio\genesis-studio\packages\engines-py\.pdb_cache\3OG7,A
589,ThermoMPNN,3OG7,2.0734219551086426,29,G,L,F:\GENESIS Studio\genesis-studio\packages\engines-py\.pdb_cache\3OG7,A
590,ThermoMPNN,3OG7,1.9878449440002441,29,G,M,F:\GENESIS Studio\genesis-studio\packages\engines-py\.pdb_cache\3OG7,A
591,ThermoMPNN,3OG7,1.8924915790557861,29,G,N,F:\GENESIS Studio\genesis-studio\packages\engines-py\.pdb_cache\3OG7,A
592,ThermoMPNN,3OG7,2.594799280166626,29,G,P,F:\GENESIS Studio\genesis-studio\packages\engines-py\.pdb_cache\3OG7,A
593,ThermoMPNN,3OG7,2.131446599960327,29,G,Q,F:\GENESIS Studio\genesis-studio\packages\engines-py\.pdb_cache\3OG7,A
594,ThermoMPNN,3OG7,2.178060531616211,29,G,R,F:\GENESIS Studio\genesis-studio\packages\engines-py\.pdb_cache\3OG7,A
595,ThermoMPNN,3OG7,1.9652974605560303,29,G,S,F:\GENESIS Studio\genesis-studio\packages\engines-py\.pdb_cache\3OG7,A
596,ThermoMPNN,3OG7,2.3156847953796387,29,G,T,F:\GENESIS Studio\genesis-studio\packages\engines-py\.pdb_cache\3OG7,A
597,ThermoMPNN,3OG7,2.2913200855255127,29,G,V,F:\GENESIS Studio\genesis-studio\packages\engines-py\.pdb_cache\3OG7,A
598,ThermoMPNN,3OG7,1.9095083475112915,29,G,W,F:\GENESIS Studio\genesis-studio\packages\engines-py\.pdb_cache\3OG7,A
599,ThermoMPNN,3OG7,1.9199943542480469,29,G,Y,F:\GENESIS Studio\genesis-studio\packages\engines-py\.pdb_cache\3OG7,A
600,ThermoMPNN,3OG7,0.06737661361694336,30,D,A,F:\GENESIS Studio\genesis-studio\packages\engines-py\.pdb_cache\3OG7,A
601,ThermoMPNN,3OG7,-0.4704930782318115,30,D,C,F:\GENESIS Studio\genesis-studio\packages\engines-py\.pdb_cache\3OG7,A
602,ThermoMPNN,3OG7,0.0,30,D,D,F:\GENESIS Studio\genesis-studio\packages\engines-py\.pdb_cache\3OG7,A
603,ThermoMPNN,3OG7,-0.6231746673583984,30,D,E,F:\GENESIS Studio\genesis-studio\packages\engines-py\.pdb_cache\3OG7,A
604,ThermoMPNN,3OG7,-0.3096346855163574,30,D,F,F:\GENESIS Studio\genesis-studio\packages\engines-py\.pdb_cache\3OG7,A
605,ThermoMPNN,3OG7,0.5459542870521545,30,D,G,F:\GENESIS Studio\genesis-studio\packages\engines-py\.pdb_cache\3OG7,A
606,ThermoMPNN,3OG7,-0.009526997804641724,30,D,H,F:\GENESIS Studio\genesis-studio\packages\engines-py\.pdb_cache\3OG7,A
607,ThermoMPNN,3OG7,-0.23453974723815918,30,D,I,F:\GENESIS Studio\genesis-studio\packages\engines-py\.pdb_cache\3OG7,A
608,ThermoMPNN,3OG7,0.2249433994293213,30,D,K,F:\GENESIS Studio\genesis-studio\packages\engines-py\.pdb_cache\3OG7,A
609,ThermoMPNN,3OG7,-0.48998284339904785,30,D,L,F:\GENESIS Studio\genesis-studio\packages\engines-py\.pdb_cache\3OG7,A
610,ThermoMPNN,3OG7,-0.33021020889282227,30,D,M,F:\GENESIS Studio\genesis-studio\packages\engines-py\.pdb_cache\3OG7,A
611,ThermoMPNN,3OG7,0.22903740406036377,30,D,N,F:\GENESIS Studio\genesis-studio\packages\engines-py\.pdb_cache\3OG7,A
612,ThermoMPNN,3OG7,-0.5806444883346558,30,D,P,F:\GENESIS Studio\genesis-studio\packages\engines-py\.pdb_cache\3OG7,A
613,ThermoMPNN,3OG7,-0.10650408267974854,30,D,Q,F:\GENESIS Studio\genesis-studio\packages\engines-py\.pdb_cache\3OG7,A
614,ThermoMPNN,3OG7,0.19028055667877197,30,D,R,F:\GENESIS Studio\genesis-studio\packages\engines-py\.pdb_cache\3OG7,A
615,ThermoMPNN,3OG7,0.11862996220588684,30,D,S,F:\GENESIS Studio\genesis-studio\packages\engines-py\.pdb_cache\3OG7,A
616,ThermoMPNN,3OG7,0.13068419694900513,30,D,T,F:\GENESIS Studio\genesis-studio\packages\engines-py\.pdb_cache\3OG7,A
617,ThermoMPNN,3OG7,-0.0001856386661529541,30,D,V,F:\GENESIS Studio\genesis-studio\packages\engines-py\.pdb_cache\3OG7,A
618,ThermoMPNN,3OG7,-0.5332280397415161,30,D,W,F:\GENESIS Studio\genesis-studio\packages\engines-py\.pdb_cache\3OG7,A
619,ThermoMPNN,3OG7,-0.4782789349555969,30,D,Y,F:\GENESIS Studio\genesis-studio\packages\engines-py\.pdb_cache\3OG7,A
620,ThermoMPNN,3OG7,1.1498665809631348,31,V,A,F:\GENESIS Studio\genesis-studio\packages\engines-py\.pdb_cache\3OG7,A
621,ThermoMPNN,3OG7,0.6373226642608643,31,V,C,F:\GENESIS Studio\genesis-studio\packages\engines-py\.pdb_cache\3OG7,A
622,ThermoMPNN,3OG7,3.487653970718384,31,V,D,F:\GENESIS Studio\genesis-studio\packages\engines-py\.pdb_cache\3OG7,A
623,ThermoMPNN,3OG7,3.3907501697540283,31,V,E,F:\GENESIS Studio\genesis-studio\packages\engines-py\.pdb_cache\3OG7,A
624,ThermoMPNN,3OG7,1.9788286685943604,31,V,F,F:\GENESIS Studio\genesis-studio\packages\engines-py\.pdb_cache\3OG7,A
625,ThermoMPNN,3OG7,1.8657584190368652,31,V,G,F:\GENESIS Studio\genesis-studio\packages\engines-py\.pdb_cache\3OG7,A
626,ThermoMPNN,3OG7,2.9478442668914795,31,V,H,F:\GENESIS Studio\genesis-studio\packages\engines-py\.pdb_cache\3OG7,A
627,ThermoMPNN,3OG7,1.1225130558013916,31,V,I,F:\GENESIS Studio\genesis-studio\packages\engines-py\.pdb_cache\3OG7,A
628,ThermoMPNN,3OG7,3.1237411499023438,31,V,K,F:\GENESIS Studio\genesis-studio\packages\engines-py\.pdb_cache\3OG7,A
629,ThermoMPNN,3OG7,1.4773123264312744,31,V,L,F:\GENESIS Studio\genesis-studio\packages\engines-py\.pdb_cache\3OG7,A
630,ThermoMPNN,3OG7,2.0311293601989746,31,V,M,F:\GENESIS Studio\genesis-studio\packages\engines-py\.pdb_cache\3OG7,A
631,ThermoMPNN,3OG7,3.043827533721924,31,V,N,F:\GENESIS Studio\genesis-studio\packages\engines-py\.pdb_cache\3OG7,A
632,ThermoMPNN,3OG7,3.607381582260132,31,V,P,F:\GENESIS Studio\genesis-studio\packages\engines-py\.pdb_cache\3OG7,A
633,ThermoMPNN,3OG7,3.1475307941436768,31,V,Q,F:\GENESIS Studio\genesis-studio\packages\engines-py\.pdb_cache\3OG7,A
634,ThermoMPNN,3OG7,3.1832613945007324,31,V,R,F:\GENESIS Studio\genesis-studio\packages\engines-py\.pdb_cache\3OG7,A
635,ThermoMPNN,3OG7,2.358590602874756,31,V,S,F:\GENESIS Studio\genesis-studio\packages\engines-py\.pdb_cache\3OG7,A
636,ThermoMPNN,3OG7,2.0642991065979004,31,V,T,F:\GENESIS Studio\genesis-studio\packages\engines-py\.pdb_cache\3OG7,A
637,ThermoMPNN,3OG7,0.0,31,V,V,F:\GENESIS Studio\genesis-studio\packages\engines-py\.pdb_cache\3OG7,A
638,ThermoMPNN,3OG7,2.8270328044891357,31,V,W,F:\GENESIS Studio\genesis-studio\packages\engines-py\.pdb_cache\3OG7,A
639,ThermoMPNN,3OG7,2.5229108333587646,31,V,Y,F:\GENESIS Studio\genesis-studio\packages\engines-py\.pdb_cache\3OG7,A
640,ThermoMPNN,3OG7,0.0,32,A,A,F:\GENESIS Studio\genesis-studio\packages\engines-py\.pdb_cache\3OG7,A
641,ThermoMPNN,3OG7,-0.13483238220214844,32,A,C,F:\GENESIS Studio\genesis-studio\packages\engines-py\.pdb_cache\3OG7,A
642,ThermoMPNN,3OG7,1.9795856475830078,32,A,D,F:\GENESIS Studio\genesis-studio\packages\engines-py\.pdb_cache\3OG7,A
643,ThermoMPNN,3OG7,1.2010810375213623,32,A,E,F:\GENESIS Studio\genesis-studio\packages\engines-py\.pdb_cache\3OG7,A
644,ThermoMPNN,3OG7,0.1856551170349121,32,A,F,F:\GENESIS Studio\genesis-studio\packages\engines-py\.pdb_cache\3OG7,A
645,ThermoMPNN,3OG7,1.535210371017456,32,A,G,F:\GENESIS Studio\genesis-studio\packages\engines-py\.pdb_cache\3OG7,A
646,ThermoMPNN,3OG7,1.2811710834503174,32,A,H,F:\GENESIS Studio\genesis-studio\packages\engines-py\.pdb_cache\3OG7,A
647,ThermoMPNN,3OG7,-0.34438812732696533,32,A,I,F:\GENESIS Studio\genesis-studio\packages\engines-py\.pdb_cache\3OG7,A
648,ThermoMPNN,3OG7,1.1959171295166016,32,A,K,F:\GENESIS Studio\genesis-studio\packages\engines-py\.pdb_cache\3OG7,A
649,ThermoMPNN,3OG7,-0.41097021102905273,32,A,L,F:\GENESIS Studio\genesis-studio\packages\engines-py\.pdb_cache\3OG7,A
650,ThermoMPNN,3OG7,-0.20484352111816406,32,A,M,F:\GENESIS Studio\genesis-studio\packages\engines-py\.pdb_cache\3OG7,A
651,ThermoMPNN,3OG7,1.6835520267486572,32,A,N,F:\GENESIS Studio\genesis-studio\packages\engines-py\.pdb_cache\3OG7,A
652,ThermoMPNN,3OG7,3.31352162361145,32,A,P,F:\GENESIS Studio\genesis-studio\packages\engines-py\.pdb_cache\3OG7,A
653,ThermoMPNN,3OG7,1.0201799869537354,32,A,Q,F:\GENESIS Studio\genesis-studio\packages\engines-py\.pdb_cache\3OG7,A
654,ThermoMPNN,3OG7,1.0924967527389526,32,A,R,F:\GENESIS Studio\genesis-studio\packages\engines-py\.pdb_cache\3OG7,A
655,ThermoMPNN,3OG7,0.737689197063446,32,A,S,F:\GENESIS Studio\genesis-studio\packages\engines-py\.pdb_cache\3OG7,A
656,ThermoMPNN,3OG7,0.4724709987640381,32,A,T,F:\GENESIS Studio\genesis-studio\packages\engines-py\.pdb_cache\3OG7,A
657,ThermoMPNN,3OG7,-0.3394904136657715,32,A,V,F:\GENESIS Studio\genesis-studio\packages\engines-py\.pdb_cache\3OG7,A
658,ThermoMPNN,3OG7,0.36462604999542236,32,A,W,F:\GENESIS Studio\genesis-studio\packages\engines-py\.pdb_cache\3OG7,A
659,ThermoMPNN,3OG7,0.292034387588501,32,A,Y,F:\GENESIS Studio\genesis-studio\packages\engines-py\.pdb_cache\3OG7,A
660,ThermoMPNN,3OG7,2.1969072818756104,33,V,A,F:\GENESIS Studio\genesis-studio\packages\engines-py\.pdb_cache\3OG7,A
661,ThermoMPNN,3OG7,1.1400058269500732,33,V,C,F:\GENESIS Studio\genesis-studio\packages\engines-py\.pdb_cache\3OG7,A
662,ThermoMPNN,3OG7,3.421884536743164,33,V,D,F:\GENESIS Studio\genesis-studio\packages\engines-py\.pdb_cache\3OG7,A
663,ThermoMPNN,3OG7,3.258941173553467,33,V,E,F:\GENESIS Studio\genesis-studio\packages\engines-py\.pdb_cache\3OG7,A
664,ThermoMPNN,3OG7,1.1951028108596802,33,V,F,F:\GENESIS Studio\genesis-studio\packages\engines-py\.pdb_cache\3OG7,A
665,ThermoMPNN,3OG7,2.93298077583313,33,V,G,F:\GENESIS Studio\genesis-studio\packages\engines-py\.pdb_cache\3OG7,A
666,ThermoMPNN,3OG7,2.7202560901641846,33,V,H,F:\GENESIS Studio\genesis-studio\packages\engines-py\.pdb_cache\3OG7,A
667,ThermoMPNN,3OG7,0.23556900024414062,33,V,I,F:\GENESIS Studio\genesis-studio\packages\engines-py\.pdb_cache\3OG7,A
668,ThermoMPNN,3OG7,3.075991153717041,33,V,K,F:\GENESIS Studio\genesis-studio\packages\engines-py\.pdb_cache\3OG7,A
669,ThermoMPNN,3OG7,0.4568204879760742,33,V,L,F:\GENESIS Studio\genesis-studio\packages\engines-py\.pdb_cache\3OG7,A
670,ThermoMPNN,3OG7,1.3648483753204346,33,V,M,F:\GENESIS Studio\genesis-studio\packages\engines-py\.pdb_cache\3OG7,A
671,ThermoMPNN,3OG7,3.124938488006592,33,V,N,F:\GENESIS Studio\genesis-studio\packages\engines-py\.pdb_cache\3OG7,A
672,ThermoMPNN,3OG7,3.267835855484009,33,V,P,F:\GENESIS Studio\genesis-studio\packages\engines-py\.pdb_cache\3OG7,A
673,ThermoMPNN,3OG7,3.1400935649871826,33,V,Q,F:\GENESIS Studio\genesis-studio\packages\engines-py\.pdb_cache\3OG7,A
674,ThermoMPNN,3OG7,2.976501226425171,33,V,R,F:\GENESIS Studio\genesis-studio\packages\engines-py\.pdb_cache\3OG7,A
675,ThermoMPNN,3OG7,3.0214192867279053,33,V,S,F:\GENESIS Studio\genesis-studio\packages\engines-py\.pdb_cache\3OG7,A
676,ThermoMPNN,3OG7,2.377422332763672,33,V,T,F:\GENESIS Studio\genesis-studio\packages\engines-py\.pdb_cache\3OG7,A
677,ThermoMPNN,3OG7,0.0,33,V,V,F:\GENESIS Studio\genesis-studio\packages\engines-py\.pdb_cache\3OG7,A
678,ThermoMPNN,3OG7,1.5301560163497925,33,V,W,F:\GENESIS Studio\genesis-studio\packages\engines-py\.pdb_cache\3OG7,A
679,ThermoMPNN,3OG7,1.5240237712860107,33,V,Y,F:\GENESIS Studio\genesis-studio\packages\engines-py\.pdb_cache\3OG7,A
680,ThermoMPNN,3OG7,0.4040982723236084,34,K,A,F:\GENESIS Studio\genesis-studio\packages\engines-py\.pdb_cache\3OG7,A
681,ThermoMPNN,3OG7,-0.32667672634124756,34,K,C,F:\GENESIS Studio\genesis-studio\packages\engines-py\.pdb_cache\3OG7,A
682,ThermoMPNN,3OG7,1.142897367477417,34,K,D,F:\GENESIS Studio\genesis-studio\packages\engines-py\.pdb_cache\3OG7,A
683,ThermoMPNN,3OG7,0.6075623631477356,34,K,E,F:\GENESIS Studio\genesis-studio\packages\engines-py\.pdb_cache\3OG7,A
684,ThermoMPNN,3OG7,-0.38739025592803955,34,K,F,F:\GENESIS Studio\genesis-studio\packages\engines-py\.pdb_cache\3OG7,A
685,ThermoMPNN,3OG7,1.323885202407837,34,K,G,F:\GENESIS Studio\genesis-studio\packages\engines-py\.pdb_cache\3OG7,A
686,ThermoMPNN,3OG7,0.21106451749801636,34,K,H,F:\GENESIS Studio\genesis-studio\packages\engines-py\.pdb_cache\3OG7,A
687,ThermoMPNN,3OG7,-0.5148742198944092,34,K,I,F:\GENESIS Studio\genesis-studio\packages\engines-py\.pdb_cache\3OG7,A
688,ThermoMPNN,3OG7,0.0,34,K,K,F:\GENESIS Studio\genesis-studio\packages\engines-py\.pdb_cache\3OG7,A
689,ThermoMPNN,3OG7,-0.6255483627319336,34,K,L,F:\GENESIS Studio\genesis-studio\packages\engines-py\.pdb_cache\3OG7,A
690,ThermoMPNN,3OG7,-0.3019397258758545,34,K,M,F:\GENESIS Studio\genesis-studio\packages\engines-py\.pdb_cache\3OG7,A
691,ThermoMPNN,3OG7,0.5241081118583679,34,K,N,F:\GENESIS Studio\genesis-studio\packages\engines-py\.pdb_cache\3OG7,A
692,ThermoMPNN,3OG7,1.9427993297576904,34,K,P,F:\GENESIS Studio\genesis-studio\packages\engines-py\.pdb_cache\3OG7,A
693,ThermoMPNN,3OG7,0.3022870421409607,34,K,Q,F:\GENESIS Studio\genesis-studio\packages\engines-py\.pdb_cache\3OG7,A
694,ThermoMPNN,3OG7,-0.03570824861526489,34,K,R,F:\GENESIS Studio\genesis-studio\packages\engines-py\.pdb_cache\3OG7,A
695,ThermoMPNN,3OG7,0.4163684844970703,34,K,S,F:\GENESIS Studio\genesis-studio\packages\engines-py\.pdb_cache\3OG7,A
696,ThermoMPNN,3OG7,-0.08693653345108032,34,K,T,F:\GENESIS Studio\genesis-studio\packages\engines-py\.pdb_cache\3OG7,A
697,ThermoMPNN,3OG7,-0.3688392639160156,34,K,V,F:\GENESIS Studio\genesis-studio\packages\engines-py\.pdb_cache\3OG7,A
698,ThermoMPNN,3OG7,-0.22049713134765625,34,K,W,F:\GENESIS Studio\genesis-studio\packages\engines-py\.pdb_cache\3OG7,A
699,ThermoMPNN,3OG7,-0.4116811752319336,34,K,Y,F:\GENESIS Studio\genesis-studio\packages\engines-py\.pdb_cache\3OG7,A
700,ThermoMPNN,3OG7,1.2032551765441895,35,M,A,F:\GENESIS Studio\genesis-studio\packages\engines-py\.pdb_cache\3OG7,A
701,ThermoMPNN,3OG7,0.17781436443328857,35,M,C,F:\GENESIS Studio\genesis-studio\packages\engines-py\.pdb_cache\3OG7,A
702,ThermoMPNN,3OG7,2.1963729858398438,35,M,D,F:\GENESIS Studio\genesis-studio\packages\engines-py\.pdb_cache\3OG7,A
703,ThermoMPNN,3OG7,1.5486488342285156,35,M,E,F:\GENESIS Studio\genesis-studio\packages\engines-py\.pdb_cache\3OG7,A
704,ThermoMPNN,3OG7,-0.2278602123260498,35,M,F,F:\GENESIS Studio\genesis-studio\packages\engines-py\.pdb_cache\3OG7,A
705,ThermoMPNN,3OG7,2.2000534534454346,35,M,G,F:\GENESIS Studio\genesis-studio\packages\engines-py\.pdb_cache\3OG7,A
706,ThermoMPNN,3OG7,0.7299003005027771,35,M,H,F:\GENESIS Studio\genesis-studio\packages\engines-py\.pdb_cache\3OG7,A
707,ThermoMPNN,3OG7,-0.6927083730697632,35,M,I,F:\GENESIS Studio\genesis-studio\packages\engines-py\.pdb_cache\3OG7,A
708,ThermoMPNN,3OG7,0.6977348327636719,35,M,K,F:\GENESIS Studio\genesis-studio\packages\engines-py\.pdb_cache\3OG7,A
709,ThermoMPNN,3OG7,-0.22454941272735596,35,M,L,F:\GENESIS Studio\genesis-studio\packages\engines-py\.pdb_cache\3OG7,A
710,ThermoMPNN,3OG7,0.0,35,M,M,F:\GENESIS Studio\genesis-studio\packages\engines-py\.pdb_cache\3OG7,A
711,ThermoMPNN,3OG7,1.4082956314086914,35,M,N,F:\GENESIS Studio\genesis-studio\packages\engines-py\.pdb_cache\3OG7,A
712,ThermoMPNN,3OG7,2.3138866424560547,35,M,P,F:\GENESIS Studio\genesis-studio\packages\engines-py\.pdb_cache\3OG7,A
713,ThermoMPNN,3OG7,0.9605063199996948,35,M,Q,F:\GENESIS Studio\genesis-studio\packages\engines-py\.pdb_cache\3OG7,A
714,ThermoMPNN,3OG7,0.5689477920532227,35,M,R,F:\GENESIS Studio\genesis-studio\packages\engines-py\.pdb_cache\3OG7,A
715,ThermoMPNN,3OG7,1.3041695356369019,35,M,S,F:\GENESIS Studio\genesis-studio\packages\engines-py\.pdb_cache\3OG7,A
716,ThermoMPNN,3OG7,0.7128698229789734,35,M,T,F:\GENESIS Studio\genesis-studio\packages\engines-py\.pdb_cache\3OG7,A
717,ThermoMPNN,3OG7,-0.2359020709991455,35,M,V,F:\GENESIS Studio\genesis-studio\packages\engines-py\.pdb_cache\3OG7,A
718,ThermoMPNN,3OG7,0.07141542434692383,35,M,W,F:\GENESIS Studio\genesis-studio\packages\engines-py\.pdb_cache\3OG7,A
719,ThermoMPNN,3OG7,-0.04331028461456299,35,M,Y,F:\GENESIS Studio\genesis-studio\packages\engines-py\.pdb_cache\3OG7,A
720,ThermoMPNN,3OG7,2.015549421310425,36,L,A,F:\GENESIS Studio\genesis-studio\packages\engines-py\.pdb_cache\3OG7,A
721,ThermoMPNN,3OG7,1.181495189666748,36,L,C,F:\GENESIS Studio\genesis-studio\packages\engines-py\.pdb_cache\3OG7,A
722,ThermoMPNN,3OG7,3.384760856628418,36,L,D,F:\GENESIS Studio\genesis-studio\packages\engines-py\.pdb_cache\3OG7,A
723,ThermoMPNN,3OG7,2.894850015640259,36,L,E,F:\GENESIS Studio\genesis-studio\packages\engines-py\.pdb_cache\3OG7,A
724,ThermoMPNN,3OG7,1.0149683952331543,36,L,F,F:\GENESIS Studio\genesis-studio\packages\engines-py\.pdb_cache\3OG7,A
725,ThermoMPNN,3OG7,3.030928134918213,36,L,G,F:\GENESIS Studio\genesis-studio\packages\engines-py\.pdb_cache\3OG7,A
726,ThermoMPNN,3OG7,2.2167224884033203,36,L,H,F:\GENESIS Studio\genesis-studio\packages\engines-py\.pdb_cache\3OG7,A
727,ThermoMPNN,3OG7,0.1261153221130371,36,L,I,F:\GENESIS Studio\genesis-studio\packages\engines-py\.pdb_cache\3OG7,A
728,ThermoMPNN,3OG7,2.0938785076141357,36,L,K,F:\GENESIS Studio\genesis-studio\packages\engines-py\.pdb_cache\3OG7,A
729,ThermoMPNN,3OG7,0.0,36,L,L,F:\GENESIS Studio\genesis-studio\packages\engines-py\.pdb_cache\3OG7,A
730,ThermoMPNN,3OG7,0.7881461381912231,36,L,M,F:\GENESIS Studio\genesis-studio\packages\engines-py\.pdb_cache\3OG7,A
731,ThermoMPNN,3OG7,2.85347580909729,36,L,N,F:\GENESIS Studio\genesis-studio\packages\engines-py\.pdb_cache\3OG7,A
732,ThermoMPNN,3OG7,3.0555925369262695,36,L,P,F:\GENESIS Studio\genesis-studio\packages\engines-py\.pdb_cache\3OG7,A
733,ThermoMPNN,3OG7,2.4313766956329346,36,L,Q,F:\GENESIS Studio\genesis-studio\packages\engines-py\.pdb_cache\3OG7,A
734,ThermoMPNN,3OG7,2.026480197906494,36,L,R,F:\GENESIS Studio\genesis-studio\packages\engines-py\.pdb_cache\3OG7,A
735,ThermoMPNN,3OG7,2.658247470855713,36,L,S,F:\GENESIS Studio\genesis-studio\packages\engines-py\.pdb_cache\3OG7,A
736,ThermoMPNN,3OG7,2.2268354892730713,36,L,T,F:\GENESIS Studio\genesis-studio\packages\engines-py\.pdb_cache\3OG7,A
737,ThermoMPNN,3OG7,0.825005054473877,36,L,V,F:\GENESIS Studio\genesis-studio\packages\engines-py\.pdb_cache\3OG7,A
738,ThermoMPNN,3OG7,1.2318944931030273,36,L,W,F:\GENESIS Studio\genesis-studio\packages\engines-py\.pdb_cache\3OG7,A
739,ThermoMPNN,3OG7,1.195597767829895,36,L,Y,F:\GENESIS Studio\genesis-studio\packages\engines-py\.pdb_cache\3OG7,A
740,ThermoMPNN,3OG7,0.3664454221725464,37,N,A,F:\GENESIS Studio\genesis-studio\packages\engines-py\.pdb_cache\3OG7,A
741,ThermoMPNN,3OG7,0.2571209669113159,37,N,C,F:\GENESIS Studio\genesis-studio\packages\engines-py\.pdb_cache\3OG7,A
742,ThermoMPNN,3OG7,0.8297791481018066,37,N,D,F:\GENESIS Studio\genesis-studio\packages\engines-py\.pdb_cache\3OG7,A
743,ThermoMPNN,3OG7,0.9023860096931458,37,N,E,F:\GENESIS Studio\genesis-studio\packages\engines-py\.pdb_cache\3OG7,A
744,ThermoMPNN,3OG7,0.744146466255188,37,N,F,F:\GENESIS Studio\genesis-studio\packages\engines-py\.pdb_cache\3OG7,A
745,ThermoMPNN,3OG7,0.5648724436759949,37,N,G,F:\GENESIS Studio\genesis-studio\packages\engines-py\.pdb_cache\3OG7,A
746,ThermoMPNN,3OG7,0.32919418811798096,37,N,H,F:\GENESIS Studio\genesis-studio\packages\engines-py\.pdb_cache\3OG7,A
747,ThermoMPNN,3OG7,1.0769680738449097,37,N,I,F:\GENESIS Studio\genesis-studio\packages\engines-py\.pdb_cache\3OG7,A
748,ThermoMPNN,3OG7,0.34785234928131104,37,N,K,F:\GENESIS Studio\genesis-studio\packages\engines-py\.pdb_cache\3OG7,A
749,ThermoMPNN,3OG7,0.5667349696159363,37,N,L,F:\GENESIS Studio\genesis-studio\packages\engines-py\.pdb_cache\3OG7,A
750,ThermoMPNN,3OG7,0.4730575680732727,37,N,M,F:\GENESIS Studio\genesis-studio\packages\engines-py\.pdb_cache\3OG7,A
751,ThermoMPNN,3OG7,0.0,37,N,N,F:\GENESIS Studio\genesis-studio\packages\engines-py\.pdb_cache\3OG7,A
752,ThermoMPNN,3OG7,2.0988235473632812,37,N,P,F:\GENESIS Studio\genesis-studio\packages\engines-py\.pdb_cache\3OG7,A
753,ThermoMPNN,3OG7,0.5271364450454712,37,N,Q,F:\GENESIS Studio\genesis-studio\packages\engines-py\.pdb_cache\3OG7,A
754,ThermoMPNN,3OG7,0.40347832441329956,37,N,R,F:\GENESIS Studio\genesis-studio\packages\engines-py\.pdb_cache\3OG7,A
755,ThermoMPNN,3OG7,0.4499511122703552,37,N,S,F:\GENESIS Studio\genesis-studio\packages\engines-py\.pdb_cache\3OG7,A
756,ThermoMPNN,3OG7,0.9182127714157104,37,N,T,F:\GENESIS Studio\genesis-studio\packages\engines-py\.pdb_cache\3OG7,A
757,ThermoMPNN,3OG7,1.0515516996383667,37,N,V,F:\GENESIS Studio\genesis-studio\packages\engines-py\.pdb_cache\3OG7,A
758,ThermoMPNN,3OG7,0.9901131391525269,37,N,W,F:\GENESIS Studio\genesis-studio\packages\engines-py\.pdb_cache\3OG7,A
759,ThermoMPNN,3OG7,0.785062849521637,37,N,Y,F:\GENESIS Studio\genesis-studio\packages\engines-py\.pdb_cache\3OG7,A
760,ThermoMPNN,3OG7,1.0349067449569702,38,V,A,F:\GENESIS Studio\genesis-studio\packages\engines-py\.pdb_cache\3OG7,A
761,ThermoMPNN,3OG7,0.30168986320495605,38,V,C,F:\GENESIS Studio\genesis-studio\packages\engines-py\.pdb_cache\3OG7,A
762,ThermoMPNN,3OG7,1.7699980735778809,38,V,D,F:\GENESIS Studio\genesis-studio\packages\engines-py\.pdb_cache\3OG7,A
763,ThermoMPNN,3OG7,1.497607946395874,38,V,E,F:\GENESIS Studio\genesis-studio\packages\engines-py\.pdb_cache\3OG7,A
764,ThermoMPNN,3OG7,0.21505498886108398,38,V,F,F:\GENESIS Studio\genesis-studio\packages\engines-py\.pdb_cache\3OG7,A
765,ThermoMPNN,3OG7,1.7162361145019531,38,V,G,F:\GENESIS Studio\genesis-studio\packages\engines-py\.pdb_cache\3OG7,A
766,ThermoMPNN,3OG7,0.9532486200332642,38,V,H,F:\GENESIS Studio\genesis-studio\packages\engines-py\.pdb_cache\3OG7,A
767,ThermoMPNN,3OG7,-0.33695220947265625,38,V,I,F:\GENESIS Studio\genesis-studio\packages\engines-py\.pdb_cache\3OG7,A
768,ThermoMPNN,3OG7,1.2338342666625977,38,V,K,F:\GENESIS Studio\genesis-studio\packages\engines-py\.pdb_cache\3OG7,A
769,ThermoMPNN,3OG7,0.13461089134216309,38,V,L,F:\GENESIS Studio\genesis-studio\packages\engines-py\.pdb_cache\3OG7,A
770,ThermoMPNN,3OG7,0.3549916744232178,38,V,M,F:\GENESIS Studio\genesis-studio\packages\engines-py\.pdb_cache\3OG7,A
771,ThermoMPNN,3OG7,1.423156976699829,38,V,N,F:\GENESIS Studio\genesis-studio\packages\engines-py\.pdb_cache\3OG7,A
772,ThermoMPNN,3OG7,1.711702585220337,38,V,P,F:\GENESIS Studio\genesis-studio\packages\engines-py\.pdb_cache\3OG7,A
773,ThermoMPNN,3OG7,1.1804711818695068,38,V,Q,F:\GENESIS Studio\genesis-studio\packages\engines-py\.pdb_cache\3OG7,A
774,ThermoMPNN,3OG7,1.2479281425476074,38,V,R,F:\GENESIS Studio\genesis-studio\packages\engines-py\.pdb_cache\3OG7,A
775,ThermoMPNN,3OG7,1.265233039855957,38,V,S,F:\GENESIS Studio\genesis-studio\packages\engines-py\.pdb_cache\3OG7,A
776,ThermoMPNN,3OG7,0.9003822803497314,38,V,T,F:\GENESIS Studio\genesis-studio\packages\engines-py\.pdb_cache\3OG7,A
777,ThermoMPNN,3OG7,0.0,38,V,V,F:\GENESIS Studio\genesis-studio\packages\engines-py\.pdb_cache\3OG7,A
778,ThermoMPNN,3OG7,0.17170500755310059,38,V,W,F:\GENESIS Studio\genesis-studio\packages\engines-py\.pdb_cache\3OG7,A
779,ThermoMPNN,3OG7,0.22928357124328613,38,V,Y,F:\GENESIS Studio\genesis-studio\packages\engines-py\.pdb_cache\3OG7,A
780,ThermoMPNN,3OG7,-0.10949546098709106,39,T,A,F:\GENESIS Studio\genesis-studio\packages\engines-py\.pdb_cache\3OG7,A
781,ThermoMPNN,3OG7,-0.11263173818588257,39,T,C,F:\GENESIS Studio\genesis-studio\packages\engines-py\.pdb_cache\3OG7,A
782,ThermoMPNN,3OG7,-0.1755170226097107,39,T,D,F:\GENESIS Studio\genesis-studio\packages\engines-py\.pdb_cache\3OG7,A
783,ThermoMPNN,3OG7,-0.0731012225151062,39,T,E,F:\GENESIS Studio\genesis-studio\packages\engines-py\.pdb_cache\3OG7,A
784,ThermoMPNN,3OG7,0.2586657404899597,39,T,F,F:\GENESIS Studio\genesis-studio\packages\engines-py\.pdb_cache\3OG7,A
785,ThermoMPNN,3OG7,0.1742824912071228,39,T,G,F:\GENESIS Studio\genesis-studio\packages\engines-py\.pdb_cache\3OG7,A
786,ThermoMPNN,3OG7,0.041179537773132324,39,T,H,F:\GENESIS Studio\genesis-studio\packages\engines-py\.pdb_cache\3OG7,A
787,ThermoMPNN,3OG7,0.16987192630767822,39,T,I,F:\GENESIS Studio\genesis-studio\packages\engines-py\.pdb_cache\3OG7,A
788,ThermoMPNN,3OG7,0.07506078481674194,39,T,K,F:\GENESIS Studio\genesis-studio\packages\engines-py\.pdb_cache\3OG7,A
789,ThermoMPNN,3OG7,0.1294911503791809,39,T,L,F:\GENESIS Studio\genesis-studio\packages\engines-py\.pdb_cache\3OG7,A
790,ThermoMPNN,3OG7,0.2482738494873047,39,T,M,F:\GENESIS Studio\genesis-studio\packages\engines-py\.pdb_cache\3OG7,A
791,ThermoMPNN,3OG7,-0.029752612113952637,39,T,N,F:\GENESIS Studio\genesis-studio\packages\engines-py\.pdb_cache\3OG7,A
792,ThermoMPNN,3OG7,-0.009399056434631348,39,T,P,F:\GENESIS Studio\genesis-studio\packages\engines-py\.pdb_cache\3OG7,A
793,ThermoMPNN,3OG7,0.06770908832550049,39,T,Q,F:\GENESIS Studio\genesis-studio\packages\engines-py\.pdb_cache\3OG7,A
794,ThermoMPNN,3OG7,0.11695951223373413,39,T,R,F:\GENESIS Studio\genesis-studio\packages\engines-py\.pdb_cache\3OG7,A
795,ThermoMPNN,3OG7,-0.18191802501678467,39,T,S,F:\GENESIS Studio\genesis-studio\packages\engines-py\.pdb_cache\3OG7,A
796,ThermoMPNN,3OG7,0.0,39,T,T,F:\GENESIS Studio\genesis-studio\packages\engines-py\.pdb_cache\3OG7,A
797,ThermoMPNN,3OG7,0.17928487062454224,39,T,V,F:\GENESIS Studio\genesis-studio\packages\engines-py\.pdb_cache\3OG7,A
798,ThermoMPNN,3OG7,0.1757848858833313,39,T,W,F:\GENESIS Studio\genesis-studio\packages\engines-py\.pdb_cache\3OG7,A
799,ThermoMPNN,3OG7,0.2487698793411255,39,T,Y,F:\GENESIS Studio\genesis-studio\packages\engines-py\.pdb_cache\3OG7,A
800,ThermoMPNN,3OG7,0.0,40,A,A,F:\GENESIS Studio\genesis-studio\packages\engines-py\.pdb_cache\3OG7,A
801,ThermoMPNN,3OG7,-0.41582679748535156,40,A,C,F:\GENESIS Studio\genesis-studio\packages\engines-py\.pdb_cache\3OG7,A
802,ThermoMPNN,3OG7,0.05616557598114014,40,A,D,F:\GENESIS Studio\genesis-studio\packages\engines-py\.pdb_cache\3OG7,A
803,ThermoMPNN,3OG7,-0.1673572063446045,40,A,E,F:\GENESIS Studio\genesis-studio\packages\engines-py\.pdb_cache\3OG7,A
804,ThermoMPNN,3OG7,-0.28550612926483154,40,A,F,F:\GENESIS Studio\genesis-studio\packages\engines-py\.pdb_cache\3OG7,A
805,ThermoMPNN,3OG7,0.43756186962127686,40,A,G,F:\GENESIS Studio\genesis-studio\packages\engines-py\.pdb_cache\3OG7,A
806,ThermoMPNN,3OG7,-0.30655211210250854,40,A,H,F:\GENESIS Studio\genesis-studio\packages\engines-py\.pdb_cache\3OG7,A
807,ThermoMPNN,3OG7,-0.28222382068634033,40,A,I,F:\GENESIS Studio\genesis-studio\packages\engines-py\.pdb_cache\3OG7,A
808,ThermoMPNN,3OG7,-0.043966054916381836,40,A,K,F:\GENESIS Studio\genesis-studio\packages\engines-py\.pdb_cache\3OG7,A
809,ThermoMPNN,3OG7,-0.13763409852981567,40,A,L,F:\GENESIS Studio\genesis-studio\packages\engines-py\.pdb_cache\3OG7,A
810,ThermoMPNN,3OG7,-0.09973794221878052,40,A,M,F:\GENESIS Studio\genesis-studio\packages\engines-py\.pdb_cache\3OG7,A
811,ThermoMPNN,3OG7,-0.07467275857925415,40,A,N,F:\GENESIS Studio\genesis-studio\packages\engines-py\.pdb_cache\3OG7,A
812,ThermoMPNN,3OG7,1.0744235515594482,40,A,P,F:\GENESIS Studio\genesis-studio\packages\engines-py\.pdb_cache\3OG7,A
813,ThermoMPNN,3OG7,-0.1411445140838623,40,A,Q,F:\GENESIS Studio\genesis-studio\packages\engines-py\.pdb_cache\3OG7,A
814,ThermoMPNN,3OG7,-0.10570001602172852,40,A,R,F:\GENESIS Studio\genesis-studio\packages\engines-py\.pdb_cache\3OG7,A
815,ThermoMPNN,3OG7,-0.15144479274749756,40,A,S,F:\GENESIS Studio\genesis-studio\packages\engines-py\.pdb_cache\3OG7,A
816,ThermoMPNN,3OG7,-0.3383903503417969,40,A,T,F:\GENESIS Studio\genesis-studio\packages\engines-py\.pdb_cache\3OG7,A
817,ThermoMPNN,3OG7,-0.4050410985946655,40,A,V,F:\GENESIS Studio\genesis-studio\packages\engines-py\.pdb_cache\3OG7,A
818,ThermoMPNN,3OG7,-0.26551389694213867,40,A,W,F:\GENESIS Studio\genesis-studio\packages\engines-py\.pdb_cache\3OG7,A
819,ThermoMPNN,3OG7,-0.31537050008773804,40,A,Y,F:\GENESIS Studio\genesis-studio\packages\engines-py\.pdb_cache\3OG7,A
820,ThermoMPNN,3OG7,-0.46707046031951904,41,P,A,F:\GENESIS Studio\genesis-studio\packages\engines-py\.pdb_cache\3OG7,A
821,ThermoMPNN,3OG7,-0.4491260051727295,41,P,C,F:\GENESIS Studio\genesis-studio\packages\engines-py\.pdb_cache\3OG7,A
822,ThermoMPNN,3OG7,0.8789332509040833,41,P,D,F:\GENESIS Studio\genesis-studio\packages\engines-py\.pdb_cache\3OG7,A
823,ThermoMPNN,3OG7,0.5604433417320251,41,P,E,F:\GENESIS Studio\genesis-studio\packages\engines-py\.pdb_cache\3OG7,A
824,ThermoMPNN,3OG7,-0.46937811374664307,41,P,F,F:\GENESIS Studio\genesis-studio\packages\engines-py\.pdb_cache\3OG7,A
825,ThermoMPNN,3OG7,0.431837260723114,41,P,G,F:\GENESIS Studio\genesis-studio\packages\engines-py\.pdb_cache\3OG7,A
826,ThermoMPNN,3OG7,0.38428354263305664,41,P,H,F:\GENESIS Studio\genesis-studio\packages\engines-py\.pdb_cache\3OG7,A
827,ThermoMPNN,3OG7,-0.5206185579299927,41,P,I,F:\GENESIS Studio\genesis-studio\packages\engines-py\.pdb_cache\3OG7,A
828,ThermoMPNN,3OG7,0.7631639242172241,41,P,K,F:\GENESIS Studio\genesis-studio\packages\engines-py\.pdb_cache\3OG7,A
829,ThermoMPNN,3OG7,-0.22332531213760376,41,P,L,F:\GENESIS Studio\genesis-studio\packages\engines-py\.pdb_cache\3OG7,A
830,ThermoMPNN,3OG7,-0.1435641646385193,41,P,M,F:\GENESIS Studio\genesis-studio\packages\engines-py\.pdb_cache\3OG7,A
831,ThermoMPNN,3OG7,0.7916591763496399,41,P,N,F:\GENESIS Studio\genesis-studio\packages\engines-py\.pdb_cache\3OG7,A
832,ThermoMPNN,3OG7,0.0,41,P,P,F:\GENESIS Studio\genesis-studio\packages\engines-py\.pdb_cache\3OG7,A
833,ThermoMPNN,3OG7,0.6539379954338074,41,P,Q,F:\GENESIS Studio\genesis-studio\packages\engines-py\.pdb_cache\3OG7,A
834,ThermoMPNN,3OG7,0.8311477899551392,41,P,R,F:\GENESIS Studio\genesis-studio\packages\engines-py\.pdb_cache\3OG7,A
835,ThermoMPNN,3OG7,0.33981847763061523,41,P,S,F:\GENESIS Studio\genesis-studio\packages\engines-py\.pdb_cache\3OG7,A
836,ThermoMPNN,3OG7,0.34629446268081665,41,P,T,F:\GENESIS Studio\genesis-studio\packages\engines-py\.pdb_cache\3OG7,A
837,ThermoMPNN,3OG7,-0.38517773151397705,41,P,V,F:\GENESIS Studio\genesis-studio\packages\engines-py\.pdb_cache\3OG7,A
838,ThermoMPNN,3OG7,-0.3366281986236572,41,P,W,F:\GENESIS Studio\genesis-studio\packages\engines-py\.pdb_cache\3OG7,A
839,ThermoMPNN,3OG7,-0.3375208377838135,41,P,Y,F:\GENESIS Studio\genesis-studio\packages\engines-py\.pdb_cache\3OG7,A
840,ThermoMPNN,3OG7,1.1469604969024658,42,T,A,F:\GENESIS Studio\genesis-studio\packages\engines-py\.pdb_cache\3OG7,A
841,ThermoMPNN,3OG7,0.8911257386207581,42,T,C,F:\GENESIS Studio\genesis-studio\packages\engines-py\.pdb_cache\3OG7,A
842,ThermoMPNN,3OG7,0.6027915477752686,42,T,D,F:\GENESIS Studio\genesis-studio\packages\engines-py\.pdb_cache\3OG7,A
843,ThermoMPNN,3OG7,1.186145544052124,42,T,E,F:\GENESIS Studio\genesis-studio\packages\engines-py\.pdb_cache\3OG7,A
844,ThermoMPNN,3OG7,1.4218146800994873,42,T,F,F:\GENESIS Studio\genesis-studio\packages\engines-py\.pdb_cache\3OG7,A
845,ThermoMPNN,3OG7,1.2066872119903564,42,T,G,F:\GENESIS Studio\genesis-studio\packages\engines-py\.pdb_cache\3OG7,A
846,ThermoMPNN,3OG7,1.0493299961090088,42,T,H,F:\GENESIS Studio\genesis-studio\packages\engines-py\.pdb_cache\3OG7,A
847,ThermoMPNN,3OG7,1.372085690498352,42,T,I,F:\GENESIS Studio\genesis-studio\packages\engines-py\.pdb_cache\3OG7,A
848,ThermoMPNN,3OG7,1.2849063873291016,42,T,K,F:\GENESIS Studio\genesis-studio\packages\engines-py\.pdb_cache\3OG7,A
849,ThermoMPNN,3OG7,1.1839524507522583,42,T,L,F:\GENESIS Studio\genesis-studio\packages\engines-py\.pdb_cache\3OG7,A
850,ThermoMPNN,3OG7,1.2378325462341309,42,T,M,F:\GENESIS Studio\genesis-studio\packages\engines-py\.pdb_cache\3OG7,A
851,ThermoMPNN,3OG7,0.7233470678329468,42,T,N,F:\GENESIS Studio\genesis-studio\packages\engines-py\.pdb_cache\3OG7,A
852,ThermoMPNN,3OG7,1.1950993537902832,42,T,P,F:\GENESIS Studio\genesis-studio\packages\engines-py\.pdb_cache\3OG7,A
853,ThermoMPNN,3OG7,1.2017762660980225,42,T,Q,F:\GENESIS Studio\genesis-studio\packages\engines-py\.pdb_cache\3OG7,A
854,ThermoMPNN,3OG7,1.2723815441131592,42,T,R,F:\GENESIS Studio\genesis-studio\packages\engines-py\.pdb_cache\3OG7,A
855,ThermoMPNN,3OG7,0.32268285751342773,42,T,S,F:\GENESIS Studio\genesis-studio\packages\engines-py\.pdb_cache\3OG7,A
856,ThermoMPNN,3OG7,0.0,42,T,T,F:\GENESIS Studio\genesis-studio\packages\engines-py\.pdb_cache\3OG7,A
857,ThermoMPNN,3OG7,1.3059743642807007,42,T,V,F:\GENESIS Studio\genesis-studio\packages\engines-py\.pdb_cache\3OG7,A
858,ThermoMPNN,3OG7,1.4087672233581543,42,T,W,F:\GENESIS Studio\genesis-studio\packages\engines-py\.pdb_cache\3OG7,A
859,ThermoMPNN,3OG7,1.3455830812454224,42,T,Y,F:\GENESIS Studio\genesis-studio\packages\engines-py\.pdb_cache\3OG7,A
860,ThermoMPNN,3OG7,0.22584760189056396,43,P,A,F:\GENESIS Studio\genesis-studio\packages\engines-py\.pdb_cache\3OG7,A
861,ThermoMPNN,3OG7,0.21734309196472168,43,P,C,F:\GENESIS Studio\genesis-studio\packages\engines-py\.pdb_cache\3OG7,A
862,ThermoMPNN,3OG7,0.23572176694869995,43,P,D,F:\GENESIS Studio\genesis-studio\packages\engines-py\.pdb_cache\3OG7,A
863,ThermoMPNN,3OG7,0.11715936660766602,43,P,E,F:\GENESIS Studio\genesis-studio\packages\engines-py\.pdb_cache\3OG7,A
864,ThermoMPNN,3OG7,0.48314082622528076,43,P,F,F:\GENESIS Studio\genesis-studio\packages\engines-py\.pdb_cache\3OG7,A
865,ThermoMPNN,3OG7,0.6728612184524536,43,P,G,F:\GENESIS Studio\genesis-studio\packages\engines-py\.pdb_cache\3OG7,A
866,ThermoMPNN,3OG7,0.4123881459236145,43,P,H,F:\GENESIS Studio\genesis-studio\packages\engines-py\.pdb_cache\3OG7,A
867,ThermoMPNN,3OG7,0.3430202603340149,43,P,I,F:\GENESIS Studio\genesis-studio\packages\engines-py\.pdb_cache\3OG7,A
868,ThermoMPNN,3OG7,0.4811134338378906,43,P,K,F:\GENESIS Studio\genesis-studio\packages\engines-py\.pdb_cache\3OG7,A
869,ThermoMPNN,3OG7,0.2832183837890625,43,P,L,F:\GENESIS Studio\genesis-studio\packages\engines-py\.pdb_cache\3OG7,A
870,ThermoMPNN,3OG7,0.31645792722702026,43,P,M,F:\GENESIS Studio\genesis-studio\packages\engines-py\.pdb_cache\3OG7,A
871,ThermoMPNN,3OG7,0.5191293954849243,43,P,N,F:\GENESIS Studio\genesis-studio\packages\engines-py\.pdb_cache\3OG7,A
872,ThermoMPNN,3OG7,0.0,43,P,P,F:\GENESIS Studio\genesis-studio\packages\engines-py\.pdb_cache\3OG7,A
873,ThermoMPNN,3OG7,0.2727324962615967,43,P,Q,F:\GENESIS Studio\genesis-studio\packages\engines-py\.pdb_cache\3OG7,A
874,ThermoMPNN,3OG7,0.5311905145645142,43,P,R,F:\GENESIS Studio\genesis-studio\packages\engines-py\.pdb_cache\3OG7,A
875,ThermoMPNN,3OG7,0.3867313861846924,43,P,S,F:\GENESIS Studio\genesis-studio\packages\engines-py\.pdb_cache\3OG7,A
876,ThermoMPNN,3OG7,0.4425179958343506,43,P,T,F:\GENESIS Studio\genesis-studio\packages\engines-py\.pdb_cache\3OG7,A
877,ThermoMPNN,3OG7,0.402100145816803,43,P,V,F:\GENESIS Studio\genesis-studio\packages\engines-py\.pdb_cache\3OG7,A
878,ThermoMPNN,3OG7,0.30234378576278687,43,P,W,F:\GENESIS Studio\genesis-studio\packages\engines-py\.pdb_cache\3OG7,A
879,ThermoMPNN,3OG7,0.40050578117370605,43,P,Y,F:\GENESIS Studio\genesis-studio\packages\engines-py\.pdb_cache\3OG7,A
880,ThermoMPNN,3OG7,0.009969770908355713,44,Q,A,F:\GENESIS Studio\genesis-studio\packages\engines-py\.pdb_cache\3OG7,A
881,ThermoMPNN,3OG7,-0.03356921672821045,44,Q,C,F:\GENESIS Studio\genesis-studio\packages\engines-py\.pdb_cache\3OG7,A
882,ThermoMPNN,3OG7,-0.10297048091888428,44,Q,D,F:\GENESIS Studio\genesis-studio\packages\engines-py\.pdb_cache\3OG7,A
883,ThermoMPNN,3OG7,-0.21809160709381104,44,Q,E,F:\GENESIS Studio\genesis-studio\packages\engines-py\.pdb_cache\3OG7,A
884,ThermoMPNN,3OG7,0.20012110471725464,44,Q,F,F:\GENESIS Studio\genesis-studio\packages\engines-py\.pdb_cache\3OG7,A
885,ThermoMPNN,3OG7,0.3209555149078369,44,Q,G,F:\GENESIS Studio\genesis-studio\packages\engines-py\.pdb_cache\3OG7,A
886,ThermoMPNN,3OG7,0.16354286670684814,44,Q,H,F:\GENESIS Studio\genesis-studio\packages\engines-py\.pdb_cache\3OG7,A
887,ThermoMPNN,3OG7,0.15981918573379517,44,Q,I,F:\GENESIS Studio\genesis-studio\packages\engines-py\.pdb_cache\3OG7,A
888,ThermoMPNN,3OG7,0.2783757448196411,44,Q,K,F:\GENESIS Studio\genesis-studio\packages\engines-py\.pdb_cache\3OG7,A
889,ThermoMPNN,3OG7,0.14886587858200073,44,Q,L,F:\GENESIS Studio\genesis-studio\packages\engines-py\.pdb_cache\3OG7,A
890,ThermoMPNN,3OG7,0.16092419624328613,44,Q,M,F:\GENESIS Studio\genesis-studio\packages\engines-py\.pdb_cache\3OG7,A
891,ThermoMPNN,3OG7,0.19411492347717285,44,Q,N,F:\GENESIS Studio\genesis-studio\packages\engines-py\.pdb_cache\3OG7,A
892,ThermoMPNN,3OG7,0.8303490281105042,44,Q,P,F:\GENESIS Studio\genesis-studio\packages\engines-py\.pdb_cache\3OG7,A
893,ThermoMPNN,3OG7,0.0,44,Q,Q,F:\GENESIS Studio\genesis-studio\packages\engines-py\.pdb_cache\3OG7,A
894,ThermoMPNN,3OG7,0.2896103262901306,44,Q,R,F:\GENESIS Studio\genesis-studio\packages\engines-py\.pdb_cache\3OG7,A
895,ThermoMPNN,3OG7,0.14098095893859863,44,Q,S,F:\GENESIS Studio\genesis-studio\packages\engines-py\.pdb_cache\3OG7,A
896,ThermoMPNN,3OG7,0.157434344291687,44,Q,T,F:\GENESIS Studio\genesis-studio\packages\engines-py\.pdb_cache\3OG7,A
897,ThermoMPNN,3OG7,0.14598411321640015,44,Q,V,F:\GENESIS Studio\genesis-studio\packages\engines-py\.pdb_cache\3OG7,A
898,ThermoMPNN,3OG7,0.05260187387466431,44,Q,W,F:\GENESIS Studio\genesis-studio\packages\engines-py\.pdb_cache\3OG7,A
899,ThermoMPNN,3OG7,0.14035016298294067,44,Q,Y,F:\GENESIS Studio\genesis-studio\packages\engines-py\.pdb_cache\3OG7,A
900,ThermoMPNN,3OG7,1.0155348777770996,45,Q,A,F:\GENESIS Studio\genesis-studio\packages\engines-py\.pdb_cache\3OG7,A
901,ThermoMPNN,3OG7,0.9983440041542053,45,Q,C,F:\GENESIS Studio\genesis-studio\packages\engines-py\.pdb_cache\3OG7,A
902,ThermoMPNN,3OG7,0.7659847736358643,45,Q,D,F:\GENESIS Studio\genesis-studio\packages\engines-py\.pdb_cache\3OG7,A
903,ThermoMPNN,3OG7,0.6597878932952881,45,Q,E,F:\GENESIS Studio\genesis-studio\packages\engines-py\.pdb_cache\3OG7,A
904,ThermoMPNN,3OG7,1.335123062133789,45,Q,F,F:\GENESIS Studio\genesis-studio\packages\engines-py\.pdb_cache\3OG7,A
905,ThermoMPNN,3OG7,1.9776215553283691,45,Q,G,F:\GENESIS Studio\genesis-studio\packages\engines-py\.pdb_cache\3OG7,A
906,ThermoMPNN,3OG7,1.2326533794403076,45,Q,H,F:\GENESIS Studio\genesis-studio\packages\engines-py\.pdb_cache\3OG7,A
907,ThermoMPNN,3OG7,1.1335597038269043,45,Q,I,F:\GENESIS Studio\genesis-studio\packages\engines-py\.pdb_cache\3OG7,A
908,ThermoMPNN,3OG7,1.4427690505981445,45,Q,K,F:\GENESIS Studio\genesis-studio\packages\engines-py\.pdb_cache\3OG7,A
909,ThermoMPNN,3OG7,0.7474762201309204,45,Q,L,F:\GENESIS Studio\genesis-studio\packages\engines-py\.pdb_cache\3OG7,A
910,ThermoMPNN,3OG7,0.34013140201568604,45,Q,M,F:\GENESIS Studio\genesis-studio\packages\engines-py\.pdb_cache\3OG7,A
911,ThermoMPNN,3OG7,1.4720768928527832,45,Q,N,F:\GENESIS Studio\genesis-studio\packages\engines-py\.pdb_cache\3OG7,A
912,ThermoMPNN,3OG7,3.604682683944702,45,Q,P,F:\GENESIS Studio\genesis-studio\packages\engines-py\.pdb_cache\3OG7,A
913,ThermoMPNN,3OG7,0.0,45,Q,Q,F:\GENESIS Studio\genesis-studio\packages\engines-py\.pdb_cache\3OG7,A
914,ThermoMPNN,3OG7,1.6262519359588623,45,Q,R,F:\GENESIS Studio\genesis-studio\packages\engines-py\.pdb_cache\3OG7,A
915,ThermoMPNN,3OG7,1.2951343059539795,45,Q,S,F:\GENESIS Studio\genesis-studio\packages\engines-py\.pdb_cache\3OG7,A
916,ThermoMPNN,3OG7,1.124826431274414,45,Q,T,F:\GENESIS Studio\genesis-studio\packages\engines-py\.pdb_cache\3OG7,A
917,ThermoMPNN,3OG7,1.3046318292617798,45,Q,V,F:\GENESIS Studio\genesis-studio\packages\engines-py\.pdb_cache\3OG7,A
918,ThermoMPNN,3OG7,1.1087708473205566,45,Q,W,F:\GENESIS Studio\genesis-studio\packages\engines-py\.pdb_cache\3OG7,A
919,ThermoMPNN,3OG7,1.4132579565048218,45,Q,Y,F:\GENESIS Studio\genesis-studio\packages\engines-py\.pdb_cache\3OG7,A
920,ThermoMPNN,3OG7,1.5641515254974365,46,L,A,F:\GENESIS Studio\genesis-studio\packages\engines-py\.pdb_cache\3OG7,A
921,ThermoMPNN,3OG7,0.8662958145141602,46,L,C,F:\GENESIS Studio\genesis-studio\packages\engines-py\.pdb_cache\3OG7,A
922,ThermoMPNN,3OG7,2.208062171936035,46,L,D,F:\GENESIS Studio\genesis-studio\packages\engines-py\.pdb_cache\3OG7,A
923,ThermoMPNN,3OG7,1.7114603519439697,46,L,E,F:\GENESIS Studio\genesis-studio\packages\engines-py\.pdb_cache\3OG7,A
924,ThermoMPNN,3OG7,0.6106669902801514,46,L,F,F:\GENESIS Studio\genesis-studio\packages\engines-py\.pdb_cache\3OG7,A
925,ThermoMPNN,3OG7,2.4555845260620117,46,L,G,F:\GENESIS Studio\genesis-studio\packages\engines-py\.pdb_cache\3OG7,A
926,ThermoMPNN,3OG7,1.505527138710022,46,L,H,F:\GENESIS Studio\genesis-studio\packages\engines-py\.pdb_cache\3OG7,A
927,ThermoMPNN,3OG7,0.25988101959228516,46,L,I,F:\GENESIS Studio\genesis-studio\packages\engines-py\.pdb_cache\3OG7,A
928,ThermoMPNN,3OG7,1.7131295204162598,46,L,K,F:\GENESIS Studio\genesis-studio\packages\engines-py\.pdb_cache\3OG7,A
929,ThermoMPNN,3OG7,0.0,46,L,L,F:\GENESIS Studio\genesis-studio\packages\engines-py\.pdb_cache\3OG7,A
930,ThermoMPNN,3OG7,0.44342851638793945,46,L,M,F:\GENESIS Studio\genesis-studio\packages\engines-py\.pdb_cache\3OG7,A
931,ThermoMPNN,3OG7,1.9719951152801514,46,L,N,F:\GENESIS Studio\genesis-studio\packages\engines-py\.pdb_cache\3OG7,A
932,ThermoMPNN,3OG7,2.8088321685791016,46,L,P,F:\GENESIS Studio\genesis-studio\packages\engines-py\.pdb_cache\3OG7,A
933,ThermoMPNN,3OG7,1.5138237476348877,46,L,Q,F:\GENESIS Studio\genesis-studio\packages\engines-py\.pdb_cache\3OG7,A
934,ThermoMPNN,3OG7,1.6756809949874878,46,L,R,F:\GENESIS Studio\genesis-studio\packages\engines-py\.pdb_cache\3OG7,A
935,ThermoMPNN,3OG7,1.9370579719543457,46,L,S,F:\GENESIS Studio\genesis-studio\packages\engines-py\.pdb_cache\3OG7,A
936,ThermoMPNN,3OG7,1.4695760011672974,46,L,T,F:\GENESIS Studio\genesis-studio\packages\engines-py\.pdb_cache\3OG7,A
937,ThermoMPNN,3OG7,0.6966723203659058,46,L,V,F:\GENESIS Studio\genesis-studio\packages\engines-py\.pdb_cache\3OG7,A
938,ThermoMPNN,3OG7,0.688772439956665,46,L,W,F:\GENESIS Studio\genesis-studio\packages\engines-py\.pdb_cache\3OG7,A
939,ThermoMPNN,3OG7,0.7501709461212158,46,L,Y,F:\GENESIS Studio\genesis-studio\packages\engines-py\.pdb_cache\3OG7,A
940,ThermoMPNN,3OG7,0.2052401304244995,47,Q,A,F:\GENESIS Studio\genesis-studio\packages\engines-py\.pdb_cache\3OG7,A
941,ThermoMPNN,3OG7,0.14948517084121704,47,Q,C,F:\GENESIS Studio\genesis-studio\packages\engines-py\.pdb_cache\3OG7,A
942,ThermoMPNN,3OG7,0.4834632873535156,47,Q,D,F:\GENESIS Studio\genesis-studio\packages\engines-py\.pdb_cache\3OG7,A
943,ThermoMPNN,3OG7,0.15757060050964355,47,Q,E,F:\GENESIS Studio\genesis-studio\packages\engines-py\.pdb_cache\3OG7,A
944,ThermoMPNN,3OG7,0.378582239151001,47,Q,F,F:\GENESIS Studio\genesis-studio\packages\engines-py\.pdb_cache\3OG7,A
945,ThermoMPNN,3OG7,0.8574878573417664,47,Q,G,F:\GENESIS Studio\genesis-studio\packages\engines-py\.pdb_cache\3OG7,A
946,ThermoMPNN,3OG7,0.3744203448295593,47,Q,H,F:\GENESIS Studio\genesis-studio\packages\engines-py\.pdb_cache\3OG7,A
947,ThermoMPNN,3OG7,0.16108828783035278,47,Q,I,F:\GENESIS Studio\genesis-studio\packages\engines-py\.pdb_cache\3OG7,A
948,ThermoMPNN,3OG7,0.18243110179901123,47,Q,K,F:\GENESIS Studio\genesis-studio\packages\engines-py\.pdb_cache\3OG7,A
949,ThermoMPNN,3OG7,0.11292612552642822,47,Q,L,F:\GENESIS Studio\genesis-studio\packages\engines-py\.pdb_cache\3OG7,A
950,ThermoMPNN,3OG7,0.09460461139678955,47,Q,M,F:\GENESIS Studio\genesis-studio\packages\engines-py\.pdb_cache\3OG7,A
951,ThermoMPNN,3OG7,0.5606172680854797,47,Q,N,F:\GENESIS Studio\genesis-studio\packages\engines-py\.pdb_cache\3OG7,A
952,ThermoMPNN,3OG7,1.9059267044067383,47,Q,P,F:\GENESIS Studio\genesis-studio\packages\engines-py\.pdb_cache\3OG7,A
953,ThermoMPNN,3OG7,0.0,47,Q,Q,F:\GENESIS Studio\genesis-studio\packages\engines-py\.pdb_cache\3OG7,A
954,ThermoMPNN,3OG7,0.2034165859222412,47,Q,R,F:\GENESIS Studio\genesis-studio\packages\engines-py\.pdb_cache\3OG7,A
955,ThermoMPNN,3OG7,0.4277622699737549,47,Q,S,F:\GENESIS Studio\genesis-studio\packages\engines-py\.pdb_cache\3OG7,A
956,ThermoMPNN,3OG7,0.3900910019874573,47,Q,T,F:\GENESIS Studio\genesis-studio\packages\engines-py\.pdb_cache\3OG7,A
957,ThermoMPNN,3OG7,0.23819762468338013,47,Q,V,F:\GENESIS Studio\genesis-studio\packages\engines-py\.pdb_cache\3OG7,A
958,ThermoMPNN,3OG7,0.16257458925247192,47,Q,W,F:\GENESIS Studio\genesis-studio\packages\engines-py\.pdb_cache\3OG7,A
959,ThermoMPNN,3OG7,0.324606716632843,47,Q,Y,F:\GENESIS Studio\genesis-studio\packages\engines-py\.pdb_cache\3OG7,A
960,ThermoMPNN,3OG7,0.0,48,A,A,F:\GENESIS Studio\genesis-studio\packages\engines-py\.pdb_cache\3OG7,A
961,ThermoMPNN,3OG7,-0.11485296487808228,48,A,C,F:\GENESIS Studio\genesis-studio\packages\engines-py\.pdb_cache\3OG7,A
962,ThermoMPNN,3OG7,0.16086453199386597,48,A,D,F:\GENESIS Studio\genesis-studio\packages\engines-py\.pdb_cache\3OG7,A
963,ThermoMPNN,3OG7,-0.08106476068496704,48,A,E,F:\GENESIS Studio\genesis-studio\packages\engines-py\.pdb_cache\3OG7,A
964,ThermoMPNN,3OG7,0.13197320699691772,48,A,F,F:\GENESIS Studio\genesis-studio\packages\engines-py\.pdb_cache\3OG7,A
965,ThermoMPNN,3OG7,0.6572638154029846,48,A,G,F:\GENESIS Studio\genesis-studio\packages\engines-py\.pdb_cache\3OG7,A
966,ThermoMPNN,3OG7,0.1528889536857605,48,A,H,F:\GENESIS Studio\genesis-studio\packages\engines-py\.pdb_cache\3OG7,A
967,ThermoMPNN,3OG7,-0.035044193267822266,48,A,I,F:\GENESIS Studio\genesis-studio\packages\engines-py\.pdb_cache\3OG7,A
968,ThermoMPNN,3OG7,-0.09474802017211914,48,A,K,F:\GENESIS Studio\genesis-studio\packages\engines-py\.pdb_cache\3OG7,A
969,ThermoMPNN,3OG7,-0.14840060472488403,48,A,L,F:\GENESIS Studio\genesis-studio\packages\engines-py\.pdb_cache\3OG7,A
970,ThermoMPNN,3OG7,-0.15389078855514526,48,A,M,F:\GENESIS Studio\genesis-studio\packages\engines-py\.pdb_cache\3OG7,A
971,ThermoMPNN,3OG7,0.1459253430366516,48,A,N,F:\GENESIS Studio\genesis-studio\packages\engines-py\.pdb_cache\3OG7,A
972,ThermoMPNN,3OG7,2.1431775093078613,48,A,P,F:\GENESIS Studio\genesis-studio\packages\engines-py\.pdb_cache\3OG7,A
973,ThermoMPNN,3OG7,-0.1555348038673401,48,A,Q,F:\GENESIS Studio\genesis-studio\packages\engines-py\.pdb_cache\3OG7,A
974,ThermoMPNN,3OG7,-0.10924381017684937,48,A,R,F:\GENESIS Studio\genesis-studio\packages\engines-py\.pdb_cache\3OG7,A
975,ThermoMPNN,3OG7,0.20754879713058472,48,A,S,F:\GENESIS Studio\genesis-studio\packages\engines-py\.pdb_cache\3OG7,A
976,ThermoMPNN,3OG7,0.15013432502746582,48,A,T,F:\GENESIS Studio\genesis-studio\packages\engines-py\.pdb_cache\3OG7,A
977,ThermoMPNN,3OG7,0.09671097993850708,48,A,V,F:\GENESIS Studio\genesis-studio\packages\engines-py\.pdb_cache\3OG7,A
978,ThermoMPNN,3OG7,0.06497079133987427,48,A,W,F:\GENESIS Studio\genesis-studio\packages\engines-py\.pdb_cache\3OG7,A
979,ThermoMPNN,3OG7,0.12626588344573975,48,A,Y,F:\GENESIS Studio\genesis-studio\packages\engines-py\.pdb_cache\3OG7,A
980,ThermoMPNN,3OG7,2.710474729537964,49,F,A,F:\GENESIS Studio\genesis-studio\packages\engines-py\.pdb_cache\3OG7,A
981,ThermoMPNN,3OG7,1.8310331106185913,49,F,C,F:\GENESIS Studio\genesis-studio\packages\engines-py\.pdb_cache\3OG7,A
982,ThermoMPNN,3OG7,3.053039073944092,49,F,D,F:\GENESIS Studio\genesis-studio\packages\engines-py\.pdb_cache\3OG7,A
983,ThermoMPNN,3OG7,3.007753372192383,49,F,E,F:\GENESIS Studio\genesis-studio\packages\engines-py\.pdb_cache\3OG7,A
984,ThermoMPNN,3OG7,0.0,49,F,F,F:\GENESIS Studio\genesis-studio\packages\engines-py\.pdb_cache\3OG7,A
985,ThermoMPNN,3OG7,3.0634679794311523,49,F,G,F:\GENESIS Studio\genesis-studio\packages\engines-py\.pdb_cache\3OG7,A
986,ThermoMPNN,3OG7,2.7316806316375732,49,F,H,F:\GENESIS Studio\genesis-studio\packages\engines-py\.pdb_cache\3OG7,A
987,ThermoMPNN,3OG7,1.9645326137542725,49,F,I,F:\GENESIS Studio\genesis-studio\packages\engines-py\.pdb_cache\3OG7,A
988,ThermoMPNN,3OG7,2.9309513568878174,49,F,K,F:\GENESIS Studio\genesis-studio\packages\engines-py\.pdb_cache\3OG7,A
989,ThermoMPNN,3OG7,1.7677987813949585,49,F,L,F:\GENESIS Studio\genesis-studio\packages\engines-py\.pdb_cache\3OG7,A
990,ThermoMPNN,3OG7,1.7875447273254395,49,F,M,F:\GENESIS Studio\genesis-studio\packages\engines-py\.pdb_cache\3OG7,A
991,ThermoMPNN,3OG7,2.9702260494232178,49,F,N,F:\GENESIS Studio\genesis-studio\packages\engines-py\.pdb_cache\3OG7,A
992,ThermoMPNN,3OG7,2.93395733833313,49,F,P,F:\GENESIS Studio\genesis-studio\packages\engines-py\.pdb_cache\3OG7,A
993,ThermoMPNN,3OG7,2.9826574325561523,49,F,Q,F:\GENESIS Studio\genesis-studio\packages\engines-py\.pdb_cache\3OG7,A
994,ThermoMPNN,3OG7,2.708770751953125,49,F,R,F:\GENESIS Studio\genesis-studio\packages\engines-py\.pdb_cache\3OG7,A
995,ThermoMPNN,3OG7,2.9154319763183594,49,F,S,F:\GENESIS Studio\genesis-studio\packages\engines-py\.pdb_cache\3OG7,A
996,ThermoMPNN,3OG7,2.775726795196533,49,F,T,F:\GENESIS Studio\genesis-studio\packages\engines-py\.pdb_cache\3OG7,A
997,ThermoMPNN,3OG7,2.2151267528533936,49,F,V,F:\GENESIS Studio\genesis-studio\packages\engines-py\.pdb_cache\3OG7,A
998,ThermoMPNN,3OG7,1.2741737365722656,49,F,W,F:\GENESIS Studio\genesis-studio\packages\engines-py\.pdb_cache\3OG7,A
999,ThermoMPNN,3OG7,1.3046057224273682,49,F,Y,F:\GENESIS Studio\genesis-studio\packages\engines-py\.pdb_cache\3OG7,A
1000,ThermoMPNN,3OG7,0.20417076349258423,50,K,A,F:\GENESIS Studio\genesis-studio\packages\engines-py\.pdb_cache\3OG7,A
1001,ThermoMPNN,3OG7,-0.14238011837005615,50,K,C,F:\GENESIS Studio\genesis-studio\packages\engines-py\.pdb_cache\3OG7,A
1002,ThermoMPNN,3OG7,0.935229480266571,50,K,D,F:\GENESIS Studio\genesis-studio\packages\engines-py\.pdb_cache\3OG7,A
1003,ThermoMPNN,3OG7,0.2522728443145752,50,K,E,F:\GENESIS Studio\genesis-studio\packages\engines-py\.pdb_cache\3OG7,A
1004,ThermoMPNN,3OG7,-0.12272012233734131,50,K,F,F:\GENESIS Studio\genesis-studio\packages\engines-py\.pdb_cache\3OG7,A
1005,ThermoMPNN,3OG7,1.0300061702728271,50,K,G,F:\GENESIS Studio\genesis-studio\packages\engines-py\.pdb_cache\3OG7,A
1006,ThermoMPNN,3OG7,0.19995176792144775,50,K,H,F:\GENESIS Studio\genesis-studio\packages\engines-py\.pdb_cache\3OG7,A
1007,ThermoMPNN,3OG7,-0.12876665592193604,50,K,I,F:\GENESIS Studio\genesis-studio\packages\engines-py\.pdb_cache\3OG7,A
1008,ThermoMPNN,3OG7,0.0,50,K,K,F:\GENESIS Studio\genesis-studio\packages\engines-py\.pdb_cache\3OG7,A
1009,ThermoMPNN,3OG7,-0.43274033069610596,50,K,L,F:\GENESIS Studio\genesis-studio\packages\engines-py\.pdb_cache\3OG7,A
1010,ThermoMPNN,3OG7,-0.23339426517486572,50,K,M,F:\GENESIS Studio\genesis-studio\packages\engines-py\.pdb_cache\3OG7,A
1011,ThermoMPNN,3OG7,0.5489460229873657,50,K,N,F:\GENESIS Studio\genesis-studio\packages\engines-py\.pdb_cache\3OG7,A
1012,ThermoMPNN,3OG7,2.032815456390381,50,K,P,F:\GENESIS Studio\genesis-studio\packages\engines-py\.pdb_cache\3OG7,A
1013,ThermoMPNN,3OG7,0.1101614236831665,50,K,Q,F:\GENESIS Studio\genesis-studio\packages\engines-py\.pdb_cache\3OG7,A
1014,ThermoMPNN,3OG7,-0.08405488729476929,50,K,R,F:\GENESIS Studio\genesis-studio\packages\engines-py\.pdb_cache\3OG7,A
1015,ThermoMPNN,3OG7,0.590167224407196,50,K,S,F:\GENESIS Studio\genesis-studio\packages\engines-py\.pdb_cache\3OG7,A
1016,ThermoMPNN,3OG7,0.3271489143371582,50,K,T,F:\GENESIS Studio\genesis-studio\packages\engines-py\.pdb_cache\3OG7,A
1017,ThermoMPNN,3OG7,0.02645719051361084,50,K,V,F:\GENESIS Studio\genesis-studio\packages\engines-py\.pdb_cache\3OG7,A
1018,ThermoMPNN,3OG7,-0.04759657382965088,50,K,W,F:\GENESIS Studio\genesis-studio\packages\engines-py\.pdb_cache\3OG7,A
1019,ThermoMPNN,3OG7,-0.09586942195892334,50,K,Y,F:\GENESIS Studio\genesis-studio\packages\engines-py\.pdb_cache\3OG7,A
1020,ThermoMPNN,3OG7,-0.25839322805404663,51,N,A,F:\GENESIS Studio\genesis-studio\packages\engines-py\.pdb_cache\3OG7,A
1021,ThermoMPNN,3OG7,-0.2440662980079651,51,N,C,F:\GENESIS Studio\genesis-studio\packages\engines-py\.pdb_cache\3OG7,A
1022,ThermoMPNN,3OG7,0.1583595871925354,51,N,D,F:\GENESIS Studio\genesis-studio\packages\engines-py\.pdb_cache\3OG7,A
1023,ThermoMPNN,3OG7,-0.14424091577529907,51,N,E,F:\GENESIS Studio\genesis-studio\packages\engines-py\.pdb_cache\3OG7,A
1024,ThermoMPNN,3OG7,0.0772046446800232,51,N,F,F:\GENESIS Studio\genesis-studio\packages\engines-py\.pdb_cache\3OG7,A
1025,ThermoMPNN,3OG7,0.4415208697319031,51,N,G,F:\GENESIS Studio\genesis-studio\packages\engines-py\.pdb_cache\3OG7,A
1026,ThermoMPNN,3OG7,-0.018130600452423096,51,N,H,F:\GENESIS Studio\genesis-studio\packages\engines-py\.pdb_cache\3OG7,A
1027,ThermoMPNN,3OG7,-0.1992323398590088,51,N,I,F:\GENESIS Studio\genesis-studio\packages\engines-py\.pdb_cache\3OG7,A
1028,ThermoMPNN,3OG7,-0.32887178659439087,51,N,K,F:\GENESIS Studio\genesis-studio\packages\engines-py\.pdb_cache\3OG7,A
1029,ThermoMPNN,3OG7,-0.21278738975524902,51,N,L,F:\GENESIS Studio\genesis-studio\packages\engines-py\.pdb_cache\3OG7,A
1030,ThermoMPNN,3OG7,-0.24000346660614014,51,N,M,F:\GENESIS Studio\genesis-studio\packages\engines-py\.pdb_cache\3OG7,A
1031,ThermoMPNN,3OG7,0.0,51,N,N,F:\GENESIS Studio\genesis-studio\packages\engines-py\.pdb_cache\3OG7,A
1032,ThermoMPNN,3OG7,1.9107000827789307,51,N,P,F:\GENESIS Studio\genesis-studio\packages\engines-py\.pdb_cache\3OG7,A
1033,ThermoMPNN,3OG7,-0.2433287501335144,51,N,Q,F:\GENESIS Studio\genesis-studio\packages\engines-py\.pdb_cache\3OG7,A
1034,ThermoMPNN,3OG7,-0.432624876499176,51,N,R,F:\GENESIS Studio\genesis-studio\packages\engines-py\.pdb_cache\3OG7,A
1035,ThermoMPNN,3OG7,-0.036296308040618896,51,N,S,F:\GENESIS Studio\genesis-studio\packages\engines-py\.pdb_cache\3OG7,A
1036,ThermoMPNN,3OG7,0.014873147010803223,51,N,T,F:\GENESIS Studio\genesis-studio\packages\engines-py\.pdb_cache\3OG7,A
1037,ThermoMPNN,3OG7,-0.1385076642036438,51,N,V,F:\GENESIS Studio\genesis-studio\packages\engines-py\.pdb_cache\3OG7,A
1038,ThermoMPNN,3OG7,-0.054943084716796875,51,N,W,F:\GENESIS Studio\genesis-studio\packages\engines-py\.pdb_cache\3OG7,A
1039,ThermoMPNN,3OG7,-0.0013918876647949219,51,N,Y,F:\GENESIS Studio\genesis-studio\packages\engines-py\.pdb_cache\3OG7,A
1040,ThermoMPNN,3OG7,-0.19205784797668457,52,E,A,F:\GENESIS Studio\genesis-studio\packages\engines-py\.pdb_cache\3OG7,A
1041,ThermoMPNN,3OG7,-0.8100858926773071,52,E,C,F:\GENESIS Studio\genesis-studio\packages\engines-py\.pdb_cache\3OG7,A
1042,ThermoMPNN,3OG7,0.7513204216957092,52,E,D,F:\GENESIS Studio\genesis-studio\packages\engines-py\.pdb_cache\3OG7,A
1043,ThermoMPNN,3OG7,0.0,52,E,E,F:\GENESIS Studio\genesis-studio\packages\engines-py\.pdb_cache\3OG7,A
1044,ThermoMPNN,3OG7,-0.5368055105209351,52,E,F,F:\GENESIS Studio\genesis-studio\packages\engines-py\.pdb_cache\3OG7,A
1045,ThermoMPNN,3OG7,0.5855249166488647,52,E,G,F:\GENESIS Studio\genesis-studio\packages\engines-py\.pdb_cache\3OG7,A
1046,ThermoMPNN,3OG7,-0.04752403497695923,52,E,H,F:\GENESIS Studio\genesis-studio\packages\engines-py\.pdb_cache\3OG7,A
1047,ThermoMPNN,3OG7,-0.8179489374160767,52,E,I,F:\GENESIS Studio\genesis-studio\packages\engines-py\.pdb_cache\3OG7,A
1048,ThermoMPNN,3OG7,0.07220259308815002,52,E,K,F:\GENESIS Studio\genesis-studio\packages\engines-py\.pdb_cache\3OG7,A
1049,ThermoMPNN,3OG7,-0.7807235717773438,52,E,L,F:\GENESIS Studio\genesis-studio\packages\engines-py\.pdb_cache\3OG7,A
1050,ThermoMPNN,3OG7,-0.8023883104324341,52,E,M,F:\GENESIS Studio\genesis-studio\packages\engines-py\.pdb_cache\3OG7,A
1051,ThermoMPNN,3OG7,0.4305500388145447,52,E,N,F:\GENESIS Studio\genesis-studio\packages\engines-py\.pdb_cache\3OG7,A
1052,ThermoMPNN,3OG7,2.097270965576172,52,E,P,F:\GENESIS Studio\genesis-studio\packages\engines-py\.pdb_cache\3OG7,A
1053,ThermoMPNN,3OG7,-0.110146164894104,52,E,Q,F:\GENESIS Studio\genesis-studio\packages\engines-py\.pdb_cache\3OG7,A
1054,ThermoMPNN,3OG7,-0.007710099220275879,52,E,R,F:\GENESIS Studio\genesis-studio\packages\engines-py\.pdb_cache\3OG7,A
1055,ThermoMPNN,3OG7,0.12314096093177795,52,E,S,F:\GENESIS Studio\genesis-studio\packages\engines-py\.pdb_cache\3OG7,A
1056,ThermoMPNN,3OG7,-0.0340198278427124,52,E,T,F:\GENESIS Studio\genesis-studio\packages\engines-py\.pdb_cache\3OG7,A
1057,ThermoMPNN,3OG7,-0.7271727323532104,52,E,V,F:\GENESIS Studio\genesis-studio\packages\engines-py\.pdb_cache\3OG7,A
1058,ThermoMPNN,3OG7,-0.5537887811660767,52,E,W,F:\GENESIS Studio\genesis-studio\packages\engines-py\.pdb_cache\3OG7,A
1059,ThermoMPNN,3OG7,-0.5080287456512451,52,E,Y,F:\GENESIS Studio\genesis-studio\packages\engines-py\.pdb_cache\3OG7,A
1060,ThermoMPNN,3OG7,1.596914529800415,53,V,A,F:\GENESIS Studio\genesis-studio\packages\engines-py\.pdb_cache\3OG7,A
1061,ThermoMPNN,3OG7,0.9317622184753418,53,V,C,F:\GENESIS Studio\genesis-studio\packages\engines-py\.pdb_cache\3OG7,A
1062,ThermoMPNN,3OG7,2.6958789825439453,53,V,D,F:\GENESIS Studio\genesis-studio\packages\engines-py\.pdb_cache\3OG7,A
1063,ThermoMPNN,3OG7,2.3447558879852295,53,V,E,F:\GENESIS Studio\genesis-studio\packages\engines-py\.pdb_cache\3OG7,A
1064,ThermoMPNN,3OG7,1.7634155750274658,53,V,F,F:\GENESIS Studio\genesis-studio\packages\engines-py\.pdb_cache\3OG7,A
1065,ThermoMPNN,3OG7,2.6913363933563232,53,V,G,F:\GENESIS Studio\genesis-studio\packages\engines-py\.pdb_cache\3OG7,A
1066,ThermoMPNN,3OG7,2.5922904014587402,53,V,H,F:\GENESIS Studio\genesis-studio\packages\engines-py\.pdb_cache\3OG7,A
1067,ThermoMPNN,3OG7,-0.13483953475952148,53,V,I,F:\GENESIS Studio\genesis-studio\packages\engines-py\.pdb_cache\3OG7,A
1068,ThermoMPNN,3OG7,2.2461729049682617,53,V,K,F:\GENESIS Studio\genesis-studio\packages\engines-py\.pdb_cache\3OG7,A
1069,ThermoMPNN,3OG7,0.6145036220550537,53,V,L,F:\GENESIS Studio\genesis-studio\packages\engines-py\.pdb_cache\3OG7,A
1070,ThermoMPNN,3OG7,1.124172568321228,53,V,M,F:\GENESIS Studio\genesis-studio\packages\engines-py\.pdb_cache\3OG7,A
1071,ThermoMPNN,3OG7,2.6633410453796387,53,V,N,F:\GENESIS Studio\genesis-studio\packages\engines-py\.pdb_cache\3OG7,A
1072,ThermoMPNN,3OG7,2.3779759407043457,53,V,P,F:\GENESIS Studio\genesis-studio\packages\engines-py\.pdb_cache\3OG7,A
1073,ThermoMPNN,3OG7,2.1325342655181885,53,V,Q,F:\GENESIS Studio\genesis-studio\packages\engines-py\.pdb_cache\3OG7,A
1074,ThermoMPNN,3OG7,2.4500248432159424,53,V,R,F:\GENESIS Studio\genesis-studio\packages\engines-py\.pdb_cache\3OG7,A
1075,ThermoMPNN,3OG7,2.161372423171997,53,V,S,F:\GENESIS Studio\genesis-studio\packages\engines-py\.pdb_cache\3OG7,A
1076,ThermoMPNN,3OG7,1.4054465293884277,53,V,T,F:\GENESIS Studio\genesis-studio\packages\engines-py\.pdb_cache\3OG7,A
1077,ThermoMPNN,3OG7,0.0,53,V,V,F:\GENESIS Studio\genesis-studio\packages\engines-py\.pdb_cache\3OG7,A
1078,ThermoMPNN,3OG7,1.8197057247161865,53,V,W,F:\GENESIS Studio\genesis-studio\packages\engines-py\.pdb_cache\3OG7,A
1079,ThermoMPNN,3OG7,2.114995002746582,53,V,Y,F:\GENESIS Studio\genesis-studio\packages\engines-py\.pdb_cache\3OG7,A
1080,ThermoMPNN,3OG7,-0.690617561340332,54,G,A,F:\GENESIS Studio\genesis-studio\packages\engines-py\.pdb_cache\3OG7,A
1081,ThermoMPNN,3OG7,-0.5732117891311646,54,G,C,F:\GENESIS Studio\genesis-studio\packages\engines-py\.pdb_cache\3OG7,A
1082,ThermoMPNN,3OG7,-0.38031238317489624,54,G,D,F:\GENESIS Studio\genesis-studio\packages\engines-py\.pdb_cache\3OG7,A
1083,ThermoMPNN,3OG7,-0.49894291162490845,54,G,E,F:\GENESIS Studio\genesis-studio\packages\engines-py\.pdb_cache\3OG7,A
1084,ThermoMPNN,3OG7,0.08635377883911133,54,G,F,F:\GENESIS Studio\genesis-studio\packages\engines-py\.pdb_cache\3OG7,A
1085,ThermoMPNN,3OG7,0.0,54,G,G,F:\GENESIS Studio\genesis-studio\packages\engines-py\.pdb_cache\3OG7,A
1086,ThermoMPNN,3OG7,-0.2701294422149658,54,G,H,F:\GENESIS Studio\genesis-studio\packages\engines-py\.pdb_cache\3OG7,A
1087,ThermoMPNN,3OG7,-0.13247805833816528,54,G,I,F:\GENESIS Studio\genesis-studio\packages\engines-py\.pdb_cache\3OG7,A
1088,ThermoMPNN,3OG7,-0.40596967935562134,54,G,K,F:\GENESIS Studio\genesis-studio\packages\engines-py\.pdb_cache\3OG7,A
1089,ThermoMPNN,3OG7,-0.34004056453704834,54,G,L,F:\GENESIS Studio\genesis-studio\packages\engines-py\.pdb_cache\3OG7,A
1090,ThermoMPNN,3OG7,-0.34797751903533936,54,G,M,F:\GENESIS Studio\genesis-studio\packages\engines-py\.pdb_cache\3OG7,A
1091,ThermoMPNN,3OG7,-0.623645544052124,54,G,N,F:\GENESIS Studio\genesis-studio\packages\engines-py\.pdb_cache\3OG7,A
1092,ThermoMPNN,3OG7,1.5582783222198486,54,G,P,F:\GENESIS Studio\genesis-studio\packages\engines-py\.pdb_cache\3OG7,A
1093,ThermoMPNN,3OG7,-0.389740526676178,54,G,Q,F:\GENESIS Studio\genesis-studio\packages\engines-py\.pdb_cache\3OG7,A
1094,ThermoMPNN,3OG7,-0.49532973766326904,54,G,R,F:\GENESIS Studio\genesis-studio\packages\engines-py\.pdb_cache\3OG7,A
1095,ThermoMPNN,3OG7,-0.49899327754974365,54,G,S,F:\GENESIS Studio\genesis-studio\packages\engines-py\.pdb_cache\3OG7,A
1096,ThermoMPNN,3OG7,-0.03214108943939209,54,G,T,F:\GENESIS Studio\genesis-studio\packages\engines-py\.pdb_cache\3OG7,A
1097,ThermoMPNN,3OG7,-0.10076713562011719,54,G,V,F:\GENESIS Studio\genesis-studio\packages\engines-py\.pdb_cache\3OG7,A
1098,ThermoMPNN,3OG7,0.1547394096851349,54,G,W,F:\GENESIS Studio\genesis-studio\packages\engines-py\.pdb_cache\3OG7,A
1099,ThermoMPNN,3OG7,0.13422513008117676,54,G,Y,F:\GENESIS Studio\genesis-studio\packages\engines-py\.pdb_cache\3OG7,A
1100,ThermoMPNN,3OG7,0.7484482526779175,55,V,A,F:\GENESIS Studio\genesis-studio\packages\engines-py\.pdb_cache\3OG7,A
1101,ThermoMPNN,3OG7,0.19083452224731445,55,V,C,F:\GENESIS Studio\genesis-studio\packages\engines-py\.pdb_cache\3OG7,A
1102,ThermoMPNN,3OG7,1.4185400009155273,55,V,D,F:\GENESIS Studio\genesis-studio\packages\engines-py\.pdb_cache\3OG7,A
1103,ThermoMPNN,3OG7,0.8533236980438232,55,V,E,F:\GENESIS Studio\genesis-studio\packages\engines-py\.pdb_cache\3OG7,A
1104,ThermoMPNN,3OG7,0.5623228549957275,55,V,F,F:\GENESIS Studio\genesis-studio\packages\engines-py\.pdb_cache\3OG7,A
1105,ThermoMPNN,3OG7,1.1666675806045532,55,V,G,F:\GENESIS Studio\genesis-studio\packages\engines-py\.pdb_cache\3OG7,A
1106,ThermoMPNN,3OG7,0.6747626066207886,55,V,H,F:\GENESIS Studio\genesis-studio\packages\engines-py\.pdb_cache\3OG7,A
1107,ThermoMPNN,3OG7,-0.23566651344299316,55,V,I,F:\GENESIS Studio\genesis-studio\packages\engines-py\.pdb_cache\3OG7,A
1108,ThermoMPNN,3OG7,0.2622760534286499,55,V,K,F:\GENESIS Studio\genesis-studio\packages\engines-py\.pdb_cache\3OG7,A
1109,ThermoMPNN,3OG7,-0.03484642505645752,55,V,L,F:\GENESIS Studio\genesis-studio\packages\engines-py\.pdb_cache\3OG7,A
1110,ThermoMPNN,3OG7,0.17421090602874756,55,V,M,F:\GENESIS Studio\genesis-studio\packages\engines-py\.pdb_cache\3OG7,A
1111,ThermoMPNN,3OG7,0.9236453771591187,55,V,N,F:\GENESIS Studio\genesis-studio\packages\engines-py\.pdb_cache\3OG7,A
1112,ThermoMPNN,3OG7,1.853891134262085,55,V,P,F:\GENESIS Studio\genesis-studio\packages\engines-py\.pdb_cache\3OG7,A
1113,ThermoMPNN,3OG7,0.4636211395263672,55,V,Q,F:\GENESIS Studio\genesis-studio\packages\engines-py\.pdb_cache\3OG7,A
1114,ThermoMPNN,3OG7,0.2835566997528076,55,V,R,F:\GENESIS Studio\genesis-studio\packages\engines-py\.pdb_cache\3OG7,A
1115,ThermoMPNN,3OG7,0.8122717142105103,55,V,S,F:\GENESIS Studio\genesis-studio\packages\engines-py\.pdb_cache\3OG7,A
1116,ThermoMPNN,3OG7,0.4560377597808838,55,V,T,F:\GENESIS Studio\genesis-studio\packages\engines-py\.pdb_cache\3OG7,A
1117,ThermoMPNN,3OG7,0.0,55,V,V,F:\GENESIS Studio\genesis-studio\packages\engines-py\.pdb_cache\3OG7,A
1118,ThermoMPNN,3OG7,0.5959184169769287,55,V,W,F:\GENESIS Studio\genesis-studio\packages\engines-py\.pdb_cache\3OG7,A
1119,ThermoMPNN,3OG7,0.5949147939682007,55,V,Y,F:\GENESIS Studio\genesis-studio\packages\engines-py\.pdb_cache\3OG7,A
1120,ThermoMPNN,3OG7,2.0809757709503174,56,L,A,F:\GENESIS Studio\genesis-studio\packages\engines-py\.pdb_cache\3OG7,A
1121,ThermoMPNN,3OG7,1.096408724784851,56,L,C,F:\GENESIS Studio\genesis-studio\packages\engines-py\.pdb_cache\3OG7,A
1122,ThermoMPNN,3OG7,2.8303062915802,56,L,D,F:\GENESIS Studio\genesis-studio\packages\engines-py\.pdb_cache\3OG7,A
1123,ThermoMPNN,3OG7,2.292487382888794,56,L,E,F:\GENESIS Studio\genesis-studio\packages\engines-py\.pdb_cache\3OG7,A
1124,ThermoMPNN,3OG7,1.5634875297546387,56,L,F,F:\GENESIS Studio\genesis-studio\packages\engines-py\.pdb_cache\3OG7,A
1125,ThermoMPNN,3OG7,2.6868362426757812,56,L,G,F:\GENESIS Studio\genesis-studio\packages\engines-py\.pdb_cache\3OG7,A
1126,ThermoMPNN,3OG7,2.4486310482025146,56,L,H,F:\GENESIS Studio\genesis-studio\packages\engines-py\.pdb_cache\3OG7,A
1127,ThermoMPNN,3OG7,1.1311050653457642,56,L,I,F:\GENESIS Studio\genesis-studio\packages\engines-py\.pdb_cache\3OG7,A
1128,ThermoMPNN,3OG7,2.511791944503784,56,L,K,F:\GENESIS Studio\genesis-studio\packages\engines-py\.pdb_cache\3OG7,A
1129,ThermoMPNN,3OG7,0.0,56,L,L,F:\GENESIS Studio\genesis-studio\packages\engines-py\.pdb_cache\3OG7,A
1130,ThermoMPNN,3OG7,0.7621357440948486,56,L,M,F:\GENESIS Studio\genesis-studio\packages\engines-py\.pdb_cache\3OG7,A
1131,ThermoMPNN,3OG7,2.6011552810668945,56,L,N,F:\GENESIS Studio\genesis-studio\packages\engines-py\.pdb_cache\3OG7,A
1132,ThermoMPNN,3OG7,2.897873640060425,56,L,P,F:\GENESIS Studio\genesis-studio\packages\engines-py\.pdb_cache\3OG7,A
1133,ThermoMPNN,3OG7,2.302589178085327,56,L,Q,F:\GENESIS Studio\genesis-studio\packages\engines-py\.pdb_cache\3OG7,A
1134,ThermoMPNN,3OG7,2.6140596866607666,56,L,R,F:\GENESIS Studio\genesis-studio\packages\engines-py\.pdb_cache\3OG7,A
1135,ThermoMPNN,3OG7,2.4610044956207275,56,L,S,F:\GENESIS Studio\genesis-studio\packages\engines-py\.pdb_cache\3OG7,A
1136,ThermoMPNN,3OG7,2.2506659030914307,56,L,T,F:\GENESIS Studio\genesis-studio\packages\engines-py\.pdb_cache\3OG7,A
1137,ThermoMPNN,3OG7,1.518097162246704,56,L,V,F:\GENESIS Studio\genesis-studio\packages\engines-py\.pdb_cache\3OG7,A
1138,ThermoMPNN,3OG7,1.6299962997436523,56,L,W,F:\GENESIS Studio\genesis-studio\packages\engines-py\.pdb_cache\3OG7,A
1139,ThermoMPNN,3OG7,1.8808379173278809,56,L,Y,F:\GENESIS Studio\genesis-studio\packages\engines-py\.pdb_cache\3OG7,A
1140,ThermoMPNN,3OG7,0.4109151363372803,57,R,A,F:\GENESIS Studio\genesis-studio\packages\engines-py\.pdb_cache\3OG7,A
1141,ThermoMPNN,3OG7,0.4710066318511963,57,R,C,F:\GENESIS Studio\genesis-studio\packages\engines-py\.pdb_cache\3OG7,A
1142,ThermoMPNN,3OG7,1.8758690357208252,57,R,D,F:\GENESIS Studio\genesis-studio\packages\engines-py\.pdb_cache\3OG7,A
1143,ThermoMPNN,3OG7,0.9353549480438232,57,R,E,F:\GENESIS Studio\genesis-studio\packages\engines-py\.pdb_cache\3OG7,A
1144,ThermoMPNN,3OG7,0.9028621912002563,57,R,F,F:\GENESIS Studio\genesis-studio\packages\engines-py\.pdb_cache\3OG7,A
1145,ThermoMPNN,3OG7,1.0432581901550293,57,R,G,F:\GENESIS Studio\genesis-studio\packages\engines-py\.pdb_cache\3OG7,A
1146,ThermoMPNN,3OG7,0.9169448614120483,57,R,H,F:\GENESIS Studio\genesis-studio\packages\engines-py\.pdb_cache\3OG7,A
1147,ThermoMPNN,3OG7,0.6720129251480103,57,R,I,F:\GENESIS Studio\genesis-studio\packages\engines-py\.pdb_cache\3OG7,A
1148,ThermoMPNN,3OG7,0.17863965034484863,57,R,K,F:\GENESIS Studio\genesis-studio\packages\engines-py\.pdb_cache\3OG7,A
1149,ThermoMPNN,3OG7,0.3556492328643799,57,R,L,F:\GENESIS Studio\genesis-studio\packages\engines-py\.pdb_cache\3OG7,A
1150,ThermoMPNN,3OG7,0.18063926696777344,57,R,M,F:\GENESIS Studio\genesis-studio\packages\engines-py\.pdb_cache\3OG7,A
1151,ThermoMPNN,3OG7,1.406131386756897,57,R,N,F:\GENESIS Studio\genesis-studio\packages\engines-py\.pdb_cache\3OG7,A
1152,ThermoMPNN,3OG7,2.0844192504882812,57,R,P,F:\GENESIS Studio\genesis-studio\packages\engines-py\.pdb_cache\3OG7,A
1153,ThermoMPNN,3OG7,0.3086315393447876,57,R,Q,F:\GENESIS Studio\genesis-studio\packages\engines-py\.pdb_cache\3OG7,A
1154,ThermoMPNN,3OG7,0.0,57,R,R,F:\GENESIS Studio\genesis-studio\packages\engines-py\.pdb_cache\3OG7,A
1155,ThermoMPNN,3OG7,0.8300167918205261,57,R,S,F:\GENESIS Studio\genesis-studio\packages\engines-py\.pdb_cache\3OG7,A
1156,ThermoMPNN,3OG7,1.0778160095214844,57,R,T,F:\GENESIS Studio\genesis-studio\packages\engines-py\.pdb_cache\3OG7,A
1157,ThermoMPNN,3OG7,0.7386738657951355,57,R,V,F:\GENESIS Studio\genesis-studio\packages\engines-py\.pdb_cache\3OG7,A
1158,ThermoMPNN,3OG7,0.863231897354126,57,R,W,F:\GENESIS Studio\genesis-studio\packages\engines-py\.pdb_cache\3OG7,A
1159,ThermoMPNN,3OG7,1.0052553415298462,57,R,Y,F:\GENESIS Studio\genesis-studio\packages\engines-py\.pdb_cache\3OG7,A
1160,ThermoMPNN,3OG7,0.4511674642562866,58,K,A,F:\GENESIS Studio\genesis-studio\packages\engines-py\.pdb_cache\3OG7,A
1161,ThermoMPNN,3OG7,0.05475342273712158,58,K,C,F:\GENESIS Studio\genesis-studio\packages\engines-py\.pdb_cache\3OG7,A
1162,ThermoMPNN,3OG7,1.267198920249939,58,K,D,F:\GENESIS Studio\genesis-studio\packages\engines-py\.pdb_cache\3OG7,A
1163,ThermoMPNN,3OG7,0.7607060670852661,58,K,E,F:\GENESIS Studio\genesis-studio\packages\engines-py\.pdb_cache\3OG7,A
1164,ThermoMPNN,3OG7,0.4703443646430969,58,K,F,F:\GENESIS Studio\genesis-studio\packages\engines-py\.pdb_cache\3OG7,A
1165,ThermoMPNN,3OG7,0.7226486206054688,58,K,G,F:\GENESIS Studio\genesis-studio\packages\engines-py\.pdb_cache\3OG7,A
1166,ThermoMPNN,3OG7,0.4904283285140991,58,K,H,F:\GENESIS Studio\genesis-studio\packages\engines-py\.pdb_cache\3OG7,A
1167,ThermoMPNN,3OG7,0.1303621530532837,58,K,I,F:\GENESIS Studio\genesis-studio\packages\engines-py\.pdb_cache\3OG7,A
1168,ThermoMPNN,3OG7,0.0,58,K,K,F:\GENESIS Studio\genesis-studio\packages\engines-py\.pdb_cache\3OG7,A
1169,ThermoMPNN,3OG7,0.05932748317718506,58,K,L,F:\GENESIS Studio\genesis-studio\packages\engines-py\.pdb_cache\3OG7,A
1170,ThermoMPNN,3OG7,0.11090981960296631,58,K,M,F:\GENESIS Studio\genesis-studio\packages\engines-py\.pdb_cache\3OG7,A
1171,ThermoMPNN,3OG7,0.626746654510498,58,K,N,F:\GENESIS Studio\genesis-studio\packages\engines-py\.pdb_cache\3OG7,A
1172,ThermoMPNN,3OG7,2.0485692024230957,58,K,P,F:\GENESIS Studio\genesis-studio\packages\engines-py\.pdb_cache\3OG7,A
1173,ThermoMPNN,3OG7,0.22408443689346313,58,K,Q,F:\GENESIS Studio\genesis-studio\packages\engines-py\.pdb_cache\3OG7,A
1174,ThermoMPNN,3OG7,-0.001769423484802246,58,K,R,F:\GENESIS Studio\genesis-studio\packages\engines-py\.pdb_cache\3OG7,A
1175,ThermoMPNN,3OG7,0.6993342638015747,58,K,S,F:\GENESIS Studio\genesis-studio\packages\engines-py\.pdb_cache\3OG7,A
1176,ThermoMPNN,3OG7,0.6029840111732483,58,K,T,F:\GENESIS Studio\genesis-studio\packages\engines-py\.pdb_cache\3OG7,A
1177,ThermoMPNN,3OG7,0.23292559385299683,58,K,V,F:\GENESIS Studio\genesis-studio\packages\engines-py\.pdb_cache\3OG7,A
1178,ThermoMPNN,3OG7,0.5200881958007812,58,K,W,F:\GENESIS Studio\genesis-studio\packages\engines-py\.pdb_cache\3OG7,A
1179,ThermoMPNN,3OG7,0.5251069664955139,58,K,Y,F:\GENESIS Studio\genesis-studio\packages\engines-py\.pdb_cache\3OG7,A
1180,ThermoMPNN,3OG7,0.3368638753890991,59,T,A,F:\GENESIS Studio\genesis-studio\packages\engines-py\.pdb_cache\3OG7,A
1181,ThermoMPNN,3OG7,0.04426145553588867,59,T,C,F:\GENESIS Studio\genesis-studio\packages\engines-py\.pdb_cache\3OG7,A
1182,ThermoMPNN,3OG7,2.259312868118286,59,T,D,F:\GENESIS Studio\genesis-studio\packages\engines-py\.pdb_cache\3OG7,A
1183,ThermoMPNN,3OG7,2.19050669670105,59,T,E,F:\GENESIS Studio\genesis-studio\packages\engines-py\.pdb_cache\3OG7,A
1184,ThermoMPNN,3OG7,0.945510745048523,59,T,F,F:\GENESIS Studio\genesis-studio\packages\engines-py\.pdb_cache\3OG7,A
1185,ThermoMPNN,3OG7,1.446462869644165,59,T,G,F:\GENESIS Studio\genesis-studio\packages\engines-py\.pdb_cache\3OG7,A
1186,ThermoMPNN,3OG7,1.9116237163543701,59,T,H,F:\GENESIS Studio\genesis-studio\packages\engines-py\.pdb_cache\3OG7,A
1187,ThermoMPNN,3OG7,-0.28206396102905273,59,T,I,F:\GENESIS Studio\genesis-studio\packages\engines-py\.pdb_cache\3OG7,A
1188,ThermoMPNN,3OG7,1.8677647113800049,59,T,K,F:\GENESIS Studio\genesis-studio\packages\engines-py\.pdb_cache\3OG7,A
1189,ThermoMPNN,3OG7,-0.11353516578674316,59,T,L,F:\GENESIS Studio\genesis-studio\packages\engines-py\.pdb_cache\3OG7,A
1190,ThermoMPNN,3OG7,0.2995467185974121,59,T,M,F:\GENESIS Studio\genesis-studio\packages\engines-py\.pdb_cache\3OG7,A
1191,ThermoMPNN,3OG7,1.874377727508545,59,T,N,F:\GENESIS Studio\genesis-studio\packages\engines-py\.pdb_cache\3OG7,A
1192,ThermoMPNN,3OG7,1.9359211921691895,59,T,P,F:\GENESIS Studio\genesis-studio\packages\engines-py\.pdb_cache\3OG7,A
1193,ThermoMPNN,3OG7,1.660006046295166,59,T,Q,F:\GENESIS Studio\genesis-studio\packages\engines-py\.pdb_cache\3OG7,A
1194,ThermoMPNN,3OG7,1.8703703880310059,59,T,R,F:\GENESIS Studio\genesis-studio\packages\engines-py\.pdb_cache\3OG7,A
1195,ThermoMPNN,3OG7,0.8377254605293274,59,T,S,F:\GENESIS Studio\genesis-studio\packages\engines-py\.pdb_cache\3OG7,A
1196,ThermoMPNN,3OG7,0.0,59,T,T,F:\GENESIS Studio\genesis-studio\packages\engines-py\.pdb_cache\3OG7,A
1197,ThermoMPNN,3OG7,-0.3067355155944824,59,T,V,F:\GENESIS Studio\genesis-studio\packages\engines-py\.pdb_cache\3OG7,A
1198,ThermoMPNN,3OG7,1.2458823919296265,59,T,W,F:\GENESIS Studio\genesis-studio\packages\engines-py\.pdb_cache\3OG7,A
1199,ThermoMPNN,3OG7,1.2339725494384766,59,T,Y,F:\GENESIS Studio\genesis-studio\packages\engines-py\.pdb_cache\3OG7,A
1200,ThermoMPNN,3OG7,0.32759642601013184,60,R,A,F:\GENESIS Studio\genesis-studio\packages\engines-py\.pdb_cache\3OG7,A
1201,ThermoMPNN,3OG7,-0.046854257583618164,60,R,C,F:\GENESIS Studio\genesis-studio\packages\engines-py\.pdb_cache\3OG7,A
1202,ThermoMPNN,3OG7,0.4566460847854614,60,R,D,F:\GENESIS Studio\genesis-studio\packages\engines-py\.pdb_cache\3OG7,A
1203,ThermoMPNN,3OG7,0.6250958442687988,60,R,E,F:\GENESIS Studio\genesis-studio\packages\engines-py\.pdb_cache\3OG7,A
1204,ThermoMPNN,3OG7,0.17933118343353271,60,R,F,F:\GENESIS Studio\genesis-studio\packages\engines-py\.pdb_cache\3OG7,A
1205,ThermoMPNN,3OG7,0.5818067789077759,60,R,G,F:\GENESIS Studio\genesis-studio\packages\engines-py\.pdb_cache\3OG7,A
1206,ThermoMPNN,3OG7,-0.08302319049835205,60,R,H,F:\GENESIS Studio\genesis-studio\packages\engines-py\.pdb_cache\3OG7,A
1207,ThermoMPNN,3OG7,0.4846874475479126,60,R,I,F:\GENESIS Studio\genesis-studio\packages\engines-py\.pdb_cache\3OG7,A
1208,ThermoMPNN,3OG7,0.12304264307022095,60,R,K,F:\GENESIS Studio\genesis-studio\packages\engines-py\.pdb_cache\3OG7,A
1209,ThermoMPNN,3OG7,0.43152767419815063,60,R,L,F:\GENESIS Studio\genesis-studio\packages\engines-py\.pdb_cache\3OG7,A
1210,ThermoMPNN,3OG7,0.4130769968032837,60,R,M,F:\GENESIS Studio\genesis-studio\packages\engines-py\.pdb_cache\3OG7,A
1211,ThermoMPNN,3OG7,0.037575721740722656,60,R,N,F:\GENESIS Studio\genesis-studio\packages\engines-py\.pdb_cache\3OG7,A
1212,ThermoMPNN,3OG7,1.3426051139831543,60,R,P,F:\GENESIS Studio\genesis-studio\packages\engines-py\.pdb_cache\3OG7,A
1213,ThermoMPNN,3OG7,0.3223664164543152,60,R,Q,F:\GENESIS Studio\genesis-studio\packages\engines-py\.pdb_cache\3OG7,A
1214,ThermoMPNN,3OG7,0.0,60,R,R,F:\GENESIS Studio\genesis-studio\packages\engines-py\.pdb_cache\3OG7,A
1215,ThermoMPNN,3OG7,0.1966528296470642,60,R,S,F:\GENESIS Studio\genesis-studio\packages\engines-py\.pdb_cache\3OG7,A
1216,ThermoMPNN,3OG7,0.3682261109352112,60,R,T,F:\GENESIS Studio\genesis-studio\packages\engines-py\.pdb_cache\3OG7,A
1217,ThermoMPNN,3OG7,0.46362078189849854,60,R,V,F:\GENESIS Studio\genesis-studio\packages\engines-py\.pdb_cache\3OG7,A
1218,ThermoMPNN,3OG7,0.163580060005188,60,R,W,F:\GENESIS Studio\genesis-studio\packages\engines-py\.pdb_cache\3OG7,A
1219,ThermoMPNN,3OG7,0.06383198499679565,60,R,Y,F:\GENESIS Studio\genesis-studio\packages\engines-py\.pdb_cache\3OG7,A
1220,ThermoMPNN,3OG7,0.9718860387802124,61,H,A,F:\GENESIS Studio\genesis-studio\packages\engines-py\.pdb_cache\3OG7,A
1221,ThermoMPNN,3OG7,0.3692789077758789,61,H,C,F:\GENESIS Studio\genesis-studio\packages\engines-py\.pdb_cache\3OG7,A
1222,ThermoMPNN,3OG7,1.4059662818908691,61,H,D,F:\GENESIS Studio\genesis-studio\packages\engines-py\.pdb_cache\3OG7,A
1223,ThermoMPNN,3OG7,1.9474701881408691,61,H,E,F:\GENESIS Studio\genesis-studio\packages\engines-py\.pdb_cache\3OG7,A
1224,ThermoMPNN,3OG7,1.064084768295288,61,H,F,F:\GENESIS Studio\genesis-studio\packages\engines-py\.pdb_cache\3OG7,A
1225,ThermoMPNN,3OG7,1.8130877017974854,61,H,G,F:\GENESIS Studio\genesis-studio\packages\engines-py\.pdb_cache\3OG7,A
1226,ThermoMPNN,3OG7,0.0,61,H,H,F:\GENESIS Studio\genesis-studio\packages\engines-py\.pdb_cache\3OG7,A
1227,ThermoMPNN,3OG7,1.2721933126449585,61,H,I,F:\GENESIS Studio\genesis-studio\packages\engines-py\.pdb_cache\3OG7,A
1228,ThermoMPNN,3OG7,1.7214570045471191,61,H,K,F:\GENESIS Studio\genesis-studio\packages\engines-py\.pdb_cache\3OG7,A
1229,ThermoMPNN,3OG7,1.2056777477264404,61,H,L,F:\GENESIS Studio\genesis-studio\packages\engines-py\.pdb_cache\3OG7,A
1230,ThermoMPNN,3OG7,1.1542491912841797,61,H,M,F:\GENESIS Studio\genesis-studio\packages\engines-py\.pdb_cache\3OG7,A
1231,ThermoMPNN,3OG7,0.6643795967102051,61,H,N,F:\GENESIS Studio\genesis-studio\packages\engines-py\.pdb_cache\3OG7,A
1232,ThermoMPNN,3OG7,1.5357707738876343,61,H,P,F:\GENESIS Studio\genesis-studio\packages\engines-py\.pdb_cache\3OG7,A
1233,ThermoMPNN,3OG7,1.3936595916748047,61,H,Q,F:\GENESIS Studio\genesis-studio\packages\engines-py\.pdb_cache\3OG7,A
1234,ThermoMPNN,3OG7,1.6521861553192139,61,H,R,F:\GENESIS Studio\genesis-studio\packages\engines-py\.pdb_cache\3OG7,A
1235,ThermoMPNN,3OG7,1.1148464679718018,61,H,S,F:\GENESIS Studio\genesis-studio\packages\engines-py\.pdb_cache\3OG7,A
1236,ThermoMPNN,3OG7,1.7990189790725708,61,H,T,F:\GENESIS Studio\genesis-studio\packages\engines-py\.pdb_cache\3OG7,A
1237,ThermoMPNN,3OG7,1.357965350151062,61,H,V,F:\GENESIS Studio\genesis-studio\packages\engines-py\.pdb_cache\3OG7,A
1238,ThermoMPNN,3OG7,1.2307806015014648,61,H,W,F:\GENESIS Studio\genesis-studio\packages\engines-py\.pdb_cache\3OG7,A
1239,ThermoMPNN,3OG7,0.6149506568908691,61,H,Y,F:\GENESIS Studio\genesis-studio\packages\engines-py\.pdb_cache\3OG7,A
1240,ThermoMPNN,3OG7,-0.1252075433731079,62,V,A,F:\GENESIS Studio\genesis-studio\packages\engines-py\.pdb_cache\3OG7,A
1241,ThermoMPNN,3OG7,-0.3240620493888855,62,V,C,F:\GENESIS Studio\genesis-studio\packages\engines-py\.pdb_cache\3OG7,A
1242,ThermoMPNN,3OG7,-0.14883023500442505,62,V,D,F:\GENESIS Studio\genesis-studio\packages\engines-py\.pdb_cache\3OG7,A
1243,ThermoMPNN,3OG7,-0.37637877464294434,62,V,E,F:\GENESIS Studio\genesis-studio\packages\engines-py\.pdb_cache\3OG7,A
1244,ThermoMPNN,3OG7,0.019956469535827637,62,V,F,F:\GENESIS Studio\genesis-studio\packages\engines-py\.pdb_cache\3OG7,A
1245,ThermoMPNN,3OG7,0.2525191903114319,62,V,G,F:\GENESIS Studio\genesis-studio\packages\engines-py\.pdb_cache\3OG7,A
1246,ThermoMPNN,3OG7,-0.05829960107803345,62,V,H,F:\GENESIS Studio\genesis-studio\packages\engines-py\.pdb_cache\3OG7,A
1247,ThermoMPNN,3OG7,-0.09916430711746216,62,V,I,F:\GENESIS Studio\genesis-studio\packages\engines-py\.pdb_cache\3OG7,A
1248,ThermoMPNN,3OG7,-0.0020418763160705566,62,V,K,F:\GENESIS Studio\genesis-studio\packages\engines-py\.pdb_cache\3OG7,A
1249,ThermoMPNN,3OG7,-0.006650567054748535,62,V,L,F:\GENESIS Studio\genesis-studio\packages\engines-py\.pdb_cache\3OG7,A
1250,ThermoMPNN,3OG7,-0.009141802787780762,62,V,M,F:\GENESIS Studio\genesis-studio\packages\engines-py\.pdb_cache\3OG7,A
1251,ThermoMPNN,3OG7,0.036495327949523926,62,V,N,F:\GENESIS Studio\genesis-studio\packages\engines-py\.pdb_cache\3OG7,A
1252,ThermoMPNN,3OG7,-0.6468530893325806,62,V,P,F:\GENESIS Studio\genesis-studio\packages\engines-py\.pdb_cache\3OG7,A
1253,ThermoMPNN,3OG7,-0.15881550312042236,62,V,Q,F:\GENESIS Studio\genesis-studio\packages\engines-py\.pdb_cache\3OG7,A
1254,ThermoMPNN,3OG7,0.1208702027797699,62,V,R,F:\GENESIS Studio\genesis-studio\packages\engines-py\.pdb_cache\3OG7,A
1255,ThermoMPNN,3OG7,-0.17561817169189453,62,V,S,F:\GENESIS Studio\genesis-studio\packages\engines-py\.pdb_cache\3OG7,A
1256,ThermoMPNN,3OG7,-0.005366325378417969,62,V,T,F:\GENESIS Studio\genesis-studio\packages\engines-py\.pdb_cache\3OG7,A
1257,ThermoMPNN,3OG7,0.0,62,V,V,F:\GENESIS Studio\genesis-studio\packages\engines-py\.pdb_cache\3OG7,A
1258,ThermoMPNN,3OG7,0.03338003158569336,62,V,W,F:\GENESIS Studio\genesis-studio\packages\engines-py\.pdb_cache\3OG7,A
1259,ThermoMPNN,3OG7,-0.039929211139678955,62,V,Y,F:\GENESIS Studio\genesis-studio\packages\engines-py\.pdb_cache\3OG7,A
1260,ThermoMPNN,3OG7,0.675147294998169,63,N,A,F:\GENESIS Studio\genesis-studio\packages\engines-py\.pdb_cache\3OG7,A
1261,ThermoMPNN,3OG7,-0.11751532554626465,63,N,C,F:\GENESIS Studio\genesis-studio\packages\engines-py\.pdb_cache\3OG7,A
1262,ThermoMPNN,3OG7,0.9122279286384583,63,N,D,F:\GENESIS Studio\genesis-studio\packages\engines-py\.pdb_cache\3OG7,A
1263,ThermoMPNN,3OG7,0.8410851955413818,63,N,E,F:\GENESIS Studio\genesis-studio\packages\engines-py\.pdb_cache\3OG7,A
1264,ThermoMPNN,3OG7,0.12789618968963623,63,N,F,F:\GENESIS Studio\genesis-studio\packages\engines-py\.pdb_cache\3OG7,A
1265,ThermoMPNN,3OG7,1.3140790462493896,63,N,G,F:\GENESIS Studio\genesis-studio\packages\engines-py\.pdb_cache\3OG7,A
1266,ThermoMPNN,3OG7,-0.25881195068359375,63,N,H,F:\GENESIS Studio\genesis-studio\packages\engines-py\.pdb_cache\3OG7,A
1267,ThermoMPNN,3OG7,1.1512118577957153,63,N,I,F:\GENESIS Studio\genesis-studio\packages\engines-py\.pdb_cache\3OG7,A
1268,ThermoMPNN,3OG7,1.1371160745620728,63,N,K,F:\GENESIS Studio\genesis-studio\packages\engines-py\.pdb_cache\3OG7,A
1269,ThermoMPNN,3OG7,0.7978324890136719,63,N,L,F:\GENESIS Studio\genesis-studio\packages\engines-py\.pdb_cache\3OG7,A
1270,ThermoMPNN,3OG7,0.7032613754272461,63,N,M,F:\GENESIS Studio\genesis-studio\packages\engines-py\.pdb_cache\3OG7,A
1271,ThermoMPNN,3OG7,0.0,63,N,N,F:\GENESIS Studio\genesis-studio\packages\engines-py\.pdb_cache\3OG7,A
1272,ThermoMPNN,3OG7,1.8243408203125,63,N,P,F:\GENESIS Studio\genesis-studio\packages\engines-py\.pdb_cache\3OG7,A
1273,ThermoMPNN,3OG7,0.798648476600647,63,N,Q,F:\GENESIS Studio\genesis-studio\packages\engines-py\.pdb_cache\3OG7,A
1274,ThermoMPNN,3OG7,1.0113956928253174,63,N,R,F:\GENESIS Studio\genesis-studio\packages\engines-py\.pdb_cache\3OG7,A
1275,ThermoMPNN,3OG7,0.7329007387161255,63,N,S,F:\GENESIS Studio\genesis-studio\packages\engines-py\.pdb_cache\3OG7,A
1276,ThermoMPNN,3OG7,0.9625757932662964,63,N,T,F:\GENESIS Studio\genesis-studio\packages\engines-py\.pdb_cache\3OG7,A
1277,ThermoMPNN,3OG7,0.7943804264068604,63,N,V,F:\GENESIS Studio\genesis-studio\packages\engines-py\.pdb_cache\3OG7,A
1278,ThermoMPNN,3OG7,0.07525825500488281,63,N,W,F:\GENESIS Studio\genesis-studio\packages\engines-py\.pdb_cache\3OG7,A
1279,ThermoMPNN,3OG7,-0.18983972072601318,63,N,Y,F:\GENESIS Studio\genesis-studio\packages\engines-py\.pdb_cache\3OG7,A
1280,ThermoMPNN,3OG7,2.2178144454956055,64,I,A,F:\GENESIS Studio\genesis-studio\packages\engines-py\.pdb_cache\3OG7,A
1281,ThermoMPNN,3OG7,1.3416566848754883,64,I,C,F:\GENESIS Studio\genesis-studio\packages\engines-py\.pdb_cache\3OG7,A
1282,ThermoMPNN,3OG7,2.6179709434509277,64,I,D,F:\GENESIS Studio\genesis-studio\packages\engines-py\.pdb_cache\3OG7,A
1283,ThermoMPNN,3OG7,2.748236656188965,64,I,E,F:\GENESIS Studio\genesis-studio\packages\engines-py\.pdb_cache\3OG7,A
1284,ThermoMPNN,3OG7,2.004584789276123,64,I,F,F:\GENESIS Studio\genesis-studio\packages\engines-py\.pdb_cache\3OG7,A
1285,ThermoMPNN,3OG7,2.8537449836730957,64,I,G,F:\GENESIS Studio\genesis-studio\packages\engines-py\.pdb_cache\3OG7,A
1286,ThermoMPNN,3OG7,2.478172779083252,64,I,H,F:\GENESIS Studio\genesis-studio\packages\engines-py\.pdb_cache\3OG7,A
1287,ThermoMPNN,3OG7,0.0,64,I,I,F:\GENESIS Studio\genesis-studio\packages\engines-py\.pdb_cache\3OG7,A
1288,ThermoMPNN,3OG7,2.363220691680908,64,I,K,F:\GENESIS Studio\genesis-studio\packages\engines-py\.pdb_cache\3OG7,A
1289,ThermoMPNN,3OG7,0.8404268026351929,64,I,L,F:\GENESIS Studio\genesis-studio\packages\engines-py\.pdb_cache\3OG7,A
1290,ThermoMPNN,3OG7,1.5576279163360596,64,I,M,F:\GENESIS Studio\genesis-studio\packages\engines-py\.pdb_cache\3OG7,A
1291,ThermoMPNN,3OG7,2.5686144828796387,64,I,N,F:\GENESIS Studio\genesis-studio\packages\engines-py\.pdb_cache\3OG7,A
1292,ThermoMPNN,3OG7,2.6223251819610596,64,I,P,F:\GENESIS Studio\genesis-studio\packages\engines-py\.pdb_cache\3OG7,A
1293,ThermoMPNN,3OG7,2.4521923065185547,64,I,Q,F:\GENESIS Studio\genesis-studio\packages\engines-py\.pdb_cache\3OG7,A
1294,ThermoMPNN,3OG7,2.488612651824951,64,I,R,F:\GENESIS Studio\genesis-studio\packages\engines-py\.pdb_cache\3OG7,A
1295,ThermoMPNN,3OG7,2.4626901149749756,64,I,S,F:\GENESIS Studio\genesis-studio\packages\engines-py\.pdb_cache\3OG7,A
1296,ThermoMPNN,3OG7,2.040040969848633,64,I,T,F:\GENESIS Studio\genesis-studio\packages\engines-py\.pdb_cache\3OG7,A
1297,ThermoMPNN,3OG7,0.36138439178466797,64,I,V,F:\GENESIS Studio\genesis-studio\packages\engines-py\.pdb_cache\3OG7,A
1298,ThermoMPNN,3OG7,2.134662389755249,64,I,W,F:\GENESIS Studio\genesis-studio\packages\engines-py\.pdb_cache\3OG7,A
1299,ThermoMPNN,3OG7,2.166649341583252,64,I,Y,F:\GENESIS Studio\genesis-studio\packages\engines-py\.pdb_cache\3OG7,A
1300,ThermoMPNN,3OG7,1.5644036531448364,65,L,A,F:\GENESIS Studio\genesis-studio\packages\engines-py\.pdb_cache\3OG7,A
1301,ThermoMPNN,3OG7,0.778549313545227,65,L,C,F:\GENESIS Studio\genesis-studio\packages\engines-py\.pdb_cache\3OG7,A
1302,ThermoMPNN,3OG7,2.0558278560638428,65,L,D,F:\GENESIS Studio\genesis-studio\packages\engines-py\.pdb_cache\3OG7,A
1303,ThermoMPNN,3OG7,1.6331250667572021,65,L,E,F:\GENESIS Studio\genesis-studio\packages\engines-py\.pdb_cache\3OG7,A
1304,ThermoMPNN,3OG7,0.7396125793457031,65,L,F,F:\GENESIS Studio\genesis-studio\packages\engines-py\.pdb_cache\3OG7,A
1305,ThermoMPNN,3OG7,2.5000905990600586,65,L,G,F:\GENESIS Studio\genesis-studio\packages\engines-py\.pdb_cache\3OG7,A
1306,ThermoMPNN,3OG7,1.6913683414459229,65,L,H,F:\GENESIS Studio\genesis-studio\packages\engines-py\.pdb_cache\3OG7,A
1307,ThermoMPNN,3OG7,-0.0858461856842041,65,L,I,F:\GENESIS Studio\genesis-studio\packages\engines-py\.pdb_cache\3OG7,A
1308,ThermoMPNN,3OG7,1.91631019115448,65,L,K,F:\GENESIS Studio\genesis-studio\packages\engines-py\.pdb_cache\3OG7,A
1309,ThermoMPNN,3OG7,0.0,65,L,L,F:\GENESIS Studio\genesis-studio\packages\engines-py\.pdb_cache\3OG7,A
1310,ThermoMPNN,3OG7,0.6239426136016846,65,L,M,F:\GENESIS Studio\genesis-studio\packages\engines-py\.pdb_cache\3OG7,A
1311,ThermoMPNN,3OG7,2.056652307510376,65,L,N,F:\GENESIS Studio\genesis-studio\packages\engines-py\.pdb_cache\3OG7,A
1312,ThermoMPNN,3OG7,2.4853310585021973,65,L,P,F:\GENESIS Studio\genesis-studio\packages\engines-py\.pdb_cache\3OG7,A
1313,ThermoMPNN,3OG7,1.6716151237487793,65,L,Q,F:\GENESIS Studio\genesis-studio\packages\engines-py\.pdb_cache\3OG7,A
1314,ThermoMPNN,3OG7,1.9287934303283691,65,L,R,F:\GENESIS Studio\genesis-studio\packages\engines-py\.pdb_cache\3OG7,A
1315,ThermoMPNN,3OG7,1.7674188613891602,65,L,S,F:\GENESIS Studio\genesis-studio\packages\engines-py\.pdb_cache\3OG7,A
1316,ThermoMPNN,3OG7,1.0433192253112793,65,L,T,F:\GENESIS Studio\genesis-studio\packages\engines-py\.pdb_cache\3OG7,A
1317,ThermoMPNN,3OG7,0.20130038261413574,65,L,V,F:\GENESIS Studio\genesis-studio\packages\engines-py\.pdb_cache\3OG7,A
1318,ThermoMPNN,3OG7,0.7397270202636719,65,L,W,F:\GENESIS Studio\genesis-studio\packages\engines-py\.pdb_cache\3OG7,A
1319,ThermoMPNN,3OG7,0.8401472568511963,65,L,Y,F:\GENESIS Studio\genesis-studio\packages\engines-py\.pdb_cache\3OG7,A
1320,ThermoMPNN,3OG7,-0.04572796821594238,66,L,A,F:\GENESIS Studio\genesis-studio\packages\engines-py\.pdb_cache\3OG7,A
1321,ThermoMPNN,3OG7,-0.24826180934906006,66,L,C,F:\GENESIS Studio\genesis-studio\packages\engines-py\.pdb_cache\3OG7,A
1322,ThermoMPNN,3OG7,0.49434271454811096,66,L,D,F:\GENESIS Studio\genesis-studio\packages\engines-py\.pdb_cache\3OG7,A
1323,ThermoMPNN,3OG7,0.1056944727897644,66,L,E,F:\GENESIS Studio\genesis-studio\packages\engines-py\.pdb_cache\3OG7,A
1324,ThermoMPNN,3OG7,0.06302481889724731,66,L,F,F:\GENESIS Studio\genesis-studio\packages\engines-py\.pdb_cache\3OG7,A
1325,ThermoMPNN,3OG7,0.32350510358810425,66,L,G,F:\GENESIS Studio\genesis-studio\packages\engines-py\.pdb_cache\3OG7,A
1326,ThermoMPNN,3OG7,0.09431451559066772,66,L,H,F:\GENESIS Studio\genesis-studio\packages\engines-py\.pdb_cache\3OG7,A
1327,ThermoMPNN,3OG7,-0.02567136287689209,66,L,I,F:\GENESIS Studio\genesis-studio\packages\engines-py\.pdb_cache\3OG7,A
1328,ThermoMPNN,3OG7,-0.3449990749359131,66,L,K,F:\GENESIS Studio\genesis-studio\packages\engines-py\.pdb_cache\3OG7,A
1329,ThermoMPNN,3OG7,0.0,66,L,L,F:\GENESIS Studio\genesis-studio\packages\engines-py\.pdb_cache\3OG7,A
1330,ThermoMPNN,3OG7,0.08723044395446777,66,L,M,F:\GENESIS Studio\genesis-studio\packages\engines-py\.pdb_cache\3OG7,A
1331,ThermoMPNN,3OG7,0.14199495315551758,66,L,N,F:\GENESIS Studio\genesis-studio\packages\engines-py\.pdb_cache\3OG7,A
1332,ThermoMPNN,3OG7,0.8413872718811035,66,L,P,F:\GENESIS Studio\genesis-studio\packages\engines-py\.pdb_cache\3OG7,A
1333,ThermoMPNN,3OG7,-0.05860793590545654,66,L,Q,F:\GENESIS Studio\genesis-studio\packages\engines-py\.pdb_cache\3OG7,A
1334,ThermoMPNN,3OG7,-0.25513923168182373,66,L,R,F:\GENESIS Studio\genesis-studio\packages\engines-py\.pdb_cache\3OG7,A
1335,ThermoMPNN,3OG7,-0.005369007587432861,66,L,S,F:\GENESIS Studio\genesis-studio\packages\engines-py\.pdb_cache\3OG7,A
1336,ThermoMPNN,3OG7,-0.04484248161315918,66,L,T,F:\GENESIS Studio\genesis-studio\packages\engines-py\.pdb_cache\3OG7,A
1337,ThermoMPNN,3OG7,-0.005670607089996338,66,L,V,F:\GENESIS Studio\genesis-studio\packages\engines-py\.pdb_cache\3OG7,A
1338,ThermoMPNN,3OG7,0.28921639919281006,66,L,W,F:\GENESIS Studio\genesis-studio\packages\engines-py\.pdb_cache\3OG7,A
1339,ThermoMPNN,3OG7,0.1364525556564331,66,L,Y,F:\GENESIS Studio\genesis-studio\packages\engines-py\.pdb_cache\3OG7,A
1340,ThermoMPNN,3OG7,2.1126794815063477,67,F,A,F:\GENESIS Studio\genesis-studio\packages\engines-py\.pdb_cache\3OG7,A
1341,ThermoMPNN,3OG7,1.464318871498108,67,F,C,F:\GENESIS Studio\genesis-studio\packages\engines-py\.pdb_cache\3OG7,A
1342,ThermoMPNN,3OG7,2.4271676540374756,67,F,D,F:\GENESIS Studio\genesis-studio\packages\engines-py\.pdb_cache\3OG7,A
1343,ThermoMPNN,3OG7,2.484966278076172,67,F,E,F:\GENESIS Studio\genesis-studio\packages\engines-py\.pdb_cache\3OG7,A
1344,ThermoMPNN,3OG7,0.0,67,F,F,F:\GENESIS Studio\genesis-studio\packages\engines-py\.pdb_cache\3OG7,A
1345,ThermoMPNN,3OG7,2.4425106048583984,67,F,G,F:\GENESIS Studio\genesis-studio\packages\engines-py\.pdb_cache\3OG7,A
1346,ThermoMPNN,3OG7,2.357942819595337,67,F,H,F:\GENESIS Studio\genesis-studio\packages\engines-py\.pdb_cache\3OG7,A
1347,ThermoMPNN,3OG7,1.4577672481536865,67,F,I,F:\GENESIS Studio\genesis-studio\packages\engines-py\.pdb_cache\3OG7,A
1348,ThermoMPNN,3OG7,2.423029661178589,67,F,K,F:\GENESIS Studio\genesis-studio\packages\engines-py\.pdb_cache\3OG7,A
1349,ThermoMPNN,3OG7,1.3731880187988281,67,F,L,F:\GENESIS Studio\genesis-studio\packages\engines-py\.pdb_cache\3OG7,A
1350,ThermoMPNN,3OG7,1.3708360195159912,67,F,M,F:\GENESIS Studio\genesis-studio\packages\engines-py\.pdb_cache\3OG7,A
1351,ThermoMPNN,3OG7,2.4539124965667725,67,F,N,F:\GENESIS Studio\genesis-studio\packages\engines-py\.pdb_cache\3OG7,A
1352,ThermoMPNN,3OG7,1.638824224472046,67,F,P,F:\GENESIS Studio\genesis-studio\packages\engines-py\.pdb_cache\3OG7,A
1353,ThermoMPNN,3OG7,2.496636390686035,67,F,Q,F:\GENESIS Studio\genesis-studio\packages\engines-py\.pdb_cache\3OG7,A
1354,ThermoMPNN,3OG7,2.3417410850524902,67,F,R,F:\GENESIS Studio\genesis-studio\packages\engines-py\.pdb_cache\3OG7,A
1355,ThermoMPNN,3OG7,2.155308485031128,67,F,S,F:\GENESIS Studio\genesis-studio\packages\engines-py\.pdb_cache\3OG7,A
1356,ThermoMPNN,3OG7,2.1778926849365234,67,F,T,F:\GENESIS Studio\genesis-studio\packages\engines-py\.pdb_cache\3OG7,A
1357,ThermoMPNN,3OG7,1.468660831451416,67,F,V,F:\GENESIS Studio\genesis-studio\packages\engines-py\.pdb_cache\3OG7,A
1358,ThermoMPNN,3OG7,1.156869888305664,67,F,W,F:\GENESIS Studio\genesis-studio\packages\engines-py\.pdb_cache\3OG7,A
1359,ThermoMPNN,3OG7,1.371334433555603,67,F,Y,F:\GENESIS Studio\genesis-studio\packages\engines-py\.pdb_cache\3OG7,A
1360,ThermoMPNN,3OG7,1.346681833267212,68,M,A,F:\GENESIS Studio\genesis-studio\packages\engines-py\.pdb_cache\3OG7,A
1361,ThermoMPNN,3OG7,0.5068140029907227,68,M,C,F:\GENESIS Studio\genesis-studio\packages\engines-py\.pdb_cache\3OG7,A
1362,ThermoMPNN,3OG7,2.5857832431793213,68,M,D,F:\GENESIS Studio\genesis-studio\packages\engines-py\.pdb_cache\3OG7,A
1363,ThermoMPNN,3OG7,2.029020071029663,68,M,E,F:\GENESIS Studio\genesis-studio\packages\engines-py\.pdb_cache\3OG7,A
1364,ThermoMPNN,3OG7,0.8092690110206604,68,M,F,F:\GENESIS Studio\genesis-studio\packages\engines-py\.pdb_cache\3OG7,A
1365,ThermoMPNN,3OG7,2.3278939723968506,68,M,G,F:\GENESIS Studio\genesis-studio\packages\engines-py\.pdb_cache\3OG7,A
1366,ThermoMPNN,3OG7,1.4093880653381348,68,M,H,F:\GENESIS Studio\genesis-studio\packages\engines-py\.pdb_cache\3OG7,A
1367,ThermoMPNN,3OG7,-0.3703199625015259,68,M,I,F:\GENESIS Studio\genesis-studio\packages\engines-py\.pdb_cache\3OG7,A
1368,ThermoMPNN,3OG7,0.6483318209648132,68,M,K,F:\GENESIS Studio\genesis-studio\packages\engines-py\.pdb_cache\3OG7,A
1369,ThermoMPNN,3OG7,-0.469762921333313,68,M,L,F:\GENESIS Studio\genesis-studio\packages\engines-py\.pdb_cache\3OG7,A
1370,ThermoMPNN,3OG7,0.0,68,M,M,F:\GENESIS Studio\genesis-studio\packages\engines-py\.pdb_cache\3OG7,A
1371,ThermoMPNN,3OG7,1.7257792949676514,68,M,N,F:\GENESIS Studio\genesis-studio\packages\engines-py\.pdb_cache\3OG7,A
1372,ThermoMPNN,3OG7,2.6001060009002686,68,M,P,F:\GENESIS Studio\genesis-studio\packages\engines-py\.pdb_cache\3OG7,A
1373,ThermoMPNN,3OG7,1.1787678003311157,68,M,Q,F:\GENESIS Studio\genesis-studio\packages\engines-py\.pdb_cache\3OG7,A
1374,ThermoMPNN,3OG7,0.5627644062042236,68,M,R,F:\GENESIS Studio\genesis-studio\packages\engines-py\.pdb_cache\3OG7,A
1375,ThermoMPNN,3OG7,1.7379934787750244,68,M,S,F:\GENESIS Studio\genesis-studio\packages\engines-py\.pdb_cache\3OG7,A
1376,ThermoMPNN,3OG7,1.2768571376800537,68,M,T,F:\GENESIS Studio\genesis-studio\packages\engines-py\.pdb_cache\3OG7,A
1377,ThermoMPNN,3OG7,0.20514178276062012,68,M,V,F:\GENESIS Studio\genesis-studio\packages\engines-py\.pdb_cache\3OG7,A
1378,ThermoMPNN,3OG7,1.0032374858856201,68,M,W,F:\GENESIS Studio\genesis-studio\packages\engines-py\.pdb_cache\3OG7,A
1379,ThermoMPNN,3OG7,1.0142085552215576,68,M,Y,F:\GENESIS Studio\genesis-studio\packages\engines-py\.pdb_cache\3OG7,A
1380,ThermoMPNN,3OG7,1.7734774351119995,69,G,A,F:\GENESIS Studio\genesis-studio\packages\engines-py\.pdb_cache\3OG7,A
1381,ThermoMPNN,3OG7,1.546504020690918,69,G,C,F:\GENESIS Studio\genesis-studio\packages\engines-py\.pdb_cache\3OG7,A
1382,ThermoMPNN,3OG7,2.671604871749878,69,G,D,F:\GENESIS Studio\genesis-studio\packages\engines-py\.pdb_cache\3OG7,A
1383,ThermoMPNN,3OG7,2.6570017337799072,69,G,E,F:\GENESIS Studio\genesis-studio\packages\engines-py\.pdb_cache\3OG7,A
1384,ThermoMPNN,3OG7,1.6204943656921387,69,G,F,F:\GENESIS Studio\genesis-studio\packages\engines-py\.pdb_cache\3OG7,A
1385,ThermoMPNN,3OG7,0.0,69,G,G,F:\GENESIS Studio\genesis-studio\packages\engines-py\.pdb_cache\3OG7,A
1386,ThermoMPNN,3OG7,2.25817608833313,69,G,H,F:\GENESIS Studio\genesis-studio\packages\engines-py\.pdb_cache\3OG7,A
1387,ThermoMPNN,3OG7,2.0228219032287598,69,G,I,F:\GENESIS Studio\genesis-studio\packages\engines-py\.pdb_cache\3OG7,A
1388,ThermoMPNN,3OG7,2.5694870948791504,69,G,K,F:\GENESIS Studio\genesis-studio\packages\engines-py\.pdb_cache\3OG7,A
1389,ThermoMPNN,3OG7,2.0635361671447754,69,G,L,F:\GENESIS Studio\genesis-studio\packages\engines-py\.pdb_cache\3OG7,A
1390,ThermoMPNN,3OG7,1.9754199981689453,69,G,M,F:\GENESIS Studio\genesis-studio\packages\engines-py\.pdb_cache\3OG7,A
1391,ThermoMPNN,3OG7,2.5030033588409424,69,G,N,F:\GENESIS Studio\genesis-studio\packages\engines-py\.pdb_cache\3OG7,A
1392,ThermoMPNN,3OG7,2.397294044494629,69,G,P,F:\GENESIS Studio\genesis-studio\packages\engines-py\.pdb_cache\3OG7,A
1393,ThermoMPNN,3OG7,2.472973346710205,69,G,Q,F:\GENESIS Studio\genesis-studio\packages\engines-py\.pdb_cache\3OG7,A
1394,ThermoMPNN,3OG7,2.398545980453491,69,G,R,F:\GENESIS Studio\genesis-studio\packages\engines-py\.pdb_cache\3OG7,A
1395,ThermoMPNN,3OG7,2.191819667816162,69,G,S,F:\GENESIS Studio\genesis-studio\packages\engines-py\.pdb_cache\3OG7,A
1396,ThermoMPNN,3OG7,2.327096462249756,69,G,T,F:\GENESIS Studio\genesis-studio\packages\engines-py\.pdb_cache\3OG7,A
1397,ThermoMPNN,3OG7,1.9004919528961182,69,G,V,F:\GENESIS Studio\genesis-studio\packages\engines-py\.pdb_cache\3OG7,A
1398,ThermoMPNN,3OG7,1.792022943496704,69,G,W,F:\GENESIS Studio\genesis-studio\packages\engines-py\.pdb_cache\3OG7,A
1399,ThermoMPNN,3OG7,1.8042268753051758,69,G,Y,F:\GENESIS Studio\genesis-studio\packages\engines-py\.pdb_cache\3OG7,A
1400,ThermoMPNN,3OG7,3.6863250732421875,70,Y,A,F:\GENESIS Studio\genesis-studio\packages\engines-py\.pdb_cache\3OG7,A
1401,ThermoMPNN,3OG7,2.71814227104187,70,Y,C,F:\GENESIS Studio\genesis-studio\packages\engines-py\.pdb_cache\3OG7,A
1402,ThermoMPNN,3OG7,3.9614646434783936,70,Y,D,F:\GENESIS Studio\genesis-studio\packages\engines-py\.pdb_cache\3OG7,A
1403,ThermoMPNN,3OG7,3.6819512844085693,70,Y,E,F:\GENESIS Studio\genesis-studio\packages\engines-py\.pdb_cache\3OG7,A
1404,ThermoMPNN,3OG7,0.7255964279174805,70,Y,F,F:\GENESIS Studio\genesis-studio\packages\engines-py\.pdb_cache\3OG7,A
1405,ThermoMPNN,3OG7,4.066868782043457,70,Y,G,F:\GENESIS Studio\genesis-studio\packages\engines-py\.pdb_cache\3OG7,A
1406,ThermoMPNN,3OG7,2.58312726020813,70,Y,H,F:\GENESIS Studio\genesis-studio\packages\engines-py\.pdb_cache\3OG7,A
1407,ThermoMPNN,3OG7,2.7123775482177734,70,Y,I,F:\GENESIS Studio\genesis-studio\packages\engines-py\.pdb_cache\3OG7,A
1408,ThermoMPNN,3OG7,3.5812864303588867,70,Y,K,F:\GENESIS Studio\genesis-studio\packages\engines-py\.pdb_cache\3OG7,A
1409,ThermoMPNN,3OG7,2.8895483016967773,70,Y,L,F:\GENESIS Studio\genesis-studio\packages\engines-py\.pdb_cache\3OG7,A
1410,ThermoMPNN,3OG7,3.0397095680236816,70,Y,M,F:\GENESIS Studio\genesis-studio\packages\engines-py\.pdb_cache\3OG7,A
1411,ThermoMPNN,3OG7,3.66371488571167,70,Y,N,F:\GENESIS Studio\genesis-studio\packages\engines-py\.pdb_cache\3OG7,A
1412,ThermoMPNN,3OG7,3.3599114418029785,70,Y,P,F:\GENESIS Studio\genesis-studio\packages\engines-py\.pdb_cache\3OG7,A
1413,ThermoMPNN,3OG7,3.694547414779663,70,Y,Q,F:\GENESIS Studio\genesis-studio\packages\engines-py\.pdb_cache\3OG7,A
1414,ThermoMPNN,3OG7,3.3514797687530518,70,Y,R,F:\GENESIS Studio\genesis-studio\packages\engines-py\.pdb_cache\3OG7,A
1415,ThermoMPNN,3OG7,3.687814474105835,70,Y,S,F:\GENESIS Studio\genesis-studio\packages\engines-py\.pdb_cache\3OG7,A
1416,ThermoMPNN,3OG7,3.335949182510376,70,Y,T,F:\GENESIS Studio\genesis-studio\packages\engines-py\.pdb_cache\3OG7,A
1417,ThermoMPNN,3OG7,2.773735523223877,70,Y,V,F:\GENESIS Studio\genesis-studio\packages\engines-py\.pdb_cache\3OG7,A
1418,ThermoMPNN,3OG7,0.8741672039031982,70,Y,W,F:\GENESIS Studio\genesis-studio\packages\engines-py\.pdb_cache\3OG7,A
1419,ThermoMPNN,3OG7,0.0,70,Y,Y,F:\GENESIS Studio\genesis-studio\packages\engines-py\.pdb_cache\3OG7,A
1420,ThermoMPNN,3OG7,-0.2232581377029419,71,S,A,F:\GENESIS Studio\genesis-studio\packages\engines-py\.pdb_cache\3OG7,A
1421,ThermoMPNN,3OG7,-0.9520033597946167,71,S,C,F:\GENESIS Studio\genesis-studio\packages\engines-py\.pdb_cache\3OG7,A
1422,ThermoMPNN,3OG7,1.8354593515396118,71,S,D,F:\GENESIS Studio\genesis-studio\packages\engines-py\.pdb_cache\3OG7,A
1423,ThermoMPNN,3OG7,1.1540868282318115,71,S,E,F:\GENESIS Studio\genesis-studio\packages\engines-py\.pdb_cache\3OG7,A
1424,ThermoMPNN,3OG7,-0.3072669506072998,71,S,F,F:\GENESIS Studio\genesis-studio\packages\engines-py\.pdb_cache\3OG7,A
1425,ThermoMPNN,3OG7,0.8901060223579407,71,S,G,F:\GENESIS Studio\genesis-studio\packages\engines-py\.pdb_cache\3OG7,A
1426,ThermoMPNN,3OG7,0.6026811599731445,71,S,H,F:\GENESIS Studio\genesis-studio\packages\engines-py\.pdb_cache\3OG7,A
1427,ThermoMPNN,3OG7,-0.6594823598861694,71,S,I,F:\GENESIS Studio\genesis-studio\packages\engines-py\.pdb_cache\3OG7,A
1428,ThermoMPNN,3OG7,0.542494535446167,71,S,K,F:\GENESIS Studio\genesis-studio\packages\engines-py\.pdb_cache\3OG7,A
1429,ThermoMPNN,3OG7,-0.6162818670272827,71,S,L,F:\GENESIS Studio\genesis-studio\packages\engines-py\.pdb_cache\3OG7,A
1430,ThermoMPNN,3OG7,-0.9910629987716675,71,S,M,F:\GENESIS Studio\genesis-studio\packages\engines-py\.pdb_cache\3OG7,A
1431,ThermoMPNN,3OG7,1.0461146831512451,71,S,N,F:\GENESIS Studio\genesis-studio\packages\engines-py\.pdb_cache\3OG7,A
1432,ThermoMPNN,3OG7,1.9252747297286987,71,S,P,F:\GENESIS Studio\genesis-studio\packages\engines-py\.pdb_cache\3OG7,A
1433,ThermoMPNN,3OG7,0.08283340930938721,71,S,Q,F:\GENESIS Studio\genesis-studio\packages\engines-py\.pdb_cache\3OG7,A
1434,ThermoMPNN,3OG7,0.4732127785682678,71,S,R,F:\GENESIS Studio\genesis-studio\packages\engines-py\.pdb_cache\3OG7,A
1435,ThermoMPNN,3OG7,0.0,71,S,S,F:\GENESIS Studio\genesis-studio\packages\engines-py\.pdb_cache\3OG7,A
1436,ThermoMPNN,3OG7,-0.478829026222229,71,S,T,F:\GENESIS Studio\genesis-studio\packages\engines-py\.pdb_cache\3OG7,A
1437,ThermoMPNN,3OG7,-0.9307595491409302,71,S,V,F:\GENESIS Studio\genesis-studio\packages\engines-py\.pdb_cache\3OG7,A
1438,ThermoMPNN,3OG7,0.39554697275161743,71,S,W,F:\GENESIS Studio\genesis-studio\packages\engines-py\.pdb_cache\3OG7,A
1439,ThermoMPNN,3OG7,0.30362313985824585,71,S,Y,F:\GENESIS Studio\genesis-studio\packages\engines-py\.pdb_cache\3OG7,A
1440,ThermoMPNN,3OG7,1.4705263376235962,72,T,A,F:\GENESIS Studio\genesis-studio\packages\engines-py\.pdb_cache\3OG7,A
1441,ThermoMPNN,3OG7,0.6756393909454346,72,T,C,F:\GENESIS Studio\genesis-studio\packages\engines-py\.pdb_cache\3OG7,A
1442,ThermoMPNN,3OG7,2.7087690830230713,72,T,D,F:\GENESIS Studio\genesis-studio\packages\engines-py\.pdb_cache\3OG7,A
1443,ThermoMPNN,3OG7,1.979278564453125,72,T,E,F:\GENESIS Studio\genesis-studio\packages\engines-py\.pdb_cache\3OG7,A
1444,ThermoMPNN,3OG7,1.2698302268981934,72,T,F,F:\GENESIS Studio\genesis-studio\packages\engines-py\.pdb_cache\3OG7,A
1445,ThermoMPNN,3OG7,2.5219969749450684,72,T,G,F:\GENESIS Studio\genesis-studio\packages\engines-py\.pdb_cache\3OG7,A
1446,ThermoMPNN,3OG7,1.5537283420562744,72,T,H,F:\GENESIS Studio\genesis-studio\packages\engines-py\.pdb_cache\3OG7,A
1447,ThermoMPNN,3OG7,0.17084193229675293,72,T,I,F:\GENESIS Studio\genesis-studio\packages\engines-py\.pdb_cache\3OG7,A
1448,ThermoMPNN,3OG7,1.3923426866531372,72,T,K,F:\GENESIS Studio\genesis-studio\packages\engines-py\.pdb_cache\3OG7,A
1449,ThermoMPNN,3OG7,0.20641422271728516,72,T,L,F:\GENESIS Studio\genesis-studio\packages\engines-py\.pdb_cache\3OG7,A
1450,ThermoMPNN,3OG7,0.4382612705230713,72,T,M,F:\GENESIS Studio\genesis-studio\packages\engines-py\.pdb_cache\3OG7,A
1451,ThermoMPNN,3OG7,1.855787992477417,72,T,N,F:\GENESIS Studio\genesis-studio\packages\engines-py\.pdb_cache\3OG7,A
1452,ThermoMPNN,3OG7,2.6518917083740234,72,T,P,F:\GENESIS Studio\genesis-studio\packages\engines-py\.pdb_cache\3OG7,A
1453,ThermoMPNN,3OG7,1.3513453006744385,72,T,Q,F:\GENESIS Studio\genesis-studio\packages\engines-py\.pdb_cache\3OG7,A
1454,ThermoMPNN,3OG7,1.2194597721099854,72,T,R,F:\GENESIS Studio\genesis-studio\packages\engines-py\.pdb_cache\3OG7,A
1455,ThermoMPNN,3OG7,1.2071428298950195,72,T,S,F:\GENESIS Studio\genesis-studio\packages\engines-py\.pdb_cache\3OG7,A
1456,ThermoMPNN,3OG7,0.0,72,T,T,F:\GENESIS Studio\genesis-studio\packages\engines-py\.pdb_cache\3OG7,A
1457,ThermoMPNN,3OG7,0.4720745086669922,72,T,V,F:\GENESIS Studio\genesis-studio\packages\engines-py\.pdb_cache\3OG7,A
1458,ThermoMPNN,3OG7,1.2896947860717773,72,T,W,F:\GENESIS Studio\genesis-studio\packages\engines-py\.pdb_cache\3OG7,A
1459,ThermoMPNN,3OG7,1.245052456855774,72,T,Y,F:\GENESIS Studio\genesis-studio\packages\engines-py\.pdb_cache\3OG7,A
1460,ThermoMPNN,3OG7,0.0,73,A,A,F:\GENESIS Studio\genesis-studio\packages\engines-py\.pdb_cache\3OG7,A
1461,ThermoMPNN,3OG7,0.08914726972579956,73,A,C,F:\GENESIS Studio\genesis-studio\packages\engines-py\.pdb_cache\3OG7,A
1462,ThermoMPNN,3OG7,0.7867590188980103,73,A,D,F:\GENESIS Studio\genesis-studio\packages\engines-py\.pdb_cache\3OG7,A
1463,ThermoMPNN,3OG7,0.5895541906356812,73,A,E,F:\GENESIS Studio\genesis-studio\packages\engines-py\.pdb_cache\3OG7,A
1464,ThermoMPNN,3OG7,0.44362956285476685,73,A,F,F:\GENESIS Studio\genesis-studio\packages\engines-py\.pdb_cache\3OG7,A
1465,ThermoMPNN,3OG7,0.5272834897041321,73,A,G,F:\GENESIS Studio\genesis-studio\packages\engines-py\.pdb_cache\3OG7,A
1466,ThermoMPNN,3OG7,0.02291238307952881,73,A,H,F:\GENESIS Studio\genesis-studio\packages\engines-py\.pdb_cache\3OG7,A
1467,ThermoMPNN,3OG7,0.4633534550666809,73,A,I,F:\GENESIS Studio\genesis-studio\packages\engines-py\.pdb_cache\3OG7,A
1468,ThermoMPNN,3OG7,-0.2016047239303589,73,A,K,F:\GENESIS Studio\genesis-studio\packages\engines-py\.pdb_cache\3OG7,A
1469,ThermoMPNN,3OG7,0.3923879861831665,73,A,L,F:\GENESIS Studio\genesis-studio\packages\engines-py\.pdb_cache\3OG7,A
1470,ThermoMPNN,3OG7,0.3766142725944519,73,A,M,F:\GENESIS Studio\genesis-studio\packages\engines-py\.pdb_cache\3OG7,A
1471,ThermoMPNN,3OG7,0.04432833194732666,73,A,N,F:\GENESIS Studio\genesis-studio\packages\engines-py\.pdb_cache\3OG7,A
1472,ThermoMPNN,3OG7,1.6686701774597168,73,A,P,F:\GENESIS Studio\genesis-studio\packages\engines-py\.pdb_cache\3OG7,A
1473,ThermoMPNN,3OG7,0.09023100137710571,73,A,Q,F:\GENESIS Studio\genesis-studio\packages\engines-py\.pdb_cache\3OG7,A
1474,ThermoMPNN,3OG7,-0.21343553066253662,73,A,R,F:\GENESIS Studio\genesis-studio\packages\engines-py\.pdb_cache\3OG7,A
1475,ThermoMPNN,3OG7,-0.043016791343688965,73,A,S,F:\GENESIS Studio\genesis-studio\packages\engines-py\.pdb_cache\3OG7,A
1476,ThermoMPNN,3OG7,0.014903903007507324,73,A,T,F:\GENESIS Studio\genesis-studio\packages\engines-py\.pdb_cache\3OG7,A
1477,ThermoMPNN,3OG7,0.2619699239730835,73,A,V,F:\GENESIS Studio\genesis-studio\packages\engines-py\.pdb_cache\3OG7,A
1478,ThermoMPNN,3OG7,0.7159281373023987,73,A,W,F:\GENESIS Studio\genesis-studio\packages\engines-py\.pdb_cache\3OG7,A
1479,ThermoMPNN,3OG7,0.424519419670105,73,A,Y,F:\GENESIS Studio\genesis-studio\packages\engines-py\.pdb_cache\3OG7,A
1480,ThermoMPNN,3OG7,1.25525963306427,74,P,A,F:\GENESIS Studio\genesis-studio\packages\engines-py\.pdb_cache\3OG7,A
1481,ThermoMPNN,3OG7,0.7994760870933533,74,P,C,F:\GENESIS Studio\genesis-studio\packages\engines-py\.pdb_cache\3OG7,A
1482,ThermoMPNN,3OG7,1.6068148612976074,74,P,D,F:\GENESIS Studio\genesis-studio\packages\engines-py\.pdb_cache\3OG7,A
1483,ThermoMPNN,3OG7,1.3512609004974365,74,P,E,F:\GENESIS Studio\genesis-studio\packages\engines-py\.pdb_cache\3OG7,A
1484,ThermoMPNN,3OG7,1.1012797355651855,74,P,F,F:\GENESIS Studio\genesis-studio\packages\engines-py\.pdb_cache\3OG7,A
1485,ThermoMPNN,3OG7,1.3799121379852295,74,P,G,F:\GENESIS Studio\genesis-studio\packages\engines-py\.pdb_cache\3OG7,A
1486,ThermoMPNN,3OG7,1.077726125717163,74,P,H,F:\GENESIS Studio\genesis-studio\packages\engines-py\.pdb_cache\3OG7,A
1487,ThermoMPNN,3OG7,1.0274311304092407,74,P,I,F:\GENESIS Studio\genesis-studio\packages\engines-py\.pdb_cache\3OG7,A
1488,ThermoMPNN,3OG7,1.040053129196167,74,P,K,F:\GENESIS Studio\genesis-studio\packages\engines-py\.pdb_cache\3OG7,A
1489,ThermoMPNN,3OG7,1.000823974609375,74,P,L,F:\GENESIS Studio\genesis-studio\packages\engines-py\.pdb_cache\3OG7,A
1490,ThermoMPNN,3OG7,0.9984169006347656,74,P,M,F:\GENESIS Studio\genesis-studio\packages\engines-py\.pdb_cache\3OG7,A
1491,ThermoMPNN,3OG7,1.1896092891693115,74,P,N,F:\GENESIS Studio\genesis-studio\packages\engines-py\.pdb_cache\3OG7,A
1492,ThermoMPNN,3OG7,0.0,74,P,P,F:\GENESIS Studio\genesis-studio\packages\engines-py\.pdb_cache\3OG7,A
1493,ThermoMPNN,3OG7,1.1570649147033691,74,P,Q,F:\GENESIS Studio\genesis-studio\packages\engines-py\.pdb_cache\3OG7,A
1494,ThermoMPNN,3OG7,1.0987575054168701,74,P,R,F:\GENESIS Studio\genesis-studio\packages\engines-py\.pdb_cache\3OG7,A
1495,ThermoMPNN,3OG7,1.1156933307647705,74,P,S,F:\GENESIS Studio\genesis-studio\packages\engines-py\.pdb_cache\3OG7,A
1496,ThermoMPNN,3OG7,1.0716315507888794,74,P,T,F:\GENESIS Studio\genesis-studio\packages\engines-py\.pdb_cache\3OG7,A
1497,ThermoMPNN,3OG7,1.124807596206665,74,P,V,F:\GENESIS Studio\genesis-studio\packages\engines-py\.pdb_cache\3OG7,A
1498,ThermoMPNN,3OG7,1.1732460260391235,74,P,W,F:\GENESIS Studio\genesis-studio\packages\engines-py\.pdb_cache\3OG7,A
1499,ThermoMPNN,3OG7,0.9244819283485413,74,P,Y,F:\GENESIS Studio\genesis-studio\packages\engines-py\.pdb_cache\3OG7,A
1500,ThermoMPNN,3OG7,0.5457929372787476,75,Q,A,F:\GENESIS Studio\genesis-studio\packages\engines-py\.pdb_cache\3OG7,A
1501,ThermoMPNN,3OG7,0.3202023506164551,75,Q,C,F:\GENESIS Studio\genesis-studio\packages\engines-py\.pdb_cache\3OG7,A
1502,ThermoMPNN,3OG7,1.1506626605987549,75,Q,D,F:\GENESIS Studio\genesis-studio\packages\engines-py\.pdb_cache\3OG7,A
1503,ThermoMPNN,3OG7,0.8028911352157593,75,Q,E,F:\GENESIS Studio\genesis-studio\packages\engines-py\.pdb_cache\3OG7,A
1504,ThermoMPNN,3OG7,0.7575230598449707,75,Q,F,F:\GENESIS Studio\genesis-studio\packages\engines-py\.pdb_cache\3OG7,A
1505,ThermoMPNN,3OG7,0.8281054496765137,75,Q,G,F:\GENESIS Studio\genesis-studio\packages\engines-py\.pdb_cache\3OG7,A
1506,ThermoMPNN,3OG7,0.32760047912597656,75,Q,H,F:\GENESIS Studio\genesis-studio\packages\engines-py\.pdb_cache\3OG7,A
1507,ThermoMPNN,3OG7,0.8278014063835144,75,Q,I,F:\GENESIS Studio\genesis-studio\packages\engines-py\.pdb_cache\3OG7,A
1508,ThermoMPNN,3OG7,0.16906142234802246,75,Q,K,F:\GENESIS Studio\genesis-studio\packages\engines-py\.pdb_cache\3OG7,A
1509,ThermoMPNN,3OG7,0.7411170601844788,75,Q,L,F:\GENESIS Studio\genesis-studio\packages\engines-py\.pdb_cache\3OG7,A
1510,ThermoMPNN,3OG7,0.5551902651786804,75,Q,M,F:\GENESIS Studio\genesis-studio\packages\engines-py\.pdb_cache\3OG7,A
1511,ThermoMPNN,3OG7,0.5281832814216614,75,Q,N,F:\GENESIS Studio\genesis-studio\packages\engines-py\.pdb_cache\3OG7,A
1512,ThermoMPNN,3OG7,2.148223400115967,75,Q,P,F:\GENESIS Studio\genesis-studio\packages\engines-py\.pdb_cache\3OG7,A
1513,ThermoMPNN,3OG7,0.0,75,Q,Q,F:\GENESIS Studio\genesis-studio\packages\engines-py\.pdb_cache\3OG7,A
1514,ThermoMPNN,3OG7,0.27575063705444336,75,Q,R,F:\GENESIS Studio\genesis-studio\packages\engines-py\.pdb_cache\3OG7,A
1515,ThermoMPNN,3OG7,0.4665467143058777,75,Q,S,F:\GENESIS Studio\genesis-studio\packages\engines-py\.pdb_cache\3OG7,A
1516,ThermoMPNN,3OG7,0.3099031448364258,75,Q,T,F:\GENESIS Studio\genesis-studio\packages\engines-py\.pdb_cache\3OG7,A
1517,ThermoMPNN,3OG7,0.5604374408721924,75,Q,V,F:\GENESIS Studio\genesis-studio\packages\engines-py\.pdb_cache\3OG7,A
1518,ThermoMPNN,3OG7,0.7787268161773682,75,Q,W,F:\GENESIS Studio\genesis-studio\packages\engines-py\.pdb_cache\3OG7,A
1519,ThermoMPNN,3OG7,0.6997300982475281,75,Q,Y,F:\GENESIS Studio\genesis-studio\packages\engines-py\.pdb_cache\3OG7,A
1520,ThermoMPNN,3OG7,1.5529561042785645,76,L,A,F:\GENESIS Studio\genesis-studio\packages\engines-py\.pdb_cache\3OG7,A
1521,ThermoMPNN,3OG7,0.6912662982940674,76,L,C,F:\GENESIS Studio\genesis-studio\packages\engines-py\.pdb_cache\3OG7,A
1522,ThermoMPNN,3OG7,2.069422960281372,76,L,D,F:\GENESIS Studio\genesis-studio\packages\engines-py\.pdb_cache\3OG7,A
1523,ThermoMPNN,3OG7,2.058274984359741,76,L,E,F:\GENESIS Studio\genesis-studio\packages\engines-py\.pdb_cache\3OG7,A
1524,ThermoMPNN,3OG7,0.7088117599487305,76,L,F,F:\GENESIS Studio\genesis-studio\packages\engines-py\.pdb_cache\3OG7,A
1525,ThermoMPNN,3OG7,2.158806085586548,76,L,G,F:\GENESIS Studio\genesis-studio\packages\engines-py\.pdb_cache\3OG7,A
1526,ThermoMPNN,3OG7,1.7308623790740967,76,L,H,F:\GENESIS Studio\genesis-studio\packages\engines-py\.pdb_cache\3OG7,A
1527,ThermoMPNN,3OG7,0.3970675468444824,76,L,I,F:\GENESIS Studio\genesis-studio\packages\engines-py\.pdb_cache\3OG7,A
1528,ThermoMPNN,3OG7,1.828998327255249,76,L,K,F:\GENESIS Studio\genesis-studio\packages\engines-py\.pdb_cache\3OG7,A
1529,ThermoMPNN,3OG7,0.0,76,L,L,F:\GENESIS Studio\genesis-studio\packages\engines-py\.pdb_cache\3OG7,A
1530,ThermoMPNN,3OG7,0.7348459959030151,76,L,M,F:\GENESIS Studio\genesis-studio\packages\engines-py\.pdb_cache\3OG7,A
1531,ThermoMPNN,3OG7,2.075745105743408,76,L,N,F:\GENESIS Studio\genesis-studio\packages\engines-py\.pdb_cache\3OG7,A
1532,ThermoMPNN,3OG7,1.521052360534668,76,L,P,F:\GENESIS Studio\genesis-studio\packages\engines-py\.pdb_cache\3OG7,A
1533,ThermoMPNN,3OG7,1.910968542098999,76,L,Q,F:\GENESIS Studio\genesis-studio\packages\engines-py\.pdb_cache\3OG7,A
1534,ThermoMPNN,3OG7,1.9820679426193237,76,L,R,F:\GENESIS Studio\genesis-studio\packages\engines-py\.pdb_cache\3OG7,A
1535,ThermoMPNN,3OG7,1.8670527935028076,76,L,S,F:\GENESIS Studio\genesis-studio\packages\engines-py\.pdb_cache\3OG7,A
1536,ThermoMPNN,3OG7,1.6680309772491455,76,L,T,F:\GENESIS Studio\genesis-studio\packages\engines-py\.pdb_cache\3OG7,A
1537,ThermoMPNN,3OG7,0.7925649881362915,76,L,V,F:\GENESIS Studio\genesis-studio\packages\engines-py\.pdb_cache\3OG7,A
1538,ThermoMPNN,3OG7,0.7189936637878418,76,L,W,F:\GENESIS Studio\genesis-studio\packages\engines-py\.pdb_cache\3OG7,A
1539,ThermoMPNN,3OG7,1.0053925514221191,76,L,Y,F:\GENESIS Studio\genesis-studio\packages\engines-py\.pdb_cache\3OG7,A
1540,ThermoMPNN,3OG7,0.0,77,A,A,F:\GENESIS Studio\genesis-studio\packages\engines-py\.pdb_cache\3OG7,A
1541,ThermoMPNN,3OG7,0.4020724296569824,77,A,C,F:\GENESIS Studio\genesis-studio\packages\engines-py\.pdb_cache\3OG7,A
1542,ThermoMPNN,3OG7,2.418776512145996,77,A,D,F:\GENESIS Studio\genesis-studio\packages\engines-py\.pdb_cache\3OG7,A
1543,ThermoMPNN,3OG7,1.9716596603393555,77,A,E,F:\GENESIS Studio\genesis-studio\packages\engines-py\.pdb_cache\3OG7,A
1544,ThermoMPNN,3OG7,0.6875396966934204,77,A,F,F:\GENESIS Studio\genesis-studio\packages\engines-py\.pdb_cache\3OG7,A
1545,ThermoMPNN,3OG7,1.2990087270736694,77,A,G,F:\GENESIS Studio\genesis-studio\packages\engines-py\.pdb_cache\3OG7,A
1546,ThermoMPNN,3OG7,1.5708988904953003,77,A,H,F:\GENESIS Studio\genesis-studio\packages\engines-py\.pdb_cache\3OG7,A
1547,ThermoMPNN,3OG7,0.5753096342086792,77,A,I,F:\GENESIS Studio\genesis-studio\packages\engines-py\.pdb_cache\3OG7,A
1548,ThermoMPNN,3OG7,1.4590436220169067,77,A,K,F:\GENESIS Studio\genesis-studio\packages\engines-py\.pdb_cache\3OG7,A
1549,ThermoMPNN,3OG7,0.8673908710479736,77,A,L,F:\GENESIS Studio\genesis-studio\packages\engines-py\.pdb_cache\3OG7,A
1550,ThermoMPNN,3OG7,0.5196962356567383,77,A,M,F:\GENESIS Studio\genesis-studio\packages\engines-py\.pdb_cache\3OG7,A
1551,ThermoMPNN,3OG7,2.009737014770508,77,A,N,F:\GENESIS Studio\genesis-studio\packages\engines-py\.pdb_cache\3OG7,A
1552,ThermoMPNN,3OG7,2.3827240467071533,77,A,P,F:\GENESIS Studio\genesis-studio\packages\engines-py\.pdb_cache\3OG7,A
1553,ThermoMPNN,3OG7,1.4119322299957275,77,A,Q,F:\GENESIS Studio\genesis-studio\packages\engines-py\.pdb_cache\3OG7,A
1554,ThermoMPNN,3OG7,1.3213086128234863,77,A,R,F:\GENESIS Studio\genesis-studio\packages\engines-py\.pdb_cache\3OG7,A
1555,ThermoMPNN,3OG7,0.8798249959945679,77,A,S,F:\GENESIS Studio\genesis-studio\packages\engines-py\.pdb_cache\3OG7,A
1556,ThermoMPNN,3OG7,1.101302146911621,77,A,T,F:\GENESIS Studio\genesis-studio\packages\engines-py\.pdb_cache\3OG7,A
1557,ThermoMPNN,3OG7,0.5276190042495728,77,A,V,F:\GENESIS Studio\genesis-studio\packages\engines-py\.pdb_cache\3OG7,A
1558,ThermoMPNN,3OG7,1.0350589752197266,77,A,W,F:\GENESIS Studio\genesis-studio\packages\engines-py\.pdb_cache\3OG7,A
1559,ThermoMPNN,3OG7,1.001335620880127,77,A,Y,F:\GENESIS Studio\genesis-studio\packages\engines-py\.pdb_cache\3OG7,A
1560,ThermoMPNN,3OG7,2.3406336307525635,78,I,A,F:\GENESIS Studio\genesis-studio\packages\engines-py\.pdb_cache\3OG7,A
1561,ThermoMPNN,3OG7,1.3723610639572144,78,I,C,F:\GENESIS Studio\genesis-studio\packages\engines-py\.pdb_cache\3OG7,A
1562,ThermoMPNN,3OG7,3.6792502403259277,78,I,D,F:\GENESIS Studio\genesis-studio\packages\engines-py\.pdb_cache\3OG7,A
1563,ThermoMPNN,3OG7,2.99491024017334,78,I,E,F:\GENESIS Studio\genesis-studio\packages\engines-py\.pdb_cache\3OG7,A
1564,ThermoMPNN,3OG7,0.6858818531036377,78,I,F,F:\GENESIS Studio\genesis-studio\packages\engines-py\.pdb_cache\3OG7,A
1565,ThermoMPNN,3OG7,3.3939356803894043,78,I,G,F:\GENESIS Studio\genesis-studio\packages\engines-py\.pdb_cache\3OG7,A
1566,ThermoMPNN,3OG7,2.1502909660339355,78,I,H,F:\GENESIS Studio\genesis-studio\packages\engines-py\.pdb_cache\3OG7,A
1567,ThermoMPNN,3OG7,0.0,78,I,I,F:\GENESIS Studio\genesis-studio\packages\engines-py\.pdb_cache\3OG7,A
1568,ThermoMPNN,3OG7,2.218684196472168,78,I,K,F:\GENESIS Studio\genesis-studio\packages\engines-py\.pdb_cache\3OG7,A
1569,ThermoMPNN,3OG7,0.4465906620025635,78,I,L,F:\GENESIS Studio\genesis-studio\packages\engines-py\.pdb_cache\3OG7,A
1570,ThermoMPNN,3OG7,1.0589827299118042,78,I,M,F:\GENESIS Studio\genesis-studio\packages\engines-py\.pdb_cache\3OG7,A
1571,ThermoMPNN,3OG7,2.9995200634002686,78,I,N,F:\GENESIS Studio\genesis-studio\packages\engines-py\.pdb_cache\3OG7,A
1572,ThermoMPNN,3OG7,3.070589542388916,78,I,P,F:\GENESIS Studio\genesis-studio\packages\engines-py\.pdb_cache\3OG7,A
1573,ThermoMPNN,3OG7,2.4944863319396973,78,I,Q,F:\GENESIS Studio\genesis-studio\packages\engines-py\.pdb_cache\3OG7,A
1574,ThermoMPNN,3OG7,2.195767402648926,78,I,R,F:\GENESIS Studio\genesis-studio\packages\engines-py\.pdb_cache\3OG7,A
1575,ThermoMPNN,3OG7,2.8482818603515625,78,I,S,F:\GENESIS Studio\genesis-studio\packages\engines-py\.pdb_cache\3OG7,A
1576,ThermoMPNN,3OG7,2.228795289993286,78,I,T,F:\GENESIS Studio\genesis-studio\packages\engines-py\.pdb_cache\3OG7,A
1577,ThermoMPNN,3OG7,0.7707529067993164,78,I,V,F:\GENESIS Studio\genesis-studio\packages\engines-py\.pdb_cache\3OG7,A
1578,ThermoMPNN,3OG7,0.9036166667938232,78,I,W,F:\GENESIS Studio\genesis-studio\packages\engines-py\.pdb_cache\3OG7,A
1579,ThermoMPNN,3OG7,0.8166782855987549,78,I,Y,F:\GENESIS Studio\genesis-studio\packages\engines-py\.pdb_cache\3OG7,A
1580,ThermoMPNN,3OG7,2.235907793045044,79,V,A,F:\GENESIS Studio\genesis-studio\packages\engines-py\.pdb_cache\3OG7,A
1581,ThermoMPNN,3OG7,1.5063284635543823,79,V,C,F:\GENESIS Studio\genesis-studio\packages\engines-py\.pdb_cache\3OG7,A
1582,ThermoMPNN,3OG7,3.1499578952789307,79,V,D,F:\GENESIS Studio\genesis-studio\packages\engines-py\.pdb_cache\3OG7,A
1583,ThermoMPNN,3OG7,3.1667375564575195,79,V,E,F:\GENESIS Studio\genesis-studio\packages\engines-py\.pdb_cache\3OG7,A
1584,ThermoMPNN,3OG7,1.660845160484314,79,V,F,F:\GENESIS Studio\genesis-studio\packages\engines-py\.pdb_cache\3OG7,A
1585,ThermoMPNN,3OG7,2.92803955078125,79,V,G,F:\GENESIS Studio\genesis-studio\packages\engines-py\.pdb_cache\3OG7,A
1586,ThermoMPNN,3OG7,2.8347525596618652,79,V,H,F:\GENESIS Studio\genesis-studio\packages\engines-py\.pdb_cache\3OG7,A
1587,ThermoMPNN,3OG7,-0.014262676239013672,79,V,I,F:\GENESIS Studio\genesis-studio\packages\engines-py\.pdb_cache\3OG7,A
1588,ThermoMPNN,3OG7,2.9681503772735596,79,V,K,F:\GENESIS Studio\genesis-studio\packages\engines-py\.pdb_cache\3OG7,A
1589,ThermoMPNN,3OG7,1.2042419910430908,79,V,L,F:\GENESIS Studio\genesis-studio\packages\engines-py\.pdb_cache\3OG7,A
1590,ThermoMPNN,3OG7,1.896224021911621,79,V,M,F:\GENESIS Studio\genesis-studio\packages\engines-py\.pdb_cache\3OG7,A
1591,ThermoMPNN,3OG7,3.0763778686523438,79,V,N,F:\GENESIS Studio\genesis-studio\packages\engines-py\.pdb_cache\3OG7,A
1592,ThermoMPNN,3OG7,3.1044905185699463,79,V,P,F:\GENESIS Studio\genesis-studio\packages\engines-py\.pdb_cache\3OG7,A
1593,ThermoMPNN,3OG7,3.0065648555755615,79,V,Q,F:\GENESIS Studio\genesis-studio\packages\engines-py\.pdb_cache\3OG7,A
1594,ThermoMPNN,3OG7,2.9678359031677246,79,V,R,F:\GENESIS Studio\genesis-studio\packages\engines-py\.pdb_cache\3OG7,A
1595,ThermoMPNN,3OG7,2.8631815910339355,79,V,S,F:\GENESIS Studio\genesis-studio\packages\engines-py\.pdb_cache\3OG7,A
1596,ThermoMPNN,3OG7,2.0712671279907227,79,V,T,F:\GENESIS Studio\genesis-studio\packages\engines-py\.pdb_cache\3OG7,A
1597,ThermoMPNN,3OG7,0.0,79,V,V,F:\GENESIS Studio\genesis-studio\packages\engines-py\.pdb_cache\3OG7,A
1598,ThermoMPNN,3OG7,2.259427785873413,79,V,W,F:\GENESIS Studio\genesis-studio\packages\engines-py\.pdb_cache\3OG7,A
1599,ThermoMPNN,3OG7,2.066742181777954,79,V,Y,F:\GENESIS Studio\genesis-studio\packages\engines-py\.pdb_cache\3OG7,A
1600,ThermoMPNN,3OG7,0.8028108477592468,80,T,A,F:\GENESIS Studio\genesis-studio\packages\engines-py\.pdb_cache\3OG7,A
1601,ThermoMPNN,3OG7,0.05068814754486084,80,T,C,F:\GENESIS Studio\genesis-studio\packages\engines-py\.pdb_cache\3OG7,A
1602,ThermoMPNN,3OG7,1.556946039199829,80,T,D,F:\GENESIS Studio\genesis-studio\packages\engines-py\.pdb_cache\3OG7,A
1603,ThermoMPNN,3OG7,1.201415777206421,80,T,E,F:\GENESIS Studio\genesis-studio\packages\engines-py\.pdb_cache\3OG7,A
1604,ThermoMPNN,3OG7,0.06937015056610107,80,T,F,F:\GENESIS Studio\genesis-studio\packages\engines-py\.pdb_cache\3OG7,A
1605,ThermoMPNN,3OG7,1.4158923625946045,80,T,G,F:\GENESIS Studio\genesis-studio\packages\engines-py\.pdb_cache\3OG7,A
1606,ThermoMPNN,3OG7,0.8105592727661133,80,T,H,F:\GENESIS Studio\genesis-studio\packages\engines-py\.pdb_cache\3OG7,A
1607,ThermoMPNN,3OG7,0.5986557006835938,80,T,I,F:\GENESIS Studio\genesis-studio\packages\engines-py\.pdb_cache\3OG7,A
1608,ThermoMPNN,3OG7,1.3532772064208984,80,T,K,F:\GENESIS Studio\genesis-studio\packages\engines-py\.pdb_cache\3OG7,A
1609,ThermoMPNN,3OG7,0.3293302059173584,80,T,L,F:\GENESIS Studio\genesis-studio\packages\engines-py\.pdb_cache\3OG7,A
1610,ThermoMPNN,3OG7,0.3606639504432678,80,T,M,F:\GENESIS Studio\genesis-studio\packages\engines-py\.pdb_cache\3OG7,A
1611,ThermoMPNN,3OG7,1.0290167331695557,80,T,N,F:\GENESIS Studio\genesis-studio\packages\engines-py\.pdb_cache\3OG7,A
1612,ThermoMPNN,3OG7,2.736842155456543,80,T,P,F:\GENESIS Studio\genesis-studio\packages\engines-py\.pdb_cache\3OG7,A
1613,ThermoMPNN,3OG7,1.0002177953720093,80,T,Q,F:\GENESIS Studio\genesis-studio\packages\engines-py\.pdb_cache\3OG7,A
1614,ThermoMPNN,3OG7,1.2802917957305908,80,T,R,F:\GENESIS Studio\genesis-studio\packages\engines-py\.pdb_cache\3OG7,A
1615,ThermoMPNN,3OG7,0.4676204323768616,80,T,S,F:\GENESIS Studio\genesis-studio\packages\engines-py\.pdb_cache\3OG7,A
1616,ThermoMPNN,3OG7,0.0,80,T,T,F:\GENESIS Studio\genesis-studio\packages\engines-py\.pdb_cache\3OG7,A
1617,ThermoMPNN,3OG7,0.4290727376937866,80,T,V,F:\GENESIS Studio\genesis-studio\packages\engines-py\.pdb_cache\3OG7,A
1618,ThermoMPNN,3OG7,0.07912027835845947,80,T,W,F:\GENESIS Studio\genesis-studio\packages\engines-py\.pdb_cache\3OG7,A
1619,ThermoMPNN,3OG7,0.014391779899597168,80,T,Y,F:\GENESIS Studio\genesis-studio\packages\engines-py\.pdb_cache\3OG7,A
1620,ThermoMPNN,3OG7,0.5791129469871521,81,Q,A,F:\GENESIS Studio\genesis-studio\packages\engines-py\.pdb_cache\3OG7,A
1621,ThermoMPNN,3OG7,0.16613078117370605,81,Q,C,F:\GENESIS Studio\genesis-studio\packages\engines-py\.pdb_cache\3OG7,A
1622,ThermoMPNN,3OG7,0.8197690844535828,81,Q,D,F:\GENESIS Studio\genesis-studio\packages\engines-py\.pdb_cache\3OG7,A
1623,ThermoMPNN,3OG7,-0.7034571170806885,81,Q,E,F:\GENESIS Studio\genesis-studio\packages\engines-py\.pdb_cache\3OG7,A
1624,ThermoMPNN,3OG7,0.6769363880157471,81,Q,F,F:\GENESIS Studio\genesis-studio\packages\engines-py\.pdb_cache\3OG7,A
1625,ThermoMPNN,3OG7,1.3429841995239258,81,Q,G,F:\GENESIS Studio\genesis-studio\packages\engines-py\.pdb_cache\3OG7,A
1626,ThermoMPNN,3OG7,0.6997171640396118,81,Q,H,F:\GENESIS Studio\genesis-studio\packages\engines-py\.pdb_cache\3OG7,A
1627,ThermoMPNN,3OG7,0.8097461462020874,81,Q,I,F:\GENESIS Studio\genesis-studio\packages\engines-py\.pdb_cache\3OG7,A
1628,ThermoMPNN,3OG7,1.4836353063583374,81,Q,K,F:\GENESIS Studio\genesis-studio\packages\engines-py\.pdb_cache\3OG7,A
1629,ThermoMPNN,3OG7,0.9837247133255005,81,Q,L,F:\GENESIS Studio\genesis-studio\packages\engines-py\.pdb_cache\3OG7,A
1630,ThermoMPNN,3OG7,0.32639074325561523,81,Q,M,F:\GENESIS Studio\genesis-studio\packages\engines-py\.pdb_cache\3OG7,A
1631,ThermoMPNN,3OG7,1.393061637878418,81,Q,N,F:\GENESIS Studio\genesis-studio\packages\engines-py\.pdb_cache\3OG7,A
1632,ThermoMPNN,3OG7,1.9499454498291016,81,Q,P,F:\GENESIS Studio\genesis-studio\packages\engines-py\.pdb_cache\3OG7,A
1633,ThermoMPNN,3OG7,0.0,81,Q,Q,F:\GENESIS Studio\genesis-studio\packages\engines-py\.pdb_cache\3OG7,A
1634,ThermoMPNN,3OG7,1.6083719730377197,81,Q,R,F:\GENESIS Studio\genesis-studio\packages\engines-py\.pdb_cache\3OG7,A
1635,ThermoMPNN,3OG7,0.6929157376289368,81,Q,S,F:\GENESIS Studio\genesis-studio\packages\engines-py\.pdb_cache\3OG7,A
1636,ThermoMPNN,3OG7,0.5934923887252808,81,Q,T,F:\GENESIS Studio\genesis-studio\packages\engines-py\.pdb_cache\3OG7,A
1637,ThermoMPNN,3OG7,0.7961660027503967,81,Q,V,F:\GENESIS Studio\genesis-studio\packages\engines-py\.pdb_cache\3OG7,A
1638,ThermoMPNN,3OG7,0.8183612823486328,81,Q,W,F:\GENESIS Studio\genesis-studio\packages\engines-py\.pdb_cache\3OG7,A
1639,ThermoMPNN,3OG7,0.7199423313140869,81,Q,Y,F:\GENESIS Studio\genesis-studio\packages\engines-py\.pdb_cache\3OG7,A
1640,ThermoMPNN,3OG7,2.7289679050445557,82,W,A,F:\GENESIS Studio\genesis-studio\packages\engines-py\.pdb_cache\3OG7,A
1641,ThermoMPNN,3OG7,1.4997142553329468,82,W,C,F:\GENESIS Studio\genesis-studio\packages\engines-py\.pdb_cache\3OG7,A
1642,ThermoMPNN,3OG7,3.0172812938690186,82,W,D,F:\GENESIS Studio\genesis-studio\packages\engines-py\.pdb_cache\3OG7,A
1643,ThermoMPNN,3OG7,2.886655807495117,82,W,E,F:\GENESIS Studio\genesis-studio\packages\engines-py\.pdb_cache\3OG7,A
1644,ThermoMPNN,3OG7,1.1802561283111572,82,W,F,F:\GENESIS Studio\genesis-studio\packages\engines-py\.pdb_cache\3OG7,A
1645,ThermoMPNN,3OG7,2.9417989253997803,82,W,G,F:\GENESIS Studio\genesis-studio\packages\engines-py\.pdb_cache\3OG7,A
1646,ThermoMPNN,3OG7,2.301588535308838,82,W,H,F:\GENESIS Studio\genesis-studio\packages\engines-py\.pdb_cache\3OG7,A
1647,ThermoMPNN,3OG7,1.9791204929351807,82,W,I,F:\GENESIS Studio\genesis-studio\packages\engines-py\.pdb_cache\3OG7,A
1648,ThermoMPNN,3OG7,2.4614381790161133,82,W,K,F:\GENESIS Studio\genesis-studio\packages\engines-py\.pdb_cache\3OG7,A
1649,ThermoMPNN,3OG7,1.6022387742996216,82,W,L,F:\GENESIS Studio\genesis-studio\packages\engines-py\.pdb_cache\3OG7,A
1650,ThermoMPNN,3OG7,1.6649489402770996,82,W,M,F:\GENESIS Studio\genesis-studio\packages\engines-py\.pdb_cache\3OG7,A
1651,ThermoMPNN,3OG7,2.778848886489868,82,W,N,F:\GENESIS Studio\genesis-studio\packages\engines-py\.pdb_cache\3OG7,A
1652,ThermoMPNN,3OG7,2.6151888370513916,82,W,P,F:\GENESIS Studio\genesis-studio\packages\engines-py\.pdb_cache\3OG7,A
1653,ThermoMPNN,3OG7,2.4714505672454834,82,W,Q,F:\GENESIS Studio\genesis-studio\packages\engines-py\.pdb_cache\3OG7,A
1654,ThermoMPNN,3OG7,2.419752836227417,82,W,R,F:\GENESIS Studio\genesis-studio\packages\engines-py\.pdb_cache\3OG7,A
1655,ThermoMPNN,3OG7,2.546726703643799,82,W,S,F:\GENESIS Studio\genesis-studio\packages\engines-py\.pdb_cache\3OG7,A
1656,ThermoMPNN,3OG7,2.558798313140869,82,W,T,F:\GENESIS Studio\genesis-studio\packages\engines-py\.pdb_cache\3OG7,A
1657,ThermoMPNN,3OG7,2.0904431343078613,82,W,V,F:\GENESIS Studio\genesis-studio\packages\engines-py\.pdb_cache\3OG7,A
1658,ThermoMPNN,3OG7,0.0,82,W,W,F:\GENESIS Studio\genesis-studio\packages\engines-py\.pdb_cache\3OG7,A
1659,ThermoMPNN,3OG7,1.1091156005859375,82,W,Y,F:\GENESIS Studio\genesis-studio\packages\engines-py\.pdb_cache\3OG7,A
1660,ThermoMPNN,3OG7,0.5830033421516418,83,C,A,F:\GENESIS Studio\genesis-studio\packages\engines-py\.pdb_cache\3OG7,A
1661,ThermoMPNN,3OG7,0.0,83,C,C,F:\GENESIS Studio\genesis-studio\packages\engines-py\.pdb_cache\3OG7,A
1662,ThermoMPNN,3OG7,1.100181221961975,83,C,D,F:\GENESIS Studio\genesis-studio\packages\engines-py\.pdb_cache\3OG7,A
1663,ThermoMPNN,3OG7,1.070711612701416,83,C,E,F:\GENESIS Studio\genesis-studio\packages\engines-py\.pdb_cache\3OG7,A
1664,ThermoMPNN,3OG7,0.2841041684150696,83,C,F,F:\GENESIS Studio\genesis-studio\packages\engines-py\.pdb_cache\3OG7,A
1665,ThermoMPNN,3OG7,1.013504981994629,83,C,G,F:\GENESIS Studio\genesis-studio\packages\engines-py\.pdb_cache\3OG7,A
1666,ThermoMPNN,3OG7,0.9619163870811462,83,C,H,F:\GENESIS Studio\genesis-studio\packages\engines-py\.pdb_cache\3OG7,A
1667,ThermoMPNN,3OG7,-0.040517210960388184,83,C,I,F:\GENESIS Studio\genesis-studio\packages\engines-py\.pdb_cache\3OG7,A
1668,ThermoMPNN,3OG7,1.4450299739837646,83,C,K,F:\GENESIS Studio\genesis-studio\packages\engines-py\.pdb_cache\3OG7,A
1669,ThermoMPNN,3OG7,0.23869550228118896,83,C,L,F:\GENESIS Studio\genesis-studio\packages\engines-py\.pdb_cache\3OG7,A
1670,ThermoMPNN,3OG7,0.26195597648620605,83,C,M,F:\GENESIS Studio\genesis-studio\packages\engines-py\.pdb_cache\3OG7,A
1671,ThermoMPNN,3OG7,1.0865306854248047,83,C,N,F:\GENESIS Studio\genesis-studio\packages\engines-py\.pdb_cache\3OG7,A
1672,ThermoMPNN,3OG7,1.046701192855835,83,C,P,F:\GENESIS Studio\genesis-studio\packages\engines-py\.pdb_cache\3OG7,A
1673,ThermoMPNN,3OG7,1.0728733539581299,83,C,Q,F:\GENESIS Studio\genesis-studio\packages\engines-py\.pdb_cache\3OG7,A
1674,ThermoMPNN,3OG7,1.5680861473083496,83,C,R,F:\GENESIS Studio\genesis-studio\packages\engines-py\.pdb_cache\3OG7,A
1675,ThermoMPNN,3OG7,0.6262059211730957,83,C,S,F:\GENESIS Studio\genesis-studio\packages\engines-py\.pdb_cache\3OG7,A
1676,ThermoMPNN,3OG7,0.5433551669120789,83,C,T,F:\GENESIS Studio\genesis-studio\packages\engines-py\.pdb_cache\3OG7,A
1677,ThermoMPNN,3OG7,0.07163619995117188,83,C,V,F:\GENESIS Studio\genesis-studio\packages\engines-py\.pdb_cache\3OG7,A
1678,ThermoMPNN,3OG7,0.4169085621833801,83,C,W,F:\GENESIS Studio\genesis-studio\packages\engines-py\.pdb_cache\3OG7,A
1679,ThermoMPNN,3OG7,0.6060277223587036,83,C,Y,F:\GENESIS Studio\genesis-studio\packages\engines-py\.pdb_cache\3OG7,A
1680,ThermoMPNN,3OG7,0.0650516152381897,84,E,A,F:\GENESIS Studio\genesis-studio\packages\engines-py\.pdb_cache\3OG7,A
1681,ThermoMPNN,3OG7,-0.11919403076171875,84,E,C,F:\GENESIS Studio\genesis-studio\packages\engines-py\.pdb_cache\3OG7,A
1682,ThermoMPNN,3OG7,0.16961228847503662,84,E,D,F:\GENESIS Studio\genesis-studio\packages\engines-py\.pdb_cache\3OG7,A
1683,ThermoMPNN,3OG7,0.0,84,E,E,F:\GENESIS Studio\genesis-studio\packages\engines-py\.pdb_cache\3OG7,A
1684,ThermoMPNN,3OG7,0.476082980632782,84,E,F,F:\GENESIS Studio\genesis-studio\packages\engines-py\.pdb_cache\3OG7,A
1685,ThermoMPNN,3OG7,0.3596208989620209,84,E,G,F:\GENESIS Studio\genesis-studio\packages\engines-py\.pdb_cache\3OG7,A
1686,ThermoMPNN,3OG7,0.13629084825515747,84,E,H,F:\GENESIS Studio\genesis-studio\packages\engines-py\.pdb_cache\3OG7,A
1687,ThermoMPNN,3OG7,0.3786866068840027,84,E,I,F:\GENESIS Studio\genesis-studio\packages\engines-py\.pdb_cache\3OG7,A
1688,ThermoMPNN,3OG7,0.16643846035003662,84,E,K,F:\GENESIS Studio\genesis-studio\packages\engines-py\.pdb_cache\3OG7,A
1689,ThermoMPNN,3OG7,0.2694000005722046,84,E,L,F:\GENESIS Studio\genesis-studio\packages\engines-py\.pdb_cache\3OG7,A
1690,ThermoMPNN,3OG7,0.34812748432159424,84,E,M,F:\GENESIS Studio\genesis-studio\packages\engines-py\.pdb_cache\3OG7,A
1691,ThermoMPNN,3OG7,0.08941382169723511,84,E,N,F:\GENESIS Studio\genesis-studio\packages\engines-py\.pdb_cache\3OG7,A
1692,ThermoMPNN,3OG7,-0.36322081089019775,84,E,P,F:\GENESIS Studio\genesis-studio\packages\engines-py\.pdb_cache\3OG7,A
1693,ThermoMPNN,3OG7,0.08651268482208252,84,E,Q,F:\GENESIS Studio\genesis-studio\packages\engines-py\.pdb_cache\3OG7,A
1694,ThermoMPNN,3OG7,0.32501816749572754,84,E,R,F:\GENESIS Studio\genesis-studio\packages\engines-py\.pdb_cache\3OG7,A
1695,ThermoMPNN,3OG7,-0.2695270776748657,84,E,S,F:\GENESIS Studio\genesis-studio\packages\engines-py\.pdb_cache\3OG7,A
1696,ThermoMPNN,3OG7,-0.10128843784332275,84,E,T,F:\GENESIS Studio\genesis-studio\packages\engines-py\.pdb_cache\3OG7,A
1697,ThermoMPNN,3OG7,0.2852364182472229,84,E,V,F:\GENESIS Studio\genesis-studio\packages\engines-py\.pdb_cache\3OG7,A
1698,ThermoMPNN,3OG7,0.5203943252563477,84,E,W,F:\GENESIS Studio\genesis-studio\packages\engines-py\.pdb_cache\3OG7,A
1699,ThermoMPNN,3OG7,0.4047625958919525,84,E,Y,F:\GENESIS Studio\genesis-studio\packages\engines-py\.pdb_cache\3OG7,A
1700,ThermoMPNN,3OG7,0.8268576860427856,85,G,A,F:\GENESIS Studio\genesis-studio\packages\engines-py\.pdb_cache\3OG7,A
1701,ThermoMPNN,3OG7,0.46909165382385254,85,G,C,F:\GENESIS Studio\genesis-studio\packages\engines-py\.pdb_cache\3OG7,A
1702,ThermoMPNN,3OG7,0.9773840308189392,85,G,D,F:\GENESIS Studio\genesis-studio\packages\engines-py\.pdb_cache\3OG7,A
1703,ThermoMPNN,3OG7,1.1127694845199585,85,G,E,F:\GENESIS Studio\genesis-studio\packages\engines-py\.pdb_cache\3OG7,A
1704,ThermoMPNN,3OG7,0.8609411120414734,85,G,F,F:\GENESIS Studio\genesis-studio\packages\engines-py\.pdb_cache\3OG7,A
1705,ThermoMPNN,3OG7,0.0,85,G,G,F:\GENESIS Studio\genesis-studio\packages\engines-py\.pdb_cache\3OG7,A
1706,ThermoMPNN,3OG7,0.8463461995124817,85,G,H,F:\GENESIS Studio\genesis-studio\packages\engines-py\.pdb_cache\3OG7,A
1707,ThermoMPNN,3OG7,0.949021577835083,85,G,I,F:\GENESIS Studio\genesis-studio\packages\engines-py\.pdb_cache\3OG7,A
1708,ThermoMPNN,3OG7,0.8718073964118958,85,G,K,F:\GENESIS Studio\genesis-studio\packages\engines-py\.pdb_cache\3OG7,A
1709,ThermoMPNN,3OG7,0.7965396642684937,85,G,L,F:\GENESIS Studio\genesis-studio\packages\engines-py\.pdb_cache\3OG7,A
1710,ThermoMPNN,3OG7,0.9102585315704346,85,G,M,F:\GENESIS Studio\genesis-studio\packages\engines-py\.pdb_cache\3OG7,A
1711,ThermoMPNN,3OG7,0.6902226209640503,85,G,N,F:\GENESIS Studio\genesis-studio\packages\engines-py\.pdb_cache\3OG7,A
1712,ThermoMPNN,3OG7,1.4010210037231445,85,G,P,F:\GENESIS Studio\genesis-studio\packages\engines-py\.pdb_cache\3OG7,A
1713,ThermoMPNN,3OG7,0.989838719367981,85,G,Q,F:\GENESIS Studio\genesis-studio\packages\engines-py\.pdb_cache\3OG7,A
1714,ThermoMPNN,3OG7,0.9099221229553223,85,G,R,F:\GENESIS Studio\genesis-studio\packages\engines-py\.pdb_cache\3OG7,A
1715,ThermoMPNN,3OG7,0.7177661061286926,85,G,S,F:\GENESIS Studio\genesis-studio\packages\engines-py\.pdb_cache\3OG7,A
1716,ThermoMPNN,3OG7,0.834919810295105,85,G,T,F:\GENESIS Studio\genesis-studio\packages\engines-py\.pdb_cache\3OG7,A
1717,ThermoMPNN,3OG7,0.9902358055114746,85,G,V,F:\GENESIS Studio\genesis-studio\packages\engines-py\.pdb_cache\3OG7,A
1718,ThermoMPNN,3OG7,1.0154311656951904,85,G,W,F:\GENESIS Studio\genesis-studio\packages\engines-py\.pdb_cache\3OG7,A
1719,ThermoMPNN,3OG7,0.9565774202346802,85,G,Y,F:\GENESIS Studio\genesis-studio\packages\engines-py\.pdb_cache\3OG7,A
1720,ThermoMPNN,3OG7,-0.4170178174972534,86,S,A,F:\GENESIS Studio\genesis-studio\packages\engines-py\.pdb_cache\3OG7,A
1721,ThermoMPNN,3OG7,0.2190759778022766,86,S,C,F:\GENESIS Studio\genesis-studio\packages\engines-py\.pdb_cache\3OG7,A
1722,ThermoMPNN,3OG7,0.8630520105361938,86,S,D,F:\GENESIS Studio\genesis-studio\packages\engines-py\.pdb_cache\3OG7,A
1723,ThermoMPNN,3OG7,0.8325268030166626,86,S,E,F:\GENESIS Studio\genesis-studio\packages\engines-py\.pdb_cache\3OG7,A
1724,ThermoMPNN,3OG7,0.4583590030670166,86,S,F,F:\GENESIS Studio\genesis-studio\packages\engines-py\.pdb_cache\3OG7,A
1725,ThermoMPNN,3OG7,-0.19645380973815918,86,S,G,F:\GENESIS Studio\genesis-studio\packages\engines-py\.pdb_cache\3OG7,A
1726,ThermoMPNN,3OG7,0.37047046422958374,86,S,H,F:\GENESIS Studio\genesis-studio\packages\engines-py\.pdb_cache\3OG7,A
1727,ThermoMPNN,3OG7,0.8059014678001404,86,S,I,F:\GENESIS Studio\genesis-studio\packages\engines-py\.pdb_cache\3OG7,A
1728,ThermoMPNN,3OG7,0.2813393473625183,86,S,K,F:\GENESIS Studio\genesis-studio\packages\engines-py\.pdb_cache\3OG7,A
1729,ThermoMPNN,3OG7,0.8258501291275024,86,S,L,F:\GENESIS Studio\genesis-studio\packages\engines-py\.pdb_cache\3OG7,A
1730,ThermoMPNN,3OG7,0.2969104051589966,86,S,M,F:\GENESIS Studio\genesis-studio\packages\engines-py\.pdb_cache\3OG7,A
1731,ThermoMPNN,3OG7,0.7361236810684204,86,S,N,F:\GENESIS Studio\genesis-studio\packages\engines-py\.pdb_cache\3OG7,A
1732,ThermoMPNN,3OG7,1.3752493858337402,86,S,P,F:\GENESIS Studio\genesis-studio\packages\engines-py\.pdb_cache\3OG7,A
1733,ThermoMPNN,3OG7,0.20597320795059204,86,S,Q,F:\GENESIS Studio\genesis-studio\packages\engines-py\.pdb_cache\3OG7,A
1734,ThermoMPNN,3OG7,0.2556304335594177,86,S,R,F:\GENESIS Studio\genesis-studio\packages\engines-py\.pdb_cache\3OG7,A
1735,ThermoMPNN,3OG7,0.0,86,S,S,F:\GENESIS Studio\genesis-studio\packages\engines-py\.pdb_cache\3OG7,A
1736,ThermoMPNN,3OG7,0.5332661867141724,86,S,T,F:\GENESIS Studio\genesis-studio\packages\engines-py\.pdb_cache\3OG7,A
1737,ThermoMPNN,3OG7,0.8382675051689148,86,S,V,F:\GENESIS Studio\genesis-studio\packages\engines-py\.pdb_cache\3OG7,A
1738,ThermoMPNN,3OG7,0.48478996753692627,86,S,W,F:\GENESIS Studio\genesis-studio\packages\engines-py\.pdb_cache\3OG7,A
1739,ThermoMPNN,3OG7,0.472775399684906,86,S,Y,F:\GENESIS Studio\genesis-studio\packages\engines-py\.pdb_cache\3OG7,A
1740,ThermoMPNN,3OG7,0.8532761931419373,87,S,A,F:\GENESIS Studio\genesis-studio\packages\engines-py\.pdb_cache\3OG7,A
1741,ThermoMPNN,3OG7,0.8572279214859009,87,S,C,F:\GENESIS Studio\genesis-studio\packages\engines-py\.pdb_cache\3OG7,A
1742,ThermoMPNN,3OG7,0.7931238412857056,87,S,D,F:\GENESIS Studio\genesis-studio\packages\engines-py\.pdb_cache\3OG7,A
1743,ThermoMPNN,3OG7,1.5533854961395264,87,S,E,F:\GENESIS Studio\genesis-studio\packages\engines-py\.pdb_cache\3OG7,A
1744,ThermoMPNN,3OG7,1.6362836360931396,87,S,F,F:\GENESIS Studio\genesis-studio\packages\engines-py\.pdb_cache\3OG7,A
1745,ThermoMPNN,3OG7,0.9096633195877075,87,S,G,F:\GENESIS Studio\genesis-studio\packages\engines-py\.pdb_cache\3OG7,A
1746,ThermoMPNN,3OG7,1.651390790939331,87,S,H,F:\GENESIS Studio\genesis-studio\packages\engines-py\.pdb_cache\3OG7,A
1747,ThermoMPNN,3OG7,1.6555564403533936,87,S,I,F:\GENESIS Studio\genesis-studio\packages\engines-py\.pdb_cache\3OG7,A
1748,ThermoMPNN,3OG7,1.7345750331878662,87,S,K,F:\GENESIS Studio\genesis-studio\packages\engines-py\.pdb_cache\3OG7,A
1749,ThermoMPNN,3OG7,1.6292400360107422,87,S,L,F:\GENESIS Studio\genesis-studio\packages\engines-py\.pdb_cache\3OG7,A
1750,ThermoMPNN,3OG7,1.382320761680603,87,S,M,F:\GENESIS Studio\genesis-studio\packages\engines-py\.pdb_cache\3OG7,A
1751,ThermoMPNN,3OG7,0.9491091966629028,87,S,N,F:\GENESIS Studio\genesis-studio\packages\engines-py\.pdb_cache\3OG7,A
1752,ThermoMPNN,3OG7,1.640758991241455,87,S,P,F:\GENESIS Studio\genesis-studio\packages\engines-py\.pdb_cache\3OG7,A
1753,ThermoMPNN,3OG7,1.6020795106887817,87,S,Q,F:\GENESIS Studio\genesis-studio\packages\engines-py\.pdb_cache\3OG7,A
1754,ThermoMPNN,3OG7,1.6483432054519653,87,S,R,F:\GENESIS Studio\genesis-studio\packages\engines-py\.pdb_cache\3OG7,A
1755,ThermoMPNN,3OG7,0.0,87,S,S,F:\GENESIS Studio\genesis-studio\packages\engines-py\.pdb_cache\3OG7,A
1756,ThermoMPNN,3OG7,0.05022120475769043,87,S,T,F:\GENESIS Studio\genesis-studio\packages\engines-py\.pdb_cache\3OG7,A
1757,ThermoMPNN,3OG7,1.6562010049819946,87,S,V,F:\GENESIS Studio\genesis-studio\packages\engines-py\.pdb_cache\3OG7,A
1758,ThermoMPNN,3OG7,1.640030026435852,87,S,W,F:\GENESIS Studio\genesis-studio\packages\engines-py\.pdb_cache\3OG7,A
1759,ThermoMPNN,3OG7,1.8000177145004272,87,S,Y,F:\GENESIS Studio\genesis-studio\packages\engines-py\.pdb_cache\3OG7,A
1760,ThermoMPNN,3OG7,2.4952750205993652,88,L,A,F:\GENESIS Studio\genesis-studio\packages\engines-py\.pdb_cache\3OG7,A
1761,ThermoMPNN,3OG7,1.7115662097930908,88,L,C,F:\GENESIS Studio\genesis-studio\packages\engines-py\.pdb_cache\3OG7,A
1762,ThermoMPNN,3OG7,3.2810893058776855,88,L,D,F:\GENESIS Studio\genesis-studio\packages\engines-py\.pdb_cache\3OG7,A
1763,ThermoMPNN,3OG7,3.096684694290161,88,L,E,F:\GENESIS Studio\genesis-studio\packages\engines-py\.pdb_cache\3OG7,A
1764,ThermoMPNN,3OG7,2.0015599727630615,88,L,F,F:\GENESIS Studio\genesis-studio\packages\engines-py\.pdb_cache\3OG7,A
1765,ThermoMPNN,3OG7,3.057706594467163,88,L,G,F:\GENESIS Studio\genesis-studio\packages\engines-py\.pdb_cache\3OG7,A
1766,ThermoMPNN,3OG7,3.265334129333496,88,L,H,F:\GENESIS Studio\genesis-studio\packages\engines-py\.pdb_cache\3OG7,A
1767,ThermoMPNN,3OG7,1.2838088274002075,88,L,I,F:\GENESIS Studio\genesis-studio\packages\engines-py\.pdb_cache\3OG7,A
1768,ThermoMPNN,3OG7,3.0025863647460938,88,L,K,F:\GENESIS Studio\genesis-studio\packages\engines-py\.pdb_cache\3OG7,A
1769,ThermoMPNN,3OG7,0.0,88,L,L,F:\GENESIS Studio\genesis-studio\packages\engines-py\.pdb_cache\3OG7,A
1770,ThermoMPNN,3OG7,1.3581633567810059,88,L,M,F:\GENESIS Studio\genesis-studio\packages\engines-py\.pdb_cache\3OG7,A
1771,ThermoMPNN,3OG7,3.270059585571289,88,L,N,F:\GENESIS Studio\genesis-studio\packages\engines-py\.pdb_cache\3OG7,A
1772,ThermoMPNN,3OG7,3.1964728832244873,88,L,P,F:\GENESIS Studio\genesis-studio\packages\engines-py\.pdb_cache\3OG7,A
1773,ThermoMPNN,3OG7,3.17248797416687,88,L,Q,F:\GENESIS Studio\genesis-studio\packages\engines-py\.pdb_cache\3OG7,A
1774,ThermoMPNN,3OG7,3.076399564743042,88,L,R,F:\GENESIS Studio\genesis-studio\packages\engines-py\.pdb_cache\3OG7,A
1775,ThermoMPNN,3OG7,3.143047571182251,88,L,S,F:\GENESIS Studio\genesis-studio\packages\engines-py\.pdb_cache\3OG7,A
1776,ThermoMPNN,3OG7,3.0362277030944824,88,L,T,F:\GENESIS Studio\genesis-studio\packages\engines-py\.pdb_cache\3OG7,A
1777,ThermoMPNN,3OG7,1.8055713176727295,88,L,V,F:\GENESIS Studio\genesis-studio\packages\engines-py\.pdb_cache\3OG7,A
1778,ThermoMPNN,3OG7,2.5381650924682617,88,L,W,F:\GENESIS Studio\genesis-studio\packages\engines-py\.pdb_cache\3OG7,A
1779,ThermoMPNN,3OG7,2.6253068447113037,88,L,Y,F:\GENESIS Studio\genesis-studio\packages\engines-py\.pdb_cache\3OG7,A
1780,ThermoMPNN,3OG7,1.9581263065338135,89,Y,A,F:\GENESIS Studio\genesis-studio\packages\engines-py\.pdb_cache\3OG7,A
1781,ThermoMPNN,3OG7,1.4519389867782593,89,Y,C,F:\GENESIS Studio\genesis-studio\packages\engines-py\.pdb_cache\3OG7,A
1782,ThermoMPNN,3OG7,2.773879051208496,89,Y,D,F:\GENESIS Studio\genesis-studio\packages\engines-py\.pdb_cache\3OG7,A
1783,ThermoMPNN,3OG7,2.3588037490844727,89,Y,E,F:\GENESIS Studio\genesis-studio\packages\engines-py\.pdb_cache\3OG7,A
1784,ThermoMPNN,3OG7,0.5213813781738281,89,Y,F,F:\GENESIS Studio\genesis-studio\packages\engines-py\.pdb_cache\3OG7,A
1785,ThermoMPNN,3OG7,2.591360092163086,89,Y,G,F:\GENESIS Studio\genesis-studio\packages\engines-py\.pdb_cache\3OG7,A
1786,ThermoMPNN,3OG7,1.4676697254180908,89,Y,H,F:\GENESIS Studio\genesis-studio\packages\engines-py\.pdb_cache\3OG7,A
1787,ThermoMPNN,3OG7,1.9156293869018555,89,Y,I,F:\GENESIS Studio\genesis-studio\packages\engines-py\.pdb_cache\3OG7,A
1788,ThermoMPNN,3OG7,2.066150188446045,89,Y,K,F:\GENESIS Studio\genesis-studio\packages\engines-py\.pdb_cache\3OG7,A
1789,ThermoMPNN,3OG7,1.6384748220443726,89,Y,L,F:\GENESIS Studio\genesis-studio\packages\engines-py\.pdb_cache\3OG7,A
1790,ThermoMPNN,3OG7,1.6904628276824951,89,Y,M,F:\GENESIS Studio\genesis-studio\packages\engines-py\.pdb_cache\3OG7,A
1791,ThermoMPNN,3OG7,2.401215076446533,89,Y,N,F:\GENESIS Studio\genesis-studio\packages\engines-py\.pdb_cache\3OG7,A
1792,ThermoMPNN,3OG7,3.260584831237793,89,Y,P,F:\GENESIS Studio\genesis-studio\packages\engines-py\.pdb_cache\3OG7,A
1793,ThermoMPNN,3OG7,2.196329355239868,89,Y,Q,F:\GENESIS Studio\genesis-studio\packages\engines-py\.pdb_cache\3OG7,A
1794,ThermoMPNN,3OG7,1.7264896631240845,89,Y,R,F:\GENESIS Studio\genesis-studio\packages\engines-py\.pdb_cache\3OG7,A
1795,ThermoMPNN,3OG7,2.490946054458618,89,Y,S,F:\GENESIS Studio\genesis-studio\packages\engines-py\.pdb_cache\3OG7,A
1796,ThermoMPNN,3OG7,2.53543758392334,89,Y,T,F:\GENESIS Studio\genesis-studio\packages\engines-py\.pdb_cache\3OG7,A
1797,ThermoMPNN,3OG7,2.0541152954101562,89,Y,V,F:\GENESIS Studio\genesis-studio\packages\engines-py\.pdb_cache\3OG7,A
1798,ThermoMPNN,3OG7,0.6853427886962891,89,Y,W,F:\GENESIS Studio\genesis-studio\packages\engines-py\.pdb_cache\3OG7,A
1799,ThermoMPNN,3OG7,0.0,89,Y,Y,F:\GENESIS Studio\genesis-studio\packages\engines-py\.pdb_cache\3OG7,A
1800,ThermoMPNN,3OG7,0.25881022214889526,90,H,A,F:\GENESIS Studio\genesis-studio\packages\engines-py\.pdb_cache\3OG7,A
1801,ThermoMPNN,3OG7,-0.06148326396942139,90,H,C,F:\GENESIS Studio\genesis-studio\packages\engines-py\.pdb_cache\3OG7,A
1802,ThermoMPNN,3OG7,0.03538215160369873,90,H,D,F:\GENESIS Studio\genesis-studio\packages\engines-py\.pdb_cache\3OG7,A
1803,ThermoMPNN,3OG7,-0.008541464805603027,90,H,E,F:\GENESIS Studio\genesis-studio\packages\engines-py\.pdb_cache\3OG7,A
1804,ThermoMPNN,3OG7,0.27118223905563354,90,H,F,F:\GENESIS Studio\genesis-studio\packages\engines-py\.pdb_cache\3OG7,A
1805,ThermoMPNN,3OG7,0.9074954986572266,90,H,G,F:\GENESIS Studio\genesis-studio\packages\engines-py\.pdb_cache\3OG7,A
1806,ThermoMPNN,3OG7,0.0,90,H,H,F:\GENESIS Studio\genesis-studio\packages\engines-py\.pdb_cache\3OG7,A
1807,ThermoMPNN,3OG7,0.2737075090408325,90,H,I,F:\GENESIS Studio\genesis-studio\packages\engines-py\.pdb_cache\3OG7,A
1808,ThermoMPNN,3OG7,0.31194841861724854,90,H,K,F:\GENESIS Studio\genesis-studio\packages\engines-py\.pdb_cache\3OG7,A
1809,ThermoMPNN,3OG7,0.256852388381958,90,H,L,F:\GENESIS Studio\genesis-studio\packages\engines-py\.pdb_cache\3OG7,A
1810,ThermoMPNN,3OG7,0.19597011804580688,90,H,M,F:\GENESIS Studio\genesis-studio\packages\engines-py\.pdb_cache\3OG7,A
1811,ThermoMPNN,3OG7,0.1232290267944336,90,H,N,F:\GENESIS Studio\genesis-studio\packages\engines-py\.pdb_cache\3OG7,A
1812,ThermoMPNN,3OG7,3.2790393829345703,90,H,P,F:\GENESIS Studio\genesis-studio\packages\engines-py\.pdb_cache\3OG7,A
1813,ThermoMPNN,3OG7,-0.07480478286743164,90,H,Q,F:\GENESIS Studio\genesis-studio\packages\engines-py\.pdb_cache\3OG7,A
1814,ThermoMPNN,3OG7,0.17918014526367188,90,H,R,F:\GENESIS Studio\genesis-studio\packages\engines-py\.pdb_cache\3OG7,A
1815,ThermoMPNN,3OG7,0.3192027807235718,90,H,S,F:\GENESIS Studio\genesis-studio\packages\engines-py\.pdb_cache\3OG7,A
1816,ThermoMPNN,3OG7,0.24842435121536255,90,H,T,F:\GENESIS Studio\genesis-studio\packages\engines-py\.pdb_cache\3OG7,A
1817,ThermoMPNN,3OG7,0.21281558275222778,90,H,V,F:\GENESIS Studio\genesis-studio\packages\engines-py\.pdb_cache\3OG7,A
1818,ThermoMPNN,3OG7,0.30198973417282104,90,H,W,F:\GENESIS Studio\genesis-studio\packages\engines-py\.pdb_cache\3OG7,A
1819,ThermoMPNN,3OG7,0.21023762226104736,90,H,Y,F:\GENESIS Studio\genesis-studio\packages\engines-py\.pdb_cache\3OG7,A
1820,ThermoMPNN,3OG7,1.0485645532608032,91,H,A,F:\GENESIS Studio\genesis-studio\packages\engines-py\.pdb_cache\3OG7,A
1821,ThermoMPNN,3OG7,0.7371041774749756,91,H,C,F:\GENESIS Studio\genesis-studio\packages\engines-py\.pdb_cache\3OG7,A
1822,ThermoMPNN,3OG7,2.369570255279541,91,H,D,F:\GENESIS Studio\genesis-studio\packages\engines-py\.pdb_cache\3OG7,A
1823,ThermoMPNN,3OG7,2.109572649002075,91,H,E,F:\GENESIS Studio\genesis-studio\packages\engines-py\.pdb_cache\3OG7,A
1824,ThermoMPNN,3OG7,0.6810910701751709,91,H,F,F:\GENESIS Studio\genesis-studio\packages\engines-py\.pdb_cache\3OG7,A
1825,ThermoMPNN,3OG7,2.2113442420959473,91,H,G,F:\GENESIS Studio\genesis-studio\packages\engines-py\.pdb_cache\3OG7,A
1826,ThermoMPNN,3OG7,0.0,91,H,H,F:\GENESIS Studio\genesis-studio\packages\engines-py\.pdb_cache\3OG7,A
1827,ThermoMPNN,3OG7,0.4346175193786621,91,H,I,F:\GENESIS Studio\genesis-studio\packages\engines-py\.pdb_cache\3OG7,A
1828,ThermoMPNN,3OG7,0.6728856563568115,91,H,K,F:\GENESIS Studio\genesis-studio\packages\engines-py\.pdb_cache\3OG7,A
1829,ThermoMPNN,3OG7,1.0415644645690918,91,H,L,F:\GENESIS Studio\genesis-studio\packages\engines-py\.pdb_cache\3OG7,A
1830,ThermoMPNN,3OG7,0.9185695648193359,91,H,M,F:\GENESIS Studio\genesis-studio\packages\engines-py\.pdb_cache\3OG7,A
1831,ThermoMPNN,3OG7,1.3522658348083496,91,H,N,F:\GENESIS Studio\genesis-studio\packages\engines-py\.pdb_cache\3OG7,A
1832,ThermoMPNN,3OG7,2.400444269180298,91,H,P,F:\GENESIS Studio\genesis-studio\packages\engines-py\.pdb_cache\3OG7,A
1833,ThermoMPNN,3OG7,1.0037212371826172,91,H,Q,F:\GENESIS Studio\genesis-studio\packages\engines-py\.pdb_cache\3OG7,A
1834,ThermoMPNN,3OG7,0.42850160598754883,91,H,R,F:\GENESIS Studio\genesis-studio\packages\engines-py\.pdb_cache\3OG7,A
1835,ThermoMPNN,3OG7,1.2591089010238647,91,H,S,F:\GENESIS Studio\genesis-studio\packages\engines-py\.pdb_cache\3OG7,A
1836,ThermoMPNN,3OG7,1.5310494899749756,91,H,T,F:\GENESIS Studio\genesis-studio\packages\engines-py\.pdb_cache\3OG7,A
1837,ThermoMPNN,3OG7,0.7428052425384521,91,H,V,F:\GENESIS Studio\genesis-studio\packages\engines-py\.pdb_cache\3OG7,A
1838,ThermoMPNN,3OG7,0.674358606338501,91,H,W,F:\GENESIS Studio\genesis-studio\packages\engines-py\.pdb_cache\3OG7,A
1839,ThermoMPNN,3OG7,0.09021139144897461,91,H,Y,F:\GENESIS Studio\genesis-studio\packages\engines-py\.pdb_cache\3OG7,A
1840,ThermoMPNN,3OG7,2.0454001426696777,92,L,A,F:\GENESIS Studio\genesis-studio\packages\engines-py\.pdb_cache\3OG7,A
1841,ThermoMPNN,3OG7,1.2264337539672852,92,L,C,F:\GENESIS Studio\genesis-studio\packages\engines-py\.pdb_cache\3OG7,A
1842,ThermoMPNN,3OG7,3.1790215969085693,92,L,D,F:\GENESIS Studio\genesis-studio\packages\engines-py\.pdb_cache\3OG7,A
1843,ThermoMPNN,3OG7,2.984830856323242,92,L,E,F:\GENESIS Studio\genesis-studio\packages\engines-py\.pdb_cache\3OG7,A
1844,ThermoMPNN,3OG7,1.8350152969360352,92,L,F,F:\GENESIS Studio\genesis-studio\packages\engines-py\.pdb_cache\3OG7,A
1845,ThermoMPNN,3OG7,2.5765790939331055,92,L,G,F:\GENESIS Studio\genesis-studio\packages\engines-py\.pdb_cache\3OG7,A
1846,ThermoMPNN,3OG7,2.6791141033172607,92,L,H,F:\GENESIS Studio\genesis-studio\packages\engines-py\.pdb_cache\3OG7,A
1847,ThermoMPNN,3OG7,0.560185432434082,92,L,I,F:\GENESIS Studio\genesis-studio\packages\engines-py\.pdb_cache\3OG7,A
1848,ThermoMPNN,3OG7,2.4650535583496094,92,L,K,F:\GENESIS Studio\genesis-studio\packages\engines-py\.pdb_cache\3OG7,A
1849,ThermoMPNN,3OG7,0.0,92,L,L,F:\GENESIS Studio\genesis-studio\packages\engines-py\.pdb_cache\3OG7,A
1850,ThermoMPNN,3OG7,1.1648237705230713,92,L,M,F:\GENESIS Studio\genesis-studio\packages\engines-py\.pdb_cache\3OG7,A
1851,ThermoMPNN,3OG7,2.6867003440856934,92,L,N,F:\GENESIS Studio\genesis-studio\packages\engines-py\.pdb_cache\3OG7,A
1852,ThermoMPNN,3OG7,2.9637506008148193,92,L,P,F:\GENESIS Studio\genesis-studio\packages\engines-py\.pdb_cache\3OG7,A
1853,ThermoMPNN,3OG7,2.7173657417297363,92,L,Q,F:\GENESIS Studio\genesis-studio\packages\engines-py\.pdb_cache\3OG7,A
1854,ThermoMPNN,3OG7,2.437242031097412,92,L,R,F:\GENESIS Studio\genesis-studio\packages\engines-py\.pdb_cache\3OG7,A
1855,ThermoMPNN,3OG7,2.4252233505249023,92,L,S,F:\GENESIS Studio\genesis-studio\packages\engines-py\.pdb_cache\3OG7,A
1856,ThermoMPNN,3OG7,2.0011343955993652,92,L,T,F:\GENESIS Studio\genesis-studio\packages\engines-py\.pdb_cache\3OG7,A
1857,ThermoMPNN,3OG7,0.7438995838165283,92,L,V,F:\GENESIS Studio\genesis-studio\packages\engines-py\.pdb_cache\3OG7,A
1858,ThermoMPNN,3OG7,2.0239109992980957,92,L,W,F:\GENESIS Studio\genesis-studio\packages\engines-py\.pdb_cache\3OG7,A
1859,ThermoMPNN,3OG7,2.0223095417022705,92,L,Y,F:\GENESIS Studio\genesis-studio\packages\engines-py\.pdb_cache\3OG7,A
1860,ThermoMPNN,3OG7,0.445257306098938,93,H,A,F:\GENESIS Studio\genesis-studio\packages\engines-py\.pdb_cache\3OG7,A
1861,ThermoMPNN,3OG7,0.0949321985244751,93,H,C,F:\GENESIS Studio\genesis-studio\packages\engines-py\.pdb_cache\3OG7,A
1862,ThermoMPNN,3OG7,1.2272603511810303,93,H,D,F:\GENESIS Studio\genesis-studio\packages\engines-py\.pdb_cache\3OG7,A
1863,ThermoMPNN,3OG7,1.121922492980957,93,H,E,F:\GENESIS Studio\genesis-studio\packages\engines-py\.pdb_cache\3OG7,A
1864,ThermoMPNN,3OG7,0.31171196699142456,93,H,F,F:\GENESIS Studio\genesis-studio\packages\engines-py\.pdb_cache\3OG7,A
1865,ThermoMPNN,3OG7,0.9219676852226257,93,H,G,F:\GENESIS Studio\genesis-studio\packages\engines-py\.pdb_cache\3OG7,A
1866,ThermoMPNN,3OG7,0.0,93,H,H,F:\GENESIS Studio\genesis-studio\packages\engines-py\.pdb_cache\3OG7,A
1867,ThermoMPNN,3OG7,0.2023676633834839,93,H,I,F:\GENESIS Studio\genesis-studio\packages\engines-py\.pdb_cache\3OG7,A
1868,ThermoMPNN,3OG7,0.5307781100273132,93,H,K,F:\GENESIS Studio\genesis-studio\packages\engines-py\.pdb_cache\3OG7,A
1869,ThermoMPNN,3OG7,0.42075812816619873,93,H,L,F:\GENESIS Studio\genesis-studio\packages\engines-py\.pdb_cache\3OG7,A
1870,ThermoMPNN,3OG7,0.3513464331626892,93,H,M,F:\GENESIS Studio\genesis-studio\packages\engines-py\.pdb_cache\3OG7,A
1871,ThermoMPNN,3OG7,0.5562962293624878,93,H,N,F:\GENESIS Studio\genesis-studio\packages\engines-py\.pdb_cache\3OG7,A
1872,ThermoMPNN,3OG7,1.0531467199325562,93,H,P,F:\GENESIS Studio\genesis-studio\packages\engines-py\.pdb_cache\3OG7,A
1873,ThermoMPNN,3OG7,0.7244611978530884,93,H,Q,F:\GENESIS Studio\genesis-studio\packages\engines-py\.pdb_cache\3OG7,A
1874,ThermoMPNN,3OG7,0.27965211868286133,93,H,R,F:\GENESIS Studio\genesis-studio\packages\engines-py\.pdb_cache\3OG7,A
1875,ThermoMPNN,3OG7,0.4277382493019104,93,H,S,F:\GENESIS Studio\genesis-studio\packages\engines-py\.pdb_cache\3OG7,A
1876,ThermoMPNN,3OG7,0.3855913281440735,93,H,T,F:\GENESIS Studio\genesis-studio\packages\engines-py\.pdb_cache\3OG7,A
1877,ThermoMPNN,3OG7,0.21591317653656006,93,H,V,F:\GENESIS Studio\genesis-studio\packages\engines-py\.pdb_cache\3OG7,A
1878,ThermoMPNN,3OG7,0.4707728624343872,93,H,W,F:\GENESIS Studio\genesis-studio\packages\engines-py\.pdb_cache\3OG7,A
1879,ThermoMPNN,3OG7,0.12680399417877197,93,H,Y,F:\GENESIS Studio\genesis-studio\packages\engines-py\.pdb_cache\3OG7,A
1880,ThermoMPNN,3OG7,0.0,94,A,A,F:\GENESIS Studio\genesis-studio\packages\engines-py\.pdb_cache\3OG7,A
1881,ThermoMPNN,3OG7,-0.6226538419723511,94,A,C,F:\GENESIS Studio\genesis-studio\packages\engines-py\.pdb_cache\3OG7,A
1882,ThermoMPNN,3OG7,0.0032945871353149414,94,A,D,F:\GENESIS Studio\genesis-studio\packages\engines-py\.pdb_cache\3OG7,A
1883,ThermoMPNN,3OG7,-0.279860258102417,94,A,E,F:\GENESIS Studio\genesis-studio\packages\engines-py\.pdb_cache\3OG7,A
1884,ThermoMPNN,3OG7,-0.04728233814239502,94,A,F,F:\GENESIS Studio\genesis-studio\packages\engines-py\.pdb_cache\3OG7,A
1885,ThermoMPNN,3OG7,0.2743820250034332,94,A,G,F:\GENESIS Studio\genesis-studio\packages\engines-py\.pdb_cache\3OG7,A
1886,ThermoMPNN,3OG7,-0.1412007212638855,94,A,H,F:\GENESIS Studio\genesis-studio\packages\engines-py\.pdb_cache\3OG7,A
1887,ThermoMPNN,3OG7,-0.22911876440048218,94,A,I,F:\GENESIS Studio\genesis-studio\packages\engines-py\.pdb_cache\3OG7,A
1888,ThermoMPNN,3OG7,-0.13208061456680298,94,A,K,F:\GENESIS Studio\genesis-studio\packages\engines-py\.pdb_cache\3OG7,A
1889,ThermoMPNN,3OG7,-0.38874197006225586,94,A,L,F:\GENESIS Studio\genesis-studio\packages\engines-py\.pdb_cache\3OG7,A
1890,ThermoMPNN,3OG7,-0.35140252113342285,94,A,M,F:\GENESIS Studio\genesis-studio\packages\engines-py\.pdb_cache\3OG7,A
1891,ThermoMPNN,3OG7,-0.21308821439743042,94,A,N,F:\GENESIS Studio\genesis-studio\packages\engines-py\.pdb_cache\3OG7,A
1892,ThermoMPNN,3OG7,1.653368592262268,94,A,P,F:\GENESIS Studio\genesis-studio\packages\engines-py\.pdb_cache\3OG7,A
1893,ThermoMPNN,3OG7,-0.17911189794540405,94,A,Q,F:\GENESIS Studio\genesis-studio\packages\engines-py\.pdb_cache\3OG7,A
1894,ThermoMPNN,3OG7,-0.11565285921096802,94,A,R,F:\GENESIS Studio\genesis-studio\packages\engines-py\.pdb_cache\3OG7,A
1895,ThermoMPNN,3OG7,0.01003652811050415,94,A,S,F:\GENESIS Studio\genesis-studio\packages\engines-py\.pdb_cache\3OG7,A
1896,ThermoMPNN,3OG7,-0.027381300926208496,94,A,T,F:\GENESIS Studio\genesis-studio\packages\engines-py\.pdb_cache\3OG7,A
1897,ThermoMPNN,3OG7,-0.23328471183776855,94,A,V,F:\GENESIS Studio\genesis-studio\packages\engines-py\.pdb_cache\3OG7,A
1898,ThermoMPNN,3OG7,0.22249656915664673,94,A,W,F:\GENESIS Studio\genesis-studio\packages\engines-py\.pdb_cache\3OG7,A
1899,ThermoMPNN,3OG7,0.13850772380828857,94,A,Y,F:\GENESIS Studio\genesis-studio\packages\engines-py\.pdb_cache\3OG7,A
1900,ThermoMPNN,3OG7,0.010659456253051758,95,S,A,F:\GENESIS Studio\genesis-studio\packages\engines-py\.pdb_cache\3OG7,A
1901,ThermoMPNN,3OG7,-0.08058285713195801,95,S,C,F:\GENESIS Studio\genesis-studio\packages\engines-py\.pdb_cache\3OG7,A
1902,ThermoMPNN,3OG7,0.16715693473815918,95,S,D,F:\GENESIS Studio\genesis-studio\packages\engines-py\.pdb_cache\3OG7,A
1903,ThermoMPNN,3OG7,0.1177549958229065,95,S,E,F:\GENESIS Studio\genesis-studio\packages\engines-py\.pdb_cache\3OG7,A
1904,ThermoMPNN,3OG7,0.1952919363975525,95,S,F,F:\GENESIS Studio\genesis-studio\packages\engines-py\.pdb_cache\3OG7,A
1905,ThermoMPNN,3OG7,0.174510657787323,95,S,G,F:\GENESIS Studio\genesis-studio\packages\engines-py\.pdb_cache\3OG7,A
1906,ThermoMPNN,3OG7,0.08451831340789795,95,S,H,F:\GENESIS Studio\genesis-studio\packages\engines-py\.pdb_cache\3OG7,A
1907,ThermoMPNN,3OG7,0.24030810594558716,95,S,I,F:\GENESIS Studio\genesis-studio\packages\engines-py\.pdb_cache\3OG7,A
1908,ThermoMPNN,3OG7,-0.007525265216827393,95,S,K,F:\GENESIS Studio\genesis-studio\packages\engines-py\.pdb_cache\3OG7,A
1909,ThermoMPNN,3OG7,0.07363671064376831,95,S,L,F:\GENESIS Studio\genesis-studio\packages\engines-py\.pdb_cache\3OG7,A
1910,ThermoMPNN,3OG7,0.07077610492706299,95,S,M,F:\GENESIS Studio\genesis-studio\packages\engines-py\.pdb_cache\3OG7,A
1911,ThermoMPNN,3OG7,-0.10323578119277954,95,S,N,F:\GENESIS Studio\genesis-studio\packages\engines-py\.pdb_cache\3OG7,A
1912,ThermoMPNN,3OG7,1.0623819828033447,95,S,P,F:\GENESIS Studio\genesis-studio\packages\engines-py\.pdb_cache\3OG7,A
1913,ThermoMPNN,3OG7,0.08261275291442871,95,S,Q,F:\GENESIS Studio\genesis-studio\packages\engines-py\.pdb_cache\3OG7,A
1914,ThermoMPNN,3OG7,0.03823894262313843,95,S,R,F:\GENESIS Studio\genesis-studio\packages\engines-py\.pdb_cache\3OG7,A
1915,ThermoMPNN,3OG7,0.0,95,S,S,F:\GENESIS Studio\genesis-studio\packages\engines-py\.pdb_cache\3OG7,A
1916,ThermoMPNN,3OG7,0.1095849871635437,95,S,T,F:\GENESIS Studio\genesis-studio\packages\engines-py\.pdb_cache\3OG7,A
1917,ThermoMPNN,3OG7,0.33391404151916504,95,S,V,F:\GENESIS Studio\genesis-studio\packages\engines-py\.pdb_cache\3OG7,A
1918,ThermoMPNN,3OG7,0.27913761138916016,95,S,W,F:\GENESIS Studio\genesis-studio\packages\engines-py\.pdb_cache\3OG7,A
1919,ThermoMPNN,3OG7,0.21996718645095825,95,S,Y,F:\GENESIS Studio\genesis-studio\packages\engines-py\.pdb_cache\3OG7,A
1920,ThermoMPNN,3OG7,1.2299636602401733,99,F,A,F:\GENESIS Studio\genesis-studio\packages\engines-py\.pdb_cache\3OG7,A
1921,ThermoMPNN,3OG7,0.7159879803657532,99,F,C,F:\GENESIS Studio\genesis-studio\packages\engines-py\.pdb_cache\3OG7,A
1922,ThermoMPNN,3OG7,1.7404989004135132,99,F,D,F:\GENESIS Studio\genesis-studio\packages\engines-py\.pdb_cache\3OG7,A
1923,ThermoMPNN,3OG7,1.6007969379425049,99,F,E,F:\GENESIS Studio\genesis-studio\packages\engines-py\.pdb_cache\3OG7,A
1924,ThermoMPNN,3OG7,0.0,99,F,F,F:\GENESIS Studio\genesis-studio\packages\engines-py\.pdb_cache\3OG7,A
1925,ThermoMPNN,3OG7,1.3956503868103027,99,F,G,F:\GENESIS Studio\genesis-studio\packages\engines-py\.pdb_cache\3OG7,A
1926,ThermoMPNN,3OG7,1.281264066696167,99,F,H,F:\GENESIS Studio\genesis-studio\packages\engines-py\.pdb_cache\3OG7,A
1927,ThermoMPNN,3OG7,0.7411081790924072,99,F,I,F:\GENESIS Studio\genesis-studio\packages\engines-py\.pdb_cache\3OG7,A
1928,ThermoMPNN,3OG7,1.4366686344146729,99,F,K,F:\GENESIS Studio\genesis-studio\packages\engines-py\.pdb_cache\3OG7,A
1929,ThermoMPNN,3OG7,0.6776334047317505,99,F,L,F:\GENESIS Studio\genesis-studio\packages\engines-py\.pdb_cache\3OG7,A
1930,ThermoMPNN,3OG7,0.7005523443222046,99,F,M,F:\GENESIS Studio\genesis-studio\packages\engines-py\.pdb_cache\3OG7,A
1931,ThermoMPNN,3OG7,1.649401307106018,99,F,N,F:\GENESIS Studio\genesis-studio\packages\engines-py\.pdb_cache\3OG7,A
1932,ThermoMPNN,3OG7,1.3030191659927368,99,F,P,F:\GENESIS Studio\genesis-studio\packages\engines-py\.pdb_cache\3OG7,A
1933,ThermoMPNN,3OG7,1.476032018661499,99,F,Q,F:\GENESIS Studio\genesis-studio\packages\engines-py\.pdb_cache\3OG7,A
1934,ThermoMPNN,3OG7,1.386572003364563,99,F,R,F:\GENESIS Studio\genesis-studio\packages\engines-py\.pdb_cache\3OG7,A
1935,ThermoMPNN,3OG7,1.501053810119629,99,F,S,F:\GENESIS Studio\genesis-studio\packages\engines-py\.pdb_cache\3OG7,A
1936,ThermoMPNN,3OG7,1.4754672050476074,99,F,T,F:\GENESIS Studio\genesis-studio\packages\engines-py\.pdb_cache\3OG7,A
1937,ThermoMPNN,3OG7,0.9771057963371277,99,F,V,F:\GENESIS Studio\genesis-studio\packages\engines-py\.pdb_cache\3OG7,A
1938,ThermoMPNN,3OG7,0.5789612531661987,99,F,W,F:\GENESIS Studio\genesis-studio\packages\engines-py\.pdb_cache\3OG7,A
1939,ThermoMPNN,3OG7,0.4584239721298218,99,F,Y,F:\GENESIS Studio\genesis-studio\packages\engines-py\.pdb_cache\3OG7,A
1940,ThermoMPNN,3OG7,-0.012060999870300293,100,E,A,F:\GENESIS Studio\genesis-studio\packages\engines-py\.pdb_cache\3OG7,A
1941,ThermoMPNN,3OG7,-0.16934174299240112,100,E,C,F:\GENESIS Studio\genesis-studio\packages\engines-py\.pdb_cache\3OG7,A
1942,ThermoMPNN,3OG7,-0.29883909225463867,100,E,D,F:\GENESIS Studio\genesis-studio\packages\engines-py\.pdb_cache\3OG7,A
1943,ThermoMPNN,3OG7,0.0,100,E,E,F:\GENESIS Studio\genesis-studio\packages\engines-py\.pdb_cache\3OG7,A
1944,ThermoMPNN,3OG7,0.5824853181838989,100,E,F,F:\GENESIS Studio\genesis-studio\packages\engines-py\.pdb_cache\3OG7,A
1945,ThermoMPNN,3OG7,0.14381152391433716,100,E,G,F:\GENESIS Studio\genesis-studio\packages\engines-py\.pdb_cache\3OG7,A
1946,ThermoMPNN,3OG7,0.2926241159439087,100,E,H,F:\GENESIS Studio\genesis-studio\packages\engines-py\.pdb_cache\3OG7,A
1947,ThermoMPNN,3OG7,0.5475642085075378,100,E,I,F:\GENESIS Studio\genesis-studio\packages\engines-py\.pdb_cache\3OG7,A
1948,ThermoMPNN,3OG7,0.3676571547985077,100,E,K,F:\GENESIS Studio\genesis-studio\packages\engines-py\.pdb_cache\3OG7,A
1949,ThermoMPNN,3OG7,0.38480234146118164,100,E,L,F:\GENESIS Studio\genesis-studio\packages\engines-py\.pdb_cache\3OG7,A
1950,ThermoMPNN,3OG7,0.3787764608860016,100,E,M,F:\GENESIS Studio\genesis-studio\packages\engines-py\.pdb_cache\3OG7,A
1951,ThermoMPNN,3OG7,-0.08467745780944824,100,E,N,F:\GENESIS Studio\genesis-studio\packages\engines-py\.pdb_cache\3OG7,A
1952,ThermoMPNN,3OG7,-0.020610153675079346,100,E,P,F:\GENESIS Studio\genesis-studio\packages\engines-py\.pdb_cache\3OG7,A
1953,ThermoMPNN,3OG7,0.3082883358001709,100,E,Q,F:\GENESIS Studio\genesis-studio\packages\engines-py\.pdb_cache\3OG7,A
1954,ThermoMPNN,3OG7,0.4517650604248047,100,E,R,F:\GENESIS Studio\genesis-studio\packages\engines-py\.pdb_cache\3OG7,A
1955,ThermoMPNN,3OG7,-0.6524970531463623,100,E,S,F:\GENESIS Studio\genesis-studio\packages\engines-py\.pdb_cache\3OG7,A
1956,ThermoMPNN,3OG7,-0.44847559928894043,100,E,T,F:\GENESIS Studio\genesis-studio\packages\engines-py\.pdb_cache\3OG7,A
1957,ThermoMPNN,3OG7,0.5277791619300842,100,E,V,F:\GENESIS Studio\genesis-studio\packages\engines-py\.pdb_cache\3OG7,A
1958,ThermoMPNN,3OG7,0.5410580635070801,100,E,W,F:\GENESIS Studio\genesis-studio\packages\engines-py\.pdb_cache\3OG7,A
1959,ThermoMPNN,3OG7,0.6243957281112671,100,E,Y,F:\GENESIS Studio\genesis-studio\packages\engines-py\.pdb_cache\3OG7,A
1960,ThermoMPNN,3OG7,0.6461790800094604,101,M,A,F:\GENESIS Studio\genesis-studio\packages\engines-py\.pdb_cache\3OG7,A
1961,ThermoMPNN,3OG7,-0.013034224510192871,101,M,C,F:\GENESIS Studio\genesis-studio\packages\engines-py\.pdb_cache\3OG7,A
1962,ThermoMPNN,3OG7,0.6875181794166565,101,M,D,F:\GENESIS Studio\genesis-studio\packages\engines-py\.pdb_cache\3OG7,A
1963,ThermoMPNN,3OG7,0.7911332249641418,101,M,E,F:\GENESIS Studio\genesis-studio\packages\engines-py\.pdb_cache\3OG7,A
1964,ThermoMPNN,3OG7,0.014856696128845215,101,M,F,F:\GENESIS Studio\genesis-studio\packages\engines-py\.pdb_cache\3OG7,A
1965,ThermoMPNN,3OG7,1.1914856433868408,101,M,G,F:\GENESIS Studio\genesis-studio\packages\engines-py\.pdb_cache\3OG7,A
1966,ThermoMPNN,3OG7,0.5180892944335938,101,M,H,F:\GENESIS Studio\genesis-studio\packages\engines-py\.pdb_cache\3OG7,A
1967,ThermoMPNN,3OG7,-0.06397247314453125,101,M,I,F:\GENESIS Studio\genesis-studio\packages\engines-py\.pdb_cache\3OG7,A
1968,ThermoMPNN,3OG7,0.9087985157966614,101,M,K,F:\GENESIS Studio\genesis-studio\packages\engines-py\.pdb_cache\3OG7,A
1969,ThermoMPNN,3OG7,0.08612668514251709,101,M,L,F:\GENESIS Studio\genesis-studio\packages\engines-py\.pdb_cache\3OG7,A
1970,ThermoMPNN,3OG7,0.0,101,M,M,F:\GENESIS Studio\genesis-studio\packages\engines-py\.pdb_cache\3OG7,A
1971,ThermoMPNN,3OG7,0.7982462644577026,101,M,N,F:\GENESIS Studio\genesis-studio\packages\engines-py\.pdb_cache\3OG7,A
1972,ThermoMPNN,3OG7,0.4701974391937256,101,M,P,F:\GENESIS Studio\genesis-studio\packages\engines-py\.pdb_cache\3OG7,A
1973,ThermoMPNN,3OG7,0.7107080221176147,101,M,Q,F:\GENESIS Studio\genesis-studio\packages\engines-py\.pdb_cache\3OG7,A
1974,ThermoMPNN,3OG7,0.8374167084693909,101,M,R,F:\GENESIS Studio\genesis-studio\packages\engines-py\.pdb_cache\3OG7,A
1975,ThermoMPNN,3OG7,0.6434143781661987,101,M,S,F:\GENESIS Studio\genesis-studio\packages\engines-py\.pdb_cache\3OG7,A
1976,ThermoMPNN,3OG7,0.5875478982925415,101,M,T,F:\GENESIS Studio\genesis-studio\packages\engines-py\.pdb_cache\3OG7,A
1977,ThermoMPNN,3OG7,0.15034610033035278,101,M,V,F:\GENESIS Studio\genesis-studio\packages\engines-py\.pdb_cache\3OG7,A
1978,ThermoMPNN,3OG7,-0.4489870071411133,101,M,W,F:\GENESIS Studio\genesis-studio\packages\engines-py\.pdb_cache\3OG7,A
1979,ThermoMPNN,3OG7,0.0761786699295044,101,M,Y,F:\GENESIS Studio\genesis-studio\packages\engines-py\.pdb_cache\3OG7,A
1980,ThermoMPNN,3OG7,0.1163976788520813,102,K,A,F:\GENESIS Studio\genesis-studio\packages\engines-py\.pdb_cache\3OG7,A
1981,ThermoMPNN,3OG7,0.13310015201568604,102,K,C,F:\GENESIS Studio\genesis-studio\packages\engines-py\.pdb_cache\3OG7,A
1982,ThermoMPNN,3OG7,0.42676395177841187,102,K,D,F:\GENESIS Studio\genesis-studio\packages\engines-py\.pdb_cache\3OG7,A
1983,ThermoMPNN,3OG7,0.33300310373306274,102,K,E,F:\GENESIS Studio\genesis-studio\packages\engines-py\.pdb_cache\3OG7,A
1984,ThermoMPNN,3OG7,0.3227621912956238,102,K,F,F:\GENESIS Studio\genesis-studio\packages\engines-py\.pdb_cache\3OG7,A
1985,ThermoMPNN,3OG7,0.40787142515182495,102,K,G,F:\GENESIS Studio\genesis-studio\packages\engines-py\.pdb_cache\3OG7,A
1986,ThermoMPNN,3OG7,0.2628353238105774,102,K,H,F:\GENESIS Studio\genesis-studio\packages\engines-py\.pdb_cache\3OG7,A
1987,ThermoMPNN,3OG7,0.30520641803741455,102,K,I,F:\GENESIS Studio\genesis-studio\packages\engines-py\.pdb_cache\3OG7,A
1988,ThermoMPNN,3OG7,0.0,102,K,K,F:\GENESIS Studio\genesis-studio\packages\engines-py\.pdb_cache\3OG7,A
1989,ThermoMPNN,3OG7,0.33840417861938477,102,K,L,F:\GENESIS Studio\genesis-studio\packages\engines-py\.pdb_cache\3OG7,A
1990,ThermoMPNN,3OG7,0.3576810359954834,102,K,M,F:\GENESIS Studio\genesis-studio\packages\engines-py\.pdb_cache\3OG7,A
1991,ThermoMPNN,3OG7,0.37183308601379395,102,K,N,F:\GENESIS Studio\genesis-studio\packages\engines-py\.pdb_cache\3OG7,A
1992,ThermoMPNN,3OG7,0.43256860971450806,102,K,P,F:\GENESIS Studio\genesis-studio\packages\engines-py\.pdb_cache\3OG7,A
1993,ThermoMPNN,3OG7,0.19151848554611206,102,K,Q,F:\GENESIS Studio\genesis-studio\packages\engines-py\.pdb_cache\3OG7,A
1994,ThermoMPNN,3OG7,0.025546669960021973,102,K,R,F:\GENESIS Studio\genesis-studio\packages\engines-py\.pdb_cache\3OG7,A
1995,ThermoMPNN,3OG7,0.20962542295455933,102,K,S,F:\GENESIS Studio\genesis-studio\packages\engines-py\.pdb_cache\3OG7,A
1996,ThermoMPNN,3OG7,0.3563634157180786,102,K,T,F:\GENESIS Studio\genesis-studio\packages\engines-py\.pdb_cache\3OG7,A
1997,ThermoMPNN,3OG7,0.34160417318344116,102,K,V,F:\GENESIS Studio\genesis-studio\packages\engines-py\.pdb_cache\3OG7,A
1998,ThermoMPNN,3OG7,0.1815221905708313,102,K,W,F:\GENESIS Studio\genesis-studio\packages\engines-py\.pdb_cache\3OG7,A
1999,ThermoMPNN,3OG7,0.2251441478729248,102,K,Y,F:\GENESIS Studio\genesis-studio\packages\engines-py\.pdb_cache\3OG7,A
2000,ThermoMPNN,3OG7,0.7231488227844238,103,K,A,F:\GENESIS Studio\genesis-studio\packages\engines-py\.pdb_cache\3OG7,A
2001,ThermoMPNN,3OG7,0.9420409202575684,103,K,C,F:\GENESIS Studio\genesis-studio\packages\engines-py\.pdb_cache\3OG7,A
2002,ThermoMPNN,3OG7,2.0818278789520264,103,K,D,F:\GENESIS Studio\genesis-studio\packages\engines-py\.pdb_cache\3OG7,A
2003,ThermoMPNN,3OG7,1.245237112045288,103,K,E,F:\GENESIS Studio\genesis-studio\packages\engines-py\.pdb_cache\3OG7,A
2004,ThermoMPNN,3OG7,1.4707562923431396,103,K,F,F:\GENESIS Studio\genesis-studio\packages\engines-py\.pdb_cache\3OG7,A
2005,ThermoMPNN,3OG7,1.6775999069213867,103,K,G,F:\GENESIS Studio\genesis-studio\packages\engines-py\.pdb_cache\3OG7,A
2006,ThermoMPNN,3OG7,1.0150173902511597,103,K,H,F:\GENESIS Studio\genesis-studio\packages\engines-py\.pdb_cache\3OG7,A
2007,ThermoMPNN,3OG7,1.107635259628296,103,K,I,F:\GENESIS Studio\genesis-studio\packages\engines-py\.pdb_cache\3OG7,A
2008,ThermoMPNN,3OG7,0.0,103,K,K,F:\GENESIS Studio\genesis-studio\packages\engines-py\.pdb_cache\3OG7,A
2009,ThermoMPNN,3OG7,0.9161413908004761,103,K,L,F:\GENESIS Studio\genesis-studio\packages\engines-py\.pdb_cache\3OG7,A
2010,ThermoMPNN,3OG7,0.7572160959243774,103,K,M,F:\GENESIS Studio\genesis-studio\packages\engines-py\.pdb_cache\3OG7,A
2011,ThermoMPNN,3OG7,1.3949288129806519,103,K,N,F:\GENESIS Studio\genesis-studio\packages\engines-py\.pdb_cache\3OG7,A
2012,ThermoMPNN,3OG7,2.9795982837677,103,K,P,F:\GENESIS Studio\genesis-studio\packages\engines-py\.pdb_cache\3OG7,A
2013,ThermoMPNN,3OG7,0.2968788146972656,103,K,Q,F:\GENESIS Studio\genesis-studio\packages\engines-py\.pdb_cache\3OG7,A
2014,ThermoMPNN,3OG7,0.13448798656463623,103,K,R,F:\GENESIS Studio\genesis-studio\packages\engines-py\.pdb_cache\3OG7,A
2015,ThermoMPNN,3OG7,1.261596918106079,103,K,S,F:\GENESIS Studio\genesis-studio\packages\engines-py\.pdb_cache\3OG7,A
2016,ThermoMPNN,3OG7,1.2387852668762207,103,K,T,F:\GENESIS Studio\genesis-studio\packages\engines-py\.pdb_cache\3OG7,A
2017,ThermoMPNN,3OG7,1.0231249332427979,103,K,V,F:\GENESIS Studio\genesis-studio\packages\engines-py\.pdb_cache\3OG7,A
2018,ThermoMPNN,3OG7,1.3436516523361206,103,K,W,F:\GENESIS Studio\genesis-studio\packages\engines-py\.pdb_cache\3OG7,A
2019,ThermoMPNN,3OG7,1.3823816776275635,103,K,Y,F:\GENESIS Studio\genesis-studio\packages\engines-py\.pdb_cache\3OG7,A
2020,ThermoMPNN,3OG7,1.5320543050765991,104,L,A,F:\GENESIS Studio\genesis-studio\packages\engines-py\.pdb_cache\3OG7,A
2021,ThermoMPNN,3OG7,0.6466457843780518,104,L,C,F:\GENESIS Studio\genesis-studio\packages\engines-py\.pdb_cache\3OG7,A
2022,ThermoMPNN,3OG7,2.525087356567383,104,L,D,F:\GENESIS Studio\genesis-studio\packages\engines-py\.pdb_cache\3OG7,A
2023,ThermoMPNN,3OG7,2.076899290084839,104,L,E,F:\GENESIS Studio\genesis-studio\packages\engines-py\.pdb_cache\3OG7,A
2024,ThermoMPNN,3OG7,0.9313517808914185,104,L,F,F:\GENESIS Studio\genesis-studio\packages\engines-py\.pdb_cache\3OG7,A
2025,ThermoMPNN,3OG7,2.3510496616363525,104,L,G,F:\GENESIS Studio\genesis-studio\packages\engines-py\.pdb_cache\3OG7,A
2026,ThermoMPNN,3OG7,1.417203664779663,104,L,H,F:\GENESIS Studio\genesis-studio\packages\engines-py\.pdb_cache\3OG7,A
2027,ThermoMPNN,3OG7,0.5681271553039551,104,L,I,F:\GENESIS Studio\genesis-studio\packages\engines-py\.pdb_cache\3OG7,A
2028,ThermoMPNN,3OG7,0.9711139798164368,104,L,K,F:\GENESIS Studio\genesis-studio\packages\engines-py\.pdb_cache\3OG7,A
2029,ThermoMPNN,3OG7,0.0,104,L,L,F:\GENESIS Studio\genesis-studio\packages\engines-py\.pdb_cache\3OG7,A
2030,ThermoMPNN,3OG7,0.5881373882293701,104,L,M,F:\GENESIS Studio\genesis-studio\packages\engines-py\.pdb_cache\3OG7,A
2031,ThermoMPNN,3OG7,1.8039679527282715,104,L,N,F:\GENESIS Studio\genesis-studio\packages\engines-py\.pdb_cache\3OG7,A
2032,ThermoMPNN,3OG7,2.3790090084075928,104,L,P,F:\GENESIS Studio\genesis-studio\packages\engines-py\.pdb_cache\3OG7,A
2033,ThermoMPNN,3OG7,1.4353632926940918,104,L,Q,F:\GENESIS Studio\genesis-studio\packages\engines-py\.pdb_cache\3OG7,A
2034,ThermoMPNN,3OG7,0.8526294827461243,104,L,R,F:\GENESIS Studio\genesis-studio\packages\engines-py\.pdb_cache\3OG7,A
2035,ThermoMPNN,3OG7,1.754963994026184,104,L,S,F:\GENESIS Studio\genesis-studio\packages\engines-py\.pdb_cache\3OG7,A
2036,ThermoMPNN,3OG7,1.4907180070877075,104,L,T,F:\GENESIS Studio\genesis-studio\packages\engines-py\.pdb_cache\3OG7,A
2037,ThermoMPNN,3OG7,0.8342509865760803,104,L,V,F:\GENESIS Studio\genesis-studio\packages\engines-py\.pdb_cache\3OG7,A
2038,ThermoMPNN,3OG7,0.3511854410171509,104,L,W,F:\GENESIS Studio\genesis-studio\packages\engines-py\.pdb_cache\3OG7,A
2039,ThermoMPNN,3OG7,0.731993556022644,104,L,Y,F:\GENESIS Studio\genesis-studio\packages\engines-py\.pdb_cache\3OG7,A
2040,ThermoMPNN,3OG7,1.746933937072754,105,I,A,F:\GENESIS Studio\genesis-studio\packages\engines-py\.pdb_cache\3OG7,A
2041,ThermoMPNN,3OG7,0.9716731309890747,105,I,C,F:\GENESIS Studio\genesis-studio\packages\engines-py\.pdb_cache\3OG7,A
2042,ThermoMPNN,3OG7,2.5898520946502686,105,I,D,F:\GENESIS Studio\genesis-studio\packages\engines-py\.pdb_cache\3OG7,A
2043,ThermoMPNN,3OG7,2.2029457092285156,105,I,E,F:\GENESIS Studio\genesis-studio\packages\engines-py\.pdb_cache\3OG7,A
2044,ThermoMPNN,3OG7,0.8925814628601074,105,I,F,F:\GENESIS Studio\genesis-studio\packages\engines-py\.pdb_cache\3OG7,A
2045,ThermoMPNN,3OG7,2.364915132522583,105,I,G,F:\GENESIS Studio\genesis-studio\packages\engines-py\.pdb_cache\3OG7,A
2046,ThermoMPNN,3OG7,1.9265798330307007,105,I,H,F:\GENESIS Studio\genesis-studio\packages\engines-py\.pdb_cache\3OG7,A
2047,ThermoMPNN,3OG7,0.0,105,I,I,F:\GENESIS Studio\genesis-studio\packages\engines-py\.pdb_cache\3OG7,A
2048,ThermoMPNN,3OG7,2.068446636199951,105,I,K,F:\GENESIS Studio\genesis-studio\packages\engines-py\.pdb_cache\3OG7,A
2049,ThermoMPNN,3OG7,0.35771918296813965,105,I,L,F:\GENESIS Studio\genesis-studio\packages\engines-py\.pdb_cache\3OG7,A
2050,ThermoMPNN,3OG7,0.8047674894332886,105,I,M,F:\GENESIS Studio\genesis-studio\packages\engines-py\.pdb_cache\3OG7,A
2051,ThermoMPNN,3OG7,2.3791067600250244,105,I,N,F:\GENESIS Studio\genesis-studio\packages\engines-py\.pdb_cache\3OG7,A
2052,ThermoMPNN,3OG7,2.5370264053344727,105,I,P,F:\GENESIS Studio\genesis-studio\packages\engines-py\.pdb_cache\3OG7,A
2053,ThermoMPNN,3OG7,2.0636935234069824,105,I,Q,F:\GENESIS Studio\genesis-studio\packages\engines-py\.pdb_cache\3OG7,A
2054,ThermoMPNN,3OG7,2.0895376205444336,105,I,R,F:\GENESIS Studio\genesis-studio\packages\engines-py\.pdb_cache\3OG7,A
2055,ThermoMPNN,3OG7,2.067821502685547,105,I,S,F:\GENESIS Studio\genesis-studio\packages\engines-py\.pdb_cache\3OG7,A
2056,ThermoMPNN,3OG7,1.6615560054779053,105,I,T,F:\GENESIS Studio\genesis-studio\packages\engines-py\.pdb_cache\3OG7,A
2057,ThermoMPNN,3OG7,0.5777779817581177,105,I,V,F:\GENESIS Studio\genesis-studio\packages\engines-py\.pdb_cache\3OG7,A
2058,ThermoMPNN,3OG7,1.0450334548950195,105,I,W,F:\GENESIS Studio\genesis-studio\packages\engines-py\.pdb_cache\3OG7,A
2059,ThermoMPNN,3OG7,1.1228848695755005,105,I,Y,F:\GENESIS Studio\genesis-studio\packages\engines-py\.pdb_cache\3OG7,A
2060,ThermoMPNN,3OG7,0.28446751832962036,106,D,A,F:\GENESIS Studio\genesis-studio\packages\engines-py\.pdb_cache\3OG7,A
2061,ThermoMPNN,3OG7,-0.04020118713378906,106,D,C,F:\GENESIS Studio\genesis-studio\packages\engines-py\.pdb_cache\3OG7,A
2062,ThermoMPNN,3OG7,0.0,106,D,D,F:\GENESIS Studio\genesis-studio\packages\engines-py\.pdb_cache\3OG7,A
2063,ThermoMPNN,3OG7,0.08745020627975464,106,D,E,F:\GENESIS Studio\genesis-studio\packages\engines-py\.pdb_cache\3OG7,A
2064,ThermoMPNN,3OG7,0.09487873315811157,106,D,F,F:\GENESIS Studio\genesis-studio\packages\engines-py\.pdb_cache\3OG7,A
2065,ThermoMPNN,3OG7,0.8304593563079834,106,D,G,F:\GENESIS Studio\genesis-studio\packages\engines-py\.pdb_cache\3OG7,A
2066,ThermoMPNN,3OG7,0.28864800930023193,106,D,H,F:\GENESIS Studio\genesis-studio\packages\engines-py\.pdb_cache\3OG7,A
2067,ThermoMPNN,3OG7,0.13414806127548218,106,D,I,F:\GENESIS Studio\genesis-studio\packages\engines-py\.pdb_cache\3OG7,A
2068,ThermoMPNN,3OG7,0.3933231830596924,106,D,K,F:\GENESIS Studio\genesis-studio\packages\engines-py\.pdb_cache\3OG7,A
2069,ThermoMPNN,3OG7,0.06304746866226196,106,D,L,F:\GENESIS Studio\genesis-studio\packages\engines-py\.pdb_cache\3OG7,A
2070,ThermoMPNN,3OG7,0.16278880834579468,106,D,M,F:\GENESIS Studio\genesis-studio\packages\engines-py\.pdb_cache\3OG7,A
2071,ThermoMPNN,3OG7,0.3557075262069702,106,D,N,F:\GENESIS Studio\genesis-studio\packages\engines-py\.pdb_cache\3OG7,A
2072,ThermoMPNN,3OG7,1.8918895721435547,106,D,P,F:\GENESIS Studio\genesis-studio\packages\engines-py\.pdb_cache\3OG7,A
2073,ThermoMPNN,3OG7,0.17092609405517578,106,D,Q,F:\GENESIS Studio\genesis-studio\packages\engines-py\.pdb_cache\3OG7,A
2074,ThermoMPNN,3OG7,0.3517962694168091,106,D,R,F:\GENESIS Studio\genesis-studio\packages\engines-py\.pdb_cache\3OG7,A
2075,ThermoMPNN,3OG7,0.3658967614173889,106,D,S,F:\GENESIS Studio\genesis-studio\packages\engines-py\.pdb_cache\3OG7,A
2076,ThermoMPNN,3OG7,0.3432571291923523,106,D,T,F:\GENESIS Studio\genesis-studio\packages\engines-py\.pdb_cache\3OG7,A
2077,ThermoMPNN,3OG7,0.22072619199752808,106,D,V,F:\GENESIS Studio\genesis-studio\packages\engines-py\.pdb_cache\3OG7,A
2078,ThermoMPNN,3OG7,0.0272635817527771,106,D,W,F:\GENESIS Studio\genesis-studio\packages\engines-py\.pdb_cache\3OG7,A
2079,ThermoMPNN,3OG7,0.08658796548843384,106,D,Y,F:\GENESIS Studio\genesis-studio\packages\engines-py\.pdb_cache\3OG7,A
2080,ThermoMPNN,3OG7,2.077688455581665,107,I,A,F:\GENESIS Studio\genesis-studio\packages\engines-py\.pdb_cache\3OG7,A
2081,ThermoMPNN,3OG7,1.4016433954238892,107,I,C,F:\GENESIS Studio\genesis-studio\packages\engines-py\.pdb_cache\3OG7,A
2082,ThermoMPNN,3OG7,3.3413357734680176,107,I,D,F:\GENESIS Studio\genesis-studio\packages\engines-py\.pdb_cache\3OG7,A
2083,ThermoMPNN,3OG7,2.9817397594451904,107,I,E,F:\GENESIS Studio\genesis-studio\packages\engines-py\.pdb_cache\3OG7,A
2084,ThermoMPNN,3OG7,0.7890384197235107,107,I,F,F:\GENESIS Studio\genesis-studio\packages\engines-py\.pdb_cache\3OG7,A
2085,ThermoMPNN,3OG7,3.1224722862243652,107,I,G,F:\GENESIS Studio\genesis-studio\packages\engines-py\.pdb_cache\3OG7,A
2086,ThermoMPNN,3OG7,2.2968664169311523,107,I,H,F:\GENESIS Studio\genesis-studio\packages\engines-py\.pdb_cache\3OG7,A
2087,ThermoMPNN,3OG7,0.0,107,I,I,F:\GENESIS Studio\genesis-studio\packages\engines-py\.pdb_cache\3OG7,A
2088,ThermoMPNN,3OG7,2.665677309036255,107,I,K,F:\GENESIS Studio\genesis-studio\packages\engines-py\.pdb_cache\3OG7,A
2089,ThermoMPNN,3OG7,0.5838508605957031,107,I,L,F:\GENESIS Studio\genesis-studio\packages\engines-py\.pdb_cache\3OG7,A
2090,ThermoMPNN,3OG7,1.1787512302398682,107,I,M,F:\GENESIS Studio\genesis-studio\packages\engines-py\.pdb_cache\3OG7,A
2091,ThermoMPNN,3OG7,2.9974474906921387,107,I,N,F:\GENESIS Studio\genesis-studio\packages\engines-py\.pdb_cache\3OG7,A
2092,ThermoMPNN,3OG7,3.280756950378418,107,I,P,F:\GENESIS Studio\genesis-studio\packages\engines-py\.pdb_cache\3OG7,A
2093,ThermoMPNN,3OG7,2.696302890777588,107,I,Q,F:\GENESIS Studio\genesis-studio\packages\engines-py\.pdb_cache\3OG7,A
2094,ThermoMPNN,3OG7,2.6646127700805664,107,I,R,F:\GENESIS Studio\genesis-studio\packages\engines-py\.pdb_cache\3OG7,A
2095,ThermoMPNN,3OG7,2.768678903579712,107,I,S,F:\GENESIS Studio\genesis-studio\packages\engines-py\.pdb_cache\3OG7,A
2096,ThermoMPNN,3OG7,2.1879687309265137,107,I,T,F:\GENESIS Studio\genesis-studio\packages\engines-py\.pdb_cache\3OG7,A
2097,ThermoMPNN,3OG7,0.8743319511413574,107,I,V,F:\GENESIS Studio\genesis-studio\packages\engines-py\.pdb_cache\3OG7,A
2098,ThermoMPNN,3OG7,1.1413577795028687,107,I,W,F:\GENESIS Studio\genesis-studio\packages\engines-py\.pdb_cache\3OG7,A
2099,ThermoMPNN,3OG7,0.8813607692718506,107,I,Y,F:\GENESIS Studio\genesis-studio\packages\engines-py\.pdb_cache\3OG7,A
2100,ThermoMPNN,3OG7,0.0,108,A,A,F:\GENESIS Studio\genesis-studio\packages\engines-py\.pdb_cache\3OG7,A
2101,ThermoMPNN,3OG7,-0.11134672164916992,108,A,C,F:\GENESIS Studio\genesis-studio\packages\engines-py\.pdb_cache\3OG7,A
2102,ThermoMPNN,3OG7,2.068917751312256,108,A,D,F:\GENESIS Studio\genesis-studio\packages\engines-py\.pdb_cache\3OG7,A
2103,ThermoMPNN,3OG7,1.626410722732544,108,A,E,F:\GENESIS Studio\genesis-studio\packages\engines-py\.pdb_cache\3OG7,A
2104,ThermoMPNN,3OG7,-0.03530740737915039,108,A,F,F:\GENESIS Studio\genesis-studio\packages\engines-py\.pdb_cache\3OG7,A
2105,ThermoMPNN,3OG7,1.3559880256652832,108,A,G,F:\GENESIS Studio\genesis-studio\packages\engines-py\.pdb_cache\3OG7,A
2106,ThermoMPNN,3OG7,1.1704128980636597,108,A,H,F:\GENESIS Studio\genesis-studio\packages\engines-py\.pdb_cache\3OG7,A
2107,ThermoMPNN,3OG7,-0.727990984916687,108,A,I,F:\GENESIS Studio\genesis-studio\packages\engines-py\.pdb_cache\3OG7,A
2108,ThermoMPNN,3OG7,1.4443633556365967,108,A,K,F:\GENESIS Studio\genesis-studio\packages\engines-py\.pdb_cache\3OG7,A
2109,ThermoMPNN,3OG7,-0.3725475072860718,108,A,L,F:\GENESIS Studio\genesis-studio\packages\engines-py\.pdb_cache\3OG7,A
2110,ThermoMPNN,3OG7,-0.25045502185821533,108,A,M,F:\GENESIS Studio\genesis-studio\packages\engines-py\.pdb_cache\3OG7,A
2111,ThermoMPNN,3OG7,1.6904454231262207,108,A,N,F:\GENESIS Studio\genesis-studio\packages\engines-py\.pdb_cache\3OG7,A
2112,ThermoMPNN,3OG7,2.1057121753692627,108,A,P,F:\GENESIS Studio\genesis-studio\packages\engines-py\.pdb_cache\3OG7,A
2113,ThermoMPNN,3OG7,1.2921721935272217,108,A,Q,F:\GENESIS Studio\genesis-studio\packages\engines-py\.pdb_cache\3OG7,A
2114,ThermoMPNN,3OG7,1.2322274446487427,108,A,R,F:\GENESIS Studio\genesis-studio\packages\engines-py\.pdb_cache\3OG7,A
2115,ThermoMPNN,3OG7,0.7866485118865967,108,A,S,F:\GENESIS Studio\genesis-studio\packages\engines-py\.pdb_cache\3OG7,A
2116,ThermoMPNN,3OG7,0.5884432196617126,108,A,T,F:\GENESIS Studio\genesis-studio\packages\engines-py\.pdb_cache\3OG7,A
2117,ThermoMPNN,3OG7,-0.3508232831954956,108,A,V,F:\GENESIS Studio\genesis-studio\packages\engines-py\.pdb_cache\3OG7,A
2118,ThermoMPNN,3OG7,0.09716165065765381,108,A,W,F:\GENESIS Studio\genesis-studio\packages\engines-py\.pdb_cache\3OG7,A
2119,ThermoMPNN,3OG7,0.164178729057312,108,A,Y,F:\GENESIS Studio\genesis-studio\packages\engines-py\.pdb_cache\3OG7,A
2120,ThermoMPNN,3OG7,0.08166515827178955,109,R,A,F:\GENESIS Studio\genesis-studio\packages\engines-py\.pdb_cache\3OG7,A
2121,ThermoMPNN,3OG7,-0.4151618480682373,109,R,C,F:\GENESIS Studio\genesis-studio\packages\engines-py\.pdb_cache\3OG7,A
2122,ThermoMPNN,3OG7,1.3779911994934082,109,R,D,F:\GENESIS Studio\genesis-studio\packages\engines-py\.pdb_cache\3OG7,A
2123,ThermoMPNN,3OG7,0.7871408462524414,109,R,E,F:\GENESIS Studio\genesis-studio\packages\engines-py\.pdb_cache\3OG7,A
2124,ThermoMPNN,3OG7,-0.49818623065948486,109,R,F,F:\GENESIS Studio\genesis-studio\packages\engines-py\.pdb_cache\3OG7,A
2125,ThermoMPNN,3OG7,1.0060687065124512,109,R,G,F:\GENESIS Studio\genesis-studio\packages\engines-py\.pdb_cache\3OG7,A
2126,ThermoMPNN,3OG7,0.4000855088233948,109,R,H,F:\GENESIS Studio\genesis-studio\packages\engines-py\.pdb_cache\3OG7,A
2127,ThermoMPNN,3OG7,-1.274387001991272,109,R,I,F:\GENESIS Studio\genesis-studio\packages\engines-py\.pdb_cache\3OG7,A
2128,ThermoMPNN,3OG7,0.20704945921897888,109,R,K,F:\GENESIS Studio\genesis-studio\packages\engines-py\.pdb_cache\3OG7,A
2129,ThermoMPNN,3OG7,-1.3192142248153687,109,R,L,F:\GENESIS Studio\genesis-studio\packages\engines-py\.pdb_cache\3OG7,A
2130,ThermoMPNN,3OG7,-0.6813777685165405,109,R,M,F:\GENESIS Studio\genesis-studio\packages\engines-py\.pdb_cache\3OG7,A
2131,ThermoMPNN,3OG7,1.0859875679016113,109,R,N,F:\GENESIS Studio\genesis-studio\packages\engines-py\.pdb_cache\3OG7,A
2132,ThermoMPNN,3OG7,1.68122136592865,109,R,P,F:\GENESIS Studio\genesis-studio\packages\engines-py\.pdb_cache\3OG7,A
2133,ThermoMPNN,3OG7,0.41143494844436646,109,R,Q,F:\GENESIS Studio\genesis-studio\packages\engines-py\.pdb_cache\3OG7,A
2134,ThermoMPNN,3OG7,0.0,109,R,R,F:\GENESIS Studio\genesis-studio\packages\engines-py\.pdb_cache\3OG7,A
2135,ThermoMPNN,3OG7,0.5465574264526367,109,R,S,F:\GENESIS Studio\genesis-studio\packages\engines-py\.pdb_cache\3OG7,A
2136,ThermoMPNN,3OG7,0.2575247883796692,109,R,T,F:\GENESIS Studio\genesis-studio\packages\engines-py\.pdb_cache\3OG7,A
2137,ThermoMPNN,3OG7,-0.9332929849624634,109,R,V,F:\GENESIS Studio\genesis-studio\packages\engines-py\.pdb_cache\3OG7,A
2138,ThermoMPNN,3OG7,-0.594449520111084,109,R,W,F:\GENESIS Studio\genesis-studio\packages\engines-py\.pdb_cache\3OG7,A
2139,ThermoMPNN,3OG7,-0.5529521703720093,109,R,Y,F:\GENESIS Studio\genesis-studio\packages\engines-py\.pdb_cache\3OG7,A
2140,ThermoMPNN,3OG7,0.5369864702224731,110,Q,A,F:\GENESIS Studio\genesis-studio\packages\engines-py\.pdb_cache\3OG7,A
2141,ThermoMPNN,3OG7,0.9111999273300171,110,Q,C,F:\GENESIS Studio\genesis-studio\packages\engines-py\.pdb_cache\3OG7,A
2142,ThermoMPNN,3OG7,1.1807805299758911,110,Q,D,F:\GENESIS Studio\genesis-studio\packages\engines-py\.pdb_cache\3OG7,A
2143,ThermoMPNN,3OG7,0.8162709474563599,110,Q,E,F:\GENESIS Studio\genesis-studio\packages\engines-py\.pdb_cache\3OG7,A
2144,ThermoMPNN,3OG7,1.147038459777832,110,Q,F,F:\GENESIS Studio\genesis-studio\packages\engines-py\.pdb_cache\3OG7,A
2145,ThermoMPNN,3OG7,1.3942458629608154,110,Q,G,F:\GENESIS Studio\genesis-studio\packages\engines-py\.pdb_cache\3OG7,A
2146,ThermoMPNN,3OG7,0.9543813467025757,110,Q,H,F:\GENESIS Studio\genesis-studio\packages\engines-py\.pdb_cache\3OG7,A
2147,ThermoMPNN,3OG7,1.0787692070007324,110,Q,I,F:\GENESIS Studio\genesis-studio\packages\engines-py\.pdb_cache\3OG7,A
2148,ThermoMPNN,3OG7,0.9519600868225098,110,Q,K,F:\GENESIS Studio\genesis-studio\packages\engines-py\.pdb_cache\3OG7,A
2149,ThermoMPNN,3OG7,0.9032626152038574,110,Q,L,F:\GENESIS Studio\genesis-studio\packages\engines-py\.pdb_cache\3OG7,A
2150,ThermoMPNN,3OG7,0.32950496673583984,110,Q,M,F:\GENESIS Studio\genesis-studio\packages\engines-py\.pdb_cache\3OG7,A
2151,ThermoMPNN,3OG7,1.3623394966125488,110,Q,N,F:\GENESIS Studio\genesis-studio\packages\engines-py\.pdb_cache\3OG7,A
2152,ThermoMPNN,3OG7,3.3414812088012695,110,Q,P,F:\GENESIS Studio\genesis-studio\packages\engines-py\.pdb_cache\3OG7,A
2153,ThermoMPNN,3OG7,0.0,110,Q,Q,F:\GENESIS Studio\genesis-studio\packages\engines-py\.pdb_cache\3OG7,A
2154,ThermoMPNN,3OG7,1.0942528247833252,110,Q,R,F:\GENESIS Studio\genesis-studio\packages\engines-py\.pdb_cache\3OG7,A
2155,ThermoMPNN,3OG7,0.9256486296653748,110,Q,S,F:\GENESIS Studio\genesis-studio\packages\engines-py\.pdb_cache\3OG7,A
2156,ThermoMPNN,3OG7,1.223897933959961,110,Q,T,F:\GENESIS Studio\genesis-studio\packages\engines-py\.pdb_cache\3OG7,A
2157,ThermoMPNN,3OG7,1.3931398391723633,110,Q,V,F:\GENESIS Studio\genesis-studio\packages\engines-py\.pdb_cache\3OG7,A
2158,ThermoMPNN,3OG7,0.9428594708442688,110,Q,W,F:\GENESIS Studio\genesis-studio\packages\engines-py\.pdb_cache\3OG7,A
2159,ThermoMPNN,3OG7,1.0502228736877441,110,Q,Y,F:\GENESIS Studio\genesis-studio\packages\engines-py\.pdb_cache\3OG7,A
2160,ThermoMPNN,3OG7,0.3201454281806946,111,T,A,F:\GENESIS Studio\genesis-studio\packages\engines-py\.pdb_cache\3OG7,A
2161,ThermoMPNN,3OG7,-0.17022675275802612,111,T,C,F:\GENESIS Studio\genesis-studio\packages\engines-py\.pdb_cache\3OG7,A
2162,ThermoMPNN,3OG7,1.63774573802948,111,T,D,F:\GENESIS Studio\genesis-studio\packages\engines-py\.pdb_cache\3OG7,A
2163,ThermoMPNN,3OG7,1.270316243171692,111,T,E,F:\GENESIS Studio\genesis-studio\packages\engines-py\.pdb_cache\3OG7,A
2164,ThermoMPNN,3OG7,-0.0171816349029541,111,T,F,F:\GENESIS Studio\genesis-studio\packages\engines-py\.pdb_cache\3OG7,A
2165,ThermoMPNN,3OG7,1.01475191116333,111,T,G,F:\GENESIS Studio\genesis-studio\packages\engines-py\.pdb_cache\3OG7,A
2166,ThermoMPNN,3OG7,0.9947337508201599,111,T,H,F:\GENESIS Studio\genesis-studio\packages\engines-py\.pdb_cache\3OG7,A
2167,ThermoMPNN,3OG7,-1.2991600036621094,111,T,I,F:\GENESIS Studio\genesis-studio\packages\engines-py\.pdb_cache\3OG7,A
2168,ThermoMPNN,3OG7,0.949765682220459,111,T,K,F:\GENESIS Studio\genesis-studio\packages\engines-py\.pdb_cache\3OG7,A
2169,ThermoMPNN,3OG7,-0.8442233204841614,111,T,L,F:\GENESIS Studio\genesis-studio\packages\engines-py\.pdb_cache\3OG7,A
2170,ThermoMPNN,3OG7,-0.43777579069137573,111,T,M,F:\GENESIS Studio\genesis-studio\packages\engines-py\.pdb_cache\3OG7,A
2171,ThermoMPNN,3OG7,1.1855860948562622,111,T,N,F:\GENESIS Studio\genesis-studio\packages\engines-py\.pdb_cache\3OG7,A
2172,ThermoMPNN,3OG7,1.3165391683578491,111,T,P,F:\GENESIS Studio\genesis-studio\packages\engines-py\.pdb_cache\3OG7,A
2173,ThermoMPNN,3OG7,0.9254841208457947,111,T,Q,F:\GENESIS Studio\genesis-studio\packages\engines-py\.pdb_cache\3OG7,A
2174,ThermoMPNN,3OG7,0.7987390160560608,111,T,R,F:\GENESIS Studio\genesis-studio\packages\engines-py\.pdb_cache\3OG7,A
2175,ThermoMPNN,3OG7,0.7101157903671265,111,T,S,F:\GENESIS Studio\genesis-studio\packages\engines-py\.pdb_cache\3OG7,A
2176,ThermoMPNN,3OG7,0.0,111,T,T,F:\GENESIS Studio\genesis-studio\packages\engines-py\.pdb_cache\3OG7,A
2177,ThermoMPNN,3OG7,-0.737316906452179,111,T,V,F:\GENESIS Studio\genesis-studio\packages\engines-py\.pdb_cache\3OG7,A
2178,ThermoMPNN,3OG7,0.13924568891525269,111,T,W,F:\GENESIS Studio\genesis-studio\packages\engines-py\.pdb_cache\3OG7,A
2179,ThermoMPNN,3OG7,0.240747332572937,111,T,Y,F:\GENESIS Studio\genesis-studio\packages\engines-py\.pdb_cache\3OG7,A
2180,ThermoMPNN,3OG7,0.0,112,A,A,F:\GENESIS Studio\genesis-studio\packages\engines-py\.pdb_cache\3OG7,A
2181,ThermoMPNN,3OG7,0.7348108291625977,112,A,C,F:\GENESIS Studio\genesis-studio\packages\engines-py\.pdb_cache\3OG7,A
2182,ThermoMPNN,3OG7,2.702310800552368,112,A,D,F:\GENESIS Studio\genesis-studio\packages\engines-py\.pdb_cache\3OG7,A
2183,ThermoMPNN,3OG7,2.2795684337615967,112,A,E,F:\GENESIS Studio\genesis-studio\packages\engines-py\.pdb_cache\3OG7,A
2184,ThermoMPNN,3OG7,1.4209809303283691,112,A,F,F:\GENESIS Studio\genesis-studio\packages\engines-py\.pdb_cache\3OG7,A
2185,ThermoMPNN,3OG7,1.798398494720459,112,A,G,F:\GENESIS Studio\genesis-studio\packages\engines-py\.pdb_cache\3OG7,A
2186,ThermoMPNN,3OG7,2.3258919715881348,112,A,H,F:\GENESIS Studio\genesis-studio\packages\engines-py\.pdb_cache\3OG7,A
2187,ThermoMPNN,3OG7,0.7728710174560547,112,A,I,F:\GENESIS Studio\genesis-studio\packages\engines-py\.pdb_cache\3OG7,A
2188,ThermoMPNN,3OG7,2.314579486846924,112,A,K,F:\GENESIS Studio\genesis-studio\packages\engines-py\.pdb_cache\3OG7,A
2189,ThermoMPNN,3OG7,0.8525416851043701,112,A,L,F:\GENESIS Studio\genesis-studio\packages\engines-py\.pdb_cache\3OG7,A
2190,ThermoMPNN,3OG7,1.1454485654830933,112,A,M,F:\GENESIS Studio\genesis-studio\packages\engines-py\.pdb_cache\3OG7,A
2191,ThermoMPNN,3OG7,2.342526912689209,112,A,N,F:\GENESIS Studio\genesis-studio\packages\engines-py\.pdb_cache\3OG7,A
2192,ThermoMPNN,3OG7,2.4144644737243652,112,A,P,F:\GENESIS Studio\genesis-studio\packages\engines-py\.pdb_cache\3OG7,A
2193,ThermoMPNN,3OG7,2.3368968963623047,112,A,Q,F:\GENESIS Studio\genesis-studio\packages\engines-py\.pdb_cache\3OG7,A
2194,ThermoMPNN,3OG7,2.287651300430298,112,A,R,F:\GENESIS Studio\genesis-studio\packages\engines-py\.pdb_cache\3OG7,A
2195,ThermoMPNN,3OG7,1.3187322616577148,112,A,S,F:\GENESIS Studio\genesis-studio\packages\engines-py\.pdb_cache\3OG7,A
2196,ThermoMPNN,3OG7,1.450719952583313,112,A,T,F:\GENESIS Studio\genesis-studio\packages\engines-py\.pdb_cache\3OG7,A
2197,ThermoMPNN,3OG7,0.6747626066207886,112,A,V,F:\GENESIS Studio\genesis-studio\packages\engines-py\.pdb_cache\3OG7,A
2198,ThermoMPNN,3OG7,1.5819965600967407,112,A,W,F:\GENESIS Studio\genesis-studio\packages\engines-py\.pdb_cache\3OG7,A
2199,ThermoMPNN,3OG7,1.5989550352096558,112,A,Y,F:\GENESIS Studio\genesis-studio\packages\engines-py\.pdb_cache\3OG7,A
2200,ThermoMPNN,3OG7,0.8470982909202576,113,R,A,F:\GENESIS Studio\genesis-studio\packages\engines-py\.pdb_cache\3OG7,A
2201,ThermoMPNN,3OG7,0.5646083354949951,113,R,C,F:\GENESIS Studio\genesis-studio\packages\engines-py\.pdb_cache\3OG7,A
2202,ThermoMPNN,3OG7,1.4497196674346924,113,R,D,F:\GENESIS Studio\genesis-studio\packages\engines-py\.pdb_cache\3OG7,A
2203,ThermoMPNN,3OG7,1.0085594654083252,113,R,E,F:\GENESIS Studio\genesis-studio\packages\engines-py\.pdb_cache\3OG7,A
2204,ThermoMPNN,3OG7,0.6804677248001099,113,R,F,F:\GENESIS Studio\genesis-studio\packages\engines-py\.pdb_cache\3OG7,A
2205,ThermoMPNN,3OG7,1.568629503250122,113,R,G,F:\GENESIS Studio\genesis-studio\packages\engines-py\.pdb_cache\3OG7,A
2206,ThermoMPNN,3OG7,0.759479820728302,113,R,H,F:\GENESIS Studio\genesis-studio\packages\engines-py\.pdb_cache\3OG7,A
2207,ThermoMPNN,3OG7,0.27136194705963135,113,R,I,F:\GENESIS Studio\genesis-studio\packages\engines-py\.pdb_cache\3OG7,A
2208,ThermoMPNN,3OG7,0.30310583114624023,113,R,K,F:\GENESIS Studio\genesis-studio\packages\engines-py\.pdb_cache\3OG7,A
2209,ThermoMPNN,3OG7,0.3272700309753418,113,R,L,F:\GENESIS Studio\genesis-studio\packages\engines-py\.pdb_cache\3OG7,A
2210,ThermoMPNN,3OG7,0.5199978351593018,113,R,M,F:\GENESIS Studio\genesis-studio\packages\engines-py\.pdb_cache\3OG7,A
2211,ThermoMPNN,3OG7,1.1073908805847168,113,R,N,F:\GENESIS Studio\genesis-studio\packages\engines-py\.pdb_cache\3OG7,A
2212,ThermoMPNN,3OG7,2.7400808334350586,113,R,P,F:\GENESIS Studio\genesis-studio\packages\engines-py\.pdb_cache\3OG7,A
2213,ThermoMPNN,3OG7,0.6873860359191895,113,R,Q,F:\GENESIS Studio\genesis-studio\packages\engines-py\.pdb_cache\3OG7,A
2214,ThermoMPNN,3OG7,0.0,113,R,R,F:\GENESIS Studio\genesis-studio\packages\engines-py\.pdb_cache\3OG7,A
2215,ThermoMPNN,3OG7,1.0749459266662598,113,R,S,F:\GENESIS Studio\genesis-studio\packages\engines-py\.pdb_cache\3OG7,A
2216,ThermoMPNN,3OG7,0.8335464000701904,113,R,T,F:\GENESIS Studio\genesis-studio\packages\engines-py\.pdb_cache\3OG7,A
2217,ThermoMPNN,3OG7,0.4505528211593628,113,R,V,F:\GENESIS Studio\genesis-studio\packages\engines-py\.pdb_cache\3OG7,A
2218,ThermoMPNN,3OG7,0.6936690807342529,113,R,W,F:\GENESIS Studio\genesis-studio\packages\engines-py\.pdb_cache\3OG7,A
2219,ThermoMPNN,3OG7,0.6278165578842163,113,R,Y,F:\GENESIS Studio\genesis-studio\packages\engines-py\.pdb_cache\3OG7,A
2220,ThermoMPNN,3OG7,0.5836912393569946,114,G,A,F:\GENESIS Studio\genesis-studio\packages\engines-py\.pdb_cache\3OG7,A
2221,ThermoMPNN,3OG7,0.9231758117675781,114,G,C,F:\GENESIS Studio\genesis-studio\packages\engines-py\.pdb_cache\3OG7,A
2222,ThermoMPNN,3OG7,2.1488237380981445,114,G,D,F:\GENESIS Studio\genesis-studio\packages\engines-py\.pdb_cache\3OG7,A
2223,ThermoMPNN,3OG7,2.095654010772705,114,G,E,F:\GENESIS Studio\genesis-studio\packages\engines-py\.pdb_cache\3OG7,A
2224,ThermoMPNN,3OG7,0.8687567114830017,114,G,F,F:\GENESIS Studio\genesis-studio\packages\engines-py\.pdb_cache\3OG7,A
2225,ThermoMPNN,3OG7,0.0,114,G,G,F:\GENESIS Studio\genesis-studio\packages\engines-py\.pdb_cache\3OG7,A
2226,ThermoMPNN,3OG7,1.6519711017608643,114,G,H,F:\GENESIS Studio\genesis-studio\packages\engines-py\.pdb_cache\3OG7,A
2227,ThermoMPNN,3OG7,1.0811296701431274,114,G,I,F:\GENESIS Studio\genesis-studio\packages\engines-py\.pdb_cache\3OG7,A
2228,ThermoMPNN,3OG7,1.8303568363189697,114,G,K,F:\GENESIS Studio\genesis-studio\packages\engines-py\.pdb_cache\3OG7,A
2229,ThermoMPNN,3OG7,1.322864294052124,114,G,L,F:\GENESIS Studio\genesis-studio\packages\engines-py\.pdb_cache\3OG7,A
2230,ThermoMPNN,3OG7,1.2543606758117676,114,G,M,F:\GENESIS Studio\genesis-studio\packages\engines-py\.pdb_cache\3OG7,A
2231,ThermoMPNN,3OG7,1.9642889499664307,114,G,N,F:\GENESIS Studio\genesis-studio\packages\engines-py\.pdb_cache\3OG7,A
2232,ThermoMPNN,3OG7,1.8352532386779785,114,G,P,F:\GENESIS Studio\genesis-studio\packages\engines-py\.pdb_cache\3OG7,A
2233,ThermoMPNN,3OG7,1.8654425144195557,114,G,Q,F:\GENESIS Studio\genesis-studio\packages\engines-py\.pdb_cache\3OG7,A
2234,ThermoMPNN,3OG7,1.5795955657958984,114,G,R,F:\GENESIS Studio\genesis-studio\packages\engines-py\.pdb_cache\3OG7,A
2235,ThermoMPNN,3OG7,1.409600853919983,114,G,S,F:\GENESIS Studio\genesis-studio\packages\engines-py\.pdb_cache\3OG7,A
2236,ThermoMPNN,3OG7,1.5662493705749512,114,G,T,F:\GENESIS Studio\genesis-studio\packages\engines-py\.pdb_cache\3OG7,A
2237,ThermoMPNN,3OG7,1.0650429725646973,114,G,V,F:\GENESIS Studio\genesis-studio\packages\engines-py\.pdb_cache\3OG7,A
2238,ThermoMPNN,3OG7,0.972168505191803,114,G,W,F:\GENESIS Studio\genesis-studio\packages\engines-py\.pdb_cache\3OG7,A
2239,ThermoMPNN,3OG7,0.9458247423171997,114,G,Y,F:\GENESIS Studio\genesis-studio\packages\engines-py\.pdb_cache\3OG7,A
2240,ThermoMPNN,3OG7,2.023996114730835,115,M,A,F:\GENESIS Studio\genesis-studio\packages\engines-py\.pdb_cache\3OG7,A
2241,ThermoMPNN,3OG7,1.4270503520965576,115,M,C,F:\GENESIS Studio\genesis-studio\packages\engines-py\.pdb_cache\3OG7,A
2242,ThermoMPNN,3OG7,3.0576863288879395,115,M,D,F:\GENESIS Studio\genesis-studio\packages\engines-py\.pdb_cache\3OG7,A
2243,ThermoMPNN,3OG7,2.672614812850952,115,M,E,F:\GENESIS Studio\genesis-studio\packages\engines-py\.pdb_cache\3OG7,A
2244,ThermoMPNN,3OG7,1.5212581157684326,115,M,F,F:\GENESIS Studio\genesis-studio\packages\engines-py\.pdb_cache\3OG7,A
2245,ThermoMPNN,3OG7,3.0952842235565186,115,M,G,F:\GENESIS Studio\genesis-studio\packages\engines-py\.pdb_cache\3OG7,A
2246,ThermoMPNN,3OG7,2.8049426078796387,115,M,H,F:\GENESIS Studio\genesis-studio\packages\engines-py\.pdb_cache\3OG7,A
2247,ThermoMPNN,3OG7,0.6733522415161133,115,M,I,F:\GENESIS Studio\genesis-studio\packages\engines-py\.pdb_cache\3OG7,A
2248,ThermoMPNN,3OG7,2.9118363857269287,115,M,K,F:\GENESIS Studio\genesis-studio\packages\engines-py\.pdb_cache\3OG7,A
2249,ThermoMPNN,3OG7,-0.10914254188537598,115,M,L,F:\GENESIS Studio\genesis-studio\packages\engines-py\.pdb_cache\3OG7,A
2250,ThermoMPNN,3OG7,0.0,115,M,M,F:\GENESIS Studio\genesis-studio\packages\engines-py\.pdb_cache\3OG7,A
2251,ThermoMPNN,3OG7,3.101930856704712,115,M,N,F:\GENESIS Studio\genesis-studio\packages\engines-py\.pdb_cache\3OG7,A
2252,ThermoMPNN,3OG7,2.8971705436706543,115,M,P,F:\GENESIS Studio\genesis-studio\packages\engines-py\.pdb_cache\3OG7,A
2253,ThermoMPNN,3OG7,2.320448875427246,115,M,Q,F:\GENESIS Studio\genesis-studio\packages\engines-py\.pdb_cache\3OG7,A
2254,ThermoMPNN,3OG7,2.7622694969177246,115,M,R,F:\GENESIS Studio\genesis-studio\packages\engines-py\.pdb_cache\3OG7,A
2255,ThermoMPNN,3OG7,2.568652629852295,115,M,S,F:\GENESIS Studio\genesis-studio\packages\engines-py\.pdb_cache\3OG7,A
2256,ThermoMPNN,3OG7,2.4421651363372803,115,M,T,F:\GENESIS Studio\genesis-studio\packages\engines-py\.pdb_cache\3OG7,A
2257,ThermoMPNN,3OG7,1.2506632804870605,115,M,V,F:\GENESIS Studio\genesis-studio\packages\engines-py\.pdb_cache\3OG7,A
2258,ThermoMPNN,3OG7,1.9382647275924683,115,M,W,F:\GENESIS Studio\genesis-studio\packages\engines-py\.pdb_cache\3OG7,A
2259,ThermoMPNN,3OG7,2.3090057373046875,115,M,Y,F:\GENESIS Studio\genesis-studio\packages\engines-py\.pdb_cache\3OG7,A
2260,ThermoMPNN,3OG7,-0.007105112075805664,116,D,A,F:\GENESIS Studio\genesis-studio\packages\engines-py\.pdb_cache\3OG7,A
2261,ThermoMPNN,3OG7,-0.3443911075592041,116,D,C,F:\GENESIS Studio\genesis-studio\packages\engines-py\.pdb_cache\3OG7,A
2262,ThermoMPNN,3OG7,0.0,116,D,D,F:\GENESIS Studio\genesis-studio\packages\engines-py\.pdb_cache\3OG7,A
2263,ThermoMPNN,3OG7,0.3552839756011963,116,D,E,F:\GENESIS Studio\genesis-studio\packages\engines-py\.pdb_cache\3OG7,A
2264,ThermoMPNN,3OG7,-0.01890707015991211,116,D,F,F:\GENESIS Studio\genesis-studio\packages\engines-py\.pdb_cache\3OG7,A
2265,ThermoMPNN,3OG7,0.40133142471313477,116,D,G,F:\GENESIS Studio\genesis-studio\packages\engines-py\.pdb_cache\3OG7,A
2266,ThermoMPNN,3OG7,0.13092511892318726,116,D,H,F:\GENESIS Studio\genesis-studio\packages\engines-py\.pdb_cache\3OG7,A
2267,ThermoMPNN,3OG7,0.940843939781189,116,D,I,F:\GENESIS Studio\genesis-studio\packages\engines-py\.pdb_cache\3OG7,A
2268,ThermoMPNN,3OG7,0.8752318620681763,116,D,K,F:\GENESIS Studio\genesis-studio\packages\engines-py\.pdb_cache\3OG7,A
2269,ThermoMPNN,3OG7,0.4556415379047394,116,D,L,F:\GENESIS Studio\genesis-studio\packages\engines-py\.pdb_cache\3OG7,A
2270,ThermoMPNN,3OG7,0.17277288436889648,116,D,M,F:\GENESIS Studio\genesis-studio\packages\engines-py\.pdb_cache\3OG7,A
2271,ThermoMPNN,3OG7,0.200836181640625,116,D,N,F:\GENESIS Studio\genesis-studio\packages\engines-py\.pdb_cache\3OG7,A
2272,ThermoMPNN,3OG7,1.7288837432861328,116,D,P,F:\GENESIS Studio\genesis-studio\packages\engines-py\.pdb_cache\3OG7,A
2273,ThermoMPNN,3OG7,0.41832637786865234,116,D,Q,F:\GENESIS Studio\genesis-studio\packages\engines-py\.pdb_cache\3OG7,A
2274,ThermoMPNN,3OG7,0.7132648229598999,116,D,R,F:\GENESIS Studio\genesis-studio\packages\engines-py\.pdb_cache\3OG7,A
2275,ThermoMPNN,3OG7,0.19234102964401245,116,D,S,F:\GENESIS Studio\genesis-studio\packages\engines-py\.pdb_cache\3OG7,A
2276,ThermoMPNN,3OG7,0.8628204464912415,116,D,T,F:\GENESIS Studio\genesis-studio\packages\engines-py\.pdb_cache\3OG7,A
2277,ThermoMPNN,3OG7,0.8391626477241516,116,D,V,F:\GENESIS Studio\genesis-studio\packages\engines-py\.pdb_cache\3OG7,A
2278,ThermoMPNN,3OG7,-0.2633107900619507,116,D,W,F:\GENESIS Studio\genesis-studio\packages\engines-py\.pdb_cache\3OG7,A
2279,ThermoMPNN,3OG7,-0.07281529903411865,116,D,Y,F:\GENESIS Studio\genesis-studio\packages\engines-py\.pdb_cache\3OG7,A
2280,ThermoMPNN,3OG7,2.3187265396118164,117,Y,A,F:\GENESIS Studio\genesis-studio\packages\engines-py\.pdb_cache\3OG7,A
2281,ThermoMPNN,3OG7,1.517674446105957,117,Y,C,F:\GENESIS Studio\genesis-studio\packages\engines-py\.pdb_cache\3OG7,A
2282,ThermoMPNN,3OG7,2.478524923324585,117,Y,D,F:\GENESIS Studio\genesis-studio\packages\engines-py\.pdb_cache\3OG7,A
2283,ThermoMPNN,3OG7,2.4184062480926514,117,Y,E,F:\GENESIS Studio\genesis-studio\packages\engines-py\.pdb_cache\3OG7,A
2284,ThermoMPNN,3OG7,0.5091292858123779,117,Y,F,F:\GENESIS Studio\genesis-studio\packages\engines-py\.pdb_cache\3OG7,A
2285,ThermoMPNN,3OG7,2.7399165630340576,117,Y,G,F:\GENESIS Studio\genesis-studio\packages\engines-py\.pdb_cache\3OG7,A
2286,ThermoMPNN,3OG7,1.410001516342163,117,Y,H,F:\GENESIS Studio\genesis-studio\packages\engines-py\.pdb_cache\3OG7,A
2287,ThermoMPNN,3OG7,2.2186365127563477,117,Y,I,F:\GENESIS Studio\genesis-studio\packages\engines-py\.pdb_cache\3OG7,A
2288,ThermoMPNN,3OG7,2.4872541427612305,117,Y,K,F:\GENESIS Studio\genesis-studio\packages\engines-py\.pdb_cache\3OG7,A
2289,ThermoMPNN,3OG7,1.8971757888793945,117,Y,L,F:\GENESIS Studio\genesis-studio\packages\engines-py\.pdb_cache\3OG7,A
2290,ThermoMPNN,3OG7,1.9173972606658936,117,Y,M,F:\GENESIS Studio\genesis-studio\packages\engines-py\.pdb_cache\3OG7,A
2291,ThermoMPNN,3OG7,2.2512779235839844,117,Y,N,F:\GENESIS Studio\genesis-studio\packages\engines-py\.pdb_cache\3OG7,A
2292,ThermoMPNN,3OG7,3.1601037979125977,117,Y,P,F:\GENESIS Studio\genesis-studio\packages\engines-py\.pdb_cache\3OG7,A
2293,ThermoMPNN,3OG7,2.408975839614868,117,Y,Q,F:\GENESIS Studio\genesis-studio\packages\engines-py\.pdb_cache\3OG7,A
2294,ThermoMPNN,3OG7,2.182605743408203,117,Y,R,F:\GENESIS Studio\genesis-studio\packages\engines-py\.pdb_cache\3OG7,A
2295,ThermoMPNN,3OG7,2.5947105884552,117,Y,S,F:\GENESIS Studio\genesis-studio\packages\engines-py\.pdb_cache\3OG7,A
2296,ThermoMPNN,3OG7,2.626479148864746,117,Y,T,F:\GENESIS Studio\genesis-studio\packages\engines-py\.pdb_cache\3OG7,A
2297,ThermoMPNN,3OG7,2.2930080890655518,117,Y,V,F:\GENESIS Studio\genesis-studio\packages\engines-py\.pdb_cache\3OG7,A
2298,ThermoMPNN,3OG7,0.5878167152404785,117,Y,W,F:\GENESIS Studio\genesis-studio\packages\engines-py\.pdb_cache\3OG7,A
2299,ThermoMPNN,3OG7,0.0,117,Y,Y,F:\GENESIS Studio\genesis-studio\packages\engines-py\.pdb_cache\3OG7,A
2300,ThermoMPNN,3OG7,2.149094581604004,118,L,A,F:\GENESIS Studio\genesis-studio\packages\engines-py\.pdb_cache\3OG7,A
2301,ThermoMPNN,3OG7,1.4708722829818726,118,L,C,F:\GENESIS Studio\genesis-studio\packages\engines-py\.pdb_cache\3OG7,A
2302,ThermoMPNN,3OG7,2.6229166984558105,118,L,D,F:\GENESIS Studio\genesis-studio\packages\engines-py\.pdb_cache\3OG7,A
2303,ThermoMPNN,3OG7,2.4655933380126953,118,L,E,F:\GENESIS Studio\genesis-studio\packages\engines-py\.pdb_cache\3OG7,A
2304,ThermoMPNN,3OG7,1.5665302276611328,118,L,F,F:\GENESIS Studio\genesis-studio\packages\engines-py\.pdb_cache\3OG7,A
2305,ThermoMPNN,3OG7,2.468099594116211,118,L,G,F:\GENESIS Studio\genesis-studio\packages\engines-py\.pdb_cache\3OG7,A
2306,ThermoMPNN,3OG7,2.5938456058502197,118,L,H,F:\GENESIS Studio\genesis-studio\packages\engines-py\.pdb_cache\3OG7,A
2307,ThermoMPNN,3OG7,1.4325010776519775,118,L,I,F:\GENESIS Studio\genesis-studio\packages\engines-py\.pdb_cache\3OG7,A
2308,ThermoMPNN,3OG7,2.4425876140594482,118,L,K,F:\GENESIS Studio\genesis-studio\packages\engines-py\.pdb_cache\3OG7,A
2309,ThermoMPNN,3OG7,0.0,118,L,L,F:\GENESIS Studio\genesis-studio\packages\engines-py\.pdb_cache\3OG7,A
2310,ThermoMPNN,3OG7,0.9337505102157593,118,L,M,F:\GENESIS Studio\genesis-studio\packages\engines-py\.pdb_cache\3OG7,A
2311,ThermoMPNN,3OG7,2.6248722076416016,118,L,N,F:\GENESIS Studio\genesis-studio\packages\engines-py\.pdb_cache\3OG7,A
2312,ThermoMPNN,3OG7,2.846113920211792,118,L,P,F:\GENESIS Studio\genesis-studio\packages\engines-py\.pdb_cache\3OG7,A
2313,ThermoMPNN,3OG7,2.4542696475982666,118,L,Q,F:\GENESIS Studio\genesis-studio\packages\engines-py\.pdb_cache\3OG7,A
2314,ThermoMPNN,3OG7,2.3868398666381836,118,L,R,F:\GENESIS Studio\genesis-studio\packages\engines-py\.pdb_cache\3OG7,A
2315,ThermoMPNN,3OG7,2.5951733589172363,118,L,S,F:\GENESIS Studio\genesis-studio\packages\engines-py\.pdb_cache\3OG7,A
2316,ThermoMPNN,3OG7,2.542362689971924,118,L,T,F:\GENESIS Studio\genesis-studio\packages\engines-py\.pdb_cache\3OG7,A
2317,ThermoMPNN,3OG7,1.9471499919891357,118,L,V,F:\GENESIS Studio\genesis-studio\packages\engines-py\.pdb_cache\3OG7,A
2318,ThermoMPNN,3OG7,1.921316385269165,118,L,W,F:\GENESIS Studio\genesis-studio\packages\engines-py\.pdb_cache\3OG7,A
2319,ThermoMPNN,3OG7,2.0665576457977295,118,L,Y,F:\GENESIS Studio\genesis-studio\packages\engines-py\.pdb_cache\3OG7,A
2320,ThermoMPNN,3OG7,1.0267032384872437,119,H,A,F:\GENESIS Studio\genesis-studio\packages\engines-py\.pdb_cache\3OG7,A
2321,ThermoMPNN,3OG7,0.8423404693603516,119,H,C,F:\GENESIS Studio\genesis-studio\packages\engines-py\.pdb_cache\3OG7,A
2322,ThermoMPNN,3OG7,2.433217763900757,119,H,D,F:\GENESIS Studio\genesis-studio\packages\engines-py\.pdb_cache\3OG7,A
2323,ThermoMPNN,3OG7,2.0456883907318115,119,H,E,F:\GENESIS Studio\genesis-studio\packages\engines-py\.pdb_cache\3OG7,A
2324,ThermoMPNN,3OG7,0.9885737895965576,119,H,F,F:\GENESIS Studio\genesis-studio\packages\engines-py\.pdb_cache\3OG7,A
2325,ThermoMPNN,3OG7,2.0943093299865723,119,H,G,F:\GENESIS Studio\genesis-studio\packages\engines-py\.pdb_cache\3OG7,A
2326,ThermoMPNN,3OG7,0.0,119,H,H,F:\GENESIS Studio\genesis-studio\packages\engines-py\.pdb_cache\3OG7,A
2327,ThermoMPNN,3OG7,1.628565788269043,119,H,I,F:\GENESIS Studio\genesis-studio\packages\engines-py\.pdb_cache\3OG7,A
2328,ThermoMPNN,3OG7,1.273168683052063,119,H,K,F:\GENESIS Studio\genesis-studio\packages\engines-py\.pdb_cache\3OG7,A
2329,ThermoMPNN,3OG7,1.4964487552642822,119,H,L,F:\GENESIS Studio\genesis-studio\packages\engines-py\.pdb_cache\3OG7,A
2330,ThermoMPNN,3OG7,1.3560962677001953,119,H,M,F:\GENESIS Studio\genesis-studio\packages\engines-py\.pdb_cache\3OG7,A
2331,ThermoMPNN,3OG7,1.2786774635314941,119,H,N,F:\GENESIS Studio\genesis-studio\packages\engines-py\.pdb_cache\3OG7,A
2332,ThermoMPNN,3OG7,2.1587133407592773,119,H,P,F:\GENESIS Studio\genesis-studio\packages\engines-py\.pdb_cache\3OG7,A
2333,ThermoMPNN,3OG7,1.1696975231170654,119,H,Q,F:\GENESIS Studio\genesis-studio\packages\engines-py\.pdb_cache\3OG7,A
2334,ThermoMPNN,3OG7,1.1611334085464478,119,H,R,F:\GENESIS Studio\genesis-studio\packages\engines-py\.pdb_cache\3OG7,A
2335,ThermoMPNN,3OG7,1.3901195526123047,119,H,S,F:\GENESIS Studio\genesis-studio\packages\engines-py\.pdb_cache\3OG7,A
2336,ThermoMPNN,3OG7,1.9977760314941406,119,H,T,F:\GENESIS Studio\genesis-studio\packages\engines-py\.pdb_cache\3OG7,A
2337,ThermoMPNN,3OG7,1.4942103624343872,119,H,V,F:\GENESIS Studio\genesis-studio\packages\engines-py\.pdb_cache\3OG7,A
2338,ThermoMPNN,3OG7,0.9647438526153564,119,H,W,F:\GENESIS Studio\genesis-studio\packages\engines-py\.pdb_cache\3OG7,A
2339,ThermoMPNN,3OG7,0.4924600124359131,119,H,Y,F:\GENESIS Studio\genesis-studio\packages\engines-py\.pdb_cache\3OG7,A
2340,ThermoMPNN,3OG7,0.0,120,A,A,F:\GENESIS Studio\genesis-studio\packages\engines-py\.pdb_cache\3OG7,A
2341,ThermoMPNN,3OG7,0.037023723125457764,120,A,C,F:\GENESIS Studio\genesis-studio\packages\engines-py\.pdb_cache\3OG7,A
2342,ThermoMPNN,3OG7,0.43054842948913574,120,A,D,F:\GENESIS Studio\genesis-studio\packages\engines-py\.pdb_cache\3OG7,A
2343,ThermoMPNN,3OG7,0.31500476598739624,120,A,E,F:\GENESIS Studio\genesis-studio\packages\engines-py\.pdb_cache\3OG7,A
2344,ThermoMPNN,3OG7,0.4196266531944275,120,A,F,F:\GENESIS Studio\genesis-studio\packages\engines-py\.pdb_cache\3OG7,A
2345,ThermoMPNN,3OG7,0.5648432970046997,120,A,G,F:\GENESIS Studio\genesis-studio\packages\engines-py\.pdb_cache\3OG7,A
2346,ThermoMPNN,3OG7,0.1950666308403015,120,A,H,F:\GENESIS Studio\genesis-studio\packages\engines-py\.pdb_cache\3OG7,A
2347,ThermoMPNN,3OG7,0.2629745602607727,120,A,I,F:\GENESIS Studio\genesis-studio\packages\engines-py\.pdb_cache\3OG7,A
2348,ThermoMPNN,3OG7,-0.17526304721832275,120,A,K,F:\GENESIS Studio\genesis-studio\packages\engines-py\.pdb_cache\3OG7,A
2349,ThermoMPNN,3OG7,0.08045923709869385,120,A,L,F:\GENESIS Studio\genesis-studio\packages\engines-py\.pdb_cache\3OG7,A
2350,ThermoMPNN,3OG7,0.016634345054626465,120,A,M,F:\GENESIS Studio\genesis-studio\packages\engines-py\.pdb_cache\3OG7,A
2351,ThermoMPNN,3OG7,0.09271681308746338,120,A,N,F:\GENESIS Studio\genesis-studio\packages\engines-py\.pdb_cache\3OG7,A
2352,ThermoMPNN,3OG7,2.287989616394043,120,A,P,F:\GENESIS Studio\genesis-studio\packages\engines-py\.pdb_cache\3OG7,A
2353,ThermoMPNN,3OG7,-0.029982447624206543,120,A,Q,F:\GENESIS Studio\genesis-studio\packages\engines-py\.pdb_cache\3OG7,A
2354,ThermoMPNN,3OG7,-0.20074498653411865,120,A,R,F:\GENESIS Studio\genesis-studio\packages\engines-py\.pdb_cache\3OG7,A
2355,ThermoMPNN,3OG7,0.09985494613647461,120,A,S,F:\GENESIS Studio\genesis-studio\packages\engines-py\.pdb_cache\3OG7,A
2356,ThermoMPNN,3OG7,0.33123111724853516,120,A,T,F:\GENESIS Studio\genesis-studio\packages\engines-py\.pdb_cache\3OG7,A
2357,ThermoMPNN,3OG7,0.4254503846168518,120,A,V,F:\GENESIS Studio\genesis-studio\packages\engines-py\.pdb_cache\3OG7,A
2358,ThermoMPNN,3OG7,0.4049719572067261,120,A,W,F:\GENESIS Studio\genesis-studio\packages\engines-py\.pdb_cache\3OG7,A
2359,ThermoMPNN,3OG7,0.4000825881958008,120,A,Y,F:\GENESIS Studio\genesis-studio\packages\engines-py\.pdb_cache\3OG7,A
2360,ThermoMPNN,3OG7,0.4988347291946411,121,K,A,F:\GENESIS Studio\genesis-studio\packages\engines-py\.pdb_cache\3OG7,A
2361,ThermoMPNN,3OG7,-0.01768326759338379,121,K,C,F:\GENESIS Studio\genesis-studio\packages\engines-py\.pdb_cache\3OG7,A
2362,ThermoMPNN,3OG7,1.7461347579956055,121,K,D,F:\GENESIS Studio\genesis-studio\packages\engines-py\.pdb_cache\3OG7,A
2363,ThermoMPNN,3OG7,0.42342615127563477,121,K,E,F:\GENESIS Studio\genesis-studio\packages\engines-py\.pdb_cache\3OG7,A
2364,ThermoMPNN,3OG7,0.4993389844894409,121,K,F,F:\GENESIS Studio\genesis-studio\packages\engines-py\.pdb_cache\3OG7,A
2365,ThermoMPNN,3OG7,1.1518151760101318,121,K,G,F:\GENESIS Studio\genesis-studio\packages\engines-py\.pdb_cache\3OG7,A
2366,ThermoMPNN,3OG7,0.5454784631729126,121,K,H,F:\GENESIS Studio\genesis-studio\packages\engines-py\.pdb_cache\3OG7,A
2367,ThermoMPNN,3OG7,0.189680814743042,121,K,I,F:\GENESIS Studio\genesis-studio\packages\engines-py\.pdb_cache\3OG7,A
2368,ThermoMPNN,3OG7,0.0,121,K,K,F:\GENESIS Studio\genesis-studio\packages\engines-py\.pdb_cache\3OG7,A
2369,ThermoMPNN,3OG7,-0.49163544178009033,121,K,L,F:\GENESIS Studio\genesis-studio\packages\engines-py\.pdb_cache\3OG7,A
2370,ThermoMPNN,3OG7,-0.2973865270614624,121,K,M,F:\GENESIS Studio\genesis-studio\packages\engines-py\.pdb_cache\3OG7,A
2371,ThermoMPNN,3OG7,0.8695632219314575,121,K,N,F:\GENESIS Studio\genesis-studio\packages\engines-py\.pdb_cache\3OG7,A
2372,ThermoMPNN,3OG7,2.320020914077759,121,K,P,F:\GENESIS Studio\genesis-studio\packages\engines-py\.pdb_cache\3OG7,A
2373,ThermoMPNN,3OG7,0.019759535789489746,121,K,Q,F:\GENESIS Studio\genesis-studio\packages\engines-py\.pdb_cache\3OG7,A
2374,ThermoMPNN,3OG7,0.11528050899505615,121,K,R,F:\GENESIS Studio\genesis-studio\packages\engines-py\.pdb_cache\3OG7,A
2375,ThermoMPNN,3OG7,0.8170122504234314,121,K,S,F:\GENESIS Studio\genesis-studio\packages\engines-py\.pdb_cache\3OG7,A
2376,ThermoMPNN,3OG7,0.8200507164001465,121,K,T,F:\GENESIS Studio\genesis-studio\packages\engines-py\.pdb_cache\3OG7,A
2377,ThermoMPNN,3OG7,0.4458341598510742,121,K,V,F:\GENESIS Studio\genesis-studio\packages\engines-py\.pdb_cache\3OG7,A
2378,ThermoMPNN,3OG7,0.6181742548942566,121,K,W,F:\GENESIS Studio\genesis-studio\packages\engines-py\.pdb_cache\3OG7,A
2379,ThermoMPNN,3OG7,0.557584285736084,121,K,Y,F:\GENESIS Studio\genesis-studio\packages\engines-py\.pdb_cache\3OG7,A
2380,ThermoMPNN,3OG7,-0.027643322944641113,122,S,A,F:\GENESIS Studio\genesis-studio\packages\engines-py\.pdb_cache\3OG7,A
2381,ThermoMPNN,3OG7,-0.5245362520217896,122,S,C,F:\GENESIS Studio\genesis-studio\packages\engines-py\.pdb_cache\3OG7,A
2382,ThermoMPNN,3OG7,0.13017356395721436,122,S,D,F:\GENESIS Studio\genesis-studio\packages\engines-py\.pdb_cache\3OG7,A
2383,ThermoMPNN,3OG7,0.06218141317367554,122,S,E,F:\GENESIS Studio\genesis-studio\packages\engines-py\.pdb_cache\3OG7,A
2384,ThermoMPNN,3OG7,0.03695869445800781,122,S,F,F:\GENESIS Studio\genesis-studio\packages\engines-py\.pdb_cache\3OG7,A
2385,ThermoMPNN,3OG7,-0.6949454545974731,122,S,G,F:\GENESIS Studio\genesis-studio\packages\engines-py\.pdb_cache\3OG7,A
2386,ThermoMPNN,3OG7,-0.3394731283187866,122,S,H,F:\GENESIS Studio\genesis-studio\packages\engines-py\.pdb_cache\3OG7,A
2387,ThermoMPNN,3OG7,0.8595010638237,122,S,I,F:\GENESIS Studio\genesis-studio\packages\engines-py\.pdb_cache\3OG7,A
2388,ThermoMPNN,3OG7,-0.3308945894241333,122,S,K,F:\GENESIS Studio\genesis-studio\packages\engines-py\.pdb_cache\3OG7,A
2389,ThermoMPNN,3OG7,0.12202858924865723,122,S,L,F:\GENESIS Studio\genesis-studio\packages\engines-py\.pdb_cache\3OG7,A
2390,ThermoMPNN,3OG7,-0.20549052953720093,122,S,M,F:\GENESIS Studio\genesis-studio\packages\engines-py\.pdb_cache\3OG7,A
2391,ThermoMPNN,3OG7,-0.5424102544784546,122,S,N,F:\GENESIS Studio\genesis-studio\packages\engines-py\.pdb_cache\3OG7,A
2392,ThermoMPNN,3OG7,1.7000857591629028,122,S,P,F:\GENESIS Studio\genesis-studio\packages\engines-py\.pdb_cache\3OG7,A
2393,ThermoMPNN,3OG7,-0.38061606884002686,122,S,Q,F:\GENESIS Studio\genesis-studio\packages\engines-py\.pdb_cache\3OG7,A
2394,ThermoMPNN,3OG7,-0.09138309955596924,122,S,R,F:\GENESIS Studio\genesis-studio\packages\engines-py\.pdb_cache\3OG7,A
2395,ThermoMPNN,3OG7,0.0,122,S,S,F:\GENESIS Studio\genesis-studio\packages\engines-py\.pdb_cache\3OG7,A
2396,ThermoMPNN,3OG7,0.6114090085029602,122,S,T,F:\GENESIS Studio\genesis-studio\packages\engines-py\.pdb_cache\3OG7,A
2397,ThermoMPNN,3OG7,0.7732130885124207,122,S,V,F:\GENESIS Studio\genesis-studio\packages\engines-py\.pdb_cache\3OG7,A
2398,ThermoMPNN,3OG7,0.3391956686973572,122,S,W,F:\GENESIS Studio\genesis-studio\packages\engines-py\.pdb_cache\3OG7,A
2399,ThermoMPNN,3OG7,0.18275666236877441,122,S,Y,F:\GENESIS Studio\genesis-studio\packages\engines-py\.pdb_cache\3OG7,A
2400,ThermoMPNN,3OG7,1.366745948791504,123,I,A,F:\GENESIS Studio\genesis-studio\packages\engines-py\.pdb_cache\3OG7,A
2401,ThermoMPNN,3OG7,0.9194916486740112,123,I,C,F:\GENESIS Studio\genesis-studio\packages\engines-py\.pdb_cache\3OG7,A
2402,ThermoMPNN,3OG7,2.020585060119629,123,I,D,F:\GENESIS Studio\genesis-studio\packages\engines-py\.pdb_cache\3OG7,A
2403,ThermoMPNN,3OG7,1.8295025825500488,123,I,E,F:\GENESIS Studio\genesis-studio\packages\engines-py\.pdb_cache\3OG7,A
2404,ThermoMPNN,3OG7,0.7536003589630127,123,I,F,F:\GENESIS Studio\genesis-studio\packages\engines-py\.pdb_cache\3OG7,A
2405,ThermoMPNN,3OG7,2.010125160217285,123,I,G,F:\GENESIS Studio\genesis-studio\packages\engines-py\.pdb_cache\3OG7,A
2406,ThermoMPNN,3OG7,1.3521180152893066,123,I,H,F:\GENESIS Studio\genesis-studio\packages\engines-py\.pdb_cache\3OG7,A
2407,ThermoMPNN,3OG7,0.0,123,I,I,F:\GENESIS Studio\genesis-studio\packages\engines-py\.pdb_cache\3OG7,A
2408,ThermoMPNN,3OG7,1.5776201486587524,123,I,K,F:\GENESIS Studio\genesis-studio\packages\engines-py\.pdb_cache\3OG7,A
2409,ThermoMPNN,3OG7,0.4808483123779297,123,I,L,F:\GENESIS Studio\genesis-studio\packages\engines-py\.pdb_cache\3OG7,A
2410,ThermoMPNN,3OG7,0.7534623146057129,123,I,M,F:\GENESIS Studio\genesis-studio\packages\engines-py\.pdb_cache\3OG7,A
2411,ThermoMPNN,3OG7,1.8413859605789185,123,I,N,F:\GENESIS Studio\genesis-studio\packages\engines-py\.pdb_cache\3OG7,A
2412,ThermoMPNN,3OG7,2.270684242248535,123,I,P,F:\GENESIS Studio\genesis-studio\packages\engines-py\.pdb_cache\3OG7,A
2413,ThermoMPNN,3OG7,1.594982624053955,123,I,Q,F:\GENESIS Studio\genesis-studio\packages\engines-py\.pdb_cache\3OG7,A
2414,ThermoMPNN,3OG7,1.550600528717041,123,I,R,F:\GENESIS Studio\genesis-studio\packages\engines-py\.pdb_cache\3OG7,A
2415,ThermoMPNN,3OG7,1.7882397174835205,123,I,S,F:\GENESIS Studio\genesis-studio\packages\engines-py\.pdb_cache\3OG7,A
2416,ThermoMPNN,3OG7,1.543716311454773,123,I,T,F:\GENESIS Studio\genesis-studio\packages\engines-py\.pdb_cache\3OG7,A
2417,ThermoMPNN,3OG7,0.6088583469390869,123,I,V,F:\GENESIS Studio\genesis-studio\packages\engines-py\.pdb_cache\3OG7,A
2418,ThermoMPNN,3OG7,0.756929874420166,123,I,W,F:\GENESIS Studio\genesis-studio\packages\engines-py\.pdb_cache\3OG7,A
2419,ThermoMPNN,3OG7,0.7750891447067261,123,I,Y,F:\GENESIS Studio\genesis-studio\packages\engines-py\.pdb_cache\3OG7,A
2420,ThermoMPNN,3OG7,1.6837713718414307,124,I,A,F:\GENESIS Studio\genesis-studio\packages\engines-py\.pdb_cache\3OG7,A
2421,ThermoMPNN,3OG7,1.134673833847046,124,I,C,F:\GENESIS Studio\genesis-studio\packages\engines-py\.pdb_cache\3OG7,A
2422,ThermoMPNN,3OG7,2.3858931064605713,124,I,D,F:\GENESIS Studio\genesis-studio\packages\engines-py\.pdb_cache\3OG7,A
2423,ThermoMPNN,3OG7,2.195387363433838,124,I,E,F:\GENESIS Studio\genesis-studio\packages\engines-py\.pdb_cache\3OG7,A
2424,ThermoMPNN,3OG7,1.5392314195632935,124,I,F,F:\GENESIS Studio\genesis-studio\packages\engines-py\.pdb_cache\3OG7,A
2425,ThermoMPNN,3OG7,2.3211069107055664,124,I,G,F:\GENESIS Studio\genesis-studio\packages\engines-py\.pdb_cache\3OG7,A
2426,ThermoMPNN,3OG7,1.9791135787963867,124,I,H,F:\GENESIS Studio\genesis-studio\packages\engines-py\.pdb_cache\3OG7,A
2427,ThermoMPNN,3OG7,0.0,124,I,I,F:\GENESIS Studio\genesis-studio\packages\engines-py\.pdb_cache\3OG7,A
2428,ThermoMPNN,3OG7,1.444329023361206,124,I,K,F:\GENESIS Studio\genesis-studio\packages\engines-py\.pdb_cache\3OG7,A
2429,ThermoMPNN,3OG7,0.47747111320495605,124,I,L,F:\GENESIS Studio\genesis-studio\packages\engines-py\.pdb_cache\3OG7,A
2430,ThermoMPNN,3OG7,1.0019395351409912,124,I,M,F:\GENESIS Studio\genesis-studio\packages\engines-py\.pdb_cache\3OG7,A
2431,ThermoMPNN,3OG7,2.0852856636047363,124,I,N,F:\GENESIS Studio\genesis-studio\packages\engines-py\.pdb_cache\3OG7,A
2432,ThermoMPNN,3OG7,1.9780981540679932,124,I,P,F:\GENESIS Studio\genesis-studio\packages\engines-py\.pdb_cache\3OG7,A
2433,ThermoMPNN,3OG7,1.7107458114624023,124,I,Q,F:\GENESIS Studio\genesis-studio\packages\engines-py\.pdb_cache\3OG7,A
2434,ThermoMPNN,3OG7,1.5740457773208618,124,I,R,F:\GENESIS Studio\genesis-studio\packages\engines-py\.pdb_cache\3OG7,A
2435,ThermoMPNN,3OG7,1.9750654697418213,124,I,S,F:\GENESIS Studio\genesis-studio\packages\engines-py\.pdb_cache\3OG7,A
2436,ThermoMPNN,3OG7,1.4735087156295776,124,I,T,F:\GENESIS Studio\genesis-studio\packages\engines-py\.pdb_cache\3OG7,A
2437,ThermoMPNN,3OG7,0.41370201110839844,124,I,V,F:\GENESIS Studio\genesis-studio\packages\engines-py\.pdb_cache\3OG7,A
2438,ThermoMPNN,3OG7,1.5573447942733765,124,I,W,F:\GENESIS Studio\genesis-studio\packages\engines-py\.pdb_cache\3OG7,A
2439,ThermoMPNN,3OG7,1.6839971542358398,124,I,Y,F:\GENESIS Studio\genesis-studio\packages\engines-py\.pdb_cache\3OG7,A
2440,ThermoMPNN,3OG7,1.2819499969482422,125,H,A,F:\GENESIS Studio\genesis-studio\packages\engines-py\.pdb_cache\3OG7,A
2441,ThermoMPNN,3OG7,0.6495256423950195,125,H,C,F:\GENESIS Studio\genesis-studio\packages\engines-py\.pdb_cache\3OG7,A
2442,ThermoMPNN,3OG7,1.8250548839569092,125,H,D,F:\GENESIS Studio\genesis-studio\packages\engines-py\.pdb_cache\3OG7,A
2443,ThermoMPNN,3OG7,2.0820202827453613,125,H,E,F:\GENESIS Studio\genesis-studio\packages\engines-py\.pdb_cache\3OG7,A
2444,ThermoMPNN,3OG7,0.92913818359375,125,H,F,F:\GENESIS Studio\genesis-studio\packages\engines-py\.pdb_cache\3OG7,A
2445,ThermoMPNN,3OG7,1.7401214838027954,125,H,G,F:\GENESIS Studio\genesis-studio\packages\engines-py\.pdb_cache\3OG7,A
2446,ThermoMPNN,3OG7,0.0,125,H,H,F:\GENESIS Studio\genesis-studio\packages\engines-py\.pdb_cache\3OG7,A
2447,ThermoMPNN,3OG7,1.3445074558258057,125,H,I,F:\GENESIS Studio\genesis-studio\packages\engines-py\.pdb_cache\3OG7,A
2448,ThermoMPNN,3OG7,1.4476051330566406,125,H,K,F:\GENESIS Studio\genesis-studio\packages\engines-py\.pdb_cache\3OG7,A
2449,ThermoMPNN,3OG7,1.3425061702728271,125,H,L,F:\GENESIS Studio\genesis-studio\packages\engines-py\.pdb_cache\3OG7,A
2450,ThermoMPNN,3OG7,1.3351287841796875,125,H,M,F:\GENESIS Studio\genesis-studio\packages\engines-py\.pdb_cache\3OG7,A
2451,ThermoMPNN,3OG7,0.7171434164047241,125,H,N,F:\GENESIS Studio\genesis-studio\packages\engines-py\.pdb_cache\3OG7,A
2452,ThermoMPNN,3OG7,1.7232660055160522,125,H,P,F:\GENESIS Studio\genesis-studio\packages\engines-py\.pdb_cache\3OG7,A
2453,ThermoMPNN,3OG7,1.4464256763458252,125,H,Q,F:\GENESIS Studio\genesis-studio\packages\engines-py\.pdb_cache\3OG7,A
2454,ThermoMPNN,3OG7,1.236975908279419,125,H,R,F:\GENESIS Studio\genesis-studio\packages\engines-py\.pdb_cache\3OG7,A
2455,ThermoMPNN,3OG7,1.2254245281219482,125,H,S,F:\GENESIS Studio\genesis-studio\packages\engines-py\.pdb_cache\3OG7,A
2456,ThermoMPNN,3OG7,1.6736538410186768,125,H,T,F:\GENESIS Studio\genesis-studio\packages\engines-py\.pdb_cache\3OG7,A
2457,ThermoMPNN,3OG7,1.5486562252044678,125,H,V,F:\GENESIS Studio\genesis-studio\packages\engines-py\.pdb_cache\3OG7,A
2458,ThermoMPNN,3OG7,1.1613696813583374,125,H,W,F:\GENESIS Studio\genesis-studio\packages\engines-py\.pdb_cache\3OG7,A
2459,ThermoMPNN,3OG7,0.5397510528564453,125,H,Y,F:\GENESIS Studio\genesis-studio\packages\engines-py\.pdb_cache\3OG7,A
2460,ThermoMPNN,3OG7,1.4077322483062744,126,R,A,F:\GENESIS Studio\genesis-studio\packages\engines-py\.pdb_cache\3OG7,A
2461,ThermoMPNN,3OG7,0.924994945526123,126,R,C,F:\GENESIS Studio\genesis-studio\packages\engines-py\.pdb_cache\3OG7,A
2462,ThermoMPNN,3OG7,2.462052822113037,126,R,D,F:\GENESIS Studio\genesis-studio\packages\engines-py\.pdb_cache\3OG7,A
2463,ThermoMPNN,3OG7,2.0099501609802246,126,R,E,F:\GENESIS Studio\genesis-studio\packages\engines-py\.pdb_cache\3OG7,A
2464,ThermoMPNN,3OG7,1.118474006652832,126,R,F,F:\GENESIS Studio\genesis-studio\packages\engines-py\.pdb_cache\3OG7,A
2465,ThermoMPNN,3OG7,1.310053825378418,126,R,G,F:\GENESIS Studio\genesis-studio\packages\engines-py\.pdb_cache\3OG7,A
2466,ThermoMPNN,3OG7,1.1299793720245361,126,R,H,F:\GENESIS Studio\genesis-studio\packages\engines-py\.pdb_cache\3OG7,A
2467,ThermoMPNN,3OG7,1.4021146297454834,126,R,I,F:\GENESIS Studio\genesis-studio\packages\engines-py\.pdb_cache\3OG7,A
2468,ThermoMPNN,3OG7,0.39978766441345215,126,R,K,F:\GENESIS Studio\genesis-studio\packages\engines-py\.pdb_cache\3OG7,A
2469,ThermoMPNN,3OG7,0.9458821415901184,126,R,L,F:\GENESIS Studio\genesis-studio\packages\engines-py\.pdb_cache\3OG7,A
2470,ThermoMPNN,3OG7,0.9518740177154541,126,R,M,F:\GENESIS Studio\genesis-studio\packages\engines-py\.pdb_cache\3OG7,A
2471,ThermoMPNN,3OG7,1.5386743545532227,126,R,N,F:\GENESIS Studio\genesis-studio\packages\engines-py\.pdb_cache\3OG7,A
2472,ThermoMPNN,3OG7,2.6697168350219727,126,R,P,F:\GENESIS Studio\genesis-studio\packages\engines-py\.pdb_cache\3OG7,A
2473,ThermoMPNN,3OG7,1.1178419589996338,126,R,Q,F:\GENESIS Studio\genesis-studio\packages\engines-py\.pdb_cache\3OG7,A
2474,ThermoMPNN,3OG7,0.0,126,R,R,F:\GENESIS Studio\genesis-studio\packages\engines-py\.pdb_cache\3OG7,A
2475,ThermoMPNN,3OG7,1.454694390296936,126,R,S,F:\GENESIS Studio\genesis-studio\packages\engines-py\.pdb_cache\3OG7,A
2476,ThermoMPNN,3OG7,1.2898015975952148,126,R,T,F:\GENESIS Studio\genesis-studio\packages\engines-py\.pdb_cache\3OG7,A
2477,ThermoMPNN,3OG7,1.4585381746292114,126,R,V,F:\GENESIS Studio\genesis-studio\packages\engines-py\.pdb_cache\3OG7,A
2478,ThermoMPNN,3OG7,1.1297948360443115,126,R,W,F:\GENESIS Studio\genesis-studio\packages\engines-py\.pdb_cache\3OG7,A
2479,ThermoMPNN,3OG7,1.1557581424713135,126,R,Y,F:\GENESIS Studio\genesis-studio\packages\engines-py\.pdb_cache\3OG7,A
2480,ThermoMPNN,3OG7,0.8528580665588379,127,D,A,F:\GENESIS Studio\genesis-studio\packages\engines-py\.pdb_cache\3OG7,A
2481,ThermoMPNN,3OG7,0.471360445022583,127,D,C,F:\GENESIS Studio\genesis-studio\packages\engines-py\.pdb_cache\3OG7,A
2482,ThermoMPNN,3OG7,0.0,127,D,D,F:\GENESIS Studio\genesis-studio\packages\engines-py\.pdb_cache\3OG7,A
2483,ThermoMPNN,3OG7,0.7700151205062866,127,D,E,F:\GENESIS Studio\genesis-studio\packages\engines-py\.pdb_cache\3OG7,A
2484,ThermoMPNN,3OG7,0.5439594388008118,127,D,F,F:\GENESIS Studio\genesis-studio\packages\engines-py\.pdb_cache\3OG7,A
2485,ThermoMPNN,3OG7,0.791039764881134,127,D,G,F:\GENESIS Studio\genesis-studio\packages\engines-py\.pdb_cache\3OG7,A
2486,ThermoMPNN,3OG7,0.8309178352355957,127,D,H,F:\GENESIS Studio\genesis-studio\packages\engines-py\.pdb_cache\3OG7,A
2487,ThermoMPNN,3OG7,1.0536258220672607,127,D,I,F:\GENESIS Studio\genesis-studio\packages\engines-py\.pdb_cache\3OG7,A
2488,ThermoMPNN,3OG7,1.0220996141433716,127,D,K,F:\GENESIS Studio\genesis-studio\packages\engines-py\.pdb_cache\3OG7,A
2489,ThermoMPNN,3OG7,1.0044190883636475,127,D,L,F:\GENESIS Studio\genesis-studio\packages\engines-py\.pdb_cache\3OG7,A
2490,ThermoMPNN,3OG7,0.9321268796920776,127,D,M,F:\GENESIS Studio\genesis-studio\packages\engines-py\.pdb_cache\3OG7,A
2491,ThermoMPNN,3OG7,0.676508367061615,127,D,N,F:\GENESIS Studio\genesis-studio\packages\engines-py\.pdb_cache\3OG7,A
2492,ThermoMPNN,3OG7,1.512416124343872,127,D,P,F:\GENESIS Studio\genesis-studio\packages\engines-py\.pdb_cache\3OG7,A
2493,ThermoMPNN,3OG7,0.8917072415351868,127,D,Q,F:\GENESIS Studio\genesis-studio\packages\engines-py\.pdb_cache\3OG7,A
2494,ThermoMPNN,3OG7,0.9938604831695557,127,D,R,F:\GENESIS Studio\genesis-studio\packages\engines-py\.pdb_cache\3OG7,A
2495,ThermoMPNN,3OG7,0.736472487449646,127,D,S,F:\GENESIS Studio\genesis-studio\packages\engines-py\.pdb_cache\3OG7,A
2496,ThermoMPNN,3OG7,0.9797694683074951,127,D,T,F:\GENESIS Studio\genesis-studio\packages\engines-py\.pdb_cache\3OG7,A
2497,ThermoMPNN,3OG7,1.151559591293335,127,D,V,F:\GENESIS Studio\genesis-studio\packages\engines-py\.pdb_cache\3OG7,A
2498,ThermoMPNN,3OG7,0.6329724192619324,127,D,W,F:\GENESIS Studio\genesis-studio\packages\engines-py\.pdb_cache\3OG7,A
2499,ThermoMPNN,3OG7,0.5679523944854736,127,D,Y,F:\GENESIS Studio\genesis-studio\packages\engines-py\.pdb_cache\3OG7,A
2500,ThermoMPNN,3OG7,2.1169981956481934,128,L,A,F:\GENESIS Studio\genesis-studio\packages\engines-py\.pdb_cache\3OG7,A
2501,ThermoMPNN,3OG7,1.1811785697937012,128,L,C,F:\GENESIS Studio\genesis-studio\packages\engines-py\.pdb_cache\3OG7,A
2502,ThermoMPNN,3OG7,2.430488348007202,128,L,D,F:\GENESIS Studio\genesis-studio\packages\engines-py\.pdb_cache\3OG7,A
2503,ThermoMPNN,3OG7,2.366551160812378,128,L,E,F:\GENESIS Studio\genesis-studio\packages\engines-py\.pdb_cache\3OG7,A
2504,ThermoMPNN,3OG7,0.33445072174072266,128,L,F,F:\GENESIS Studio\genesis-studio\packages\engines-py\.pdb_cache\3OG7,A
2505,ThermoMPNN,3OG7,2.3518383502960205,128,L,G,F:\GENESIS Studio\genesis-studio\packages\engines-py\.pdb_cache\3OG7,A
2506,ThermoMPNN,3OG7,2.2378358840942383,128,L,H,F:\GENESIS Studio\genesis-studio\packages\engines-py\.pdb_cache\3OG7,A
2507,ThermoMPNN,3OG7,0.6481974124908447,128,L,I,F:\GENESIS Studio\genesis-studio\packages\engines-py\.pdb_cache\3OG7,A
2508,ThermoMPNN,3OG7,2.4924888610839844,128,L,K,F:\GENESIS Studio\genesis-studio\packages\engines-py\.pdb_cache\3OG7,A
2509,ThermoMPNN,3OG7,0.0,128,L,L,F:\GENESIS Studio\genesis-studio\packages\engines-py\.pdb_cache\3OG7,A
2510,ThermoMPNN,3OG7,0.6182272434234619,128,L,M,F:\GENESIS Studio\genesis-studio\packages\engines-py\.pdb_cache\3OG7,A
2511,ThermoMPNN,3OG7,2.5280699729919434,128,L,N,F:\GENESIS Studio\genesis-studio\packages\engines-py\.pdb_cache\3OG7,A
2512,ThermoMPNN,3OG7,2.128673553466797,128,L,P,F:\GENESIS Studio\genesis-studio\packages\engines-py\.pdb_cache\3OG7,A
2513,ThermoMPNN,3OG7,2.3389835357666016,128,L,Q,F:\GENESIS Studio\genesis-studio\packages\engines-py\.pdb_cache\3OG7,A
2514,ThermoMPNN,3OG7,2.4693195819854736,128,L,R,F:\GENESIS Studio\genesis-studio\packages\engines-py\.pdb_cache\3OG7,A
2515,ThermoMPNN,3OG7,2.3894455432891846,128,L,S,F:\GENESIS Studio\genesis-studio\packages\engines-py\.pdb_cache\3OG7,A
2516,ThermoMPNN,3OG7,2.0608413219451904,128,L,T,F:\GENESIS Studio\genesis-studio\packages\engines-py\.pdb_cache\3OG7,A
2517,ThermoMPNN,3OG7,1.3075271844863892,128,L,V,F:\GENESIS Studio\genesis-studio\packages\engines-py\.pdb_cache\3OG7,A
2518,ThermoMPNN,3OG7,1.4529635906219482,128,L,W,F:\GENESIS Studio\genesis-studio\packages\engines-py\.pdb_cache\3OG7,A
2519,ThermoMPNN,3OG7,1.3450124263763428,128,L,Y,F:\GENESIS Studio\genesis-studio\packages\engines-py\.pdb_cache\3OG7,A
2520,ThermoMPNN,3OG7,0.9107668399810791,129,K,A,F:\GENESIS Studio\genesis-studio\packages\engines-py\.pdb_cache\3OG7,A
2521,ThermoMPNN,3OG7,1.0212314128875732,129,K,C,F:\GENESIS Studio\genesis-studio\packages\engines-py\.pdb_cache\3OG7,A
2522,ThermoMPNN,3OG7,2.728302478790283,129,K,D,F:\GENESIS Studio\genesis-studio\packages\engines-py\.pdb_cache\3OG7,A
2523,ThermoMPNN,3OG7,1.7987455129623413,129,K,E,F:\GENESIS Studio\genesis-studio\packages\engines-py\.pdb_cache\3OG7,A
2524,ThermoMPNN,3OG7,1.7072076797485352,129,K,F,F:\GENESIS Studio\genesis-studio\packages\engines-py\.pdb_cache\3OG7,A
2525,ThermoMPNN,3OG7,1.7125381231307983,129,K,G,F:\GENESIS Studio\genesis-studio\packages\engines-py\.pdb_cache\3OG7,A
2526,ThermoMPNN,3OG7,1.2519197463989258,129,K,H,F:\GENESIS Studio\genesis-studio\packages\engines-py\.pdb_cache\3OG7,A
2527,ThermoMPNN,3OG7,1.264250636100769,129,K,I,F:\GENESIS Studio\genesis-studio\packages\engines-py\.pdb_cache\3OG7,A
2528,ThermoMPNN,3OG7,0.0,129,K,K,F:\GENESIS Studio\genesis-studio\packages\engines-py\.pdb_cache\3OG7,A
2529,ThermoMPNN,3OG7,1.410144567489624,129,K,L,F:\GENESIS Studio\genesis-studio\packages\engines-py\.pdb_cache\3OG7,A
2530,ThermoMPNN,3OG7,0.9818291664123535,129,K,M,F:\GENESIS Studio\genesis-studio\packages\engines-py\.pdb_cache\3OG7,A
2531,ThermoMPNN,3OG7,1.669101357460022,129,K,N,F:\GENESIS Studio\genesis-studio\packages\engines-py\.pdb_cache\3OG7,A
2532,ThermoMPNN,3OG7,1.6872622966766357,129,K,P,F:\GENESIS Studio\genesis-studio\packages\engines-py\.pdb_cache\3OG7,A
2533,ThermoMPNN,3OG7,0.6085331439971924,129,K,Q,F:\GENESIS Studio\genesis-studio\packages\engines-py\.pdb_cache\3OG7,A
2534,ThermoMPNN,3OG7,0.1989128589630127,129,K,R,F:\GENESIS Studio\genesis-studio\packages\engines-py\.pdb_cache\3OG7,A
2535,ThermoMPNN,3OG7,1.0890483856201172,129,K,S,F:\GENESIS Studio\genesis-studio\packages\engines-py\.pdb_cache\3OG7,A
2536,ThermoMPNN,3OG7,1.3456467390060425,129,K,T,F:\GENESIS Studio\genesis-studio\packages\engines-py\.pdb_cache\3OG7,A
2537,ThermoMPNN,3OG7,1.5813764333724976,129,K,V,F:\GENESIS Studio\genesis-studio\packages\engines-py\.pdb_cache\3OG7,A
2538,ThermoMPNN,3OG7,1.9017680883407593,129,K,W,F:\GENESIS Studio\genesis-studio\packages\engines-py\.pdb_cache\3OG7,A
2539,ThermoMPNN,3OG7,1.684874176979065,129,K,Y,F:\GENESIS Studio\genesis-studio\packages\engines-py\.pdb_cache\3OG7,A
2540,ThermoMPNN,3OG7,0.09079384803771973,130,S,A,F:\GENESIS Studio\genesis-studio\packages\engines-py\.pdb_cache\3OG7,A
2541,ThermoMPNN,3OG7,0.1388106346130371,130,S,C,F:\GENESIS Studio\genesis-studio\packages\engines-py\.pdb_cache\3OG7,A
2542,ThermoMPNN,3OG7,1.1542580127716064,130,S,D,F:\GENESIS Studio\genesis-studio\packages\engines-py\.pdb_cache\3OG7,A
2543,ThermoMPNN,3OG7,1.717477798461914,130,S,E,F:\GENESIS Studio\genesis-studio\packages\engines-py\.pdb_cache\3OG7,A
2544,ThermoMPNN,3OG7,0.8922843337059021,130,S,F,F:\GENESIS Studio\genesis-studio\packages\engines-py\.pdb_cache\3OG7,A
2545,ThermoMPNN,3OG7,0.15457963943481445,130,S,G,F:\GENESIS Studio\genesis-studio\packages\engines-py\.pdb_cache\3OG7,A
2546,ThermoMPNN,3OG7,1.3232988119125366,130,S,H,F:\GENESIS Studio\genesis-studio\packages\engines-py\.pdb_cache\3OG7,A
2547,ThermoMPNN,3OG7,0.5454595685005188,130,S,I,F:\GENESIS Studio\genesis-studio\packages\engines-py\.pdb_cache\3OG7,A
2548,ThermoMPNN,3OG7,1.4814834594726562,130,S,K,F:\GENESIS Studio\genesis-studio\packages\engines-py\.pdb_cache\3OG7,A
2549,ThermoMPNN,3OG7,0.7027639150619507,130,S,L,F:\GENESIS Studio\genesis-studio\packages\engines-py\.pdb_cache\3OG7,A
2550,ThermoMPNN,3OG7,0.7233594655990601,130,S,M,F:\GENESIS Studio\genesis-studio\packages\engines-py\.pdb_cache\3OG7,A
2551,ThermoMPNN,3OG7,0.9399222135543823,130,S,N,F:\GENESIS Studio\genesis-studio\packages\engines-py\.pdb_cache\3OG7,A
2552,ThermoMPNN,3OG7,0.9589709639549255,130,S,P,F:\GENESIS Studio\genesis-studio\packages\engines-py\.pdb_cache\3OG7,A
2553,ThermoMPNN,3OG7,1.4752297401428223,130,S,Q,F:\GENESIS Studio\genesis-studio\packages\engines-py\.pdb_cache\3OG7,A
2554,ThermoMPNN,3OG7,1.2649614810943604,130,S,R,F:\GENESIS Studio\genesis-studio\packages\engines-py\.pdb_cache\3OG7,A
2555,ThermoMPNN,3OG7,0.0,130,S,S,F:\GENESIS Studio\genesis-studio\packages\engines-py\.pdb_cache\3OG7,A
2556,ThermoMPNN,3OG7,0.18030214309692383,130,S,T,F:\GENESIS Studio\genesis-studio\packages\engines-py\.pdb_cache\3OG7,A
2557,ThermoMPNN,3OG7,0.29971569776535034,130,S,V,F:\GENESIS Studio\genesis-studio\packages\engines-py\.pdb_cache\3OG7,A
2558,ThermoMPNN,3OG7,1.0483980178833008,130,S,W,F:\GENESIS Studio\genesis-studio\packages\engines-py\.pdb_cache\3OG7,A
2559,ThermoMPNN,3OG7,1.1644058227539062,130,S,Y,F:\GENESIS Studio\genesis-studio\packages\engines-py\.pdb_cache\3OG7,A
2560,ThermoMPNN,3OG7,-0.11088979244232178,131,N,A,F:\GENESIS Studio\genesis-studio\packages\engines-py\.pdb_cache\3OG7,A
2561,ThermoMPNN,3OG7,-0.32741254568099976,131,N,C,F:\GENESIS Studio\genesis-studio\packages\engines-py\.pdb_cache\3OG7,A
2562,ThermoMPNN,3OG7,-0.5679957270622253,131,N,D,F:\GENESIS Studio\genesis-studio\packages\engines-py\.pdb_cache\3OG7,A
2563,ThermoMPNN,3OG7,-0.3651009202003479,131,N,E,F:\GENESIS Studio\genesis-studio\packages\engines-py\.pdb_cache\3OG7,A
2564,ThermoMPNN,3OG7,0.281297504901886,131,N,F,F:\GENESIS Studio\genesis-studio\packages\engines-py\.pdb_cache\3OG7,A
2565,ThermoMPNN,3OG7,0.06417566537857056,131,N,G,F:\GENESIS Studio\genesis-studio\packages\engines-py\.pdb_cache\3OG7,A
2566,ThermoMPNN,3OG7,-0.004873096942901611,131,N,H,F:\GENESIS Studio\genesis-studio\packages\engines-py\.pdb_cache\3OG7,A
2567,ThermoMPNN,3OG7,0.48791933059692383,131,N,I,F:\GENESIS Studio\genesis-studio\packages\engines-py\.pdb_cache\3OG7,A
2568,ThermoMPNN,3OG7,0.44635581970214844,131,N,K,F:\GENESIS Studio\genesis-studio\packages\engines-py\.pdb_cache\3OG7,A
2569,ThermoMPNN,3OG7,0.4970533847808838,131,N,L,F:\GENESIS Studio\genesis-studio\packages\engines-py\.pdb_cache\3OG7,A
2570,ThermoMPNN,3OG7,0.27237123250961304,131,N,M,F:\GENESIS Studio\genesis-studio\packages\engines-py\.pdb_cache\3OG7,A
2571,ThermoMPNN,3OG7,0.0,131,N,N,F:\GENESIS Studio\genesis-studio\packages\engines-py\.pdb_cache\3OG7,A
2572,ThermoMPNN,3OG7,0.9499251246452332,131,N,P,F:\GENESIS Studio\genesis-studio\packages\engines-py\.pdb_cache\3OG7,A
2573,ThermoMPNN,3OG7,0.009036004543304443,131,N,Q,F:\GENESIS Studio\genesis-studio\packages\engines-py\.pdb_cache\3OG7,A
2574,ThermoMPNN,3OG7,0.43393218517303467,131,N,R,F:\GENESIS Studio\genesis-studio\packages\engines-py\.pdb_cache\3OG7,A
2575,ThermoMPNN,3OG7,-0.16958314180374146,131,N,S,F:\GENESIS Studio\genesis-studio\packages\engines-py\.pdb_cache\3OG7,A
2576,ThermoMPNN,3OG7,0.10534745454788208,131,N,T,F:\GENESIS Studio\genesis-studio\packages\engines-py\.pdb_cache\3OG7,A
2577,ThermoMPNN,3OG7,0.4364235997200012,131,N,V,F:\GENESIS Studio\genesis-studio\packages\engines-py\.pdb_cache\3OG7,A
2578,ThermoMPNN,3OG7,0.022443056106567383,131,N,W,F:\GENESIS Studio\genesis-studio\packages\engines-py\.pdb_cache\3OG7,A
2579,ThermoMPNN,3OG7,0.0811428427696228,131,N,Y,F:\GENESIS Studio\genesis-studio\packages\engines-py\.pdb_cache\3OG7,A
2580,ThermoMPNN,3OG7,0.5437211990356445,132,N,A,F:\GENESIS Studio\genesis-studio\packages\engines-py\.pdb_cache\3OG7,A
2581,ThermoMPNN,3OG7,0.2753826379776001,132,N,C,F:\GENESIS Studio\genesis-studio\packages\engines-py\.pdb_cache\3OG7,A
2582,ThermoMPNN,3OG7,1.0961861610412598,132,N,D,F:\GENESIS Studio\genesis-studio\packages\engines-py\.pdb_cache\3OG7,A
2583,ThermoMPNN,3OG7,1.1332868337631226,132,N,E,F:\GENESIS Studio\genesis-studio\packages\engines-py\.pdb_cache\3OG7,A
2584,ThermoMPNN,3OG7,0.8219575881958008,132,N,F,F:\GENESIS Studio\genesis-studio\packages\engines-py\.pdb_cache\3OG7,A
2585,ThermoMPNN,3OG7,1.0789475440979004,132,N,G,F:\GENESIS Studio\genesis-studio\packages\engines-py\.pdb_cache\3OG7,A
2586,ThermoMPNN,3OG7,0.29209625720977783,132,N,H,F:\GENESIS Studio\genesis-studio\packages\engines-py\.pdb_cache\3OG7,A
2587,ThermoMPNN,3OG7,1.1608847379684448,132,N,I,F:\GENESIS Studio\genesis-studio\packages\engines-py\.pdb_cache\3OG7,A
2588,ThermoMPNN,3OG7,0.6693110466003418,132,N,K,F:\GENESIS Studio\genesis-studio\packages\engines-py\.pdb_cache\3OG7,A
2589,ThermoMPNN,3OG7,0.8118436336517334,132,N,L,F:\GENESIS Studio\genesis-studio\packages\engines-py\.pdb_cache\3OG7,A
2590,ThermoMPNN,3OG7,0.7449003458023071,132,N,M,F:\GENESIS Studio\genesis-studio\packages\engines-py\.pdb_cache\3OG7,A
2591,ThermoMPNN,3OG7,0.0,132,N,N,F:\GENESIS Studio\genesis-studio\packages\engines-py\.pdb_cache\3OG7,A
2592,ThermoMPNN,3OG7,2.7330422401428223,132,N,P,F:\GENESIS Studio\genesis-studio\packages\engines-py\.pdb_cache\3OG7,A
2593,ThermoMPNN,3OG7,0.8370321989059448,132,N,Q,F:\GENESIS Studio\genesis-studio\packages\engines-py\.pdb_cache\3OG7,A
2594,ThermoMPNN,3OG7,0.5609278678894043,132,N,R,F:\GENESIS Studio\genesis-studio\packages\engines-py\.pdb_cache\3OG7,A
2595,ThermoMPNN,3OG7,0.544980525970459,132,N,S,F:\GENESIS Studio\genesis-studio\packages\engines-py\.pdb_cache\3OG7,A
2596,ThermoMPNN,3OG7,1.042223334312439,132,N,T,F:\GENESIS Studio\genesis-studio\packages\engines-py\.pdb_cache\3OG7,A
2597,ThermoMPNN,3OG7,0.9332754611968994,132,N,V,F:\GENESIS Studio\genesis-studio\packages\engines-py\.pdb_cache\3OG7,A
2598,ThermoMPNN,3OG7,0.9774871468544006,132,N,W,F:\GENESIS Studio\genesis-studio\packages\engines-py\.pdb_cache\3OG7,A
2599,ThermoMPNN,3OG7,0.6852549314498901,132,N,Y,F:\GENESIS Studio\genesis-studio\packages\engines-py\.pdb_cache\3OG7,A
2600,ThermoMPNN,3OG7,2.1491973400115967,133,I,A,F:\GENESIS Studio\genesis-studio\packages\engines-py\.pdb_cache\3OG7,A
2601,ThermoMPNN,3OG7,1.5365070104599,133,I,C,F:\GENESIS Studio\genesis-studio\packages\engines-py\.pdb_cache\3OG7,A
2602,ThermoMPNN,3OG7,3.295886993408203,133,I,D,F:\GENESIS Studio\genesis-studio\packages\engines-py\.pdb_cache\3OG7,A
2603,ThermoMPNN,3OG7,3.1830098628997803,133,I,E,F:\GENESIS Studio\genesis-studio\packages\engines-py\.pdb_cache\3OG7,A
2604,ThermoMPNN,3OG7,1.5784800052642822,133,I,F,F:\GENESIS Studio\genesis-studio\packages\engines-py\.pdb_cache\3OG7,A
2605,ThermoMPNN,3OG7,2.899081230163574,133,I,G,F:\GENESIS Studio\genesis-studio\packages\engines-py\.pdb_cache\3OG7,A
2606,ThermoMPNN,3OG7,2.720290184020996,133,I,H,F:\GENESIS Studio\genesis-studio\packages\engines-py\.pdb_cache\3OG7,A
2607,ThermoMPNN,3OG7,0.0,133,I,I,F:\GENESIS Studio\genesis-studio\packages\engines-py\.pdb_cache\3OG7,A
2608,ThermoMPNN,3OG7,2.5056684017181396,133,I,K,F:\GENESIS Studio\genesis-studio\packages\engines-py\.pdb_cache\3OG7,A
2609,ThermoMPNN,3OG7,0.37825584411621094,133,I,L,F:\GENESIS Studio\genesis-studio\packages\engines-py\.pdb_cache\3OG7,A
2610,ThermoMPNN,3OG7,1.010698914527893,133,I,M,F:\GENESIS Studio\genesis-studio\packages\engines-py\.pdb_cache\3OG7,A
2611,ThermoMPNN,3OG7,2.956083297729492,133,I,N,F:\GENESIS Studio\genesis-studio\packages\engines-py\.pdb_cache\3OG7,A
2612,ThermoMPNN,3OG7,3.1727657318115234,133,I,P,F:\GENESIS Studio\genesis-studio\packages\engines-py\.pdb_cache\3OG7,A
2613,ThermoMPNN,3OG7,2.70389986038208,133,I,Q,F:\GENESIS Studio\genesis-studio\packages\engines-py\.pdb_cache\3OG7,A
2614,ThermoMPNN,3OG7,2.5116899013519287,133,I,R,F:\GENESIS Studio\genesis-studio\packages\engines-py\.pdb_cache\3OG7,A
2615,ThermoMPNN,3OG7,2.860905170440674,133,I,S,F:\GENESIS Studio\genesis-studio\packages\engines-py\.pdb_cache\3OG7,A
2616,ThermoMPNN,3OG7,2.4471938610076904,133,I,T,F:\GENESIS Studio\genesis-studio\packages\engines-py\.pdb_cache\3OG7,A
2617,ThermoMPNN,3OG7,0.9811601638793945,133,I,V,F:\GENESIS Studio\genesis-studio\packages\engines-py\.pdb_cache\3OG7,A
2618,ThermoMPNN,3OG7,1.9434518814086914,133,I,W,F:\GENESIS Studio\genesis-studio\packages\engines-py\.pdb_cache\3OG7,A
2619,ThermoMPNN,3OG7,1.9670145511627197,133,I,Y,F:\GENESIS Studio\genesis-studio\packages\engines-py\.pdb_cache\3OG7,A
2620,ThermoMPNN,3OG7,2.028761386871338,134,F,A,F:\GENESIS Studio\genesis-studio\packages\engines-py\.pdb_cache\3OG7,A
2621,ThermoMPNN,3OG7,0.8262969255447388,134,F,C,F:\GENESIS Studio\genesis-studio\packages\engines-py\.pdb_cache\3OG7,A
2622,ThermoMPNN,3OG7,2.456023693084717,134,F,D,F:\GENESIS Studio\genesis-studio\packages\engines-py\.pdb_cache\3OG7,A
2623,ThermoMPNN,3OG7,2.077706813812256,134,F,E,F:\GENESIS Studio\genesis-studio\packages\engines-py\.pdb_cache\3OG7,A
2624,ThermoMPNN,3OG7,0.0,134,F,F,F:\GENESIS Studio\genesis-studio\packages\engines-py\.pdb_cache\3OG7,A
2625,ThermoMPNN,3OG7,2.6372134685516357,134,F,G,F:\GENESIS Studio\genesis-studio\packages\engines-py\.pdb_cache\3OG7,A
2626,ThermoMPNN,3OG7,1.6199915409088135,134,F,H,F:\GENESIS Studio\genesis-studio\packages\engines-py\.pdb_cache\3OG7,A
2627,ThermoMPNN,3OG7,0.5077404975891113,134,F,I,F:\GENESIS Studio\genesis-studio\packages\engines-py\.pdb_cache\3OG7,A
2628,ThermoMPNN,3OG7,2.1587469577789307,134,F,K,F:\GENESIS Studio\genesis-studio\packages\engines-py\.pdb_cache\3OG7,A
2629,ThermoMPNN,3OG7,0.1628270149230957,134,F,L,F:\GENESIS Studio\genesis-studio\packages\engines-py\.pdb_cache\3OG7,A
2630,ThermoMPNN,3OG7,0.563523530960083,134,F,M,F:\GENESIS Studio\genesis-studio\packages\engines-py\.pdb_cache\3OG7,A
2631,ThermoMPNN,3OG7,2.329862356185913,134,F,N,F:\GENESIS Studio\genesis-studio\packages\engines-py\.pdb_cache\3OG7,A
2632,ThermoMPNN,3OG7,2.8149993419647217,134,F,P,F:\GENESIS Studio\genesis-studio\packages\engines-py\.pdb_cache\3OG7,A
2633,ThermoMPNN,3OG7,1.9631969928741455,134,F,Q,F:\GENESIS Studio\genesis-studio\packages\engines-py\.pdb_cache\3OG7,A
2634,ThermoMPNN,3OG7,1.9982656240463257,134,F,R,F:\GENESIS Studio\genesis-studio\packages\engines-py\.pdb_cache\3OG7,A
2635,ThermoMPNN,3OG7,2.074592113494873,134,F,S,F:\GENESIS Studio\genesis-studio\packages\engines-py\.pdb_cache\3OG7,A
2636,ThermoMPNN,3OG7,1.8764458894729614,134,F,T,F:\GENESIS Studio\genesis-studio\packages\engines-py\.pdb_cache\3OG7,A
2637,ThermoMPNN,3OG7,1.223374605178833,134,F,V,F:\GENESIS Studio\genesis-studio\packages\engines-py\.pdb_cache\3OG7,A
2638,ThermoMPNN,3OG7,0.41830897331237793,134,F,W,F:\GENESIS Studio\genesis-studio\packages\engines-py\.pdb_cache\3OG7,A
2639,ThermoMPNN,3OG7,0.319840669631958,134,F,Y,F:\GENESIS Studio\genesis-studio\packages\engines-py\.pdb_cache\3OG7,A
2640,ThermoMPNN,3OG7,2.4497108459472656,135,L,A,F:\GENESIS Studio\genesis-studio\packages\engines-py\.pdb_cache\3OG7,A
2641,ThermoMPNN,3OG7,1.5783809423446655,135,L,C,F:\GENESIS Studio\genesis-studio\packages\engines-py\.pdb_cache\3OG7,A
2642,ThermoMPNN,3OG7,3.286883592605591,135,L,D,F:\GENESIS Studio\genesis-studio\packages\engines-py\.pdb_cache\3OG7,A
2643,ThermoMPNN,3OG7,3.1159820556640625,135,L,E,F:\GENESIS Studio\genesis-studio\packages\engines-py\.pdb_cache\3OG7,A
2644,ThermoMPNN,3OG7,1.8502062559127808,135,L,F,F:\GENESIS Studio\genesis-studio\packages\engines-py\.pdb_cache\3OG7,A
2645,ThermoMPNN,3OG7,2.967055082321167,135,L,G,F:\GENESIS Studio\genesis-studio\packages\engines-py\.pdb_cache\3OG7,A
2646,ThermoMPNN,3OG7,3.0125679969787598,135,L,H,F:\GENESIS Studio\genesis-studio\packages\engines-py\.pdb_cache\3OG7,A
2647,ThermoMPNN,3OG7,0.7181453704833984,135,L,I,F:\GENESIS Studio\genesis-studio\packages\engines-py\.pdb_cache\3OG7,A
2648,ThermoMPNN,3OG7,2.7352662086486816,135,L,K,F:\GENESIS Studio\genesis-studio\packages\engines-py\.pdb_cache\3OG7,A
2649,ThermoMPNN,3OG7,0.0,135,L,L,F:\GENESIS Studio\genesis-studio\packages\engines-py\.pdb_cache\3OG7,A
2650,ThermoMPNN,3OG7,1.1861701011657715,135,L,M,F:\GENESIS Studio\genesis-studio\packages\engines-py\.pdb_cache\3OG7,A
2651,ThermoMPNN,3OG7,3.107781410217285,135,L,N,F:\GENESIS Studio\genesis-studio\packages\engines-py\.pdb_cache\3OG7,A
2652,ThermoMPNN,3OG7,3.278179883956909,135,L,P,F:\GENESIS Studio\genesis-studio\packages\engines-py\.pdb_cache\3OG7,A
2653,ThermoMPNN,3OG7,3.016408920288086,135,L,Q,F:\GENESIS Studio\genesis-studio\packages\engines-py\.pdb_cache\3OG7,A
2654,ThermoMPNN,3OG7,2.642775058746338,135,L,R,F:\GENESIS Studio\genesis-studio\packages\engines-py\.pdb_cache\3OG7,A
2655,ThermoMPNN,3OG7,2.88895845413208,135,L,S,F:\GENESIS Studio\genesis-studio\packages\engines-py\.pdb_cache\3OG7,A
2656,ThermoMPNN,3OG7,2.691216468811035,135,L,T,F:\GENESIS Studio\genesis-studio\packages\engines-py\.pdb_cache\3OG7,A
2657,ThermoMPNN,3OG7,1.0983072519302368,135,L,V,F:\GENESIS Studio\genesis-studio\packages\engines-py\.pdb_cache\3OG7,A
2658,ThermoMPNN,3OG7,2.233323812484741,135,L,W,F:\GENESIS Studio\genesis-studio\packages\engines-py\.pdb_cache\3OG7,A
2659,ThermoMPNN,3OG7,2.301025152206421,135,L,Y,F:\GENESIS Studio\genesis-studio\packages\engines-py\.pdb_cache\3OG7,A
2660,ThermoMPNN,3OG7,0.9436488151550293,136,H,A,F:\GENESIS Studio\genesis-studio\packages\engines-py\.pdb_cache\3OG7,A
2661,ThermoMPNN,3OG7,0.5394790172576904,136,H,C,F:\GENESIS Studio\genesis-studio\packages\engines-py\.pdb_cache\3OG7,A
2662,ThermoMPNN,3OG7,0.9060516953468323,136,H,D,F:\GENESIS Studio\genesis-studio\packages\engines-py\.pdb_cache\3OG7,A
2663,ThermoMPNN,3OG7,0.9927970170974731,136,H,E,F:\GENESIS Studio\genesis-studio\packages\engines-py\.pdb_cache\3OG7,A
2664,ThermoMPNN,3OG7,1.0271801948547363,136,H,F,F:\GENESIS Studio\genesis-studio\packages\engines-py\.pdb_cache\3OG7,A
2665,ThermoMPNN,3OG7,1.7809503078460693,136,H,G,F:\GENESIS Studio\genesis-studio\packages\engines-py\.pdb_cache\3OG7,A
2666,ThermoMPNN,3OG7,0.0,136,H,H,F:\GENESIS Studio\genesis-studio\packages\engines-py\.pdb_cache\3OG7,A
2667,ThermoMPNN,3OG7,1.0668039321899414,136,H,I,F:\GENESIS Studio\genesis-studio\packages\engines-py\.pdb_cache\3OG7,A
2668,ThermoMPNN,3OG7,1.6827449798583984,136,H,K,F:\GENESIS Studio\genesis-studio\packages\engines-py\.pdb_cache\3OG7,A
2669,ThermoMPNN,3OG7,1.2190847396850586,136,H,L,F:\GENESIS Studio\genesis-studio\packages\engines-py\.pdb_cache\3OG7,A
2670,ThermoMPNN,3OG7,0.8724991083145142,136,H,M,F:\GENESIS Studio\genesis-studio\packages\engines-py\.pdb_cache\3OG7,A
2671,ThermoMPNN,3OG7,0.8757312297821045,136,H,N,F:\GENESIS Studio\genesis-studio\packages\engines-py\.pdb_cache\3OG7,A
2672,ThermoMPNN,3OG7,2.151156187057495,136,H,P,F:\GENESIS Studio\genesis-studio\packages\engines-py\.pdb_cache\3OG7,A
2673,ThermoMPNN,3OG7,0.8793798685073853,136,H,Q,F:\GENESIS Studio\genesis-studio\packages\engines-py\.pdb_cache\3OG7,A
2674,ThermoMPNN,3OG7,1.5543212890625,136,H,R,F:\GENESIS Studio\genesis-studio\packages\engines-py\.pdb_cache\3OG7,A
2675,ThermoMPNN,3OG7,1.0809575319290161,136,H,S,F:\GENESIS Studio\genesis-studio\packages\engines-py\.pdb_cache\3OG7,A
2676,ThermoMPNN,3OG7,1.460608720779419,136,H,T,F:\GENESIS Studio\genesis-studio\packages\engines-py\.pdb_cache\3OG7,A
2677,ThermoMPNN,3OG7,1.0276341438293457,136,H,V,F:\GENESIS Studio\genesis-studio\packages\engines-py\.pdb_cache\3OG7,A
2678,ThermoMPNN,3OG7,0.8846048712730408,136,H,W,F:\GENESIS Studio\genesis-studio\packages\engines-py\.pdb_cache\3OG7,A
2679,ThermoMPNN,3OG7,0.32871341705322266,136,H,Y,F:\GENESIS Studio\genesis-studio\packages\engines-py\.pdb_cache\3OG7,A
2680,ThermoMPNN,3OG7,0.08293813467025757,137,E,A,F:\GENESIS Studio\genesis-studio\packages\engines-py\.pdb_cache\3OG7,A
2681,ThermoMPNN,3OG7,-0.6253476738929749,137,E,C,F:\GENESIS Studio\genesis-studio\packages\engines-py\.pdb_cache\3OG7,A
2682,ThermoMPNN,3OG7,0.12275168299674988,137,E,D,F:\GENESIS Studio\genesis-studio\packages\engines-py\.pdb_cache\3OG7,A
2683,ThermoMPNN,3OG7,0.0,137,E,E,F:\GENESIS Studio\genesis-studio\packages\engines-py\.pdb_cache\3OG7,A
2684,ThermoMPNN,3OG7,-0.15445750951766968,137,E,F,F:\GENESIS Studio\genesis-studio\packages\engines-py\.pdb_cache\3OG7,A
2685,ThermoMPNN,3OG7,-0.6477156281471252,137,E,G,F:\GENESIS Studio\genesis-studio\packages\engines-py\.pdb_cache\3OG7,A
2686,ThermoMPNN,3OG7,-0.352173388004303,137,E,H,F:\GENESIS Studio\genesis-studio\packages\engines-py\.pdb_cache\3OG7,A
2687,ThermoMPNN,3OG7,0.5420282483100891,137,E,I,F:\GENESIS Studio\genesis-studio\packages\engines-py\.pdb_cache\3OG7,A
2688,ThermoMPNN,3OG7,-0.15858840942382812,137,E,K,F:\GENESIS Studio\genesis-studio\packages\engines-py\.pdb_cache\3OG7,A
2689,ThermoMPNN,3OG7,-0.16007423400878906,137,E,L,F:\GENESIS Studio\genesis-studio\packages\engines-py\.pdb_cache\3OG7,A
2690,ThermoMPNN,3OG7,-0.23343807458877563,137,E,M,F:\GENESIS Studio\genesis-studio\packages\engines-py\.pdb_cache\3OG7,A
2691,ThermoMPNN,3OG7,-0.4935782551765442,137,E,N,F:\GENESIS Studio\genesis-studio\packages\engines-py\.pdb_cache\3OG7,A
2692,ThermoMPNN,3OG7,1.172423005104065,137,E,P,F:\GENESIS Studio\genesis-studio\packages\engines-py\.pdb_cache\3OG7,A
2693,ThermoMPNN,3OG7,-0.18386471271514893,137,E,Q,F:\GENESIS Studio\genesis-studio\packages\engines-py\.pdb_cache\3OG7,A
2694,ThermoMPNN,3OG7,-0.020199596881866455,137,E,R,F:\GENESIS Studio\genesis-studio\packages\engines-py\.pdb_cache\3OG7,A
2695,ThermoMPNN,3OG7,0.18061164021492004,137,E,S,F:\GENESIS Studio\genesis-studio\packages\engines-py\.pdb_cache\3OG7,A
2696,ThermoMPNN,3OG7,0.5828004479408264,137,E,T,F:\GENESIS Studio\genesis-studio\packages\engines-py\.pdb_cache\3OG7,A
2697,ThermoMPNN,3OG7,0.5761253237724304,137,E,V,F:\GENESIS Studio\genesis-studio\packages\engines-py\.pdb_cache\3OG7,A
2698,ThermoMPNN,3OG7,0.14671680331230164,137,E,W,F:\GENESIS Studio\genesis-studio\packages\engines-py\.pdb_cache\3OG7,A
2699,ThermoMPNN,3OG7,-0.015271604061126709,137,E,Y,F:\GENESIS Studio\genesis-studio\packages\engines-py\.pdb_cache\3OG7,A
2700,ThermoMPNN,3OG7,0.6471126079559326,138,D,A,F:\GENESIS Studio\genesis-studio\packages\engines-py\.pdb_cache\3OG7,A
2701,ThermoMPNN,3OG7,-0.2784539461135864,138,D,C,F:\GENESIS Studio\genesis-studio\packages\engines-py\.pdb_cache\3OG7,A
2702,ThermoMPNN,3OG7,0.0,138,D,D,F:\GENESIS Studio\genesis-studio\packages\engines-py\.pdb_cache\3OG7,A
2703,ThermoMPNN,3OG7,0.3748455047607422,138,D,E,F:\GENESIS Studio\genesis-studio\packages\engines-py\.pdb_cache\3OG7,A
2704,ThermoMPNN,3OG7,0.22262459993362427,138,D,F,F:\GENESIS Studio\genesis-studio\packages\engines-py\.pdb_cache\3OG7,A
2705,ThermoMPNN,3OG7,-0.37923455238342285,138,D,G,F:\GENESIS Studio\genesis-studio\packages\engines-py\.pdb_cache\3OG7,A
2706,ThermoMPNN,3OG7,0.1530507206916809,138,D,H,F:\GENESIS Studio\genesis-studio\packages\engines-py\.pdb_cache\3OG7,A
2707,ThermoMPNN,3OG7,1.2703495025634766,138,D,I,F:\GENESIS Studio\genesis-studio\packages\engines-py\.pdb_cache\3OG7,A
2708,ThermoMPNN,3OG7,0.5049676299095154,138,D,K,F:\GENESIS Studio\genesis-studio\packages\engines-py\.pdb_cache\3OG7,A
2709,ThermoMPNN,3OG7,0.5500388145446777,138,D,L,F:\GENESIS Studio\genesis-studio\packages\engines-py\.pdb_cache\3OG7,A
2710,ThermoMPNN,3OG7,0.4381260871887207,138,D,M,F:\GENESIS Studio\genesis-studio\packages\engines-py\.pdb_cache\3OG7,A
2711,ThermoMPNN,3OG7,-0.2127065658569336,138,D,N,F:\GENESIS Studio\genesis-studio\packages\engines-py\.pdb_cache\3OG7,A
2712,ThermoMPNN,3OG7,1.4108757972717285,138,D,P,F:\GENESIS Studio\genesis-studio\packages\engines-py\.pdb_cache\3OG7,A
2713,ThermoMPNN,3OG7,0.4876083731651306,138,D,Q,F:\GENESIS Studio\genesis-studio\packages\engines-py\.pdb_cache\3OG7,A
2714,ThermoMPNN,3OG7,0.516243577003479,138,D,R,F:\GENESIS Studio\genesis-studio\packages\engines-py\.pdb_cache\3OG7,A
2715,ThermoMPNN,3OG7,0.5513455867767334,138,D,S,F:\GENESIS Studio\genesis-studio\packages\engines-py\.pdb_cache\3OG7,A
2716,ThermoMPNN,3OG7,1.0802699327468872,138,D,T,F:\GENESIS Studio\genesis-studio\packages\engines-py\.pdb_cache\3OG7,A
2717,ThermoMPNN,3OG7,1.3011412620544434,138,D,V,F:\GENESIS Studio\genesis-studio\packages\engines-py\.pdb_cache\3OG7,A
2718,ThermoMPNN,3OG7,0.5062119364738464,138,D,W,F:\GENESIS Studio\genesis-studio\packages\engines-py\.pdb_cache\3OG7,A
2719,ThermoMPNN,3OG7,0.39482372999191284,138,D,Y,F:\GENESIS Studio\genesis-studio\packages\engines-py\.pdb_cache\3OG7,A
2720,ThermoMPNN,3OG7,0.3448144197463989,139,N,A,F:\GENESIS Studio\genesis-studio\packages\engines-py\.pdb_cache\3OG7,A
2721,ThermoMPNN,3OG7,-0.13306105136871338,139,N,C,F:\GENESIS Studio\genesis-studio\packages\engines-py\.pdb_cache\3OG7,A
2722,ThermoMPNN,3OG7,0.48400405049324036,139,N,D,F:\GENESIS Studio\genesis-studio\packages\engines-py\.pdb_cache\3OG7,A
2723,ThermoMPNN,3OG7,0.4176012873649597,139,N,E,F:\GENESIS Studio\genesis-studio\packages\engines-py\.pdb_cache\3OG7,A
2724,ThermoMPNN,3OG7,0.3328930735588074,139,N,F,F:\GENESIS Studio\genesis-studio\packages\engines-py\.pdb_cache\3OG7,A
2725,ThermoMPNN,3OG7,0.5256689786911011,139,N,G,F:\GENESIS Studio\genesis-studio\packages\engines-py\.pdb_cache\3OG7,A
2726,ThermoMPNN,3OG7,0.0537487268447876,139,N,H,F:\GENESIS Studio\genesis-studio\packages\engines-py\.pdb_cache\3OG7,A
2727,ThermoMPNN,3OG7,0.01785409450531006,139,N,I,F:\GENESIS Studio\genesis-studio\packages\engines-py\.pdb_cache\3OG7,A
2728,ThermoMPNN,3OG7,0.02510017156600952,139,N,K,F:\GENESIS Studio\genesis-studio\packages\engines-py\.pdb_cache\3OG7,A
2729,ThermoMPNN,3OG7,0.22931033372879028,139,N,L,F:\GENESIS Studio\genesis-studio\packages\engines-py\.pdb_cache\3OG7,A
2730,ThermoMPNN,3OG7,0.24187195301055908,139,N,M,F:\GENESIS Studio\genesis-studio\packages\engines-py\.pdb_cache\3OG7,A
2731,ThermoMPNN,3OG7,0.0,139,N,N,F:\GENESIS Studio\genesis-studio\packages\engines-py\.pdb_cache\3OG7,A
2732,ThermoMPNN,3OG7,1.6184916496276855,139,N,P,F:\GENESIS Studio\genesis-studio\packages\engines-py\.pdb_cache\3OG7,A
2733,ThermoMPNN,3OG7,0.12512773275375366,139,N,Q,F:\GENESIS Studio\genesis-studio\packages\engines-py\.pdb_cache\3OG7,A
2734,ThermoMPNN,3OG7,0.00476604700088501,139,N,R,F:\GENESIS Studio\genesis-studio\packages\engines-py\.pdb_cache\3OG7,A
2735,ThermoMPNN,3OG7,0.061471402645111084,139,N,S,F:\GENESIS Studio\genesis-studio\packages\engines-py\.pdb_cache\3OG7,A
2736,ThermoMPNN,3OG7,0.002037525177001953,139,N,T,F:\GENESIS Studio\genesis-studio\packages\engines-py\.pdb_cache\3OG7,A
2737,ThermoMPNN,3OG7,-0.03950297832489014,139,N,V,F:\GENESIS Studio\genesis-studio\packages\engines-py\.pdb_cache\3OG7,A
2738,ThermoMPNN,3OG7,0.4431713819503784,139,N,W,F:\GENESIS Studio\genesis-studio\packages\engines-py\.pdb_cache\3OG7,A
2739,ThermoMPNN,3OG7,0.3192593455314636,139,N,Y,F:\GENESIS Studio\genesis-studio\packages\engines-py\.pdb_cache\3OG7,A
2740,ThermoMPNN,3OG7,0.5304028987884521,140,T,A,F:\GENESIS Studio\genesis-studio\packages\engines-py\.pdb_cache\3OG7,A
2741,ThermoMPNN,3OG7,0.07541346549987793,140,T,C,F:\GENESIS Studio\genesis-studio\packages\engines-py\.pdb_cache\3OG7,A
2742,ThermoMPNN,3OG7,0.6278343200683594,140,T,D,F:\GENESIS Studio\genesis-studio\packages\engines-py\.pdb_cache\3OG7,A
2743,ThermoMPNN,3OG7,0.4193686246871948,140,T,E,F:\GENESIS Studio\genesis-studio\packages\engines-py\.pdb_cache\3OG7,A
2744,ThermoMPNN,3OG7,0.20279943943023682,140,T,F,F:\GENESIS Studio\genesis-studio\packages\engines-py\.pdb_cache\3OG7,A
2745,ThermoMPNN,3OG7,0.861254096031189,140,T,G,F:\GENESIS Studio\genesis-studio\packages\engines-py\.pdb_cache\3OG7,A
2746,ThermoMPNN,3OG7,0.23819386959075928,140,T,H,F:\GENESIS Studio\genesis-studio\packages\engines-py\.pdb_cache\3OG7,A
2747,ThermoMPNN,3OG7,-0.06302487850189209,140,T,I,F:\GENESIS Studio\genesis-studio\packages\engines-py\.pdb_cache\3OG7,A
2748,ThermoMPNN,3OG7,0.2873775362968445,140,T,K,F:\GENESIS Studio\genesis-studio\packages\engines-py\.pdb_cache\3OG7,A
2749,ThermoMPNN,3OG7,0.2828637957572937,140,T,L,F:\GENESIS Studio\genesis-studio\packages\engines-py\.pdb_cache\3OG7,A
2750,ThermoMPNN,3OG7,0.4305596351623535,140,T,M,F:\GENESIS Studio\genesis-studio\packages\engines-py\.pdb_cache\3OG7,A
2751,ThermoMPNN,3OG7,0.40004968643188477,140,T,N,F:\GENESIS Studio\genesis-studio\packages\engines-py\.pdb_cache\3OG7,A
2752,ThermoMPNN,3OG7,1.3607134819030762,140,T,P,F:\GENESIS Studio\genesis-studio\packages\engines-py\.pdb_cache\3OG7,A
2753,ThermoMPNN,3OG7,0.38445091247558594,140,T,Q,F:\GENESIS Studio\genesis-studio\packages\engines-py\.pdb_cache\3OG7,A
2754,ThermoMPNN,3OG7,0.31130969524383545,140,T,R,F:\GENESIS Studio\genesis-studio\packages\engines-py\.pdb_cache\3OG7,A
2755,ThermoMPNN,3OG7,0.38540083169937134,140,T,S,F:\GENESIS Studio\genesis-studio\packages\engines-py\.pdb_cache\3OG7,A
2756,ThermoMPNN,3OG7,0.0,140,T,T,F:\GENESIS Studio\genesis-studio\packages\engines-py\.pdb_cache\3OG7,A
2757,ThermoMPNN,3OG7,-0.097481369972229,140,T,V,F:\GENESIS Studio\genesis-studio\packages\engines-py\.pdb_cache\3OG7,A
2758,ThermoMPNN,3OG7,0.2936229705810547,140,T,W,F:\GENESIS Studio\genesis-studio\packages\engines-py\.pdb_cache\3OG7,A
2759,ThermoMPNN,3OG7,0.11910855770111084,140,T,Y,F:\GENESIS Studio\genesis-studio\packages\engines-py\.pdb_cache\3OG7,A
2760,ThermoMPNN,3OG7,1.1348494291305542,141,V,A,F:\GENESIS Studio\genesis-studio\packages\engines-py\.pdb_cache\3OG7,A
2761,ThermoMPNN,3OG7,0.805098295211792,141,V,C,F:\GENESIS Studio\genesis-studio\packages\engines-py\.pdb_cache\3OG7,A
2762,ThermoMPNN,3OG7,2.4545228481292725,141,V,D,F:\GENESIS Studio\genesis-studio\packages\engines-py\.pdb_cache\3OG7,A
2763,ThermoMPNN,3OG7,2.854368209838867,141,V,E,F:\GENESIS Studio\genesis-studio\packages\engines-py\.pdb_cache\3OG7,A
2764,ThermoMPNN,3OG7,1.8382773399353027,141,V,F,F:\GENESIS Studio\genesis-studio\packages\engines-py\.pdb_cache\3OG7,A
2765,ThermoMPNN,3OG7,2.2889623641967773,141,V,G,F:\GENESIS Studio\genesis-studio\packages\engines-py\.pdb_cache\3OG7,A
2766,ThermoMPNN,3OG7,2.224135160446167,141,V,H,F:\GENESIS Studio\genesis-studio\packages\engines-py\.pdb_cache\3OG7,A
2767,ThermoMPNN,3OG7,0.8439565896987915,141,V,I,F:\GENESIS Studio\genesis-studio\packages\engines-py\.pdb_cache\3OG7,A
2768,ThermoMPNN,3OG7,2.6057448387145996,141,V,K,F:\GENESIS Studio\genesis-studio\packages\engines-py\.pdb_cache\3OG7,A
2769,ThermoMPNN,3OG7,1.4568055868148804,141,V,L,F:\GENESIS Studio\genesis-studio\packages\engines-py\.pdb_cache\3OG7,A
2770,ThermoMPNN,3OG7,1.839238166809082,141,V,M,F:\GENESIS Studio\genesis-studio\packages\engines-py\.pdb_cache\3OG7,A
2771,ThermoMPNN,3OG7,2.438889741897583,141,V,N,F:\GENESIS Studio\genesis-studio\packages\engines-py\.pdb_cache\3OG7,A
2772,ThermoMPNN,3OG7,1.3024095296859741,141,V,P,F:\GENESIS Studio\genesis-studio\packages\engines-py\.pdb_cache\3OG7,A
2773,ThermoMPNN,3OG7,2.5672147274017334,141,V,Q,F:\GENESIS Studio\genesis-studio\packages\engines-py\.pdb_cache\3OG7,A
2774,ThermoMPNN,3OG7,2.6859068870544434,141,V,R,F:\GENESIS Studio\genesis-studio\packages\engines-py\.pdb_cache\3OG7,A
2775,ThermoMPNN,3OG7,1.878176212310791,141,V,S,F:\GENESIS Studio\genesis-studio\packages\engines-py\.pdb_cache\3OG7,A
2776,ThermoMPNN,3OG7,1.5081802606582642,141,V,T,F:\GENESIS Studio\genesis-studio\packages\engines-py\.pdb_cache\3OG7,A
2777,ThermoMPNN,3OG7,0.0,141,V,V,F:\GENESIS Studio\genesis-studio\packages\engines-py\.pdb_cache\3OG7,A
2778,ThermoMPNN,3OG7,1.9486054182052612,141,V,W,F:\GENESIS Studio\genesis-studio\packages\engines-py\.pdb_cache\3OG7,A
2779,ThermoMPNN,3OG7,1.9531328678131104,141,V,Y,F:\GENESIS Studio\genesis-studio\packages\engines-py\.pdb_cache\3OG7,A
2780,ThermoMPNN,3OG7,1.41096830368042,142,K,A,F:\GENESIS Studio\genesis-studio\packages\engines-py\.pdb_cache\3OG7,A
2781,ThermoMPNN,3OG7,0.4326890707015991,142,K,C,F:\GENESIS Studio\genesis-studio\packages\engines-py\.pdb_cache\3OG7,A
2782,ThermoMPNN,3OG7,3.2024617195129395,142,K,D,F:\GENESIS Studio\genesis-studio\packages\engines-py\.pdb_cache\3OG7,A
2783,ThermoMPNN,3OG7,2.2906203269958496,142,K,E,F:\GENESIS Studio\genesis-studio\packages\engines-py\.pdb_cache\3OG7,A
2784,ThermoMPNN,3OG7,0.3424086570739746,142,K,F,F:\GENESIS Studio\genesis-studio\packages\engines-py\.pdb_cache\3OG7,A
2785,ThermoMPNN,3OG7,2.2290847301483154,142,K,G,F:\GENESIS Studio\genesis-studio\packages\engines-py\.pdb_cache\3OG7,A
2786,ThermoMPNN,3OG7,0.7442865371704102,142,K,H,F:\GENESIS Studio\genesis-studio\packages\engines-py\.pdb_cache\3OG7,A
2787,ThermoMPNN,3OG7,0.7831977009773254,142,K,I,F:\GENESIS Studio\genesis-studio\packages\engines-py\.pdb_cache\3OG7,A
2788,ThermoMPNN,3OG7,0.0,142,K,K,F:\GENESIS Studio\genesis-studio\packages\engines-py\.pdb_cache\3OG7,A
2789,ThermoMPNN,3OG7,0.2555217742919922,142,K,L,F:\GENESIS Studio\genesis-studio\packages\engines-py\.pdb_cache\3OG7,A
2790,ThermoMPNN,3OG7,0.2711986303329468,142,K,M,F:\GENESIS Studio\genesis-studio\packages\engines-py\.pdb_cache\3OG7,A
2791,ThermoMPNN,3OG7,1.7188836336135864,142,K,N,F:\GENESIS Studio\genesis-studio\packages\engines-py\.pdb_cache\3OG7,A
2792,ThermoMPNN,3OG7,2.654453754425049,142,K,P,F:\GENESIS Studio\genesis-studio\packages\engines-py\.pdb_cache\3OG7,A
2793,ThermoMPNN,3OG7,0.7321202754974365,142,K,Q,F:\GENESIS Studio\genesis-studio\packages\engines-py\.pdb_cache\3OG7,A
2794,ThermoMPNN,3OG7,-0.040384769439697266,142,K,R,F:\GENESIS Studio\genesis-studio\packages\engines-py\.pdb_cache\3OG7,A
2795,ThermoMPNN,3OG7,1.5604233741760254,142,K,S,F:\GENESIS Studio\genesis-studio\packages\engines-py\.pdb_cache\3OG7,A
2796,ThermoMPNN,3OG7,1.8054428100585938,142,K,T,F:\GENESIS Studio\genesis-studio\packages\engines-py\.pdb_cache\3OG7,A
2797,ThermoMPNN,3OG7,1.1441013813018799,142,K,V,F:\GENESIS Studio\genesis-studio\packages\engines-py\.pdb_cache\3OG7,A
2798,ThermoMPNN,3OG7,0.3797290325164795,142,K,W,F:\GENESIS Studio\genesis-studio\packages\engines-py\.pdb_cache\3OG7,A
2799,ThermoMPNN,3OG7,0.3546864986419678,142,K,Y,F:\GENESIS Studio\genesis-studio\packages\engines-py\.pdb_cache\3OG7,A
2800,ThermoMPNN,3OG7,2.065059185028076,143,I,A,F:\GENESIS Studio\genesis-studio\packages\engines-py\.pdb_cache\3OG7,A
2801,ThermoMPNN,3OG7,1.3775686025619507,143,I,C,F:\GENESIS Studio\genesis-studio\packages\engines-py\.pdb_cache\3OG7,A
2802,ThermoMPNN,3OG7,2.757455825805664,143,I,D,F:\GENESIS Studio\genesis-studio\packages\engines-py\.pdb_cache\3OG7,A
2803,ThermoMPNN,3OG7,2.6507391929626465,143,I,E,F:\GENESIS Studio\genesis-studio\packages\engines-py\.pdb_cache\3OG7,A
2804,ThermoMPNN,3OG7,1.2656651735305786,143,I,F,F:\GENESIS Studio\genesis-studio\packages\engines-py\.pdb_cache\3OG7,A
2805,ThermoMPNN,3OG7,2.5264506340026855,143,I,G,F:\GENESIS Studio\genesis-studio\packages\engines-py\.pdb_cache\3OG7,A
2806,ThermoMPNN,3OG7,2.506547451019287,143,I,H,F:\GENESIS Studio\genesis-studio\packages\engines-py\.pdb_cache\3OG7,A
2807,ThermoMPNN,3OG7,0.0,143,I,I,F:\GENESIS Studio\genesis-studio\packages\engines-py\.pdb_cache\3OG7,A
2808,ThermoMPNN,3OG7,2.614769697189331,143,I,K,F:\GENESIS Studio\genesis-studio\packages\engines-py\.pdb_cache\3OG7,A
2809,ThermoMPNN,3OG7,0.504296064376831,143,I,L,F:\GENESIS Studio\genesis-studio\packages\engines-py\.pdb_cache\3OG7,A
2810,ThermoMPNN,3OG7,1.066260814666748,143,I,M,F:\GENESIS Studio\genesis-studio\packages\engines-py\.pdb_cache\3OG7,A
2811,ThermoMPNN,3OG7,2.5933892726898193,143,I,N,F:\GENESIS Studio\genesis-studio\packages\engines-py\.pdb_cache\3OG7,A
2812,ThermoMPNN,3OG7,2.4652092456817627,143,I,P,F:\GENESIS Studio\genesis-studio\packages\engines-py\.pdb_cache\3OG7,A
2813,ThermoMPNN,3OG7,2.6461875438690186,143,I,Q,F:\GENESIS Studio\genesis-studio\packages\engines-py\.pdb_cache\3OG7,A
2814,ThermoMPNN,3OG7,2.557830572128296,143,I,R,F:\GENESIS Studio\genesis-studio\packages\engines-py\.pdb_cache\3OG7,A
2815,ThermoMPNN,3OG7,2.6252408027648926,143,I,S,F:\GENESIS Studio\genesis-studio\packages\engines-py\.pdb_cache\3OG7,A
2816,ThermoMPNN,3OG7,2.2670867443084717,143,I,T,F:\GENESIS Studio\genesis-studio\packages\engines-py\.pdb_cache\3OG7,A
2817,ThermoMPNN,3OG7,0.6545636653900146,143,I,V,F:\GENESIS Studio\genesis-studio\packages\engines-py\.pdb_cache\3OG7,A
2818,ThermoMPNN,3OG7,1.8830493688583374,143,I,W,F:\GENESIS Studio\genesis-studio\packages\engines-py\.pdb_cache\3OG7,A
2819,ThermoMPNN,3OG7,1.8533991575241089,143,I,Y,F:\GENESIS Studio\genesis-studio\packages\engines-py\.pdb_cache\3OG7,A
2820,ThermoMPNN,3OG7,0.3347656726837158,144,G,A,F:\GENESIS Studio\genesis-studio\packages\engines-py\.pdb_cache\3OG7,A
2821,ThermoMPNN,3OG7,0.07234394550323486,144,G,C,F:\GENESIS Studio\genesis-studio\packages\engines-py\.pdb_cache\3OG7,A
2822,ThermoMPNN,3OG7,1.0566422939300537,144,G,D,F:\GENESIS Studio\genesis-studio\packages\engines-py\.pdb_cache\3OG7,A
2823,ThermoMPNN,3OG7,1.031760334968567,144,G,E,F:\GENESIS Studio\genesis-studio\packages\engines-py\.pdb_cache\3OG7,A
2824,ThermoMPNN,3OG7,0.2556372284889221,144,G,F,F:\GENESIS Studio\genesis-studio\packages\engines-py\.pdb_cache\3OG7,A
2825,ThermoMPNN,3OG7,0.0,144,G,G,F:\GENESIS Studio\genesis-studio\packages\engines-py\.pdb_cache\3OG7,A
2826,ThermoMPNN,3OG7,1.1520884037017822,144,G,H,F:\GENESIS Studio\genesis-studio\packages\engines-py\.pdb_cache\3OG7,A
2827,ThermoMPNN,3OG7,0.5098048448562622,144,G,I,F:\GENESIS Studio\genesis-studio\packages\engines-py\.pdb_cache\3OG7,A
2828,ThermoMPNN,3OG7,1.4397265911102295,144,G,K,F:\GENESIS Studio\genesis-studio\packages\engines-py\.pdb_cache\3OG7,A
2829,ThermoMPNN,3OG7,0.5041919350624084,144,G,L,F:\GENESIS Studio\genesis-studio\packages\engines-py\.pdb_cache\3OG7,A
2830,ThermoMPNN,3OG7,0.34415745735168457,144,G,M,F:\GENESIS Studio\genesis-studio\packages\engines-py\.pdb_cache\3OG7,A
2831,ThermoMPNN,3OG7,1.2324230670928955,144,G,N,F:\GENESIS Studio\genesis-studio\packages\engines-py\.pdb_cache\3OG7,A
2832,ThermoMPNN,3OG7,1.560180425643921,144,G,P,F:\GENESIS Studio\genesis-studio\packages\engines-py\.pdb_cache\3OG7,A
2833,ThermoMPNN,3OG7,1.0391998291015625,144,G,Q,F:\GENESIS Studio\genesis-studio\packages\engines-py\.pdb_cache\3OG7,A
2834,ThermoMPNN,3OG7,1.3855961561203003,144,G,R,F:\GENESIS Studio\genesis-studio\packages\engines-py\.pdb_cache\3OG7,A
2835,ThermoMPNN,3OG7,0.7209304571151733,144,G,S,F:\GENESIS Studio\genesis-studio\packages\engines-py\.pdb_cache\3OG7,A
2836,ThermoMPNN,3OG7,0.46803897619247437,144,G,T,F:\GENESIS Studio\genesis-studio\packages\engines-py\.pdb_cache\3OG7,A
2837,ThermoMPNN,3OG7,0.41110044717788696,144,G,V,F:\GENESIS Studio\genesis-studio\packages\engines-py\.pdb_cache\3OG7,A
2838,ThermoMPNN,3OG7,0.8422012329101562,144,G,W,F:\GENESIS Studio\genesis-studio\packages\engines-py\.pdb_cache\3OG7,A
2839,ThermoMPNN,3OG7,0.6895800232887268,144,G,Y,F:\GENESIS Studio\genesis-studio\packages\engines-py\.pdb_cache\3OG7,A
2840,ThermoMPNN,3OG7,0.34684014320373535,145,D,A,F:\GENESIS Studio\genesis-studio\packages\engines-py\.pdb_cache\3OG7,A
2841,ThermoMPNN,3OG7,-0.004567265510559082,145,D,C,F:\GENESIS Studio\genesis-studio\packages\engines-py\.pdb_cache\3OG7,A
2842,ThermoMPNN,3OG7,0.0,145,D,D,F:\GENESIS Studio\genesis-studio\packages\engines-py\.pdb_cache\3OG7,A
2843,ThermoMPNN,3OG7,0.7460139393806458,145,D,E,F:\GENESIS Studio\genesis-studio\packages\engines-py\.pdb_cache\3OG7,A
2844,ThermoMPNN,3OG7,0.1672511100769043,145,D,F,F:\GENESIS Studio\genesis-studio\packages\engines-py\.pdb_cache\3OG7,A
2845,ThermoMPNN,3OG7,1.245140790939331,145,D,G,F:\GENESIS Studio\genesis-studio\packages\engines-py\.pdb_cache\3OG7,A
2846,ThermoMPNN,3OG7,0.5864577293395996,145,D,H,F:\GENESIS Studio\genesis-studio\packages\engines-py\.pdb_cache\3OG7,A
2847,ThermoMPNN,3OG7,0.4767507314682007,145,D,I,F:\GENESIS Studio\genesis-studio\packages\engines-py\.pdb_cache\3OG7,A
2848,ThermoMPNN,3OG7,1.129201889038086,145,D,K,F:\GENESIS Studio\genesis-studio\packages\engines-py\.pdb_cache\3OG7,A
2849,ThermoMPNN,3OG7,0.521841824054718,145,D,L,F:\GENESIS Studio\genesis-studio\packages\engines-py\.pdb_cache\3OG7,A
2850,ThermoMPNN,3OG7,0.4618455171585083,145,D,M,F:\GENESIS Studio\genesis-studio\packages\engines-py\.pdb_cache\3OG7,A
2851,ThermoMPNN,3OG7,0.8252183198928833,145,D,N,F:\GENESIS Studio\genesis-studio\packages\engines-py\.pdb_cache\3OG7,A
2852,ThermoMPNN,3OG7,1.4991652965545654,145,D,P,F:\GENESIS Studio\genesis-studio\packages\engines-py\.pdb_cache\3OG7,A
2853,ThermoMPNN,3OG7,0.5741570591926575,145,D,Q,F:\GENESIS Studio\genesis-studio\packages\engines-py\.pdb_cache\3OG7,A
2854,ThermoMPNN,3OG7,1.1612859964370728,145,D,R,F:\GENESIS Studio\genesis-studio\packages\engines-py\.pdb_cache\3OG7,A
2855,ThermoMPNN,3OG7,0.5119019746780396,145,D,S,F:\GENESIS Studio\genesis-studio\packages\engines-py\.pdb_cache\3OG7,A
2856,ThermoMPNN,3OG7,0.8963765501976013,145,D,T,F:\GENESIS Studio\genesis-studio\packages\engines-py\.pdb_cache\3OG7,A
2857,ThermoMPNN,3OG7,0.6157954335212708,145,D,V,F:\GENESIS Studio\genesis-studio\packages\engines-py\.pdb_cache\3OG7,A
2858,ThermoMPNN,3OG7,-0.1886305809020996,145,D,W,F:\GENESIS Studio\genesis-studio\packages\engines-py\.pdb_cache\3OG7,A
2859,ThermoMPNN,3OG7,0.16192662715911865,145,D,Y,F:\GENESIS Studio\genesis-studio\packages\engines-py\.pdb_cache\3OG7,A
2860,ThermoMPNN,3OG7,2.2946665287017822,146,F,A,F:\GENESIS Studio\genesis-studio\packages\engines-py\.pdb_cache\3OG7,A
2861,ThermoMPNN,3OG7,1.603922724723816,146,F,C,F:\GENESIS Studio\genesis-studio\packages\engines-py\.pdb_cache\3OG7,A
2862,ThermoMPNN,3OG7,2.3852028846740723,146,F,D,F:\GENESIS Studio\genesis-studio\packages\engines-py\.pdb_cache\3OG7,A
2863,ThermoMPNN,3OG7,2.3635849952697754,146,F,E,F:\GENESIS Studio\genesis-studio\packages\engines-py\.pdb_cache\3OG7,A
2864,ThermoMPNN,3OG7,0.0,146,F,F,F:\GENESIS Studio\genesis-studio\packages\engines-py\.pdb_cache\3OG7,A
2865,ThermoMPNN,3OG7,2.347622871398926,146,F,G,F:\GENESIS Studio\genesis-studio\packages\engines-py\.pdb_cache\3OG7,A
2866,ThermoMPNN,3OG7,2.367795467376709,146,F,H,F:\GENESIS Studio\genesis-studio\packages\engines-py\.pdb_cache\3OG7,A
2867,ThermoMPNN,3OG7,1.139490008354187,146,F,I,F:\GENESIS Studio\genesis-studio\packages\engines-py\.pdb_cache\3OG7,A
2868,ThermoMPNN,3OG7,2.5232391357421875,146,F,K,F:\GENESIS Studio\genesis-studio\packages\engines-py\.pdb_cache\3OG7,A
2869,ThermoMPNN,3OG7,1.4234932661056519,146,F,L,F:\GENESIS Studio\genesis-studio\packages\engines-py\.pdb_cache\3OG7,A
2870,ThermoMPNN,3OG7,1.2875683307647705,146,F,M,F:\GENESIS Studio\genesis-studio\packages\engines-py\.pdb_cache\3OG7,A
2871,ThermoMPNN,3OG7,2.5767765045166016,146,F,N,F:\GENESIS Studio\genesis-studio\packages\engines-py\.pdb_cache\3OG7,A
2872,ThermoMPNN,3OG7,2.3907723426818848,146,F,P,F:\GENESIS Studio\genesis-studio\packages\engines-py\.pdb_cache\3OG7,A
2873,ThermoMPNN,3OG7,2.4433703422546387,146,F,Q,F:\GENESIS Studio\genesis-studio\packages\engines-py\.pdb_cache\3OG7,A
2874,ThermoMPNN,3OG7,2.369337558746338,146,F,R,F:\GENESIS Studio\genesis-studio\packages\engines-py\.pdb_cache\3OG7,A
2875,ThermoMPNN,3OG7,2.2891063690185547,146,F,S,F:\GENESIS Studio\genesis-studio\packages\engines-py\.pdb_cache\3OG7,A
2876,ThermoMPNN,3OG7,2.18646240234375,146,F,T,F:\GENESIS Studio\genesis-studio\packages\engines-py\.pdb_cache\3OG7,A
2877,ThermoMPNN,3OG7,1.5821282863616943,146,F,V,F:\GENESIS Studio\genesis-studio\packages\engines-py\.pdb_cache\3OG7,A
2878,ThermoMPNN,3OG7,1.2994712591171265,146,F,W,F:\GENESIS Studio\genesis-studio\packages\engines-py\.pdb_cache\3OG7,A
2879,ThermoMPNN,3OG7,1.126754641532898,146,F,Y,F:\GENESIS Studio\genesis-studio\packages\engines-py\.pdb_cache\3OG7,A
2880,ThermoMPNN,3OG7,0.8044456243515015,147,G,A,F:\GENESIS Studio\genesis-studio\packages\engines-py\.pdb_cache\3OG7,A
2881,ThermoMPNN,3OG7,0.5330235362052917,147,G,C,F:\GENESIS Studio\genesis-studio\packages\engines-py\.pdb_cache\3OG7,A
2882,ThermoMPNN,3OG7,1.0567891597747803,147,G,D,F:\GENESIS Studio\genesis-studio\packages\engines-py\.pdb_cache\3OG7,A
2883,ThermoMPNN,3OG7,0.8345427513122559,147,G,E,F:\GENESIS Studio\genesis-studio\packages\engines-py\.pdb_cache\3OG7,A
2884,ThermoMPNN,3OG7,0.6113696694374084,147,G,F,F:\GENESIS Studio\genesis-studio\packages\engines-py\.pdb_cache\3OG7,A
2885,ThermoMPNN,3OG7,0.0,147,G,G,F:\GENESIS Studio\genesis-studio\packages\engines-py\.pdb_cache\3OG7,A
2886,ThermoMPNN,3OG7,0.818958044052124,147,G,H,F:\GENESIS Studio\genesis-studio\packages\engines-py\.pdb_cache\3OG7,A
2887,ThermoMPNN,3OG7,1.028782844543457,147,G,I,F:\GENESIS Studio\genesis-studio\packages\engines-py\.pdb_cache\3OG7,A
2888,ThermoMPNN,3OG7,1.4205323457717896,147,G,K,F:\GENESIS Studio\genesis-studio\packages\engines-py\.pdb_cache\3OG7,A
2889,ThermoMPNN,3OG7,1.2459604740142822,147,G,L,F:\GENESIS Studio\genesis-studio\packages\engines-py\.pdb_cache\3OG7,A
2890,ThermoMPNN,3OG7,0.9530206918716431,147,G,M,F:\GENESIS Studio\genesis-studio\packages\engines-py\.pdb_cache\3OG7,A
2891,ThermoMPNN,3OG7,1.223000168800354,147,G,N,F:\GENESIS Studio\genesis-studio\packages\engines-py\.pdb_cache\3OG7,A
2892,ThermoMPNN,3OG7,1.592942237854004,147,G,P,F:\GENESIS Studio\genesis-studio\packages\engines-py\.pdb_cache\3OG7,A
2893,ThermoMPNN,3OG7,1.0914956331253052,147,G,Q,F:\GENESIS Studio\genesis-studio\packages\engines-py\.pdb_cache\3OG7,A
2894,ThermoMPNN,3OG7,1.2925782203674316,147,G,R,F:\GENESIS Studio\genesis-studio\packages\engines-py\.pdb_cache\3OG7,A
2895,ThermoMPNN,3OG7,0.9913715124130249,147,G,S,F:\GENESIS Studio\genesis-studio\packages\engines-py\.pdb_cache\3OG7,A
2896,ThermoMPNN,3OG7,1.0447750091552734,147,G,T,F:\GENESIS Studio\genesis-studio\packages\engines-py\.pdb_cache\3OG7,A
2897,ThermoMPNN,3OG7,1.1284722089767456,147,G,V,F:\GENESIS Studio\genesis-studio\packages\engines-py\.pdb_cache\3OG7,A
2898,ThermoMPNN,3OG7,0.5707072615623474,147,G,W,F:\GENESIS Studio\genesis-studio\packages\engines-py\.pdb_cache\3OG7,A
2899,ThermoMPNN,3OG7,0.2535231113433838,147,G,Y,F:\GENESIS Studio\genesis-studio\packages\engines-py\.pdb_cache\3OG7,A
2900,ThermoMPNN,3OG7,0.19296610355377197,166,G,A,F:\GENESIS Studio\genesis-studio\packages\engines-py\.pdb_cache\3OG7,A
2901,ThermoMPNN,3OG7,0.031662702560424805,166,G,C,F:\GENESIS Studio\genesis-studio\packages\engines-py\.pdb_cache\3OG7,A
2902,ThermoMPNN,3OG7,0.2417791485786438,166,G,D,F:\GENESIS Studio\genesis-studio\packages\engines-py\.pdb_cache\3OG7,A
2903,ThermoMPNN,3OG7,0.1956038475036621,166,G,E,F:\GENESIS Studio\genesis-studio\packages\engines-py\.pdb_cache\3OG7,A
2904,ThermoMPNN,3OG7,0.3203446865081787,166,G,F,F:\GENESIS Studio\genesis-studio\packages\engines-py\.pdb_cache\3OG7,A
2905,ThermoMPNN,3OG7,0.0,166,G,G,F:\GENESIS Studio\genesis-studio\packages\engines-py\.pdb_cache\3OG7,A
2906,ThermoMPNN,3OG7,0.3229042887687683,166,G,H,F:\GENESIS Studio\genesis-studio\packages\engines-py\.pdb_cache\3OG7,A
2907,ThermoMPNN,3OG7,0.3436569571495056,166,G,I,F:\GENESIS Studio\genesis-studio\packages\engines-py\.pdb_cache\3OG7,A
2908,ThermoMPNN,3OG7,0.4122917056083679,166,G,K,F:\GENESIS Studio\genesis-studio\packages\engines-py\.pdb_cache\3OG7,A
2909,ThermoMPNN,3OG7,0.3692484498023987,166,G,L,F:\GENESIS Studio\genesis-studio\packages\engines-py\.pdb_cache\3OG7,A
2910,ThermoMPNN,3OG7,0.4089837074279785,166,G,M,F:\GENESIS Studio\genesis-studio\packages\engines-py\.pdb_cache\3OG7,A
2911,ThermoMPNN,3OG7,0.326759934425354,166,G,N,F:\GENESIS Studio\genesis-studio\packages\engines-py\.pdb_cache\3OG7,A
2912,ThermoMPNN,3OG7,0.5727684497833252,166,G,P,F:\GENESIS Studio\genesis-studio\packages\engines-py\.pdb_cache\3OG7,A
2913,ThermoMPNN,3OG7,0.38602179288864136,166,G,Q,F:\GENESIS Studio\genesis-studio\packages\engines-py\.pdb_cache\3OG7,A
2914,ThermoMPNN,3OG7,0.47586119174957275,166,G,R,F:\GENESIS Studio\genesis-studio\packages\engines-py\.pdb_cache\3OG7,A
2915,ThermoMPNN,3OG7,0.22871756553649902,166,G,S,F:\GENESIS Studio\genesis-studio\packages\engines-py\.pdb_cache\3OG7,A
2916,ThermoMPNN,3OG7,0.24571943283081055,166,G,T,F:\GENESIS Studio\genesis-studio\packages\engines-py\.pdb_cache\3OG7,A
2917,ThermoMPNN,3OG7,0.43173402547836304,166,G,V,F:\GENESIS Studio\genesis-studio\packages\engines-py\.pdb_cache\3OG7,A
2918,ThermoMPNN,3OG7,0.22873389720916748,166,G,W,F:\GENESIS Studio\genesis-studio\packages\engines-py\.pdb_cache\3OG7,A
2919,ThermoMPNN,3OG7,0.2612503170967102,166,G,Y,F:\GENESIS Studio\genesis-studio\packages\engines-py\.pdb_cache\3OG7,A
2920,ThermoMPNN,3OG7,0.2119550108909607,167,S,A,F:\GENESIS Studio\genesis-studio\packages\engines-py\.pdb_cache\3OG7,A
2921,ThermoMPNN,3OG7,-0.09391725063323975,167,S,C,F:\GENESIS Studio\genesis-studio\packages\engines-py\.pdb_cache\3OG7,A
2922,ThermoMPNN,3OG7,-0.32621729373931885,167,S,D,F:\GENESIS Studio\genesis-studio\packages\engines-py\.pdb_cache\3OG7,A
2923,ThermoMPNN,3OG7,0.1858222484588623,167,S,E,F:\GENESIS Studio\genesis-studio\packages\engines-py\.pdb_cache\3OG7,A
2924,ThermoMPNN,3OG7,0.2945128083229065,167,S,F,F:\GENESIS Studio\genesis-studio\packages\engines-py\.pdb_cache\3OG7,A
2925,ThermoMPNN,3OG7,0.3631938695907593,167,S,G,F:\GENESIS Studio\genesis-studio\packages\engines-py\.pdb_cache\3OG7,A
2926,ThermoMPNN,3OG7,0.15358036756515503,167,S,H,F:\GENESIS Studio\genesis-studio\packages\engines-py\.pdb_cache\3OG7,A
2927,ThermoMPNN,3OG7,0.3680875301361084,167,S,I,F:\GENESIS Studio\genesis-studio\packages\engines-py\.pdb_cache\3OG7,A
2928,ThermoMPNN,3OG7,0.5925208330154419,167,S,K,F:\GENESIS Studio\genesis-studio\packages\engines-py\.pdb_cache\3OG7,A
2929,ThermoMPNN,3OG7,0.3134160041809082,167,S,L,F:\GENESIS Studio\genesis-studio\packages\engines-py\.pdb_cache\3OG7,A
2930,ThermoMPNN,3OG7,0.3177909851074219,167,S,M,F:\GENESIS Studio\genesis-studio\packages\engines-py\.pdb_cache\3OG7,A
2931,ThermoMPNN,3OG7,-0.18136823177337646,167,S,N,F:\GENESIS Studio\genesis-studio\packages\engines-py\.pdb_cache\3OG7,A
2932,ThermoMPNN,3OG7,0.788625955581665,167,S,P,F:\GENESIS Studio\genesis-studio\packages\engines-py\.pdb_cache\3OG7,A
2933,ThermoMPNN,3OG7,0.42951786518096924,167,S,Q,F:\GENESIS Studio\genesis-studio\packages\engines-py\.pdb_cache\3OG7,A
2934,ThermoMPNN,3OG7,0.5192719101905823,167,S,R,F:\GENESIS Studio\genesis-studio\packages\engines-py\.pdb_cache\3OG7,A
2935,ThermoMPNN,3OG7,0.0,167,S,S,F:\GENESIS Studio\genesis-studio\packages\engines-py\.pdb_cache\3OG7,A
2936,ThermoMPNN,3OG7,0.18710917234420776,167,S,T,F:\GENESIS Studio\genesis-studio\packages\engines-py\.pdb_cache\3OG7,A
2937,ThermoMPNN,3OG7,0.40194451808929443,167,S,V,F:\GENESIS Studio\genesis-studio\packages\engines-py\.pdb_cache\3OG7,A
2938,ThermoMPNN,3OG7,0.27148503065109253,167,S,W,F:\GENESIS Studio\genesis-studio\packages\engines-py\.pdb_cache\3OG7,A
2939,ThermoMPNN,3OG7,0.30397558212280273,167,S,Y,F:\GENESIS Studio\genesis-studio\packages\engines-py\.pdb_cache\3OG7,A
2940,ThermoMPNN,3OG7,0.7952479720115662,168,I,A,F:\GENESIS Studio\genesis-studio\packages\engines-py\.pdb_cache\3OG7,A
2941,ThermoMPNN,3OG7,0.2663137912750244,168,I,C,F:\GENESIS Studio\genesis-studio\packages\engines-py\.pdb_cache\3OG7,A
2942,ThermoMPNN,3OG7,1.546884536743164,168,I,D,F:\GENESIS Studio\genesis-studio\packages\engines-py\.pdb_cache\3OG7,A
2943,ThermoMPNN,3OG7,1.5012032985687256,168,I,E,F:\GENESIS Studio\genesis-studio\packages\engines-py\.pdb_cache\3OG7,A
2944,ThermoMPNN,3OG7,0.36299264430999756,168,I,F,F:\GENESIS Studio\genesis-studio\packages\engines-py\.pdb_cache\3OG7,A
2945,ThermoMPNN,3OG7,1.2377285957336426,168,I,G,F:\GENESIS Studio\genesis-studio\packages\engines-py\.pdb_cache\3OG7,A
2946,ThermoMPNN,3OG7,1.0176582336425781,168,I,H,F:\GENESIS Studio\genesis-studio\packages\engines-py\.pdb_cache\3OG7,A
2947,ThermoMPNN,3OG7,0.0,168,I,I,F:\GENESIS Studio\genesis-studio\packages\engines-py\.pdb_cache\3OG7,A
2948,ThermoMPNN,3OG7,1.3587756156921387,168,I,K,F:\GENESIS Studio\genesis-studio\packages\engines-py\.pdb_cache\3OG7,A
2949,ThermoMPNN,3OG7,0.4051862955093384,168,I,L,F:\GENESIS Studio\genesis-studio\packages\engines-py\.pdb_cache\3OG7,A
2950,ThermoMPNN,3OG7,0.5818668007850647,168,I,M,F:\GENESIS Studio\genesis-studio\packages\engines-py\.pdb_cache\3OG7,A
2951,ThermoMPNN,3OG7,1.3590022325515747,168,I,N,F:\GENESIS Studio\genesis-studio\packages\engines-py\.pdb_cache\3OG7,A
2952,ThermoMPNN,3OG7,1.2672014236450195,168,I,P,F:\GENESIS Studio\genesis-studio\packages\engines-py\.pdb_cache\3OG7,A
2953,ThermoMPNN,3OG7,1.3298616409301758,168,I,Q,F:\GENESIS Studio\genesis-studio\packages\engines-py\.pdb_cache\3OG7,A
2954,ThermoMPNN,3OG7,1.4457544088363647,168,I,R,F:\GENESIS Studio\genesis-studio\packages\engines-py\.pdb_cache\3OG7,A
2955,ThermoMPNN,3OG7,1.0903546810150146,168,I,S,F:\GENESIS Studio\genesis-studio\packages\engines-py\.pdb_cache\3OG7,A
2956,ThermoMPNN,3OG7,0.8535703420639038,168,I,T,F:\GENESIS Studio\genesis-studio\packages\engines-py\.pdb_cache\3OG7,A
2957,ThermoMPNN,3OG7,0.2527049779891968,168,I,V,F:\GENESIS Studio\genesis-studio\packages\engines-py\.pdb_cache\3OG7,A
2958,ThermoMPNN,3OG7,0.25061845779418945,168,I,W,F:\GENESIS Studio\genesis-studio\packages\engines-py\.pdb_cache\3OG7,A
2959,ThermoMPNN,3OG7,0.3923451900482178,168,I,Y,F:\GENESIS Studio\genesis-studio\packages\engines-py\.pdb_cache\3OG7,A
2960,ThermoMPNN,3OG7,0.8491193056106567,169,L,A,F:\GENESIS Studio\genesis-studio\packages\engines-py\.pdb_cache\3OG7,A
2961,ThermoMPNN,3OG7,0.3574731945991516,169,L,C,F:\GENESIS Studio\genesis-studio\packages\engines-py\.pdb_cache\3OG7,A
2962,ThermoMPNN,3OG7,1.4174203872680664,169,L,D,F:\GENESIS Studio\genesis-studio\packages\engines-py\.pdb_cache\3OG7,A
2963,ThermoMPNN,3OG7,1.0434718132019043,169,L,E,F:\GENESIS Studio\genesis-studio\packages\engines-py\.pdb_cache\3OG7,A
2964,ThermoMPNN,3OG7,0.2741950750350952,169,L,F,F:\GENESIS Studio\genesis-studio\packages\engines-py\.pdb_cache\3OG7,A
2965,ThermoMPNN,3OG7,1.3554284572601318,169,L,G,F:\GENESIS Studio\genesis-studio\packages\engines-py\.pdb_cache\3OG7,A
2966,ThermoMPNN,3OG7,0.5681536793708801,169,L,H,F:\GENESIS Studio\genesis-studio\packages\engines-py\.pdb_cache\3OG7,A
2967,ThermoMPNN,3OG7,0.12616801261901855,169,L,I,F:\GENESIS Studio\genesis-studio\packages\engines-py\.pdb_cache\3OG7,A
2968,ThermoMPNN,3OG7,0.73941969871521,169,L,K,F:\GENESIS Studio\genesis-studio\packages\engines-py\.pdb_cache\3OG7,A
2969,ThermoMPNN,3OG7,0.0,169,L,L,F:\GENESIS Studio\genesis-studio\packages\engines-py\.pdb_cache\3OG7,A
2970,ThermoMPNN,3OG7,0.46859145164489746,169,L,M,F:\GENESIS Studio\genesis-studio\packages\engines-py\.pdb_cache\3OG7,A
2971,ThermoMPNN,3OG7,1.0124702453613281,169,L,N,F:\GENESIS Studio\genesis-studio\packages\engines-py\.pdb_cache\3OG7,A
2972,ThermoMPNN,3OG7,1.1920086145401,169,L,P,F:\GENESIS Studio\genesis-studio\packages\engines-py\.pdb_cache\3OG7,A
2973,ThermoMPNN,3OG7,0.9680354595184326,169,L,Q,F:\GENESIS Studio\genesis-studio\packages\engines-py\.pdb_cache\3OG7,A
2974,ThermoMPNN,3OG7,0.5527592897415161,169,L,R,F:\GENESIS Studio\genesis-studio\packages\engines-py\.pdb_cache\3OG7,A
2975,ThermoMPNN,3OG7,0.9906184673309326,169,L,S,F:\GENESIS Studio\genesis-studio\packages\engines-py\.pdb_cache\3OG7,A
2976,ThermoMPNN,3OG7,0.43720686435699463,169,L,T,F:\GENESIS Studio\genesis-studio\packages\engines-py\.pdb_cache\3OG7,A
2977,ThermoMPNN,3OG7,0.2419140338897705,169,L,V,F:\GENESIS Studio\genesis-studio\packages\engines-py\.pdb_cache\3OG7,A
2978,ThermoMPNN,3OG7,0.18008935451507568,169,L,W,F:\GENESIS Studio\genesis-studio\packages\engines-py\.pdb_cache\3OG7,A
2979,ThermoMPNN,3OG7,-0.06111311912536621,169,L,Y,F:\GENESIS Studio\genesis-studio\packages\engines-py\.pdb_cache\3OG7,A
2980,ThermoMPNN,3OG7,1.415834903717041,170,W,A,F:\GENESIS Studio\genesis-studio\packages\engines-py\.pdb_cache\3OG7,A
2981,ThermoMPNN,3OG7,1.0051193237304688,170,W,C,F:\GENESIS Studio\genesis-studio\packages\engines-py\.pdb_cache\3OG7,A
2982,ThermoMPNN,3OG7,1.6123592853546143,170,W,D,F:\GENESIS Studio\genesis-studio\packages\engines-py\.pdb_cache\3OG7,A
2983,ThermoMPNN,3OG7,1.2055907249450684,170,W,E,F:\GENESIS Studio\genesis-studio\packages\engines-py\.pdb_cache\3OG7,A
2984,ThermoMPNN,3OG7,0.43000102043151855,170,W,F,F:\GENESIS Studio\genesis-studio\packages\engines-py\.pdb_cache\3OG7,A
2985,ThermoMPNN,3OG7,1.3031845092773438,170,W,G,F:\GENESIS Studio\genesis-studio\packages\engines-py\.pdb_cache\3OG7,A
2986,ThermoMPNN,3OG7,0.6935696601867676,170,W,H,F:\GENESIS Studio\genesis-studio\packages\engines-py\.pdb_cache\3OG7,A
2987,ThermoMPNN,3OG7,1.7211740016937256,170,W,I,F:\GENESIS Studio\genesis-studio\packages\engines-py\.pdb_cache\3OG7,A
2988,ThermoMPNN,3OG7,1.525771141052246,170,W,K,F:\GENESIS Studio\genesis-studio\packages\engines-py\.pdb_cache\3OG7,A
2989,ThermoMPNN,3OG7,1.4990659952163696,170,W,L,F:\GENESIS Studio\genesis-studio\packages\engines-py\.pdb_cache\3OG7,A
2990,ThermoMPNN,3OG7,1.4615519046783447,170,W,M,F:\GENESIS Studio\genesis-studio\packages\engines-py\.pdb_cache\3OG7,A
2991,ThermoMPNN,3OG7,1.3768038749694824,170,W,N,F:\GENESIS Studio\genesis-studio\packages\engines-py\.pdb_cache\3OG7,A
2992,ThermoMPNN,3OG7,1.5588065385818481,170,W,P,F:\GENESIS Studio\genesis-studio\packages\engines-py\.pdb_cache\3OG7,A
2993,ThermoMPNN,3OG7,1.3070051670074463,170,W,Q,F:\GENESIS Studio\genesis-studio\packages\engines-py\.pdb_cache\3OG7,A
2994,ThermoMPNN,3OG7,1.303876519203186,170,W,R,F:\GENESIS Studio\genesis-studio\packages\engines-py\.pdb_cache\3OG7,A
2995,ThermoMPNN,3OG7,1.4400824308395386,170,W,S,F:\GENESIS Studio\genesis-studio\packages\engines-py\.pdb_cache\3OG7,A
2996,ThermoMPNN,3OG7,1.3921048641204834,170,W,T,F:\GENESIS Studio\genesis-studio\packages\engines-py\.pdb_cache\3OG7,A
2997,ThermoMPNN,3OG7,1.584261178970337,170,W,V,F:\GENESIS Studio\genesis-studio\packages\engines-py\.pdb_cache\3OG7,A
2998,ThermoMPNN,3OG7,0.0,170,W,W,F:\GENESIS Studio\genesis-studio\packages\engines-py\.pdb_cache\3OG7,A
2999,ThermoMPNN,3OG7,-0.18505859375,170,W,Y,F:\GENESIS Studio\genesis-studio\packages\engines-py\.pdb_cache\3OG7,A
3000,ThermoMPNN,3OG7,1.0388672351837158,171,M,A,F:\GENESIS Studio\genesis-studio\packages\engines-py\.pdb_cache\3OG7,A
3001,ThermoMPNN,3OG7,0.27262258529663086,171,M,C,F:\GENESIS Studio\genesis-studio\packages\engines-py\.pdb_cache\3OG7,A
3002,ThermoMPNN,3OG7,2.073141574859619,171,M,D,F:\GENESIS Studio\genesis-studio\packages\engines-py\.pdb_cache\3OG7,A
3003,ThermoMPNN,3OG7,1.7583863735198975,171,M,E,F:\GENESIS Studio\genesis-studio\packages\engines-py\.pdb_cache\3OG7,A
3004,ThermoMPNN,3OG7,0.6364129781723022,171,M,F,F:\GENESIS Studio\genesis-studio\packages\engines-py\.pdb_cache\3OG7,A
3005,ThermoMPNN,3OG7,1.628241777420044,171,M,G,F:\GENESIS Studio\genesis-studio\packages\engines-py\.pdb_cache\3OG7,A
3006,ThermoMPNN,3OG7,1.1398667097091675,171,M,H,F:\GENESIS Studio\genesis-studio\packages\engines-py\.pdb_cache\3OG7,A
3007,ThermoMPNN,3OG7,0.747053861618042,171,M,I,F:\GENESIS Studio\genesis-studio\packages\engines-py\.pdb_cache\3OG7,A
3008,ThermoMPNN,3OG7,0.9974926710128784,171,M,K,F:\GENESIS Studio\genesis-studio\packages\engines-py\.pdb_cache\3OG7,A
3009,ThermoMPNN,3OG7,-0.08858776092529297,171,M,L,F:\GENESIS Studio\genesis-studio\packages\engines-py\.pdb_cache\3OG7,A
3010,ThermoMPNN,3OG7,0.0,171,M,M,F:\GENESIS Studio\genesis-studio\packages\engines-py\.pdb_cache\3OG7,A
3011,ThermoMPNN,3OG7,1.4674718379974365,171,M,N,F:\GENESIS Studio\genesis-studio\packages\engines-py\.pdb_cache\3OG7,A
3012,ThermoMPNN,3OG7,2.446465015411377,171,M,P,F:\GENESIS Studio\genesis-studio\packages\engines-py\.pdb_cache\3OG7,A
3013,ThermoMPNN,3OG7,1.0313012599945068,171,M,Q,F:\GENESIS Studio\genesis-studio\packages\engines-py\.pdb_cache\3OG7,A
3014,ThermoMPNN,3OG7,1.0025546550750732,171,M,R,F:\GENESIS Studio\genesis-studio\packages\engines-py\.pdb_cache\3OG7,A
3015,ThermoMPNN,3OG7,1.4088367223739624,171,M,S,F:\GENESIS Studio\genesis-studio\packages\engines-py\.pdb_cache\3OG7,A
3016,ThermoMPNN,3OG7,1.4184684753417969,171,M,T,F:\GENESIS Studio\genesis-studio\packages\engines-py\.pdb_cache\3OG7,A
3017,ThermoMPNN,3OG7,0.9861992597579956,171,M,V,F:\GENESIS Studio\genesis-studio\packages\engines-py\.pdb_cache\3OG7,A
3018,ThermoMPNN,3OG7,0.5696197748184204,171,M,W,F:\GENESIS Studio\genesis-studio\packages\engines-py\.pdb_cache\3OG7,A
3019,ThermoMPNN,3OG7,0.7462376356124878,171,M,Y,F:\GENESIS Studio\genesis-studio\packages\engines-py\.pdb_cache\3OG7,A
3020,ThermoMPNN,3OG7,0.0,172,A,A,F:\GENESIS Studio\genesis-studio\packages\engines-py\.pdb_cache\3OG7,A
3021,ThermoMPNN,3OG7,0.6011919975280762,172,A,C,F:\GENESIS Studio\genesis-studio\packages\engines-py\.pdb_cache\3OG7,A
3022,ThermoMPNN,3OG7,2.2459988594055176,172,A,D,F:\GENESIS Studio\genesis-studio\packages\engines-py\.pdb_cache\3OG7,A
3023,ThermoMPNN,3OG7,1.511599063873291,172,A,E,F:\GENESIS Studio\genesis-studio\packages\engines-py\.pdb_cache\3OG7,A
3024,ThermoMPNN,3OG7,1.7700169086456299,172,A,F,F:\GENESIS Studio\genesis-studio\packages\engines-py\.pdb_cache\3OG7,A
3025,ThermoMPNN,3OG7,2.019495964050293,172,A,G,F:\GENESIS Studio\genesis-studio\packages\engines-py\.pdb_cache\3OG7,A
3026,ThermoMPNN,3OG7,1.283100962638855,172,A,H,F:\GENESIS Studio\genesis-studio\packages\engines-py\.pdb_cache\3OG7,A
3027,ThermoMPNN,3OG7,1.5443755388259888,172,A,I,F:\GENESIS Studio\genesis-studio\packages\engines-py\.pdb_cache\3OG7,A
3028,ThermoMPNN,3OG7,1.9295451641082764,172,A,K,F:\GENESIS Studio\genesis-studio\packages\engines-py\.pdb_cache\3OG7,A
3029,ThermoMPNN,3OG7,1.580639123916626,172,A,L,F:\GENESIS Studio\genesis-studio\packages\engines-py\.pdb_cache\3OG7,A
3030,ThermoMPNN,3OG7,1.5353220701217651,172,A,M,F:\GENESIS Studio\genesis-studio\packages\engines-py\.pdb_cache\3OG7,A
3031,ThermoMPNN,3OG7,1.948230266571045,172,A,N,F:\GENESIS Studio\genesis-studio\packages\engines-py\.pdb_cache\3OG7,A
3032,ThermoMPNN,3OG7,1.2027230262756348,172,A,P,F:\GENESIS Studio\genesis-studio\packages\engines-py\.pdb_cache\3OG7,A
3033,ThermoMPNN,3OG7,1.6804301738739014,172,A,Q,F:\GENESIS Studio\genesis-studio\packages\engines-py\.pdb_cache\3OG7,A
3034,ThermoMPNN,3OG7,2.055224657058716,172,A,R,F:\GENESIS Studio\genesis-studio\packages\engines-py\.pdb_cache\3OG7,A
3035,ThermoMPNN,3OG7,1.0127065181732178,172,A,S,F:\GENESIS Studio\genesis-studio\packages\engines-py\.pdb_cache\3OG7,A
3036,ThermoMPNN,3OG7,1.7711536884307861,172,A,T,F:\GENESIS Studio\genesis-studio\packages\engines-py\.pdb_cache\3OG7,A
3037,ThermoMPNN,3OG7,1.013880729675293,172,A,V,F:\GENESIS Studio\genesis-studio\packages\engines-py\.pdb_cache\3OG7,A
3038,ThermoMPNN,3OG7,1.6902872323989868,172,A,W,F:\GENESIS Studio\genesis-studio\packages\engines-py\.pdb_cache\3OG7,A
3039,ThermoMPNN,3OG7,1.5665403604507446,172,A,Y,F:\GENESIS Studio\genesis-studio\packages\engines-py\.pdb_cache\3OG7,A
3040,ThermoMPNN,3OG7,1.8803741931915283,173,P,A,F:\GENESIS Studio\genesis-studio\packages\engines-py\.pdb_cache\3OG7,A
3041,ThermoMPNN,3OG7,1.521903395652771,173,P,C,F:\GENESIS Studio\genesis-studio\packages\engines-py\.pdb_cache\3OG7,A
3042,ThermoMPNN,3OG7,2.7040278911590576,173,P,D,F:\GENESIS Studio\genesis-studio\packages\engines-py\.pdb_cache\3OG7,A
3043,ThermoMPNN,3OG7,2.418241500854492,173,P,E,F:\GENESIS Studio\genesis-studio\packages\engines-py\.pdb_cache\3OG7,A
3044,ThermoMPNN,3OG7,2.2476296424865723,173,P,F,F:\GENESIS Studio\genesis-studio\packages\engines-py\.pdb_cache\3OG7,A
3045,ThermoMPNN,3OG7,2.463955879211426,173,P,G,F:\GENESIS Studio\genesis-studio\packages\engines-py\.pdb_cache\3OG7,A
3046,ThermoMPNN,3OG7,2.252753257751465,173,P,H,F:\GENESIS Studio\genesis-studio\packages\engines-py\.pdb_cache\3OG7,A
3047,ThermoMPNN,3OG7,2.1492815017700195,173,P,I,F:\GENESIS Studio\genesis-studio\packages\engines-py\.pdb_cache\3OG7,A
3048,ThermoMPNN,3OG7,2.0138392448425293,173,P,K,F:\GENESIS Studio\genesis-studio\packages\engines-py\.pdb_cache\3OG7,A
3049,ThermoMPNN,3OG7,2.095118284225464,173,P,L,F:\GENESIS Studio\genesis-studio\packages\engines-py\.pdb_cache\3OG7,A
3050,ThermoMPNN,3OG7,2.035482168197632,173,P,M,F:\GENESIS Studio\genesis-studio\packages\engines-py\.pdb_cache\3OG7,A
3051,ThermoMPNN,3OG7,2.3142147064208984,173,P,N,F:\GENESIS Studio\genesis-studio\packages\engines-py\.pdb_cache\3OG7,A
3052,ThermoMPNN,3OG7,0.0,173,P,P,F:\GENESIS Studio\genesis-studio\packages\engines-py\.pdb_cache\3OG7,A
3053,ThermoMPNN,3OG7,2.2418112754821777,173,P,Q,F:\GENESIS Studio\genesis-studio\packages\engines-py\.pdb_cache\3OG7,A
3054,ThermoMPNN,3OG7,2.099929094314575,173,P,R,F:\GENESIS Studio\genesis-studio\packages\engines-py\.pdb_cache\3OG7,A
3055,ThermoMPNN,3OG7,1.9858508110046387,173,P,S,F:\GENESIS Studio\genesis-studio\packages\engines-py\.pdb_cache\3OG7,A
3056,ThermoMPNN,3OG7,2.347012996673584,173,P,T,F:\GENESIS Studio\genesis-studio\packages\engines-py\.pdb_cache\3OG7,A
3057,ThermoMPNN,3OG7,2.192873954772949,173,P,V,F:\GENESIS Studio\genesis-studio\packages\engines-py\.pdb_cache\3OG7,A
3058,ThermoMPNN,3OG7,2.1448936462402344,173,P,W,F:\GENESIS Studio\genesis-studio\packages\engines-py\.pdb_cache\3OG7,A
3059,ThermoMPNN,3OG7,2.0802223682403564,173,P,Y,F:\GENESIS Studio\genesis-studio\packages\engines-py\.pdb_cache\3OG7,A
3060,ThermoMPNN,3OG7,0.5244075059890747,174,E,A,F:\GENESIS Studio\genesis-studio\packages\engines-py\.pdb_cache\3OG7,A
3061,ThermoMPNN,3OG7,0.2550024390220642,174,E,C,F:\GENESIS Studio\genesis-studio\packages\engines-py\.pdb_cache\3OG7,A
3062,ThermoMPNN,3OG7,0.6032993793487549,174,E,D,F:\GENESIS Studio\genesis-studio\packages\engines-py\.pdb_cache\3OG7,A
3063,ThermoMPNN,3OG7,0.0,174,E,E,F:\GENESIS Studio\genesis-studio\packages\engines-py\.pdb_cache\3OG7,A
3064,ThermoMPNN,3OG7,0.49320846796035767,174,E,F,F:\GENESIS Studio\genesis-studio\packages\engines-py\.pdb_cache\3OG7,A
3065,ThermoMPNN,3OG7,0.8545002937316895,174,E,G,F:\GENESIS Studio\genesis-studio\packages\engines-py\.pdb_cache\3OG7,A
3066,ThermoMPNN,3OG7,0.5162917971611023,174,E,H,F:\GENESIS Studio\genesis-studio\packages\engines-py\.pdb_cache\3OG7,A
3067,ThermoMPNN,3OG7,0.43408113718032837,174,E,I,F:\GENESIS Studio\genesis-studio\packages\engines-py\.pdb_cache\3OG7,A
3068,ThermoMPNN,3OG7,1.0750372409820557,174,E,K,F:\GENESIS Studio\genesis-studio\packages\engines-py\.pdb_cache\3OG7,A
3069,ThermoMPNN,3OG7,0.7309341430664062,174,E,L,F:\GENESIS Studio\genesis-studio\packages\engines-py\.pdb_cache\3OG7,A
3070,ThermoMPNN,3OG7,0.7019779086112976,174,E,M,F:\GENESIS Studio\genesis-studio\packages\engines-py\.pdb_cache\3OG7,A
3071,ThermoMPNN,3OG7,0.885124146938324,174,E,N,F:\GENESIS Studio\genesis-studio\packages\engines-py\.pdb_cache\3OG7,A
3072,ThermoMPNN,3OG7,0.8065459728240967,174,E,P,F:\GENESIS Studio\genesis-studio\packages\engines-py\.pdb_cache\3OG7,A
3073,ThermoMPNN,3OG7,0.6697289347648621,174,E,Q,F:\GENESIS Studio\genesis-studio\packages\engines-py\.pdb_cache\3OG7,A
3074,ThermoMPNN,3OG7,1.0478613376617432,174,E,R,F:\GENESIS Studio\genesis-studio\packages\engines-py\.pdb_cache\3OG7,A
3075,ThermoMPNN,3OG7,0.6661186218261719,174,E,S,F:\GENESIS Studio\genesis-studio\packages\engines-py\.pdb_cache\3OG7,A
3076,ThermoMPNN,3OG7,0.6637551784515381,174,E,T,F:\GENESIS Studio\genesis-studio\packages\engines-py\.pdb_cache\3OG7,A
3077,ThermoMPNN,3OG7,0.5200545787811279,174,E,V,F:\GENESIS Studio\genesis-studio\packages\engines-py\.pdb_cache\3OG7,A
3078,ThermoMPNN,3OG7,0.3606080412864685,174,E,W,F:\GENESIS Studio\genesis-studio\packages\engines-py\.pdb_cache\3OG7,A
3079,ThermoMPNN,3OG7,0.1738492250442505,174,E,Y,F:\GENESIS Studio\genesis-studio\packages\engines-py\.pdb_cache\3OG7,A
3080,ThermoMPNN,3OG7,1.2610061168670654,175,V,A,F:\GENESIS Studio\genesis-studio\packages\engines-py\.pdb_cache\3OG7,A
3081,ThermoMPNN,3OG7,0.8512974977493286,175,V,C,F:\GENESIS Studio\genesis-studio\packages\engines-py\.pdb_cache\3OG7,A
3082,ThermoMPNN,3OG7,1.8049261569976807,175,V,D,F:\GENESIS Studio\genesis-studio\packages\engines-py\.pdb_cache\3OG7,A
3083,ThermoMPNN,3OG7,1.3299442529678345,175,V,E,F:\GENESIS Studio\genesis-studio\packages\engines-py\.pdb_cache\3OG7,A
3084,ThermoMPNN,3OG7,1.2186851501464844,175,V,F,F:\GENESIS Studio\genesis-studio\packages\engines-py\.pdb_cache\3OG7,A
3085,ThermoMPNN,3OG7,2.1010591983795166,175,V,G,F:\GENESIS Studio\genesis-studio\packages\engines-py\.pdb_cache\3OG7,A
3086,ThermoMPNN,3OG7,1.4835914373397827,175,V,H,F:\GENESIS Studio\genesis-studio\packages\engines-py\.pdb_cache\3OG7,A
3087,ThermoMPNN,3OG7,0.4424855709075928,175,V,I,F:\GENESIS Studio\genesis-studio\packages\engines-py\.pdb_cache\3OG7,A
3088,ThermoMPNN,3OG7,1.6035860776901245,175,V,K,F:\GENESIS Studio\genesis-studio\packages\engines-py\.pdb_cache\3OG7,A
3089,ThermoMPNN,3OG7,1.0191686153411865,175,V,L,F:\GENESIS Studio\genesis-studio\packages\engines-py\.pdb_cache\3OG7,A
3090,ThermoMPNN,3OG7,1.1086452007293701,175,V,M,F:\GENESIS Studio\genesis-studio\packages\engines-py\.pdb_cache\3OG7,A
3091,ThermoMPNN,3OG7,1.8481135368347168,175,V,N,F:\GENESIS Studio\genesis-studio\packages\engines-py\.pdb_cache\3OG7,A
3092,ThermoMPNN,3OG7,1.7148897647857666,175,V,P,F:\GENESIS Studio\genesis-studio\packages\engines-py\.pdb_cache\3OG7,A
3093,ThermoMPNN,3OG7,1.2869293689727783,175,V,Q,F:\GENESIS Studio\genesis-studio\packages\engines-py\.pdb_cache\3OG7,A
3094,ThermoMPNN,3OG7,1.6399388313293457,175,V,R,F:\GENESIS Studio\genesis-studio\packages\engines-py\.pdb_cache\3OG7,A
3095,ThermoMPNN,3OG7,1.708247423171997,175,V,S,F:\GENESIS Studio\genesis-studio\packages\engines-py\.pdb_cache\3OG7,A
3096,ThermoMPNN,3OG7,1.1957645416259766,175,V,T,F:\GENESIS Studio\genesis-studio\packages\engines-py\.pdb_cache\3OG7,A
3097,ThermoMPNN,3OG7,0.0,175,V,V,F:\GENESIS Studio\genesis-studio\packages\engines-py\.pdb_cache\3OG7,A
3098,ThermoMPNN,3OG7,1.2205421924591064,175,V,W,F:\GENESIS Studio\genesis-studio\packages\engines-py\.pdb_cache\3OG7,A
3099,ThermoMPNN,3OG7,1.278796672821045,175,V,Y,F:\GENESIS Studio\genesis-studio\packages\engines-py\.pdb_cache\3OG7,A
3100,ThermoMPNN,3OG7,1.679145336151123,176,I,A,F:\GENESIS Studio\genesis-studio\packages\engines-py\.pdb_cache\3OG7,A
3101,ThermoMPNN,3OG7,1.0555775165557861,176,I,C,F:\GENESIS Studio\genesis-studio\packages\engines-py\.pdb_cache\3OG7,A
3102,ThermoMPNN,3OG7,2.134054660797119,176,I,D,F:\GENESIS Studio\genesis-studio\packages\engines-py\.pdb_cache\3OG7,A
3103,ThermoMPNN,3OG7,2.1917724609375,176,I,E,F:\GENESIS Studio\genesis-studio\packages\engines-py\.pdb_cache\3OG7,A
3104,ThermoMPNN,3OG7,1.1863987445831299,176,I,F,F:\GENESIS Studio\genesis-studio\packages\engines-py\.pdb_cache\3OG7,A
3105,ThermoMPNN,3OG7,2.0493454933166504,176,I,G,F:\GENESIS Studio\genesis-studio\packages\engines-py\.pdb_cache\3OG7,A
3106,ThermoMPNN,3OG7,1.913362979888916,176,I,H,F:\GENESIS Studio\genesis-studio\packages\engines-py\.pdb_cache\3OG7,A
3107,ThermoMPNN,3OG7,0.0,176,I,I,F:\GENESIS Studio\genesis-studio\packages\engines-py\.pdb_cache\3OG7,A
3108,ThermoMPNN,3OG7,1.9769541025161743,176,I,K,F:\GENESIS Studio\genesis-studio\packages\engines-py\.pdb_cache\3OG7,A
3109,ThermoMPNN,3OG7,0.2940859794616699,176,I,L,F:\GENESIS Studio\genesis-studio\packages\engines-py\.pdb_cache\3OG7,A
3110,ThermoMPNN,3OG7,0.9967951774597168,176,I,M,F:\GENESIS Studio\genesis-studio\packages\engines-py\.pdb_cache\3OG7,A
3111,ThermoMPNN,3OG7,2.044612169265747,176,I,N,F:\GENESIS Studio\genesis-studio\packages\engines-py\.pdb_cache\3OG7,A
3112,ThermoMPNN,3OG7,2.1480789184570312,176,I,P,F:\GENESIS Studio\genesis-studio\packages\engines-py\.pdb_cache\3OG7,A
3113,ThermoMPNN,3OG7,2.086878538131714,176,I,Q,F:\GENESIS Studio\genesis-studio\packages\engines-py\.pdb_cache\3OG7,A
3114,ThermoMPNN,3OG7,2.03615140914917,176,I,R,F:\GENESIS Studio\genesis-studio\packages\engines-py\.pdb_cache\3OG7,A
3115,ThermoMPNN,3OG7,2.0463268756866455,176,I,S,F:\GENESIS Studio\genesis-studio\packages\engines-py\.pdb_cache\3OG7,A
3116,ThermoMPNN,3OG7,1.6844544410705566,176,I,T,F:\GENESIS Studio\genesis-studio\packages\engines-py\.pdb_cache\3OG7,A
3117,ThermoMPNN,3OG7,0.5068871974945068,176,I,V,F:\GENESIS Studio\genesis-studio\packages\engines-py\.pdb_cache\3OG7,A
3118,ThermoMPNN,3OG7,1.4278030395507812,176,I,W,F:\GENESIS Studio\genesis-studio\packages\engines-py\.pdb_cache\3OG7,A
3119,ThermoMPNN,3OG7,1.3881527185440063,176,I,Y,F:\GENESIS Studio\genesis-studio\packages\engines-py\.pdb_cache\3OG7,A
3120,ThermoMPNN,3OG7,0.0865333080291748,177,R,A,F:\GENESIS Studio\genesis-studio\packages\engines-py\.pdb_cache\3OG7,A
3121,ThermoMPNN,3OG7,-0.040274083614349365,177,R,C,F:\GENESIS Studio\genesis-studio\packages\engines-py\.pdb_cache\3OG7,A
3122,ThermoMPNN,3OG7,0.3439592719078064,177,R,D,F:\GENESIS Studio\genesis-studio\packages\engines-py\.pdb_cache\3OG7,A
3123,ThermoMPNN,3OG7,0.19841188192367554,177,R,E,F:\GENESIS Studio\genesis-studio\packages\engines-py\.pdb_cache\3OG7,A
3124,ThermoMPNN,3OG7,0.1574404239654541,177,R,F,F:\GENESIS Studio\genesis-studio\packages\engines-py\.pdb_cache\3OG7,A
3125,ThermoMPNN,3OG7,0.4688364863395691,177,R,G,F:\GENESIS Studio\genesis-studio\packages\engines-py\.pdb_cache\3OG7,A
3126,ThermoMPNN,3OG7,0.2396119236946106,177,R,H,F:\GENESIS Studio\genesis-studio\packages\engines-py\.pdb_cache\3OG7,A
3127,ThermoMPNN,3OG7,-0.03398925065994263,177,R,I,F:\GENESIS Studio\genesis-studio\packages\engines-py\.pdb_cache\3OG7,A
3128,ThermoMPNN,3OG7,0.022174537181854248,177,R,K,F:\GENESIS Studio\genesis-studio\packages\engines-py\.pdb_cache\3OG7,A
3129,ThermoMPNN,3OG7,-0.04394930601119995,177,R,L,F:\GENESIS Studio\genesis-studio\packages\engines-py\.pdb_cache\3OG7,A
3130,ThermoMPNN,3OG7,0.0495760440826416,177,R,M,F:\GENESIS Studio\genesis-studio\packages\engines-py\.pdb_cache\3OG7,A
3131,ThermoMPNN,3OG7,0.28471821546554565,177,R,N,F:\GENESIS Studio\genesis-studio\packages\engines-py\.pdb_cache\3OG7,A
3132,ThermoMPNN,3OG7,0.9121196866035461,177,R,P,F:\GENESIS Studio\genesis-studio\packages\engines-py\.pdb_cache\3OG7,A
3133,ThermoMPNN,3OG7,0.1600460410118103,177,R,Q,F:\GENESIS Studio\genesis-studio\packages\engines-py\.pdb_cache\3OG7,A
3134,ThermoMPNN,3OG7,0.0,177,R,R,F:\GENESIS Studio\genesis-studio\packages\engines-py\.pdb_cache\3OG7,A
3135,ThermoMPNN,3OG7,0.24135977029800415,177,R,S,F:\GENESIS Studio\genesis-studio\packages\engines-py\.pdb_cache\3OG7,A
3136,ThermoMPNN,3OG7,0.26492756605148315,177,R,T,F:\GENESIS Studio\genesis-studio\packages\engines-py\.pdb_cache\3OG7,A
3137,ThermoMPNN,3OG7,0.09608638286590576,177,R,V,F:\GENESIS Studio\genesis-studio\packages\engines-py\.pdb_cache\3OG7,A
3138,ThermoMPNN,3OG7,0.09665143489837646,177,R,W,F:\GENESIS Studio\genesis-studio\packages\engines-py\.pdb_cache\3OG7,A
3139,ThermoMPNN,3OG7,0.14451897144317627,177,R,Y,F:\GENESIS Studio\genesis-studio\packages\engines-py\.pdb_cache\3OG7,A
3140,ThermoMPNN,3OG7,0.0686306357383728,182,N,A,F:\GENESIS Studio\genesis-studio\packages\engines-py\.pdb_cache\3OG7,A
3141,ThermoMPNN,3OG7,-0.13870501518249512,182,N,C,F:\GENESIS Studio\genesis-studio\packages\engines-py\.pdb_cache\3OG7,A
3142,ThermoMPNN,3OG7,-0.049418866634368896,182,N,D,F:\GENESIS Studio\genesis-studio\packages\engines-py\.pdb_cache\3OG7,A
3143,ThermoMPNN,3OG7,0.060450732707977295,182,N,E,F:\GENESIS Studio\genesis-studio\packages\engines-py\.pdb_cache\3OG7,A
3144,ThermoMPNN,3OG7,0.12534469366073608,182,N,F,F:\GENESIS Studio\genesis-studio\packages\engines-py\.pdb_cache\3OG7,A
3145,ThermoMPNN,3OG7,0.12121927738189697,182,N,G,F:\GENESIS Studio\genesis-studio\packages\engines-py\.pdb_cache\3OG7,A
3146,ThermoMPNN,3OG7,0.08439552783966064,182,N,H,F:\GENESIS Studio\genesis-studio\packages\engines-py\.pdb_cache\3OG7,A
3147,ThermoMPNN,3OG7,0.1851755976676941,182,N,I,F:\GENESIS Studio\genesis-studio\packages\engines-py\.pdb_cache\3OG7,A
3148,ThermoMPNN,3OG7,0.24601805210113525,182,N,K,F:\GENESIS Studio\genesis-studio\packages\engines-py\.pdb_cache\3OG7,A
3149,ThermoMPNN,3OG7,0.07821106910705566,182,N,L,F:\GENESIS Studio\genesis-studio\packages\engines-py\.pdb_cache\3OG7,A
3150,ThermoMPNN,3OG7,0.1577720046043396,182,N,M,F:\GENESIS Studio\genesis-studio\packages\engines-py\.pdb_cache\3OG7,A
3151,ThermoMPNN,3OG7,0.0,182,N,N,F:\GENESIS Studio\genesis-studio\packages\engines-py\.pdb_cache\3OG7,A
3152,ThermoMPNN,3OG7,0.10588979721069336,182,N,P,F:\GENESIS Studio\genesis-studio\packages\engines-py\.pdb_cache\3OG7,A
3153,ThermoMPNN,3OG7,0.18037796020507812,182,N,Q,F:\GENESIS Studio\genesis-studio\packages\engines-py\.pdb_cache\3OG7,A
3154,ThermoMPNN,3OG7,0.24683493375778198,182,N,R,F:\GENESIS Studio\genesis-studio\packages\engines-py\.pdb_cache\3OG7,A
3155,ThermoMPNN,3OG7,0.03767657279968262,182,N,S,F:\GENESIS Studio\genesis-studio\packages\engines-py\.pdb_cache\3OG7,A
3156,ThermoMPNN,3OG7,0.0912017822265625,182,N,T,F:\GENESIS Studio\genesis-studio\packages\engines-py\.pdb_cache\3OG7,A
3157,ThermoMPNN,3OG7,0.17276132106781006,182,N,V,F:\GENESIS Studio\genesis-studio\packages\engines-py\.pdb_cache\3OG7,A
3158,ThermoMPNN,3OG7,-0.02991199493408203,182,N,W,F:\GENESIS Studio\genesis-studio\packages\engines-py\.pdb_cache\3OG7,A
3159,ThermoMPNN,3OG7,0.1543070673942566,182,N,Y,F:\GENESIS Studio\genesis-studio\packages\engines-py\.pdb_cache\3OG7,A
3160,ThermoMPNN,3OG7,0.4152131676673889,183,P,A,F:\GENESIS Studio\genesis-studio\packages\engines-py\.pdb_cache\3OG7,A
3161,ThermoMPNN,3OG7,0.13815170526504517,183,P,C,F:\GENESIS Studio\genesis-studio\packages\engines-py\.pdb_cache\3OG7,A
3162,ThermoMPNN,3OG7,0.8489914536476135,183,P,D,F:\GENESIS Studio\genesis-studio\packages\engines-py\.pdb_cache\3OG7,A
3163,ThermoMPNN,3OG7,0.6555400490760803,183,P,E,F:\GENESIS Studio\genesis-studio\packages\engines-py\.pdb_cache\3OG7,A
3164,ThermoMPNN,3OG7,0.21612763404846191,183,P,F,F:\GENESIS Studio\genesis-studio\packages\engines-py\.pdb_cache\3OG7,A
3165,ThermoMPNN,3OG7,0.7158792018890381,183,P,G,F:\GENESIS Studio\genesis-studio\packages\engines-py\.pdb_cache\3OG7,A
3166,ThermoMPNN,3OG7,0.3994264602661133,183,P,H,F:\GENESIS Studio\genesis-studio\packages\engines-py\.pdb_cache\3OG7,A
3167,ThermoMPNN,3OG7,0.20327812433242798,183,P,I,F:\GENESIS Studio\genesis-studio\packages\engines-py\.pdb_cache\3OG7,A
3168,ThermoMPNN,3OG7,0.42510372400283813,183,P,K,F:\GENESIS Studio\genesis-studio\packages\engines-py\.pdb_cache\3OG7,A
3169,ThermoMPNN,3OG7,0.15945076942443848,183,P,L,F:\GENESIS Studio\genesis-studio\packages\engines-py\.pdb_cache\3OG7,A
3170,ThermoMPNN,3OG7,0.23967599868774414,183,P,M,F:\GENESIS Studio\genesis-studio\packages\engines-py\.pdb_cache\3OG7,A
3171,ThermoMPNN,3OG7,0.6421611309051514,183,P,N,F:\GENESIS Studio\genesis-studio\packages\engines-py\.pdb_cache\3OG7,A
3172,ThermoMPNN,3OG7,0.0,183,P,P,F:\GENESIS Studio\genesis-studio\packages\engines-py\.pdb_cache\3OG7,A
3173,ThermoMPNN,3OG7,0.5236301422119141,183,P,Q,F:\GENESIS Studio\genesis-studio\packages\engines-py\.pdb_cache\3OG7,A
3174,ThermoMPNN,3OG7,0.4975249767303467,183,P,R,F:\GENESIS Studio\genesis-studio\packages\engines-py\.pdb_cache\3OG7,A
3175,ThermoMPNN,3OG7,0.6394553780555725,183,P,S,F:\GENESIS Studio\genesis-studio\packages\engines-py\.pdb_cache\3OG7,A
3176,ThermoMPNN,3OG7,0.6255342960357666,183,P,T,F:\GENESIS Studio\genesis-studio\packages\engines-py\.pdb_cache\3OG7,A
3177,ThermoMPNN,3OG7,0.32882416248321533,183,P,V,F:\GENESIS Studio\genesis-studio\packages\engines-py\.pdb_cache\3OG7,A
3178,ThermoMPNN,3OG7,0.2580692172050476,183,P,W,F:\GENESIS Studio\genesis-studio\packages\engines-py\.pdb_cache\3OG7,A
3179,ThermoMPNN,3OG7,0.20428913831710815,183,P,Y,F:\GENESIS Studio\genesis-studio\packages\engines-py\.pdb_cache\3OG7,A
3180,ThermoMPNN,3OG7,1.0992473363876343,184,Y,A,F:\GENESIS Studio\genesis-studio\packages\engines-py\.pdb_cache\3OG7,A
3181,ThermoMPNN,3OG7,0.5466618537902832,184,Y,C,F:\GENESIS Studio\genesis-studio\packages\engines-py\.pdb_cache\3OG7,A
3182,ThermoMPNN,3OG7,1.318795919418335,184,Y,D,F:\GENESIS Studio\genesis-studio\packages\engines-py\.pdb_cache\3OG7,A
3183,ThermoMPNN,3OG7,1.2009236812591553,184,Y,E,F:\GENESIS Studio\genesis-studio\packages\engines-py\.pdb_cache\3OG7,A
3184,ThermoMPNN,3OG7,0.3315303325653076,184,Y,F,F:\GENESIS Studio\genesis-studio\packages\engines-py\.pdb_cache\3OG7,A
3185,ThermoMPNN,3OG7,1.262373685836792,184,Y,G,F:\GENESIS Studio\genesis-studio\packages\engines-py\.pdb_cache\3OG7,A
3186,ThermoMPNN,3OG7,0.6617447733879089,184,Y,H,F:\GENESIS Studio\genesis-studio\packages\engines-py\.pdb_cache\3OG7,A
3187,ThermoMPNN,3OG7,0.6365209221839905,184,Y,I,F:\GENESIS Studio\genesis-studio\packages\engines-py\.pdb_cache\3OG7,A
3188,ThermoMPNN,3OG7,1.011193037033081,184,Y,K,F:\GENESIS Studio\genesis-studio\packages\engines-py\.pdb_cache\3OG7,A
3189,ThermoMPNN,3OG7,0.5673806071281433,184,Y,L,F:\GENESIS Studio\genesis-studio\packages\engines-py\.pdb_cache\3OG7,A
3190,ThermoMPNN,3OG7,0.7006281614303589,184,Y,M,F:\GENESIS Studio\genesis-studio\packages\engines-py\.pdb_cache\3OG7,A
3191,ThermoMPNN,3OG7,1.0473817586898804,184,Y,N,F:\GENESIS Studio\genesis-studio\packages\engines-py\.pdb_cache\3OG7,A
3192,ThermoMPNN,3OG7,0.9171466827392578,184,Y,P,F:\GENESIS Studio\genesis-studio\packages\engines-py\.pdb_cache\3OG7,A
3193,ThermoMPNN,3OG7,1.0428944826126099,184,Y,Q,F:\GENESIS Studio\genesis-studio\packages\engines-py\.pdb_cache\3OG7,A
3194,ThermoMPNN,3OG7,1.0091911554336548,184,Y,R,F:\GENESIS Studio\genesis-studio\packages\engines-py\.pdb_cache\3OG7,A
3195,ThermoMPNN,3OG7,1.1380454301834106,184,Y,S,F:\GENESIS Studio\genesis-studio\packages\engines-py\.pdb_cache\3OG7,A
3196,ThermoMPNN,3OG7,1.0232791900634766,184,Y,T,F:\GENESIS Studio\genesis-studio\packages\engines-py\.pdb_cache\3OG7,A
3197,ThermoMPNN,3OG7,0.7957396507263184,184,Y,V,F:\GENESIS Studio\genesis-studio\packages\engines-py\.pdb_cache\3OG7,A
3198,ThermoMPNN,3OG7,-0.1496034860610962,184,Y,W,F:\GENESIS Studio\genesis-studio\packages\engines-py\.pdb_cache\3OG7,A
3199,ThermoMPNN,3OG7,0.0,184,Y,Y,F:\GENESIS Studio\genesis-studio\packages\engines-py\.pdb_cache\3OG7,A
3200,ThermoMPNN,3OG7,1.359732985496521,185,S,A,F:\GENESIS Studio\genesis-studio\packages\engines-py\.pdb_cache\3OG7,A
3201,ThermoMPNN,3OG7,0.9252814054489136,185,S,C,F:\GENESIS Studio\genesis-studio\packages\engines-py\.pdb_cache\3OG7,A
3202,ThermoMPNN,3OG7,0.6032922267913818,185,S,D,F:\GENESIS Studio\genesis-studio\packages\engines-py\.pdb_cache\3OG7,A
3203,ThermoMPNN,3OG7,1.8241002559661865,185,S,E,F:\GENESIS Studio\genesis-studio\packages\engines-py\.pdb_cache\3OG7,A
3204,ThermoMPNN,3OG7,1.7303478717803955,185,S,F,F:\GENESIS Studio\genesis-studio\packages\engines-py\.pdb_cache\3OG7,A
3205,ThermoMPNN,3OG7,1.1912813186645508,185,S,G,F:\GENESIS Studio\genesis-studio\packages\engines-py\.pdb_cache\3OG7,A
3206,ThermoMPNN,3OG7,1.5045794248580933,185,S,H,F:\GENESIS Studio\genesis-studio\packages\engines-py\.pdb_cache\3OG7,A
3207,ThermoMPNN,3OG7,1.9385515451431274,185,S,I,F:\GENESIS Studio\genesis-studio\packages\engines-py\.pdb_cache\3OG7,A
3208,ThermoMPNN,3OG7,1.8583766222000122,185,S,K,F:\GENESIS Studio\genesis-studio\packages\engines-py\.pdb_cache\3OG7,A
3209,ThermoMPNN,3OG7,1.934757947921753,185,S,L,F:\GENESIS Studio\genesis-studio\packages\engines-py\.pdb_cache\3OG7,A
3210,ThermoMPNN,3OG7,1.6941012144088745,185,S,M,F:\GENESIS Studio\genesis-studio\packages\engines-py\.pdb_cache\3OG7,A
3211,ThermoMPNN,3OG7,0.5226619243621826,185,S,N,F:\GENESIS Studio\genesis-studio\packages\engines-py\.pdb_cache\3OG7,A
3212,ThermoMPNN,3OG7,2.070507049560547,185,S,P,F:\GENESIS Studio\genesis-studio\packages\engines-py\.pdb_cache\3OG7,A
3213,ThermoMPNN,3OG7,1.7523013353347778,185,S,Q,F:\GENESIS Studio\genesis-studio\packages\engines-py\.pdb_cache\3OG7,A
3214,ThermoMPNN,3OG7,1.7634131908416748,185,S,R,F:\GENESIS Studio\genesis-studio\packages\engines-py\.pdb_cache\3OG7,A
3215,ThermoMPNN,3OG7,0.0,185,S,S,F:\GENESIS Studio\genesis-studio\packages\engines-py\.pdb_cache\3OG7,A
3216,ThermoMPNN,3OG7,0.5162229537963867,185,S,T,F:\GENESIS Studio\genesis-studio\packages\engines-py\.pdb_cache\3OG7,A
3217,ThermoMPNN,3OG7,1.9871444702148438,185,S,V,F:\GENESIS Studio\genesis-studio\packages\engines-py\.pdb_cache\3OG7,A
3218,ThermoMPNN,3OG7,1.6781779527664185,185,S,W,F:\GENESIS Studio\genesis-studio\packages\engines-py\.pdb_cache\3OG7,A
3219,ThermoMPNN,3OG7,1.8797838687896729,185,S,Y,F:\GENESIS Studio\genesis-studio\packages\engines-py\.pdb_cache\3OG7,A
3220,ThermoMPNN,3OG7,1.0597859621047974,186,F,A,F:\GENESIS Studio\genesis-studio\packages\engines-py\.pdb_cache\3OG7,A
3221,ThermoMPNN,3OG7,0.45737361907958984,186,F,C,F:\GENESIS Studio\genesis-studio\packages\engines-py\.pdb_cache\3OG7,A
3222,ThermoMPNN,3OG7,1.7362775802612305,186,F,D,F:\GENESIS Studio\genesis-studio\packages\engines-py\.pdb_cache\3OG7,A
3223,ThermoMPNN,3OG7,1.2826929092407227,186,F,E,F:\GENESIS Studio\genesis-studio\packages\engines-py\.pdb_cache\3OG7,A
3224,ThermoMPNN,3OG7,0.0,186,F,F,F:\GENESIS Studio\genesis-studio\packages\engines-py\.pdb_cache\3OG7,A
3225,ThermoMPNN,3OG7,1.664954423904419,186,F,G,F:\GENESIS Studio\genesis-studio\packages\engines-py\.pdb_cache\3OG7,A
3226,ThermoMPNN,3OG7,0.8899857997894287,186,F,H,F:\GENESIS Studio\genesis-studio\packages\engines-py\.pdb_cache\3OG7,A
3227,ThermoMPNN,3OG7,0.5306923389434814,186,F,I,F:\GENESIS Studio\genesis-studio\packages\engines-py\.pdb_cache\3OG7,A
3228,ThermoMPNN,3OG7,0.9556807279586792,186,F,K,F:\GENESIS Studio\genesis-studio\packages\engines-py\.pdb_cache\3OG7,A
3229,ThermoMPNN,3OG7,0.2894836664199829,186,F,L,F:\GENESIS Studio\genesis-studio\packages\engines-py\.pdb_cache\3OG7,A
3230,ThermoMPNN,3OG7,0.4911426305770874,186,F,M,F:\GENESIS Studio\genesis-studio\packages\engines-py\.pdb_cache\3OG7,A
3231,ThermoMPNN,3OG7,1.4222121238708496,186,F,N,F:\GENESIS Studio\genesis-studio\packages\engines-py\.pdb_cache\3OG7,A
3232,ThermoMPNN,3OG7,0.9622206091880798,186,F,P,F:\GENESIS Studio\genesis-studio\packages\engines-py\.pdb_cache\3OG7,A
3233,ThermoMPNN,3OG7,1.1656161546707153,186,F,Q,F:\GENESIS Studio\genesis-studio\packages\engines-py\.pdb_cache\3OG7,A
3234,ThermoMPNN,3OG7,0.945677638053894,186,F,R,F:\GENESIS Studio\genesis-studio\packages\engines-py\.pdb_cache\3OG7,A
3235,ThermoMPNN,3OG7,1.3757576942443848,186,F,S,F:\GENESIS Studio\genesis-studio\packages\engines-py\.pdb_cache\3OG7,A
3236,ThermoMPNN,3OG7,1.3743224143981934,186,F,T,F:\GENESIS Studio\genesis-studio\packages\engines-py\.pdb_cache\3OG7,A
3237,ThermoMPNN,3OG7,0.7676190137863159,186,F,V,F:\GENESIS Studio\genesis-studio\packages\engines-py\.pdb_cache\3OG7,A
3238,ThermoMPNN,3OG7,0.38213324546813965,186,F,W,F:\GENESIS Studio\genesis-studio\packages\engines-py\.pdb_cache\3OG7,A
3239,ThermoMPNN,3OG7,0.3982793092727661,186,F,Y,F:\GENESIS Studio\genesis-studio\packages\engines-py\.pdb_cache\3OG7,A
3240,ThermoMPNN,3OG7,0.11936068534851074,187,Q,A,F:\GENESIS Studio\genesis-studio\packages\engines-py\.pdb_cache\3OG7,A
3241,ThermoMPNN,3OG7,-0.07222133874893188,187,Q,C,F:\GENESIS Studio\genesis-studio\packages\engines-py\.pdb_cache\3OG7,A
3242,ThermoMPNN,3OG7,0.3126753568649292,187,Q,D,F:\GENESIS Studio\genesis-studio\packages\engines-py\.pdb_cache\3OG7,A
3243,ThermoMPNN,3OG7,-0.04589337110519409,187,Q,E,F:\GENESIS Studio\genesis-studio\packages\engines-py\.pdb_cache\3OG7,A
3244,ThermoMPNN,3OG7,-0.07972508668899536,187,Q,F,F:\GENESIS Studio\genesis-studio\packages\engines-py\.pdb_cache\3OG7,A
3245,ThermoMPNN,3OG7,0.5826602578163147,187,Q,G,F:\GENESIS Studio\genesis-studio\packages\engines-py\.pdb_cache\3OG7,A
3246,ThermoMPNN,3OG7,-0.12638139724731445,187,Q,H,F:\GENESIS Studio\genesis-studio\packages\engines-py\.pdb_cache\3OG7,A
3247,ThermoMPNN,3OG7,0.43198004364967346,187,Q,I,F:\GENESIS Studio\genesis-studio\packages\engines-py\.pdb_cache\3OG7,A
3248,ThermoMPNN,3OG7,0.2585083842277527,187,Q,K,F:\GENESIS Studio\genesis-studio\packages\engines-py\.pdb_cache\3OG7,A
3249,ThermoMPNN,3OG7,0.07773679494857788,187,Q,L,F:\GENESIS Studio\genesis-studio\packages\engines-py\.pdb_cache\3OG7,A
3250,ThermoMPNN,3OG7,0.10166239738464355,187,Q,M,F:\GENESIS Studio\genesis-studio\packages\engines-py\.pdb_cache\3OG7,A
3251,ThermoMPNN,3OG7,0.2925628423690796,187,Q,N,F:\GENESIS Studio\genesis-studio\packages\engines-py\.pdb_cache\3OG7,A
3252,ThermoMPNN,3OG7,0.5940648913383484,187,Q,P,F:\GENESIS Studio\genesis-studio\packages\engines-py\.pdb_cache\3OG7,A
3253,ThermoMPNN,3OG7,0.0,187,Q,Q,F:\GENESIS Studio\genesis-studio\packages\engines-py\.pdb_cache\3OG7,A
3254,ThermoMPNN,3OG7,0.26725858449935913,187,Q,R,F:\GENESIS Studio\genesis-studio\packages\engines-py\.pdb_cache\3OG7,A
3255,ThermoMPNN,3OG7,0.29849231243133545,187,Q,S,F:\GENESIS Studio\genesis-studio\packages\engines-py\.pdb_cache\3OG7,A
3256,ThermoMPNN,3OG7,0.46179404854774475,187,Q,T,F:\GENESIS Studio\genesis-studio\packages\engines-py\.pdb_cache\3OG7,A
3257,ThermoMPNN,3OG7,0.4885261654853821,187,Q,V,F:\GENESIS Studio\genesis-studio\packages\engines-py\.pdb_cache\3OG7,A
3258,ThermoMPNN,3OG7,-0.23537570238113403,187,Q,W,F:\GENESIS Studio\genesis-studio\packages\engines-py\.pdb_cache\3OG7,A
3259,ThermoMPNN,3OG7,-0.3012397885322571,187,Q,Y,F:\GENESIS Studio\genesis-studio\packages\engines-py\.pdb_cache\3OG7,A
3260,ThermoMPNN,3OG7,0.020937561988830566,188,S,A,F:\GENESIS Studio\genesis-studio\packages\engines-py\.pdb_cache\3OG7,A
3261,ThermoMPNN,3OG7,0.3112224340438843,188,S,C,F:\GENESIS Studio\genesis-studio\packages\engines-py\.pdb_cache\3OG7,A
3262,ThermoMPNN,3OG7,1.310316562652588,188,S,D,F:\GENESIS Studio\genesis-studio\packages\engines-py\.pdb_cache\3OG7,A
3263,ThermoMPNN,3OG7,1.1576764583587646,188,S,E,F:\GENESIS Studio\genesis-studio\packages\engines-py\.pdb_cache\3OG7,A
3264,ThermoMPNN,3OG7,0.7261606454849243,188,S,F,F:\GENESIS Studio\genesis-studio\packages\engines-py\.pdb_cache\3OG7,A
3265,ThermoMPNN,3OG7,0.7795723676681519,188,S,G,F:\GENESIS Studio\genesis-studio\packages\engines-py\.pdb_cache\3OG7,A
3266,ThermoMPNN,3OG7,1.4260386228561401,188,S,H,F:\GENESIS Studio\genesis-studio\packages\engines-py\.pdb_cache\3OG7,A
3267,ThermoMPNN,3OG7,0.8762827515602112,188,S,I,F:\GENESIS Studio\genesis-studio\packages\engines-py\.pdb_cache\3OG7,A
3268,ThermoMPNN,3OG7,1.406630516052246,188,S,K,F:\GENESIS Studio\genesis-studio\packages\engines-py\.pdb_cache\3OG7,A
3269,ThermoMPNN,3OG7,1.282130479812622,188,S,L,F:\GENESIS Studio\genesis-studio\packages\engines-py\.pdb_cache\3OG7,A
3270,ThermoMPNN,3OG7,0.969812273979187,188,S,M,F:\GENESIS Studio\genesis-studio\packages\engines-py\.pdb_cache\3OG7,A
3271,ThermoMPNN,3OG7,1.4997467994689941,188,S,N,F:\GENESIS Studio\genesis-studio\packages\engines-py\.pdb_cache\3OG7,A
3272,ThermoMPNN,3OG7,1.131024718284607,188,S,P,F:\GENESIS Studio\genesis-studio\packages\engines-py\.pdb_cache\3OG7,A
3273,ThermoMPNN,3OG7,1.268681287765503,188,S,Q,F:\GENESIS Studio\genesis-studio\packages\engines-py\.pdb_cache\3OG7,A
3274,ThermoMPNN,3OG7,1.453568696975708,188,S,R,F:\GENESIS Studio\genesis-studio\packages\engines-py\.pdb_cache\3OG7,A
3275,ThermoMPNN,3OG7,0.0,188,S,S,F:\GENESIS Studio\genesis-studio\packages\engines-py\.pdb_cache\3OG7,A
3276,ThermoMPNN,3OG7,0.22678923606872559,188,S,T,F:\GENESIS Studio\genesis-studio\packages\engines-py\.pdb_cache\3OG7,A
3277,ThermoMPNN,3OG7,0.7076320052146912,188,S,V,F:\GENESIS Studio\genesis-studio\packages\engines-py\.pdb_cache\3OG7,A
3278,ThermoMPNN,3OG7,0.7994192838668823,188,S,W,F:\GENESIS Studio\genesis-studio\packages\engines-py\.pdb_cache\3OG7,A
3279,ThermoMPNN,3OG7,0.9613250494003296,188,S,Y,F:\GENESIS Studio\genesis-studio\packages\engines-py\.pdb_cache\3OG7,A
3280,ThermoMPNN,3OG7,2.504075288772583,189,D,A,F:\GENESIS Studio\genesis-studio\packages\engines-py\.pdb_cache\3OG7,A
3281,ThermoMPNN,3OG7,2.0130703449249268,189,D,C,F:\GENESIS Studio\genesis-studio\packages\engines-py\.pdb_cache\3OG7,A
3282,ThermoMPNN,3OG7,0.0,189,D,D,F:\GENESIS Studio\genesis-studio\packages\engines-py\.pdb_cache\3OG7,A
3283,ThermoMPNN,3OG7,2.3774666786193848,189,D,E,F:\GENESIS Studio\genesis-studio\packages\engines-py\.pdb_cache\3OG7,A
3284,ThermoMPNN,3OG7,2.6054837703704834,189,D,F,F:\GENESIS Studio\genesis-studio\packages\engines-py\.pdb_cache\3OG7,A
3285,ThermoMPNN,3OG7,2.8288755416870117,189,D,G,F:\GENESIS Studio\genesis-studio\packages\engines-py\.pdb_cache\3OG7,A
3286,ThermoMPNN,3OG7,2.693007230758667,189,D,H,F:\GENESIS Studio\genesis-studio\packages\engines-py\.pdb_cache\3OG7,A
3287,ThermoMPNN,3OG7,2.5900988578796387,189,D,I,F:\GENESIS Studio\genesis-studio\packages\engines-py\.pdb_cache\3OG7,A
3288,ThermoMPNN,3OG7,3.11916446685791,189,D,K,F:\GENESIS Studio\genesis-studio\packages\engines-py\.pdb_cache\3OG7,A
3289,ThermoMPNN,3OG7,2.7876970767974854,189,D,L,F:\GENESIS Studio\genesis-studio\packages\engines-py\.pdb_cache\3OG7,A
3290,ThermoMPNN,3OG7,2.6658453941345215,189,D,M,F:\GENESIS Studio\genesis-studio\packages\engines-py\.pdb_cache\3OG7,A
3291,ThermoMPNN,3OG7,1.4615919589996338,189,D,N,F:\GENESIS Studio\genesis-studio\packages\engines-py\.pdb_cache\3OG7,A
3292,ThermoMPNN,3OG7,3.1414718627929688,189,D,P,F:\GENESIS Studio\genesis-studio\packages\engines-py\.pdb_cache\3OG7,A
3293,ThermoMPNN,3OG7,2.67449951171875,189,D,Q,F:\GENESIS Studio\genesis-studio\packages\engines-py\.pdb_cache\3OG7,A
3294,ThermoMPNN,3OG7,2.8816137313842773,189,D,R,F:\GENESIS Studio\genesis-studio\packages\engines-py\.pdb_cache\3OG7,A
3295,ThermoMPNN,3OG7,1.4019445180892944,189,D,S,F:\GENESIS Studio\genesis-studio\packages\engines-py\.pdb_cache\3OG7,A
3296,ThermoMPNN,3OG7,2.1620616912841797,189,D,T,F:\GENESIS Studio\genesis-studio\packages\engines-py\.pdb_cache\3OG7,A
3297,ThermoMPNN,3OG7,2.9211132526397705,189,D,V,F:\GENESIS Studio\genesis-studio\packages\engines-py\.pdb_cache\3OG7,A
3298,ThermoMPNN,3OG7,2.588596820831299,189,D,W,F:\GENESIS Studio\genesis-studio\packages\engines-py\.pdb_cache\3OG7,A
3299,ThermoMPNN,3OG7,3.1621816158294678,189,D,Y,F:\GENESIS Studio\genesis-studio\packages\engines-py\.pdb_cache\3OG7,A
3300,ThermoMPNN,3OG7,2.1698131561279297,190,V,A,F:\GENESIS Studio\genesis-studio\packages\engines-py\.pdb_cache\3OG7,A
3301,ThermoMPNN,3OG7,1.6844631433486938,190,V,C,F:\GENESIS Studio\genesis-studio\packages\engines-py\.pdb_cache\3OG7,A
3302,ThermoMPNN,3OG7,3.1788859367370605,190,V,D,F:\GENESIS Studio\genesis-studio\packages\engines-py\.pdb_cache\3OG7,A
3303,ThermoMPNN,3OG7,2.758578062057495,190,V,E,F:\GENESIS Studio\genesis-studio\packages\engines-py\.pdb_cache\3OG7,A
3304,ThermoMPNN,3OG7,2.4301743507385254,190,V,F,F:\GENESIS Studio\genesis-studio\packages\engines-py\.pdb_cache\3OG7,A
3305,ThermoMPNN,3OG7,3.3579277992248535,190,V,G,F:\GENESIS Studio\genesis-studio\packages\engines-py\.pdb_cache\3OG7,A
3306,ThermoMPNN,3OG7,3.119642496109009,190,V,H,F:\GENESIS Studio\genesis-studio\packages\engines-py\.pdb_cache\3OG7,A
3307,ThermoMPNN,3OG7,0.0075457096099853516,190,V,I,F:\GENESIS Studio\genesis-studio\packages\engines-py\.pdb_cache\3OG7,A
3308,ThermoMPNN,3OG7,2.9692578315734863,190,V,K,F:\GENESIS Studio\genesis-studio\packages\engines-py\.pdb_cache\3OG7,A
3309,ThermoMPNN,3OG7,1.1596043109893799,190,V,L,F:\GENESIS Studio\genesis-studio\packages\engines-py\.pdb_cache\3OG7,A
3310,ThermoMPNN,3OG7,1.7082465887069702,190,V,M,F:\GENESIS Studio\genesis-studio\packages\engines-py\.pdb_cache\3OG7,A
3311,ThermoMPNN,3OG7,3.3079891204833984,190,V,N,F:\GENESIS Studio\genesis-studio\packages\engines-py\.pdb_cache\3OG7,A
3312,ThermoMPNN,3OG7,3.451176404953003,190,V,P,F:\GENESIS Studio\genesis-studio\packages\engines-py\.pdb_cache\3OG7,A
3313,ThermoMPNN,3OG7,2.6812846660614014,190,V,Q,F:\GENESIS Studio\genesis-studio\packages\engines-py\.pdb_cache\3OG7,A
3314,ThermoMPNN,3OG7,2.8228187561035156,190,V,R,F:\GENESIS Studio\genesis-studio\packages\engines-py\.pdb_cache\3OG7,A
3315,ThermoMPNN,3OG7,2.7061612606048584,190,V,S,F:\GENESIS Studio\genesis-studio\packages\engines-py\.pdb_cache\3OG7,A
3316,ThermoMPNN,3OG7,1.496443510055542,190,V,T,F:\GENESIS Studio\genesis-studio\packages\engines-py\.pdb_cache\3OG7,A
3317,ThermoMPNN,3OG7,0.0,190,V,V,F:\GENESIS Studio\genesis-studio\packages\engines-py\.pdb_cache\3OG7,A
3318,ThermoMPNN,3OG7,2.548180103302002,190,V,W,F:\GENESIS Studio\genesis-studio\packages\engines-py\.pdb_cache\3OG7,A
3319,ThermoMPNN,3OG7,2.7688512802124023,190,V,Y,F:\GENESIS Studio\genesis-studio\packages\engines-py\.pdb_cache\3OG7,A
3320,ThermoMPNN,3OG7,3.1831908226013184,191,Y,A,F:\GENESIS Studio\genesis-studio\packages\engines-py\.pdb_cache\3OG7,A
3321,ThermoMPNN,3OG7,2.4786815643310547,191,Y,C,F:\GENESIS Studio\genesis-studio\packages\engines-py\.pdb_cache\3OG7,A
3322,ThermoMPNN,3OG7,3.187981128692627,191,Y,D,F:\GENESIS Studio\genesis-studio\packages\engines-py\.pdb_cache\3OG7,A
3323,ThermoMPNN,3OG7,3.3730573654174805,191,Y,E,F:\GENESIS Studio\genesis-studio\packages\engines-py\.pdb_cache\3OG7,A
3324,ThermoMPNN,3OG7,0.9469897747039795,191,Y,F,F:\GENESIS Studio\genesis-studio\packages\engines-py\.pdb_cache\3OG7,A
3325,ThermoMPNN,3OG7,2.9855828285217285,191,Y,G,F:\GENESIS Studio\genesis-studio\packages\engines-py\.pdb_cache\3OG7,A
3326,ThermoMPNN,3OG7,2.0241212844848633,191,Y,H,F:\GENESIS Studio\genesis-studio\packages\engines-py\.pdb_cache\3OG7,A
3327,ThermoMPNN,3OG7,3.0951976776123047,191,Y,I,F:\GENESIS Studio\genesis-studio\packages\engines-py\.pdb_cache\3OG7,A
3328,ThermoMPNN,3OG7,3.0749526023864746,191,Y,K,F:\GENESIS Studio\genesis-studio\packages\engines-py\.pdb_cache\3OG7,A
3329,ThermoMPNN,3OG7,2.9941680431365967,191,Y,L,F:\GENESIS Studio\genesis-studio\packages\engines-py\.pdb_cache\3OG7,A
3330,ThermoMPNN,3OG7,2.806633949279785,191,Y,M,F:\GENESIS Studio\genesis-studio\packages\engines-py\.pdb_cache\3OG7,A
3331,ThermoMPNN,3OG7,3.0326650142669678,191,Y,N,F:\GENESIS Studio\genesis-studio\packages\engines-py\.pdb_cache\3OG7,A
3332,ThermoMPNN,3OG7,3.2310447692871094,191,Y,P,F:\GENESIS Studio\genesis-studio\packages\engines-py\.pdb_cache\3OG7,A
3333,ThermoMPNN,3OG7,3.042403221130371,191,Y,Q,F:\GENESIS Studio\genesis-studio\packages\engines-py\.pdb_cache\3OG7,A
3334,ThermoMPNN,3OG7,2.548163890838623,191,Y,R,F:\GENESIS Studio\genesis-studio\packages\engines-py\.pdb_cache\3OG7,A
3335,ThermoMPNN,3OG7,3.027949094772339,191,Y,S,F:\GENESIS Studio\genesis-studio\packages\engines-py\.pdb_cache\3OG7,A
3336,ThermoMPNN,3OG7,3.10395884513855,191,Y,T,F:\GENESIS Studio\genesis-studio\packages\engines-py\.pdb_cache\3OG7,A
3337,ThermoMPNN,3OG7,3.025662422180176,191,Y,V,F:\GENESIS Studio\genesis-studio\packages\engines-py\.pdb_cache\3OG7,A
3338,ThermoMPNN,3OG7,0.2775154113769531,191,Y,W,F:\GENESIS Studio\genesis-studio\packages\engines-py\.pdb_cache\3OG7,A
3339,ThermoMPNN,3OG7,0.0,191,Y,Y,F:\GENESIS Studio\genesis-studio\packages\engines-py\.pdb_cache\3OG7,A
3340,ThermoMPNN,3OG7,0.0,192,A,A,F:\GENESIS Studio\genesis-studio\packages\engines-py\.pdb_cache\3OG7,A
3341,ThermoMPNN,3OG7,0.9259762763977051,192,A,C,F:\GENESIS Studio\genesis-studio\packages\engines-py\.pdb_cache\3OG7,A
3342,ThermoMPNN,3OG7,2.9629602432250977,192,A,D,F:\GENESIS Studio\genesis-studio\packages\engines-py\.pdb_cache\3OG7,A
3343,ThermoMPNN,3OG7,2.3665130138397217,192,A,E,F:\GENESIS Studio\genesis-studio\packages\engines-py\.pdb_cache\3OG7,A
3344,ThermoMPNN,3OG7,2.015871047973633,192,A,F,F:\GENESIS Studio\genesis-studio\packages\engines-py\.pdb_cache\3OG7,A
3345,ThermoMPNN,3OG7,1.351771354675293,192,A,G,F:\GENESIS Studio\genesis-studio\packages\engines-py\.pdb_cache\3OG7,A
3346,ThermoMPNN,3OG7,1.8949456214904785,192,A,H,F:\GENESIS Studio\genesis-studio\packages\engines-py\.pdb_cache\3OG7,A
3347,ThermoMPNN,3OG7,1.9616817235946655,192,A,I,F:\GENESIS Studio\genesis-studio\packages\engines-py\.pdb_cache\3OG7,A
3348,ThermoMPNN,3OG7,1.4107180833816528,192,A,K,F:\GENESIS Studio\genesis-studio\packages\engines-py\.pdb_cache\3OG7,A
3349,ThermoMPNN,3OG7,2.129087448120117,192,A,L,F:\GENESIS Studio\genesis-studio\packages\engines-py\.pdb_cache\3OG7,A
3350,ThermoMPNN,3OG7,1.445472240447998,192,A,M,F:\GENESIS Studio\genesis-studio\packages\engines-py\.pdb_cache\3OG7,A
3351,ThermoMPNN,3OG7,2.3443915843963623,192,A,N,F:\GENESIS Studio\genesis-studio\packages\engines-py\.pdb_cache\3OG7,A
3352,ThermoMPNN,3OG7,3.006415843963623,192,A,P,F:\GENESIS Studio\genesis-studio\packages\engines-py\.pdb_cache\3OG7,A
3353,ThermoMPNN,3OG7,1.4442291259765625,192,A,Q,F:\GENESIS Studio\genesis-studio\packages\engines-py\.pdb_cache\3OG7,A
3354,ThermoMPNN,3OG7,1.3291125297546387,192,A,R,F:\GENESIS Studio\genesis-studio\packages\engines-py\.pdb_cache\3OG7,A
3355,ThermoMPNN,3OG7,0.5640761852264404,192,A,S,F:\GENESIS Studio\genesis-studio\packages\engines-py\.pdb_cache\3OG7,A
3356,ThermoMPNN,3OG7,1.5886802673339844,192,A,T,F:\GENESIS Studio\genesis-studio\packages\engines-py\.pdb_cache\3OG7,A
3357,ThermoMPNN,3OG7,1.7127307653427124,192,A,V,F:\GENESIS Studio\genesis-studio\packages\engines-py\.pdb_cache\3OG7,A
3358,ThermoMPNN,3OG7,1.9546672105789185,192,A,W,F:\GENESIS Studio\genesis-studio\packages\engines-py\.pdb_cache\3OG7,A
3359,ThermoMPNN,3OG7,2.0854454040527344,192,A,Y,F:\GENESIS Studio\genesis-studio\packages\engines-py\.pdb_cache\3OG7,A
3360,ThermoMPNN,3OG7,2.154250144958496,193,F,A,F:\GENESIS Studio\genesis-studio\packages\engines-py\.pdb_cache\3OG7,A
3361,ThermoMPNN,3OG7,1.382872223854065,193,F,C,F:\GENESIS Studio\genesis-studio\packages\engines-py\.pdb_cache\3OG7,A
3362,ThermoMPNN,3OG7,2.9994616508483887,193,F,D,F:\GENESIS Studio\genesis-studio\packages\engines-py\.pdb_cache\3OG7,A
3363,ThermoMPNN,3OG7,2.6348392963409424,193,F,E,F:\GENESIS Studio\genesis-studio\packages\engines-py\.pdb_cache\3OG7,A
3364,ThermoMPNN,3OG7,0.0,193,F,F,F:\GENESIS Studio\genesis-studio\packages\engines-py\.pdb_cache\3OG7,A
3365,ThermoMPNN,3OG7,2.5703039169311523,193,F,G,F:\GENESIS Studio\genesis-studio\packages\engines-py\.pdb_cache\3OG7,A
3366,ThermoMPNN,3OG7,2.2744219303131104,193,F,H,F:\GENESIS Studio\genesis-studio\packages\engines-py\.pdb_cache\3OG7,A
3367,ThermoMPNN,3OG7,1.3740267753601074,193,F,I,F:\GENESIS Studio\genesis-studio\packages\engines-py\.pdb_cache\3OG7,A
3368,ThermoMPNN,3OG7,2.558396339416504,193,F,K,F:\GENESIS Studio\genesis-studio\packages\engines-py\.pdb_cache\3OG7,A
3369,ThermoMPNN,3OG7,0.9975311756134033,193,F,L,F:\GENESIS Studio\genesis-studio\packages\engines-py\.pdb_cache\3OG7,A
3370,ThermoMPNN,3OG7,1.3447853326797485,193,F,M,F:\GENESIS Studio\genesis-studio\packages\engines-py\.pdb_cache\3OG7,A
3371,ThermoMPNN,3OG7,2.898735284805298,193,F,N,F:\GENESIS Studio\genesis-studio\packages\engines-py\.pdb_cache\3OG7,A
3372,ThermoMPNN,3OG7,2.773491621017456,193,F,P,F:\GENESIS Studio\genesis-studio\packages\engines-py\.pdb_cache\3OG7,A
3373,ThermoMPNN,3OG7,2.602152109146118,193,F,Q,F:\GENESIS Studio\genesis-studio\packages\engines-py\.pdb_cache\3OG7,A
3374,ThermoMPNN,3OG7,2.420466423034668,193,F,R,F:\GENESIS Studio\genesis-studio\packages\engines-py\.pdb_cache\3OG7,A
3375,ThermoMPNN,3OG7,2.7052409648895264,193,F,S,F:\GENESIS Studio\genesis-studio\packages\engines-py\.pdb_cache\3OG7,A
3376,ThermoMPNN,3OG7,2.4970531463623047,193,F,T,F:\GENESIS Studio\genesis-studio\packages\engines-py\.pdb_cache\3OG7,A
3377,ThermoMPNN,3OG7,1.685255765914917,193,F,V,F:\GENESIS Studio\genesis-studio\packages\engines-py\.pdb_cache\3OG7,A
3378,ThermoMPNN,3OG7,0.8334932327270508,193,F,W,F:\GENESIS Studio\genesis-studio\packages\engines-py\.pdb_cache\3OG7,A
3379,ThermoMPNN,3OG7,0.44132113456726074,193,F,Y,F:\GENESIS Studio\genesis-studio\packages\engines-py\.pdb_cache\3OG7,A
3380,ThermoMPNN,3OG7,2.1286699771881104,194,G,A,F:\GENESIS Studio\genesis-studio\packages\engines-py\.pdb_cache\3OG7,A
3381,ThermoMPNN,3OG7,1.7971607446670532,194,G,C,F:\GENESIS Studio\genesis-studio\packages\engines-py\.pdb_cache\3OG7,A
3382,ThermoMPNN,3OG7,3.1669020652770996,194,G,D,F:\GENESIS Studio\genesis-studio\packages\engines-py\.pdb_cache\3OG7,A
3383,ThermoMPNN,3OG7,3.0463151931762695,194,G,E,F:\GENESIS Studio\genesis-studio\packages\engines-py\.pdb_cache\3OG7,A
3384,ThermoMPNN,3OG7,1.672286033630371,194,G,F,F:\GENESIS Studio\genesis-studio\packages\engines-py\.pdb_cache\3OG7,A
3385,ThermoMPNN,3OG7,0.0,194,G,G,F:\GENESIS Studio\genesis-studio\packages\engines-py\.pdb_cache\3OG7,A
3386,ThermoMPNN,3OG7,2.734449863433838,194,G,H,F:\GENESIS Studio\genesis-studio\packages\engines-py\.pdb_cache\3OG7,A
3387,ThermoMPNN,3OG7,2.206472635269165,194,G,I,F:\GENESIS Studio\genesis-studio\packages\engines-py\.pdb_cache\3OG7,A
3388,ThermoMPNN,3OG7,3.051278829574585,194,G,K,F:\GENESIS Studio\genesis-studio\packages\engines-py\.pdb_cache\3OG7,A
3389,ThermoMPNN,3OG7,2.1669633388519287,194,G,L,F:\GENESIS Studio\genesis-studio\packages\engines-py\.pdb_cache\3OG7,A
3390,ThermoMPNN,3OG7,2.189199447631836,194,G,M,F:\GENESIS Studio\genesis-studio\packages\engines-py\.pdb_cache\3OG7,A
3391,ThermoMPNN,3OG7,3.001634359359741,194,G,N,F:\GENESIS Studio\genesis-studio\packages\engines-py\.pdb_cache\3OG7,A
3392,ThermoMPNN,3OG7,2.5925345420837402,194,G,P,F:\GENESIS Studio\genesis-studio\packages\engines-py\.pdb_cache\3OG7,A
3393,ThermoMPNN,3OG7,2.9133903980255127,194,G,Q,F:\GENESIS Studio\genesis-studio\packages\engines-py\.pdb_cache\3OG7,A
3394,ThermoMPNN,3OG7,2.8440306186676025,194,G,R,F:\GENESIS Studio\genesis-studio\packages\engines-py\.pdb_cache\3OG7,A
3395,ThermoMPNN,3OG7,2.5916380882263184,194,G,S,F:\GENESIS Studio\genesis-studio\packages\engines-py\.pdb_cache\3OG7,A
3396,ThermoMPNN,3OG7,2.746978998184204,194,G,T,F:\GENESIS Studio\genesis-studio\packages\engines-py\.pdb_cache\3OG7,A
3397,ThermoMPNN,3OG7,1.9819636344909668,194,G,V,F:\GENESIS Studio\genesis-studio\packages\engines-py\.pdb_cache\3OG7,A
3398,ThermoMPNN,3OG7,1.7984421253204346,194,G,W,F:\GENESIS Studio\genesis-studio\packages\engines-py\.pdb_cache\3OG7,A
3399,ThermoMPNN,3OG7,1.931013584136963,194,G,Y,F:\GENESIS Studio\genesis-studio\packages\engines-py\.pdb_cache\3OG7,A
3400,ThermoMPNN,3OG7,2.3242225646972656,195,I,A,F:\GENESIS Studio\genesis-studio\packages\engines-py\.pdb_cache\3OG7,A
3401,ThermoMPNN,3OG7,1.4672858715057373,195,I,C,F:\GENESIS Studio\genesis-studio\packages\engines-py\.pdb_cache\3OG7,A
3402,ThermoMPNN,3OG7,3.669536590576172,195,I,D,F:\GENESIS Studio\genesis-studio\packages\engines-py\.pdb_cache\3OG7,A
3403,ThermoMPNN,3OG7,3.2023062705993652,195,I,E,F:\GENESIS Studio\genesis-studio\packages\engines-py\.pdb_cache\3OG7,A
3404,ThermoMPNN,3OG7,2.3521766662597656,195,I,F,F:\GENESIS Studio\genesis-studio\packages\engines-py\.pdb_cache\3OG7,A
3405,ThermoMPNN,3OG7,3.402926445007324,195,I,G,F:\GENESIS Studio\genesis-studio\packages\engines-py\.pdb_cache\3OG7,A
3406,ThermoMPNN,3OG7,3.2528884410858154,195,I,H,F:\GENESIS Studio\genesis-studio\packages\engines-py\.pdb_cache\3OG7,A
3407,ThermoMPNN,3OG7,0.0,195,I,I,F:\GENESIS Studio\genesis-studio\packages\engines-py\.pdb_cache\3OG7,A
3408,ThermoMPNN,3OG7,2.56868839263916,195,I,K,F:\GENESIS Studio\genesis-studio\packages\engines-py\.pdb_cache\3OG7,A
3409,ThermoMPNN,3OG7,0.572319746017456,195,I,L,F:\GENESIS Studio\genesis-studio\packages\engines-py\.pdb_cache\3OG7,A
3410,ThermoMPNN,3OG7,1.1993803977966309,195,I,M,F:\GENESIS Studio\genesis-studio\packages\engines-py\.pdb_cache\3OG7,A
3411,ThermoMPNN,3OG7,3.371370315551758,195,I,N,F:\GENESIS Studio\genesis-studio\packages\engines-py\.pdb_cache\3OG7,A
3412,ThermoMPNN,3OG7,3.050574779510498,195,I,P,F:\GENESIS Studio\genesis-studio\packages\engines-py\.pdb_cache\3OG7,A
3413,ThermoMPNN,3OG7,2.6773343086242676,195,I,Q,F:\GENESIS Studio\genesis-studio\packages\engines-py\.pdb_cache\3OG7,A
3414,ThermoMPNN,3OG7,2.6294150352478027,195,I,R,F:\GENESIS Studio\genesis-studio\packages\engines-py\.pdb_cache\3OG7,A
3415,ThermoMPNN,3OG7,2.8126699924468994,195,I,S,F:\GENESIS Studio\genesis-studio\packages\engines-py\.pdb_cache\3OG7,A
3416,ThermoMPNN,3OG7,2.145775556564331,195,I,T,F:\GENESIS Studio\genesis-studio\packages\engines-py\.pdb_cache\3OG7,A
3417,ThermoMPNN,3OG7,0.3809196949005127,195,I,V,F:\GENESIS Studio\genesis-studio\packages\engines-py\.pdb_cache\3OG7,A
3418,ThermoMPNN,3OG7,2.451399564743042,195,I,W,F:\GENESIS Studio\genesis-studio\packages\engines-py\.pdb_cache\3OG7,A
3419,ThermoMPNN,3OG7,2.818819761276245,195,I,Y,F:\GENESIS Studio\genesis-studio\packages\engines-py\.pdb_cache\3OG7,A
3420,ThermoMPNN,3OG7,1.8544758558273315,196,V,A,F:\GENESIS Studio\genesis-studio\packages\engines-py\.pdb_cache\3OG7,A
3421,ThermoMPNN,3OG7,1.0190565586090088,196,V,C,F:\GENESIS Studio\genesis-studio\packages\engines-py\.pdb_cache\3OG7,A
3422,ThermoMPNN,3OG7,2.997009038925171,196,V,D,F:\GENESIS Studio\genesis-studio\packages\engines-py\.pdb_cache\3OG7,A
3423,ThermoMPNN,3OG7,2.766197681427002,196,V,E,F:\GENESIS Studio\genesis-studio\packages\engines-py\.pdb_cache\3OG7,A
3424,ThermoMPNN,3OG7,1.3844139575958252,196,V,F,F:\GENESIS Studio\genesis-studio\packages\engines-py\.pdb_cache\3OG7,A
3425,ThermoMPNN,3OG7,2.699753522872925,196,V,G,F:\GENESIS Studio\genesis-studio\packages\engines-py\.pdb_cache\3OG7,A
3426,ThermoMPNN,3OG7,2.495119571685791,196,V,H,F:\GENESIS Studio\genesis-studio\packages\engines-py\.pdb_cache\3OG7,A
3427,ThermoMPNN,3OG7,-0.07973837852478027,196,V,I,F:\GENESIS Studio\genesis-studio\packages\engines-py\.pdb_cache\3OG7,A
3428,ThermoMPNN,3OG7,2.507232189178467,196,V,K,F:\GENESIS Studio\genesis-studio\packages\engines-py\.pdb_cache\3OG7,A
3429,ThermoMPNN,3OG7,0.6620889902114868,196,V,L,F:\GENESIS Studio\genesis-studio\packages\engines-py\.pdb_cache\3OG7,A
3430,ThermoMPNN,3OG7,1.158157229423523,196,V,M,F:\GENESIS Studio\genesis-studio\packages\engines-py\.pdb_cache\3OG7,A
3431,ThermoMPNN,3OG7,2.784951686859131,196,V,N,F:\GENESIS Studio\genesis-studio\packages\engines-py\.pdb_cache\3OG7,A
3432,ThermoMPNN,3OG7,2.848071813583374,196,V,P,F:\GENESIS Studio\genesis-studio\packages\engines-py\.pdb_cache\3OG7,A
3433,ThermoMPNN,3OG7,2.539606809616089,196,V,Q,F:\GENESIS Studio\genesis-studio\packages\engines-py\.pdb_cache\3OG7,A
3434,ThermoMPNN,3OG7,2.4694786071777344,196,V,R,F:\GENESIS Studio\genesis-studio\packages\engines-py\.pdb_cache\3OG7,A
3435,ThermoMPNN,3OG7,2.4435596466064453,196,V,S,F:\GENESIS Studio\genesis-studio\packages\engines-py\.pdb_cache\3OG7,A
3436,ThermoMPNN,3OG7,1.6901130676269531,196,V,T,F:\GENESIS Studio\genesis-studio\packages\engines-py\.pdb_cache\3OG7,A
3437,ThermoMPNN,3OG7,0.0,196,V,V,F:\GENESIS Studio\genesis-studio\packages\engines-py\.pdb_cache\3OG7,A
3438,ThermoMPNN,3OG7,1.6463854312896729,196,V,W,F:\GENESIS Studio\genesis-studio\packages\engines-py\.pdb_cache\3OG7,A
3439,ThermoMPNN,3OG7,1.6820204257965088,196,V,Y,F:\GENESIS Studio\genesis-studio\packages\engines-py\.pdb_cache\3OG7,A
3440,ThermoMPNN,3OG7,1.517225980758667,197,L,A,F:\GENESIS Studio\genesis-studio\packages\engines-py\.pdb_cache\3OG7,A
3441,ThermoMPNN,3OG7,0.7946312427520752,197,L,C,F:\GENESIS Studio\genesis-studio\packages\engines-py\.pdb_cache\3OG7,A
3442,ThermoMPNN,3OG7,2.262014389038086,197,L,D,F:\GENESIS Studio\genesis-studio\packages\engines-py\.pdb_cache\3OG7,A
3443,ThermoMPNN,3OG7,2.051635980606079,197,L,E,F:\GENESIS Studio\genesis-studio\packages\engines-py\.pdb_cache\3OG7,A
3444,ThermoMPNN,3OG7,0.7247264385223389,197,L,F,F:\GENESIS Studio\genesis-studio\packages\engines-py\.pdb_cache\3OG7,A
3445,ThermoMPNN,3OG7,1.7642138004302979,197,L,G,F:\GENESIS Studio\genesis-studio\packages\engines-py\.pdb_cache\3OG7,A
3446,ThermoMPNN,3OG7,1.8727657794952393,197,L,H,F:\GENESIS Studio\genesis-studio\packages\engines-py\.pdb_cache\3OG7,A
3447,ThermoMPNN,3OG7,0.9797394275665283,197,L,I,F:\GENESIS Studio\genesis-studio\packages\engines-py\.pdb_cache\3OG7,A
3448,ThermoMPNN,3OG7,1.9635075330734253,197,L,K,F:\GENESIS Studio\genesis-studio\packages\engines-py\.pdb_cache\3OG7,A
3449,ThermoMPNN,3OG7,0.0,197,L,L,F:\GENESIS Studio\genesis-studio\packages\engines-py\.pdb_cache\3OG7,A
3450,ThermoMPNN,3OG7,0.6239619255065918,197,L,M,F:\GENESIS Studio\genesis-studio\packages\engines-py\.pdb_cache\3OG7,A
3451,ThermoMPNN,3OG7,2.0754029750823975,197,L,N,F:\GENESIS Studio\genesis-studio\packages\engines-py\.pdb_cache\3OG7,A
3452,ThermoMPNN,3OG7,2.3966424465179443,197,L,P,F:\GENESIS Studio\genesis-studio\packages\engines-py\.pdb_cache\3OG7,A
3453,ThermoMPNN,3OG7,1.9311976432800293,197,L,Q,F:\GENESIS Studio\genesis-studio\packages\engines-py\.pdb_cache\3OG7,A
3454,ThermoMPNN,3OG7,2.015619993209839,197,L,R,F:\GENESIS Studio\genesis-studio\packages\engines-py\.pdb_cache\3OG7,A
3455,ThermoMPNN,3OG7,1.92606520652771,197,L,S,F:\GENESIS Studio\genesis-studio\packages\engines-py\.pdb_cache\3OG7,A
3456,ThermoMPNN,3OG7,1.8821306228637695,197,L,T,F:\GENESIS Studio\genesis-studio\packages\engines-py\.pdb_cache\3OG7,A
3457,ThermoMPNN,3OG7,1.2464935779571533,197,L,V,F:\GENESIS Studio\genesis-studio\packages\engines-py\.pdb_cache\3OG7,A
3458,ThermoMPNN,3OG7,0.831599235534668,197,L,W,F:\GENESIS Studio\genesis-studio\packages\engines-py\.pdb_cache\3OG7,A
3459,ThermoMPNN,3OG7,1.1445424556732178,197,L,Y,F:\GENESIS Studio\genesis-studio\packages\engines-py\.pdb_cache\3OG7,A
3460,ThermoMPNN,3OG7,3.466716766357422,198,Y,A,F:\GENESIS Studio\genesis-studio\packages\engines-py\.pdb_cache\3OG7,A
3461,ThermoMPNN,3OG7,2.7609732151031494,198,Y,C,F:\GENESIS Studio\genesis-studio\packages\engines-py\.pdb_cache\3OG7,A
3462,ThermoMPNN,3OG7,3.272735595703125,198,Y,D,F:\GENESIS Studio\genesis-studio\packages\engines-py\.pdb_cache\3OG7,A
3463,ThermoMPNN,3OG7,3.6581146717071533,198,Y,E,F:\GENESIS Studio\genesis-studio\packages\engines-py\.pdb_cache\3OG7,A
3464,ThermoMPNN,3OG7,0.7686822414398193,198,Y,F,F:\GENESIS Studio\genesis-studio\packages\engines-py\.pdb_cache\3OG7,A
3465,ThermoMPNN,3OG7,2.943711757659912,198,Y,G,F:\GENESIS Studio\genesis-studio\packages\engines-py\.pdb_cache\3OG7,A
3466,ThermoMPNN,3OG7,2.075197458267212,198,Y,H,F:\GENESIS Studio\genesis-studio\packages\engines-py\.pdb_cache\3OG7,A
3467,ThermoMPNN,3OG7,3.3709468841552734,198,Y,I,F:\GENESIS Studio\genesis-studio\packages\engines-py\.pdb_cache\3OG7,A
3468,ThermoMPNN,3OG7,3.2392029762268066,198,Y,K,F:\GENESIS Studio\genesis-studio\packages\engines-py\.pdb_cache\3OG7,A
3469,ThermoMPNN,3OG7,3.07973051071167,198,Y,L,F:\GENESIS Studio\genesis-studio\packages\engines-py\.pdb_cache\3OG7,A
3470,ThermoMPNN,3OG7,2.834987163543701,198,Y,M,F:\GENESIS Studio\genesis-studio\packages\engines-py\.pdb_cache\3OG7,A
3471,ThermoMPNN,3OG7,3.097111940383911,198,Y,N,F:\GENESIS Studio\genesis-studio\packages\engines-py\.pdb_cache\3OG7,A
3472,ThermoMPNN,3OG7,2.908452272415161,198,Y,P,F:\GENESIS Studio\genesis-studio\packages\engines-py\.pdb_cache\3OG7,A
3473,ThermoMPNN,3OG7,3.2224202156066895,198,Y,Q,F:\GENESIS Studio\genesis-studio\packages\engines-py\.pdb_cache\3OG7,A
3474,ThermoMPNN,3OG7,2.7597858905792236,198,Y,R,F:\GENESIS Studio\genesis-studio\packages\engines-py\.pdb_cache\3OG7,A
3475,ThermoMPNN,3OG7,3.409890651702881,198,Y,S,F:\GENESIS Studio\genesis-studio\packages\engines-py\.pdb_cache\3OG7,A
3476,ThermoMPNN,3OG7,3.501260995864868,198,Y,T,F:\GENESIS Studio\genesis-studio\packages\engines-py\.pdb_cache\3OG7,A
3477,ThermoMPNN,3OG7,3.559591054916382,198,Y,V,F:\GENESIS Studio\genesis-studio\packages\engines-py\.pdb_cache\3OG7,A
3478,ThermoMPNN,3OG7,0.7522821426391602,198,Y,W,F:\GENESIS Studio\genesis-studio\packages\engines-py\.pdb_cache\3OG7,A
3479,ThermoMPNN,3OG7,0.0,198,Y,Y,F:\GENESIS Studio\genesis-studio\packages\engines-py\.pdb_cache\3OG7,A
3480,ThermoMPNN,3OG7,0.8545892238616943,199,E,A,F:\GENESIS Studio\genesis-studio\packages\engines-py\.pdb_cache\3OG7,A
3481,ThermoMPNN,3OG7,0.3740729093551636,199,E,C,F:\GENESIS Studio\genesis-studio\packages\engines-py\.pdb_cache\3OG7,A
3482,ThermoMPNN,3OG7,1.5847077369689941,199,E,D,F:\GENESIS Studio\genesis-studio\packages\engines-py\.pdb_cache\3OG7,A
3483,ThermoMPNN,3OG7,0.0,199,E,E,F:\GENESIS Studio\genesis-studio\packages\engines-py\.pdb_cache\3OG7,A
3484,ThermoMPNN,3OG7,1.0775395631790161,199,E,F,F:\GENESIS Studio\genesis-studio\packages\engines-py\.pdb_cache\3OG7,A
3485,ThermoMPNN,3OG7,1.1738605499267578,199,E,G,F:\GENESIS Studio\genesis-studio\packages\engines-py\.pdb_cache\3OG7,A
3486,ThermoMPNN,3OG7,1.1431033611297607,199,E,H,F:\GENESIS Studio\genesis-studio\packages\engines-py\.pdb_cache\3OG7,A
3487,ThermoMPNN,3OG7,0.7647717595100403,199,E,I,F:\GENESIS Studio\genesis-studio\packages\engines-py\.pdb_cache\3OG7,A
3488,ThermoMPNN,3OG7,1.9748485088348389,199,E,K,F:\GENESIS Studio\genesis-studio\packages\engines-py\.pdb_cache\3OG7,A
3489,ThermoMPNN,3OG7,1.1781271696090698,199,E,L,F:\GENESIS Studio\genesis-studio\packages\engines-py\.pdb_cache\3OG7,A
3490,ThermoMPNN,3OG7,0.7553902864456177,199,E,M,F:\GENESIS Studio\genesis-studio\packages\engines-py\.pdb_cache\3OG7,A
3491,ThermoMPNN,3OG7,1.6527868509292603,199,E,N,F:\GENESIS Studio\genesis-studio\packages\engines-py\.pdb_cache\3OG7,A
3492,ThermoMPNN,3OG7,1.7461998462677002,199,E,P,F:\GENESIS Studio\genesis-studio\packages\engines-py\.pdb_cache\3OG7,A
3493,ThermoMPNN,3OG7,0.5978814363479614,199,E,Q,F:\GENESIS Studio\genesis-studio\packages\engines-py\.pdb_cache\3OG7,A
3494,ThermoMPNN,3OG7,1.9016480445861816,199,E,R,F:\GENESIS Studio\genesis-studio\packages\engines-py\.pdb_cache\3OG7,A
3495,ThermoMPNN,3OG7,0.999347448348999,199,E,S,F:\GENESIS Studio\genesis-studio\packages\engines-py\.pdb_cache\3OG7,A
3496,ThermoMPNN,3OG7,0.8849749565124512,199,E,T,F:\GENESIS Studio\genesis-studio\packages\engines-py\.pdb_cache\3OG7,A
3497,ThermoMPNN,3OG7,0.2176377773284912,199,E,V,F:\GENESIS Studio\genesis-studio\packages\engines-py\.pdb_cache\3OG7,A
3498,ThermoMPNN,3OG7,1.2519608736038208,199,E,W,F:\GENESIS Studio\genesis-studio\packages\engines-py\.pdb_cache\3OG7,A
3499,ThermoMPNN,3OG7,1.0999282598495483,199,E,Y,F:\GENESIS Studio\genesis-studio\packages\engines-py\.pdb_cache\3OG7,A
3500,ThermoMPNN,3OG7,2.295247793197632,200,L,A,F:\GENESIS Studio\genesis-studio\packages\engines-py\.pdb_cache\3OG7,A
3501,ThermoMPNN,3OG7,1.3761184215545654,200,L,C,F:\GENESIS Studio\genesis-studio\packages\engines-py\.pdb_cache\3OG7,A
3502,ThermoMPNN,3OG7,3.6020569801330566,200,L,D,F:\GENESIS Studio\genesis-studio\packages\engines-py\.pdb_cache\3OG7,A
3503,ThermoMPNN,3OG7,3.1566665172576904,200,L,E,F:\GENESIS Studio\genesis-studio\packages\engines-py\.pdb_cache\3OG7,A
3504,ThermoMPNN,3OG7,1.8431727886199951,200,L,F,F:\GENESIS Studio\genesis-studio\packages\engines-py\.pdb_cache\3OG7,A
3505,ThermoMPNN,3OG7,3.0489437580108643,200,L,G,F:\GENESIS Studio\genesis-studio\packages\engines-py\.pdb_cache\3OG7,A
3506,ThermoMPNN,3OG7,3.071195602416992,200,L,H,F:\GENESIS Studio\genesis-studio\packages\engines-py\.pdb_cache\3OG7,A
3507,ThermoMPNN,3OG7,0.5056464672088623,200,L,I,F:\GENESIS Studio\genesis-studio\packages\engines-py\.pdb_cache\3OG7,A
3508,ThermoMPNN,3OG7,2.7894763946533203,200,L,K,F:\GENESIS Studio\genesis-studio\packages\engines-py\.pdb_cache\3OG7,A
3509,ThermoMPNN,3OG7,0.0,200,L,L,F:\GENESIS Studio\genesis-studio\packages\engines-py\.pdb_cache\3OG7,A
3510,ThermoMPNN,3OG7,1.2109068632125854,200,L,M,F:\GENESIS Studio\genesis-studio\packages\engines-py\.pdb_cache\3OG7,A
3511,ThermoMPNN,3OG7,3.2481727600097656,200,L,N,F:\GENESIS Studio\genesis-studio\packages\engines-py\.pdb_cache\3OG7,A
3512,ThermoMPNN,3OG7,3.2757468223571777,200,L,P,F:\GENESIS Studio\genesis-studio\packages\engines-py\.pdb_cache\3OG7,A
3513,ThermoMPNN,3OG7,2.997183322906494,200,L,Q,F:\GENESIS Studio\genesis-studio\packages\engines-py\.pdb_cache\3OG7,A
3514,ThermoMPNN,3OG7,2.90466046333313,200,L,R,F:\GENESIS Studio\genesis-studio\packages\engines-py\.pdb_cache\3OG7,A
3515,ThermoMPNN,3OG7,2.962506055831909,200,L,S,F:\GENESIS Studio\genesis-studio\packages\engines-py\.pdb_cache\3OG7,A
3516,ThermoMPNN,3OG7,2.492676019668579,200,L,T,F:\GENESIS Studio\genesis-studio\packages\engines-py\.pdb_cache\3OG7,A
3517,ThermoMPNN,3OG7,0.8828437328338623,200,L,V,F:\GENESIS Studio\genesis-studio\packages\engines-py\.pdb_cache\3OG7,A
3518,ThermoMPNN,3OG7,2.137092351913452,200,L,W,F:\GENESIS Studio\genesis-studio\packages\engines-py\.pdb_cache\3OG7,A
3519,ThermoMPNN,3OG7,2.2338850498199463,200,L,Y,F:\GENESIS Studio\genesis-studio\packages\engines-py\.pdb_cache\3OG7,A
3520,ThermoMPNN,3OG7,1.35957670211792,201,M,A,F:\GENESIS Studio\genesis-studio\packages\engines-py\.pdb_cache\3OG7,A
3521,ThermoMPNN,3OG7,0.5519882440567017,201,M,C,F:\GENESIS Studio\genesis-studio\packages\engines-py\.pdb_cache\3OG7,A
3522,ThermoMPNN,3OG7,2.99991512298584,201,M,D,F:\GENESIS Studio\genesis-studio\packages\engines-py\.pdb_cache\3OG7,A
3523,ThermoMPNN,3OG7,2.6746139526367188,201,M,E,F:\GENESIS Studio\genesis-studio\packages\engines-py\.pdb_cache\3OG7,A
3524,ThermoMPNN,3OG7,-0.047541141510009766,201,M,F,F:\GENESIS Studio\genesis-studio\packages\engines-py\.pdb_cache\3OG7,A
3525,ThermoMPNN,3OG7,2.3525547981262207,201,M,G,F:\GENESIS Studio\genesis-studio\packages\engines-py\.pdb_cache\3OG7,A
3526,ThermoMPNN,3OG7,2.080519199371338,201,M,H,F:\GENESIS Studio\genesis-studio\packages\engines-py\.pdb_cache\3OG7,A
3527,ThermoMPNN,3OG7,0.6898860931396484,201,M,I,F:\GENESIS Studio\genesis-studio\packages\engines-py\.pdb_cache\3OG7,A
3528,ThermoMPNN,3OG7,2.791766405105591,201,M,K,F:\GENESIS Studio\genesis-studio\packages\engines-py\.pdb_cache\3OG7,A
3529,ThermoMPNN,3OG7,0.09220671653747559,201,M,L,F:\GENESIS Studio\genesis-studio\packages\engines-py\.pdb_cache\3OG7,A
3530,ThermoMPNN,3OG7,0.0,201,M,M,F:\GENESIS Studio\genesis-studio\packages\engines-py\.pdb_cache\3OG7,A
3531,ThermoMPNN,3OG7,2.469024419784546,201,M,N,F:\GENESIS Studio\genesis-studio\packages\engines-py\.pdb_cache\3OG7,A
3532,ThermoMPNN,3OG7,2.9214890003204346,201,M,P,F:\GENESIS Studio\genesis-studio\packages\engines-py\.pdb_cache\3OG7,A
3533,ThermoMPNN,3OG7,2.2945501804351807,201,M,Q,F:\GENESIS Studio\genesis-studio\packages\engines-py\.pdb_cache\3OG7,A
3534,ThermoMPNN,3OG7,2.746304988861084,201,M,R,F:\GENESIS Studio\genesis-studio\packages\engines-py\.pdb_cache\3OG7,A
3535,ThermoMPNN,3OG7,2.0409727096557617,201,M,S,F:\GENESIS Studio\genesis-studio\packages\engines-py\.pdb_cache\3OG7,A
3536,ThermoMPNN,3OG7,2.010803461074829,201,M,T,F:\GENESIS Studio\genesis-studio\packages\engines-py\.pdb_cache\3OG7,A
3537,ThermoMPNN,3OG7,1.1503734588623047,201,M,V,F:\GENESIS Studio\genesis-studio\packages\engines-py\.pdb_cache\3OG7,A
3538,ThermoMPNN,3OG7,0.8926191329956055,201,M,W,F:\GENESIS Studio\genesis-studio\packages\engines-py\.pdb_cache\3OG7,A
3539,ThermoMPNN,3OG7,0.8107779026031494,201,M,Y,F:\GENESIS Studio\genesis-studio\packages\engines-py\.pdb_cache\3OG7,A
3540,ThermoMPNN,3OG7,0.8935774564743042,202,T,A,F:\GENESIS Studio\genesis-studio\packages\engines-py\.pdb_cache\3OG7,A
3541,ThermoMPNN,3OG7,0.9850354194641113,202,T,C,F:\GENESIS Studio\genesis-studio\packages\engines-py\.pdb_cache\3OG7,A
3542,ThermoMPNN,3OG7,2.6567306518554688,202,T,D,F:\GENESIS Studio\genesis-studio\packages\engines-py\.pdb_cache\3OG7,A
3543,ThermoMPNN,3OG7,2.6534719467163086,202,T,E,F:\GENESIS Studio\genesis-studio\packages\engines-py\.pdb_cache\3OG7,A
3544,ThermoMPNN,3OG7,1.520143747329712,202,T,F,F:\GENESIS Studio\genesis-studio\packages\engines-py\.pdb_cache\3OG7,A
3545,ThermoMPNN,3OG7,1.6005463600158691,202,T,G,F:\GENESIS Studio\genesis-studio\packages\engines-py\.pdb_cache\3OG7,A
3546,ThermoMPNN,3OG7,2.379443645477295,202,T,H,F:\GENESIS Studio\genesis-studio\packages\engines-py\.pdb_cache\3OG7,A
3547,ThermoMPNN,3OG7,1.3571338653564453,202,T,I,F:\GENESIS Studio\genesis-studio\packages\engines-py\.pdb_cache\3OG7,A
3548,ThermoMPNN,3OG7,2.4635777473449707,202,T,K,F:\GENESIS Studio\genesis-studio\packages\engines-py\.pdb_cache\3OG7,A
3549,ThermoMPNN,3OG7,1.848883867263794,202,T,L,F:\GENESIS Studio\genesis-studio\packages\engines-py\.pdb_cache\3OG7,A
3550,ThermoMPNN,3OG7,1.4619858264923096,202,T,M,F:\GENESIS Studio\genesis-studio\packages\engines-py\.pdb_cache\3OG7,A
3551,ThermoMPNN,3OG7,2.4256913661956787,202,T,N,F:\GENESIS Studio\genesis-studio\packages\engines-py\.pdb_cache\3OG7,A
3552,ThermoMPNN,3OG7,2.4931867122650146,202,T,P,F:\GENESIS Studio\genesis-studio\packages\engines-py\.pdb_cache\3OG7,A
3553,ThermoMPNN,3OG7,2.1659460067749023,202,T,Q,F:\GENESIS Studio\genesis-studio\packages\engines-py\.pdb_cache\3OG7,A
3554,ThermoMPNN,3OG7,2.3049864768981934,202,T,R,F:\GENESIS Studio\genesis-studio\packages\engines-py\.pdb_cache\3OG7,A
3555,ThermoMPNN,3OG7,0.3749094009399414,202,T,S,F:\GENESIS Studio\genesis-studio\packages\engines-py\.pdb_cache\3OG7,A
3556,ThermoMPNN,3OG7,0.0,202,T,T,F:\GENESIS Studio\genesis-studio\packages\engines-py\.pdb_cache\3OG7,A
3557,ThermoMPNN,3OG7,1.1535362005233765,202,T,V,F:\GENESIS Studio\genesis-studio\packages\engines-py\.pdb_cache\3OG7,A
3558,ThermoMPNN,3OG7,1.77721107006073,202,T,W,F:\GENESIS Studio\genesis-studio\packages\engines-py\.pdb_cache\3OG7,A
3559,ThermoMPNN,3OG7,1.8728212118148804,202,T,Y,F:\GENESIS Studio\genesis-studio\packages\engines-py\.pdb_cache\3OG7,A
3560,ThermoMPNN,3OG7,1.712673306465149,203,G,A,F:\GENESIS Studio\genesis-studio\packages\engines-py\.pdb_cache\3OG7,A
3561,ThermoMPNN,3OG7,0.7856800556182861,203,G,C,F:\GENESIS Studio\genesis-studio\packages\engines-py\.pdb_cache\3OG7,A
3562,ThermoMPNN,3OG7,1.7511109113693237,203,G,D,F:\GENESIS Studio\genesis-studio\packages\engines-py\.pdb_cache\3OG7,A
3563,ThermoMPNN,3OG7,1.7583070993423462,203,G,E,F:\GENESIS Studio\genesis-studio\packages\engines-py\.pdb_cache\3OG7,A
3564,ThermoMPNN,3OG7,1.3312830924987793,203,G,F,F:\GENESIS Studio\genesis-studio\packages\engines-py\.pdb_cache\3OG7,A
3565,ThermoMPNN,3OG7,0.0,203,G,G,F:\GENESIS Studio\genesis-studio\packages\engines-py\.pdb_cache\3OG7,A
3566,ThermoMPNN,3OG7,1.1801092624664307,203,G,H,F:\GENESIS Studio\genesis-studio\packages\engines-py\.pdb_cache\3OG7,A
3567,ThermoMPNN,3OG7,2.3627140522003174,203,G,I,F:\GENESIS Studio\genesis-studio\packages\engines-py\.pdb_cache\3OG7,A
3568,ThermoMPNN,3OG7,1.4688866138458252,203,G,K,F:\GENESIS Studio\genesis-studio\packages\engines-py\.pdb_cache\3OG7,A
3569,ThermoMPNN,3OG7,1.58331298828125,203,G,L,F:\GENESIS Studio\genesis-studio\packages\engines-py\.pdb_cache\3OG7,A
3570,ThermoMPNN,3OG7,1.3505733013153076,203,G,M,F:\GENESIS Studio\genesis-studio\packages\engines-py\.pdb_cache\3OG7,A
3571,ThermoMPNN,3OG7,1.2014120817184448,203,G,N,F:\GENESIS Studio\genesis-studio\packages\engines-py\.pdb_cache\3OG7,A
3572,ThermoMPNN,3OG7,3.062690019607544,203,G,P,F:\GENESIS Studio\genesis-studio\packages\engines-py\.pdb_cache\3OG7,A
3573,ThermoMPNN,3OG7,1.318138599395752,203,G,Q,F:\GENESIS Studio\genesis-studio\packages\engines-py\.pdb_cache\3OG7,A
3574,ThermoMPNN,3OG7,1.6522282361984253,203,G,R,F:\GENESIS Studio\genesis-studio\packages\engines-py\.pdb_cache\3OG7,A
3575,ThermoMPNN,3OG7,1.7885593175888062,203,G,S,F:\GENESIS Studio\genesis-studio\packages\engines-py\.pdb_cache\3OG7,A
3576,ThermoMPNN,3OG7,2.232372283935547,203,G,T,F:\GENESIS Studio\genesis-studio\packages\engines-py\.pdb_cache\3OG7,A
3577,ThermoMPNN,3OG7,2.320425510406494,203,G,V,F:\GENESIS Studio\genesis-studio\packages\engines-py\.pdb_cache\3OG7,A
3578,ThermoMPNN,3OG7,1.6578707695007324,203,G,W,F:\GENESIS Studio\genesis-studio\packages\engines-py\.pdb_cache\3OG7,A
3579,ThermoMPNN,3OG7,1.4583040475845337,203,G,Y,F:\GENESIS Studio\genesis-studio\packages\engines-py\.pdb_cache\3OG7,A
3580,ThermoMPNN,3OG7,0.6213474869728088,204,Q,A,F:\GENESIS Studio\genesis-studio\packages\engines-py\.pdb_cache\3OG7,A
3581,ThermoMPNN,3OG7,0.05082416534423828,204,Q,C,F:\GENESIS Studio\genesis-studio\packages\engines-py\.pdb_cache\3OG7,A
3582,ThermoMPNN,3OG7,1.090765357017517,204,Q,D,F:\GENESIS Studio\genesis-studio\packages\engines-py\.pdb_cache\3OG7,A
3583,ThermoMPNN,3OG7,0.223441481590271,204,Q,E,F:\GENESIS Studio\genesis-studio\packages\engines-py\.pdb_cache\3OG7,A
3584,ThermoMPNN,3OG7,0.5762488842010498,204,Q,F,F:\GENESIS Studio\genesis-studio\packages\engines-py\.pdb_cache\3OG7,A
3585,ThermoMPNN,3OG7,1.2366342544555664,204,Q,G,F:\GENESIS Studio\genesis-studio\packages\engines-py\.pdb_cache\3OG7,A
3586,ThermoMPNN,3OG7,0.6226574778556824,204,Q,H,F:\GENESIS Studio\genesis-studio\packages\engines-py\.pdb_cache\3OG7,A
3587,ThermoMPNN,3OG7,0.2196667194366455,204,Q,I,F:\GENESIS Studio\genesis-studio\packages\engines-py\.pdb_cache\3OG7,A
3588,ThermoMPNN,3OG7,0.7234936952590942,204,Q,K,F:\GENESIS Studio\genesis-studio\packages\engines-py\.pdb_cache\3OG7,A
3589,ThermoMPNN,3OG7,0.5678315162658691,204,Q,L,F:\GENESIS Studio\genesis-studio\packages\engines-py\.pdb_cache\3OG7,A
3590,ThermoMPNN,3OG7,0.11980128288269043,204,Q,M,F:\GENESIS Studio\genesis-studio\packages\engines-py\.pdb_cache\3OG7,A
3591,ThermoMPNN,3OG7,0.9915494918823242,204,Q,N,F:\GENESIS Studio\genesis-studio\packages\engines-py\.pdb_cache\3OG7,A
3592,ThermoMPNN,3OG7,3.0085370540618896,204,Q,P,F:\GENESIS Studio\genesis-studio\packages\engines-py\.pdb_cache\3OG7,A
3593,ThermoMPNN,3OG7,0.0,204,Q,Q,F:\GENESIS Studio\genesis-studio\packages\engines-py\.pdb_cache\3OG7,A
3594,ThermoMPNN,3OG7,0.7203806638717651,204,Q,R,F:\GENESIS Studio\genesis-studio\packages\engines-py\.pdb_cache\3OG7,A
3595,ThermoMPNN,3OG7,0.3946351408958435,204,Q,S,F:\GENESIS Studio\genesis-studio\packages\engines-py\.pdb_cache\3OG7,A
3596,ThermoMPNN,3OG7,0.2007124423980713,204,Q,T,F:\GENESIS Studio\genesis-studio\packages\engines-py\.pdb_cache\3OG7,A
3597,ThermoMPNN,3OG7,0.13823926448822021,204,Q,V,F:\GENESIS Studio\genesis-studio\packages\engines-py\.pdb_cache\3OG7,A
3598,ThermoMPNN,3OG7,0.6777414083480835,204,Q,W,F:\GENESIS Studio\genesis-studio\packages\engines-py\.pdb_cache\3OG7,A
3599,ThermoMPNN,3OG7,0.76862633228302,204,Q,Y,F:\GENESIS Studio\genesis-studio\packages\engines-py\.pdb_cache\3OG7,A
3600,ThermoMPNN,3OG7,0.009482502937316895,205,L,A,F:\GENESIS Studio\genesis-studio\packages\engines-py\.pdb_cache\3OG7,A
3601,ThermoMPNN,3OG7,-0.07511883974075317,205,L,C,F:\GENESIS Studio\genesis-studio\packages\engines-py\.pdb_cache\3OG7,A
3602,ThermoMPNN,3OG7,0.39622461795806885,205,L,D,F:\GENESIS Studio\genesis-studio\packages\engines-py\.pdb_cache\3OG7,A
3603,ThermoMPNN,3OG7,0.18668973445892334,205,L,E,F:\GENESIS Studio\genesis-studio\packages\engines-py\.pdb_cache\3OG7,A
3604,ThermoMPNN,3OG7,0.2931686043739319,205,L,F,F:\GENESIS Studio\genesis-studio\packages\engines-py\.pdb_cache\3OG7,A
3605,ThermoMPNN,3OG7,0.30267995595932007,205,L,G,F:\GENESIS Studio\genesis-studio\packages\engines-py\.pdb_cache\3OG7,A
3606,ThermoMPNN,3OG7,0.22519844770431519,205,L,H,F:\GENESIS Studio\genesis-studio\packages\engines-py\.pdb_cache\3OG7,A
3607,ThermoMPNN,3OG7,0.17103618383407593,205,L,I,F:\GENESIS Studio\genesis-studio\packages\engines-py\.pdb_cache\3OG7,A
3608,ThermoMPNN,3OG7,-0.2135726809501648,205,L,K,F:\GENESIS Studio\genesis-studio\packages\engines-py\.pdb_cache\3OG7,A
3609,ThermoMPNN,3OG7,0.0,205,L,L,F:\GENESIS Studio\genesis-studio\packages\engines-py\.pdb_cache\3OG7,A
3610,ThermoMPNN,3OG7,0.06932908296585083,205,L,M,F:\GENESIS Studio\genesis-studio\packages\engines-py\.pdb_cache\3OG7,A
3611,ThermoMPNN,3OG7,0.15564578771591187,205,L,N,F:\GENESIS Studio\genesis-studio\packages\engines-py\.pdb_cache\3OG7,A
3612,ThermoMPNN,3OG7,-0.3030697703361511,205,L,P,F:\GENESIS Studio\genesis-studio\packages\engines-py\.pdb_cache\3OG7,A
3613,ThermoMPNN,3OG7,-0.07403451204299927,205,L,Q,F:\GENESIS Studio\genesis-studio\packages\engines-py\.pdb_cache\3OG7,A
3614,ThermoMPNN,3OG7,-0.1252254843711853,205,L,R,F:\GENESIS Studio\genesis-studio\packages\engines-py\.pdb_cache\3OG7,A
3615,ThermoMPNN,3OG7,-0.04164379835128784,205,L,S,F:\GENESIS Studio\genesis-studio\packages\engines-py\.pdb_cache\3OG7,A
3616,ThermoMPNN,3OG7,0.032693445682525635,205,L,T,F:\GENESIS Studio\genesis-studio\packages\engines-py\.pdb_cache\3OG7,A
3617,ThermoMPNN,3OG7,0.22555291652679443,205,L,V,F:\GENESIS Studio\genesis-studio\packages\engines-py\.pdb_cache\3OG7,A
3618,ThermoMPNN,3OG7,0.34087926149368286,205,L,W,F:\GENESIS Studio\genesis-studio\packages\engines-py\.pdb_cache\3OG7,A
3619,ThermoMPNN,3OG7,0.3746362626552582,205,L,Y,F:\GENESIS Studio\genesis-studio\packages\engines-py\.pdb_cache\3OG7,A
3620,ThermoMPNN,3OG7,1.7354034185409546,206,P,A,F:\GENESIS Studio\genesis-studio\packages\engines-py\.pdb_cache\3OG7,A
3621,ThermoMPNN,3OG7,0.9583408832550049,206,P,C,F:\GENESIS Studio\genesis-studio\packages\engines-py\.pdb_cache\3OG7,A
3622,ThermoMPNN,3OG7,2.530853271484375,206,P,D,F:\GENESIS Studio\genesis-studio\packages\engines-py\.pdb_cache\3OG7,A
3623,ThermoMPNN,3OG7,2.3620975017547607,206,P,E,F:\GENESIS Studio\genesis-studio\packages\engines-py\.pdb_cache\3OG7,A
3624,ThermoMPNN,3OG7,1.4569034576416016,206,P,F,F:\GENESIS Studio\genesis-studio\packages\engines-py\.pdb_cache\3OG7,A
3625,ThermoMPNN,3OG7,1.9828119277954102,206,P,G,F:\GENESIS Studio\genesis-studio\packages\engines-py\.pdb_cache\3OG7,A
3626,ThermoMPNN,3OG7,2.1857335567474365,206,P,H,F:\GENESIS Studio\genesis-studio\packages\engines-py\.pdb_cache\3OG7,A
3627,ThermoMPNN,3OG7,1.4177424907684326,206,P,I,F:\GENESIS Studio\genesis-studio\packages\engines-py\.pdb_cache\3OG7,A
3628,ThermoMPNN,3OG7,1.975982904434204,206,P,K,F:\GENESIS Studio\genesis-studio\packages\engines-py\.pdb_cache\3OG7,A
3629,ThermoMPNN,3OG7,1.2090661525726318,206,P,L,F:\GENESIS Studio\genesis-studio\packages\engines-py\.pdb_cache\3OG7,A
3630,ThermoMPNN,3OG7,1.365767002105713,206,P,M,F:\GENESIS Studio\genesis-studio\packages\engines-py\.pdb_cache\3OG7,A
3631,ThermoMPNN,3OG7,2.2508132457733154,206,P,N,F:\GENESIS Studio\genesis-studio\packages\engines-py\.pdb_cache\3OG7,A
3632,ThermoMPNN,3OG7,0.0,206,P,P,F:\GENESIS Studio\genesis-studio\packages\engines-py\.pdb_cache\3OG7,A
3633,ThermoMPNN,3OG7,2.2606124877929688,206,P,Q,F:\GENESIS Studio\genesis-studio\packages\engines-py\.pdb_cache\3OG7,A
3634,ThermoMPNN,3OG7,2.0109217166900635,206,P,R,F:\GENESIS Studio\genesis-studio\packages\engines-py\.pdb_cache\3OG7,A
3635,ThermoMPNN,3OG7,2.1499879360198975,206,P,S,F:\GENESIS Studio\genesis-studio\packages\engines-py\.pdb_cache\3OG7,A
3636,ThermoMPNN,3OG7,2.191873073577881,206,P,T,F:\GENESIS Studio\genesis-studio\packages\engines-py\.pdb_cache\3OG7,A
3637,ThermoMPNN,3OG7,1.5689494609832764,206,P,V,F:\GENESIS Studio\genesis-studio\packages\engines-py\.pdb_cache\3OG7,A
3638,ThermoMPNN,3OG7,1.3020645380020142,206,P,W,F:\GENESIS Studio\genesis-studio\packages\engines-py\.pdb_cache\3OG7,A
3639,ThermoMPNN,3OG7,1.4829132556915283,206,P,Y,F:\GENESIS Studio\genesis-studio\packages\engines-py\.pdb_cache\3OG7,A
3640,ThermoMPNN,3OG7,2.432652473449707,207,Y,A,F:\GENESIS Studio\genesis-studio\packages\engines-py\.pdb_cache\3OG7,A
3641,ThermoMPNN,3OG7,1.6404824256896973,207,Y,C,F:\GENESIS Studio\genesis-studio\packages\engines-py\.pdb_cache\3OG7,A
3642,ThermoMPNN,3OG7,2.9007840156555176,207,Y,D,F:\GENESIS Studio\genesis-studio\packages\engines-py\.pdb_cache\3OG7,A
3643,ThermoMPNN,3OG7,2.710031509399414,207,Y,E,F:\GENESIS Studio\genesis-studio\packages\engines-py\.pdb_cache\3OG7,A
3644,ThermoMPNN,3OG7,0.14982342720031738,207,Y,F,F:\GENESIS Studio\genesis-studio\packages\engines-py\.pdb_cache\3OG7,A
3645,ThermoMPNN,3OG7,2.416375160217285,207,Y,G,F:\GENESIS Studio\genesis-studio\packages\engines-py\.pdb_cache\3OG7,A
3646,ThermoMPNN,3OG7,1.7530970573425293,207,Y,H,F:\GENESIS Studio\genesis-studio\packages\engines-py\.pdb_cache\3OG7,A
3647,ThermoMPNN,3OG7,1.9315497875213623,207,Y,I,F:\GENESIS Studio\genesis-studio\packages\engines-py\.pdb_cache\3OG7,A
3648,ThermoMPNN,3OG7,2.540621757507324,207,Y,K,F:\GENESIS Studio\genesis-studio\packages\engines-py\.pdb_cache\3OG7,A
3649,ThermoMPNN,3OG7,1.8212611675262451,207,Y,L,F:\GENESIS Studio\genesis-studio\packages\engines-py\.pdb_cache\3OG7,A
3650,ThermoMPNN,3OG7,1.8329174518585205,207,Y,M,F:\GENESIS Studio\genesis-studio\packages\engines-py\.pdb_cache\3OG7,A
3651,ThermoMPNN,3OG7,2.5080878734588623,207,Y,N,F:\GENESIS Studio\genesis-studio\packages\engines-py\.pdb_cache\3OG7,A
3652,ThermoMPNN,3OG7,2.3812665939331055,207,Y,P,F:\GENESIS Studio\genesis-studio\packages\engines-py\.pdb_cache\3OG7,A
3653,ThermoMPNN,3OG7,2.589939832687378,207,Y,Q,F:\GENESIS Studio\genesis-studio\packages\engines-py\.pdb_cache\3OG7,A
3654,ThermoMPNN,3OG7,2.302828311920166,207,Y,R,F:\GENESIS Studio\genesis-studio\packages\engines-py\.pdb_cache\3OG7,A
3655,ThermoMPNN,3OG7,2.686857223510742,207,Y,S,F:\GENESIS Studio\genesis-studio\packages\engines-py\.pdb_cache\3OG7,A
3656,ThermoMPNN,3OG7,2.5254786014556885,207,Y,T,F:\GENESIS Studio\genesis-studio\packages\engines-py\.pdb_cache\3OG7,A
3657,ThermoMPNN,3OG7,2.1178689002990723,207,Y,V,F:\GENESIS Studio\genesis-studio\packages\engines-py\.pdb_cache\3OG7,A
3658,ThermoMPNN,3OG7,0.8581926822662354,207,Y,W,F:\GENESIS Studio\genesis-studio\packages\engines-py\.pdb_cache\3OG7,A
3659,ThermoMPNN,3OG7,0.0,207,Y,Y,F:\GENESIS Studio\genesis-studio\packages\engines-py\.pdb_cache\3OG7,A
3660,ThermoMPNN,3OG7,0.042004168033599854,208,S,A,F:\GENESIS Studio\genesis-studio\packages\engines-py\.pdb_cache\3OG7,A
3661,ThermoMPNN,3OG7,-0.08385270833969116,208,S,C,F:\GENESIS Studio\genesis-studio\packages\engines-py\.pdb_cache\3OG7,A
3662,ThermoMPNN,3OG7,-0.07056456804275513,208,S,D,F:\GENESIS Studio\genesis-studio\packages\engines-py\.pdb_cache\3OG7,A
3663,ThermoMPNN,3OG7,-0.09583252668380737,208,S,E,F:\GENESIS Studio\genesis-studio\packages\engines-py\.pdb_cache\3OG7,A
3664,ThermoMPNN,3OG7,0.23356854915618896,208,S,F,F:\GENESIS Studio\genesis-studio\packages\engines-py\.pdb_cache\3OG7,A
3665,ThermoMPNN,3OG7,0.32446449995040894,208,S,G,F:\GENESIS Studio\genesis-studio\packages\engines-py\.pdb_cache\3OG7,A
3666,ThermoMPNN,3OG7,0.21036392450332642,208,S,H,F:\GENESIS Studio\genesis-studio\packages\engines-py\.pdb_cache\3OG7,A
3667,ThermoMPNN,3OG7,0.18669050931930542,208,S,I,F:\GENESIS Studio\genesis-studio\packages\engines-py\.pdb_cache\3OG7,A
3668,ThermoMPNN,3OG7,0.36328810453414917,208,S,K,F:\GENESIS Studio\genesis-studio\packages\engines-py\.pdb_cache\3OG7,A
3669,ThermoMPNN,3OG7,0.22698074579238892,208,S,L,F:\GENESIS Studio\genesis-studio\packages\engines-py\.pdb_cache\3OG7,A
3670,ThermoMPNN,3OG7,0.14337438344955444,208,S,M,F:\GENESIS Studio\genesis-studio\packages\engines-py\.pdb_cache\3OG7,A
3671,ThermoMPNN,3OG7,0.11528939008712769,208,S,N,F:\GENESIS Studio\genesis-studio\packages\engines-py\.pdb_cache\3OG7,A
3672,ThermoMPNN,3OG7,0.7817602753639221,208,S,P,F:\GENESIS Studio\genesis-studio\packages\engines-py\.pdb_cache\3OG7,A
3673,ThermoMPNN,3OG7,0.13233214616775513,208,S,Q,F:\GENESIS Studio\genesis-studio\packages\engines-py\.pdb_cache\3OG7,A
3674,ThermoMPNN,3OG7,0.3509069085121155,208,S,R,F:\GENESIS Studio\genesis-studio\packages\engines-py\.pdb_cache\3OG7,A
3675,ThermoMPNN,3OG7,0.0,208,S,S,F:\GENESIS Studio\genesis-studio\packages\engines-py\.pdb_cache\3OG7,A
3676,ThermoMPNN,3OG7,0.20617246627807617,208,S,T,F:\GENESIS Studio\genesis-studio\packages\engines-py\.pdb_cache\3OG7,A
3677,ThermoMPNN,3OG7,0.1843680739402771,208,S,V,F:\GENESIS Studio\genesis-studio\packages\engines-py\.pdb_cache\3OG7,A
3678,ThermoMPNN,3OG7,0.08109551668167114,208,S,W,F:\GENESIS Studio\genesis-studio\packages\engines-py\.pdb_cache\3OG7,A
3679,ThermoMPNN,3OG7,0.22749143838882446,208,S,Y,F:\GENESIS Studio\genesis-studio\packages\engines-py\.pdb_cache\3OG7,A
3680,ThermoMPNN,3OG7,0.07388204336166382,209,N,A,F:\GENESIS Studio\genesis-studio\packages\engines-py\.pdb_cache\3OG7,A
3681,ThermoMPNN,3OG7,-0.1704404354095459,209,N,C,F:\GENESIS Studio\genesis-studio\packages\engines-py\.pdb_cache\3OG7,A
3682,ThermoMPNN,3OG7,-0.18316400051116943,209,N,D,F:\GENESIS Studio\genesis-studio\packages\engines-py\.pdb_cache\3OG7,A
3683,ThermoMPNN,3OG7,-0.1059998869895935,209,N,E,F:\GENESIS Studio\genesis-studio\packages\engines-py\.pdb_cache\3OG7,A
3684,ThermoMPNN,3OG7,0.15504896640777588,209,N,F,F:\GENESIS Studio\genesis-studio\packages\engines-py\.pdb_cache\3OG7,A
3685,ThermoMPNN,3OG7,0.2749916911125183,209,N,G,F:\GENESIS Studio\genesis-studio\packages\engines-py\.pdb_cache\3OG7,A
3686,ThermoMPNN,3OG7,0.061141252517700195,209,N,H,F:\GENESIS Studio\genesis-studio\packages\engines-py\.pdb_cache\3OG7,A
3687,ThermoMPNN,3OG7,0.3122222423553467,209,N,I,F:\GENESIS Studio\genesis-studio\packages\engines-py\.pdb_cache\3OG7,A
3688,ThermoMPNN,3OG7,0.3362569212913513,209,N,K,F:\GENESIS Studio\genesis-studio\packages\engines-py\.pdb_cache\3OG7,A
3689,ThermoMPNN,3OG7,0.22929894924163818,209,N,L,F:\GENESIS Studio\genesis-studio\packages\engines-py\.pdb_cache\3OG7,A
3690,ThermoMPNN,3OG7,0.2637702226638794,209,N,M,F:\GENESIS Studio\genesis-studio\packages\engines-py\.pdb_cache\3OG7,A
3691,ThermoMPNN,3OG7,0.0,209,N,N,F:\GENESIS Studio\genesis-studio\packages\engines-py\.pdb_cache\3OG7,A
3692,ThermoMPNN,3OG7,0.5354664325714111,209,N,P,F:\GENESIS Studio\genesis-studio\packages\engines-py\.pdb_cache\3OG7,A
3693,ThermoMPNN,3OG7,0.16679823398590088,209,N,Q,F:\GENESIS Studio\genesis-studio\packages\engines-py\.pdb_cache\3OG7,A
3694,ThermoMPNN,3OG7,0.35586056113243103,209,N,R,F:\GENESIS Studio\genesis-studio\packages\engines-py\.pdb_cache\3OG7,A
3695,ThermoMPNN,3OG7,0.04800635576248169,209,N,S,F:\GENESIS Studio\genesis-studio\packages\engines-py\.pdb_cache\3OG7,A
3696,ThermoMPNN,3OG7,0.16745567321777344,209,N,T,F:\GENESIS Studio\genesis-studio\packages\engines-py\.pdb_cache\3OG7,A
3697,ThermoMPNN,3OG7,0.22106003761291504,209,N,V,F:\GENESIS Studio\genesis-studio\packages\engines-py\.pdb_cache\3OG7,A
3698,ThermoMPNN,3OG7,-0.006661355495452881,209,N,W,F:\GENESIS Studio\genesis-studio\packages\engines-py\.pdb_cache\3OG7,A
3699,ThermoMPNN,3OG7,0.07477599382400513,209,N,Y,F:\GENESIS Studio\genesis-studio\packages\engines-py\.pdb_cache\3OG7,A
3700,ThermoMPNN,3OG7,0.8665178418159485,210,I,A,F:\GENESIS Studio\genesis-studio\packages\engines-py\.pdb_cache\3OG7,A
3701,ThermoMPNN,3OG7,0.1905670166015625,210,I,C,F:\GENESIS Studio\genesis-studio\packages\engines-py\.pdb_cache\3OG7,A
3702,ThermoMPNN,3OG7,1.1989952325820923,210,I,D,F:\GENESIS Studio\genesis-studio\packages\engines-py\.pdb_cache\3OG7,A
3703,ThermoMPNN,3OG7,1.0743821859359741,210,I,E,F:\GENESIS Studio\genesis-studio\packages\engines-py\.pdb_cache\3OG7,A
3704,ThermoMPNN,3OG7,0.12777960300445557,210,I,F,F:\GENESIS Studio\genesis-studio\packages\engines-py\.pdb_cache\3OG7,A
3705,ThermoMPNN,3OG7,1.1688745021820068,210,I,G,F:\GENESIS Studio\genesis-studio\packages\engines-py\.pdb_cache\3OG7,A
3706,ThermoMPNN,3OG7,0.7738218903541565,210,I,H,F:\GENESIS Studio\genesis-studio\packages\engines-py\.pdb_cache\3OG7,A
3707,ThermoMPNN,3OG7,0.0,210,I,I,F:\GENESIS Studio\genesis-studio\packages\engines-py\.pdb_cache\3OG7,A
3708,ThermoMPNN,3OG7,1.0919404029846191,210,I,K,F:\GENESIS Studio\genesis-studio\packages\engines-py\.pdb_cache\3OG7,A
3709,ThermoMPNN,3OG7,0.1824396848678589,210,I,L,F:\GENESIS Studio\genesis-studio\packages\engines-py\.pdb_cache\3OG7,A
3710,ThermoMPNN,3OG7,0.2796144485473633,210,I,M,F:\GENESIS Studio\genesis-studio\packages\engines-py\.pdb_cache\3OG7,A
3711,ThermoMPNN,3OG7,1.062875747680664,210,I,N,F:\GENESIS Studio\genesis-studio\packages\engines-py\.pdb_cache\3OG7,A
3712,ThermoMPNN,3OG7,1.1543481349945068,210,I,P,F:\GENESIS Studio\genesis-studio\packages\engines-py\.pdb_cache\3OG7,A
3713,ThermoMPNN,3OG7,1.0311710834503174,210,I,Q,F:\GENESIS Studio\genesis-studio\packages\engines-py\.pdb_cache\3OG7,A
3714,ThermoMPNN,3OG7,1.0994980335235596,210,I,R,F:\GENESIS Studio\genesis-studio\packages\engines-py\.pdb_cache\3OG7,A
3715,ThermoMPNN,3OG7,0.9865999817848206,210,I,S,F:\GENESIS Studio\genesis-studio\packages\engines-py\.pdb_cache\3OG7,A
3716,ThermoMPNN,3OG7,0.826420247554779,210,I,T,F:\GENESIS Studio\genesis-studio\packages\engines-py\.pdb_cache\3OG7,A
3717,ThermoMPNN,3OG7,0.31212949752807617,210,I,V,F:\GENESIS Studio\genesis-studio\packages\engines-py\.pdb_cache\3OG7,A
3718,ThermoMPNN,3OG7,0.12867200374603271,210,I,W,F:\GENESIS Studio\genesis-studio\packages\engines-py\.pdb_cache\3OG7,A
3719,ThermoMPNN,3OG7,0.25600528717041016,210,I,Y,F:\GENESIS Studio\genesis-studio\packages\engines-py\.pdb_cache\3OG7,A
3720,ThermoMPNN,3OG7,-0.13337069749832153,211,N,A,F:\GENESIS Studio\genesis-studio\packages\engines-py\.pdb_cache\3OG7,A
3721,ThermoMPNN,3OG7,-0.16001081466674805,211,N,C,F:\GENESIS Studio\genesis-studio\packages\engines-py\.pdb_cache\3OG7,A
3722,ThermoMPNN,3OG7,0.28784269094467163,211,N,D,F:\GENESIS Studio\genesis-studio\packages\engines-py\.pdb_cache\3OG7,A
3723,ThermoMPNN,3OG7,0.2322617769241333,211,N,E,F:\GENESIS Studio\genesis-studio\packages\engines-py\.pdb_cache\3OG7,A
3724,ThermoMPNN,3OG7,0.00822293758392334,211,N,F,F:\GENESIS Studio\genesis-studio\packages\engines-py\.pdb_cache\3OG7,A
3725,ThermoMPNN,3OG7,-0.1378246545791626,211,N,G,F:\GENESIS Studio\genesis-studio\packages\engines-py\.pdb_cache\3OG7,A
3726,ThermoMPNN,3OG7,-0.01852703094482422,211,N,H,F:\GENESIS Studio\genesis-studio\packages\engines-py\.pdb_cache\3OG7,A
3727,ThermoMPNN,3OG7,0.18408358097076416,211,N,I,F:\GENESIS Studio\genesis-studio\packages\engines-py\.pdb_cache\3OG7,A
3728,ThermoMPNN,3OG7,-0.11734306812286377,211,N,K,F:\GENESIS Studio\genesis-studio\packages\engines-py\.pdb_cache\3OG7,A
3729,ThermoMPNN,3OG7,0.023023128509521484,211,N,L,F:\GENESIS Studio\genesis-studio\packages\engines-py\.pdb_cache\3OG7,A
3730,ThermoMPNN,3OG7,-0.028603971004486084,211,N,M,F:\GENESIS Studio\genesis-studio\packages\engines-py\.pdb_cache\3OG7,A
3731,ThermoMPNN,3OG7,0.0,211,N,N,F:\GENESIS Studio\genesis-studio\packages\engines-py\.pdb_cache\3OG7,A
3732,ThermoMPNN,3OG7,0.4001539945602417,211,N,P,F:\GENESIS Studio\genesis-studio\packages\engines-py\.pdb_cache\3OG7,A
3733,ThermoMPNN,3OG7,-0.02467966079711914,211,N,Q,F:\GENESIS Studio\genesis-studio\packages\engines-py\.pdb_cache\3OG7,A
3734,ThermoMPNN,3OG7,-0.07986313104629517,211,N,R,F:\GENESIS Studio\genesis-studio\packages\engines-py\.pdb_cache\3OG7,A
3735,ThermoMPNN,3OG7,0.03387206792831421,211,N,S,F:\GENESIS Studio\genesis-studio\packages\engines-py\.pdb_cache\3OG7,A
3736,ThermoMPNN,3OG7,0.18628042936325073,211,N,T,F:\GENESIS Studio\genesis-studio\packages\engines-py\.pdb_cache\3OG7,A
3737,ThermoMPNN,3OG7,0.22169989347457886,211,N,V,F:\GENESIS Studio\genesis-studio\packages\engines-py\.pdb_cache\3OG7,A
3738,ThermoMPNN,3OG7,0.1455863118171692,211,N,W,F:\GENESIS Studio\genesis-studio\packages\engines-py\.pdb_cache\3OG7,A
3739,ThermoMPNN,3OG7,0.07023930549621582,211,N,Y,F:\GENESIS Studio\genesis-studio\packages\engines-py\.pdb_cache\3OG7,A
3740,ThermoMPNN,3OG7,0.6657099723815918,212,N,A,F:\GENESIS Studio\genesis-studio\packages\engines-py\.pdb_cache\3OG7,A
3741,ThermoMPNN,3OG7,0.23092514276504517,212,N,C,F:\GENESIS Studio\genesis-studio\packages\engines-py\.pdb_cache\3OG7,A
3742,ThermoMPNN,3OG7,0.229508638381958,212,N,D,F:\GENESIS Studio\genesis-studio\packages\engines-py\.pdb_cache\3OG7,A
3743,ThermoMPNN,3OG7,0.7291312217712402,212,N,E,F:\GENESIS Studio\genesis-studio\packages\engines-py\.pdb_cache\3OG7,A
3744,ThermoMPNN,3OG7,0.5497103333473206,212,N,F,F:\GENESIS Studio\genesis-studio\packages\engines-py\.pdb_cache\3OG7,A
3745,ThermoMPNN,3OG7,0.6859694719314575,212,N,G,F:\GENESIS Studio\genesis-studio\packages\engines-py\.pdb_cache\3OG7,A
3746,ThermoMPNN,3OG7,0.4738513231277466,212,N,H,F:\GENESIS Studio\genesis-studio\packages\engines-py\.pdb_cache\3OG7,A
3747,ThermoMPNN,3OG7,0.7221297025680542,212,N,I,F:\GENESIS Studio\genesis-studio\packages\engines-py\.pdb_cache\3OG7,A
3748,ThermoMPNN,3OG7,0.6474559307098389,212,N,K,F:\GENESIS Studio\genesis-studio\packages\engines-py\.pdb_cache\3OG7,A
3749,ThermoMPNN,3OG7,0.6323118805885315,212,N,L,F:\GENESIS Studio\genesis-studio\packages\engines-py\.pdb_cache\3OG7,A
3750,ThermoMPNN,3OG7,0.6166032552719116,212,N,M,F:\GENESIS Studio\genesis-studio\packages\engines-py\.pdb_cache\3OG7,A
3751,ThermoMPNN,3OG7,0.0,212,N,N,F:\GENESIS Studio\genesis-studio\packages\engines-py\.pdb_cache\3OG7,A
3752,ThermoMPNN,3OG7,1.4244210720062256,212,N,P,F:\GENESIS Studio\genesis-studio\packages\engines-py\.pdb_cache\3OG7,A
3753,ThermoMPNN,3OG7,0.5728538036346436,212,N,Q,F:\GENESIS Studio\genesis-studio\packages\engines-py\.pdb_cache\3OG7,A
3754,ThermoMPNN,3OG7,0.6470303535461426,212,N,R,F:\GENESIS Studio\genesis-studio\packages\engines-py\.pdb_cache\3OG7,A
3755,ThermoMPNN,3OG7,-0.06074988842010498,212,N,S,F:\GENESIS Studio\genesis-studio\packages\engines-py\.pdb_cache\3OG7,A
3756,ThermoMPNN,3OG7,0.09671175479888916,212,N,T,F:\GENESIS Studio\genesis-studio\packages\engines-py\.pdb_cache\3OG7,A
3757,ThermoMPNN,3OG7,0.620274543762207,212,N,V,F:\GENESIS Studio\genesis-studio\packages\engines-py\.pdb_cache\3OG7,A
3758,ThermoMPNN,3OG7,0.5953004956245422,212,N,W,F:\GENESIS Studio\genesis-studio\packages\engines-py\.pdb_cache\3OG7,A
3759,ThermoMPNN,3OG7,0.6469593048095703,212,N,Y,F:\GENESIS Studio\genesis-studio\packages\engines-py\.pdb_cache\3OG7,A
3760,ThermoMPNN,3OG7,0.277387797832489,213,R,A,F:\GENESIS Studio\genesis-studio\packages\engines-py\.pdb_cache\3OG7,A
3761,ThermoMPNN,3OG7,-0.20753401517868042,213,R,C,F:\GENESIS Studio\genesis-studio\packages\engines-py\.pdb_cache\3OG7,A
3762,ThermoMPNN,3OG7,0.6176468133926392,213,R,D,F:\GENESIS Studio\genesis-studio\packages\engines-py\.pdb_cache\3OG7,A
3763,ThermoMPNN,3OG7,0.5243318676948547,213,R,E,F:\GENESIS Studio\genesis-studio\packages\engines-py\.pdb_cache\3OG7,A
3764,ThermoMPNN,3OG7,-0.15956705808639526,213,R,F,F:\GENESIS Studio\genesis-studio\packages\engines-py\.pdb_cache\3OG7,A
3765,ThermoMPNN,3OG7,0.663878321647644,213,R,G,F:\GENESIS Studio\genesis-studio\packages\engines-py\.pdb_cache\3OG7,A
3766,ThermoMPNN,3OG7,0.10886836051940918,213,R,H,F:\GENESIS Studio\genesis-studio\packages\engines-py\.pdb_cache\3OG7,A
3767,ThermoMPNN,3OG7,-0.19195693731307983,213,R,I,F:\GENESIS Studio\genesis-studio\packages\engines-py\.pdb_cache\3OG7,A
3768,ThermoMPNN,3OG7,0.08506715297698975,213,R,K,F:\GENESIS Studio\genesis-studio\packages\engines-py\.pdb_cache\3OG7,A
3769,ThermoMPNN,3OG7,-0.2506566643714905,213,R,L,F:\GENESIS Studio\genesis-studio\packages\engines-py\.pdb_cache\3OG7,A
3770,ThermoMPNN,3OG7,-0.056577444076538086,213,R,M,F:\GENESIS Studio\genesis-studio\packages\engines-py\.pdb_cache\3OG7,A
3771,ThermoMPNN,3OG7,0.33180662989616394,213,R,N,F:\GENESIS Studio\genesis-studio\packages\engines-py\.pdb_cache\3OG7,A
3772,ThermoMPNN,3OG7,0.21567505598068237,213,R,P,F:\GENESIS Studio\genesis-studio\packages\engines-py\.pdb_cache\3OG7,A
3773,ThermoMPNN,3OG7,0.38348230719566345,213,R,Q,F:\GENESIS Studio\genesis-studio\packages\engines-py\.pdb_cache\3OG7,A
3774,ThermoMPNN,3OG7,0.0,213,R,R,F:\GENESIS Studio\genesis-studio\packages\engines-py\.pdb_cache\3OG7,A
3775,ThermoMPNN,3OG7,0.3710888922214508,213,R,S,F:\GENESIS Studio\genesis-studio\packages\engines-py\.pdb_cache\3OG7,A
3776,ThermoMPNN,3OG7,0.2570214867591858,213,R,T,F:\GENESIS Studio\genesis-studio\packages\engines-py\.pdb_cache\3OG7,A
3777,ThermoMPNN,3OG7,-0.015303432941436768,213,R,V,F:\GENESIS Studio\genesis-studio\packages\engines-py\.pdb_cache\3OG7,A
3778,ThermoMPNN,3OG7,-0.4540237784385681,213,R,W,F:\GENESIS Studio\genesis-studio\packages\engines-py\.pdb_cache\3OG7,A
3779,ThermoMPNN,3OG7,-0.27457195520401,213,R,Y,F:\GENESIS Studio\genesis-studio\packages\engines-py\.pdb_cache\3OG7,A
3780,ThermoMPNN,3OG7,-0.06329339742660522,214,D,A,F:\GENESIS Studio\genesis-studio\packages\engines-py\.pdb_cache\3OG7,A
3781,ThermoMPNN,3OG7,-0.128243088722229,214,D,C,F:\GENESIS Studio\genesis-studio\packages\engines-py\.pdb_cache\3OG7,A
3782,ThermoMPNN,3OG7,0.0,214,D,D,F:\GENESIS Studio\genesis-studio\packages\engines-py\.pdb_cache\3OG7,A
3783,ThermoMPNN,3OG7,-0.1010618805885315,214,D,E,F:\GENESIS Studio\genesis-studio\packages\engines-py\.pdb_cache\3OG7,A
3784,ThermoMPNN,3OG7,0.06877726316452026,214,D,F,F:\GENESIS Studio\genesis-studio\packages\engines-py\.pdb_cache\3OG7,A
3785,ThermoMPNN,3OG7,0.49159517884254456,214,D,G,F:\GENESIS Studio\genesis-studio\packages\engines-py\.pdb_cache\3OG7,A
3786,ThermoMPNN,3OG7,0.09188252687454224,214,D,H,F:\GENESIS Studio\genesis-studio\packages\engines-py\.pdb_cache\3OG7,A
3787,ThermoMPNN,3OG7,-0.05267906188964844,214,D,I,F:\GENESIS Studio\genesis-studio\packages\engines-py\.pdb_cache\3OG7,A
3788,ThermoMPNN,3OG7,0.07139277458190918,214,D,K,F:\GENESIS Studio\genesis-studio\packages\engines-py\.pdb_cache\3OG7,A
3789,ThermoMPNN,3OG7,-0.026851773262023926,214,D,L,F:\GENESIS Studio\genesis-studio\packages\engines-py\.pdb_cache\3OG7,A
3790,ThermoMPNN,3OG7,0.05271923542022705,214,D,M,F:\GENESIS Studio\genesis-studio\packages\engines-py\.pdb_cache\3OG7,A
3791,ThermoMPNN,3OG7,0.23565936088562012,214,D,N,F:\GENESIS Studio\genesis-studio\packages\engines-py\.pdb_cache\3OG7,A
3792,ThermoMPNN,3OG7,0.6769039034843445,214,D,P,F:\GENESIS Studio\genesis-studio\packages\engines-py\.pdb_cache\3OG7,A
3793,ThermoMPNN,3OG7,-0.023793160915374756,214,D,Q,F:\GENESIS Studio\genesis-studio\packages\engines-py\.pdb_cache\3OG7,A
3794,ThermoMPNN,3OG7,0.0508231520652771,214,D,R,F:\GENESIS Studio\genesis-studio\packages\engines-py\.pdb_cache\3OG7,A
3795,ThermoMPNN,3OG7,0.07982677221298218,214,D,S,F:\GENESIS Studio\genesis-studio\packages\engines-py\.pdb_cache\3OG7,A
3796,ThermoMPNN,3OG7,0.08781421184539795,214,D,T,F:\GENESIS Studio\genesis-studio\packages\engines-py\.pdb_cache\3OG7,A
3797,ThermoMPNN,3OG7,-0.04832720756530762,214,D,V,F:\GENESIS Studio\genesis-studio\packages\engines-py\.pdb_cache\3OG7,A
3798,ThermoMPNN,3OG7,-0.1698157787322998,214,D,W,F:\GENESIS Studio\genesis-studio\packages\engines-py\.pdb_cache\3OG7,A
3799,ThermoMPNN,3OG7,-0.011362969875335693,214,D,Y,F:\GENESIS Studio\genesis-studio\packages\engines-py\.pdb_cache\3OG7,A
3800,ThermoMPNN,3OG7,0.1138717532157898,215,Q,A,F:\GENESIS Studio\genesis-studio\packages\engines-py\.pdb_cache\3OG7,A
3801,ThermoMPNN,3OG7,-0.17332464456558228,215,Q,C,F:\GENESIS Studio\genesis-studio\packages\engines-py\.pdb_cache\3OG7,A
3802,ThermoMPNN,3OG7,0.5888025164604187,215,Q,D,F:\GENESIS Studio\genesis-studio\packages\engines-py\.pdb_cache\3OG7,A
3803,ThermoMPNN,3OG7,0.0287933349609375,215,Q,E,F:\GENESIS Studio\genesis-studio\packages\engines-py\.pdb_cache\3OG7,A
3804,ThermoMPNN,3OG7,-0.24720317125320435,215,Q,F,F:\GENESIS Studio\genesis-studio\packages\engines-py\.pdb_cache\3OG7,A
3805,ThermoMPNN,3OG7,0.7496612071990967,215,Q,G,F:\GENESIS Studio\genesis-studio\packages\engines-py\.pdb_cache\3OG7,A
3806,ThermoMPNN,3OG7,0.17737668752670288,215,Q,H,F:\GENESIS Studio\genesis-studio\packages\engines-py\.pdb_cache\3OG7,A
3807,ThermoMPNN,3OG7,-0.32523971796035767,215,Q,I,F:\GENESIS Studio\genesis-studio\packages\engines-py\.pdb_cache\3OG7,A
3808,ThermoMPNN,3OG7,0.17824560403823853,215,Q,K,F:\GENESIS Studio\genesis-studio\packages\engines-py\.pdb_cache\3OG7,A
3809,ThermoMPNN,3OG7,-0.345170795917511,215,Q,L,F:\GENESIS Studio\genesis-studio\packages\engines-py\.pdb_cache\3OG7,A
3810,ThermoMPNN,3OG7,-0.2160537838935852,215,Q,M,F:\GENESIS Studio\genesis-studio\packages\engines-py\.pdb_cache\3OG7,A
3811,ThermoMPNN,3OG7,0.5341393947601318,215,Q,N,F:\GENESIS Studio\genesis-studio\packages\engines-py\.pdb_cache\3OG7,A
3812,ThermoMPNN,3OG7,1.4937748908996582,215,Q,P,F:\GENESIS Studio\genesis-studio\packages\engines-py\.pdb_cache\3OG7,A
3813,ThermoMPNN,3OG7,0.0,215,Q,Q,F:\GENESIS Studio\genesis-studio\packages\engines-py\.pdb_cache\3OG7,A
3814,ThermoMPNN,3OG7,0.25833314657211304,215,Q,R,F:\GENESIS Studio\genesis-studio\packages\engines-py\.pdb_cache\3OG7,A
3815,ThermoMPNN,3OG7,0.3636164367198944,215,Q,S,F:\GENESIS Studio\genesis-studio\packages\engines-py\.pdb_cache\3OG7,A
3816,ThermoMPNN,3OG7,0.14205217361450195,215,Q,T,F:\GENESIS Studio\genesis-studio\packages\engines-py\.pdb_cache\3OG7,A
3817,ThermoMPNN,3OG7,-0.12642502784729004,215,Q,V,F:\GENESIS Studio\genesis-studio\packages\engines-py\.pdb_cache\3OG7,A
3818,ThermoMPNN,3OG7,-0.16100484132766724,215,Q,W,F:\GENESIS Studio\genesis-studio\packages\engines-py\.pdb_cache\3OG7,A
3819,ThermoMPNN,3OG7,-0.3011680245399475,215,Q,Y,F:\GENESIS Studio\genesis-studio\packages\engines-py\.pdb_cache\3OG7,A
3820,ThermoMPNN,3OG7,1.817369818687439,216,I,A,F:\GENESIS Studio\genesis-studio\packages\engines-py\.pdb_cache\3OG7,A
3821,ThermoMPNN,3OG7,1.2635802030563354,216,I,C,F:\GENESIS Studio\genesis-studio\packages\engines-py\.pdb_cache\3OG7,A
3822,ThermoMPNN,3OG7,2.779625654220581,216,I,D,F:\GENESIS Studio\genesis-studio\packages\engines-py\.pdb_cache\3OG7,A
3823,ThermoMPNN,3OG7,2.338285446166992,216,I,E,F:\GENESIS Studio\genesis-studio\packages\engines-py\.pdb_cache\3OG7,A
3824,ThermoMPNN,3OG7,0.9831817150115967,216,I,F,F:\GENESIS Studio\genesis-studio\packages\engines-py\.pdb_cache\3OG7,A
3825,ThermoMPNN,3OG7,2.6311755180358887,216,I,G,F:\GENESIS Studio\genesis-studio\packages\engines-py\.pdb_cache\3OG7,A
3826,ThermoMPNN,3OG7,1.9652442932128906,216,I,H,F:\GENESIS Studio\genesis-studio\packages\engines-py\.pdb_cache\3OG7,A
3827,ThermoMPNN,3OG7,0.0,216,I,I,F:\GENESIS Studio\genesis-studio\packages\engines-py\.pdb_cache\3OG7,A
3828,ThermoMPNN,3OG7,1.9804589748382568,216,I,K,F:\GENESIS Studio\genesis-studio\packages\engines-py\.pdb_cache\3OG7,A
3829,ThermoMPNN,3OG7,0.566643238067627,216,I,L,F:\GENESIS Studio\genesis-studio\packages\engines-py\.pdb_cache\3OG7,A
3830,ThermoMPNN,3OG7,1.0049421787261963,216,I,M,F:\GENESIS Studio\genesis-studio\packages\engines-py\.pdb_cache\3OG7,A
3831,ThermoMPNN,3OG7,2.5130510330200195,216,I,N,F:\GENESIS Studio\genesis-studio\packages\engines-py\.pdb_cache\3OG7,A
3832,ThermoMPNN,3OG7,2.6145246028900146,216,I,P,F:\GENESIS Studio\genesis-studio\packages\engines-py\.pdb_cache\3OG7,A
3833,ThermoMPNN,3OG7,2.1372039318084717,216,I,Q,F:\GENESIS Studio\genesis-studio\packages\engines-py\.pdb_cache\3OG7,A
3834,ThermoMPNN,3OG7,1.927412509918213,216,I,R,F:\GENESIS Studio\genesis-studio\packages\engines-py\.pdb_cache\3OG7,A
3835,ThermoMPNN,3OG7,2.3360068798065186,216,I,S,F:\GENESIS Studio\genesis-studio\packages\engines-py\.pdb_cache\3OG7,A
3836,ThermoMPNN,3OG7,1.8305840492248535,216,I,T,F:\GENESIS Studio\genesis-studio\packages\engines-py\.pdb_cache\3OG7,A
3837,ThermoMPNN,3OG7,0.6874449253082275,216,I,V,F:\GENESIS Studio\genesis-studio\packages\engines-py\.pdb_cache\3OG7,A
3838,ThermoMPNN,3OG7,0.9976518154144287,216,I,W,F:\GENESIS Studio\genesis-studio\packages\engines-py\.pdb_cache\3OG7,A
3839,ThermoMPNN,3OG7,0.9883760213851929,216,I,Y,F:\GENESIS Studio\genesis-studio\packages\engines-py\.pdb_cache\3OG7,A
3840,ThermoMPNN,3OG7,0.8767012357711792,217,I,A,F:\GENESIS Studio\genesis-studio\packages\engines-py\.pdb_cache\3OG7,A
3841,ThermoMPNN,3OG7,0.6069177389144897,217,I,C,F:\GENESIS Studio\genesis-studio\packages\engines-py\.pdb_cache\3OG7,A
3842,ThermoMPNN,3OG7,1.7240078449249268,217,I,D,F:\GENESIS Studio\genesis-studio\packages\engines-py\.pdb_cache\3OG7,A
3843,ThermoMPNN,3OG7,1.169076919555664,217,I,E,F:\GENESIS Studio\genesis-studio\packages\engines-py\.pdb_cache\3OG7,A
3844,ThermoMPNN,3OG7,0.7640733122825623,217,I,F,F:\GENESIS Studio\genesis-studio\packages\engines-py\.pdb_cache\3OG7,A
3845,ThermoMPNN,3OG7,1.4568729400634766,217,I,G,F:\GENESIS Studio\genesis-studio\packages\engines-py\.pdb_cache\3OG7,A
3846,ThermoMPNN,3OG7,1.0849391222000122,217,I,H,F:\GENESIS Studio\genesis-studio\packages\engines-py\.pdb_cache\3OG7,A
3847,ThermoMPNN,3OG7,0.0,217,I,I,F:\GENESIS Studio\genesis-studio\packages\engines-py\.pdb_cache\3OG7,A
3848,ThermoMPNN,3OG7,0.9136777520179749,217,I,K,F:\GENESIS Studio\genesis-studio\packages\engines-py\.pdb_cache\3OG7,A
3849,ThermoMPNN,3OG7,0.26772356033325195,217,I,L,F:\GENESIS Studio\genesis-studio\packages\engines-py\.pdb_cache\3OG7,A
3850,ThermoMPNN,3OG7,0.5150574445724487,217,I,M,F:\GENESIS Studio\genesis-studio\packages\engines-py\.pdb_cache\3OG7,A
3851,ThermoMPNN,3OG7,1.4921443462371826,217,I,N,F:\GENESIS Studio\genesis-studio\packages\engines-py\.pdb_cache\3OG7,A
3852,ThermoMPNN,3OG7,1.9871549606323242,217,I,P,F:\GENESIS Studio\genesis-studio\packages\engines-py\.pdb_cache\3OG7,A
3853,ThermoMPNN,3OG7,1.0730159282684326,217,I,Q,F:\GENESIS Studio\genesis-studio\packages\engines-py\.pdb_cache\3OG7,A
3854,ThermoMPNN,3OG7,0.8428971767425537,217,I,R,F:\GENESIS Studio\genesis-studio\packages\engines-py\.pdb_cache\3OG7,A
3855,ThermoMPNN,3OG7,1.200659990310669,217,I,S,F:\GENESIS Studio\genesis-studio\packages\engines-py\.pdb_cache\3OG7,A
3856,ThermoMPNN,3OG7,0.9556212425231934,217,I,T,F:\GENESIS Studio\genesis-studio\packages\engines-py\.pdb_cache\3OG7,A
3857,ThermoMPNN,3OG7,0.33975768089294434,217,I,V,F:\GENESIS Studio\genesis-studio\packages\engines-py\.pdb_cache\3OG7,A
3858,ThermoMPNN,3OG7,0.7072109580039978,217,I,W,F:\GENESIS Studio\genesis-studio\packages\engines-py\.pdb_cache\3OG7,A
3859,ThermoMPNN,3OG7,0.726287841796875,217,I,Y,F:\GENESIS Studio\genesis-studio\packages\engines-py\.pdb_cache\3OG7,A
3860,ThermoMPNN,3OG7,0.14839506149291992,218,E,A,F:\GENESIS Studio\genesis-studio\packages\engines-py\.pdb_cache\3OG7,A
3861,ThermoMPNN,3OG7,-0.05072188377380371,218,E,C,F:\GENESIS Studio\genesis-studio\packages\engines-py\.pdb_cache\3OG7,A
3862,ThermoMPNN,3OG7,0.4533194899559021,218,E,D,F:\GENESIS Studio\genesis-studio\packages\engines-py\.pdb_cache\3OG7,A
3863,ThermoMPNN,3OG7,0.0,218,E,E,F:\GENESIS Studio\genesis-studio\packages\engines-py\.pdb_cache\3OG7,A
3864,ThermoMPNN,3OG7,0.276736855506897,218,E,F,F:\GENESIS Studio\genesis-studio\packages\engines-py\.pdb_cache\3OG7,A
3865,ThermoMPNN,3OG7,0.8615869879722595,218,E,G,F:\GENESIS Studio\genesis-studio\packages\engines-py\.pdb_cache\3OG7,A
3866,ThermoMPNN,3OG7,0.5061181783676147,218,E,H,F:\GENESIS Studio\genesis-studio\packages\engines-py\.pdb_cache\3OG7,A
3867,ThermoMPNN,3OG7,0.2836146354675293,218,E,I,F:\GENESIS Studio\genesis-studio\packages\engines-py\.pdb_cache\3OG7,A
3868,ThermoMPNN,3OG7,0.431052029132843,218,E,K,F:\GENESIS Studio\genesis-studio\packages\engines-py\.pdb_cache\3OG7,A
3869,ThermoMPNN,3OG7,0.1621415615081787,218,E,L,F:\GENESIS Studio\genesis-studio\packages\engines-py\.pdb_cache\3OG7,A
3870,ThermoMPNN,3OG7,0.1911158561706543,218,E,M,F:\GENESIS Studio\genesis-studio\packages\engines-py\.pdb_cache\3OG7,A
3871,ThermoMPNN,3OG7,0.613606870174408,218,E,N,F:\GENESIS Studio\genesis-studio\packages\engines-py\.pdb_cache\3OG7,A
3872,ThermoMPNN,3OG7,2.3286163806915283,218,E,P,F:\GENESIS Studio\genesis-studio\packages\engines-py\.pdb_cache\3OG7,A
3873,ThermoMPNN,3OG7,0.3163098096847534,218,E,Q,F:\GENESIS Studio\genesis-studio\packages\engines-py\.pdb_cache\3OG7,A
3874,ThermoMPNN,3OG7,0.400074303150177,218,E,R,F:\GENESIS Studio\genesis-studio\packages\engines-py\.pdb_cache\3OG7,A
3875,ThermoMPNN,3OG7,0.38337987661361694,218,E,S,F:\GENESIS Studio\genesis-studio\packages\engines-py\.pdb_cache\3OG7,A
3876,ThermoMPNN,3OG7,0.44541728496551514,218,E,T,F:\GENESIS Studio\genesis-studio\packages\engines-py\.pdb_cache\3OG7,A
3877,ThermoMPNN,3OG7,0.44144535064697266,218,E,V,F:\GENESIS Studio\genesis-studio\packages\engines-py\.pdb_cache\3OG7,A
3878,ThermoMPNN,3OG7,0.22292959690093994,218,E,W,F:\GENESIS Studio\genesis-studio\packages\engines-py\.pdb_cache\3OG7,A
3879,ThermoMPNN,3OG7,0.26281577348709106,218,E,Y,F:\GENESIS Studio\genesis-studio\packages\engines-py\.pdb_cache\3OG7,A
3880,ThermoMPNN,3OG7,0.6260556578636169,219,M,A,F:\GENESIS Studio\genesis-studio\packages\engines-py\.pdb_cache\3OG7,A
3881,ThermoMPNN,3OG7,0.16769635677337646,219,M,C,F:\GENESIS Studio\genesis-studio\packages\engines-py\.pdb_cache\3OG7,A
3882,ThermoMPNN,3OG7,0.999550461769104,219,M,D,F:\GENESIS Studio\genesis-studio\packages\engines-py\.pdb_cache\3OG7,A
3883,ThermoMPNN,3OG7,0.34419727325439453,219,M,E,F:\GENESIS Studio\genesis-studio\packages\engines-py\.pdb_cache\3OG7,A
3884,ThermoMPNN,3OG7,0.6972918510437012,219,M,F,F:\GENESIS Studio\genesis-studio\packages\engines-py\.pdb_cache\3OG7,A
3885,ThermoMPNN,3OG7,0.8865846395492554,219,M,G,F:\GENESIS Studio\genesis-studio\packages\engines-py\.pdb_cache\3OG7,A
3886,ThermoMPNN,3OG7,0.9781224727630615,219,M,H,F:\GENESIS Studio\genesis-studio\packages\engines-py\.pdb_cache\3OG7,A
3887,ThermoMPNN,3OG7,0.6954443454742432,219,M,I,F:\GENESIS Studio\genesis-studio\packages\engines-py\.pdb_cache\3OG7,A
3888,ThermoMPNN,3OG7,1.0789101123809814,219,M,K,F:\GENESIS Studio\genesis-studio\packages\engines-py\.pdb_cache\3OG7,A
3889,ThermoMPNN,3OG7,0.1332615613937378,219,M,L,F:\GENESIS Studio\genesis-studio\packages\engines-py\.pdb_cache\3OG7,A
3890,ThermoMPNN,3OG7,0.0,219,M,M,F:\GENESIS Studio\genesis-studio\packages\engines-py\.pdb_cache\3OG7,A
3891,ThermoMPNN,3OG7,1.1823370456695557,219,M,N,F:\GENESIS Studio\genesis-studio\packages\engines-py\.pdb_cache\3OG7,A
3892,ThermoMPNN,3OG7,2.257484197616577,219,M,P,F:\GENESIS Studio\genesis-studio\packages\engines-py\.pdb_cache\3OG7,A
3893,ThermoMPNN,3OG7,0.4515953063964844,219,M,Q,F:\GENESIS Studio\genesis-studio\packages\engines-py\.pdb_cache\3OG7,A
3894,ThermoMPNN,3OG7,1.1640617847442627,219,M,R,F:\GENESIS Studio\genesis-studio\packages\engines-py\.pdb_cache\3OG7,A
3895,ThermoMPNN,3OG7,0.8260563611984253,219,M,S,F:\GENESIS Studio\genesis-studio\packages\engines-py\.pdb_cache\3OG7,A
3896,ThermoMPNN,3OG7,1.0132291316986084,219,M,T,F:\GENESIS Studio\genesis-studio\packages\engines-py\.pdb_cache\3OG7,A
3897,ThermoMPNN,3OG7,0.8352619409561157,219,M,V,F:\GENESIS Studio\genesis-studio\packages\engines-py\.pdb_cache\3OG7,A
3898,ThermoMPNN,3OG7,0.7265495657920837,219,M,W,F:\GENESIS Studio\genesis-studio\packages\engines-py\.pdb_cache\3OG7,A
3899,ThermoMPNN,3OG7,0.8696639537811279,219,M,Y,F:\GENESIS Studio\genesis-studio\packages\engines-py\.pdb_cache\3OG7,A
3900,ThermoMPNN,3OG7,1.000688076019287,220,V,A,F:\GENESIS Studio\genesis-studio\packages\engines-py\.pdb_cache\3OG7,A
3901,ThermoMPNN,3OG7,0.5419780611991882,220,V,C,F:\GENESIS Studio\genesis-studio\packages\engines-py\.pdb_cache\3OG7,A
3902,ThermoMPNN,3OG7,1.8307256698608398,220,V,D,F:\GENESIS Studio\genesis-studio\packages\engines-py\.pdb_cache\3OG7,A
3903,ThermoMPNN,3OG7,1.2202224731445312,220,V,E,F:\GENESIS Studio\genesis-studio\packages\engines-py\.pdb_cache\3OG7,A
3904,ThermoMPNN,3OG7,0.8922333717346191,220,V,F,F:\GENESIS Studio\genesis-studio\packages\engines-py\.pdb_cache\3OG7,A
3905,ThermoMPNN,3OG7,1.7402839660644531,220,V,G,F:\GENESIS Studio\genesis-studio\packages\engines-py\.pdb_cache\3OG7,A
3906,ThermoMPNN,3OG7,1.1871414184570312,220,V,H,F:\GENESIS Studio\genesis-studio\packages\engines-py\.pdb_cache\3OG7,A
3907,ThermoMPNN,3OG7,0.3498491048812866,220,V,I,F:\GENESIS Studio\genesis-studio\packages\engines-py\.pdb_cache\3OG7,A
3908,ThermoMPNN,3OG7,0.6325462460517883,220,V,K,F:\GENESIS Studio\genesis-studio\packages\engines-py\.pdb_cache\3OG7,A
3909,ThermoMPNN,3OG7,0.18612146377563477,220,V,L,F:\GENESIS Studio\genesis-studio\packages\engines-py\.pdb_cache\3OG7,A
3910,ThermoMPNN,3OG7,0.49068117141723633,220,V,M,F:\GENESIS Studio\genesis-studio\packages\engines-py\.pdb_cache\3OG7,A
3911,ThermoMPNN,3OG7,1.4930850267410278,220,V,N,F:\GENESIS Studio\genesis-studio\packages\engines-py\.pdb_cache\3OG7,A
3912,ThermoMPNN,3OG7,1.5157573223114014,220,V,P,F:\GENESIS Studio\genesis-studio\packages\engines-py\.pdb_cache\3OG7,A
3913,ThermoMPNN,3OG7,0.8215852975845337,220,V,Q,F:\GENESIS Studio\genesis-studio\packages\engines-py\.pdb_cache\3OG7,A
3914,ThermoMPNN,3OG7,0.5777666568756104,220,V,R,F:\GENESIS Studio\genesis-studio\packages\engines-py\.pdb_cache\3OG7,A
3915,ThermoMPNN,3OG7,1.283414363861084,220,V,S,F:\GENESIS Studio\genesis-studio\packages\engines-py\.pdb_cache\3OG7,A
3916,ThermoMPNN,3OG7,0.9560470581054688,220,V,T,F:\GENESIS Studio\genesis-studio\packages\engines-py\.pdb_cache\3OG7,A
3917,ThermoMPNN,3OG7,0.0,220,V,V,F:\GENESIS Studio\genesis-studio\packages\engines-py\.pdb_cache\3OG7,A
3918,ThermoMPNN,3OG7,0.6378533244132996,220,V,W,F:\GENESIS Studio\genesis-studio\packages\engines-py\.pdb_cache\3OG7,A
3919,ThermoMPNN,3OG7,0.90068519115448,220,V,Y,F:\GENESIS Studio\genesis-studio\packages\engines-py\.pdb_cache\3OG7,A
3920,ThermoMPNN,3OG7,-0.14289122819900513,221,G,A,F:\GENESIS Studio\genesis-studio\packages\engines-py\.pdb_cache\3OG7,A
3921,ThermoMPNN,3OG7,-0.447897732257843,221,G,C,F:\GENESIS Studio\genesis-studio\packages\engines-py\.pdb_cache\3OG7,A
3922,ThermoMPNN,3OG7,1.3343327045440674,221,G,D,F:\GENESIS Studio\genesis-studio\packages\engines-py\.pdb_cache\3OG7,A
3923,ThermoMPNN,3OG7,0.9998512268066406,221,G,E,F:\GENESIS Studio\genesis-studio\packages\engines-py\.pdb_cache\3OG7,A
3924,ThermoMPNN,3OG7,-0.06662654876708984,221,G,F,F:\GENESIS Studio\genesis-studio\packages\engines-py\.pdb_cache\3OG7,A
3925,ThermoMPNN,3OG7,0.0,221,G,G,F:\GENESIS Studio\genesis-studio\packages\engines-py\.pdb_cache\3OG7,A
3926,ThermoMPNN,3OG7,0.5517125129699707,221,G,H,F:\GENESIS Studio\genesis-studio\packages\engines-py\.pdb_cache\3OG7,A
3927,ThermoMPNN,3OG7,-0.2471737265586853,221,G,I,F:\GENESIS Studio\genesis-studio\packages\engines-py\.pdb_cache\3OG7,A
3928,ThermoMPNN,3OG7,0.47628045082092285,221,G,K,F:\GENESIS Studio\genesis-studio\packages\engines-py\.pdb_cache\3OG7,A
3929,ThermoMPNN,3OG7,0.1832946538925171,221,G,L,F:\GENESIS Studio\genesis-studio\packages\engines-py\.pdb_cache\3OG7,A
3930,ThermoMPNN,3OG7,-0.06002920866012573,221,G,M,F:\GENESIS Studio\genesis-studio\packages\engines-py\.pdb_cache\3OG7,A
3931,ThermoMPNN,3OG7,0.9276423454284668,221,G,N,F:\GENESIS Studio\genesis-studio\packages\engines-py\.pdb_cache\3OG7,A
3932,ThermoMPNN,3OG7,1.923090934753418,221,G,P,F:\GENESIS Studio\genesis-studio\packages\engines-py\.pdb_cache\3OG7,A
3933,ThermoMPNN,3OG7,0.4208680987358093,221,G,Q,F:\GENESIS Studio\genesis-studio\packages\engines-py\.pdb_cache\3OG7,A
3934,ThermoMPNN,3OG7,0.40026795864105225,221,G,R,F:\GENESIS Studio\genesis-studio\packages\engines-py\.pdb_cache\3OG7,A
3935,ThermoMPNN,3OG7,-0.4228084683418274,221,G,S,F:\GENESIS Studio\genesis-studio\packages\engines-py\.pdb_cache\3OG7,A
3936,ThermoMPNN,3OG7,-0.22346311807632446,221,G,T,F:\GENESIS Studio\genesis-studio\packages\engines-py\.pdb_cache\3OG7,A
3937,ThermoMPNN,3OG7,-0.13054966926574707,221,G,V,F:\GENESIS Studio\genesis-studio\packages\engines-py\.pdb_cache\3OG7,A
3938,ThermoMPNN,3OG7,-0.10682767629623413,221,G,W,F:\GENESIS Studio\genesis-studio\packages\engines-py\.pdb_cache\3OG7,A
3939,ThermoMPNN,3OG7,0.1352473497390747,221,G,Y,F:\GENESIS Studio\genesis-studio\packages\engines-py\.pdb_cache\3OG7,A
3940,ThermoMPNN,3OG7,0.3775252103805542,222,R,A,F:\GENESIS Studio\genesis-studio\packages\engines-py\.pdb_cache\3OG7,A
3941,ThermoMPNN,3OG7,0.43485480546951294,222,R,C,F:\GENESIS Studio\genesis-studio\packages\engines-py\.pdb_cache\3OG7,A
3942,ThermoMPNN,3OG7,0.927778422832489,222,R,D,F:\GENESIS Studio\genesis-studio\packages\engines-py\.pdb_cache\3OG7,A
3943,ThermoMPNN,3OG7,0.8889917135238647,222,R,E,F:\GENESIS Studio\genesis-studio\packages\engines-py\.pdb_cache\3OG7,A
3944,ThermoMPNN,3OG7,0.851311445236206,222,R,F,F:\GENESIS Studio\genesis-studio\packages\engines-py\.pdb_cache\3OG7,A
3945,ThermoMPNN,3OG7,0.9506462216377258,222,R,G,F:\GENESIS Studio\genesis-studio\packages\engines-py\.pdb_cache\3OG7,A
3946,ThermoMPNN,3OG7,0.5669414401054382,222,R,H,F:\GENESIS Studio\genesis-studio\packages\engines-py\.pdb_cache\3OG7,A
3947,ThermoMPNN,3OG7,0.5136615633964539,222,R,I,F:\GENESIS Studio\genesis-studio\packages\engines-py\.pdb_cache\3OG7,A
3948,ThermoMPNN,3OG7,0.242592453956604,222,R,K,F:\GENESIS Studio\genesis-studio\packages\engines-py\.pdb_cache\3OG7,A
3949,ThermoMPNN,3OG7,0.5914365649223328,222,R,L,F:\GENESIS Studio\genesis-studio\packages\engines-py\.pdb_cache\3OG7,A
3950,ThermoMPNN,3OG7,0.47437143325805664,222,R,M,F:\GENESIS Studio\genesis-studio\packages\engines-py\.pdb_cache\3OG7,A
3951,ThermoMPNN,3OG7,0.40211915969848633,222,R,N,F:\GENESIS Studio\genesis-studio\packages\engines-py\.pdb_cache\3OG7,A
3952,ThermoMPNN,3OG7,2.329695224761963,222,R,P,F:\GENESIS Studio\genesis-studio\packages\engines-py\.pdb_cache\3OG7,A
3953,ThermoMPNN,3OG7,0.5355299711227417,222,R,Q,F:\GENESIS Studio\genesis-studio\packages\engines-py\.pdb_cache\3OG7,A
3954,ThermoMPNN,3OG7,0.0,222,R,R,F:\GENESIS Studio\genesis-studio\packages\engines-py\.pdb_cache\3OG7,A
3955,ThermoMPNN,3OG7,0.30434930324554443,222,R,S,F:\GENESIS Studio\genesis-studio\packages\engines-py\.pdb_cache\3OG7,A
3956,ThermoMPNN,3OG7,0.602840006351471,222,R,T,F:\GENESIS Studio\genesis-studio\packages\engines-py\.pdb_cache\3OG7,A
3957,ThermoMPNN,3OG7,0.611581027507782,222,R,V,F:\GENESIS Studio\genesis-studio\packages\engines-py\.pdb_cache\3OG7,A
3958,ThermoMPNN,3OG7,0.8418391346931458,222,R,W,F:\GENESIS Studio\genesis-studio\packages\engines-py\.pdb_cache\3OG7,A
3959,ThermoMPNN,3OG7,0.7982232570648193,222,R,Y,F:\GENESIS Studio\genesis-studio\packages\engines-py\.pdb_cache\3OG7,A
3960,ThermoMPNN,3OG7,1.534209132194519,223,G,A,F:\GENESIS Studio\genesis-studio\packages\engines-py\.pdb_cache\3OG7,A
3961,ThermoMPNN,3OG7,0.6904339790344238,223,G,C,F:\GENESIS Studio\genesis-studio\packages\engines-py\.pdb_cache\3OG7,A
3962,ThermoMPNN,3OG7,1.1365960836410522,223,G,D,F:\GENESIS Studio\genesis-studio\packages\engines-py\.pdb_cache\3OG7,A
3963,ThermoMPNN,3OG7,1.536779522895813,223,G,E,F:\GENESIS Studio\genesis-studio\packages\engines-py\.pdb_cache\3OG7,A
3964,ThermoMPNN,3OG7,1.25225830078125,223,G,F,F:\GENESIS Studio\genesis-studio\packages\engines-py\.pdb_cache\3OG7,A
3965,ThermoMPNN,3OG7,0.0,223,G,G,F:\GENESIS Studio\genesis-studio\packages\engines-py\.pdb_cache\3OG7,A
3966,ThermoMPNN,3OG7,1.2502717971801758,223,G,H,F:\GENESIS Studio\genesis-studio\packages\engines-py\.pdb_cache\3OG7,A
3967,ThermoMPNN,3OG7,1.9392552375793457,223,G,I,F:\GENESIS Studio\genesis-studio\packages\engines-py\.pdb_cache\3OG7,A
3968,ThermoMPNN,3OG7,1.6577095985412598,223,G,K,F:\GENESIS Studio\genesis-studio\packages\engines-py\.pdb_cache\3OG7,A
3969,ThermoMPNN,3OG7,1.5989880561828613,223,G,L,F:\GENESIS Studio\genesis-studio\packages\engines-py\.pdb_cache\3OG7,A
3970,ThermoMPNN,3OG7,1.5438730716705322,223,G,M,F:\GENESIS Studio\genesis-studio\packages\engines-py\.pdb_cache\3OG7,A
3971,ThermoMPNN,3OG7,1.0286957025527954,223,G,N,F:\GENESIS Studio\genesis-studio\packages\engines-py\.pdb_cache\3OG7,A
3972,ThermoMPNN,3OG7,2.060983896255493,223,G,P,F:\GENESIS Studio\genesis-studio\packages\engines-py\.pdb_cache\3OG7,A
3973,ThermoMPNN,3OG7,1.645019769668579,223,G,Q,F:\GENESIS Studio\genesis-studio\packages\engines-py\.pdb_cache\3OG7,A
3974,ThermoMPNN,3OG7,1.638274908065796,223,G,R,F:\GENESIS Studio\genesis-studio\packages\engines-py\.pdb_cache\3OG7,A
3975,ThermoMPNN,3OG7,1.4568248987197876,223,G,S,F:\GENESIS Studio\genesis-studio\packages\engines-py\.pdb_cache\3OG7,A
3976,ThermoMPNN,3OG7,1.9050195217132568,223,G,T,F:\GENESIS Studio\genesis-studio\packages\engines-py\.pdb_cache\3OG7,A
3977,ThermoMPNN,3OG7,2.0170464515686035,223,G,V,F:\GENESIS Studio\genesis-studio\packages\engines-py\.pdb_cache\3OG7,A
3978,ThermoMPNN,3OG7,1.445634365081787,223,G,W,F:\GENESIS Studio\genesis-studio\packages\engines-py\.pdb_cache\3OG7,A
3979,ThermoMPNN,3OG7,1.335248351097107,223,G,Y,F:\GENESIS Studio\genesis-studio\packages\engines-py\.pdb_cache\3OG7,A
3980,ThermoMPNN,3OG7,-0.07800990343093872,224,S,A,F:\GENESIS Studio\genesis-studio\packages\engines-py\.pdb_cache\3OG7,A
3981,ThermoMPNN,3OG7,-0.4816369414329529,224,S,C,F:\GENESIS Studio\genesis-studio\packages\engines-py\.pdb_cache\3OG7,A
3982,ThermoMPNN,3OG7,-0.21048051118850708,224,S,D,F:\GENESIS Studio\genesis-studio\packages\engines-py\.pdb_cache\3OG7,A
3983,ThermoMPNN,3OG7,-0.5697010159492493,224,S,E,F:\GENESIS Studio\genesis-studio\packages\engines-py\.pdb_cache\3OG7,A
3984,ThermoMPNN,3OG7,-0.17621225118637085,224,S,F,F:\GENESIS Studio\genesis-studio\packages\engines-py\.pdb_cache\3OG7,A
3985,ThermoMPNN,3OG7,0.4912296533584595,224,S,G,F:\GENESIS Studio\genesis-studio\packages\engines-py\.pdb_cache\3OG7,A
3986,ThermoMPNN,3OG7,-0.0014957785606384277,224,S,H,F:\GENESIS Studio\genesis-studio\packages\engines-py\.pdb_cache\3OG7,A
3987,ThermoMPNN,3OG7,-0.1511615514755249,224,S,I,F:\GENESIS Studio\genesis-studio\packages\engines-py\.pdb_cache\3OG7,A
3988,ThermoMPNN,3OG7,0.2021123766899109,224,S,K,F:\GENESIS Studio\genesis-studio\packages\engines-py\.pdb_cache\3OG7,A
3989,ThermoMPNN,3OG7,-0.19443100690841675,224,S,L,F:\GENESIS Studio\genesis-studio\packages\engines-py\.pdb_cache\3OG7,A
3990,ThermoMPNN,3OG7,-0.20847845077514648,224,S,M,F:\GENESIS Studio\genesis-studio\packages\engines-py\.pdb_cache\3OG7,A
3991,ThermoMPNN,3OG7,0.10005557537078857,224,S,N,F:\GENESIS Studio\genesis-studio\packages\engines-py\.pdb_cache\3OG7,A
3992,ThermoMPNN,3OG7,2.0258963108062744,224,S,P,F:\GENESIS Studio\genesis-studio\packages\engines-py\.pdb_cache\3OG7,A
3993,ThermoMPNN,3OG7,-0.15234237909317017,224,S,Q,F:\GENESIS Studio\genesis-studio\packages\engines-py\.pdb_cache\3OG7,A
3994,ThermoMPNN,3OG7,0.17072921991348267,224,S,R,F:\GENESIS Studio\genesis-studio\packages\engines-py\.pdb_cache\3OG7,A
3995,ThermoMPNN,3OG7,0.0,224,S,S,F:\GENESIS Studio\genesis-studio\packages\engines-py\.pdb_cache\3OG7,A
3996,ThermoMPNN,3OG7,-0.08795654773712158,224,S,T,F:\GENESIS Studio\genesis-studio\packages\engines-py\.pdb_cache\3OG7,A
3997,ThermoMPNN,3OG7,-0.016163766384124756,224,S,V,F:\GENESIS Studio\genesis-studio\packages\engines-py\.pdb_cache\3OG7,A
3998,ThermoMPNN,3OG7,-0.11047720909118652,224,S,W,F:\GENESIS Studio\genesis-studio\packages\engines-py\.pdb_cache\3OG7,A
3999,ThermoMPNN,3OG7,-0.1850150227546692,224,S,Y,F:\GENESIS Studio\genesis-studio\packages\engines-py\.pdb_cache\3OG7,A
4000,ThermoMPNN,3OG7,1.0165276527404785,225,L,A,F:\GENESIS Studio\genesis-studio\packages\engines-py\.pdb_cache\3OG7,A
4001,ThermoMPNN,3OG7,0.710989236831665,225,L,C,F:\GENESIS Studio\genesis-studio\packages\engines-py\.pdb_cache\3OG7,A
4002,ThermoMPNN,3OG7,1.8492941856384277,225,L,D,F:\GENESIS Studio\genesis-studio\packages\engines-py\.pdb_cache\3OG7,A
4003,ThermoMPNN,3OG7,1.4544495344161987,225,L,E,F:\GENESIS Studio\genesis-studio\packages\engines-py\.pdb_cache\3OG7,A
4004,ThermoMPNN,3OG7,0.7129554748535156,225,L,F,F:\GENESIS Studio\genesis-studio\packages\engines-py\.pdb_cache\3OG7,A
4005,ThermoMPNN,3OG7,1.6072032451629639,225,L,G,F:\GENESIS Studio\genesis-studio\packages\engines-py\.pdb_cache\3OG7,A
4006,ThermoMPNN,3OG7,1.41727614402771,225,L,H,F:\GENESIS Studio\genesis-studio\packages\engines-py\.pdb_cache\3OG7,A
4007,ThermoMPNN,3OG7,0.42994487285614014,225,L,I,F:\GENESIS Studio\genesis-studio\packages\engines-py\.pdb_cache\3OG7,A
4008,ThermoMPNN,3OG7,1.7427635192871094,225,L,K,F:\GENESIS Studio\genesis-studio\packages\engines-py\.pdb_cache\3OG7,A
4009,ThermoMPNN,3OG7,0.0,225,L,L,F:\GENESIS Studio\genesis-studio\packages\engines-py\.pdb_cache\3OG7,A
4010,ThermoMPNN,3OG7,0.3992961645126343,225,L,M,F:\GENESIS Studio\genesis-studio\packages\engines-py\.pdb_cache\3OG7,A
4011,ThermoMPNN,3OG7,1.758263111114502,225,L,N,F:\GENESIS Studio\genesis-studio\packages\engines-py\.pdb_cache\3OG7,A
4012,ThermoMPNN,3OG7,2.1022491455078125,225,L,P,F:\GENESIS Studio\genesis-studio\packages\engines-py\.pdb_cache\3OG7,A
4013,ThermoMPNN,3OG7,1.588890552520752,225,L,Q,F:\GENESIS Studio\genesis-studio\packages\engines-py\.pdb_cache\3OG7,A
4014,ThermoMPNN,3OG7,1.7103294134140015,225,L,R,F:\GENESIS Studio\genesis-studio\packages\engines-py\.pdb_cache\3OG7,A
4015,ThermoMPNN,3OG7,1.5511870384216309,225,L,S,F:\GENESIS Studio\genesis-studio\packages\engines-py\.pdb_cache\3OG7,A
4016,ThermoMPNN,3OG7,1.4363640546798706,225,L,T,F:\GENESIS Studio\genesis-studio\packages\engines-py\.pdb_cache\3OG7,A
4017,ThermoMPNN,3OG7,0.948732316493988,225,L,V,F:\GENESIS Studio\genesis-studio\packages\engines-py\.pdb_cache\3OG7,A
4018,ThermoMPNN,3OG7,0.864942193031311,225,L,W,F:\GENESIS Studio\genesis-studio\packages\engines-py\.pdb_cache\3OG7,A
4019,ThermoMPNN,3OG7,0.7396798133850098,225,L,Y,F:\GENESIS Studio\genesis-studio\packages\engines-py\.pdb_cache\3OG7,A
4020,ThermoMPNN,3OG7,-0.20465826988220215,226,S,A,F:\GENESIS Studio\genesis-studio\packages\engines-py\.pdb_cache\3OG7,A
4021,ThermoMPNN,3OG7,-0.1438208818435669,226,S,C,F:\GENESIS Studio\genesis-studio\packages\engines-py\.pdb_cache\3OG7,A
4022,ThermoMPNN,3OG7,0.5570893287658691,226,S,D,F:\GENESIS Studio\genesis-studio\packages\engines-py\.pdb_cache\3OG7,A
4023,ThermoMPNN,3OG7,0.11225861310958862,226,S,E,F:\GENESIS Studio\genesis-studio\packages\engines-py\.pdb_cache\3OG7,A
4024,ThermoMPNN,3OG7,-0.043100595474243164,226,S,F,F:\GENESIS Studio\genesis-studio\packages\engines-py\.pdb_cache\3OG7,A
4025,ThermoMPNN,3OG7,0.18151605129241943,226,S,G,F:\GENESIS Studio\genesis-studio\packages\engines-py\.pdb_cache\3OG7,A
4026,ThermoMPNN,3OG7,0.15694516897201538,226,S,H,F:\GENESIS Studio\genesis-studio\packages\engines-py\.pdb_cache\3OG7,A
4027,ThermoMPNN,3OG7,0.14401590824127197,226,S,I,F:\GENESIS Studio\genesis-studio\packages\engines-py\.pdb_cache\3OG7,A
4028,ThermoMPNN,3OG7,0.049118220806121826,226,S,K,F:\GENESIS Studio\genesis-studio\packages\engines-py\.pdb_cache\3OG7,A
4029,ThermoMPNN,3OG7,0.2229558229446411,226,S,L,F:\GENESIS Studio\genesis-studio\packages\engines-py\.pdb_cache\3OG7,A
4030,ThermoMPNN,3OG7,0.10337793827056885,226,S,M,F:\GENESIS Studio\genesis-studio\packages\engines-py\.pdb_cache\3OG7,A
4031,ThermoMPNN,3OG7,0.44571468234062195,226,S,N,F:\GENESIS Studio\genesis-studio\packages\engines-py\.pdb_cache\3OG7,A
4032,ThermoMPNN,3OG7,0.943722128868103,226,S,P,F:\GENESIS Studio\genesis-studio\packages\engines-py\.pdb_cache\3OG7,A
4033,ThermoMPNN,3OG7,0.12293165922164917,226,S,Q,F:\GENESIS Studio\genesis-studio\packages\engines-py\.pdb_cache\3OG7,A
4034,ThermoMPNN,3OG7,-0.014567732810974121,226,S,R,F:\GENESIS Studio\genesis-studio\packages\engines-py\.pdb_cache\3OG7,A
4035,ThermoMPNN,3OG7,0.0,226,S,S,F:\GENESIS Studio\genesis-studio\packages\engines-py\.pdb_cache\3OG7,A
4036,ThermoMPNN,3OG7,0.1880142092704773,226,S,T,F:\GENESIS Studio\genesis-studio\packages\engines-py\.pdb_cache\3OG7,A
4037,ThermoMPNN,3OG7,0.14815407991409302,226,S,V,F:\GENESIS Studio\genesis-studio\packages\engines-py\.pdb_cache\3OG7,A
4038,ThermoMPNN,3OG7,-0.09041255712509155,226,S,W,F:\GENESIS Studio\genesis-studio\packages\engines-py\.pdb_cache\3OG7,A
4039,ThermoMPNN,3OG7,-0.021180570125579834,226,S,Y,F:\GENESIS Studio\genesis-studio\packages\engines-py\.pdb_cache\3OG7,A
4040,ThermoMPNN,3OG7,0.5357449650764465,227,P,A,F:\GENESIS Studio\genesis-studio\packages\engines-py\.pdb_cache\3OG7,A
4041,ThermoMPNN,3OG7,0.31109189987182617,227,P,C,F:\GENESIS Studio\genesis-studio\packages\engines-py\.pdb_cache\3OG7,A
4042,ThermoMPNN,3OG7,1.723280906677246,227,P,D,F:\GENESIS Studio\genesis-studio\packages\engines-py\.pdb_cache\3OG7,A
4043,ThermoMPNN,3OG7,1.4091770648956299,227,P,E,F:\GENESIS Studio\genesis-studio\packages\engines-py\.pdb_cache\3OG7,A
4044,ThermoMPNN,3OG7,0.4412074089050293,227,P,F,F:\GENESIS Studio\genesis-studio\packages\engines-py\.pdb_cache\3OG7,A
4045,ThermoMPNN,3OG7,1.1214993000030518,227,P,G,F:\GENESIS Studio\genesis-studio\packages\engines-py\.pdb_cache\3OG7,A
4046,ThermoMPNN,3OG7,1.6881561279296875,227,P,H,F:\GENESIS Studio\genesis-studio\packages\engines-py\.pdb_cache\3OG7,A
4047,ThermoMPNN,3OG7,0.4379820227622986,227,P,I,F:\GENESIS Studio\genesis-studio\packages\engines-py\.pdb_cache\3OG7,A
4048,ThermoMPNN,3OG7,1.6312949657440186,227,P,K,F:\GENESIS Studio\genesis-studio\packages\engines-py\.pdb_cache\3OG7,A
4049,ThermoMPNN,3OG7,0.5055215358734131,227,P,L,F:\GENESIS Studio\genesis-studio\packages\engines-py\.pdb_cache\3OG7,A
4050,ThermoMPNN,3OG7,0.6519240140914917,227,P,M,F:\GENESIS Studio\genesis-studio\packages\engines-py\.pdb_cache\3OG7,A
4051,ThermoMPNN,3OG7,1.7225351333618164,227,P,N,F:\GENESIS Studio\genesis-studio\packages\engines-py\.pdb_cache\3OG7,A
4052,ThermoMPNN,3OG7,0.0,227,P,P,F:\GENESIS Studio\genesis-studio\packages\engines-py\.pdb_cache\3OG7,A
4053,ThermoMPNN,3OG7,1.6784327030181885,227,P,Q,F:\GENESIS Studio\genesis-studio\packages\engines-py\.pdb_cache\3OG7,A
4054,ThermoMPNN,3OG7,1.6984004974365234,227,P,R,F:\GENESIS Studio\genesis-studio\packages\engines-py\.pdb_cache\3OG7,A
4055,ThermoMPNN,3OG7,1.3147943019866943,227,P,S,F:\GENESIS Studio\genesis-studio\packages\engines-py\.pdb_cache\3OG7,A
4056,ThermoMPNN,3OG7,1.2580726146697998,227,P,T,F:\GENESIS Studio\genesis-studio\packages\engines-py\.pdb_cache\3OG7,A
4057,ThermoMPNN,3OG7,0.45984476804733276,227,P,V,F:\GENESIS Studio\genesis-studio\packages\engines-py\.pdb_cache\3OG7,A
4058,ThermoMPNN,3OG7,0.66390460729599,227,P,W,F:\GENESIS Studio\genesis-studio\packages\engines-py\.pdb_cache\3OG7,A
4059,ThermoMPNN,3OG7,0.773941159248352,227,P,Y,F:\GENESIS Studio\genesis-studio\packages\engines-py\.pdb_cache\3OG7,A
4060,ThermoMPNN,3OG7,1.1449471712112427,228,D,A,F:\GENESIS Studio\genesis-studio\packages\engines-py\.pdb_cache\3OG7,A
4061,ThermoMPNN,3OG7,0.7646052837371826,228,D,C,F:\GENESIS Studio\genesis-studio\packages\engines-py\.pdb_cache\3OG7,A
4062,ThermoMPNN,3OG7,0.0,228,D,D,F:\GENESIS Studio\genesis-studio\packages\engines-py\.pdb_cache\3OG7,A
4063,ThermoMPNN,3OG7,0.8286902904510498,228,D,E,F:\GENESIS Studio\genesis-studio\packages\engines-py\.pdb_cache\3OG7,A
4064,ThermoMPNN,3OG7,1.2895697355270386,228,D,F,F:\GENESIS Studio\genesis-studio\packages\engines-py\.pdb_cache\3OG7,A
4065,ThermoMPNN,3OG7,1.5389063358306885,228,D,G,F:\GENESIS Studio\genesis-studio\packages\engines-py\.pdb_cache\3OG7,A
4066,ThermoMPNN,3OG7,1.0910266637802124,228,D,H,F:\GENESIS Studio\genesis-studio\packages\engines-py\.pdb_cache\3OG7,A
4067,ThermoMPNN,3OG7,1.2584046125411987,228,D,I,F:\GENESIS Studio\genesis-studio\packages\engines-py\.pdb_cache\3OG7,A
4068,ThermoMPNN,3OG7,1.5443494319915771,228,D,K,F:\GENESIS Studio\genesis-studio\packages\engines-py\.pdb_cache\3OG7,A
4069,ThermoMPNN,3OG7,1.1990575790405273,228,D,L,F:\GENESIS Studio\genesis-studio\packages\engines-py\.pdb_cache\3OG7,A
4070,ThermoMPNN,3OG7,1.3580715656280518,228,D,M,F:\GENESIS Studio\genesis-studio\packages\engines-py\.pdb_cache\3OG7,A
4071,ThermoMPNN,3OG7,0.7737071514129639,228,D,N,F:\GENESIS Studio\genesis-studio\packages\engines-py\.pdb_cache\3OG7,A
4072,ThermoMPNN,3OG7,1.2320352792739868,228,D,P,F:\GENESIS Studio\genesis-studio\packages\engines-py\.pdb_cache\3OG7,A
4073,ThermoMPNN,3OG7,1.2321884632110596,228,D,Q,F:\GENESIS Studio\genesis-studio\packages\engines-py\.pdb_cache\3OG7,A
4074,ThermoMPNN,3OG7,1.555300235748291,228,D,R,F:\GENESIS Studio\genesis-studio\packages\engines-py\.pdb_cache\3OG7,A
4075,ThermoMPNN,3OG7,0.9256519079208374,228,D,S,F:\GENESIS Studio\genesis-studio\packages\engines-py\.pdb_cache\3OG7,A
4076,ThermoMPNN,3OG7,1.283916711807251,228,D,T,F:\GENESIS Studio\genesis-studio\packages\engines-py\.pdb_cache\3OG7,A
4077,ThermoMPNN,3OG7,1.2810581922531128,228,D,V,F:\GENESIS Studio\genesis-studio\packages\engines-py\.pdb_cache\3OG7,A
4078,ThermoMPNN,3OG7,1.1097493171691895,228,D,W,F:\GENESIS Studio\genesis-studio\packages\engines-py\.pdb_cache\3OG7,A
4079,ThermoMPNN,3OG7,1.315171241760254,228,D,Y,F:\GENESIS Studio\genesis-studio\packages\engines-py\.pdb_cache\3OG7,A
4080,ThermoMPNN,3OG7,1.4563559293746948,229,L,A,F:\GENESIS Studio\genesis-studio\packages\engines-py\.pdb_cache\3OG7,A
4081,ThermoMPNN,3OG7,0.7048372030258179,229,L,C,F:\GENESIS Studio\genesis-studio\packages\engines-py\.pdb_cache\3OG7,A
4082,ThermoMPNN,3OG7,1.8611475229263306,229,L,D,F:\GENESIS Studio\genesis-studio\packages\engines-py\.pdb_cache\3OG7,A
4083,ThermoMPNN,3OG7,1.6512916088104248,229,L,E,F:\GENESIS Studio\genesis-studio\packages\engines-py\.pdb_cache\3OG7,A
4084,ThermoMPNN,3OG7,0.48149847984313965,229,L,F,F:\GENESIS Studio\genesis-studio\packages\engines-py\.pdb_cache\3OG7,A
4085,ThermoMPNN,3OG7,1.9490132331848145,229,L,G,F:\GENESIS Studio\genesis-studio\packages\engines-py\.pdb_cache\3OG7,A
4086,ThermoMPNN,3OG7,1.6269268989562988,229,L,H,F:\GENESIS Studio\genesis-studio\packages\engines-py\.pdb_cache\3OG7,A
4087,ThermoMPNN,3OG7,0.3478691577911377,229,L,I,F:\GENESIS Studio\genesis-studio\packages\engines-py\.pdb_cache\3OG7,A
4088,ThermoMPNN,3OG7,1.7585361003875732,229,L,K,F:\GENESIS Studio\genesis-studio\packages\engines-py\.pdb_cache\3OG7,A
4089,ThermoMPNN,3OG7,0.0,229,L,L,F:\GENESIS Studio\genesis-studio\packages\engines-py\.pdb_cache\3OG7,A
4090,ThermoMPNN,3OG7,0.38573265075683594,229,L,M,F:\GENESIS Studio\genesis-studio\packages\engines-py\.pdb_cache\3OG7,A
4091,ThermoMPNN,3OG7,1.8682260513305664,229,L,N,F:\GENESIS Studio\genesis-studio\packages\engines-py\.pdb_cache\3OG7,A
4092,ThermoMPNN,3OG7,1.6195201873779297,229,L,P,F:\GENESIS Studio\genesis-studio\packages\engines-py\.pdb_cache\3OG7,A
4093,ThermoMPNN,3OG7,1.5554277896881104,229,L,Q,F:\GENESIS Studio\genesis-studio\packages\engines-py\.pdb_cache\3OG7,A
4094,ThermoMPNN,3OG7,1.8439536094665527,229,L,R,F:\GENESIS Studio\genesis-studio\packages\engines-py\.pdb_cache\3OG7,A
4095,ThermoMPNN,3OG7,1.5772068500518799,229,L,S,F:\GENESIS Studio\genesis-studio\packages\engines-py\.pdb_cache\3OG7,A
4096,ThermoMPNN,3OG7,1.244484782218933,229,L,T,F:\GENESIS Studio\genesis-studio\packages\engines-py\.pdb_cache\3OG7,A
4097,ThermoMPNN,3OG7,0.6589151620864868,229,L,V,F:\GENESIS Studio\genesis-studio\packages\engines-py\.pdb_cache\3OG7,A
4098,ThermoMPNN,3OG7,0.6978044509887695,229,L,W,F:\GENESIS Studio\genesis-studio\packages\engines-py\.pdb_cache\3OG7,A
4099,ThermoMPNN,3OG7,0.9858623743057251,229,L,Y,F:\GENESIS Studio\genesis-studio\packages\engines-py\.pdb_cache\3OG7,A
4100,ThermoMPNN,3OG7,0.6476705074310303,230,S,A,F:\GENESIS Studio\genesis-studio\packages\engines-py\.pdb_cache\3OG7,A
4101,ThermoMPNN,3OG7,0.6142638325691223,230,S,C,F:\GENESIS Studio\genesis-studio\packages\engines-py\.pdb_cache\3OG7,A
4102,ThermoMPNN,3OG7,0.7964524626731873,230,S,D,F:\GENESIS Studio\genesis-studio\packages\engines-py\.pdb_cache\3OG7,A
4103,ThermoMPNN,3OG7,0.8689208030700684,230,S,E,F:\GENESIS Studio\genesis-studio\packages\engines-py\.pdb_cache\3OG7,A
4104,ThermoMPNN,3OG7,1.233816146850586,230,S,F,F:\GENESIS Studio\genesis-studio\packages\engines-py\.pdb_cache\3OG7,A
4105,ThermoMPNN,3OG7,0.7406182885169983,230,S,G,F:\GENESIS Studio\genesis-studio\packages\engines-py\.pdb_cache\3OG7,A
4106,ThermoMPNN,3OG7,1.017951250076294,230,S,H,F:\GENESIS Studio\genesis-studio\packages\engines-py\.pdb_cache\3OG7,A
4107,ThermoMPNN,3OG7,1.2079600095748901,230,S,I,F:\GENESIS Studio\genesis-studio\packages\engines-py\.pdb_cache\3OG7,A
4108,ThermoMPNN,3OG7,0.8877301812171936,230,S,K,F:\GENESIS Studio\genesis-studio\packages\engines-py\.pdb_cache\3OG7,A
4109,ThermoMPNN,3OG7,1.202427864074707,230,S,L,F:\GENESIS Studio\genesis-studio\packages\engines-py\.pdb_cache\3OG7,A
4110,ThermoMPNN,3OG7,0.9773589372634888,230,S,M,F:\GENESIS Studio\genesis-studio\packages\engines-py\.pdb_cache\3OG7,A
4111,ThermoMPNN,3OG7,0.7044541239738464,230,S,N,F:\GENESIS Studio\genesis-studio\packages\engines-py\.pdb_cache\3OG7,A
4112,ThermoMPNN,3OG7,1.7573585510253906,230,S,P,F:\GENESIS Studio\genesis-studio\packages\engines-py\.pdb_cache\3OG7,A
4113,ThermoMPNN,3OG7,0.9157246351242065,230,S,Q,F:\GENESIS Studio\genesis-studio\packages\engines-py\.pdb_cache\3OG7,A
4114,ThermoMPNN,3OG7,0.9381988048553467,230,S,R,F:\GENESIS Studio\genesis-studio\packages\engines-py\.pdb_cache\3OG7,A
4115,ThermoMPNN,3OG7,0.0,230,S,S,F:\GENESIS Studio\genesis-studio\packages\engines-py\.pdb_cache\3OG7,A
4116,ThermoMPNN,3OG7,0.2578012943267822,230,S,T,F:\GENESIS Studio\genesis-studio\packages\engines-py\.pdb_cache\3OG7,A
4117,ThermoMPNN,3OG7,1.336012601852417,230,S,V,F:\GENESIS Studio\genesis-studio\packages\engines-py\.pdb_cache\3OG7,A
4118,ThermoMPNN,3OG7,1.2562029361724854,230,S,W,F:\GENESIS Studio\genesis-studio\packages\engines-py\.pdb_cache\3OG7,A
4119,ThermoMPNN,3OG7,1.3877284526824951,230,S,Y,F:\GENESIS Studio\genesis-studio\packages\engines-py\.pdb_cache\3OG7,A
4120,ThermoMPNN,3OG7,0.6435180306434631,231,K,A,F:\GENESIS Studio\genesis-studio\packages\engines-py\.pdb_cache\3OG7,A
4121,ThermoMPNN,3OG7,0.23242926597595215,231,K,C,F:\GENESIS Studio\genesis-studio\packages\engines-py\.pdb_cache\3OG7,A
4122,ThermoMPNN,3OG7,1.4732508659362793,231,K,D,F:\GENESIS Studio\genesis-studio\packages\engines-py\.pdb_cache\3OG7,A
4123,ThermoMPNN,3OG7,0.8844103813171387,231,K,E,F:\GENESIS Studio\genesis-studio\packages\engines-py\.pdb_cache\3OG7,A
4124,ThermoMPNN,3OG7,0.5906805396080017,231,K,F,F:\GENESIS Studio\genesis-studio\packages\engines-py\.pdb_cache\3OG7,A
4125,ThermoMPNN,3OG7,0.9433295726776123,231,K,G,F:\GENESIS Studio\genesis-studio\packages\engines-py\.pdb_cache\3OG7,A
4126,ThermoMPNN,3OG7,0.5467910766601562,231,K,H,F:\GENESIS Studio\genesis-studio\packages\engines-py\.pdb_cache\3OG7,A
4127,ThermoMPNN,3OG7,0.5542856454849243,231,K,I,F:\GENESIS Studio\genesis-studio\packages\engines-py\.pdb_cache\3OG7,A
4128,ThermoMPNN,3OG7,0.0,231,K,K,F:\GENESIS Studio\genesis-studio\packages\engines-py\.pdb_cache\3OG7,A
4129,ThermoMPNN,3OG7,0.038787007331848145,231,K,L,F:\GENESIS Studio\genesis-studio\packages\engines-py\.pdb_cache\3OG7,A
4130,ThermoMPNN,3OG7,0.25619959831237793,231,K,M,F:\GENESIS Studio\genesis-studio\packages\engines-py\.pdb_cache\3OG7,A
4131,ThermoMPNN,3OG7,0.7011005282402039,231,K,N,F:\GENESIS Studio\genesis-studio\packages\engines-py\.pdb_cache\3OG7,A
4132,ThermoMPNN,3OG7,1.6375505924224854,231,K,P,F:\GENESIS Studio\genesis-studio\packages\engines-py\.pdb_cache\3OG7,A
4133,ThermoMPNN,3OG7,0.2791188955307007,231,K,Q,F:\GENESIS Studio\genesis-studio\packages\engines-py\.pdb_cache\3OG7,A
4134,ThermoMPNN,3OG7,0.0609433650970459,231,K,R,F:\GENESIS Studio\genesis-studio\packages\engines-py\.pdb_cache\3OG7,A
4135,ThermoMPNN,3OG7,0.871801495552063,231,K,S,F:\GENESIS Studio\genesis-studio\packages\engines-py\.pdb_cache\3OG7,A
4136,ThermoMPNN,3OG7,0.8590183258056641,231,K,T,F:\GENESIS Studio\genesis-studio\packages\engines-py\.pdb_cache\3OG7,A
4137,ThermoMPNN,3OG7,0.6508237719535828,231,K,V,F:\GENESIS Studio\genesis-studio\packages\engines-py\.pdb_cache\3OG7,A
4138,ThermoMPNN,3OG7,0.8213000297546387,231,K,W,F:\GENESIS Studio\genesis-studio\packages\engines-py\.pdb_cache\3OG7,A
4139,ThermoMPNN,3OG7,0.6398079991340637,231,K,Y,F:\GENESIS Studio\genesis-studio\packages\engines-py\.pdb_cache\3OG7,A
4140,ThermoMPNN,3OG7,0.751704752445221,232,V,A,F:\GENESIS Studio\genesis-studio\packages\engines-py\.pdb_cache\3OG7,A
4141,ThermoMPNN,3OG7,0.34713149070739746,232,V,C,F:\GENESIS Studio\genesis-studio\packages\engines-py\.pdb_cache\3OG7,A
4142,ThermoMPNN,3OG7,1.5854084491729736,232,V,D,F:\GENESIS Studio\genesis-studio\packages\engines-py\.pdb_cache\3OG7,A
4143,ThermoMPNN,3OG7,1.8678834438323975,232,V,E,F:\GENESIS Studio\genesis-studio\packages\engines-py\.pdb_cache\3OG7,A
4144,ThermoMPNN,3OG7,0.6888697147369385,232,V,F,F:\GENESIS Studio\genesis-studio\packages\engines-py\.pdb_cache\3OG7,A
4145,ThermoMPNN,3OG7,1.1809085607528687,232,V,G,F:\GENESIS Studio\genesis-studio\packages\engines-py\.pdb_cache\3OG7,A
4146,ThermoMPNN,3OG7,1.4856219291687012,232,V,H,F:\GENESIS Studio\genesis-studio\packages\engines-py\.pdb_cache\3OG7,A
4147,ThermoMPNN,3OG7,-0.16929781436920166,232,V,I,F:\GENESIS Studio\genesis-studio\packages\engines-py\.pdb_cache\3OG7,A
4148,ThermoMPNN,3OG7,1.5721337795257568,232,V,K,F:\GENESIS Studio\genesis-studio\packages\engines-py\.pdb_cache\3OG7,A
4149,ThermoMPNN,3OG7,-0.11491191387176514,232,V,L,F:\GENESIS Studio\genesis-studio\packages\engines-py\.pdb_cache\3OG7,A
4150,ThermoMPNN,3OG7,0.4678511619567871,232,V,M,F:\GENESIS Studio\genesis-studio\packages\engines-py\.pdb_cache\3OG7,A
4151,ThermoMPNN,3OG7,1.4679036140441895,232,V,N,F:\GENESIS Studio\genesis-studio\packages\engines-py\.pdb_cache\3OG7,A
4152,ThermoMPNN,3OG7,1.4892216920852661,232,V,P,F:\GENESIS Studio\genesis-studio\packages\engines-py\.pdb_cache\3OG7,A
4153,ThermoMPNN,3OG7,1.6147112846374512,232,V,Q,F:\GENESIS Studio\genesis-studio\packages\engines-py\.pdb_cache\3OG7,A
4154,ThermoMPNN,3OG7,1.6504783630371094,232,V,R,F:\GENESIS Studio\genesis-studio\packages\engines-py\.pdb_cache\3OG7,A
4155,ThermoMPNN,3OG7,1.3322250843048096,232,V,S,F:\GENESIS Studio\genesis-studio\packages\engines-py\.pdb_cache\3OG7,A
4156,ThermoMPNN,3OG7,1.084092617034912,232,V,T,F:\GENESIS Studio\genesis-studio\packages\engines-py\.pdb_cache\3OG7,A
4157,ThermoMPNN,3OG7,0.0,232,V,V,F:\GENESIS Studio\genesis-studio\packages\engines-py\.pdb_cache\3OG7,A
4158,ThermoMPNN,3OG7,0.8709688186645508,232,V,W,F:\GENESIS Studio\genesis-studio\packages\engines-py\.pdb_cache\3OG7,A
4159,ThermoMPNN,3OG7,0.9505717754364014,232,V,Y,F:\GENESIS Studio\genesis-studio\packages\engines-py\.pdb_cache\3OG7,A
4160,ThermoMPNN,3OG7,-0.4008868336677551,233,R,A,F:\GENESIS Studio\genesis-studio\packages\engines-py\.pdb_cache\3OG7,A
4161,ThermoMPNN,3OG7,-0.4339370131492615,233,R,C,F:\GENESIS Studio\genesis-studio\packages\engines-py\.pdb_cache\3OG7,A
4162,ThermoMPNN,3OG7,-0.4147948622703552,233,R,D,F:\GENESIS Studio\genesis-studio\packages\engines-py\.pdb_cache\3OG7,A
4163,ThermoMPNN,3OG7,0.14825168251991272,233,R,E,F:\GENESIS Studio\genesis-studio\packages\engines-py\.pdb_cache\3OG7,A
4164,ThermoMPNN,3OG7,0.1031869649887085,233,R,F,F:\GENESIS Studio\genesis-studio\packages\engines-py\.pdb_cache\3OG7,A
4165,ThermoMPNN,3OG7,-0.24631506204605103,233,R,G,F:\GENESIS Studio\genesis-studio\packages\engines-py\.pdb_cache\3OG7,A
4166,ThermoMPNN,3OG7,-0.16719216108322144,233,R,H,F:\GENESIS Studio\genesis-studio\packages\engines-py\.pdb_cache\3OG7,A
4167,ThermoMPNN,3OG7,0.26915207505226135,233,R,I,F:\GENESIS Studio\genesis-studio\packages\engines-py\.pdb_cache\3OG7,A
4168,ThermoMPNN,3OG7,-0.09708017110824585,233,R,K,F:\GENESIS Studio\genesis-studio\packages\engines-py\.pdb_cache\3OG7,A
4169,ThermoMPNN,3OG7,0.11809295415878296,233,R,L,F:\GENESIS Studio\genesis-studio\packages\engines-py\.pdb_cache\3OG7,A
4170,ThermoMPNN,3OG7,0.12624207139015198,233,R,M,F:\GENESIS Studio\genesis-studio\packages\engines-py\.pdb_cache\3OG7,A
4171,ThermoMPNN,3OG7,-0.4518654942512512,233,R,N,F:\GENESIS Studio\genesis-studio\packages\engines-py\.pdb_cache\3OG7,A
4172,ThermoMPNN,3OG7,-0.05757361650466919,233,R,P,F:\GENESIS Studio\genesis-studio\packages\engines-py\.pdb_cache\3OG7,A
4173,ThermoMPNN,3OG7,-0.0037072300910949707,233,R,Q,F:\GENESIS Studio\genesis-studio\packages\engines-py\.pdb_cache\3OG7,A
4174,ThermoMPNN,3OG7,0.0,233,R,R,F:\GENESIS Studio\genesis-studio\packages\engines-py\.pdb_cache\3OG7,A
4175,ThermoMPNN,3OG7,-0.4912492632865906,233,R,S,F:\GENESIS Studio\genesis-studio\packages\engines-py\.pdb_cache\3OG7,A
4176,ThermoMPNN,3OG7,-0.07591652870178223,233,R,T,F:\GENESIS Studio\genesis-studio\packages\engines-py\.pdb_cache\3OG7,A
4177,ThermoMPNN,3OG7,0.2988608479499817,233,R,V,F:\GENESIS Studio\genesis-studio\packages\engines-py\.pdb_cache\3OG7,A
4178,ThermoMPNN,3OG7,0.14107000827789307,233,R,W,F:\GENESIS Studio\genesis-studio\packages\engines-py\.pdb_cache\3OG7,A
4179,ThermoMPNN,3OG7,0.1545020341873169,233,R,Y,F:\GENESIS Studio\genesis-studio\packages\engines-py\.pdb_cache\3OG7,A
4180,ThermoMPNN,3OG7,-0.002979457378387451,234,S,A,F:\GENESIS Studio\genesis-studio\packages\engines-py\.pdb_cache\3OG7,A
4181,ThermoMPNN,3OG7,0.01776909828186035,234,S,C,F:\GENESIS Studio\genesis-studio\packages\engines-py\.pdb_cache\3OG7,A
4182,ThermoMPNN,3OG7,-0.05633014440536499,234,S,D,F:\GENESIS Studio\genesis-studio\packages\engines-py\.pdb_cache\3OG7,A
4183,ThermoMPNN,3OG7,-0.023611009120941162,234,S,E,F:\GENESIS Studio\genesis-studio\packages\engines-py\.pdb_cache\3OG7,A
4184,ThermoMPNN,3OG7,0.5138318538665771,234,S,F,F:\GENESIS Studio\genesis-studio\packages\engines-py\.pdb_cache\3OG7,A
4185,ThermoMPNN,3OG7,0.34380680322647095,234,S,G,F:\GENESIS Studio\genesis-studio\packages\engines-py\.pdb_cache\3OG7,A
4186,ThermoMPNN,3OG7,0.2516183853149414,234,S,H,F:\GENESIS Studio\genesis-studio\packages\engines-py\.pdb_cache\3OG7,A
4187,ThermoMPNN,3OG7,0.3801726698875427,234,S,I,F:\GENESIS Studio\genesis-studio\packages\engines-py\.pdb_cache\3OG7,A
4188,ThermoMPNN,3OG7,0.16188418865203857,234,S,K,F:\GENESIS Studio\genesis-studio\packages\engines-py\.pdb_cache\3OG7,A
4189,ThermoMPNN,3OG7,0.2579588294029236,234,S,L,F:\GENESIS Studio\genesis-studio\packages\engines-py\.pdb_cache\3OG7,A
4190,ThermoMPNN,3OG7,0.39539259672164917,234,S,M,F:\GENESIS Studio\genesis-studio\packages\engines-py\.pdb_cache\3OG7,A
4191,ThermoMPNN,3OG7,0.12269049882888794,234,S,N,F:\GENESIS Studio\genesis-studio\packages\engines-py\.pdb_cache\3OG7,A
4192,ThermoMPNN,3OG7,-0.21342498064041138,234,S,P,F:\GENESIS Studio\genesis-studio\packages\engines-py\.pdb_cache\3OG7,A
4193,ThermoMPNN,3OG7,0.047662973403930664,234,S,Q,F:\GENESIS Studio\genesis-studio\packages\engines-py\.pdb_cache\3OG7,A
4194,ThermoMPNN,3OG7,0.33956629037857056,234,S,R,F:\GENESIS Studio\genesis-studio\packages\engines-py\.pdb_cache\3OG7,A
4195,ThermoMPNN,3OG7,0.0,234,S,S,F:\GENESIS Studio\genesis-studio\packages\engines-py\.pdb_cache\3OG7,A
4196,ThermoMPNN,3OG7,0.28614580631256104,234,S,T,F:\GENESIS Studio\genesis-studio\packages\engines-py\.pdb_cache\3OG7,A
4197,ThermoMPNN,3OG7,0.37438976764678955,234,S,V,F:\GENESIS Studio\genesis-studio\packages\engines-py\.pdb_cache\3OG7,A
4198,ThermoMPNN,3OG7,0.4007330536842346,234,S,W,F:\GENESIS Studio\genesis-studio\packages\engines-py\.pdb_cache\3OG7,A
4199,ThermoMPNN,3OG7,0.5160892605781555,234,S,Y,F:\GENESIS Studio\genesis-studio\packages\engines-py\.pdb_cache\3OG7,A
4200,ThermoMPNN,3OG7,1.087988257408142,235,N,A,F:\GENESIS Studio\genesis-studio\packages\engines-py\.pdb_cache\3OG7,A
4201,ThermoMPNN,3OG7,0.2595747709274292,235,N,C,F:\GENESIS Studio\genesis-studio\packages\engines-py\.pdb_cache\3OG7,A
4202,ThermoMPNN,3OG7,-0.10289466381072998,235,N,D,F:\GENESIS Studio\genesis-studio\packages\engines-py\.pdb_cache\3OG7,A
4203,ThermoMPNN,3OG7,1.056444525718689,235,N,E,F:\GENESIS Studio\genesis-studio\packages\engines-py\.pdb_cache\3OG7,A
4204,ThermoMPNN,3OG7,0.8779096603393555,235,N,F,F:\GENESIS Studio\genesis-studio\packages\engines-py\.pdb_cache\3OG7,A
4205,ThermoMPNN,3OG7,0.7528649568557739,235,N,G,F:\GENESIS Studio\genesis-studio\packages\engines-py\.pdb_cache\3OG7,A
4206,ThermoMPNN,3OG7,0.9429512619972229,235,N,H,F:\GENESIS Studio\genesis-studio\packages\engines-py\.pdb_cache\3OG7,A
4207,ThermoMPNN,3OG7,1.5630841255187988,235,N,I,F:\GENESIS Studio\genesis-studio\packages\engines-py\.pdb_cache\3OG7,A
4208,ThermoMPNN,3OG7,1.225224494934082,235,N,K,F:\GENESIS Studio\genesis-studio\packages\engines-py\.pdb_cache\3OG7,A
4209,ThermoMPNN,3OG7,1.1207355260849,235,N,L,F:\GENESIS Studio\genesis-studio\packages\engines-py\.pdb_cache\3OG7,A
4210,ThermoMPNN,3OG7,1.1638975143432617,235,N,M,F:\GENESIS Studio\genesis-studio\packages\engines-py\.pdb_cache\3OG7,A
4211,ThermoMPNN,3OG7,0.0,235,N,N,F:\GENESIS Studio\genesis-studio\packages\engines-py\.pdb_cache\3OG7,A
4212,ThermoMPNN,3OG7,1.835024356842041,235,N,P,F:\GENESIS Studio\genesis-studio\packages\engines-py\.pdb_cache\3OG7,A
4213,ThermoMPNN,3OG7,1.2673530578613281,235,N,Q,F:\GENESIS Studio\genesis-studio\packages\engines-py\.pdb_cache\3OG7,A
4214,ThermoMPNN,3OG7,1.2936599254608154,235,N,R,F:\GENESIS Studio\genesis-studio\packages\engines-py\.pdb_cache\3OG7,A
4215,ThermoMPNN,3OG7,0.5770000219345093,235,N,S,F:\GENESIS Studio\genesis-studio\packages\engines-py\.pdb_cache\3OG7,A
4216,ThermoMPNN,3OG7,1.1452511548995972,235,N,T,F:\GENESIS Studio\genesis-studio\packages\engines-py\.pdb_cache\3OG7,A
4217,ThermoMPNN,3OG7,1.5784742832183838,235,N,V,F:\GENESIS Studio\genesis-studio\packages\engines-py\.pdb_cache\3OG7,A
4218,ThermoMPNN,3OG7,0.9057891964912415,235,N,W,F:\GENESIS Studio\genesis-studio\packages\engines-py\.pdb_cache\3OG7,A
4219,ThermoMPNN,3OG7,1.0939695835113525,235,N,Y,F:\GENESIS Studio\genesis-studio\packages\engines-py\.pdb_cache\3OG7,A
4220,ThermoMPNN,3OG7,0.12385249137878418,236,C,A,F:\GENESIS Studio\genesis-studio\packages\engines-py\.pdb_cache\3OG7,A
4221,ThermoMPNN,3OG7,0.0,236,C,C,F:\GENESIS Studio\genesis-studio\packages\engines-py\.pdb_cache\3OG7,A
4222,ThermoMPNN,3OG7,1.0513830184936523,236,C,D,F:\GENESIS Studio\genesis-studio\packages\engines-py\.pdb_cache\3OG7,A
4223,ThermoMPNN,3OG7,1.2922096252441406,236,C,E,F:\GENESIS Studio\genesis-studio\packages\engines-py\.pdb_cache\3OG7,A
4224,ThermoMPNN,3OG7,0.05939304828643799,236,C,F,F:\GENESIS Studio\genesis-studio\packages\engines-py\.pdb_cache\3OG7,A
4225,ThermoMPNN,3OG7,1.0199344158172607,236,C,G,F:\GENESIS Studio\genesis-studio\packages\engines-py\.pdb_cache\3OG7,A
4226,ThermoMPNN,3OG7,0.9395291805267334,236,C,H,F:\GENESIS Studio\genesis-studio\packages\engines-py\.pdb_cache\3OG7,A
4227,ThermoMPNN,3OG7,-0.15485191345214844,236,C,I,F:\GENESIS Studio\genesis-studio\packages\engines-py\.pdb_cache\3OG7,A
4228,ThermoMPNN,3OG7,1.3809356689453125,236,C,K,F:\GENESIS Studio\genesis-studio\packages\engines-py\.pdb_cache\3OG7,A
4229,ThermoMPNN,3OG7,0.5193812251091003,236,C,L,F:\GENESIS Studio\genesis-studio\packages\engines-py\.pdb_cache\3OG7,A
4230,ThermoMPNN,3OG7,0.3097795248031616,236,C,M,F:\GENESIS Studio\genesis-studio\packages\engines-py\.pdb_cache\3OG7,A
4231,ThermoMPNN,3OG7,1.2534620761871338,236,C,N,F:\GENESIS Studio\genesis-studio\packages\engines-py\.pdb_cache\3OG7,A
4232,ThermoMPNN,3OG7,0.8300891518592834,236,C,P,F:\GENESIS Studio\genesis-studio\packages\engines-py\.pdb_cache\3OG7,A
4233,ThermoMPNN,3OG7,0.9134730696678162,236,C,Q,F:\GENESIS Studio\genesis-studio\packages\engines-py\.pdb_cache\3OG7,A
4234,ThermoMPNN,3OG7,1.303534746170044,236,C,R,F:\GENESIS Studio\genesis-studio\packages\engines-py\.pdb_cache\3OG7,A
4235,ThermoMPNN,3OG7,0.3107530474662781,236,C,S,F:\GENESIS Studio\genesis-studio\packages\engines-py\.pdb_cache\3OG7,A
4236,ThermoMPNN,3OG7,0.04099428653717041,236,C,T,F:\GENESIS Studio\genesis-studio\packages\engines-py\.pdb_cache\3OG7,A
4237,ThermoMPNN,3OG7,-0.3985438346862793,236,C,V,F:\GENESIS Studio\genesis-studio\packages\engines-py\.pdb_cache\3OG7,A
4238,ThermoMPNN,3OG7,-0.14693522453308105,236,C,W,F:\GENESIS Studio\genesis-studio\packages\engines-py\.pdb_cache\3OG7,A
4239,ThermoMPNN,3OG7,0.21520113945007324,236,C,Y,F:\GENESIS Studio\genesis-studio\packages\engines-py\.pdb_cache\3OG7,A
4240,ThermoMPNN,3OG7,0.9322660565376282,237,P,A,F:\GENESIS Studio\genesis-studio\packages\engines-py\.pdb_cache\3OG7,A
4241,ThermoMPNN,3OG7,0.5799438953399658,237,P,C,F:\GENESIS Studio\genesis-studio\packages\engines-py\.pdb_cache\3OG7,A
4242,ThermoMPNN,3OG7,0.8492389917373657,237,P,D,F:\GENESIS Studio\genesis-studio\packages\engines-py\.pdb_cache\3OG7,A
4243,ThermoMPNN,3OG7,1.346571683883667,237,P,E,F:\GENESIS Studio\genesis-studio\packages\engines-py\.pdb_cache\3OG7,A
4244,ThermoMPNN,3OG7,1.2303204536437988,237,P,F,F:\GENESIS Studio\genesis-studio\packages\engines-py\.pdb_cache\3OG7,A
4245,ThermoMPNN,3OG7,1.5988816022872925,237,P,G,F:\GENESIS Studio\genesis-studio\packages\engines-py\.pdb_cache\3OG7,A
4246,ThermoMPNN,3OG7,1.034307599067688,237,P,H,F:\GENESIS Studio\genesis-studio\packages\engines-py\.pdb_cache\3OG7,A
4247,ThermoMPNN,3OG7,1.1982393264770508,237,P,I,F:\GENESIS Studio\genesis-studio\packages\engines-py\.pdb_cache\3OG7,A
4248,ThermoMPNN,3OG7,1.4071224927902222,237,P,K,F:\GENESIS Studio\genesis-studio\packages\engines-py\.pdb_cache\3OG7,A
4249,ThermoMPNN,3OG7,0.9583307504653931,237,P,L,F:\GENESIS Studio\genesis-studio\packages\engines-py\.pdb_cache\3OG7,A
4250,ThermoMPNN,3OG7,1.084796667098999,237,P,M,F:\GENESIS Studio\genesis-studio\packages\engines-py\.pdb_cache\3OG7,A
4251,ThermoMPNN,3OG7,1.0085749626159668,237,P,N,F:\GENESIS Studio\genesis-studio\packages\engines-py\.pdb_cache\3OG7,A
4252,ThermoMPNN,3OG7,0.0,237,P,P,F:\GENESIS Studio\genesis-studio\packages\engines-py\.pdb_cache\3OG7,A
4253,ThermoMPNN,3OG7,1.3132340908050537,237,P,Q,F:\GENESIS Studio\genesis-studio\packages\engines-py\.pdb_cache\3OG7,A
4254,ThermoMPNN,3OG7,1.4826546907424927,237,P,R,F:\GENESIS Studio\genesis-studio\packages\engines-py\.pdb_cache\3OG7,A
4255,ThermoMPNN,3OG7,0.9662275910377502,237,P,S,F:\GENESIS Studio\genesis-studio\packages\engines-py\.pdb_cache\3OG7,A
4256,ThermoMPNN,3OG7,1.2309353351593018,237,P,T,F:\GENESIS Studio\genesis-studio\packages\engines-py\.pdb_cache\3OG7,A
4257,ThermoMPNN,3OG7,1.1781545877456665,237,P,V,F:\GENESIS Studio\genesis-studio\packages\engines-py\.pdb_cache\3OG7,A
4258,ThermoMPNN,3OG7,0.9195799827575684,237,P,W,F:\GENESIS Studio\genesis-studio\packages\engines-py\.pdb_cache\3OG7,A
4259,ThermoMPNN,3OG7,1.0870957374572754,237,P,Y,F:\GENESIS Studio\genesis-studio\packages\engines-py\.pdb_cache\3OG7,A
4260,ThermoMPNN,3OG7,-0.06845033168792725,238,K,A,F:\GENESIS Studio\genesis-studio\packages\engines-py\.pdb_cache\3OG7,A
4261,ThermoMPNN,3OG7,-0.09859561920166016,238,K,C,F:\GENESIS Studio\genesis-studio\packages\engines-py\.pdb_cache\3OG7,A
4262,ThermoMPNN,3OG7,0.01683706045150757,238,K,D,F:\GENESIS Studio\genesis-studio\packages\engines-py\.pdb_cache\3OG7,A
4263,ThermoMPNN,3OG7,-0.15985071659088135,238,K,E,F:\GENESIS Studio\genesis-studio\packages\engines-py\.pdb_cache\3OG7,A
4264,ThermoMPNN,3OG7,0.14601272344589233,238,K,F,F:\GENESIS Studio\genesis-studio\packages\engines-py\.pdb_cache\3OG7,A
4265,ThermoMPNN,3OG7,0.2318466305732727,238,K,G,F:\GENESIS Studio\genesis-studio\packages\engines-py\.pdb_cache\3OG7,A
4266,ThermoMPNN,3OG7,0.0440596342086792,238,K,H,F:\GENESIS Studio\genesis-studio\packages\engines-py\.pdb_cache\3OG7,A
4267,ThermoMPNN,3OG7,0.031163573265075684,238,K,I,F:\GENESIS Studio\genesis-studio\packages\engines-py\.pdb_cache\3OG7,A
4268,ThermoMPNN,3OG7,0.0,238,K,K,F:\GENESIS Studio\genesis-studio\packages\engines-py\.pdb_cache\3OG7,A
4269,ThermoMPNN,3OG7,0.02606499195098877,238,K,L,F:\GENESIS Studio\genesis-studio\packages\engines-py\.pdb_cache\3OG7,A
4270,ThermoMPNN,3OG7,0.06176072359085083,238,K,M,F:\GENESIS Studio\genesis-studio\packages\engines-py\.pdb_cache\3OG7,A
4271,ThermoMPNN,3OG7,0.13677185773849487,238,K,N,F:\GENESIS Studio\genesis-studio\packages\engines-py\.pdb_cache\3OG7,A
4272,ThermoMPNN,3OG7,-0.035664379596710205,238,K,P,F:\GENESIS Studio\genesis-studio\packages\engines-py\.pdb_cache\3OG7,A
4273,ThermoMPNN,3OG7,-0.06628447771072388,238,K,Q,F:\GENESIS Studio\genesis-studio\packages\engines-py\.pdb_cache\3OG7,A
4274,ThermoMPNN,3OG7,0.06037139892578125,238,K,R,F:\GENESIS Studio\genesis-studio\packages\engines-py\.pdb_cache\3OG7,A
4275,ThermoMPNN,3OG7,0.012186229228973389,238,K,S,F:\GENESIS Studio\genesis-studio\packages\engines-py\.pdb_cache\3OG7,A
4276,ThermoMPNN,3OG7,0.09442496299743652,238,K,T,F:\GENESIS Studio\genesis-studio\packages\engines-py\.pdb_cache\3OG7,A
4277,ThermoMPNN,3OG7,0.06033557653427124,238,K,V,F:\GENESIS Studio\genesis-studio\packages\engines-py\.pdb_cache\3OG7,A
4278,ThermoMPNN,3OG7,0.12090444564819336,238,K,W,F:\GENESIS Studio\genesis-studio\packages\engines-py\.pdb_cache\3OG7,A
4279,ThermoMPNN,3OG7,0.15033882856369019,238,K,Y,F:\GENESIS Studio\genesis-studio\packages\engines-py\.pdb_cache\3OG7,A
4280,ThermoMPNN,3OG7,-0.26933586597442627,239,R,A,F:\GENESIS Studio\genesis-studio\packages\engines-py\.pdb_cache\3OG7,A
4281,ThermoMPNN,3OG7,-0.14045917987823486,239,R,C,F:\GENESIS Studio\genesis-studio\packages\engines-py\.pdb_cache\3OG7,A
4282,ThermoMPNN,3OG7,0.028799593448638916,239,R,D,F:\GENESIS Studio\genesis-studio\packages\engines-py\.pdb_cache\3OG7,A
4283,ThermoMPNN,3OG7,-0.08388471603393555,239,R,E,F:\GENESIS Studio\genesis-studio\packages\engines-py\.pdb_cache\3OG7,A
4284,ThermoMPNN,3OG7,0.022526025772094727,239,R,F,F:\GENESIS Studio\genesis-studio\packages\engines-py\.pdb_cache\3OG7,A
4285,ThermoMPNN,3OG7,0.06078076362609863,239,R,G,F:\GENESIS Studio\genesis-studio\packages\engines-py\.pdb_cache\3OG7,A
4286,ThermoMPNN,3OG7,0.10662668943405151,239,R,H,F:\GENESIS Studio\genesis-studio\packages\engines-py\.pdb_cache\3OG7,A
4287,ThermoMPNN,3OG7,-0.015672802925109863,239,R,I,F:\GENESIS Studio\genesis-studio\packages\engines-py\.pdb_cache\3OG7,A
4288,ThermoMPNN,3OG7,0.1319841742515564,239,R,K,F:\GENESIS Studio\genesis-studio\packages\engines-py\.pdb_cache\3OG7,A
4289,ThermoMPNN,3OG7,-0.05129420757293701,239,R,L,F:\GENESIS Studio\genesis-studio\packages\engines-py\.pdb_cache\3OG7,A
4290,ThermoMPNN,3OG7,-0.026687204837799072,239,R,M,F:\GENESIS Studio\genesis-studio\packages\engines-py\.pdb_cache\3OG7,A
4291,ThermoMPNN,3OG7,0.26812323927879333,239,R,N,F:\GENESIS Studio\genesis-studio\packages\engines-py\.pdb_cache\3OG7,A
4292,ThermoMPNN,3OG7,0.569692850112915,239,R,P,F:\GENESIS Studio\genesis-studio\packages\engines-py\.pdb_cache\3OG7,A
4293,ThermoMPNN,3OG7,0.008501768112182617,239,R,Q,F:\GENESIS Studio\genesis-studio\packages\engines-py\.pdb_cache\3OG7,A
4294,ThermoMPNN,3OG7,0.0,239,R,R,F:\GENESIS Studio\genesis-studio\packages\engines-py\.pdb_cache\3OG7,A
4295,ThermoMPNN,3OG7,0.036855340003967285,239,R,S,F:\GENESIS Studio\genesis-studio\packages\engines-py\.pdb_cache\3OG7,A
4296,ThermoMPNN,3OG7,0.22212934494018555,239,R,T,F:\GENESIS Studio\genesis-studio\packages\engines-py\.pdb_cache\3OG7,A
4297,ThermoMPNN,3OG7,0.002145051956176758,239,R,V,F:\GENESIS Studio\genesis-studio\packages\engines-py\.pdb_cache\3OG7,A
4298,ThermoMPNN,3OG7,-0.056973934173583984,239,R,W,F:\GENESIS Studio\genesis-studio\packages\engines-py\.pdb_cache\3OG7,A
4299,ThermoMPNN,3OG7,0.03472423553466797,239,R,Y,F:\GENESIS Studio\genesis-studio\packages\engines-py\.pdb_cache\3OG7,A
4300,ThermoMPNN,3OG7,1.5725903511047363,240,M,A,F:\GENESIS Studio\genesis-studio\packages\engines-py\.pdb_cache\3OG7,A
4301,ThermoMPNN,3OG7,0.9690533876419067,240,M,C,F:\GENESIS Studio\genesis-studio\packages\engines-py\.pdb_cache\3OG7,A
4302,ThermoMPNN,3OG7,2.5280768871307373,240,M,D,F:\GENESIS Studio\genesis-studio\packages\engines-py\.pdb_cache\3OG7,A
4303,ThermoMPNN,3OG7,2.2285144329071045,240,M,E,F:\GENESIS Studio\genesis-studio\packages\engines-py\.pdb_cache\3OG7,A
4304,ThermoMPNN,3OG7,0.721158504486084,240,M,F,F:\GENESIS Studio\genesis-studio\packages\engines-py\.pdb_cache\3OG7,A
4305,ThermoMPNN,3OG7,2.6484251022338867,240,M,G,F:\GENESIS Studio\genesis-studio\packages\engines-py\.pdb_cache\3OG7,A
4306,ThermoMPNN,3OG7,1.9362369775772095,240,M,H,F:\GENESIS Studio\genesis-studio\packages\engines-py\.pdb_cache\3OG7,A
4307,ThermoMPNN,3OG7,0.13685178756713867,240,M,I,F:\GENESIS Studio\genesis-studio\packages\engines-py\.pdb_cache\3OG7,A
4308,ThermoMPNN,3OG7,2.2802348136901855,240,M,K,F:\GENESIS Studio\genesis-studio\packages\engines-py\.pdb_cache\3OG7,A
4309,ThermoMPNN,3OG7,-0.06806278228759766,240,M,L,F:\GENESIS Studio\genesis-studio\packages\engines-py\.pdb_cache\3OG7,A
4310,ThermoMPNN,3OG7,0.0,240,M,M,F:\GENESIS Studio\genesis-studio\packages\engines-py\.pdb_cache\3OG7,A
4311,ThermoMPNN,3OG7,2.3935627937316895,240,M,N,F:\GENESIS Studio\genesis-studio\packages\engines-py\.pdb_cache\3OG7,A
4312,ThermoMPNN,3OG7,2.540367841720581,240,M,P,F:\GENESIS Studio\genesis-studio\packages\engines-py\.pdb_cache\3OG7,A
4313,ThermoMPNN,3OG7,1.8599193096160889,240,M,Q,F:\GENESIS Studio\genesis-studio\packages\engines-py\.pdb_cache\3OG7,A
4314,ThermoMPNN,3OG7,2.1349847316741943,240,M,R,F:\GENESIS Studio\genesis-studio\packages\engines-py\.pdb_cache\3OG7,A
4315,ThermoMPNN,3OG7,2.0602569580078125,240,M,S,F:\GENESIS Studio\genesis-studio\packages\engines-py\.pdb_cache\3OG7,A
4316,ThermoMPNN,3OG7,1.8468172550201416,240,M,T,F:\GENESIS Studio\genesis-studio\packages\engines-py\.pdb_cache\3OG7,A
4317,ThermoMPNN,3OG7,0.754157543182373,240,M,V,F:\GENESIS Studio\genesis-studio\packages\engines-py\.pdb_cache\3OG7,A
4318,ThermoMPNN,3OG7,0.8372113704681396,240,M,W,F:\GENESIS Studio\genesis-studio\packages\engines-py\.pdb_cache\3OG7,A
4319,ThermoMPNN,3OG7,1.0723438262939453,240,M,Y,F:\GENESIS Studio\genesis-studio\packages\engines-py\.pdb_cache\3OG7,A
4320,ThermoMPNN,3OG7,0.6833195090293884,241,K,A,F:\GENESIS Studio\genesis-studio\packages\engines-py\.pdb_cache\3OG7,A
4321,ThermoMPNN,3OG7,0.11429178714752197,241,K,C,F:\GENESIS Studio\genesis-studio\packages\engines-py\.pdb_cache\3OG7,A
4322,ThermoMPNN,3OG7,1.9361329078674316,241,K,D,F:\GENESIS Studio\genesis-studio\packages\engines-py\.pdb_cache\3OG7,A
4323,ThermoMPNN,3OG7,1.0481693744659424,241,K,E,F:\GENESIS Studio\genesis-studio\packages\engines-py\.pdb_cache\3OG7,A
4324,ThermoMPNN,3OG7,0.06702089309692383,241,K,F,F:\GENESIS Studio\genesis-studio\packages\engines-py\.pdb_cache\3OG7,A
4325,ThermoMPNN,3OG7,1.7086305618286133,241,K,G,F:\GENESIS Studio\genesis-studio\packages\engines-py\.pdb_cache\3OG7,A
4326,ThermoMPNN,3OG7,0.6679999828338623,241,K,H,F:\GENESIS Studio\genesis-studio\packages\engines-py\.pdb_cache\3OG7,A
4327,ThermoMPNN,3OG7,-0.9895367622375488,241,K,I,F:\GENESIS Studio\genesis-studio\packages\engines-py\.pdb_cache\3OG7,A
4328,ThermoMPNN,3OG7,0.0,241,K,K,F:\GENESIS Studio\genesis-studio\packages\engines-py\.pdb_cache\3OG7,A
4329,ThermoMPNN,3OG7,-0.5717326402664185,241,K,L,F:\GENESIS Studio\genesis-studio\packages\engines-py\.pdb_cache\3OG7,A
4330,ThermoMPNN,3OG7,-0.16263198852539062,241,K,M,F:\GENESIS Studio\genesis-studio\packages\engines-py\.pdb_cache\3OG7,A
4331,ThermoMPNN,3OG7,1.3340153694152832,241,K,N,F:\GENESIS Studio\genesis-studio\packages\engines-py\.pdb_cache\3OG7,A
4332,ThermoMPNN,3OG7,1.855060338973999,241,K,P,F:\GENESIS Studio\genesis-studio\packages\engines-py\.pdb_cache\3OG7,A
4333,ThermoMPNN,3OG7,0.41050899028778076,241,K,Q,F:\GENESIS Studio\genesis-studio\packages\engines-py\.pdb_cache\3OG7,A
4334,ThermoMPNN,3OG7,0.05632293224334717,241,K,R,F:\GENESIS Studio\genesis-studio\packages\engines-py\.pdb_cache\3OG7,A
4335,ThermoMPNN,3OG7,1.0864431858062744,241,K,S,F:\GENESIS Studio\genesis-studio\packages\engines-py\.pdb_cache\3OG7,A
4336,ThermoMPNN,3OG7,0.5127681493759155,241,K,T,F:\GENESIS Studio\genesis-studio\packages\engines-py\.pdb_cache\3OG7,A
4337,ThermoMPNN,3OG7,-0.546440601348877,241,K,V,F:\GENESIS Studio\genesis-studio\packages\engines-py\.pdb_cache\3OG7,A
4338,ThermoMPNN,3OG7,0.21566754579544067,241,K,W,F:\GENESIS Studio\genesis-studio\packages\engines-py\.pdb_cache\3OG7,A
4339,ThermoMPNN,3OG7,0.10060590505599976,241,K,Y,F:\GENESIS Studio\genesis-studio\packages\engines-py\.pdb_cache\3OG7,A
4340,ThermoMPNN,3OG7,0.0784081220626831,242,R,A,F:\GENESIS Studio\genesis-studio\packages\engines-py\.pdb_cache\3OG7,A
4341,ThermoMPNN,3OG7,0.10361981391906738,242,R,C,F:\GENESIS Studio\genesis-studio\packages\engines-py\.pdb_cache\3OG7,A
4342,ThermoMPNN,3OG7,0.4886922240257263,242,R,D,F:\GENESIS Studio\genesis-studio\packages\engines-py\.pdb_cache\3OG7,A
4343,ThermoMPNN,3OG7,0.16831016540527344,242,R,E,F:\GENESIS Studio\genesis-studio\packages\engines-py\.pdb_cache\3OG7,A
4344,ThermoMPNN,3OG7,0.3936643600463867,242,R,F,F:\GENESIS Studio\genesis-studio\packages\engines-py\.pdb_cache\3OG7,A
4345,ThermoMPNN,3OG7,0.7536318302154541,242,R,G,F:\GENESIS Studio\genesis-studio\packages\engines-py\.pdb_cache\3OG7,A
4346,ThermoMPNN,3OG7,0.4005618095397949,242,R,H,F:\GENESIS Studio\genesis-studio\packages\engines-py\.pdb_cache\3OG7,A
4347,ThermoMPNN,3OG7,0.15587186813354492,242,R,I,F:\GENESIS Studio\genesis-studio\packages\engines-py\.pdb_cache\3OG7,A
4348,ThermoMPNN,3OG7,0.10757303237915039,242,R,K,F:\GENESIS Studio\genesis-studio\packages\engines-py\.pdb_cache\3OG7,A
4349,ThermoMPNN,3OG7,0.15651708841323853,242,R,L,F:\GENESIS Studio\genesis-studio\packages\engines-py\.pdb_cache\3OG7,A
4350,ThermoMPNN,3OG7,0.18112319707870483,242,R,M,F:\GENESIS Studio\genesis-studio\packages\engines-py\.pdb_cache\3OG7,A
4351,ThermoMPNN,3OG7,0.4795037508010864,242,R,N,F:\GENESIS Studio\genesis-studio\packages\engines-py\.pdb_cache\3OG7,A
4352,ThermoMPNN,3OG7,1.736449956893921,242,R,P,F:\GENESIS Studio\genesis-studio\packages\engines-py\.pdb_cache\3OG7,A
4353,ThermoMPNN,3OG7,0.20529544353485107,242,R,Q,F:\GENESIS Studio\genesis-studio\packages\engines-py\.pdb_cache\3OG7,A
4354,ThermoMPNN,3OG7,0.0,242,R,R,F:\GENESIS Studio\genesis-studio\packages\engines-py\.pdb_cache\3OG7,A
4355,ThermoMPNN,3OG7,0.3709942102432251,242,R,S,F:\GENESIS Studio\genesis-studio\packages\engines-py\.pdb_cache\3OG7,A
4356,ThermoMPNN,3OG7,0.43282032012939453,242,R,T,F:\GENESIS Studio\genesis-studio\packages\engines-py\.pdb_cache\3OG7,A
4357,ThermoMPNN,3OG7,0.281441867351532,242,R,V,F:\GENESIS Studio\genesis-studio\packages\engines-py\.pdb_cache\3OG7,A
4358,ThermoMPNN,3OG7,0.2648477554321289,242,R,W,F:\GENESIS Studio\genesis-studio\packages\engines-py\.pdb_cache\3OG7,A
4359,ThermoMPNN,3OG7,0.3473862409591675,242,R,Y,F:\GENESIS Studio\genesis-studio\packages\engines-py\.pdb_cache\3OG7,A
4360,ThermoMPNN,3OG7,1.9423470497131348,243,L,A,F:\GENESIS Studio\genesis-studio\packages\engines-py\.pdb_cache\3OG7,A
4361,ThermoMPNN,3OG7,1.110737681388855,243,L,C,F:\GENESIS Studio\genesis-studio\packages\engines-py\.pdb_cache\3OG7,A
4362,ThermoMPNN,3OG7,2.9128408432006836,243,L,D,F:\GENESIS Studio\genesis-studio\packages\engines-py\.pdb_cache\3OG7,A
4363,ThermoMPNN,3OG7,2.579348564147949,243,L,E,F:\GENESIS Studio\genesis-studio\packages\engines-py\.pdb_cache\3OG7,A
4364,ThermoMPNN,3OG7,0.7196210622787476,243,L,F,F:\GENESIS Studio\genesis-studio\packages\engines-py\.pdb_cache\3OG7,A
4365,ThermoMPNN,3OG7,2.466599941253662,243,L,G,F:\GENESIS Studio\genesis-studio\packages\engines-py\.pdb_cache\3OG7,A
4366,ThermoMPNN,3OG7,2.3283331394195557,243,L,H,F:\GENESIS Studio\genesis-studio\packages\engines-py\.pdb_cache\3OG7,A
4367,ThermoMPNN,3OG7,0.23026037216186523,243,L,I,F:\GENESIS Studio\genesis-studio\packages\engines-py\.pdb_cache\3OG7,A
4368,ThermoMPNN,3OG7,2.2913262844085693,243,L,K,F:\GENESIS Studio\genesis-studio\packages\engines-py\.pdb_cache\3OG7,A
4369,ThermoMPNN,3OG7,0.0,243,L,L,F:\GENESIS Studio\genesis-studio\packages\engines-py\.pdb_cache\3OG7,A
4370,ThermoMPNN,3OG7,0.7924883365631104,243,L,M,F:\GENESIS Studio\genesis-studio\packages\engines-py\.pdb_cache\3OG7,A
4371,ThermoMPNN,3OG7,2.6377549171447754,243,L,N,F:\GENESIS Studio\genesis-studio\packages\engines-py\.pdb_cache\3OG7,A
4372,ThermoMPNN,3OG7,2.4539504051208496,243,L,P,F:\GENESIS Studio\genesis-studio\packages\engines-py\.pdb_cache\3OG7,A
4373,ThermoMPNN,3OG7,2.44134783744812,243,L,Q,F:\GENESIS Studio\genesis-studio\packages\engines-py\.pdb_cache\3OG7,A
4374,ThermoMPNN,3OG7,2.3205888271331787,243,L,R,F:\GENESIS Studio\genesis-studio\packages\engines-py\.pdb_cache\3OG7,A
4375,ThermoMPNN,3OG7,2.279294967651367,243,L,S,F:\GENESIS Studio\genesis-studio\packages\engines-py\.pdb_cache\3OG7,A
4376,ThermoMPNN,3OG7,1.813327670097351,243,L,T,F:\GENESIS Studio\genesis-studio\packages\engines-py\.pdb_cache\3OG7,A
4377,ThermoMPNN,3OG7,0.6347192525863647,243,L,V,F:\GENESIS Studio\genesis-studio\packages\engines-py\.pdb_cache\3OG7,A
4378,ThermoMPNN,3OG7,1.3331265449523926,243,L,W,F:\GENESIS Studio\genesis-studio\packages\engines-py\.pdb_cache\3OG7,A
4379,ThermoMPNN,3OG7,1.2556034326553345,243,L,Y,F:\GENESIS Studio\genesis-studio\packages\engines-py\.pdb_cache\3OG7,A
4380,ThermoMPNN,3OG7,0.9204962849617004,244,M,A,F:\GENESIS Studio\genesis-studio\packages\engines-py\.pdb_cache\3OG7,A
4381,ThermoMPNN,3OG7,0.6549861431121826,244,M,C,F:\GENESIS Studio\genesis-studio\packages\engines-py\.pdb_cache\3OG7,A
4382,ThermoMPNN,3OG7,2.40482497215271,244,M,D,F:\GENESIS Studio\genesis-studio\packages\engines-py\.pdb_cache\3OG7,A
4383,ThermoMPNN,3OG7,2.3779847621917725,244,M,E,F:\GENESIS Studio\genesis-studio\packages\engines-py\.pdb_cache\3OG7,A
4384,ThermoMPNN,3OG7,0.6600627899169922,244,M,F,F:\GENESIS Studio\genesis-studio\packages\engines-py\.pdb_cache\3OG7,A
4385,ThermoMPNN,3OG7,2.6729354858398438,244,M,G,F:\GENESIS Studio\genesis-studio\packages\engines-py\.pdb_cache\3OG7,A
4386,ThermoMPNN,3OG7,2.042304277420044,244,M,H,F:\GENESIS Studio\genesis-studio\packages\engines-py\.pdb_cache\3OG7,A
4387,ThermoMPNN,3OG7,-0.0035965442657470703,244,M,I,F:\GENESIS Studio\genesis-studio\packages\engines-py\.pdb_cache\3OG7,A
4388,ThermoMPNN,3OG7,2.2404417991638184,244,M,K,F:\GENESIS Studio\genesis-studio\packages\engines-py\.pdb_cache\3OG7,A
4389,ThermoMPNN,3OG7,0.024313688278198242,244,M,L,F:\GENESIS Studio\genesis-studio\packages\engines-py\.pdb_cache\3OG7,A
4390,ThermoMPNN,3OG7,0.0,244,M,M,F:\GENESIS Studio\genesis-studio\packages\engines-py\.pdb_cache\3OG7,A
4391,ThermoMPNN,3OG7,2.4040026664733887,244,M,N,F:\GENESIS Studio\genesis-studio\packages\engines-py\.pdb_cache\3OG7,A
4392,ThermoMPNN,3OG7,2.7693302631378174,244,M,P,F:\GENESIS Studio\genesis-studio\packages\engines-py\.pdb_cache\3OG7,A
4393,ThermoMPNN,3OG7,1.748302698135376,244,M,Q,F:\GENESIS Studio\genesis-studio\packages\engines-py\.pdb_cache\3OG7,A
4394,ThermoMPNN,3OG7,2.2300777435302734,244,M,R,F:\GENESIS Studio\genesis-studio\packages\engines-py\.pdb_cache\3OG7,A
4395,ThermoMPNN,3OG7,1.7262901067733765,244,M,S,F:\GENESIS Studio\genesis-studio\packages\engines-py\.pdb_cache\3OG7,A
4396,ThermoMPNN,3OG7,1.3403921127319336,244,M,T,F:\GENESIS Studio\genesis-studio\packages\engines-py\.pdb_cache\3OG7,A
4397,ThermoMPNN,3OG7,0.40866589546203613,244,M,V,F:\GENESIS Studio\genesis-studio\packages\engines-py\.pdb_cache\3OG7,A
4398,ThermoMPNN,3OG7,0.8494049310684204,244,M,W,F:\GENESIS Studio\genesis-studio\packages\engines-py\.pdb_cache\3OG7,A
4399,ThermoMPNN,3OG7,1.0692064762115479,244,M,Y,F:\GENESIS Studio\genesis-studio\packages\engines-py\.pdb_cache\3OG7,A
4400,ThermoMPNN,3OG7,0.0,245,A,A,F:\GENESIS Studio\genesis-studio\packages\engines-py\.pdb_cache\3OG7,A
4401,ThermoMPNN,3OG7,-0.5914448499679565,245,A,C,F:\GENESIS Studio\genesis-studio\packages\engines-py\.pdb_cache\3OG7,A
4402,ThermoMPNN,3OG7,0.7850328683853149,245,A,D,F:\GENESIS Studio\genesis-studio\packages\engines-py\.pdb_cache\3OG7,A
4403,ThermoMPNN,3OG7,-0.18453216552734375,245,A,E,F:\GENESIS Studio\genesis-studio\packages\engines-py\.pdb_cache\3OG7,A
4404,ThermoMPNN,3OG7,-0.08902710676193237,245,A,F,F:\GENESIS Studio\genesis-studio\packages\engines-py\.pdb_cache\3OG7,A
4405,ThermoMPNN,3OG7,0.7436737418174744,245,A,G,F:\GENESIS Studio\genesis-studio\packages\engines-py\.pdb_cache\3OG7,A
4406,ThermoMPNN,3OG7,0.08646512031555176,245,A,H,F:\GENESIS Studio\genesis-studio\packages\engines-py\.pdb_cache\3OG7,A
4407,ThermoMPNN,3OG7,-0.6970657110214233,245,A,I,F:\GENESIS Studio\genesis-studio\packages\engines-py\.pdb_cache\3OG7,A
4408,ThermoMPNN,3OG7,-0.24741029739379883,245,A,K,F:\GENESIS Studio\genesis-studio\packages\engines-py\.pdb_cache\3OG7,A
4409,ThermoMPNN,3OG7,-0.7172611951828003,245,A,L,F:\GENESIS Studio\genesis-studio\packages\engines-py\.pdb_cache\3OG7,A
4410,ThermoMPNN,3OG7,-0.6499711275100708,245,A,M,F:\GENESIS Studio\genesis-studio\packages\engines-py\.pdb_cache\3OG7,A
4411,ThermoMPNN,3OG7,0.45093125104904175,245,A,N,F:\GENESIS Studio\genesis-studio\packages\engines-py\.pdb_cache\3OG7,A
4412,ThermoMPNN,3OG7,1.6324177980422974,245,A,P,F:\GENESIS Studio\genesis-studio\packages\engines-py\.pdb_cache\3OG7,A
4413,ThermoMPNN,3OG7,-0.25378334522247314,245,A,Q,F:\GENESIS Studio\genesis-studio\packages\engines-py\.pdb_cache\3OG7,A
4414,ThermoMPNN,3OG7,-0.2822204828262329,245,A,R,F:\GENESIS Studio\genesis-studio\packages\engines-py\.pdb_cache\3OG7,A
4415,ThermoMPNN,3OG7,0.16295993328094482,245,A,S,F:\GENESIS Studio\genesis-studio\packages\engines-py\.pdb_cache\3OG7,A
4416,ThermoMPNN,3OG7,-0.22170203924179077,245,A,T,F:\GENESIS Studio\genesis-studio\packages\engines-py\.pdb_cache\3OG7,A
4417,ThermoMPNN,3OG7,-0.5841491222381592,245,A,V,F:\GENESIS Studio\genesis-studio\packages\engines-py\.pdb_cache\3OG7,A
4418,ThermoMPNN,3OG7,-0.15296036005020142,245,A,W,F:\GENESIS Studio\genesis-studio\packages\engines-py\.pdb_cache\3OG7,A
4419,ThermoMPNN,3OG7,-0.05615907907485962,245,A,Y,F:\GENESIS Studio\genesis-studio\packages\engines-py\.pdb_cache\3OG7,A
4420,ThermoMPNN,3OG7,-0.2556121349334717,246,E,A,F:\GENESIS Studio\genesis-studio\packages\engines-py\.pdb_cache\3OG7,A
4421,ThermoMPNN,3OG7,-0.07732152938842773,246,E,C,F:\GENESIS Studio\genesis-studio\packages\engines-py\.pdb_cache\3OG7,A
4422,ThermoMPNN,3OG7,0.4068339467048645,246,E,D,F:\GENESIS Studio\genesis-studio\packages\engines-py\.pdb_cache\3OG7,A
4423,ThermoMPNN,3OG7,0.0,246,E,E,F:\GENESIS Studio\genesis-studio\packages\engines-py\.pdb_cache\3OG7,A
4424,ThermoMPNN,3OG7,0.4615461826324463,246,E,F,F:\GENESIS Studio\genesis-studio\packages\engines-py\.pdb_cache\3OG7,A
4425,ThermoMPNN,3OG7,0.5179043412208557,246,E,G,F:\GENESIS Studio\genesis-studio\packages\engines-py\.pdb_cache\3OG7,A
4426,ThermoMPNN,3OG7,0.5159870386123657,246,E,H,F:\GENESIS Studio\genesis-studio\packages\engines-py\.pdb_cache\3OG7,A
4427,ThermoMPNN,3OG7,0.29092347621917725,246,E,I,F:\GENESIS Studio\genesis-studio\packages\engines-py\.pdb_cache\3OG7,A
4428,ThermoMPNN,3OG7,0.3197978138923645,246,E,K,F:\GENESIS Studio\genesis-studio\packages\engines-py\.pdb_cache\3OG7,A
4429,ThermoMPNN,3OG7,0.0018416643142700195,246,E,L,F:\GENESIS Studio\genesis-studio\packages\engines-py\.pdb_cache\3OG7,A
4430,ThermoMPNN,3OG7,-0.013603687286376953,246,E,M,F:\GENESIS Studio\genesis-studio\packages\engines-py\.pdb_cache\3OG7,A
4431,ThermoMPNN,3OG7,0.5771256685256958,246,E,N,F:\GENESIS Studio\genesis-studio\packages\engines-py\.pdb_cache\3OG7,A
4432,ThermoMPNN,3OG7,2.0067880153656006,246,E,P,F:\GENESIS Studio\genesis-studio\packages\engines-py\.pdb_cache\3OG7,A
4433,ThermoMPNN,3OG7,0.09332460165023804,246,E,Q,F:\GENESIS Studio\genesis-studio\packages\engines-py\.pdb_cache\3OG7,A
4434,ThermoMPNN,3OG7,0.43511277437210083,246,E,R,F:\GENESIS Studio\genesis-studio\packages\engines-py\.pdb_cache\3OG7,A
4435,ThermoMPNN,3OG7,0.16732269525527954,246,E,S,F:\GENESIS Studio\genesis-studio\packages\engines-py\.pdb_cache\3OG7,A
4436,ThermoMPNN,3OG7,0.5784704685211182,246,E,T,F:\GENESIS Studio\genesis-studio\packages\engines-py\.pdb_cache\3OG7,A
4437,ThermoMPNN,3OG7,0.6107496023178101,246,E,V,F:\GENESIS Studio\genesis-studio\packages\engines-py\.pdb_cache\3OG7,A
4438,ThermoMPNN,3OG7,0.3348235487937927,246,E,W,F:\GENESIS Studio\genesis-studio\packages\engines-py\.pdb_cache\3OG7,A
4439,ThermoMPNN,3OG7,0.4592697024345398,246,E,Y,F:\GENESIS Studio\genesis-studio\packages\engines-py\.pdb_cache\3OG7,A
4440,ThermoMPNN,3OG7,-0.08838772773742676,247,C,A,F:\GENESIS Studio\genesis-studio\packages\engines-py\.pdb_cache\3OG7,A
4441,ThermoMPNN,3OG7,0.0,247,C,C,F:\GENESIS Studio\genesis-studio\packages\engines-py\.pdb_cache\3OG7,A
4442,ThermoMPNN,3OG7,2.629345417022705,247,C,D,F:\GENESIS Studio\genesis-studio\packages\engines-py\.pdb_cache\3OG7,A
4443,ThermoMPNN,3OG7,2.4241902828216553,247,C,E,F:\GENESIS Studio\genesis-studio\packages\engines-py\.pdb_cache\3OG7,A
4444,ThermoMPNN,3OG7,0.671112596988678,247,C,F,F:\GENESIS Studio\genesis-studio\packages\engines-py\.pdb_cache\3OG7,A
4445,ThermoMPNN,3OG7,1.386048674583435,247,C,G,F:\GENESIS Studio\genesis-studio\packages\engines-py\.pdb_cache\3OG7,A
4446,ThermoMPNN,3OG7,1.7690653800964355,247,C,H,F:\GENESIS Studio\genesis-studio\packages\engines-py\.pdb_cache\3OG7,A
4447,ThermoMPNN,3OG7,0.438637375831604,247,C,I,F:\GENESIS Studio\genesis-studio\packages\engines-py\.pdb_cache\3OG7,A
4448,ThermoMPNN,3OG7,1.9510300159454346,247,C,K,F:\GENESIS Studio\genesis-studio\packages\engines-py\.pdb_cache\3OG7,A
4449,ThermoMPNN,3OG7,0.2668948173522949,247,C,L,F:\GENESIS Studio\genesis-studio\packages\engines-py\.pdb_cache\3OG7,A
4450,ThermoMPNN,3OG7,0.3674095869064331,247,C,M,F:\GENESIS Studio\genesis-studio\packages\engines-py\.pdb_cache\3OG7,A
4451,ThermoMPNN,3OG7,2.051664352416992,247,C,N,F:\GENESIS Studio\genesis-studio\packages\engines-py\.pdb_cache\3OG7,A
4452,ThermoMPNN,3OG7,2.2742438316345215,247,C,P,F:\GENESIS Studio\genesis-studio\packages\engines-py\.pdb_cache\3OG7,A
4453,ThermoMPNN,3OG7,1.7657496929168701,247,C,Q,F:\GENESIS Studio\genesis-studio\packages\engines-py\.pdb_cache\3OG7,A
4454,ThermoMPNN,3OG7,1.994976282119751,247,C,R,F:\GENESIS Studio\genesis-studio\packages\engines-py\.pdb_cache\3OG7,A
4455,ThermoMPNN,3OG7,0.6939455270767212,247,C,S,F:\GENESIS Studio\genesis-studio\packages\engines-py\.pdb_cache\3OG7,A
4456,ThermoMPNN,3OG7,0.4624192714691162,247,C,T,F:\GENESIS Studio\genesis-studio\packages\engines-py\.pdb_cache\3OG7,A
4457,ThermoMPNN,3OG7,0.39472174644470215,247,C,V,F:\GENESIS Studio\genesis-studio\packages\engines-py\.pdb_cache\3OG7,A
4458,ThermoMPNN,3OG7,1.193162202835083,247,C,W,F:\GENESIS Studio\genesis-studio\packages\engines-py\.pdb_cache\3OG7,A
4459,ThermoMPNN,3OG7,1.0002871751785278,247,C,Y,F:\GENESIS Studio\genesis-studio\packages\engines-py\.pdb_cache\3OG7,A
4460,ThermoMPNN,3OG7,1.4380218982696533,248,L,A,F:\GENESIS Studio\genesis-studio\packages\engines-py\.pdb_cache\3OG7,A
4461,ThermoMPNN,3OG7,1.0151373147964478,248,L,C,F:\GENESIS Studio\genesis-studio\packages\engines-py\.pdb_cache\3OG7,A
4462,ThermoMPNN,3OG7,2.6991236209869385,248,L,D,F:\GENESIS Studio\genesis-studio\packages\engines-py\.pdb_cache\3OG7,A
4463,ThermoMPNN,3OG7,2.5282275676727295,248,L,E,F:\GENESIS Studio\genesis-studio\packages\engines-py\.pdb_cache\3OG7,A
4464,ThermoMPNN,3OG7,1.2204351425170898,248,L,F,F:\GENESIS Studio\genesis-studio\packages\engines-py\.pdb_cache\3OG7,A
4465,ThermoMPNN,3OG7,1.8973777294158936,248,L,G,F:\GENESIS Studio\genesis-studio\packages\engines-py\.pdb_cache\3OG7,A
4466,ThermoMPNN,3OG7,2.2337052822113037,248,L,H,F:\GENESIS Studio\genesis-studio\packages\engines-py\.pdb_cache\3OG7,A
4467,ThermoMPNN,3OG7,1.0093169212341309,248,L,I,F:\GENESIS Studio\genesis-studio\packages\engines-py\.pdb_cache\3OG7,A
4468,ThermoMPNN,3OG7,2.226562738418579,248,L,K,F:\GENESIS Studio\genesis-studio\packages\engines-py\.pdb_cache\3OG7,A
4469,ThermoMPNN,3OG7,0.0,248,L,L,F:\GENESIS Studio\genesis-studio\packages\engines-py\.pdb_cache\3OG7,A
4470,ThermoMPNN,3OG7,0.7552816867828369,248,L,M,F:\GENESIS Studio\genesis-studio\packages\engines-py\.pdb_cache\3OG7,A
4471,ThermoMPNN,3OG7,2.3564670085906982,248,L,N,F:\GENESIS Studio\genesis-studio\packages\engines-py\.pdb_cache\3OG7,A
4472,ThermoMPNN,3OG7,2.6126482486724854,248,L,P,F:\GENESIS Studio\genesis-studio\packages\engines-py\.pdb_cache\3OG7,A
4473,ThermoMPNN,3OG7,2.1688735485076904,248,L,Q,F:\GENESIS Studio\genesis-studio\packages\engines-py\.pdb_cache\3OG7,A
4474,ThermoMPNN,3OG7,2.306248188018799,248,L,R,F:\GENESIS Studio\genesis-studio\packages\engines-py\.pdb_cache\3OG7,A
4475,ThermoMPNN,3OG7,1.9752912521362305,248,L,S,F:\GENESIS Studio\genesis-studio\packages\engines-py\.pdb_cache\3OG7,A
4476,ThermoMPNN,3OG7,1.8653701543807983,248,L,T,F:\GENESIS Studio\genesis-studio\packages\engines-py\.pdb_cache\3OG7,A
4477,ThermoMPNN,3OG7,1.1893336772918701,248,L,V,F:\GENESIS Studio\genesis-studio\packages\engines-py\.pdb_cache\3OG7,A
4478,ThermoMPNN,3OG7,1.5499203205108643,248,L,W,F:\GENESIS Studio\genesis-studio\packages\engines-py\.pdb_cache\3OG7,A
4479,ThermoMPNN,3OG7,1.655354619026184,248,L,Y,F:\GENESIS Studio\genesis-studio\packages\engines-py\.pdb_cache\3OG7,A
4480,ThermoMPNN,3OG7,-0.1574082374572754,249,K,A,F:\GENESIS Studio\genesis-studio\packages\engines-py\.pdb_cache\3OG7,A
4481,ThermoMPNN,3OG7,0.23567664623260498,249,K,C,F:\GENESIS Studio\genesis-studio\packages\engines-py\.pdb_cache\3OG7,A
4482,ThermoMPNN,3OG7,1.3741694688796997,249,K,D,F:\GENESIS Studio\genesis-studio\packages\engines-py\.pdb_cache\3OG7,A
4483,ThermoMPNN,3OG7,0.7285279035568237,249,K,E,F:\GENESIS Studio\genesis-studio\packages\engines-py\.pdb_cache\3OG7,A
4484,ThermoMPNN,3OG7,0.9952282905578613,249,K,F,F:\GENESIS Studio\genesis-studio\packages\engines-py\.pdb_cache\3OG7,A
4485,ThermoMPNN,3OG7,0.6406300067901611,249,K,G,F:\GENESIS Studio\genesis-studio\packages\engines-py\.pdb_cache\3OG7,A
4486,ThermoMPNN,3OG7,0.5211292505264282,249,K,H,F:\GENESIS Studio\genesis-studio\packages\engines-py\.pdb_cache\3OG7,A
4487,ThermoMPNN,3OG7,0.856132447719574,249,K,I,F:\GENESIS Studio\genesis-studio\packages\engines-py\.pdb_cache\3OG7,A
4488,ThermoMPNN,3OG7,0.0,249,K,K,F:\GENESIS Studio\genesis-studio\packages\engines-py\.pdb_cache\3OG7,A
4489,ThermoMPNN,3OG7,0.6391693949699402,249,K,L,F:\GENESIS Studio\genesis-studio\packages\engines-py\.pdb_cache\3OG7,A
4490,ThermoMPNN,3OG7,0.2767069339752197,249,K,M,F:\GENESIS Studio\genesis-studio\packages\engines-py\.pdb_cache\3OG7,A
4491,ThermoMPNN,3OG7,0.7016091346740723,249,K,N,F:\GENESIS Studio\genesis-studio\packages\engines-py\.pdb_cache\3OG7,A
4492,ThermoMPNN,3OG7,1.7075891494750977,249,K,P,F:\GENESIS Studio\genesis-studio\packages\engines-py\.pdb_cache\3OG7,A
4493,ThermoMPNN,3OG7,-0.0705404281616211,249,K,Q,F:\GENESIS Studio\genesis-studio\packages\engines-py\.pdb_cache\3OG7,A
4494,ThermoMPNN,3OG7,0.12449455261230469,249,K,R,F:\GENESIS Studio\genesis-studio\packages\engines-py\.pdb_cache\3OG7,A
4495,ThermoMPNN,3OG7,0.0529327392578125,249,K,S,F:\GENESIS Studio\genesis-studio\packages\engines-py\.pdb_cache\3OG7,A
4496,ThermoMPNN,3OG7,0.44769567251205444,249,K,T,F:\GENESIS Studio\genesis-studio\packages\engines-py\.pdb_cache\3OG7,A
4497,ThermoMPNN,3OG7,0.5880768299102783,249,K,V,F:\GENESIS Studio\genesis-studio\packages\engines-py\.pdb_cache\3OG7,A
4498,ThermoMPNN,3OG7,1.1716127395629883,249,K,W,F:\GENESIS Studio\genesis-studio\packages\engines-py\.pdb_cache\3OG7,A
4499,ThermoMPNN,3OG7,1.2465715408325195,249,K,Y,F:\GENESIS Studio\genesis-studio\packages\engines-py\.pdb_cache\3OG7,A
4500,ThermoMPNN,3OG7,0.32701802253723145,250,K,A,F:\GENESIS Studio\genesis-studio\packages\engines-py\.pdb_cache\3OG7,A
4501,ThermoMPNN,3OG7,0.026474177837371826,250,K,C,F:\GENESIS Studio\genesis-studio\packages\engines-py\.pdb_cache\3OG7,A
4502,ThermoMPNN,3OG7,0.6646032333374023,250,K,D,F:\GENESIS Studio\genesis-studio\packages\engines-py\.pdb_cache\3OG7,A
4503,ThermoMPNN,3OG7,0.6212764978408813,250,K,E,F:\GENESIS Studio\genesis-studio\packages\engines-py\.pdb_cache\3OG7,A
4504,ThermoMPNN,3OG7,-0.0012647509574890137,250,K,F,F:\GENESIS Studio\genesis-studio\packages\engines-py\.pdb_cache\3OG7,A
4505,ThermoMPNN,3OG7,0.7540156841278076,250,K,G,F:\GENESIS Studio\genesis-studio\packages\engines-py\.pdb_cache\3OG7,A
4506,ThermoMPNN,3OG7,-0.21052759885787964,250,K,H,F:\GENESIS Studio\genesis-studio\packages\engines-py\.pdb_cache\3OG7,A
4507,ThermoMPNN,3OG7,0.31776684522628784,250,K,I,F:\GENESIS Studio\genesis-studio\packages\engines-py\.pdb_cache\3OG7,A
4508,ThermoMPNN,3OG7,0.0,250,K,K,F:\GENESIS Studio\genesis-studio\packages\engines-py\.pdb_cache\3OG7,A
4509,ThermoMPNN,3OG7,0.2139369249343872,250,K,L,F:\GENESIS Studio\genesis-studio\packages\engines-py\.pdb_cache\3OG7,A
4510,ThermoMPNN,3OG7,0.31061142683029175,250,K,M,F:\GENESIS Studio\genesis-studio\packages\engines-py\.pdb_cache\3OG7,A
4511,ThermoMPNN,3OG7,0.2730191946029663,250,K,N,F:\GENESIS Studio\genesis-studio\packages\engines-py\.pdb_cache\3OG7,A
4512,ThermoMPNN,3OG7,0.14968043565750122,250,K,P,F:\GENESIS Studio\genesis-studio\packages\engines-py\.pdb_cache\3OG7,A
4513,ThermoMPNN,3OG7,0.2537469267845154,250,K,Q,F:\GENESIS Studio\genesis-studio\packages\engines-py\.pdb_cache\3OG7,A
4514,ThermoMPNN,3OG7,0.016151010990142822,250,K,R,F:\GENESIS Studio\genesis-studio\packages\engines-py\.pdb_cache\3OG7,A
4515,ThermoMPNN,3OG7,0.4051307439804077,250,K,S,F:\GENESIS Studio\genesis-studio\packages\engines-py\.pdb_cache\3OG7,A
4516,ThermoMPNN,3OG7,0.6584510207176208,250,K,T,F:\GENESIS Studio\genesis-studio\packages\engines-py\.pdb_cache\3OG7,A
4517,ThermoMPNN,3OG7,0.484781414270401,250,K,V,F:\GENESIS Studio\genesis-studio\packages\engines-py\.pdb_cache\3OG7,A
4518,ThermoMPNN,3OG7,-0.03704726696014404,250,K,W,F:\GENESIS Studio\genesis-studio\packages\engines-py\.pdb_cache\3OG7,A
4519,ThermoMPNN,3OG7,-0.25405365228652954,250,K,Y,F:\GENESIS Studio\genesis-studio\packages\engines-py\.pdb_cache\3OG7,A
4520,ThermoMPNN,3OG7,0.15578186511993408,251,K,A,F:\GENESIS Studio\genesis-studio\packages\engines-py\.pdb_cache\3OG7,A
4521,ThermoMPNN,3OG7,-0.1860063076019287,251,K,C,F:\GENESIS Studio\genesis-studio\packages\engines-py\.pdb_cache\3OG7,A
4522,ThermoMPNN,3OG7,-0.10096549987792969,251,K,D,F:\GENESIS Studio\genesis-studio\packages\engines-py\.pdb_cache\3OG7,A
4523,ThermoMPNN,3OG7,-0.007875263690948486,251,K,E,F:\GENESIS Studio\genesis-studio\packages\engines-py\.pdb_cache\3OG7,A
4524,ThermoMPNN,3OG7,0.19245368242263794,251,K,F,F:\GENESIS Studio\genesis-studio\packages\engines-py\.pdb_cache\3OG7,A
4525,ThermoMPNN,3OG7,0.4005008935928345,251,K,G,F:\GENESIS Studio\genesis-studio\packages\engines-py\.pdb_cache\3OG7,A
4526,ThermoMPNN,3OG7,-0.15432143211364746,251,K,H,F:\GENESIS Studio\genesis-studio\packages\engines-py\.pdb_cache\3OG7,A
4527,ThermoMPNN,3OG7,-0.041598737239837646,251,K,I,F:\GENESIS Studio\genesis-studio\packages\engines-py\.pdb_cache\3OG7,A
4528,ThermoMPNN,3OG7,0.0,251,K,K,F:\GENESIS Studio\genesis-studio\packages\engines-py\.pdb_cache\3OG7,A
4529,ThermoMPNN,3OG7,0.11579692363739014,251,K,L,F:\GENESIS Studio\genesis-studio\packages\engines-py\.pdb_cache\3OG7,A
4530,ThermoMPNN,3OG7,0.27558308839797974,251,K,M,F:\GENESIS Studio\genesis-studio\packages\engines-py\.pdb_cache\3OG7,A
4531,ThermoMPNN,3OG7,-0.3074471354484558,251,K,N,F:\GENESIS Studio\genesis-studio\packages\engines-py\.pdb_cache\3OG7,A
4532,ThermoMPNN,3OG7,0.6709272861480713,251,K,P,F:\GENESIS Studio\genesis-studio\packages\engines-py\.pdb_cache\3OG7,A
4533,ThermoMPNN,3OG7,0.06676310300827026,251,K,Q,F:\GENESIS Studio\genesis-studio\packages\engines-py\.pdb_cache\3OG7,A
4534,ThermoMPNN,3OG7,-0.029762327671051025,251,K,R,F:\GENESIS Studio\genesis-studio\packages\engines-py\.pdb_cache\3OG7,A
4535,ThermoMPNN,3OG7,-0.28175443410873413,251,K,S,F:\GENESIS Studio\genesis-studio\packages\engines-py\.pdb_cache\3OG7,A
4536,ThermoMPNN,3OG7,-0.332594096660614,251,K,T,F:\GENESIS Studio\genesis-studio\packages\engines-py\.pdb_cache\3OG7,A
4537,ThermoMPNN,3OG7,-0.1626272201538086,251,K,V,F:\GENESIS Studio\genesis-studio\packages\engines-py\.pdb_cache\3OG7,A
4538,ThermoMPNN,3OG7,0.4023590087890625,251,K,W,F:\GENESIS Studio\genesis-studio\packages\engines-py\.pdb_cache\3OG7,A
4539,ThermoMPNN,3OG7,0.2096375823020935,251,K,Y,F:\GENESIS Studio\genesis-studio\packages\engines-py\.pdb_cache\3OG7,A
4540,ThermoMPNN,3OG7,0.13053524494171143,252,R,A,F:\GENESIS Studio\genesis-studio\packages\engines-py\.pdb_cache\3OG7,A
4541,ThermoMPNN,3OG7,-0.12987571954727173,252,R,C,F:\GENESIS Studio\genesis-studio\packages\engines-py\.pdb_cache\3OG7,A
4542,ThermoMPNN,3OG7,0.49996572732925415,252,R,D,F:\GENESIS Studio\genesis-studio\packages\engines-py\.pdb_cache\3OG7,A
4543,ThermoMPNN,3OG7,0.38071906566619873,252,R,E,F:\GENESIS Studio\genesis-studio\packages\engines-py\.pdb_cache\3OG7,A
4544,ThermoMPNN,3OG7,0.07617175579071045,252,R,F,F:\GENESIS Studio\genesis-studio\packages\engines-py\.pdb_cache\3OG7,A
4545,ThermoMPNN,3OG7,0.6430734395980835,252,R,G,F:\GENESIS Studio\genesis-studio\packages\engines-py\.pdb_cache\3OG7,A
4546,ThermoMPNN,3OG7,0.22016608715057373,252,R,H,F:\GENESIS Studio\genesis-studio\packages\engines-py\.pdb_cache\3OG7,A
4547,ThermoMPNN,3OG7,-0.2592630982398987,252,R,I,F:\GENESIS Studio\genesis-studio\packages\engines-py\.pdb_cache\3OG7,A
4548,ThermoMPNN,3OG7,-0.03552192449569702,252,R,K,F:\GENESIS Studio\genesis-studio\packages\engines-py\.pdb_cache\3OG7,A
4549,ThermoMPNN,3OG7,-0.2312660813331604,252,R,L,F:\GENESIS Studio\genesis-studio\packages\engines-py\.pdb_cache\3OG7,A
4550,ThermoMPNN,3OG7,-0.02613931894302368,252,R,M,F:\GENESIS Studio\genesis-studio\packages\engines-py\.pdb_cache\3OG7,A
4551,ThermoMPNN,3OG7,0.3949519693851471,252,R,N,F:\GENESIS Studio\genesis-studio\packages\engines-py\.pdb_cache\3OG7,A
4552,ThermoMPNN,3OG7,-0.25774699449539185,252,R,P,F:\GENESIS Studio\genesis-studio\packages\engines-py\.pdb_cache\3OG7,A
4553,ThermoMPNN,3OG7,0.28173404932022095,252,R,Q,F:\GENESIS Studio\genesis-studio\packages\engines-py\.pdb_cache\3OG7,A
4554,ThermoMPNN,3OG7,0.0,252,R,R,F:\GENESIS Studio\genesis-studio\packages\engines-py\.pdb_cache\3OG7,A
4555,ThermoMPNN,3OG7,0.3238202631473541,252,R,S,F:\GENESIS Studio\genesis-studio\packages\engines-py\.pdb_cache\3OG7,A
4556,ThermoMPNN,3OG7,0.3405338525772095,252,R,T,F:\GENESIS Studio\genesis-studio\packages\engines-py\.pdb_cache\3OG7,A
4557,ThermoMPNN,3OG7,-0.09983432292938232,252,R,V,F:\GENESIS Studio\genesis-studio\packages\engines-py\.pdb_cache\3OG7,A
4558,ThermoMPNN,3OG7,0.04384911060333252,252,R,W,F:\GENESIS Studio\genesis-studio\packages\engines-py\.pdb_cache\3OG7,A
4559,ThermoMPNN,3OG7,0.08231353759765625,252,R,Y,F:\GENESIS Studio\genesis-studio\packages\engines-py\.pdb_cache\3OG7,A
4560,ThermoMPNN,3OG7,0.3241940140724182,253,D,A,F:\GENESIS Studio\genesis-studio\packages\engines-py\.pdb_cache\3OG7,A
4561,ThermoMPNN,3OG7,-0.039925575256347656,253,D,C,F:\GENESIS Studio\genesis-studio\packages\engines-py\.pdb_cache\3OG7,A
4562,ThermoMPNN,3OG7,0.0,253,D,D,F:\GENESIS Studio\genesis-studio\packages\engines-py\.pdb_cache\3OG7,A
4563,ThermoMPNN,3OG7,0.10302293300628662,253,D,E,F:\GENESIS Studio\genesis-studio\packages\engines-py\.pdb_cache\3OG7,A
4564,ThermoMPNN,3OG7,0.32832854986190796,253,D,F,F:\GENESIS Studio\genesis-studio\packages\engines-py\.pdb_cache\3OG7,A
4565,ThermoMPNN,3OG7,0.40215039253234863,253,D,G,F:\GENESIS Studio\genesis-studio\packages\engines-py\.pdb_cache\3OG7,A
4566,ThermoMPNN,3OG7,0.07204830646514893,253,D,H,F:\GENESIS Studio\genesis-studio\packages\engines-py\.pdb_cache\3OG7,A
4567,ThermoMPNN,3OG7,0.6620723009109497,253,D,I,F:\GENESIS Studio\genesis-studio\packages\engines-py\.pdb_cache\3OG7,A
4568,ThermoMPNN,3OG7,0.5257982015609741,253,D,K,F:\GENESIS Studio\genesis-studio\packages\engines-py\.pdb_cache\3OG7,A
4569,ThermoMPNN,3OG7,0.5951199531555176,253,D,L,F:\GENESIS Studio\genesis-studio\packages\engines-py\.pdb_cache\3OG7,A
4570,ThermoMPNN,3OG7,0.5672837495803833,253,D,M,F:\GENESIS Studio\genesis-studio\packages\engines-py\.pdb_cache\3OG7,A
4571,ThermoMPNN,3OG7,0.15670710802078247,253,D,N,F:\GENESIS Studio\genesis-studio\packages\engines-py\.pdb_cache\3OG7,A
4572,ThermoMPNN,3OG7,0.4483135938644409,253,D,P,F:\GENESIS Studio\genesis-studio\packages\engines-py\.pdb_cache\3OG7,A
4573,ThermoMPNN,3OG7,0.3747393488883972,253,D,Q,F:\GENESIS Studio\genesis-studio\packages\engines-py\.pdb_cache\3OG7,A
4574,ThermoMPNN,3OG7,0.5349215269088745,253,D,R,F:\GENESIS Studio\genesis-studio\packages\engines-py\.pdb_cache\3OG7,A
4575,ThermoMPNN,3OG7,0.23500597476959229,253,D,S,F:\GENESIS Studio\genesis-studio\packages\engines-py\.pdb_cache\3OG7,A
4576,ThermoMPNN,3OG7,0.37423276901245117,253,D,T,F:\GENESIS Studio\genesis-studio\packages\engines-py\.pdb_cache\3OG7,A
4577,ThermoMPNN,3OG7,0.6817914247512817,253,D,V,F:\GENESIS Studio\genesis-studio\packages\engines-py\.pdb_cache\3OG7,A
4578,ThermoMPNN,3OG7,0.30898451805114746,253,D,W,F:\GENESIS Studio\genesis-studio\packages\engines-py\.pdb_cache\3OG7,A
4579,ThermoMPNN,3OG7,0.14247584342956543,253,D,Y,F:\GENESIS Studio\genesis-studio\packages\engines-py\.pdb_cache\3OG7,A
4580,ThermoMPNN,3OG7,0.5931063890457153,254,E,A,F:\GENESIS Studio\genesis-studio\packages\engines-py\.pdb_cache\3OG7,A
4581,ThermoMPNN,3OG7,0.5843524932861328,254,E,C,F:\GENESIS Studio\genesis-studio\packages\engines-py\.pdb_cache\3OG7,A
4582,ThermoMPNN,3OG7,0.6147551536560059,254,E,D,F:\GENESIS Studio\genesis-studio\packages\engines-py\.pdb_cache\3OG7,A
4583,ThermoMPNN,3OG7,0.0,254,E,E,F:\GENESIS Studio\genesis-studio\packages\engines-py\.pdb_cache\3OG7,A
4584,ThermoMPNN,3OG7,1.251417875289917,254,E,F,F:\GENESIS Studio\genesis-studio\packages\engines-py\.pdb_cache\3OG7,A
4585,ThermoMPNN,3OG7,1.1162675619125366,254,E,G,F:\GENESIS Studio\genesis-studio\packages\engines-py\.pdb_cache\3OG7,A
4586,ThermoMPNN,3OG7,1.1500437259674072,254,E,H,F:\GENESIS Studio\genesis-studio\packages\engines-py\.pdb_cache\3OG7,A
4587,ThermoMPNN,3OG7,1.2789490222930908,254,E,I,F:\GENESIS Studio\genesis-studio\packages\engines-py\.pdb_cache\3OG7,A
4588,ThermoMPNN,3OG7,1.3312894105911255,254,E,K,F:\GENESIS Studio\genesis-studio\packages\engines-py\.pdb_cache\3OG7,A
4589,ThermoMPNN,3OG7,0.9315286874771118,254,E,L,F:\GENESIS Studio\genesis-studio\packages\engines-py\.pdb_cache\3OG7,A
4590,ThermoMPNN,3OG7,0.7651028037071228,254,E,M,F:\GENESIS Studio\genesis-studio\packages\engines-py\.pdb_cache\3OG7,A
4591,ThermoMPNN,3OG7,1.157930850982666,254,E,N,F:\GENESIS Studio\genesis-studio\packages\engines-py\.pdb_cache\3OG7,A
4592,ThermoMPNN,3OG7,1.6783546209335327,254,E,P,F:\GENESIS Studio\genesis-studio\packages\engines-py\.pdb_cache\3OG7,A
4593,ThermoMPNN,3OG7,0.702368974685669,254,E,Q,F:\GENESIS Studio\genesis-studio\packages\engines-py\.pdb_cache\3OG7,A
4594,ThermoMPNN,3OG7,1.3920824527740479,254,E,R,F:\GENESIS Studio\genesis-studio\packages\engines-py\.pdb_cache\3OG7,A
4595,ThermoMPNN,3OG7,0.9496556520462036,254,E,S,F:\GENESIS Studio\genesis-studio\packages\engines-py\.pdb_cache\3OG7,A
4596,ThermoMPNN,3OG7,1.0801241397857666,254,E,T,F:\GENESIS Studio\genesis-studio\packages\engines-py\.pdb_cache\3OG7,A
4597,ThermoMPNN,3OG7,1.3723788261413574,254,E,V,F:\GENESIS Studio\genesis-studio\packages\engines-py\.pdb_cache\3OG7,A
4598,ThermoMPNN,3OG7,1.1212817430496216,254,E,W,F:\GENESIS Studio\genesis-studio\packages\engines-py\.pdb_cache\3OG7,A
4599,ThermoMPNN,3OG7,1.1898478269577026,254,E,Y,F:\GENESIS Studio\genesis-studio\packages\engines-py\.pdb_cache\3OG7,A
4600,ThermoMPNN,3OG7,2.3623745441436768,255,R,A,F:\GENESIS Studio\genesis-studio\packages\engines-py\.pdb_cache\3OG7,A
4601,ThermoMPNN,3OG7,2.1575584411621094,255,R,C,F:\GENESIS Studio\genesis-studio\packages\engines-py\.pdb_cache\3OG7,A
4602,ThermoMPNN,3OG7,2.827533721923828,255,R,D,F:\GENESIS Studio\genesis-studio\packages\engines-py\.pdb_cache\3OG7,A
4603,ThermoMPNN,3OG7,2.9996695518493652,255,R,E,F:\GENESIS Studio\genesis-studio\packages\engines-py\.pdb_cache\3OG7,A
4604,ThermoMPNN,3OG7,2.1392977237701416,255,R,F,F:\GENESIS Studio\genesis-studio\packages\engines-py\.pdb_cache\3OG7,A
4605,ThermoMPNN,3OG7,2.7803866863250732,255,R,G,F:\GENESIS Studio\genesis-studio\packages\engines-py\.pdb_cache\3OG7,A
4606,ThermoMPNN,3OG7,2.177736759185791,255,R,H,F:\GENESIS Studio\genesis-studio\packages\engines-py\.pdb_cache\3OG7,A
4607,ThermoMPNN,3OG7,2.0163626670837402,255,R,I,F:\GENESIS Studio\genesis-studio\packages\engines-py\.pdb_cache\3OG7,A
4608,ThermoMPNN,3OG7,0.6755707263946533,255,R,K,F:\GENESIS Studio\genesis-studio\packages\engines-py\.pdb_cache\3OG7,A
4609,ThermoMPNN,3OG7,1.6678941249847412,255,R,L,F:\GENESIS Studio\genesis-studio\packages\engines-py\.pdb_cache\3OG7,A
4610,ThermoMPNN,3OG7,1.7560222148895264,255,R,M,F:\GENESIS Studio\genesis-studio\packages\engines-py\.pdb_cache\3OG7,A
4611,ThermoMPNN,3OG7,2.3200998306274414,255,R,N,F:\GENESIS Studio\genesis-studio\packages\engines-py\.pdb_cache\3OG7,A
4612,ThermoMPNN,3OG7,2.267136335372925,255,R,P,F:\GENESIS Studio\genesis-studio\packages\engines-py\.pdb_cache\3OG7,A
4613,ThermoMPNN,3OG7,1.9027695655822754,255,R,Q,F:\GENESIS Studio\genesis-studio\packages\engines-py\.pdb_cache\3OG7,A
4614,ThermoMPNN,3OG7,0.0,255,R,R,F:\GENESIS Studio\genesis-studio\packages\engines-py\.pdb_cache\3OG7,A
4615,ThermoMPNN,3OG7,2.248525619506836,255,R,S,F:\GENESIS Studio\genesis-studio\packages\engines-py\.pdb_cache\3OG7,A
4616,ThermoMPNN,3OG7,2.2007131576538086,255,R,T,F:\GENESIS Studio\genesis-studio\packages\engines-py\.pdb_cache\3OG7,A
4617,ThermoMPNN,3OG7,2.2838783264160156,255,R,V,F:\GENESIS Studio\genesis-studio\packages\engines-py\.pdb_cache\3OG7,A
4618,ThermoMPNN,3OG7,2.307990074157715,255,R,W,F:\GENESIS Studio\genesis-studio\packages\engines-py\.pdb_cache\3OG7,A
4619,ThermoMPNN,3OG7,2.259779214859009,255,R,Y,F:\GENESIS Studio\genesis-studio\packages\engines-py\.pdb_cache\3OG7,A
4620,ThermoMPNN,3OG7,0.6511055827140808,256,P,A,F:\GENESIS Studio\genesis-studio\packages\engines-py\.pdb_cache\3OG7,A
4621,ThermoMPNN,3OG7,0.42593181133270264,256,P,C,F:\GENESIS Studio\genesis-studio\packages\engines-py\.pdb_cache\3OG7,A
4622,ThermoMPNN,3OG7,0.9092773795127869,256,P,D,F:\GENESIS Studio\genesis-studio\packages\engines-py\.pdb_cache\3OG7,A
4623,ThermoMPNN,3OG7,1.3000108003616333,256,P,E,F:\GENESIS Studio\genesis-studio\packages\engines-py\.pdb_cache\3OG7,A
4624,ThermoMPNN,3OG7,0.7619548439979553,256,P,F,F:\GENESIS Studio\genesis-studio\packages\engines-py\.pdb_cache\3OG7,A
4625,ThermoMPNN,3OG7,0.9876030683517456,256,P,G,F:\GENESIS Studio\genesis-studio\packages\engines-py\.pdb_cache\3OG7,A
4626,ThermoMPNN,3OG7,0.8280877470970154,256,P,H,F:\GENESIS Studio\genesis-studio\packages\engines-py\.pdb_cache\3OG7,A
4627,ThermoMPNN,3OG7,0.9227938055992126,256,P,I,F:\GENESIS Studio\genesis-studio\packages\engines-py\.pdb_cache\3OG7,A
4628,ThermoMPNN,3OG7,0.9300147294998169,256,P,K,F:\GENESIS Studio\genesis-studio\packages\engines-py\.pdb_cache\3OG7,A
4629,ThermoMPNN,3OG7,0.7743169665336609,256,P,L,F:\GENESIS Studio\genesis-studio\packages\engines-py\.pdb_cache\3OG7,A
4630,ThermoMPNN,3OG7,0.7918468713760376,256,P,M,F:\GENESIS Studio\genesis-studio\packages\engines-py\.pdb_cache\3OG7,A
4631,ThermoMPNN,3OG7,0.9967696070671082,256,P,N,F:\GENESIS Studio\genesis-studio\packages\engines-py\.pdb_cache\3OG7,A
4632,ThermoMPNN,3OG7,0.0,256,P,P,F:\GENESIS Studio\genesis-studio\packages\engines-py\.pdb_cache\3OG7,A
4633,ThermoMPNN,3OG7,0.9971449375152588,256,P,Q,F:\GENESIS Studio\genesis-studio\packages\engines-py\.pdb_cache\3OG7,A
4634,ThermoMPNN,3OG7,0.9618814587593079,256,P,R,F:\GENESIS Studio\genesis-studio\packages\engines-py\.pdb_cache\3OG7,A
4635,ThermoMPNN,3OG7,0.7331492900848389,256,P,S,F:\GENESIS Studio\genesis-studio\packages\engines-py\.pdb_cache\3OG7,A
4636,ThermoMPNN,3OG7,0.9233230948448181,256,P,T,F:\GENESIS Studio\genesis-studio\packages\engines-py\.pdb_cache\3OG7,A
4637,ThermoMPNN,3OG7,0.9652222394943237,256,P,V,F:\GENESIS Studio\genesis-studio\packages\engines-py\.pdb_cache\3OG7,A
4638,ThermoMPNN,3OG7,0.29872453212738037,256,P,W,F:\GENESIS Studio\genesis-studio\packages\engines-py\.pdb_cache\3OG7,A
4639,ThermoMPNN,3OG7,0.6090421080589294,256,P,Y,F:\GENESIS Studio\genesis-studio\packages\engines-py\.pdb_cache\3OG7,A
4640,ThermoMPNN,3OG7,0.49332761764526367,257,S,A,F:\GENESIS Studio\genesis-studio\packages\engines-py\.pdb_cache\3OG7,A
4641,ThermoMPNN,3OG7,0.4033142328262329,257,S,C,F:\GENESIS Studio\genesis-studio\packages\engines-py\.pdb_cache\3OG7,A
4642,ThermoMPNN,3OG7,-0.07284843921661377,257,S,D,F:\GENESIS Studio\genesis-studio\packages\engines-py\.pdb_cache\3OG7,A
4643,ThermoMPNN,3OG7,0.5706288814544678,257,S,E,F:\GENESIS Studio\genesis-studio\packages\engines-py\.pdb_cache\3OG7,A
4644,ThermoMPNN,3OG7,1.203547477722168,257,S,F,F:\GENESIS Studio\genesis-studio\packages\engines-py\.pdb_cache\3OG7,A
4645,ThermoMPNN,3OG7,0.6596667170524597,257,S,G,F:\GENESIS Studio\genesis-studio\packages\engines-py\.pdb_cache\3OG7,A
4646,ThermoMPNN,3OG7,0.9001347422599792,257,S,H,F:\GENESIS Studio\genesis-studio\packages\engines-py\.pdb_cache\3OG7,A
4647,ThermoMPNN,3OG7,1.2442429065704346,257,S,I,F:\GENESIS Studio\genesis-studio\packages\engines-py\.pdb_cache\3OG7,A
4648,ThermoMPNN,3OG7,0.9434114098548889,257,S,K,F:\GENESIS Studio\genesis-studio\packages\engines-py\.pdb_cache\3OG7,A
4649,ThermoMPNN,3OG7,1.0130813121795654,257,S,L,F:\GENESIS Studio\genesis-studio\packages\engines-py\.pdb_cache\3OG7,A
4650,ThermoMPNN,3OG7,1.0651204586029053,257,S,M,F:\GENESIS Studio\genesis-studio\packages\engines-py\.pdb_cache\3OG7,A
4651,ThermoMPNN,3OG7,0.2948770523071289,257,S,N,F:\GENESIS Studio\genesis-studio\packages\engines-py\.pdb_cache\3OG7,A
4652,ThermoMPNN,3OG7,0.44025754928588867,257,S,P,F:\GENESIS Studio\genesis-studio\packages\engines-py\.pdb_cache\3OG7,A
4653,ThermoMPNN,3OG7,0.9819303750991821,257,S,Q,F:\GENESIS Studio\genesis-studio\packages\engines-py\.pdb_cache\3OG7,A
4654,ThermoMPNN,3OG7,1.0214089155197144,257,S,R,F:\GENESIS Studio\genesis-studio\packages\engines-py\.pdb_cache\3OG7,A
4655,ThermoMPNN,3OG7,0.0,257,S,S,F:\GENESIS Studio\genesis-studio\packages\engines-py\.pdb_cache\3OG7,A
4656,ThermoMPNN,3OG7,0.39261484146118164,257,S,T,F:\GENESIS Studio\genesis-studio\packages\engines-py\.pdb_cache\3OG7,A
4657,ThermoMPNN,3OG7,1.2899916172027588,257,S,V,F:\GENESIS Studio\genesis-studio\packages\engines-py\.pdb_cache\3OG7,A
4658,ThermoMPNN,3OG7,1.071743130683899,257,S,W,F:\GENESIS Studio\genesis-studio\packages\engines-py\.pdb_cache\3OG7,A
4659,ThermoMPNN,3OG7,1.2979638576507568,257,S,Y,F:\GENESIS Studio\genesis-studio\packages\engines-py\.pdb_cache\3OG7,A
4660,ThermoMPNN,3OG7,2.316091775894165,258,F,A,F:\GENESIS Studio\genesis-studio\packages\engines-py\.pdb_cache\3OG7,A
4661,ThermoMPNN,3OG7,1.2844407558441162,258,F,C,F:\GENESIS Studio\genesis-studio\packages\engines-py\.pdb_cache\3OG7,A
4662,ThermoMPNN,3OG7,2.9438209533691406,258,F,D,F:\GENESIS Studio\genesis-studio\packages\engines-py\.pdb_cache\3OG7,A
4663,ThermoMPNN,3OG7,2.876941442489624,258,F,E,F:\GENESIS Studio\genesis-studio\packages\engines-py\.pdb_cache\3OG7,A
4664,ThermoMPNN,3OG7,0.0,258,F,F,F:\GENESIS Studio\genesis-studio\packages\engines-py\.pdb_cache\3OG7,A
4665,ThermoMPNN,3OG7,2.7174229621887207,258,F,G,F:\GENESIS Studio\genesis-studio\packages\engines-py\.pdb_cache\3OG7,A
4666,ThermoMPNN,3OG7,2.4111428260803223,258,F,H,F:\GENESIS Studio\genesis-studio\packages\engines-py\.pdb_cache\3OG7,A
4667,ThermoMPNN,3OG7,1.1100434064865112,258,F,I,F:\GENESIS Studio\genesis-studio\packages\engines-py\.pdb_cache\3OG7,A
4668,ThermoMPNN,3OG7,2.375002384185791,258,F,K,F:\GENESIS Studio\genesis-studio\packages\engines-py\.pdb_cache\3OG7,A
4669,ThermoMPNN,3OG7,0.6105334758758545,258,F,L,F:\GENESIS Studio\genesis-studio\packages\engines-py\.pdb_cache\3OG7,A
4670,ThermoMPNN,3OG7,0.9087116718292236,258,F,M,F:\GENESIS Studio\genesis-studio\packages\engines-py\.pdb_cache\3OG7,A
4671,ThermoMPNN,3OG7,2.4817967414855957,258,F,N,F:\GENESIS Studio\genesis-studio\packages\engines-py\.pdb_cache\3OG7,A
4672,ThermoMPNN,3OG7,1.9431538581848145,258,F,P,F:\GENESIS Studio\genesis-studio\packages\engines-py\.pdb_cache\3OG7,A
4673,ThermoMPNN,3OG7,2.5897083282470703,258,F,Q,F:\GENESIS Studio\genesis-studio\packages\engines-py\.pdb_cache\3OG7,A
4674,ThermoMPNN,3OG7,2.2822463512420654,258,F,R,F:\GENESIS Studio\genesis-studio\packages\engines-py\.pdb_cache\3OG7,A
4675,ThermoMPNN,3OG7,2.4858531951904297,258,F,S,F:\GENESIS Studio\genesis-studio\packages\engines-py\.pdb_cache\3OG7,A
4676,ThermoMPNN,3OG7,2.1578423976898193,258,F,T,F:\GENESIS Studio\genesis-studio\packages\engines-py\.pdb_cache\3OG7,A
4677,ThermoMPNN,3OG7,1.3867650032043457,258,F,V,F:\GENESIS Studio\genesis-studio\packages\engines-py\.pdb_cache\3OG7,A
4678,ThermoMPNN,3OG7,1.4084937572479248,258,F,W,F:\GENESIS Studio\genesis-studio\packages\engines-py\.pdb_cache\3OG7,A
4679,ThermoMPNN,3OG7,1.4207539558410645,258,F,Y,F:\GENESIS Studio\genesis-studio\packages\engines-py\.pdb_cache\3OG7,A
4680,ThermoMPNN,3OG7,-0.5199306011199951,259,P,A,F:\GENESIS Studio\genesis-studio\packages\engines-py\.pdb_cache\3OG7,A
4681,ThermoMPNN,3OG7,-0.37331217527389526,259,P,C,F:\GENESIS Studio\genesis-studio\packages\engines-py\.pdb_cache\3OG7,A
4682,ThermoMPNN,3OG7,0.07823413610458374,259,P,D,F:\GENESIS Studio\genesis-studio\packages\engines-py\.pdb_cache\3OG7,A
4683,ThermoMPNN,3OG7,-0.21085327863693237,259,P,E,F:\GENESIS Studio\genesis-studio\packages\engines-py\.pdb_cache\3OG7,A
4684,ThermoMPNN,3OG7,-0.05951881408691406,259,P,F,F:\GENESIS Studio\genesis-studio\packages\engines-py\.pdb_cache\3OG7,A
4685,ThermoMPNN,3OG7,-0.15197277069091797,259,P,G,F:\GENESIS Studio\genesis-studio\packages\engines-py\.pdb_cache\3OG7,A
4686,ThermoMPNN,3OG7,-0.23980069160461426,259,P,H,F:\GENESIS Studio\genesis-studio\packages\engines-py\.pdb_cache\3OG7,A
4687,ThermoMPNN,3OG7,-0.16967201232910156,259,P,I,F:\GENESIS Studio\genesis-studio\packages\engines-py\.pdb_cache\3OG7,A
4688,ThermoMPNN,3OG7,-0.5830018520355225,259,P,K,F:\GENESIS Studio\genesis-studio\packages\engines-py\.pdb_cache\3OG7,A
4689,ThermoMPNN,3OG7,-0.15229308605194092,259,P,L,F:\GENESIS Studio\genesis-studio\packages\engines-py\.pdb_cache\3OG7,A
4690,ThermoMPNN,3OG7,-0.17651104927062988,259,P,M,F:\GENESIS Studio\genesis-studio\packages\engines-py\.pdb_cache\3OG7,A
4691,ThermoMPNN,3OG7,-0.10877913236618042,259,P,N,F:\GENESIS Studio\genesis-studio\packages\engines-py\.pdb_cache\3OG7,A
4692,ThermoMPNN,3OG7,0.0,259,P,P,F:\GENESIS Studio\genesis-studio\packages\engines-py\.pdb_cache\3OG7,A
4693,ThermoMPNN,3OG7,-0.3994636535644531,259,P,Q,F:\GENESIS Studio\genesis-studio\packages\engines-py\.pdb_cache\3OG7,A
4694,ThermoMPNN,3OG7,-0.4890871047973633,259,P,R,F:\GENESIS Studio\genesis-studio\packages\engines-py\.pdb_cache\3OG7,A
4695,ThermoMPNN,3OG7,-0.41513586044311523,259,P,S,F:\GENESIS Studio\genesis-studio\packages\engines-py\.pdb_cache\3OG7,A
4696,ThermoMPNN,3OG7,-0.20728075504302979,259,P,T,F:\GENESIS Studio\genesis-studio\packages\engines-py\.pdb_cache\3OG7,A
4697,ThermoMPNN,3OG7,-0.12440216541290283,259,P,V,F:\GENESIS Studio\genesis-studio\packages\engines-py\.pdb_cache\3OG7,A
4698,ThermoMPNN,3OG7,-0.1164669394493103,259,P,W,F:\GENESIS Studio\genesis-studio\packages\engines-py\.pdb_cache\3OG7,A
4699,ThermoMPNN,3OG7,-0.11728411912918091,259,P,Y,F:\GENESIS Studio\genesis-studio\packages\engines-py\.pdb_cache\3OG7,A
4700,ThermoMPNN,3OG7,0.25666892528533936,260,R,A,F:\GENESIS Studio\genesis-studio\packages\engines-py\.pdb_cache\3OG7,A
4701,ThermoMPNN,3OG7,0.20293813943862915,260,R,C,F:\GENESIS Studio\genesis-studio\packages\engines-py\.pdb_cache\3OG7,A
4702,ThermoMPNN,3OG7,0.5738896131515503,260,R,D,F:\GENESIS Studio\genesis-studio\packages\engines-py\.pdb_cache\3OG7,A
4703,ThermoMPNN,3OG7,0.4308890700340271,260,R,E,F:\GENESIS Studio\genesis-studio\packages\engines-py\.pdb_cache\3OG7,A
4704,ThermoMPNN,3OG7,0.37136149406433105,260,R,F,F:\GENESIS Studio\genesis-studio\packages\engines-py\.pdb_cache\3OG7,A
4705,ThermoMPNN,3OG7,0.9272002577781677,260,R,G,F:\GENESIS Studio\genesis-studio\packages\engines-py\.pdb_cache\3OG7,A
4706,ThermoMPNN,3OG7,0.3413407802581787,260,R,H,F:\GENESIS Studio\genesis-studio\packages\engines-py\.pdb_cache\3OG7,A
4707,ThermoMPNN,3OG7,0.18066799640655518,260,R,I,F:\GENESIS Studio\genesis-studio\packages\engines-py\.pdb_cache\3OG7,A
4708,ThermoMPNN,3OG7,0.10461544990539551,260,R,K,F:\GENESIS Studio\genesis-studio\packages\engines-py\.pdb_cache\3OG7,A
4709,ThermoMPNN,3OG7,0.27136892080307007,260,R,L,F:\GENESIS Studio\genesis-studio\packages\engines-py\.pdb_cache\3OG7,A
4710,ThermoMPNN,3OG7,0.30668526887893677,260,R,M,F:\GENESIS Studio\genesis-studio\packages\engines-py\.pdb_cache\3OG7,A
4711,ThermoMPNN,3OG7,0.4259624481201172,260,R,N,F:\GENESIS Studio\genesis-studio\packages\engines-py\.pdb_cache\3OG7,A
4712,ThermoMPNN,3OG7,2.245213031768799,260,R,P,F:\GENESIS Studio\genesis-studio\packages\engines-py\.pdb_cache\3OG7,A
4713,ThermoMPNN,3OG7,0.1775721311569214,260,R,Q,F:\GENESIS Studio\genesis-studio\packages\engines-py\.pdb_cache\3OG7,A
4714,ThermoMPNN,3OG7,0.0,260,R,R,F:\GENESIS Studio\genesis-studio\packages\engines-py\.pdb_cache\3OG7,A
4715,ThermoMPNN,3OG7,0.5089019536972046,260,R,S,F:\GENESIS Studio\genesis-studio\packages\engines-py\.pdb_cache\3OG7,A
4716,ThermoMPNN,3OG7,0.3969112038612366,260,R,T,F:\GENESIS Studio\genesis-studio\packages\engines-py\.pdb_cache\3OG7,A
4717,ThermoMPNN,3OG7,0.09343230724334717,260,R,V,F:\GENESIS Studio\genesis-studio\packages\engines-py\.pdb_cache\3OG7,A
4718,ThermoMPNN,3OG7,0.4396216869354248,260,R,W,F:\GENESIS Studio\genesis-studio\packages\engines-py\.pdb_cache\3OG7,A
4719,ThermoMPNN,3OG7,0.3705288767814636,260,R,Y,F:\GENESIS Studio\genesis-studio\packages\engines-py\.pdb_cache\3OG7,A
4720,ThermoMPNN,3OG7,1.904855728149414,261,I,A,F:\GENESIS Studio\genesis-studio\packages\engines-py\.pdb_cache\3OG7,A
4721,ThermoMPNN,3OG7,1.4106676578521729,261,I,C,F:\GENESIS Studio\genesis-studio\packages\engines-py\.pdb_cache\3OG7,A
4722,ThermoMPNN,3OG7,2.720047950744629,261,I,D,F:\GENESIS Studio\genesis-studio\packages\engines-py\.pdb_cache\3OG7,A
4723,ThermoMPNN,3OG7,2.758430242538452,261,I,E,F:\GENESIS Studio\genesis-studio\packages\engines-py\.pdb_cache\3OG7,A
4724,ThermoMPNN,3OG7,1.8476719856262207,261,I,F,F:\GENESIS Studio\genesis-studio\packages\engines-py\.pdb_cache\3OG7,A
4725,ThermoMPNN,3OG7,2.725496292114258,261,I,G,F:\GENESIS Studio\genesis-studio\packages\engines-py\.pdb_cache\3OG7,A
4726,ThermoMPNN,3OG7,2.6967251300811768,261,I,H,F:\GENESIS Studio\genesis-studio\packages\engines-py\.pdb_cache\3OG7,A
4727,ThermoMPNN,3OG7,0.0,261,I,I,F:\GENESIS Studio\genesis-studio\packages\engines-py\.pdb_cache\3OG7,A
4728,ThermoMPNN,3OG7,2.599828004837036,261,I,K,F:\GENESIS Studio\genesis-studio\packages\engines-py\.pdb_cache\3OG7,A
4729,ThermoMPNN,3OG7,0.9479804039001465,261,I,L,F:\GENESIS Studio\genesis-studio\packages\engines-py\.pdb_cache\3OG7,A
4730,ThermoMPNN,3OG7,1.5679001808166504,261,I,M,F:\GENESIS Studio\genesis-studio\packages\engines-py\.pdb_cache\3OG7,A
4731,ThermoMPNN,3OG7,2.784335136413574,261,I,N,F:\GENESIS Studio\genesis-studio\packages\engines-py\.pdb_cache\3OG7,A
4732,ThermoMPNN,3OG7,2.6772077083587646,261,I,P,F:\GENESIS Studio\genesis-studio\packages\engines-py\.pdb_cache\3OG7,A
4733,ThermoMPNN,3OG7,2.6656317710876465,261,I,Q,F:\GENESIS Studio\genesis-studio\packages\engines-py\.pdb_cache\3OG7,A
4734,ThermoMPNN,3OG7,2.679445266723633,261,I,R,F:\GENESIS Studio\genesis-studio\packages\engines-py\.pdb_cache\3OG7,A
4735,ThermoMPNN,3OG7,2.535027503967285,261,I,S,F:\GENESIS Studio\genesis-studio\packages\engines-py\.pdb_cache\3OG7,A
4736,ThermoMPNN,3OG7,2.0379817485809326,261,I,T,F:\GENESIS Studio\genesis-studio\packages\engines-py\.pdb_cache\3OG7,A
4737,ThermoMPNN,3OG7,0.41469526290893555,261,I,V,F:\GENESIS Studio\genesis-studio\packages\engines-py\.pdb_cache\3OG7,A
4738,ThermoMPNN,3OG7,1.9811315536499023,261,I,W,F:\GENESIS Studio\genesis-studio\packages\engines-py\.pdb_cache\3OG7,A
4739,ThermoMPNN,3OG7,2.0702314376831055,261,I,Y,F:\GENESIS Studio\genesis-studio\packages\engines-py\.pdb_cache\3OG7,A
4740,ThermoMPNN,3OG7,1.7920297384262085,262,L,A,F:\GENESIS Studio\genesis-studio\packages\engines-py\.pdb_cache\3OG7,A
4741,ThermoMPNN,3OG7,0.9939703941345215,262,L,C,F:\GENESIS Studio\genesis-studio\packages\engines-py\.pdb_cache\3OG7,A
4742,ThermoMPNN,3OG7,2.4494709968566895,262,L,D,F:\GENESIS Studio\genesis-studio\packages\engines-py\.pdb_cache\3OG7,A
4743,ThermoMPNN,3OG7,2.148556709289551,262,L,E,F:\GENESIS Studio\genesis-studio\packages\engines-py\.pdb_cache\3OG7,A
4744,ThermoMPNN,3OG7,0.6295210123062134,262,L,F,F:\GENESIS Studio\genesis-studio\packages\engines-py\.pdb_cache\3OG7,A
4745,ThermoMPNN,3OG7,2.399228572845459,262,L,G,F:\GENESIS Studio\genesis-studio\packages\engines-py\.pdb_cache\3OG7,A
4746,ThermoMPNN,3OG7,1.809095859527588,262,L,H,F:\GENESIS Studio\genesis-studio\packages\engines-py\.pdb_cache\3OG7,A
4747,ThermoMPNN,3OG7,0.5523724555969238,262,L,I,F:\GENESIS Studio\genesis-studio\packages\engines-py\.pdb_cache\3OG7,A
4748,ThermoMPNN,3OG7,1.864440679550171,262,L,K,F:\GENESIS Studio\genesis-studio\packages\engines-py\.pdb_cache\3OG7,A
4749,ThermoMPNN,3OG7,0.0,262,L,L,F:\GENESIS Studio\genesis-studio\packages\engines-py\.pdb_cache\3OG7,A
4750,ThermoMPNN,3OG7,0.8572053909301758,262,L,M,F:\GENESIS Studio\genesis-studio\packages\engines-py\.pdb_cache\3OG7,A
4751,ThermoMPNN,3OG7,2.299374580383301,262,L,N,F:\GENESIS Studio\genesis-studio\packages\engines-py\.pdb_cache\3OG7,A
4752,ThermoMPNN,3OG7,2.5045878887176514,262,L,P,F:\GENESIS Studio\genesis-studio\packages\engines-py\.pdb_cache\3OG7,A
4753,ThermoMPNN,3OG7,2.030470848083496,262,L,Q,F:\GENESIS Studio\genesis-studio\packages\engines-py\.pdb_cache\3OG7,A
4754,ThermoMPNN,3OG7,1.7745213508605957,262,L,R,F:\GENESIS Studio\genesis-studio\packages\engines-py\.pdb_cache\3OG7,A
4755,ThermoMPNN,3OG7,2.019235134124756,262,L,S,F:\GENESIS Studio\genesis-studio\packages\engines-py\.pdb_cache\3OG7,A
4756,ThermoMPNN,3OG7,1.5974153280258179,262,L,T,F:\GENESIS Studio\genesis-studio\packages\engines-py\.pdb_cache\3OG7,A
4757,ThermoMPNN,3OG7,0.8211884498596191,262,L,V,F:\GENESIS Studio\genesis-studio\packages\engines-py\.pdb_cache\3OG7,A
4758,ThermoMPNN,3OG7,0.9771130084991455,262,L,W,F:\GENESIS Studio\genesis-studio\packages\engines-py\.pdb_cache\3OG7,A
4759,ThermoMPNN,3OG7,0.8433421850204468,262,L,Y,F:\GENESIS Studio\genesis-studio\packages\engines-py\.pdb_cache\3OG7,A
4760,ThermoMPNN,3OG7,0.0,263,A,A,F:\GENESIS Studio\genesis-studio\packages\engines-py\.pdb_cache\3OG7,A
4761,ThermoMPNN,3OG7,0.0889136791229248,263,A,C,F:\GENESIS Studio\genesis-studio\packages\engines-py\.pdb_cache\3OG7,A
4762,ThermoMPNN,3OG7,0.5590759515762329,263,A,D,F:\GENESIS Studio\genesis-studio\packages\engines-py\.pdb_cache\3OG7,A
4763,ThermoMPNN,3OG7,0.12093168497085571,263,A,E,F:\GENESIS Studio\genesis-studio\packages\engines-py\.pdb_cache\3OG7,A
4764,ThermoMPNN,3OG7,0.41062432527542114,263,A,F,F:\GENESIS Studio\genesis-studio\packages\engines-py\.pdb_cache\3OG7,A
4765,ThermoMPNN,3OG7,0.6767151355743408,263,A,G,F:\GENESIS Studio\genesis-studio\packages\engines-py\.pdb_cache\3OG7,A
4766,ThermoMPNN,3OG7,0.31022655963897705,263,A,H,F:\GENESIS Studio\genesis-studio\packages\engines-py\.pdb_cache\3OG7,A
4767,ThermoMPNN,3OG7,0.302981436252594,263,A,I,F:\GENESIS Studio\genesis-studio\packages\engines-py\.pdb_cache\3OG7,A
4768,ThermoMPNN,3OG7,-0.0031261444091796875,263,A,K,F:\GENESIS Studio\genesis-studio\packages\engines-py\.pdb_cache\3OG7,A
4769,ThermoMPNN,3OG7,0.171209454536438,263,A,L,F:\GENESIS Studio\genesis-studio\packages\engines-py\.pdb_cache\3OG7,A
4770,ThermoMPNN,3OG7,0.17873519659042358,263,A,M,F:\GENESIS Studio\genesis-studio\packages\engines-py\.pdb_cache\3OG7,A
4771,ThermoMPNN,3OG7,0.40334200859069824,263,A,N,F:\GENESIS Studio\genesis-studio\packages\engines-py\.pdb_cache\3OG7,A
4772,ThermoMPNN,3OG7,2.0105478763580322,263,A,P,F:\GENESIS Studio\genesis-studio\packages\engines-py\.pdb_cache\3OG7,A
4773,ThermoMPNN,3OG7,0.0800940990447998,263,A,Q,F:\GENESIS Studio\genesis-studio\packages\engines-py\.pdb_cache\3OG7,A
4774,ThermoMPNN,3OG7,0.00870513916015625,263,A,R,F:\GENESIS Studio\genesis-studio\packages\engines-py\.pdb_cache\3OG7,A
4775,ThermoMPNN,3OG7,0.2837962508201599,263,A,S,F:\GENESIS Studio\genesis-studio\packages\engines-py\.pdb_cache\3OG7,A
4776,ThermoMPNN,3OG7,0.37043100595474243,263,A,T,F:\GENESIS Studio\genesis-studio\packages\engines-py\.pdb_cache\3OG7,A
4777,ThermoMPNN,3OG7,0.3843286633491516,263,A,V,F:\GENESIS Studio\genesis-studio\packages\engines-py\.pdb_cache\3OG7,A
4778,ThermoMPNN,3OG7,0.2793862223625183,263,A,W,F:\GENESIS Studio\genesis-studio\packages\engines-py\.pdb_cache\3OG7,A
4779,ThermoMPNN,3OG7,0.32737332582473755,263,A,Y,F:\GENESIS Studio\genesis-studio\packages\engines-py\.pdb_cache\3OG7,A
4780,ThermoMPNN,3OG7,0.23066186904907227,264,E,A,F:\GENESIS Studio\genesis-studio\packages\engines-py\.pdb_cache\3OG7,A
4781,ThermoMPNN,3OG7,-0.11800527572631836,264,E,C,F:\GENESIS Studio\genesis-studio\packages\engines-py\.pdb_cache\3OG7,A
4782,ThermoMPNN,3OG7,0.28869307041168213,264,E,D,F:\GENESIS Studio\genesis-studio\packages\engines-py\.pdb_cache\3OG7,A
4783,ThermoMPNN,3OG7,0.0,264,E,E,F:\GENESIS Studio\genesis-studio\packages\engines-py\.pdb_cache\3OG7,A
4784,ThermoMPNN,3OG7,-0.0954442024230957,264,E,F,F:\GENESIS Studio\genesis-studio\packages\engines-py\.pdb_cache\3OG7,A
4785,ThermoMPNN,3OG7,0.7079949975013733,264,E,G,F:\GENESIS Studio\genesis-studio\packages\engines-py\.pdb_cache\3OG7,A
4786,ThermoMPNN,3OG7,0.3793056607246399,264,E,H,F:\GENESIS Studio\genesis-studio\packages\engines-py\.pdb_cache\3OG7,A
4787,ThermoMPNN,3OG7,-0.07032281160354614,264,E,I,F:\GENESIS Studio\genesis-studio\packages\engines-py\.pdb_cache\3OG7,A
4788,ThermoMPNN,3OG7,0.6187628507614136,264,E,K,F:\GENESIS Studio\genesis-studio\packages\engines-py\.pdb_cache\3OG7,A
4789,ThermoMPNN,3OG7,-0.008002042770385742,264,E,L,F:\GENESIS Studio\genesis-studio\packages\engines-py\.pdb_cache\3OG7,A
4790,ThermoMPNN,3OG7,0.02104705572128296,264,E,M,F:\GENESIS Studio\genesis-studio\packages\engines-py\.pdb_cache\3OG7,A
4791,ThermoMPNN,3OG7,0.6244521141052246,264,E,N,F:\GENESIS Studio\genesis-studio\packages\engines-py\.pdb_cache\3OG7,A
4792,ThermoMPNN,3OG7,1.1939125061035156,264,E,P,F:\GENESIS Studio\genesis-studio\packages\engines-py\.pdb_cache\3OG7,A
4793,ThermoMPNN,3OG7,0.3075447082519531,264,E,Q,F:\GENESIS Studio\genesis-studio\packages\engines-py\.pdb_cache\3OG7,A
4794,ThermoMPNN,3OG7,0.5780163407325745,264,E,R,F:\GENESIS Studio\genesis-studio\packages\engines-py\.pdb_cache\3OG7,A
4795,ThermoMPNN,3OG7,0.32970762252807617,264,E,S,F:\GENESIS Studio\genesis-studio\packages\engines-py\.pdb_cache\3OG7,A
4796,ThermoMPNN,3OG7,0.3336637616157532,264,E,T,F:\GENESIS Studio\genesis-studio\packages\engines-py\.pdb_cache\3OG7,A
4797,ThermoMPNN,3OG7,0.14193695783615112,264,E,V,F:\GENESIS Studio\genesis-studio\packages\engines-py\.pdb_cache\3OG7,A
4798,ThermoMPNN,3OG7,-0.3265542984008789,264,E,W,F:\GENESIS Studio\genesis-studio\packages\engines-py\.pdb_cache\3OG7,A
4799,ThermoMPNN,3OG7,-0.12921977043151855,264,E,Y,F:\GENESIS Studio\genesis-studio\packages\engines-py\.pdb_cache\3OG7,A
4800,ThermoMPNN,3OG7,1.8674466609954834,265,I,A,F:\GENESIS Studio\genesis-studio\packages\engines-py\.pdb_cache\3OG7,A
4801,ThermoMPNN,3OG7,1.2020647525787354,265,I,C,F:\GENESIS Studio\genesis-studio\packages\engines-py\.pdb_cache\3OG7,A
4802,ThermoMPNN,3OG7,2.923469066619873,265,I,D,F:\GENESIS Studio\genesis-studio\packages\engines-py\.pdb_cache\3OG7,A
4803,ThermoMPNN,3OG7,2.6269049644470215,265,I,E,F:\GENESIS Studio\genesis-studio\packages\engines-py\.pdb_cache\3OG7,A
4804,ThermoMPNN,3OG7,1.0928895473480225,265,I,F,F:\GENESIS Studio\genesis-studio\packages\engines-py\.pdb_cache\3OG7,A
4805,ThermoMPNN,3OG7,2.4718141555786133,265,I,G,F:\GENESIS Studio\genesis-studio\packages\engines-py\.pdb_cache\3OG7,A
4806,ThermoMPNN,3OG7,2.331869125366211,265,I,H,F:\GENESIS Studio\genesis-studio\packages\engines-py\.pdb_cache\3OG7,A
4807,ThermoMPNN,3OG7,0.0,265,I,I,F:\GENESIS Studio\genesis-studio\packages\engines-py\.pdb_cache\3OG7,A
4808,ThermoMPNN,3OG7,2.314581871032715,265,I,K,F:\GENESIS Studio\genesis-studio\packages\engines-py\.pdb_cache\3OG7,A
4809,ThermoMPNN,3OG7,0.13132190704345703,265,I,L,F:\GENESIS Studio\genesis-studio\packages\engines-py\.pdb_cache\3OG7,A
4810,ThermoMPNN,3OG7,0.800956130027771,265,I,M,F:\GENESIS Studio\genesis-studio\packages\engines-py\.pdb_cache\3OG7,A
4811,ThermoMPNN,3OG7,2.621330976486206,265,I,N,F:\GENESIS Studio\genesis-studio\packages\engines-py\.pdb_cache\3OG7,A
4812,ThermoMPNN,3OG7,2.616703987121582,265,I,P,F:\GENESIS Studio\genesis-studio\packages\engines-py\.pdb_cache\3OG7,A
4813,ThermoMPNN,3OG7,2.4687702655792236,265,I,Q,F:\GENESIS Studio\genesis-studio\packages\engines-py\.pdb_cache\3OG7,A
4814,ThermoMPNN,3OG7,2.291755199432373,265,I,R,F:\GENESIS Studio\genesis-studio\packages\engines-py\.pdb_cache\3OG7,A
4815,ThermoMPNN,3OG7,2.462404251098633,265,I,S,F:\GENESIS Studio\genesis-studio\packages\engines-py\.pdb_cache\3OG7,A
4816,ThermoMPNN,3OG7,2.058594226837158,265,I,T,F:\GENESIS Studio\genesis-studio\packages\engines-py\.pdb_cache\3OG7,A
4817,ThermoMPNN,3OG7,0.727840781211853,265,I,V,F:\GENESIS Studio\genesis-studio\packages\engines-py\.pdb_cache\3OG7,A
4818,ThermoMPNN,3OG7,1.4788570404052734,265,I,W,F:\GENESIS Studio\genesis-studio\packages\engines-py\.pdb_cache\3OG7,A
4819,ThermoMPNN,3OG7,1.512645959854126,265,I,Y,F:\GENESIS Studio\genesis-studio\packages\engines-py\.pdb_cache\3OG7,A
4820,ThermoMPNN,3OG7,0.38698941469192505,266,E,A,F:\GENESIS Studio\genesis-studio\packages\engines-py\.pdb_cache\3OG7,A
4821,ThermoMPNN,3OG7,0.05602991580963135,266,E,C,F:\GENESIS Studio\genesis-studio\packages\engines-py\.pdb_cache\3OG7,A
4822,ThermoMPNN,3OG7,0.2692956328392029,266,E,D,F:\GENESIS Studio\genesis-studio\packages\engines-py\.pdb_cache\3OG7,A
4823,ThermoMPNN,3OG7,0.0,266,E,E,F:\GENESIS Studio\genesis-studio\packages\engines-py\.pdb_cache\3OG7,A
4824,ThermoMPNN,3OG7,0.3571394681930542,266,E,F,F:\GENESIS Studio\genesis-studio\packages\engines-py\.pdb_cache\3OG7,A
4825,ThermoMPNN,3OG7,0.8790565729141235,266,E,G,F:\GENESIS Studio\genesis-studio\packages\engines-py\.pdb_cache\3OG7,A
4826,ThermoMPNN,3OG7,0.600421130657196,266,E,H,F:\GENESIS Studio\genesis-studio\packages\engines-py\.pdb_cache\3OG7,A
4827,ThermoMPNN,3OG7,0.22465640306472778,266,E,I,F:\GENESIS Studio\genesis-studio\packages\engines-py\.pdb_cache\3OG7,A
4828,ThermoMPNN,3OG7,0.5978439450263977,266,E,K,F:\GENESIS Studio\genesis-studio\packages\engines-py\.pdb_cache\3OG7,A
4829,ThermoMPNN,3OG7,0.16929692029953003,266,E,L,F:\GENESIS Studio\genesis-studio\packages\engines-py\.pdb_cache\3OG7,A
4830,ThermoMPNN,3OG7,0.2660863399505615,266,E,M,F:\GENESIS Studio\genesis-studio\packages\engines-py\.pdb_cache\3OG7,A
4831,ThermoMPNN,3OG7,0.5328042507171631,266,E,N,F:\GENESIS Studio\genesis-studio\packages\engines-py\.pdb_cache\3OG7,A
4832,ThermoMPNN,3OG7,1.8421313762664795,266,E,P,F:\GENESIS Studio\genesis-studio\packages\engines-py\.pdb_cache\3OG7,A
4833,ThermoMPNN,3OG7,0.3708450198173523,266,E,Q,F:\GENESIS Studio\genesis-studio\packages\engines-py\.pdb_cache\3OG7,A
4834,ThermoMPNN,3OG7,0.5756362080574036,266,E,R,F:\GENESIS Studio\genesis-studio\packages\engines-py\.pdb_cache\3OG7,A
4835,ThermoMPNN,3OG7,0.4967583417892456,266,E,S,F:\GENESIS Studio\genesis-studio\packages\engines-py\.pdb_cache\3OG7,A
4836,ThermoMPNN,3OG7,0.4541320204734802,266,E,T,F:\GENESIS Studio\genesis-studio\packages\engines-py\.pdb_cache\3OG7,A
4837,ThermoMPNN,3OG7,0.3164704442024231,266,E,V,F:\GENESIS Studio\genesis-studio\packages\engines-py\.pdb_cache\3OG7,A
4838,ThermoMPNN,3OG7,0.2510417699813843,266,E,W,F:\GENESIS Studio\genesis-studio\packages\engines-py\.pdb_cache\3OG7,A
4839,ThermoMPNN,3OG7,0.3984900116920471,266,E,Y,F:\GENESIS Studio\genesis-studio\packages\engines-py\.pdb_cache\3OG7,A
4840,ThermoMPNN,3OG7,0.018110156059265137,267,E,A,F:\GENESIS Studio\genesis-studio\packages\engines-py\.pdb_cache\3OG7,A
4841,ThermoMPNN,3OG7,-0.032299160957336426,267,E,C,F:\GENESIS Studio\genesis-studio\packages\engines-py\.pdb_cache\3OG7,A
4842,ThermoMPNN,3OG7,0.23431211709976196,267,E,D,F:\GENESIS Studio\genesis-studio\packages\engines-py\.pdb_cache\3OG7,A
4843,ThermoMPNN,3OG7,0.0,267,E,E,F:\GENESIS Studio\genesis-studio\packages\engines-py\.pdb_cache\3OG7,A
4844,ThermoMPNN,3OG7,0.280146062374115,267,E,F,F:\GENESIS Studio\genesis-studio\packages\engines-py\.pdb_cache\3OG7,A
4845,ThermoMPNN,3OG7,0.5896960496902466,267,E,G,F:\GENESIS Studio\genesis-studio\packages\engines-py\.pdb_cache\3OG7,A
4846,ThermoMPNN,3OG7,0.39051246643066406,267,E,H,F:\GENESIS Studio\genesis-studio\packages\engines-py\.pdb_cache\3OG7,A
4847,ThermoMPNN,3OG7,0.2689504027366638,267,E,I,F:\GENESIS Studio\genesis-studio\packages\engines-py\.pdb_cache\3OG7,A
4848,ThermoMPNN,3OG7,0.2416200041770935,267,E,K,F:\GENESIS Studio\genesis-studio\packages\engines-py\.pdb_cache\3OG7,A
4849,ThermoMPNN,3OG7,0.10822033882141113,267,E,L,F:\GENESIS Studio\genesis-studio\packages\engines-py\.pdb_cache\3OG7,A
4850,ThermoMPNN,3OG7,0.1270875334739685,267,E,M,F:\GENESIS Studio\genesis-studio\packages\engines-py\.pdb_cache\3OG7,A
4851,ThermoMPNN,3OG7,0.38936132192611694,267,E,N,F:\GENESIS Studio\genesis-studio\packages\engines-py\.pdb_cache\3OG7,A
4852,ThermoMPNN,3OG7,1.5864849090576172,267,E,P,F:\GENESIS Studio\genesis-studio\packages\engines-py\.pdb_cache\3OG7,A
4853,ThermoMPNN,3OG7,0.18977081775665283,267,E,Q,F:\GENESIS Studio\genesis-studio\packages\engines-py\.pdb_cache\3OG7,A
4854,ThermoMPNN,3OG7,0.23173099756240845,267,E,R,F:\GENESIS Studio\genesis-studio\packages\engines-py\.pdb_cache\3OG7,A
4855,ThermoMPNN,3OG7,0.25371670722961426,267,E,S,F:\GENESIS Studio\genesis-studio\packages\engines-py\.pdb_cache\3OG7,A
4856,ThermoMPNN,3OG7,0.36800193786621094,267,E,T,F:\GENESIS Studio\genesis-studio\packages\engines-py\.pdb_cache\3OG7,A
4857,ThermoMPNN,3OG7,0.400751531124115,267,E,V,F:\GENESIS Studio\genesis-studio\packages\engines-py\.pdb_cache\3OG7,A
4858,ThermoMPNN,3OG7,0.12444168329238892,267,E,W,F:\GENESIS Studio\genesis-studio\packages\engines-py\.pdb_cache\3OG7,A
4859,ThermoMPNN,3OG7,0.22027277946472168,267,E,Y,F:\GENESIS Studio\genesis-studio\packages\engines-py\.pdb_cache\3OG7,A
4860,ThermoMPNN,3OG7,0.3796030879020691,268,L,A,F:\GENESIS Studio\genesis-studio\packages\engines-py\.pdb_cache\3OG7,A
4861,ThermoMPNN,3OG7,-0.030623435974121094,268,L,C,F:\GENESIS Studio\genesis-studio\packages\engines-py\.pdb_cache\3OG7,A
4862,ThermoMPNN,3OG7,1.0961761474609375,268,L,D,F:\GENESIS Studio\genesis-studio\packages\engines-py\.pdb_cache\3OG7,A
4863,ThermoMPNN,3OG7,1.0700634717941284,268,L,E,F:\GENESIS Studio\genesis-studio\packages\engines-py\.pdb_cache\3OG7,A
4864,ThermoMPNN,3OG7,-0.348635196685791,268,L,F,F:\GENESIS Studio\genesis-studio\packages\engines-py\.pdb_cache\3OG7,A
4865,ThermoMPNN,3OG7,0.9207009673118591,268,L,G,F:\GENESIS Studio\genesis-studio\packages\engines-py\.pdb_cache\3OG7,A
4866,ThermoMPNN,3OG7,0.5747686624526978,268,L,H,F:\GENESIS Studio\genesis-studio\packages\engines-py\.pdb_cache\3OG7,A
4867,ThermoMPNN,3OG7,-0.01939082145690918,268,L,I,F:\GENESIS Studio\genesis-studio\packages\engines-py\.pdb_cache\3OG7,A
4868,ThermoMPNN,3OG7,0.8933706879615784,268,L,K,F:\GENESIS Studio\genesis-studio\packages\engines-py\.pdb_cache\3OG7,A
4869,ThermoMPNN,3OG7,0.0,268,L,L,F:\GENESIS Studio\genesis-studio\packages\engines-py\.pdb_cache\3OG7,A
4870,ThermoMPNN,3OG7,0.045915961265563965,268,L,M,F:\GENESIS Studio\genesis-studio\packages\engines-py\.pdb_cache\3OG7,A
4871,ThermoMPNN,3OG7,0.9347200989723206,268,L,N,F:\GENESIS Studio\genesis-studio\packages\engines-py\.pdb_cache\3OG7,A
4872,ThermoMPNN,3OG7,1.347315788269043,268,L,P,F:\GENESIS Studio\genesis-studio\packages\engines-py\.pdb_cache\3OG7,A
4873,ThermoMPNN,3OG7,0.8219226002693176,268,L,Q,F:\GENESIS Studio\genesis-studio\packages\engines-py\.pdb_cache\3OG7,A
4874,ThermoMPNN,3OG7,0.9248835444450378,268,L,R,F:\GENESIS Studio\genesis-studio\packages\engines-py\.pdb_cache\3OG7,A
4875,ThermoMPNN,3OG7,0.6831098794937134,268,L,S,F:\GENESIS Studio\genesis-studio\packages\engines-py\.pdb_cache\3OG7,A
4876,ThermoMPNN,3OG7,0.7036360502243042,268,L,T,F:\GENESIS Studio\genesis-studio\packages\engines-py\.pdb_cache\3OG7,A
4877,ThermoMPNN,3OG7,0.2220907211303711,268,L,V,F:\GENESIS Studio\genesis-studio\packages\engines-py\.pdb_cache\3OG7,A
4878,ThermoMPNN,3OG7,-0.48988795280456543,268,L,W,F:\GENESIS Studio\genesis-studio\packages\engines-py\.pdb_cache\3OG7,A
4879,ThermoMPNN,3OG7,-0.29831814765930176,268,L,Y,F:\GENESIS Studio\genesis-studio\packages\engines-py\.pdb_cache\3OG7,A
4880,ThermoMPNN,3OG7,0.0,269,A,A,F:\GENESIS Studio\genesis-studio\packages\engines-py\.pdb_cache\3OG7,A
4881,ThermoMPNN,3OG7,-0.007167220115661621,269,A,C,F:\GENESIS Studio\genesis-studio\packages\engines-py\.pdb_cache\3OG7,A
4882,ThermoMPNN,3OG7,0.4921589493751526,269,A,D,F:\GENESIS Studio\genesis-studio\packages\engines-py\.pdb_cache\3OG7,A
4883,ThermoMPNN,3OG7,0.22796332836151123,269,A,E,F:\GENESIS Studio\genesis-studio\packages\engines-py\.pdb_cache\3OG7,A
4884,ThermoMPNN,3OG7,0.24488627910614014,269,A,F,F:\GENESIS Studio\genesis-studio\packages\engines-py\.pdb_cache\3OG7,A
4885,ThermoMPNN,3OG7,0.3657940626144409,269,A,G,F:\GENESIS Studio\genesis-studio\packages\engines-py\.pdb_cache\3OG7,A
4886,ThermoMPNN,3OG7,0.35404616594314575,269,A,H,F:\GENESIS Studio\genesis-studio\packages\engines-py\.pdb_cache\3OG7,A
4887,ThermoMPNN,3OG7,0.2114400863647461,269,A,I,F:\GENESIS Studio\genesis-studio\packages\engines-py\.pdb_cache\3OG7,A
4888,ThermoMPNN,3OG7,0.47876685857772827,269,A,K,F:\GENESIS Studio\genesis-studio\packages\engines-py\.pdb_cache\3OG7,A
4889,ThermoMPNN,3OG7,0.1469804048538208,269,A,L,F:\GENESIS Studio\genesis-studio\packages\engines-py\.pdb_cache\3OG7,A
4890,ThermoMPNN,3OG7,0.11056369543075562,269,A,M,F:\GENESIS Studio\genesis-studio\packages\engines-py\.pdb_cache\3OG7,A
4891,ThermoMPNN,3OG7,0.5181704163551331,269,A,N,F:\GENESIS Studio\genesis-studio\packages\engines-py\.pdb_cache\3OG7,A
4892,ThermoMPNN,3OG7,1.018754482269287,269,A,P,F:\GENESIS Studio\genesis-studio\packages\engines-py\.pdb_cache\3OG7,A
4893,ThermoMPNN,3OG7,0.2535349130630493,269,A,Q,F:\GENESIS Studio\genesis-studio\packages\engines-py\.pdb_cache\3OG7,A
4894,ThermoMPNN,3OG7,0.49207165837287903,269,A,R,F:\GENESIS Studio\genesis-studio\packages\engines-py\.pdb_cache\3OG7,A
4895,ThermoMPNN,3OG7,0.2891388535499573,269,A,S,F:\GENESIS Studio\genesis-studio\packages\engines-py\.pdb_cache\3OG7,A
4896,ThermoMPNN,3OG7,0.36023658514022827,269,A,T,F:\GENESIS Studio\genesis-studio\packages\engines-py\.pdb_cache\3OG7,A
4897,ThermoMPNN,3OG7,0.15152597427368164,269,A,V,F:\GENESIS Studio\genesis-studio\packages\engines-py\.pdb_cache\3OG7,A
4898,ThermoMPNN,3OG7,-0.05354398488998413,269,A,W,F:\GENESIS Studio\genesis-studio\packages\engines-py\.pdb_cache\3OG7,A
4899,ThermoMPNN,3OG7,0.12609952688217163,269,A,Y,F:\GENESIS Studio\genesis-studio\packages\engines-py\.pdb_cache\3OG7,A
4900,ThermoMPNN,3OG7,0.022679686546325684,270,R,A,F:\GENESIS Studio\genesis-studio\packages\engines-py\.pdb_cache\3OG7,A
4901,ThermoMPNN,3OG7,0.03241616487503052,270,R,C,F:\GENESIS Studio\genesis-studio\packages\engines-py\.pdb_cache\3OG7,A
4902,ThermoMPNN,3OG7,0.2799435257911682,270,R,D,F:\GENESIS Studio\genesis-studio\packages\engines-py\.pdb_cache\3OG7,A
4903,ThermoMPNN,3OG7,0.17409062385559082,270,R,E,F:\GENESIS Studio\genesis-studio\packages\engines-py\.pdb_cache\3OG7,A
4904,ThermoMPNN,3OG7,0.20719468593597412,270,R,F,F:\GENESIS Studio\genesis-studio\packages\engines-py\.pdb_cache\3OG7,A
4905,ThermoMPNN,3OG7,0.33396708965301514,270,R,G,F:\GENESIS Studio\genesis-studio\packages\engines-py\.pdb_cache\3OG7,A
4906,ThermoMPNN,3OG7,0.235193133354187,270,R,H,F:\GENESIS Studio\genesis-studio\packages\engines-py\.pdb_cache\3OG7,A
4907,ThermoMPNN,3OG7,0.06364679336547852,270,R,I,F:\GENESIS Studio\genesis-studio\packages\engines-py\.pdb_cache\3OG7,A
4908,ThermoMPNN,3OG7,0.008270800113677979,270,R,K,F:\GENESIS Studio\genesis-studio\packages\engines-py\.pdb_cache\3OG7,A
4909,ThermoMPNN,3OG7,0.029202699661254883,270,R,L,F:\GENESIS Studio\genesis-studio\packages\engines-py\.pdb_cache\3OG7,A
4910,ThermoMPNN,3OG7,0.06546801328659058,270,R,M,F:\GENESIS Studio\genesis-studio\packages\engines-py\.pdb_cache\3OG7,A
4911,ThermoMPNN,3OG7,0.2593180537223816,270,R,N,F:\GENESIS Studio\genesis-studio\packages\engines-py\.pdb_cache\3OG7,A
4912,ThermoMPNN,3OG7,0.5380462408065796,270,R,P,F:\GENESIS Studio\genesis-studio\packages\engines-py\.pdb_cache\3OG7,A
4913,ThermoMPNN,3OG7,0.09591203927993774,270,R,Q,F:\GENESIS Studio\genesis-studio\packages\engines-py\.pdb_cache\3OG7,A
4914,ThermoMPNN,3OG7,0.0,270,R,R,F:\GENESIS Studio\genesis-studio\packages\engines-py\.pdb_cache\3OG7,A
4915,ThermoMPNN,3OG7,0.1683030128479004,270,R,S,F:\GENESIS Studio\genesis-studio\packages\engines-py\.pdb_cache\3OG7,A
4916,ThermoMPNN,3OG7,0.18675106763839722,270,R,T,F:\GENESIS Studio\genesis-studio\packages\engines-py\.pdb_cache\3OG7,A
4917,ThermoMPNN,3OG7,0.16290199756622314,270,R,V,F:\GENESIS Studio\genesis-studio\packages\engines-py\.pdb_cache\3OG7,A
4918,ThermoMPNN,3OG7,0.15945565700531006,270,R,W,F:\GENESIS Studio\genesis-studio\packages\engines-py\.pdb_cache\3OG7,A
4919,ThermoMPNN,3OG7,0.23855650424957275,270,R,Y,F:\GENESIS Studio\genesis-studio\packages\engines-py\.pdb_cache\3OG7,A
4920,ThermoMPNN,3OG7,0.06749743223190308,271,E,A,F:\GENESIS Studio\genesis-studio\packages\engines-py\.pdb_cache\3OG7,A
4921,ThermoMPNN,3OG7,-0.09119993448257446,271,E,C,F:\GENESIS Studio\genesis-studio\packages\engines-py\.pdb_cache\3OG7,A
4922,ThermoMPNN,3OG7,0.0245436429977417,271,E,D,F:\GENESIS Studio\genesis-studio\packages\engines-py\.pdb_cache\3OG7,A
4923,ThermoMPNN,3OG7,0.0,271,E,E,F:\GENESIS Studio\genesis-studio\packages\engines-py\.pdb_cache\3OG7,A
4924,ThermoMPNN,3OG7,0.26229327917099,271,E,F,F:\GENESIS Studio\genesis-studio\packages\engines-py\.pdb_cache\3OG7,A
4925,ThermoMPNN,3OG7,0.23440206050872803,271,E,G,F:\GENESIS Studio\genesis-studio\packages\engines-py\.pdb_cache\3OG7,A
4926,ThermoMPNN,3OG7,0.23370832204818726,271,E,H,F:\GENESIS Studio\genesis-studio\packages\engines-py\.pdb_cache\3OG7,A
4927,ThermoMPNN,3OG7,0.16170281171798706,271,E,I,F:\GENESIS Studio\genesis-studio\packages\engines-py\.pdb_cache\3OG7,A
4928,ThermoMPNN,3OG7,0.26233798265457153,271,E,K,F:\GENESIS Studio\genesis-studio\packages\engines-py\.pdb_cache\3OG7,A
4929,ThermoMPNN,3OG7,0.08427131175994873,271,E,L,F:\GENESIS Studio\genesis-studio\packages\engines-py\.pdb_cache\3OG7,A
4930,ThermoMPNN,3OG7,0.1451643705368042,271,E,M,F:\GENESIS Studio\genesis-studio\packages\engines-py\.pdb_cache\3OG7,A
4931,ThermoMPNN,3OG7,0.19687336683273315,271,E,N,F:\GENESIS Studio\genesis-studio\packages\engines-py\.pdb_cache\3OG7,A
4932,ThermoMPNN,3OG7,0.2574223279953003,271,E,P,F:\GENESIS Studio\genesis-studio\packages\engines-py\.pdb_cache\3OG7,A
4933,ThermoMPNN,3OG7,0.17291486263275146,271,E,Q,F:\GENESIS Studio\genesis-studio\packages\engines-py\.pdb_cache\3OG7,A
4934,ThermoMPNN,3OG7,0.26968497037887573,271,E,R,F:\GENESIS Studio\genesis-studio\packages\engines-py\.pdb_cache\3OG7,A
4935,ThermoMPNN,3OG7,0.15349286794662476,271,E,S,F:\GENESIS Studio\genesis-studio\packages\engines-py\.pdb_cache\3OG7,A
4936,ThermoMPNN,3OG7,0.20363330841064453,271,E,T,F:\GENESIS Studio\genesis-studio\packages\engines-py\.pdb_cache\3OG7,A
4937,ThermoMPNN,3OG7,0.2306309938430786,271,E,V,F:\GENESIS Studio\genesis-studio\packages\engines-py\.pdb_cache\3OG7,A
4938,ThermoMPNN,3OG7,0.08292227983474731,271,E,W,F:\GENESIS Studio\genesis-studio\packages\engines-py\.pdb_cache\3OG7,A
4939,ThermoMPNN,3OG7,0.3031407594680786,271,E,Y,F:\GENESIS Studio\genesis-studio\packages\engines-py\.pdb_cache\3OG7,A
