,Model,Dataset,ddG_pred,position,wildtype,mutation,pdb,chain
0,ThermoMPNN,4XV2,0.18918383121490479,0,D,A,F:\GENESIS Studio\genesis-studio\packages\engines-py\.pdb_cache\4XV2,A
1,ThermoMPNN,4XV2,-0.019044220447540283,0,D,C,F:\GENESIS Studio\genesis-studio\packages\engines-py\.pdb_cache\4XV2,A
2,ThermoMPNN,4XV2,0.0,0,D,D,F:\GENESIS Studio\genesis-studio\packages\engines-py\.pdb_cache\4XV2,A
3,ThermoMPNN,4XV2,0.17826974391937256,0,D,E,F:\GENESIS Studio\genesis-studio\packages\engines-py\.pdb_cache\4XV2,A
4,ThermoMPNN,4XV2,0.19417226314544678,0,D,F,F:\GENESIS Studio\genesis-studio\packages\engines-py\.pdb_cache\4XV2,A
5,ThermoMPNN,4XV2,0.2218017578125,0,D,G,F:\GENESIS Studio\genesis-studio\packages\engines-py\.pdb_cache\4XV2,A
6,ThermoMPNN,4XV2,0.1747283935546875,0,D,H,F:\GENESIS Studio\genesis-studio\packages\engines-py\.pdb_cache\4XV2,A
7,ThermoMPNN,4XV2,0.3884623050689697,0,D,I,F:\GENESIS Studio\genesis-studio\packages\engines-py\.pdb_cache\4XV2,A
8,ThermoMPNN,4XV2,0.3431398868560791,0,D,K,F:\GENESIS Studio\genesis-studio\packages\engines-py\.pdb_cache\4XV2,A
9,ThermoMPNN,4XV2,0.2829303741455078,0,D,L,F:\GENESIS Studio\genesis-studio\packages\engines-py\.pdb_cache\4XV2,A
10,ThermoMPNN,4XV2,0.3434724807739258,0,D,M,F:\GENESIS Studio\genesis-studio\packages\engines-py\.pdb_cache\4XV2,A
11,ThermoMPNN,4XV2,0.14867979288101196,0,D,N,F:\GENESIS Studio\genesis-studio\packages\engines-py\.pdb_cache\4XV2,A
12,ThermoMPNN,4XV2,0.29548949003219604,0,D,P,F:\GENESIS Studio\genesis-studio\packages\engines-py\.pdb_cache\4XV2,A
13,ThermoMPNN,4XV2,0.3041856288909912,0,D,Q,F:\GENESIS Studio\genesis-studio\packages\engines-py\.pdb_cache\4XV2,A
14,ThermoMPNN,4XV2,0.3482174277305603,0,D,R,F:\GENESIS Studio\genesis-studio\packages\engines-py\.pdb_cache\4XV2,A
15,ThermoMPNN,4XV2,0.11816960573196411,0,D,S,F:\GENESIS Studio\genesis-studio\packages\engines-py\.pdb_cache\4XV2,A
16,ThermoMPNN,4XV2,0.2335038185119629,0,D,T,F:\GENESIS Studio\genesis-studio\packages\engines-py\.pdb_cache\4XV2,A
17,ThermoMPNN,4XV2,0.4077773094177246,0,D,V,F:\GENESIS Studio\genesis-studio\packages\engines-py\.pdb_cache\4XV2,A
18,ThermoMPNN,4XV2,0.09505939483642578,0,D,W,F:\GENESIS Studio\genesis-studio\packages\engines-py\.pdb_cache\4XV2,A
19,ThermoMPNN,4XV2,0.21865832805633545,0,D,Y,F:\GENESIS Studio\genesis-studio\packages\engines-py\.pdb_cache\4XV2,A
20,ThermoMPNN,4XV2,0.35381340980529785,1,W,A,F:\GENESIS Studio\genesis-studio\packages\engines-py\.pdb_cache\4XV2,A
21,ThermoMPNN,4XV2,0.02104008197784424,1,W,C,F:\GENESIS Studio\genesis-studio\packages\engines-py\.pdb_cache\4XV2,A
22,ThermoMPNN,4XV2,0.255632221698761,1,W,D,F:\GENESIS Studio\genesis-studio\packages\engines-py\.pdb_cache\4XV2,A
23,ThermoMPNN,4XV2,0.4748847484588623,1,W,E,F:\GENESIS Studio\genesis-studio\packages\engines-py\.pdb_cache\4XV2,A
24,ThermoMPNN,4XV2,0.46239233016967773,1,W,F,F:\GENESIS Studio\genesis-studio\packages\engines-py\.pdb_cache\4XV2,A
25,ThermoMPNN,4XV2,0.4259769916534424,1,W,G,F:\GENESIS Studio\genesis-studio\packages\engines-py\.pdb_cache\4XV2,A
26,ThermoMPNN,4XV2,0.3817014694213867,1,W,H,F:\GENESIS Studio\genesis-studio\packages\engines-py\.pdb_cache\4XV2,A
27,ThermoMPNN,4XV2,0.6760070323944092,1,W,I,F:\GENESIS Studio\genesis-studio\packages\engines-py\.pdb_cache\4XV2,A
28,ThermoMPNN,4XV2,0.8809504508972168,1,W,K,F:\GENESIS Studio\genesis-studio\packages\engines-py\.pdb_cache\4XV2,A
29,ThermoMPNN,4XV2,0.40299713611602783,1,W,L,F:\GENESIS Studio\genesis-studio\packages\engines-py\.pdb_cache\4XV2,A
30,ThermoMPNN,4XV2,0.44091475009918213,1,W,M,F:\GENESIS Studio\genesis-studio\packages\engines-py\.pdb_cache\4XV2,A
31,ThermoMPNN,4XV2,0.318996787071228,1,W,N,F:\GENESIS Studio\genesis-studio\packages\engines-py\.pdb_cache\4XV2,A
32,ThermoMPNN,4XV2,0.6238664388656616,1,W,P,F:\GENESIS Studio\genesis-studio\packages\engines-py\.pdb_cache\4XV2,A
33,ThermoMPNN,4XV2,0.5790960788726807,1,W,Q,F:\GENESIS Studio\genesis-studio\packages\engines-py\.pdb_cache\4XV2,A
34,ThermoMPNN,4XV2,0.8998066186904907,1,W,R,F:\GENESIS Studio\genesis-studio\packages\engines-py\.pdb_cache\4XV2,A
35,ThermoMPNN,4XV2,0.3049114942550659,1,W,S,F:\GENESIS Studio\genesis-studio\packages\engines-py\.pdb_cache\4XV2,A
36,ThermoMPNN,4XV2,0.388166606426239,1,W,T,F:\GENESIS Studio\genesis-studio\packages\engines-py\.pdb_cache\4XV2,A
37,ThermoMPNN,4XV2,0.6316269636154175,1,W,V,F:\GENESIS Studio\genesis-studio\packages\engines-py\.pdb_cache\4XV2,A
38,ThermoMPNN,4XV2,0.0,1,W,W,F:\GENESIS Studio\genesis-studio\packages\engines-py\.pdb_cache\4XV2,A
39,ThermoMPNN,4XV2,0.3644152283668518,1,W,Y,F:\GENESIS Studio\genesis-studio\packages\engines-py\.pdb_cache\4XV2,A
40,ThermoMPNN,4XV2,0.9588204622268677,2,E,A,F:\GENESIS Studio\genesis-studio\packages\engines-py\.pdb_cache\4XV2,A
41,ThermoMPNN,4XV2,0.5817714333534241,2,E,C,F:\GENESIS Studio\genesis-studio\packages\engines-py\.pdb_cache\4XV2,A
42,ThermoMPNN,4XV2,1.034180998802185,2,E,D,F:\GENESIS Studio\genesis-studio\packages\engines-py\.pdb_cache\4XV2,A
43,ThermoMPNN,4XV2,0.0,2,E,E,F:\GENESIS Studio\genesis-studio\packages\engines-py\.pdb_cache\4XV2,A
44,ThermoMPNN,4XV2,0.8347290754318237,2,E,F,F:\GENESIS Studio\genesis-studio\packages\engines-py\.pdb_cache\4XV2,A
45,ThermoMPNN,4XV2,1.3663042783737183,2,E,G,F:\GENESIS Studio\genesis-studio\packages\engines-py\.pdb_cache\4XV2,A
46,ThermoMPNN,4XV2,0.7650482058525085,2,E,H,F:\GENESIS Studio\genesis-studio\packages\engines-py\.pdb_cache\4XV2,A
47,ThermoMPNN,4XV2,0.6960017085075378,2,E,I,F:\GENESIS Studio\genesis-studio\packages\engines-py\.pdb_cache\4XV2,A
48,ThermoMPNN,4XV2,0.9385990500450134,2,E,K,F:\GENESIS Studio\genesis-studio\packages\engines-py\.pdb_cache\4XV2,A
49,ThermoMPNN,4XV2,0.5552559494972229,2,E,L,F:\GENESIS Studio\genesis-studio\packages\engines-py\.pdb_cache\4XV2,A
50,ThermoMPNN,4XV2,0.6061829924583435,2,E,M,F:\GENESIS Studio\genesis-studio\packages\engines-py\.pdb_cache\4XV2,A
51,ThermoMPNN,4XV2,1.1453131437301636,2,E,N,F:\GENESIS Studio\genesis-studio\packages\engines-py\.pdb_cache\4XV2,A
52,ThermoMPNN,4XV2,1.2805966138839722,2,E,P,F:\GENESIS Studio\genesis-studio\packages\engines-py\.pdb_cache\4XV2,A
53,ThermoMPNN,4XV2,0.31381797790527344,2,E,Q,F:\GENESIS Studio\genesis-studio\packages\engines-py\.pdb_cache\4XV2,A
54,ThermoMPNN,4XV2,1.0757901668548584,2,E,R,F:\GENESIS Studio\genesis-studio\packages\engines-py\.pdb_cache\4XV2,A
55,ThermoMPNN,4XV2,1.0981438159942627,2,E,S,F:\GENESIS Studio\genesis-studio\packages\engines-py\.pdb_cache\4XV2,A
56,ThermoMPNN,4XV2,0.8382197022438049,2,E,T,F:\GENESIS Studio\genesis-studio\packages\engines-py\.pdb_cache\4XV2,A
57,ThermoMPNN,4XV2,0.5771247148513794,2,E,V,F:\GENESIS Studio\genesis-studio\packages\engines-py\.pdb_cache\4XV2,A
58,ThermoMPNN,4XV2,0.9272141456604004,2,E,W,F:\GENESIS Studio\genesis-studio\packages\engines-py\.pdb_cache\4XV2,A
59,ThermoMPNN,4XV2,0.7643469572067261,2,E,Y,F:\GENESIS Studio\genesis-studio\packages\engines-py\.pdb_cache\4XV2,A
60,ThermoMPNN,4XV2,2.2616372108459473,3,I,A,F:\GENESIS Studio\genesis-studio\packages\engines-py\.pdb_cache\4XV2,A
61,ThermoMPNN,4XV2,1.6631343364715576,3,I,C,F:\GENESIS Studio\genesis-studio\packages\engines-py\.pdb_cache\4XV2,A
62,ThermoMPNN,4XV2,2.9792275428771973,3,I,D,F:\GENESIS Studio\genesis-studio\packages\engines-py\.pdb_cache\4XV2,A
63,ThermoMPNN,4XV2,2.963188886642456,3,I,E,F:\GENESIS Studio\genesis-studio\packages\engines-py\.pdb_cache\4XV2,A
64,ThermoMPNN,4XV2,1.4853541851043701,3,I,F,F:\GENESIS Studio\genesis-studio\packages\engines-py\.pdb_cache\4XV2,A
65,ThermoMPNN,4XV2,2.8685805797576904,3,I,G,F:\GENESIS Studio\genesis-studio\packages\engines-py\.pdb_cache\4XV2,A
66,ThermoMPNN,4XV2,2.5645012855529785,3,I,H,F:\GENESIS Studio\genesis-studio\packages\engines-py\.pdb_cache\4XV2,A
67,ThermoMPNN,4XV2,0.0,3,I,I,F:\GENESIS Studio\genesis-studio\packages\engines-py\.pdb_cache\4XV2,A
68,ThermoMPNN,4XV2,2.630209445953369,3,I,K,F:\GENESIS Studio\genesis-studio\packages\engines-py\.pdb_cache\4XV2,A
69,ThermoMPNN,4XV2,1.0670011043548584,3,I,L,F:\GENESIS Studio\genesis-studio\packages\engines-py\.pdb_cache\4XV2,A
70,ThermoMPNN,4XV2,1.529099464416504,3,I,M,F:\GENESIS Studio\genesis-studio\packages\engines-py\.pdb_cache\4XV2,A
71,ThermoMPNN,4XV2,2.8054280281066895,3,I,N,F:\GENESIS Studio\genesis-studio\packages\engines-py\.pdb_cache\4XV2,A
72,ThermoMPNN,4XV2,2.7709858417510986,3,I,P,F:\GENESIS Studio\genesis-studio\packages\engines-py\.pdb_cache\4XV2,A
73,ThermoMPNN,4XV2,2.715054750442505,3,I,Q,F:\GENESIS Studio\genesis-studio\packages\engines-py\.pdb_cache\4XV2,A
74,ThermoMPNN,4XV2,2.6752994060516357,3,I,R,F:\GENESIS Studio\genesis-studio\packages\engines-py\.pdb_cache\4XV2,A
75,ThermoMPNN,4XV2,2.787886142730713,3,I,S,F:\GENESIS Studio\genesis-studio\packages\engines-py\.pdb_cache\4XV2,A
76,ThermoMPNN,4XV2,2.3846423625946045,3,I,T,F:\GENESIS Studio\genesis-studio\packages\engines-py\.pdb_cache\4XV2,A
77,ThermoMPNN,4XV2,0.7602803707122803,3,I,V,F:\GENESIS Studio\genesis-studio\packages\engines-py\.pdb_cache\4XV2,A
78,ThermoMPNN,4XV2,2.048833131790161,3,I,W,F:\GENESIS Studio\genesis-studio\packages\engines-py\.pdb_cache\4XV2,A
79,ThermoMPNN,4XV2,1.9387800693511963,3,I,Y,F:\GENESIS Studio\genesis-studio\packages\engines-py\.pdb_cache\4XV2,A
80,ThermoMPNN,4XV2,0.3882765769958496,4,P,A,F:\GENESIS Studio\genesis-studio\packages\engines-py\.pdb_cache\4XV2,A
81,ThermoMPNN,4XV2,0.42991316318511963,4,P,C,F:\GENESIS Studio\genesis-studio\packages\engines-py\.pdb_cache\4XV2,A
82,ThermoMPNN,4XV2,1.0008854866027832,4,P,D,F:\GENESIS Studio\genesis-studio\packages\engines-py\.pdb_cache\4XV2,A
83,ThermoMPNN,4XV2,0.7776901721954346,4,P,E,F:\GENESIS Studio\genesis-studio\packages\engines-py\.pdb_cache\4XV2,A
84,ThermoMPNN,4XV2,0.9687866568565369,4,P,F,F:\GENESIS Studio\genesis-studio\packages\engines-py\.pdb_cache\4XV2,A
85,ThermoMPNN,4XV2,0.8470633029937744,4,P,G,F:\GENESIS Studio\genesis-studio\packages\engines-py\.pdb_cache\4XV2,A
86,ThermoMPNN,4XV2,1.070439100265503,4,P,H,F:\GENESIS Studio\genesis-studio\packages\engines-py\.pdb_cache\4XV2,A
87,ThermoMPNN,4XV2,0.7926585674285889,4,P,I,F:\GENESIS Studio\genesis-studio\packages\engines-py\.pdb_cache\4XV2,A
88,ThermoMPNN,4XV2,0.9131361246109009,4,P,K,F:\GENESIS Studio\genesis-studio\packages\engines-py\.pdb_cache\4XV2,A
89,ThermoMPNN,4XV2,0.8047664761543274,4,P,L,F:\GENESIS Studio\genesis-studio\packages\engines-py\.pdb_cache\4XV2,A
90,ThermoMPNN,4XV2,0.8070496320724487,4,P,M,F:\GENESIS Studio\genesis-studio\packages\engines-py\.pdb_cache\4XV2,A
91,ThermoMPNN,4XV2,1.0457615852355957,4,P,N,F:\GENESIS Studio\genesis-studio\packages\engines-py\.pdb_cache\4XV2,A
92,ThermoMPNN,4XV2,0.0,4,P,P,F:\GENESIS Studio\genesis-studio\packages\engines-py\.pdb_cache\4XV2,A
93,ThermoMPNN,4XV2,0.8705425262451172,4,P,Q,F:\GENESIS Studio\genesis-studio\packages\engines-py\.pdb_cache\4XV2,A
94,ThermoMPNN,4XV2,1.009520173072815,4,P,R,F:\GENESIS Studio\genesis-studio\packages\engines-py\.pdb_cache\4XV2,A
95,ThermoMPNN,4XV2,0.6444527506828308,4,P,S,F:\GENESIS Studio\genesis-studio\packages\engines-py\.pdb_cache\4XV2,A
96,ThermoMPNN,4XV2,0.7784997820854187,4,P,T,F:\GENESIS Studio\genesis-studio\packages\engines-py\.pdb_cache\4XV2,A
97,ThermoMPNN,4XV2,0.7539228200912476,4,P,V,F:\GENESIS Studio\genesis-studio\packages\engines-py\.pdb_cache\4XV2,A
98,ThermoMPNN,4XV2,0.840888500213623,4,P,W,F:\GENESIS Studio\genesis-studio\packages\engines-py\.pdb_cache\4XV2,A
99,ThermoMPNN,4XV2,0.9197481870651245,4,P,Y,F:\GENESIS Studio\genesis-studio\packages\engines-py\.pdb_cache\4XV2,A
100,ThermoMPNN,4XV2,0.611106812953949,5,D,A,F:\GENESIS Studio\genesis-studio\packages\engines-py\.pdb_cache\4XV2,A
101,ThermoMPNN,4XV2,0.3080520033836365,5,D,C,F:\GENESIS Studio\genesis-studio\packages\engines-py\.pdb_cache\4XV2,A
102,ThermoMPNN,4XV2,0.0,5,D,D,F:\GENESIS Studio\genesis-studio\packages\engines-py\.pdb_cache\4XV2,A
103,ThermoMPNN,4XV2,-0.10277271270751953,5,D,E,F:\GENESIS Studio\genesis-studio\packages\engines-py\.pdb_cache\4XV2,A
104,ThermoMPNN,4XV2,0.4028781056404114,5,D,F,F:\GENESIS Studio\genesis-studio\packages\engines-py\.pdb_cache\4XV2,A
105,ThermoMPNN,4XV2,1.2267427444458008,5,D,G,F:\GENESIS Studio\genesis-studio\packages\engines-py\.pdb_cache\4XV2,A
106,ThermoMPNN,4XV2,0.6363155841827393,5,D,H,F:\GENESIS Studio\genesis-studio\packages\engines-py\.pdb_cache\4XV2,A
107,ThermoMPNN,4XV2,0.6714177131652832,5,D,I,F:\GENESIS Studio\genesis-studio\packages\engines-py\.pdb_cache\4XV2,A
108,ThermoMPNN,4XV2,1.3414260149002075,5,D,K,F:\GENESIS Studio\genesis-studio\packages\engines-py\.pdb_cache\4XV2,A
109,ThermoMPNN,4XV2,0.6227537989616394,5,D,L,F:\GENESIS Studio\genesis-studio\packages\engines-py\.pdb_cache\4XV2,A
110,ThermoMPNN,4XV2,0.5940850377082825,5,D,M,F:\GENESIS Studio\genesis-studio\packages\engines-py\.pdb_cache\4XV2,A
111,ThermoMPNN,4XV2,0.8383195400238037,5,D,N,F:\GENESIS Studio\genesis-studio\packages\engines-py\.pdb_cache\4XV2,A
112,ThermoMPNN,4XV2,0.6882303953170776,5,D,P,F:\GENESIS Studio\genesis-studio\packages\engines-py\.pdb_cache\4XV2,A
113,ThermoMPNN,4XV2,0.6715238094329834,5,D,Q,F:\GENESIS Studio\genesis-studio\packages\engines-py\.pdb_cache\4XV2,A
114,ThermoMPNN,4XV2,1.2408525943756104,5,D,R,F:\GENESIS Studio\genesis-studio\packages\engines-py\.pdb_cache\4XV2,A
115,ThermoMPNN,4XV2,0.6664665937423706,5,D,S,F:\GENESIS Studio\genesis-studio\packages\engines-py\.pdb_cache\4XV2,A
116,ThermoMPNN,4XV2,0.8162297010421753,5,D,T,F:\GENESIS Studio\genesis-studio\packages\engines-py\.pdb_cache\4XV2,A
117,ThermoMPNN,4XV2,0.7347785234451294,5,D,V,F:\GENESIS Studio\genesis-studio\packages\engines-py\.pdb_cache\4XV2,A
118,ThermoMPNN,4XV2,-0.011144399642944336,5,D,W,F:\GENESIS Studio\genesis-studio\packages\engines-py\.pdb_cache\4XV2,A
119,ThermoMPNN,4XV2,0.15252435207366943,5,D,Y,F:\GENESIS Studio\genesis-studio\packages\engines-py\.pdb_cache\4XV2,A
120,ThermoMPNN,4XV2,1.6171748638153076,6,G,A,F:\GENESIS Studio\genesis-studio\packages\engines-py\.pdb_cache\4XV2,A
121,ThermoMPNN,4XV2,0.9152178764343262,6,G,C,F:\GENESIS Studio\genesis-studio\packages\engines-py\.pdb_cache\4XV2,A
122,ThermoMPNN,4XV2,1.5559678077697754,6,G,D,F:\GENESIS Studio\genesis-studio\packages\engines-py\.pdb_cache\4XV2,A
123,ThermoMPNN,4XV2,1.7447551488876343,6,G,E,F:\GENESIS Studio\genesis-studio\packages\engines-py\.pdb_cache\4XV2,A
124,ThermoMPNN,4XV2,1.4403705596923828,6,G,F,F:\GENESIS Studio\genesis-studio\packages\engines-py\.pdb_cache\4XV2,A
125,ThermoMPNN,4XV2,0.0,6,G,G,F:\GENESIS Studio\genesis-studio\packages\engines-py\.pdb_cache\4XV2,A
126,ThermoMPNN,4XV2,1.4720139503479004,6,G,H,F:\GENESIS Studio\genesis-studio\packages\engines-py\.pdb_cache\4XV2,A
127,ThermoMPNN,4XV2,1.9601678848266602,6,G,I,F:\GENESIS Studio\genesis-studio\packages\engines-py\.pdb_cache\4XV2,A
128,ThermoMPNN,4XV2,1.805603265762329,6,G,K,F:\GENESIS Studio\genesis-studio\packages\engines-py\.pdb_cache\4XV2,A
129,ThermoMPNN,4XV2,1.645660638809204,6,G,L,F:\GENESIS Studio\genesis-studio\packages\engines-py\.pdb_cache\4XV2,A
130,ThermoMPNN,4XV2,1.571682095527649,6,G,M,F:\GENESIS Studio\genesis-studio\packages\engines-py\.pdb_cache\4XV2,A
131,ThermoMPNN,4XV2,1.3968796730041504,6,G,N,F:\GENESIS Studio\genesis-studio\packages\engines-py\.pdb_cache\4XV2,A
132,ThermoMPNN,4XV2,2.298173189163208,6,G,P,F:\GENESIS Studio\genesis-studio\packages\engines-py\.pdb_cache\4XV2,A
133,ThermoMPNN,4XV2,1.7088528871536255,6,G,Q,F:\GENESIS Studio\genesis-studio\packages\engines-py\.pdb_cache\4XV2,A
134,ThermoMPNN,4XV2,1.8045694828033447,6,G,R,F:\GENESIS Studio\genesis-studio\packages\engines-py\.pdb_cache\4XV2,A
135,ThermoMPNN,4XV2,1.6277568340301514,6,G,S,F:\GENESIS Studio\genesis-studio\packages\engines-py\.pdb_cache\4XV2,A
136,ThermoMPNN,4XV2,1.9399577379226685,6,G,T,F:\GENESIS Studio\genesis-studio\packages\engines-py\.pdb_cache\4XV2,A
137,ThermoMPNN,4XV2,2.0113375186920166,6,G,V,F:\GENESIS Studio\genesis-studio\packages\engines-py\.pdb_cache\4XV2,A
138,ThermoMPNN,4XV2,1.5717878341674805,6,G,W,F:\GENESIS Studio\genesis-studio\packages\engines-py\.pdb_cache\4XV2,A
139,ThermoMPNN,4XV2,1.5535227060317993,6,G,Y,F:\GENESIS Studio\genesis-studio\packages\engines-py\.pdb_cache\4XV2,A
140,ThermoMPNN,4XV2,0.45590245723724365,7,Q,A,F:\GENESIS Studio\genesis-studio\packages\engines-py\.pdb_cache\4XV2,A
141,ThermoMPNN,4XV2,0.32707691192626953,7,Q,C,F:\GENESIS Studio\genesis-studio\packages\engines-py\.pdb_cache\4XV2,A
142,ThermoMPNN,4XV2,0.756373405456543,7,Q,D,F:\GENESIS Studio\genesis-studio\packages\engines-py\.pdb_cache\4XV2,A
143,ThermoMPNN,4XV2,0.030809521675109863,7,Q,E,F:\GENESIS Studio\genesis-studio\packages\engines-py\.pdb_cache\4XV2,A
144,ThermoMPNN,4XV2,0.6168501377105713,7,Q,F,F:\GENESIS Studio\genesis-studio\packages\engines-py\.pdb_cache\4XV2,A
145,ThermoMPNN,4XV2,1.2659205198287964,7,Q,G,F:\GENESIS Studio\genesis-studio\packages\engines-py\.pdb_cache\4XV2,A
146,ThermoMPNN,4XV2,0.8260316848754883,7,Q,H,F:\GENESIS Studio\genesis-studio\packages\engines-py\.pdb_cache\4XV2,A
147,ThermoMPNN,4XV2,0.530426561832428,7,Q,I,F:\GENESIS Studio\genesis-studio\packages\engines-py\.pdb_cache\4XV2,A
148,ThermoMPNN,4XV2,0.9919041395187378,7,Q,K,F:\GENESIS Studio\genesis-studio\packages\engines-py\.pdb_cache\4XV2,A
149,ThermoMPNN,4XV2,0.24195075035095215,7,Q,L,F:\GENESIS Studio\genesis-studio\packages\engines-py\.pdb_cache\4XV2,A
150,ThermoMPNN,4XV2,-0.027961373329162598,7,Q,M,F:\GENESIS Studio\genesis-studio\packages\engines-py\.pdb_cache\4XV2,A
151,ThermoMPNN,4XV2,1.177124261856079,7,Q,N,F:\GENESIS Studio\genesis-studio\packages\engines-py\.pdb_cache\4XV2,A
152,ThermoMPNN,4XV2,2.182161808013916,7,Q,P,F:\GENESIS Studio\genesis-studio\packages\engines-py\.pdb_cache\4XV2,A
153,ThermoMPNN,4XV2,0.0,7,Q,Q,F:\GENESIS Studio\genesis-studio\packages\engines-py\.pdb_cache\4XV2,A
154,ThermoMPNN,4XV2,1.070110559463501,7,Q,R,F:\GENESIS Studio\genesis-studio\packages\engines-py\.pdb_cache\4XV2,A
155,ThermoMPNN,4XV2,0.6499427556991577,7,Q,S,F:\GENESIS Studio\genesis-studio\packages\engines-py\.pdb_cache\4XV2,A
156,ThermoMPNN,4XV2,0.6746957898139954,7,Q,T,F:\GENESIS Studio\genesis-studio\packages\engines-py\.pdb_cache\4XV2,A
157,ThermoMPNN,4XV2,0.639823317527771,7,Q,V,F:\GENESIS Studio\genesis-studio\packages\engines-py\.pdb_cache\4XV2,A
158,ThermoMPNN,4XV2,0.41773051023483276,7,Q,W,F:\GENESIS Studio\genesis-studio\packages\engines-py\.pdb_cache\4XV2,A
159,ThermoMPNN,4XV2,0.6842756867408752,7,Q,Y,F:\GENESIS Studio\genesis-studio\packages\engines-py\.pdb_cache\4XV2,A
160,ThermoMPNN,4XV2,2.7030019760131836,8,I,A,F:\GENESIS Studio\genesis-studio\packages\engines-py\.pdb_cache\4XV2,A
161,ThermoMPNN,4XV2,2.018461227416992,8,I,C,F:\GENESIS Studio\genesis-studio\packages\engines-py\.pdb_cache\4XV2,A
162,ThermoMPNN,4XV2,3.3521389961242676,8,I,D,F:\GENESIS Studio\genesis-studio\packages\engines-py\.pdb_cache\4XV2,A
163,ThermoMPNN,4XV2,3.4452948570251465,8,I,E,F:\GENESIS Studio\genesis-studio\packages\engines-py\.pdb_cache\4XV2,A
164,ThermoMPNN,4XV2,2.0246901512145996,8,I,F,F:\GENESIS Studio\genesis-studio\packages\engines-py\.pdb_cache\4XV2,A
165,ThermoMPNN,4XV2,3.4037911891937256,8,I,G,F:\GENESIS Studio\genesis-studio\packages\engines-py\.pdb_cache\4XV2,A
166,ThermoMPNN,4XV2,3.2906405925750732,8,I,H,F:\GENESIS Studio\genesis-studio\packages\engines-py\.pdb_cache\4XV2,A
167,ThermoMPNN,4XV2,0.0,8,I,I,F:\GENESIS Studio\genesis-studio\packages\engines-py\.pdb_cache\4XV2,A
168,ThermoMPNN,4XV2,3.367036819458008,8,I,K,F:\GENESIS Studio\genesis-studio\packages\engines-py\.pdb_cache\4XV2,A
169,ThermoMPNN,4XV2,1.1410877704620361,8,I,L,F:\GENESIS Studio\genesis-studio\packages\engines-py\.pdb_cache\4XV2,A
170,ThermoMPNN,4XV2,1.866282343864441,8,I,M,F:\GENESIS Studio\genesis-studio\packages\engines-py\.pdb_cache\4XV2,A
171,ThermoMPNN,4XV2,3.354841947555542,8,I,N,F:\GENESIS Studio\genesis-studio\packages\engines-py\.pdb_cache\4XV2,A
172,ThermoMPNN,4XV2,3.128538131713867,8,I,P,F:\GENESIS Studio\genesis-studio\packages\engines-py\.pdb_cache\4XV2,A
173,ThermoMPNN,4XV2,3.413409948348999,8,I,Q,F:\GENESIS Studio\genesis-studio\packages\engines-py\.pdb_cache\4XV2,A
174,ThermoMPNN,4XV2,3.3603415489196777,8,I,R,F:\GENESIS Studio\genesis-studio\packages\engines-py\.pdb_cache\4XV2,A
175,ThermoMPNN,4XV2,3.2130885124206543,8,I,S,F:\GENESIS Studio\genesis-studio\packages\engines-py\.pdb_cache\4XV2,A
176,ThermoMPNN,4XV2,2.7127318382263184,8,I,T,F:\GENESIS Studio\genesis-studio\packages\engines-py\.pdb_cache\4XV2,A
177,ThermoMPNN,4XV2,0.7188246250152588,8,I,V,F:\GENESIS Studio\genesis-studio\packages\engines-py\.pdb_cache\4XV2,A
178,ThermoMPNN,4XV2,2.577775716781616,8,I,W,F:\GENESIS Studio\genesis-studio\packages\engines-py\.pdb_cache\4XV2,A
179,ThermoMPNN,4XV2,2.5490293502807617,8,I,Y,F:\GENESIS Studio\genesis-studio\packages\engines-py\.pdb_cache\4XV2,A
180,ThermoMPNN,4XV2,0.5080596208572388,9,T,A,F:\GENESIS Studio\genesis-studio\packages\engines-py\.pdb_cache\4XV2,A
181,ThermoMPNN,4XV2,0.09247493743896484,9,T,C,F:\GENESIS Studio\genesis-studio\packages\engines-py\.pdb_cache\4XV2,A
182,ThermoMPNN,4XV2,0.7211244106292725,9,T,D,F:\GENESIS Studio\genesis-studio\packages\engines-py\.pdb_cache\4XV2,A
183,ThermoMPNN,4XV2,0.11399328708648682,9,T,E,F:\GENESIS Studio\genesis-studio\packages\engines-py\.pdb_cache\4XV2,A
184,ThermoMPNN,4XV2,0.40343624353408813,9,T,F,F:\GENESIS Studio\genesis-studio\packages\engines-py\.pdb_cache\4XV2,A
185,ThermoMPNN,4XV2,1.2865885496139526,9,T,G,F:\GENESIS Studio\genesis-studio\packages\engines-py\.pdb_cache\4XV2,A
186,ThermoMPNN,4XV2,0.36650532484054565,9,T,H,F:\GENESIS Studio\genesis-studio\packages\engines-py\.pdb_cache\4XV2,A
187,ThermoMPNN,4XV2,-0.039208412170410156,9,T,I,F:\GENESIS Studio\genesis-studio\packages\engines-py\.pdb_cache\4XV2,A
188,ThermoMPNN,4XV2,0.4540480971336365,9,T,K,F:\GENESIS Studio\genesis-studio\packages\engines-py\.pdb_cache\4XV2,A
189,ThermoMPNN,4XV2,0.26081782579421997,9,T,L,F:\GENESIS Studio\genesis-studio\packages\engines-py\.pdb_cache\4XV2,A
190,ThermoMPNN,4XV2,0.26076841354370117,9,T,M,F:\GENESIS Studio\genesis-studio\packages\engines-py\.pdb_cache\4XV2,A
191,ThermoMPNN,4XV2,0.7179579734802246,9,T,N,F:\GENESIS Studio\genesis-studio\packages\engines-py\.pdb_cache\4XV2,A
192,ThermoMPNN,4XV2,2.5512330532073975,9,T,P,F:\GENESIS Studio\genesis-studio\packages\engines-py\.pdb_cache\4XV2,A
193,ThermoMPNN,4XV2,0.15526115894317627,9,T,Q,F:\GENESIS Studio\genesis-studio\packages\engines-py\.pdb_cache\4XV2,A
194,ThermoMPNN,4XV2,0.4170159101486206,9,T,R,F:\GENESIS Studio\genesis-studio\packages\engines-py\.pdb_cache\4XV2,A
195,ThermoMPNN,4XV2,0.37027233839035034,9,T,S,F:\GENESIS Studio\genesis-studio\packages\engines-py\.pdb_cache\4XV2,A
196,ThermoMPNN,4XV2,0.0,9,T,T,F:\GENESIS Studio\genesis-studio\packages\engines-py\.pdb_cache\4XV2,A
197,ThermoMPNN,4XV2,-0.11409175395965576,9,T,V,F:\GENESIS Studio\genesis-studio\packages\engines-py\.pdb_cache\4XV2,A
198,ThermoMPNN,4XV2,0.27815014123916626,9,T,W,F:\GENESIS Studio\genesis-studio\packages\engines-py\.pdb_cache\4XV2,A
199,ThermoMPNN,4XV2,0.2883921265602112,9,T,Y,F:\GENESIS Studio\genesis-studio\packages\engines-py\.pdb_cache\4XV2,A
200,ThermoMPNN,4XV2,1.699822187423706,10,V,A,F:\GENESIS Studio\genesis-studio\packages\engines-py\.pdb_cache\4XV2,A
201,ThermoMPNN,4XV2,0.8108537197113037,10,V,C,F:\GENESIS Studio\genesis-studio\packages\engines-py\.pdb_cache\4XV2,A
202,ThermoMPNN,4XV2,2.7591300010681152,10,V,D,F:\GENESIS Studio\genesis-studio\packages\engines-py\.pdb_cache\4XV2,A
203,ThermoMPNN,4XV2,2.1941938400268555,10,V,E,F:\GENESIS Studio\genesis-studio\packages\engines-py\.pdb_cache\4XV2,A
204,ThermoMPNN,4XV2,1.114282250404358,10,V,F,F:\GENESIS Studio\genesis-studio\packages\engines-py\.pdb_cache\4XV2,A
205,ThermoMPNN,4XV2,2.582359790802002,10,V,G,F:\GENESIS Studio\genesis-studio\packages\engines-py\.pdb_cache\4XV2,A
206,ThermoMPNN,4XV2,2.0713071823120117,10,V,H,F:\GENESIS Studio\genesis-studio\packages\engines-py\.pdb_cache\4XV2,A
207,ThermoMPNN,4XV2,-0.3659961223602295,10,V,I,F:\GENESIS Studio\genesis-studio\packages\engines-py\.pdb_cache\4XV2,A
208,ThermoMPNN,4XV2,1.8755371570587158,10,V,K,F:\GENESIS Studio\genesis-studio\packages\engines-py\.pdb_cache\4XV2,A
209,ThermoMPNN,4XV2,0.23709428310394287,10,V,L,F:\GENESIS Studio\genesis-studio\packages\engines-py\.pdb_cache\4XV2,A
210,ThermoMPNN,4XV2,0.8735669851303101,10,V,M,F:\GENESIS Studio\genesis-studio\packages\engines-py\.pdb_cache\4XV2,A
211,ThermoMPNN,4XV2,2.4544003009796143,10,V,N,F:\GENESIS Studio\genesis-studio\packages\engines-py\.pdb_cache\4XV2,A
212,ThermoMPNN,4XV2,1.8992204666137695,10,V,P,F:\GENESIS Studio\genesis-studio\packages\engines-py\.pdb_cache\4XV2,A
213,ThermoMPNN,4XV2,1.98832368850708,10,V,Q,F:\GENESIS Studio\genesis-studio\packages\engines-py\.pdb_cache\4XV2,A
214,ThermoMPNN,4XV2,2.0242080688476562,10,V,R,F:\GENESIS Studio\genesis-studio\packages\engines-py\.pdb_cache\4XV2,A
215,ThermoMPNN,4XV2,2.113881826400757,10,V,S,F:\GENESIS Studio\genesis-studio\packages\engines-py\.pdb_cache\4XV2,A
216,ThermoMPNN,4XV2,1.2504360675811768,10,V,T,F:\GENESIS Studio\genesis-studio\packages\engines-py\.pdb_cache\4XV2,A
217,ThermoMPNN,4XV2,0.0,10,V,V,F:\GENESIS Studio\genesis-studio\packages\engines-py\.pdb_cache\4XV2,A
218,ThermoMPNN,4XV2,1.1741294860839844,10,V,W,F:\GENESIS Studio\genesis-studio\packages\engines-py\.pdb_cache\4XV2,A
219,ThermoMPNN,4XV2,1.3263850212097168,10,V,Y,F:\GENESIS Studio\genesis-studio\packages\engines-py\.pdb_cache\4XV2,A
220,ThermoMPNN,4XV2,1.2910538911819458,11,G,A,F:\GENESIS Studio\genesis-studio\packages\engines-py\.pdb_cache\4XV2,A
221,ThermoMPNN,4XV2,0.03385043144226074,11,G,C,F:\GENESIS Studio\genesis-studio\packages\engines-py\.pdb_cache\4XV2,A
222,ThermoMPNN,4XV2,1.2024030685424805,11,G,D,F:\GENESIS Studio\genesis-studio\packages\engines-py\.pdb_cache\4XV2,A
223,ThermoMPNN,4XV2,0.9272878766059875,11,G,E,F:\GENESIS Studio\genesis-studio\packages\engines-py\.pdb_cache\4XV2,A
224,ThermoMPNN,4XV2,0.2904714345932007,11,G,F,F:\GENESIS Studio\genesis-studio\packages\engines-py\.pdb_cache\4XV2,A
225,ThermoMPNN,4XV2,0.0,11,G,G,F:\GENESIS Studio\genesis-studio\packages\engines-py\.pdb_cache\4XV2,A
226,ThermoMPNN,4XV2,0.7535356879234314,11,G,H,F:\GENESIS Studio\genesis-studio\packages\engines-py\.pdb_cache\4XV2,A
227,ThermoMPNN,4XV2,1.2023401260375977,11,G,I,F:\GENESIS Studio\genesis-studio\packages\engines-py\.pdb_cache\4XV2,A
228,ThermoMPNN,4XV2,1.2026017904281616,11,G,K,F:\GENESIS Studio\genesis-studio\packages\engines-py\.pdb_cache\4XV2,A
229,ThermoMPNN,4XV2,0.5799745321273804,11,G,L,F:\GENESIS Studio\genesis-studio\packages\engines-py\.pdb_cache\4XV2,A
230,ThermoMPNN,4XV2,0.5568307042121887,11,G,M,F:\GENESIS Studio\genesis-studio\packages\engines-py\.pdb_cache\4XV2,A
231,ThermoMPNN,4XV2,0.8563308715820312,11,G,N,F:\GENESIS Studio\genesis-studio\packages\engines-py\.pdb_cache\4XV2,A
232,ThermoMPNN,4XV2,2.3515987396240234,11,G,P,F:\GENESIS Studio\genesis-studio\packages\engines-py\.pdb_cache\4XV2,A
233,ThermoMPNN,4XV2,0.9386917352676392,11,G,Q,F:\GENESIS Studio\genesis-studio\packages\engines-py\.pdb_cache\4XV2,A
234,ThermoMPNN,4XV2,1.3549684286117554,11,G,R,F:\GENESIS Studio\genesis-studio\packages\engines-py\.pdb_cache\4XV2,A
235,ThermoMPNN,4XV2,1.2502361536026,11,G,S,F:\GENESIS Studio\genesis-studio\packages\engines-py\.pdb_cache\4XV2,A
236,ThermoMPNN,4XV2,1.1931500434875488,11,G,T,F:\GENESIS Studio\genesis-studio\packages\engines-py\.pdb_cache\4XV2,A
237,ThermoMPNN,4XV2,1.414292812347412,11,G,V,F:\GENESIS Studio\genesis-studio\packages\engines-py\.pdb_cache\4XV2,A
238,ThermoMPNN,4XV2,0.8925222754478455,11,G,W,F:\GENESIS Studio\genesis-studio\packages\engines-py\.pdb_cache\4XV2,A
239,ThermoMPNN,4XV2,0.6551945805549622,11,G,Y,F:\GENESIS Studio\genesis-studio\packages\engines-py\.pdb_cache\4XV2,A
240,ThermoMPNN,4XV2,-0.003586888313293457,12,Q,A,F:\GENESIS Studio\genesis-studio\packages\engines-py\.pdb_cache\4XV2,A
241,ThermoMPNN,4XV2,-0.27983903884887695,12,Q,C,F:\GENESIS Studio\genesis-studio\packages\engines-py\.pdb_cache\4XV2,A
242,ThermoMPNN,4XV2,0.07276588678359985,12,Q,D,F:\GENESIS Studio\genesis-studio\packages\engines-py\.pdb_cache\4XV2,A
243,ThermoMPNN,4XV2,-0.21111446619033813,12,Q,E,F:\GENESIS Studio\genesis-studio\packages\engines-py\.pdb_cache\4XV2,A
244,ThermoMPNN,4XV2,-0.11216777563095093,12,Q,F,F:\GENESIS Studio\genesis-studio\packages\engines-py\.pdb_cache\4XV2,A
245,ThermoMPNN,4XV2,0.2726781666278839,12,Q,G,F:\GENESIS Studio\genesis-studio\packages\engines-py\.pdb_cache\4XV2,A
246,ThermoMPNN,4XV2,-0.09375017881393433,12,Q,H,F:\GENESIS Studio\genesis-studio\packages\engines-py\.pdb_cache\4XV2,A
247,ThermoMPNN,4XV2,-0.028400897979736328,12,Q,I,F:\GENESIS Studio\genesis-studio\packages\engines-py\.pdb_cache\4XV2,A
248,ThermoMPNN,4XV2,0.12266772985458374,12,Q,K,F:\GENESIS Studio\genesis-studio\packages\engines-py\.pdb_cache\4XV2,A
249,ThermoMPNN,4XV2,0.16295576095581055,12,Q,L,F:\GENESIS Studio\genesis-studio\packages\engines-py\.pdb_cache\4XV2,A
250,ThermoMPNN,4XV2,0.08031225204467773,12,Q,M,F:\GENESIS Studio\genesis-studio\packages\engines-py\.pdb_cache\4XV2,A
251,ThermoMPNN,4XV2,0.20844101905822754,12,Q,N,F:\GENESIS Studio\genesis-studio\packages\engines-py\.pdb_cache\4XV2,A
252,ThermoMPNN,4XV2,0.24699723720550537,12,Q,P,F:\GENESIS Studio\genesis-studio\packages\engines-py\.pdb_cache\4XV2,A
253,ThermoMPNN,4XV2,0.0,12,Q,Q,F:\GENESIS Studio\genesis-studio\packages\engines-py\.pdb_cache\4XV2,A
254,ThermoMPNN,4XV2,0.10198730230331421,12,Q,R,F:\GENESIS Studio\genesis-studio\packages\engines-py\.pdb_cache\4XV2,A
255,ThermoMPNN,4XV2,-0.0276220440864563,12,Q,S,F:\GENESIS Studio\genesis-studio\packages\engines-py\.pdb_cache\4XV2,A
256,ThermoMPNN,4XV2,-0.0029524564743041992,12,Q,T,F:\GENESIS Studio\genesis-studio\packages\engines-py\.pdb_cache\4XV2,A
257,ThermoMPNN,4XV2,0.05196976661682129,12,Q,V,F:\GENESIS Studio\genesis-studio\packages\engines-py\.pdb_cache\4XV2,A
258,ThermoMPNN,4XV2,-0.051746904850006104,12,Q,W,F:\GENESIS Studio\genesis-studio\packages\engines-py\.pdb_cache\4XV2,A
259,ThermoMPNN,4XV2,-0.05840057134628296,12,Q,Y,F:\GENESIS Studio\genesis-studio\packages\engines-py\.pdb_cache\4XV2,A
260,ThermoMPNN,4XV2,0.6667581796646118,13,R,A,F:\GENESIS Studio\genesis-studio\packages\engines-py\.pdb_cache\4XV2,A
261,ThermoMPNN,4XV2,-0.05887115001678467,13,R,C,F:\GENESIS Studio\genesis-studio\packages\engines-py\.pdb_cache\4XV2,A
262,ThermoMPNN,4XV2,1.3531265258789062,13,R,D,F:\GENESIS Studio\genesis-studio\packages\engines-py\.pdb_cache\4XV2,A
263,ThermoMPNN,4XV2,0.4051595628261566,13,R,E,F:\GENESIS Studio\genesis-studio\packages\engines-py\.pdb_cache\4XV2,A
264,ThermoMPNN,4XV2,-0.35627567768096924,13,R,F,F:\GENESIS Studio\genesis-studio\packages\engines-py\.pdb_cache\4XV2,A
265,ThermoMPNN,4XV2,1.227586269378662,13,R,G,F:\GENESIS Studio\genesis-studio\packages\engines-py\.pdb_cache\4XV2,A
266,ThermoMPNN,4XV2,0.3346496820449829,13,R,H,F:\GENESIS Studio\genesis-studio\packages\engines-py\.pdb_cache\4XV2,A
267,ThermoMPNN,4XV2,-0.447914719581604,13,R,I,F:\GENESIS Studio\genesis-studio\packages\engines-py\.pdb_cache\4XV2,A
268,ThermoMPNN,4XV2,0.11185550689697266,13,R,K,F:\GENESIS Studio\genesis-studio\packages\engines-py\.pdb_cache\4XV2,A
269,ThermoMPNN,4XV2,-0.22760522365570068,13,R,L,F:\GENESIS Studio\genesis-studio\packages\engines-py\.pdb_cache\4XV2,A
270,ThermoMPNN,4XV2,-0.11708581447601318,13,R,M,F:\GENESIS Studio\genesis-studio\packages\engines-py\.pdb_cache\4XV2,A
271,ThermoMPNN,4XV2,0.9794195890426636,13,R,N,F:\GENESIS Studio\genesis-studio\packages\engines-py\.pdb_cache\4XV2,A
272,ThermoMPNN,4XV2,0.6146680116653442,13,R,P,F:\GENESIS Studio\genesis-studio\packages\engines-py\.pdb_cache\4XV2,A
273,ThermoMPNN,4XV2,0.33661723136901855,13,R,Q,F:\GENESIS Studio\genesis-studio\packages\engines-py\.pdb_cache\4XV2,A
274,ThermoMPNN,4XV2,0.0,13,R,R,F:\GENESIS Studio\genesis-studio\packages\engines-py\.pdb_cache\4XV2,A
275,ThermoMPNN,4XV2,0.8028734922409058,13,R,S,F:\GENESIS Studio\genesis-studio\packages\engines-py\.pdb_cache\4XV2,A
276,ThermoMPNN,4XV2,0.4347127377986908,13,R,T,F:\GENESIS Studio\genesis-studio\packages\engines-py\.pdb_cache\4XV2,A
277,ThermoMPNN,4XV2,-0.24910509586334229,13,R,V,F:\GENESIS Studio\genesis-studio\packages\engines-py\.pdb_cache\4XV2,A
278,ThermoMPNN,4XV2,-0.0779154896736145,13,R,W,F:\GENESIS Studio\genesis-studio\packages\engines-py\.pdb_cache\4XV2,A
279,ThermoMPNN,4XV2,-0.24373924732208252,13,R,Y,F:\GENESIS Studio\genesis-studio\packages\engines-py\.pdb_cache\4XV2,A
280,ThermoMPNN,4XV2,1.894984245300293,14,I,A,F:\GENESIS Studio\genesis-studio\packages\engines-py\.pdb_cache\4XV2,A
281,ThermoMPNN,4XV2,1.222920298576355,14,I,C,F:\GENESIS Studio\genesis-studio\packages\engines-py\.pdb_cache\4XV2,A
282,ThermoMPNN,4XV2,2.4469640254974365,14,I,D,F:\GENESIS Studio\genesis-studio\packages\engines-py\.pdb_cache\4XV2,A
283,ThermoMPNN,4XV2,2.3545119762420654,14,I,E,F:\GENESIS Studio\genesis-studio\packages\engines-py\.pdb_cache\4XV2,A
284,ThermoMPNN,4XV2,1.3195436000823975,14,I,F,F:\GENESIS Studio\genesis-studio\packages\engines-py\.pdb_cache\4XV2,A
285,ThermoMPNN,4XV2,2.6431803703308105,14,I,G,F:\GENESIS Studio\genesis-studio\packages\engines-py\.pdb_cache\4XV2,A
286,ThermoMPNN,4XV2,1.9643824100494385,14,I,H,F:\GENESIS Studio\genesis-studio\packages\engines-py\.pdb_cache\4XV2,A
287,ThermoMPNN,4XV2,0.0,14,I,I,F:\GENESIS Studio\genesis-studio\packages\engines-py\.pdb_cache\4XV2,A
288,ThermoMPNN,4XV2,2.138417959213257,14,I,K,F:\GENESIS Studio\genesis-studio\packages\engines-py\.pdb_cache\4XV2,A
289,ThermoMPNN,4XV2,0.558701753616333,14,I,L,F:\GENESIS Studio\genesis-studio\packages\engines-py\.pdb_cache\4XV2,A
290,ThermoMPNN,4XV2,1.0950912237167358,14,I,M,F:\GENESIS Studio\genesis-studio\packages\engines-py\.pdb_cache\4XV2,A
291,ThermoMPNN,4XV2,2.3234105110168457,14,I,N,F:\GENESIS Studio\genesis-studio\packages\engines-py\.pdb_cache\4XV2,A
292,ThermoMPNN,4XV2,2.956057548522949,14,I,P,F:\GENESIS Studio\genesis-studio\packages\engines-py\.pdb_cache\4XV2,A
293,ThermoMPNN,4XV2,2.2087388038635254,14,I,Q,F:\GENESIS Studio\genesis-studio\packages\engines-py\.pdb_cache\4XV2,A
294,ThermoMPNN,4XV2,2.141486644744873,14,I,R,F:\GENESIS Studio\genesis-studio\packages\engines-py\.pdb_cache\4XV2,A
295,ThermoMPNN,4XV2,2.366504669189453,14,I,S,F:\GENESIS Studio\genesis-studio\packages\engines-py\.pdb_cache\4XV2,A
296,ThermoMPNN,4XV2,2.0564634799957275,14,I,T,F:\GENESIS Studio\genesis-studio\packages\engines-py\.pdb_cache\4XV2,A
297,ThermoMPNN,4XV2,0.6290833950042725,14,I,V,F:\GENESIS Studio\genesis-studio\packages\engines-py\.pdb_cache\4XV2,A
298,ThermoMPNN,4XV2,1.4398877620697021,14,I,W,F:\GENESIS Studio\genesis-studio\packages\engines-py\.pdb_cache\4XV2,A
299,ThermoMPNN,4XV2,1.3862947225570679,14,I,Y,F:\GENESIS Studio\genesis-studio\packages\engines-py\.pdb_cache\4XV2,A
300,ThermoMPNN,4XV2,1.1551077365875244,15,G,A,F:\GENESIS Studio\genesis-studio\packages\engines-py\.pdb_cache\4XV2,A
301,ThermoMPNN,4XV2,0.6532532572746277,15,G,C,F:\GENESIS Studio\genesis-studio\packages\engines-py\.pdb_cache\4XV2,A
302,ThermoMPNN,4XV2,1.6170268058776855,15,G,D,F:\GENESIS Studio\genesis-studio\packages\engines-py\.pdb_cache\4XV2,A
303,ThermoMPNN,4XV2,1.483461618423462,15,G,E,F:\GENESIS Studio\genesis-studio\packages\engines-py\.pdb_cache\4XV2,A
304,ThermoMPNN,4XV2,0.7456086874008179,15,G,F,F:\GENESIS Studio\genesis-studio\packages\engines-py\.pdb_cache\4XV2,A
305,ThermoMPNN,4XV2,0.0,15,G,G,F:\GENESIS Studio\genesis-studio\packages\engines-py\.pdb_cache\4XV2,A
306,ThermoMPNN,4XV2,1.3895796537399292,15,G,H,F:\GENESIS Studio\genesis-studio\packages\engines-py\.pdb_cache\4XV2,A
307,ThermoMPNN,4XV2,1.0861374139785767,15,G,I,F:\GENESIS Studio\genesis-studio\packages\engines-py\.pdb_cache\4XV2,A
308,ThermoMPNN,4XV2,1.5517330169677734,15,G,K,F:\GENESIS Studio\genesis-studio\packages\engines-py\.pdb_cache\4XV2,A
309,ThermoMPNN,4XV2,0.8925657272338867,15,G,L,F:\GENESIS Studio\genesis-studio\packages\engines-py\.pdb_cache\4XV2,A
310,ThermoMPNN,4XV2,0.976722240447998,15,G,M,F:\GENESIS Studio\genesis-studio\packages\engines-py\.pdb_cache\4XV2,A
311,ThermoMPNN,4XV2,1.4803495407104492,15,G,N,F:\GENESIS Studio\genesis-studio\packages\engines-py\.pdb_cache\4XV2,A
312,ThermoMPNN,4XV2,1.9794032573699951,15,G,P,F:\GENESIS Studio\genesis-studio\packages\engines-py\.pdb_cache\4XV2,A
313,ThermoMPNN,4XV2,1.4490119218826294,15,G,Q,F:\GENESIS Studio\genesis-studio\packages\engines-py\.pdb_cache\4XV2,A
314,ThermoMPNN,4XV2,1.5680339336395264,15,G,R,F:\GENESIS Studio\genesis-studio\packages\engines-py\.pdb_cache\4XV2,A
315,ThermoMPNN,4XV2,1.339931607246399,15,G,S,F:\GENESIS Studio\genesis-studio\packages\engines-py\.pdb_cache\4XV2,A
316,ThermoMPNN,4XV2,1.3717677593231201,15,G,T,F:\GENESIS Studio\genesis-studio\packages\engines-py\.pdb_cache\4XV2,A
317,ThermoMPNN,4XV2,0.9872413277626038,15,G,V,F:\GENESIS Studio\genesis-studio\packages\engines-py\.pdb_cache\4XV2,A
318,ThermoMPNN,4XV2,0.9477124810218811,15,G,W,F:\GENESIS Studio\genesis-studio\packages\engines-py\.pdb_cache\4XV2,A
319,ThermoMPNN,4XV2,0.9005835652351379,15,G,Y,F:\GENESIS Studio\genesis-studio\packages\engines-py\.pdb_cache\4XV2,A
320,ThermoMPNN,4XV2,0.19077712297439575,16,S,A,F:\GENESIS Studio\genesis-studio\packages\engines-py\.pdb_cache\4XV2,A
321,ThermoMPNN,4XV2,-0.03476208448410034,16,S,C,F:\GENESIS Studio\genesis-studio\packages\engines-py\.pdb_cache\4XV2,A
322,ThermoMPNN,4XV2,0.15410172939300537,16,S,D,F:\GENESIS Studio\genesis-studio\packages\engines-py\.pdb_cache\4XV2,A
323,ThermoMPNN,4XV2,0.03196901082992554,16,S,E,F:\GENESIS Studio\genesis-studio\packages\engines-py\.pdb_cache\4XV2,A
324,ThermoMPNN,4XV2,0.30384403467178345,16,S,F,F:\GENESIS Studio\genesis-studio\packages\engines-py\.pdb_cache\4XV2,A
325,ThermoMPNN,4XV2,0.5246608257293701,16,S,G,F:\GENESIS Studio\genesis-studio\packages\engines-py\.pdb_cache\4XV2,A
326,ThermoMPNN,4XV2,0.12610316276550293,16,S,H,F:\GENESIS Studio\genesis-studio\packages\engines-py\.pdb_cache\4XV2,A
327,ThermoMPNN,4XV2,0.1420779824256897,16,S,I,F:\GENESIS Studio\genesis-studio\packages\engines-py\.pdb_cache\4XV2,A
328,ThermoMPNN,4XV2,0.03238356113433838,16,S,K,F:\GENESIS Studio\genesis-studio\packages\engines-py\.pdb_cache\4XV2,A
329,ThermoMPNN,4XV2,0.19360798597335815,16,S,L,F:\GENESIS Studio\genesis-studio\packages\engines-py\.pdb_cache\4XV2,A
330,ThermoMPNN,4XV2,0.22334372997283936,16,S,M,F:\GENESIS Studio\genesis-studio\packages\engines-py\.pdb_cache\4XV2,A
331,ThermoMPNN,4XV2,0.012066423892974854,16,S,N,F:\GENESIS Studio\genesis-studio\packages\engines-py\.pdb_cache\4XV2,A
332,ThermoMPNN,4XV2,1.487826943397522,16,S,P,F:\GENESIS Studio\genesis-studio\packages\engines-py\.pdb_cache\4XV2,A
333,ThermoMPNN,4XV2,0.08219313621520996,16,S,Q,F:\GENESIS Studio\genesis-studio\packages\engines-py\.pdb_cache\4XV2,A
334,ThermoMPNN,4XV2,-0.026586830615997314,16,S,R,F:\GENESIS Studio\genesis-studio\packages\engines-py\.pdb_cache\4XV2,A
335,ThermoMPNN,4XV2,0.0,16,S,S,F:\GENESIS Studio\genesis-studio\packages\engines-py\.pdb_cache\4XV2,A
336,ThermoMPNN,4XV2,-0.03264188766479492,16,S,T,F:\GENESIS Studio\genesis-studio\packages\engines-py\.pdb_cache\4XV2,A
337,ThermoMPNN,4XV2,0.14881139993667603,16,S,V,F:\GENESIS Studio\genesis-studio\packages\engines-py\.pdb_cache\4XV2,A
338,ThermoMPNN,4XV2,0.5142099857330322,16,S,W,F:\GENESIS Studio\genesis-studio\packages\engines-py\.pdb_cache\4XV2,A
339,ThermoMPNN,4XV2,0.4175976514816284,16,S,Y,F:\GENESIS Studio\genesis-studio\packages\engines-py\.pdb_cache\4XV2,A
340,ThermoMPNN,4XV2,1.0298601388931274,17,G,A,F:\GENESIS Studio\genesis-studio\packages\engines-py\.pdb_cache\4XV2,A
341,ThermoMPNN,4XV2,0.3770511746406555,17,G,C,F:\GENESIS Studio\genesis-studio\packages\engines-py\.pdb_cache\4XV2,A
342,ThermoMPNN,4XV2,0.9402505159378052,17,G,D,F:\GENESIS Studio\genesis-studio\packages\engines-py\.pdb_cache\4XV2,A
343,ThermoMPNN,4XV2,0.8861469030380249,17,G,E,F:\GENESIS Studio\genesis-studio\packages\engines-py\.pdb_cache\4XV2,A
344,ThermoMPNN,4XV2,0.4916175603866577,17,G,F,F:\GENESIS Studio\genesis-studio\packages\engines-py\.pdb_cache\4XV2,A
345,ThermoMPNN,4XV2,0.0,17,G,G,F:\GENESIS Studio\genesis-studio\packages\engines-py\.pdb_cache\4XV2,A
346,ThermoMPNN,4XV2,0.9706365466117859,17,G,H,F:\GENESIS Studio\genesis-studio\packages\engines-py\.pdb_cache\4XV2,A
347,ThermoMPNN,4XV2,0.9562779664993286,17,G,I,F:\GENESIS Studio\genesis-studio\packages\engines-py\.pdb_cache\4XV2,A
348,ThermoMPNN,4XV2,1.2019479274749756,17,G,K,F:\GENESIS Studio\genesis-studio\packages\engines-py\.pdb_cache\4XV2,A
349,ThermoMPNN,4XV2,0.8001642227172852,17,G,L,F:\GENESIS Studio\genesis-studio\packages\engines-py\.pdb_cache\4XV2,A
350,ThermoMPNN,4XV2,0.7782176733016968,17,G,M,F:\GENESIS Studio\genesis-studio\packages\engines-py\.pdb_cache\4XV2,A
351,ThermoMPNN,4XV2,0.9665830135345459,17,G,N,F:\GENESIS Studio\genesis-studio\packages\engines-py\.pdb_cache\4XV2,A
352,ThermoMPNN,4XV2,1.8286566734313965,17,G,P,F:\GENESIS Studio\genesis-studio\packages\engines-py\.pdb_cache\4XV2,A
353,ThermoMPNN,4XV2,1.0274746417999268,17,G,Q,F:\GENESIS Studio\genesis-studio\packages\engines-py\.pdb_cache\4XV2,A
354,ThermoMPNN,4XV2,1.3069851398468018,17,G,R,F:\GENESIS Studio\genesis-studio\packages\engines-py\.pdb_cache\4XV2,A
355,ThermoMPNN,4XV2,0.9381046295166016,17,G,S,F:\GENESIS Studio\genesis-studio\packages\engines-py\.pdb_cache\4XV2,A
356,ThermoMPNN,4XV2,0.759215772151947,17,G,T,F:\GENESIS Studio\genesis-studio\packages\engines-py\.pdb_cache\4XV2,A
357,ThermoMPNN,4XV2,0.9696354866027832,17,G,V,F:\GENESIS Studio\genesis-studio\packages\engines-py\.pdb_cache\4XV2,A
358,ThermoMPNN,4XV2,0.7180283069610596,17,G,W,F:\GENESIS Studio\genesis-studio\packages\engines-py\.pdb_cache\4XV2,A
359,ThermoMPNN,4XV2,0.5573404431343079,17,G,Y,F:\GENESIS Studio\genesis-studio\packages\engines-py\.pdb_cache\4XV2,A
360,ThermoMPNN,4XV2,0.21581733226776123,18,S,A,F:\GENESIS Studio\genesis-studio\packages\engines-py\.pdb_cache\4XV2,A
361,ThermoMPNN,4XV2,0.1976931095123291,18,S,C,F:\GENESIS Studio\genesis-studio\packages\engines-py\.pdb_cache\4XV2,A
362,ThermoMPNN,4XV2,0.3882367014884949,18,S,D,F:\GENESIS Studio\genesis-studio\packages\engines-py\.pdb_cache\4XV2,A
363,ThermoMPNN,4XV2,0.3179936408996582,18,S,E,F:\GENESIS Studio\genesis-studio\packages\engines-py\.pdb_cache\4XV2,A
364,ThermoMPNN,4XV2,1.1739470958709717,18,S,F,F:\GENESIS Studio\genesis-studio\packages\engines-py\.pdb_cache\4XV2,A
365,ThermoMPNN,4XV2,0.462459921836853,18,S,G,F:\GENESIS Studio\genesis-studio\packages\engines-py\.pdb_cache\4XV2,A
366,ThermoMPNN,4XV2,0.4474829435348511,18,S,H,F:\GENESIS Studio\genesis-studio\packages\engines-py\.pdb_cache\4XV2,A
367,ThermoMPNN,4XV2,1.3762774467468262,18,S,I,F:\GENESIS Studio\genesis-studio\packages\engines-py\.pdb_cache\4XV2,A
368,ThermoMPNN,4XV2,0.8424562215805054,18,S,K,F:\GENESIS Studio\genesis-studio\packages\engines-py\.pdb_cache\4XV2,A
369,ThermoMPNN,4XV2,1.140720248222351,18,S,L,F:\GENESIS Studio\genesis-studio\packages\engines-py\.pdb_cache\4XV2,A
370,ThermoMPNN,4XV2,0.8931670188903809,18,S,M,F:\GENESIS Studio\genesis-studio\packages\engines-py\.pdb_cache\4XV2,A
371,ThermoMPNN,4XV2,0.22611284255981445,18,S,N,F:\GENESIS Studio\genesis-studio\packages\engines-py\.pdb_cache\4XV2,A
372,ThermoMPNN,4XV2,1.2441620826721191,18,S,P,F:\GENESIS Studio\genesis-studio\packages\engines-py\.pdb_cache\4XV2,A
373,ThermoMPNN,4XV2,0.6957792043685913,18,S,Q,F:\GENESIS Studio\genesis-studio\packages\engines-py\.pdb_cache\4XV2,A
374,ThermoMPNN,4XV2,0.8837339282035828,18,S,R,F:\GENESIS Studio\genesis-studio\packages\engines-py\.pdb_cache\4XV2,A
375,ThermoMPNN,4XV2,0.0,18,S,S,F:\GENESIS Studio\genesis-studio\packages\engines-py\.pdb_cache\4XV2,A
376,ThermoMPNN,4XV2,0.36584240198135376,18,S,T,F:\GENESIS Studio\genesis-studio\packages\engines-py\.pdb_cache\4XV2,A
377,ThermoMPNN,4XV2,1.3587192296981812,18,S,V,F:\GENESIS Studio\genesis-studio\packages\engines-py\.pdb_cache\4XV2,A
378,ThermoMPNN,4XV2,0.9870846271514893,18,S,W,F:\GENESIS Studio\genesis-studio\packages\engines-py\.pdb_cache\4XV2,A
379,ThermoMPNN,4XV2,0.9861336350440979,18,S,Y,F:\GENESIS Studio\genesis-studio\packages\engines-py\.pdb_cache\4XV2,A
380,ThermoMPNN,4XV2,0.45607197284698486,19,F,A,F:\GENESIS Studio\genesis-studio\packages\engines-py\.pdb_cache\4XV2,A
381,ThermoMPNN,4XV2,-0.03087294101715088,19,F,C,F:\GENESIS Studio\genesis-studio\packages\engines-py\.pdb_cache\4XV2,A
382,ThermoMPNN,4XV2,0.5282251834869385,19,F,D,F:\GENESIS Studio\genesis-studio\packages\engines-py\.pdb_cache\4XV2,A
383,ThermoMPNN,4XV2,0.46012449264526367,19,F,E,F:\GENESIS Studio\genesis-studio\packages\engines-py\.pdb_cache\4XV2,A
384,ThermoMPNN,4XV2,0.0,19,F,F,F:\GENESIS Studio\genesis-studio\packages\engines-py\.pdb_cache\4XV2,A
385,ThermoMPNN,4XV2,0.6062581539154053,19,F,G,F:\GENESIS Studio\genesis-studio\packages\engines-py\.pdb_cache\4XV2,A
386,ThermoMPNN,4XV2,0.3951401114463806,19,F,H,F:\GENESIS Studio\genesis-studio\packages\engines-py\.pdb_cache\4XV2,A
387,ThermoMPNN,4XV2,0.22583520412445068,19,F,I,F:\GENESIS Studio\genesis-studio\packages\engines-py\.pdb_cache\4XV2,A
388,ThermoMPNN,4XV2,0.47971856594085693,19,F,K,F:\GENESIS Studio\genesis-studio\packages\engines-py\.pdb_cache\4XV2,A
389,ThermoMPNN,4XV2,0.32326799631118774,19,F,L,F:\GENESIS Studio\genesis-studio\packages\engines-py\.pdb_cache\4XV2,A
390,ThermoMPNN,4XV2,0.213387131690979,19,F,M,F:\GENESIS Studio\genesis-studio\packages\engines-py\.pdb_cache\4XV2,A
391,ThermoMPNN,4XV2,0.4632737636566162,19,F,N,F:\GENESIS Studio\genesis-studio\packages\engines-py\.pdb_cache\4XV2,A
392,ThermoMPNN,4XV2,0.9505141377449036,19,F,P,F:\GENESIS Studio\genesis-studio\packages\engines-py\.pdb_cache\4XV2,A
393,ThermoMPNN,4XV2,0.363586962223053,19,F,Q,F:\GENESIS Studio\genesis-studio\packages\engines-py\.pdb_cache\4XV2,A
394,ThermoMPNN,4XV2,0.5008218288421631,19,F,R,F:\GENESIS Studio\genesis-studio\packages\engines-py\.pdb_cache\4XV2,A
395,ThermoMPNN,4XV2,0.3241903781890869,19,F,S,F:\GENESIS Studio\genesis-studio\packages\engines-py\.pdb_cache\4XV2,A
396,ThermoMPNN,4XV2,0.2396484613418579,19,F,T,F:\GENESIS Studio\genesis-studio\packages\engines-py\.pdb_cache\4XV2,A
397,ThermoMPNN,4XV2,0.25362443923950195,19,F,V,F:\GENESIS Studio\genesis-studio\packages\engines-py\.pdb_cache\4XV2,A
398,ThermoMPNN,4XV2,-0.2862663269042969,19,F,W,F:\GENESIS Studio\genesis-studio\packages\engines-py\.pdb_cache\4XV2,A
399,ThermoMPNN,4XV2,0.06600487232208252,19,F,Y,F:\GENESIS Studio\genesis-studio\packages\engines-py\.pdb_cache\4XV2,A
400,ThermoMPNN,4XV2,1.5540189743041992,20,G,A,F:\GENESIS Studio\genesis-studio\packages\engines-py\.pdb_cache\4XV2,A
401,ThermoMPNN,4XV2,1.2936022281646729,20,G,C,F:\GENESIS Studio\genesis-studio\packages\engines-py\.pdb_cache\4XV2,A
402,ThermoMPNN,4XV2,2.368539333343506,20,G,D,F:\GENESIS Studio\genesis-studio\packages\engines-py\.pdb_cache\4XV2,A
403,ThermoMPNN,4XV2,2.286731481552124,20,G,E,F:\GENESIS Studio\genesis-studio\packages\engines-py\.pdb_cache\4XV2,A
404,ThermoMPNN,4XV2,1.1725590229034424,20,G,F,F:\GENESIS Studio\genesis-studio\packages\engines-py\.pdb_cache\4XV2,A
405,ThermoMPNN,4XV2,0.0,20,G,G,F:\GENESIS Studio\genesis-studio\packages\engines-py\.pdb_cache\4XV2,A
406,ThermoMPNN,4XV2,1.9581599235534668,20,G,H,F:\GENESIS Studio\genesis-studio\packages\engines-py\.pdb_cache\4XV2,A
407,ThermoMPNN,4XV2,1.6188515424728394,20,G,I,F:\GENESIS Studio\genesis-studio\packages\engines-py\.pdb_cache\4XV2,A
408,ThermoMPNN,4XV2,2.2647223472595215,20,G,K,F:\GENESIS Studio\genesis-studio\packages\engines-py\.pdb_cache\4XV2,A
409,ThermoMPNN,4XV2,1.6765578985214233,20,G,L,F:\GENESIS Studio\genesis-studio\packages\engines-py\.pdb_cache\4XV2,A
410,ThermoMPNN,4XV2,1.5394421815872192,20,G,M,F:\GENESIS Studio\genesis-studio\packages\engines-py\.pdb_cache\4XV2,A
411,ThermoMPNN,4XV2,2.2748281955718994,20,G,N,F:\GENESIS Studio\genesis-studio\packages\engines-py\.pdb_cache\4XV2,A
412,ThermoMPNN,4XV2,2.0811896324157715,20,G,P,F:\GENESIS Studio\genesis-studio\packages\engines-py\.pdb_cache\4XV2,A
413,ThermoMPNN,4XV2,2.1099250316619873,20,G,Q,F:\GENESIS Studio\genesis-studio\packages\engines-py\.pdb_cache\4XV2,A
414,ThermoMPNN,4XV2,2.1333370208740234,20,G,R,F:\GENESIS Studio\genesis-studio\packages\engines-py\.pdb_cache\4XV2,A
415,ThermoMPNN,4XV2,1.8750154972076416,20,G,S,F:\GENESIS Studio\genesis-studio\packages\engines-py\.pdb_cache\4XV2,A
416,ThermoMPNN,4XV2,2.051055431365967,20,G,T,F:\GENESIS Studio\genesis-studio\packages\engines-py\.pdb_cache\4XV2,A
417,ThermoMPNN,4XV2,1.6118800640106201,20,G,V,F:\GENESIS Studio\genesis-studio\packages\engines-py\.pdb_cache\4XV2,A
418,ThermoMPNN,4XV2,1.4203481674194336,20,G,W,F:\GENESIS Studio\genesis-studio\packages\engines-py\.pdb_cache\4XV2,A
419,ThermoMPNN,4XV2,1.3919373750686646,20,G,Y,F:\GENESIS Studio\genesis-studio\packages\engines-py\.pdb_cache\4XV2,A
420,ThermoMPNN,4XV2,0.9471459984779358,21,T,A,F:\GENESIS Studio\genesis-studio\packages\engines-py\.pdb_cache\4XV2,A
421,ThermoMPNN,4XV2,0.392852246761322,21,T,C,F:\GENESIS Studio\genesis-studio\packages\engines-py\.pdb_cache\4XV2,A
422,ThermoMPNN,4XV2,0.6941744089126587,21,T,D,F:\GENESIS Studio\genesis-studio\packages\engines-py\.pdb_cache\4XV2,A
423,ThermoMPNN,4XV2,0.26020002365112305,21,T,E,F:\GENESIS Studio\genesis-studio\packages\engines-py\.pdb_cache\4XV2,A
424,ThermoMPNN,4XV2,0.6210943460464478,21,T,F,F:\GENESIS Studio\genesis-studio\packages\engines-py\.pdb_cache\4XV2,A
425,ThermoMPNN,4XV2,1.7409167289733887,21,T,G,F:\GENESIS Studio\genesis-studio\packages\engines-py\.pdb_cache\4XV2,A
426,ThermoMPNN,4XV2,0.7275175452232361,21,T,H,F:\GENESIS Studio\genesis-studio\packages\engines-py\.pdb_cache\4XV2,A
427,ThermoMPNN,4XV2,0.15611565113067627,21,T,I,F:\GENESIS Studio\genesis-studio\packages\engines-py\.pdb_cache\4XV2,A
428,ThermoMPNN,4XV2,1.1330715417861938,21,T,K,F:\GENESIS Studio\genesis-studio\packages\engines-py\.pdb_cache\4XV2,A
429,ThermoMPNN,4XV2,0.4566746950149536,21,T,L,F:\GENESIS Studio\genesis-studio\packages\engines-py\.pdb_cache\4XV2,A
430,ThermoMPNN,4XV2,0.6581882238388062,21,T,M,F:\GENESIS Studio\genesis-studio\packages\engines-py\.pdb_cache\4XV2,A
431,ThermoMPNN,4XV2,0.9331880211830139,21,T,N,F:\GENESIS Studio\genesis-studio\packages\engines-py\.pdb_cache\4XV2,A
432,ThermoMPNN,4XV2,2.598301410675049,21,T,P,F:\GENESIS Studio\genesis-studio\packages\engines-py\.pdb_cache\4XV2,A
433,ThermoMPNN,4XV2,0.658380389213562,21,T,Q,F:\GENESIS Studio\genesis-studio\packages\engines-py\.pdb_cache\4XV2,A
434,ThermoMPNN,4XV2,1.1007838249206543,21,T,R,F:\GENESIS Studio\genesis-studio\packages\engines-py\.pdb_cache\4XV2,A
435,ThermoMPNN,4XV2,0.7145730257034302,21,T,S,F:\GENESIS Studio\genesis-studio\packages\engines-py\.pdb_cache\4XV2,A
436,ThermoMPNN,4XV2,0.0,21,T,T,F:\GENESIS Studio\genesis-studio\packages\engines-py\.pdb_cache\4XV2,A
437,ThermoMPNN,4XV2,0.08635556697845459,21,T,V,F:\GENESIS Studio\genesis-studio\packages\engines-py\.pdb_cache\4XV2,A
438,ThermoMPNN,4XV2,0.44663292169570923,21,T,W,F:\GENESIS Studio\genesis-studio\packages\engines-py\.pdb_cache\4XV2,A
439,ThermoMPNN,4XV2,0.4271003007888794,21,T,Y,F:\GENESIS Studio\genesis-studio\packages\engines-py\.pdb_cache\4XV2,A
440,ThermoMPNN,4XV2,0.8908933997154236,22,V,A,F:\GENESIS Studio\genesis-studio\packages\engines-py\.pdb_cache\4XV2,A
441,ThermoMPNN,4XV2,0.20069921016693115,22,V,C,F:\GENESIS Studio\genesis-studio\packages\engines-py\.pdb_cache\4XV2,A
442,ThermoMPNN,4XV2,1.17983078956604,22,V,D,F:\GENESIS Studio\genesis-studio\packages\engines-py\.pdb_cache\4XV2,A
443,ThermoMPNN,4XV2,0.8663676977157593,22,V,E,F:\GENESIS Studio\genesis-studio\packages\engines-py\.pdb_cache\4XV2,A
444,ThermoMPNN,4XV2,-0.38854384422302246,22,V,F,F:\GENESIS Studio\genesis-studio\packages\engines-py\.pdb_cache\4XV2,A
445,ThermoMPNN,4XV2,1.6609077453613281,22,V,G,F:\GENESIS Studio\genesis-studio\packages\engines-py\.pdb_cache\4XV2,A
446,ThermoMPNN,4XV2,0.753142237663269,22,V,H,F:\GENESIS Studio\genesis-studio\packages\engines-py\.pdb_cache\4XV2,A
447,ThermoMPNN,4XV2,-0.02691364288330078,22,V,I,F:\GENESIS Studio\genesis-studio\packages\engines-py\.pdb_cache\4XV2,A
448,ThermoMPNN,4XV2,1.3545730113983154,22,V,K,F:\GENESIS Studio\genesis-studio\packages\engines-py\.pdb_cache\4XV2,A
449,ThermoMPNN,4XV2,-0.026658058166503906,22,V,L,F:\GENESIS Studio\genesis-studio\packages\engines-py\.pdb_cache\4XV2,A
450,ThermoMPNN,4XV2,0.29659557342529297,22,V,M,F:\GENESIS Studio\genesis-studio\packages\engines-py\.pdb_cache\4XV2,A
451,ThermoMPNN,4XV2,1.1916124820709229,22,V,N,F:\GENESIS Studio\genesis-studio\packages\engines-py\.pdb_cache\4XV2,A
452,ThermoMPNN,4XV2,2.1802632808685303,22,V,P,F:\GENESIS Studio\genesis-studio\packages\engines-py\.pdb_cache\4XV2,A
453,ThermoMPNN,4XV2,1.0736709833145142,22,V,Q,F:\GENESIS Studio\genesis-studio\packages\engines-py\.pdb_cache\4XV2,A
454,ThermoMPNN,4XV2,1.2021808624267578,22,V,R,F:\GENESIS Studio\genesis-studio\packages\engines-py\.pdb_cache\4XV2,A
455,ThermoMPNN,4XV2,1.166321039199829,22,V,S,F:\GENESIS Studio\genesis-studio\packages\engines-py\.pdb_cache\4XV2,A
456,ThermoMPNN,4XV2,0.7815000414848328,22,V,T,F:\GENESIS Studio\genesis-studio\packages\engines-py\.pdb_cache\4XV2,A
457,ThermoMPNN,4XV2,0.0,22,V,V,F:\GENESIS Studio\genesis-studio\packages\engines-py\.pdb_cache\4XV2,A
458,ThermoMPNN,4XV2,-0.2588205337524414,22,V,W,F:\GENESIS Studio\genesis-studio\packages\engines-py\.pdb_cache\4XV2,A
459,ThermoMPNN,4XV2,-0.40906262397766113,22,V,Y,F:\GENESIS Studio\genesis-studio\packages\engines-py\.pdb_cache\4XV2,A
460,ThermoMPNN,4XV2,2.8877739906311035,23,Y,A,F:\GENESIS Studio\genesis-studio\packages\engines-py\.pdb_cache\4XV2,A
461,ThermoMPNN,4XV2,1.9772188663482666,23,Y,C,F:\GENESIS Studio\genesis-studio\packages\engines-py\.pdb_cache\4XV2,A
462,ThermoMPNN,4XV2,3.6789824962615967,23,Y,D,F:\GENESIS Studio\genesis-studio\packages\engines-py\.pdb_cache\4XV2,A
463,ThermoMPNN,4XV2,3.2075998783111572,23,Y,E,F:\GENESIS Studio\genesis-studio\packages\engines-py\.pdb_cache\4XV2,A
464,ThermoMPNN,4XV2,0.6654927730560303,23,Y,F,F:\GENESIS Studio\genesis-studio\packages\engines-py\.pdb_cache\4XV2,A
465,ThermoMPNN,4XV2,3.1827573776245117,23,Y,G,F:\GENESIS Studio\genesis-studio\packages\engines-py\.pdb_cache\4XV2,A
466,ThermoMPNN,4XV2,1.5236246585845947,23,Y,H,F:\GENESIS Studio\genesis-studio\packages\engines-py\.pdb_cache\4XV2,A
467,ThermoMPNN,4XV2,2.5370168685913086,23,Y,I,F:\GENESIS Studio\genesis-studio\packages\engines-py\.pdb_cache\4XV2,A
468,ThermoMPNN,4XV2,2.5544886589050293,23,Y,K,F:\GENESIS Studio\genesis-studio\packages\engines-py\.pdb_cache\4XV2,A
469,ThermoMPNN,4XV2,2.3478217124938965,23,Y,L,F:\GENESIS Studio\genesis-studio\packages\engines-py\.pdb_cache\4XV2,A
470,ThermoMPNN,4XV2,2.340515613555908,23,Y,M,F:\GENESIS Studio\genesis-studio\packages\engines-py\.pdb_cache\4XV2,A
471,ThermoMPNN,4XV2,2.838254928588867,23,Y,N,F:\GENESIS Studio\genesis-studio\packages\engines-py\.pdb_cache\4XV2,A
472,ThermoMPNN,4XV2,3.379093647003174,23,Y,P,F:\GENESIS Studio\genesis-studio\packages\engines-py\.pdb_cache\4XV2,A
473,ThermoMPNN,4XV2,2.7849678993225098,23,Y,Q,F:\GENESIS Studio\genesis-studio\packages\engines-py\.pdb_cache\4XV2,A
474,ThermoMPNN,4XV2,2.2077276706695557,23,Y,R,F:\GENESIS Studio\genesis-studio\packages\engines-py\.pdb_cache\4XV2,A
475,ThermoMPNN,4XV2,3.10689115524292,23,Y,S,F:\GENESIS Studio\genesis-studio\packages\engines-py\.pdb_cache\4XV2,A
476,ThermoMPNN,4XV2,3.0925726890563965,23,Y,T,F:\GENESIS Studio\genesis-studio\packages\engines-py\.pdb_cache\4XV2,A
477,ThermoMPNN,4XV2,2.5349228382110596,23,Y,V,F:\GENESIS Studio\genesis-studio\packages\engines-py\.pdb_cache\4XV2,A
478,ThermoMPNN,4XV2,1.1110135316848755,23,Y,W,F:\GENESIS Studio\genesis-studio\packages\engines-py\.pdb_cache\4XV2,A
479,ThermoMPNN,4XV2,0.0,23,Y,Y,F:\GENESIS Studio\genesis-studio\packages\engines-py\.pdb_cache\4XV2,A
480,ThermoMPNN,4XV2,1.188279628753662,24,K,A,F:\GENESIS Studio\genesis-studio\packages\engines-py\.pdb_cache\4XV2,A
481,ThermoMPNN,4XV2,0.8552733659744263,24,K,C,F:\GENESIS Studio\genesis-studio\packages\engines-py\.pdb_cache\4XV2,A
482,ThermoMPNN,4XV2,2.576052188873291,24,K,D,F:\GENESIS Studio\genesis-studio\packages\engines-py\.pdb_cache\4XV2,A
483,ThermoMPNN,4XV2,1.4942314624786377,24,K,E,F:\GENESIS Studio\genesis-studio\packages\engines-py\.pdb_cache\4XV2,A
484,ThermoMPNN,4XV2,1.035046935081482,24,K,F,F:\GENESIS Studio\genesis-studio\packages\engines-py\.pdb_cache\4XV2,A
485,ThermoMPNN,4XV2,2.049055814743042,24,K,G,F:\GENESIS Studio\genesis-studio\packages\engines-py\.pdb_cache\4XV2,A
486,ThermoMPNN,4XV2,1.012812852859497,24,K,H,F:\GENESIS Studio\genesis-studio\packages\engines-py\.pdb_cache\4XV2,A
487,ThermoMPNN,4XV2,0.712775468826294,24,K,I,F:\GENESIS Studio\genesis-studio\packages\engines-py\.pdb_cache\4XV2,A
488,ThermoMPNN,4XV2,0.0,24,K,K,F:\GENESIS Studio\genesis-studio\packages\engines-py\.pdb_cache\4XV2,A
489,ThermoMPNN,4XV2,0.7924666404724121,24,K,L,F:\GENESIS Studio\genesis-studio\packages\engines-py\.pdb_cache\4XV2,A
490,ThermoMPNN,4XV2,0.6715607643127441,24,K,M,F:\GENESIS Studio\genesis-studio\packages\engines-py\.pdb_cache\4XV2,A
491,ThermoMPNN,4XV2,1.6211495399475098,24,K,N,F:\GENESIS Studio\genesis-studio\packages\engines-py\.pdb_cache\4XV2,A
492,ThermoMPNN,4XV2,3.0664846897125244,24,K,P,F:\GENESIS Studio\genesis-studio\packages\engines-py\.pdb_cache\4XV2,A
493,ThermoMPNN,4XV2,0.5060710906982422,24,K,Q,F:\GENESIS Studio\genesis-studio\packages\engines-py\.pdb_cache\4XV2,A
494,ThermoMPNN,4XV2,0.10981953144073486,24,K,R,F:\GENESIS Studio\genesis-studio\packages\engines-py\.pdb_cache\4XV2,A
495,ThermoMPNN,4XV2,1.4129421710968018,24,K,S,F:\GENESIS Studio\genesis-studio\packages\engines-py\.pdb_cache\4XV2,A
496,ThermoMPNN,4XV2,1.26812744140625,24,K,T,F:\GENESIS Studio\genesis-studio\packages\engines-py\.pdb_cache\4XV2,A
497,ThermoMPNN,4XV2,0.9237370491027832,24,K,V,F:\GENESIS Studio\genesis-studio\packages\engines-py\.pdb_cache\4XV2,A
498,ThermoMPNN,4XV2,1.259485125541687,24,K,W,F:\GENESIS Studio\genesis-studio\packages\engines-py\.pdb_cache\4XV2,A
499,ThermoMPNN,4XV2,1.051788091659546,24,K,Y,F:\GENESIS Studio\genesis-studio\packages\engines-py\.pdb_cache\4XV2,A
500,ThermoMPNN,4XV2,1.5789586305618286,25,G,A,F:\GENESIS Studio\genesis-studio\packages\engines-py\.pdb_cache\4XV2,A
501,ThermoMPNN,4XV2,1.551347255706787,25,G,C,F:\GENESIS Studio\genesis-studio\packages\engines-py\.pdb_cache\4XV2,A
502,ThermoMPNN,4XV2,2.8426003456115723,25,G,D,F:\GENESIS Studio\genesis-studio\packages\engines-py\.pdb_cache\4XV2,A
503,ThermoMPNN,4XV2,2.8573198318481445,25,G,E,F:\GENESIS Studio\genesis-studio\packages\engines-py\.pdb_cache\4XV2,A
504,ThermoMPNN,4XV2,1.6340103149414062,25,G,F,F:\GENESIS Studio\genesis-studio\packages\engines-py\.pdb_cache\4XV2,A
505,ThermoMPNN,4XV2,0.0,25,G,G,F:\GENESIS Studio\genesis-studio\packages\engines-py\.pdb_cache\4XV2,A
506,ThermoMPNN,4XV2,2.364903450012207,25,G,H,F:\GENESIS Studio\genesis-studio\packages\engines-py\.pdb_cache\4XV2,A
507,ThermoMPNN,4XV2,2.0270493030548096,25,G,I,F:\GENESIS Studio\genesis-studio\packages\engines-py\.pdb_cache\4XV2,A
508,ThermoMPNN,4XV2,2.6487200260162354,25,G,K,F:\GENESIS Studio\genesis-studio\packages\engines-py\.pdb_cache\4XV2,A
509,ThermoMPNN,4XV2,2.174137592315674,25,G,L,F:\GENESIS Studio\genesis-studio\packages\engines-py\.pdb_cache\4XV2,A
510,ThermoMPNN,4XV2,2.0957658290863037,25,G,M,F:\GENESIS Studio\genesis-studio\packages\engines-py\.pdb_cache\4XV2,A
511,ThermoMPNN,4XV2,2.6465680599212646,25,G,N,F:\GENESIS Studio\genesis-studio\packages\engines-py\.pdb_cache\4XV2,A
512,ThermoMPNN,4XV2,2.5283002853393555,25,G,P,F:\GENESIS Studio\genesis-studio\packages\engines-py\.pdb_cache\4XV2,A
513,ThermoMPNN,4XV2,2.6349213123321533,25,G,Q,F:\GENESIS Studio\genesis-studio\packages\engines-py\.pdb_cache\4XV2,A
514,ThermoMPNN,4XV2,2.412019968032837,25,G,R,F:\GENESIS Studio\genesis-studio\packages\engines-py\.pdb_cache\4XV2,A
515,ThermoMPNN,4XV2,2.173755168914795,25,G,S,F:\GENESIS Studio\genesis-studio\packages\engines-py\.pdb_cache\4XV2,A
516,ThermoMPNN,4XV2,2.3058724403381348,25,G,T,F:\GENESIS Studio\genesis-studio\packages\engines-py\.pdb_cache\4XV2,A
517,ThermoMPNN,4XV2,1.9390285015106201,25,G,V,F:\GENESIS Studio\genesis-studio\packages\engines-py\.pdb_cache\4XV2,A
518,ThermoMPNN,4XV2,1.7694579362869263,25,G,W,F:\GENESIS Studio\genesis-studio\packages\engines-py\.pdb_cache\4XV2,A
519,ThermoMPNN,4XV2,1.7549395561218262,25,G,Y,F:\GENESIS Studio\genesis-studio\packages\engines-py\.pdb_cache\4XV2,A
520,ThermoMPNN,4XV2,0.752204954624176,26,K,A,F:\GENESIS Studio\genesis-studio\packages\engines-py\.pdb_cache\4XV2,A
521,ThermoMPNN,4XV2,0.004835605621337891,26,K,C,F:\GENESIS Studio\genesis-studio\packages\engines-py\.pdb_cache\4XV2,A
522,ThermoMPNN,4XV2,1.1433727741241455,26,K,D,F:\GENESIS Studio\genesis-studio\packages\engines-py\.pdb_cache\4XV2,A
523,ThermoMPNN,4XV2,0.788265585899353,26,K,E,F:\GENESIS Studio\genesis-studio\packages\engines-py\.pdb_cache\4XV2,A
524,ThermoMPNN,4XV2,0.12449193000793457,26,K,F,F:\GENESIS Studio\genesis-studio\packages\engines-py\.pdb_cache\4XV2,A
525,ThermoMPNN,4XV2,1.4529409408569336,26,K,G,F:\GENESIS Studio\genesis-studio\packages\engines-py\.pdb_cache\4XV2,A
526,ThermoMPNN,4XV2,0.09510314464569092,26,K,H,F:\GENESIS Studio\genesis-studio\packages\engines-py\.pdb_cache\4XV2,A
527,ThermoMPNN,4XV2,-0.014569401741027832,26,K,I,F:\GENESIS Studio\genesis-studio\packages\engines-py\.pdb_cache\4XV2,A
528,ThermoMPNN,4XV2,0.0,26,K,K,F:\GENESIS Studio\genesis-studio\packages\engines-py\.pdb_cache\4XV2,A
529,ThermoMPNN,4XV2,0.3481987714767456,26,K,L,F:\GENESIS Studio\genesis-studio\packages\engines-py\.pdb_cache\4XV2,A
530,ThermoMPNN,4XV2,0.3510693907737732,26,K,M,F:\GENESIS Studio\genesis-studio\packages\engines-py\.pdb_cache\4XV2,A
531,ThermoMPNN,4XV2,0.5202093720436096,26,K,N,F:\GENESIS Studio\genesis-studio\packages\engines-py\.pdb_cache\4XV2,A
532,ThermoMPNN,4XV2,2.4430084228515625,26,K,P,F:\GENESIS Studio\genesis-studio\packages\engines-py\.pdb_cache\4XV2,A
533,ThermoMPNN,4XV2,0.24121731519699097,26,K,Q,F:\GENESIS Studio\genesis-studio\packages\engines-py\.pdb_cache\4XV2,A
534,ThermoMPNN,4XV2,-0.03435862064361572,26,K,R,F:\GENESIS Studio\genesis-studio\packages\engines-py\.pdb_cache\4XV2,A
535,ThermoMPNN,4XV2,0.37736159563064575,26,K,S,F:\GENESIS Studio\genesis-studio\packages\engines-py\.pdb_cache\4XV2,A
536,ThermoMPNN,4XV2,0.09269154071807861,26,K,T,F:\GENESIS Studio\genesis-studio\packages\engines-py\.pdb_cache\4XV2,A
537,ThermoMPNN,4XV2,0.061356544494628906,26,K,V,F:\GENESIS Studio\genesis-studio\packages\engines-py\.pdb_cache\4XV2,A
538,ThermoMPNN,4XV2,0.26666903495788574,26,K,W,F:\GENESIS Studio\genesis-studio\packages\engines-py\.pdb_cache\4XV2,A
539,ThermoMPNN,4XV2,0.027069926261901855,26,K,Y,F:\GENESIS Studio\genesis-studio\packages\engines-py\.pdb_cache\4XV2,A
540,ThermoMPNN,4XV2,2.3473100662231445,27,W,A,F:\GENESIS Studio\genesis-studio\packages\engines-py\.pdb_cache\4XV2,A
541,ThermoMPNN,4XV2,1.3679916858673096,27,W,C,F:\GENESIS Studio\genesis-studio\packages\engines-py\.pdb_cache\4XV2,A
542,ThermoMPNN,4XV2,2.6445868015289307,27,W,D,F:\GENESIS Studio\genesis-studio\packages\engines-py\.pdb_cache\4XV2,A
543,ThermoMPNN,4XV2,2.568213701248169,27,W,E,F:\GENESIS Studio\genesis-studio\packages\engines-py\.pdb_cache\4XV2,A
544,ThermoMPNN,4XV2,0.7123637199401855,27,W,F,F:\GENESIS Studio\genesis-studio\packages\engines-py\.pdb_cache\4XV2,A
545,ThermoMPNN,4XV2,2.405205249786377,27,W,G,F:\GENESIS Studio\genesis-studio\packages\engines-py\.pdb_cache\4XV2,A
546,ThermoMPNN,4XV2,1.6544299125671387,27,W,H,F:\GENESIS Studio\genesis-studio\packages\engines-py\.pdb_cache\4XV2,A
547,ThermoMPNN,4XV2,1.6974111795425415,27,W,I,F:\GENESIS Studio\genesis-studio\packages\engines-py\.pdb_cache\4XV2,A
548,ThermoMPNN,4XV2,2.323129415512085,27,W,K,F:\GENESIS Studio\genesis-studio\packages\engines-py\.pdb_cache\4XV2,A
549,ThermoMPNN,4XV2,1.3409433364868164,27,W,L,F:\GENESIS Studio\genesis-studio\packages\engines-py\.pdb_cache\4XV2,A
550,ThermoMPNN,4XV2,1.5565903186798096,27,W,M,F:\GENESIS Studio\genesis-studio\packages\engines-py\.pdb_cache\4XV2,A
551,ThermoMPNN,4XV2,2.3730356693267822,27,W,N,F:\GENESIS Studio\genesis-studio\packages\engines-py\.pdb_cache\4XV2,A
552,ThermoMPNN,4XV2,2.345787525177002,27,W,P,F:\GENESIS Studio\genesis-studio\packages\engines-py\.pdb_cache\4XV2,A
553,ThermoMPNN,4XV2,2.3272862434387207,27,W,Q,F:\GENESIS Studio\genesis-studio\packages\engines-py\.pdb_cache\4XV2,A
554,ThermoMPNN,4XV2,2.156066656112671,27,W,R,F:\GENESIS Studio\genesis-studio\packages\engines-py\.pdb_cache\4XV2,A
555,ThermoMPNN,4XV2,2.408529758453369,27,W,S,F:\GENESIS Studio\genesis-studio\packages\engines-py\.pdb_cache\4XV2,A
556,ThermoMPNN,4XV2,2.543475866317749,27,W,T,F:\GENESIS Studio\genesis-studio\packages\engines-py\.pdb_cache\4XV2,A
557,ThermoMPNN,4XV2,1.910912275314331,27,W,V,F:\GENESIS Studio\genesis-studio\packages\engines-py\.pdb_cache\4XV2,A
558,ThermoMPNN,4XV2,0.0,27,W,W,F:\GENESIS Studio\genesis-studio\packages\engines-py\.pdb_cache\4XV2,A
559,ThermoMPNN,4XV2,0.4073331356048584,27,W,Y,F:\GENESIS Studio\genesis-studio\packages\engines-py\.pdb_cache\4XV2,A
560,ThermoMPNN,4XV2,0.5099353194236755,28,H,A,F:\GENESIS Studio\genesis-studio\packages\engines-py\.pdb_cache\4XV2,A
561,ThermoMPNN,4XV2,0.05673635005950928,28,H,C,F:\GENESIS Studio\genesis-studio\packages\engines-py\.pdb_cache\4XV2,A
562,ThermoMPNN,4XV2,0.9970249533653259,28,H,D,F:\GENESIS Studio\genesis-studio\packages\engines-py\.pdb_cache\4XV2,A
563,ThermoMPNN,4XV2,0.5766927003860474,28,H,E,F:\GENESIS Studio\genesis-studio\packages\engines-py\.pdb_cache\4XV2,A
564,ThermoMPNN,4XV2,0.5155799388885498,28,H,F,F:\GENESIS Studio\genesis-studio\packages\engines-py\.pdb_cache\4XV2,A
565,ThermoMPNN,4XV2,0.4438808560371399,28,H,G,F:\GENESIS Studio\genesis-studio\packages\engines-py\.pdb_cache\4XV2,A
566,ThermoMPNN,4XV2,0.0,28,H,H,F:\GENESIS Studio\genesis-studio\packages\engines-py\.pdb_cache\4XV2,A
567,ThermoMPNN,4XV2,1.016261100769043,28,H,I,F:\GENESIS Studio\genesis-studio\packages\engines-py\.pdb_cache\4XV2,A
568,ThermoMPNN,4XV2,0.22656011581420898,28,H,K,F:\GENESIS Studio\genesis-studio\packages\engines-py\.pdb_cache\4XV2,A
569,ThermoMPNN,4XV2,0.44199562072753906,28,H,L,F:\GENESIS Studio\genesis-studio\packages\engines-py\.pdb_cache\4XV2,A
570,ThermoMPNN,4XV2,0.2081211805343628,28,H,M,F:\GENESIS Studio\genesis-studio\packages\engines-py\.pdb_cache\4XV2,A
571,ThermoMPNN,4XV2,0.11324155330657959,28,H,N,F:\GENESIS Studio\genesis-studio\packages\engines-py\.pdb_cache\4XV2,A
572,ThermoMPNN,4XV2,1.9609992504119873,28,H,P,F:\GENESIS Studio\genesis-studio\packages\engines-py\.pdb_cache\4XV2,A
573,ThermoMPNN,4XV2,0.09163463115692139,28,H,Q,F:\GENESIS Studio\genesis-studio\packages\engines-py\.pdb_cache\4XV2,A
574,ThermoMPNN,4XV2,0.34563183784484863,28,H,R,F:\GENESIS Studio\genesis-studio\packages\engines-py\.pdb_cache\4XV2,A
575,ThermoMPNN,4XV2,0.7019339203834534,28,H,S,F:\GENESIS Studio\genesis-studio\packages\engines-py\.pdb_cache\4XV2,A
576,ThermoMPNN,4XV2,1.1140192747116089,28,H,T,F:\GENESIS Studio\genesis-studio\packages\engines-py\.pdb_cache\4XV2,A
577,ThermoMPNN,4XV2,1.129919171333313,28,H,V,F:\GENESIS Studio\genesis-studio\packages\engines-py\.pdb_cache\4XV2,A
578,ThermoMPNN,4XV2,0.7910974025726318,28,H,W,F:\GENESIS Studio\genesis-studio\packages\engines-py\.pdb_cache\4XV2,A
579,ThermoMPNN,4XV2,0.477860689163208,28,H,Y,F:\GENESIS Studio\genesis-studio\packages\engines-py\.pdb_cache\4XV2,A
580,ThermoMPNN,4XV2,1.9463918209075928,29,G,A,F:\GENESIS Studio\genesis-studio\packages\engines-py\.pdb_cache\4XV2,A
581,ThermoMPNN,4XV2,1.3235946893692017,29,G,C,F:\GENESIS Studio\genesis-studio\packages\engines-py\.pdb_cache\4XV2,A
582,ThermoMPNN,4XV2,2.151146411895752,29,G,D,F:\GENESIS Studio\genesis-studio\packages\engines-py\.pdb_cache\4XV2,A
583,ThermoMPNN,4XV2,2.3574459552764893,29,G,E,F:\GENESIS Studio\genesis-studio\packages\engines-py\.pdb_cache\4XV2,A
584,ThermoMPNN,4XV2,1.8606613874435425,29,G,F,F:\GENESIS Studio\genesis-studio\packages\engines-py\.pdb_cache\4XV2,A
585,ThermoMPNN,4XV2,0.0,29,G,G,F:\GENESIS Studio\genesis-studio\packages\engines-py\.pdb_cache\4XV2,A
586,ThermoMPNN,4XV2,1.909366488456726,29,G,H,F:\GENESIS Studio\genesis-studio\packages\engines-py\.pdb_cache\4XV2,A
587,ThermoMPNN,4XV2,2.3140785694122314,29,G,I,F:\GENESIS Studio\genesis-studio\packages\engines-py\.pdb_cache\4XV2,A
588,ThermoMPNN,4XV2,2.3172545433044434,29,G,K,F:\GENESIS Studio\genesis-studio\packages\engines-py\.pdb_cache\4XV2,A
589,ThermoMPNN,4XV2,2.1059677600860596,29,G,L,F:\GENESIS Studio\genesis-studio\packages\engines-py\.pdb_cache\4XV2,A
590,ThermoMPNN,4XV2,2.0156564712524414,29,G,M,F:\GENESIS Studio\genesis-studio\packages\engines-py\.pdb_cache\4XV2,A
591,ThermoMPNN,4XV2,2.0185084342956543,29,G,N,F:\GENESIS Studio\genesis-studio\packages\engines-py\.pdb_cache\4XV2,A
592,ThermoMPNN,4XV2,2.662598133087158,29,G,P,F:\GENESIS Studio\genesis-studio\packages\engines-py\.pdb_cache\4XV2,A
593,ThermoMPNN,4XV2,2.1662468910217285,29,G,Q,F:\GENESIS Studio\genesis-studio\packages\engines-py\.pdb_cache\4XV2,A
594,ThermoMPNN,4XV2,2.262192726135254,29,G,R,F:\GENESIS Studio\genesis-studio\packages\engines-py\.pdb_cache\4XV2,A
595,ThermoMPNN,4XV2,2.0454392433166504,29,G,S,F:\GENESIS Studio\genesis-studio\packages\engines-py\.pdb_cache\4XV2,A
596,ThermoMPNN,4XV2,2.384052276611328,29,G,T,F:\GENESIS Studio\genesis-studio\packages\engines-py\.pdb_cache\4XV2,A
597,ThermoMPNN,4XV2,2.2855751514434814,29,G,V,F:\GENESIS Studio\genesis-studio\packages\engines-py\.pdb_cache\4XV2,A
598,ThermoMPNN,4XV2,1.8779206275939941,29,G,W,F:\GENESIS Studio\genesis-studio\packages\engines-py\.pdb_cache\4XV2,A
599,ThermoMPNN,4XV2,1.9295872449874878,29,G,Y,F:\GENESIS Studio\genesis-studio\packages\engines-py\.pdb_cache\4XV2,A
600,ThermoMPNN,4XV2,0.34143495559692383,30,D,A,F:\GENESIS Studio\genesis-studio\packages\engines-py\.pdb_cache\4XV2,A
601,ThermoMPNN,4XV2,-0.38401830196380615,30,D,C,F:\GENESIS Studio\genesis-studio\packages\engines-py\.pdb_cache\4XV2,A
602,ThermoMPNN,4XV2,0.0,30,D,D,F:\GENESIS Studio\genesis-studio\packages\engines-py\.pdb_cache\4XV2,A
603,ThermoMPNN,4XV2,-0.471921443939209,30,D,E,F:\GENESIS Studio\genesis-studio\packages\engines-py\.pdb_cache\4XV2,A
604,ThermoMPNN,4XV2,-0.37101495265960693,30,D,F,F:\GENESIS Studio\genesis-studio\packages\engines-py\.pdb_cache\4XV2,A
605,ThermoMPNN,4XV2,0.7564053535461426,30,D,G,F:\GENESIS Studio\genesis-studio\packages\engines-py\.pdb_cache\4XV2,A
606,ThermoMPNN,4XV2,-0.009248137474060059,30,D,H,F:\GENESIS Studio\genesis-studio\packages\engines-py\.pdb_cache\4XV2,A
607,ThermoMPNN,4XV2,0.09707373380661011,30,D,I,F:\GENESIS Studio\genesis-studio\packages\engines-py\.pdb_cache\4XV2,A
608,ThermoMPNN,4XV2,0.4904823899269104,30,D,K,F:\GENESIS Studio\genesis-studio\packages\engines-py\.pdb_cache\4XV2,A
609,ThermoMPNN,4XV2,-0.4370293617248535,30,D,L,F:\GENESIS Studio\genesis-studio\packages\engines-py\.pdb_cache\4XV2,A
610,ThermoMPNN,4XV2,-0.1314072608947754,30,D,M,F:\GENESIS Studio\genesis-studio\packages\engines-py\.pdb_cache\4XV2,A
611,ThermoMPNN,4XV2,0.2136303186416626,30,D,N,F:\GENESIS Studio\genesis-studio\packages\engines-py\.pdb_cache\4XV2,A
612,ThermoMPNN,4XV2,0.35294830799102783,30,D,P,F:\GENESIS Studio\genesis-studio\packages\engines-py\.pdb_cache\4XV2,A
613,ThermoMPNN,4XV2,0.08225703239440918,30,D,Q,F:\GENESIS Studio\genesis-studio\packages\engines-py\.pdb_cache\4XV2,A
614,ThermoMPNN,4XV2,0.45171940326690674,30,D,R,F:\GENESIS Studio\genesis-studio\packages\engines-py\.pdb_cache\4XV2,A
615,ThermoMPNN,4XV2,0.4434136152267456,30,D,S,F:\GENESIS Studio\genesis-studio\packages\engines-py\.pdb_cache\4XV2,A
616,ThermoMPNN,4XV2,0.4069141149520874,30,D,T,F:\GENESIS Studio\genesis-studio\packages\engines-py\.pdb_cache\4XV2,A
617,ThermoMPNN,4XV2,0.27536946535110474,30,D,V,F:\GENESIS Studio\genesis-studio\packages\engines-py\.pdb_cache\4XV2,A
618,ThermoMPNN,4XV2,-0.5638961791992188,30,D,W,F:\GENESIS Studio\genesis-studio\packages\engines-py\.pdb_cache\4XV2,A
619,ThermoMPNN,4XV2,-0.5796027183532715,30,D,Y,F:\GENESIS Studio\genesis-studio\packages\engines-py\.pdb_cache\4XV2,A
620,ThermoMPNN,4XV2,1.6104686260223389,31,V,A,F:\GENESIS Studio\genesis-studio\packages\engines-py\.pdb_cache\4XV2,A
621,ThermoMPNN,4XV2,0.9198164939880371,31,V,C,F:\GENESIS Studio\genesis-studio\packages\engines-py\.pdb_cache\4XV2,A
622,ThermoMPNN,4XV2,3.6434481143951416,31,V,D,F:\GENESIS Studio\genesis-studio\packages\engines-py\.pdb_cache\4XV2,A
623,ThermoMPNN,4XV2,3.5444953441619873,31,V,E,F:\GENESIS Studio\genesis-studio\packages\engines-py\.pdb_cache\4XV2,A
624,ThermoMPNN,4XV2,2.277108907699585,31,V,F,F:\GENESIS Studio\genesis-studio\packages\engines-py\.pdb_cache\4XV2,A
625,ThermoMPNN,4XV2,2.317962884902954,31,V,G,F:\GENESIS Studio\genesis-studio\packages\engines-py\.pdb_cache\4XV2,A
626,ThermoMPNN,4XV2,3.196842670440674,31,V,H,F:\GENESIS Studio\genesis-studio\packages\engines-py\.pdb_cache\4XV2,A
627,ThermoMPNN,4XV2,1.1077682971954346,31,V,I,F:\GENESIS Studio\genesis-studio\packages\engines-py\.pdb_cache\4XV2,A
628,ThermoMPNN,4XV2,3.341557264328003,31,V,K,F:\GENESIS Studio\genesis-studio\packages\engines-py\.pdb_cache\4XV2,A
629,ThermoMPNN,4XV2,1.6627800464630127,31,V,L,F:\GENESIS Studio\genesis-studio\packages\engines-py\.pdb_cache\4XV2,A
630,ThermoMPNN,4XV2,2.2931644916534424,31,V,M,F:\GENESIS Studio\genesis-studio\packages\engines-py\.pdb_cache\4XV2,A
631,ThermoMPNN,4XV2,3.280161142349243,31,V,N,F:\GENESIS Studio\genesis-studio\packages\engines-py\.pdb_cache\4XV2,A
632,ThermoMPNN,4XV2,3.9379823207855225,31,V,P,F:\GENESIS Studio\genesis-studio\packages\engines-py\.pdb_cache\4XV2,A
633,ThermoMPNN,4XV2,3.3200995922088623,31,V,Q,F:\GENESIS Studio\genesis-studio\packages\engines-py\.pdb_cache\4XV2,A
634,ThermoMPNN,4XV2,3.414651870727539,31,V,R,F:\GENESIS Studio\genesis-studio\packages\engines-py\.pdb_cache\4XV2,A
635,ThermoMPNN,4XV2,2.6852657794952393,31,V,S,F:\GENESIS Studio\genesis-studio\packages\engines-py\.pdb_cache\4XV2,A
636,ThermoMPNN,4XV2,2.2616686820983887,31,V,T,F:\GENESIS Studio\genesis-studio\packages\engines-py\.pdb_cache\4XV2,A
637,ThermoMPNN,4XV2,0.0,31,V,V,F:\GENESIS Studio\genesis-studio\packages\engines-py\.pdb_cache\4XV2,A
638,ThermoMPNN,4XV2,3.060487747192383,31,V,W,F:\GENESIS Studio\genesis-studio\packages\engines-py\.pdb_cache\4XV2,A
639,ThermoMPNN,4XV2,2.82027006149292,31,V,Y,F:\GENESIS Studio\genesis-studio\packages\engines-py\.pdb_cache\4XV2,A
640,ThermoMPNN,4XV2,0.0,32,A,A,F:\GENESIS Studio\genesis-studio\packages\engines-py\.pdb_cache\4XV2,A
641,ThermoMPNN,4XV2,-0.46917951107025146,32,A,C,F:\GENESIS Studio\genesis-studio\packages\engines-py\.pdb_cache\4XV2,A
642,ThermoMPNN,4XV2,2.0269880294799805,32,A,D,F:\GENESIS Studio\genesis-studio\packages\engines-py\.pdb_cache\4XV2,A
643,ThermoMPNN,4XV2,1.2589828968048096,32,A,E,F:\GENESIS Studio\genesis-studio\packages\engines-py\.pdb_cache\4XV2,A
644,ThermoMPNN,4XV2,-0.5233116149902344,32,A,F,F:\GENESIS Studio\genesis-studio\packages\engines-py\.pdb_cache\4XV2,A
645,ThermoMPNN,4XV2,1.2108244895935059,32,A,G,F:\GENESIS Studio\genesis-studio\packages\engines-py\.pdb_cache\4XV2,A
646,ThermoMPNN,4XV2,1.0314425230026245,32,A,H,F:\GENESIS Studio\genesis-studio\packages\engines-py\.pdb_cache\4XV2,A
647,ThermoMPNN,4XV2,-0.4678436517715454,32,A,I,F:\GENESIS Studio\genesis-studio\packages\engines-py\.pdb_cache\4XV2,A
648,ThermoMPNN,4XV2,1.251788854598999,32,A,K,F:\GENESIS Studio\genesis-studio\packages\engines-py\.pdb_cache\4XV2,A
649,ThermoMPNN,4XV2,-1.0647919178009033,32,A,L,F:\GENESIS Studio\genesis-studio\packages\engines-py\.pdb_cache\4XV2,A
650,ThermoMPNN,4XV2,-0.5763124227523804,32,A,M,F:\GENESIS Studio\genesis-studio\packages\engines-py\.pdb_cache\4XV2,A
651,ThermoMPNN,4XV2,1.4854495525360107,32,A,N,F:\GENESIS Studio\genesis-studio\packages\engines-py\.pdb_cache\4XV2,A
652,ThermoMPNN,4XV2,3.4265575408935547,32,A,P,F:\GENESIS Studio\genesis-studio\packages\engines-py\.pdb_cache\4XV2,A
653,ThermoMPNN,4XV2,1.1097724437713623,32,A,Q,F:\GENESIS Studio\genesis-studio\packages\engines-py\.pdb_cache\4XV2,A
654,ThermoMPNN,4XV2,1.207219123840332,32,A,R,F:\GENESIS Studio\genesis-studio\packages\engines-py\.pdb_cache\4XV2,A
655,ThermoMPNN,4XV2,0.9990789890289307,32,A,S,F:\GENESIS Studio\genesis-studio\packages\engines-py\.pdb_cache\4XV2,A
656,ThermoMPNN,4XV2,0.8865177035331726,32,A,T,F:\GENESIS Studio\genesis-studio\packages\engines-py\.pdb_cache\4XV2,A
657,ThermoMPNN,4XV2,-0.38667237758636475,32,A,V,F:\GENESIS Studio\genesis-studio\packages\engines-py\.pdb_cache\4XV2,A
658,ThermoMPNN,4XV2,0.0792856216430664,32,A,W,F:\GENESIS Studio\genesis-studio\packages\engines-py\.pdb_cache\4XV2,A
659,ThermoMPNN,4XV2,-0.17225515842437744,32,A,Y,F:\GENESIS Studio\genesis-studio\packages\engines-py\.pdb_cache\4XV2,A
660,ThermoMPNN,4XV2,2.5304951667785645,33,V,A,F:\GENESIS Studio\genesis-studio\packages\engines-py\.pdb_cache\4XV2,A
661,ThermoMPNN,4XV2,1.4001641273498535,33,V,C,F:\GENESIS Studio\genesis-studio\packages\engines-py\.pdb_cache\4XV2,A
662,ThermoMPNN,4XV2,3.790748119354248,33,V,D,F:\GENESIS Studio\genesis-studio\packages\engines-py\.pdb_cache\4XV2,A
663,ThermoMPNN,4XV2,3.611903429031372,33,V,E,F:\GENESIS Studio\genesis-studio\packages\engines-py\.pdb_cache\4XV2,A
664,ThermoMPNN,4XV2,1.3600653409957886,33,V,F,F:\GENESIS Studio\genesis-studio\packages\engines-py\.pdb_cache\4XV2,A
665,ThermoMPNN,4XV2,3.317304849624634,33,V,G,F:\GENESIS Studio\genesis-studio\packages\engines-py\.pdb_cache\4XV2,A
666,ThermoMPNN,4XV2,3.1454110145568848,33,V,H,F:\GENESIS Studio\genesis-studio\packages\engines-py\.pdb_cache\4XV2,A
667,ThermoMPNN,4XV2,0.1521146297454834,33,V,I,F:\GENESIS Studio\genesis-studio\packages\engines-py\.pdb_cache\4XV2,A
668,ThermoMPNN,4XV2,3.489579200744629,33,V,K,F:\GENESIS Studio\genesis-studio\packages\engines-py\.pdb_cache\4XV2,A
669,ThermoMPNN,4XV2,0.5273587703704834,33,V,L,F:\GENESIS Studio\genesis-studio\packages\engines-py\.pdb_cache\4XV2,A
670,ThermoMPNN,4XV2,1.5744550228118896,33,V,M,F:\GENESIS Studio\genesis-studio\packages\engines-py\.pdb_cache\4XV2,A
671,ThermoMPNN,4XV2,3.5583372116088867,33,V,N,F:\GENESIS Studio\genesis-studio\packages\engines-py\.pdb_cache\4XV2,A
672,ThermoMPNN,4XV2,3.627460479736328,33,V,P,F:\GENESIS Studio\genesis-studio\packages\engines-py\.pdb_cache\4XV2,A
673,ThermoMPNN,4XV2,3.555856227874756,33,V,Q,F:\GENESIS Studio\genesis-studio\packages\engines-py\.pdb_cache\4XV2,A
674,ThermoMPNN,4XV2,3.3707447052001953,33,V,R,F:\GENESIS Studio\genesis-studio\packages\engines-py\.pdb_cache\4XV2,A
675,ThermoMPNN,4XV2,3.4179022312164307,33,V,S,F:\GENESIS Studio\genesis-studio\packages\engines-py\.pdb_cache\4XV2,A
676,ThermoMPNN,4XV2,2.6423866748809814,33,V,T,F:\GENESIS Studio\genesis-studio\packages\engines-py\.pdb_cache\4XV2,A
677,ThermoMPNN,4XV2,0.0,33,V,V,F:\GENESIS Studio\genesis-studio\packages\engines-py\.pdb_cache\4XV2,A
678,ThermoMPNN,4XV2,1.722820520401001,33,V,W,F:\GENESIS Studio\genesis-studio\packages\engines-py\.pdb_cache\4XV2,A
679,ThermoMPNN,4XV2,1.7593905925750732,33,V,Y,F:\GENESIS Studio\genesis-studio\packages\engines-py\.pdb_cache\4XV2,A
680,ThermoMPNN,4XV2,0.8012350797653198,34,K,A,F:\GENESIS Studio\genesis-studio\packages\engines-py\.pdb_cache\4XV2,A
681,ThermoMPNN,4XV2,0.12275910377502441,34,K,C,F:\GENESIS Studio\genesis-studio\packages\engines-py\.pdb_cache\4XV2,A
682,ThermoMPNN,4XV2,1.8610444068908691,34,K,D,F:\GENESIS Studio\genesis-studio\packages\engines-py\.pdb_cache\4XV2,A
683,ThermoMPNN,4XV2,1.128429889678955,34,K,E,F:\GENESIS Studio\genesis-studio\packages\engines-py\.pdb_cache\4XV2,A
684,ThermoMPNN,4XV2,0.09650158882141113,34,K,F,F:\GENESIS Studio\genesis-studio\packages\engines-py\.pdb_cache\4XV2,A
685,ThermoMPNN,4XV2,1.7795913219451904,34,K,G,F:\GENESIS Studio\genesis-studio\packages\engines-py\.pdb_cache\4XV2,A
686,ThermoMPNN,4XV2,0.5798449516296387,34,K,H,F:\GENESIS Studio\genesis-studio\packages\engines-py\.pdb_cache\4XV2,A
687,ThermoMPNN,4XV2,-0.3093409538269043,34,K,I,F:\GENESIS Studio\genesis-studio\packages\engines-py\.pdb_cache\4XV2,A
688,ThermoMPNN,4XV2,0.0,34,K,K,F:\GENESIS Studio\genesis-studio\packages\engines-py\.pdb_cache\4XV2,A
689,ThermoMPNN,4XV2,-0.16535794734954834,34,K,L,F:\GENESIS Studio\genesis-studio\packages\engines-py\.pdb_cache\4XV2,A
690,ThermoMPNN,4XV2,0.07626044750213623,34,K,M,F:\GENESIS Studio\genesis-studio\packages\engines-py\.pdb_cache\4XV2,A
691,ThermoMPNN,4XV2,0.9831154346466064,34,K,N,F:\GENESIS Studio\genesis-studio\packages\engines-py\.pdb_cache\4XV2,A
692,ThermoMPNN,4XV2,1.938157081604004,34,K,P,F:\GENESIS Studio\genesis-studio\packages\engines-py\.pdb_cache\4XV2,A
693,ThermoMPNN,4XV2,0.6135841608047485,34,K,Q,F:\GENESIS Studio\genesis-studio\packages\engines-py\.pdb_cache\4XV2,A
694,ThermoMPNN,4XV2,-0.08730554580688477,34,K,R,F:\GENESIS Studio\genesis-studio\packages\engines-py\.pdb_cache\4XV2,A
695,ThermoMPNN,4XV2,0.8780303597450256,34,K,S,F:\GENESIS Studio\genesis-studio\packages\engines-py\.pdb_cache\4XV2,A
696,ThermoMPNN,4XV2,0.22725433111190796,34,K,T,F:\GENESIS Studio\genesis-studio\packages\engines-py\.pdb_cache\4XV2,A
697,ThermoMPNN,4XV2,-0.16492843627929688,34,K,V,F:\GENESIS Studio\genesis-studio\packages\engines-py\.pdb_cache\4XV2,A
698,ThermoMPNN,4XV2,0.2919856905937195,34,K,W,F:\GENESIS Studio\genesis-studio\packages\engines-py\.pdb_cache\4XV2,A
699,ThermoMPNN,4XV2,0.04291379451751709,34,K,Y,F:\GENESIS Studio\genesis-studio\packages\engines-py\.pdb_cache\4XV2,A
700,ThermoMPNN,4XV2,1.4281176328659058,35,M,A,F:\GENESIS Studio\genesis-studio\packages\engines-py\.pdb_cache\4XV2,A
701,ThermoMPNN,4XV2,0.33740830421447754,35,M,C,F:\GENESIS Studio\genesis-studio\packages\engines-py\.pdb_cache\4XV2,A
702,ThermoMPNN,4XV2,2.927963972091675,35,M,D,F:\GENESIS Studio\genesis-studio\packages\engines-py\.pdb_cache\4XV2,A
703,ThermoMPNN,4XV2,2.134122610092163,35,M,E,F:\GENESIS Studio\genesis-studio\packages\engines-py\.pdb_cache\4XV2,A
704,ThermoMPNN,4XV2,-0.0048694610595703125,35,M,F,F:\GENESIS Studio\genesis-studio\packages\engines-py\.pdb_cache\4XV2,A
705,ThermoMPNN,4XV2,2.336530923843384,35,M,G,F:\GENESIS Studio\genesis-studio\packages\engines-py\.pdb_cache\4XV2,A
706,ThermoMPNN,4XV2,1.0212574005126953,35,M,H,F:\GENESIS Studio\genesis-studio\packages\engines-py\.pdb_cache\4XV2,A
707,ThermoMPNN,4XV2,-0.4706614017486572,35,M,I,F:\GENESIS Studio\genesis-studio\packages\engines-py\.pdb_cache\4XV2,A
708,ThermoMPNN,4XV2,0.7061894536018372,35,M,K,F:\GENESIS Studio\genesis-studio\packages\engines-py\.pdb_cache\4XV2,A
709,ThermoMPNN,4XV2,-0.17496204376220703,35,M,L,F:\GENESIS Studio\genesis-studio\packages\engines-py\.pdb_cache\4XV2,A
710,ThermoMPNN,4XV2,0.0,35,M,M,F:\GENESIS Studio\genesis-studio\packages\engines-py\.pdb_cache\4XV2,A
711,ThermoMPNN,4XV2,1.735846757888794,35,M,N,F:\GENESIS Studio\genesis-studio\packages\engines-py\.pdb_cache\4XV2,A
712,ThermoMPNN,4XV2,2.510181188583374,35,M,P,F:\GENESIS Studio\genesis-studio\packages\engines-py\.pdb_cache\4XV2,A
713,ThermoMPNN,4XV2,1.164591670036316,35,M,Q,F:\GENESIS Studio\genesis-studio\packages\engines-py\.pdb_cache\4XV2,A
714,ThermoMPNN,4XV2,0.5952184796333313,35,M,R,F:\GENESIS Studio\genesis-studio\packages\engines-py\.pdb_cache\4XV2,A
715,ThermoMPNN,4XV2,1.5440857410430908,35,M,S,F:\GENESIS Studio\genesis-studio\packages\engines-py\.pdb_cache\4XV2,A
716,ThermoMPNN,4XV2,1.1217161417007446,35,M,T,F:\GENESIS Studio\genesis-studio\packages\engines-py\.pdb_cache\4XV2,A
717,ThermoMPNN,4XV2,0.025296688079833984,35,M,V,F:\GENESIS Studio\genesis-studio\packages\engines-py\.pdb_cache\4XV2,A
718,ThermoMPNN,4XV2,0.29523348808288574,35,M,W,F:\GENESIS Studio\genesis-studio\packages\engines-py\.pdb_cache\4XV2,A
719,ThermoMPNN,4XV2,0.27813661098480225,35,M,Y,F:\GENESIS Studio\genesis-studio\packages\engines-py\.pdb_cache\4XV2,A
720,ThermoMPNN,4XV2,1.9251532554626465,36,L,A,F:\GENESIS Studio\genesis-studio\packages\engines-py\.pdb_cache\4XV2,A
721,ThermoMPNN,4XV2,0.9667184948921204,36,L,C,F:\GENESIS Studio\genesis-studio\packages\engines-py\.pdb_cache\4XV2,A
722,ThermoMPNN,4XV2,2.947500467300415,36,L,D,F:\GENESIS Studio\genesis-studio\packages\engines-py\.pdb_cache\4XV2,A
723,ThermoMPNN,4XV2,2.675184965133667,36,L,E,F:\GENESIS Studio\genesis-studio\packages\engines-py\.pdb_cache\4XV2,A
724,ThermoMPNN,4XV2,0.46110785007476807,36,L,F,F:\GENESIS Studio\genesis-studio\packages\engines-py\.pdb_cache\4XV2,A
725,ThermoMPNN,4XV2,2.655331611633301,36,L,G,F:\GENESIS Studio\genesis-studio\packages\engines-py\.pdb_cache\4XV2,A
726,ThermoMPNN,4XV2,1.779033899307251,36,L,H,F:\GENESIS Studio\genesis-studio\packages\engines-py\.pdb_cache\4XV2,A
727,ThermoMPNN,4XV2,-0.22654390335083008,36,L,I,F:\GENESIS Studio\genesis-studio\packages\engines-py\.pdb_cache\4XV2,A
728,ThermoMPNN,4XV2,1.622304081916809,36,L,K,F:\GENESIS Studio\genesis-studio\packages\engines-py\.pdb_cache\4XV2,A
729,ThermoMPNN,4XV2,0.0,36,L,L,F:\GENESIS Studio\genesis-studio\packages\engines-py\.pdb_cache\4XV2,A
730,ThermoMPNN,4XV2,0.6386911869049072,36,L,M,F:\GENESIS Studio\genesis-studio\packages\engines-py\.pdb_cache\4XV2,A
731,ThermoMPNN,4XV2,2.4039933681488037,36,L,N,F:\GENESIS Studio\genesis-studio\packages\engines-py\.pdb_cache\4XV2,A
732,ThermoMPNN,4XV2,2.366635322570801,36,L,P,F:\GENESIS Studio\genesis-studio\packages\engines-py\.pdb_cache\4XV2,A
733,ThermoMPNN,4XV2,2.093848943710327,36,L,Q,F:\GENESIS Studio\genesis-studio\packages\engines-py\.pdb_cache\4XV2,A
734,ThermoMPNN,4XV2,1.521918535232544,36,L,R,F:\GENESIS Studio\genesis-studio\packages\engines-py\.pdb_cache\4XV2,A
735,ThermoMPNN,4XV2,2.279442071914673,36,L,S,F:\GENESIS Studio\genesis-studio\packages\engines-py\.pdb_cache\4XV2,A
736,ThermoMPNN,4XV2,1.9106125831604004,36,L,T,F:\GENESIS Studio\genesis-studio\packages\engines-py\.pdb_cache\4XV2,A
737,ThermoMPNN,4XV2,0.5091226100921631,36,L,V,F:\GENESIS Studio\genesis-studio\packages\engines-py\.pdb_cache\4XV2,A
738,ThermoMPNN,4XV2,0.7214722633361816,36,L,W,F:\GENESIS Studio\genesis-studio\packages\engines-py\.pdb_cache\4XV2,A
739,ThermoMPNN,4XV2,0.772101640701294,36,L,Y,F:\GENESIS Studio\genesis-studio\packages\engines-py\.pdb_cache\4XV2,A
740,ThermoMPNN,4XV2,-0.01597285270690918,37,N,A,F:\GENESIS Studio\genesis-studio\packages\engines-py\.pdb_cache\4XV2,A
741,ThermoMPNN,4XV2,-0.10805565118789673,37,N,C,F:\GENESIS Studio\genesis-studio\packages\engines-py\.pdb_cache\4XV2,A
742,ThermoMPNN,4XV2,0.21055591106414795,37,N,D,F:\GENESIS Studio\genesis-studio\packages\engines-py\.pdb_cache\4XV2,A
743,ThermoMPNN,4XV2,0.19312870502471924,37,N,E,F:\GENESIS Studio\genesis-studio\packages\engines-py\.pdb_cache\4XV2,A
744,ThermoMPNN,4XV2,0.033503711223602295,37,N,F,F:\GENESIS Studio\genesis-studio\packages\engines-py\.pdb_cache\4XV2,A
745,ThermoMPNN,4XV2,0.18249672651290894,37,N,G,F:\GENESIS Studio\genesis-studio\packages\engines-py\.pdb_cache\4XV2,A
746,ThermoMPNN,4XV2,-0.05972820520401001,37,N,H,F:\GENESIS Studio\genesis-studio\packages\engines-py\.pdb_cache\4XV2,A
747,ThermoMPNN,4XV2,0.16517376899719238,37,N,I,F:\GENESIS Studio\genesis-studio\packages\engines-py\.pdb_cache\4XV2,A
748,ThermoMPNN,4XV2,-0.08160966634750366,37,N,K,F:\GENESIS Studio\genesis-studio\packages\engines-py\.pdb_cache\4XV2,A
749,ThermoMPNN,4XV2,0.09683817625045776,37,N,L,F:\GENESIS Studio\genesis-studio\packages\engines-py\.pdb_cache\4XV2,A
750,ThermoMPNN,4XV2,0.20622777938842773,37,N,M,F:\GENESIS Studio\genesis-studio\packages\engines-py\.pdb_cache\4XV2,A
751,ThermoMPNN,4XV2,0.0,37,N,N,F:\GENESIS Studio\genesis-studio\packages\engines-py\.pdb_cache\4XV2,A
752,ThermoMPNN,4XV2,-0.177964448928833,37,N,P,F:\GENESIS Studio\genesis-studio\packages\engines-py\.pdb_cache\4XV2,A
753,ThermoMPNN,4XV2,0.11522185802459717,37,N,Q,F:\GENESIS Studio\genesis-studio\packages\engines-py\.pdb_cache\4XV2,A
754,ThermoMPNN,4XV2,-0.06170380115509033,37,N,R,F:\GENESIS Studio\genesis-studio\packages\engines-py\.pdb_cache\4XV2,A
755,ThermoMPNN,4XV2,0.05360889434814453,37,N,S,F:\GENESIS Studio\genesis-studio\packages\engines-py\.pdb_cache\4XV2,A
756,ThermoMPNN,4XV2,0.2141495943069458,37,N,T,F:\GENESIS Studio\genesis-studio\packages\engines-py\.pdb_cache\4XV2,A
757,ThermoMPNN,4XV2,0.3025880455970764,37,N,V,F:\GENESIS Studio\genesis-studio\packages\engines-py\.pdb_cache\4XV2,A
758,ThermoMPNN,4XV2,0.12872803211212158,37,N,W,F:\GENESIS Studio\genesis-studio\packages\engines-py\.pdb_cache\4XV2,A
759,ThermoMPNN,4XV2,-0.007532358169555664,37,N,Y,F:\GENESIS Studio\genesis-studio\packages\engines-py\.pdb_cache\4XV2,A
760,ThermoMPNN,4XV2,0.40004855394363403,38,V,A,F:\GENESIS Studio\genesis-studio\packages\engines-py\.pdb_cache\4XV2,A
761,ThermoMPNN,4XV2,-0.2970646619796753,38,V,C,F:\GENESIS Studio\genesis-studio\packages\engines-py\.pdb_cache\4XV2,A
762,ThermoMPNN,4XV2,0.79966139793396,38,V,D,F:\GENESIS Studio\genesis-studio\packages\engines-py\.pdb_cache\4XV2,A
763,ThermoMPNN,4XV2,0.6281670331954956,38,V,E,F:\GENESIS Studio\genesis-studio\packages\engines-py\.pdb_cache\4XV2,A
764,ThermoMPNN,4XV2,-0.13353204727172852,38,V,F,F:\GENESIS Studio\genesis-studio\packages\engines-py\.pdb_cache\4XV2,A
765,ThermoMPNN,4XV2,0.7397506237030029,38,V,G,F:\GENESIS Studio\genesis-studio\packages\engines-py\.pdb_cache\4XV2,A
766,ThermoMPNN,4XV2,0.3898956775665283,38,V,H,F:\GENESIS Studio\genesis-studio\packages\engines-py\.pdb_cache\4XV2,A
767,ThermoMPNN,4XV2,-0.03535592555999756,38,V,I,F:\GENESIS Studio\genesis-studio\packages\engines-py\.pdb_cache\4XV2,A
768,ThermoMPNN,4XV2,0.7919922471046448,38,V,K,F:\GENESIS Studio\genesis-studio\packages\engines-py\.pdb_cache\4XV2,A
769,ThermoMPNN,4XV2,-0.005087852478027344,38,V,L,F:\GENESIS Studio\genesis-studio\packages\engines-py\.pdb_cache\4XV2,A
770,ThermoMPNN,4XV2,0.007681846618652344,38,V,M,F:\GENESIS Studio\genesis-studio\packages\engines-py\.pdb_cache\4XV2,A
771,ThermoMPNN,4XV2,0.6592452526092529,38,V,N,F:\GENESIS Studio\genesis-studio\packages\engines-py\.pdb_cache\4XV2,A
772,ThermoMPNN,4XV2,1.1005688905715942,38,V,P,F:\GENESIS Studio\genesis-studio\packages\engines-py\.pdb_cache\4XV2,A
773,ThermoMPNN,4XV2,0.613671600818634,38,V,Q,F:\GENESIS Studio\genesis-studio\packages\engines-py\.pdb_cache\4XV2,A
774,ThermoMPNN,4XV2,0.7730535864830017,38,V,R,F:\GENESIS Studio\genesis-studio\packages\engines-py\.pdb_cache\4XV2,A
775,ThermoMPNN,4XV2,0.6059867739677429,38,V,S,F:\GENESIS Studio\genesis-studio\packages\engines-py\.pdb_cache\4XV2,A
776,ThermoMPNN,4XV2,0.4699229598045349,38,V,T,F:\GENESIS Studio\genesis-studio\packages\engines-py\.pdb_cache\4XV2,A
777,ThermoMPNN,4XV2,0.0,38,V,V,F:\GENESIS Studio\genesis-studio\packages\engines-py\.pdb_cache\4XV2,A
778,ThermoMPNN,4XV2,-0.4998668432235718,38,V,W,F:\GENESIS Studio\genesis-studio\packages\engines-py\.pdb_cache\4XV2,A
779,ThermoMPNN,4XV2,-0.2065436840057373,38,V,Y,F:\GENESIS Studio\genesis-studio\packages\engines-py\.pdb_cache\4XV2,A
780,ThermoMPNN,4XV2,-0.202589213848114,41,P,A,F:\GENESIS Studio\genesis-studio\packages\engines-py\.pdb_cache\4XV2,A
781,ThermoMPNN,4XV2,-0.35216784477233887,41,P,C,F:\GENESIS Studio\genesis-studio\packages\engines-py\.pdb_cache\4XV2,A
782,ThermoMPNN,4XV2,1.1574478149414062,41,P,D,F:\GENESIS Studio\genesis-studio\packages\engines-py\.pdb_cache\4XV2,A
783,ThermoMPNN,4XV2,0.7961111068725586,41,P,E,F:\GENESIS Studio\genesis-studio\packages\engines-py\.pdb_cache\4XV2,A
784,ThermoMPNN,4XV2,-0.05693697929382324,41,P,F,F:\GENESIS Studio\genesis-studio\packages\engines-py\.pdb_cache\4XV2,A
785,ThermoMPNN,4XV2,0.34442123770713806,41,P,G,F:\GENESIS Studio\genesis-studio\packages\engines-py\.pdb_cache\4XV2,A
786,ThermoMPNN,4XV2,0.6078655123710632,41,P,H,F:\GENESIS Studio\genesis-studio\packages\engines-py\.pdb_cache\4XV2,A
787,ThermoMPNN,4XV2,-0.4846000671386719,41,P,I,F:\GENESIS Studio\genesis-studio\packages\engines-py\.pdb_cache\4XV2,A
788,ThermoMPNN,4XV2,0.8403374552726746,41,P,K,F:\GENESIS Studio\genesis-studio\packages\engines-py\.pdb_cache\4XV2,A
789,ThermoMPNN,4XV2,0.027272582054138184,41,P,L,F:\GENESIS Studio\genesis-studio\packages\engines-py\.pdb_cache\4XV2,A
790,ThermoMPNN,4XV2,-0.12540167570114136,41,P,M,F:\GENESIS Studio\genesis-studio\packages\engines-py\.pdb_cache\4XV2,A
791,ThermoMPNN,4XV2,0.924416720867157,41,P,N,F:\GENESIS Studio\genesis-studio\packages\engines-py\.pdb_cache\4XV2,A
792,ThermoMPNN,4XV2,0.0,41,P,P,F:\GENESIS Studio\genesis-studio\packages\engines-py\.pdb_cache\4XV2,A
793,ThermoMPNN,4XV2,0.6656301617622375,41,P,Q,F:\GENESIS Studio\genesis-studio\packages\engines-py\.pdb_cache\4XV2,A
794,ThermoMPNN,4XV2,0.9025369882583618,41,P,R,F:\GENESIS Studio\genesis-studio\packages\engines-py\.pdb_cache\4XV2,A
795,ThermoMPNN,4XV2,0.44190165400505066,41,P,S,F:\GENESIS Studio\genesis-studio\packages\engines-py\.pdb_cache\4XV2,A
796,ThermoMPNN,4XV2,0.4288523495197296,41,P,T,F:\GENESIS Studio\genesis-studio\packages\engines-py\.pdb_cache\4XV2,A
797,ThermoMPNN,4XV2,-0.25582826137542725,41,P,V,F:\GENESIS Studio\genesis-studio\packages\engines-py\.pdb_cache\4XV2,A
798,ThermoMPNN,4XV2,-0.13788288831710815,41,P,W,F:\GENESIS Studio\genesis-studio\packages\engines-py\.pdb_cache\4XV2,A
799,ThermoMPNN,4XV2,0.031313419342041016,41,P,Y,F:\GENESIS Studio\genesis-studio\packages\engines-py\.pdb_cache\4XV2,A
800,ThermoMPNN,4XV2,1.0524516105651855,42,T,A,F:\GENESIS Studio\genesis-studio\packages\engines-py\.pdb_cache\4XV2,A
801,ThermoMPNN,4XV2,0.78066086769104,42,T,C,F:\GENESIS Studio\genesis-studio\packages\engines-py\.pdb_cache\4XV2,A
802,ThermoMPNN,4XV2,0.49208199977874756,42,T,D,F:\GENESIS Studio\genesis-studio\packages\engines-py\.pdb_cache\4XV2,A
803,ThermoMPNN,4XV2,1.084540843963623,42,T,E,F:\GENESIS Studio\genesis-studio\packages\engines-py\.pdb_cache\4XV2,A
804,ThermoMPNN,4XV2,1.3039379119873047,42,T,F,F:\GENESIS Studio\genesis-studio\packages\engines-py\.pdb_cache\4XV2,A
805,ThermoMPNN,4XV2,1.0953269004821777,42,T,G,F:\GENESIS Studio\genesis-studio\packages\engines-py\.pdb_cache\4XV2,A
806,ThermoMPNN,4XV2,0.9421163201332092,42,T,H,F:\GENESIS Studio\genesis-studio\packages\engines-py\.pdb_cache\4XV2,A
807,ThermoMPNN,4XV2,1.2741093635559082,42,T,I,F:\GENESIS Studio\genesis-studio\packages\engines-py\.pdb_cache\4XV2,A
808,ThermoMPNN,4XV2,1.196668267250061,42,T,K,F:\GENESIS Studio\genesis-studio\packages\engines-py\.pdb_cache\4XV2,A
809,ThermoMPNN,4XV2,1.1293914318084717,42,T,L,F:\GENESIS Studio\genesis-studio\packages\engines-py\.pdb_cache\4XV2,A
810,ThermoMPNN,4XV2,1.1728277206420898,42,T,M,F:\GENESIS Studio\genesis-studio\packages\engines-py\.pdb_cache\4XV2,A
811,ThermoMPNN,4XV2,0.6401385068893433,42,T,N,F:\GENESIS Studio\genesis-studio\packages\engines-py\.pdb_cache\4XV2,A
812,ThermoMPNN,4XV2,1.1335866451263428,42,T,P,F:\GENESIS Studio\genesis-studio\packages\engines-py\.pdb_cache\4XV2,A
813,ThermoMPNN,4XV2,1.1326366662979126,42,T,Q,F:\GENESIS Studio\genesis-studio\packages\engines-py\.pdb_cache\4XV2,A
814,ThermoMPNN,4XV2,1.1947035789489746,42,T,R,F:\GENESIS Studio\genesis-studio\packages\engines-py\.pdb_cache\4XV2,A
815,ThermoMPNN,4XV2,0.2717350721359253,42,T,S,F:\GENESIS Studio\genesis-studio\packages\engines-py\.pdb_cache\4XV2,A
816,ThermoMPNN,4XV2,0.0,42,T,T,F:\GENESIS Studio\genesis-studio\packages\engines-py\.pdb_cache\4XV2,A
817,ThermoMPNN,4XV2,1.2134740352630615,42,T,V,F:\GENESIS Studio\genesis-studio\packages\engines-py\.pdb_cache\4XV2,A
818,ThermoMPNN,4XV2,1.3022271394729614,42,T,W,F:\GENESIS Studio\genesis-studio\packages\engines-py\.pdb_cache\4XV2,A
819,ThermoMPNN,4XV2,1.2212450504302979,42,T,Y,F:\GENESIS Studio\genesis-studio\packages\engines-py\.pdb_cache\4XV2,A
820,ThermoMPNN,4XV2,0.12875384092330933,43,P,A,F:\GENESIS Studio\genesis-studio\packages\engines-py\.pdb_cache\4XV2,A
821,ThermoMPNN,4XV2,-0.01707226037979126,43,P,C,F:\GENESIS Studio\genesis-studio\packages\engines-py\.pdb_cache\4XV2,A
822,ThermoMPNN,4XV2,0.11987960338592529,43,P,D,F:\GENESIS Studio\genesis-studio\packages\engines-py\.pdb_cache\4XV2,A
823,ThermoMPNN,4XV2,0.0647425651550293,43,P,E,F:\GENESIS Studio\genesis-studio\packages\engines-py\.pdb_cache\4XV2,A
824,ThermoMPNN,4XV2,0.2623955011367798,43,P,F,F:\GENESIS Studio\genesis-studio\packages\engines-py\.pdb_cache\4XV2,A
825,ThermoMPNN,4XV2,0.3874824047088623,43,P,G,F:\GENESIS Studio\genesis-studio\packages\engines-py\.pdb_cache\4XV2,A
826,ThermoMPNN,4XV2,0.26140671968460083,43,P,H,F:\GENESIS Studio\genesis-studio\packages\engines-py\.pdb_cache\4XV2,A
827,ThermoMPNN,4XV2,0.16898661851882935,43,P,I,F:\GENESIS Studio\genesis-studio\packages\engines-py\.pdb_cache\4XV2,A
828,ThermoMPNN,4XV2,0.3583151698112488,43,P,K,F:\GENESIS Studio\genesis-studio\packages\engines-py\.pdb_cache\4XV2,A
829,ThermoMPNN,4XV2,0.07580965757369995,43,P,L,F:\GENESIS Studio\genesis-studio\packages\engines-py\.pdb_cache\4XV2,A
830,ThermoMPNN,4XV2,0.16769808530807495,43,P,M,F:\GENESIS Studio\genesis-studio\packages\engines-py\.pdb_cache\4XV2,A
831,ThermoMPNN,4XV2,0.29481619596481323,43,P,N,F:\GENESIS Studio\genesis-studio\packages\engines-py\.pdb_cache\4XV2,A
832,ThermoMPNN,4XV2,0.0,43,P,P,F:\GENESIS Studio\genesis-studio\packages\engines-py\.pdb_cache\4XV2,A
833,ThermoMPNN,4XV2,0.21689659357070923,43,P,Q,F:\GENESIS Studio\genesis-studio\packages\engines-py\.pdb_cache\4XV2,A
834,ThermoMPNN,4XV2,0.3775997757911682,43,P,R,F:\GENESIS Studio\genesis-studio\packages\engines-py\.pdb_cache\4XV2,A
835,ThermoMPNN,4XV2,0.2761836647987366,43,P,S,F:\GENESIS Studio\genesis-studio\packages\engines-py\.pdb_cache\4XV2,A
836,ThermoMPNN,4XV2,0.2957805395126343,43,P,T,F:\GENESIS Studio\genesis-studio\packages\engines-py\.pdb_cache\4XV2,A
837,ThermoMPNN,4XV2,0.21558743715286255,43,P,V,F:\GENESIS Studio\genesis-studio\packages\engines-py\.pdb_cache\4XV2,A
838,ThermoMPNN,4XV2,0.12737202644348145,43,P,W,F:\GENESIS Studio\genesis-studio\packages\engines-py\.pdb_cache\4XV2,A
839,ThermoMPNN,4XV2,0.2527601718902588,43,P,Y,F:\GENESIS Studio\genesis-studio\packages\engines-py\.pdb_cache\4XV2,A
840,ThermoMPNN,4XV2,0.021075069904327393,44,Q,A,F:\GENESIS Studio\genesis-studio\packages\engines-py\.pdb_cache\4XV2,A
841,ThermoMPNN,4XV2,-0.09261822700500488,44,Q,C,F:\GENESIS Studio\genesis-studio\packages\engines-py\.pdb_cache\4XV2,A
842,ThermoMPNN,4XV2,-0.10944908857345581,44,Q,D,F:\GENESIS Studio\genesis-studio\packages\engines-py\.pdb_cache\4XV2,A
843,ThermoMPNN,4XV2,-0.24871277809143066,44,Q,E,F:\GENESIS Studio\genesis-studio\packages\engines-py\.pdb_cache\4XV2,A
844,ThermoMPNN,4XV2,0.08657598495483398,44,Q,F,F:\GENESIS Studio\genesis-studio\packages\engines-py\.pdb_cache\4XV2,A
845,ThermoMPNN,4XV2,0.3162764310836792,44,Q,G,F:\GENESIS Studio\genesis-studio\packages\engines-py\.pdb_cache\4XV2,A
846,ThermoMPNN,4XV2,0.16697078943252563,44,Q,H,F:\GENESIS Studio\genesis-studio\packages\engines-py\.pdb_cache\4XV2,A
847,ThermoMPNN,4XV2,0.2064988613128662,44,Q,I,F:\GENESIS Studio\genesis-studio\packages\engines-py\.pdb_cache\4XV2,A
848,ThermoMPNN,4XV2,0.3109760284423828,44,Q,K,F:\GENESIS Studio\genesis-studio\packages\engines-py\.pdb_cache\4XV2,A
849,ThermoMPNN,4XV2,0.08899003267288208,44,Q,L,F:\GENESIS Studio\genesis-studio\packages\engines-py\.pdb_cache\4XV2,A
850,ThermoMPNN,4XV2,0.08105939626693726,44,Q,M,F:\GENESIS Studio\genesis-studio\packages\engines-py\.pdb_cache\4XV2,A
851,ThermoMPNN,4XV2,0.19977545738220215,44,Q,N,F:\GENESIS Studio\genesis-studio\packages\engines-py\.pdb_cache\4XV2,A
852,ThermoMPNN,4XV2,0.6882636547088623,44,Q,P,F:\GENESIS Studio\genesis-studio\packages\engines-py\.pdb_cache\4XV2,A
853,ThermoMPNN,4XV2,0.0,44,Q,Q,F:\GENESIS Studio\genesis-studio\packages\engines-py\.pdb_cache\4XV2,A
854,ThermoMPNN,4XV2,0.36008554697036743,44,Q,R,F:\GENESIS Studio\genesis-studio\packages\engines-py\.pdb_cache\4XV2,A
855,ThermoMPNN,4XV2,0.13648372888565063,44,Q,S,F:\GENESIS Studio\genesis-studio\packages\engines-py\.pdb_cache\4XV2,A
856,ThermoMPNN,4XV2,0.19122636318206787,44,Q,T,F:\GENESIS Studio\genesis-studio\packages\engines-py\.pdb_cache\4XV2,A
857,ThermoMPNN,4XV2,0.20803916454315186,44,Q,V,F:\GENESIS Studio\genesis-studio\packages\engines-py\.pdb_cache\4XV2,A
858,ThermoMPNN,4XV2,-0.10485082864761353,44,Q,W,F:\GENESIS Studio\genesis-studio\packages\engines-py\.pdb_cache\4XV2,A
859,ThermoMPNN,4XV2,0.025542080402374268,44,Q,Y,F:\GENESIS Studio\genesis-studio\packages\engines-py\.pdb_cache\4XV2,A
860,ThermoMPNN,4XV2,0.8286744356155396,45,Q,A,F:\GENESIS Studio\genesis-studio\packages\engines-py\.pdb_cache\4XV2,A
861,ThermoMPNN,4XV2,0.7677173018455505,45,Q,C,F:\GENESIS Studio\genesis-studio\packages\engines-py\.pdb_cache\4XV2,A
862,ThermoMPNN,4XV2,0.6426644325256348,45,Q,D,F:\GENESIS Studio\genesis-studio\packages\engines-py\.pdb_cache\4XV2,A
863,ThermoMPNN,4XV2,0.5556772947311401,45,Q,E,F:\GENESIS Studio\genesis-studio\packages\engines-py\.pdb_cache\4XV2,A
864,ThermoMPNN,4XV2,1.1852318048477173,45,Q,F,F:\GENESIS Studio\genesis-studio\packages\engines-py\.pdb_cache\4XV2,A
865,ThermoMPNN,4XV2,1.7512954473495483,45,Q,G,F:\GENESIS Studio\genesis-studio\packages\engines-py\.pdb_cache\4XV2,A
866,ThermoMPNN,4XV2,1.1073083877563477,45,Q,H,F:\GENESIS Studio\genesis-studio\packages\engines-py\.pdb_cache\4XV2,A
867,ThermoMPNN,4XV2,0.9783722162246704,45,Q,I,F:\GENESIS Studio\genesis-studio\packages\engines-py\.pdb_cache\4XV2,A
868,ThermoMPNN,4XV2,1.3736146688461304,45,Q,K,F:\GENESIS Studio\genesis-studio\packages\engines-py\.pdb_cache\4XV2,A
869,ThermoMPNN,4XV2,0.6708037853240967,45,Q,L,F:\GENESIS Studio\genesis-studio\packages\engines-py\.pdb_cache\4XV2,A
870,ThermoMPNN,4XV2,0.30291497707366943,45,Q,M,F:\GENESIS Studio\genesis-studio\packages\engines-py\.pdb_cache\4XV2,A
871,ThermoMPNN,4XV2,1.3532792329788208,45,Q,N,F:\GENESIS Studio\genesis-studio\packages\engines-py\.pdb_cache\4XV2,A
872,ThermoMPNN,4XV2,3.2544140815734863,45,Q,P,F:\GENESIS Studio\genesis-studio\packages\engines-py\.pdb_cache\4XV2,A
873,ThermoMPNN,4XV2,0.0,45,Q,Q,F:\GENESIS Studio\genesis-studio\packages\engines-py\.pdb_cache\4XV2,A
874,ThermoMPNN,4XV2,1.5265127420425415,45,Q,R,F:\GENESIS Studio\genesis-studio\packages\engines-py\.pdb_cache\4XV2,A
875,ThermoMPNN,4XV2,1.0932410955429077,45,Q,S,F:\GENESIS Studio\genesis-studio\packages\engines-py\.pdb_cache\4XV2,A
876,ThermoMPNN,4XV2,0.9237223863601685,45,Q,T,F:\GENESIS Studio\genesis-studio\packages\engines-py\.pdb_cache\4XV2,A
877,ThermoMPNN,4XV2,1.0268020629882812,45,Q,V,F:\GENESIS Studio\genesis-studio\packages\engines-py\.pdb_cache\4XV2,A
878,ThermoMPNN,4XV2,0.9741395711898804,45,Q,W,F:\GENESIS Studio\genesis-studio\packages\engines-py\.pdb_cache\4XV2,A
879,ThermoMPNN,4XV2,1.2942787408828735,45,Q,Y,F:\GENESIS Studio\genesis-studio\packages\engines-py\.pdb_cache\4XV2,A
880,ThermoMPNN,4XV2,1.430275797843933,46,L,A,F:\GENESIS Studio\genesis-studio\packages\engines-py\.pdb_cache\4XV2,A
881,ThermoMPNN,4XV2,0.5026267766952515,46,L,C,F:\GENESIS Studio\genesis-studio\packages\engines-py\.pdb_cache\4XV2,A
882,ThermoMPNN,4XV2,1.8732373714447021,46,L,D,F:\GENESIS Studio\genesis-studio\packages\engines-py\.pdb_cache\4XV2,A
883,ThermoMPNN,4XV2,1.3591111898422241,46,L,E,F:\GENESIS Studio\genesis-studio\packages\engines-py\.pdb_cache\4XV2,A
884,ThermoMPNN,4XV2,0.21013951301574707,46,L,F,F:\GENESIS Studio\genesis-studio\packages\engines-py\.pdb_cache\4XV2,A
885,ThermoMPNN,4XV2,2.0519373416900635,46,L,G,F:\GENESIS Studio\genesis-studio\packages\engines-py\.pdb_cache\4XV2,A
886,ThermoMPNN,4XV2,1.3129186630249023,46,L,H,F:\GENESIS Studio\genesis-studio\packages\engines-py\.pdb_cache\4XV2,A
887,ThermoMPNN,4XV2,0.5516574382781982,46,L,I,F:\GENESIS Studio\genesis-studio\packages\engines-py\.pdb_cache\4XV2,A
888,ThermoMPNN,4XV2,1.6314606666564941,46,L,K,F:\GENESIS Studio\genesis-studio\packages\engines-py\.pdb_cache\4XV2,A
889,ThermoMPNN,4XV2,0.0,46,L,L,F:\GENESIS Studio\genesis-studio\packages\engines-py\.pdb_cache\4XV2,A
890,ThermoMPNN,4XV2,0.22076642513275146,46,L,M,F:\GENESIS Studio\genesis-studio\packages\engines-py\.pdb_cache\4XV2,A
891,ThermoMPNN,4XV2,1.7128173112869263,46,L,N,F:\GENESIS Studio\genesis-studio\packages\engines-py\.pdb_cache\4XV2,A
892,ThermoMPNN,4XV2,2.466663122177124,46,L,P,F:\GENESIS Studio\genesis-studio\packages\engines-py\.pdb_cache\4XV2,A
893,ThermoMPNN,4XV2,1.246174931526184,46,L,Q,F:\GENESIS Studio\genesis-studio\packages\engines-py\.pdb_cache\4XV2,A
894,ThermoMPNN,4XV2,1.5859365463256836,46,L,R,F:\GENESIS Studio\genesis-studio\packages\engines-py\.pdb_cache\4XV2,A
895,ThermoMPNN,4XV2,1.508899450302124,46,L,S,F:\GENESIS Studio\genesis-studio\packages\engines-py\.pdb_cache\4XV2,A
896,ThermoMPNN,4XV2,1.277777910232544,46,L,T,F:\GENESIS Studio\genesis-studio\packages\engines-py\.pdb_cache\4XV2,A
897,ThermoMPNN,4XV2,0.8044217228889465,46,L,V,F:\GENESIS Studio\genesis-studio\packages\engines-py\.pdb_cache\4XV2,A
898,ThermoMPNN,4XV2,-0.0845186710357666,46,L,W,F:\GENESIS Studio\genesis-studio\packages\engines-py\.pdb_cache\4XV2,A
899,ThermoMPNN,4XV2,0.37871646881103516,46,L,Y,F:\GENESIS Studio\genesis-studio\packages\engines-py\.pdb_cache\4XV2,A
900,ThermoMPNN,4XV2,0.074615478515625,47,Q,A,F:\GENESIS Studio\genesis-studio\packages\engines-py\.pdb_cache\4XV2,A
901,ThermoMPNN,4XV2,0.029552340507507324,47,Q,C,F:\GENESIS Studio\genesis-studio\packages\engines-py\.pdb_cache\4XV2,A
902,ThermoMPNN,4XV2,0.4963013529777527,47,Q,D,F:\GENESIS Studio\genesis-studio\packages\engines-py\.pdb_cache\4XV2,A
903,ThermoMPNN,4XV2,0.13278573751449585,47,Q,E,F:\GENESIS Studio\genesis-studio\packages\engines-py\.pdb_cache\4XV2,A
904,ThermoMPNN,4XV2,0.27093541622161865,47,Q,F,F:\GENESIS Studio\genesis-studio\packages\engines-py\.pdb_cache\4XV2,A
905,ThermoMPNN,4XV2,0.7454520463943481,47,Q,G,F:\GENESIS Studio\genesis-studio\packages\engines-py\.pdb_cache\4XV2,A
906,ThermoMPNN,4XV2,0.29143738746643066,47,Q,H,F:\GENESIS Studio\genesis-studio\packages\engines-py\.pdb_cache\4XV2,A
907,ThermoMPNN,4XV2,0.04095256328582764,47,Q,I,F:\GENESIS Studio\genesis-studio\packages\engines-py\.pdb_cache\4XV2,A
908,ThermoMPNN,4XV2,0.04241675138473511,47,Q,K,F:\GENESIS Studio\genesis-studio\packages\engines-py\.pdb_cache\4XV2,A
909,ThermoMPNN,4XV2,0.04120934009552002,47,Q,L,F:\GENESIS Studio\genesis-studio\packages\engines-py\.pdb_cache\4XV2,A
910,ThermoMPNN,4XV2,0.021520495414733887,47,Q,M,F:\GENESIS Studio\genesis-studio\packages\engines-py\.pdb_cache\4XV2,A
911,ThermoMPNN,4XV2,0.4492083787918091,47,Q,N,F:\GENESIS Studio\genesis-studio\packages\engines-py\.pdb_cache\4XV2,A
912,ThermoMPNN,4XV2,1.8720073699951172,47,Q,P,F:\GENESIS Studio\genesis-studio\packages\engines-py\.pdb_cache\4XV2,A
913,ThermoMPNN,4XV2,0.0,47,Q,Q,F:\GENESIS Studio\genesis-studio\packages\engines-py\.pdb_cache\4XV2,A
914,ThermoMPNN,4XV2,0.01555490493774414,47,Q,R,F:\GENESIS Studio\genesis-studio\packages\engines-py\.pdb_cache\4XV2,A
915,ThermoMPNN,4XV2,0.3198227286338806,47,Q,S,F:\GENESIS Studio\genesis-studio\packages\engines-py\.pdb_cache\4XV2,A
916,ThermoMPNN,4XV2,0.2908036708831787,47,Q,T,F:\GENESIS Studio\genesis-studio\packages\engines-py\.pdb_cache\4XV2,A
917,ThermoMPNN,4XV2,0.1488736867904663,47,Q,V,F:\GENESIS Studio\genesis-studio\packages\engines-py\.pdb_cache\4XV2,A
918,ThermoMPNN,4XV2,0.10291409492492676,47,Q,W,F:\GENESIS Studio\genesis-studio\packages\engines-py\.pdb_cache\4XV2,A
919,ThermoMPNN,4XV2,0.20646369457244873,47,Q,Y,F:\GENESIS Studio\genesis-studio\packages\engines-py\.pdb_cache\4XV2,A
920,ThermoMPNN,4XV2,0.0,48,A,A,F:\GENESIS Studio\genesis-studio\packages\engines-py\.pdb_cache\4XV2,A
921,ThermoMPNN,4XV2,-0.22250354290008545,48,A,C,F:\GENESIS Studio\genesis-studio\packages\engines-py\.pdb_cache\4XV2,A
922,ThermoMPNN,4XV2,-0.06982487440109253,48,A,D,F:\GENESIS Studio\genesis-studio\packages\engines-py\.pdb_cache\4XV2,A
923,ThermoMPNN,4XV2,-0.25122296810150146,48,A,E,F:\GENESIS Studio\genesis-studio\packages\engines-py\.pdb_cache\4XV2,A
924,ThermoMPNN,4XV2,0.06389230489730835,48,A,F,F:\GENESIS Studio\genesis-studio\packages\engines-py\.pdb_cache\4XV2,A
925,ThermoMPNN,4XV2,0.6467105150222778,48,A,G,F:\GENESIS Studio\genesis-studio\packages\engines-py\.pdb_cache\4XV2,A
926,ThermoMPNN,4XV2,0.11675047874450684,48,A,H,F:\GENESIS Studio\genesis-studio\packages\engines-py\.pdb_cache\4XV2,A
927,ThermoMPNN,4XV2,0.019523143768310547,48,A,I,F:\GENESIS Studio\genesis-studio\packages\engines-py\.pdb_cache\4XV2,A
928,ThermoMPNN,4XV2,0.0034022927284240723,48,A,K,F:\GENESIS Studio\genesis-studio\packages\engines-py\.pdb_cache\4XV2,A
929,ThermoMPNN,4XV2,-0.1778707504272461,48,A,L,F:\GENESIS Studio\genesis-studio\packages\engines-py\.pdb_cache\4XV2,A
930,ThermoMPNN,4XV2,-0.14662790298461914,48,A,M,F:\GENESIS Studio\genesis-studio\packages\engines-py\.pdb_cache\4XV2,A
931,ThermoMPNN,4XV2,0.009431838989257812,48,A,N,F:\GENESIS Studio\genesis-studio\packages\engines-py\.pdb_cache\4XV2,A
932,ThermoMPNN,4XV2,2.3884377479553223,48,A,P,F:\GENESIS Studio\genesis-studio\packages\engines-py\.pdb_cache\4XV2,A
933,ThermoMPNN,4XV2,-0.17552554607391357,48,A,Q,F:\GENESIS Studio\genesis-studio\packages\engines-py\.pdb_cache\4XV2,A
934,ThermoMPNN,4XV2,0.014755725860595703,48,A,R,F:\GENESIS Studio\genesis-studio\packages\engines-py\.pdb_cache\4XV2,A
935,ThermoMPNN,4XV2,0.17616260051727295,48,A,S,F:\GENESIS Studio\genesis-studio\packages\engines-py\.pdb_cache\4XV2,A
936,ThermoMPNN,4XV2,0.11631321907043457,48,A,T,F:\GENESIS Studio\genesis-studio\packages\engines-py\.pdb_cache\4XV2,A
937,ThermoMPNN,4XV2,0.14406204223632812,48,A,V,F:\GENESIS Studio\genesis-studio\packages\engines-py\.pdb_cache\4XV2,A
938,ThermoMPNN,4XV2,0.07317787408828735,48,A,W,F:\GENESIS Studio\genesis-studio\packages\engines-py\.pdb_cache\4XV2,A
939,ThermoMPNN,4XV2,0.107371985912323,48,A,Y,F:\GENESIS Studio\genesis-studio\packages\engines-py\.pdb_cache\4XV2,A
940,ThermoMPNN,4XV2,2.6691646575927734,49,F,A,F:\GENESIS Studio\genesis-studio\packages\engines-py\.pdb_cache\4XV2,A
941,ThermoMPNN,4XV2,1.790111780166626,49,F,C,F:\GENESIS Studio\genesis-studio\packages\engines-py\.pdb_cache\4XV2,A
942,ThermoMPNN,4XV2,2.982628107070923,49,F,D,F:\GENESIS Studio\genesis-studio\packages\engines-py\.pdb_cache\4XV2,A
943,ThermoMPNN,4XV2,2.9722542762756348,49,F,E,F:\GENESIS Studio\genesis-studio\packages\engines-py\.pdb_cache\4XV2,A
944,ThermoMPNN,4XV2,0.0,49,F,F,F:\GENESIS Studio\genesis-studio\packages\engines-py\.pdb_cache\4XV2,A
945,ThermoMPNN,4XV2,2.9410362243652344,49,F,G,F:\GENESIS Studio\genesis-studio\packages\engines-py\.pdb_cache\4XV2,A
946,ThermoMPNN,4XV2,2.869723320007324,49,F,H,F:\GENESIS Studio\genesis-studio\packages\engines-py\.pdb_cache\4XV2,A
947,ThermoMPNN,4XV2,1.917724847793579,49,F,I,F:\GENESIS Studio\genesis-studio\packages\engines-py\.pdb_cache\4XV2,A
948,ThermoMPNN,4XV2,2.9180829524993896,49,F,K,F:\GENESIS Studio\genesis-studio\packages\engines-py\.pdb_cache\4XV2,A
949,ThermoMPNN,4XV2,1.7379626035690308,49,F,L,F:\GENESIS Studio\genesis-studio\packages\engines-py\.pdb_cache\4XV2,A
950,ThermoMPNN,4XV2,1.6522793769836426,49,F,M,F:\GENESIS Studio\genesis-studio\packages\engines-py\.pdb_cache\4XV2,A
951,ThermoMPNN,4XV2,2.997708559036255,49,F,N,F:\GENESIS Studio\genesis-studio\packages\engines-py\.pdb_cache\4XV2,A
952,ThermoMPNN,4XV2,2.756415367126465,49,F,P,F:\GENESIS Studio\genesis-studio\packages\engines-py\.pdb_cache\4XV2,A
953,ThermoMPNN,4XV2,2.9768402576446533,49,F,Q,F:\GENESIS Studio\genesis-studio\packages\engines-py\.pdb_cache\4XV2,A
954,ThermoMPNN,4XV2,2.6954236030578613,49,F,R,F:\GENESIS Studio\genesis-studio\packages\engines-py\.pdb_cache\4XV2,A
955,ThermoMPNN,4XV2,2.8061232566833496,49,F,S,F:\GENESIS Studio\genesis-studio\packages\engines-py\.pdb_cache\4XV2,A
956,ThermoMPNN,4XV2,2.75685453414917,49,F,T,F:\GENESIS Studio\genesis-studio\packages\engines-py\.pdb_cache\4XV2,A
957,ThermoMPNN,4XV2,2.189302682876587,49,F,V,F:\GENESIS Studio\genesis-studio\packages\engines-py\.pdb_cache\4XV2,A
958,ThermoMPNN,4XV2,1.380979299545288,49,F,W,F:\GENESIS Studio\genesis-studio\packages\engines-py\.pdb_cache\4XV2,A
959,ThermoMPNN,4XV2,1.5918190479278564,49,F,Y,F:\GENESIS Studio\genesis-studio\packages\engines-py\.pdb_cache\4XV2,A
960,ThermoMPNN,4XV2,0.30176931619644165,50,K,A,F:\GENESIS Studio\genesis-studio\packages\engines-py\.pdb_cache\4XV2,A
961,ThermoMPNN,4XV2,-0.4376930594444275,50,K,C,F:\GENESIS Studio\genesis-studio\packages\engines-py\.pdb_cache\4XV2,A
962,ThermoMPNN,4XV2,0.9152518510818481,50,K,D,F:\GENESIS Studio\genesis-studio\packages\engines-py\.pdb_cache\4XV2,A
963,ThermoMPNN,4XV2,0.307947039604187,50,K,E,F:\GENESIS Studio\genesis-studio\packages\engines-py\.pdb_cache\4XV2,A
964,ThermoMPNN,4XV2,-0.3101416230201721,50,K,F,F:\GENESIS Studio\genesis-studio\packages\engines-py\.pdb_cache\4XV2,A
965,ThermoMPNN,4XV2,0.9229913949966431,50,K,G,F:\GENESIS Studio\genesis-studio\packages\engines-py\.pdb_cache\4XV2,A
966,ThermoMPNN,4XV2,0.042885005474090576,50,K,H,F:\GENESIS Studio\genesis-studio\packages\engines-py\.pdb_cache\4XV2,A
967,ThermoMPNN,4XV2,0.22855621576309204,50,K,I,F:\GENESIS Studio\genesis-studio\packages\engines-py\.pdb_cache\4XV2,A
968,ThermoMPNN,4XV2,0.0,50,K,K,F:\GENESIS Studio\genesis-studio\packages\engines-py\.pdb_cache\4XV2,A
969,ThermoMPNN,4XV2,-0.4582769274711609,50,K,L,F:\GENESIS Studio\genesis-studio\packages\engines-py\.pdb_cache\4XV2,A
970,ThermoMPNN,4XV2,-0.3505890965461731,50,K,M,F:\GENESIS Studio\genesis-studio\packages\engines-py\.pdb_cache\4XV2,A
971,ThermoMPNN,4XV2,0.35010117292404175,50,K,N,F:\GENESIS Studio\genesis-studio\packages\engines-py\.pdb_cache\4XV2,A
972,ThermoMPNN,4XV2,2.354438543319702,50,K,P,F:\GENESIS Studio\genesis-studio\packages\engines-py\.pdb_cache\4XV2,A
973,ThermoMPNN,4XV2,-0.014756083488464355,50,K,Q,F:\GENESIS Studio\genesis-studio\packages\engines-py\.pdb_cache\4XV2,A
974,ThermoMPNN,4XV2,0.08568090200424194,50,K,R,F:\GENESIS Studio\genesis-studio\packages\engines-py\.pdb_cache\4XV2,A
975,ThermoMPNN,4XV2,0.6264253258705139,50,K,S,F:\GENESIS Studio\genesis-studio\packages\engines-py\.pdb_cache\4XV2,A
976,ThermoMPNN,4XV2,0.4897960126399994,50,K,T,F:\GENESIS Studio\genesis-studio\packages\engines-py\.pdb_cache\4XV2,A
977,ThermoMPNN,4XV2,0.3465939164161682,50,K,V,F:\GENESIS Studio\genesis-studio\packages\engines-py\.pdb_cache\4XV2,A
978,ThermoMPNN,4XV2,-0.24772661924362183,50,K,W,F:\GENESIS Studio\genesis-studio\packages\engines-py\.pdb_cache\4XV2,A
979,ThermoMPNN,4XV2,-0.2425193190574646,50,K,Y,F:\GENESIS Studio\genesis-studio\packages\engines-py\.pdb_cache\4XV2,A
980,ThermoMPNN,4XV2,-0.24517112970352173,51,N,A,F:\GENESIS Studio\genesis-studio\packages\engines-py\.pdb_cache\4XV2,A
981,ThermoMPNN,4XV2,-0.27138465642929077,51,N,C,F:\GENESIS Studio\genesis-studio\packages\engines-py\.pdb_cache\4XV2,A
982,ThermoMPNN,4XV2,0.1133083701133728,51,N,D,F:\GENESIS Studio\genesis-studio\packages\engines-py\.pdb_cache\4XV2,A
983,ThermoMPNN,4XV2,-0.1746341586112976,51,N,E,F:\GENESIS Studio\genesis-studio\packages\engines-py\.pdb_cache\4XV2,A
984,ThermoMPNN,4XV2,0.08230042457580566,51,N,F,F:\GENESIS Studio\genesis-studio\packages\engines-py\.pdb_cache\4XV2,A
985,ThermoMPNN,4XV2,0.5045502185821533,51,N,G,F:\GENESIS Studio\genesis-studio\packages\engines-py\.pdb_cache\4XV2,A
986,ThermoMPNN,4XV2,0.01521521806716919,51,N,H,F:\GENESIS Studio\genesis-studio\packages\engines-py\.pdb_cache\4XV2,A
987,ThermoMPNN,4XV2,-0.15902429819107056,51,N,I,F:\GENESIS Studio\genesis-studio\packages\engines-py\.pdb_cache\4XV2,A
988,ThermoMPNN,4XV2,-0.25340479612350464,51,N,K,F:\GENESIS Studio\genesis-studio\packages\engines-py\.pdb_cache\4XV2,A
989,ThermoMPNN,4XV2,-0.19839102029800415,51,N,L,F:\GENESIS Studio\genesis-studio\packages\engines-py\.pdb_cache\4XV2,A
990,ThermoMPNN,4XV2,-0.21887534856796265,51,N,M,F:\GENESIS Studio\genesis-studio\packages\engines-py\.pdb_cache\4XV2,A
991,ThermoMPNN,4XV2,0.0,51,N,N,F:\GENESIS Studio\genesis-studio\packages\engines-py\.pdb_cache\4XV2,A
992,ThermoMPNN,4XV2,2.198138475418091,51,N,P,F:\GENESIS Studio\genesis-studio\packages\engines-py\.pdb_cache\4XV2,A
993,ThermoMPNN,4XV2,-0.20666223764419556,51,N,Q,F:\GENESIS Studio\genesis-studio\packages\engines-py\.pdb_cache\4XV2,A
994,ThermoMPNN,4XV2,-0.3633238673210144,51,N,R,F:\GENESIS Studio\genesis-studio\packages\engines-py\.pdb_cache\4XV2,A
995,ThermoMPNN,4XV2,-0.00034695863723754883,51,N,S,F:\GENESIS Studio\genesis-studio\packages\engines-py\.pdb_cache\4XV2,A
996,ThermoMPNN,4XV2,0.06982988119125366,51,N,T,F:\GENESIS Studio\genesis-studio\packages\engines-py\.pdb_cache\4XV2,A
997,ThermoMPNN,4XV2,-0.08935600519180298,51,N,V,F:\GENESIS Studio\genesis-studio\packages\engines-py\.pdb_cache\4XV2,A
998,ThermoMPNN,4XV2,-0.036869704723358154,51,N,W,F:\GENESIS Studio\genesis-studio\packages\engines-py\.pdb_cache\4XV2,A
999,ThermoMPNN,4XV2,0.004791676998138428,51,N,Y,F:\GENESIS Studio\genesis-studio\packages\engines-py\.pdb_cache\4XV2,A
1000,ThermoMPNN,4XV2,-0.2580837905406952,52,E,A,F:\GENESIS Studio\genesis-studio\packages\engines-py\.pdb_cache\4XV2,A
1001,ThermoMPNN,4XV2,-0.746401309967041,52,E,C,F:\GENESIS Studio\genesis-studio\packages\engines-py\.pdb_cache\4XV2,A
1002,ThermoMPNN,4XV2,0.7823390960693359,52,E,D,F:\GENESIS Studio\genesis-studio\packages\engines-py\.pdb_cache\4XV2,A
1003,ThermoMPNN,4XV2,0.0,52,E,E,F:\GENESIS Studio\genesis-studio\packages\engines-py\.pdb_cache\4XV2,A
1004,ThermoMPNN,4XV2,-0.8884279727935791,52,E,F,F:\GENESIS Studio\genesis-studio\packages\engines-py\.pdb_cache\4XV2,A
1005,ThermoMPNN,4XV2,0.5110607147216797,52,E,G,F:\GENESIS Studio\genesis-studio\packages\engines-py\.pdb_cache\4XV2,A
1006,ThermoMPNN,4XV2,-0.016793936491012573,52,E,H,F:\GENESIS Studio\genesis-studio\packages\engines-py\.pdb_cache\4XV2,A
1007,ThermoMPNN,4XV2,-1.009020447731018,52,E,I,F:\GENESIS Studio\genesis-studio\packages\engines-py\.pdb_cache\4XV2,A
1008,ThermoMPNN,4XV2,0.271433562040329,52,E,K,F:\GENESIS Studio\genesis-studio\packages\engines-py\.pdb_cache\4XV2,A
1009,ThermoMPNN,4XV2,-1.286177635192871,52,E,L,F:\GENESIS Studio\genesis-studio\packages\engines-py\.pdb_cache\4XV2,A
1010,ThermoMPNN,4XV2,-0.9990377426147461,52,E,M,F:\GENESIS Studio\genesis-studio\packages\engines-py\.pdb_cache\4XV2,A
1011,ThermoMPNN,4XV2,0.5035536289215088,52,E,N,F:\GENESIS Studio\genesis-studio\packages\engines-py\.pdb_cache\4XV2,A
1012,ThermoMPNN,4XV2,1.488114833831787,52,E,P,F:\GENESIS Studio\genesis-studio\packages\engines-py\.pdb_cache\4XV2,A
1013,ThermoMPNN,4XV2,0.08448132872581482,52,E,Q,F:\GENESIS Studio\genesis-studio\packages\engines-py\.pdb_cache\4XV2,A
1014,ThermoMPNN,4XV2,0.10969379544258118,52,E,R,F:\GENESIS Studio\genesis-studio\packages\engines-py\.pdb_cache\4XV2,A
1015,ThermoMPNN,4XV2,0.3550269901752472,52,E,S,F:\GENESIS Studio\genesis-studio\packages\engines-py\.pdb_cache\4XV2,A
1016,ThermoMPNN,4XV2,0.09106376767158508,52,E,T,F:\GENESIS Studio\genesis-studio\packages\engines-py\.pdb_cache\4XV2,A
1017,ThermoMPNN,4XV2,-0.7582288980484009,52,E,V,F:\GENESIS Studio\genesis-studio\packages\engines-py\.pdb_cache\4XV2,A
1018,ThermoMPNN,4XV2,-0.9135781526565552,52,E,W,F:\GENESIS Studio\genesis-studio\packages\engines-py\.pdb_cache\4XV2,A
1019,ThermoMPNN,4XV2,-0.9621627330780029,52,E,Y,F:\GENESIS Studio\genesis-studio\packages\engines-py\.pdb_cache\4XV2,A
1020,ThermoMPNN,4XV2,1.7111430168151855,53,V,A,F:\GENESIS Studio\genesis-studio\packages\engines-py\.pdb_cache\4XV2,A
1021,ThermoMPNN,4XV2,0.8737552165985107,53,V,C,F:\GENESIS Studio\genesis-studio\packages\engines-py\.pdb_cache\4XV2,A
1022,ThermoMPNN,4XV2,2.966444730758667,53,V,D,F:\GENESIS Studio\genesis-studio\packages\engines-py\.pdb_cache\4XV2,A
1023,ThermoMPNN,4XV2,2.2828941345214844,53,V,E,F:\GENESIS Studio\genesis-studio\packages\engines-py\.pdb_cache\4XV2,A
1024,ThermoMPNN,4XV2,1.7628154754638672,53,V,F,F:\GENESIS Studio\genesis-studio\packages\engines-py\.pdb_cache\4XV2,A
1025,ThermoMPNN,4XV2,2.698848009109497,53,V,G,F:\GENESIS Studio\genesis-studio\packages\engines-py\.pdb_cache\4XV2,A
1026,ThermoMPNN,4XV2,2.7075445652008057,53,V,H,F:\GENESIS Studio\genesis-studio\packages\engines-py\.pdb_cache\4XV2,A
1027,ThermoMPNN,4XV2,0.006663322448730469,53,V,I,F:\GENESIS Studio\genesis-studio\packages\engines-py\.pdb_cache\4XV2,A
1028,ThermoMPNN,4XV2,2.332866668701172,53,V,K,F:\GENESIS Studio\genesis-studio\packages\engines-py\.pdb_cache\4XV2,A
1029,ThermoMPNN,4XV2,0.28075718879699707,53,V,L,F:\GENESIS Studio\genesis-studio\packages\engines-py\.pdb_cache\4XV2,A
1030,ThermoMPNN,4XV2,1.0523295402526855,53,V,M,F:\GENESIS Studio\genesis-studio\packages\engines-py\.pdb_cache\4XV2,A
1031,ThermoMPNN,4XV2,2.7939531803131104,53,V,N,F:\GENESIS Studio\genesis-studio\packages\engines-py\.pdb_cache\4XV2,A
1032,ThermoMPNN,4XV2,2.809968948364258,53,V,P,F:\GENESIS Studio\genesis-studio\packages\engines-py\.pdb_cache\4XV2,A
1033,ThermoMPNN,4XV2,2.2286465167999268,53,V,Q,F:\GENESIS Studio\genesis-studio\packages\engines-py\.pdb_cache\4XV2,A
1034,ThermoMPNN,4XV2,2.559885263442993,53,V,R,F:\GENESIS Studio\genesis-studio\packages\engines-py\.pdb_cache\4XV2,A
1035,ThermoMPNN,4XV2,2.2973480224609375,53,V,S,F:\GENESIS Studio\genesis-studio\packages\engines-py\.pdb_cache\4XV2,A
1036,ThermoMPNN,4XV2,1.551472783088684,53,V,T,F:\GENESIS Studio\genesis-studio\packages\engines-py\.pdb_cache\4XV2,A
1037,ThermoMPNN,4XV2,0.0,53,V,V,F:\GENESIS Studio\genesis-studio\packages\engines-py\.pdb_cache\4XV2,A
1038,ThermoMPNN,4XV2,1.9470360279083252,53,V,W,F:\GENESIS Studio\genesis-studio\packages\engines-py\.pdb_cache\4XV2,A
1039,ThermoMPNN,4XV2,2.2128984928131104,53,V,Y,F:\GENESIS Studio\genesis-studio\packages\engines-py\.pdb_cache\4XV2,A
1040,ThermoMPNN,4XV2,-0.5233056545257568,54,G,A,F:\GENESIS Studio\genesis-studio\packages\engines-py\.pdb_cache\4XV2,A
1041,ThermoMPNN,4XV2,-0.4528998136520386,54,G,C,F:\GENESIS Studio\genesis-studio\packages\engines-py\.pdb_cache\4XV2,A
1042,ThermoMPNN,4XV2,-0.25927746295928955,54,G,D,F:\GENESIS Studio\genesis-studio\packages\engines-py\.pdb_cache\4XV2,A
1043,ThermoMPNN,4XV2,-0.27784162759780884,54,G,E,F:\GENESIS Studio\genesis-studio\packages\engines-py\.pdb_cache\4XV2,A
1044,ThermoMPNN,4XV2,0.049944937229156494,54,G,F,F:\GENESIS Studio\genesis-studio\packages\engines-py\.pdb_cache\4XV2,A
1045,ThermoMPNN,4XV2,0.0,54,G,G,F:\GENESIS Studio\genesis-studio\packages\engines-py\.pdb_cache\4XV2,A
1046,ThermoMPNN,4XV2,-0.1003948450088501,54,G,H,F:\GENESIS Studio\genesis-studio\packages\engines-py\.pdb_cache\4XV2,A
1047,ThermoMPNN,4XV2,0.019908905029296875,54,G,I,F:\GENESIS Studio\genesis-studio\packages\engines-py\.pdb_cache\4XV2,A
1048,ThermoMPNN,4XV2,-0.20878911018371582,54,G,K,F:\GENESIS Studio\genesis-studio\packages\engines-py\.pdb_cache\4XV2,A
1049,ThermoMPNN,4XV2,-0.13484036922454834,54,G,L,F:\GENESIS Studio\genesis-studio\packages\engines-py\.pdb_cache\4XV2,A
1050,ThermoMPNN,4XV2,-0.19048452377319336,54,G,M,F:\GENESIS Studio\genesis-studio\packages\engines-py\.pdb_cache\4XV2,A
1051,ThermoMPNN,4XV2,-0.34379589557647705,54,G,N,F:\GENESIS Studio\genesis-studio\packages\engines-py\.pdb_cache\4XV2,A
1052,ThermoMPNN,4XV2,1.6251212358474731,54,G,P,F:\GENESIS Studio\genesis-studio\packages\engines-py\.pdb_cache\4XV2,A
1053,ThermoMPNN,4XV2,-0.1898651123046875,54,G,Q,F:\GENESIS Studio\genesis-studio\packages\engines-py\.pdb_cache\4XV2,A
1054,ThermoMPNN,4XV2,-0.3227319121360779,54,G,R,F:\GENESIS Studio\genesis-studio\packages\engines-py\.pdb_cache\4XV2,A
1055,ThermoMPNN,4XV2,-0.3246718645095825,54,G,S,F:\GENESIS Studio\genesis-studio\packages\engines-py\.pdb_cache\4XV2,A
1056,ThermoMPNN,4XV2,0.07154810428619385,54,G,T,F:\GENESIS Studio\genesis-studio\packages\engines-py\.pdb_cache\4XV2,A
1057,ThermoMPNN,4XV2,0.07459962368011475,54,G,V,F:\GENESIS Studio\genesis-studio\packages\engines-py\.pdb_cache\4XV2,A
1058,ThermoMPNN,4XV2,0.08935672044754028,54,G,W,F:\GENESIS Studio\genesis-studio\packages\engines-py\.pdb_cache\4XV2,A
1059,ThermoMPNN,4XV2,0.09433627128601074,54,G,Y,F:\GENESIS Studio\genesis-studio\packages\engines-py\.pdb_cache\4XV2,A
1060,ThermoMPNN,4XV2,0.6726906299591064,55,V,A,F:\GENESIS Studio\genesis-studio\packages\engines-py\.pdb_cache\4XV2,A
1061,ThermoMPNN,4XV2,0.0469970703125,55,V,C,F:\GENESIS Studio\genesis-studio\packages\engines-py\.pdb_cache\4XV2,A
1062,ThermoMPNN,4XV2,1.252957820892334,55,V,D,F:\GENESIS Studio\genesis-studio\packages\engines-py\.pdb_cache\4XV2,A
1063,ThermoMPNN,4XV2,0.7196474075317383,55,V,E,F:\GENESIS Studio\genesis-studio\packages\engines-py\.pdb_cache\4XV2,A
1064,ThermoMPNN,4XV2,0.3234873414039612,55,V,F,F:\GENESIS Studio\genesis-studio\packages\engines-py\.pdb_cache\4XV2,A
1065,ThermoMPNN,4XV2,1.2384099960327148,55,V,G,F:\GENESIS Studio\genesis-studio\packages\engines-py\.pdb_cache\4XV2,A
1066,ThermoMPNN,4XV2,0.5555617809295654,55,V,H,F:\GENESIS Studio\genesis-studio\packages\engines-py\.pdb_cache\4XV2,A
1067,ThermoMPNN,4XV2,-0.30889892578125,55,V,I,F:\GENESIS Studio\genesis-studio\packages\engines-py\.pdb_cache\4XV2,A
1068,ThermoMPNN,4XV2,0.4551163911819458,55,V,K,F:\GENESIS Studio\genesis-studio\packages\engines-py\.pdb_cache\4XV2,A
1069,ThermoMPNN,4XV2,-0.20184683799743652,55,V,L,F:\GENESIS Studio\genesis-studio\packages\engines-py\.pdb_cache\4XV2,A
1070,ThermoMPNN,4XV2,0.0016959905624389648,55,V,M,F:\GENESIS Studio\genesis-studio\packages\engines-py\.pdb_cache\4XV2,A
1071,ThermoMPNN,4XV2,0.9205024242401123,55,V,N,F:\GENESIS Studio\genesis-studio\packages\engines-py\.pdb_cache\4XV2,A
1072,ThermoMPNN,4XV2,2.0687808990478516,55,V,P,F:\GENESIS Studio\genesis-studio\packages\engines-py\.pdb_cache\4XV2,A
1073,ThermoMPNN,4XV2,0.42815178632736206,55,V,Q,F:\GENESIS Studio\genesis-studio\packages\engines-py\.pdb_cache\4XV2,A
1074,ThermoMPNN,4XV2,0.5158066749572754,55,V,R,F:\GENESIS Studio\genesis-studio\packages\engines-py\.pdb_cache\4XV2,A
1075,ThermoMPNN,4XV2,0.7728311419487,55,V,S,F:\GENESIS Studio\genesis-studio\packages\engines-py\.pdb_cache\4XV2,A
1076,ThermoMPNN,4XV2,0.3668535351753235,55,V,T,F:\GENESIS Studio\genesis-studio\packages\engines-py\.pdb_cache\4XV2,A
1077,ThermoMPNN,4XV2,0.0,55,V,V,F:\GENESIS Studio\genesis-studio\packages\engines-py\.pdb_cache\4XV2,A
1078,ThermoMPNN,4XV2,0.21664774417877197,55,V,W,F:\GENESIS Studio\genesis-studio\packages\engines-py\.pdb_cache\4XV2,A
1079,ThermoMPNN,4XV2,0.25286954641342163,55,V,Y,F:\GENESIS Studio\genesis-studio\packages\engines-py\.pdb_cache\4XV2,A
1080,ThermoMPNN,4XV2,1.748376727104187,56,L,A,F:\GENESIS Studio\genesis-studio\packages\engines-py\.pdb_cache\4XV2,A
1081,ThermoMPNN,4XV2,0.9392126798629761,56,L,C,F:\GENESIS Studio\genesis-studio\packages\engines-py\.pdb_cache\4XV2,A
1082,ThermoMPNN,4XV2,2.581087827682495,56,L,D,F:\GENESIS Studio\genesis-studio\packages\engines-py\.pdb_cache\4XV2,A
1083,ThermoMPNN,4XV2,2.087327241897583,56,L,E,F:\GENESIS Studio\genesis-studio\packages\engines-py\.pdb_cache\4XV2,A
1084,ThermoMPNN,4XV2,0.4647010564804077,56,L,F,F:\GENESIS Studio\genesis-studio\packages\engines-py\.pdb_cache\4XV2,A
1085,ThermoMPNN,4XV2,2.296121835708618,56,L,G,F:\GENESIS Studio\genesis-studio\packages\engines-py\.pdb_cache\4XV2,A
1086,ThermoMPNN,4XV2,1.7515406608581543,56,L,H,F:\GENESIS Studio\genesis-studio\packages\engines-py\.pdb_cache\4XV2,A
1087,ThermoMPNN,4XV2,0.7835724353790283,56,L,I,F:\GENESIS Studio\genesis-studio\packages\engines-py\.pdb_cache\4XV2,A
1088,ThermoMPNN,4XV2,2.058718681335449,56,L,K,F:\GENESIS Studio\genesis-studio\packages\engines-py\.pdb_cache\4XV2,A
1089,ThermoMPNN,4XV2,0.0,56,L,L,F:\GENESIS Studio\genesis-studio\packages\engines-py\.pdb_cache\4XV2,A
1090,ThermoMPNN,4XV2,0.487123966217041,56,L,M,F:\GENESIS Studio\genesis-studio\packages\engines-py\.pdb_cache\4XV2,A
1091,ThermoMPNN,4XV2,2.285360813140869,56,L,N,F:\GENESIS Studio\genesis-studio\packages\engines-py\.pdb_cache\4XV2,A
1092,ThermoMPNN,4XV2,2.5695629119873047,56,L,P,F:\GENESIS Studio\genesis-studio\packages\engines-py\.pdb_cache\4XV2,A
1093,ThermoMPNN,4XV2,1.9650659561157227,56,L,Q,F:\GENESIS Studio\genesis-studio\packages\engines-py\.pdb_cache\4XV2,A
1094,ThermoMPNN,4XV2,1.9686048030853271,56,L,R,F:\GENESIS Studio\genesis-studio\packages\engines-py\.pdb_cache\4XV2,A
1095,ThermoMPNN,4XV2,2.25346302986145,56,L,S,F:\GENESIS Studio\genesis-studio\packages\engines-py\.pdb_cache\4XV2,A
1096,ThermoMPNN,4XV2,2.0540990829467773,56,L,T,F:\GENESIS Studio\genesis-studio\packages\engines-py\.pdb_cache\4XV2,A
1097,ThermoMPNN,4XV2,1.4297401905059814,56,L,V,F:\GENESIS Studio\genesis-studio\packages\engines-py\.pdb_cache\4XV2,A
1098,ThermoMPNN,4XV2,0.7082295417785645,56,L,W,F:\GENESIS Studio\genesis-studio\packages\engines-py\.pdb_cache\4XV2,A
1099,ThermoMPNN,4XV2,0.6805437803268433,56,L,Y,F:\GENESIS Studio\genesis-studio\packages\engines-py\.pdb_cache\4XV2,A
1100,ThermoMPNN,4XV2,0.2734639644622803,57,R,A,F:\GENESIS Studio\genesis-studio\packages\engines-py\.pdb_cache\4XV2,A
1101,ThermoMPNN,4XV2,0.520761251449585,57,R,C,F:\GENESIS Studio\genesis-studio\packages\engines-py\.pdb_cache\4XV2,A
1102,ThermoMPNN,4XV2,2.105369806289673,57,R,D,F:\GENESIS Studio\genesis-studio\packages\engines-py\.pdb_cache\4XV2,A
1103,ThermoMPNN,4XV2,0.9986846446990967,57,R,E,F:\GENESIS Studio\genesis-studio\packages\engines-py\.pdb_cache\4XV2,A
1104,ThermoMPNN,4XV2,1.0247119665145874,57,R,F,F:\GENESIS Studio\genesis-studio\packages\engines-py\.pdb_cache\4XV2,A
1105,ThermoMPNN,4XV2,1.1441624164581299,57,R,G,F:\GENESIS Studio\genesis-studio\packages\engines-py\.pdb_cache\4XV2,A
1106,ThermoMPNN,4XV2,0.9870287179946899,57,R,H,F:\GENESIS Studio\genesis-studio\packages\engines-py\.pdb_cache\4XV2,A
1107,ThermoMPNN,4XV2,0.6684207916259766,57,R,I,F:\GENESIS Studio\genesis-studio\packages\engines-py\.pdb_cache\4XV2,A
1108,ThermoMPNN,4XV2,0.16436541080474854,57,R,K,F:\GENESIS Studio\genesis-studio\packages\engines-py\.pdb_cache\4XV2,A
1109,ThermoMPNN,4XV2,0.588226318359375,57,R,L,F:\GENESIS Studio\genesis-studio\packages\engines-py\.pdb_cache\4XV2,A
1110,ThermoMPNN,4XV2,0.20443224906921387,57,R,M,F:\GENESIS Studio\genesis-studio\packages\engines-py\.pdb_cache\4XV2,A
1111,ThermoMPNN,4XV2,1.5526657104492188,57,R,N,F:\GENESIS Studio\genesis-studio\packages\engines-py\.pdb_cache\4XV2,A
1112,ThermoMPNN,4XV2,2.161620616912842,57,R,P,F:\GENESIS Studio\genesis-studio\packages\engines-py\.pdb_cache\4XV2,A
1113,ThermoMPNN,4XV2,0.24757039546966553,57,R,Q,F:\GENESIS Studio\genesis-studio\packages\engines-py\.pdb_cache\4XV2,A
1114,ThermoMPNN,4XV2,0.0,57,R,R,F:\GENESIS Studio\genesis-studio\packages\engines-py\.pdb_cache\4XV2,A
1115,ThermoMPNN,4XV2,0.6624609231948853,57,R,S,F:\GENESIS Studio\genesis-studio\packages\engines-py\.pdb_cache\4XV2,A
1116,ThermoMPNN,4XV2,0.9659016132354736,57,R,T,F:\GENESIS Studio\genesis-studio\packages\engines-py\.pdb_cache\4XV2,A
1117,ThermoMPNN,4XV2,0.733413577079773,57,R,V,F:\GENESIS Studio\genesis-studio\packages\engines-py\.pdb_cache\4XV2,A
1118,ThermoMPNN,4XV2,0.9843587279319763,57,R,W,F:\GENESIS Studio\genesis-studio\packages\engines-py\.pdb_cache\4XV2,A
1119,ThermoMPNN,4XV2,1.156078815460205,57,R,Y,F:\GENESIS Studio\genesis-studio\packages\engines-py\.pdb_cache\4XV2,A
1120,ThermoMPNN,4XV2,0.504000723361969,58,K,A,F:\GENESIS Studio\genesis-studio\packages\engines-py\.pdb_cache\4XV2,A
1121,ThermoMPNN,4XV2,0.24410665035247803,58,K,C,F:\GENESIS Studio\genesis-studio\packages\engines-py\.pdb_cache\4XV2,A
1122,ThermoMPNN,4XV2,1.6341307163238525,58,K,D,F:\GENESIS Studio\genesis-studio\packages\engines-py\.pdb_cache\4XV2,A
1123,ThermoMPNN,4XV2,0.9784488677978516,58,K,E,F:\GENESIS Studio\genesis-studio\packages\engines-py\.pdb_cache\4XV2,A
1124,ThermoMPNN,4XV2,0.6711943745613098,58,K,F,F:\GENESIS Studio\genesis-studio\packages\engines-py\.pdb_cache\4XV2,A
1125,ThermoMPNN,4XV2,1.1001548767089844,58,K,G,F:\GENESIS Studio\genesis-studio\packages\engines-py\.pdb_cache\4XV2,A
1126,ThermoMPNN,4XV2,0.5812572240829468,58,K,H,F:\GENESIS Studio\genesis-studio\packages\engines-py\.pdb_cache\4XV2,A
1127,ThermoMPNN,4XV2,0.37876999378204346,58,K,I,F:\GENESIS Studio\genesis-studio\packages\engines-py\.pdb_cache\4XV2,A
1128,ThermoMPNN,4XV2,0.0,58,K,K,F:\GENESIS Studio\genesis-studio\packages\engines-py\.pdb_cache\4XV2,A
1129,ThermoMPNN,4XV2,0.20649456977844238,58,K,L,F:\GENESIS Studio\genesis-studio\packages\engines-py\.pdb_cache\4XV2,A
1130,ThermoMPNN,4XV2,0.08176922798156738,58,K,M,F:\GENESIS Studio\genesis-studio\packages\engines-py\.pdb_cache\4XV2,A
1131,ThermoMPNN,4XV2,0.8673287034034729,58,K,N,F:\GENESIS Studio\genesis-studio\packages\engines-py\.pdb_cache\4XV2,A
1132,ThermoMPNN,4XV2,2.8056764602661133,58,K,P,F:\GENESIS Studio\genesis-studio\packages\engines-py\.pdb_cache\4XV2,A
1133,ThermoMPNN,4XV2,0.11908936500549316,58,K,Q,F:\GENESIS Studio\genesis-studio\packages\engines-py\.pdb_cache\4XV2,A
1134,ThermoMPNN,4XV2,-0.03891170024871826,58,K,R,F:\GENESIS Studio\genesis-studio\packages\engines-py\.pdb_cache\4XV2,A
1135,ThermoMPNN,4XV2,0.5202528834342957,58,K,S,F:\GENESIS Studio\genesis-studio\packages\engines-py\.pdb_cache\4XV2,A
1136,ThermoMPNN,4XV2,0.42787593603134155,58,K,T,F:\GENESIS Studio\genesis-studio\packages\engines-py\.pdb_cache\4XV2,A
1137,ThermoMPNN,4XV2,0.43424516916275024,58,K,V,F:\GENESIS Studio\genesis-studio\packages\engines-py\.pdb_cache\4XV2,A
1138,ThermoMPNN,4XV2,0.7478733062744141,58,K,W,F:\GENESIS Studio\genesis-studio\packages\engines-py\.pdb_cache\4XV2,A
1139,ThermoMPNN,4XV2,0.7189601063728333,58,K,Y,F:\GENESIS Studio\genesis-studio\packages\engines-py\.pdb_cache\4XV2,A
1140,ThermoMPNN,4XV2,0.758176326751709,59,T,A,F:\GENESIS Studio\genesis-studio\packages\engines-py\.pdb_cache\4XV2,A
1141,ThermoMPNN,4XV2,-0.06126141548156738,59,T,C,F:\GENESIS Studio\genesis-studio\packages\engines-py\.pdb_cache\4XV2,A
1142,ThermoMPNN,4XV2,1.8622596263885498,59,T,D,F:\GENESIS Studio\genesis-studio\packages\engines-py\.pdb_cache\4XV2,A
1143,ThermoMPNN,4XV2,1.8231756687164307,59,T,E,F:\GENESIS Studio\genesis-studio\packages\engines-py\.pdb_cache\4XV2,A
1144,ThermoMPNN,4XV2,0.39583736658096313,59,T,F,F:\GENESIS Studio\genesis-studio\packages\engines-py\.pdb_cache\4XV2,A
1145,ThermoMPNN,4XV2,1.2582025527954102,59,T,G,F:\GENESIS Studio\genesis-studio\packages\engines-py\.pdb_cache\4XV2,A
1146,ThermoMPNN,4XV2,1.4578428268432617,59,T,H,F:\GENESIS Studio\genesis-studio\packages\engines-py\.pdb_cache\4XV2,A
1147,ThermoMPNN,4XV2,-0.43685340881347656,59,T,I,F:\GENESIS Studio\genesis-studio\packages\engines-py\.pdb_cache\4XV2,A
1148,ThermoMPNN,4XV2,1.501554012298584,59,T,K,F:\GENESIS Studio\genesis-studio\packages\engines-py\.pdb_cache\4XV2,A
1149,ThermoMPNN,4XV2,-0.6522355079650879,59,T,L,F:\GENESIS Studio\genesis-studio\packages\engines-py\.pdb_cache\4XV2,A
1150,ThermoMPNN,4XV2,0.08891582489013672,59,T,M,F:\GENESIS Studio\genesis-studio\packages\engines-py\.pdb_cache\4XV2,A
1151,ThermoMPNN,4XV2,1.4726269245147705,59,T,N,F:\GENESIS Studio\genesis-studio\packages\engines-py\.pdb_cache\4XV2,A
1152,ThermoMPNN,4XV2,1.4635226726531982,59,T,P,F:\GENESIS Studio\genesis-studio\packages\engines-py\.pdb_cache\4XV2,A
1153,ThermoMPNN,4XV2,1.5193147659301758,59,T,Q,F:\GENESIS Studio\genesis-studio\packages\engines-py\.pdb_cache\4XV2,A
1154,ThermoMPNN,4XV2,1.5506610870361328,59,T,R,F:\GENESIS Studio\genesis-studio\packages\engines-py\.pdb_cache\4XV2,A
1155,ThermoMPNN,4XV2,0.8610780239105225,59,T,S,F:\GENESIS Studio\genesis-studio\packages\engines-py\.pdb_cache\4XV2,A
1156,ThermoMPNN,4XV2,0.0,59,T,T,F:\GENESIS Studio\genesis-studio\packages\engines-py\.pdb_cache\4XV2,A
1157,ThermoMPNN,4XV2,-0.30877721309661865,59,T,V,F:\GENESIS Studio\genesis-studio\packages\engines-py\.pdb_cache\4XV2,A
1158,ThermoMPNN,4XV2,0.8404299020767212,59,T,W,F:\GENESIS Studio\genesis-studio\packages\engines-py\.pdb_cache\4XV2,A
1159,ThermoMPNN,4XV2,0.6818016767501831,59,T,Y,F:\GENESIS Studio\genesis-studio\packages\engines-py\.pdb_cache\4XV2,A
1160,ThermoMPNN,4XV2,0.32765841484069824,60,R,A,F:\GENESIS Studio\genesis-studio\packages\engines-py\.pdb_cache\4XV2,A
1161,ThermoMPNN,4XV2,0.18411767482757568,60,R,C,F:\GENESIS Studio\genesis-studio\packages\engines-py\.pdb_cache\4XV2,A
1162,ThermoMPNN,4XV2,0.7006627321243286,60,R,D,F:\GENESIS Studio\genesis-studio\packages\engines-py\.pdb_cache\4XV2,A
1163,ThermoMPNN,4XV2,0.9190835952758789,60,R,E,F:\GENESIS Studio\genesis-studio\packages\engines-py\.pdb_cache\4XV2,A
1164,ThermoMPNN,4XV2,0.577458381652832,60,R,F,F:\GENESIS Studio\genesis-studio\packages\engines-py\.pdb_cache\4XV2,A
1165,ThermoMPNN,4XV2,0.74886554479599,60,R,G,F:\GENESIS Studio\genesis-studio\packages\engines-py\.pdb_cache\4XV2,A
1166,ThermoMPNN,4XV2,0.07343995571136475,60,R,H,F:\GENESIS Studio\genesis-studio\packages\engines-py\.pdb_cache\4XV2,A
1167,ThermoMPNN,4XV2,0.8642818331718445,60,R,I,F:\GENESIS Studio\genesis-studio\packages\engines-py\.pdb_cache\4XV2,A
1168,ThermoMPNN,4XV2,0.24371612071990967,60,R,K,F:\GENESIS Studio\genesis-studio\packages\engines-py\.pdb_cache\4XV2,A
1169,ThermoMPNN,4XV2,0.7857820987701416,60,R,L,F:\GENESIS Studio\genesis-studio\packages\engines-py\.pdb_cache\4XV2,A
1170,ThermoMPNN,4XV2,0.7292847633361816,60,R,M,F:\GENESIS Studio\genesis-studio\packages\engines-py\.pdb_cache\4XV2,A
1171,ThermoMPNN,4XV2,0.05806934833526611,60,R,N,F:\GENESIS Studio\genesis-studio\packages\engines-py\.pdb_cache\4XV2,A
1172,ThermoMPNN,4XV2,1.9040091037750244,60,R,P,F:\GENESIS Studio\genesis-studio\packages\engines-py\.pdb_cache\4XV2,A
1173,ThermoMPNN,4XV2,0.5143958330154419,60,R,Q,F:\GENESIS Studio\genesis-studio\packages\engines-py\.pdb_cache\4XV2,A
1174,ThermoMPNN,4XV2,0.0,60,R,R,F:\GENESIS Studio\genesis-studio\packages\engines-py\.pdb_cache\4XV2,A
1175,ThermoMPNN,4XV2,0.1605665683746338,60,R,S,F:\GENESIS Studio\genesis-studio\packages\engines-py\.pdb_cache\4XV2,A
1176,ThermoMPNN,4XV2,0.609815239906311,60,R,T,F:\GENESIS Studio\genesis-studio\packages\engines-py\.pdb_cache\4XV2,A
1177,ThermoMPNN,4XV2,0.7892971038818359,60,R,V,F:\GENESIS Studio\genesis-studio\packages\engines-py\.pdb_cache\4XV2,A
1178,ThermoMPNN,4XV2,0.5681548118591309,60,R,W,F:\GENESIS Studio\genesis-studio\packages\engines-py\.pdb_cache\4XV2,A
1179,ThermoMPNN,4XV2,0.40118706226348877,60,R,Y,F:\GENESIS Studio\genesis-studio\packages\engines-py\.pdb_cache\4XV2,A
1180,ThermoMPNN,4XV2,1.452706217765808,61,H,A,F:\GENESIS Studio\genesis-studio\packages\engines-py\.pdb_cache\4XV2,A
1181,ThermoMPNN,4XV2,0.6948022842407227,61,H,C,F:\GENESIS Studio\genesis-studio\packages\engines-py\.pdb_cache\4XV2,A
1182,ThermoMPNN,4XV2,1.8762849569320679,61,H,D,F:\GENESIS Studio\genesis-studio\packages\engines-py\.pdb_cache\4XV2,A
1183,ThermoMPNN,4XV2,2.2484872341156006,61,H,E,F:\GENESIS Studio\genesis-studio\packages\engines-py\.pdb_cache\4XV2,A
1184,ThermoMPNN,4XV2,1.1519087553024292,61,H,F,F:\GENESIS Studio\genesis-studio\packages\engines-py\.pdb_cache\4XV2,A
1185,ThermoMPNN,4XV2,2.385115146636963,61,H,G,F:\GENESIS Studio\genesis-studio\packages\engines-py\.pdb_cache\4XV2,A
1186,ThermoMPNN,4XV2,0.0,61,H,H,F:\GENESIS Studio\genesis-studio\packages\engines-py\.pdb_cache\4XV2,A
1187,ThermoMPNN,4XV2,1.701888918876648,61,H,I,F:\GENESIS Studio\genesis-studio\packages\engines-py\.pdb_cache\4XV2,A
1188,ThermoMPNN,4XV2,1.9323694705963135,61,H,K,F:\GENESIS Studio\genesis-studio\packages\engines-py\.pdb_cache\4XV2,A
1189,ThermoMPNN,4XV2,1.5985255241394043,61,H,L,F:\GENESIS Studio\genesis-studio\packages\engines-py\.pdb_cache\4XV2,A
1190,ThermoMPNN,4XV2,1.5031770467758179,61,H,M,F:\GENESIS Studio\genesis-studio\packages\engines-py\.pdb_cache\4XV2,A
1191,ThermoMPNN,4XV2,0.9524054527282715,61,H,N,F:\GENESIS Studio\genesis-studio\packages\engines-py\.pdb_cache\4XV2,A
1192,ThermoMPNN,4XV2,1.7691056728363037,61,H,P,F:\GENESIS Studio\genesis-studio\packages\engines-py\.pdb_cache\4XV2,A
1193,ThermoMPNN,4XV2,1.6369529962539673,61,H,Q,F:\GENESIS Studio\genesis-studio\packages\engines-py\.pdb_cache\4XV2,A
1194,ThermoMPNN,4XV2,1.8283636569976807,61,H,R,F:\GENESIS Studio\genesis-studio\packages\engines-py\.pdb_cache\4XV2,A
1195,ThermoMPNN,4XV2,1.5906132459640503,61,H,S,F:\GENESIS Studio\genesis-studio\packages\engines-py\.pdb_cache\4XV2,A
1196,ThermoMPNN,4XV2,2.382396697998047,61,H,T,F:\GENESIS Studio\genesis-studio\packages\engines-py\.pdb_cache\4XV2,A
1197,ThermoMPNN,4XV2,1.7937825918197632,61,H,V,F:\GENESIS Studio\genesis-studio\packages\engines-py\.pdb_cache\4XV2,A
1198,ThermoMPNN,4XV2,1.3237028121948242,61,H,W,F:\GENESIS Studio\genesis-studio\packages\engines-py\.pdb_cache\4XV2,A
1199,ThermoMPNN,4XV2,0.52669358253479,61,H,Y,F:\GENESIS Studio\genesis-studio\packages\engines-py\.pdb_cache\4XV2,A
1200,ThermoMPNN,4XV2,0.009749233722686768,62,V,A,F:\GENESIS Studio\genesis-studio\packages\engines-py\.pdb_cache\4XV2,A
1201,ThermoMPNN,4XV2,-0.21007227897644043,62,V,C,F:\GENESIS Studio\genesis-studio\packages\engines-py\.pdb_cache\4XV2,A
1202,ThermoMPNN,4XV2,-0.04617434740066528,62,V,D,F:\GENESIS Studio\genesis-studio\packages\engines-py\.pdb_cache\4XV2,A
1203,ThermoMPNN,4XV2,-0.2670704126358032,62,V,E,F:\GENESIS Studio\genesis-studio\packages\engines-py\.pdb_cache\4XV2,A
1204,ThermoMPNN,4XV2,0.1732386350631714,62,V,F,F:\GENESIS Studio\genesis-studio\packages\engines-py\.pdb_cache\4XV2,A
1205,ThermoMPNN,4XV2,0.40767765045166016,62,V,G,F:\GENESIS Studio\genesis-studio\packages\engines-py\.pdb_cache\4XV2,A
1206,ThermoMPNN,4XV2,0.12254458665847778,62,V,H,F:\GENESIS Studio\genesis-studio\packages\engines-py\.pdb_cache\4XV2,A
1207,ThermoMPNN,4XV2,-0.07582777738571167,62,V,I,F:\GENESIS Studio\genesis-studio\packages\engines-py\.pdb_cache\4XV2,A
1208,ThermoMPNN,4XV2,0.1349382996559143,62,V,K,F:\GENESIS Studio\genesis-studio\packages\engines-py\.pdb_cache\4XV2,A
1209,ThermoMPNN,4XV2,0.04595470428466797,62,V,L,F:\GENESIS Studio\genesis-studio\packages\engines-py\.pdb_cache\4XV2,A
1210,ThermoMPNN,4XV2,0.08523505926132202,62,V,M,F:\GENESIS Studio\genesis-studio\packages\engines-py\.pdb_cache\4XV2,A
1211,ThermoMPNN,4XV2,0.1945313811302185,62,V,N,F:\GENESIS Studio\genesis-studio\packages\engines-py\.pdb_cache\4XV2,A
1212,ThermoMPNN,4XV2,-0.4701493978500366,62,V,P,F:\GENESIS Studio\genesis-studio\packages\engines-py\.pdb_cache\4XV2,A
1213,ThermoMPNN,4XV2,-0.02427542209625244,62,V,Q,F:\GENESIS Studio\genesis-studio\packages\engines-py\.pdb_cache\4XV2,A
1214,ThermoMPNN,4XV2,0.26406577229499817,62,V,R,F:\GENESIS Studio\genesis-studio\packages\engines-py\.pdb_cache\4XV2,A
1215,ThermoMPNN,4XV2,-0.03834414482116699,62,V,S,F:\GENESIS Studio\genesis-studio\packages\engines-py\.pdb_cache\4XV2,A
1216,ThermoMPNN,4XV2,0.07683980464935303,62,V,T,F:\GENESIS Studio\genesis-studio\packages\engines-py\.pdb_cache\4XV2,A
1217,ThermoMPNN,4XV2,0.0,62,V,V,F:\GENESIS Studio\genesis-studio\packages\engines-py\.pdb_cache\4XV2,A
1218,ThermoMPNN,4XV2,0.18108206987380981,62,V,W,F:\GENESIS Studio\genesis-studio\packages\engines-py\.pdb_cache\4XV2,A
1219,ThermoMPNN,4XV2,0.1411188244819641,62,V,Y,F:\GENESIS Studio\genesis-studio\packages\engines-py\.pdb_cache\4XV2,A
1220,ThermoMPNN,4XV2,0.8539797067642212,63,N,A,F:\GENESIS Studio\genesis-studio\packages\engines-py\.pdb_cache\4XV2,A
1221,ThermoMPNN,4XV2,0.028728008270263672,63,N,C,F:\GENESIS Studio\genesis-studio\packages\engines-py\.pdb_cache\4XV2,A
1222,ThermoMPNN,4XV2,1.0590510368347168,63,N,D,F:\GENESIS Studio\genesis-studio\packages\engines-py\.pdb_cache\4XV2,A
1223,ThermoMPNN,4XV2,0.8829416036605835,63,N,E,F:\GENESIS Studio\genesis-studio\packages\engines-py\.pdb_cache\4XV2,A
1224,ThermoMPNN,4XV2,0.12686610221862793,63,N,F,F:\GENESIS Studio\genesis-studio\packages\engines-py\.pdb_cache\4XV2,A
1225,ThermoMPNN,4XV2,1.328721284866333,63,N,G,F:\GENESIS Studio\genesis-studio\packages\engines-py\.pdb_cache\4XV2,A
1226,ThermoMPNN,4XV2,-0.333060622215271,63,N,H,F:\GENESIS Studio\genesis-studio\packages\engines-py\.pdb_cache\4XV2,A
1227,ThermoMPNN,4XV2,1.2236487865447998,63,N,I,F:\GENESIS Studio\genesis-studio\packages\engines-py\.pdb_cache\4XV2,A
1228,ThermoMPNN,4XV2,1.0411157608032227,63,N,K,F:\GENESIS Studio\genesis-studio\packages\engines-py\.pdb_cache\4XV2,A
1229,ThermoMPNN,4XV2,0.7710514068603516,63,N,L,F:\GENESIS Studio\genesis-studio\packages\engines-py\.pdb_cache\4XV2,A
1230,ThermoMPNN,4XV2,0.697144627571106,63,N,M,F:\GENESIS Studio\genesis-studio\packages\engines-py\.pdb_cache\4XV2,A
1231,ThermoMPNN,4XV2,0.0,63,N,N,F:\GENESIS Studio\genesis-studio\packages\engines-py\.pdb_cache\4XV2,A
1232,ThermoMPNN,4XV2,1.6039104461669922,63,N,P,F:\GENESIS Studio\genesis-studio\packages\engines-py\.pdb_cache\4XV2,A
1233,ThermoMPNN,4XV2,0.7649983167648315,63,N,Q,F:\GENESIS Studio\genesis-studio\packages\engines-py\.pdb_cache\4XV2,A
1234,ThermoMPNN,4XV2,0.8724731206893921,63,N,R,F:\GENESIS Studio\genesis-studio\packages\engines-py\.pdb_cache\4XV2,A
1235,ThermoMPNN,4XV2,0.8993139266967773,63,N,S,F:\GENESIS Studio\genesis-studio\packages\engines-py\.pdb_cache\4XV2,A
1236,ThermoMPNN,4XV2,1.1661020517349243,63,N,T,F:\GENESIS Studio\genesis-studio\packages\engines-py\.pdb_cache\4XV2,A
1237,ThermoMPNN,4XV2,0.9596060514450073,63,N,V,F:\GENESIS Studio\genesis-studio\packages\engines-py\.pdb_cache\4XV2,A
1238,ThermoMPNN,4XV2,0.16151106357574463,63,N,W,F:\GENESIS Studio\genesis-studio\packages\engines-py\.pdb_cache\4XV2,A
1239,ThermoMPNN,4XV2,-0.19119703769683838,63,N,Y,F:\GENESIS Studio\genesis-studio\packages\engines-py\.pdb_cache\4XV2,A
1240,ThermoMPNN,4XV2,2.1974573135375977,64,I,A,F:\GENESIS Studio\genesis-studio\packages\engines-py\.pdb_cache\4XV2,A
1241,ThermoMPNN,4XV2,1.402561902999878,64,I,C,F:\GENESIS Studio\genesis-studio\packages\engines-py\.pdb_cache\4XV2,A
1242,ThermoMPNN,4XV2,2.6578614711761475,64,I,D,F:\GENESIS Studio\genesis-studio\packages\engines-py\.pdb_cache\4XV2,A
1243,ThermoMPNN,4XV2,2.785412311553955,64,I,E,F:\GENESIS Studio\genesis-studio\packages\engines-py\.pdb_cache\4XV2,A
1244,ThermoMPNN,4XV2,1.9152883291244507,64,I,F,F:\GENESIS Studio\genesis-studio\packages\engines-py\.pdb_cache\4XV2,A
1245,ThermoMPNN,4XV2,2.8749330043792725,64,I,G,F:\GENESIS Studio\genesis-studio\packages\engines-py\.pdb_cache\4XV2,A
1246,ThermoMPNN,4XV2,2.466310739517212,64,I,H,F:\GENESIS Studio\genesis-studio\packages\engines-py\.pdb_cache\4XV2,A
1247,ThermoMPNN,4XV2,0.0,64,I,I,F:\GENESIS Studio\genesis-studio\packages\engines-py\.pdb_cache\4XV2,A
1248,ThermoMPNN,4XV2,2.3246207237243652,64,I,K,F:\GENESIS Studio\genesis-studio\packages\engines-py\.pdb_cache\4XV2,A
1249,ThermoMPNN,4XV2,0.8483963012695312,64,I,L,F:\GENESIS Studio\genesis-studio\packages\engines-py\.pdb_cache\4XV2,A
1250,ThermoMPNN,4XV2,1.491277813911438,64,I,M,F:\GENESIS Studio\genesis-studio\packages\engines-py\.pdb_cache\4XV2,A
1251,ThermoMPNN,4XV2,2.596055746078491,64,I,N,F:\GENESIS Studio\genesis-studio\packages\engines-py\.pdb_cache\4XV2,A
1252,ThermoMPNN,4XV2,2.679805040359497,64,I,P,F:\GENESIS Studio\genesis-studio\packages\engines-py\.pdb_cache\4XV2,A
1253,ThermoMPNN,4XV2,2.3883278369903564,64,I,Q,F:\GENESIS Studio\genesis-studio\packages\engines-py\.pdb_cache\4XV2,A
1254,ThermoMPNN,4XV2,2.45945143699646,64,I,R,F:\GENESIS Studio\genesis-studio\packages\engines-py\.pdb_cache\4XV2,A
1255,ThermoMPNN,4XV2,2.463449001312256,64,I,S,F:\GENESIS Studio\genesis-studio\packages\engines-py\.pdb_cache\4XV2,A
1256,ThermoMPNN,4XV2,2.0482404232025146,64,I,T,F:\GENESIS Studio\genesis-studio\packages\engines-py\.pdb_cache\4XV2,A
1257,ThermoMPNN,4XV2,0.44177961349487305,64,I,V,F:\GENESIS Studio\genesis-studio\packages\engines-py\.pdb_cache\4XV2,A
1258,ThermoMPNN,4XV2,2.1143276691436768,64,I,W,F:\GENESIS Studio\genesis-studio\packages\engines-py\.pdb_cache\4XV2,A
1259,ThermoMPNN,4XV2,2.1384010314941406,64,I,Y,F:\GENESIS Studio\genesis-studio\packages\engines-py\.pdb_cache\4XV2,A
1260,ThermoMPNN,4XV2,1.974118947982788,65,L,A,F:\GENESIS Studio\genesis-studio\packages\engines-py\.pdb_cache\4XV2,A
1261,ThermoMPNN,4XV2,1.0518475770950317,65,L,C,F:\GENESIS Studio\genesis-studio\packages\engines-py\.pdb_cache\4XV2,A
1262,ThermoMPNN,4XV2,2.5544135570526123,65,L,D,F:\GENESIS Studio\genesis-studio\packages\engines-py\.pdb_cache\4XV2,A
1263,ThermoMPNN,4XV2,2.2792458534240723,65,L,E,F:\GENESIS Studio\genesis-studio\packages\engines-py\.pdb_cache\4XV2,A
1264,ThermoMPNN,4XV2,0.9658920764923096,65,L,F,F:\GENESIS Studio\genesis-studio\packages\engines-py\.pdb_cache\4XV2,A
1265,ThermoMPNN,4XV2,2.9880435466766357,65,L,G,F:\GENESIS Studio\genesis-studio\packages\engines-py\.pdb_cache\4XV2,A
1266,ThermoMPNN,4XV2,2.074021339416504,65,L,H,F:\GENESIS Studio\genesis-studio\packages\engines-py\.pdb_cache\4XV2,A
1267,ThermoMPNN,4XV2,-0.028680801391601562,65,L,I,F:\GENESIS Studio\genesis-studio\packages\engines-py\.pdb_cache\4XV2,A
1268,ThermoMPNN,4XV2,2.2075142860412598,65,L,K,F:\GENESIS Studio\genesis-studio\packages\engines-py\.pdb_cache\4XV2,A
1269,ThermoMPNN,4XV2,0.0,65,L,L,F:\GENESIS Studio\genesis-studio\packages\engines-py\.pdb_cache\4XV2,A
1270,ThermoMPNN,4XV2,0.7071070671081543,65,L,M,F:\GENESIS Studio\genesis-studio\packages\engines-py\.pdb_cache\4XV2,A
1271,ThermoMPNN,4XV2,2.441514253616333,65,L,N,F:\GENESIS Studio\genesis-studio\packages\engines-py\.pdb_cache\4XV2,A
1272,ThermoMPNN,4XV2,2.611199140548706,65,L,P,F:\GENESIS Studio\genesis-studio\packages\engines-py\.pdb_cache\4XV2,A
1273,ThermoMPNN,4XV2,2.077061891555786,65,L,Q,F:\GENESIS Studio\genesis-studio\packages\engines-py\.pdb_cache\4XV2,A
1274,ThermoMPNN,4XV2,2.2190399169921875,65,L,R,F:\GENESIS Studio\genesis-studio\packages\engines-py\.pdb_cache\4XV2,A
1275,ThermoMPNN,4XV2,2.223842144012451,65,L,S,F:\GENESIS Studio\genesis-studio\packages\engines-py\.pdb_cache\4XV2,A
1276,ThermoMPNN,4XV2,1.6495723724365234,65,L,T,F:\GENESIS Studio\genesis-studio\packages\engines-py\.pdb_cache\4XV2,A
1277,ThermoMPNN,4XV2,0.39594411849975586,65,L,V,F:\GENESIS Studio\genesis-studio\packages\engines-py\.pdb_cache\4XV2,A
1278,ThermoMPNN,4XV2,0.8635842800140381,65,L,W,F:\GENESIS Studio\genesis-studio\packages\engines-py\.pdb_cache\4XV2,A
1279,ThermoMPNN,4XV2,1.128781795501709,65,L,Y,F:\GENESIS Studio\genesis-studio\packages\engines-py\.pdb_cache\4XV2,A
1280,ThermoMPNN,4XV2,-0.129835844039917,66,L,A,F:\GENESIS Studio\genesis-studio\packages\engines-py\.pdb_cache\4XV2,A
1281,ThermoMPNN,4XV2,-0.20323365926742554,66,L,C,F:\GENESIS Studio\genesis-studio\packages\engines-py\.pdb_cache\4XV2,A
1282,ThermoMPNN,4XV2,0.539400041103363,66,L,D,F:\GENESIS Studio\genesis-studio\packages\engines-py\.pdb_cache\4XV2,A
1283,ThermoMPNN,4XV2,-0.017509281635284424,66,L,E,F:\GENESIS Studio\genesis-studio\packages\engines-py\.pdb_cache\4XV2,A
1284,ThermoMPNN,4XV2,0.15035873651504517,66,L,F,F:\GENESIS Studio\genesis-studio\packages\engines-py\.pdb_cache\4XV2,A
1285,ThermoMPNN,4XV2,0.29589444398880005,66,L,G,F:\GENESIS Studio\genesis-studio\packages\engines-py\.pdb_cache\4XV2,A
1286,ThermoMPNN,4XV2,0.1637236475944519,66,L,H,F:\GENESIS Studio\genesis-studio\packages\engines-py\.pdb_cache\4XV2,A
1287,ThermoMPNN,4XV2,-0.016038715839385986,66,L,I,F:\GENESIS Studio\genesis-studio\packages\engines-py\.pdb_cache\4XV2,A
1288,ThermoMPNN,4XV2,-0.3930092453956604,66,L,K,F:\GENESIS Studio\genesis-studio\packages\engines-py\.pdb_cache\4XV2,A
1289,ThermoMPNN,4XV2,0.0,66,L,L,F:\GENESIS Studio\genesis-studio\packages\engines-py\.pdb_cache\4XV2,A
1290,ThermoMPNN,4XV2,0.08017361164093018,66,L,M,F:\GENESIS Studio\genesis-studio\packages\engines-py\.pdb_cache\4XV2,A
1291,ThermoMPNN,4XV2,0.19898724555969238,66,L,N,F:\GENESIS Studio\genesis-studio\packages\engines-py\.pdb_cache\4XV2,A
1292,ThermoMPNN,4XV2,0.5734429955482483,66,L,P,F:\GENESIS Studio\genesis-studio\packages\engines-py\.pdb_cache\4XV2,A
1293,ThermoMPNN,4XV2,-0.13155370950698853,66,L,Q,F:\GENESIS Studio\genesis-studio\packages\engines-py\.pdb_cache\4XV2,A
1294,ThermoMPNN,4XV2,-0.24951082468032837,66,L,R,F:\GENESIS Studio\genesis-studio\packages\engines-py\.pdb_cache\4XV2,A
1295,ThermoMPNN,4XV2,-0.03338748216629028,66,L,S,F:\GENESIS Studio\genesis-studio\packages\engines-py\.pdb_cache\4XV2,A
1296,ThermoMPNN,4XV2,-0.03145545721054077,66,L,T,F:\GENESIS Studio\genesis-studio\packages\engines-py\.pdb_cache\4XV2,A
1297,ThermoMPNN,4XV2,0.004131138324737549,66,L,V,F:\GENESIS Studio\genesis-studio\packages\engines-py\.pdb_cache\4XV2,A
1298,ThermoMPNN,4XV2,0.32006609439849854,66,L,W,F:\GENESIS Studio\genesis-studio\packages\engines-py\.pdb_cache\4XV2,A
1299,ThermoMPNN,4XV2,0.24569004774093628,66,L,Y,F:\GENESIS Studio\genesis-studio\packages\engines-py\.pdb_cache\4XV2,A
1300,ThermoMPNN,4XV2,1.9643383026123047,67,F,A,F:\GENESIS Studio\genesis-studio\packages\engines-py\.pdb_cache\4XV2,A
1301,ThermoMPNN,4XV2,1.304730772972107,67,F,C,F:\GENESIS Studio\genesis-studio\packages\engines-py\.pdb_cache\4XV2,A
1302,ThermoMPNN,4XV2,2.1788976192474365,67,F,D,F:\GENESIS Studio\genesis-studio\packages\engines-py\.pdb_cache\4XV2,A
1303,ThermoMPNN,4XV2,2.2104997634887695,67,F,E,F:\GENESIS Studio\genesis-studio\packages\engines-py\.pdb_cache\4XV2,A
1304,ThermoMPNN,4XV2,0.0,67,F,F,F:\GENESIS Studio\genesis-studio\packages\engines-py\.pdb_cache\4XV2,A
1305,ThermoMPNN,4XV2,2.297128677368164,67,F,G,F:\GENESIS Studio\genesis-studio\packages\engines-py\.pdb_cache\4XV2,A
1306,ThermoMPNN,4XV2,2.2424142360687256,67,F,H,F:\GENESIS Studio\genesis-studio\packages\engines-py\.pdb_cache\4XV2,A
1307,ThermoMPNN,4XV2,1.3127715587615967,67,F,I,F:\GENESIS Studio\genesis-studio\packages\engines-py\.pdb_cache\4XV2,A
1308,ThermoMPNN,4XV2,2.232964277267456,67,F,K,F:\GENESIS Studio\genesis-studio\packages\engines-py\.pdb_cache\4XV2,A
1309,ThermoMPNN,4XV2,1.2066750526428223,67,F,L,F:\GENESIS Studio\genesis-studio\packages\engines-py\.pdb_cache\4XV2,A
1310,ThermoMPNN,4XV2,1.2340195178985596,67,F,M,F:\GENESIS Studio\genesis-studio\packages\engines-py\.pdb_cache\4XV2,A
1311,ThermoMPNN,4XV2,2.2633907794952393,67,F,N,F:\GENESIS Studio\genesis-studio\packages\engines-py\.pdb_cache\4XV2,A
1312,ThermoMPNN,4XV2,1.5555037260055542,67,F,P,F:\GENESIS Studio\genesis-studio\packages\engines-py\.pdb_cache\4XV2,A
1313,ThermoMPNN,4XV2,2.3011488914489746,67,F,Q,F:\GENESIS Studio\genesis-studio\packages\engines-py\.pdb_cache\4XV2,A
1314,ThermoMPNN,4XV2,2.1535844802856445,67,F,R,F:\GENESIS Studio\genesis-studio\packages\engines-py\.pdb_cache\4XV2,A
1315,ThermoMPNN,4XV2,1.9827672243118286,67,F,S,F:\GENESIS Studio\genesis-studio\packages\engines-py\.pdb_cache\4XV2,A
1316,ThermoMPNN,4XV2,1.9567596912384033,67,F,T,F:\GENESIS Studio\genesis-studio\packages\engines-py\.pdb_cache\4XV2,A
1317,ThermoMPNN,4XV2,1.3305816650390625,67,F,V,F:\GENESIS Studio\genesis-studio\packages\engines-py\.pdb_cache\4XV2,A
1318,ThermoMPNN,4XV2,1.2729361057281494,67,F,W,F:\GENESIS Studio\genesis-studio\packages\engines-py\.pdb_cache\4XV2,A
1319,ThermoMPNN,4XV2,1.403446912765503,67,F,Y,F:\GENESIS Studio\genesis-studio\packages\engines-py\.pdb_cache\4XV2,A
1320,ThermoMPNN,4XV2,1.6715258359909058,68,M,A,F:\GENESIS Studio\genesis-studio\packages\engines-py\.pdb_cache\4XV2,A
1321,ThermoMPNN,4XV2,0.655339241027832,68,M,C,F:\GENESIS Studio\genesis-studio\packages\engines-py\.pdb_cache\4XV2,A
1322,ThermoMPNN,4XV2,2.991609573364258,68,M,D,F:\GENESIS Studio\genesis-studio\packages\engines-py\.pdb_cache\4XV2,A
1323,ThermoMPNN,4XV2,2.174459934234619,68,M,E,F:\GENESIS Studio\genesis-studio\packages\engines-py\.pdb_cache\4XV2,A
1324,ThermoMPNN,4XV2,0.9960421323776245,68,M,F,F:\GENESIS Studio\genesis-studio\packages\engines-py\.pdb_cache\4XV2,A
1325,ThermoMPNN,4XV2,2.735616445541382,68,M,G,F:\GENESIS Studio\genesis-studio\packages\engines-py\.pdb_cache\4XV2,A
1326,ThermoMPNN,4XV2,1.7146073579788208,68,M,H,F:\GENESIS Studio\genesis-studio\packages\engines-py\.pdb_cache\4XV2,A
1327,ThermoMPNN,4XV2,-0.19199633598327637,68,M,I,F:\GENESIS Studio\genesis-studio\packages\engines-py\.pdb_cache\4XV2,A
1328,ThermoMPNN,4XV2,1.0128597021102905,68,M,K,F:\GENESIS Studio\genesis-studio\packages\engines-py\.pdb_cache\4XV2,A
1329,ThermoMPNN,4XV2,-0.4280557632446289,68,M,L,F:\GENESIS Studio\genesis-studio\packages\engines-py\.pdb_cache\4XV2,A
1330,ThermoMPNN,4XV2,0.0,68,M,M,F:\GENESIS Studio\genesis-studio\packages\engines-py\.pdb_cache\4XV2,A
1331,ThermoMPNN,4XV2,2.229374885559082,68,M,N,F:\GENESIS Studio\genesis-studio\packages\engines-py\.pdb_cache\4XV2,A
1332,ThermoMPNN,4XV2,2.9243412017822266,68,M,P,F:\GENESIS Studio\genesis-studio\packages\engines-py\.pdb_cache\4XV2,A
1333,ThermoMPNN,4XV2,1.3096177577972412,68,M,Q,F:\GENESIS Studio\genesis-studio\packages\engines-py\.pdb_cache\4XV2,A
1334,ThermoMPNN,4XV2,0.9898455739021301,68,M,R,F:\GENESIS Studio\genesis-studio\packages\engines-py\.pdb_cache\4XV2,A
1335,ThermoMPNN,4XV2,2.1121227741241455,68,M,S,F:\GENESIS Studio\genesis-studio\packages\engines-py\.pdb_cache\4XV2,A
1336,ThermoMPNN,4XV2,1.5808452367782593,68,M,T,F:\GENESIS Studio\genesis-studio\packages\engines-py\.pdb_cache\4XV2,A
1337,ThermoMPNN,4XV2,0.46551012992858887,68,M,V,F:\GENESIS Studio\genesis-studio\packages\engines-py\.pdb_cache\4XV2,A
1338,ThermoMPNN,4XV2,1.090146541595459,68,M,W,F:\GENESIS Studio\genesis-studio\packages\engines-py\.pdb_cache\4XV2,A
1339,ThermoMPNN,4XV2,1.1906707286834717,68,M,Y,F:\GENESIS Studio\genesis-studio\packages\engines-py\.pdb_cache\4XV2,A
1340,ThermoMPNN,4XV2,2.0033628940582275,69,G,A,F:\GENESIS Studio\genesis-studio\packages\engines-py\.pdb_cache\4XV2,A
1341,ThermoMPNN,4XV2,1.7801764011383057,69,G,C,F:\GENESIS Studio\genesis-studio\packages\engines-py\.pdb_cache\4XV2,A
1342,ThermoMPNN,4XV2,2.9843358993530273,69,G,D,F:\GENESIS Studio\genesis-studio\packages\engines-py\.pdb_cache\4XV2,A
1343,ThermoMPNN,4XV2,2.972862482070923,69,G,E,F:\GENESIS Studio\genesis-studio\packages\engines-py\.pdb_cache\4XV2,A
1344,ThermoMPNN,4XV2,1.7954246997833252,69,G,F,F:\GENESIS Studio\genesis-studio\packages\engines-py\.pdb_cache\4XV2,A
1345,ThermoMPNN,4XV2,0.0,69,G,G,F:\GENESIS Studio\genesis-studio\packages\engines-py\.pdb_cache\4XV2,A
1346,ThermoMPNN,4XV2,2.52443790435791,69,G,H,F:\GENESIS Studio\genesis-studio\packages\engines-py\.pdb_cache\4XV2,A
1347,ThermoMPNN,4XV2,2.286651134490967,69,G,I,F:\GENESIS Studio\genesis-studio\packages\engines-py\.pdb_cache\4XV2,A
1348,ThermoMPNN,4XV2,2.8822059631347656,69,G,K,F:\GENESIS Studio\genesis-studio\packages\engines-py\.pdb_cache\4XV2,A
1349,ThermoMPNN,4XV2,2.2947311401367188,69,G,L,F:\GENESIS Studio\genesis-studio\packages\engines-py\.pdb_cache\4XV2,A
1350,ThermoMPNN,4XV2,2.1902801990509033,69,G,M,F:\GENESIS Studio\genesis-studio\packages\engines-py\.pdb_cache\4XV2,A
1351,ThermoMPNN,4XV2,2.807302474975586,69,G,N,F:\GENESIS Studio\genesis-studio\packages\engines-py\.pdb_cache\4XV2,A
1352,ThermoMPNN,4XV2,2.6594700813293457,69,G,P,F:\GENESIS Studio\genesis-studio\packages\engines-py\.pdb_cache\4XV2,A
1353,ThermoMPNN,4XV2,2.7481744289398193,69,G,Q,F:\GENESIS Studio\genesis-studio\packages\engines-py\.pdb_cache\4XV2,A
1354,ThermoMPNN,4XV2,2.687086582183838,69,G,R,F:\GENESIS Studio\genesis-studio\packages\engines-py\.pdb_cache\4XV2,A
1355,ThermoMPNN,4XV2,2.5066566467285156,69,G,S,F:\GENESIS Studio\genesis-studio\packages\engines-py\.pdb_cache\4XV2,A
1356,ThermoMPNN,4XV2,2.655745029449463,69,G,T,F:\GENESIS Studio\genesis-studio\packages\engines-py\.pdb_cache\4XV2,A
1357,ThermoMPNN,4XV2,2.1728031635284424,69,G,V,F:\GENESIS Studio\genesis-studio\packages\engines-py\.pdb_cache\4XV2,A
1358,ThermoMPNN,4XV2,1.9640177488327026,69,G,W,F:\GENESIS Studio\genesis-studio\packages\engines-py\.pdb_cache\4XV2,A
1359,ThermoMPNN,4XV2,1.951353669166565,69,G,Y,F:\GENESIS Studio\genesis-studio\packages\engines-py\.pdb_cache\4XV2,A
1360,ThermoMPNN,4XV2,3.080348253250122,70,Y,A,F:\GENESIS Studio\genesis-studio\packages\engines-py\.pdb_cache\4XV2,A
1361,ThermoMPNN,4XV2,2.188347339630127,70,Y,C,F:\GENESIS Studio\genesis-studio\packages\engines-py\.pdb_cache\4XV2,A
1362,ThermoMPNN,4XV2,3.2107670307159424,70,Y,D,F:\GENESIS Studio\genesis-studio\packages\engines-py\.pdb_cache\4XV2,A
1363,ThermoMPNN,4XV2,2.943448781967163,70,Y,E,F:\GENESIS Studio\genesis-studio\packages\engines-py\.pdb_cache\4XV2,A
1364,ThermoMPNN,4XV2,0.517176628112793,70,Y,F,F:\GENESIS Studio\genesis-studio\packages\engines-py\.pdb_cache\4XV2,A
1365,ThermoMPNN,4XV2,3.5610384941101074,70,Y,G,F:\GENESIS Studio\genesis-studio\packages\engines-py\.pdb_cache\4XV2,A
1366,ThermoMPNN,4XV2,2.25177001953125,70,Y,H,F:\GENESIS Studio\genesis-studio\packages\engines-py\.pdb_cache\4XV2,A
1367,ThermoMPNN,4XV2,2.0297470092773438,70,Y,I,F:\GENESIS Studio\genesis-studio\packages\engines-py\.pdb_cache\4XV2,A
1368,ThermoMPNN,4XV2,3.150277614593506,70,Y,K,F:\GENESIS Studio\genesis-studio\packages\engines-py\.pdb_cache\4XV2,A
1369,ThermoMPNN,4XV2,2.2598137855529785,70,Y,L,F:\GENESIS Studio\genesis-studio\packages\engines-py\.pdb_cache\4XV2,A
1370,ThermoMPNN,4XV2,2.354074001312256,70,Y,M,F:\GENESIS Studio\genesis-studio\packages\engines-py\.pdb_cache\4XV2,A
1371,ThermoMPNN,4XV2,3.169234037399292,70,Y,N,F:\GENESIS Studio\genesis-studio\packages\engines-py\.pdb_cache\4XV2,A
1372,ThermoMPNN,4XV2,2.7359867095947266,70,Y,P,F:\GENESIS Studio\genesis-studio\packages\engines-py\.pdb_cache\4XV2,A
1373,ThermoMPNN,4XV2,3.0644683837890625,70,Y,Q,F:\GENESIS Studio\genesis-studio\packages\engines-py\.pdb_cache\4XV2,A
1374,ThermoMPNN,4XV2,2.989093780517578,70,Y,R,F:\GENESIS Studio\genesis-studio\packages\engines-py\.pdb_cache\4XV2,A
1375,ThermoMPNN,4XV2,3.127481698989868,70,Y,S,F:\GENESIS Studio\genesis-studio\packages\engines-py\.pdb_cache\4XV2,A
1376,ThermoMPNN,4XV2,2.710038185119629,70,Y,T,F:\GENESIS Studio\genesis-studio\packages\engines-py\.pdb_cache\4XV2,A
1377,ThermoMPNN,4XV2,2.138052463531494,70,Y,V,F:\GENESIS Studio\genesis-studio\packages\engines-py\.pdb_cache\4XV2,A
1378,ThermoMPNN,4XV2,0.7984774112701416,70,Y,W,F:\GENESIS Studio\genesis-studio\packages\engines-py\.pdb_cache\4XV2,A
1379,ThermoMPNN,4XV2,0.0,70,Y,Y,F:\GENESIS Studio\genesis-studio\packages\engines-py\.pdb_cache\4XV2,A
1380,ThermoMPNN,4XV2,-0.43646714091300964,71,S,A,F:\GENESIS Studio\genesis-studio\packages\engines-py\.pdb_cache\4XV2,A
1381,ThermoMPNN,4XV2,-1.3649083375930786,71,S,C,F:\GENESIS Studio\genesis-studio\packages\engines-py\.pdb_cache\4XV2,A
1382,ThermoMPNN,4XV2,1.9227842092514038,71,S,D,F:\GENESIS Studio\genesis-studio\packages\engines-py\.pdb_cache\4XV2,A
1383,ThermoMPNN,4XV2,1.0239620208740234,71,S,E,F:\GENESIS Studio\genesis-studio\packages\engines-py\.pdb_cache\4XV2,A
1384,ThermoMPNN,4XV2,-0.9172161817550659,71,S,F,F:\GENESIS Studio\genesis-studio\packages\engines-py\.pdb_cache\4XV2,A
1385,ThermoMPNN,4XV2,0.8936536312103271,71,S,G,F:\GENESIS Studio\genesis-studio\packages\engines-py\.pdb_cache\4XV2,A
1386,ThermoMPNN,4XV2,0.48294833302497864,71,S,H,F:\GENESIS Studio\genesis-studio\packages\engines-py\.pdb_cache\4XV2,A
1387,ThermoMPNN,4XV2,-1.5355943441390991,71,S,I,F:\GENESIS Studio\genesis-studio\packages\engines-py\.pdb_cache\4XV2,A
1388,ThermoMPNN,4XV2,0.6983474493026733,71,S,K,F:\GENESIS Studio\genesis-studio\packages\engines-py\.pdb_cache\4XV2,A
1389,ThermoMPNN,4XV2,-0.9580841064453125,71,S,L,F:\GENESIS Studio\genesis-studio\packages\engines-py\.pdb_cache\4XV2,A
1390,ThermoMPNN,4XV2,-1.4978617429733276,71,S,M,F:\GENESIS Studio\genesis-studio\packages\engines-py\.pdb_cache\4XV2,A
1391,ThermoMPNN,4XV2,1.0823321342468262,71,S,N,F:\GENESIS Studio\genesis-studio\packages\engines-py\.pdb_cache\4XV2,A
1392,ThermoMPNN,4XV2,2.1272079944610596,71,S,P,F:\GENESIS Studio\genesis-studio\packages\engines-py\.pdb_cache\4XV2,A
1393,ThermoMPNN,4XV2,0.05265292525291443,71,S,Q,F:\GENESIS Studio\genesis-studio\packages\engines-py\.pdb_cache\4XV2,A
1394,ThermoMPNN,4XV2,0.48966988921165466,71,S,R,F:\GENESIS Studio\genesis-studio\packages\engines-py\.pdb_cache\4XV2,A
1395,ThermoMPNN,4XV2,0.0,71,S,S,F:\GENESIS Studio\genesis-studio\packages\engines-py\.pdb_cache\4XV2,A
1396,ThermoMPNN,4XV2,-0.3792601525783539,71,S,T,F:\GENESIS Studio\genesis-studio\packages\engines-py\.pdb_cache\4XV2,A
1397,ThermoMPNN,4XV2,-1.6542922258377075,71,S,V,F:\GENESIS Studio\genesis-studio\packages\engines-py\.pdb_cache\4XV2,A
1398,ThermoMPNN,4XV2,-0.25829413533210754,71,S,W,F:\GENESIS Studio\genesis-studio\packages\engines-py\.pdb_cache\4XV2,A
1399,ThermoMPNN,4XV2,-0.13886228203773499,71,S,Y,F:\GENESIS Studio\genesis-studio\packages\engines-py\.pdb_cache\4XV2,A
1400,ThermoMPNN,4XV2,1.4652364253997803,72,T,A,F:\GENESIS Studio\genesis-studio\packages\engines-py\.pdb_cache\4XV2,A
1401,ThermoMPNN,4XV2,0.5492819547653198,72,T,C,F:\GENESIS Studio\genesis-studio\packages\engines-py\.pdb_cache\4XV2,A
1402,ThermoMPNN,4XV2,2.3319363594055176,72,T,D,F:\GENESIS Studio\genesis-studio\packages\engines-py\.pdb_cache\4XV2,A
1403,ThermoMPNN,4XV2,1.5815646648406982,72,T,E,F:\GENESIS Studio\genesis-studio\packages\engines-py\.pdb_cache\4XV2,A
1404,ThermoMPNN,4XV2,1.125133991241455,72,T,F,F:\GENESIS Studio\genesis-studio\packages\engines-py\.pdb_cache\4XV2,A
1405,ThermoMPNN,4XV2,2.2435312271118164,72,T,G,F:\GENESIS Studio\genesis-studio\packages\engines-py\.pdb_cache\4XV2,A
1406,ThermoMPNN,4XV2,1.368615984916687,72,T,H,F:\GENESIS Studio\genesis-studio\packages\engines-py\.pdb_cache\4XV2,A
1407,ThermoMPNN,4XV2,0.3344864845275879,72,T,I,F:\GENESIS Studio\genesis-studio\packages\engines-py\.pdb_cache\4XV2,A
1408,ThermoMPNN,4XV2,1.3516552448272705,72,T,K,F:\GENESIS Studio\genesis-studio\packages\engines-py\.pdb_cache\4XV2,A
1409,ThermoMPNN,4XV2,0.25188326835632324,72,T,L,F:\GENESIS Studio\genesis-studio\packages\engines-py\.pdb_cache\4XV2,A
1410,ThermoMPNN,4XV2,0.5696948766708374,72,T,M,F:\GENESIS Studio\genesis-studio\packages\engines-py\.pdb_cache\4XV2,A
1411,ThermoMPNN,4XV2,1.685650110244751,72,T,N,F:\GENESIS Studio\genesis-studio\packages\engines-py\.pdb_cache\4XV2,A
1412,ThermoMPNN,4XV2,2.133662700653076,72,T,P,F:\GENESIS Studio\genesis-studio\packages\engines-py\.pdb_cache\4XV2,A
1413,ThermoMPNN,4XV2,1.3121354579925537,72,T,Q,F:\GENESIS Studio\genesis-studio\packages\engines-py\.pdb_cache\4XV2,A
1414,ThermoMPNN,4XV2,1.2693862915039062,72,T,R,F:\GENESIS Studio\genesis-studio\packages\engines-py\.pdb_cache\4XV2,A
1415,ThermoMPNN,4XV2,1.0963062047958374,72,T,S,F:\GENESIS Studio\genesis-studio\packages\engines-py\.pdb_cache\4XV2,A
1416,ThermoMPNN,4XV2,0.0,72,T,T,F:\GENESIS Studio\genesis-studio\packages\engines-py\.pdb_cache\4XV2,A
1417,ThermoMPNN,4XV2,0.4944484233856201,72,T,V,F:\GENESIS Studio\genesis-studio\packages\engines-py\.pdb_cache\4XV2,A
1418,ThermoMPNN,4XV2,1.0124311447143555,72,T,W,F:\GENESIS Studio\genesis-studio\packages\engines-py\.pdb_cache\4XV2,A
1419,ThermoMPNN,4XV2,0.9567816853523254,72,T,Y,F:\GENESIS Studio\genesis-studio\packages\engines-py\.pdb_cache\4XV2,A
1420,ThermoMPNN,4XV2,0.31618064641952515,73,K,A,F:\GENESIS Studio\genesis-studio\packages\engines-py\.pdb_cache\4XV2,A
1421,ThermoMPNN,4XV2,0.17701804637908936,73,K,C,F:\GENESIS Studio\genesis-studio\packages\engines-py\.pdb_cache\4XV2,A
1422,ThermoMPNN,4XV2,0.9454027414321899,73,K,D,F:\GENESIS Studio\genesis-studio\packages\engines-py\.pdb_cache\4XV2,A
1423,ThermoMPNN,4XV2,0.8880387544631958,73,K,E,F:\GENESIS Studio\genesis-studio\packages\engines-py\.pdb_cache\4XV2,A
1424,ThermoMPNN,4XV2,0.4998430609703064,73,K,F,F:\GENESIS Studio\genesis-studio\packages\engines-py\.pdb_cache\4XV2,A
1425,ThermoMPNN,4XV2,0.7652131915092468,73,K,G,F:\GENESIS Studio\genesis-studio\packages\engines-py\.pdb_cache\4XV2,A
1426,ThermoMPNN,4XV2,0.1066216230392456,73,K,H,F:\GENESIS Studio\genesis-studio\packages\engines-py\.pdb_cache\4XV2,A
1427,ThermoMPNN,4XV2,0.7183800339698792,73,K,I,F:\GENESIS Studio\genesis-studio\packages\engines-py\.pdb_cache\4XV2,A
1428,ThermoMPNN,4XV2,0.0,73,K,K,F:\GENESIS Studio\genesis-studio\packages\engines-py\.pdb_cache\4XV2,A
1429,ThermoMPNN,4XV2,0.5905051231384277,73,K,L,F:\GENESIS Studio\genesis-studio\packages\engines-py\.pdb_cache\4XV2,A
1430,ThermoMPNN,4XV2,0.5554194450378418,73,K,M,F:\GENESIS Studio\genesis-studio\packages\engines-py\.pdb_cache\4XV2,A
1431,ThermoMPNN,4XV2,0.1348106861114502,73,K,N,F:\GENESIS Studio\genesis-studio\packages\engines-py\.pdb_cache\4XV2,A
1432,ThermoMPNN,4XV2,1.6930804252624512,73,K,P,F:\GENESIS Studio\genesis-studio\packages\engines-py\.pdb_cache\4XV2,A
1433,ThermoMPNN,4XV2,0.3265639543533325,73,K,Q,F:\GENESIS Studio\genesis-studio\packages\engines-py\.pdb_cache\4XV2,A
1434,ThermoMPNN,4XV2,-0.02794802188873291,73,K,R,F:\GENESIS Studio\genesis-studio\packages\engines-py\.pdb_cache\4XV2,A
1435,ThermoMPNN,4XV2,0.024570107460021973,73,K,S,F:\GENESIS Studio\genesis-studio\packages\engines-py\.pdb_cache\4XV2,A
1436,ThermoMPNN,4XV2,0.24275553226470947,73,K,T,F:\GENESIS Studio\genesis-studio\packages\engines-py\.pdb_cache\4XV2,A
1437,ThermoMPNN,4XV2,0.5854684710502625,73,K,V,F:\GENESIS Studio\genesis-studio\packages\engines-py\.pdb_cache\4XV2,A
1438,ThermoMPNN,4XV2,0.6396973133087158,73,K,W,F:\GENESIS Studio\genesis-studio\packages\engines-py\.pdb_cache\4XV2,A
1439,ThermoMPNN,4XV2,0.4112052917480469,73,K,Y,F:\GENESIS Studio\genesis-studio\packages\engines-py\.pdb_cache\4XV2,A
1440,ThermoMPNN,4XV2,1.5813333988189697,74,P,A,F:\GENESIS Studio\genesis-studio\packages\engines-py\.pdb_cache\4XV2,A
1441,ThermoMPNN,4XV2,0.9574365019798279,74,P,C,F:\GENESIS Studio\genesis-studio\packages\engines-py\.pdb_cache\4XV2,A
1442,ThermoMPNN,4XV2,2.006640672683716,74,P,D,F:\GENESIS Studio\genesis-studio\packages\engines-py\.pdb_cache\4XV2,A
1443,ThermoMPNN,4XV2,1.5841583013534546,74,P,E,F:\GENESIS Studio\genesis-studio\packages\engines-py\.pdb_cache\4XV2,A
1444,ThermoMPNN,4XV2,1.2638189792633057,74,P,F,F:\GENESIS Studio\genesis-studio\packages\engines-py\.pdb_cache\4XV2,A
1445,ThermoMPNN,4XV2,1.703587532043457,74,P,G,F:\GENESIS Studio\genesis-studio\packages\engines-py\.pdb_cache\4XV2,A
1446,ThermoMPNN,4XV2,1.3821063041687012,74,P,H,F:\GENESIS Studio\genesis-studio\packages\engines-py\.pdb_cache\4XV2,A
1447,ThermoMPNN,4XV2,1.1302809715270996,74,P,I,F:\GENESIS Studio\genesis-studio\packages\engines-py\.pdb_cache\4XV2,A
1448,ThermoMPNN,4XV2,1.3646303415298462,74,P,K,F:\GENESIS Studio\genesis-studio\packages\engines-py\.pdb_cache\4XV2,A
1449,ThermoMPNN,4XV2,1.1241278648376465,74,P,L,F:\GENESIS Studio\genesis-studio\packages\engines-py\.pdb_cache\4XV2,A
1450,ThermoMPNN,4XV2,1.1508208513259888,74,P,M,F:\GENESIS Studio\genesis-studio\packages\engines-py\.pdb_cache\4XV2,A
1451,ThermoMPNN,4XV2,1.5628085136413574,74,P,N,F:\GENESIS Studio\genesis-studio\packages\engines-py\.pdb_cache\4XV2,A
1452,ThermoMPNN,4XV2,0.0,74,P,P,F:\GENESIS Studio\genesis-studio\packages\engines-py\.pdb_cache\4XV2,A
1453,ThermoMPNN,4XV2,1.4707636833190918,74,P,Q,F:\GENESIS Studio\genesis-studio\packages\engines-py\.pdb_cache\4XV2,A
1454,ThermoMPNN,4XV2,1.4103202819824219,74,P,R,F:\GENESIS Studio\genesis-studio\packages\engines-py\.pdb_cache\4XV2,A
1455,ThermoMPNN,4XV2,1.472258448600769,74,P,S,F:\GENESIS Studio\genesis-studio\packages\engines-py\.pdb_cache\4XV2,A
1456,ThermoMPNN,4XV2,1.3926589488983154,74,P,T,F:\GENESIS Studio\genesis-studio\packages\engines-py\.pdb_cache\4XV2,A
1457,ThermoMPNN,4XV2,1.2991535663604736,74,P,V,F:\GENESIS Studio\genesis-studio\packages\engines-py\.pdb_cache\4XV2,A
1458,ThermoMPNN,4XV2,1.3979979753494263,74,P,W,F:\GENESIS Studio\genesis-studio\packages\engines-py\.pdb_cache\4XV2,A
1459,ThermoMPNN,4XV2,1.0650439262390137,74,P,Y,F:\GENESIS Studio\genesis-studio\packages\engines-py\.pdb_cache\4XV2,A
1460,ThermoMPNN,4XV2,0.6606932878494263,75,Q,A,F:\GENESIS Studio\genesis-studio\packages\engines-py\.pdb_cache\4XV2,A
1461,ThermoMPNN,4XV2,0.2987164258956909,75,Q,C,F:\GENESIS Studio\genesis-studio\packages\engines-py\.pdb_cache\4XV2,A
1462,ThermoMPNN,4XV2,1.6409707069396973,75,Q,D,F:\GENESIS Studio\genesis-studio\packages\engines-py\.pdb_cache\4XV2,A
1463,ThermoMPNN,4XV2,1.1230525970458984,75,Q,E,F:\GENESIS Studio\genesis-studio\packages\engines-py\.pdb_cache\4XV2,A
1464,ThermoMPNN,4XV2,0.39850401878356934,75,Q,F,F:\GENESIS Studio\genesis-studio\packages\engines-py\.pdb_cache\4XV2,A
1465,ThermoMPNN,4XV2,1.1105992794036865,75,Q,G,F:\GENESIS Studio\genesis-studio\packages\engines-py\.pdb_cache\4XV2,A
1466,ThermoMPNN,4XV2,0.5373619198799133,75,Q,H,F:\GENESIS Studio\genesis-studio\packages\engines-py\.pdb_cache\4XV2,A
1467,ThermoMPNN,4XV2,0.9401838779449463,75,Q,I,F:\GENESIS Studio\genesis-studio\packages\engines-py\.pdb_cache\4XV2,A
1468,ThermoMPNN,4XV2,0.44065821170806885,75,Q,K,F:\GENESIS Studio\genesis-studio\packages\engines-py\.pdb_cache\4XV2,A
1469,ThermoMPNN,4XV2,0.9965237379074097,75,Q,L,F:\GENESIS Studio\genesis-studio\packages\engines-py\.pdb_cache\4XV2,A
1470,ThermoMPNN,4XV2,0.48393571376800537,75,Q,M,F:\GENESIS Studio\genesis-studio\packages\engines-py\.pdb_cache\4XV2,A
1471,ThermoMPNN,4XV2,1.0088807344436646,75,Q,N,F:\GENESIS Studio\genesis-studio\packages\engines-py\.pdb_cache\4XV2,A
1472,ThermoMPNN,4XV2,3.4375221729278564,75,Q,P,F:\GENESIS Studio\genesis-studio\packages\engines-py\.pdb_cache\4XV2,A
1473,ThermoMPNN,4XV2,0.0,75,Q,Q,F:\GENESIS Studio\genesis-studio\packages\engines-py\.pdb_cache\4XV2,A
1474,ThermoMPNN,4XV2,0.4661600589752197,75,Q,R,F:\GENESIS Studio\genesis-studio\packages\engines-py\.pdb_cache\4XV2,A
1475,ThermoMPNN,4XV2,0.5210333466529846,75,Q,S,F:\GENESIS Studio\genesis-studio\packages\engines-py\.pdb_cache\4XV2,A
1476,ThermoMPNN,4XV2,0.6451889872550964,75,Q,T,F:\GENESIS Studio\genesis-studio\packages\engines-py\.pdb_cache\4XV2,A
1477,ThermoMPNN,4XV2,0.6056481003761292,75,Q,V,F:\GENESIS Studio\genesis-studio\packages\engines-py\.pdb_cache\4XV2,A
1478,ThermoMPNN,4XV2,0.48378539085388184,75,Q,W,F:\GENESIS Studio\genesis-studio\packages\engines-py\.pdb_cache\4XV2,A
1479,ThermoMPNN,4XV2,0.5889550447463989,75,Q,Y,F:\GENESIS Studio\genesis-studio\packages\engines-py\.pdb_cache\4XV2,A
1480,ThermoMPNN,4XV2,1.5867177248001099,76,L,A,F:\GENESIS Studio\genesis-studio\packages\engines-py\.pdb_cache\4XV2,A
1481,ThermoMPNN,4XV2,0.5548586845397949,76,L,C,F:\GENESIS Studio\genesis-studio\packages\engines-py\.pdb_cache\4XV2,A
1482,ThermoMPNN,4XV2,2.0029637813568115,76,L,D,F:\GENESIS Studio\genesis-studio\packages\engines-py\.pdb_cache\4XV2,A
1483,ThermoMPNN,4XV2,2.0964314937591553,76,L,E,F:\GENESIS Studio\genesis-studio\packages\engines-py\.pdb_cache\4XV2,A
1484,ThermoMPNN,4XV2,0.4846118688583374,76,L,F,F:\GENESIS Studio\genesis-studio\packages\engines-py\.pdb_cache\4XV2,A
1485,ThermoMPNN,4XV2,2.0576674938201904,76,L,G,F:\GENESIS Studio\genesis-studio\packages\engines-py\.pdb_cache\4XV2,A
1486,ThermoMPNN,4XV2,1.6364988088607788,76,L,H,F:\GENESIS Studio\genesis-studio\packages\engines-py\.pdb_cache\4XV2,A
1487,ThermoMPNN,4XV2,0.31467509269714355,76,L,I,F:\GENESIS Studio\genesis-studio\packages\engines-py\.pdb_cache\4XV2,A
1488,ThermoMPNN,4XV2,1.8326056003570557,76,L,K,F:\GENESIS Studio\genesis-studio\packages\engines-py\.pdb_cache\4XV2,A
1489,ThermoMPNN,4XV2,0.0,76,L,L,F:\GENESIS Studio\genesis-studio\packages\engines-py\.pdb_cache\4XV2,A
1490,ThermoMPNN,4XV2,0.6173191070556641,76,L,M,F:\GENESIS Studio\genesis-studio\packages\engines-py\.pdb_cache\4XV2,A
1491,ThermoMPNN,4XV2,2.0214390754699707,76,L,N,F:\GENESIS Studio\genesis-studio\packages\engines-py\.pdb_cache\4XV2,A
1492,ThermoMPNN,4XV2,1.4202617406845093,76,L,P,F:\GENESIS Studio\genesis-studio\packages\engines-py\.pdb_cache\4XV2,A
1493,ThermoMPNN,4XV2,1.9251091480255127,76,L,Q,F:\GENESIS Studio\genesis-studio\packages\engines-py\.pdb_cache\4XV2,A
1494,ThermoMPNN,4XV2,1.9485630989074707,76,L,R,F:\GENESIS Studio\genesis-studio\packages\engines-py\.pdb_cache\4XV2,A
1495,ThermoMPNN,4XV2,1.8474643230438232,76,L,S,F:\GENESIS Studio\genesis-studio\packages\engines-py\.pdb_cache\4XV2,A
1496,ThermoMPNN,4XV2,1.6791099309921265,76,L,T,F:\GENESIS Studio\genesis-studio\packages\engines-py\.pdb_cache\4XV2,A
1497,ThermoMPNN,4XV2,0.8167577981948853,76,L,V,F:\GENESIS Studio\genesis-studio\packages\engines-py\.pdb_cache\4XV2,A
1498,ThermoMPNN,4XV2,0.49666500091552734,76,L,W,F:\GENESIS Studio\genesis-studio\packages\engines-py\.pdb_cache\4XV2,A
1499,ThermoMPNN,4XV2,0.8561385869979858,76,L,Y,F:\GENESIS Studio\genesis-studio\packages\engines-py\.pdb_cache\4XV2,A
1500,ThermoMPNN,4XV2,0.0,77,A,A,F:\GENESIS Studio\genesis-studio\packages\engines-py\.pdb_cache\4XV2,A
1501,ThermoMPNN,4XV2,-0.03842568397521973,77,A,C,F:\GENESIS Studio\genesis-studio\packages\engines-py\.pdb_cache\4XV2,A
1502,ThermoMPNN,4XV2,2.4334936141967773,77,A,D,F:\GENESIS Studio\genesis-studio\packages\engines-py\.pdb_cache\4XV2,A
1503,ThermoMPNN,4XV2,1.9640519618988037,77,A,E,F:\GENESIS Studio\genesis-studio\packages\engines-py\.pdb_cache\4XV2,A
1504,ThermoMPNN,4XV2,0.03566479682922363,77,A,F,F:\GENESIS Studio\genesis-studio\packages\engines-py\.pdb_cache\4XV2,A
1505,ThermoMPNN,4XV2,1.380308747291565,77,A,G,F:\GENESIS Studio\genesis-studio\packages\engines-py\.pdb_cache\4XV2,A
1506,ThermoMPNN,4XV2,1.3464751243591309,77,A,H,F:\GENESIS Studio\genesis-studio\packages\engines-py\.pdb_cache\4XV2,A
1507,ThermoMPNN,4XV2,0.03666424751281738,77,A,I,F:\GENESIS Studio\genesis-studio\packages\engines-py\.pdb_cache\4XV2,A
1508,ThermoMPNN,4XV2,1.5071816444396973,77,A,K,F:\GENESIS Studio\genesis-studio\packages\engines-py\.pdb_cache\4XV2,A
1509,ThermoMPNN,4XV2,0.15222156047821045,77,A,L,F:\GENESIS Studio\genesis-studio\packages\engines-py\.pdb_cache\4XV2,A
1510,ThermoMPNN,4XV2,-0.17778706550598145,77,A,M,F:\GENESIS Studio\genesis-studio\packages\engines-py\.pdb_cache\4XV2,A
1511,ThermoMPNN,4XV2,1.9331471920013428,77,A,N,F:\GENESIS Studio\genesis-studio\packages\engines-py\.pdb_cache\4XV2,A
1512,ThermoMPNN,4XV2,2.562293529510498,77,A,P,F:\GENESIS Studio\genesis-studio\packages\engines-py\.pdb_cache\4XV2,A
1513,ThermoMPNN,4XV2,1.2743055820465088,77,A,Q,F:\GENESIS Studio\genesis-studio\packages\engines-py\.pdb_cache\4XV2,A
1514,ThermoMPNN,4XV2,1.2180112600326538,77,A,R,F:\GENESIS Studio\genesis-studio\packages\engines-py\.pdb_cache\4XV2,A
1515,ThermoMPNN,4XV2,0.8478928804397583,77,A,S,F:\GENESIS Studio\genesis-studio\packages\engines-py\.pdb_cache\4XV2,A
1516,ThermoMPNN,4XV2,0.9237130880355835,77,A,T,F:\GENESIS Studio\genesis-studio\packages\engines-py\.pdb_cache\4XV2,A
1517,ThermoMPNN,4XV2,-0.0024024248123168945,77,A,V,F:\GENESIS Studio\genesis-studio\packages\engines-py\.pdb_cache\4XV2,A
1518,ThermoMPNN,4XV2,0.5506399273872375,77,A,W,F:\GENESIS Studio\genesis-studio\packages\engines-py\.pdb_cache\4XV2,A
1519,ThermoMPNN,4XV2,0.4745067358016968,77,A,Y,F:\GENESIS Studio\genesis-studio\packages\engines-py\.pdb_cache\4XV2,A
1520,ThermoMPNN,4XV2,2.2380547523498535,78,I,A,F:\GENESIS Studio\genesis-studio\packages\engines-py\.pdb_cache\4XV2,A
1521,ThermoMPNN,4XV2,1.5154184103012085,78,I,C,F:\GENESIS Studio\genesis-studio\packages\engines-py\.pdb_cache\4XV2,A
1522,ThermoMPNN,4XV2,3.442244291305542,78,I,D,F:\GENESIS Studio\genesis-studio\packages\engines-py\.pdb_cache\4XV2,A
1523,ThermoMPNN,4XV2,2.915245294570923,78,I,E,F:\GENESIS Studio\genesis-studio\packages\engines-py\.pdb_cache\4XV2,A
1524,ThermoMPNN,4XV2,0.7683539390563965,78,I,F,F:\GENESIS Studio\genesis-studio\packages\engines-py\.pdb_cache\4XV2,A
1525,ThermoMPNN,4XV2,3.3204243183135986,78,I,G,F:\GENESIS Studio\genesis-studio\packages\engines-py\.pdb_cache\4XV2,A
1526,ThermoMPNN,4XV2,2.4188966751098633,78,I,H,F:\GENESIS Studio\genesis-studio\packages\engines-py\.pdb_cache\4XV2,A
1527,ThermoMPNN,4XV2,0.0,78,I,I,F:\GENESIS Studio\genesis-studio\packages\engines-py\.pdb_cache\4XV2,A
1528,ThermoMPNN,4XV2,2.561952590942383,78,I,K,F:\GENESIS Studio\genesis-studio\packages\engines-py\.pdb_cache\4XV2,A
1529,ThermoMPNN,4XV2,0.37894630432128906,78,I,L,F:\GENESIS Studio\genesis-studio\packages\engines-py\.pdb_cache\4XV2,A
1530,ThermoMPNN,4XV2,1.0052610635757446,78,I,M,F:\GENESIS Studio\genesis-studio\packages\engines-py\.pdb_cache\4XV2,A
1531,ThermoMPNN,4XV2,3.0634772777557373,78,I,N,F:\GENESIS Studio\genesis-studio\packages\engines-py\.pdb_cache\4XV2,A
1532,ThermoMPNN,4XV2,3.397862672805786,78,I,P,F:\GENESIS Studio\genesis-studio\packages\engines-py\.pdb_cache\4XV2,A
1533,ThermoMPNN,4XV2,2.645341396331787,78,I,Q,F:\GENESIS Studio\genesis-studio\packages\engines-py\.pdb_cache\4XV2,A
1534,ThermoMPNN,4XV2,2.555654525756836,78,I,R,F:\GENESIS Studio\genesis-studio\packages\engines-py\.pdb_cache\4XV2,A
1535,ThermoMPNN,4XV2,2.946305513381958,78,I,S,F:\GENESIS Studio\genesis-studio\packages\engines-py\.pdb_cache\4XV2,A
1536,ThermoMPNN,4XV2,2.2993228435516357,78,I,T,F:\GENESIS Studio\genesis-studio\packages\engines-py\.pdb_cache\4XV2,A
1537,ThermoMPNN,4XV2,0.8919780254364014,78,I,V,F:\GENESIS Studio\genesis-studio\packages\engines-py\.pdb_cache\4XV2,A
1538,ThermoMPNN,4XV2,1.3527512550354004,78,I,W,F:\GENESIS Studio\genesis-studio\packages\engines-py\.pdb_cache\4XV2,A
1539,ThermoMPNN,4XV2,1.1295862197875977,78,I,Y,F:\GENESIS Studio\genesis-studio\packages\engines-py\.pdb_cache\4XV2,A
1540,ThermoMPNN,4XV2,2.3796989917755127,79,V,A,F:\GENESIS Studio\genesis-studio\packages\engines-py\.pdb_cache\4XV2,A
1541,ThermoMPNN,4XV2,1.5087952613830566,79,V,C,F:\GENESIS Studio\genesis-studio\packages\engines-py\.pdb_cache\4XV2,A
1542,ThermoMPNN,4XV2,3.302448272705078,79,V,D,F:\GENESIS Studio\genesis-studio\packages\engines-py\.pdb_cache\4XV2,A
1543,ThermoMPNN,4XV2,3.41282320022583,79,V,E,F:\GENESIS Studio\genesis-studio\packages\engines-py\.pdb_cache\4XV2,A
1544,ThermoMPNN,4XV2,1.8142322301864624,79,V,F,F:\GENESIS Studio\genesis-studio\packages\engines-py\.pdb_cache\4XV2,A
1545,ThermoMPNN,4XV2,3.0464975833892822,79,V,G,F:\GENESIS Studio\genesis-studio\packages\engines-py\.pdb_cache\4XV2,A
1546,ThermoMPNN,4XV2,3.120981216430664,79,V,H,F:\GENESIS Studio\genesis-studio\packages\engines-py\.pdb_cache\4XV2,A
1547,ThermoMPNN,4XV2,-0.07718491554260254,79,V,I,F:\GENESIS Studio\genesis-studio\packages\engines-py\.pdb_cache\4XV2,A
1548,ThermoMPNN,4XV2,3.128607749938965,79,V,K,F:\GENESIS Studio\genesis-studio\packages\engines-py\.pdb_cache\4XV2,A
1549,ThermoMPNN,4XV2,0.6923129558563232,79,V,L,F:\GENESIS Studio\genesis-studio\packages\engines-py\.pdb_cache\4XV2,A
1550,ThermoMPNN,4XV2,1.8194327354431152,79,V,M,F:\GENESIS Studio\genesis-studio\packages\engines-py\.pdb_cache\4XV2,A
1551,ThermoMPNN,4XV2,3.2751011848449707,79,V,N,F:\GENESIS Studio\genesis-studio\packages\engines-py\.pdb_cache\4XV2,A
1552,ThermoMPNN,4XV2,3.2199933528900146,79,V,P,F:\GENESIS Studio\genesis-studio\packages\engines-py\.pdb_cache\4XV2,A
1553,ThermoMPNN,4XV2,3.3078887462615967,79,V,Q,F:\GENESIS Studio\genesis-studio\packages\engines-py\.pdb_cache\4XV2,A
1554,ThermoMPNN,4XV2,3.1705703735351562,79,V,R,F:\GENESIS Studio\genesis-studio\packages\engines-py\.pdb_cache\4XV2,A
1555,ThermoMPNN,4XV2,3.193925380706787,79,V,S,F:\GENESIS Studio\genesis-studio\packages\engines-py\.pdb_cache\4XV2,A
1556,ThermoMPNN,4XV2,2.2861123085021973,79,V,T,F:\GENESIS Studio\genesis-studio\packages\engines-py\.pdb_cache\4XV2,A
1557,ThermoMPNN,4XV2,0.0,79,V,V,F:\GENESIS Studio\genesis-studio\packages\engines-py\.pdb_cache\4XV2,A
1558,ThermoMPNN,4XV2,2.4550604820251465,79,V,W,F:\GENESIS Studio\genesis-studio\packages\engines-py\.pdb_cache\4XV2,A
1559,ThermoMPNN,4XV2,2.2555480003356934,79,V,Y,F:\GENESIS Studio\genesis-studio\packages\engines-py\.pdb_cache\4XV2,A
1560,ThermoMPNN,4XV2,0.4892670810222626,80,T,A,F:\GENESIS Studio\genesis-studio\packages\engines-py\.pdb_cache\4XV2,A
1561,ThermoMPNN,4XV2,-0.42527705430984497,80,T,C,F:\GENESIS Studio\genesis-studio\packages\engines-py\.pdb_cache\4XV2,A
1562,ThermoMPNN,4XV2,1.523529052734375,80,T,D,F:\GENESIS Studio\genesis-studio\packages\engines-py\.pdb_cache\4XV2,A
1563,ThermoMPNN,4XV2,0.900066077709198,80,T,E,F:\GENESIS Studio\genesis-studio\packages\engines-py\.pdb_cache\4XV2,A
1564,ThermoMPNN,4XV2,-1.1832084655761719,80,T,F,F:\GENESIS Studio\genesis-studio\packages\engines-py\.pdb_cache\4XV2,A
1565,ThermoMPNN,4XV2,1.3272271156311035,80,T,G,F:\GENESIS Studio\genesis-studio\packages\engines-py\.pdb_cache\4XV2,A
1566,ThermoMPNN,4XV2,0.5342987775802612,80,T,H,F:\GENESIS Studio\genesis-studio\packages\engines-py\.pdb_cache\4XV2,A
1567,ThermoMPNN,4XV2,-0.17086023092269897,80,T,I,F:\GENESIS Studio\genesis-studio\packages\engines-py\.pdb_cache\4XV2,A
1568,ThermoMPNN,4XV2,1.132908821105957,80,T,K,F:\GENESIS Studio\genesis-studio\packages\engines-py\.pdb_cache\4XV2,A
1569,ThermoMPNN,4XV2,-0.5473470091819763,80,T,L,F:\GENESIS Studio\genesis-studio\packages\engines-py\.pdb_cache\4XV2,A
1570,ThermoMPNN,4XV2,-0.4283660054206848,80,T,M,F:\GENESIS Studio\genesis-studio\packages\engines-py\.pdb_cache\4XV2,A
1571,ThermoMPNN,4XV2,0.9161431193351746,80,T,N,F:\GENESIS Studio\genesis-studio\packages\engines-py\.pdb_cache\4XV2,A
1572,ThermoMPNN,4XV2,2.275207042694092,80,T,P,F:\GENESIS Studio\genesis-studio\packages\engines-py\.pdb_cache\4XV2,A
1573,ThermoMPNN,4XV2,0.7468070983886719,80,T,Q,F:\GENESIS Studio\genesis-studio\packages\engines-py\.pdb_cache\4XV2,A
1574,ThermoMPNN,4XV2,1.0769476890563965,80,T,R,F:\GENESIS Studio\genesis-studio\packages\engines-py\.pdb_cache\4XV2,A
1575,ThermoMPNN,4XV2,0.4504503309726715,80,T,S,F:\GENESIS Studio\genesis-studio\packages\engines-py\.pdb_cache\4XV2,A
1576,ThermoMPNN,4XV2,0.0,80,T,T,F:\GENESIS Studio\genesis-studio\packages\engines-py\.pdb_cache\4XV2,A
1577,ThermoMPNN,4XV2,-0.16559934616088867,80,T,V,F:\GENESIS Studio\genesis-studio\packages\engines-py\.pdb_cache\4XV2,A
1578,ThermoMPNN,4XV2,-0.7996973395347595,80,T,W,F:\GENESIS Studio\genesis-studio\packages\engines-py\.pdb_cache\4XV2,A
1579,ThermoMPNN,4XV2,-0.846053421497345,80,T,Y,F:\GENESIS Studio\genesis-studio\packages\engines-py\.pdb_cache\4XV2,A
1580,ThermoMPNN,4XV2,0.6527799367904663,81,Q,A,F:\GENESIS Studio\genesis-studio\packages\engines-py\.pdb_cache\4XV2,A
1581,ThermoMPNN,4XV2,0.1993016004562378,81,Q,C,F:\GENESIS Studio\genesis-studio\packages\engines-py\.pdb_cache\4XV2,A
1582,ThermoMPNN,4XV2,0.7011460065841675,81,Q,D,F:\GENESIS Studio\genesis-studio\packages\engines-py\.pdb_cache\4XV2,A
1583,ThermoMPNN,4XV2,-0.6896263360977173,81,Q,E,F:\GENESIS Studio\genesis-studio\packages\engines-py\.pdb_cache\4XV2,A
1584,ThermoMPNN,4XV2,0.7603737115859985,81,Q,F,F:\GENESIS Studio\genesis-studio\packages\engines-py\.pdb_cache\4XV2,A
1585,ThermoMPNN,4XV2,1.358768105506897,81,Q,G,F:\GENESIS Studio\genesis-studio\packages\engines-py\.pdb_cache\4XV2,A
1586,ThermoMPNN,4XV2,0.8063009977340698,81,Q,H,F:\GENESIS Studio\genesis-studio\packages\engines-py\.pdb_cache\4XV2,A
1587,ThermoMPNN,4XV2,0.9476110935211182,81,Q,I,F:\GENESIS Studio\genesis-studio\packages\engines-py\.pdb_cache\4XV2,A
1588,ThermoMPNN,4XV2,1.5340397357940674,81,Q,K,F:\GENESIS Studio\genesis-studio\packages\engines-py\.pdb_cache\4XV2,A
1589,ThermoMPNN,4XV2,0.9786126017570496,81,Q,L,F:\GENESIS Studio\genesis-studio\packages\engines-py\.pdb_cache\4XV2,A
1590,ThermoMPNN,4XV2,0.33325183391571045,81,Q,M,F:\GENESIS Studio\genesis-studio\packages\engines-py\.pdb_cache\4XV2,A
1591,ThermoMPNN,4XV2,1.4164925813674927,81,Q,N,F:\GENESIS Studio\genesis-studio\packages\engines-py\.pdb_cache\4XV2,A
1592,ThermoMPNN,4XV2,2.097154140472412,81,Q,P,F:\GENESIS Studio\genesis-studio\packages\engines-py\.pdb_cache\4XV2,A
1593,ThermoMPNN,4XV2,0.0,81,Q,Q,F:\GENESIS Studio\genesis-studio\packages\engines-py\.pdb_cache\4XV2,A
1594,ThermoMPNN,4XV2,1.690255880355835,81,Q,R,F:\GENESIS Studio\genesis-studio\packages\engines-py\.pdb_cache\4XV2,A
1595,ThermoMPNN,4XV2,0.8000885844230652,81,Q,S,F:\GENESIS Studio\genesis-studio\packages\engines-py\.pdb_cache\4XV2,A
1596,ThermoMPNN,4XV2,0.6690645217895508,81,Q,T,F:\GENESIS Studio\genesis-studio\packages\engines-py\.pdb_cache\4XV2,A
1597,ThermoMPNN,4XV2,0.9389783143997192,81,Q,V,F:\GENESIS Studio\genesis-studio\packages\engines-py\.pdb_cache\4XV2,A
1598,ThermoMPNN,4XV2,0.934114396572113,81,Q,W,F:\GENESIS Studio\genesis-studio\packages\engines-py\.pdb_cache\4XV2,A
1599,ThermoMPNN,4XV2,0.8626378774642944,81,Q,Y,F:\GENESIS Studio\genesis-studio\packages\engines-py\.pdb_cache\4XV2,A
1600,ThermoMPNN,4XV2,2.6185877323150635,82,W,A,F:\GENESIS Studio\genesis-studio\packages\engines-py\.pdb_cache\4XV2,A
1601,ThermoMPNN,4XV2,1.3577327728271484,82,W,C,F:\GENESIS Studio\genesis-studio\packages\engines-py\.pdb_cache\4XV2,A
1602,ThermoMPNN,4XV2,3.1368772983551025,82,W,D,F:\GENESIS Studio\genesis-studio\packages\engines-py\.pdb_cache\4XV2,A
1603,ThermoMPNN,4XV2,2.8584179878234863,82,W,E,F:\GENESIS Studio\genesis-studio\packages\engines-py\.pdb_cache\4XV2,A
1604,ThermoMPNN,4XV2,1.1033334732055664,82,W,F,F:\GENESIS Studio\genesis-studio\packages\engines-py\.pdb_cache\4XV2,A
1605,ThermoMPNN,4XV2,3.001868963241577,82,W,G,F:\GENESIS Studio\genesis-studio\packages\engines-py\.pdb_cache\4XV2,A
1606,ThermoMPNN,4XV2,2.210505485534668,82,W,H,F:\GENESIS Studio\genesis-studio\packages\engines-py\.pdb_cache\4XV2,A
1607,ThermoMPNN,4XV2,1.8213169574737549,82,W,I,F:\GENESIS Studio\genesis-studio\packages\engines-py\.pdb_cache\4XV2,A
1608,ThermoMPNN,4XV2,2.46833872795105,82,W,K,F:\GENESIS Studio\genesis-studio\packages\engines-py\.pdb_cache\4XV2,A
1609,ThermoMPNN,4XV2,1.3026885986328125,82,W,L,F:\GENESIS Studio\genesis-studio\packages\engines-py\.pdb_cache\4XV2,A
1610,ThermoMPNN,4XV2,1.4289968013763428,82,W,M,F:\GENESIS Studio\genesis-studio\packages\engines-py\.pdb_cache\4XV2,A
1611,ThermoMPNN,4XV2,2.7287349700927734,82,W,N,F:\GENESIS Studio\genesis-studio\packages\engines-py\.pdb_cache\4XV2,A
1612,ThermoMPNN,4XV2,2.9140782356262207,82,W,P,F:\GENESIS Studio\genesis-studio\packages\engines-py\.pdb_cache\4XV2,A
1613,ThermoMPNN,4XV2,2.4086852073669434,82,W,Q,F:\GENESIS Studio\genesis-studio\packages\engines-py\.pdb_cache\4XV2,A
1614,ThermoMPNN,4XV2,2.4237236976623535,82,W,R,F:\GENESIS Studio\genesis-studio\packages\engines-py\.pdb_cache\4XV2,A
1615,ThermoMPNN,4XV2,2.4335250854492188,82,W,S,F:\GENESIS Studio\genesis-studio\packages\engines-py\.pdb_cache\4XV2,A
1616,ThermoMPNN,4XV2,2.5308260917663574,82,W,T,F:\GENESIS Studio\genesis-studio\packages\engines-py\.pdb_cache\4XV2,A
1617,ThermoMPNN,4XV2,1.9738008975982666,82,W,V,F:\GENESIS Studio\genesis-studio\packages\engines-py\.pdb_cache\4XV2,A
1618,ThermoMPNN,4XV2,0.0,82,W,W,F:\GENESIS Studio\genesis-studio\packages\engines-py\.pdb_cache\4XV2,A
1619,ThermoMPNN,4XV2,1.0048363208770752,82,W,Y,F:\GENESIS Studio\genesis-studio\packages\engines-py\.pdb_cache\4XV2,A
1620,ThermoMPNN,4XV2,0.6402536034584045,83,C,A,F:\GENESIS Studio\genesis-studio\packages\engines-py\.pdb_cache\4XV2,A
1621,ThermoMPNN,4XV2,0.0,83,C,C,F:\GENESIS Studio\genesis-studio\packages\engines-py\.pdb_cache\4XV2,A
1622,ThermoMPNN,4XV2,1.2793384790420532,83,C,D,F:\GENESIS Studio\genesis-studio\packages\engines-py\.pdb_cache\4XV2,A
1623,ThermoMPNN,4XV2,1.2869799137115479,83,C,E,F:\GENESIS Studio\genesis-studio\packages\engines-py\.pdb_cache\4XV2,A
1624,ThermoMPNN,4XV2,0.2762340307235718,83,C,F,F:\GENESIS Studio\genesis-studio\packages\engines-py\.pdb_cache\4XV2,A
1625,ThermoMPNN,4XV2,0.5766077041625977,83,C,G,F:\GENESIS Studio\genesis-studio\packages\engines-py\.pdb_cache\4XV2,A
1626,ThermoMPNN,4XV2,1.05189049243927,83,C,H,F:\GENESIS Studio\genesis-studio\packages\engines-py\.pdb_cache\4XV2,A
1627,ThermoMPNN,4XV2,0.18277132511138916,83,C,I,F:\GENESIS Studio\genesis-studio\packages\engines-py\.pdb_cache\4XV2,A
1628,ThermoMPNN,4XV2,1.3081274032592773,83,C,K,F:\GENESIS Studio\genesis-studio\packages\engines-py\.pdb_cache\4XV2,A
1629,ThermoMPNN,4XV2,0.13504397869110107,83,C,L,F:\GENESIS Studio\genesis-studio\packages\engines-py\.pdb_cache\4XV2,A
1630,ThermoMPNN,4XV2,0.37120479345321655,83,C,M,F:\GENESIS Studio\genesis-studio\packages\engines-py\.pdb_cache\4XV2,A
1631,ThermoMPNN,4XV2,1.0539627075195312,83,C,N,F:\GENESIS Studio\genesis-studio\packages\engines-py\.pdb_cache\4XV2,A
1632,ThermoMPNN,4XV2,1.3261984586715698,83,C,P,F:\GENESIS Studio\genesis-studio\packages\engines-py\.pdb_cache\4XV2,A
1633,ThermoMPNN,4XV2,1.2063164710998535,83,C,Q,F:\GENESIS Studio\genesis-studio\packages\engines-py\.pdb_cache\4XV2,A
1634,ThermoMPNN,4XV2,1.427206039428711,83,C,R,F:\GENESIS Studio\genesis-studio\packages\engines-py\.pdb_cache\4XV2,A
1635,ThermoMPNN,4XV2,0.6693437099456787,83,C,S,F:\GENESIS Studio\genesis-studio\packages\engines-py\.pdb_cache\4XV2,A
1636,ThermoMPNN,4XV2,0.5463203191757202,83,C,T,F:\GENESIS Studio\genesis-studio\packages\engines-py\.pdb_cache\4XV2,A
1637,ThermoMPNN,4XV2,0.20395493507385254,83,C,V,F:\GENESIS Studio\genesis-studio\packages\engines-py\.pdb_cache\4XV2,A
1638,ThermoMPNN,4XV2,0.7933614253997803,83,C,W,F:\GENESIS Studio\genesis-studio\packages\engines-py\.pdb_cache\4XV2,A
1639,ThermoMPNN,4XV2,0.7142913937568665,83,C,Y,F:\GENESIS Studio\genesis-studio\packages\engines-py\.pdb_cache\4XV2,A
1640,ThermoMPNN,4XV2,0.17138421535491943,84,E,A,F:\GENESIS Studio\genesis-studio\packages\engines-py\.pdb_cache\4XV2,A
1641,ThermoMPNN,4XV2,-0.3841264843940735,84,E,C,F:\GENESIS Studio\genesis-studio\packages\engines-py\.pdb_cache\4XV2,A
1642,ThermoMPNN,4XV2,0.3396993577480316,84,E,D,F:\GENESIS Studio\genesis-studio\packages\engines-py\.pdb_cache\4XV2,A
1643,ThermoMPNN,4XV2,0.0,84,E,E,F:\GENESIS Studio\genesis-studio\packages\engines-py\.pdb_cache\4XV2,A
1644,ThermoMPNN,4XV2,-0.009077072143554688,84,E,F,F:\GENESIS Studio\genesis-studio\packages\engines-py\.pdb_cache\4XV2,A
1645,ThermoMPNN,4XV2,0.5263057947158813,84,E,G,F:\GENESIS Studio\genesis-studio\packages\engines-py\.pdb_cache\4XV2,A
1646,ThermoMPNN,4XV2,-0.138910174369812,84,E,H,F:\GENESIS Studio\genesis-studio\packages\engines-py\.pdb_cache\4XV2,A
1647,ThermoMPNN,4XV2,-0.43729573488235474,84,E,I,F:\GENESIS Studio\genesis-studio\packages\engines-py\.pdb_cache\4XV2,A
1648,ThermoMPNN,4XV2,-0.2174692153930664,84,E,K,F:\GENESIS Studio\genesis-studio\packages\engines-py\.pdb_cache\4XV2,A
1649,ThermoMPNN,4XV2,-0.06895846128463745,84,E,L,F:\GENESIS Studio\genesis-studio\packages\engines-py\.pdb_cache\4XV2,A
1650,ThermoMPNN,4XV2,0.08460503816604614,84,E,M,F:\GENESIS Studio\genesis-studio\packages\engines-py\.pdb_cache\4XV2,A
1651,ThermoMPNN,4XV2,-0.011081099510192871,84,E,N,F:\GENESIS Studio\genesis-studio\packages\engines-py\.pdb_cache\4XV2,A
1652,ThermoMPNN,4XV2,0.8810155987739563,84,E,P,F:\GENESIS Studio\genesis-studio\packages\engines-py\.pdb_cache\4XV2,A
1653,ThermoMPNN,4XV2,-0.026476144790649414,84,E,Q,F:\GENESIS Studio\genesis-studio\packages\engines-py\.pdb_cache\4XV2,A
1654,ThermoMPNN,4XV2,-0.17029225826263428,84,E,R,F:\GENESIS Studio\genesis-studio\packages\engines-py\.pdb_cache\4XV2,A
1655,ThermoMPNN,4XV2,-0.062488675117492676,84,E,S,F:\GENESIS Studio\genesis-studio\packages\engines-py\.pdb_cache\4XV2,A
1656,ThermoMPNN,4XV2,-0.2624826431274414,84,E,T,F:\GENESIS Studio\genesis-studio\packages\engines-py\.pdb_cache\4XV2,A
1657,ThermoMPNN,4XV2,-0.41579312086105347,84,E,V,F:\GENESIS Studio\genesis-studio\packages\engines-py\.pdb_cache\4XV2,A
1658,ThermoMPNN,4XV2,0.13866662979125977,84,E,W,F:\GENESIS Studio\genesis-studio\packages\engines-py\.pdb_cache\4XV2,A
1659,ThermoMPNN,4XV2,-0.03973633050918579,84,E,Y,F:\GENESIS Studio\genesis-studio\packages\engines-py\.pdb_cache\4XV2,A
1660,ThermoMPNN,4XV2,1.0363988876342773,85,G,A,F:\GENESIS Studio\genesis-studio\packages\engines-py\.pdb_cache\4XV2,A
1661,ThermoMPNN,4XV2,0.596162736415863,85,G,C,F:\GENESIS Studio\genesis-studio\packages\engines-py\.pdb_cache\4XV2,A
1662,ThermoMPNN,4XV2,1.2184476852416992,85,G,D,F:\GENESIS Studio\genesis-studio\packages\engines-py\.pdb_cache\4XV2,A
1663,ThermoMPNN,4XV2,1.3699159622192383,85,G,E,F:\GENESIS Studio\genesis-studio\packages\engines-py\.pdb_cache\4XV2,A
1664,ThermoMPNN,4XV2,0.9631035327911377,85,G,F,F:\GENESIS Studio\genesis-studio\packages\engines-py\.pdb_cache\4XV2,A
1665,ThermoMPNN,4XV2,0.0,85,G,G,F:\GENESIS Studio\genesis-studio\packages\engines-py\.pdb_cache\4XV2,A
1666,ThermoMPNN,4XV2,0.9861271977424622,85,G,H,F:\GENESIS Studio\genesis-studio\packages\engines-py\.pdb_cache\4XV2,A
1667,ThermoMPNN,4XV2,0.9652764797210693,85,G,I,F:\GENESIS Studio\genesis-studio\packages\engines-py\.pdb_cache\4XV2,A
1668,ThermoMPNN,4XV2,1.0751454830169678,85,G,K,F:\GENESIS Studio\genesis-studio\packages\engines-py\.pdb_cache\4XV2,A
1669,ThermoMPNN,4XV2,0.842258632183075,85,G,L,F:\GENESIS Studio\genesis-studio\packages\engines-py\.pdb_cache\4XV2,A
1670,ThermoMPNN,4XV2,1.0499749183654785,85,G,M,F:\GENESIS Studio\genesis-studio\packages\engines-py\.pdb_cache\4XV2,A
1671,ThermoMPNN,4XV2,0.9055720567703247,85,G,N,F:\GENESIS Studio\genesis-studio\packages\engines-py\.pdb_cache\4XV2,A
1672,ThermoMPNN,4XV2,1.472639799118042,85,G,P,F:\GENESIS Studio\genesis-studio\packages\engines-py\.pdb_cache\4XV2,A
1673,ThermoMPNN,4XV2,1.1880922317504883,85,G,Q,F:\GENESIS Studio\genesis-studio\packages\engines-py\.pdb_cache\4XV2,A
1674,ThermoMPNN,4XV2,1.119617223739624,85,G,R,F:\GENESIS Studio\genesis-studio\packages\engines-py\.pdb_cache\4XV2,A
1675,ThermoMPNN,4XV2,0.9215092062950134,85,G,S,F:\GENESIS Studio\genesis-studio\packages\engines-py\.pdb_cache\4XV2,A
1676,ThermoMPNN,4XV2,0.9483823180198669,85,G,T,F:\GENESIS Studio\genesis-studio\packages\engines-py\.pdb_cache\4XV2,A
1677,ThermoMPNN,4XV2,1.002787470817566,85,G,V,F:\GENESIS Studio\genesis-studio\packages\engines-py\.pdb_cache\4XV2,A
1678,ThermoMPNN,4XV2,1.1278891563415527,85,G,W,F:\GENESIS Studio\genesis-studio\packages\engines-py\.pdb_cache\4XV2,A
1679,ThermoMPNN,4XV2,1.0261857509613037,85,G,Y,F:\GENESIS Studio\genesis-studio\packages\engines-py\.pdb_cache\4XV2,A
1680,ThermoMPNN,4XV2,-0.32092952728271484,86,S,A,F:\GENESIS Studio\genesis-studio\packages\engines-py\.pdb_cache\4XV2,A
1681,ThermoMPNN,4XV2,-0.5593121647834778,86,S,C,F:\GENESIS Studio\genesis-studio\packages\engines-py\.pdb_cache\4XV2,A
1682,ThermoMPNN,4XV2,0.3739939332008362,86,S,D,F:\GENESIS Studio\genesis-studio\packages\engines-py\.pdb_cache\4XV2,A
1683,ThermoMPNN,4XV2,-0.04988718032836914,86,S,E,F:\GENESIS Studio\genesis-studio\packages\engines-py\.pdb_cache\4XV2,A
1684,ThermoMPNN,4XV2,-0.3247497081756592,86,S,F,F:\GENESIS Studio\genesis-studio\packages\engines-py\.pdb_cache\4XV2,A
1685,ThermoMPNN,4XV2,-0.1541128158569336,86,S,G,F:\GENESIS Studio\genesis-studio\packages\engines-py\.pdb_cache\4XV2,A
1686,ThermoMPNN,4XV2,-0.40804988145828247,86,S,H,F:\GENESIS Studio\genesis-studio\packages\engines-py\.pdb_cache\4XV2,A
1687,ThermoMPNN,4XV2,0.14837753772735596,86,S,I,F:\GENESIS Studio\genesis-studio\packages\engines-py\.pdb_cache\4XV2,A
1688,ThermoMPNN,4XV2,-0.5185933709144592,86,S,K,F:\GENESIS Studio\genesis-studio\packages\engines-py\.pdb_cache\4XV2,A
1689,ThermoMPNN,4XV2,-0.12984097003936768,86,S,L,F:\GENESIS Studio\genesis-studio\packages\engines-py\.pdb_cache\4XV2,A
1690,ThermoMPNN,4XV2,-0.23008322715759277,86,S,M,F:\GENESIS Studio\genesis-studio\packages\engines-py\.pdb_cache\4XV2,A
1691,ThermoMPNN,4XV2,-0.1665063500404358,86,S,N,F:\GENESIS Studio\genesis-studio\packages\engines-py\.pdb_cache\4XV2,A
1692,ThermoMPNN,4XV2,1.248561978340149,86,S,P,F:\GENESIS Studio\genesis-studio\packages\engines-py\.pdb_cache\4XV2,A
1693,ThermoMPNN,4XV2,-0.35774123668670654,86,S,Q,F:\GENESIS Studio\genesis-studio\packages\engines-py\.pdb_cache\4XV2,A
1694,ThermoMPNN,4XV2,-0.5053425431251526,86,S,R,F:\GENESIS Studio\genesis-studio\packages\engines-py\.pdb_cache\4XV2,A
1695,ThermoMPNN,4XV2,0.0,86,S,S,F:\GENESIS Studio\genesis-studio\packages\engines-py\.pdb_cache\4XV2,A
1696,ThermoMPNN,4XV2,0.08768433332443237,86,S,T,F:\GENESIS Studio\genesis-studio\packages\engines-py\.pdb_cache\4XV2,A
1697,ThermoMPNN,4XV2,-0.11861366033554077,86,S,V,F:\GENESIS Studio\genesis-studio\packages\engines-py\.pdb_cache\4XV2,A
1698,ThermoMPNN,4XV2,-0.07681310176849365,86,S,W,F:\GENESIS Studio\genesis-studio\packages\engines-py\.pdb_cache\4XV2,A
1699,ThermoMPNN,4XV2,-0.31905925273895264,86,S,Y,F:\GENESIS Studio\genesis-studio\packages\engines-py\.pdb_cache\4XV2,A
1700,ThermoMPNN,4XV2,1.0920406579971313,87,S,A,F:\GENESIS Studio\genesis-studio\packages\engines-py\.pdb_cache\4XV2,A
1701,ThermoMPNN,4XV2,1.0848524570465088,87,S,C,F:\GENESIS Studio\genesis-studio\packages\engines-py\.pdb_cache\4XV2,A
1702,ThermoMPNN,4XV2,0.6329195499420166,87,S,D,F:\GENESIS Studio\genesis-studio\packages\engines-py\.pdb_cache\4XV2,A
1703,ThermoMPNN,4XV2,1.7245419025421143,87,S,E,F:\GENESIS Studio\genesis-studio\packages\engines-py\.pdb_cache\4XV2,A
1704,ThermoMPNN,4XV2,2.0006237030029297,87,S,F,F:\GENESIS Studio\genesis-studio\packages\engines-py\.pdb_cache\4XV2,A
1705,ThermoMPNN,4XV2,1.0816835165023804,87,S,G,F:\GENESIS Studio\genesis-studio\packages\engines-py\.pdb_cache\4XV2,A
1706,ThermoMPNN,4XV2,1.8804168701171875,87,S,H,F:\GENESIS Studio\genesis-studio\packages\engines-py\.pdb_cache\4XV2,A
1707,ThermoMPNN,4XV2,2.0362510681152344,87,S,I,F:\GENESIS Studio\genesis-studio\packages\engines-py\.pdb_cache\4XV2,A
1708,ThermoMPNN,4XV2,2.0670828819274902,87,S,K,F:\GENESIS Studio\genesis-studio\packages\engines-py\.pdb_cache\4XV2,A
1709,ThermoMPNN,4XV2,2.092362403869629,87,S,L,F:\GENESIS Studio\genesis-studio\packages\engines-py\.pdb_cache\4XV2,A
1710,ThermoMPNN,4XV2,1.7876373529434204,87,S,M,F:\GENESIS Studio\genesis-studio\packages\engines-py\.pdb_cache\4XV2,A
1711,ThermoMPNN,4XV2,0.900244951248169,87,S,N,F:\GENESIS Studio\genesis-studio\packages\engines-py\.pdb_cache\4XV2,A
1712,ThermoMPNN,4XV2,1.554692268371582,87,S,P,F:\GENESIS Studio\genesis-studio\packages\engines-py\.pdb_cache\4XV2,A
1713,ThermoMPNN,4XV2,1.9563148021697998,87,S,Q,F:\GENESIS Studio\genesis-studio\packages\engines-py\.pdb_cache\4XV2,A
1714,ThermoMPNN,4XV2,1.9293352365493774,87,S,R,F:\GENESIS Studio\genesis-studio\packages\engines-py\.pdb_cache\4XV2,A
1715,ThermoMPNN,4XV2,0.0,87,S,S,F:\GENESIS Studio\genesis-studio\packages\engines-py\.pdb_cache\4XV2,A
1716,ThermoMPNN,4XV2,0.48103976249694824,87,S,T,F:\GENESIS Studio\genesis-studio\packages\engines-py\.pdb_cache\4XV2,A
1717,ThermoMPNN,4XV2,2.077284097671509,87,S,V,F:\GENESIS Studio\genesis-studio\packages\engines-py\.pdb_cache\4XV2,A
1718,ThermoMPNN,4XV2,1.900378704071045,87,S,W,F:\GENESIS Studio\genesis-studio\packages\engines-py\.pdb_cache\4XV2,A
1719,ThermoMPNN,4XV2,2.2147536277770996,87,S,Y,F:\GENESIS Studio\genesis-studio\packages\engines-py\.pdb_cache\4XV2,A
1720,ThermoMPNN,4XV2,2.426180124282837,88,L,A,F:\GENESIS Studio\genesis-studio\packages\engines-py\.pdb_cache\4XV2,A
1721,ThermoMPNN,4XV2,1.6301031112670898,88,L,C,F:\GENESIS Studio\genesis-studio\packages\engines-py\.pdb_cache\4XV2,A
1722,ThermoMPNN,4XV2,3.2602455615997314,88,L,D,F:\GENESIS Studio\genesis-studio\packages\engines-py\.pdb_cache\4XV2,A
1723,ThermoMPNN,4XV2,3.072301149368286,88,L,E,F:\GENESIS Studio\genesis-studio\packages\engines-py\.pdb_cache\4XV2,A
1724,ThermoMPNN,4XV2,1.7286043167114258,88,L,F,F:\GENESIS Studio\genesis-studio\packages\engines-py\.pdb_cache\4XV2,A
1725,ThermoMPNN,4XV2,3.0282440185546875,88,L,G,F:\GENESIS Studio\genesis-studio\packages\engines-py\.pdb_cache\4XV2,A
1726,ThermoMPNN,4XV2,3.189260482788086,88,L,H,F:\GENESIS Studio\genesis-studio\packages\engines-py\.pdb_cache\4XV2,A
1727,ThermoMPNN,4XV2,0.9348545074462891,88,L,I,F:\GENESIS Studio\genesis-studio\packages\engines-py\.pdb_cache\4XV2,A
1728,ThermoMPNN,4XV2,3.037137269973755,88,L,K,F:\GENESIS Studio\genesis-studio\packages\engines-py\.pdb_cache\4XV2,A
1729,ThermoMPNN,4XV2,0.0,88,L,L,F:\GENESIS Studio\genesis-studio\packages\engines-py\.pdb_cache\4XV2,A
1730,ThermoMPNN,4XV2,1.2602297067642212,88,L,M,F:\GENESIS Studio\genesis-studio\packages\engines-py\.pdb_cache\4XV2,A
1731,ThermoMPNN,4XV2,3.2569806575775146,88,L,N,F:\GENESIS Studio\genesis-studio\packages\engines-py\.pdb_cache\4XV2,A
1732,ThermoMPNN,4XV2,3.0625722408294678,88,L,P,F:\GENESIS Studio\genesis-studio\packages\engines-py\.pdb_cache\4XV2,A
1733,ThermoMPNN,4XV2,3.147665500640869,88,L,Q,F:\GENESIS Studio\genesis-studio\packages\engines-py\.pdb_cache\4XV2,A
1734,ThermoMPNN,4XV2,3.0967230796813965,88,L,R,F:\GENESIS Studio\genesis-studio\packages\engines-py\.pdb_cache\4XV2,A
1735,ThermoMPNN,4XV2,3.0450754165649414,88,L,S,F:\GENESIS Studio\genesis-studio\packages\engines-py\.pdb_cache\4XV2,A
1736,ThermoMPNN,4XV2,2.853203773498535,88,L,T,F:\GENESIS Studio\genesis-studio\packages\engines-py\.pdb_cache\4XV2,A
1737,ThermoMPNN,4XV2,1.4349879026412964,88,L,V,F:\GENESIS Studio\genesis-studio\packages\engines-py\.pdb_cache\4XV2,A
1738,ThermoMPNN,4XV2,2.378429889678955,88,L,W,F:\GENESIS Studio\genesis-studio\packages\engines-py\.pdb_cache\4XV2,A
1739,ThermoMPNN,4XV2,2.417785882949829,88,L,Y,F:\GENESIS Studio\genesis-studio\packages\engines-py\.pdb_cache\4XV2,A
1740,ThermoMPNN,4XV2,1.1843898296356201,89,Y,A,F:\GENESIS Studio\genesis-studio\packages\engines-py\.pdb_cache\4XV2,A
1741,ThermoMPNN,4XV2,1.0059685707092285,89,Y,C,F:\GENESIS Studio\genesis-studio\packages\engines-py\.pdb_cache\4XV2,A
1742,ThermoMPNN,4XV2,2.3052122592926025,89,Y,D,F:\GENESIS Studio\genesis-studio\packages\engines-py\.pdb_cache\4XV2,A
1743,ThermoMPNN,4XV2,1.756735920906067,89,Y,E,F:\GENESIS Studio\genesis-studio\packages\engines-py\.pdb_cache\4XV2,A
1744,ThermoMPNN,4XV2,0.4185917377471924,89,Y,F,F:\GENESIS Studio\genesis-studio\packages\engines-py\.pdb_cache\4XV2,A
1745,ThermoMPNN,4XV2,1.6031663417816162,89,Y,G,F:\GENESIS Studio\genesis-studio\packages\engines-py\.pdb_cache\4XV2,A
1746,ThermoMPNN,4XV2,1.0387170314788818,89,Y,H,F:\GENESIS Studio\genesis-studio\packages\engines-py\.pdb_cache\4XV2,A
1747,ThermoMPNN,4XV2,1.7356752157211304,89,Y,I,F:\GENESIS Studio\genesis-studio\packages\engines-py\.pdb_cache\4XV2,A
1748,ThermoMPNN,4XV2,1.4923036098480225,89,Y,K,F:\GENESIS Studio\genesis-studio\packages\engines-py\.pdb_cache\4XV2,A
1749,ThermoMPNN,4XV2,1.2747180461883545,89,Y,L,F:\GENESIS Studio\genesis-studio\packages\engines-py\.pdb_cache\4XV2,A
1750,ThermoMPNN,4XV2,1.102940559387207,89,Y,M,F:\GENESIS Studio\genesis-studio\packages\engines-py\.pdb_cache\4XV2,A
1751,ThermoMPNN,4XV2,1.9607303142547607,89,Y,N,F:\GENESIS Studio\genesis-studio\packages\engines-py\.pdb_cache\4XV2,A
1752,ThermoMPNN,4XV2,2.968740463256836,89,Y,P,F:\GENESIS Studio\genesis-studio\packages\engines-py\.pdb_cache\4XV2,A
1753,ThermoMPNN,4XV2,1.5168426036834717,89,Y,Q,F:\GENESIS Studio\genesis-studio\packages\engines-py\.pdb_cache\4XV2,A
1754,ThermoMPNN,4XV2,1.069554328918457,89,Y,R,F:\GENESIS Studio\genesis-studio\packages\engines-py\.pdb_cache\4XV2,A
1755,ThermoMPNN,4XV2,1.831799030303955,89,Y,S,F:\GENESIS Studio\genesis-studio\packages\engines-py\.pdb_cache\4XV2,A
1756,ThermoMPNN,4XV2,2.163968086242676,89,Y,T,F:\GENESIS Studio\genesis-studio\packages\engines-py\.pdb_cache\4XV2,A
1757,ThermoMPNN,4XV2,1.794126272201538,89,Y,V,F:\GENESIS Studio\genesis-studio\packages\engines-py\.pdb_cache\4XV2,A
1758,ThermoMPNN,4XV2,0.6975834369659424,89,Y,W,F:\GENESIS Studio\genesis-studio\packages\engines-py\.pdb_cache\4XV2,A
1759,ThermoMPNN,4XV2,0.0,89,Y,Y,F:\GENESIS Studio\genesis-studio\packages\engines-py\.pdb_cache\4XV2,A
1760,ThermoMPNN,4XV2,0.593842625617981,90,H,A,F:\GENESIS Studio\genesis-studio\packages\engines-py\.pdb_cache\4XV2,A
1761,ThermoMPNN,4XV2,-0.042661190032958984,90,H,C,F:\GENESIS Studio\genesis-studio\packages\engines-py\.pdb_cache\4XV2,A
1762,ThermoMPNN,4XV2,0.31478261947631836,90,H,D,F:\GENESIS Studio\genesis-studio\packages\engines-py\.pdb_cache\4XV2,A
1763,ThermoMPNN,4XV2,0.26639699935913086,90,H,E,F:\GENESIS Studio\genesis-studio\packages\engines-py\.pdb_cache\4XV2,A
1764,ThermoMPNN,4XV2,0.23922014236450195,90,H,F,F:\GENESIS Studio\genesis-studio\packages\engines-py\.pdb_cache\4XV2,A
1765,ThermoMPNN,4XV2,1.4034345149993896,90,H,G,F:\GENESIS Studio\genesis-studio\packages\engines-py\.pdb_cache\4XV2,A
1766,ThermoMPNN,4XV2,0.0,90,H,H,F:\GENESIS Studio\genesis-studio\packages\engines-py\.pdb_cache\4XV2,A
1767,ThermoMPNN,4XV2,0.43039417266845703,90,H,I,F:\GENESIS Studio\genesis-studio\packages\engines-py\.pdb_cache\4XV2,A
1768,ThermoMPNN,4XV2,0.6677749156951904,90,H,K,F:\GENESIS Studio\genesis-studio\packages\engines-py\.pdb_cache\4XV2,A
1769,ThermoMPNN,4XV2,0.4551711082458496,90,H,L,F:\GENESIS Studio\genesis-studio\packages\engines-py\.pdb_cache\4XV2,A
1770,ThermoMPNN,4XV2,0.45698046684265137,90,H,M,F:\GENESIS Studio\genesis-studio\packages\engines-py\.pdb_cache\4XV2,A
1771,ThermoMPNN,4XV2,0.3396647572517395,90,H,N,F:\GENESIS Studio\genesis-studio\packages\engines-py\.pdb_cache\4XV2,A
1772,ThermoMPNN,4XV2,3.5263519287109375,90,H,P,F:\GENESIS Studio\genesis-studio\packages\engines-py\.pdb_cache\4XV2,A
1773,ThermoMPNN,4XV2,0.30941200256347656,90,H,Q,F:\GENESIS Studio\genesis-studio\packages\engines-py\.pdb_cache\4XV2,A
1774,ThermoMPNN,4XV2,0.5212467908859253,90,H,R,F:\GENESIS Studio\genesis-studio\packages\engines-py\.pdb_cache\4XV2,A
1775,ThermoMPNN,4XV2,0.6549804210662842,90,H,S,F:\GENESIS Studio\genesis-studio\packages\engines-py\.pdb_cache\4XV2,A
1776,ThermoMPNN,4XV2,0.5726134777069092,90,H,T,F:\GENESIS Studio\genesis-studio\packages\engines-py\.pdb_cache\4XV2,A
1777,ThermoMPNN,4XV2,0.3597228527069092,90,H,V,F:\GENESIS Studio\genesis-studio\packages\engines-py\.pdb_cache\4XV2,A
1778,ThermoMPNN,4XV2,0.2720986604690552,90,H,W,F:\GENESIS Studio\genesis-studio\packages\engines-py\.pdb_cache\4XV2,A
1779,ThermoMPNN,4XV2,0.0905691385269165,90,H,Y,F:\GENESIS Studio\genesis-studio\packages\engines-py\.pdb_cache\4XV2,A
1780,ThermoMPNN,4XV2,0.9689054489135742,91,H,A,F:\GENESIS Studio\genesis-studio\packages\engines-py\.pdb_cache\4XV2,A
1781,ThermoMPNN,4XV2,0.9454376697540283,91,H,C,F:\GENESIS Studio\genesis-studio\packages\engines-py\.pdb_cache\4XV2,A
1782,ThermoMPNN,4XV2,2.235788583755493,91,H,D,F:\GENESIS Studio\genesis-studio\packages\engines-py\.pdb_cache\4XV2,A
1783,ThermoMPNN,4XV2,1.475856900215149,91,H,E,F:\GENESIS Studio\genesis-studio\packages\engines-py\.pdb_cache\4XV2,A
1784,ThermoMPNN,4XV2,0.8243598937988281,91,H,F,F:\GENESIS Studio\genesis-studio\packages\engines-py\.pdb_cache\4XV2,A
1785,ThermoMPNN,4XV2,2.2611029148101807,91,H,G,F:\GENESIS Studio\genesis-studio\packages\engines-py\.pdb_cache\4XV2,A
1786,ThermoMPNN,4XV2,0.0,91,H,H,F:\GENESIS Studio\genesis-studio\packages\engines-py\.pdb_cache\4XV2,A
1787,ThermoMPNN,4XV2,1.2796989679336548,91,H,I,F:\GENESIS Studio\genesis-studio\packages\engines-py\.pdb_cache\4XV2,A
1788,ThermoMPNN,4XV2,1.1195201873779297,91,H,K,F:\GENESIS Studio\genesis-studio\packages\engines-py\.pdb_cache\4XV2,A
1789,ThermoMPNN,4XV2,0.931225597858429,91,H,L,F:\GENESIS Studio\genesis-studio\packages\engines-py\.pdb_cache\4XV2,A
1790,ThermoMPNN,4XV2,0.72914719581604,91,H,M,F:\GENESIS Studio\genesis-studio\packages\engines-py\.pdb_cache\4XV2,A
1791,ThermoMPNN,4XV2,1.434661865234375,91,H,N,F:\GENESIS Studio\genesis-studio\packages\engines-py\.pdb_cache\4XV2,A
1792,ThermoMPNN,4XV2,2.3460099697113037,91,H,P,F:\GENESIS Studio\genesis-studio\packages\engines-py\.pdb_cache\4XV2,A
1793,ThermoMPNN,4XV2,0.8452116250991821,91,H,Q,F:\GENESIS Studio\genesis-studio\packages\engines-py\.pdb_cache\4XV2,A
1794,ThermoMPNN,4XV2,0.9256822466850281,91,H,R,F:\GENESIS Studio\genesis-studio\packages\engines-py\.pdb_cache\4XV2,A
1795,ThermoMPNN,4XV2,1.545433759689331,91,H,S,F:\GENESIS Studio\genesis-studio\packages\engines-py\.pdb_cache\4XV2,A
1796,ThermoMPNN,4XV2,2.204375743865967,91,H,T,F:\GENESIS Studio\genesis-studio\packages\engines-py\.pdb_cache\4XV2,A
1797,ThermoMPNN,4XV2,1.5061817169189453,91,H,V,F:\GENESIS Studio\genesis-studio\packages\engines-py\.pdb_cache\4XV2,A
1798,ThermoMPNN,4XV2,0.8771979212760925,91,H,W,F:\GENESIS Studio\genesis-studio\packages\engines-py\.pdb_cache\4XV2,A
1799,ThermoMPNN,4XV2,0.08566248416900635,91,H,Y,F:\GENESIS Studio\genesis-studio\packages\engines-py\.pdb_cache\4XV2,A
1800,ThermoMPNN,4XV2,2.4969284534454346,92,L,A,F:\GENESIS Studio\genesis-studio\packages\engines-py\.pdb_cache\4XV2,A
1801,ThermoMPNN,4XV2,1.4044402837753296,92,L,C,F:\GENESIS Studio\genesis-studio\packages\engines-py\.pdb_cache\4XV2,A
1802,ThermoMPNN,4XV2,3.619990825653076,92,L,D,F:\GENESIS Studio\genesis-studio\packages\engines-py\.pdb_cache\4XV2,A
1803,ThermoMPNN,4XV2,3.424604892730713,92,L,E,F:\GENESIS Studio\genesis-studio\packages\engines-py\.pdb_cache\4XV2,A
1804,ThermoMPNN,4XV2,2.0222911834716797,92,L,F,F:\GENESIS Studio\genesis-studio\packages\engines-py\.pdb_cache\4XV2,A
1805,ThermoMPNN,4XV2,3.1169426441192627,92,L,G,F:\GENESIS Studio\genesis-studio\packages\engines-py\.pdb_cache\4XV2,A
1806,ThermoMPNN,4XV2,3.160653829574585,92,L,H,F:\GENESIS Studio\genesis-studio\packages\engines-py\.pdb_cache\4XV2,A
1807,ThermoMPNN,4XV2,0.3251662254333496,92,L,I,F:\GENESIS Studio\genesis-studio\packages\engines-py\.pdb_cache\4XV2,A
1808,ThermoMPNN,4XV2,2.844862937927246,92,L,K,F:\GENESIS Studio\genesis-studio\packages\engines-py\.pdb_cache\4XV2,A
1809,ThermoMPNN,4XV2,0.0,92,L,L,F:\GENESIS Studio\genesis-studio\packages\engines-py\.pdb_cache\4XV2,A
1810,ThermoMPNN,4XV2,1.1022493839263916,92,L,M,F:\GENESIS Studio\genesis-studio\packages\engines-py\.pdb_cache\4XV2,A
1811,ThermoMPNN,4XV2,3.1150641441345215,92,L,N,F:\GENESIS Studio\genesis-studio\packages\engines-py\.pdb_cache\4XV2,A
1812,ThermoMPNN,4XV2,3.644078493118286,92,L,P,F:\GENESIS Studio\genesis-studio\packages\engines-py\.pdb_cache\4XV2,A
1813,ThermoMPNN,4XV2,3.046003580093384,92,L,Q,F:\GENESIS Studio\genesis-studio\packages\engines-py\.pdb_cache\4XV2,A
1814,ThermoMPNN,4XV2,2.7890052795410156,92,L,R,F:\GENESIS Studio\genesis-studio\packages\engines-py\.pdb_cache\4XV2,A
1815,ThermoMPNN,4XV2,2.872072458267212,92,L,S,F:\GENESIS Studio\genesis-studio\packages\engines-py\.pdb_cache\4XV2,A
1816,ThermoMPNN,4XV2,2.3534021377563477,92,L,T,F:\GENESIS Studio\genesis-studio\packages\engines-py\.pdb_cache\4XV2,A
1817,ThermoMPNN,4XV2,0.6566526889801025,92,L,V,F:\GENESIS Studio\genesis-studio\packages\engines-py\.pdb_cache\4XV2,A
1818,ThermoMPNN,4XV2,2.395576238632202,92,L,W,F:\GENESIS Studio\genesis-studio\packages\engines-py\.pdb_cache\4XV2,A
1819,ThermoMPNN,4XV2,2.4463729858398438,92,L,Y,F:\GENESIS Studio\genesis-studio\packages\engines-py\.pdb_cache\4XV2,A
1820,ThermoMPNN,4XV2,-0.023595690727233887,93,H,A,F:\GENESIS Studio\genesis-studio\packages\engines-py\.pdb_cache\4XV2,A
1821,ThermoMPNN,4XV2,-0.19421100616455078,93,H,C,F:\GENESIS Studio\genesis-studio\packages\engines-py\.pdb_cache\4XV2,A
1822,ThermoMPNN,4XV2,1.2707529067993164,93,H,D,F:\GENESIS Studio\genesis-studio\packages\engines-py\.pdb_cache\4XV2,A
1823,ThermoMPNN,4XV2,1.2065849304199219,93,H,E,F:\GENESIS Studio\genesis-studio\packages\engines-py\.pdb_cache\4XV2,A
1824,ThermoMPNN,4XV2,0.30272799730300903,93,H,F,F:\GENESIS Studio\genesis-studio\packages\engines-py\.pdb_cache\4XV2,A
1825,ThermoMPNN,4XV2,0.5418559908866882,93,H,G,F:\GENESIS Studio\genesis-studio\packages\engines-py\.pdb_cache\4XV2,A
1826,ThermoMPNN,4XV2,0.0,93,H,H,F:\GENESIS Studio\genesis-studio\packages\engines-py\.pdb_cache\4XV2,A
1827,ThermoMPNN,4XV2,0.12648224830627441,93,H,I,F:\GENESIS Studio\genesis-studio\packages\engines-py\.pdb_cache\4XV2,A
1828,ThermoMPNN,4XV2,0.06407445669174194,93,H,K,F:\GENESIS Studio\genesis-studio\packages\engines-py\.pdb_cache\4XV2,A
1829,ThermoMPNN,4XV2,0.20093244314193726,93,H,L,F:\GENESIS Studio\genesis-studio\packages\engines-py\.pdb_cache\4XV2,A
1830,ThermoMPNN,4XV2,0.1470940113067627,93,H,M,F:\GENESIS Studio\genesis-studio\packages\engines-py\.pdb_cache\4XV2,A
1831,ThermoMPNN,4XV2,0.39757299423217773,93,H,N,F:\GENESIS Studio\genesis-studio\packages\engines-py\.pdb_cache\4XV2,A
1832,ThermoMPNN,4XV2,0.7582489252090454,93,H,P,F:\GENESIS Studio\genesis-studio\packages\engines-py\.pdb_cache\4XV2,A
1833,ThermoMPNN,4XV2,0.43881773948669434,93,H,Q,F:\GENESIS Studio\genesis-studio\packages\engines-py\.pdb_cache\4XV2,A
1834,ThermoMPNN,4XV2,-0.08255374431610107,93,H,R,F:\GENESIS Studio\genesis-studio\packages\engines-py\.pdb_cache\4XV2,A
1835,ThermoMPNN,4XV2,0.0005685091018676758,93,H,S,F:\GENESIS Studio\genesis-studio\packages\engines-py\.pdb_cache\4XV2,A
1836,ThermoMPNN,4XV2,0.011907696723937988,93,H,T,F:\GENESIS Studio\genesis-studio\packages\engines-py\.pdb_cache\4XV2,A
1837,ThermoMPNN,4XV2,0.07656997442245483,93,H,V,F:\GENESIS Studio\genesis-studio\packages\engines-py\.pdb_cache\4XV2,A
1838,ThermoMPNN,4XV2,0.5738153457641602,93,H,W,F:\GENESIS Studio\genesis-studio\packages\engines-py\.pdb_cache\4XV2,A
1839,ThermoMPNN,4XV2,0.19641679525375366,93,H,Y,F:\GENESIS Studio\genesis-studio\packages\engines-py\.pdb_cache\4XV2,A
1840,ThermoMPNN,4XV2,0.0,94,A,A,F:\GENESIS Studio\genesis-studio\packages\engines-py\.pdb_cache\4XV2,A
1841,ThermoMPNN,4XV2,-0.6225254535675049,94,A,C,F:\GENESIS Studio\genesis-studio\packages\engines-py\.pdb_cache\4XV2,A
1842,ThermoMPNN,4XV2,-0.41414105892181396,94,A,D,F:\GENESIS Studio\genesis-studio\packages\engines-py\.pdb_cache\4XV2,A
1843,ThermoMPNN,4XV2,-0.284842312335968,94,A,E,F:\GENESIS Studio\genesis-studio\packages\engines-py\.pdb_cache\4XV2,A
1844,ThermoMPNN,4XV2,-0.2802494764328003,94,A,F,F:\GENESIS Studio\genesis-studio\packages\engines-py\.pdb_cache\4XV2,A
1845,ThermoMPNN,4XV2,0.43953728675842285,94,A,G,F:\GENESIS Studio\genesis-studio\packages\engines-py\.pdb_cache\4XV2,A
1846,ThermoMPNN,4XV2,-0.4884535074234009,94,A,H,F:\GENESIS Studio\genesis-studio\packages\engines-py\.pdb_cache\4XV2,A
1847,ThermoMPNN,4XV2,-0.5752367973327637,94,A,I,F:\GENESIS Studio\genesis-studio\packages\engines-py\.pdb_cache\4XV2,A
1848,ThermoMPNN,4XV2,-0.3018338680267334,94,A,K,F:\GENESIS Studio\genesis-studio\packages\engines-py\.pdb_cache\4XV2,A
1849,ThermoMPNN,4XV2,-0.27905189990997314,94,A,L,F:\GENESIS Studio\genesis-studio\packages\engines-py\.pdb_cache\4XV2,A
1850,ThermoMPNN,4XV2,-0.18848258256912231,94,A,M,F:\GENESIS Studio\genesis-studio\packages\engines-py\.pdb_cache\4XV2,A
1851,ThermoMPNN,4XV2,-0.5530824661254883,94,A,N,F:\GENESIS Studio\genesis-studio\packages\engines-py\.pdb_cache\4XV2,A
1852,ThermoMPNN,4XV2,1.5498454570770264,94,A,P,F:\GENESIS Studio\genesis-studio\packages\engines-py\.pdb_cache\4XV2,A
1853,ThermoMPNN,4XV2,-0.24297285079956055,94,A,Q,F:\GENESIS Studio\genesis-studio\packages\engines-py\.pdb_cache\4XV2,A
1854,ThermoMPNN,4XV2,-0.36911243200302124,94,A,R,F:\GENESIS Studio\genesis-studio\packages\engines-py\.pdb_cache\4XV2,A
1855,ThermoMPNN,4XV2,-0.25588178634643555,94,A,S,F:\GENESIS Studio\genesis-studio\packages\engines-py\.pdb_cache\4XV2,A
1856,ThermoMPNN,4XV2,-0.29132115840911865,94,A,T,F:\GENESIS Studio\genesis-studio\packages\engines-py\.pdb_cache\4XV2,A
1857,ThermoMPNN,4XV2,-0.527706503868103,94,A,V,F:\GENESIS Studio\genesis-studio\packages\engines-py\.pdb_cache\4XV2,A
1858,ThermoMPNN,4XV2,0.1321389079093933,94,A,W,F:\GENESIS Studio\genesis-studio\packages\engines-py\.pdb_cache\4XV2,A
1859,ThermoMPNN,4XV2,-0.14222073554992676,94,A,Y,F:\GENESIS Studio\genesis-studio\packages\engines-py\.pdb_cache\4XV2,A
1860,ThermoMPNN,4XV2,-0.2025795578956604,95,S,A,F:\GENESIS Studio\genesis-studio\packages\engines-py\.pdb_cache\4XV2,A
1861,ThermoMPNN,4XV2,-0.05834323167800903,95,S,C,F:\GENESIS Studio\genesis-studio\packages\engines-py\.pdb_cache\4XV2,A
1862,ThermoMPNN,4XV2,0.24929410219192505,95,S,D,F:\GENESIS Studio\genesis-studio\packages\engines-py\.pdb_cache\4XV2,A
1863,ThermoMPNN,4XV2,0.07760500907897949,95,S,E,F:\GENESIS Studio\genesis-studio\packages\engines-py\.pdb_cache\4XV2,A
1864,ThermoMPNN,4XV2,0.5316712856292725,95,S,F,F:\GENESIS Studio\genesis-studio\packages\engines-py\.pdb_cache\4XV2,A
1865,ThermoMPNN,4XV2,0.6421993970870972,95,S,G,F:\GENESIS Studio\genesis-studio\packages\engines-py\.pdb_cache\4XV2,A
1866,ThermoMPNN,4XV2,0.10759055614471436,95,S,H,F:\GENESIS Studio\genesis-studio\packages\engines-py\.pdb_cache\4XV2,A
1867,ThermoMPNN,4XV2,0.47837144136428833,95,S,I,F:\GENESIS Studio\genesis-studio\packages\engines-py\.pdb_cache\4XV2,A
1868,ThermoMPNN,4XV2,0.11116153001785278,95,S,K,F:\GENESIS Studio\genesis-studio\packages\engines-py\.pdb_cache\4XV2,A
1869,ThermoMPNN,4XV2,0.18007439374923706,95,S,L,F:\GENESIS Studio\genesis-studio\packages\engines-py\.pdb_cache\4XV2,A
1870,ThermoMPNN,4XV2,0.18449360132217407,95,S,M,F:\GENESIS Studio\genesis-studio\packages\engines-py\.pdb_cache\4XV2,A
1871,ThermoMPNN,4XV2,-0.13861972093582153,95,S,N,F:\GENESIS Studio\genesis-studio\packages\engines-py\.pdb_cache\4XV2,A
1872,ThermoMPNN,4XV2,2.270158529281616,95,S,P,F:\GENESIS Studio\genesis-studio\packages\engines-py\.pdb_cache\4XV2,A
1873,ThermoMPNN,4XV2,0.13402950763702393,95,S,Q,F:\GENESIS Studio\genesis-studio\packages\engines-py\.pdb_cache\4XV2,A
1874,ThermoMPNN,4XV2,-0.015893399715423584,95,S,R,F:\GENESIS Studio\genesis-studio\packages\engines-py\.pdb_cache\4XV2,A
1875,ThermoMPNN,4XV2,0.0,95,S,S,F:\GENESIS Studio\genesis-studio\packages\engines-py\.pdb_cache\4XV2,A
1876,ThermoMPNN,4XV2,0.44824469089508057,95,S,T,F:\GENESIS Studio\genesis-studio\packages\engines-py\.pdb_cache\4XV2,A
1877,ThermoMPNN,4XV2,0.6526963710784912,95,S,V,F:\GENESIS Studio\genesis-studio\packages\engines-py\.pdb_cache\4XV2,A
1878,ThermoMPNN,4XV2,0.5971006155014038,95,S,W,F:\GENESIS Studio\genesis-studio\packages\engines-py\.pdb_cache\4XV2,A
1879,ThermoMPNN,4XV2,0.4642214775085449,95,S,Y,F:\GENESIS Studio\genesis-studio\packages\engines-py\.pdb_cache\4XV2,A
1880,ThermoMPNN,4XV2,-0.3191753625869751,96,E,A,F:\GENESIS Studio\genesis-studio\packages\engines-py\.pdb_cache\4XV2,A
1881,ThermoMPNN,4XV2,-0.858294665813446,96,E,C,F:\GENESIS Studio\genesis-studio\packages\engines-py\.pdb_cache\4XV2,A
1882,ThermoMPNN,4XV2,0.17742866277694702,96,E,D,F:\GENESIS Studio\genesis-studio\packages\engines-py\.pdb_cache\4XV2,A
1883,ThermoMPNN,4XV2,0.0,96,E,E,F:\GENESIS Studio\genesis-studio\packages\engines-py\.pdb_cache\4XV2,A
1884,ThermoMPNN,4XV2,-0.4207518696784973,96,E,F,F:\GENESIS Studio\genesis-studio\packages\engines-py\.pdb_cache\4XV2,A
1885,ThermoMPNN,4XV2,-0.8568950295448303,96,E,G,F:\GENESIS Studio\genesis-studio\packages\engines-py\.pdb_cache\4XV2,A
1886,ThermoMPNN,4XV2,-0.7544052004814148,96,E,H,F:\GENESIS Studio\genesis-studio\packages\engines-py\.pdb_cache\4XV2,A
1887,ThermoMPNN,4XV2,0.3343070149421692,96,E,I,F:\GENESIS Studio\genesis-studio\packages\engines-py\.pdb_cache\4XV2,A
1888,ThermoMPNN,4XV2,-0.7509371638298035,96,E,K,F:\GENESIS Studio\genesis-studio\packages\engines-py\.pdb_cache\4XV2,A
1889,ThermoMPNN,4XV2,-0.38535308837890625,96,E,L,F:\GENESIS Studio\genesis-studio\packages\engines-py\.pdb_cache\4XV2,A
1890,ThermoMPNN,4XV2,-0.4609795808792114,96,E,M,F:\GENESIS Studio\genesis-studio\packages\engines-py\.pdb_cache\4XV2,A
1891,ThermoMPNN,4XV2,-0.7642689347267151,96,E,N,F:\GENESIS Studio\genesis-studio\packages\engines-py\.pdb_cache\4XV2,A
1892,ThermoMPNN,4XV2,0.970212459564209,96,E,P,F:\GENESIS Studio\genesis-studio\packages\engines-py\.pdb_cache\4XV2,A
1893,ThermoMPNN,4XV2,-0.6460263133049011,96,E,Q,F:\GENESIS Studio\genesis-studio\packages\engines-py\.pdb_cache\4XV2,A
1894,ThermoMPNN,4XV2,-0.5412914752960205,96,E,R,F:\GENESIS Studio\genesis-studio\packages\engines-py\.pdb_cache\4XV2,A
1895,ThermoMPNN,4XV2,-0.2000296711921692,96,E,S,F:\GENESIS Studio\genesis-studio\packages\engines-py\.pdb_cache\4XV2,A
1896,ThermoMPNN,4XV2,0.3031105399131775,96,E,T,F:\GENESIS Studio\genesis-studio\packages\engines-py\.pdb_cache\4XV2,A
1897,ThermoMPNN,4XV2,0.2869482636451721,96,E,V,F:\GENESIS Studio\genesis-studio\packages\engines-py\.pdb_cache\4XV2,A
1898,ThermoMPNN,4XV2,-0.09411612153053284,96,E,W,F:\GENESIS Studio\genesis-studio\packages\engines-py\.pdb_cache\4XV2,A
1899,ThermoMPNN,4XV2,-0.20165246725082397,96,E,Y,F:\GENESIS Studio\genesis-studio\packages\engines-py\.pdb_cache\4XV2,A
1900,ThermoMPNN,4XV2,0.4433930516242981,97,T,A,F:\GENESIS Studio\genesis-studio\packages\engines-py\.pdb_cache\4XV2,A
1901,ThermoMPNN,4XV2,0.06288540363311768,97,T,C,F:\GENESIS Studio\genesis-studio\packages\engines-py\.pdb_cache\4XV2,A
1902,ThermoMPNN,4XV2,0.7866755723953247,97,T,D,F:\GENESIS Studio\genesis-studio\packages\engines-py\.pdb_cache\4XV2,A
1903,ThermoMPNN,4XV2,0.545806348323822,97,T,E,F:\GENESIS Studio\genesis-studio\packages\engines-py\.pdb_cache\4XV2,A
1904,ThermoMPNN,4XV2,0.1351662278175354,97,T,F,F:\GENESIS Studio\genesis-studio\packages\engines-py\.pdb_cache\4XV2,A
1905,ThermoMPNN,4XV2,0.9191485643386841,97,T,G,F:\GENESIS Studio\genesis-studio\packages\engines-py\.pdb_cache\4XV2,A
1906,ThermoMPNN,4XV2,0.21718889474868774,97,T,H,F:\GENESIS Studio\genesis-studio\packages\engines-py\.pdb_cache\4XV2,A
1907,ThermoMPNN,4XV2,0.03419208526611328,97,T,I,F:\GENESIS Studio\genesis-studio\packages\engines-py\.pdb_cache\4XV2,A
1908,ThermoMPNN,4XV2,0.12339186668395996,97,T,K,F:\GENESIS Studio\genesis-studio\packages\engines-py\.pdb_cache\4XV2,A
1909,ThermoMPNN,4XV2,0.3028774857521057,97,T,L,F:\GENESIS Studio\genesis-studio\packages\engines-py\.pdb_cache\4XV2,A
1910,ThermoMPNN,4XV2,0.3959975242614746,97,T,M,F:\GENESIS Studio\genesis-studio\packages\engines-py\.pdb_cache\4XV2,A
1911,ThermoMPNN,4XV2,0.3803752660751343,97,T,N,F:\GENESIS Studio\genesis-studio\packages\engines-py\.pdb_cache\4XV2,A
1912,ThermoMPNN,4XV2,1.614809274673462,97,T,P,F:\GENESIS Studio\genesis-studio\packages\engines-py\.pdb_cache\4XV2,A
1913,ThermoMPNN,4XV2,0.38782036304473877,97,T,Q,F:\GENESIS Studio\genesis-studio\packages\engines-py\.pdb_cache\4XV2,A
1914,ThermoMPNN,4XV2,0.034945130348205566,97,T,R,F:\GENESIS Studio\genesis-studio\packages\engines-py\.pdb_cache\4XV2,A
1915,ThermoMPNN,4XV2,0.27909553050994873,97,T,S,F:\GENESIS Studio\genesis-studio\packages\engines-py\.pdb_cache\4XV2,A
1916,ThermoMPNN,4XV2,0.0,97,T,T,F:\GENESIS Studio\genesis-studio\packages\engines-py\.pdb_cache\4XV2,A
1917,ThermoMPNN,4XV2,-0.07586681842803955,97,T,V,F:\GENESIS Studio\genesis-studio\packages\engines-py\.pdb_cache\4XV2,A
1918,ThermoMPNN,4XV2,0.2588363289833069,97,T,W,F:\GENESIS Studio\genesis-studio\packages\engines-py\.pdb_cache\4XV2,A
1919,ThermoMPNN,4XV2,0.050155043601989746,97,T,Y,F:\GENESIS Studio\genesis-studio\packages\engines-py\.pdb_cache\4XV2,A
1920,ThermoMPNN,4XV2,0.32862555980682373,98,K,A,F:\GENESIS Studio\genesis-studio\packages\engines-py\.pdb_cache\4XV2,A
1921,ThermoMPNN,4XV2,0.18228161334991455,98,K,C,F:\GENESIS Studio\genesis-studio\packages\engines-py\.pdb_cache\4XV2,A
1922,ThermoMPNN,4XV2,0.49905264377593994,98,K,D,F:\GENESIS Studio\genesis-studio\packages\engines-py\.pdb_cache\4XV2,A
1923,ThermoMPNN,4XV2,0.3957623243331909,98,K,E,F:\GENESIS Studio\genesis-studio\packages\engines-py\.pdb_cache\4XV2,A
1924,ThermoMPNN,4XV2,0.4653797149658203,98,K,F,F:\GENESIS Studio\genesis-studio\packages\engines-py\.pdb_cache\4XV2,A
1925,ThermoMPNN,4XV2,0.6942520141601562,98,K,G,F:\GENESIS Studio\genesis-studio\packages\engines-py\.pdb_cache\4XV2,A
1926,ThermoMPNN,4XV2,0.26285797357559204,98,K,H,F:\GENESIS Studio\genesis-studio\packages\engines-py\.pdb_cache\4XV2,A
1927,ThermoMPNN,4XV2,0.1686440110206604,98,K,I,F:\GENESIS Studio\genesis-studio\packages\engines-py\.pdb_cache\4XV2,A
1928,ThermoMPNN,4XV2,0.0,98,K,K,F:\GENESIS Studio\genesis-studio\packages\engines-py\.pdb_cache\4XV2,A
1929,ThermoMPNN,4XV2,0.32399195432662964,98,K,L,F:\GENESIS Studio\genesis-studio\packages\engines-py\.pdb_cache\4XV2,A
1930,ThermoMPNN,4XV2,0.4452136158943176,98,K,M,F:\GENESIS Studio\genesis-studio\packages\engines-py\.pdb_cache\4XV2,A
1931,ThermoMPNN,4XV2,0.3298322558403015,98,K,N,F:\GENESIS Studio\genesis-studio\packages\engines-py\.pdb_cache\4XV2,A
1932,ThermoMPNN,4XV2,0.5876771211624146,98,K,P,F:\GENESIS Studio\genesis-studio\packages\engines-py\.pdb_cache\4XV2,A
1933,ThermoMPNN,4XV2,0.22278940677642822,98,K,Q,F:\GENESIS Studio\genesis-studio\packages\engines-py\.pdb_cache\4XV2,A
1934,ThermoMPNN,4XV2,0.06354737281799316,98,K,R,F:\GENESIS Studio\genesis-studio\packages\engines-py\.pdb_cache\4XV2,A
1935,ThermoMPNN,4XV2,0.21802443265914917,98,K,S,F:\GENESIS Studio\genesis-studio\packages\engines-py\.pdb_cache\4XV2,A
1936,ThermoMPNN,4XV2,0.28112685680389404,98,K,T,F:\GENESIS Studio\genesis-studio\packages\engines-py\.pdb_cache\4XV2,A
1937,ThermoMPNN,4XV2,0.2361438274383545,98,K,V,F:\GENESIS Studio\genesis-studio\packages\engines-py\.pdb_cache\4XV2,A
1938,ThermoMPNN,4XV2,0.548242449760437,98,K,W,F:\GENESIS Studio\genesis-studio\packages\engines-py\.pdb_cache\4XV2,A
1939,ThermoMPNN,4XV2,0.46225714683532715,98,K,Y,F:\GENESIS Studio\genesis-studio\packages\engines-py\.pdb_cache\4XV2,A
1940,ThermoMPNN,4XV2,1.637521505355835,99,F,A,F:\GENESIS Studio\genesis-studio\packages\engines-py\.pdb_cache\4XV2,A
1941,ThermoMPNN,4XV2,0.9719204306602478,99,F,C,F:\GENESIS Studio\genesis-studio\packages\engines-py\.pdb_cache\4XV2,A
1942,ThermoMPNN,4XV2,2.0679237842559814,99,F,D,F:\GENESIS Studio\genesis-studio\packages\engines-py\.pdb_cache\4XV2,A
1943,ThermoMPNN,4XV2,1.9664183855056763,99,F,E,F:\GENESIS Studio\genesis-studio\packages\engines-py\.pdb_cache\4XV2,A
1944,ThermoMPNN,4XV2,0.0,99,F,F,F:\GENESIS Studio\genesis-studio\packages\engines-py\.pdb_cache\4XV2,A
1945,ThermoMPNN,4XV2,2.0932235717773438,99,F,G,F:\GENESIS Studio\genesis-studio\packages\engines-py\.pdb_cache\4XV2,A
1946,ThermoMPNN,4XV2,1.4532380104064941,99,F,H,F:\GENESIS Studio\genesis-studio\packages\engines-py\.pdb_cache\4XV2,A
1947,ThermoMPNN,4XV2,0.8600641489028931,99,F,I,F:\GENESIS Studio\genesis-studio\packages\engines-py\.pdb_cache\4XV2,A
1948,ThermoMPNN,4XV2,1.84749174118042,99,F,K,F:\GENESIS Studio\genesis-studio\packages\engines-py\.pdb_cache\4XV2,A
1949,ThermoMPNN,4XV2,0.73520827293396,99,F,L,F:\GENESIS Studio\genesis-studio\packages\engines-py\.pdb_cache\4XV2,A
1950,ThermoMPNN,4XV2,0.8528302907943726,99,F,M,F:\GENESIS Studio\genesis-studio\packages\engines-py\.pdb_cache\4XV2,A
1951,ThermoMPNN,4XV2,1.9490114450454712,99,F,N,F:\GENESIS Studio\genesis-studio\packages\engines-py\.pdb_cache\4XV2,A
1952,ThermoMPNN,4XV2,1.6837732791900635,99,F,P,F:\GENESIS Studio\genesis-studio\packages\engines-py\.pdb_cache\4XV2,A
1953,ThermoMPNN,4XV2,1.7821474075317383,99,F,Q,F:\GENESIS Studio\genesis-studio\packages\engines-py\.pdb_cache\4XV2,A
1954,ThermoMPNN,4XV2,1.7871992588043213,99,F,R,F:\GENESIS Studio\genesis-studio\packages\engines-py\.pdb_cache\4XV2,A
1955,ThermoMPNN,4XV2,1.891627550125122,99,F,S,F:\GENESIS Studio\genesis-studio\packages\engines-py\.pdb_cache\4XV2,A
1956,ThermoMPNN,4XV2,1.6992027759552002,99,F,T,F:\GENESIS Studio\genesis-studio\packages\engines-py\.pdb_cache\4XV2,A
1957,ThermoMPNN,4XV2,1.1008377075195312,99,F,V,F:\GENESIS Studio\genesis-studio\packages\engines-py\.pdb_cache\4XV2,A
1958,ThermoMPNN,4XV2,0.4874706268310547,99,F,W,F:\GENESIS Studio\genesis-studio\packages\engines-py\.pdb_cache\4XV2,A
1959,ThermoMPNN,4XV2,0.2727741003036499,99,F,Y,F:\GENESIS Studio\genesis-studio\packages\engines-py\.pdb_cache\4XV2,A
1960,ThermoMPNN,4XV2,0.1231188178062439,100,E,A,F:\GENESIS Studio\genesis-studio\packages\engines-py\.pdb_cache\4XV2,A
1961,ThermoMPNN,4XV2,-0.04131484031677246,100,E,C,F:\GENESIS Studio\genesis-studio\packages\engines-py\.pdb_cache\4XV2,A
1962,ThermoMPNN,4XV2,-0.08685266971588135,100,E,D,F:\GENESIS Studio\genesis-studio\packages\engines-py\.pdb_cache\4XV2,A
1963,ThermoMPNN,4XV2,0.0,100,E,E,F:\GENESIS Studio\genesis-studio\packages\engines-py\.pdb_cache\4XV2,A
1964,ThermoMPNN,4XV2,0.7089971303939819,100,E,F,F:\GENESIS Studio\genesis-studio\packages\engines-py\.pdb_cache\4XV2,A
1965,ThermoMPNN,4XV2,0.43083322048187256,100,E,G,F:\GENESIS Studio\genesis-studio\packages\engines-py\.pdb_cache\4XV2,A
1966,ThermoMPNN,4XV2,0.373920202255249,100,E,H,F:\GENESIS Studio\genesis-studio\packages\engines-py\.pdb_cache\4XV2,A
1967,ThermoMPNN,4XV2,0.6261130571365356,100,E,I,F:\GENESIS Studio\genesis-studio\packages\engines-py\.pdb_cache\4XV2,A
1968,ThermoMPNN,4XV2,0.4360400438308716,100,E,K,F:\GENESIS Studio\genesis-studio\packages\engines-py\.pdb_cache\4XV2,A
1969,ThermoMPNN,4XV2,0.44324952363967896,100,E,L,F:\GENESIS Studio\genesis-studio\packages\engines-py\.pdb_cache\4XV2,A
1970,ThermoMPNN,4XV2,0.5501336455345154,100,E,M,F:\GENESIS Studio\genesis-studio\packages\engines-py\.pdb_cache\4XV2,A
1971,ThermoMPNN,4XV2,0.1863865852355957,100,E,N,F:\GENESIS Studio\genesis-studio\packages\engines-py\.pdb_cache\4XV2,A
1972,ThermoMPNN,4XV2,-0.20041954517364502,100,E,P,F:\GENESIS Studio\genesis-studio\packages\engines-py\.pdb_cache\4XV2,A
1973,ThermoMPNN,4XV2,0.3032599091529846,100,E,Q,F:\GENESIS Studio\genesis-studio\packages\engines-py\.pdb_cache\4XV2,A
1974,ThermoMPNN,4XV2,0.6126163005828857,100,E,R,F:\GENESIS Studio\genesis-studio\packages\engines-py\.pdb_cache\4XV2,A
1975,ThermoMPNN,4XV2,-0.24679768085479736,100,E,S,F:\GENESIS Studio\genesis-studio\packages\engines-py\.pdb_cache\4XV2,A
1976,ThermoMPNN,4XV2,0.08467918634414673,100,E,T,F:\GENESIS Studio\genesis-studio\packages\engines-py\.pdb_cache\4XV2,A
1977,ThermoMPNN,4XV2,0.5785723924636841,100,E,V,F:\GENESIS Studio\genesis-studio\packages\engines-py\.pdb_cache\4XV2,A
1978,ThermoMPNN,4XV2,0.6582751274108887,100,E,W,F:\GENESIS Studio\genesis-studio\packages\engines-py\.pdb_cache\4XV2,A
1979,ThermoMPNN,4XV2,0.6937874555587769,100,E,Y,F:\GENESIS Studio\genesis-studio\packages\engines-py\.pdb_cache\4XV2,A
1980,ThermoMPNN,4XV2,1.1715736389160156,101,M,A,F:\GENESIS Studio\genesis-studio\packages\engines-py\.pdb_cache\4XV2,A
1981,ThermoMPNN,4XV2,0.26124560832977295,101,M,C,F:\GENESIS Studio\genesis-studio\packages\engines-py\.pdb_cache\4XV2,A
1982,ThermoMPNN,4XV2,1.7237029075622559,101,M,D,F:\GENESIS Studio\genesis-studio\packages\engines-py\.pdb_cache\4XV2,A
1983,ThermoMPNN,4XV2,1.3042926788330078,101,M,E,F:\GENESIS Studio\genesis-studio\packages\engines-py\.pdb_cache\4XV2,A
1984,ThermoMPNN,4XV2,0.24227941036224365,101,M,F,F:\GENESIS Studio\genesis-studio\packages\engines-py\.pdb_cache\4XV2,A
1985,ThermoMPNN,4XV2,1.9249472618103027,101,M,G,F:\GENESIS Studio\genesis-studio\packages\engines-py\.pdb_cache\4XV2,A
1986,ThermoMPNN,4XV2,1.3924022912979126,101,M,H,F:\GENESIS Studio\genesis-studio\packages\engines-py\.pdb_cache\4XV2,A
1987,ThermoMPNN,4XV2,-0.2903021574020386,101,M,I,F:\GENESIS Studio\genesis-studio\packages\engines-py\.pdb_cache\4XV2,A
1988,ThermoMPNN,4XV2,1.7635180950164795,101,M,K,F:\GENESIS Studio\genesis-studio\packages\engines-py\.pdb_cache\4XV2,A
1989,ThermoMPNN,4XV2,-0.03168594837188721,101,M,L,F:\GENESIS Studio\genesis-studio\packages\engines-py\.pdb_cache\4XV2,A
1990,ThermoMPNN,4XV2,0.0,101,M,M,F:\GENESIS Studio\genesis-studio\packages\engines-py\.pdb_cache\4XV2,A
1991,ThermoMPNN,4XV2,1.7272648811340332,101,M,N,F:\GENESIS Studio\genesis-studio\packages\engines-py\.pdb_cache\4XV2,A
1992,ThermoMPNN,4XV2,1.1226005554199219,101,M,P,F:\GENESIS Studio\genesis-studio\packages\engines-py\.pdb_cache\4XV2,A
1993,ThermoMPNN,4XV2,1.4028983116149902,101,M,Q,F:\GENESIS Studio\genesis-studio\packages\engines-py\.pdb_cache\4XV2,A
1994,ThermoMPNN,4XV2,1.7532618045806885,101,M,R,F:\GENESIS Studio\genesis-studio\packages\engines-py\.pdb_cache\4XV2,A
1995,ThermoMPNN,4XV2,1.3226277828216553,101,M,S,F:\GENESIS Studio\genesis-studio\packages\engines-py\.pdb_cache\4XV2,A
1996,ThermoMPNN,4XV2,0.9945088624954224,101,M,T,F:\GENESIS Studio\genesis-studio\packages\engines-py\.pdb_cache\4XV2,A
1997,ThermoMPNN,4XV2,-0.03257644176483154,101,M,V,F:\GENESIS Studio\genesis-studio\packages\engines-py\.pdb_cache\4XV2,A
1998,ThermoMPNN,4XV2,0.04298698902130127,101,M,W,F:\GENESIS Studio\genesis-studio\packages\engines-py\.pdb_cache\4XV2,A
1999,ThermoMPNN,4XV2,0.6649991273880005,101,M,Y,F:\GENESIS Studio\genesis-studio\packages\engines-py\.pdb_cache\4XV2,A
2000,ThermoMPNN,4XV2,0.07154929637908936,102,K,A,F:\GENESIS Studio\genesis-studio\packages\engines-py\.pdb_cache\4XV2,A
2001,ThermoMPNN,4XV2,0.12255942821502686,102,K,C,F:\GENESIS Studio\genesis-studio\packages\engines-py\.pdb_cache\4XV2,A
2002,ThermoMPNN,4XV2,0.43695276975631714,102,K,D,F:\GENESIS Studio\genesis-studio\packages\engines-py\.pdb_cache\4XV2,A
2003,ThermoMPNN,4XV2,0.3415908217430115,102,K,E,F:\GENESIS Studio\genesis-studio\packages\engines-py\.pdb_cache\4XV2,A
2004,ThermoMPNN,4XV2,0.30877256393432617,102,K,F,F:\GENESIS Studio\genesis-studio\packages\engines-py\.pdb_cache\4XV2,A
2005,ThermoMPNN,4XV2,0.38042181730270386,102,K,G,F:\GENESIS Studio\genesis-studio\packages\engines-py\.pdb_cache\4XV2,A
2006,ThermoMPNN,4XV2,0.2203141450881958,102,K,H,F:\GENESIS Studio\genesis-studio\packages\engines-py\.pdb_cache\4XV2,A
2007,ThermoMPNN,4XV2,0.2854238748550415,102,K,I,F:\GENESIS Studio\genesis-studio\packages\engines-py\.pdb_cache\4XV2,A
2008,ThermoMPNN,4XV2,0.0,102,K,K,F:\GENESIS Studio\genesis-studio\packages\engines-py\.pdb_cache\4XV2,A
2009,ThermoMPNN,4XV2,0.3603827953338623,102,K,L,F:\GENESIS Studio\genesis-studio\packages\engines-py\.pdb_cache\4XV2,A
2010,ThermoMPNN,4XV2,0.36674046516418457,102,K,M,F:\GENESIS Studio\genesis-studio\packages\engines-py\.pdb_cache\4XV2,A
2011,ThermoMPNN,4XV2,0.3713147044181824,102,K,N,F:\GENESIS Studio\genesis-studio\packages\engines-py\.pdb_cache\4XV2,A
2012,ThermoMPNN,4XV2,0.44292187690734863,102,K,P,F:\GENESIS Studio\genesis-studio\packages\engines-py\.pdb_cache\4XV2,A
2013,ThermoMPNN,4XV2,0.16872793436050415,102,K,Q,F:\GENESIS Studio\genesis-studio\packages\engines-py\.pdb_cache\4XV2,A
2014,ThermoMPNN,4XV2,0.016872048377990723,102,K,R,F:\GENESIS Studio\genesis-studio\packages\engines-py\.pdb_cache\4XV2,A
2015,ThermoMPNN,4XV2,0.16156280040740967,102,K,S,F:\GENESIS Studio\genesis-studio\packages\engines-py\.pdb_cache\4XV2,A
2016,ThermoMPNN,4XV2,0.3451918363571167,102,K,T,F:\GENESIS Studio\genesis-studio\packages\engines-py\.pdb_cache\4XV2,A
2017,ThermoMPNN,4XV2,0.31977832317352295,102,K,V,F:\GENESIS Studio\genesis-studio\packages\engines-py\.pdb_cache\4XV2,A
2018,ThermoMPNN,4XV2,0.16482561826705933,102,K,W,F:\GENESIS Studio\genesis-studio\packages\engines-py\.pdb_cache\4XV2,A
2019,ThermoMPNN,4XV2,0.18552559614181519,102,K,Y,F:\GENESIS Studio\genesis-studio\packages\engines-py\.pdb_cache\4XV2,A
2020,ThermoMPNN,4XV2,0.8785386085510254,103,K,A,F:\GENESIS Studio\genesis-studio\packages\engines-py\.pdb_cache\4XV2,A
2021,ThermoMPNN,4XV2,0.8883320093154907,103,K,C,F:\GENESIS Studio\genesis-studio\packages\engines-py\.pdb_cache\4XV2,A
2022,ThermoMPNN,4XV2,2.127041816711426,103,K,D,F:\GENESIS Studio\genesis-studio\packages\engines-py\.pdb_cache\4XV2,A
2023,ThermoMPNN,4XV2,1.2205958366394043,103,K,E,F:\GENESIS Studio\genesis-studio\packages\engines-py\.pdb_cache\4XV2,A
2024,ThermoMPNN,4XV2,1.443194031715393,103,K,F,F:\GENESIS Studio\genesis-studio\packages\engines-py\.pdb_cache\4XV2,A
2025,ThermoMPNN,4XV2,1.96018385887146,103,K,G,F:\GENESIS Studio\genesis-studio\packages\engines-py\.pdb_cache\4XV2,A
2026,ThermoMPNN,4XV2,1.148076057434082,103,K,H,F:\GENESIS Studio\genesis-studio\packages\engines-py\.pdb_cache\4XV2,A
2027,ThermoMPNN,4XV2,0.9453495144844055,103,K,I,F:\GENESIS Studio\genesis-studio\packages\engines-py\.pdb_cache\4XV2,A
2028,ThermoMPNN,4XV2,0.0,103,K,K,F:\GENESIS Studio\genesis-studio\packages\engines-py\.pdb_cache\4XV2,A
2029,ThermoMPNN,4XV2,0.8665355443954468,103,K,L,F:\GENESIS Studio\genesis-studio\packages\engines-py\.pdb_cache\4XV2,A
2030,ThermoMPNN,4XV2,0.7375993728637695,103,K,M,F:\GENESIS Studio\genesis-studio\packages\engines-py\.pdb_cache\4XV2,A
2031,ThermoMPNN,4XV2,1.5440757274627686,103,K,N,F:\GENESIS Studio\genesis-studio\packages\engines-py\.pdb_cache\4XV2,A
2032,ThermoMPNN,4XV2,2.7323503494262695,103,K,P,F:\GENESIS Studio\genesis-studio\packages\engines-py\.pdb_cache\4XV2,A
2033,ThermoMPNN,4XV2,0.36567187309265137,103,K,Q,F:\GENESIS Studio\genesis-studio\packages\engines-py\.pdb_cache\4XV2,A
2034,ThermoMPNN,4XV2,0.1267101764678955,103,K,R,F:\GENESIS Studio\genesis-studio\packages\engines-py\.pdb_cache\4XV2,A
2035,ThermoMPNN,4XV2,1.283494234085083,103,K,S,F:\GENESIS Studio\genesis-studio\packages\engines-py\.pdb_cache\4XV2,A
2036,ThermoMPNN,4XV2,1.2535306215286255,103,K,T,F:\GENESIS Studio\genesis-studio\packages\engines-py\.pdb_cache\4XV2,A
2037,ThermoMPNN,4XV2,1.0171782970428467,103,K,V,F:\GENESIS Studio\genesis-studio\packages\engines-py\.pdb_cache\4XV2,A
2038,ThermoMPNN,4XV2,1.2061994075775146,103,K,W,F:\GENESIS Studio\genesis-studio\packages\engines-py\.pdb_cache\4XV2,A
2039,ThermoMPNN,4XV2,1.3001409769058228,103,K,Y,F:\GENESIS Studio\genesis-studio\packages\engines-py\.pdb_cache\4XV2,A
2040,ThermoMPNN,4XV2,2.008023977279663,104,L,A,F:\GENESIS Studio\genesis-studio\packages\engines-py\.pdb_cache\4XV2,A
2041,ThermoMPNN,4XV2,0.8734716176986694,104,L,C,F:\GENESIS Studio\genesis-studio\packages\engines-py\.pdb_cache\4XV2,A
2042,ThermoMPNN,4XV2,3.0425548553466797,104,L,D,F:\GENESIS Studio\genesis-studio\packages\engines-py\.pdb_cache\4XV2,A
2043,ThermoMPNN,4XV2,2.508253574371338,104,L,E,F:\GENESIS Studio\genesis-studio\packages\engines-py\.pdb_cache\4XV2,A
2044,ThermoMPNN,4XV2,1.53213632106781,104,L,F,F:\GENESIS Studio\genesis-studio\packages\engines-py\.pdb_cache\4XV2,A
2045,ThermoMPNN,4XV2,2.8583104610443115,104,L,G,F:\GENESIS Studio\genesis-studio\packages\engines-py\.pdb_cache\4XV2,A
2046,ThermoMPNN,4XV2,2.187194347381592,104,L,H,F:\GENESIS Studio\genesis-studio\packages\engines-py\.pdb_cache\4XV2,A
2047,ThermoMPNN,4XV2,0.9458674192428589,104,L,I,F:\GENESIS Studio\genesis-studio\packages\engines-py\.pdb_cache\4XV2,A
2048,ThermoMPNN,4XV2,1.7335097789764404,104,L,K,F:\GENESIS Studio\genesis-studio\packages\engines-py\.pdb_cache\4XV2,A
2049,ThermoMPNN,4XV2,0.0,104,L,L,F:\GENESIS Studio\genesis-studio\packages\engines-py\.pdb_cache\4XV2,A
2050,ThermoMPNN,4XV2,1.0138790607452393,104,L,M,F:\GENESIS Studio\genesis-studio\packages\engines-py\.pdb_cache\4XV2,A
2051,ThermoMPNN,4XV2,2.550267457962036,104,L,N,F:\GENESIS Studio\genesis-studio\packages\engines-py\.pdb_cache\4XV2,A
2052,ThermoMPNN,4XV2,2.5797860622406006,104,L,P,F:\GENESIS Studio\genesis-studio\packages\engines-py\.pdb_cache\4XV2,A
2053,ThermoMPNN,4XV2,2.059335231781006,104,L,Q,F:\GENESIS Studio\genesis-studio\packages\engines-py\.pdb_cache\4XV2,A
2054,ThermoMPNN,4XV2,1.7538483142852783,104,L,R,F:\GENESIS Studio\genesis-studio\packages\engines-py\.pdb_cache\4XV2,A
2055,ThermoMPNN,4XV2,2.3504483699798584,104,L,S,F:\GENESIS Studio\genesis-studio\packages\engines-py\.pdb_cache\4XV2,A
2056,ThermoMPNN,4XV2,2.1399025917053223,104,L,T,F:\GENESIS Studio\genesis-studio\packages\engines-py\.pdb_cache\4XV2,A
2057,ThermoMPNN,4XV2,1.0552592277526855,104,L,V,F:\GENESIS Studio\genesis-studio\packages\engines-py\.pdb_cache\4XV2,A
2058,ThermoMPNN,4XV2,0.6930911540985107,104,L,W,F:\GENESIS Studio\genesis-studio\packages\engines-py\.pdb_cache\4XV2,A
2059,ThermoMPNN,4XV2,1.3664510250091553,104,L,Y,F:\GENESIS Studio\genesis-studio\packages\engines-py\.pdb_cache\4XV2,A
2060,ThermoMPNN,4XV2,1.809715747833252,105,I,A,F:\GENESIS Studio\genesis-studio\packages\engines-py\.pdb_cache\4XV2,A
2061,ThermoMPNN,4XV2,1.1268523931503296,105,I,C,F:\GENESIS Studio\genesis-studio\packages\engines-py\.pdb_cache\4XV2,A
2062,ThermoMPNN,4XV2,2.6303060054779053,105,I,D,F:\GENESIS Studio\genesis-studio\packages\engines-py\.pdb_cache\4XV2,A
2063,ThermoMPNN,4XV2,2.3858861923217773,105,I,E,F:\GENESIS Studio\genesis-studio\packages\engines-py\.pdb_cache\4XV2,A
2064,ThermoMPNN,4XV2,1.0799612998962402,105,I,F,F:\GENESIS Studio\genesis-studio\packages\engines-py\.pdb_cache\4XV2,A
2065,ThermoMPNN,4XV2,2.432007312774658,105,I,G,F:\GENESIS Studio\genesis-studio\packages\engines-py\.pdb_cache\4XV2,A
2066,ThermoMPNN,4XV2,2.0819602012634277,105,I,H,F:\GENESIS Studio\genesis-studio\packages\engines-py\.pdb_cache\4XV2,A
2067,ThermoMPNN,4XV2,0.0,105,I,I,F:\GENESIS Studio\genesis-studio\packages\engines-py\.pdb_cache\4XV2,A
2068,ThermoMPNN,4XV2,2.150844097137451,105,I,K,F:\GENESIS Studio\genesis-studio\packages\engines-py\.pdb_cache\4XV2,A
2069,ThermoMPNN,4XV2,0.33409643173217773,105,I,L,F:\GENESIS Studio\genesis-studio\packages\engines-py\.pdb_cache\4XV2,A
2070,ThermoMPNN,4XV2,0.9349396228790283,105,I,M,F:\GENESIS Studio\genesis-studio\packages\engines-py\.pdb_cache\4XV2,A
2071,ThermoMPNN,4XV2,2.478827714920044,105,I,N,F:\GENESIS Studio\genesis-studio\packages\engines-py\.pdb_cache\4XV2,A
2072,ThermoMPNN,4XV2,2.5936670303344727,105,I,P,F:\GENESIS Studio\genesis-studio\packages\engines-py\.pdb_cache\4XV2,A
2073,ThermoMPNN,4XV2,2.2672367095947266,105,I,Q,F:\GENESIS Studio\genesis-studio\packages\engines-py\.pdb_cache\4XV2,A
2074,ThermoMPNN,4XV2,2.1739816665649414,105,I,R,F:\GENESIS Studio\genesis-studio\packages\engines-py\.pdb_cache\4XV2,A
2075,ThermoMPNN,4XV2,2.2488348484039307,105,I,S,F:\GENESIS Studio\genesis-studio\packages\engines-py\.pdb_cache\4XV2,A
2076,ThermoMPNN,4XV2,1.86001718044281,105,I,T,F:\GENESIS Studio\genesis-studio\packages\engines-py\.pdb_cache\4XV2,A
2077,ThermoMPNN,4XV2,0.6620949506759644,105,I,V,F:\GENESIS Studio\genesis-studio\packages\engines-py\.pdb_cache\4XV2,A
2078,ThermoMPNN,4XV2,1.284987211227417,105,I,W,F:\GENESIS Studio\genesis-studio\packages\engines-py\.pdb_cache\4XV2,A
2079,ThermoMPNN,4XV2,1.3038008213043213,105,I,Y,F:\GENESIS Studio\genesis-studio\packages\engines-py\.pdb_cache\4XV2,A
2080,ThermoMPNN,4XV2,0.23387295007705688,106,D,A,F:\GENESIS Studio\genesis-studio\packages\engines-py\.pdb_cache\4XV2,A
2081,ThermoMPNN,4XV2,0.029515624046325684,106,D,C,F:\GENESIS Studio\genesis-studio\packages\engines-py\.pdb_cache\4XV2,A
2082,ThermoMPNN,4XV2,0.0,106,D,D,F:\GENESIS Studio\genesis-studio\packages\engines-py\.pdb_cache\4XV2,A
2083,ThermoMPNN,4XV2,0.07530570030212402,106,D,E,F:\GENESIS Studio\genesis-studio\packages\engines-py\.pdb_cache\4XV2,A
2084,ThermoMPNN,4XV2,0.30902475118637085,106,D,F,F:\GENESIS Studio\genesis-studio\packages\engines-py\.pdb_cache\4XV2,A
2085,ThermoMPNN,4XV2,0.896001935005188,106,D,G,F:\GENESIS Studio\genesis-studio\packages\engines-py\.pdb_cache\4XV2,A
2086,ThermoMPNN,4XV2,0.4700746536254883,106,D,H,F:\GENESIS Studio\genesis-studio\packages\engines-py\.pdb_cache\4XV2,A
2087,ThermoMPNN,4XV2,0.36795395612716675,106,D,I,F:\GENESIS Studio\genesis-studio\packages\engines-py\.pdb_cache\4XV2,A
2088,ThermoMPNN,4XV2,0.5201359391212463,106,D,K,F:\GENESIS Studio\genesis-studio\packages\engines-py\.pdb_cache\4XV2,A
2089,ThermoMPNN,4XV2,0.18010270595550537,106,D,L,F:\GENESIS Studio\genesis-studio\packages\engines-py\.pdb_cache\4XV2,A
2090,ThermoMPNN,4XV2,0.2576467990875244,106,D,M,F:\GENESIS Studio\genesis-studio\packages\engines-py\.pdb_cache\4XV2,A
2091,ThermoMPNN,4XV2,0.37118351459503174,106,D,N,F:\GENESIS Studio\genesis-studio\packages\engines-py\.pdb_cache\4XV2,A
2092,ThermoMPNN,4XV2,2.179384231567383,106,D,P,F:\GENESIS Studio\genesis-studio\packages\engines-py\.pdb_cache\4XV2,A
2093,ThermoMPNN,4XV2,0.30178385972976685,106,D,Q,F:\GENESIS Studio\genesis-studio\packages\engines-py\.pdb_cache\4XV2,A
2094,ThermoMPNN,4XV2,0.4090374708175659,106,D,R,F:\GENESIS Studio\genesis-studio\packages\engines-py\.pdb_cache\4XV2,A
2095,ThermoMPNN,4XV2,0.3217269778251648,106,D,S,F:\GENESIS Studio\genesis-studio\packages\engines-py\.pdb_cache\4XV2,A
2096,ThermoMPNN,4XV2,0.41415607929229736,106,D,T,F:\GENESIS Studio\genesis-studio\packages\engines-py\.pdb_cache\4XV2,A
2097,ThermoMPNN,4XV2,0.4877171516418457,106,D,V,F:\GENESIS Studio\genesis-studio\packages\engines-py\.pdb_cache\4XV2,A
2098,ThermoMPNN,4XV2,0.21985900402069092,106,D,W,F:\GENESIS Studio\genesis-studio\packages\engines-py\.pdb_cache\4XV2,A
2099,ThermoMPNN,4XV2,0.3148465156555176,106,D,Y,F:\GENESIS Studio\genesis-studio\packages\engines-py\.pdb_cache\4XV2,A
2100,ThermoMPNN,4XV2,1.9986331462860107,107,I,A,F:\GENESIS Studio\genesis-studio\packages\engines-py\.pdb_cache\4XV2,A
2101,ThermoMPNN,4XV2,1.322699785232544,107,I,C,F:\GENESIS Studio\genesis-studio\packages\engines-py\.pdb_cache\4XV2,A
2102,ThermoMPNN,4XV2,3.118088960647583,107,I,D,F:\GENESIS Studio\genesis-studio\packages\engines-py\.pdb_cache\4XV2,A
2103,ThermoMPNN,4XV2,2.704206943511963,107,I,E,F:\GENESIS Studio\genesis-studio\packages\engines-py\.pdb_cache\4XV2,A
2104,ThermoMPNN,4XV2,0.6437983512878418,107,I,F,F:\GENESIS Studio\genesis-studio\packages\engines-py\.pdb_cache\4XV2,A
2105,ThermoMPNN,4XV2,3.0585029125213623,107,I,G,F:\GENESIS Studio\genesis-studio\packages\engines-py\.pdb_cache\4XV2,A
2106,ThermoMPNN,4XV2,2.149982452392578,107,I,H,F:\GENESIS Studio\genesis-studio\packages\engines-py\.pdb_cache\4XV2,A
2107,ThermoMPNN,4XV2,0.0,107,I,I,F:\GENESIS Studio\genesis-studio\packages\engines-py\.pdb_cache\4XV2,A
2108,ThermoMPNN,4XV2,2.5210695266723633,107,I,K,F:\GENESIS Studio\genesis-studio\packages\engines-py\.pdb_cache\4XV2,A
2109,ThermoMPNN,4XV2,0.6097428798675537,107,I,L,F:\GENESIS Studio\genesis-studio\packages\engines-py\.pdb_cache\4XV2,A
2110,ThermoMPNN,4XV2,1.182438850402832,107,I,M,F:\GENESIS Studio\genesis-studio\packages\engines-py\.pdb_cache\4XV2,A
2111,ThermoMPNN,4XV2,2.8029000759124756,107,I,N,F:\GENESIS Studio\genesis-studio\packages\engines-py\.pdb_cache\4XV2,A
2112,ThermoMPNN,4XV2,3.1301791667938232,107,I,P,F:\GENESIS Studio\genesis-studio\packages\engines-py\.pdb_cache\4XV2,A
2113,ThermoMPNN,4XV2,2.4996519088745117,107,I,Q,F:\GENESIS Studio\genesis-studio\packages\engines-py\.pdb_cache\4XV2,A
2114,ThermoMPNN,4XV2,2.5085840225219727,107,I,R,F:\GENESIS Studio\genesis-studio\packages\engines-py\.pdb_cache\4XV2,A
2115,ThermoMPNN,4XV2,2.535123109817505,107,I,S,F:\GENESIS Studio\genesis-studio\packages\engines-py\.pdb_cache\4XV2,A
2116,ThermoMPNN,4XV2,1.8861302137374878,107,I,T,F:\GENESIS Studio\genesis-studio\packages\engines-py\.pdb_cache\4XV2,A
2117,ThermoMPNN,4XV2,0.7643303871154785,107,I,V,F:\GENESIS Studio\genesis-studio\packages\engines-py\.pdb_cache\4XV2,A
2118,ThermoMPNN,4XV2,0.9420676231384277,107,I,W,F:\GENESIS Studio\genesis-studio\packages\engines-py\.pdb_cache\4XV2,A
2119,ThermoMPNN,4XV2,0.7686538696289062,107,I,Y,F:\GENESIS Studio\genesis-studio\packages\engines-py\.pdb_cache\4XV2,A
2120,ThermoMPNN,4XV2,0.0,108,A,A,F:\GENESIS Studio\genesis-studio\packages\engines-py\.pdb_cache\4XV2,A
2121,ThermoMPNN,4XV2,0.17658233642578125,108,A,C,F:\GENESIS Studio\genesis-studio\packages\engines-py\.pdb_cache\4XV2,A
2122,ThermoMPNN,4XV2,2.2867159843444824,108,A,D,F:\GENESIS Studio\genesis-studio\packages\engines-py\.pdb_cache\4XV2,A
2123,ThermoMPNN,4XV2,1.7978038787841797,108,A,E,F:\GENESIS Studio\genesis-studio\packages\engines-py\.pdb_cache\4XV2,A
2124,ThermoMPNN,4XV2,0.13177859783172607,108,A,F,F:\GENESIS Studio\genesis-studio\packages\engines-py\.pdb_cache\4XV2,A
2125,ThermoMPNN,4XV2,1.611154556274414,108,A,G,F:\GENESIS Studio\genesis-studio\packages\engines-py\.pdb_cache\4XV2,A
2126,ThermoMPNN,4XV2,1.3636729717254639,108,A,H,F:\GENESIS Studio\genesis-studio\packages\engines-py\.pdb_cache\4XV2,A
2127,ThermoMPNN,4XV2,-0.24898815155029297,108,A,I,F:\GENESIS Studio\genesis-studio\packages\engines-py\.pdb_cache\4XV2,A
2128,ThermoMPNN,4XV2,1.599390983581543,108,A,K,F:\GENESIS Studio\genesis-studio\packages\engines-py\.pdb_cache\4XV2,A
2129,ThermoMPNN,4XV2,-0.1217186450958252,108,A,L,F:\GENESIS Studio\genesis-studio\packages\engines-py\.pdb_cache\4XV2,A
2130,ThermoMPNN,4XV2,0.0071582794189453125,108,A,M,F:\GENESIS Studio\genesis-studio\packages\engines-py\.pdb_cache\4XV2,A
2131,ThermoMPNN,4XV2,1.8963468074798584,108,A,N,F:\GENESIS Studio\genesis-studio\packages\engines-py\.pdb_cache\4XV2,A
2132,ThermoMPNN,4XV2,2.5215871334075928,108,A,P,F:\GENESIS Studio\genesis-studio\packages\engines-py\.pdb_cache\4XV2,A
2133,ThermoMPNN,4XV2,1.4946014881134033,108,A,Q,F:\GENESIS Studio\genesis-studio\packages\engines-py\.pdb_cache\4XV2,A
2134,ThermoMPNN,4XV2,1.4115228652954102,108,A,R,F:\GENESIS Studio\genesis-studio\packages\engines-py\.pdb_cache\4XV2,A
2135,ThermoMPNN,4XV2,0.9870072603225708,108,A,S,F:\GENESIS Studio\genesis-studio\packages\engines-py\.pdb_cache\4XV2,A
2136,ThermoMPNN,4XV2,0.9102089405059814,108,A,T,F:\GENESIS Studio\genesis-studio\packages\engines-py\.pdb_cache\4XV2,A
2137,ThermoMPNN,4XV2,0.03551650047302246,108,A,V,F:\GENESIS Studio\genesis-studio\packages\engines-py\.pdb_cache\4XV2,A
2138,ThermoMPNN,4XV2,0.36810922622680664,108,A,W,F:\GENESIS Studio\genesis-studio\packages\engines-py\.pdb_cache\4XV2,A
2139,ThermoMPNN,4XV2,0.3268347978591919,108,A,Y,F:\GENESIS Studio\genesis-studio\packages\engines-py\.pdb_cache\4XV2,A
2140,ThermoMPNN,4XV2,0.20213356614112854,109,R,A,F:\GENESIS Studio\genesis-studio\packages\engines-py\.pdb_cache\4XV2,A
2141,ThermoMPNN,4XV2,-0.43942588567733765,109,R,C,F:\GENESIS Studio\genesis-studio\packages\engines-py\.pdb_cache\4XV2,A
2142,ThermoMPNN,4XV2,1.561597466468811,109,R,D,F:\GENESIS Studio\genesis-studio\packages\engines-py\.pdb_cache\4XV2,A
2143,ThermoMPNN,4XV2,0.8381314873695374,109,R,E,F:\GENESIS Studio\genesis-studio\packages\engines-py\.pdb_cache\4XV2,A
2144,ThermoMPNN,4XV2,-0.39833277463912964,109,R,F,F:\GENESIS Studio\genesis-studio\packages\engines-py\.pdb_cache\4XV2,A
2145,ThermoMPNN,4XV2,0.9737660884857178,109,R,G,F:\GENESIS Studio\genesis-studio\packages\engines-py\.pdb_cache\4XV2,A
2146,ThermoMPNN,4XV2,0.5128152966499329,109,R,H,F:\GENESIS Studio\genesis-studio\packages\engines-py\.pdb_cache\4XV2,A
2147,ThermoMPNN,4XV2,-1.1075894832611084,109,R,I,F:\GENESIS Studio\genesis-studio\packages\engines-py\.pdb_cache\4XV2,A
2148,ThermoMPNN,4XV2,0.23441100120544434,109,R,K,F:\GENESIS Studio\genesis-studio\packages\engines-py\.pdb_cache\4XV2,A
2149,ThermoMPNN,4XV2,-1.4144175052642822,109,R,L,F:\GENESIS Studio\genesis-studio\packages\engines-py\.pdb_cache\4XV2,A
2150,ThermoMPNN,4XV2,-0.6715206503868103,109,R,M,F:\GENESIS Studio\genesis-studio\packages\engines-py\.pdb_cache\4XV2,A
2151,ThermoMPNN,4XV2,1.205947995185852,109,R,N,F:\GENESIS Studio\genesis-studio\packages\engines-py\.pdb_cache\4XV2,A
2152,ThermoMPNN,4XV2,1.6591479778289795,109,R,P,F:\GENESIS Studio\genesis-studio\packages\engines-py\.pdb_cache\4XV2,A
2153,ThermoMPNN,4XV2,0.47594135999679565,109,R,Q,F:\GENESIS Studio\genesis-studio\packages\engines-py\.pdb_cache\4XV2,A
2154,ThermoMPNN,4XV2,0.0,109,R,R,F:\GENESIS Studio\genesis-studio\packages\engines-py\.pdb_cache\4XV2,A
2155,ThermoMPNN,4XV2,0.7313646078109741,109,R,S,F:\GENESIS Studio\genesis-studio\packages\engines-py\.pdb_cache\4XV2,A
2156,ThermoMPNN,4XV2,0.4670579433441162,109,R,T,F:\GENESIS Studio\genesis-studio\packages\engines-py\.pdb_cache\4XV2,A
2157,ThermoMPNN,4XV2,-0.8782585263252258,109,R,V,F:\GENESIS Studio\genesis-studio\packages\engines-py\.pdb_cache\4XV2,A
2158,ThermoMPNN,4XV2,-0.42123061418533325,109,R,W,F:\GENESIS Studio\genesis-studio\packages\engines-py\.pdb_cache\4XV2,A
2159,ThermoMPNN,4XV2,-0.3187747597694397,109,R,Y,F:\GENESIS Studio\genesis-studio\packages\engines-py\.pdb_cache\4XV2,A
2160,ThermoMPNN,4XV2,0.5178472995758057,110,Q,A,F:\GENESIS Studio\genesis-studio\packages\engines-py\.pdb_cache\4XV2,A
2161,ThermoMPNN,4XV2,0.936736524105072,110,Q,C,F:\GENESIS Studio\genesis-studio\packages\engines-py\.pdb_cache\4XV2,A
2162,ThermoMPNN,4XV2,1.3613183498382568,110,Q,D,F:\GENESIS Studio\genesis-studio\packages\engines-py\.pdb_cache\4XV2,A
2163,ThermoMPNN,4XV2,0.9383243918418884,110,Q,E,F:\GENESIS Studio\genesis-studio\packages\engines-py\.pdb_cache\4XV2,A
2164,ThermoMPNN,4XV2,1.1706581115722656,110,Q,F,F:\GENESIS Studio\genesis-studio\packages\engines-py\.pdb_cache\4XV2,A
2165,ThermoMPNN,4XV2,1.4533889293670654,110,Q,G,F:\GENESIS Studio\genesis-studio\packages\engines-py\.pdb_cache\4XV2,A
2166,ThermoMPNN,4XV2,0.9783033132553101,110,Q,H,F:\GENESIS Studio\genesis-studio\packages\engines-py\.pdb_cache\4XV2,A
2167,ThermoMPNN,4XV2,1.09316086769104,110,Q,I,F:\GENESIS Studio\genesis-studio\packages\engines-py\.pdb_cache\4XV2,A
2168,ThermoMPNN,4XV2,0.8518349528312683,110,Q,K,F:\GENESIS Studio\genesis-studio\packages\engines-py\.pdb_cache\4XV2,A
2169,ThermoMPNN,4XV2,0.8791289329528809,110,Q,L,F:\GENESIS Studio\genesis-studio\packages\engines-py\.pdb_cache\4XV2,A
2170,ThermoMPNN,4XV2,0.2991952896118164,110,Q,M,F:\GENESIS Studio\genesis-studio\packages\engines-py\.pdb_cache\4XV2,A
2171,ThermoMPNN,4XV2,1.4363765716552734,110,Q,N,F:\GENESIS Studio\genesis-studio\packages\engines-py\.pdb_cache\4XV2,A
2172,ThermoMPNN,4XV2,3.4976205825805664,110,Q,P,F:\GENESIS Studio\genesis-studio\packages\engines-py\.pdb_cache\4XV2,A
2173,ThermoMPNN,4XV2,0.0,110,Q,Q,F:\GENESIS Studio\genesis-studio\packages\engines-py\.pdb_cache\4XV2,A
2174,ThermoMPNN,4XV2,0.9879639744758606,110,Q,R,F:\GENESIS Studio\genesis-studio\packages\engines-py\.pdb_cache\4XV2,A
2175,ThermoMPNN,4XV2,0.9617356657981873,110,Q,S,F:\GENESIS Studio\genesis-studio\packages\engines-py\.pdb_cache\4XV2,A
2176,ThermoMPNN,4XV2,1.3003002405166626,110,Q,T,F:\GENESIS Studio\genesis-studio\packages\engines-py\.pdb_cache\4XV2,A
2177,ThermoMPNN,4XV2,1.430301547050476,110,Q,V,F:\GENESIS Studio\genesis-studio\packages\engines-py\.pdb_cache\4XV2,A
2178,ThermoMPNN,4XV2,0.9680535793304443,110,Q,W,F:\GENESIS Studio\genesis-studio\packages\engines-py\.pdb_cache\4XV2,A
2179,ThermoMPNN,4XV2,1.069503664970398,110,Q,Y,F:\GENESIS Studio\genesis-studio\packages\engines-py\.pdb_cache\4XV2,A
2180,ThermoMPNN,4XV2,0.3547322750091553,111,T,A,F:\GENESIS Studio\genesis-studio\packages\engines-py\.pdb_cache\4XV2,A
2181,ThermoMPNN,4XV2,-0.11639726161956787,111,T,C,F:\GENESIS Studio\genesis-studio\packages\engines-py\.pdb_cache\4XV2,A
2182,ThermoMPNN,4XV2,1.7674486637115479,111,T,D,F:\GENESIS Studio\genesis-studio\packages\engines-py\.pdb_cache\4XV2,A
2183,ThermoMPNN,4XV2,1.3122026920318604,111,T,E,F:\GENESIS Studio\genesis-studio\packages\engines-py\.pdb_cache\4XV2,A
2184,ThermoMPNN,4XV2,-0.006694436073303223,111,T,F,F:\GENESIS Studio\genesis-studio\packages\engines-py\.pdb_cache\4XV2,A
2185,ThermoMPNN,4XV2,1.1500567197799683,111,T,G,F:\GENESIS Studio\genesis-studio\packages\engines-py\.pdb_cache\4XV2,A
2186,ThermoMPNN,4XV2,1.1220390796661377,111,T,H,F:\GENESIS Studio\genesis-studio\packages\engines-py\.pdb_cache\4XV2,A
2187,ThermoMPNN,4XV2,-1.2359204292297363,111,T,I,F:\GENESIS Studio\genesis-studio\packages\engines-py\.pdb_cache\4XV2,A
2188,ThermoMPNN,4XV2,1.1534407138824463,111,T,K,F:\GENESIS Studio\genesis-studio\packages\engines-py\.pdb_cache\4XV2,A
2189,ThermoMPNN,4XV2,-0.8575570583343506,111,T,L,F:\GENESIS Studio\genesis-studio\packages\engines-py\.pdb_cache\4XV2,A
2190,ThermoMPNN,4XV2,-0.40771353244781494,111,T,M,F:\GENESIS Studio\genesis-studio\packages\engines-py\.pdb_cache\4XV2,A
2191,ThermoMPNN,4XV2,1.3146209716796875,111,T,N,F:\GENESIS Studio\genesis-studio\packages\engines-py\.pdb_cache\4XV2,A
2192,ThermoMPNN,4XV2,1.5236809253692627,111,T,P,F:\GENESIS Studio\genesis-studio\packages\engines-py\.pdb_cache\4XV2,A
2193,ThermoMPNN,4XV2,1.0710785388946533,111,T,Q,F:\GENESIS Studio\genesis-studio\packages\engines-py\.pdb_cache\4XV2,A
2194,ThermoMPNN,4XV2,0.9860491156578064,111,T,R,F:\GENESIS Studio\genesis-studio\packages\engines-py\.pdb_cache\4XV2,A
2195,ThermoMPNN,4XV2,0.7748865485191345,111,T,S,F:\GENESIS Studio\genesis-studio\packages\engines-py\.pdb_cache\4XV2,A
2196,ThermoMPNN,4XV2,0.0,111,T,T,F:\GENESIS Studio\genesis-studio\packages\engines-py\.pdb_cache\4XV2,A
2197,ThermoMPNN,4XV2,-0.6625148057937622,111,T,V,F:\GENESIS Studio\genesis-studio\packages\engines-py\.pdb_cache\4XV2,A
2198,ThermoMPNN,4XV2,0.21651160717010498,111,T,W,F:\GENESIS Studio\genesis-studio\packages\engines-py\.pdb_cache\4XV2,A
2199,ThermoMPNN,4XV2,0.2780807614326477,111,T,Y,F:\GENESIS Studio\genesis-studio\packages\engines-py\.pdb_cache\4XV2,A
2200,ThermoMPNN,4XV2,0.0,112,A,A,F:\GENESIS Studio\genesis-studio\packages\engines-py\.pdb_cache\4XV2,A
2201,ThermoMPNN,4XV2,0.6604697704315186,112,A,C,F:\GENESIS Studio\genesis-studio\packages\engines-py\.pdb_cache\4XV2,A
2202,ThermoMPNN,4XV2,2.635580062866211,112,A,D,F:\GENESIS Studio\genesis-studio\packages\engines-py\.pdb_cache\4XV2,A
2203,ThermoMPNN,4XV2,2.227665424346924,112,A,E,F:\GENESIS Studio\genesis-studio\packages\engines-py\.pdb_cache\4XV2,A
2204,ThermoMPNN,4XV2,1.2985801696777344,112,A,F,F:\GENESIS Studio\genesis-studio\packages\engines-py\.pdb_cache\4XV2,A
2205,ThermoMPNN,4XV2,1.8771238327026367,112,A,G,F:\GENESIS Studio\genesis-studio\packages\engines-py\.pdb_cache\4XV2,A
2206,ThermoMPNN,4XV2,2.2314224243164062,112,A,H,F:\GENESIS Studio\genesis-studio\packages\engines-py\.pdb_cache\4XV2,A
2207,ThermoMPNN,4XV2,0.7979633808135986,112,A,I,F:\GENESIS Studio\genesis-studio\packages\engines-py\.pdb_cache\4XV2,A
2208,ThermoMPNN,4XV2,2.272749423980713,112,A,K,F:\GENESIS Studio\genesis-studio\packages\engines-py\.pdb_cache\4XV2,A
2209,ThermoMPNN,4XV2,0.7556504011154175,112,A,L,F:\GENESIS Studio\genesis-studio\packages\engines-py\.pdb_cache\4XV2,A
2210,ThermoMPNN,4XV2,0.9912663698196411,112,A,M,F:\GENESIS Studio\genesis-studio\packages\engines-py\.pdb_cache\4XV2,A
2211,ThermoMPNN,4XV2,2.3140017986297607,112,A,N,F:\GENESIS Studio\genesis-studio\packages\engines-py\.pdb_cache\4XV2,A
2212,ThermoMPNN,4XV2,2.411557912826538,112,A,P,F:\GENESIS Studio\genesis-studio\packages\engines-py\.pdb_cache\4XV2,A
2213,ThermoMPNN,4XV2,2.2026419639587402,112,A,Q,F:\GENESIS Studio\genesis-studio\packages\engines-py\.pdb_cache\4XV2,A
2214,ThermoMPNN,4XV2,2.248591184616089,112,A,R,F:\GENESIS Studio\genesis-studio\packages\engines-py\.pdb_cache\4XV2,A
2215,ThermoMPNN,4XV2,1.1846554279327393,112,A,S,F:\GENESIS Studio\genesis-studio\packages\engines-py\.pdb_cache\4XV2,A
2216,ThermoMPNN,4XV2,1.122759222984314,112,A,T,F:\GENESIS Studio\genesis-studio\packages\engines-py\.pdb_cache\4XV2,A
2217,ThermoMPNN,4XV2,0.6659468412399292,112,A,V,F:\GENESIS Studio\genesis-studio\packages\engines-py\.pdb_cache\4XV2,A
2218,ThermoMPNN,4XV2,1.6012749671936035,112,A,W,F:\GENESIS Studio\genesis-studio\packages\engines-py\.pdb_cache\4XV2,A
2219,ThermoMPNN,4XV2,1.523818016052246,112,A,Y,F:\GENESIS Studio\genesis-studio\packages\engines-py\.pdb_cache\4XV2,A
2220,ThermoMPNN,4XV2,0.8979798555374146,113,R,A,F:\GENESIS Studio\genesis-studio\packages\engines-py\.pdb_cache\4XV2,A
2221,ThermoMPNN,4XV2,0.8307521939277649,113,R,C,F:\GENESIS Studio\genesis-studio\packages\engines-py\.pdb_cache\4XV2,A
2222,ThermoMPNN,4XV2,1.7803525924682617,113,R,D,F:\GENESIS Studio\genesis-studio\packages\engines-py\.pdb_cache\4XV2,A
2223,ThermoMPNN,4XV2,1.1912117004394531,113,R,E,F:\GENESIS Studio\genesis-studio\packages\engines-py\.pdb_cache\4XV2,A
2224,ThermoMPNN,4XV2,1.0880297422409058,113,R,F,F:\GENESIS Studio\genesis-studio\packages\engines-py\.pdb_cache\4XV2,A
2225,ThermoMPNN,4XV2,1.8121867179870605,113,R,G,F:\GENESIS Studio\genesis-studio\packages\engines-py\.pdb_cache\4XV2,A
2226,ThermoMPNN,4XV2,1.1590373516082764,113,R,H,F:\GENESIS Studio\genesis-studio\packages\engines-py\.pdb_cache\4XV2,A
2227,ThermoMPNN,4XV2,0.4751403331756592,113,R,I,F:\GENESIS Studio\genesis-studio\packages\engines-py\.pdb_cache\4XV2,A
2228,ThermoMPNN,4XV2,0.4256126880645752,113,R,K,F:\GENESIS Studio\genesis-studio\packages\engines-py\.pdb_cache\4XV2,A
2229,ThermoMPNN,4XV2,0.3515927791595459,113,R,L,F:\GENESIS Studio\genesis-studio\packages\engines-py\.pdb_cache\4XV2,A
2230,ThermoMPNN,4XV2,0.505164384841919,113,R,M,F:\GENESIS Studio\genesis-studio\packages\engines-py\.pdb_cache\4XV2,A
2231,ThermoMPNN,4XV2,1.4516749382019043,113,R,N,F:\GENESIS Studio\genesis-studio\packages\engines-py\.pdb_cache\4XV2,A
2232,ThermoMPNN,4XV2,3.232767343521118,113,R,P,F:\GENESIS Studio\genesis-studio\packages\engines-py\.pdb_cache\4XV2,A
2233,ThermoMPNN,4XV2,0.7991601824760437,113,R,Q,F:\GENESIS Studio\genesis-studio\packages\engines-py\.pdb_cache\4XV2,A
2234,ThermoMPNN,4XV2,0.0,113,R,R,F:\GENESIS Studio\genesis-studio\packages\engines-py\.pdb_cache\4XV2,A
2235,ThermoMPNN,4XV2,1.2117271423339844,113,R,S,F:\GENESIS Studio\genesis-studio\packages\engines-py\.pdb_cache\4XV2,A
2236,ThermoMPNN,4XV2,1.027841567993164,113,R,T,F:\GENESIS Studio\genesis-studio\packages\engines-py\.pdb_cache\4XV2,A
2237,ThermoMPNN,4XV2,0.7320356965065002,113,R,V,F:\GENESIS Studio\genesis-studio\packages\engines-py\.pdb_cache\4XV2,A
2238,ThermoMPNN,4XV2,0.969759464263916,113,R,W,F:\GENESIS Studio\genesis-studio\packages\engines-py\.pdb_cache\4XV2,A
2239,ThermoMPNN,4XV2,1.0606682300567627,113,R,Y,F:\GENESIS Studio\genesis-studio\packages\engines-py\.pdb_cache\4XV2,A
2240,ThermoMPNN,4XV2,1.2043256759643555,114,G,A,F:\GENESIS Studio\genesis-studio\packages\engines-py\.pdb_cache\4XV2,A
2241,ThermoMPNN,4XV2,1.2730355262756348,114,G,C,F:\GENESIS Studio\genesis-studio\packages\engines-py\.pdb_cache\4XV2,A
2242,ThermoMPNN,4XV2,2.4095146656036377,114,G,D,F:\GENESIS Studio\genesis-studio\packages\engines-py\.pdb_cache\4XV2,A
2243,ThermoMPNN,4XV2,2.337290048599243,114,G,E,F:\GENESIS Studio\genesis-studio\packages\engines-py\.pdb_cache\4XV2,A
2244,ThermoMPNN,4XV2,1.1650854349136353,114,G,F,F:\GENESIS Studio\genesis-studio\packages\engines-py\.pdb_cache\4XV2,A
2245,ThermoMPNN,4XV2,0.0,114,G,G,F:\GENESIS Studio\genesis-studio\packages\engines-py\.pdb_cache\4XV2,A
2246,ThermoMPNN,4XV2,1.9813209772109985,114,G,H,F:\GENESIS Studio\genesis-studio\packages\engines-py\.pdb_cache\4XV2,A
2247,ThermoMPNN,4XV2,1.4926222562789917,114,G,I,F:\GENESIS Studio\genesis-studio\packages\engines-py\.pdb_cache\4XV2,A
2248,ThermoMPNN,4XV2,2.174726963043213,114,G,K,F:\GENESIS Studio\genesis-studio\packages\engines-py\.pdb_cache\4XV2,A
2249,ThermoMPNN,4XV2,1.6975512504577637,114,G,L,F:\GENESIS Studio\genesis-studio\packages\engines-py\.pdb_cache\4XV2,A
2250,ThermoMPNN,4XV2,1.6722666025161743,114,G,M,F:\GENESIS Studio\genesis-studio\packages\engines-py\.pdb_cache\4XV2,A
2251,ThermoMPNN,4XV2,2.2167892456054688,114,G,N,F:\GENESIS Studio\genesis-studio\packages\engines-py\.pdb_cache\4XV2,A
2252,ThermoMPNN,4XV2,1.9921751022338867,114,G,P,F:\GENESIS Studio\genesis-studio\packages\engines-py\.pdb_cache\4XV2,A
2253,ThermoMPNN,4XV2,2.181732177734375,114,G,Q,F:\GENESIS Studio\genesis-studio\packages\engines-py\.pdb_cache\4XV2,A
2254,ThermoMPNN,4XV2,1.936802864074707,114,G,R,F:\GENESIS Studio\genesis-studio\packages\engines-py\.pdb_cache\4XV2,A
2255,ThermoMPNN,4XV2,1.7806874513626099,114,G,S,F:\GENESIS Studio\genesis-studio\packages\engines-py\.pdb_cache\4XV2,A
2256,ThermoMPNN,4XV2,1.8503353595733643,114,G,T,F:\GENESIS Studio\genesis-studio\packages\engines-py\.pdb_cache\4XV2,A
2257,ThermoMPNN,4XV2,1.4051332473754883,114,G,V,F:\GENESIS Studio\genesis-studio\packages\engines-py\.pdb_cache\4XV2,A
2258,ThermoMPNN,4XV2,1.2458103895187378,114,G,W,F:\GENESIS Studio\genesis-studio\packages\engines-py\.pdb_cache\4XV2,A
2259,ThermoMPNN,4XV2,1.2701514959335327,114,G,Y,F:\GENESIS Studio\genesis-studio\packages\engines-py\.pdb_cache\4XV2,A
2260,ThermoMPNN,4XV2,2.1834096908569336,115,M,A,F:\GENESIS Studio\genesis-studio\packages\engines-py\.pdb_cache\4XV2,A
2261,ThermoMPNN,4XV2,1.5341007709503174,115,M,C,F:\GENESIS Studio\genesis-studio\packages\engines-py\.pdb_cache\4XV2,A
2262,ThermoMPNN,4XV2,3.2601394653320312,115,M,D,F:\GENESIS Studio\genesis-studio\packages\engines-py\.pdb_cache\4XV2,A
2263,ThermoMPNN,4XV2,2.7821147441864014,115,M,E,F:\GENESIS Studio\genesis-studio\packages\engines-py\.pdb_cache\4XV2,A
2264,ThermoMPNN,4XV2,1.5452994108200073,115,M,F,F:\GENESIS Studio\genesis-studio\packages\engines-py\.pdb_cache\4XV2,A
2265,ThermoMPNN,4XV2,3.168083429336548,115,M,G,F:\GENESIS Studio\genesis-studio\packages\engines-py\.pdb_cache\4XV2,A
2266,ThermoMPNN,4XV2,2.9470021724700928,115,M,H,F:\GENESIS Studio\genesis-studio\packages\engines-py\.pdb_cache\4XV2,A
2267,ThermoMPNN,4XV2,0.6961953639984131,115,M,I,F:\GENESIS Studio\genesis-studio\packages\engines-py\.pdb_cache\4XV2,A
2268,ThermoMPNN,4XV2,2.9959912300109863,115,M,K,F:\GENESIS Studio\genesis-studio\packages\engines-py\.pdb_cache\4XV2,A
2269,ThermoMPNN,4XV2,-0.059133052825927734,115,M,L,F:\GENESIS Studio\genesis-studio\packages\engines-py\.pdb_cache\4XV2,A
2270,ThermoMPNN,4XV2,0.0,115,M,M,F:\GENESIS Studio\genesis-studio\packages\engines-py\.pdb_cache\4XV2,A
2271,ThermoMPNN,4XV2,3.244622230529785,115,M,N,F:\GENESIS Studio\genesis-studio\packages\engines-py\.pdb_cache\4XV2,A
2272,ThermoMPNN,4XV2,2.9946932792663574,115,M,P,F:\GENESIS Studio\genesis-studio\packages\engines-py\.pdb_cache\4XV2,A
2273,ThermoMPNN,4XV2,2.4484336376190186,115,M,Q,F:\GENESIS Studio\genesis-studio\packages\engines-py\.pdb_cache\4XV2,A
2274,ThermoMPNN,4XV2,2.7918238639831543,115,M,R,F:\GENESIS Studio\genesis-studio\packages\engines-py\.pdb_cache\4XV2,A
2275,ThermoMPNN,4XV2,2.7227113246917725,115,M,S,F:\GENESIS Studio\genesis-studio\packages\engines-py\.pdb_cache\4XV2,A
2276,ThermoMPNN,4XV2,2.5351452827453613,115,M,T,F:\GENESIS Studio\genesis-studio\packages\engines-py\.pdb_cache\4XV2,A
2277,ThermoMPNN,4XV2,1.353070855140686,115,M,V,F:\GENESIS Studio\genesis-studio\packages\engines-py\.pdb_cache\4XV2,A
2278,ThermoMPNN,4XV2,2.128065347671509,115,M,W,F:\GENESIS Studio\genesis-studio\packages\engines-py\.pdb_cache\4XV2,A
2279,ThermoMPNN,4XV2,2.381948471069336,115,M,Y,F:\GENESIS Studio\genesis-studio\packages\engines-py\.pdb_cache\4XV2,A
2280,ThermoMPNN,4XV2,-0.29698097705841064,116,D,A,F:\GENESIS Studio\genesis-studio\packages\engines-py\.pdb_cache\4XV2,A
2281,ThermoMPNN,4XV2,-0.5159976482391357,116,D,C,F:\GENESIS Studio\genesis-studio\packages\engines-py\.pdb_cache\4XV2,A
2282,ThermoMPNN,4XV2,0.0,116,D,D,F:\GENESIS Studio\genesis-studio\packages\engines-py\.pdb_cache\4XV2,A
2283,ThermoMPNN,4XV2,-0.014297962188720703,116,D,E,F:\GENESIS Studio\genesis-studio\packages\engines-py\.pdb_cache\4XV2,A
2284,ThermoMPNN,4XV2,-0.2127557396888733,116,D,F,F:\GENESIS Studio\genesis-studio\packages\engines-py\.pdb_cache\4XV2,A
2285,ThermoMPNN,4XV2,0.4030357003211975,116,D,G,F:\GENESIS Studio\genesis-studio\packages\engines-py\.pdb_cache\4XV2,A
2286,ThermoMPNN,4XV2,0.13336682319641113,116,D,H,F:\GENESIS Studio\genesis-studio\packages\engines-py\.pdb_cache\4XV2,A
2287,ThermoMPNN,4XV2,0.42487090826034546,116,D,I,F:\GENESIS Studio\genesis-studio\packages\engines-py\.pdb_cache\4XV2,A
2288,ThermoMPNN,4XV2,0.5567460656166077,116,D,K,F:\GENESIS Studio\genesis-studio\packages\engines-py\.pdb_cache\4XV2,A
2289,ThermoMPNN,4XV2,0.003022313117980957,116,D,L,F:\GENESIS Studio\genesis-studio\packages\engines-py\.pdb_cache\4XV2,A
2290,ThermoMPNN,4XV2,-0.1590093970298767,116,D,M,F:\GENESIS Studio\genesis-studio\packages\engines-py\.pdb_cache\4XV2,A
2291,ThermoMPNN,4XV2,0.2449529767036438,116,D,N,F:\GENESIS Studio\genesis-studio\packages\engines-py\.pdb_cache\4XV2,A
2292,ThermoMPNN,4XV2,1.772266149520874,116,D,P,F:\GENESIS Studio\genesis-studio\packages\engines-py\.pdb_cache\4XV2,A
2293,ThermoMPNN,4XV2,0.11138761043548584,116,D,Q,F:\GENESIS Studio\genesis-studio\packages\engines-py\.pdb_cache\4XV2,A
2294,ThermoMPNN,4XV2,0.41986414790153503,116,D,R,F:\GENESIS Studio\genesis-studio\packages\engines-py\.pdb_cache\4XV2,A
2295,ThermoMPNN,4XV2,-0.012324154376983643,116,D,S,F:\GENESIS Studio\genesis-studio\packages\engines-py\.pdb_cache\4XV2,A
2296,ThermoMPNN,4XV2,0.3642059564590454,116,D,T,F:\GENESIS Studio\genesis-studio\packages\engines-py\.pdb_cache\4XV2,A
2297,ThermoMPNN,4XV2,0.27439579367637634,116,D,V,F:\GENESIS Studio\genesis-studio\packages\engines-py\.pdb_cache\4XV2,A
2298,ThermoMPNN,4XV2,-0.28466522693634033,116,D,W,F:\GENESIS Studio\genesis-studio\packages\engines-py\.pdb_cache\4XV2,A
2299,ThermoMPNN,4XV2,-0.09671872854232788,116,D,Y,F:\GENESIS Studio\genesis-studio\packages\engines-py\.pdb_cache\4XV2,A
2300,ThermoMPNN,4XV2,2.2448949813842773,117,Y,A,F:\GENESIS Studio\genesis-studio\packages\engines-py\.pdb_cache\4XV2,A
2301,ThermoMPNN,4XV2,1.4237319231033325,117,Y,C,F:\GENESIS Studio\genesis-studio\packages\engines-py\.pdb_cache\4XV2,A
2302,ThermoMPNN,4XV2,2.274458885192871,117,Y,D,F:\GENESIS Studio\genesis-studio\packages\engines-py\.pdb_cache\4XV2,A
2303,ThermoMPNN,4XV2,2.265944004058838,117,Y,E,F:\GENESIS Studio\genesis-studio\packages\engines-py\.pdb_cache\4XV2,A
2304,ThermoMPNN,4XV2,0.4460737705230713,117,Y,F,F:\GENESIS Studio\genesis-studio\packages\engines-py\.pdb_cache\4XV2,A
2305,ThermoMPNN,4XV2,2.6343371868133545,117,Y,G,F:\GENESIS Studio\genesis-studio\packages\engines-py\.pdb_cache\4XV2,A
2306,ThermoMPNN,4XV2,1.3742972612380981,117,Y,H,F:\GENESIS Studio\genesis-studio\packages\engines-py\.pdb_cache\4XV2,A
2307,ThermoMPNN,4XV2,2.146644353866577,117,Y,I,F:\GENESIS Studio\genesis-studio\packages\engines-py\.pdb_cache\4XV2,A
2308,ThermoMPNN,4XV2,2.4646897315979004,117,Y,K,F:\GENESIS Studio\genesis-studio\packages\engines-py\.pdb_cache\4XV2,A
2309,ThermoMPNN,4XV2,1.890388011932373,117,Y,L,F:\GENESIS Studio\genesis-studio\packages\engines-py\.pdb_cache\4XV2,A
2310,ThermoMPNN,4XV2,1.8801604509353638,117,Y,M,F:\GENESIS Studio\genesis-studio\packages\engines-py\.pdb_cache\4XV2,A
2311,ThermoMPNN,4XV2,2.1553075313568115,117,Y,N,F:\GENESIS Studio\genesis-studio\packages\engines-py\.pdb_cache\4XV2,A
2312,ThermoMPNN,4XV2,3.159788131713867,117,Y,P,F:\GENESIS Studio\genesis-studio\packages\engines-py\.pdb_cache\4XV2,A
2313,ThermoMPNN,4XV2,2.335502862930298,117,Y,Q,F:\GENESIS Studio\genesis-studio\packages\engines-py\.pdb_cache\4XV2,A
2314,ThermoMPNN,4XV2,2.1592679023742676,117,Y,R,F:\GENESIS Studio\genesis-studio\packages\engines-py\.pdb_cache\4XV2,A
2315,ThermoMPNN,4XV2,2.441286325454712,117,Y,S,F:\GENESIS Studio\genesis-studio\packages\engines-py\.pdb_cache\4XV2,A
2316,ThermoMPNN,4XV2,2.5108397006988525,117,Y,T,F:\GENESIS Studio\genesis-studio\packages\engines-py\.pdb_cache\4XV2,A
2317,ThermoMPNN,4XV2,2.209764242172241,117,Y,V,F:\GENESIS Studio\genesis-studio\packages\engines-py\.pdb_cache\4XV2,A
2318,ThermoMPNN,4XV2,0.4257059097290039,117,Y,W,F:\GENESIS Studio\genesis-studio\packages\engines-py\.pdb_cache\4XV2,A
2319,ThermoMPNN,4XV2,0.0,117,Y,Y,F:\GENESIS Studio\genesis-studio\packages\engines-py\.pdb_cache\4XV2,A
2320,ThermoMPNN,4XV2,2.1803886890411377,118,L,A,F:\GENESIS Studio\genesis-studio\packages\engines-py\.pdb_cache\4XV2,A
2321,ThermoMPNN,4XV2,1.4327232837677002,118,L,C,F:\GENESIS Studio\genesis-studio\packages\engines-py\.pdb_cache\4XV2,A
2322,ThermoMPNN,4XV2,2.7831456661224365,118,L,D,F:\GENESIS Studio\genesis-studio\packages\engines-py\.pdb_cache\4XV2,A
2323,ThermoMPNN,4XV2,2.581087112426758,118,L,E,F:\GENESIS Studio\genesis-studio\packages\engines-py\.pdb_cache\4XV2,A
2324,ThermoMPNN,4XV2,1.4869614839553833,118,L,F,F:\GENESIS Studio\genesis-studio\packages\engines-py\.pdb_cache\4XV2,A
2325,ThermoMPNN,4XV2,2.716270685195923,118,L,G,F:\GENESIS Studio\genesis-studio\packages\engines-py\.pdb_cache\4XV2,A
2326,ThermoMPNN,4XV2,2.6769280433654785,118,L,H,F:\GENESIS Studio\genesis-studio\packages\engines-py\.pdb_cache\4XV2,A
2327,ThermoMPNN,4XV2,1.2214863300323486,118,L,I,F:\GENESIS Studio\genesis-studio\packages\engines-py\.pdb_cache\4XV2,A
2328,ThermoMPNN,4XV2,2.5225255489349365,118,L,K,F:\GENESIS Studio\genesis-studio\packages\engines-py\.pdb_cache\4XV2,A
2329,ThermoMPNN,4XV2,0.0,118,L,L,F:\GENESIS Studio\genesis-studio\packages\engines-py\.pdb_cache\4XV2,A
2330,ThermoMPNN,4XV2,1.0323309898376465,118,L,M,F:\GENESIS Studio\genesis-studio\packages\engines-py\.pdb_cache\4XV2,A
2331,ThermoMPNN,4XV2,2.794100761413574,118,L,N,F:\GENESIS Studio\genesis-studio\packages\engines-py\.pdb_cache\4XV2,A
2332,ThermoMPNN,4XV2,2.971525192260742,118,L,P,F:\GENESIS Studio\genesis-studio\packages\engines-py\.pdb_cache\4XV2,A
2333,ThermoMPNN,4XV2,2.6041369438171387,118,L,Q,F:\GENESIS Studio\genesis-studio\packages\engines-py\.pdb_cache\4XV2,A
2334,ThermoMPNN,4XV2,2.5045156478881836,118,L,R,F:\GENESIS Studio\genesis-studio\packages\engines-py\.pdb_cache\4XV2,A
2335,ThermoMPNN,4XV2,2.598313093185425,118,L,S,F:\GENESIS Studio\genesis-studio\packages\engines-py\.pdb_cache\4XV2,A
2336,ThermoMPNN,4XV2,2.4601287841796875,118,L,T,F:\GENESIS Studio\genesis-studio\packages\engines-py\.pdb_cache\4XV2,A
2337,ThermoMPNN,4XV2,1.7545713186264038,118,L,V,F:\GENESIS Studio\genesis-studio\packages\engines-py\.pdb_cache\4XV2,A
2338,ThermoMPNN,4XV2,1.8702409267425537,118,L,W,F:\GENESIS Studio\genesis-studio\packages\engines-py\.pdb_cache\4XV2,A
2339,ThermoMPNN,4XV2,1.9858982563018799,118,L,Y,F:\GENESIS Studio\genesis-studio\packages\engines-py\.pdb_cache\4XV2,A
2340,ThermoMPNN,4XV2,1.0051380395889282,119,H,A,F:\GENESIS Studio\genesis-studio\packages\engines-py\.pdb_cache\4XV2,A
2341,ThermoMPNN,4XV2,0.8611444234848022,119,H,C,F:\GENESIS Studio\genesis-studio\packages\engines-py\.pdb_cache\4XV2,A
2342,ThermoMPNN,4XV2,2.456019163131714,119,H,D,F:\GENESIS Studio\genesis-studio\packages\engines-py\.pdb_cache\4XV2,A
2343,ThermoMPNN,4XV2,1.854171633720398,119,H,E,F:\GENESIS Studio\genesis-studio\packages\engines-py\.pdb_cache\4XV2,A
2344,ThermoMPNN,4XV2,1.0976412296295166,119,H,F,F:\GENESIS Studio\genesis-studio\packages\engines-py\.pdb_cache\4XV2,A
2345,ThermoMPNN,4XV2,2.016212224960327,119,H,G,F:\GENESIS Studio\genesis-studio\packages\engines-py\.pdb_cache\4XV2,A
2346,ThermoMPNN,4XV2,0.0,119,H,H,F:\GENESIS Studio\genesis-studio\packages\engines-py\.pdb_cache\4XV2,A
2347,ThermoMPNN,4XV2,1.7629938125610352,119,H,I,F:\GENESIS Studio\genesis-studio\packages\engines-py\.pdb_cache\4XV2,A
2348,ThermoMPNN,4XV2,1.2829222679138184,119,H,K,F:\GENESIS Studio\genesis-studio\packages\engines-py\.pdb_cache\4XV2,A
2349,ThermoMPNN,4XV2,1.623687982559204,119,H,L,F:\GENESIS Studio\genesis-studio\packages\engines-py\.pdb_cache\4XV2,A
2350,ThermoMPNN,4XV2,1.355855941772461,119,H,M,F:\GENESIS Studio\genesis-studio\packages\engines-py\.pdb_cache\4XV2,A
2351,ThermoMPNN,4XV2,1.311635971069336,119,H,N,F:\GENESIS Studio\genesis-studio\packages\engines-py\.pdb_cache\4XV2,A
2352,ThermoMPNN,4XV2,2.4478507041931152,119,H,P,F:\GENESIS Studio\genesis-studio\packages\engines-py\.pdb_cache\4XV2,A
2353,ThermoMPNN,4XV2,1.1047080755233765,119,H,Q,F:\GENESIS Studio\genesis-studio\packages\engines-py\.pdb_cache\4XV2,A
2354,ThermoMPNN,4XV2,1.1142988204956055,119,H,R,F:\GENESIS Studio\genesis-studio\packages\engines-py\.pdb_cache\4XV2,A
2355,ThermoMPNN,4XV2,1.3679349422454834,119,H,S,F:\GENESIS Studio\genesis-studio\packages\engines-py\.pdb_cache\4XV2,A
2356,ThermoMPNN,4XV2,1.9562523365020752,119,H,T,F:\GENESIS Studio\genesis-studio\packages\engines-py\.pdb_cache\4XV2,A
2357,ThermoMPNN,4XV2,1.5689070224761963,119,H,V,F:\GENESIS Studio\genesis-studio\packages\engines-py\.pdb_cache\4XV2,A
2358,ThermoMPNN,4XV2,1.0339157581329346,119,H,W,F:\GENESIS Studio\genesis-studio\packages\engines-py\.pdb_cache\4XV2,A
2359,ThermoMPNN,4XV2,0.5259337425231934,119,H,Y,F:\GENESIS Studio\genesis-studio\packages\engines-py\.pdb_cache\4XV2,A
2360,ThermoMPNN,4XV2,0.0,120,A,A,F:\GENESIS Studio\genesis-studio\packages\engines-py\.pdb_cache\4XV2,A
2361,ThermoMPNN,4XV2,0.05302143096923828,120,A,C,F:\GENESIS Studio\genesis-studio\packages\engines-py\.pdb_cache\4XV2,A
2362,ThermoMPNN,4XV2,0.4872804880142212,120,A,D,F:\GENESIS Studio\genesis-studio\packages\engines-py\.pdb_cache\4XV2,A
2363,ThermoMPNN,4XV2,0.3248063921928406,120,A,E,F:\GENESIS Studio\genesis-studio\packages\engines-py\.pdb_cache\4XV2,A
2364,ThermoMPNN,4XV2,0.4245060086250305,120,A,F,F:\GENESIS Studio\genesis-studio\packages\engines-py\.pdb_cache\4XV2,A
2365,ThermoMPNN,4XV2,0.6110122799873352,120,A,G,F:\GENESIS Studio\genesis-studio\packages\engines-py\.pdb_cache\4XV2,A
2366,ThermoMPNN,4XV2,0.218553364276886,120,A,H,F:\GENESIS Studio\genesis-studio\packages\engines-py\.pdb_cache\4XV2,A
2367,ThermoMPNN,4XV2,0.25899451971054077,120,A,I,F:\GENESIS Studio\genesis-studio\packages\engines-py\.pdb_cache\4XV2,A
2368,ThermoMPNN,4XV2,-0.15363729000091553,120,A,K,F:\GENESIS Studio\genesis-studio\packages\engines-py\.pdb_cache\4XV2,A
2369,ThermoMPNN,4XV2,0.10419249534606934,120,A,L,F:\GENESIS Studio\genesis-studio\packages\engines-py\.pdb_cache\4XV2,A
2370,ThermoMPNN,4XV2,0.029458045959472656,120,A,M,F:\GENESIS Studio\genesis-studio\packages\engines-py\.pdb_cache\4XV2,A
2371,ThermoMPNN,4XV2,0.1865515112876892,120,A,N,F:\GENESIS Studio\genesis-studio\packages\engines-py\.pdb_cache\4XV2,A
2372,ThermoMPNN,4XV2,2.378237724304199,120,A,P,F:\GENESIS Studio\genesis-studio\packages\engines-py\.pdb_cache\4XV2,A
2373,ThermoMPNN,4XV2,-0.03310203552246094,120,A,Q,F:\GENESIS Studio\genesis-studio\packages\engines-py\.pdb_cache\4XV2,A
2374,ThermoMPNN,4XV2,-0.18287408351898193,120,A,R,F:\GENESIS Studio\genesis-studio\packages\engines-py\.pdb_cache\4XV2,A
2375,ThermoMPNN,4XV2,0.11703795194625854,120,A,S,F:\GENESIS Studio\genesis-studio\packages\engines-py\.pdb_cache\4XV2,A
2376,ThermoMPNN,4XV2,0.3099921941757202,120,A,T,F:\GENESIS Studio\genesis-studio\packages\engines-py\.pdb_cache\4XV2,A
2377,ThermoMPNN,4XV2,0.42201894521713257,120,A,V,F:\GENESIS Studio\genesis-studio\packages\engines-py\.pdb_cache\4XV2,A
2378,ThermoMPNN,4XV2,0.36369144916534424,120,A,W,F:\GENESIS Studio\genesis-studio\packages\engines-py\.pdb_cache\4XV2,A
2379,ThermoMPNN,4XV2,0.3781547546386719,120,A,Y,F:\GENESIS Studio\genesis-studio\packages\engines-py\.pdb_cache\4XV2,A
2380,ThermoMPNN,4XV2,0.4480687379837036,121,K,A,F:\GENESIS Studio\genesis-studio\packages\engines-py\.pdb_cache\4XV2,A
2381,ThermoMPNN,4XV2,-0.031429171562194824,121,K,C,F:\GENESIS Studio\genesis-studio\packages\engines-py\.pdb_cache\4XV2,A
2382,ThermoMPNN,4XV2,1.6401162147521973,121,K,D,F:\GENESIS Studio\genesis-studio\packages\engines-py\.pdb_cache\4XV2,A
2383,ThermoMPNN,4XV2,0.3258310556411743,121,K,E,F:\GENESIS Studio\genesis-studio\packages\engines-py\.pdb_cache\4XV2,A
2384,ThermoMPNN,4XV2,0.4828556776046753,121,K,F,F:\GENESIS Studio\genesis-studio\packages\engines-py\.pdb_cache\4XV2,A
2385,ThermoMPNN,4XV2,1.200595736503601,121,K,G,F:\GENESIS Studio\genesis-studio\packages\engines-py\.pdb_cache\4XV2,A
2386,ThermoMPNN,4XV2,0.6449428200721741,121,K,H,F:\GENESIS Studio\genesis-studio\packages\engines-py\.pdb_cache\4XV2,A
2387,ThermoMPNN,4XV2,-0.21793639659881592,121,K,I,F:\GENESIS Studio\genesis-studio\packages\engines-py\.pdb_cache\4XV2,A
2388,ThermoMPNN,4XV2,0.0,121,K,K,F:\GENESIS Studio\genesis-studio\packages\engines-py\.pdb_cache\4XV2,A
2389,ThermoMPNN,4XV2,-0.6401361227035522,121,K,L,F:\GENESIS Studio\genesis-studio\packages\engines-py\.pdb_cache\4XV2,A
2390,ThermoMPNN,4XV2,-0.32777202129364014,121,K,M,F:\GENESIS Studio\genesis-studio\packages\engines-py\.pdb_cache\4XV2,A
2391,ThermoMPNN,4XV2,0.9323962926864624,121,K,N,F:\GENESIS Studio\genesis-studio\packages\engines-py\.pdb_cache\4XV2,A
2392,ThermoMPNN,4XV2,2.1346702575683594,121,K,P,F:\GENESIS Studio\genesis-studio\packages\engines-py\.pdb_cache\4XV2,A
2393,ThermoMPNN,4XV2,0.043375253677368164,121,K,Q,F:\GENESIS Studio\genesis-studio\packages\engines-py\.pdb_cache\4XV2,A
2394,ThermoMPNN,4XV2,0.13107633590698242,121,K,R,F:\GENESIS Studio\genesis-studio\packages\engines-py\.pdb_cache\4XV2,A
2395,ThermoMPNN,4XV2,0.806098222732544,121,K,S,F:\GENESIS Studio\genesis-studio\packages\engines-py\.pdb_cache\4XV2,A
2396,ThermoMPNN,4XV2,0.6946038007736206,121,K,T,F:\GENESIS Studio\genesis-studio\packages\engines-py\.pdb_cache\4XV2,A
2397,ThermoMPNN,4XV2,0.20571011304855347,121,K,V,F:\GENESIS Studio\genesis-studio\packages\engines-py\.pdb_cache\4XV2,A
2398,ThermoMPNN,4XV2,0.522403359413147,121,K,W,F:\GENESIS Studio\genesis-studio\packages\engines-py\.pdb_cache\4XV2,A
2399,ThermoMPNN,4XV2,0.500491201877594,121,K,Y,F:\GENESIS Studio\genesis-studio\packages\engines-py\.pdb_cache\4XV2,A
2400,ThermoMPNN,4XV2,0.05538743734359741,122,S,A,F:\GENESIS Studio\genesis-studio\packages\engines-py\.pdb_cache\4XV2,A
2401,ThermoMPNN,4XV2,-0.5348805785179138,122,S,C,F:\GENESIS Studio\genesis-studio\packages\engines-py\.pdb_cache\4XV2,A
2402,ThermoMPNN,4XV2,-0.03205132484436035,122,S,D,F:\GENESIS Studio\genesis-studio\packages\engines-py\.pdb_cache\4XV2,A
2403,ThermoMPNN,4XV2,-0.012850582599639893,122,S,E,F:\GENESIS Studio\genesis-studio\packages\engines-py\.pdb_cache\4XV2,A
2404,ThermoMPNN,4XV2,0.09001368284225464,122,S,F,F:\GENESIS Studio\genesis-studio\packages\engines-py\.pdb_cache\4XV2,A
2405,ThermoMPNN,4XV2,-0.7891997694969177,122,S,G,F:\GENESIS Studio\genesis-studio\packages\engines-py\.pdb_cache\4XV2,A
2406,ThermoMPNN,4XV2,-0.300917387008667,122,S,H,F:\GENESIS Studio\genesis-studio\packages\engines-py\.pdb_cache\4XV2,A
2407,ThermoMPNN,4XV2,0.9352301359176636,122,S,I,F:\GENESIS Studio\genesis-studio\packages\engines-py\.pdb_cache\4XV2,A
2408,ThermoMPNN,4XV2,-0.25180208683013916,122,S,K,F:\GENESIS Studio\genesis-studio\packages\engines-py\.pdb_cache\4XV2,A
2409,ThermoMPNN,4XV2,0.19975963234901428,122,S,L,F:\GENESIS Studio\genesis-studio\packages\engines-py\.pdb_cache\4XV2,A
2410,ThermoMPNN,4XV2,-0.16088730096817017,122,S,M,F:\GENESIS Studio\genesis-studio\packages\engines-py\.pdb_cache\4XV2,A
2411,ThermoMPNN,4XV2,-0.5676167607307434,122,S,N,F:\GENESIS Studio\genesis-studio\packages\engines-py\.pdb_cache\4XV2,A
2412,ThermoMPNN,4XV2,1.8141937255859375,122,S,P,F:\GENESIS Studio\genesis-studio\packages\engines-py\.pdb_cache\4XV2,A
2413,ThermoMPNN,4XV2,-0.37616223096847534,122,S,Q,F:\GENESIS Studio\genesis-studio\packages\engines-py\.pdb_cache\4XV2,A
2414,ThermoMPNN,4XV2,0.008262574672698975,122,S,R,F:\GENESIS Studio\genesis-studio\packages\engines-py\.pdb_cache\4XV2,A
2415,ThermoMPNN,4XV2,0.0,122,S,S,F:\GENESIS Studio\genesis-studio\packages\engines-py\.pdb_cache\4XV2,A
2416,ThermoMPNN,4XV2,0.6434869170188904,122,S,T,F:\GENESIS Studio\genesis-studio\packages\engines-py\.pdb_cache\4XV2,A
2417,ThermoMPNN,4XV2,0.8469761610031128,122,S,V,F:\GENESIS Studio\genesis-studio\packages\engines-py\.pdb_cache\4XV2,A
2418,ThermoMPNN,4XV2,0.3498944640159607,122,S,W,F:\GENESIS Studio\genesis-studio\packages\engines-py\.pdb_cache\4XV2,A
2419,ThermoMPNN,4XV2,0.2536516487598419,122,S,Y,F:\GENESIS Studio\genesis-studio\packages\engines-py\.pdb_cache\4XV2,A
2420,ThermoMPNN,4XV2,1.5577912330627441,123,I,A,F:\GENESIS Studio\genesis-studio\packages\engines-py\.pdb_cache\4XV2,A
2421,ThermoMPNN,4XV2,1.0844056606292725,123,I,C,F:\GENESIS Studio\genesis-studio\packages\engines-py\.pdb_cache\4XV2,A
2422,ThermoMPNN,4XV2,2.2134575843811035,123,I,D,F:\GENESIS Studio\genesis-studio\packages\engines-py\.pdb_cache\4XV2,A
2423,ThermoMPNN,4XV2,2.022034168243408,123,I,E,F:\GENESIS Studio\genesis-studio\packages\engines-py\.pdb_cache\4XV2,A
2424,ThermoMPNN,4XV2,0.7953919172286987,123,I,F,F:\GENESIS Studio\genesis-studio\packages\engines-py\.pdb_cache\4XV2,A
2425,ThermoMPNN,4XV2,2.281278133392334,123,I,G,F:\GENESIS Studio\genesis-studio\packages\engines-py\.pdb_cache\4XV2,A
2426,ThermoMPNN,4XV2,1.5068345069885254,123,I,H,F:\GENESIS Studio\genesis-studio\packages\engines-py\.pdb_cache\4XV2,A
2427,ThermoMPNN,4XV2,0.0,123,I,I,F:\GENESIS Studio\genesis-studio\packages\engines-py\.pdb_cache\4XV2,A
2428,ThermoMPNN,4XV2,1.7972230911254883,123,I,K,F:\GENESIS Studio\genesis-studio\packages\engines-py\.pdb_cache\4XV2,A
2429,ThermoMPNN,4XV2,0.6323552131652832,123,I,L,F:\GENESIS Studio\genesis-studio\packages\engines-py\.pdb_cache\4XV2,A
2430,ThermoMPNN,4XV2,0.9220999479293823,123,I,M,F:\GENESIS Studio\genesis-studio\packages\engines-py\.pdb_cache\4XV2,A
2431,ThermoMPNN,4XV2,2.0655786991119385,123,I,N,F:\GENESIS Studio\genesis-studio\packages\engines-py\.pdb_cache\4XV2,A
2432,ThermoMPNN,4XV2,2.56935453414917,123,I,P,F:\GENESIS Studio\genesis-studio\packages\engines-py\.pdb_cache\4XV2,A
2433,ThermoMPNN,4XV2,1.8003449440002441,123,I,Q,F:\GENESIS Studio\genesis-studio\packages\engines-py\.pdb_cache\4XV2,A
2434,ThermoMPNN,4XV2,1.7779691219329834,123,I,R,F:\GENESIS Studio\genesis-studio\packages\engines-py\.pdb_cache\4XV2,A
2435,ThermoMPNN,4XV2,2.009200096130371,123,I,S,F:\GENESIS Studio\genesis-studio\packages\engines-py\.pdb_cache\4XV2,A
2436,ThermoMPNN,4XV2,1.7303351163864136,123,I,T,F:\GENESIS Studio\genesis-studio\packages\engines-py\.pdb_cache\4XV2,A
2437,ThermoMPNN,4XV2,0.7143187522888184,123,I,V,F:\GENESIS Studio\genesis-studio\packages\engines-py\.pdb_cache\4XV2,A
2438,ThermoMPNN,4XV2,0.8585178852081299,123,I,W,F:\GENESIS Studio\genesis-studio\packages\engines-py\.pdb_cache\4XV2,A
2439,ThermoMPNN,4XV2,0.8284356594085693,123,I,Y,F:\GENESIS Studio\genesis-studio\packages\engines-py\.pdb_cache\4XV2,A
2440,ThermoMPNN,4XV2,1.805434226989746,124,I,A,F:\GENESIS Studio\genesis-studio\packages\engines-py\.pdb_cache\4XV2,A
2441,ThermoMPNN,4XV2,1.1770764589309692,124,I,C,F:\GENESIS Studio\genesis-studio\packages\engines-py\.pdb_cache\4XV2,A
2442,ThermoMPNN,4XV2,2.619459629058838,124,I,D,F:\GENESIS Studio\genesis-studio\packages\engines-py\.pdb_cache\4XV2,A
2443,ThermoMPNN,4XV2,2.342656135559082,124,I,E,F:\GENESIS Studio\genesis-studio\packages\engines-py\.pdb_cache\4XV2,A
2444,ThermoMPNN,4XV2,1.583167314529419,124,I,F,F:\GENESIS Studio\genesis-studio\packages\engines-py\.pdb_cache\4XV2,A
2445,ThermoMPNN,4XV2,2.4832019805908203,124,I,G,F:\GENESIS Studio\genesis-studio\packages\engines-py\.pdb_cache\4XV2,A
2446,ThermoMPNN,4XV2,2.164994955062866,124,I,H,F:\GENESIS Studio\genesis-studio\packages\engines-py\.pdb_cache\4XV2,A
2447,ThermoMPNN,4XV2,0.0,124,I,I,F:\GENESIS Studio\genesis-studio\packages\engines-py\.pdb_cache\4XV2,A
2448,ThermoMPNN,4XV2,1.7305716276168823,124,I,K,F:\GENESIS Studio\genesis-studio\packages\engines-py\.pdb_cache\4XV2,A
2449,ThermoMPNN,4XV2,0.41088342666625977,124,I,L,F:\GENESIS Studio\genesis-studio\packages\engines-py\.pdb_cache\4XV2,A
2450,ThermoMPNN,4XV2,1.0336860418319702,124,I,M,F:\GENESIS Studio\genesis-studio\packages\engines-py\.pdb_cache\4XV2,A
2451,ThermoMPNN,4XV2,2.341160774230957,124,I,N,F:\GENESIS Studio\genesis-studio\packages\engines-py\.pdb_cache\4XV2,A
2452,ThermoMPNN,4XV2,2.4194629192352295,124,I,P,F:\GENESIS Studio\genesis-studio\packages\engines-py\.pdb_cache\4XV2,A
2453,ThermoMPNN,4XV2,1.9108142852783203,124,I,Q,F:\GENESIS Studio\genesis-studio\packages\engines-py\.pdb_cache\4XV2,A
2454,ThermoMPNN,4XV2,1.8833434581756592,124,I,R,F:\GENESIS Studio\genesis-studio\packages\engines-py\.pdb_cache\4XV2,A
2455,ThermoMPNN,4XV2,2.169616222381592,124,I,S,F:\GENESIS Studio\genesis-studio\packages\engines-py\.pdb_cache\4XV2,A
2456,ThermoMPNN,4XV2,1.604151725769043,124,I,T,F:\GENESIS Studio\genesis-studio\packages\engines-py\.pdb_cache\4XV2,A
2457,ThermoMPNN,4XV2,0.47305798530578613,124,I,V,F:\GENESIS Studio\genesis-studio\packages\engines-py\.pdb_cache\4XV2,A
2458,ThermoMPNN,4XV2,1.6424874067306519,124,I,W,F:\GENESIS Studio\genesis-studio\packages\engines-py\.pdb_cache\4XV2,A
2459,ThermoMPNN,4XV2,1.777321696281433,124,I,Y,F:\GENESIS Studio\genesis-studio\packages\engines-py\.pdb_cache\4XV2,A
2460,ThermoMPNN,4XV2,1.3805837631225586,125,H,A,F:\GENESIS Studio\genesis-studio\packages\engines-py\.pdb_cache\4XV2,A
2461,ThermoMPNN,4XV2,0.6660124063491821,125,H,C,F:\GENESIS Studio\genesis-studio\packages\engines-py\.pdb_cache\4XV2,A
2462,ThermoMPNN,4XV2,1.8706568479537964,125,H,D,F:\GENESIS Studio\genesis-studio\packages\engines-py\.pdb_cache\4XV2,A
2463,ThermoMPNN,4XV2,2.1489827632904053,125,H,E,F:\GENESIS Studio\genesis-studio\packages\engines-py\.pdb_cache\4XV2,A
2464,ThermoMPNN,4XV2,1.002974033355713,125,H,F,F:\GENESIS Studio\genesis-studio\packages\engines-py\.pdb_cache\4XV2,A
2465,ThermoMPNN,4XV2,1.8168226480484009,125,H,G,F:\GENESIS Studio\genesis-studio\packages\engines-py\.pdb_cache\4XV2,A
2466,ThermoMPNN,4XV2,0.0,125,H,H,F:\GENESIS Studio\genesis-studio\packages\engines-py\.pdb_cache\4XV2,A
2467,ThermoMPNN,4XV2,1.3631949424743652,125,H,I,F:\GENESIS Studio\genesis-studio\packages\engines-py\.pdb_cache\4XV2,A
2468,ThermoMPNN,4XV2,1.4989432096481323,125,H,K,F:\GENESIS Studio\genesis-studio\packages\engines-py\.pdb_cache\4XV2,A
2469,ThermoMPNN,4XV2,1.3430991172790527,125,H,L,F:\GENESIS Studio\genesis-studio\packages\engines-py\.pdb_cache\4XV2,A
2470,ThermoMPNN,4XV2,1.4112200736999512,125,H,M,F:\GENESIS Studio\genesis-studio\packages\engines-py\.pdb_cache\4XV2,A
2471,ThermoMPNN,4XV2,0.7175087928771973,125,H,N,F:\GENESIS Studio\genesis-studio\packages\engines-py\.pdb_cache\4XV2,A
2472,ThermoMPNN,4XV2,1.9239294528961182,125,H,P,F:\GENESIS Studio\genesis-studio\packages\engines-py\.pdb_cache\4XV2,A
2473,ThermoMPNN,4XV2,1.5243189334869385,125,H,Q,F:\GENESIS Studio\genesis-studio\packages\engines-py\.pdb_cache\4XV2,A
2474,ThermoMPNN,4XV2,1.260817289352417,125,H,R,F:\GENESIS Studio\genesis-studio\packages\engines-py\.pdb_cache\4XV2,A
2475,ThermoMPNN,4XV2,1.3202898502349854,125,H,S,F:\GENESIS Studio\genesis-studio\packages\engines-py\.pdb_cache\4XV2,A
2476,ThermoMPNN,4XV2,1.8096463680267334,125,H,T,F:\GENESIS Studio\genesis-studio\packages\engines-py\.pdb_cache\4XV2,A
2477,ThermoMPNN,4XV2,1.478029489517212,125,H,V,F:\GENESIS Studio\genesis-studio\packages\engines-py\.pdb_cache\4XV2,A
2478,ThermoMPNN,4XV2,1.2021201848983765,125,H,W,F:\GENESIS Studio\genesis-studio\packages\engines-py\.pdb_cache\4XV2,A
2479,ThermoMPNN,4XV2,0.5480141639709473,125,H,Y,F:\GENESIS Studio\genesis-studio\packages\engines-py\.pdb_cache\4XV2,A
2480,ThermoMPNN,4XV2,1.3473882675170898,126,R,A,F:\GENESIS Studio\genesis-studio\packages\engines-py\.pdb_cache\4XV2,A
2481,ThermoMPNN,4XV2,0.8473868370056152,126,R,C,F:\GENESIS Studio\genesis-studio\packages\engines-py\.pdb_cache\4XV2,A
2482,ThermoMPNN,4XV2,2.967777967453003,126,R,D,F:\GENESIS Studio\genesis-studio\packages\engines-py\.pdb_cache\4XV2,A
2483,ThermoMPNN,4XV2,2.167341947555542,126,R,E,F:\GENESIS Studio\genesis-studio\packages\engines-py\.pdb_cache\4XV2,A
2484,ThermoMPNN,4XV2,1.1427812576293945,126,R,F,F:\GENESIS Studio\genesis-studio\packages\engines-py\.pdb_cache\4XV2,A
2485,ThermoMPNN,4XV2,1.6479219198226929,126,R,G,F:\GENESIS Studio\genesis-studio\packages\engines-py\.pdb_cache\4XV2,A
2486,ThermoMPNN,4XV2,1.2445181608200073,126,R,H,F:\GENESIS Studio\genesis-studio\packages\engines-py\.pdb_cache\4XV2,A
2487,ThermoMPNN,4XV2,1.4878164529800415,126,R,I,F:\GENESIS Studio\genesis-studio\packages\engines-py\.pdb_cache\4XV2,A
2488,ThermoMPNN,4XV2,0.4880104064941406,126,R,K,F:\GENESIS Studio\genesis-studio\packages\engines-py\.pdb_cache\4XV2,A
2489,ThermoMPNN,4XV2,0.9273618459701538,126,R,L,F:\GENESIS Studio\genesis-studio\packages\engines-py\.pdb_cache\4XV2,A
2490,ThermoMPNN,4XV2,0.8648126125335693,126,R,M,F:\GENESIS Studio\genesis-studio\packages\engines-py\.pdb_cache\4XV2,A
2491,ThermoMPNN,4XV2,1.88633394241333,126,R,N,F:\GENESIS Studio\genesis-studio\packages\engines-py\.pdb_cache\4XV2,A
2492,ThermoMPNN,4XV2,3.1942954063415527,126,R,P,F:\GENESIS Studio\genesis-studio\packages\engines-py\.pdb_cache\4XV2,A
2493,ThermoMPNN,4XV2,1.0645792484283447,126,R,Q,F:\GENESIS Studio\genesis-studio\packages\engines-py\.pdb_cache\4XV2,A
2494,ThermoMPNN,4XV2,0.0,126,R,R,F:\GENESIS Studio\genesis-studio\packages\engines-py\.pdb_cache\4XV2,A
2495,ThermoMPNN,4XV2,1.5928378105163574,126,R,S,F:\GENESIS Studio\genesis-studio\packages\engines-py\.pdb_cache\4XV2,A
2496,ThermoMPNN,4XV2,1.3393970727920532,126,R,T,F:\GENESIS Studio\genesis-studio\packages\engines-py\.pdb_cache\4XV2,A
2497,ThermoMPNN,4XV2,1.3632125854492188,126,R,V,F:\GENESIS Studio\genesis-studio\packages\engines-py\.pdb_cache\4XV2,A
2498,ThermoMPNN,4XV2,1.367254614830017,126,R,W,F:\GENESIS Studio\genesis-studio\packages\engines-py\.pdb_cache\4XV2,A
2499,ThermoMPNN,4XV2,1.192500352859497,126,R,Y,F:\GENESIS Studio\genesis-studio\packages\engines-py\.pdb_cache\4XV2,A
2500,ThermoMPNN,4XV2,0.230479896068573,127,D,A,F:\GENESIS Studio\genesis-studio\packages\engines-py\.pdb_cache\4XV2,A
2501,ThermoMPNN,4XV2,0.11568868160247803,127,D,C,F:\GENESIS Studio\genesis-studio\packages\engines-py\.pdb_cache\4XV2,A
2502,ThermoMPNN,4XV2,0.0,127,D,D,F:\GENESIS Studio\genesis-studio\packages\engines-py\.pdb_cache\4XV2,A
2503,ThermoMPNN,4XV2,0.5198343992233276,127,D,E,F:\GENESIS Studio\genesis-studio\packages\engines-py\.pdb_cache\4XV2,A
2504,ThermoMPNN,4XV2,0.4051769971847534,127,D,F,F:\GENESIS Studio\genesis-studio\packages\engines-py\.pdb_cache\4XV2,A
2505,ThermoMPNN,4XV2,0.344112753868103,127,D,G,F:\GENESIS Studio\genesis-studio\packages\engines-py\.pdb_cache\4XV2,A
2506,ThermoMPNN,4XV2,0.49609971046447754,127,D,H,F:\GENESIS Studio\genesis-studio\packages\engines-py\.pdb_cache\4XV2,A
2507,ThermoMPNN,4XV2,0.827958881855011,127,D,I,F:\GENESIS Studio\genesis-studio\packages\engines-py\.pdb_cache\4XV2,A
2508,ThermoMPNN,4XV2,0.7027862071990967,127,D,K,F:\GENESIS Studio\genesis-studio\packages\engines-py\.pdb_cache\4XV2,A
2509,ThermoMPNN,4XV2,0.7319283485412598,127,D,L,F:\GENESIS Studio\genesis-studio\packages\engines-py\.pdb_cache\4XV2,A
2510,ThermoMPNN,4XV2,0.5646553635597229,127,D,M,F:\GENESIS Studio\genesis-studio\packages\engines-py\.pdb_cache\4XV2,A
2511,ThermoMPNN,4XV2,0.42165952920913696,127,D,N,F:\GENESIS Studio\genesis-studio\packages\engines-py\.pdb_cache\4XV2,A
2512,ThermoMPNN,4XV2,0.9969460368156433,127,D,P,F:\GENESIS Studio\genesis-studio\packages\engines-py\.pdb_cache\4XV2,A
2513,ThermoMPNN,4XV2,0.5467931032180786,127,D,Q,F:\GENESIS Studio\genesis-studio\packages\engines-py\.pdb_cache\4XV2,A
2514,ThermoMPNN,4XV2,0.7015284299850464,127,D,R,F:\GENESIS Studio\genesis-studio\packages\engines-py\.pdb_cache\4XV2,A
2515,ThermoMPNN,4XV2,0.2503378391265869,127,D,S,F:\GENESIS Studio\genesis-studio\packages\engines-py\.pdb_cache\4XV2,A
2516,ThermoMPNN,4XV2,0.5258039236068726,127,D,T,F:\GENESIS Studio\genesis-studio\packages\engines-py\.pdb_cache\4XV2,A
2517,ThermoMPNN,4XV2,0.820641279220581,127,D,V,F:\GENESIS Studio\genesis-studio\packages\engines-py\.pdb_cache\4XV2,A
2518,ThermoMPNN,4XV2,0.3989356756210327,127,D,W,F:\GENESIS Studio\genesis-studio\packages\engines-py\.pdb_cache\4XV2,A
2519,ThermoMPNN,4XV2,0.37092888355255127,127,D,Y,F:\GENESIS Studio\genesis-studio\packages\engines-py\.pdb_cache\4XV2,A
2520,ThermoMPNN,4XV2,2.106602191925049,128,L,A,F:\GENESIS Studio\genesis-studio\packages\engines-py\.pdb_cache\4XV2,A
2521,ThermoMPNN,4XV2,1.1731901168823242,128,L,C,F:\GENESIS Studio\genesis-studio\packages\engines-py\.pdb_cache\4XV2,A
2522,ThermoMPNN,4XV2,2.2730789184570312,128,L,D,F:\GENESIS Studio\genesis-studio\packages\engines-py\.pdb_cache\4XV2,A
2523,ThermoMPNN,4XV2,2.262331247329712,128,L,E,F:\GENESIS Studio\genesis-studio\packages\engines-py\.pdb_cache\4XV2,A
2524,ThermoMPNN,4XV2,0.1814863681793213,128,L,F,F:\GENESIS Studio\genesis-studio\packages\engines-py\.pdb_cache\4XV2,A
2525,ThermoMPNN,4XV2,2.2549962997436523,128,L,G,F:\GENESIS Studio\genesis-studio\packages\engines-py\.pdb_cache\4XV2,A
2526,ThermoMPNN,4XV2,2.1488325595855713,128,L,H,F:\GENESIS Studio\genesis-studio\packages\engines-py\.pdb_cache\4XV2,A
2527,ThermoMPNN,4XV2,0.6298997402191162,128,L,I,F:\GENESIS Studio\genesis-studio\packages\engines-py\.pdb_cache\4XV2,A
2528,ThermoMPNN,4XV2,2.4943363666534424,128,L,K,F:\GENESIS Studio\genesis-studio\packages\engines-py\.pdb_cache\4XV2,A
2529,ThermoMPNN,4XV2,0.0,128,L,L,F:\GENESIS Studio\genesis-studio\packages\engines-py\.pdb_cache\4XV2,A
2530,ThermoMPNN,4XV2,0.5188454389572144,128,L,M,F:\GENESIS Studio\genesis-studio\packages\engines-py\.pdb_cache\4XV2,A
2531,ThermoMPNN,4XV2,2.4404640197753906,128,L,N,F:\GENESIS Studio\genesis-studio\packages\engines-py\.pdb_cache\4XV2,A
2532,ThermoMPNN,4XV2,1.9236609935760498,128,L,P,F:\GENESIS Studio\genesis-studio\packages\engines-py\.pdb_cache\4XV2,A
2533,ThermoMPNN,4XV2,2.261050224304199,128,L,Q,F:\GENESIS Studio\genesis-studio\packages\engines-py\.pdb_cache\4XV2,A
2534,ThermoMPNN,4XV2,2.4108643531799316,128,L,R,F:\GENESIS Studio\genesis-studio\packages\engines-py\.pdb_cache\4XV2,A
2535,ThermoMPNN,4XV2,2.3085246086120605,128,L,S,F:\GENESIS Studio\genesis-studio\packages\engines-py\.pdb_cache\4XV2,A
2536,ThermoMPNN,4XV2,2.046954870223999,128,L,T,F:\GENESIS Studio\genesis-studio\packages\engines-py\.pdb_cache\4XV2,A
2537,ThermoMPNN,4XV2,1.314762830734253,128,L,V,F:\GENESIS Studio\genesis-studio\packages\engines-py\.pdb_cache\4XV2,A
2538,ThermoMPNN,4XV2,1.438009262084961,128,L,W,F:\GENESIS Studio\genesis-studio\packages\engines-py\.pdb_cache\4XV2,A
2539,ThermoMPNN,4XV2,1.2743699550628662,128,L,Y,F:\GENESIS Studio\genesis-studio\packages\engines-py\.pdb_cache\4XV2,A
2540,ThermoMPNN,4XV2,0.6475584506988525,129,K,A,F:\GENESIS Studio\genesis-studio\packages\engines-py\.pdb_cache\4XV2,A
2541,ThermoMPNN,4XV2,0.850905179977417,129,K,C,F:\GENESIS Studio\genesis-studio\packages\engines-py\.pdb_cache\4XV2,A
2542,ThermoMPNN,4XV2,2.9601645469665527,129,K,D,F:\GENESIS Studio\genesis-studio\packages\engines-py\.pdb_cache\4XV2,A
2543,ThermoMPNN,4XV2,1.8617970943450928,129,K,E,F:\GENESIS Studio\genesis-studio\packages\engines-py\.pdb_cache\4XV2,A
2544,ThermoMPNN,4XV2,1.7529423236846924,129,K,F,F:\GENESIS Studio\genesis-studio\packages\engines-py\.pdb_cache\4XV2,A
2545,ThermoMPNN,4XV2,1.544593334197998,129,K,G,F:\GENESIS Studio\genesis-studio\packages\engines-py\.pdb_cache\4XV2,A
2546,ThermoMPNN,4XV2,1.1787381172180176,129,K,H,F:\GENESIS Studio\genesis-studio\packages\engines-py\.pdb_cache\4XV2,A
2547,ThermoMPNN,4XV2,1.4772335290908813,129,K,I,F:\GENESIS Studio\genesis-studio\packages\engines-py\.pdb_cache\4XV2,A
2548,ThermoMPNN,4XV2,0.0,129,K,K,F:\GENESIS Studio\genesis-studio\packages\engines-py\.pdb_cache\4XV2,A
2549,ThermoMPNN,4XV2,1.6408357620239258,129,K,L,F:\GENESIS Studio\genesis-studio\packages\engines-py\.pdb_cache\4XV2,A
2550,ThermoMPNN,4XV2,1.0571784973144531,129,K,M,F:\GENESIS Studio\genesis-studio\packages\engines-py\.pdb_cache\4XV2,A
2551,ThermoMPNN,4XV2,1.7090137004852295,129,K,N,F:\GENESIS Studio\genesis-studio\packages\engines-py\.pdb_cache\4XV2,A
2552,ThermoMPNN,4XV2,1.5413628816604614,129,K,P,F:\GENESIS Studio\genesis-studio\packages\engines-py\.pdb_cache\4XV2,A
2553,ThermoMPNN,4XV2,0.5952835083007812,129,K,Q,F:\GENESIS Studio\genesis-studio\packages\engines-py\.pdb_cache\4XV2,A
2554,ThermoMPNN,4XV2,0.2820732593536377,129,K,R,F:\GENESIS Studio\genesis-studio\packages\engines-py\.pdb_cache\4XV2,A
2555,ThermoMPNN,4XV2,0.9722108840942383,129,K,S,F:\GENESIS Studio\genesis-studio\packages\engines-py\.pdb_cache\4XV2,A
2556,ThermoMPNN,4XV2,1.4870553016662598,129,K,T,F:\GENESIS Studio\genesis-studio\packages\engines-py\.pdb_cache\4XV2,A
2557,ThermoMPNN,4XV2,1.7528024911880493,129,K,V,F:\GENESIS Studio\genesis-studio\packages\engines-py\.pdb_cache\4XV2,A
2558,ThermoMPNN,4XV2,1.9991614818572998,129,K,W,F:\GENESIS Studio\genesis-studio\packages\engines-py\.pdb_cache\4XV2,A
2559,ThermoMPNN,4XV2,1.767841100692749,129,K,Y,F:\GENESIS Studio\genesis-studio\packages\engines-py\.pdb_cache\4XV2,A
2560,ThermoMPNN,4XV2,0.14601469039916992,130,S,A,F:\GENESIS Studio\genesis-studio\packages\engines-py\.pdb_cache\4XV2,A
2561,ThermoMPNN,4XV2,0.04916560649871826,130,S,C,F:\GENESIS Studio\genesis-studio\packages\engines-py\.pdb_cache\4XV2,A
2562,ThermoMPNN,4XV2,1.234100341796875,130,S,D,F:\GENESIS Studio\genesis-studio\packages\engines-py\.pdb_cache\4XV2,A
2563,ThermoMPNN,4XV2,1.8233146667480469,130,S,E,F:\GENESIS Studio\genesis-studio\packages\engines-py\.pdb_cache\4XV2,A
2564,ThermoMPNN,4XV2,0.8443765640258789,130,S,F,F:\GENESIS Studio\genesis-studio\packages\engines-py\.pdb_cache\4XV2,A
2565,ThermoMPNN,4XV2,0.13955152034759521,130,S,G,F:\GENESIS Studio\genesis-studio\packages\engines-py\.pdb_cache\4XV2,A
2566,ThermoMPNN,4XV2,1.2673640251159668,130,S,H,F:\GENESIS Studio\genesis-studio\packages\engines-py\.pdb_cache\4XV2,A
2567,ThermoMPNN,4XV2,0.48220133781433105,130,S,I,F:\GENESIS Studio\genesis-studio\packages\engines-py\.pdb_cache\4XV2,A
2568,ThermoMPNN,4XV2,1.3992154598236084,130,S,K,F:\GENESIS Studio\genesis-studio\packages\engines-py\.pdb_cache\4XV2,A
2569,ThermoMPNN,4XV2,0.4646366834640503,130,S,L,F:\GENESIS Studio\genesis-studio\packages\engines-py\.pdb_cache\4XV2,A
2570,ThermoMPNN,4XV2,0.6377530097961426,130,S,M,F:\GENESIS Studio\genesis-studio\packages\engines-py\.pdb_cache\4XV2,A
2571,ThermoMPNN,4XV2,0.8304833173751831,130,S,N,F:\GENESIS Studio\genesis-studio\packages\engines-py\.pdb_cache\4XV2,A
2572,ThermoMPNN,4XV2,0.995932936668396,130,S,P,F:\GENESIS Studio\genesis-studio\packages\engines-py\.pdb_cache\4XV2,A
2573,ThermoMPNN,4XV2,1.4931364059448242,130,S,Q,F:\GENESIS Studio\genesis-studio\packages\engines-py\.pdb_cache\4XV2,A
2574,ThermoMPNN,4XV2,1.1707525253295898,130,S,R,F:\GENESIS Studio\genesis-studio\packages\engines-py\.pdb_cache\4XV2,A
2575,ThermoMPNN,4XV2,0.0,130,S,S,F:\GENESIS Studio\genesis-studio\packages\engines-py\.pdb_cache\4XV2,A
2576,ThermoMPNN,4XV2,0.1200631856918335,130,S,T,F:\GENESIS Studio\genesis-studio\packages\engines-py\.pdb_cache\4XV2,A
2577,ThermoMPNN,4XV2,0.21585547924041748,130,S,V,F:\GENESIS Studio\genesis-studio\packages\engines-py\.pdb_cache\4XV2,A
2578,ThermoMPNN,4XV2,1.1331796646118164,130,S,W,F:\GENESIS Studio\genesis-studio\packages\engines-py\.pdb_cache\4XV2,A
2579,ThermoMPNN,4XV2,1.1433241367340088,130,S,Y,F:\GENESIS Studio\genesis-studio\packages\engines-py\.pdb_cache\4XV2,A
2580,ThermoMPNN,4XV2,-0.16516757011413574,131,N,A,F:\GENESIS Studio\genesis-studio\packages\engines-py\.pdb_cache\4XV2,A
2581,ThermoMPNN,4XV2,-0.3051377534866333,131,N,C,F:\GENESIS Studio\genesis-studio\packages\engines-py\.pdb_cache\4XV2,A
2582,ThermoMPNN,4XV2,-0.4789506196975708,131,N,D,F:\GENESIS Studio\genesis-studio\packages\engines-py\.pdb_cache\4XV2,A
2583,ThermoMPNN,4XV2,-0.2258446216583252,131,N,E,F:\GENESIS Studio\genesis-studio\packages\engines-py\.pdb_cache\4XV2,A
2584,ThermoMPNN,4XV2,0.29630136489868164,131,N,F,F:\GENESIS Studio\genesis-studio\packages\engines-py\.pdb_cache\4XV2,A
2585,ThermoMPNN,4XV2,0.0026017427444458008,131,N,G,F:\GENESIS Studio\genesis-studio\packages\engines-py\.pdb_cache\4XV2,A
2586,ThermoMPNN,4XV2,0.08742475509643555,131,N,H,F:\GENESIS Studio\genesis-studio\packages\engines-py\.pdb_cache\4XV2,A
2587,ThermoMPNN,4XV2,0.507367730140686,131,N,I,F:\GENESIS Studio\genesis-studio\packages\engines-py\.pdb_cache\4XV2,A
2588,ThermoMPNN,4XV2,0.3898441195487976,131,N,K,F:\GENESIS Studio\genesis-studio\packages\engines-py\.pdb_cache\4XV2,A
2589,ThermoMPNN,4XV2,0.4825911521911621,131,N,L,F:\GENESIS Studio\genesis-studio\packages\engines-py\.pdb_cache\4XV2,A
2590,ThermoMPNN,4XV2,0.3055979013442993,131,N,M,F:\GENESIS Studio\genesis-studio\packages\engines-py\.pdb_cache\4XV2,A
2591,ThermoMPNN,4XV2,0.0,131,N,N,F:\GENESIS Studio\genesis-studio\packages\engines-py\.pdb_cache\4XV2,A
2592,ThermoMPNN,4XV2,0.8427258133888245,131,N,P,F:\GENESIS Studio\genesis-studio\packages\engines-py\.pdb_cache\4XV2,A
2593,ThermoMPNN,4XV2,0.11870467662811279,131,N,Q,F:\GENESIS Studio\genesis-studio\packages\engines-py\.pdb_cache\4XV2,A
2594,ThermoMPNN,4XV2,0.39065390825271606,131,N,R,F:\GENESIS Studio\genesis-studio\packages\engines-py\.pdb_cache\4XV2,A
2595,ThermoMPNN,4XV2,-0.21876752376556396,131,N,S,F:\GENESIS Studio\genesis-studio\packages\engines-py\.pdb_cache\4XV2,A
2596,ThermoMPNN,4XV2,0.12531805038452148,131,N,T,F:\GENESIS Studio\genesis-studio\packages\engines-py\.pdb_cache\4XV2,A
2597,ThermoMPNN,4XV2,0.49633532762527466,131,N,V,F:\GENESIS Studio\genesis-studio\packages\engines-py\.pdb_cache\4XV2,A
2598,ThermoMPNN,4XV2,0.03134465217590332,131,N,W,F:\GENESIS Studio\genesis-studio\packages\engines-py\.pdb_cache\4XV2,A
2599,ThermoMPNN,4XV2,0.14663195610046387,131,N,Y,F:\GENESIS Studio\genesis-studio\packages\engines-py\.pdb_cache\4XV2,A
2600,ThermoMPNN,4XV2,0.6582210659980774,132,N,A,F:\GENESIS Studio\genesis-studio\packages\engines-py\.pdb_cache\4XV2,A
2601,ThermoMPNN,4XV2,0.41144585609436035,132,N,C,F:\GENESIS Studio\genesis-studio\packages\engines-py\.pdb_cache\4XV2,A
2602,ThermoMPNN,4XV2,1.1472861766815186,132,N,D,F:\GENESIS Studio\genesis-studio\packages\engines-py\.pdb_cache\4XV2,A
2603,ThermoMPNN,4XV2,1.3589187860488892,132,N,E,F:\GENESIS Studio\genesis-studio\packages\engines-py\.pdb_cache\4XV2,A
2604,ThermoMPNN,4XV2,1.0700465440750122,132,N,F,F:\GENESIS Studio\genesis-studio\packages\engines-py\.pdb_cache\4XV2,A
2605,ThermoMPNN,4XV2,1.27888822555542,132,N,G,F:\GENESIS Studio\genesis-studio\packages\engines-py\.pdb_cache\4XV2,A
2606,ThermoMPNN,4XV2,0.40585649013519287,132,N,H,F:\GENESIS Studio\genesis-studio\packages\engines-py\.pdb_cache\4XV2,A
2607,ThermoMPNN,4XV2,1.3499752283096313,132,N,I,F:\GENESIS Studio\genesis-studio\packages\engines-py\.pdb_cache\4XV2,A
2608,ThermoMPNN,4XV2,0.8426454067230225,132,N,K,F:\GENESIS Studio\genesis-studio\packages\engines-py\.pdb_cache\4XV2,A
2609,ThermoMPNN,4XV2,0.9572991728782654,132,N,L,F:\GENESIS Studio\genesis-studio\packages\engines-py\.pdb_cache\4XV2,A
2610,ThermoMPNN,4XV2,0.9250200390815735,132,N,M,F:\GENESIS Studio\genesis-studio\packages\engines-py\.pdb_cache\4XV2,A
2611,ThermoMPNN,4XV2,0.0,132,N,N,F:\GENESIS Studio\genesis-studio\packages\engines-py\.pdb_cache\4XV2,A
2612,ThermoMPNN,4XV2,2.524454116821289,132,N,P,F:\GENESIS Studio\genesis-studio\packages\engines-py\.pdb_cache\4XV2,A
2613,ThermoMPNN,4XV2,1.0620578527450562,132,N,Q,F:\GENESIS Studio\genesis-studio\packages\engines-py\.pdb_cache\4XV2,A
2614,ThermoMPNN,4XV2,0.6668298840522766,132,N,R,F:\GENESIS Studio\genesis-studio\packages\engines-py\.pdb_cache\4XV2,A
2615,ThermoMPNN,4XV2,0.5522475242614746,132,N,S,F:\GENESIS Studio\genesis-studio\packages\engines-py\.pdb_cache\4XV2,A
2616,ThermoMPNN,4XV2,1.1651434898376465,132,N,T,F:\GENESIS Studio\genesis-studio\packages\engines-py\.pdb_cache\4XV2,A
2617,ThermoMPNN,4XV2,1.0548932552337646,132,N,V,F:\GENESIS Studio\genesis-studio\packages\engines-py\.pdb_cache\4XV2,A
2618,ThermoMPNN,4XV2,1.1853086948394775,132,N,W,F:\GENESIS Studio\genesis-studio\packages\engines-py\.pdb_cache\4XV2,A
2619,ThermoMPNN,4XV2,0.9163051247596741,132,N,Y,F:\GENESIS Studio\genesis-studio\packages\engines-py\.pdb_cache\4XV2,A
2620,ThermoMPNN,4XV2,2.271176338195801,133,I,A,F:\GENESIS Studio\genesis-studio\packages\engines-py\.pdb_cache\4XV2,A
2621,ThermoMPNN,4XV2,1.6251592636108398,133,I,C,F:\GENESIS Studio\genesis-studio\packages\engines-py\.pdb_cache\4XV2,A
2622,ThermoMPNN,4XV2,3.370042085647583,133,I,D,F:\GENESIS Studio\genesis-studio\packages\engines-py\.pdb_cache\4XV2,A
2623,ThermoMPNN,4XV2,3.2863078117370605,133,I,E,F:\GENESIS Studio\genesis-studio\packages\engines-py\.pdb_cache\4XV2,A
2624,ThermoMPNN,4XV2,1.6835311651229858,133,I,F,F:\GENESIS Studio\genesis-studio\packages\engines-py\.pdb_cache\4XV2,A
2625,ThermoMPNN,4XV2,3.0130224227905273,133,I,G,F:\GENESIS Studio\genesis-studio\packages\engines-py\.pdb_cache\4XV2,A
2626,ThermoMPNN,4XV2,2.8194618225097656,133,I,H,F:\GENESIS Studio\genesis-studio\packages\engines-py\.pdb_cache\4XV2,A
2627,ThermoMPNN,4XV2,0.0,133,I,I,F:\GENESIS Studio\genesis-studio\packages\engines-py\.pdb_cache\4XV2,A
2628,ThermoMPNN,4XV2,2.6702897548675537,133,I,K,F:\GENESIS Studio\genesis-studio\packages\engines-py\.pdb_cache\4XV2,A
2629,ThermoMPNN,4XV2,0.48131585121154785,133,I,L,F:\GENESIS Studio\genesis-studio\packages\engines-py\.pdb_cache\4XV2,A
2630,ThermoMPNN,4XV2,1.2057774066925049,133,I,M,F:\GENESIS Studio\genesis-studio\packages\engines-py\.pdb_cache\4XV2,A
2631,ThermoMPNN,4XV2,3.0436301231384277,133,I,N,F:\GENESIS Studio\genesis-studio\packages\engines-py\.pdb_cache\4XV2,A
2632,ThermoMPNN,4XV2,3.226672649383545,133,I,P,F:\GENESIS Studio\genesis-studio\packages\engines-py\.pdb_cache\4XV2,A
2633,ThermoMPNN,4XV2,2.891449451446533,133,I,Q,F:\GENESIS Studio\genesis-studio\packages\engines-py\.pdb_cache\4XV2,A
2634,ThermoMPNN,4XV2,2.69232177734375,133,I,R,F:\GENESIS Studio\genesis-studio\packages\engines-py\.pdb_cache\4XV2,A
2635,ThermoMPNN,4XV2,3.0212082862854004,133,I,S,F:\GENESIS Studio\genesis-studio\packages\engines-py\.pdb_cache\4XV2,A
2636,ThermoMPNN,4XV2,2.564707040786743,133,I,T,F:\GENESIS Studio\genesis-studio\packages\engines-py\.pdb_cache\4XV2,A
2637,ThermoMPNN,4XV2,0.9919553995132446,133,I,V,F:\GENESIS Studio\genesis-studio\packages\engines-py\.pdb_cache\4XV2,A
2638,ThermoMPNN,4XV2,2.0498862266540527,133,I,W,F:\GENESIS Studio\genesis-studio\packages\engines-py\.pdb_cache\4XV2,A
2639,ThermoMPNN,4XV2,2.034080743789673,133,I,Y,F:\GENESIS Studio\genesis-studio\packages\engines-py\.pdb_cache\4XV2,A
2640,ThermoMPNN,4XV2,2.350374698638916,134,F,A,F:\GENESIS Studio\genesis-studio\packages\engines-py\.pdb_cache\4XV2,A
2641,ThermoMPNN,4XV2,0.9947985410690308,134,F,C,F:\GENESIS Studio\genesis-studio\packages\engines-py\.pdb_cache\4XV2,A
2642,ThermoMPNN,4XV2,2.9946799278259277,134,F,D,F:\GENESIS Studio\genesis-studio\packages\engines-py\.pdb_cache\4XV2,A
2643,ThermoMPNN,4XV2,2.6145753860473633,134,F,E,F:\GENESIS Studio\genesis-studio\packages\engines-py\.pdb_cache\4XV2,A
2644,ThermoMPNN,4XV2,0.0,134,F,F,F:\GENESIS Studio\genesis-studio\packages\engines-py\.pdb_cache\4XV2,A
2645,ThermoMPNN,4XV2,2.9744341373443604,134,F,G,F:\GENESIS Studio\genesis-studio\packages\engines-py\.pdb_cache\4XV2,A
2646,ThermoMPNN,4XV2,1.833034873008728,134,F,H,F:\GENESIS Studio\genesis-studio\packages\engines-py\.pdb_cache\4XV2,A
2647,ThermoMPNN,4XV2,0.687867283821106,134,F,I,F:\GENESIS Studio\genesis-studio\packages\engines-py\.pdb_cache\4XV2,A
2648,ThermoMPNN,4XV2,2.3938241004943848,134,F,K,F:\GENESIS Studio\genesis-studio\packages\engines-py\.pdb_cache\4XV2,A
2649,ThermoMPNN,4XV2,0.29778456687927246,134,F,L,F:\GENESIS Studio\genesis-studio\packages\engines-py\.pdb_cache\4XV2,A
2650,ThermoMPNN,4XV2,0.5813686847686768,134,F,M,F:\GENESIS Studio\genesis-studio\packages\engines-py\.pdb_cache\4XV2,A
2651,ThermoMPNN,4XV2,2.670321226119995,134,F,N,F:\GENESIS Studio\genesis-studio\packages\engines-py\.pdb_cache\4XV2,A
2652,ThermoMPNN,4XV2,3.0308001041412354,134,F,P,F:\GENESIS Studio\genesis-studio\packages\engines-py\.pdb_cache\4XV2,A
2653,ThermoMPNN,4XV2,2.191498279571533,134,F,Q,F:\GENESIS Studio\genesis-studio\packages\engines-py\.pdb_cache\4XV2,A
2654,ThermoMPNN,4XV2,2.213253974914551,134,F,R,F:\GENESIS Studio\genesis-studio\packages\engines-py\.pdb_cache\4XV2,A
2655,ThermoMPNN,4XV2,2.4365460872650146,134,F,S,F:\GENESIS Studio\genesis-studio\packages\engines-py\.pdb_cache\4XV2,A
2656,ThermoMPNN,4XV2,2.333843231201172,134,F,T,F:\GENESIS Studio\genesis-studio\packages\engines-py\.pdb_cache\4XV2,A
2657,ThermoMPNN,4XV2,1.5587143898010254,134,F,V,F:\GENESIS Studio\genesis-studio\packages\engines-py\.pdb_cache\4XV2,A
2658,ThermoMPNN,4XV2,0.3981661796569824,134,F,W,F:\GENESIS Studio\genesis-studio\packages\engines-py\.pdb_cache\4XV2,A
2659,ThermoMPNN,4XV2,0.4371299743652344,134,F,Y,F:\GENESIS Studio\genesis-studio\packages\engines-py\.pdb_cache\4XV2,A
2660,ThermoMPNN,4XV2,2.6621365547180176,135,L,A,F:\GENESIS Studio\genesis-studio\packages\engines-py\.pdb_cache\4XV2,A
2661,ThermoMPNN,4XV2,1.7076672315597534,135,L,C,F:\GENESIS Studio\genesis-studio\packages\engines-py\.pdb_cache\4XV2,A
2662,ThermoMPNN,4XV2,3.4190826416015625,135,L,D,F:\GENESIS Studio\genesis-studio\packages\engines-py\.pdb_cache\4XV2,A
2663,ThermoMPNN,4XV2,3.228048324584961,135,L,E,F:\GENESIS Studio\genesis-studio\packages\engines-py\.pdb_cache\4XV2,A
2664,ThermoMPNN,4XV2,1.9535822868347168,135,L,F,F:\GENESIS Studio\genesis-studio\packages\engines-py\.pdb_cache\4XV2,A
2665,ThermoMPNN,4XV2,3.165210485458374,135,L,G,F:\GENESIS Studio\genesis-studio\packages\engines-py\.pdb_cache\4XV2,A
2666,ThermoMPNN,4XV2,3.140350341796875,135,L,H,F:\GENESIS Studio\genesis-studio\packages\engines-py\.pdb_cache\4XV2,A
2667,ThermoMPNN,4XV2,0.8622956275939941,135,L,I,F:\GENESIS Studio\genesis-studio\packages\engines-py\.pdb_cache\4XV2,A
2668,ThermoMPNN,4XV2,2.846334457397461,135,L,K,F:\GENESIS Studio\genesis-studio\packages\engines-py\.pdb_cache\4XV2,A
2669,ThermoMPNN,4XV2,0.0,135,L,L,F:\GENESIS Studio\genesis-studio\packages\engines-py\.pdb_cache\4XV2,A
2670,ThermoMPNN,4XV2,1.216294765472412,135,L,M,F:\GENESIS Studio\genesis-studio\packages\engines-py\.pdb_cache\4XV2,A
2671,ThermoMPNN,4XV2,3.211155652999878,135,L,N,F:\GENESIS Studio\genesis-studio\packages\engines-py\.pdb_cache\4XV2,A
2672,ThermoMPNN,4XV2,3.3555104732513428,135,L,P,F:\GENESIS Studio\genesis-studio\packages\engines-py\.pdb_cache\4XV2,A
2673,ThermoMPNN,4XV2,3.0853166580200195,135,L,Q,F:\GENESIS Studio\genesis-studio\packages\engines-py\.pdb_cache\4XV2,A
2674,ThermoMPNN,4XV2,2.7741897106170654,135,L,R,F:\GENESIS Studio\genesis-studio\packages\engines-py\.pdb_cache\4XV2,A
2675,ThermoMPNN,4XV2,3.0151450634002686,135,L,S,F:\GENESIS Studio\genesis-studio\packages\engines-py\.pdb_cache\4XV2,A
2676,ThermoMPNN,4XV2,2.772676467895508,135,L,T,F:\GENESIS Studio\genesis-studio\packages\engines-py\.pdb_cache\4XV2,A
2677,ThermoMPNN,4XV2,1.267399549484253,135,L,V,F:\GENESIS Studio\genesis-studio\packages\engines-py\.pdb_cache\4XV2,A
2678,ThermoMPNN,4XV2,2.316351890563965,135,L,W,F:\GENESIS Studio\genesis-studio\packages\engines-py\.pdb_cache\4XV2,A
2679,ThermoMPNN,4XV2,2.4366540908813477,135,L,Y,F:\GENESIS Studio\genesis-studio\packages\engines-py\.pdb_cache\4XV2,A
2680,ThermoMPNN,4XV2,0.8901156187057495,136,H,A,F:\GENESIS Studio\genesis-studio\packages\engines-py\.pdb_cache\4XV2,A
2681,ThermoMPNN,4XV2,0.2997170686721802,136,H,C,F:\GENESIS Studio\genesis-studio\packages\engines-py\.pdb_cache\4XV2,A
2682,ThermoMPNN,4XV2,0.38349270820617676,136,H,D,F:\GENESIS Studio\genesis-studio\packages\engines-py\.pdb_cache\4XV2,A
2683,ThermoMPNN,4XV2,1.0308159589767456,136,H,E,F:\GENESIS Studio\genesis-studio\packages\engines-py\.pdb_cache\4XV2,A
2684,ThermoMPNN,4XV2,0.91609787940979,136,H,F,F:\GENESIS Studio\genesis-studio\packages\engines-py\.pdb_cache\4XV2,A
2685,ThermoMPNN,4XV2,1.6145892143249512,136,H,G,F:\GENESIS Studio\genesis-studio\packages\engines-py\.pdb_cache\4XV2,A
2686,ThermoMPNN,4XV2,0.0,136,H,H,F:\GENESIS Studio\genesis-studio\packages\engines-py\.pdb_cache\4XV2,A
2687,ThermoMPNN,4XV2,0.70879065990448,136,H,I,F:\GENESIS Studio\genesis-studio\packages\engines-py\.pdb_cache\4XV2,A
2688,ThermoMPNN,4XV2,1.6321449279785156,136,H,K,F:\GENESIS Studio\genesis-studio\packages\engines-py\.pdb_cache\4XV2,A
2689,ThermoMPNN,4XV2,0.8355014324188232,136,H,L,F:\GENESIS Studio\genesis-studio\packages\engines-py\.pdb_cache\4XV2,A
2690,ThermoMPNN,4XV2,0.8460092544555664,136,H,M,F:\GENESIS Studio\genesis-studio\packages\engines-py\.pdb_cache\4XV2,A
2691,ThermoMPNN,4XV2,0.4621965289115906,136,H,N,F:\GENESIS Studio\genesis-studio\packages\engines-py\.pdb_cache\4XV2,A
2692,ThermoMPNN,4XV2,1.6702346801757812,136,H,P,F:\GENESIS Studio\genesis-studio\packages\engines-py\.pdb_cache\4XV2,A
2693,ThermoMPNN,4XV2,1.0324325561523438,136,H,Q,F:\GENESIS Studio\genesis-studio\packages\engines-py\.pdb_cache\4XV2,A
2694,ThermoMPNN,4XV2,1.4732205867767334,136,H,R,F:\GENESIS Studio\genesis-studio\packages\engines-py\.pdb_cache\4XV2,A
2695,ThermoMPNN,4XV2,0.7955580353736877,136,H,S,F:\GENESIS Studio\genesis-studio\packages\engines-py\.pdb_cache\4XV2,A
2696,ThermoMPNN,4XV2,1.0532368421554565,136,H,T,F:\GENESIS Studio\genesis-studio\packages\engines-py\.pdb_cache\4XV2,A
2697,ThermoMPNN,4XV2,0.7391932010650635,136,H,V,F:\GENESIS Studio\genesis-studio\packages\engines-py\.pdb_cache\4XV2,A
2698,ThermoMPNN,4XV2,0.8495110273361206,136,H,W,F:\GENESIS Studio\genesis-studio\packages\engines-py\.pdb_cache\4XV2,A
2699,ThermoMPNN,4XV2,0.44205719232559204,136,H,Y,F:\GENESIS Studio\genesis-studio\packages\engines-py\.pdb_cache\4XV2,A
2700,ThermoMPNN,4XV2,0.059575676918029785,137,E,A,F:\GENESIS Studio\genesis-studio\packages\engines-py\.pdb_cache\4XV2,A
2701,ThermoMPNN,4XV2,-0.7069916725158691,137,E,C,F:\GENESIS Studio\genesis-studio\packages\engines-py\.pdb_cache\4XV2,A
2702,ThermoMPNN,4XV2,0.128709077835083,137,E,D,F:\GENESIS Studio\genesis-studio\packages\engines-py\.pdb_cache\4XV2,A
2703,ThermoMPNN,4XV2,0.0,137,E,E,F:\GENESIS Studio\genesis-studio\packages\engines-py\.pdb_cache\4XV2,A
2704,ThermoMPNN,4XV2,-0.13496094942092896,137,E,F,F:\GENESIS Studio\genesis-studio\packages\engines-py\.pdb_cache\4XV2,A
2705,ThermoMPNN,4XV2,-0.46395015716552734,137,E,G,F:\GENESIS Studio\genesis-studio\packages\engines-py\.pdb_cache\4XV2,A
2706,ThermoMPNN,4XV2,-0.40075957775115967,137,E,H,F:\GENESIS Studio\genesis-studio\packages\engines-py\.pdb_cache\4XV2,A
2707,ThermoMPNN,4XV2,0.5137619972229004,137,E,I,F:\GENESIS Studio\genesis-studio\packages\engines-py\.pdb_cache\4XV2,A
2708,ThermoMPNN,4XV2,-0.1928521990776062,137,E,K,F:\GENESIS Studio\genesis-studio\packages\engines-py\.pdb_cache\4XV2,A
2709,ThermoMPNN,4XV2,-0.24553483724594116,137,E,L,F:\GENESIS Studio\genesis-studio\packages\engines-py\.pdb_cache\4XV2,A
2710,ThermoMPNN,4XV2,-0.26112645864486694,137,E,M,F:\GENESIS Studio\genesis-studio\packages\engines-py\.pdb_cache\4XV2,A
2711,ThermoMPNN,4XV2,-0.650105357170105,137,E,N,F:\GENESIS Studio\genesis-studio\packages\engines-py\.pdb_cache\4XV2,A
2712,ThermoMPNN,4XV2,1.3331124782562256,137,E,P,F:\GENESIS Studio\genesis-studio\packages\engines-py\.pdb_cache\4XV2,A
2713,ThermoMPNN,4XV2,-0.23452800512313843,137,E,Q,F:\GENESIS Studio\genesis-studio\packages\engines-py\.pdb_cache\4XV2,A
2714,ThermoMPNN,4XV2,0.003265202045440674,137,E,R,F:\GENESIS Studio\genesis-studio\packages\engines-py\.pdb_cache\4XV2,A
2715,ThermoMPNN,4XV2,0.1279444694519043,137,E,S,F:\GENESIS Studio\genesis-studio\packages\engines-py\.pdb_cache\4XV2,A
2716,ThermoMPNN,4XV2,0.6156966090202332,137,E,T,F:\GENESIS Studio\genesis-studio\packages\engines-py\.pdb_cache\4XV2,A
2717,ThermoMPNN,4XV2,0.5153405666351318,137,E,V,F:\GENESIS Studio\genesis-studio\packages\engines-py\.pdb_cache\4XV2,A
2718,ThermoMPNN,4XV2,0.1293402910232544,137,E,W,F:\GENESIS Studio\genesis-studio\packages\engines-py\.pdb_cache\4XV2,A
2719,ThermoMPNN,4XV2,0.04495185613632202,137,E,Y,F:\GENESIS Studio\genesis-studio\packages\engines-py\.pdb_cache\4XV2,A
2720,ThermoMPNN,4XV2,0.934385359287262,138,D,A,F:\GENESIS Studio\genesis-studio\packages\engines-py\.pdb_cache\4XV2,A
2721,ThermoMPNN,4XV2,0.11390101909637451,138,D,C,F:\GENESIS Studio\genesis-studio\packages\engines-py\.pdb_cache\4XV2,A
2722,ThermoMPNN,4XV2,0.0,138,D,D,F:\GENESIS Studio\genesis-studio\packages\engines-py\.pdb_cache\4XV2,A
2723,ThermoMPNN,4XV2,0.5516079664230347,138,D,E,F:\GENESIS Studio\genesis-studio\packages\engines-py\.pdb_cache\4XV2,A
2724,ThermoMPNN,4XV2,0.6318503618240356,138,D,F,F:\GENESIS Studio\genesis-studio\packages\engines-py\.pdb_cache\4XV2,A
2725,ThermoMPNN,4XV2,0.09567368030548096,138,D,G,F:\GENESIS Studio\genesis-studio\packages\engines-py\.pdb_cache\4XV2,A
2726,ThermoMPNN,4XV2,0.5317848324775696,138,D,H,F:\GENESIS Studio\genesis-studio\packages\engines-py\.pdb_cache\4XV2,A
2727,ThermoMPNN,4XV2,1.5988287925720215,138,D,I,F:\GENESIS Studio\genesis-studio\packages\engines-py\.pdb_cache\4XV2,A
2728,ThermoMPNN,4XV2,0.8850964903831482,138,D,K,F:\GENESIS Studio\genesis-studio\packages\engines-py\.pdb_cache\4XV2,A
2729,ThermoMPNN,4XV2,0.9632119536399841,138,D,L,F:\GENESIS Studio\genesis-studio\packages\engines-py\.pdb_cache\4XV2,A
2730,ThermoMPNN,4XV2,0.7737507820129395,138,D,M,F:\GENESIS Studio\genesis-studio\packages\engines-py\.pdb_cache\4XV2,A
2731,ThermoMPNN,4XV2,0.014935016632080078,138,D,N,F:\GENESIS Studio\genesis-studio\packages\engines-py\.pdb_cache\4XV2,A
2732,ThermoMPNN,4XV2,1.599731683731079,138,D,P,F:\GENESIS Studio\genesis-studio\packages\engines-py\.pdb_cache\4XV2,A
2733,ThermoMPNN,4XV2,0.7576202750205994,138,D,Q,F:\GENESIS Studio\genesis-studio\packages\engines-py\.pdb_cache\4XV2,A
2734,ThermoMPNN,4XV2,0.9083985090255737,138,D,R,F:\GENESIS Studio\genesis-studio\packages\engines-py\.pdb_cache\4XV2,A
2735,ThermoMPNN,4XV2,0.7262470722198486,138,D,S,F:\GENESIS Studio\genesis-studio\packages\engines-py\.pdb_cache\4XV2,A
2736,ThermoMPNN,4XV2,1.2814024686813354,138,D,T,F:\GENESIS Studio\genesis-studio\packages\engines-py\.pdb_cache\4XV2,A
2737,ThermoMPNN,4XV2,1.610724925994873,138,D,V,F:\GENESIS Studio\genesis-studio\packages\engines-py\.pdb_cache\4XV2,A
2738,ThermoMPNN,4XV2,0.8432872891426086,138,D,W,F:\GENESIS Studio\genesis-studio\packages\engines-py\.pdb_cache\4XV2,A
2739,ThermoMPNN,4XV2,0.8234562873840332,138,D,Y,F:\GENESIS Studio\genesis-studio\packages\engines-py\.pdb_cache\4XV2,A
2740,ThermoMPNN,4XV2,0.27696168422698975,139,N,A,F:\GENESIS Studio\genesis-studio\packages\engines-py\.pdb_cache\4XV2,A
2741,ThermoMPNN,4XV2,-0.1908664107322693,139,N,C,F:\GENESIS Studio\genesis-studio\packages\engines-py\.pdb_cache\4XV2,A
2742,ThermoMPNN,4XV2,0.3122403621673584,139,N,D,F:\GENESIS Studio\genesis-studio\packages\engines-py\.pdb_cache\4XV2,A
2743,ThermoMPNN,4XV2,0.17447668313980103,139,N,E,F:\GENESIS Studio\genesis-studio\packages\engines-py\.pdb_cache\4XV2,A
2744,ThermoMPNN,4XV2,0.2287144660949707,139,N,F,F:\GENESIS Studio\genesis-studio\packages\engines-py\.pdb_cache\4XV2,A
2745,ThermoMPNN,4XV2,0.44858527183532715,139,N,G,F:\GENESIS Studio\genesis-studio\packages\engines-py\.pdb_cache\4XV2,A
2746,ThermoMPNN,4XV2,0.009165287017822266,139,N,H,F:\GENESIS Studio\genesis-studio\packages\engines-py\.pdb_cache\4XV2,A
2747,ThermoMPNN,4XV2,0.008213698863983154,139,N,I,F:\GENESIS Studio\genesis-studio\packages\engines-py\.pdb_cache\4XV2,A
2748,ThermoMPNN,4XV2,0.0747079849243164,139,N,K,F:\GENESIS Studio\genesis-studio\packages\engines-py\.pdb_cache\4XV2,A
2749,ThermoMPNN,4XV2,0.13702058792114258,139,N,L,F:\GENESIS Studio\genesis-studio\packages\engines-py\.pdb_cache\4XV2,A
2750,ThermoMPNN,4XV2,0.18993669748306274,139,N,M,F:\GENESIS Studio\genesis-studio\packages\engines-py\.pdb_cache\4XV2,A
2751,ThermoMPNN,4XV2,0.0,139,N,N,F:\GENESIS Studio\genesis-studio\packages\engines-py\.pdb_cache\4XV2,A
2752,ThermoMPNN,4XV2,1.5616769790649414,139,N,P,F:\GENESIS Studio\genesis-studio\packages\engines-py\.pdb_cache\4XV2,A
2753,ThermoMPNN,4XV2,0.043138980865478516,139,N,Q,F:\GENESIS Studio\genesis-studio\packages\engines-py\.pdb_cache\4XV2,A
2754,ThermoMPNN,4XV2,0.1367131471633911,139,N,R,F:\GENESIS Studio\genesis-studio\packages\engines-py\.pdb_cache\4XV2,A
2755,ThermoMPNN,4XV2,0.11284416913986206,139,N,S,F:\GENESIS Studio\genesis-studio\packages\engines-py\.pdb_cache\4XV2,A
2756,ThermoMPNN,4XV2,0.04312556982040405,139,N,T,F:\GENESIS Studio\genesis-studio\packages\engines-py\.pdb_cache\4XV2,A
2757,ThermoMPNN,4XV2,-0.10627609491348267,139,N,V,F:\GENESIS Studio\genesis-studio\packages\engines-py\.pdb_cache\4XV2,A
2758,ThermoMPNN,4XV2,0.378207266330719,139,N,W,F:\GENESIS Studio\genesis-studio\packages\engines-py\.pdb_cache\4XV2,A
2759,ThermoMPNN,4XV2,0.25071007013320923,139,N,Y,F:\GENESIS Studio\genesis-studio\packages\engines-py\.pdb_cache\4XV2,A
2760,ThermoMPNN,4XV2,0.6519200205802917,140,T,A,F:\GENESIS Studio\genesis-studio\packages\engines-py\.pdb_cache\4XV2,A
2761,ThermoMPNN,4XV2,0.22978228330612183,140,T,C,F:\GENESIS Studio\genesis-studio\packages\engines-py\.pdb_cache\4XV2,A
2762,ThermoMPNN,4XV2,0.6937375068664551,140,T,D,F:\GENESIS Studio\genesis-studio\packages\engines-py\.pdb_cache\4XV2,A
2763,ThermoMPNN,4XV2,0.5456897020339966,140,T,E,F:\GENESIS Studio\genesis-studio\packages\engines-py\.pdb_cache\4XV2,A
2764,ThermoMPNN,4XV2,0.4167042374610901,140,T,F,F:\GENESIS Studio\genesis-studio\packages\engines-py\.pdb_cache\4XV2,A
2765,ThermoMPNN,4XV2,1.0249500274658203,140,T,G,F:\GENESIS Studio\genesis-studio\packages\engines-py\.pdb_cache\4XV2,A
2766,ThermoMPNN,4XV2,0.35515421628952026,140,T,H,F:\GENESIS Studio\genesis-studio\packages\engines-py\.pdb_cache\4XV2,A
2767,ThermoMPNN,4XV2,0.06155991554260254,140,T,I,F:\GENESIS Studio\genesis-studio\packages\engines-py\.pdb_cache\4XV2,A
2768,ThermoMPNN,4XV2,0.40148085355758667,140,T,K,F:\GENESIS Studio\genesis-studio\packages\engines-py\.pdb_cache\4XV2,A
2769,ThermoMPNN,4XV2,0.4179422855377197,140,T,L,F:\GENESIS Studio\genesis-studio\packages\engines-py\.pdb_cache\4XV2,A
2770,ThermoMPNN,4XV2,0.5637738108634949,140,T,M,F:\GENESIS Studio\genesis-studio\packages\engines-py\.pdb_cache\4XV2,A
2771,ThermoMPNN,4XV2,0.46701323986053467,140,T,N,F:\GENESIS Studio\genesis-studio\packages\engines-py\.pdb_cache\4XV2,A
2772,ThermoMPNN,4XV2,1.418198585510254,140,T,P,F:\GENESIS Studio\genesis-studio\packages\engines-py\.pdb_cache\4XV2,A
2773,ThermoMPNN,4XV2,0.447157621383667,140,T,Q,F:\GENESIS Studio\genesis-studio\packages\engines-py\.pdb_cache\4XV2,A
2774,ThermoMPNN,4XV2,0.3824636936187744,140,T,R,F:\GENESIS Studio\genesis-studio\packages\engines-py\.pdb_cache\4XV2,A
2775,ThermoMPNN,4XV2,0.442604660987854,140,T,S,F:\GENESIS Studio\genesis-studio\packages\engines-py\.pdb_cache\4XV2,A
2776,ThermoMPNN,4XV2,0.0,140,T,T,F:\GENESIS Studio\genesis-studio\packages\engines-py\.pdb_cache\4XV2,A
2777,ThermoMPNN,4XV2,-0.015115499496459961,140,T,V,F:\GENESIS Studio\genesis-studio\packages\engines-py\.pdb_cache\4XV2,A
2778,ThermoMPNN,4XV2,0.4017717242240906,140,T,W,F:\GENESIS Studio\genesis-studio\packages\engines-py\.pdb_cache\4XV2,A
2779,ThermoMPNN,4XV2,0.2961617708206177,140,T,Y,F:\GENESIS Studio\genesis-studio\packages\engines-py\.pdb_cache\4XV2,A
2780,ThermoMPNN,4XV2,0.7712786197662354,141,V,A,F:\GENESIS Studio\genesis-studio\packages\engines-py\.pdb_cache\4XV2,A
2781,ThermoMPNN,4XV2,0.6089780330657959,141,V,C,F:\GENESIS Studio\genesis-studio\packages\engines-py\.pdb_cache\4XV2,A
2782,ThermoMPNN,4XV2,2.2742538452148438,141,V,D,F:\GENESIS Studio\genesis-studio\packages\engines-py\.pdb_cache\4XV2,A
2783,ThermoMPNN,4XV2,2.6002466678619385,141,V,E,F:\GENESIS Studio\genesis-studio\packages\engines-py\.pdb_cache\4XV2,A
2784,ThermoMPNN,4XV2,1.703928828239441,141,V,F,F:\GENESIS Studio\genesis-studio\packages\engines-py\.pdb_cache\4XV2,A
2785,ThermoMPNN,4XV2,1.9370100498199463,141,V,G,F:\GENESIS Studio\genesis-studio\packages\engines-py\.pdb_cache\4XV2,A
2786,ThermoMPNN,4XV2,2.1752991676330566,141,V,H,F:\GENESIS Studio\genesis-studio\packages\engines-py\.pdb_cache\4XV2,A
2787,ThermoMPNN,4XV2,0.8238735198974609,141,V,I,F:\GENESIS Studio\genesis-studio\packages\engines-py\.pdb_cache\4XV2,A
2788,ThermoMPNN,4XV2,2.4293577671051025,141,V,K,F:\GENESIS Studio\genesis-studio\packages\engines-py\.pdb_cache\4XV2,A
2789,ThermoMPNN,4XV2,1.2702544927597046,141,V,L,F:\GENESIS Studio\genesis-studio\packages\engines-py\.pdb_cache\4XV2,A
2790,ThermoMPNN,4XV2,1.7284820079803467,141,V,M,F:\GENESIS Studio\genesis-studio\packages\engines-py\.pdb_cache\4XV2,A
2791,ThermoMPNN,4XV2,2.2188711166381836,141,V,N,F:\GENESIS Studio\genesis-studio\packages\engines-py\.pdb_cache\4XV2,A
2792,ThermoMPNN,4XV2,0.9997674226760864,141,V,P,F:\GENESIS Studio\genesis-studio\packages\engines-py\.pdb_cache\4XV2,A
2793,ThermoMPNN,4XV2,2.4545226097106934,141,V,Q,F:\GENESIS Studio\genesis-studio\packages\engines-py\.pdb_cache\4XV2,A
2794,ThermoMPNN,4XV2,2.615814685821533,141,V,R,F:\GENESIS Studio\genesis-studio\packages\engines-py\.pdb_cache\4XV2,A
2795,ThermoMPNN,4XV2,1.686241865158081,141,V,S,F:\GENESIS Studio\genesis-studio\packages\engines-py\.pdb_cache\4XV2,A
2796,ThermoMPNN,4XV2,1.5472253561019897,141,V,T,F:\GENESIS Studio\genesis-studio\packages\engines-py\.pdb_cache\4XV2,A
2797,ThermoMPNN,4XV2,0.0,141,V,V,F:\GENESIS Studio\genesis-studio\packages\engines-py\.pdb_cache\4XV2,A
2798,ThermoMPNN,4XV2,1.822312831878662,141,V,W,F:\GENESIS Studio\genesis-studio\packages\engines-py\.pdb_cache\4XV2,A
2799,ThermoMPNN,4XV2,1.8831877708435059,141,V,Y,F:\GENESIS Studio\genesis-studio\packages\engines-py\.pdb_cache\4XV2,A
2800,ThermoMPNN,4XV2,1.684281587600708,142,K,A,F:\GENESIS Studio\genesis-studio\packages\engines-py\.pdb_cache\4XV2,A
2801,ThermoMPNN,4XV2,0.7564427852630615,142,K,C,F:\GENESIS Studio\genesis-studio\packages\engines-py\.pdb_cache\4XV2,A
2802,ThermoMPNN,4XV2,3.5672690868377686,142,K,D,F:\GENESIS Studio\genesis-studio\packages\engines-py\.pdb_cache\4XV2,A
2803,ThermoMPNN,4XV2,2.373842716217041,142,K,E,F:\GENESIS Studio\genesis-studio\packages\engines-py\.pdb_cache\4XV2,A
2804,ThermoMPNN,4XV2,0.737038254737854,142,K,F,F:\GENESIS Studio\genesis-studio\packages\engines-py\.pdb_cache\4XV2,A
2805,ThermoMPNN,4XV2,2.6062724590301514,142,K,G,F:\GENESIS Studio\genesis-studio\packages\engines-py\.pdb_cache\4XV2,A
2806,ThermoMPNN,4XV2,1.2756729125976562,142,K,H,F:\GENESIS Studio\genesis-studio\packages\engines-py\.pdb_cache\4XV2,A
2807,ThermoMPNN,4XV2,0.33831679821014404,142,K,I,F:\GENESIS Studio\genesis-studio\packages\engines-py\.pdb_cache\4XV2,A
2808,ThermoMPNN,4XV2,0.0,142,K,K,F:\GENESIS Studio\genesis-studio\packages\engines-py\.pdb_cache\4XV2,A
2809,ThermoMPNN,4XV2,0.29143381118774414,142,K,L,F:\GENESIS Studio\genesis-studio\packages\engines-py\.pdb_cache\4XV2,A
2810,ThermoMPNN,4XV2,0.4090389013290405,142,K,M,F:\GENESIS Studio\genesis-studio\packages\engines-py\.pdb_cache\4XV2,A
2811,ThermoMPNN,4XV2,2.213362693786621,142,K,N,F:\GENESIS Studio\genesis-studio\packages\engines-py\.pdb_cache\4XV2,A
2812,ThermoMPNN,4XV2,2.4868414402008057,142,K,P,F:\GENESIS Studio\genesis-studio\packages\engines-py\.pdb_cache\4XV2,A
2813,ThermoMPNN,4XV2,0.9250988960266113,142,K,Q,F:\GENESIS Studio\genesis-studio\packages\engines-py\.pdb_cache\4XV2,A
2814,ThermoMPNN,4XV2,0.0603104829788208,142,K,R,F:\GENESIS Studio\genesis-studio\packages\engines-py\.pdb_cache\4XV2,A
2815,ThermoMPNN,4XV2,1.8676717281341553,142,K,S,F:\GENESIS Studio\genesis-studio\packages\engines-py\.pdb_cache\4XV2,A
2816,ThermoMPNN,4XV2,1.6719152927398682,142,K,T,F:\GENESIS Studio\genesis-studio\packages\engines-py\.pdb_cache\4XV2,A
2817,ThermoMPNN,4XV2,0.8013825416564941,142,K,V,F:\GENESIS Studio\genesis-studio\packages\engines-py\.pdb_cache\4XV2,A
2818,ThermoMPNN,4XV2,0.9492551684379578,142,K,W,F:\GENESIS Studio\genesis-studio\packages\engines-py\.pdb_cache\4XV2,A
2819,ThermoMPNN,4XV2,0.8094668388366699,142,K,Y,F:\GENESIS Studio\genesis-studio\packages\engines-py\.pdb_cache\4XV2,A
2820,ThermoMPNN,4XV2,2.135418176651001,143,I,A,F:\GENESIS Studio\genesis-studio\packages\engines-py\.pdb_cache\4XV2,A
2821,ThermoMPNN,4XV2,1.4827473163604736,143,I,C,F:\GENESIS Studio\genesis-studio\packages\engines-py\.pdb_cache\4XV2,A
2822,ThermoMPNN,4XV2,2.707636594772339,143,I,D,F:\GENESIS Studio\genesis-studio\packages\engines-py\.pdb_cache\4XV2,A
2823,ThermoMPNN,4XV2,2.668569803237915,143,I,E,F:\GENESIS Studio\genesis-studio\packages\engines-py\.pdb_cache\4XV2,A
2824,ThermoMPNN,4XV2,1.452436923980713,143,I,F,F:\GENESIS Studio\genesis-studio\packages\engines-py\.pdb_cache\4XV2,A
2825,ThermoMPNN,4XV2,2.5847256183624268,143,I,G,F:\GENESIS Studio\genesis-studio\packages\engines-py\.pdb_cache\4XV2,A
2826,ThermoMPNN,4XV2,2.5345287322998047,143,I,H,F:\GENESIS Studio\genesis-studio\packages\engines-py\.pdb_cache\4XV2,A
2827,ThermoMPNN,4XV2,0.0,143,I,I,F:\GENESIS Studio\genesis-studio\packages\engines-py\.pdb_cache\4XV2,A
2828,ThermoMPNN,4XV2,2.5546886920928955,143,I,K,F:\GENESIS Studio\genesis-studio\packages\engines-py\.pdb_cache\4XV2,A
2829,ThermoMPNN,4XV2,0.6139476299285889,143,I,L,F:\GENESIS Studio\genesis-studio\packages\engines-py\.pdb_cache\4XV2,A
2830,ThermoMPNN,4XV2,1.2629212141036987,143,I,M,F:\GENESIS Studio\genesis-studio\packages\engines-py\.pdb_cache\4XV2,A
2831,ThermoMPNN,4XV2,2.5734236240386963,143,I,N,F:\GENESIS Studio\genesis-studio\packages\engines-py\.pdb_cache\4XV2,A
2832,ThermoMPNN,4XV2,2.4504764080047607,143,I,P,F:\GENESIS Studio\genesis-studio\packages\engines-py\.pdb_cache\4XV2,A
2833,ThermoMPNN,4XV2,2.642667055130005,143,I,Q,F:\GENESIS Studio\genesis-studio\packages\engines-py\.pdb_cache\4XV2,A
2834,ThermoMPNN,4XV2,2.544590950012207,143,I,R,F:\GENESIS Studio\genesis-studio\packages\engines-py\.pdb_cache\4XV2,A
2835,ThermoMPNN,4XV2,2.633723735809326,143,I,S,F:\GENESIS Studio\genesis-studio\packages\engines-py\.pdb_cache\4XV2,A
2836,ThermoMPNN,4XV2,2.2691516876220703,143,I,T,F:\GENESIS Studio\genesis-studio\packages\engines-py\.pdb_cache\4XV2,A
2837,ThermoMPNN,4XV2,0.7524092197418213,143,I,V,F:\GENESIS Studio\genesis-studio\packages\engines-py\.pdb_cache\4XV2,A
2838,ThermoMPNN,4XV2,1.9030100107192993,143,I,W,F:\GENESIS Studio\genesis-studio\packages\engines-py\.pdb_cache\4XV2,A
2839,ThermoMPNN,4XV2,1.8862354755401611,143,I,Y,F:\GENESIS Studio\genesis-studio\packages\engines-py\.pdb_cache\4XV2,A
2840,ThermoMPNN,4XV2,0.4855614900588989,144,G,A,F:\GENESIS Studio\genesis-studio\packages\engines-py\.pdb_cache\4XV2,A
2841,ThermoMPNN,4XV2,0.12719297409057617,144,G,C,F:\GENESIS Studio\genesis-studio\packages\engines-py\.pdb_cache\4XV2,A
2842,ThermoMPNN,4XV2,1.1998203992843628,144,G,D,F:\GENESIS Studio\genesis-studio\packages\engines-py\.pdb_cache\4XV2,A
2843,ThermoMPNN,4XV2,1.105262041091919,144,G,E,F:\GENESIS Studio\genesis-studio\packages\engines-py\.pdb_cache\4XV2,A
2844,ThermoMPNN,4XV2,0.42425262928009033,144,G,F,F:\GENESIS Studio\genesis-studio\packages\engines-py\.pdb_cache\4XV2,A
2845,ThermoMPNN,4XV2,0.0,144,G,G,F:\GENESIS Studio\genesis-studio\packages\engines-py\.pdb_cache\4XV2,A
2846,ThermoMPNN,4XV2,1.2148950099945068,144,G,H,F:\GENESIS Studio\genesis-studio\packages\engines-py\.pdb_cache\4XV2,A
2847,ThermoMPNN,4XV2,0.5602095723152161,144,G,I,F:\GENESIS Studio\genesis-studio\packages\engines-py\.pdb_cache\4XV2,A
2848,ThermoMPNN,4XV2,1.5479049682617188,144,G,K,F:\GENESIS Studio\genesis-studio\packages\engines-py\.pdb_cache\4XV2,A
2849,ThermoMPNN,4XV2,0.5911463499069214,144,G,L,F:\GENESIS Studio\genesis-studio\packages\engines-py\.pdb_cache\4XV2,A
2850,ThermoMPNN,4XV2,0.43243569135665894,144,G,M,F:\GENESIS Studio\genesis-studio\packages\engines-py\.pdb_cache\4XV2,A
2851,ThermoMPNN,4XV2,1.305136799812317,144,G,N,F:\GENESIS Studio\genesis-studio\packages\engines-py\.pdb_cache\4XV2,A
2852,ThermoMPNN,4XV2,1.8249797821044922,144,G,P,F:\GENESIS Studio\genesis-studio\packages\engines-py\.pdb_cache\4XV2,A
2853,ThermoMPNN,4XV2,1.1368629932403564,144,G,Q,F:\GENESIS Studio\genesis-studio\packages\engines-py\.pdb_cache\4XV2,A
2854,ThermoMPNN,4XV2,1.5750682353973389,144,G,R,F:\GENESIS Studio\genesis-studio\packages\engines-py\.pdb_cache\4XV2,A
2855,ThermoMPNN,4XV2,0.7923175096511841,144,G,S,F:\GENESIS Studio\genesis-studio\packages\engines-py\.pdb_cache\4XV2,A
2856,ThermoMPNN,4XV2,0.57900470495224,144,G,T,F:\GENESIS Studio\genesis-studio\packages\engines-py\.pdb_cache\4XV2,A
2857,ThermoMPNN,4XV2,0.5940064191818237,144,G,V,F:\GENESIS Studio\genesis-studio\packages\engines-py\.pdb_cache\4XV2,A
2858,ThermoMPNN,4XV2,0.9421582818031311,144,G,W,F:\GENESIS Studio\genesis-studio\packages\engines-py\.pdb_cache\4XV2,A
2859,ThermoMPNN,4XV2,0.7994248867034912,144,G,Y,F:\GENESIS Studio\genesis-studio\packages\engines-py\.pdb_cache\4XV2,A
2860,ThermoMPNN,4XV2,0.44087857007980347,145,D,A,F:\GENESIS Studio\genesis-studio\packages\engines-py\.pdb_cache\4XV2,A
2861,ThermoMPNN,4XV2,0.06968820095062256,145,D,C,F:\GENESIS Studio\genesis-studio\packages\engines-py\.pdb_cache\4XV2,A
2862,ThermoMPNN,4XV2,0.0,145,D,D,F:\GENESIS Studio\genesis-studio\packages\engines-py\.pdb_cache\4XV2,A
2863,ThermoMPNN,4XV2,0.7606944441795349,145,D,E,F:\GENESIS Studio\genesis-studio\packages\engines-py\.pdb_cache\4XV2,A
2864,ThermoMPNN,4XV2,0.26990509033203125,145,D,F,F:\GENESIS Studio\genesis-studio\packages\engines-py\.pdb_cache\4XV2,A
2865,ThermoMPNN,4XV2,1.3004231452941895,145,D,G,F:\GENESIS Studio\genesis-studio\packages\engines-py\.pdb_cache\4XV2,A
2866,ThermoMPNN,4XV2,0.6852394342422485,145,D,H,F:\GENESIS Studio\genesis-studio\packages\engines-py\.pdb_cache\4XV2,A
2867,ThermoMPNN,4XV2,0.4676862955093384,145,D,I,F:\GENESIS Studio\genesis-studio\packages\engines-py\.pdb_cache\4XV2,A
2868,ThermoMPNN,4XV2,1.1476531028747559,145,D,K,F:\GENESIS Studio\genesis-studio\packages\engines-py\.pdb_cache\4XV2,A
2869,ThermoMPNN,4XV2,0.507503092288971,145,D,L,F:\GENESIS Studio\genesis-studio\packages\engines-py\.pdb_cache\4XV2,A
2870,ThermoMPNN,4XV2,0.4905581474304199,145,D,M,F:\GENESIS Studio\genesis-studio\packages\engines-py\.pdb_cache\4XV2,A
2871,ThermoMPNN,4XV2,0.8217790126800537,145,D,N,F:\GENESIS Studio\genesis-studio\packages\engines-py\.pdb_cache\4XV2,A
2872,ThermoMPNN,4XV2,1.5892629623413086,145,D,P,F:\GENESIS Studio\genesis-studio\packages\engines-py\.pdb_cache\4XV2,A
2873,ThermoMPNN,4XV2,0.6196467876434326,145,D,Q,F:\GENESIS Studio\genesis-studio\packages\engines-py\.pdb_cache\4XV2,A
2874,ThermoMPNN,4XV2,1.1827261447906494,145,D,R,F:\GENESIS Studio\genesis-studio\packages\engines-py\.pdb_cache\4XV2,A
2875,ThermoMPNN,4XV2,0.6088595986366272,145,D,S,F:\GENESIS Studio\genesis-studio\packages\engines-py\.pdb_cache\4XV2,A
2876,ThermoMPNN,4XV2,0.913965106010437,145,D,T,F:\GENESIS Studio\genesis-studio\packages\engines-py\.pdb_cache\4XV2,A
2877,ThermoMPNN,4XV2,0.5843228697776794,145,D,V,F:\GENESIS Studio\genesis-studio\packages\engines-py\.pdb_cache\4XV2,A
2878,ThermoMPNN,4XV2,-0.01111900806427002,145,D,W,F:\GENESIS Studio\genesis-studio\packages\engines-py\.pdb_cache\4XV2,A
2879,ThermoMPNN,4XV2,0.3043992519378662,145,D,Y,F:\GENESIS Studio\genesis-studio\packages\engines-py\.pdb_cache\4XV2,A
2880,ThermoMPNN,4XV2,1.357170820236206,146,F,A,F:\GENESIS Studio\genesis-studio\packages\engines-py\.pdb_cache\4XV2,A
2881,ThermoMPNN,4XV2,0.5935425758361816,146,F,C,F:\GENESIS Studio\genesis-studio\packages\engines-py\.pdb_cache\4XV2,A
2882,ThermoMPNN,4XV2,1.9317915439605713,146,F,D,F:\GENESIS Studio\genesis-studio\packages\engines-py\.pdb_cache\4XV2,A
2883,ThermoMPNN,4XV2,1.7940566539764404,146,F,E,F:\GENESIS Studio\genesis-studio\packages\engines-py\.pdb_cache\4XV2,A
2884,ThermoMPNN,4XV2,0.0,146,F,F,F:\GENESIS Studio\genesis-studio\packages\engines-py\.pdb_cache\4XV2,A
2885,ThermoMPNN,4XV2,1.3646866083145142,146,F,G,F:\GENESIS Studio\genesis-studio\packages\engines-py\.pdb_cache\4XV2,A
2886,ThermoMPNN,4XV2,1.313651204109192,146,F,H,F:\GENESIS Studio\genesis-studio\packages\engines-py\.pdb_cache\4XV2,A
2887,ThermoMPNN,4XV2,0.6845346689224243,146,F,I,F:\GENESIS Studio\genesis-studio\packages\engines-py\.pdb_cache\4XV2,A
2888,ThermoMPNN,4XV2,1.446709394454956,146,F,K,F:\GENESIS Studio\genesis-studio\packages\engines-py\.pdb_cache\4XV2,A
2889,ThermoMPNN,4XV2,0.4908878803253174,146,F,L,F:\GENESIS Studio\genesis-studio\packages\engines-py\.pdb_cache\4XV2,A
2890,ThermoMPNN,4XV2,0.5339705944061279,146,F,M,F:\GENESIS Studio\genesis-studio\packages\engines-py\.pdb_cache\4XV2,A
2891,ThermoMPNN,4XV2,1.722564935684204,146,F,N,F:\GENESIS Studio\genesis-studio\packages\engines-py\.pdb_cache\4XV2,A
2892,ThermoMPNN,4XV2,1.0902886390686035,146,F,P,F:\GENESIS Studio\genesis-studio\packages\engines-py\.pdb_cache\4XV2,A
2893,ThermoMPNN,4XV2,1.5852677822113037,146,F,Q,F:\GENESIS Studio\genesis-studio\packages\engines-py\.pdb_cache\4XV2,A
2894,ThermoMPNN,4XV2,1.3925127983093262,146,F,R,F:\GENESIS Studio\genesis-studio\packages\engines-py\.pdb_cache\4XV2,A
2895,ThermoMPNN,4XV2,1.714111328125,146,F,S,F:\GENESIS Studio\genesis-studio\packages\engines-py\.pdb_cache\4XV2,A
2896,ThermoMPNN,4XV2,1.7224445343017578,146,F,T,F:\GENESIS Studio\genesis-studio\packages\engines-py\.pdb_cache\4XV2,A
2897,ThermoMPNN,4XV2,1.0799591541290283,146,F,V,F:\GENESIS Studio\genesis-studio\packages\engines-py\.pdb_cache\4XV2,A
2898,ThermoMPNN,4XV2,0.4195824861526489,146,F,W,F:\GENESIS Studio\genesis-studio\packages\engines-py\.pdb_cache\4XV2,A
2899,ThermoMPNN,4XV2,0.41686010360717773,146,F,Y,F:\GENESIS Studio\genesis-studio\packages\engines-py\.pdb_cache\4XV2,A
2900,ThermoMPNN,4XV2,0.48188966512680054,147,G,A,F:\GENESIS Studio\genesis-studio\packages\engines-py\.pdb_cache\4XV2,A
2901,ThermoMPNN,4XV2,0.10302966833114624,147,G,C,F:\GENESIS Studio\genesis-studio\packages\engines-py\.pdb_cache\4XV2,A
2902,ThermoMPNN,4XV2,0.9260573387145996,147,G,D,F:\GENESIS Studio\genesis-studio\packages\engines-py\.pdb_cache\4XV2,A
2903,ThermoMPNN,4XV2,0.773665726184845,147,G,E,F:\GENESIS Studio\genesis-studio\packages\engines-py\.pdb_cache\4XV2,A
2904,ThermoMPNN,4XV2,-0.0350189208984375,147,G,F,F:\GENESIS Studio\genesis-studio\packages\engines-py\.pdb_cache\4XV2,A
2905,ThermoMPNN,4XV2,0.0,147,G,G,F:\GENESIS Studio\genesis-studio\packages\engines-py\.pdb_cache\4XV2,A
2906,ThermoMPNN,4XV2,0.49106717109680176,147,G,H,F:\GENESIS Studio\genesis-studio\packages\engines-py\.pdb_cache\4XV2,A
2907,ThermoMPNN,4XV2,0.314910352230072,147,G,I,F:\GENESIS Studio\genesis-studio\packages\engines-py\.pdb_cache\4XV2,A
2908,ThermoMPNN,4XV2,0.8356518149375916,147,G,K,F:\GENESIS Studio\genesis-studio\packages\engines-py\.pdb_cache\4XV2,A
2909,ThermoMPNN,4XV2,0.37382209300994873,147,G,L,F:\GENESIS Studio\genesis-studio\packages\engines-py\.pdb_cache\4XV2,A
2910,ThermoMPNN,4XV2,0.3038759231567383,147,G,M,F:\GENESIS Studio\genesis-studio\packages\engines-py\.pdb_cache\4XV2,A
2911,ThermoMPNN,4XV2,0.8881188035011292,147,G,N,F:\GENESIS Studio\genesis-studio\packages\engines-py\.pdb_cache\4XV2,A
2912,ThermoMPNN,4XV2,0.7946059107780457,147,G,P,F:\GENESIS Studio\genesis-studio\packages\engines-py\.pdb_cache\4XV2,A
2913,ThermoMPNN,4XV2,0.7427549362182617,147,G,Q,F:\GENESIS Studio\genesis-studio\packages\engines-py\.pdb_cache\4XV2,A
2914,ThermoMPNN,4XV2,0.7309516668319702,147,G,R,F:\GENESIS Studio\genesis-studio\packages\engines-py\.pdb_cache\4XV2,A
2915,ThermoMPNN,4XV2,0.6686034202575684,147,G,S,F:\GENESIS Studio\genesis-studio\packages\engines-py\.pdb_cache\4XV2,A
2916,ThermoMPNN,4XV2,0.678006112575531,147,G,T,F:\GENESIS Studio\genesis-studio\packages\engines-py\.pdb_cache\4XV2,A
2917,ThermoMPNN,4XV2,0.47457700967788696,147,G,V,F:\GENESIS Studio\genesis-studio\packages\engines-py\.pdb_cache\4XV2,A
2918,ThermoMPNN,4XV2,0.17433935403823853,147,G,W,F:\GENESIS Studio\genesis-studio\packages\engines-py\.pdb_cache\4XV2,A
2919,ThermoMPNN,4XV2,0.011972188949584961,147,G,Y,F:\GENESIS Studio\genesis-studio\packages\engines-py\.pdb_cache\4XV2,A
2920,ThermoMPNN,4XV2,0.13164305686950684,166,G,A,F:\GENESIS Studio\genesis-studio\packages\engines-py\.pdb_cache\4XV2,A
2921,ThermoMPNN,4XV2,-0.144414484500885,166,G,C,F:\GENESIS Studio\genesis-studio\packages\engines-py\.pdb_cache\4XV2,A
2922,ThermoMPNN,4XV2,0.10372745990753174,166,G,D,F:\GENESIS Studio\genesis-studio\packages\engines-py\.pdb_cache\4XV2,A
2923,ThermoMPNN,4XV2,0.12819689512252808,166,G,E,F:\GENESIS Studio\genesis-studio\packages\engines-py\.pdb_cache\4XV2,A
2924,ThermoMPNN,4XV2,0.19166308641433716,166,G,F,F:\GENESIS Studio\genesis-studio\packages\engines-py\.pdb_cache\4XV2,A
2925,ThermoMPNN,4XV2,0.0,166,G,G,F:\GENESIS Studio\genesis-studio\packages\engines-py\.pdb_cache\4XV2,A
2926,ThermoMPNN,4XV2,0.17143088579177856,166,G,H,F:\GENESIS Studio\genesis-studio\packages\engines-py\.pdb_cache\4XV2,A
2927,ThermoMPNN,4XV2,0.19235491752624512,166,G,I,F:\GENESIS Studio\genesis-studio\packages\engines-py\.pdb_cache\4XV2,A
2928,ThermoMPNN,4XV2,0.35193753242492676,166,G,K,F:\GENESIS Studio\genesis-studio\packages\engines-py\.pdb_cache\4XV2,A
2929,ThermoMPNN,4XV2,0.1255636215209961,166,G,L,F:\GENESIS Studio\genesis-studio\packages\engines-py\.pdb_cache\4XV2,A
2930,ThermoMPNN,4XV2,0.2559095025062561,166,G,M,F:\GENESIS Studio\genesis-studio\packages\engines-py\.pdb_cache\4XV2,A
2931,ThermoMPNN,4XV2,0.13456618785858154,166,G,N,F:\GENESIS Studio\genesis-studio\packages\engines-py\.pdb_cache\4XV2,A
2932,ThermoMPNN,4XV2,0.380451500415802,166,G,P,F:\GENESIS Studio\genesis-studio\packages\engines-py\.pdb_cache\4XV2,A
2933,ThermoMPNN,4XV2,0.3013572096824646,166,G,Q,F:\GENESIS Studio\genesis-studio\packages\engines-py\.pdb_cache\4XV2,A
2934,ThermoMPNN,4XV2,0.39773523807525635,166,G,R,F:\GENESIS Studio\genesis-studio\packages\engines-py\.pdb_cache\4XV2,A
2935,ThermoMPNN,4XV2,0.1535710096359253,166,G,S,F:\GENESIS Studio\genesis-studio\packages\engines-py\.pdb_cache\4XV2,A
2936,ThermoMPNN,4XV2,0.1847286820411682,166,G,T,F:\GENESIS Studio\genesis-studio\packages\engines-py\.pdb_cache\4XV2,A
2937,ThermoMPNN,4XV2,0.2073325514793396,166,G,V,F:\GENESIS Studio\genesis-studio\packages\engines-py\.pdb_cache\4XV2,A
2938,ThermoMPNN,4XV2,0.06021958589553833,166,G,W,F:\GENESIS Studio\genesis-studio\packages\engines-py\.pdb_cache\4XV2,A
2939,ThermoMPNN,4XV2,0.17009466886520386,166,G,Y,F:\GENESIS Studio\genesis-studio\packages\engines-py\.pdb_cache\4XV2,A
2940,ThermoMPNN,4XV2,0.05583930015563965,167,S,A,F:\GENESIS Studio\genesis-studio\packages\engines-py\.pdb_cache\4XV2,A
2941,ThermoMPNN,4XV2,0.038149476051330566,167,S,C,F:\GENESIS Studio\genesis-studio\packages\engines-py\.pdb_cache\4XV2,A
2942,ThermoMPNN,4XV2,-0.06912422180175781,167,S,D,F:\GENESIS Studio\genesis-studio\packages\engines-py\.pdb_cache\4XV2,A
2943,ThermoMPNN,4XV2,0.13640356063842773,167,S,E,F:\GENESIS Studio\genesis-studio\packages\engines-py\.pdb_cache\4XV2,A
2944,ThermoMPNN,4XV2,0.4395323395729065,167,S,F,F:\GENESIS Studio\genesis-studio\packages\engines-py\.pdb_cache\4XV2,A
2945,ThermoMPNN,4XV2,0.08557575941085815,167,S,G,F:\GENESIS Studio\genesis-studio\packages\engines-py\.pdb_cache\4XV2,A
2946,ThermoMPNN,4XV2,0.37447524070739746,167,S,H,F:\GENESIS Studio\genesis-studio\packages\engines-py\.pdb_cache\4XV2,A
2947,ThermoMPNN,4XV2,0.7063547968864441,167,S,I,F:\GENESIS Studio\genesis-studio\packages\engines-py\.pdb_cache\4XV2,A
2948,ThermoMPNN,4XV2,0.5409685969352722,167,S,K,F:\GENESIS Studio\genesis-studio\packages\engines-py\.pdb_cache\4XV2,A
2949,ThermoMPNN,4XV2,0.5716078877449036,167,S,L,F:\GENESIS Studio\genesis-studio\packages\engines-py\.pdb_cache\4XV2,A
2950,ThermoMPNN,4XV2,0.31250399351119995,167,S,M,F:\GENESIS Studio\genesis-studio\packages\engines-py\.pdb_cache\4XV2,A
2951,ThermoMPNN,4XV2,0.15560460090637207,167,S,N,F:\GENESIS Studio\genesis-studio\packages\engines-py\.pdb_cache\4XV2,A
2952,ThermoMPNN,4XV2,0.9913436770439148,167,S,P,F:\GENESIS Studio\genesis-studio\packages\engines-py\.pdb_cache\4XV2,A
2953,ThermoMPNN,4XV2,0.24047785997390747,167,S,Q,F:\GENESIS Studio\genesis-studio\packages\engines-py\.pdb_cache\4XV2,A
2954,ThermoMPNN,4XV2,0.6186136603355408,167,S,R,F:\GENESIS Studio\genesis-studio\packages\engines-py\.pdb_cache\4XV2,A
2955,ThermoMPNN,4XV2,0.0,167,S,S,F:\GENESIS Studio\genesis-studio\packages\engines-py\.pdb_cache\4XV2,A
2956,ThermoMPNN,4XV2,0.347159206867218,167,S,T,F:\GENESIS Studio\genesis-studio\packages\engines-py\.pdb_cache\4XV2,A
2957,ThermoMPNN,4XV2,0.7953025698661804,167,S,V,F:\GENESIS Studio\genesis-studio\packages\engines-py\.pdb_cache\4XV2,A
2958,ThermoMPNN,4XV2,0.22351586818695068,167,S,W,F:\GENESIS Studio\genesis-studio\packages\engines-py\.pdb_cache\4XV2,A
2959,ThermoMPNN,4XV2,0.3717431426048279,167,S,Y,F:\GENESIS Studio\genesis-studio\packages\engines-py\.pdb_cache\4XV2,A
2960,ThermoMPNN,4XV2,1.2626742124557495,168,I,A,F:\GENESIS Studio\genesis-studio\packages\engines-py\.pdb_cache\4XV2,A
2961,ThermoMPNN,4XV2,0.7923519611358643,168,I,C,F:\GENESIS Studio\genesis-studio\packages\engines-py\.pdb_cache\4XV2,A
2962,ThermoMPNN,4XV2,1.8727695941925049,168,I,D,F:\GENESIS Studio\genesis-studio\packages\engines-py\.pdb_cache\4XV2,A
2963,ThermoMPNN,4XV2,1.7011947631835938,168,I,E,F:\GENESIS Studio\genesis-studio\packages\engines-py\.pdb_cache\4XV2,A
2964,ThermoMPNN,4XV2,0.5069561004638672,168,I,F,F:\GENESIS Studio\genesis-studio\packages\engines-py\.pdb_cache\4XV2,A
2965,ThermoMPNN,4XV2,1.845672607421875,168,I,G,F:\GENESIS Studio\genesis-studio\packages\engines-py\.pdb_cache\4XV2,A
2966,ThermoMPNN,4XV2,1.3548392057418823,168,I,H,F:\GENESIS Studio\genesis-studio\packages\engines-py\.pdb_cache\4XV2,A
2967,ThermoMPNN,4XV2,0.0,168,I,I,F:\GENESIS Studio\genesis-studio\packages\engines-py\.pdb_cache\4XV2,A
2968,ThermoMPNN,4XV2,1.7866261005401611,168,I,K,F:\GENESIS Studio\genesis-studio\packages\engines-py\.pdb_cache\4XV2,A
2969,ThermoMPNN,4XV2,0.5943524837493896,168,I,L,F:\GENESIS Studio\genesis-studio\packages\engines-py\.pdb_cache\4XV2,A
2970,ThermoMPNN,4XV2,0.839448094367981,168,I,M,F:\GENESIS Studio\genesis-studio\packages\engines-py\.pdb_cache\4XV2,A
2971,ThermoMPNN,4XV2,1.8434176445007324,168,I,N,F:\GENESIS Studio\genesis-studio\packages\engines-py\.pdb_cache\4XV2,A
2972,ThermoMPNN,4XV2,1.8483068943023682,168,I,P,F:\GENESIS Studio\genesis-studio\packages\engines-py\.pdb_cache\4XV2,A
2973,ThermoMPNN,4XV2,1.690629482269287,168,I,Q,F:\GENESIS Studio\genesis-studio\packages\engines-py\.pdb_cache\4XV2,A
2974,ThermoMPNN,4XV2,1.8218767642974854,168,I,R,F:\GENESIS Studio\genesis-studio\packages\engines-py\.pdb_cache\4XV2,A
2975,ThermoMPNN,4XV2,1.4923925399780273,168,I,S,F:\GENESIS Studio\genesis-studio\packages\engines-py\.pdb_cache\4XV2,A
2976,ThermoMPNN,4XV2,1.2328364849090576,168,I,T,F:\GENESIS Studio\genesis-studio\packages\engines-py\.pdb_cache\4XV2,A
2977,ThermoMPNN,4XV2,0.5556480884552002,168,I,V,F:\GENESIS Studio\genesis-studio\packages\engines-py\.pdb_cache\4XV2,A
2978,ThermoMPNN,4XV2,0.7101718187332153,168,I,W,F:\GENESIS Studio\genesis-studio\packages\engines-py\.pdb_cache\4XV2,A
2979,ThermoMPNN,4XV2,0.5671950578689575,168,I,Y,F:\GENESIS Studio\genesis-studio\packages\engines-py\.pdb_cache\4XV2,A
2980,ThermoMPNN,4XV2,1.1981580257415771,169,L,A,F:\GENESIS Studio\genesis-studio\packages\engines-py\.pdb_cache\4XV2,A
2981,ThermoMPNN,4XV2,0.5586135983467102,169,L,C,F:\GENESIS Studio\genesis-studio\packages\engines-py\.pdb_cache\4XV2,A
2982,ThermoMPNN,4XV2,1.593338966369629,169,L,D,F:\GENESIS Studio\genesis-studio\packages\engines-py\.pdb_cache\4XV2,A
2983,ThermoMPNN,4XV2,1.0694314241409302,169,L,E,F:\GENESIS Studio\genesis-studio\packages\engines-py\.pdb_cache\4XV2,A
2984,ThermoMPNN,4XV2,0.5301873683929443,169,L,F,F:\GENESIS Studio\genesis-studio\packages\engines-py\.pdb_cache\4XV2,A
2985,ThermoMPNN,4XV2,1.809520959854126,169,L,G,F:\GENESIS Studio\genesis-studio\packages\engines-py\.pdb_cache\4XV2,A
2986,ThermoMPNN,4XV2,0.8871835470199585,169,L,H,F:\GENESIS Studio\genesis-studio\packages\engines-py\.pdb_cache\4XV2,A
2987,ThermoMPNN,4XV2,0.43839216232299805,169,L,I,F:\GENESIS Studio\genesis-studio\packages\engines-py\.pdb_cache\4XV2,A
2988,ThermoMPNN,4XV2,1.0025954246520996,169,L,K,F:\GENESIS Studio\genesis-studio\packages\engines-py\.pdb_cache\4XV2,A
2989,ThermoMPNN,4XV2,0.0,169,L,L,F:\GENESIS Studio\genesis-studio\packages\engines-py\.pdb_cache\4XV2,A
2990,ThermoMPNN,4XV2,0.5132059454917908,169,L,M,F:\GENESIS Studio\genesis-studio\packages\engines-py\.pdb_cache\4XV2,A
2991,ThermoMPNN,4XV2,1.312084674835205,169,L,N,F:\GENESIS Studio\genesis-studio\packages\engines-py\.pdb_cache\4XV2,A
2992,ThermoMPNN,4XV2,1.3300635814666748,169,L,P,F:\GENESIS Studio\genesis-studio\packages\engines-py\.pdb_cache\4XV2,A
2993,ThermoMPNN,4XV2,1.086670994758606,169,L,Q,F:\GENESIS Studio\genesis-studio\packages\engines-py\.pdb_cache\4XV2,A
2994,ThermoMPNN,4XV2,0.9074961543083191,169,L,R,F:\GENESIS Studio\genesis-studio\packages\engines-py\.pdb_cache\4XV2,A
2995,ThermoMPNN,4XV2,1.3999748229980469,169,L,S,F:\GENESIS Studio\genesis-studio\packages\engines-py\.pdb_cache\4XV2,A
2996,ThermoMPNN,4XV2,0.8926894664764404,169,L,T,F:\GENESIS Studio\genesis-studio\packages\engines-py\.pdb_cache\4XV2,A
2997,ThermoMPNN,4XV2,0.7357474565505981,169,L,V,F:\GENESIS Studio\genesis-studio\packages\engines-py\.pdb_cache\4XV2,A
2998,ThermoMPNN,4XV2,0.36817121505737305,169,L,W,F:\GENESIS Studio\genesis-studio\packages\engines-py\.pdb_cache\4XV2,A
2999,ThermoMPNN,4XV2,0.26861000061035156,169,L,Y,F:\GENESIS Studio\genesis-studio\packages\engines-py\.pdb_cache\4XV2,A
3000,ThermoMPNN,4XV2,1.6545506715774536,170,W,A,F:\GENESIS Studio\genesis-studio\packages\engines-py\.pdb_cache\4XV2,A
3001,ThermoMPNN,4XV2,1.2566845417022705,170,W,C,F:\GENESIS Studio\genesis-studio\packages\engines-py\.pdb_cache\4XV2,A
3002,ThermoMPNN,4XV2,1.702265739440918,170,W,D,F:\GENESIS Studio\genesis-studio\packages\engines-py\.pdb_cache\4XV2,A
3003,ThermoMPNN,4XV2,1.4242478609085083,170,W,E,F:\GENESIS Studio\genesis-studio\packages\engines-py\.pdb_cache\4XV2,A
3004,ThermoMPNN,4XV2,0.6364789009094238,170,W,F,F:\GENESIS Studio\genesis-studio\packages\engines-py\.pdb_cache\4XV2,A
3005,ThermoMPNN,4XV2,1.4670560359954834,170,W,G,F:\GENESIS Studio\genesis-studio\packages\engines-py\.pdb_cache\4XV2,A
3006,ThermoMPNN,4XV2,1.1881208419799805,170,W,H,F:\GENESIS Studio\genesis-studio\packages\engines-py\.pdb_cache\4XV2,A
3007,ThermoMPNN,4XV2,1.9373859167099,170,W,I,F:\GENESIS Studio\genesis-studio\packages\engines-py\.pdb_cache\4XV2,A
3008,ThermoMPNN,4XV2,1.886683464050293,170,W,K,F:\GENESIS Studio\genesis-studio\packages\engines-py\.pdb_cache\4XV2,A
3009,ThermoMPNN,4XV2,1.7189075946807861,170,W,L,F:\GENESIS Studio\genesis-studio\packages\engines-py\.pdb_cache\4XV2,A
3010,ThermoMPNN,4XV2,1.7621601819992065,170,W,M,F:\GENESIS Studio\genesis-studio\packages\engines-py\.pdb_cache\4XV2,A
3011,ThermoMPNN,4XV2,1.6830699443817139,170,W,N,F:\GENESIS Studio\genesis-studio\packages\engines-py\.pdb_cache\4XV2,A
3012,ThermoMPNN,4XV2,1.9046521186828613,170,W,P,F:\GENESIS Studio\genesis-studio\packages\engines-py\.pdb_cache\4XV2,A
3013,ThermoMPNN,4XV2,1.6508843898773193,170,W,Q,F:\GENESIS Studio\genesis-studio\packages\engines-py\.pdb_cache\4XV2,A
3014,ThermoMPNN,4XV2,1.6925604343414307,170,W,R,F:\GENESIS Studio\genesis-studio\packages\engines-py\.pdb_cache\4XV2,A
3015,ThermoMPNN,4XV2,1.6564061641693115,170,W,S,F:\GENESIS Studio\genesis-studio\packages\engines-py\.pdb_cache\4XV2,A
3016,ThermoMPNN,4XV2,1.5674293041229248,170,W,T,F:\GENESIS Studio\genesis-studio\packages\engines-py\.pdb_cache\4XV2,A
3017,ThermoMPNN,4XV2,1.7292195558547974,170,W,V,F:\GENESIS Studio\genesis-studio\packages\engines-py\.pdb_cache\4XV2,A
3018,ThermoMPNN,4XV2,0.0,170,W,W,F:\GENESIS Studio\genesis-studio\packages\engines-py\.pdb_cache\4XV2,A
3019,ThermoMPNN,4XV2,0.09331488609313965,170,W,Y,F:\GENESIS Studio\genesis-studio\packages\engines-py\.pdb_cache\4XV2,A
3020,ThermoMPNN,4XV2,0.9402296543121338,171,M,A,F:\GENESIS Studio\genesis-studio\packages\engines-py\.pdb_cache\4XV2,A
3021,ThermoMPNN,4XV2,0.35082435607910156,171,M,C,F:\GENESIS Studio\genesis-studio\packages\engines-py\.pdb_cache\4XV2,A
3022,ThermoMPNN,4XV2,1.9552702903747559,171,M,D,F:\GENESIS Studio\genesis-studio\packages\engines-py\.pdb_cache\4XV2,A
3023,ThermoMPNN,4XV2,1.7397996187210083,171,M,E,F:\GENESIS Studio\genesis-studio\packages\engines-py\.pdb_cache\4XV2,A
3024,ThermoMPNN,4XV2,0.6748806238174438,171,M,F,F:\GENESIS Studio\genesis-studio\packages\engines-py\.pdb_cache\4XV2,A
3025,ThermoMPNN,4XV2,1.5662897825241089,171,M,G,F:\GENESIS Studio\genesis-studio\packages\engines-py\.pdb_cache\4XV2,A
3026,ThermoMPNN,4XV2,1.0172849893569946,171,M,H,F:\GENESIS Studio\genesis-studio\packages\engines-py\.pdb_cache\4XV2,A
3027,ThermoMPNN,4XV2,0.917898416519165,171,M,I,F:\GENESIS Studio\genesis-studio\packages\engines-py\.pdb_cache\4XV2,A
3028,ThermoMPNN,4XV2,0.8693579435348511,171,M,K,F:\GENESIS Studio\genesis-studio\packages\engines-py\.pdb_cache\4XV2,A
3029,ThermoMPNN,4XV2,0.021714210510253906,171,M,L,F:\GENESIS Studio\genesis-studio\packages\engines-py\.pdb_cache\4XV2,A
3030,ThermoMPNN,4XV2,0.0,171,M,M,F:\GENESIS Studio\genesis-studio\packages\engines-py\.pdb_cache\4XV2,A
3031,ThermoMPNN,4XV2,1.3357393741607666,171,M,N,F:\GENESIS Studio\genesis-studio\packages\engines-py\.pdb_cache\4XV2,A
3032,ThermoMPNN,4XV2,2.5100910663604736,171,M,P,F:\GENESIS Studio\genesis-studio\packages\engines-py\.pdb_cache\4XV2,A
3033,ThermoMPNN,4XV2,0.9155058860778809,171,M,Q,F:\GENESIS Studio\genesis-studio\packages\engines-py\.pdb_cache\4XV2,A
3034,ThermoMPNN,4XV2,0.9107080101966858,171,M,R,F:\GENESIS Studio\genesis-studio\packages\engines-py\.pdb_cache\4XV2,A
3035,ThermoMPNN,4XV2,1.3412173986434937,171,M,S,F:\GENESIS Studio\genesis-studio\packages\engines-py\.pdb_cache\4XV2,A
3036,ThermoMPNN,4XV2,1.465591311454773,171,M,T,F:\GENESIS Studio\genesis-studio\packages\engines-py\.pdb_cache\4XV2,A
3037,ThermoMPNN,4XV2,1.1521382331848145,171,M,V,F:\GENESIS Studio\genesis-studio\packages\engines-py\.pdb_cache\4XV2,A
3038,ThermoMPNN,4XV2,0.6307682991027832,171,M,W,F:\GENESIS Studio\genesis-studio\packages\engines-py\.pdb_cache\4XV2,A
3039,ThermoMPNN,4XV2,0.7235823273658752,171,M,Y,F:\GENESIS Studio\genesis-studio\packages\engines-py\.pdb_cache\4XV2,A
3040,ThermoMPNN,4XV2,0.0,172,A,A,F:\GENESIS Studio\genesis-studio\packages\engines-py\.pdb_cache\4XV2,A
3041,ThermoMPNN,4XV2,0.6368783712387085,172,A,C,F:\GENESIS Studio\genesis-studio\packages\engines-py\.pdb_cache\4XV2,A
3042,ThermoMPNN,4XV2,2.4256792068481445,172,A,D,F:\GENESIS Studio\genesis-studio\packages\engines-py\.pdb_cache\4XV2,A
3043,ThermoMPNN,4XV2,1.7427489757537842,172,A,E,F:\GENESIS Studio\genesis-studio\packages\engines-py\.pdb_cache\4XV2,A
3044,ThermoMPNN,4XV2,1.9163331985473633,172,A,F,F:\GENESIS Studio\genesis-studio\packages\engines-py\.pdb_cache\4XV2,A
3045,ThermoMPNN,4XV2,2.1143064498901367,172,A,G,F:\GENESIS Studio\genesis-studio\packages\engines-py\.pdb_cache\4XV2,A
3046,ThermoMPNN,4XV2,1.6283327341079712,172,A,H,F:\GENESIS Studio\genesis-studio\packages\engines-py\.pdb_cache\4XV2,A
3047,ThermoMPNN,4XV2,1.6359411478042603,172,A,I,F:\GENESIS Studio\genesis-studio\packages\engines-py\.pdb_cache\4XV2,A
3048,ThermoMPNN,4XV2,2.161013603210449,172,A,K,F:\GENESIS Studio\genesis-studio\packages\engines-py\.pdb_cache\4XV2,A
3049,ThermoMPNN,4XV2,1.7374086380004883,172,A,L,F:\GENESIS Studio\genesis-studio\packages\engines-py\.pdb_cache\4XV2,A
3050,ThermoMPNN,4XV2,1.7540892362594604,172,A,M,F:\GENESIS Studio\genesis-studio\packages\engines-py\.pdb_cache\4XV2,A
3051,ThermoMPNN,4XV2,2.1506216526031494,172,A,N,F:\GENESIS Studio\genesis-studio\packages\engines-py\.pdb_cache\4XV2,A
3052,ThermoMPNN,4XV2,1.3629283905029297,172,A,P,F:\GENESIS Studio\genesis-studio\packages\engines-py\.pdb_cache\4XV2,A
3053,ThermoMPNN,4XV2,2.0360703468322754,172,A,Q,F:\GENESIS Studio\genesis-studio\packages\engines-py\.pdb_cache\4XV2,A
3054,ThermoMPNN,4XV2,2.2599475383758545,172,A,R,F:\GENESIS Studio\genesis-studio\packages\engines-py\.pdb_cache\4XV2,A
3055,ThermoMPNN,4XV2,1.04638671875,172,A,S,F:\GENESIS Studio\genesis-studio\packages\engines-py\.pdb_cache\4XV2,A
3056,ThermoMPNN,4XV2,1.8246324062347412,172,A,T,F:\GENESIS Studio\genesis-studio\packages\engines-py\.pdb_cache\4XV2,A
3057,ThermoMPNN,4XV2,0.9764406681060791,172,A,V,F:\GENESIS Studio\genesis-studio\packages\engines-py\.pdb_cache\4XV2,A
3058,ThermoMPNN,4XV2,1.854134202003479,172,A,W,F:\GENESIS Studio\genesis-studio\packages\engines-py\.pdb_cache\4XV2,A
3059,ThermoMPNN,4XV2,1.8068580627441406,172,A,Y,F:\GENESIS Studio\genesis-studio\packages\engines-py\.pdb_cache\4XV2,A
3060,ThermoMPNN,4XV2,2.397149085998535,173,P,A,F:\GENESIS Studio\genesis-studio\packages\engines-py\.pdb_cache\4XV2,A
3061,ThermoMPNN,4XV2,1.8251104354858398,173,P,C,F:\GENESIS Studio\genesis-studio\packages\engines-py\.pdb_cache\4XV2,A
3062,ThermoMPNN,4XV2,2.959900379180908,173,P,D,F:\GENESIS Studio\genesis-studio\packages\engines-py\.pdb_cache\4XV2,A
3063,ThermoMPNN,4XV2,2.8219141960144043,173,P,E,F:\GENESIS Studio\genesis-studio\packages\engines-py\.pdb_cache\4XV2,A
3064,ThermoMPNN,4XV2,2.47963809967041,173,P,F,F:\GENESIS Studio\genesis-studio\packages\engines-py\.pdb_cache\4XV2,A
3065,ThermoMPNN,4XV2,2.801710367202759,173,P,G,F:\GENESIS Studio\genesis-studio\packages\engines-py\.pdb_cache\4XV2,A
3066,ThermoMPNN,4XV2,2.7597193717956543,173,P,H,F:\GENESIS Studio\genesis-studio\packages\engines-py\.pdb_cache\4XV2,A
3067,ThermoMPNN,4XV2,2.4980180263519287,173,P,I,F:\GENESIS Studio\genesis-studio\packages\engines-py\.pdb_cache\4XV2,A
3068,ThermoMPNN,4XV2,2.551379919052124,173,P,K,F:\GENESIS Studio\genesis-studio\packages\engines-py\.pdb_cache\4XV2,A
3069,ThermoMPNN,4XV2,2.3446507453918457,173,P,L,F:\GENESIS Studio\genesis-studio\packages\engines-py\.pdb_cache\4XV2,A
3070,ThermoMPNN,4XV2,2.384091854095459,173,P,M,F:\GENESIS Studio\genesis-studio\packages\engines-py\.pdb_cache\4XV2,A
3071,ThermoMPNN,4XV2,2.7176990509033203,173,P,N,F:\GENESIS Studio\genesis-studio\packages\engines-py\.pdb_cache\4XV2,A
3072,ThermoMPNN,4XV2,0.0,173,P,P,F:\GENESIS Studio\genesis-studio\packages\engines-py\.pdb_cache\4XV2,A
3073,ThermoMPNN,4XV2,2.763732671737671,173,P,Q,F:\GENESIS Studio\genesis-studio\packages\engines-py\.pdb_cache\4XV2,A
3074,ThermoMPNN,4XV2,2.6509292125701904,173,P,R,F:\GENESIS Studio\genesis-studio\packages\engines-py\.pdb_cache\4XV2,A
3075,ThermoMPNN,4XV2,2.4747562408447266,173,P,S,F:\GENESIS Studio\genesis-studio\packages\engines-py\.pdb_cache\4XV2,A
3076,ThermoMPNN,4XV2,2.9062161445617676,173,P,T,F:\GENESIS Studio\genesis-studio\packages\engines-py\.pdb_cache\4XV2,A
3077,ThermoMPNN,4XV2,2.63423752784729,173,P,V,F:\GENESIS Studio\genesis-studio\packages\engines-py\.pdb_cache\4XV2,A
3078,ThermoMPNN,4XV2,2.521477222442627,173,P,W,F:\GENESIS Studio\genesis-studio\packages\engines-py\.pdb_cache\4XV2,A
3079,ThermoMPNN,4XV2,2.429764986038208,173,P,Y,F:\GENESIS Studio\genesis-studio\packages\engines-py\.pdb_cache\4XV2,A
3080,ThermoMPNN,4XV2,0.4635048508644104,174,E,A,F:\GENESIS Studio\genesis-studio\packages\engines-py\.pdb_cache\4XV2,A
3081,ThermoMPNN,4XV2,0.2794318199157715,174,E,C,F:\GENESIS Studio\genesis-studio\packages\engines-py\.pdb_cache\4XV2,A
3082,ThermoMPNN,4XV2,0.38301533460617065,174,E,D,F:\GENESIS Studio\genesis-studio\packages\engines-py\.pdb_cache\4XV2,A
3083,ThermoMPNN,4XV2,0.0,174,E,E,F:\GENESIS Studio\genesis-studio\packages\engines-py\.pdb_cache\4XV2,A
3084,ThermoMPNN,4XV2,0.553866446018219,174,E,F,F:\GENESIS Studio\genesis-studio\packages\engines-py\.pdb_cache\4XV2,A
3085,ThermoMPNN,4XV2,0.7889205813407898,174,E,G,F:\GENESIS Studio\genesis-studio\packages\engines-py\.pdb_cache\4XV2,A
3086,ThermoMPNN,4XV2,0.669376015663147,174,E,H,F:\GENESIS Studio\genesis-studio\packages\engines-py\.pdb_cache\4XV2,A
3087,ThermoMPNN,4XV2,0.5501499176025391,174,E,I,F:\GENESIS Studio\genesis-studio\packages\engines-py\.pdb_cache\4XV2,A
3088,ThermoMPNN,4XV2,1.1873986721038818,174,E,K,F:\GENESIS Studio\genesis-studio\packages\engines-py\.pdb_cache\4XV2,A
3089,ThermoMPNN,4XV2,0.8322089910507202,174,E,L,F:\GENESIS Studio\genesis-studio\packages\engines-py\.pdb_cache\4XV2,A
3090,ThermoMPNN,4XV2,0.7907841801643372,174,E,M,F:\GENESIS Studio\genesis-studio\packages\engines-py\.pdb_cache\4XV2,A
3091,ThermoMPNN,4XV2,0.9275317788124084,174,E,N,F:\GENESIS Studio\genesis-studio\packages\engines-py\.pdb_cache\4XV2,A
3092,ThermoMPNN,4XV2,0.8703165054321289,174,E,P,F:\GENESIS Studio\genesis-studio\packages\engines-py\.pdb_cache\4XV2,A
3093,ThermoMPNN,4XV2,0.7592804431915283,174,E,Q,F:\GENESIS Studio\genesis-studio\packages\engines-py\.pdb_cache\4XV2,A
3094,ThermoMPNN,4XV2,1.1477222442626953,174,E,R,F:\GENESIS Studio\genesis-studio\packages\engines-py\.pdb_cache\4XV2,A
3095,ThermoMPNN,4XV2,0.5876200199127197,174,E,S,F:\GENESIS Studio\genesis-studio\packages\engines-py\.pdb_cache\4XV2,A
3096,ThermoMPNN,4XV2,0.7178636193275452,174,E,T,F:\GENESIS Studio\genesis-studio\packages\engines-py\.pdb_cache\4XV2,A
3097,ThermoMPNN,4XV2,0.6020234823226929,174,E,V,F:\GENESIS Studio\genesis-studio\packages\engines-py\.pdb_cache\4XV2,A
3098,ThermoMPNN,4XV2,0.18439292907714844,174,E,W,F:\GENESIS Studio\genesis-studio\packages\engines-py\.pdb_cache\4XV2,A
3099,ThermoMPNN,4XV2,0.21006834506988525,174,E,Y,F:\GENESIS Studio\genesis-studio\packages\engines-py\.pdb_cache\4XV2,A
3100,ThermoMPNN,4XV2,1.0623173713684082,175,V,A,F:\GENESIS Studio\genesis-studio\packages\engines-py\.pdb_cache\4XV2,A
3101,ThermoMPNN,4XV2,0.746152400970459,175,V,C,F:\GENESIS Studio\genesis-studio\packages\engines-py\.pdb_cache\4XV2,A
3102,ThermoMPNN,4XV2,1.636570930480957,175,V,D,F:\GENESIS Studio\genesis-studio\packages\engines-py\.pdb_cache\4XV2,A
3103,ThermoMPNN,4XV2,1.151989221572876,175,V,E,F:\GENESIS Studio\genesis-studio\packages\engines-py\.pdb_cache\4XV2,A
3104,ThermoMPNN,4XV2,1.093937635421753,175,V,F,F:\GENESIS Studio\genesis-studio\packages\engines-py\.pdb_cache\4XV2,A
3105,ThermoMPNN,4XV2,1.9195446968078613,175,V,G,F:\GENESIS Studio\genesis-studio\packages\engines-py\.pdb_cache\4XV2,A
3106,ThermoMPNN,4XV2,1.3433163166046143,175,V,H,F:\GENESIS Studio\genesis-studio\packages\engines-py\.pdb_cache\4XV2,A
3107,ThermoMPNN,4XV2,0.3570220470428467,175,V,I,F:\GENESIS Studio\genesis-studio\packages\engines-py\.pdb_cache\4XV2,A
3108,ThermoMPNN,4XV2,1.3833640813827515,175,V,K,F:\GENESIS Studio\genesis-studio\packages\engines-py\.pdb_cache\4XV2,A
3109,ThermoMPNN,4XV2,0.8469077348709106,175,V,L,F:\GENESIS Studio\genesis-studio\packages\engines-py\.pdb_cache\4XV2,A
3110,ThermoMPNN,4XV2,0.828377366065979,175,V,M,F:\GENESIS Studio\genesis-studio\packages\engines-py\.pdb_cache\4XV2,A
3111,ThermoMPNN,4XV2,1.6915597915649414,175,V,N,F:\GENESIS Studio\genesis-studio\packages\engines-py\.pdb_cache\4XV2,A
3112,ThermoMPNN,4XV2,1.6517910957336426,175,V,P,F:\GENESIS Studio\genesis-studio\packages\engines-py\.pdb_cache\4XV2,A
3113,ThermoMPNN,4XV2,1.0089343786239624,175,V,Q,F:\GENESIS Studio\genesis-studio\packages\engines-py\.pdb_cache\4XV2,A
3114,ThermoMPNN,4XV2,1.4175734519958496,175,V,R,F:\GENESIS Studio\genesis-studio\packages\engines-py\.pdb_cache\4XV2,A
3115,ThermoMPNN,4XV2,1.5438799858093262,175,V,S,F:\GENESIS Studio\genesis-studio\packages\engines-py\.pdb_cache\4XV2,A
3116,ThermoMPNN,4XV2,1.0676435232162476,175,V,T,F:\GENESIS Studio\genesis-studio\packages\engines-py\.pdb_cache\4XV2,A
3117,ThermoMPNN,4XV2,0.0,175,V,V,F:\GENESIS Studio\genesis-studio\packages\engines-py\.pdb_cache\4XV2,A
3118,ThermoMPNN,4XV2,1.1334199905395508,175,V,W,F:\GENESIS Studio\genesis-studio\packages\engines-py\.pdb_cache\4XV2,A
3119,ThermoMPNN,4XV2,1.185164451599121,175,V,Y,F:\GENESIS Studio\genesis-studio\packages\engines-py\.pdb_cache\4XV2,A
3120,ThermoMPNN,4XV2,1.7929420471191406,176,I,A,F:\GENESIS Studio\genesis-studio\packages\engines-py\.pdb_cache\4XV2,A
3121,ThermoMPNN,4XV2,1.0875980854034424,176,I,C,F:\GENESIS Studio\genesis-studio\packages\engines-py\.pdb_cache\4XV2,A
3122,ThermoMPNN,4XV2,2.2674362659454346,176,I,D,F:\GENESIS Studio\genesis-studio\packages\engines-py\.pdb_cache\4XV2,A
3123,ThermoMPNN,4XV2,2.236299753189087,176,I,E,F:\GENESIS Studio\genesis-studio\packages\engines-py\.pdb_cache\4XV2,A
3124,ThermoMPNN,4XV2,1.2189738750457764,176,I,F,F:\GENESIS Studio\genesis-studio\packages\engines-py\.pdb_cache\4XV2,A
3125,ThermoMPNN,4XV2,2.129216194152832,176,I,G,F:\GENESIS Studio\genesis-studio\packages\engines-py\.pdb_cache\4XV2,A
3126,ThermoMPNN,4XV2,1.9918867349624634,176,I,H,F:\GENESIS Studio\genesis-studio\packages\engines-py\.pdb_cache\4XV2,A
3127,ThermoMPNN,4XV2,0.0,176,I,I,F:\GENESIS Studio\genesis-studio\packages\engines-py\.pdb_cache\4XV2,A
3128,ThermoMPNN,4XV2,1.9458858966827393,176,I,K,F:\GENESIS Studio\genesis-studio\packages\engines-py\.pdb_cache\4XV2,A
3129,ThermoMPNN,4XV2,0.0035855770111083984,176,I,L,F:\GENESIS Studio\genesis-studio\packages\engines-py\.pdb_cache\4XV2,A
3130,ThermoMPNN,4XV2,0.8797301054000854,176,I,M,F:\GENESIS Studio\genesis-studio\packages\engines-py\.pdb_cache\4XV2,A
3131,ThermoMPNN,4XV2,2.145390272140503,176,I,N,F:\GENESIS Studio\genesis-studio\packages\engines-py\.pdb_cache\4XV2,A
3132,ThermoMPNN,4XV2,2.3273983001708984,176,I,P,F:\GENESIS Studio\genesis-studio\packages\engines-py\.pdb_cache\4XV2,A
3133,ThermoMPNN,4XV2,2.113278388977051,176,I,Q,F:\GENESIS Studio\genesis-studio\packages\engines-py\.pdb_cache\4XV2,A
3134,ThermoMPNN,4XV2,2.013761281967163,176,I,R,F:\GENESIS Studio\genesis-studio\packages\engines-py\.pdb_cache\4XV2,A
3135,ThermoMPNN,4XV2,2.1021664142608643,176,I,S,F:\GENESIS Studio\genesis-studio\packages\engines-py\.pdb_cache\4XV2,A
3136,ThermoMPNN,4XV2,1.7253292798995972,176,I,T,F:\GENESIS Studio\genesis-studio\packages\engines-py\.pdb_cache\4XV2,A
3137,ThermoMPNN,4XV2,0.6382509469985962,176,I,V,F:\GENESIS Studio\genesis-studio\packages\engines-py\.pdb_cache\4XV2,A
3138,ThermoMPNN,4XV2,1.4971562623977661,176,I,W,F:\GENESIS Studio\genesis-studio\packages\engines-py\.pdb_cache\4XV2,A
3139,ThermoMPNN,4XV2,1.4147485494613647,176,I,Y,F:\GENESIS Studio\genesis-studio\packages\engines-py\.pdb_cache\4XV2,A
3140,ThermoMPNN,4XV2,0.22653663158416748,177,R,A,F:\GENESIS Studio\genesis-studio\packages\engines-py\.pdb_cache\4XV2,A
3141,ThermoMPNN,4XV2,0.22797739505767822,177,R,C,F:\GENESIS Studio\genesis-studio\packages\engines-py\.pdb_cache\4XV2,A
3142,ThermoMPNN,4XV2,0.7311042547225952,177,R,D,F:\GENESIS Studio\genesis-studio\packages\engines-py\.pdb_cache\4XV2,A
3143,ThermoMPNN,4XV2,0.4950607419013977,177,R,E,F:\GENESIS Studio\genesis-studio\packages\engines-py\.pdb_cache\4XV2,A
3144,ThermoMPNN,4XV2,0.4895872473716736,177,R,F,F:\GENESIS Studio\genesis-studio\packages\engines-py\.pdb_cache\4XV2,A
3145,ThermoMPNN,4XV2,0.7184202671051025,177,R,G,F:\GENESIS Studio\genesis-studio\packages\engines-py\.pdb_cache\4XV2,A
3146,ThermoMPNN,4XV2,0.5320097804069519,177,R,H,F:\GENESIS Studio\genesis-studio\packages\engines-py\.pdb_cache\4XV2,A
3147,ThermoMPNN,4XV2,0.14342987537384033,177,R,I,F:\GENESIS Studio\genesis-studio\packages\engines-py\.pdb_cache\4XV2,A
3148,ThermoMPNN,4XV2,0.11327683925628662,177,R,K,F:\GENESIS Studio\genesis-studio\packages\engines-py\.pdb_cache\4XV2,A
3149,ThermoMPNN,4XV2,0.1386573314666748,177,R,L,F:\GENESIS Studio\genesis-studio\packages\engines-py\.pdb_cache\4XV2,A
3150,ThermoMPNN,4XV2,0.1559445858001709,177,R,M,F:\GENESIS Studio\genesis-studio\packages\engines-py\.pdb_cache\4XV2,A
3151,ThermoMPNN,4XV2,0.5948203802108765,177,R,N,F:\GENESIS Studio\genesis-studio\packages\engines-py\.pdb_cache\4XV2,A
3152,ThermoMPNN,4XV2,1.4293279647827148,177,R,P,F:\GENESIS Studio\genesis-studio\packages\engines-py\.pdb_cache\4XV2,A
3153,ThermoMPNN,4XV2,0.28520047664642334,177,R,Q,F:\GENESIS Studio\genesis-studio\packages\engines-py\.pdb_cache\4XV2,A
3154,ThermoMPNN,4XV2,0.0,177,R,R,F:\GENESIS Studio\genesis-studio\packages\engines-py\.pdb_cache\4XV2,A
3155,ThermoMPNN,4XV2,0.4784419536590576,177,R,S,F:\GENESIS Studio\genesis-studio\packages\engines-py\.pdb_cache\4XV2,A
3156,ThermoMPNN,4XV2,0.5096884965896606,177,R,T,F:\GENESIS Studio\genesis-studio\packages\engines-py\.pdb_cache\4XV2,A
3157,ThermoMPNN,4XV2,0.3238796591758728,177,R,V,F:\GENESIS Studio\genesis-studio\packages\engines-py\.pdb_cache\4XV2,A
3158,ThermoMPNN,4XV2,0.3866543769836426,177,R,W,F:\GENESIS Studio\genesis-studio\packages\engines-py\.pdb_cache\4XV2,A
3159,ThermoMPNN,4XV2,0.4921351671218872,177,R,Y,F:\GENESIS Studio\genesis-studio\packages\engines-py\.pdb_cache\4XV2,A
3160,ThermoMPNN,4XV2,0.014643728733062744,183,P,A,F:\GENESIS Studio\genesis-studio\packages\engines-py\.pdb_cache\4XV2,A
3161,ThermoMPNN,4XV2,-0.22506672143936157,183,P,C,F:\GENESIS Studio\genesis-studio\packages\engines-py\.pdb_cache\4XV2,A
3162,ThermoMPNN,4XV2,0.4622584581375122,183,P,D,F:\GENESIS Studio\genesis-studio\packages\engines-py\.pdb_cache\4XV2,A
3163,ThermoMPNN,4XV2,0.5420606136322021,183,P,E,F:\GENESIS Studio\genesis-studio\packages\engines-py\.pdb_cache\4XV2,A
3164,ThermoMPNN,4XV2,-0.0857539176940918,183,P,F,F:\GENESIS Studio\genesis-studio\packages\engines-py\.pdb_cache\4XV2,A
3165,ThermoMPNN,4XV2,0.18563956022262573,183,P,G,F:\GENESIS Studio\genesis-studio\packages\engines-py\.pdb_cache\4XV2,A
3166,ThermoMPNN,4XV2,0.0740349292755127,183,P,H,F:\GENESIS Studio\genesis-studio\packages\engines-py\.pdb_cache\4XV2,A
3167,ThermoMPNN,4XV2,-0.028756022453308105,183,P,I,F:\GENESIS Studio\genesis-studio\packages\engines-py\.pdb_cache\4XV2,A
3168,ThermoMPNN,4XV2,-0.026362895965576172,183,P,K,F:\GENESIS Studio\genesis-studio\packages\engines-py\.pdb_cache\4XV2,A
3169,ThermoMPNN,4XV2,-0.0434187650680542,183,P,L,F:\GENESIS Studio\genesis-studio\packages\engines-py\.pdb_cache\4XV2,A
3170,ThermoMPNN,4XV2,-0.0706167221069336,183,P,M,F:\GENESIS Studio\genesis-studio\packages\engines-py\.pdb_cache\4XV2,A
3171,ThermoMPNN,4XV2,0.26553601026535034,183,P,N,F:\GENESIS Studio\genesis-studio\packages\engines-py\.pdb_cache\4XV2,A
3172,ThermoMPNN,4XV2,0.0,183,P,P,F:\GENESIS Studio\genesis-studio\packages\engines-py\.pdb_cache\4XV2,A
3173,ThermoMPNN,4XV2,0.14759361743927002,183,P,Q,F:\GENESIS Studio\genesis-studio\packages\engines-py\.pdb_cache\4XV2,A
3174,ThermoMPNN,4XV2,-0.022088229656219482,183,P,R,F:\GENESIS Studio\genesis-studio\packages\engines-py\.pdb_cache\4XV2,A
3175,ThermoMPNN,4XV2,0.1202966570854187,183,P,S,F:\GENESIS Studio\genesis-studio\packages\engines-py\.pdb_cache\4XV2,A
3176,ThermoMPNN,4XV2,0.16359007358551025,183,P,T,F:\GENESIS Studio\genesis-studio\packages\engines-py\.pdb_cache\4XV2,A
3177,ThermoMPNN,4XV2,0.03846144676208496,183,P,V,F:\GENESIS Studio\genesis-studio\packages\engines-py\.pdb_cache\4XV2,A
3178,ThermoMPNN,4XV2,-0.2033180594444275,183,P,W,F:\GENESIS Studio\genesis-studio\packages\engines-py\.pdb_cache\4XV2,A
3179,ThermoMPNN,4XV2,-0.06793296337127686,183,P,Y,F:\GENESIS Studio\genesis-studio\packages\engines-py\.pdb_cache\4XV2,A
3180,ThermoMPNN,4XV2,2.0837931632995605,184,Y,A,F:\GENESIS Studio\genesis-studio\packages\engines-py\.pdb_cache\4XV2,A
3181,ThermoMPNN,4XV2,1.4149527549743652,184,Y,C,F:\GENESIS Studio\genesis-studio\packages\engines-py\.pdb_cache\4XV2,A
3182,ThermoMPNN,4XV2,2.21797776222229,184,Y,D,F:\GENESIS Studio\genesis-studio\packages\engines-py\.pdb_cache\4XV2,A
3183,ThermoMPNN,4XV2,2.092686653137207,184,Y,E,F:\GENESIS Studio\genesis-studio\packages\engines-py\.pdb_cache\4XV2,A
3184,ThermoMPNN,4XV2,0.5662405490875244,184,Y,F,F:\GENESIS Studio\genesis-studio\packages\engines-py\.pdb_cache\4XV2,A
3185,ThermoMPNN,4XV2,2.2294344902038574,184,Y,G,F:\GENESIS Studio\genesis-studio\packages\engines-py\.pdb_cache\4XV2,A
3186,ThermoMPNN,4XV2,0.9533994197845459,184,Y,H,F:\GENESIS Studio\genesis-studio\packages\engines-py\.pdb_cache\4XV2,A
3187,ThermoMPNN,4XV2,1.869985580444336,184,Y,I,F:\GENESIS Studio\genesis-studio\packages\engines-py\.pdb_cache\4XV2,A
3188,ThermoMPNN,4XV2,1.9746041297912598,184,Y,K,F:\GENESIS Studio\genesis-studio\packages\engines-py\.pdb_cache\4XV2,A
3189,ThermoMPNN,4XV2,1.6461234092712402,184,Y,L,F:\GENESIS Studio\genesis-studio\packages\engines-py\.pdb_cache\4XV2,A
3190,ThermoMPNN,4XV2,1.707072138786316,184,Y,M,F:\GENESIS Studio\genesis-studio\packages\engines-py\.pdb_cache\4XV2,A
3191,ThermoMPNN,4XV2,1.7735915184020996,184,Y,N,F:\GENESIS Studio\genesis-studio\packages\engines-py\.pdb_cache\4XV2,A
3192,ThermoMPNN,4XV2,1.8364452123641968,184,Y,P,F:\GENESIS Studio\genesis-studio\packages\engines-py\.pdb_cache\4XV2,A
3193,ThermoMPNN,4XV2,1.8529636859893799,184,Y,Q,F:\GENESIS Studio\genesis-studio\packages\engines-py\.pdb_cache\4XV2,A
3194,ThermoMPNN,4XV2,1.8123924732208252,184,Y,R,F:\GENESIS Studio\genesis-studio\packages\engines-py\.pdb_cache\4XV2,A
3195,ThermoMPNN,4XV2,2.048190116882324,184,Y,S,F:\GENESIS Studio\genesis-studio\packages\engines-py\.pdb_cache\4XV2,A
3196,ThermoMPNN,4XV2,2.010136842727661,184,Y,T,F:\GENESIS Studio\genesis-studio\packages\engines-py\.pdb_cache\4XV2,A
3197,ThermoMPNN,4XV2,1.9239888191223145,184,Y,V,F:\GENESIS Studio\genesis-studio\packages\engines-py\.pdb_cache\4XV2,A
3198,ThermoMPNN,4XV2,0.31635260581970215,184,Y,W,F:\GENESIS Studio\genesis-studio\packages\engines-py\.pdb_cache\4XV2,A
3199,ThermoMPNN,4XV2,0.0,184,Y,Y,F:\GENESIS Studio\genesis-studio\packages\engines-py\.pdb_cache\4XV2,A
3200,ThermoMPNN,4XV2,1.4372972249984741,185,S,A,F:\GENESIS Studio\genesis-studio\packages\engines-py\.pdb_cache\4XV2,A
3201,ThermoMPNN,4XV2,0.8663570880889893,185,S,C,F:\GENESIS Studio\genesis-studio\packages\engines-py\.pdb_cache\4XV2,A
3202,ThermoMPNN,4XV2,0.4961214065551758,185,S,D,F:\GENESIS Studio\genesis-studio\packages\engines-py\.pdb_cache\4XV2,A
3203,ThermoMPNN,4XV2,1.893580675125122,185,S,E,F:\GENESIS Studio\genesis-studio\packages\engines-py\.pdb_cache\4XV2,A
3204,ThermoMPNN,4XV2,1.7831977605819702,185,S,F,F:\GENESIS Studio\genesis-studio\packages\engines-py\.pdb_cache\4XV2,A
3205,ThermoMPNN,4XV2,1.2426753044128418,185,S,G,F:\GENESIS Studio\genesis-studio\packages\engines-py\.pdb_cache\4XV2,A
3206,ThermoMPNN,4XV2,1.4482417106628418,185,S,H,F:\GENESIS Studio\genesis-studio\packages\engines-py\.pdb_cache\4XV2,A
3207,ThermoMPNN,4XV2,2.089599847793579,185,S,I,F:\GENESIS Studio\genesis-studio\packages\engines-py\.pdb_cache\4XV2,A
3208,ThermoMPNN,4XV2,1.978740930557251,185,S,K,F:\GENESIS Studio\genesis-studio\packages\engines-py\.pdb_cache\4XV2,A
3209,ThermoMPNN,4XV2,2.082775115966797,185,S,L,F:\GENESIS Studio\genesis-studio\packages\engines-py\.pdb_cache\4XV2,A
3210,ThermoMPNN,4XV2,1.8192191123962402,185,S,M,F:\GENESIS Studio\genesis-studio\packages\engines-py\.pdb_cache\4XV2,A
3211,ThermoMPNN,4XV2,0.3654017448425293,185,S,N,F:\GENESIS Studio\genesis-studio\packages\engines-py\.pdb_cache\4XV2,A
3212,ThermoMPNN,4XV2,2.3116252422332764,185,S,P,F:\GENESIS Studio\genesis-studio\packages\engines-py\.pdb_cache\4XV2,A
3213,ThermoMPNN,4XV2,1.8679499626159668,185,S,Q,F:\GENESIS Studio\genesis-studio\packages\engines-py\.pdb_cache\4XV2,A
3214,ThermoMPNN,4XV2,1.8683711290359497,185,S,R,F:\GENESIS Studio\genesis-studio\packages\engines-py\.pdb_cache\4XV2,A
3215,ThermoMPNN,4XV2,0.0,185,S,S,F:\GENESIS Studio\genesis-studio\packages\engines-py\.pdb_cache\4XV2,A
3216,ThermoMPNN,4XV2,0.5935558080673218,185,S,T,F:\GENESIS Studio\genesis-studio\packages\engines-py\.pdb_cache\4XV2,A
3217,ThermoMPNN,4XV2,2.0899899005889893,185,S,V,F:\GENESIS Studio\genesis-studio\packages\engines-py\.pdb_cache\4XV2,A
3218,ThermoMPNN,4XV2,1.7591170072555542,185,S,W,F:\GENESIS Studio\genesis-studio\packages\engines-py\.pdb_cache\4XV2,A
3219,ThermoMPNN,4XV2,1.9008901119232178,185,S,Y,F:\GENESIS Studio\genesis-studio\packages\engines-py\.pdb_cache\4XV2,A
3220,ThermoMPNN,4XV2,1.0435435771942139,186,F,A,F:\GENESIS Studio\genesis-studio\packages\engines-py\.pdb_cache\4XV2,A
3221,ThermoMPNN,4XV2,0.43320536613464355,186,F,C,F:\GENESIS Studio\genesis-studio\packages\engines-py\.pdb_cache\4XV2,A
3222,ThermoMPNN,4XV2,1.609765887260437,186,F,D,F:\GENESIS Studio\genesis-studio\packages\engines-py\.pdb_cache\4XV2,A
3223,ThermoMPNN,4XV2,1.182036280632019,186,F,E,F:\GENESIS Studio\genesis-studio\packages\engines-py\.pdb_cache\4XV2,A
3224,ThermoMPNN,4XV2,0.0,186,F,F,F:\GENESIS Studio\genesis-studio\packages\engines-py\.pdb_cache\4XV2,A
3225,ThermoMPNN,4XV2,1.641376256942749,186,F,G,F:\GENESIS Studio\genesis-studio\packages\engines-py\.pdb_cache\4XV2,A
3226,ThermoMPNN,4XV2,0.8363502621650696,186,F,H,F:\GENESIS Studio\genesis-studio\packages\engines-py\.pdb_cache\4XV2,A
3227,ThermoMPNN,4XV2,0.5298516154289246,186,F,I,F:\GENESIS Studio\genesis-studio\packages\engines-py\.pdb_cache\4XV2,A
3228,ThermoMPNN,4XV2,0.981656551361084,186,F,K,F:\GENESIS Studio\genesis-studio\packages\engines-py\.pdb_cache\4XV2,A
3229,ThermoMPNN,4XV2,0.28092992305755615,186,F,L,F:\GENESIS Studio\genesis-studio\packages\engines-py\.pdb_cache\4XV2,A
3230,ThermoMPNN,4XV2,0.5023028254508972,186,F,M,F:\GENESIS Studio\genesis-studio\packages\engines-py\.pdb_cache\4XV2,A
3231,ThermoMPNN,4XV2,1.3469467163085938,186,F,N,F:\GENESIS Studio\genesis-studio\packages\engines-py\.pdb_cache\4XV2,A
3232,ThermoMPNN,4XV2,0.996182918548584,186,F,P,F:\GENESIS Studio\genesis-studio\packages\engines-py\.pdb_cache\4XV2,A
3233,ThermoMPNN,4XV2,1.132246494293213,186,F,Q,F:\GENESIS Studio\genesis-studio\packages\engines-py\.pdb_cache\4XV2,A
3234,ThermoMPNN,4XV2,0.9640140533447266,186,F,R,F:\GENESIS Studio\genesis-studio\packages\engines-py\.pdb_cache\4XV2,A
3235,ThermoMPNN,4XV2,1.31602144241333,186,F,S,F:\GENESIS Studio\genesis-studio\packages\engines-py\.pdb_cache\4XV2,A
3236,ThermoMPNN,4XV2,1.294351577758789,186,F,T,F:\GENESIS Studio\genesis-studio\packages\engines-py\.pdb_cache\4XV2,A
3237,ThermoMPNN,4XV2,0.7504714131355286,186,F,V,F:\GENESIS Studio\genesis-studio\packages\engines-py\.pdb_cache\4XV2,A
3238,ThermoMPNN,4XV2,0.24984955787658691,186,F,W,F:\GENESIS Studio\genesis-studio\packages\engines-py\.pdb_cache\4XV2,A
3239,ThermoMPNN,4XV2,0.292208194732666,186,F,Y,F:\GENESIS Studio\genesis-studio\packages\engines-py\.pdb_cache\4XV2,A
3240,ThermoMPNN,4XV2,0.27602338790893555,187,Q,A,F:\GENESIS Studio\genesis-studio\packages\engines-py\.pdb_cache\4XV2,A
3241,ThermoMPNN,4XV2,0.18362641334533691,187,Q,C,F:\GENESIS Studio\genesis-studio\packages\engines-py\.pdb_cache\4XV2,A
3242,ThermoMPNN,4XV2,0.5371443033218384,187,Q,D,F:\GENESIS Studio\genesis-studio\packages\engines-py\.pdb_cache\4XV2,A
3243,ThermoMPNN,4XV2,0.038651347160339355,187,Q,E,F:\GENESIS Studio\genesis-studio\packages\engines-py\.pdb_cache\4XV2,A
3244,ThermoMPNN,4XV2,0.552003800868988,187,Q,F,F:\GENESIS Studio\genesis-studio\packages\engines-py\.pdb_cache\4XV2,A
3245,ThermoMPNN,4XV2,0.5474369525909424,187,Q,G,F:\GENESIS Studio\genesis-studio\packages\engines-py\.pdb_cache\4XV2,A
3246,ThermoMPNN,4XV2,-0.05139482021331787,187,Q,H,F:\GENESIS Studio\genesis-studio\packages\engines-py\.pdb_cache\4XV2,A
3247,ThermoMPNN,4XV2,1.034245252609253,187,Q,I,F:\GENESIS Studio\genesis-studio\packages\engines-py\.pdb_cache\4XV2,A
3248,ThermoMPNN,4XV2,0.45449626445770264,187,Q,K,F:\GENESIS Studio\genesis-studio\packages\engines-py\.pdb_cache\4XV2,A
3249,ThermoMPNN,4XV2,0.6789200305938721,187,Q,L,F:\GENESIS Studio\genesis-studio\packages\engines-py\.pdb_cache\4XV2,A
3250,ThermoMPNN,4XV2,0.4178926348686218,187,Q,M,F:\GENESIS Studio\genesis-studio\packages\engines-py\.pdb_cache\4XV2,A
3251,ThermoMPNN,4XV2,0.42117786407470703,187,Q,N,F:\GENESIS Studio\genesis-studio\packages\engines-py\.pdb_cache\4XV2,A
3252,ThermoMPNN,4XV2,0.8147444128990173,187,Q,P,F:\GENESIS Studio\genesis-studio\packages\engines-py\.pdb_cache\4XV2,A
3253,ThermoMPNN,4XV2,0.0,187,Q,Q,F:\GENESIS Studio\genesis-studio\packages\engines-py\.pdb_cache\4XV2,A
3254,ThermoMPNN,4XV2,0.4938526749610901,187,Q,R,F:\GENESIS Studio\genesis-studio\packages\engines-py\.pdb_cache\4XV2,A
3255,ThermoMPNN,4XV2,0.4428739547729492,187,Q,S,F:\GENESIS Studio\genesis-studio\packages\engines-py\.pdb_cache\4XV2,A
3256,ThermoMPNN,4XV2,0.8283072710037231,187,Q,T,F:\GENESIS Studio\genesis-studio\packages\engines-py\.pdb_cache\4XV2,A
3257,ThermoMPNN,4XV2,1.1158905029296875,187,Q,V,F:\GENESIS Studio\genesis-studio\packages\engines-py\.pdb_cache\4XV2,A
3258,ThermoMPNN,4XV2,0.4595528244972229,187,Q,W,F:\GENESIS Studio\genesis-studio\packages\engines-py\.pdb_cache\4XV2,A
3259,ThermoMPNN,4XV2,0.20437443256378174,187,Q,Y,F:\GENESIS Studio\genesis-studio\packages\engines-py\.pdb_cache\4XV2,A
3260,ThermoMPNN,4XV2,-0.1133345365524292,188,S,A,F:\GENESIS Studio\genesis-studio\packages\engines-py\.pdb_cache\4XV2,A
3261,ThermoMPNN,4XV2,0.0730283260345459,188,S,C,F:\GENESIS Studio\genesis-studio\packages\engines-py\.pdb_cache\4XV2,A
3262,ThermoMPNN,4XV2,1.1554737091064453,188,S,D,F:\GENESIS Studio\genesis-studio\packages\engines-py\.pdb_cache\4XV2,A
3263,ThermoMPNN,4XV2,0.8239282369613647,188,S,E,F:\GENESIS Studio\genesis-studio\packages\engines-py\.pdb_cache\4XV2,A
3264,ThermoMPNN,4XV2,0.30303114652633667,188,S,F,F:\GENESIS Studio\genesis-studio\packages\engines-py\.pdb_cache\4XV2,A
3265,ThermoMPNN,4XV2,0.7442197799682617,188,S,G,F:\GENESIS Studio\genesis-studio\packages\engines-py\.pdb_cache\4XV2,A
3266,ThermoMPNN,4XV2,1.1901791095733643,188,S,H,F:\GENESIS Studio\genesis-studio\packages\engines-py\.pdb_cache\4XV2,A
3267,ThermoMPNN,4XV2,0.4226551055908203,188,S,I,F:\GENESIS Studio\genesis-studio\packages\engines-py\.pdb_cache\4XV2,A
3268,ThermoMPNN,4XV2,1.2474908828735352,188,S,K,F:\GENESIS Studio\genesis-studio\packages\engines-py\.pdb_cache\4XV2,A
3269,ThermoMPNN,4XV2,0.8980287313461304,188,S,L,F:\GENESIS Studio\genesis-studio\packages\engines-py\.pdb_cache\4XV2,A
3270,ThermoMPNN,4XV2,0.6979178190231323,188,S,M,F:\GENESIS Studio\genesis-studio\packages\engines-py\.pdb_cache\4XV2,A
3271,ThermoMPNN,4XV2,1.3560023307800293,188,S,N,F:\GENESIS Studio\genesis-studio\packages\engines-py\.pdb_cache\4XV2,A
3272,ThermoMPNN,4XV2,0.7805303335189819,188,S,P,F:\GENESIS Studio\genesis-studio\packages\engines-py\.pdb_cache\4XV2,A
3273,ThermoMPNN,4XV2,1.0945780277252197,188,S,Q,F:\GENESIS Studio\genesis-studio\packages\engines-py\.pdb_cache\4XV2,A
3274,ThermoMPNN,4XV2,1.324985384941101,188,S,R,F:\GENESIS Studio\genesis-studio\packages\engines-py\.pdb_cache\4XV2,A
3275,ThermoMPNN,4XV2,0.0,188,S,S,F:\GENESIS Studio\genesis-studio\packages\engines-py\.pdb_cache\4XV2,A
3276,ThermoMPNN,4XV2,0.030517935752868652,188,S,T,F:\GENESIS Studio\genesis-studio\packages\engines-py\.pdb_cache\4XV2,A
3277,ThermoMPNN,4XV2,0.2417891025543213,188,S,V,F:\GENESIS Studio\genesis-studio\packages\engines-py\.pdb_cache\4XV2,A
3278,ThermoMPNN,4XV2,0.4883718490600586,188,S,W,F:\GENESIS Studio\genesis-studio\packages\engines-py\.pdb_cache\4XV2,A
3279,ThermoMPNN,4XV2,0.6007593274116516,188,S,Y,F:\GENESIS Studio\genesis-studio\packages\engines-py\.pdb_cache\4XV2,A
3280,ThermoMPNN,4XV2,2.6188039779663086,189,D,A,F:\GENESIS Studio\genesis-studio\packages\engines-py\.pdb_cache\4XV2,A
3281,ThermoMPNN,4XV2,2.0601887702941895,189,D,C,F:\GENESIS Studio\genesis-studio\packages\engines-py\.pdb_cache\4XV2,A
3282,ThermoMPNN,4XV2,0.0,189,D,D,F:\GENESIS Studio\genesis-studio\packages\engines-py\.pdb_cache\4XV2,A
3283,ThermoMPNN,4XV2,2.36924147605896,189,D,E,F:\GENESIS Studio\genesis-studio\packages\engines-py\.pdb_cache\4XV2,A
3284,ThermoMPNN,4XV2,2.5260121822357178,189,D,F,F:\GENESIS Studio\genesis-studio\packages\engines-py\.pdb_cache\4XV2,A
3285,ThermoMPNN,4XV2,2.910679578781128,189,D,G,F:\GENESIS Studio\genesis-studio\packages\engines-py\.pdb_cache\4XV2,A
3286,ThermoMPNN,4XV2,2.729548215866089,189,D,H,F:\GENESIS Studio\genesis-studio\packages\engines-py\.pdb_cache\4XV2,A
3287,ThermoMPNN,4XV2,2.4857141971588135,189,D,I,F:\GENESIS Studio\genesis-studio\packages\engines-py\.pdb_cache\4XV2,A
3288,ThermoMPNN,4XV2,3.1066248416900635,189,D,K,F:\GENESIS Studio\genesis-studio\packages\engines-py\.pdb_cache\4XV2,A
3289,ThermoMPNN,4XV2,2.702282190322876,189,D,L,F:\GENESIS Studio\genesis-studio\packages\engines-py\.pdb_cache\4XV2,A
3290,ThermoMPNN,4XV2,2.6247549057006836,189,D,M,F:\GENESIS Studio\genesis-studio\packages\engines-py\.pdb_cache\4XV2,A
3291,ThermoMPNN,4XV2,1.5618722438812256,189,D,N,F:\GENESIS Studio\genesis-studio\packages\engines-py\.pdb_cache\4XV2,A
3292,ThermoMPNN,4XV2,3.2739346027374268,189,D,P,F:\GENESIS Studio\genesis-studio\packages\engines-py\.pdb_cache\4XV2,A
3293,ThermoMPNN,4XV2,2.692352771759033,189,D,Q,F:\GENESIS Studio\genesis-studio\packages\engines-py\.pdb_cache\4XV2,A
3294,ThermoMPNN,4XV2,2.8792712688446045,189,D,R,F:\GENESIS Studio\genesis-studio\packages\engines-py\.pdb_cache\4XV2,A
3295,ThermoMPNN,4XV2,1.6104660034179688,189,D,S,F:\GENESIS Studio\genesis-studio\packages\engines-py\.pdb_cache\4XV2,A
3296,ThermoMPNN,4XV2,2.338322639465332,189,D,T,F:\GENESIS Studio\genesis-studio\packages\engines-py\.pdb_cache\4XV2,A
3297,ThermoMPNN,4XV2,2.8323473930358887,189,D,V,F:\GENESIS Studio\genesis-studio\packages\engines-py\.pdb_cache\4XV2,A
3298,ThermoMPNN,4XV2,2.6287059783935547,189,D,W,F:\GENESIS Studio\genesis-studio\packages\engines-py\.pdb_cache\4XV2,A
3299,ThermoMPNN,4XV2,3.155740976333618,189,D,Y,F:\GENESIS Studio\genesis-studio\packages\engines-py\.pdb_cache\4XV2,A
3300,ThermoMPNN,4XV2,2.375372886657715,190,V,A,F:\GENESIS Studio\genesis-studio\packages\engines-py\.pdb_cache\4XV2,A
3301,ThermoMPNN,4XV2,1.8594962358474731,190,V,C,F:\GENESIS Studio\genesis-studio\packages\engines-py\.pdb_cache\4XV2,A
3302,ThermoMPNN,4XV2,3.5465192794799805,190,V,D,F:\GENESIS Studio\genesis-studio\packages\engines-py\.pdb_cache\4XV2,A
3303,ThermoMPNN,4XV2,3.1076154708862305,190,V,E,F:\GENESIS Studio\genesis-studio\packages\engines-py\.pdb_cache\4XV2,A
3304,ThermoMPNN,4XV2,2.6080832481384277,190,V,F,F:\GENESIS Studio\genesis-studio\packages\engines-py\.pdb_cache\4XV2,A
3305,ThermoMPNN,4XV2,3.5942535400390625,190,V,G,F:\GENESIS Studio\genesis-studio\packages\engines-py\.pdb_cache\4XV2,A
3306,ThermoMPNN,4XV2,3.4666099548339844,190,V,H,F:\GENESIS Studio\genesis-studio\packages\engines-py\.pdb_cache\4XV2,A
3307,ThermoMPNN,4XV2,0.08243417739868164,190,V,I,F:\GENESIS Studio\genesis-studio\packages\engines-py\.pdb_cache\4XV2,A
3308,ThermoMPNN,4XV2,3.265632152557373,190,V,K,F:\GENESIS Studio\genesis-studio\packages\engines-py\.pdb_cache\4XV2,A
3309,ThermoMPNN,4XV2,1.3392030000686646,190,V,L,F:\GENESIS Studio\genesis-studio\packages\engines-py\.pdb_cache\4XV2,A
3310,ThermoMPNN,4XV2,1.8988486528396606,190,V,M,F:\GENESIS Studio\genesis-studio\packages\engines-py\.pdb_cache\4XV2,A
3311,ThermoMPNN,4XV2,3.6332483291625977,190,V,N,F:\GENESIS Studio\genesis-studio\packages\engines-py\.pdb_cache\4XV2,A
3312,ThermoMPNN,4XV2,3.6934030055999756,190,V,P,F:\GENESIS Studio\genesis-studio\packages\engines-py\.pdb_cache\4XV2,A
3313,ThermoMPNN,4XV2,3.007091999053955,190,V,Q,F:\GENESIS Studio\genesis-studio\packages\engines-py\.pdb_cache\4XV2,A
3314,ThermoMPNN,4XV2,3.0623557567596436,190,V,R,F:\GENESIS Studio\genesis-studio\packages\engines-py\.pdb_cache\4XV2,A
3315,ThermoMPNN,4XV2,2.961217164993286,190,V,S,F:\GENESIS Studio\genesis-studio\packages\engines-py\.pdb_cache\4XV2,A
3316,ThermoMPNN,4XV2,1.6526920795440674,190,V,T,F:\GENESIS Studio\genesis-studio\packages\engines-py\.pdb_cache\4XV2,A
3317,ThermoMPNN,4XV2,0.0,190,V,V,F:\GENESIS Studio\genesis-studio\packages\engines-py\.pdb_cache\4XV2,A
3318,ThermoMPNN,4XV2,2.8202643394470215,190,V,W,F:\GENESIS Studio\genesis-studio\packages\engines-py\.pdb_cache\4XV2,A
3319,ThermoMPNN,4XV2,3.0251638889312744,190,V,Y,F:\GENESIS Studio\genesis-studio\packages\engines-py\.pdb_cache\4XV2,A
3320,ThermoMPNN,4XV2,3.0742416381835938,191,Y,A,F:\GENESIS Studio\genesis-studio\packages\engines-py\.pdb_cache\4XV2,A
3321,ThermoMPNN,4XV2,2.410212278366089,191,Y,C,F:\GENESIS Studio\genesis-studio\packages\engines-py\.pdb_cache\4XV2,A
3322,ThermoMPNN,4XV2,2.9579029083251953,191,Y,D,F:\GENESIS Studio\genesis-studio\packages\engines-py\.pdb_cache\4XV2,A
3323,ThermoMPNN,4XV2,3.264571189880371,191,Y,E,F:\GENESIS Studio\genesis-studio\packages\engines-py\.pdb_cache\4XV2,A
3324,ThermoMPNN,4XV2,0.8472304344177246,191,Y,F,F:\GENESIS Studio\genesis-studio\packages\engines-py\.pdb_cache\4XV2,A
3325,ThermoMPNN,4XV2,2.822718620300293,191,Y,G,F:\GENESIS Studio\genesis-studio\packages\engines-py\.pdb_cache\4XV2,A
3326,ThermoMPNN,4XV2,1.9928056001663208,191,Y,H,F:\GENESIS Studio\genesis-studio\packages\engines-py\.pdb_cache\4XV2,A
3327,ThermoMPNN,4XV2,2.982896327972412,191,Y,I,F:\GENESIS Studio\genesis-studio\packages\engines-py\.pdb_cache\4XV2,A
3328,ThermoMPNN,4XV2,2.998844623565674,191,Y,K,F:\GENESIS Studio\genesis-studio\packages\engines-py\.pdb_cache\4XV2,A
3329,ThermoMPNN,4XV2,2.871579885482788,191,Y,L,F:\GENESIS Studio\genesis-studio\packages\engines-py\.pdb_cache\4XV2,A
3330,ThermoMPNN,4XV2,2.678636312484741,191,Y,M,F:\GENESIS Studio\genesis-studio\packages\engines-py\.pdb_cache\4XV2,A
3331,ThermoMPNN,4XV2,2.88030743598938,191,Y,N,F:\GENESIS Studio\genesis-studio\packages\engines-py\.pdb_cache\4XV2,A
3332,ThermoMPNN,4XV2,3.078386068344116,191,Y,P,F:\GENESIS Studio\genesis-studio\packages\engines-py\.pdb_cache\4XV2,A
3333,ThermoMPNN,4XV2,2.9308369159698486,191,Y,Q,F:\GENESIS Studio\genesis-studio\packages\engines-py\.pdb_cache\4XV2,A
3334,ThermoMPNN,4XV2,2.506521701812744,191,Y,R,F:\GENESIS Studio\genesis-studio\packages\engines-py\.pdb_cache\4XV2,A
3335,ThermoMPNN,4XV2,2.8952884674072266,191,Y,S,F:\GENESIS Studio\genesis-studio\packages\engines-py\.pdb_cache\4XV2,A
3336,ThermoMPNN,4XV2,2.9952921867370605,191,Y,T,F:\GENESIS Studio\genesis-studio\packages\engines-py\.pdb_cache\4XV2,A
3337,ThermoMPNN,4XV2,2.9348878860473633,191,Y,V,F:\GENESIS Studio\genesis-studio\packages\engines-py\.pdb_cache\4XV2,A
3338,ThermoMPNN,4XV2,0.13621783256530762,191,Y,W,F:\GENESIS Studio\genesis-studio\packages\engines-py\.pdb_cache\4XV2,A
3339,ThermoMPNN,4XV2,0.0,191,Y,Y,F:\GENESIS Studio\genesis-studio\packages\engines-py\.pdb_cache\4XV2,A
3340,ThermoMPNN,4XV2,0.0,192,A,A,F:\GENESIS Studio\genesis-studio\packages\engines-py\.pdb_cache\4XV2,A
3341,ThermoMPNN,4XV2,1.0349006652832031,192,A,C,F:\GENESIS Studio\genesis-studio\packages\engines-py\.pdb_cache\4XV2,A
3342,ThermoMPNN,4XV2,2.887620210647583,192,A,D,F:\GENESIS Studio\genesis-studio\packages\engines-py\.pdb_cache\4XV2,A
3343,ThermoMPNN,4XV2,2.336181163787842,192,A,E,F:\GENESIS Studio\genesis-studio\packages\engines-py\.pdb_cache\4XV2,A
3344,ThermoMPNN,4XV2,2.00370192527771,192,A,F,F:\GENESIS Studio\genesis-studio\packages\engines-py\.pdb_cache\4XV2,A
3345,ThermoMPNN,4XV2,1.465469241142273,192,A,G,F:\GENESIS Studio\genesis-studio\packages\engines-py\.pdb_cache\4XV2,A
3346,ThermoMPNN,4XV2,2.083024024963379,192,A,H,F:\GENESIS Studio\genesis-studio\packages\engines-py\.pdb_cache\4XV2,A
3347,ThermoMPNN,4XV2,1.9288489818572998,192,A,I,F:\GENESIS Studio\genesis-studio\packages\engines-py\.pdb_cache\4XV2,A
3348,ThermoMPNN,4XV2,1.7223615646362305,192,A,K,F:\GENESIS Studio\genesis-studio\packages\engines-py\.pdb_cache\4XV2,A
3349,ThermoMPNN,4XV2,2.1674842834472656,192,A,L,F:\GENESIS Studio\genesis-studio\packages\engines-py\.pdb_cache\4XV2,A
3350,ThermoMPNN,4XV2,1.6194185018539429,192,A,M,F:\GENESIS Studio\genesis-studio\packages\engines-py\.pdb_cache\4XV2,A
3351,ThermoMPNN,4XV2,2.4577088356018066,192,A,N,F:\GENESIS Studio\genesis-studio\packages\engines-py\.pdb_cache\4XV2,A
3352,ThermoMPNN,4XV2,2.76688814163208,192,A,P,F:\GENESIS Studio\genesis-studio\packages\engines-py\.pdb_cache\4XV2,A
3353,ThermoMPNN,4XV2,1.7185864448547363,192,A,Q,F:\GENESIS Studio\genesis-studio\packages\engines-py\.pdb_cache\4XV2,A
3354,ThermoMPNN,4XV2,1.5988616943359375,192,A,R,F:\GENESIS Studio\genesis-studio\packages\engines-py\.pdb_cache\4XV2,A
3355,ThermoMPNN,4XV2,0.6900171041488647,192,A,S,F:\GENESIS Studio\genesis-studio\packages\engines-py\.pdb_cache\4XV2,A
3356,ThermoMPNN,4XV2,1.6398053169250488,192,A,T,F:\GENESIS Studio\genesis-studio\packages\engines-py\.pdb_cache\4XV2,A
3357,ThermoMPNN,4XV2,1.596024751663208,192,A,V,F:\GENESIS Studio\genesis-studio\packages\engines-py\.pdb_cache\4XV2,A
3358,ThermoMPNN,4XV2,1.9660749435424805,192,A,W,F:\GENESIS Studio\genesis-studio\packages\engines-py\.pdb_cache\4XV2,A
3359,ThermoMPNN,4XV2,2.1033201217651367,192,A,Y,F:\GENESIS Studio\genesis-studio\packages\engines-py\.pdb_cache\4XV2,A
3360,ThermoMPNN,4XV2,2.4155097007751465,193,F,A,F:\GENESIS Studio\genesis-studio\packages\engines-py\.pdb_cache\4XV2,A
3361,ThermoMPNN,4XV2,1.6038146018981934,193,F,C,F:\GENESIS Studio\genesis-studio\packages\engines-py\.pdb_cache\4XV2,A
3362,ThermoMPNN,4XV2,3.0927391052246094,193,F,D,F:\GENESIS Studio\genesis-studio\packages\engines-py\.pdb_cache\4XV2,A
3363,ThermoMPNN,4XV2,2.8329007625579834,193,F,E,F:\GENESIS Studio\genesis-studio\packages\engines-py\.pdb_cache\4XV2,A
3364,ThermoMPNN,4XV2,0.0,193,F,F,F:\GENESIS Studio\genesis-studio\packages\engines-py\.pdb_cache\4XV2,A
3365,ThermoMPNN,4XV2,2.650308847427368,193,F,G,F:\GENESIS Studio\genesis-studio\packages\engines-py\.pdb_cache\4XV2,A
3366,ThermoMPNN,4XV2,2.5558629035949707,193,F,H,F:\GENESIS Studio\genesis-studio\packages\engines-py\.pdb_cache\4XV2,A
3367,ThermoMPNN,4XV2,1.6487748622894287,193,F,I,F:\GENESIS Studio\genesis-studio\packages\engines-py\.pdb_cache\4XV2,A
3368,ThermoMPNN,4XV2,2.7792723178863525,193,F,K,F:\GENESIS Studio\genesis-studio\packages\engines-py\.pdb_cache\4XV2,A
3369,ThermoMPNN,4XV2,1.317082166671753,193,F,L,F:\GENESIS Studio\genesis-studio\packages\engines-py\.pdb_cache\4XV2,A
3370,ThermoMPNN,4XV2,1.5708211660385132,193,F,M,F:\GENESIS Studio\genesis-studio\packages\engines-py\.pdb_cache\4XV2,A
3371,ThermoMPNN,4XV2,3.060436725616455,193,F,N,F:\GENESIS Studio\genesis-studio\packages\engines-py\.pdb_cache\4XV2,A
3372,ThermoMPNN,4XV2,2.7342989444732666,193,F,P,F:\GENESIS Studio\genesis-studio\packages\engines-py\.pdb_cache\4XV2,A
3373,ThermoMPNN,4XV2,2.7921605110168457,193,F,Q,F:\GENESIS Studio\genesis-studio\packages\engines-py\.pdb_cache\4XV2,A
3374,ThermoMPNN,4XV2,2.672264814376831,193,F,R,F:\GENESIS Studio\genesis-studio\packages\engines-py\.pdb_cache\4XV2,A
3375,ThermoMPNN,4XV2,2.886972427368164,193,F,S,F:\GENESIS Studio\genesis-studio\packages\engines-py\.pdb_cache\4XV2,A
3376,ThermoMPNN,4XV2,2.7017452716827393,193,F,T,F:\GENESIS Studio\genesis-studio\packages\engines-py\.pdb_cache\4XV2,A
3377,ThermoMPNN,4XV2,1.9186480045318604,193,F,V,F:\GENESIS Studio\genesis-studio\packages\engines-py\.pdb_cache\4XV2,A
3378,ThermoMPNN,4XV2,0.9944007396697998,193,F,W,F:\GENESIS Studio\genesis-studio\packages\engines-py\.pdb_cache\4XV2,A
3379,ThermoMPNN,4XV2,0.741873025894165,193,F,Y,F:\GENESIS Studio\genesis-studio\packages\engines-py\.pdb_cache\4XV2,A
3380,ThermoMPNN,4XV2,2.1002426147460938,194,G,A,F:\GENESIS Studio\genesis-studio\packages\engines-py\.pdb_cache\4XV2,A
3381,ThermoMPNN,4XV2,1.7443838119506836,194,G,C,F:\GENESIS Studio\genesis-studio\packages\engines-py\.pdb_cache\4XV2,A
3382,ThermoMPNN,4XV2,3.1663246154785156,194,G,D,F:\GENESIS Studio\genesis-studio\packages\engines-py\.pdb_cache\4XV2,A
3383,ThermoMPNN,4XV2,3.01841402053833,194,G,E,F:\GENESIS Studio\genesis-studio\packages\engines-py\.pdb_cache\4XV2,A
3384,ThermoMPNN,4XV2,1.6180827617645264,194,G,F,F:\GENESIS Studio\genesis-studio\packages\engines-py\.pdb_cache\4XV2,A
3385,ThermoMPNN,4XV2,0.0,194,G,G,F:\GENESIS Studio\genesis-studio\packages\engines-py\.pdb_cache\4XV2,A
3386,ThermoMPNN,4XV2,2.7279562950134277,194,G,H,F:\GENESIS Studio\genesis-studio\packages\engines-py\.pdb_cache\4XV2,A
3387,ThermoMPNN,4XV2,2.1173336505889893,194,G,I,F:\GENESIS Studio\genesis-studio\packages\engines-py\.pdb_cache\4XV2,A
3388,ThermoMPNN,4XV2,3.029730796813965,194,G,K,F:\GENESIS Studio\genesis-studio\packages\engines-py\.pdb_cache\4XV2,A
3389,ThermoMPNN,4XV2,2.103959798812866,194,G,L,F:\GENESIS Studio\genesis-studio\packages\engines-py\.pdb_cache\4XV2,A
3390,ThermoMPNN,4XV2,2.148681163787842,194,G,M,F:\GENESIS Studio\genesis-studio\packages\engines-py\.pdb_cache\4XV2,A
3391,ThermoMPNN,4XV2,2.991487979888916,194,G,N,F:\GENESIS Studio\genesis-studio\packages\engines-py\.pdb_cache\4XV2,A
3392,ThermoMPNN,4XV2,2.5147390365600586,194,G,P,F:\GENESIS Studio\genesis-studio\packages\engines-py\.pdb_cache\4XV2,A
3393,ThermoMPNN,4XV2,2.9076223373413086,194,G,Q,F:\GENESIS Studio\genesis-studio\packages\engines-py\.pdb_cache\4XV2,A
3394,ThermoMPNN,4XV2,2.8346681594848633,194,G,R,F:\GENESIS Studio\genesis-studio\packages\engines-py\.pdb_cache\4XV2,A
3395,ThermoMPNN,4XV2,2.5505292415618896,194,G,S,F:\GENESIS Studio\genesis-studio\packages\engines-py\.pdb_cache\4XV2,A
3396,ThermoMPNN,4XV2,2.6947879791259766,194,G,T,F:\GENESIS Studio\genesis-studio\packages\engines-py\.pdb_cache\4XV2,A
3397,ThermoMPNN,4XV2,1.8947051763534546,194,G,V,F:\GENESIS Studio\genesis-studio\packages\engines-py\.pdb_cache\4XV2,A
3398,ThermoMPNN,4XV2,1.7635371685028076,194,G,W,F:\GENESIS Studio\genesis-studio\packages\engines-py\.pdb_cache\4XV2,A
3399,ThermoMPNN,4XV2,1.9091827869415283,194,G,Y,F:\GENESIS Studio\genesis-studio\packages\engines-py\.pdb_cache\4XV2,A
3400,ThermoMPNN,4XV2,2.262767791748047,195,I,A,F:\GENESIS Studio\genesis-studio\packages\engines-py\.pdb_cache\4XV2,A
3401,ThermoMPNN,4XV2,1.3600668907165527,195,I,C,F:\GENESIS Studio\genesis-studio\packages\engines-py\.pdb_cache\4XV2,A
3402,ThermoMPNN,4XV2,3.8405985832214355,195,I,D,F:\GENESIS Studio\genesis-studio\packages\engines-py\.pdb_cache\4XV2,A
3403,ThermoMPNN,4XV2,3.1834359169006348,195,I,E,F:\GENESIS Studio\genesis-studio\packages\engines-py\.pdb_cache\4XV2,A
3404,ThermoMPNN,4XV2,2.373349666595459,195,I,F,F:\GENESIS Studio\genesis-studio\packages\engines-py\.pdb_cache\4XV2,A
3405,ThermoMPNN,4XV2,3.472822427749634,195,I,G,F:\GENESIS Studio\genesis-studio\packages\engines-py\.pdb_cache\4XV2,A
3406,ThermoMPNN,4XV2,3.250575542449951,195,I,H,F:\GENESIS Studio\genesis-studio\packages\engines-py\.pdb_cache\4XV2,A
3407,ThermoMPNN,4XV2,0.0,195,I,I,F:\GENESIS Studio\genesis-studio\packages\engines-py\.pdb_cache\4XV2,A
3408,ThermoMPNN,4XV2,2.521145820617676,195,I,K,F:\GENESIS Studio\genesis-studio\packages\engines-py\.pdb_cache\4XV2,A
3409,ThermoMPNN,4XV2,0.39708709716796875,195,I,L,F:\GENESIS Studio\genesis-studio\packages\engines-py\.pdb_cache\4XV2,A
3410,ThermoMPNN,4XV2,1.0108754634857178,195,I,M,F:\GENESIS Studio\genesis-studio\packages\engines-py\.pdb_cache\4XV2,A
3411,ThermoMPNN,4XV2,3.3968727588653564,195,I,N,F:\GENESIS Studio\genesis-studio\packages\engines-py\.pdb_cache\4XV2,A
3412,ThermoMPNN,4XV2,3.186681032180786,195,I,P,F:\GENESIS Studio\genesis-studio\packages\engines-py\.pdb_cache\4XV2,A
3413,ThermoMPNN,4XV2,2.581383466720581,195,I,Q,F:\GENESIS Studio\genesis-studio\packages\engines-py\.pdb_cache\4XV2,A
3414,ThermoMPNN,4XV2,2.582913637161255,195,I,R,F:\GENESIS Studio\genesis-studio\packages\engines-py\.pdb_cache\4XV2,A
3415,ThermoMPNN,4XV2,2.8541464805603027,195,I,S,F:\GENESIS Studio\genesis-studio\packages\engines-py\.pdb_cache\4XV2,A
3416,ThermoMPNN,4XV2,2.1629796028137207,195,I,T,F:\GENESIS Studio\genesis-studio\packages\engines-py\.pdb_cache\4XV2,A
3417,ThermoMPNN,4XV2,0.3531498908996582,195,I,V,F:\GENESIS Studio\genesis-studio\packages\engines-py\.pdb_cache\4XV2,A
3418,ThermoMPNN,4XV2,2.449921131134033,195,I,W,F:\GENESIS Studio\genesis-studio\packages\engines-py\.pdb_cache\4XV2,A
3419,ThermoMPNN,4XV2,2.8778839111328125,195,I,Y,F:\GENESIS Studio\genesis-studio\packages\engines-py\.pdb_cache\4XV2,A
3420,ThermoMPNN,4XV2,1.905889630317688,196,V,A,F:\GENESIS Studio\genesis-studio\packages\engines-py\.pdb_cache\4XV2,A
3421,ThermoMPNN,4XV2,1.1180520057678223,196,V,C,F:\GENESIS Studio\genesis-studio\packages\engines-py\.pdb_cache\4XV2,A
3422,ThermoMPNN,4XV2,2.939537525177002,196,V,D,F:\GENESIS Studio\genesis-studio\packages\engines-py\.pdb_cache\4XV2,A
3423,ThermoMPNN,4XV2,2.844500780105591,196,V,E,F:\GENESIS Studio\genesis-studio\packages\engines-py\.pdb_cache\4XV2,A
3424,ThermoMPNN,4XV2,1.3523058891296387,196,V,F,F:\GENESIS Studio\genesis-studio\packages\engines-py\.pdb_cache\4XV2,A
3425,ThermoMPNN,4XV2,2.691023111343384,196,V,G,F:\GENESIS Studio\genesis-studio\packages\engines-py\.pdb_cache\4XV2,A
3426,ThermoMPNN,4XV2,2.4119863510131836,196,V,H,F:\GENESIS Studio\genesis-studio\packages\engines-py\.pdb_cache\4XV2,A
3427,ThermoMPNN,4XV2,-0.2141103744506836,196,V,I,F:\GENESIS Studio\genesis-studio\packages\engines-py\.pdb_cache\4XV2,A
3428,ThermoMPNN,4XV2,2.506371259689331,196,V,K,F:\GENESIS Studio\genesis-studio\packages\engines-py\.pdb_cache\4XV2,A
3429,ThermoMPNN,4XV2,0.6976404190063477,196,V,L,F:\GENESIS Studio\genesis-studio\packages\engines-py\.pdb_cache\4XV2,A
3430,ThermoMPNN,4XV2,1.1818714141845703,196,V,M,F:\GENESIS Studio\genesis-studio\packages\engines-py\.pdb_cache\4XV2,A
3431,ThermoMPNN,4XV2,2.6873483657836914,196,V,N,F:\GENESIS Studio\genesis-studio\packages\engines-py\.pdb_cache\4XV2,A
3432,ThermoMPNN,4XV2,2.919023036956787,196,V,P,F:\GENESIS Studio\genesis-studio\packages\engines-py\.pdb_cache\4XV2,A
3433,ThermoMPNN,4XV2,2.483846664428711,196,V,Q,F:\GENESIS Studio\genesis-studio\packages\engines-py\.pdb_cache\4XV2,A
3434,ThermoMPNN,4XV2,2.4498867988586426,196,V,R,F:\GENESIS Studio\genesis-studio\packages\engines-py\.pdb_cache\4XV2,A
3435,ThermoMPNN,4XV2,2.4566397666931152,196,V,S,F:\GENESIS Studio\genesis-studio\packages\engines-py\.pdb_cache\4XV2,A
3436,ThermoMPNN,4XV2,1.8085139989852905,196,V,T,F:\GENESIS Studio\genesis-studio\packages\engines-py\.pdb_cache\4XV2,A
3437,ThermoMPNN,4XV2,0.0,196,V,V,F:\GENESIS Studio\genesis-studio\packages\engines-py\.pdb_cache\4XV2,A
3438,ThermoMPNN,4XV2,1.7020149230957031,196,V,W,F:\GENESIS Studio\genesis-studio\packages\engines-py\.pdb_cache\4XV2,A
3439,ThermoMPNN,4XV2,1.692435383796692,196,V,Y,F:\GENESIS Studio\genesis-studio\packages\engines-py\.pdb_cache\4XV2,A
3440,ThermoMPNN,4XV2,1.8138903379440308,197,L,A,F:\GENESIS Studio\genesis-studio\packages\engines-py\.pdb_cache\4XV2,A
3441,ThermoMPNN,4XV2,1.060826301574707,197,L,C,F:\GENESIS Studio\genesis-studio\packages\engines-py\.pdb_cache\4XV2,A
3442,ThermoMPNN,4XV2,2.6443533897399902,197,L,D,F:\GENESIS Studio\genesis-studio\packages\engines-py\.pdb_cache\4XV2,A
3443,ThermoMPNN,4XV2,2.3217086791992188,197,L,E,F:\GENESIS Studio\genesis-studio\packages\engines-py\.pdb_cache\4XV2,A
3444,ThermoMPNN,4XV2,1.0779521465301514,197,L,F,F:\GENESIS Studio\genesis-studio\packages\engines-py\.pdb_cache\4XV2,A
3445,ThermoMPNN,4XV2,2.145840644836426,197,L,G,F:\GENESIS Studio\genesis-studio\packages\engines-py\.pdb_cache\4XV2,A
3446,ThermoMPNN,4XV2,2.283592700958252,197,L,H,F:\GENESIS Studio\genesis-studio\packages\engines-py\.pdb_cache\4XV2,A
3447,ThermoMPNN,4XV2,1.044262409210205,197,L,I,F:\GENESIS Studio\genesis-studio\packages\engines-py\.pdb_cache\4XV2,A
3448,ThermoMPNN,4XV2,2.3539581298828125,197,L,K,F:\GENESIS Studio\genesis-studio\packages\engines-py\.pdb_cache\4XV2,A
3449,ThermoMPNN,4XV2,0.0,197,L,L,F:\GENESIS Studio\genesis-studio\packages\engines-py\.pdb_cache\4XV2,A
3450,ThermoMPNN,4XV2,0.7878265380859375,197,L,M,F:\GENESIS Studio\genesis-studio\packages\engines-py\.pdb_cache\4XV2,A
3451,ThermoMPNN,4XV2,2.477090835571289,197,L,N,F:\GENESIS Studio\genesis-studio\packages\engines-py\.pdb_cache\4XV2,A
3452,ThermoMPNN,4XV2,2.6338515281677246,197,L,P,F:\GENESIS Studio\genesis-studio\packages\engines-py\.pdb_cache\4XV2,A
3453,ThermoMPNN,4XV2,2.3048553466796875,197,L,Q,F:\GENESIS Studio\genesis-studio\packages\engines-py\.pdb_cache\4XV2,A
3454,ThermoMPNN,4XV2,2.380535125732422,197,L,R,F:\GENESIS Studio\genesis-studio\packages\engines-py\.pdb_cache\4XV2,A
3455,ThermoMPNN,4XV2,2.2814126014709473,197,L,S,F:\GENESIS Studio\genesis-studio\packages\engines-py\.pdb_cache\4XV2,A
3456,ThermoMPNN,4XV2,2.1632204055786133,197,L,T,F:\GENESIS Studio\genesis-studio\packages\engines-py\.pdb_cache\4XV2,A
3457,ThermoMPNN,4XV2,1.2896403074264526,197,L,V,F:\GENESIS Studio\genesis-studio\packages\engines-py\.pdb_cache\4XV2,A
3458,ThermoMPNN,4XV2,1.295061707496643,197,L,W,F:\GENESIS Studio\genesis-studio\packages\engines-py\.pdb_cache\4XV2,A
3459,ThermoMPNN,4XV2,1.5792930126190186,197,L,Y,F:\GENESIS Studio\genesis-studio\packages\engines-py\.pdb_cache\4XV2,A
3460,ThermoMPNN,4XV2,3.367774486541748,198,Y,A,F:\GENESIS Studio\genesis-studio\packages\engines-py\.pdb_cache\4XV2,A
3461,ThermoMPNN,4XV2,2.6698172092437744,198,Y,C,F:\GENESIS Studio\genesis-studio\packages\engines-py\.pdb_cache\4XV2,A
3462,ThermoMPNN,4XV2,2.8671913146972656,198,Y,D,F:\GENESIS Studio\genesis-studio\packages\engines-py\.pdb_cache\4XV2,A
3463,ThermoMPNN,4XV2,3.4380576610565186,198,Y,E,F:\GENESIS Studio\genesis-studio\packages\engines-py\.pdb_cache\4XV2,A
3464,ThermoMPNN,4XV2,0.6321790218353271,198,Y,F,F:\GENESIS Studio\genesis-studio\packages\engines-py\.pdb_cache\4XV2,A
3465,ThermoMPNN,4XV2,2.771327257156372,198,Y,G,F:\GENESIS Studio\genesis-studio\packages\engines-py\.pdb_cache\4XV2,A
3466,ThermoMPNN,4XV2,2.0123369693756104,198,Y,H,F:\GENESIS Studio\genesis-studio\packages\engines-py\.pdb_cache\4XV2,A
3467,ThermoMPNN,4XV2,3.3985297679901123,198,Y,I,F:\GENESIS Studio\genesis-studio\packages\engines-py\.pdb_cache\4XV2,A
3468,ThermoMPNN,4XV2,3.1033456325531006,198,Y,K,F:\GENESIS Studio\genesis-studio\packages\engines-py\.pdb_cache\4XV2,A
3469,ThermoMPNN,4XV2,3.0451691150665283,198,Y,L,F:\GENESIS Studio\genesis-studio\packages\engines-py\.pdb_cache\4XV2,A
3470,ThermoMPNN,4XV2,2.722966432571411,198,Y,M,F:\GENESIS Studio\genesis-studio\packages\engines-py\.pdb_cache\4XV2,A
3471,ThermoMPNN,4XV2,2.8693718910217285,198,Y,N,F:\GENESIS Studio\genesis-studio\packages\engines-py\.pdb_cache\4XV2,A
3472,ThermoMPNN,4XV2,2.784830331802368,198,Y,P,F:\GENESIS Studio\genesis-studio\packages\engines-py\.pdb_cache\4XV2,A
3473,ThermoMPNN,4XV2,3.081146717071533,198,Y,Q,F:\GENESIS Studio\genesis-studio\packages\engines-py\.pdb_cache\4XV2,A
3474,ThermoMPNN,4XV2,2.582920789718628,198,Y,R,F:\GENESIS Studio\genesis-studio\packages\engines-py\.pdb_cache\4XV2,A
3475,ThermoMPNN,4XV2,3.2289693355560303,198,Y,S,F:\GENESIS Studio\genesis-studio\packages\engines-py\.pdb_cache\4XV2,A
3476,ThermoMPNN,4XV2,3.3586714267730713,198,Y,T,F:\GENESIS Studio\genesis-studio\packages\engines-py\.pdb_cache\4XV2,A
3477,ThermoMPNN,4XV2,3.6156604290008545,198,Y,V,F:\GENESIS Studio\genesis-studio\packages\engines-py\.pdb_cache\4XV2,A
3478,ThermoMPNN,4XV2,0.6165523529052734,198,Y,W,F:\GENESIS Studio\genesis-studio\packages\engines-py\.pdb_cache\4XV2,A
3479,ThermoMPNN,4XV2,0.0,198,Y,Y,F:\GENESIS Studio\genesis-studio\packages\engines-py\.pdb_cache\4XV2,A
3480,ThermoMPNN,4XV2,0.9062681198120117,199,E,A,F:\GENESIS Studio\genesis-studio\packages\engines-py\.pdb_cache\4XV2,A
3481,ThermoMPNN,4XV2,0.35244905948638916,199,E,C,F:\GENESIS Studio\genesis-studio\packages\engines-py\.pdb_cache\4XV2,A
3482,ThermoMPNN,4XV2,1.8217558860778809,199,E,D,F:\GENESIS Studio\genesis-studio\packages\engines-py\.pdb_cache\4XV2,A
3483,ThermoMPNN,4XV2,0.0,199,E,E,F:\GENESIS Studio\genesis-studio\packages\engines-py\.pdb_cache\4XV2,A
3484,ThermoMPNN,4XV2,1.1601054668426514,199,E,F,F:\GENESIS Studio\genesis-studio\packages\engines-py\.pdb_cache\4XV2,A
3485,ThermoMPNN,4XV2,1.5542762279510498,199,E,G,F:\GENESIS Studio\genesis-studio\packages\engines-py\.pdb_cache\4XV2,A
3486,ThermoMPNN,4XV2,1.275768756866455,199,E,H,F:\GENESIS Studio\genesis-studio\packages\engines-py\.pdb_cache\4XV2,A
3487,ThermoMPNN,4XV2,0.5346225500106812,199,E,I,F:\GENESIS Studio\genesis-studio\packages\engines-py\.pdb_cache\4XV2,A
3488,ThermoMPNN,4XV2,1.9846796989440918,199,E,K,F:\GENESIS Studio\genesis-studio\packages\engines-py\.pdb_cache\4XV2,A
3489,ThermoMPNN,4XV2,1.2455813884735107,199,E,L,F:\GENESIS Studio\genesis-studio\packages\engines-py\.pdb_cache\4XV2,A
3490,ThermoMPNN,4XV2,0.5731121301651001,199,E,M,F:\GENESIS Studio\genesis-studio\packages\engines-py\.pdb_cache\4XV2,A
3491,ThermoMPNN,4XV2,1.8742249011993408,199,E,N,F:\GENESIS Studio\genesis-studio\packages\engines-py\.pdb_cache\4XV2,A
3492,ThermoMPNN,4XV2,2.079200029373169,199,E,P,F:\GENESIS Studio\genesis-studio\packages\engines-py\.pdb_cache\4XV2,A
3493,ThermoMPNN,4XV2,0.4479374885559082,199,E,Q,F:\GENESIS Studio\genesis-studio\packages\engines-py\.pdb_cache\4XV2,A
3494,ThermoMPNN,4XV2,1.917508840560913,199,E,R,F:\GENESIS Studio\genesis-studio\packages\engines-py\.pdb_cache\4XV2,A
3495,ThermoMPNN,4XV2,0.9139573574066162,199,E,S,F:\GENESIS Studio\genesis-studio\packages\engines-py\.pdb_cache\4XV2,A
3496,ThermoMPNN,4XV2,0.579292893409729,199,E,T,F:\GENESIS Studio\genesis-studio\packages\engines-py\.pdb_cache\4XV2,A
3497,ThermoMPNN,4XV2,0.09263527393341064,199,E,V,F:\GENESIS Studio\genesis-studio\packages\engines-py\.pdb_cache\4XV2,A
3498,ThermoMPNN,4XV2,1.4339416027069092,199,E,W,F:\GENESIS Studio\genesis-studio\packages\engines-py\.pdb_cache\4XV2,A
3499,ThermoMPNN,4XV2,1.3654457330703735,199,E,Y,F:\GENESIS Studio\genesis-studio\packages\engines-py\.pdb_cache\4XV2,A
3500,ThermoMPNN,4XV2,2.383291721343994,200,L,A,F:\GENESIS Studio\genesis-studio\packages\engines-py\.pdb_cache\4XV2,A
3501,ThermoMPNN,4XV2,1.4184515476226807,200,L,C,F:\GENESIS Studio\genesis-studio\packages\engines-py\.pdb_cache\4XV2,A
3502,ThermoMPNN,4XV2,3.553448438644409,200,L,D,F:\GENESIS Studio\genesis-studio\packages\engines-py\.pdb_cache\4XV2,A
3503,ThermoMPNN,4XV2,3.0780208110809326,200,L,E,F:\GENESIS Studio\genesis-studio\packages\engines-py\.pdb_cache\4XV2,A
3504,ThermoMPNN,4XV2,1.6998697519302368,200,L,F,F:\GENESIS Studio\genesis-studio\packages\engines-py\.pdb_cache\4XV2,A
3505,ThermoMPNN,4XV2,3.041567325592041,200,L,G,F:\GENESIS Studio\genesis-studio\packages\engines-py\.pdb_cache\4XV2,A
3506,ThermoMPNN,4XV2,3.0035550594329834,200,L,H,F:\GENESIS Studio\genesis-studio\packages\engines-py\.pdb_cache\4XV2,A
3507,ThermoMPNN,4XV2,0.7557792663574219,200,L,I,F:\GENESIS Studio\genesis-studio\packages\engines-py\.pdb_cache\4XV2,A
3508,ThermoMPNN,4XV2,2.8048436641693115,200,L,K,F:\GENESIS Studio\genesis-studio\packages\engines-py\.pdb_cache\4XV2,A
3509,ThermoMPNN,4XV2,0.0,200,L,L,F:\GENESIS Studio\genesis-studio\packages\engines-py\.pdb_cache\4XV2,A
3510,ThermoMPNN,4XV2,1.0644826889038086,200,L,M,F:\GENESIS Studio\genesis-studio\packages\engines-py\.pdb_cache\4XV2,A
3511,ThermoMPNN,4XV2,3.2115771770477295,200,L,N,F:\GENESIS Studio\genesis-studio\packages\engines-py\.pdb_cache\4XV2,A
3512,ThermoMPNN,4XV2,3.1695735454559326,200,L,P,F:\GENESIS Studio\genesis-studio\packages\engines-py\.pdb_cache\4XV2,A
3513,ThermoMPNN,4XV2,2.9306576251983643,200,L,Q,F:\GENESIS Studio\genesis-studio\packages\engines-py\.pdb_cache\4XV2,A
3514,ThermoMPNN,4XV2,2.9013054370880127,200,L,R,F:\GENESIS Studio\genesis-studio\packages\engines-py\.pdb_cache\4XV2,A
3515,ThermoMPNN,4XV2,2.9486472606658936,200,L,S,F:\GENESIS Studio\genesis-studio\packages\engines-py\.pdb_cache\4XV2,A
3516,ThermoMPNN,4XV2,2.5054988861083984,200,L,T,F:\GENESIS Studio\genesis-studio\packages\engines-py\.pdb_cache\4XV2,A
3517,ThermoMPNN,4XV2,1.1256649494171143,200,L,V,F:\GENESIS Studio\genesis-studio\packages\engines-py\.pdb_cache\4XV2,A
3518,ThermoMPNN,4XV2,2.0481629371643066,200,L,W,F:\GENESIS Studio\genesis-studio\packages\engines-py\.pdb_cache\4XV2,A
3519,ThermoMPNN,4XV2,2.188937187194824,200,L,Y,F:\GENESIS Studio\genesis-studio\packages\engines-py\.pdb_cache\4XV2,A
3520,ThermoMPNN,4XV2,1.3137733936309814,201,M,A,F:\GENESIS Studio\genesis-studio\packages\engines-py\.pdb_cache\4XV2,A
3521,ThermoMPNN,4XV2,0.3385019302368164,201,M,C,F:\GENESIS Studio\genesis-studio\packages\engines-py\.pdb_cache\4XV2,A
3522,ThermoMPNN,4XV2,3.039280652999878,201,M,D,F:\GENESIS Studio\genesis-studio\packages\engines-py\.pdb_cache\4XV2,A
3523,ThermoMPNN,4XV2,2.7277305126190186,201,M,E,F:\GENESIS Studio\genesis-studio\packages\engines-py\.pdb_cache\4XV2,A
3524,ThermoMPNN,4XV2,0.19861125946044922,201,M,F,F:\GENESIS Studio\genesis-studio\packages\engines-py\.pdb_cache\4XV2,A
3525,ThermoMPNN,4XV2,2.4565908908843994,201,M,G,F:\GENESIS Studio\genesis-studio\packages\engines-py\.pdb_cache\4XV2,A
3526,ThermoMPNN,4XV2,2.087855815887451,201,M,H,F:\GENESIS Studio\genesis-studio\packages\engines-py\.pdb_cache\4XV2,A
3527,ThermoMPNN,4XV2,0.7331407070159912,201,M,I,F:\GENESIS Studio\genesis-studio\packages\engines-py\.pdb_cache\4XV2,A
3528,ThermoMPNN,4XV2,2.8266522884368896,201,M,K,F:\GENESIS Studio\genesis-studio\packages\engines-py\.pdb_cache\4XV2,A
3529,ThermoMPNN,4XV2,0.0441744327545166,201,M,L,F:\GENESIS Studio\genesis-studio\packages\engines-py\.pdb_cache\4XV2,A
3530,ThermoMPNN,4XV2,0.0,201,M,M,F:\GENESIS Studio\genesis-studio\packages\engines-py\.pdb_cache\4XV2,A
3531,ThermoMPNN,4XV2,2.450265645980835,201,M,N,F:\GENESIS Studio\genesis-studio\packages\engines-py\.pdb_cache\4XV2,A
3532,ThermoMPNN,4XV2,2.963050603866577,201,M,P,F:\GENESIS Studio\genesis-studio\packages\engines-py\.pdb_cache\4XV2,A
3533,ThermoMPNN,4XV2,2.3126847743988037,201,M,Q,F:\GENESIS Studio\genesis-studio\packages\engines-py\.pdb_cache\4XV2,A
3534,ThermoMPNN,4XV2,2.781707525253296,201,M,R,F:\GENESIS Studio\genesis-studio\packages\engines-py\.pdb_cache\4XV2,A
3535,ThermoMPNN,4XV2,1.9413269758224487,201,M,S,F:\GENESIS Studio\genesis-studio\packages\engines-py\.pdb_cache\4XV2,A
3536,ThermoMPNN,4XV2,1.8095020055770874,201,M,T,F:\GENESIS Studio\genesis-studio\packages\engines-py\.pdb_cache\4XV2,A
3537,ThermoMPNN,4XV2,0.9440945386886597,201,M,V,F:\GENESIS Studio\genesis-studio\packages\engines-py\.pdb_cache\4XV2,A
3538,ThermoMPNN,4XV2,0.8076094388961792,201,M,W,F:\GENESIS Studio\genesis-studio\packages\engines-py\.pdb_cache\4XV2,A
3539,ThermoMPNN,4XV2,0.8851243257522583,201,M,Y,F:\GENESIS Studio\genesis-studio\packages\engines-py\.pdb_cache\4XV2,A
3540,ThermoMPNN,4XV2,1.840113639831543,202,T,A,F:\GENESIS Studio\genesis-studio\packages\engines-py\.pdb_cache\4XV2,A
3541,ThermoMPNN,4XV2,1.4643467664718628,202,T,C,F:\GENESIS Studio\genesis-studio\packages\engines-py\.pdb_cache\4XV2,A
3542,ThermoMPNN,4XV2,2.546976089477539,202,T,D,F:\GENESIS Studio\genesis-studio\packages\engines-py\.pdb_cache\4XV2,A
3543,ThermoMPNN,4XV2,2.685063600540161,202,T,E,F:\GENESIS Studio\genesis-studio\packages\engines-py\.pdb_cache\4XV2,A
3544,ThermoMPNN,4XV2,1.8946058750152588,202,T,F,F:\GENESIS Studio\genesis-studio\packages\engines-py\.pdb_cache\4XV2,A
3545,ThermoMPNN,4XV2,2.1340439319610596,202,T,G,F:\GENESIS Studio\genesis-studio\packages\engines-py\.pdb_cache\4XV2,A
3546,ThermoMPNN,4XV2,2.414335250854492,202,T,H,F:\GENESIS Studio\genesis-studio\packages\engines-py\.pdb_cache\4XV2,A
3547,ThermoMPNN,4XV2,1.6033934354782104,202,T,I,F:\GENESIS Studio\genesis-studio\packages\engines-py\.pdb_cache\4XV2,A
3548,ThermoMPNN,4XV2,2.5610709190368652,202,T,K,F:\GENESIS Studio\genesis-studio\packages\engines-py\.pdb_cache\4XV2,A
3549,ThermoMPNN,4XV2,1.9754927158355713,202,T,L,F:\GENESIS Studio\genesis-studio\packages\engines-py\.pdb_cache\4XV2,A
3550,ThermoMPNN,4XV2,1.8992127180099487,202,T,M,F:\GENESIS Studio\genesis-studio\packages\engines-py\.pdb_cache\4XV2,A
3551,ThermoMPNN,4XV2,2.1724839210510254,202,T,N,F:\GENESIS Studio\genesis-studio\packages\engines-py\.pdb_cache\4XV2,A
3552,ThermoMPNN,4XV2,2.5236563682556152,202,T,P,F:\GENESIS Studio\genesis-studio\packages\engines-py\.pdb_cache\4XV2,A
3553,ThermoMPNN,4XV2,2.4132182598114014,202,T,Q,F:\GENESIS Studio\genesis-studio\packages\engines-py\.pdb_cache\4XV2,A
3554,ThermoMPNN,4XV2,2.330254077911377,202,T,R,F:\GENESIS Studio\genesis-studio\packages\engines-py\.pdb_cache\4XV2,A
3555,ThermoMPNN,4XV2,0.8681635856628418,202,T,S,F:\GENESIS Studio\genesis-studio\packages\engines-py\.pdb_cache\4XV2,A
3556,ThermoMPNN,4XV2,0.0,202,T,T,F:\GENESIS Studio\genesis-studio\packages\engines-py\.pdb_cache\4XV2,A
3557,ThermoMPNN,4XV2,1.3970248699188232,202,T,V,F:\GENESIS Studio\genesis-studio\packages\engines-py\.pdb_cache\4XV2,A
3558,ThermoMPNN,4XV2,1.9176231622695923,202,T,W,F:\GENESIS Studio\genesis-studio\packages\engines-py\.pdb_cache\4XV2,A
3559,ThermoMPNN,4XV2,2.0333428382873535,202,T,Y,F:\GENESIS Studio\genesis-studio\packages\engines-py\.pdb_cache\4XV2,A
3560,ThermoMPNN,4XV2,1.8230805397033691,203,G,A,F:\GENESIS Studio\genesis-studio\packages\engines-py\.pdb_cache\4XV2,A
3561,ThermoMPNN,4XV2,1.0622851848602295,203,G,C,F:\GENESIS Studio\genesis-studio\packages\engines-py\.pdb_cache\4XV2,A
3562,ThermoMPNN,4XV2,2.1422574520111084,203,G,D,F:\GENESIS Studio\genesis-studio\packages\engines-py\.pdb_cache\4XV2,A
3563,ThermoMPNN,4XV2,2.0115091800689697,203,G,E,F:\GENESIS Studio\genesis-studio\packages\engines-py\.pdb_cache\4XV2,A
3564,ThermoMPNN,4XV2,1.4620500802993774,203,G,F,F:\GENESIS Studio\genesis-studio\packages\engines-py\.pdb_cache\4XV2,A
3565,ThermoMPNN,4XV2,0.0,203,G,G,F:\GENESIS Studio\genesis-studio\packages\engines-py\.pdb_cache\4XV2,A
3566,ThermoMPNN,4XV2,1.4009114503860474,203,G,H,F:\GENESIS Studio\genesis-studio\packages\engines-py\.pdb_cache\4XV2,A
3567,ThermoMPNN,4XV2,2.3277621269226074,203,G,I,F:\GENESIS Studio\genesis-studio\packages\engines-py\.pdb_cache\4XV2,A
3568,ThermoMPNN,4XV2,1.4954402446746826,203,G,K,F:\GENESIS Studio\genesis-studio\packages\engines-py\.pdb_cache\4XV2,A
3569,ThermoMPNN,4XV2,1.751067042350769,203,G,L,F:\GENESIS Studio\genesis-studio\packages\engines-py\.pdb_cache\4XV2,A
3570,ThermoMPNN,4XV2,1.5427558422088623,203,G,M,F:\GENESIS Studio\genesis-studio\packages\engines-py\.pdb_cache\4XV2,A
3571,ThermoMPNN,4XV2,1.4197583198547363,203,G,N,F:\GENESIS Studio\genesis-studio\packages\engines-py\.pdb_cache\4XV2,A
3572,ThermoMPNN,4XV2,2.7182154655456543,203,G,P,F:\GENESIS Studio\genesis-studio\packages\engines-py\.pdb_cache\4XV2,A
3573,ThermoMPNN,4XV2,1.4737528562545776,203,G,Q,F:\GENESIS Studio\genesis-studio\packages\engines-py\.pdb_cache\4XV2,A
3574,ThermoMPNN,4XV2,1.6123969554901123,203,G,R,F:\GENESIS Studio\genesis-studio\packages\engines-py\.pdb_cache\4XV2,A
3575,ThermoMPNN,4XV2,1.661781907081604,203,G,S,F:\GENESIS Studio\genesis-studio\packages\engines-py\.pdb_cache\4XV2,A
3576,ThermoMPNN,4XV2,1.9171488285064697,203,G,T,F:\GENESIS Studio\genesis-studio\packages\engines-py\.pdb_cache\4XV2,A
3577,ThermoMPNN,4XV2,2.223489999771118,203,G,V,F:\GENESIS Studio\genesis-studio\packages\engines-py\.pdb_cache\4XV2,A
3578,ThermoMPNN,4XV2,1.9065501689910889,203,G,W,F:\GENESIS Studio\genesis-studio\packages\engines-py\.pdb_cache\4XV2,A
3579,ThermoMPNN,4XV2,1.6206482648849487,203,G,Y,F:\GENESIS Studio\genesis-studio\packages\engines-py\.pdb_cache\4XV2,A
3580,ThermoMPNN,4XV2,0.5274872779846191,204,Q,A,F:\GENESIS Studio\genesis-studio\packages\engines-py\.pdb_cache\4XV2,A
3581,ThermoMPNN,4XV2,-0.03676748275756836,204,Q,C,F:\GENESIS Studio\genesis-studio\packages\engines-py\.pdb_cache\4XV2,A
3582,ThermoMPNN,4XV2,0.43775880336761475,204,Q,D,F:\GENESIS Studio\genesis-studio\packages\engines-py\.pdb_cache\4XV2,A
3583,ThermoMPNN,4XV2,-0.06219935417175293,204,Q,E,F:\GENESIS Studio\genesis-studio\packages\engines-py\.pdb_cache\4XV2,A
3584,ThermoMPNN,4XV2,0.20112919807434082,204,Q,F,F:\GENESIS Studio\genesis-studio\packages\engines-py\.pdb_cache\4XV2,A
3585,ThermoMPNN,4XV2,0.7990747094154358,204,Q,G,F:\GENESIS Studio\genesis-studio\packages\engines-py\.pdb_cache\4XV2,A
3586,ThermoMPNN,4XV2,0.3589813709259033,204,Q,H,F:\GENESIS Studio\genesis-studio\packages\engines-py\.pdb_cache\4XV2,A
3587,ThermoMPNN,4XV2,0.2435828447341919,204,Q,I,F:\GENESIS Studio\genesis-studio\packages\engines-py\.pdb_cache\4XV2,A
3588,ThermoMPNN,4XV2,0.47653985023498535,204,Q,K,F:\GENESIS Studio\genesis-studio\packages\engines-py\.pdb_cache\4XV2,A
3589,ThermoMPNN,4XV2,0.17525064945220947,204,Q,L,F:\GENESIS Studio\genesis-studio\packages\engines-py\.pdb_cache\4XV2,A
3590,ThermoMPNN,4XV2,0.040979862213134766,204,Q,M,F:\GENESIS Studio\genesis-studio\packages\engines-py\.pdb_cache\4XV2,A
3591,ThermoMPNN,4XV2,0.49947357177734375,204,Q,N,F:\GENESIS Studio\genesis-studio\packages\engines-py\.pdb_cache\4XV2,A
3592,ThermoMPNN,4XV2,2.4232091903686523,204,Q,P,F:\GENESIS Studio\genesis-studio\packages\engines-py\.pdb_cache\4XV2,A
3593,ThermoMPNN,4XV2,0.0,204,Q,Q,F:\GENESIS Studio\genesis-studio\packages\engines-py\.pdb_cache\4XV2,A
3594,ThermoMPNN,4XV2,0.47539395093917847,204,Q,R,F:\GENESIS Studio\genesis-studio\packages\engines-py\.pdb_cache\4XV2,A
3595,ThermoMPNN,4XV2,0.44686585664749146,204,Q,S,F:\GENESIS Studio\genesis-studio\packages\engines-py\.pdb_cache\4XV2,A
3596,ThermoMPNN,4XV2,0.18599563837051392,204,Q,T,F:\GENESIS Studio\genesis-studio\packages\engines-py\.pdb_cache\4XV2,A
3597,ThermoMPNN,4XV2,0.24293673038482666,204,Q,V,F:\GENESIS Studio\genesis-studio\packages\engines-py\.pdb_cache\4XV2,A
3598,ThermoMPNN,4XV2,0.5231157541275024,204,Q,W,F:\GENESIS Studio\genesis-studio\packages\engines-py\.pdb_cache\4XV2,A
3599,ThermoMPNN,4XV2,0.4198921322822571,204,Q,Y,F:\GENESIS Studio\genesis-studio\packages\engines-py\.pdb_cache\4XV2,A
3600,ThermoMPNN,4XV2,0.8216909170150757,205,L,A,F:\GENESIS Studio\genesis-studio\packages\engines-py\.pdb_cache\4XV2,A
3601,ThermoMPNN,4XV2,0.3745526671409607,205,L,C,F:\GENESIS Studio\genesis-studio\packages\engines-py\.pdb_cache\4XV2,A
3602,ThermoMPNN,4XV2,1.384488821029663,205,L,D,F:\GENESIS Studio\genesis-studio\packages\engines-py\.pdb_cache\4XV2,A
3603,ThermoMPNN,4XV2,0.9737110137939453,205,L,E,F:\GENESIS Studio\genesis-studio\packages\engines-py\.pdb_cache\4XV2,A
3604,ThermoMPNN,4XV2,0.7943718433380127,205,L,F,F:\GENESIS Studio\genesis-studio\packages\engines-py\.pdb_cache\4XV2,A
3605,ThermoMPNN,4XV2,1.2495489120483398,205,L,G,F:\GENESIS Studio\genesis-studio\packages\engines-py\.pdb_cache\4XV2,A
3606,ThermoMPNN,4XV2,0.7937288880348206,205,L,H,F:\GENESIS Studio\genesis-studio\packages\engines-py\.pdb_cache\4XV2,A
3607,ThermoMPNN,4XV2,0.4902184009552002,205,L,I,F:\GENESIS Studio\genesis-studio\packages\engines-py\.pdb_cache\4XV2,A
3608,ThermoMPNN,4XV2,0.35424137115478516,205,L,K,F:\GENESIS Studio\genesis-studio\packages\engines-py\.pdb_cache\4XV2,A
3609,ThermoMPNN,4XV2,0.0,205,L,L,F:\GENESIS Studio\genesis-studio\packages\engines-py\.pdb_cache\4XV2,A
3610,ThermoMPNN,4XV2,0.39541614055633545,205,L,M,F:\GENESIS Studio\genesis-studio\packages\engines-py\.pdb_cache\4XV2,A
3611,ThermoMPNN,4XV2,0.8267844915390015,205,L,N,F:\GENESIS Studio\genesis-studio\packages\engines-py\.pdb_cache\4XV2,A
3612,ThermoMPNN,4XV2,0.8118219971656799,205,L,P,F:\GENESIS Studio\genesis-studio\packages\engines-py\.pdb_cache\4XV2,A
3613,ThermoMPNN,4XV2,0.6316660642623901,205,L,Q,F:\GENESIS Studio\genesis-studio\packages\engines-py\.pdb_cache\4XV2,A
3614,ThermoMPNN,4XV2,0.3362196683883667,205,L,R,F:\GENESIS Studio\genesis-studio\packages\engines-py\.pdb_cache\4XV2,A
3615,ThermoMPNN,4XV2,0.8061928749084473,205,L,S,F:\GENESIS Studio\genesis-studio\packages\engines-py\.pdb_cache\4XV2,A
3616,ThermoMPNN,4XV2,0.41504228115081787,205,L,T,F:\GENESIS Studio\genesis-studio\packages\engines-py\.pdb_cache\4XV2,A
3617,ThermoMPNN,4XV2,0.5994170904159546,205,L,V,F:\GENESIS Studio\genesis-studio\packages\engines-py\.pdb_cache\4XV2,A
3618,ThermoMPNN,4XV2,0.8105873465538025,205,L,W,F:\GENESIS Studio\genesis-studio\packages\engines-py\.pdb_cache\4XV2,A
3619,ThermoMPNN,4XV2,0.8311957120895386,205,L,Y,F:\GENESIS Studio\genesis-studio\packages\engines-py\.pdb_cache\4XV2,A
3620,ThermoMPNN,4XV2,1.3901312351226807,206,P,A,F:\GENESIS Studio\genesis-studio\packages\engines-py\.pdb_cache\4XV2,A
3621,ThermoMPNN,4XV2,0.7075622081756592,206,P,C,F:\GENESIS Studio\genesis-studio\packages\engines-py\.pdb_cache\4XV2,A
3622,ThermoMPNN,4XV2,2.3853795528411865,206,P,D,F:\GENESIS Studio\genesis-studio\packages\engines-py\.pdb_cache\4XV2,A
3623,ThermoMPNN,4XV2,2.2027170658111572,206,P,E,F:\GENESIS Studio\genesis-studio\packages\engines-py\.pdb_cache\4XV2,A
3624,ThermoMPNN,4XV2,1.0529365539550781,206,P,F,F:\GENESIS Studio\genesis-studio\packages\engines-py\.pdb_cache\4XV2,A
3625,ThermoMPNN,4XV2,1.6596288681030273,206,P,G,F:\GENESIS Studio\genesis-studio\packages\engines-py\.pdb_cache\4XV2,A
3626,ThermoMPNN,4XV2,2.09432053565979,206,P,H,F:\GENESIS Studio\genesis-studio\packages\engines-py\.pdb_cache\4XV2,A
3627,ThermoMPNN,4XV2,1.0218043327331543,206,P,I,F:\GENESIS Studio\genesis-studio\packages\engines-py\.pdb_cache\4XV2,A
3628,ThermoMPNN,4XV2,1.8630499839782715,206,P,K,F:\GENESIS Studio\genesis-studio\packages\engines-py\.pdb_cache\4XV2,A
3629,ThermoMPNN,4XV2,0.8934838771820068,206,P,L,F:\GENESIS Studio\genesis-studio\packages\engines-py\.pdb_cache\4XV2,A
3630,ThermoMPNN,4XV2,1.049159288406372,206,P,M,F:\GENESIS Studio\genesis-studio\packages\engines-py\.pdb_cache\4XV2,A
3631,ThermoMPNN,4XV2,2.140310287475586,206,P,N,F:\GENESIS Studio\genesis-studio\packages\engines-py\.pdb_cache\4XV2,A
3632,ThermoMPNN,4XV2,0.0,206,P,P,F:\GENESIS Studio\genesis-studio\packages\engines-py\.pdb_cache\4XV2,A
3633,ThermoMPNN,4XV2,2.1005938053131104,206,P,Q,F:\GENESIS Studio\genesis-studio\packages\engines-py\.pdb_cache\4XV2,A
3634,ThermoMPNN,4XV2,1.9279117584228516,206,P,R,F:\GENESIS Studio\genesis-studio\packages\engines-py\.pdb_cache\4XV2,A
3635,ThermoMPNN,4XV2,1.9281951189041138,206,P,S,F:\GENESIS Studio\genesis-studio\packages\engines-py\.pdb_cache\4XV2,A
3636,ThermoMPNN,4XV2,1.9517555236816406,206,P,T,F:\GENESIS Studio\genesis-studio\packages\engines-py\.pdb_cache\4XV2,A
3637,ThermoMPNN,4XV2,1.1274945735931396,206,P,V,F:\GENESIS Studio\genesis-studio\packages\engines-py\.pdb_cache\4XV2,A
3638,ThermoMPNN,4XV2,1.0857149362564087,206,P,W,F:\GENESIS Studio\genesis-studio\packages\engines-py\.pdb_cache\4XV2,A
3639,ThermoMPNN,4XV2,1.2722033262252808,206,P,Y,F:\GENESIS Studio\genesis-studio\packages\engines-py\.pdb_cache\4XV2,A
3640,ThermoMPNN,4XV2,2.3284621238708496,207,Y,A,F:\GENESIS Studio\genesis-studio\packages\engines-py\.pdb_cache\4XV2,A
3641,ThermoMPNN,4XV2,1.4451160430908203,207,Y,C,F:\GENESIS Studio\genesis-studio\packages\engines-py\.pdb_cache\4XV2,A
3642,ThermoMPNN,4XV2,2.9970874786376953,207,Y,D,F:\GENESIS Studio\genesis-studio\packages\engines-py\.pdb_cache\4XV2,A
3643,ThermoMPNN,4XV2,2.7735321521759033,207,Y,E,F:\GENESIS Studio\genesis-studio\packages\engines-py\.pdb_cache\4XV2,A
3644,ThermoMPNN,4XV2,0.03882288932800293,207,Y,F,F:\GENESIS Studio\genesis-studio\packages\engines-py\.pdb_cache\4XV2,A
3645,ThermoMPNN,4XV2,2.5310962200164795,207,Y,G,F:\GENESIS Studio\genesis-studio\packages\engines-py\.pdb_cache\4XV2,A
3646,ThermoMPNN,4XV2,1.675577163696289,207,Y,H,F:\GENESIS Studio\genesis-studio\packages\engines-py\.pdb_cache\4XV2,A
3647,ThermoMPNN,4XV2,1.7056342363357544,207,Y,I,F:\GENESIS Studio\genesis-studio\packages\engines-py\.pdb_cache\4XV2,A
3648,ThermoMPNN,4XV2,2.6580326557159424,207,Y,K,F:\GENESIS Studio\genesis-studio\packages\engines-py\.pdb_cache\4XV2,A
3649,ThermoMPNN,4XV2,1.6571166515350342,207,Y,L,F:\GENESIS Studio\genesis-studio\packages\engines-py\.pdb_cache\4XV2,A
3650,ThermoMPNN,4XV2,1.6703956127166748,207,Y,M,F:\GENESIS Studio\genesis-studio\packages\engines-py\.pdb_cache\4XV2,A
3651,ThermoMPNN,4XV2,2.471658945083618,207,Y,N,F:\GENESIS Studio\genesis-studio\packages\engines-py\.pdb_cache\4XV2,A
3652,ThermoMPNN,4XV2,2.3456008434295654,207,Y,P,F:\GENESIS Studio\genesis-studio\packages\engines-py\.pdb_cache\4XV2,A
3653,ThermoMPNN,4XV2,2.653416156768799,207,Y,Q,F:\GENESIS Studio\genesis-studio\packages\engines-py\.pdb_cache\4XV2,A
3654,ThermoMPNN,4XV2,2.428856134414673,207,Y,R,F:\GENESIS Studio\genesis-studio\packages\engines-py\.pdb_cache\4XV2,A
3655,ThermoMPNN,4XV2,2.5908937454223633,207,Y,S,F:\GENESIS Studio\genesis-studio\packages\engines-py\.pdb_cache\4XV2,A
3656,ThermoMPNN,4XV2,2.38883113861084,207,Y,T,F:\GENESIS Studio\genesis-studio\packages\engines-py\.pdb_cache\4XV2,A
3657,ThermoMPNN,4XV2,1.9531620740890503,207,Y,V,F:\GENESIS Studio\genesis-studio\packages\engines-py\.pdb_cache\4XV2,A
3658,ThermoMPNN,4XV2,0.8878936767578125,207,Y,W,F:\GENESIS Studio\genesis-studio\packages\engines-py\.pdb_cache\4XV2,A
3659,ThermoMPNN,4XV2,0.0,207,Y,Y,F:\GENESIS Studio\genesis-studio\packages\engines-py\.pdb_cache\4XV2,A
3660,ThermoMPNN,4XV2,-0.00408482551574707,208,S,A,F:\GENESIS Studio\genesis-studio\packages\engines-py\.pdb_cache\4XV2,A
3661,ThermoMPNN,4XV2,-0.048943936824798584,208,S,C,F:\GENESIS Studio\genesis-studio\packages\engines-py\.pdb_cache\4XV2,A
3662,ThermoMPNN,4XV2,-0.05941414833068848,208,S,D,F:\GENESIS Studio\genesis-studio\packages\engines-py\.pdb_cache\4XV2,A
3663,ThermoMPNN,4XV2,-0.05892902612686157,208,S,E,F:\GENESIS Studio\genesis-studio\packages\engines-py\.pdb_cache\4XV2,A
3664,ThermoMPNN,4XV2,0.2298012375831604,208,S,F,F:\GENESIS Studio\genesis-studio\packages\engines-py\.pdb_cache\4XV2,A
3665,ThermoMPNN,4XV2,0.20284366607666016,208,S,G,F:\GENESIS Studio\genesis-studio\packages\engines-py\.pdb_cache\4XV2,A
3666,ThermoMPNN,4XV2,0.11782759428024292,208,S,H,F:\GENESIS Studio\genesis-studio\packages\engines-py\.pdb_cache\4XV2,A
3667,ThermoMPNN,4XV2,0.27635228633880615,208,S,I,F:\GENESIS Studio\genesis-studio\packages\engines-py\.pdb_cache\4XV2,A
3668,ThermoMPNN,4XV2,0.23522871732711792,208,S,K,F:\GENESIS Studio\genesis-studio\packages\engines-py\.pdb_cache\4XV2,A
3669,ThermoMPNN,4XV2,0.20471882820129395,208,S,L,F:\GENESIS Studio\genesis-studio\packages\engines-py\.pdb_cache\4XV2,A
3670,ThermoMPNN,4XV2,0.2298784852027893,208,S,M,F:\GENESIS Studio\genesis-studio\packages\engines-py\.pdb_cache\4XV2,A
3671,ThermoMPNN,4XV2,0.04255962371826172,208,S,N,F:\GENESIS Studio\genesis-studio\packages\engines-py\.pdb_cache\4XV2,A
3672,ThermoMPNN,4XV2,0.2323186993598938,208,S,P,F:\GENESIS Studio\genesis-studio\packages\engines-py\.pdb_cache\4XV2,A
3673,ThermoMPNN,4XV2,0.11248564720153809,208,S,Q,F:\GENESIS Studio\genesis-studio\packages\engines-py\.pdb_cache\4XV2,A
3674,ThermoMPNN,4XV2,0.2676941156387329,208,S,R,F:\GENESIS Studio\genesis-studio\packages\engines-py\.pdb_cache\4XV2,A
3675,ThermoMPNN,4XV2,0.0,208,S,S,F:\GENESIS Studio\genesis-studio\packages\engines-py\.pdb_cache\4XV2,A
3676,ThermoMPNN,4XV2,0.16932183504104614,208,S,T,F:\GENESIS Studio\genesis-studio\packages\engines-py\.pdb_cache\4XV2,A
3677,ThermoMPNN,4XV2,0.27068161964416504,208,S,V,F:\GENESIS Studio\genesis-studio\packages\engines-py\.pdb_cache\4XV2,A
3678,ThermoMPNN,4XV2,0.10895037651062012,208,S,W,F:\GENESIS Studio\genesis-studio\packages\engines-py\.pdb_cache\4XV2,A
3679,ThermoMPNN,4XV2,0.23008215427398682,208,S,Y,F:\GENESIS Studio\genesis-studio\packages\engines-py\.pdb_cache\4XV2,A
3680,ThermoMPNN,4XV2,0.05497634410858154,209,N,A,F:\GENESIS Studio\genesis-studio\packages\engines-py\.pdb_cache\4XV2,A
3681,ThermoMPNN,4XV2,-0.1924700140953064,209,N,C,F:\GENESIS Studio\genesis-studio\packages\engines-py\.pdb_cache\4XV2,A
3682,ThermoMPNN,4XV2,-0.14897125959396362,209,N,D,F:\GENESIS Studio\genesis-studio\packages\engines-py\.pdb_cache\4XV2,A
3683,ThermoMPNN,4XV2,-0.03723186254501343,209,N,E,F:\GENESIS Studio\genesis-studio\packages\engines-py\.pdb_cache\4XV2,A
3684,ThermoMPNN,4XV2,0.17218345403671265,209,N,F,F:\GENESIS Studio\genesis-studio\packages\engines-py\.pdb_cache\4XV2,A
3685,ThermoMPNN,4XV2,0.25754469633102417,209,N,G,F:\GENESIS Studio\genesis-studio\packages\engines-py\.pdb_cache\4XV2,A
3686,ThermoMPNN,4XV2,0.12752532958984375,209,N,H,F:\GENESIS Studio\genesis-studio\packages\engines-py\.pdb_cache\4XV2,A
3687,ThermoMPNN,4XV2,0.4220953583717346,209,N,I,F:\GENESIS Studio\genesis-studio\packages\engines-py\.pdb_cache\4XV2,A
3688,ThermoMPNN,4XV2,0.385710746049881,209,N,K,F:\GENESIS Studio\genesis-studio\packages\engines-py\.pdb_cache\4XV2,A
3689,ThermoMPNN,4XV2,0.298075795173645,209,N,L,F:\GENESIS Studio\genesis-studio\packages\engines-py\.pdb_cache\4XV2,A
3690,ThermoMPNN,4XV2,0.3071049451828003,209,N,M,F:\GENESIS Studio\genesis-studio\packages\engines-py\.pdb_cache\4XV2,A
3691,ThermoMPNN,4XV2,0.0,209,N,N,F:\GENESIS Studio\genesis-studio\packages\engines-py\.pdb_cache\4XV2,A
3692,ThermoMPNN,4XV2,0.7831600904464722,209,N,P,F:\GENESIS Studio\genesis-studio\packages\engines-py\.pdb_cache\4XV2,A
3693,ThermoMPNN,4XV2,0.23499995470046997,209,N,Q,F:\GENESIS Studio\genesis-studio\packages\engines-py\.pdb_cache\4XV2,A
3694,ThermoMPNN,4XV2,0.4080367684364319,209,N,R,F:\GENESIS Studio\genesis-studio\packages\engines-py\.pdb_cache\4XV2,A
3695,ThermoMPNN,4XV2,0.022140800952911377,209,N,S,F:\GENESIS Studio\genesis-studio\packages\engines-py\.pdb_cache\4XV2,A
3696,ThermoMPNN,4XV2,0.17477208375930786,209,N,T,F:\GENESIS Studio\genesis-studio\packages\engines-py\.pdb_cache\4XV2,A
3697,ThermoMPNN,4XV2,0.3083176016807556,209,N,V,F:\GENESIS Studio\genesis-studio\packages\engines-py\.pdb_cache\4XV2,A
3698,ThermoMPNN,4XV2,-0.04802948236465454,209,N,W,F:\GENESIS Studio\genesis-studio\packages\engines-py\.pdb_cache\4XV2,A
3699,ThermoMPNN,4XV2,0.06976485252380371,209,N,Y,F:\GENESIS Studio\genesis-studio\packages\engines-py\.pdb_cache\4XV2,A
3700,ThermoMPNN,4XV2,1.385691523551941,210,I,A,F:\GENESIS Studio\genesis-studio\packages\engines-py\.pdb_cache\4XV2,A
3701,ThermoMPNN,4XV2,0.5720040798187256,210,I,C,F:\GENESIS Studio\genesis-studio\packages\engines-py\.pdb_cache\4XV2,A
3702,ThermoMPNN,4XV2,1.7649929523468018,210,I,D,F:\GENESIS Studio\genesis-studio\packages\engines-py\.pdb_cache\4XV2,A
3703,ThermoMPNN,4XV2,1.6247847080230713,210,I,E,F:\GENESIS Studio\genesis-studio\packages\engines-py\.pdb_cache\4XV2,A
3704,ThermoMPNN,4XV2,0.496213436126709,210,I,F,F:\GENESIS Studio\genesis-studio\packages\engines-py\.pdb_cache\4XV2,A
3705,ThermoMPNN,4XV2,1.7522552013397217,210,I,G,F:\GENESIS Studio\genesis-studio\packages\engines-py\.pdb_cache\4XV2,A
3706,ThermoMPNN,4XV2,1.159329891204834,210,I,H,F:\GENESIS Studio\genesis-studio\packages\engines-py\.pdb_cache\4XV2,A
3707,ThermoMPNN,4XV2,0.0,210,I,I,F:\GENESIS Studio\genesis-studio\packages\engines-py\.pdb_cache\4XV2,A
3708,ThermoMPNN,4XV2,1.5998646020889282,210,I,K,F:\GENESIS Studio\genesis-studio\packages\engines-py\.pdb_cache\4XV2,A
3709,ThermoMPNN,4XV2,0.36760401725769043,210,I,L,F:\GENESIS Studio\genesis-studio\packages\engines-py\.pdb_cache\4XV2,A
3710,ThermoMPNN,4XV2,0.5541844367980957,210,I,M,F:\GENESIS Studio\genesis-studio\packages\engines-py\.pdb_cache\4XV2,A
3711,ThermoMPNN,4XV2,1.548299789428711,210,I,N,F:\GENESIS Studio\genesis-studio\packages\engines-py\.pdb_cache\4XV2,A
3712,ThermoMPNN,4XV2,1.6385102272033691,210,I,P,F:\GENESIS Studio\genesis-studio\packages\engines-py\.pdb_cache\4XV2,A
3713,ThermoMPNN,4XV2,1.5007848739624023,210,I,Q,F:\GENESIS Studio\genesis-studio\packages\engines-py\.pdb_cache\4XV2,A
3714,ThermoMPNN,4XV2,1.597687005996704,210,I,R,F:\GENESIS Studio\genesis-studio\packages\engines-py\.pdb_cache\4XV2,A
3715,ThermoMPNN,4XV2,1.4442555904388428,210,I,S,F:\GENESIS Studio\genesis-studio\packages\engines-py\.pdb_cache\4XV2,A
3716,ThermoMPNN,4XV2,1.2027602195739746,210,I,T,F:\GENESIS Studio\genesis-studio\packages\engines-py\.pdb_cache\4XV2,A
3717,ThermoMPNN,4XV2,0.44527626037597656,210,I,V,F:\GENESIS Studio\genesis-studio\packages\engines-py\.pdb_cache\4XV2,A
3718,ThermoMPNN,4XV2,0.544723391532898,210,I,W,F:\GENESIS Studio\genesis-studio\packages\engines-py\.pdb_cache\4XV2,A
3719,ThermoMPNN,4XV2,0.6476893424987793,210,I,Y,F:\GENESIS Studio\genesis-studio\packages\engines-py\.pdb_cache\4XV2,A
3720,ThermoMPNN,4XV2,-0.07605111598968506,211,N,A,F:\GENESIS Studio\genesis-studio\packages\engines-py\.pdb_cache\4XV2,A
3721,ThermoMPNN,4XV2,-0.19746744632720947,211,N,C,F:\GENESIS Studio\genesis-studio\packages\engines-py\.pdb_cache\4XV2,A
3722,ThermoMPNN,4XV2,0.309096097946167,211,N,D,F:\GENESIS Studio\genesis-studio\packages\engines-py\.pdb_cache\4XV2,A
3723,ThermoMPNN,4XV2,0.24145442247390747,211,N,E,F:\GENESIS Studio\genesis-studio\packages\engines-py\.pdb_cache\4XV2,A
3724,ThermoMPNN,4XV2,0.03723067045211792,211,N,F,F:\GENESIS Studio\genesis-studio\packages\engines-py\.pdb_cache\4XV2,A
3725,ThermoMPNN,4XV2,0.011307775974273682,211,N,G,F:\GENESIS Studio\genesis-studio\packages\engines-py\.pdb_cache\4XV2,A
3726,ThermoMPNN,4XV2,-0.0031333565711975098,211,N,H,F:\GENESIS Studio\genesis-studio\packages\engines-py\.pdb_cache\4XV2,A
3727,ThermoMPNN,4XV2,0.06681191921234131,211,N,I,F:\GENESIS Studio\genesis-studio\packages\engines-py\.pdb_cache\4XV2,A
3728,ThermoMPNN,4XV2,-0.12108701467514038,211,N,K,F:\GENESIS Studio\genesis-studio\packages\engines-py\.pdb_cache\4XV2,A
3729,ThermoMPNN,4XV2,-0.03684324026107788,211,N,L,F:\GENESIS Studio\genesis-studio\packages\engines-py\.pdb_cache\4XV2,A
3730,ThermoMPNN,4XV2,-0.04193240404129028,211,N,M,F:\GENESIS Studio\genesis-studio\packages\engines-py\.pdb_cache\4XV2,A
3731,ThermoMPNN,4XV2,0.0,211,N,N,F:\GENESIS Studio\genesis-studio\packages\engines-py\.pdb_cache\4XV2,A
3732,ThermoMPNN,4XV2,0.2899828553199768,211,N,P,F:\GENESIS Studio\genesis-studio\packages\engines-py\.pdb_cache\4XV2,A
3733,ThermoMPNN,4XV2,-0.002305448055267334,211,N,Q,F:\GENESIS Studio\genesis-studio\packages\engines-py\.pdb_cache\4XV2,A
3734,ThermoMPNN,4XV2,-0.06852203607559204,211,N,R,F:\GENESIS Studio\genesis-studio\packages\engines-py\.pdb_cache\4XV2,A
3735,ThermoMPNN,4XV2,0.06609100103378296,211,N,S,F:\GENESIS Studio\genesis-studio\packages\engines-py\.pdb_cache\4XV2,A
3736,ThermoMPNN,4XV2,0.11235618591308594,211,N,T,F:\GENESIS Studio\genesis-studio\packages\engines-py\.pdb_cache\4XV2,A
3737,ThermoMPNN,4XV2,0.11479640007019043,211,N,V,F:\GENESIS Studio\genesis-studio\packages\engines-py\.pdb_cache\4XV2,A
3738,ThermoMPNN,4XV2,0.134296715259552,211,N,W,F:\GENESIS Studio\genesis-studio\packages\engines-py\.pdb_cache\4XV2,A
3739,ThermoMPNN,4XV2,0.06354963779449463,211,N,Y,F:\GENESIS Studio\genesis-studio\packages\engines-py\.pdb_cache\4XV2,A
3740,ThermoMPNN,4XV2,0.8159377574920654,212,N,A,F:\GENESIS Studio\genesis-studio\packages\engines-py\.pdb_cache\4XV2,A
3741,ThermoMPNN,4XV2,0.3305917978286743,212,N,C,F:\GENESIS Studio\genesis-studio\packages\engines-py\.pdb_cache\4XV2,A
3742,ThermoMPNN,4XV2,0.23728787899017334,212,N,D,F:\GENESIS Studio\genesis-studio\packages\engines-py\.pdb_cache\4XV2,A
3743,ThermoMPNN,4XV2,0.8278064727783203,212,N,E,F:\GENESIS Studio\genesis-studio\packages\engines-py\.pdb_cache\4XV2,A
3744,ThermoMPNN,4XV2,0.7275272607803345,212,N,F,F:\GENESIS Studio\genesis-studio\packages\engines-py\.pdb_cache\4XV2,A
3745,ThermoMPNN,4XV2,0.9861810207366943,212,N,G,F:\GENESIS Studio\genesis-studio\packages\engines-py\.pdb_cache\4XV2,A
3746,ThermoMPNN,4XV2,0.5415787696838379,212,N,H,F:\GENESIS Studio\genesis-studio\packages\engines-py\.pdb_cache\4XV2,A
3747,ThermoMPNN,4XV2,0.8736860156059265,212,N,I,F:\GENESIS Studio\genesis-studio\packages\engines-py\.pdb_cache\4XV2,A
3748,ThermoMPNN,4XV2,0.879636287689209,212,N,K,F:\GENESIS Studio\genesis-studio\packages\engines-py\.pdb_cache\4XV2,A
3749,ThermoMPNN,4XV2,0.7300163507461548,212,N,L,F:\GENESIS Studio\genesis-studio\packages\engines-py\.pdb_cache\4XV2,A
3750,ThermoMPNN,4XV2,0.7670983076095581,212,N,M,F:\GENESIS Studio\genesis-studio\packages\engines-py\.pdb_cache\4XV2,A
3751,ThermoMPNN,4XV2,0.0,212,N,N,F:\GENESIS Studio\genesis-studio\packages\engines-py\.pdb_cache\4XV2,A
3752,ThermoMPNN,4XV2,1.7107410430908203,212,N,P,F:\GENESIS Studio\genesis-studio\packages\engines-py\.pdb_cache\4XV2,A
3753,ThermoMPNN,4XV2,0.7103185057640076,212,N,Q,F:\GENESIS Studio\genesis-studio\packages\engines-py\.pdb_cache\4XV2,A
3754,ThermoMPNN,4XV2,0.8358869552612305,212,N,R,F:\GENESIS Studio\genesis-studio\packages\engines-py\.pdb_cache\4XV2,A
3755,ThermoMPNN,4XV2,0.1990981101989746,212,N,S,F:\GENESIS Studio\genesis-studio\packages\engines-py\.pdb_cache\4XV2,A
3756,ThermoMPNN,4XV2,0.44874775409698486,212,N,T,F:\GENESIS Studio\genesis-studio\packages\engines-py\.pdb_cache\4XV2,A
3757,ThermoMPNN,4XV2,0.6607310175895691,212,N,V,F:\GENESIS Studio\genesis-studio\packages\engines-py\.pdb_cache\4XV2,A
3758,ThermoMPNN,4XV2,0.682814359664917,212,N,W,F:\GENESIS Studio\genesis-studio\packages\engines-py\.pdb_cache\4XV2,A
3759,ThermoMPNN,4XV2,0.7730094194412231,212,N,Y,F:\GENESIS Studio\genesis-studio\packages\engines-py\.pdb_cache\4XV2,A
3760,ThermoMPNN,4XV2,0.4433857798576355,213,R,A,F:\GENESIS Studio\genesis-studio\packages\engines-py\.pdb_cache\4XV2,A
3761,ThermoMPNN,4XV2,-0.12238103151321411,213,R,C,F:\GENESIS Studio\genesis-studio\packages\engines-py\.pdb_cache\4XV2,A
3762,ThermoMPNN,4XV2,0.9024559259414673,213,R,D,F:\GENESIS Studio\genesis-studio\packages\engines-py\.pdb_cache\4XV2,A
3763,ThermoMPNN,4XV2,0.7096667289733887,213,R,E,F:\GENESIS Studio\genesis-studio\packages\engines-py\.pdb_cache\4XV2,A
3764,ThermoMPNN,4XV2,-0.04496973752975464,213,R,F,F:\GENESIS Studio\genesis-studio\packages\engines-py\.pdb_cache\4XV2,A
3765,ThermoMPNN,4XV2,0.8995026350021362,213,R,G,F:\GENESIS Studio\genesis-studio\packages\engines-py\.pdb_cache\4XV2,A
3766,ThermoMPNN,4XV2,0.22369974851608276,213,R,H,F:\GENESIS Studio\genesis-studio\packages\engines-py\.pdb_cache\4XV2,A
3767,ThermoMPNN,4XV2,-0.10020655393600464,213,R,I,F:\GENESIS Studio\genesis-studio\packages\engines-py\.pdb_cache\4XV2,A
3768,ThermoMPNN,4XV2,0.12928128242492676,213,R,K,F:\GENESIS Studio\genesis-studio\packages\engines-py\.pdb_cache\4XV2,A
3769,ThermoMPNN,4XV2,-0.18716877698898315,213,R,L,F:\GENESIS Studio\genesis-studio\packages\engines-py\.pdb_cache\4XV2,A
3770,ThermoMPNN,4XV2,0.025352418422698975,213,R,M,F:\GENESIS Studio\genesis-studio\packages\engines-py\.pdb_cache\4XV2,A
3771,ThermoMPNN,4XV2,0.4972109794616699,213,R,N,F:\GENESIS Studio\genesis-studio\packages\engines-py\.pdb_cache\4XV2,A
3772,ThermoMPNN,4XV2,0.3168110251426697,213,R,P,F:\GENESIS Studio\genesis-studio\packages\engines-py\.pdb_cache\4XV2,A
3773,ThermoMPNN,4XV2,0.5256467461585999,213,R,Q,F:\GENESIS Studio\genesis-studio\packages\engines-py\.pdb_cache\4XV2,A
3774,ThermoMPNN,4XV2,0.0,213,R,R,F:\GENESIS Studio\genesis-studio\packages\engines-py\.pdb_cache\4XV2,A
3775,ThermoMPNN,4XV2,0.5634617209434509,213,R,S,F:\GENESIS Studio\genesis-studio\packages\engines-py\.pdb_cache\4XV2,A
3776,ThermoMPNN,4XV2,0.3684900999069214,213,R,T,F:\GENESIS Studio\genesis-studio\packages\engines-py\.pdb_cache\4XV2,A
3777,ThermoMPNN,4XV2,0.09704440832138062,213,R,V,F:\GENESIS Studio\genesis-studio\packages\engines-py\.pdb_cache\4XV2,A
3778,ThermoMPNN,4XV2,-0.35728949308395386,213,R,W,F:\GENESIS Studio\genesis-studio\packages\engines-py\.pdb_cache\4XV2,A
3779,ThermoMPNN,4XV2,-0.20949441194534302,213,R,Y,F:\GENESIS Studio\genesis-studio\packages\engines-py\.pdb_cache\4XV2,A
3780,ThermoMPNN,4XV2,-0.10017603635787964,214,D,A,F:\GENESIS Studio\genesis-studio\packages\engines-py\.pdb_cache\4XV2,A
3781,ThermoMPNN,4XV2,-0.16325461864471436,214,D,C,F:\GENESIS Studio\genesis-studio\packages\engines-py\.pdb_cache\4XV2,A
3782,ThermoMPNN,4XV2,0.0,214,D,D,F:\GENESIS Studio\genesis-studio\packages\engines-py\.pdb_cache\4XV2,A
3783,ThermoMPNN,4XV2,-0.10966873168945312,214,D,E,F:\GENESIS Studio\genesis-studio\packages\engines-py\.pdb_cache\4XV2,A
3784,ThermoMPNN,4XV2,0.030364036560058594,214,D,F,F:\GENESIS Studio\genesis-studio\packages\engines-py\.pdb_cache\4XV2,A
3785,ThermoMPNN,4XV2,0.43796542286872864,214,D,G,F:\GENESIS Studio\genesis-studio\packages\engines-py\.pdb_cache\4XV2,A
3786,ThermoMPNN,4XV2,0.07432633638381958,214,D,H,F:\GENESIS Studio\genesis-studio\packages\engines-py\.pdb_cache\4XV2,A
3787,ThermoMPNN,4XV2,-0.06289482116699219,214,D,I,F:\GENESIS Studio\genesis-studio\packages\engines-py\.pdb_cache\4XV2,A
3788,ThermoMPNN,4XV2,0.052152156829833984,214,D,K,F:\GENESIS Studio\genesis-studio\packages\engines-py\.pdb_cache\4XV2,A
3789,ThermoMPNN,4XV2,-0.028674423694610596,214,D,L,F:\GENESIS Studio\genesis-studio\packages\engines-py\.pdb_cache\4XV2,A
3790,ThermoMPNN,4XV2,0.038068413734436035,214,D,M,F:\GENESIS Studio\genesis-studio\packages\engines-py\.pdb_cache\4XV2,A
3791,ThermoMPNN,4XV2,0.21307164430618286,214,D,N,F:\GENESIS Studio\genesis-studio\packages\engines-py\.pdb_cache\4XV2,A
3792,ThermoMPNN,4XV2,0.8283383250236511,214,D,P,F:\GENESIS Studio\genesis-studio\packages\engines-py\.pdb_cache\4XV2,A
3793,ThermoMPNN,4XV2,-0.03920358419418335,214,D,Q,F:\GENESIS Studio\genesis-studio\packages\engines-py\.pdb_cache\4XV2,A
3794,ThermoMPNN,4XV2,0.02185678482055664,214,D,R,F:\GENESIS Studio\genesis-studio\packages\engines-py\.pdb_cache\4XV2,A
3795,ThermoMPNN,4XV2,0.06366223096847534,214,D,S,F:\GENESIS Studio\genesis-studio\packages\engines-py\.pdb_cache\4XV2,A
3796,ThermoMPNN,4XV2,0.09952956438064575,214,D,T,F:\GENESIS Studio\genesis-studio\packages\engines-py\.pdb_cache\4XV2,A
3797,ThermoMPNN,4XV2,-0.06362146139144897,214,D,V,F:\GENESIS Studio\genesis-studio\packages\engines-py\.pdb_cache\4XV2,A
3798,ThermoMPNN,4XV2,-0.1812126636505127,214,D,W,F:\GENESIS Studio\genesis-studio\packages\engines-py\.pdb_cache\4XV2,A
3799,ThermoMPNN,4XV2,-0.03835916519165039,214,D,Y,F:\GENESIS Studio\genesis-studio\packages\engines-py\.pdb_cache\4XV2,A
3800,ThermoMPNN,4XV2,0.10102850198745728,215,Q,A,F:\GENESIS Studio\genesis-studio\packages\engines-py\.pdb_cache\4XV2,A
3801,ThermoMPNN,4XV2,-0.25542497634887695,215,Q,C,F:\GENESIS Studio\genesis-studio\packages\engines-py\.pdb_cache\4XV2,A
3802,ThermoMPNN,4XV2,0.5708540081977844,215,Q,D,F:\GENESIS Studio\genesis-studio\packages\engines-py\.pdb_cache\4XV2,A
3803,ThermoMPNN,4XV2,0.09183812141418457,215,Q,E,F:\GENESIS Studio\genesis-studio\packages\engines-py\.pdb_cache\4XV2,A
3804,ThermoMPNN,4XV2,-0.43921178579330444,215,Q,F,F:\GENESIS Studio\genesis-studio\packages\engines-py\.pdb_cache\4XV2,A
3805,ThermoMPNN,4XV2,0.6819409728050232,215,Q,G,F:\GENESIS Studio\genesis-studio\packages\engines-py\.pdb_cache\4XV2,A
3806,ThermoMPNN,4XV2,0.04091590642929077,215,Q,H,F:\GENESIS Studio\genesis-studio\packages\engines-py\.pdb_cache\4XV2,A
3807,ThermoMPNN,4XV2,-0.362248957157135,215,Q,I,F:\GENESIS Studio\genesis-studio\packages\engines-py\.pdb_cache\4XV2,A
3808,ThermoMPNN,4XV2,0.15299075841903687,215,Q,K,F:\GENESIS Studio\genesis-studio\packages\engines-py\.pdb_cache\4XV2,A
3809,ThermoMPNN,4XV2,-0.4139077067375183,215,Q,L,F:\GENESIS Studio\genesis-studio\packages\engines-py\.pdb_cache\4XV2,A
3810,ThermoMPNN,4XV2,-0.26768308877944946,215,Q,M,F:\GENESIS Studio\genesis-studio\packages\engines-py\.pdb_cache\4XV2,A
3811,ThermoMPNN,4XV2,0.45919865369796753,215,Q,N,F:\GENESIS Studio\genesis-studio\packages\engines-py\.pdb_cache\4XV2,A
3812,ThermoMPNN,4XV2,1.352290153503418,215,Q,P,F:\GENESIS Studio\genesis-studio\packages\engines-py\.pdb_cache\4XV2,A
3813,ThermoMPNN,4XV2,0.0,215,Q,Q,F:\GENESIS Studio\genesis-studio\packages\engines-py\.pdb_cache\4XV2,A
3814,ThermoMPNN,4XV2,0.2247583270072937,215,Q,R,F:\GENESIS Studio\genesis-studio\packages\engines-py\.pdb_cache\4XV2,A
3815,ThermoMPNN,4XV2,0.34713509678840637,215,Q,S,F:\GENESIS Studio\genesis-studio\packages\engines-py\.pdb_cache\4XV2,A
3816,ThermoMPNN,4XV2,0.14753931760787964,215,Q,T,F:\GENESIS Studio\genesis-studio\packages\engines-py\.pdb_cache\4XV2,A
3817,ThermoMPNN,4XV2,-0.12471151351928711,215,Q,V,F:\GENESIS Studio\genesis-studio\packages\engines-py\.pdb_cache\4XV2,A
3818,ThermoMPNN,4XV2,-0.3131170868873596,215,Q,W,F:\GENESIS Studio\genesis-studio\packages\engines-py\.pdb_cache\4XV2,A
3819,ThermoMPNN,4XV2,-0.5425065159797668,215,Q,Y,F:\GENESIS Studio\genesis-studio\packages\engines-py\.pdb_cache\4XV2,A
3820,ThermoMPNN,4XV2,1.8695456981658936,216,I,A,F:\GENESIS Studio\genesis-studio\packages\engines-py\.pdb_cache\4XV2,A
3821,ThermoMPNN,4XV2,1.2865464687347412,216,I,C,F:\GENESIS Studio\genesis-studio\packages\engines-py\.pdb_cache\4XV2,A
3822,ThermoMPNN,4XV2,2.860334634780884,216,I,D,F:\GENESIS Studio\genesis-studio\packages\engines-py\.pdb_cache\4XV2,A
3823,ThermoMPNN,4XV2,2.359424114227295,216,I,E,F:\GENESIS Studio\genesis-studio\packages\engines-py\.pdb_cache\4XV2,A
3824,ThermoMPNN,4XV2,0.8781595230102539,216,I,F,F:\GENESIS Studio\genesis-studio\packages\engines-py\.pdb_cache\4XV2,A
3825,ThermoMPNN,4XV2,2.642638683319092,216,I,G,F:\GENESIS Studio\genesis-studio\packages\engines-py\.pdb_cache\4XV2,A
3826,ThermoMPNN,4XV2,1.9843106269836426,216,I,H,F:\GENESIS Studio\genesis-studio\packages\engines-py\.pdb_cache\4XV2,A
3827,ThermoMPNN,4XV2,0.0,216,I,I,F:\GENESIS Studio\genesis-studio\packages\engines-py\.pdb_cache\4XV2,A
3828,ThermoMPNN,4XV2,2.095827341079712,216,I,K,F:\GENESIS Studio\genesis-studio\packages\engines-py\.pdb_cache\4XV2,A
3829,ThermoMPNN,4XV2,0.4820793867111206,216,I,L,F:\GENESIS Studio\genesis-studio\packages\engines-py\.pdb_cache\4XV2,A
3830,ThermoMPNN,4XV2,0.9370278120040894,216,I,M,F:\GENESIS Studio\genesis-studio\packages\engines-py\.pdb_cache\4XV2,A
3831,ThermoMPNN,4XV2,2.5723748207092285,216,I,N,F:\GENESIS Studio\genesis-studio\packages\engines-py\.pdb_cache\4XV2,A
3832,ThermoMPNN,4XV2,2.635711431503296,216,I,P,F:\GENESIS Studio\genesis-studio\packages\engines-py\.pdb_cache\4XV2,A
3833,ThermoMPNN,4XV2,2.228250741958618,216,I,Q,F:\GENESIS Studio\genesis-studio\packages\engines-py\.pdb_cache\4XV2,A
3834,ThermoMPNN,4XV2,2.0313282012939453,216,I,R,F:\GENESIS Studio\genesis-studio\packages\engines-py\.pdb_cache\4XV2,A
3835,ThermoMPNN,4XV2,2.4430785179138184,216,I,S,F:\GENESIS Studio\genesis-studio\packages\engines-py\.pdb_cache\4XV2,A
3836,ThermoMPNN,4XV2,1.9514150619506836,216,I,T,F:\GENESIS Studio\genesis-studio\packages\engines-py\.pdb_cache\4XV2,A
3837,ThermoMPNN,4XV2,0.7753915786743164,216,I,V,F:\GENESIS Studio\genesis-studio\packages\engines-py\.pdb_cache\4XV2,A
3838,ThermoMPNN,4XV2,1.0636241436004639,216,I,W,F:\GENESIS Studio\genesis-studio\packages\engines-py\.pdb_cache\4XV2,A
3839,ThermoMPNN,4XV2,0.9579840898513794,216,I,Y,F:\GENESIS Studio\genesis-studio\packages\engines-py\.pdb_cache\4XV2,A
3840,ThermoMPNN,4XV2,1.0614395141601562,217,I,A,F:\GENESIS Studio\genesis-studio\packages\engines-py\.pdb_cache\4XV2,A
3841,ThermoMPNN,4XV2,0.7263998985290527,217,I,C,F:\GENESIS Studio\genesis-studio\packages\engines-py\.pdb_cache\4XV2,A
3842,ThermoMPNN,4XV2,1.9553797245025635,217,I,D,F:\GENESIS Studio\genesis-studio\packages\engines-py\.pdb_cache\4XV2,A
3843,ThermoMPNN,4XV2,1.292446255683899,217,I,E,F:\GENESIS Studio\genesis-studio\packages\engines-py\.pdb_cache\4XV2,A
3844,ThermoMPNN,4XV2,0.9578836560249329,217,I,F,F:\GENESIS Studio\genesis-studio\packages\engines-py\.pdb_cache\4XV2,A
3845,ThermoMPNN,4XV2,1.6744670867919922,217,I,G,F:\GENESIS Studio\genesis-studio\packages\engines-py\.pdb_cache\4XV2,A
3846,ThermoMPNN,4XV2,1.1872097253799438,217,I,H,F:\GENESIS Studio\genesis-studio\packages\engines-py\.pdb_cache\4XV2,A
3847,ThermoMPNN,4XV2,0.0,217,I,I,F:\GENESIS Studio\genesis-studio\packages\engines-py\.pdb_cache\4XV2,A
3848,ThermoMPNN,4XV2,0.9112670421600342,217,I,K,F:\GENESIS Studio\genesis-studio\packages\engines-py\.pdb_cache\4XV2,A
3849,ThermoMPNN,4XV2,0.3012336492538452,217,I,L,F:\GENESIS Studio\genesis-studio\packages\engines-py\.pdb_cache\4XV2,A
3850,ThermoMPNN,4XV2,0.5948166847229004,217,I,M,F:\GENESIS Studio\genesis-studio\packages\engines-py\.pdb_cache\4XV2,A
3851,ThermoMPNN,4XV2,1.6476775407791138,217,I,N,F:\GENESIS Studio\genesis-studio\packages\engines-py\.pdb_cache\4XV2,A
3852,ThermoMPNN,4XV2,2.270711898803711,217,I,P,F:\GENESIS Studio\genesis-studio\packages\engines-py\.pdb_cache\4XV2,A
3853,ThermoMPNN,4XV2,1.1124458312988281,217,I,Q,F:\GENESIS Studio\genesis-studio\packages\engines-py\.pdb_cache\4XV2,A
3854,ThermoMPNN,4XV2,0.8490466475486755,217,I,R,F:\GENESIS Studio\genesis-studio\packages\engines-py\.pdb_cache\4XV2,A
3855,ThermoMPNN,4XV2,1.3771286010742188,217,I,S,F:\GENESIS Studio\genesis-studio\packages\engines-py\.pdb_cache\4XV2,A
3856,ThermoMPNN,4XV2,1.0226166248321533,217,I,T,F:\GENESIS Studio\genesis-studio\packages\engines-py\.pdb_cache\4XV2,A
3857,ThermoMPNN,4XV2,0.42939138412475586,217,I,V,F:\GENESIS Studio\genesis-studio\packages\engines-py\.pdb_cache\4XV2,A
3858,ThermoMPNN,4XV2,0.9110754132270813,217,I,W,F:\GENESIS Studio\genesis-studio\packages\engines-py\.pdb_cache\4XV2,A
3859,ThermoMPNN,4XV2,0.9064357876777649,217,I,Y,F:\GENESIS Studio\genesis-studio\packages\engines-py\.pdb_cache\4XV2,A
3860,ThermoMPNN,4XV2,0.24138695001602173,218,E,A,F:\GENESIS Studio\genesis-studio\packages\engines-py\.pdb_cache\4XV2,A
3861,ThermoMPNN,4XV2,0.01803290843963623,218,E,C,F:\GENESIS Studio\genesis-studio\packages\engines-py\.pdb_cache\4XV2,A
3862,ThermoMPNN,4XV2,0.4926900863647461,218,E,D,F:\GENESIS Studio\genesis-studio\packages\engines-py\.pdb_cache\4XV2,A
3863,ThermoMPNN,4XV2,0.0,218,E,E,F:\GENESIS Studio\genesis-studio\packages\engines-py\.pdb_cache\4XV2,A
3864,ThermoMPNN,4XV2,0.39862918853759766,218,E,F,F:\GENESIS Studio\genesis-studio\packages\engines-py\.pdb_cache\4XV2,A
3865,ThermoMPNN,4XV2,1.0269253253936768,218,E,G,F:\GENESIS Studio\genesis-studio\packages\engines-py\.pdb_cache\4XV2,A
3866,ThermoMPNN,4XV2,0.6170892715454102,218,E,H,F:\GENESIS Studio\genesis-studio\packages\engines-py\.pdb_cache\4XV2,A
3867,ThermoMPNN,4XV2,0.34458720684051514,218,E,I,F:\GENESIS Studio\genesis-studio\packages\engines-py\.pdb_cache\4XV2,A
3868,ThermoMPNN,4XV2,0.5565667748451233,218,E,K,F:\GENESIS Studio\genesis-studio\packages\engines-py\.pdb_cache\4XV2,A
3869,ThermoMPNN,4XV2,0.23326510190963745,218,E,L,F:\GENESIS Studio\genesis-studio\packages\engines-py\.pdb_cache\4XV2,A
3870,ThermoMPNN,4XV2,0.2761409878730774,218,E,M,F:\GENESIS Studio\genesis-studio\packages\engines-py\.pdb_cache\4XV2,A
3871,ThermoMPNN,4XV2,0.700666069984436,218,E,N,F:\GENESIS Studio\genesis-studio\packages\engines-py\.pdb_cache\4XV2,A
3872,ThermoMPNN,4XV2,2.49983549118042,218,E,P,F:\GENESIS Studio\genesis-studio\packages\engines-py\.pdb_cache\4XV2,A
3873,ThermoMPNN,4XV2,0.3939727544784546,218,E,Q,F:\GENESIS Studio\genesis-studio\packages\engines-py\.pdb_cache\4XV2,A
3874,ThermoMPNN,4XV2,0.5255247354507446,218,E,R,F:\GENESIS Studio\genesis-studio\packages\engines-py\.pdb_cache\4XV2,A
3875,ThermoMPNN,4XV2,0.4559828042984009,218,E,S,F:\GENESIS Studio\genesis-studio\packages\engines-py\.pdb_cache\4XV2,A
3876,ThermoMPNN,4XV2,0.48331600427627563,218,E,T,F:\GENESIS Studio\genesis-studio\packages\engines-py\.pdb_cache\4XV2,A
3877,ThermoMPNN,4XV2,0.49337607622146606,218,E,V,F:\GENESIS Studio\genesis-studio\packages\engines-py\.pdb_cache\4XV2,A
3878,ThermoMPNN,4XV2,0.3205094337463379,218,E,W,F:\GENESIS Studio\genesis-studio\packages\engines-py\.pdb_cache\4XV2,A
3879,ThermoMPNN,4XV2,0.36966472864151,218,E,Y,F:\GENESIS Studio\genesis-studio\packages\engines-py\.pdb_cache\4XV2,A
3880,ThermoMPNN,4XV2,0.6078086495399475,219,M,A,F:\GENESIS Studio\genesis-studio\packages\engines-py\.pdb_cache\4XV2,A
3881,ThermoMPNN,4XV2,0.30064892768859863,219,M,C,F:\GENESIS Studio\genesis-studio\packages\engines-py\.pdb_cache\4XV2,A
3882,ThermoMPNN,4XV2,0.7378795146942139,219,M,D,F:\GENESIS Studio\genesis-studio\packages\engines-py\.pdb_cache\4XV2,A
3883,ThermoMPNN,4XV2,0.1481698751449585,219,M,E,F:\GENESIS Studio\genesis-studio\packages\engines-py\.pdb_cache\4XV2,A
3884,ThermoMPNN,4XV2,0.7506871223449707,219,M,F,F:\GENESIS Studio\genesis-studio\packages\engines-py\.pdb_cache\4XV2,A
3885,ThermoMPNN,4XV2,1.0013039112091064,219,M,G,F:\GENESIS Studio\genesis-studio\packages\engines-py\.pdb_cache\4XV2,A
3886,ThermoMPNN,4XV2,1.0186576843261719,219,M,H,F:\GENESIS Studio\genesis-studio\packages\engines-py\.pdb_cache\4XV2,A
3887,ThermoMPNN,4XV2,0.6851824522018433,219,M,I,F:\GENESIS Studio\genesis-studio\packages\engines-py\.pdb_cache\4XV2,A
3888,ThermoMPNN,4XV2,1.1113629341125488,219,M,K,F:\GENESIS Studio\genesis-studio\packages\engines-py\.pdb_cache\4XV2,A
3889,ThermoMPNN,4XV2,0.2003718614578247,219,M,L,F:\GENESIS Studio\genesis-studio\packages\engines-py\.pdb_cache\4XV2,A
3890,ThermoMPNN,4XV2,0.0,219,M,M,F:\GENESIS Studio\genesis-studio\packages\engines-py\.pdb_cache\4XV2,A
3891,ThermoMPNN,4XV2,1.1517114639282227,219,M,N,F:\GENESIS Studio\genesis-studio\packages\engines-py\.pdb_cache\4XV2,A
3892,ThermoMPNN,4XV2,2.2223470211029053,219,M,P,F:\GENESIS Studio\genesis-studio\packages\engines-py\.pdb_cache\4XV2,A
3893,ThermoMPNN,4XV2,0.37909364700317383,219,M,Q,F:\GENESIS Studio\genesis-studio\packages\engines-py\.pdb_cache\4XV2,A
3894,ThermoMPNN,4XV2,1.1550664901733398,219,M,R,F:\GENESIS Studio\genesis-studio\packages\engines-py\.pdb_cache\4XV2,A
3895,ThermoMPNN,4XV2,0.8043157458305359,219,M,S,F:\GENESIS Studio\genesis-studio\packages\engines-py\.pdb_cache\4XV2,A
3896,ThermoMPNN,4XV2,0.9118258953094482,219,M,T,F:\GENESIS Studio\genesis-studio\packages\engines-py\.pdb_cache\4XV2,A
3897,ThermoMPNN,4XV2,0.8815516233444214,219,M,V,F:\GENESIS Studio\genesis-studio\packages\engines-py\.pdb_cache\4XV2,A
3898,ThermoMPNN,4XV2,0.7997849583625793,219,M,W,F:\GENESIS Studio\genesis-studio\packages\engines-py\.pdb_cache\4XV2,A
3899,ThermoMPNN,4XV2,0.89850914478302,219,M,Y,F:\GENESIS Studio\genesis-studio\packages\engines-py\.pdb_cache\4XV2,A
3900,ThermoMPNN,4XV2,1.5000349283218384,220,V,A,F:\GENESIS Studio\genesis-studio\packages\engines-py\.pdb_cache\4XV2,A
3901,ThermoMPNN,4XV2,0.86823570728302,220,V,C,F:\GENESIS Studio\genesis-studio\packages\engines-py\.pdb_cache\4XV2,A
3902,ThermoMPNN,4XV2,2.3203678131103516,220,V,D,F:\GENESIS Studio\genesis-studio\packages\engines-py\.pdb_cache\4XV2,A
3903,ThermoMPNN,4XV2,1.7373528480529785,220,V,E,F:\GENESIS Studio\genesis-studio\packages\engines-py\.pdb_cache\4XV2,A
3904,ThermoMPNN,4XV2,1.1279383897781372,220,V,F,F:\GENESIS Studio\genesis-studio\packages\engines-py\.pdb_cache\4XV2,A
3905,ThermoMPNN,4XV2,2.2416069507598877,220,V,G,F:\GENESIS Studio\genesis-studio\packages\engines-py\.pdb_cache\4XV2,A
3906,ThermoMPNN,4XV2,1.6458494663238525,220,V,H,F:\GENESIS Studio\genesis-studio\packages\engines-py\.pdb_cache\4XV2,A
3907,ThermoMPNN,4XV2,0.36417388916015625,220,V,I,F:\GENESIS Studio\genesis-studio\packages\engines-py\.pdb_cache\4XV2,A
3908,ThermoMPNN,4XV2,1.2969695329666138,220,V,K,F:\GENESIS Studio\genesis-studio\packages\engines-py\.pdb_cache\4XV2,A
3909,ThermoMPNN,4XV2,0.41928744316101074,220,V,L,F:\GENESIS Studio\genesis-studio\packages\engines-py\.pdb_cache\4XV2,A
3910,ThermoMPNN,4XV2,0.8748674392700195,220,V,M,F:\GENESIS Studio\genesis-studio\packages\engines-py\.pdb_cache\4XV2,A
3911,ThermoMPNN,4XV2,1.981952428817749,220,V,N,F:\GENESIS Studio\genesis-studio\packages\engines-py\.pdb_cache\4XV2,A
3912,ThermoMPNN,4XV2,2.015062093734741,220,V,P,F:\GENESIS Studio\genesis-studio\packages\engines-py\.pdb_cache\4XV2,A
3913,ThermoMPNN,4XV2,1.4049067497253418,220,V,Q,F:\GENESIS Studio\genesis-studio\packages\engines-py\.pdb_cache\4XV2,A
3914,ThermoMPNN,4XV2,1.242125391960144,220,V,R,F:\GENESIS Studio\genesis-studio\packages\engines-py\.pdb_cache\4XV2,A
3915,ThermoMPNN,4XV2,1.8680404424667358,220,V,S,F:\GENESIS Studio\genesis-studio\packages\engines-py\.pdb_cache\4XV2,A
3916,ThermoMPNN,4XV2,1.3822417259216309,220,V,T,F:\GENESIS Studio\genesis-studio\packages\engines-py\.pdb_cache\4XV2,A
3917,ThermoMPNN,4XV2,0.0,220,V,V,F:\GENESIS Studio\genesis-studio\packages\engines-py\.pdb_cache\4XV2,A
3918,ThermoMPNN,4XV2,0.8479505777359009,220,V,W,F:\GENESIS Studio\genesis-studio\packages\engines-py\.pdb_cache\4XV2,A
3919,ThermoMPNN,4XV2,1.1459406614303589,220,V,Y,F:\GENESIS Studio\genesis-studio\packages\engines-py\.pdb_cache\4XV2,A
3920,ThermoMPNN,4XV2,0.07188767194747925,221,G,A,F:\GENESIS Studio\genesis-studio\packages\engines-py\.pdb_cache\4XV2,A
3921,ThermoMPNN,4XV2,-0.3463636040687561,221,G,C,F:\GENESIS Studio\genesis-studio\packages\engines-py\.pdb_cache\4XV2,A
3922,ThermoMPNN,4XV2,1.4878385066986084,221,G,D,F:\GENESIS Studio\genesis-studio\packages\engines-py\.pdb_cache\4XV2,A
3923,ThermoMPNN,4XV2,1.1650570631027222,221,G,E,F:\GENESIS Studio\genesis-studio\packages\engines-py\.pdb_cache\4XV2,A
3924,ThermoMPNN,4XV2,-0.15826767683029175,221,G,F,F:\GENESIS Studio\genesis-studio\packages\engines-py\.pdb_cache\4XV2,A
3925,ThermoMPNN,4XV2,0.0,221,G,G,F:\GENESIS Studio\genesis-studio\packages\engines-py\.pdb_cache\4XV2,A
3926,ThermoMPNN,4XV2,0.7345067262649536,221,G,H,F:\GENESIS Studio\genesis-studio\packages\engines-py\.pdb_cache\4XV2,A
3927,ThermoMPNN,4XV2,-0.43313056230545044,221,G,I,F:\GENESIS Studio\genesis-studio\packages\engines-py\.pdb_cache\4XV2,A
3928,ThermoMPNN,4XV2,0.6084489226341248,221,G,K,F:\GENESIS Studio\genesis-studio\packages\engines-py\.pdb_cache\4XV2,A
3929,ThermoMPNN,4XV2,-0.07919925451278687,221,G,L,F:\GENESIS Studio\genesis-studio\packages\engines-py\.pdb_cache\4XV2,A
3930,ThermoMPNN,4XV2,-0.0677030086517334,221,G,M,F:\GENESIS Studio\genesis-studio\packages\engines-py\.pdb_cache\4XV2,A
3931,ThermoMPNN,4XV2,1.0501601696014404,221,G,N,F:\GENESIS Studio\genesis-studio\packages\engines-py\.pdb_cache\4XV2,A
3932,ThermoMPNN,4XV2,1.526769757270813,221,G,P,F:\GENESIS Studio\genesis-studio\packages\engines-py\.pdb_cache\4XV2,A
3933,ThermoMPNN,4XV2,0.6046891212463379,221,G,Q,F:\GENESIS Studio\genesis-studio\packages\engines-py\.pdb_cache\4XV2,A
3934,ThermoMPNN,4XV2,0.4960139989852905,221,G,R,F:\GENESIS Studio\genesis-studio\packages\engines-py\.pdb_cache\4XV2,A
3935,ThermoMPNN,4XV2,-0.12257051467895508,221,G,S,F:\GENESIS Studio\genesis-studio\packages\engines-py\.pdb_cache\4XV2,A
3936,ThermoMPNN,4XV2,-0.2038145661354065,221,G,T,F:\GENESIS Studio\genesis-studio\packages\engines-py\.pdb_cache\4XV2,A
3937,ThermoMPNN,4XV2,-0.32169824838638306,221,G,V,F:\GENESIS Studio\genesis-studio\packages\engines-py\.pdb_cache\4XV2,A
3938,ThermoMPNN,4XV2,-0.140591561794281,221,G,W,F:\GENESIS Studio\genesis-studio\packages\engines-py\.pdb_cache\4XV2,A
3939,ThermoMPNN,4XV2,0.11929243803024292,221,G,Y,F:\GENESIS Studio\genesis-studio\packages\engines-py\.pdb_cache\4XV2,A
3940,ThermoMPNN,4XV2,0.3283122777938843,222,R,A,F:\GENESIS Studio\genesis-studio\packages\engines-py\.pdb_cache\4XV2,A
3941,ThermoMPNN,4XV2,0.3982827067375183,222,R,C,F:\GENESIS Studio\genesis-studio\packages\engines-py\.pdb_cache\4XV2,A
3942,ThermoMPNN,4XV2,0.8231414556503296,222,R,D,F:\GENESIS Studio\genesis-studio\packages\engines-py\.pdb_cache\4XV2,A
3943,ThermoMPNN,4XV2,0.8722981810569763,222,R,E,F:\GENESIS Studio\genesis-studio\packages\engines-py\.pdb_cache\4XV2,A
3944,ThermoMPNN,4XV2,0.8445307016372681,222,R,F,F:\GENESIS Studio\genesis-studio\packages\engines-py\.pdb_cache\4XV2,A
3945,ThermoMPNN,4XV2,0.8400089740753174,222,R,G,F:\GENESIS Studio\genesis-studio\packages\engines-py\.pdb_cache\4XV2,A
3946,ThermoMPNN,4XV2,0.5515897870063782,222,R,H,F:\GENESIS Studio\genesis-studio\packages\engines-py\.pdb_cache\4XV2,A
3947,ThermoMPNN,4XV2,0.5737281441688538,222,R,I,F:\GENESIS Studio\genesis-studio\packages\engines-py\.pdb_cache\4XV2,A
3948,ThermoMPNN,4XV2,0.22845745086669922,222,R,K,F:\GENESIS Studio\genesis-studio\packages\engines-py\.pdb_cache\4XV2,A
3949,ThermoMPNN,4XV2,0.5732828378677368,222,R,L,F:\GENESIS Studio\genesis-studio\packages\engines-py\.pdb_cache\4XV2,A
3950,ThermoMPNN,4XV2,0.46082693338394165,222,R,M,F:\GENESIS Studio\genesis-studio\packages\engines-py\.pdb_cache\4XV2,A
3951,ThermoMPNN,4XV2,0.23252332210540771,222,R,N,F:\GENESIS Studio\genesis-studio\packages\engines-py\.pdb_cache\4XV2,A
3952,ThermoMPNN,4XV2,2.2887308597564697,222,R,P,F:\GENESIS Studio\genesis-studio\packages\engines-py\.pdb_cache\4XV2,A
3953,ThermoMPNN,4XV2,0.5231877565383911,222,R,Q,F:\GENESIS Studio\genesis-studio\packages\engines-py\.pdb_cache\4XV2,A
3954,ThermoMPNN,4XV2,0.0,222,R,R,F:\GENESIS Studio\genesis-studio\packages\engines-py\.pdb_cache\4XV2,A
3955,ThermoMPNN,4XV2,0.08750522136688232,222,R,S,F:\GENESIS Studio\genesis-studio\packages\engines-py\.pdb_cache\4XV2,A
3956,ThermoMPNN,4XV2,0.45871931314468384,222,R,T,F:\GENESIS Studio\genesis-studio\packages\engines-py\.pdb_cache\4XV2,A
3957,ThermoMPNN,4XV2,0.6705583333969116,222,R,V,F:\GENESIS Studio\genesis-studio\packages\engines-py\.pdb_cache\4XV2,A
3958,ThermoMPNN,4XV2,0.9050790071487427,222,R,W,F:\GENESIS Studio\genesis-studio\packages\engines-py\.pdb_cache\4XV2,A
3959,ThermoMPNN,4XV2,0.8536141514778137,222,R,Y,F:\GENESIS Studio\genesis-studio\packages\engines-py\.pdb_cache\4XV2,A
3960,ThermoMPNN,4XV2,1.646105170249939,223,G,A,F:\GENESIS Studio\genesis-studio\packages\engines-py\.pdb_cache\4XV2,A
3961,ThermoMPNN,4XV2,0.8070622682571411,223,G,C,F:\GENESIS Studio\genesis-studio\packages\engines-py\.pdb_cache\4XV2,A
3962,ThermoMPNN,4XV2,1.0660648345947266,223,G,D,F:\GENESIS Studio\genesis-studio\packages\engines-py\.pdb_cache\4XV2,A
3963,ThermoMPNN,4XV2,1.6465418338775635,223,G,E,F:\GENESIS Studio\genesis-studio\packages\engines-py\.pdb_cache\4XV2,A
3964,ThermoMPNN,4XV2,1.374950885772705,223,G,F,F:\GENESIS Studio\genesis-studio\packages\engines-py\.pdb_cache\4XV2,A
3965,ThermoMPNN,4XV2,0.0,223,G,G,F:\GENESIS Studio\genesis-studio\packages\engines-py\.pdb_cache\4XV2,A
3966,ThermoMPNN,4XV2,1.4044934511184692,223,G,H,F:\GENESIS Studio\genesis-studio\packages\engines-py\.pdb_cache\4XV2,A
3967,ThermoMPNN,4XV2,2.2588613033294678,223,G,I,F:\GENESIS Studio\genesis-studio\packages\engines-py\.pdb_cache\4XV2,A
3968,ThermoMPNN,4XV2,1.917494535446167,223,G,K,F:\GENESIS Studio\genesis-studio\packages\engines-py\.pdb_cache\4XV2,A
3969,ThermoMPNN,4XV2,1.9802922010421753,223,G,L,F:\GENESIS Studio\genesis-studio\packages\engines-py\.pdb_cache\4XV2,A
3970,ThermoMPNN,4XV2,1.7105169296264648,223,G,M,F:\GENESIS Studio\genesis-studio\packages\engines-py\.pdb_cache\4XV2,A
3971,ThermoMPNN,4XV2,1.1885875463485718,223,G,N,F:\GENESIS Studio\genesis-studio\packages\engines-py\.pdb_cache\4XV2,A
3972,ThermoMPNN,4XV2,2.3764052391052246,223,G,P,F:\GENESIS Studio\genesis-studio\packages\engines-py\.pdb_cache\4XV2,A
3973,ThermoMPNN,4XV2,1.7626008987426758,223,G,Q,F:\GENESIS Studio\genesis-studio\packages\engines-py\.pdb_cache\4XV2,A
3974,ThermoMPNN,4XV2,1.9043645858764648,223,G,R,F:\GENESIS Studio\genesis-studio\packages\engines-py\.pdb_cache\4XV2,A
3975,ThermoMPNN,4XV2,1.4745049476623535,223,G,S,F:\GENESIS Studio\genesis-studio\packages\engines-py\.pdb_cache\4XV2,A
3976,ThermoMPNN,4XV2,1.9468331336975098,223,G,T,F:\GENESIS Studio\genesis-studio\packages\engines-py\.pdb_cache\4XV2,A
3977,ThermoMPNN,4XV2,2.3867459297180176,223,G,V,F:\GENESIS Studio\genesis-studio\packages\engines-py\.pdb_cache\4XV2,A
3978,ThermoMPNN,4XV2,1.5117847919464111,223,G,W,F:\GENESIS Studio\genesis-studio\packages\engines-py\.pdb_cache\4XV2,A
3979,ThermoMPNN,4XV2,1.454758882522583,223,G,Y,F:\GENESIS Studio\genesis-studio\packages\engines-py\.pdb_cache\4XV2,A
3980,ThermoMPNN,4XV2,-0.09677207469940186,224,S,A,F:\GENESIS Studio\genesis-studio\packages\engines-py\.pdb_cache\4XV2,A
3981,ThermoMPNN,4XV2,-0.419059157371521,224,S,C,F:\GENESIS Studio\genesis-studio\packages\engines-py\.pdb_cache\4XV2,A
3982,ThermoMPNN,4XV2,-0.1618328094482422,224,S,D,F:\GENESIS Studio\genesis-studio\packages\engines-py\.pdb_cache\4XV2,A
3983,ThermoMPNN,4XV2,-0.5022176504135132,224,S,E,F:\GENESIS Studio\genesis-studio\packages\engines-py\.pdb_cache\4XV2,A
3984,ThermoMPNN,4XV2,-0.07653331756591797,224,S,F,F:\GENESIS Studio\genesis-studio\packages\engines-py\.pdb_cache\4XV2,A
3985,ThermoMPNN,4XV2,0.5440228581428528,224,S,G,F:\GENESIS Studio\genesis-studio\packages\engines-py\.pdb_cache\4XV2,A
3986,ThermoMPNN,4XV2,0.06916558742523193,224,S,H,F:\GENESIS Studio\genesis-studio\packages\engines-py\.pdb_cache\4XV2,A
3987,ThermoMPNN,4XV2,-0.0961962342262268,224,S,I,F:\GENESIS Studio\genesis-studio\packages\engines-py\.pdb_cache\4XV2,A
3988,ThermoMPNN,4XV2,0.2455516755580902,224,S,K,F:\GENESIS Studio\genesis-studio\packages\engines-py\.pdb_cache\4XV2,A
3989,ThermoMPNN,4XV2,-0.17474442720413208,224,S,L,F:\GENESIS Studio\genesis-studio\packages\engines-py\.pdb_cache\4XV2,A
3990,ThermoMPNN,4XV2,-0.1870201826095581,224,S,M,F:\GENESIS Studio\genesis-studio\packages\engines-py\.pdb_cache\4XV2,A
3991,ThermoMPNN,4XV2,0.14296913146972656,224,S,N,F:\GENESIS Studio\genesis-studio\packages\engines-py\.pdb_cache\4XV2,A
3992,ThermoMPNN,4XV2,2.1559314727783203,224,S,P,F:\GENESIS Studio\genesis-studio\packages\engines-py\.pdb_cache\4XV2,A
3993,ThermoMPNN,4XV2,-0.12398892641067505,224,S,Q,F:\GENESIS Studio\genesis-studio\packages\engines-py\.pdb_cache\4XV2,A
3994,ThermoMPNN,4XV2,0.18098688125610352,224,S,R,F:\GENESIS Studio\genesis-studio\packages\engines-py\.pdb_cache\4XV2,A
3995,ThermoMPNN,4XV2,0.0,224,S,S,F:\GENESIS Studio\genesis-studio\packages\engines-py\.pdb_cache\4XV2,A
3996,ThermoMPNN,4XV2,-0.05808305740356445,224,S,T,F:\GENESIS Studio\genesis-studio\packages\engines-py\.pdb_cache\4XV2,A
3997,ThermoMPNN,4XV2,0.03864908218383789,224,S,V,F:\GENESIS Studio\genesis-studio\packages\engines-py\.pdb_cache\4XV2,A
3998,ThermoMPNN,4XV2,-0.08162426948547363,224,S,W,F:\GENESIS Studio\genesis-studio\packages\engines-py\.pdb_cache\4XV2,A
3999,ThermoMPNN,4XV2,-0.10462003946304321,224,S,Y,F:\GENESIS Studio\genesis-studio\packages\engines-py\.pdb_cache\4XV2,A
4000,ThermoMPNN,4XV2,1.2521859407424927,225,L,A,F:\GENESIS Studio\genesis-studio\packages\engines-py\.pdb_cache\4XV2,A
4001,ThermoMPNN,4XV2,0.8730967044830322,225,L,C,F:\GENESIS Studio\genesis-studio\packages\engines-py\.pdb_cache\4XV2,A
4002,ThermoMPNN,4XV2,2.107358455657959,225,L,D,F:\GENESIS Studio\genesis-studio\packages\engines-py\.pdb_cache\4XV2,A
4003,ThermoMPNN,4XV2,1.5608601570129395,225,L,E,F:\GENESIS Studio\genesis-studio\packages\engines-py\.pdb_cache\4XV2,A
4004,ThermoMPNN,4XV2,0.8126085996627808,225,L,F,F:\GENESIS Studio\genesis-studio\packages\engines-py\.pdb_cache\4XV2,A
4005,ThermoMPNN,4XV2,1.88698148727417,225,L,G,F:\GENESIS Studio\genesis-studio\packages\engines-py\.pdb_cache\4XV2,A
4006,ThermoMPNN,4XV2,1.6377284526824951,225,L,H,F:\GENESIS Studio\genesis-studio\packages\engines-py\.pdb_cache\4XV2,A
4007,ThermoMPNN,4XV2,0.5117050409317017,225,L,I,F:\GENESIS Studio\genesis-studio\packages\engines-py\.pdb_cache\4XV2,A
4008,ThermoMPNN,4XV2,1.9331358671188354,225,L,K,F:\GENESIS Studio\genesis-studio\packages\engines-py\.pdb_cache\4XV2,A
4009,ThermoMPNN,4XV2,0.0,225,L,L,F:\GENESIS Studio\genesis-studio\packages\engines-py\.pdb_cache\4XV2,A
4010,ThermoMPNN,4XV2,0.3834860324859619,225,L,M,F:\GENESIS Studio\genesis-studio\packages\engines-py\.pdb_cache\4XV2,A
4011,ThermoMPNN,4XV2,2.022951364517212,225,L,N,F:\GENESIS Studio\genesis-studio\packages\engines-py\.pdb_cache\4XV2,A
4012,ThermoMPNN,4XV2,2.4520881175994873,225,L,P,F:\GENESIS Studio\genesis-studio\packages\engines-py\.pdb_cache\4XV2,A
4013,ThermoMPNN,4XV2,1.7417469024658203,225,L,Q,F:\GENESIS Studio\genesis-studio\packages\engines-py\.pdb_cache\4XV2,A
4014,ThermoMPNN,4XV2,1.8693281412124634,225,L,R,F:\GENESIS Studio\genesis-studio\packages\engines-py\.pdb_cache\4XV2,A
4015,ThermoMPNN,4XV2,1.7614322900772095,225,L,S,F:\GENESIS Studio\genesis-studio\packages\engines-py\.pdb_cache\4XV2,A
4016,ThermoMPNN,4XV2,1.660760760307312,225,L,T,F:\GENESIS Studio\genesis-studio\packages\engines-py\.pdb_cache\4XV2,A
4017,ThermoMPNN,4XV2,1.1279940605163574,225,L,V,F:\GENESIS Studio\genesis-studio\packages\engines-py\.pdb_cache\4XV2,A
4018,ThermoMPNN,4XV2,0.9496877193450928,225,L,W,F:\GENESIS Studio\genesis-studio\packages\engines-py\.pdb_cache\4XV2,A
4019,ThermoMPNN,4XV2,0.9135609865188599,225,L,Y,F:\GENESIS Studio\genesis-studio\packages\engines-py\.pdb_cache\4XV2,A
4020,ThermoMPNN,4XV2,-0.034118831157684326,226,S,A,F:\GENESIS Studio\genesis-studio\packages\engines-py\.pdb_cache\4XV2,A
4021,ThermoMPNN,4XV2,-0.0795791745185852,226,S,C,F:\GENESIS Studio\genesis-studio\packages\engines-py\.pdb_cache\4XV2,A
4022,ThermoMPNN,4XV2,0.7341394424438477,226,S,D,F:\GENESIS Studio\genesis-studio\packages\engines-py\.pdb_cache\4XV2,A
4023,ThermoMPNN,4XV2,0.1333308219909668,226,S,E,F:\GENESIS Studio\genesis-studio\packages\engines-py\.pdb_cache\4XV2,A
4024,ThermoMPNN,4XV2,0.1449776291847229,226,S,F,F:\GENESIS Studio\genesis-studio\packages\engines-py\.pdb_cache\4XV2,A
4025,ThermoMPNN,4XV2,0.4075242877006531,226,S,G,F:\GENESIS Studio\genesis-studio\packages\engines-py\.pdb_cache\4XV2,A
4026,ThermoMPNN,4XV2,0.3145848512649536,226,S,H,F:\GENESIS Studio\genesis-studio\packages\engines-py\.pdb_cache\4XV2,A
4027,ThermoMPNN,4XV2,0.18792510032653809,226,S,I,F:\GENESIS Studio\genesis-studio\packages\engines-py\.pdb_cache\4XV2,A
4028,ThermoMPNN,4XV2,0.2703421115875244,226,S,K,F:\GENESIS Studio\genesis-studio\packages\engines-py\.pdb_cache\4XV2,A
4029,ThermoMPNN,4XV2,0.2730886936187744,226,S,L,F:\GENESIS Studio\genesis-studio\packages\engines-py\.pdb_cache\4XV2,A
4030,ThermoMPNN,4XV2,0.02918696403503418,226,S,M,F:\GENESIS Studio\genesis-studio\packages\engines-py\.pdb_cache\4XV2,A
4031,ThermoMPNN,4XV2,0.6208972930908203,226,S,N,F:\GENESIS Studio\genesis-studio\packages\engines-py\.pdb_cache\4XV2,A
4032,ThermoMPNN,4XV2,1.2835183143615723,226,S,P,F:\GENESIS Studio\genesis-studio\packages\engines-py\.pdb_cache\4XV2,A
4033,ThermoMPNN,4XV2,0.15390044450759888,226,S,Q,F:\GENESIS Studio\genesis-studio\packages\engines-py\.pdb_cache\4XV2,A
4034,ThermoMPNN,4XV2,0.20734131336212158,226,S,R,F:\GENESIS Studio\genesis-studio\packages\engines-py\.pdb_cache\4XV2,A
4035,ThermoMPNN,4XV2,0.0,226,S,S,F:\GENESIS Studio\genesis-studio\packages\engines-py\.pdb_cache\4XV2,A
4036,ThermoMPNN,4XV2,0.16054755449295044,226,S,T,F:\GENESIS Studio\genesis-studio\packages\engines-py\.pdb_cache\4XV2,A
4037,ThermoMPNN,4XV2,0.22512125968933105,226,S,V,F:\GENESIS Studio\genesis-studio\packages\engines-py\.pdb_cache\4XV2,A
4038,ThermoMPNN,4XV2,0.18851560354232788,226,S,W,F:\GENESIS Studio\genesis-studio\packages\engines-py\.pdb_cache\4XV2,A
4039,ThermoMPNN,4XV2,0.2704159617424011,226,S,Y,F:\GENESIS Studio\genesis-studio\packages\engines-py\.pdb_cache\4XV2,A
4040,ThermoMPNN,4XV2,0.16283994913101196,227,P,A,F:\GENESIS Studio\genesis-studio\packages\engines-py\.pdb_cache\4XV2,A
4041,ThermoMPNN,4XV2,-0.03208303451538086,227,P,C,F:\GENESIS Studio\genesis-studio\packages\engines-py\.pdb_cache\4XV2,A
4042,ThermoMPNN,4XV2,1.3842928409576416,227,P,D,F:\GENESIS Studio\genesis-studio\packages\engines-py\.pdb_cache\4XV2,A
4043,ThermoMPNN,4XV2,1.100426435470581,227,P,E,F:\GENESIS Studio\genesis-studio\packages\engines-py\.pdb_cache\4XV2,A
4044,ThermoMPNN,4XV2,0.01137697696685791,227,P,F,F:\GENESIS Studio\genesis-studio\packages\engines-py\.pdb_cache\4XV2,A
4045,ThermoMPNN,4XV2,0.8226723074913025,227,P,G,F:\GENESIS Studio\genesis-studio\packages\engines-py\.pdb_cache\4XV2,A
4046,ThermoMPNN,4XV2,1.2344716787338257,227,P,H,F:\GENESIS Studio\genesis-studio\packages\engines-py\.pdb_cache\4XV2,A
4047,ThermoMPNN,4XV2,0.00284576416015625,227,P,I,F:\GENESIS Studio\genesis-studio\packages\engines-py\.pdb_cache\4XV2,A
4048,ThermoMPNN,4XV2,1.3332273960113525,227,P,K,F:\GENESIS Studio\genesis-studio\packages\engines-py\.pdb_cache\4XV2,A
4049,ThermoMPNN,4XV2,0.1536029577255249,227,P,L,F:\GENESIS Studio\genesis-studio\packages\engines-py\.pdb_cache\4XV2,A
4050,ThermoMPNN,4XV2,0.24107587337493896,227,P,M,F:\GENESIS Studio\genesis-studio\packages\engines-py\.pdb_cache\4XV2,A
4051,ThermoMPNN,4XV2,1.3618865013122559,227,P,N,F:\GENESIS Studio\genesis-studio\packages\engines-py\.pdb_cache\4XV2,A
4052,ThermoMPNN,4XV2,0.0,227,P,P,F:\GENESIS Studio\genesis-studio\packages\engines-py\.pdb_cache\4XV2,A
4053,ThermoMPNN,4XV2,1.2853071689605713,227,P,Q,F:\GENESIS Studio\genesis-studio\packages\engines-py\.pdb_cache\4XV2,A
4054,ThermoMPNN,4XV2,1.3852550983428955,227,P,R,F:\GENESIS Studio\genesis-studio\packages\engines-py\.pdb_cache\4XV2,A
4055,ThermoMPNN,4XV2,0.8936198353767395,227,P,S,F:\GENESIS Studio\genesis-studio\packages\engines-py\.pdb_cache\4XV2,A
4056,ThermoMPNN,4XV2,0.7943481206893921,227,P,T,F:\GENESIS Studio\genesis-studio\packages\engines-py\.pdb_cache\4XV2,A
4057,ThermoMPNN,4XV2,0.0010815858840942383,227,P,V,F:\GENESIS Studio\genesis-studio\packages\engines-py\.pdb_cache\4XV2,A
4058,ThermoMPNN,4XV2,0.19936871528625488,227,P,W,F:\GENESIS Studio\genesis-studio\packages\engines-py\.pdb_cache\4XV2,A
4059,ThermoMPNN,4XV2,0.37305837869644165,227,P,Y,F:\GENESIS Studio\genesis-studio\packages\engines-py\.pdb_cache\4XV2,A
4060,ThermoMPNN,4XV2,1.191020131111145,228,D,A,F:\GENESIS Studio\genesis-studio\packages\engines-py\.pdb_cache\4XV2,A
4061,ThermoMPNN,4XV2,0.825989842414856,228,D,C,F:\GENESIS Studio\genesis-studio\packages\engines-py\.pdb_cache\4XV2,A
4062,ThermoMPNN,4XV2,0.0,228,D,D,F:\GENESIS Studio\genesis-studio\packages\engines-py\.pdb_cache\4XV2,A
4063,ThermoMPNN,4XV2,0.8392106890678406,228,D,E,F:\GENESIS Studio\genesis-studio\packages\engines-py\.pdb_cache\4XV2,A
4064,ThermoMPNN,4XV2,1.3891311883926392,228,D,F,F:\GENESIS Studio\genesis-studio\packages\engines-py\.pdb_cache\4XV2,A
4065,ThermoMPNN,4XV2,1.6014792919158936,228,D,G,F:\GENESIS Studio\genesis-studio\packages\engines-py\.pdb_cache\4XV2,A
4066,ThermoMPNN,4XV2,1.1668411493301392,228,D,H,F:\GENESIS Studio\genesis-studio\packages\engines-py\.pdb_cache\4XV2,A
4067,ThermoMPNN,4XV2,1.3374074697494507,228,D,I,F:\GENESIS Studio\genesis-studio\packages\engines-py\.pdb_cache\4XV2,A
4068,ThermoMPNN,4XV2,1.6215293407440186,228,D,K,F:\GENESIS Studio\genesis-studio\packages\engines-py\.pdb_cache\4XV2,A
4069,ThermoMPNN,4XV2,1.2856109142303467,228,D,L,F:\GENESIS Studio\genesis-studio\packages\engines-py\.pdb_cache\4XV2,A
4070,ThermoMPNN,4XV2,1.444376826286316,228,D,M,F:\GENESIS Studio\genesis-studio\packages\engines-py\.pdb_cache\4XV2,A
4071,ThermoMPNN,4XV2,0.8355411291122437,228,D,N,F:\GENESIS Studio\genesis-studio\packages\engines-py\.pdb_cache\4XV2,A
4072,ThermoMPNN,4XV2,1.2349331378936768,228,D,P,F:\GENESIS Studio\genesis-studio\packages\engines-py\.pdb_cache\4XV2,A
4073,ThermoMPNN,4XV2,1.3004710674285889,228,D,Q,F:\GENESIS Studio\genesis-studio\packages\engines-py\.pdb_cache\4XV2,A
4074,ThermoMPNN,4XV2,1.6279950141906738,228,D,R,F:\GENESIS Studio\genesis-studio\packages\engines-py\.pdb_cache\4XV2,A
4075,ThermoMPNN,4XV2,0.9788881540298462,228,D,S,F:\GENESIS Studio\genesis-studio\packages\engines-py\.pdb_cache\4XV2,A
4076,ThermoMPNN,4XV2,1.3569177389144897,228,D,T,F:\GENESIS Studio\genesis-studio\packages\engines-py\.pdb_cache\4XV2,A
4077,ThermoMPNN,4XV2,1.3657673597335815,228,D,V,F:\GENESIS Studio\genesis-studio\packages\engines-py\.pdb_cache\4XV2,A
4078,ThermoMPNN,4XV2,1.1947557926177979,228,D,W,F:\GENESIS Studio\genesis-studio\packages\engines-py\.pdb_cache\4XV2,A
4079,ThermoMPNN,4XV2,1.4049038887023926,228,D,Y,F:\GENESIS Studio\genesis-studio\packages\engines-py\.pdb_cache\4XV2,A
4080,ThermoMPNN,4XV2,1.6095267534255981,229,L,A,F:\GENESIS Studio\genesis-studio\packages\engines-py\.pdb_cache\4XV2,A
4081,ThermoMPNN,4XV2,0.8361258506774902,229,L,C,F:\GENESIS Studio\genesis-studio\packages\engines-py\.pdb_cache\4XV2,A
4082,ThermoMPNN,4XV2,2.088956594467163,229,L,D,F:\GENESIS Studio\genesis-studio\packages\engines-py\.pdb_cache\4XV2,A
4083,ThermoMPNN,4XV2,1.8629941940307617,229,L,E,F:\GENESIS Studio\genesis-studio\packages\engines-py\.pdb_cache\4XV2,A
4084,ThermoMPNN,4XV2,0.736714243888855,229,L,F,F:\GENESIS Studio\genesis-studio\packages\engines-py\.pdb_cache\4XV2,A
4085,ThermoMPNN,4XV2,2.116337776184082,229,L,G,F:\GENESIS Studio\genesis-studio\packages\engines-py\.pdb_cache\4XV2,A
4086,ThermoMPNN,4XV2,1.8520628213882446,229,L,H,F:\GENESIS Studio\genesis-studio\packages\engines-py\.pdb_cache\4XV2,A
4087,ThermoMPNN,4XV2,0.49179863929748535,229,L,I,F:\GENESIS Studio\genesis-studio\packages\engines-py\.pdb_cache\4XV2,A
4088,ThermoMPNN,4XV2,1.8831603527069092,229,L,K,F:\GENESIS Studio\genesis-studio\packages\engines-py\.pdb_cache\4XV2,A
4089,ThermoMPNN,4XV2,0.0,229,L,L,F:\GENESIS Studio\genesis-studio\packages\engines-py\.pdb_cache\4XV2,A
4090,ThermoMPNN,4XV2,0.5084390640258789,229,L,M,F:\GENESIS Studio\genesis-studio\packages\engines-py\.pdb_cache\4XV2,A
4091,ThermoMPNN,4XV2,2.056919574737549,229,L,N,F:\GENESIS Studio\genesis-studio\packages\engines-py\.pdb_cache\4XV2,A
4092,ThermoMPNN,4XV2,1.7150852680206299,229,L,P,F:\GENESIS Studio\genesis-studio\packages\engines-py\.pdb_cache\4XV2,A
4093,ThermoMPNN,4XV2,1.7699921131134033,229,L,Q,F:\GENESIS Studio\genesis-studio\packages\engines-py\.pdb_cache\4XV2,A
4094,ThermoMPNN,4XV2,1.9725990295410156,229,L,R,F:\GENESIS Studio\genesis-studio\packages\engines-py\.pdb_cache\4XV2,A
4095,ThermoMPNN,4XV2,1.798049807548523,229,L,S,F:\GENESIS Studio\genesis-studio\packages\engines-py\.pdb_cache\4XV2,A
4096,ThermoMPNN,4XV2,1.5101885795593262,229,L,T,F:\GENESIS Studio\genesis-studio\packages\engines-py\.pdb_cache\4XV2,A
4097,ThermoMPNN,4XV2,0.8143107891082764,229,L,V,F:\GENESIS Studio\genesis-studio\packages\engines-py\.pdb_cache\4XV2,A
4098,ThermoMPNN,4XV2,0.9344095587730408,229,L,W,F:\GENESIS Studio\genesis-studio\packages\engines-py\.pdb_cache\4XV2,A
4099,ThermoMPNN,4XV2,1.2610234022140503,229,L,Y,F:\GENESIS Studio\genesis-studio\packages\engines-py\.pdb_cache\4XV2,A
4100,ThermoMPNN,4XV2,0.511306881904602,230,S,A,F:\GENESIS Studio\genesis-studio\packages\engines-py\.pdb_cache\4XV2,A
4101,ThermoMPNN,4XV2,0.5683528780937195,230,S,C,F:\GENESIS Studio\genesis-studio\packages\engines-py\.pdb_cache\4XV2,A
4102,ThermoMPNN,4XV2,0.7607287764549255,230,S,D,F:\GENESIS Studio\genesis-studio\packages\engines-py\.pdb_cache\4XV2,A
4103,ThermoMPNN,4XV2,0.779185950756073,230,S,E,F:\GENESIS Studio\genesis-studio\packages\engines-py\.pdb_cache\4XV2,A
4104,ThermoMPNN,4XV2,1.1503801345825195,230,S,F,F:\GENESIS Studio\genesis-studio\packages\engines-py\.pdb_cache\4XV2,A
4105,ThermoMPNN,4XV2,0.7073469161987305,230,S,G,F:\GENESIS Studio\genesis-studio\packages\engines-py\.pdb_cache\4XV2,A
4106,ThermoMPNN,4XV2,0.9416412115097046,230,S,H,F:\GENESIS Studio\genesis-studio\packages\engines-py\.pdb_cache\4XV2,A
4107,ThermoMPNN,4XV2,1.0875364542007446,230,S,I,F:\GENESIS Studio\genesis-studio\packages\engines-py\.pdb_cache\4XV2,A
4108,ThermoMPNN,4XV2,0.8158971071243286,230,S,K,F:\GENESIS Studio\genesis-studio\packages\engines-py\.pdb_cache\4XV2,A
4109,ThermoMPNN,4XV2,1.109999656677246,230,S,L,F:\GENESIS Studio\genesis-studio\packages\engines-py\.pdb_cache\4XV2,A
4110,ThermoMPNN,4XV2,0.8824063539505005,230,S,M,F:\GENESIS Studio\genesis-studio\packages\engines-py\.pdb_cache\4XV2,A
4111,ThermoMPNN,4XV2,0.7027339935302734,230,S,N,F:\GENESIS Studio\genesis-studio\packages\engines-py\.pdb_cache\4XV2,A
4112,ThermoMPNN,4XV2,1.676130771636963,230,S,P,F:\GENESIS Studio\genesis-studio\packages\engines-py\.pdb_cache\4XV2,A
4113,ThermoMPNN,4XV2,0.8289679884910583,230,S,Q,F:\GENESIS Studio\genesis-studio\packages\engines-py\.pdb_cache\4XV2,A
4114,ThermoMPNN,4XV2,0.8455328345298767,230,S,R,F:\GENESIS Studio\genesis-studio\packages\engines-py\.pdb_cache\4XV2,A
4115,ThermoMPNN,4XV2,0.0,230,S,S,F:\GENESIS Studio\genesis-studio\packages\engines-py\.pdb_cache\4XV2,A
4116,ThermoMPNN,4XV2,0.3404228687286377,230,S,T,F:\GENESIS Studio\genesis-studio\packages\engines-py\.pdb_cache\4XV2,A
4117,ThermoMPNN,4XV2,1.2300803661346436,230,S,V,F:\GENESIS Studio\genesis-studio\packages\engines-py\.pdb_cache\4XV2,A
4118,ThermoMPNN,4XV2,1.1568992137908936,230,S,W,F:\GENESIS Studio\genesis-studio\packages\engines-py\.pdb_cache\4XV2,A
4119,ThermoMPNN,4XV2,1.305834174156189,230,S,Y,F:\GENESIS Studio\genesis-studio\packages\engines-py\.pdb_cache\4XV2,A
4120,ThermoMPNN,4XV2,0.5213184356689453,231,K,A,F:\GENESIS Studio\genesis-studio\packages\engines-py\.pdb_cache\4XV2,A
4121,ThermoMPNN,4XV2,0.3172283172607422,231,K,C,F:\GENESIS Studio\genesis-studio\packages\engines-py\.pdb_cache\4XV2,A
4122,ThermoMPNN,4XV2,1.3889098167419434,231,K,D,F:\GENESIS Studio\genesis-studio\packages\engines-py\.pdb_cache\4XV2,A
4123,ThermoMPNN,4XV2,0.7937585115432739,231,K,E,F:\GENESIS Studio\genesis-studio\packages\engines-py\.pdb_cache\4XV2,A
4124,ThermoMPNN,4XV2,0.7691724300384521,231,K,F,F:\GENESIS Studio\genesis-studio\packages\engines-py\.pdb_cache\4XV2,A
4125,ThermoMPNN,4XV2,1.1453899145126343,231,K,G,F:\GENESIS Studio\genesis-studio\packages\engines-py\.pdb_cache\4XV2,A
4126,ThermoMPNN,4XV2,0.7269071340560913,231,K,H,F:\GENESIS Studio\genesis-studio\packages\engines-py\.pdb_cache\4XV2,A
4127,ThermoMPNN,4XV2,0.47557079792022705,231,K,I,F:\GENESIS Studio\genesis-studio\packages\engines-py\.pdb_cache\4XV2,A
4128,ThermoMPNN,4XV2,0.0,231,K,K,F:\GENESIS Studio\genesis-studio\packages\engines-py\.pdb_cache\4XV2,A
4129,ThermoMPNN,4XV2,-0.02238631248474121,231,K,L,F:\GENESIS Studio\genesis-studio\packages\engines-py\.pdb_cache\4XV2,A
4130,ThermoMPNN,4XV2,0.1765141487121582,231,K,M,F:\GENESIS Studio\genesis-studio\packages\engines-py\.pdb_cache\4XV2,A
4131,ThermoMPNN,4XV2,0.7384943962097168,231,K,N,F:\GENESIS Studio\genesis-studio\packages\engines-py\.pdb_cache\4XV2,A
4132,ThermoMPNN,4XV2,2.095824956893921,231,K,P,F:\GENESIS Studio\genesis-studio\packages\engines-py\.pdb_cache\4XV2,A
4133,ThermoMPNN,4XV2,0.2080918550491333,231,K,Q,F:\GENESIS Studio\genesis-studio\packages\engines-py\.pdb_cache\4XV2,A
4134,ThermoMPNN,4XV2,0.07219815254211426,231,K,R,F:\GENESIS Studio\genesis-studio\packages\engines-py\.pdb_cache\4XV2,A
4135,ThermoMPNN,4XV2,0.8106983304023743,231,K,S,F:\GENESIS Studio\genesis-studio\packages\engines-py\.pdb_cache\4XV2,A
4136,ThermoMPNN,4XV2,0.5952042937278748,231,K,T,F:\GENESIS Studio\genesis-studio\packages\engines-py\.pdb_cache\4XV2,A
4137,ThermoMPNN,4XV2,0.49510347843170166,231,K,V,F:\GENESIS Studio\genesis-studio\packages\engines-py\.pdb_cache\4XV2,A
4138,ThermoMPNN,4XV2,0.9671825170516968,231,K,W,F:\GENESIS Studio\genesis-studio\packages\engines-py\.pdb_cache\4XV2,A
4139,ThermoMPNN,4XV2,0.9051766395568848,231,K,Y,F:\GENESIS Studio\genesis-studio\packages\engines-py\.pdb_cache\4XV2,A
4140,ThermoMPNN,4XV2,1.167931079864502,232,V,A,F:\GENESIS Studio\genesis-studio\packages\engines-py\.pdb_cache\4XV2,A
4141,ThermoMPNN,4XV2,0.5850881338119507,232,V,C,F:\GENESIS Studio\genesis-studio\packages\engines-py\.pdb_cache\4XV2,A
4142,ThermoMPNN,4XV2,1.976041316986084,232,V,D,F:\GENESIS Studio\genesis-studio\packages\engines-py\.pdb_cache\4XV2,A
4143,ThermoMPNN,4XV2,2.0802199840545654,232,V,E,F:\GENESIS Studio\genesis-studio\packages\engines-py\.pdb_cache\4XV2,A
4144,ThermoMPNN,4XV2,1.2076106071472168,232,V,F,F:\GENESIS Studio\genesis-studio\packages\engines-py\.pdb_cache\4XV2,A
4145,ThermoMPNN,4XV2,1.6718499660491943,232,V,G,F:\GENESIS Studio\genesis-studio\packages\engines-py\.pdb_cache\4XV2,A
4146,ThermoMPNN,4XV2,2.0251102447509766,232,V,H,F:\GENESIS Studio\genesis-studio\packages\engines-py\.pdb_cache\4XV2,A
4147,ThermoMPNN,4XV2,-0.1259167194366455,232,V,I,F:\GENESIS Studio\genesis-studio\packages\engines-py\.pdb_cache\4XV2,A
4148,ThermoMPNN,4XV2,1.9391520023345947,232,V,K,F:\GENESIS Studio\genesis-studio\packages\engines-py\.pdb_cache\4XV2,A
4149,ThermoMPNN,4XV2,-0.014261722564697266,232,V,L,F:\GENESIS Studio\genesis-studio\packages\engines-py\.pdb_cache\4XV2,A
4150,ThermoMPNN,4XV2,0.7791106700897217,232,V,M,F:\GENESIS Studio\genesis-studio\packages\engines-py\.pdb_cache\4XV2,A
4151,ThermoMPNN,4XV2,1.8576469421386719,232,V,N,F:\GENESIS Studio\genesis-studio\packages\engines-py\.pdb_cache\4XV2,A
4152,ThermoMPNN,4XV2,1.7802863121032715,232,V,P,F:\GENESIS Studio\genesis-studio\packages\engines-py\.pdb_cache\4XV2,A
4153,ThermoMPNN,4XV2,1.9569616317749023,232,V,Q,F:\GENESIS Studio\genesis-studio\packages\engines-py\.pdb_cache\4XV2,A
4154,ThermoMPNN,4XV2,2.0810647010803223,232,V,R,F:\GENESIS Studio\genesis-studio\packages\engines-py\.pdb_cache\4XV2,A
4155,ThermoMPNN,4XV2,1.7338145971298218,232,V,S,F:\GENESIS Studio\genesis-studio\packages\engines-py\.pdb_cache\4XV2,A
4156,ThermoMPNN,4XV2,1.2810864448547363,232,V,T,F:\GENESIS Studio\genesis-studio\packages\engines-py\.pdb_cache\4XV2,A
4157,ThermoMPNN,4XV2,0.0,232,V,V,F:\GENESIS Studio\genesis-studio\packages\engines-py\.pdb_cache\4XV2,A
4158,ThermoMPNN,4XV2,1.467477798461914,232,V,W,F:\GENESIS Studio\genesis-studio\packages\engines-py\.pdb_cache\4XV2,A
4159,ThermoMPNN,4XV2,1.5579087734222412,232,V,Y,F:\GENESIS Studio\genesis-studio\packages\engines-py\.pdb_cache\4XV2,A
4160,ThermoMPNN,4XV2,-0.2829883098602295,233,R,A,F:\GENESIS Studio\genesis-studio\packages\engines-py\.pdb_cache\4XV2,A
4161,ThermoMPNN,4XV2,-0.1769498586654663,233,R,C,F:\GENESIS Studio\genesis-studio\packages\engines-py\.pdb_cache\4XV2,A
4162,ThermoMPNN,4XV2,0.17655956745147705,233,R,D,F:\GENESIS Studio\genesis-studio\packages\engines-py\.pdb_cache\4XV2,A
4163,ThermoMPNN,4XV2,0.2496824860572815,233,R,E,F:\GENESIS Studio\genesis-studio\packages\engines-py\.pdb_cache\4XV2,A
4164,ThermoMPNN,4XV2,0.38794848322868347,233,R,F,F:\GENESIS Studio\genesis-studio\packages\engines-py\.pdb_cache\4XV2,A
4165,ThermoMPNN,4XV2,-0.013796806335449219,233,R,G,F:\GENESIS Studio\genesis-studio\packages\engines-py\.pdb_cache\4XV2,A
4166,ThermoMPNN,4XV2,-0.01797616481781006,233,R,H,F:\GENESIS Studio\genesis-studio\packages\engines-py\.pdb_cache\4XV2,A
4167,ThermoMPNN,4XV2,0.45530080795288086,233,R,I,F:\GENESIS Studio\genesis-studio\packages\engines-py\.pdb_cache\4XV2,A
4168,ThermoMPNN,4XV2,-0.06181812286376953,233,R,K,F:\GENESIS Studio\genesis-studio\packages\engines-py\.pdb_cache\4XV2,A
4169,ThermoMPNN,4XV2,0.2889286279678345,233,R,L,F:\GENESIS Studio\genesis-studio\packages\engines-py\.pdb_cache\4XV2,A
4170,ThermoMPNN,4XV2,0.18224507570266724,233,R,M,F:\GENESIS Studio\genesis-studio\packages\engines-py\.pdb_cache\4XV2,A
4171,ThermoMPNN,4XV2,-0.16837191581726074,233,R,N,F:\GENESIS Studio\genesis-studio\packages\engines-py\.pdb_cache\4XV2,A
4172,ThermoMPNN,4XV2,0.8260607123374939,233,R,P,F:\GENESIS Studio\genesis-studio\packages\engines-py\.pdb_cache\4XV2,A
4173,ThermoMPNN,4XV2,0.011073052883148193,233,R,Q,F:\GENESIS Studio\genesis-studio\packages\engines-py\.pdb_cache\4XV2,A
4174,ThermoMPNN,4XV2,0.0,233,R,R,F:\GENESIS Studio\genesis-studio\packages\engines-py\.pdb_cache\4XV2,A
4175,ThermoMPNN,4XV2,-0.11610126495361328,233,R,S,F:\GENESIS Studio\genesis-studio\packages\engines-py\.pdb_cache\4XV2,A
4176,ThermoMPNN,4XV2,0.35837626457214355,233,R,T,F:\GENESIS Studio\genesis-studio\packages\engines-py\.pdb_cache\4XV2,A
4177,ThermoMPNN,4XV2,0.44774317741394043,233,R,V,F:\GENESIS Studio\genesis-studio\packages\engines-py\.pdb_cache\4XV2,A
4178,ThermoMPNN,4XV2,0.5831615924835205,233,R,W,F:\GENESIS Studio\genesis-studio\packages\engines-py\.pdb_cache\4XV2,A
4179,ThermoMPNN,4XV2,0.42389920353889465,233,R,Y,F:\GENESIS Studio\genesis-studio\packages\engines-py\.pdb_cache\4XV2,A
4180,ThermoMPNN,4XV2,-0.035845041275024414,234,S,A,F:\GENESIS Studio\genesis-studio\packages\engines-py\.pdb_cache\4XV2,A
4181,ThermoMPNN,4XV2,0.028174400329589844,234,S,C,F:\GENESIS Studio\genesis-studio\packages\engines-py\.pdb_cache\4XV2,A
4182,ThermoMPNN,4XV2,-0.0713537335395813,234,S,D,F:\GENESIS Studio\genesis-studio\packages\engines-py\.pdb_cache\4XV2,A
4183,ThermoMPNN,4XV2,-0.047232627868652344,234,S,E,F:\GENESIS Studio\genesis-studio\packages\engines-py\.pdb_cache\4XV2,A
4184,ThermoMPNN,4XV2,0.4835980236530304,234,S,F,F:\GENESIS Studio\genesis-studio\packages\engines-py\.pdb_cache\4XV2,A
4185,ThermoMPNN,4XV2,0.3321493864059448,234,S,G,F:\GENESIS Studio\genesis-studio\packages\engines-py\.pdb_cache\4XV2,A
4186,ThermoMPNN,4XV2,0.25155752897262573,234,S,H,F:\GENESIS Studio\genesis-studio\packages\engines-py\.pdb_cache\4XV2,A
4187,ThermoMPNN,4XV2,0.3495168089866638,234,S,I,F:\GENESIS Studio\genesis-studio\packages\engines-py\.pdb_cache\4XV2,A
4188,ThermoMPNN,4XV2,0.1695023775100708,234,S,K,F:\GENESIS Studio\genesis-studio\packages\engines-py\.pdb_cache\4XV2,A
4189,ThermoMPNN,4XV2,0.23330849409103394,234,S,L,F:\GENESIS Studio\genesis-studio\packages\engines-py\.pdb_cache\4XV2,A
4190,ThermoMPNN,4XV2,0.34414511919021606,234,S,M,F:\GENESIS Studio\genesis-studio\packages\engines-py\.pdb_cache\4XV2,A
4191,ThermoMPNN,4XV2,0.15181303024291992,234,S,N,F:\GENESIS Studio\genesis-studio\packages\engines-py\.pdb_cache\4XV2,A
4192,ThermoMPNN,4XV2,-0.1726723313331604,234,S,P,F:\GENESIS Studio\genesis-studio\packages\engines-py\.pdb_cache\4XV2,A
4193,ThermoMPNN,4XV2,0.02822178602218628,234,S,Q,F:\GENESIS Studio\genesis-studio\packages\engines-py\.pdb_cache\4XV2,A
4194,ThermoMPNN,4XV2,0.32999324798583984,234,S,R,F:\GENESIS Studio\genesis-studio\packages\engines-py\.pdb_cache\4XV2,A
4195,ThermoMPNN,4XV2,0.0,234,S,S,F:\GENESIS Studio\genesis-studio\packages\engines-py\.pdb_cache\4XV2,A
4196,ThermoMPNN,4XV2,0.2666587829589844,234,S,T,F:\GENESIS Studio\genesis-studio\packages\engines-py\.pdb_cache\4XV2,A
4197,ThermoMPNN,4XV2,0.31790125370025635,234,S,V,F:\GENESIS Studio\genesis-studio\packages\engines-py\.pdb_cache\4XV2,A
4198,ThermoMPNN,4XV2,0.4032987952232361,234,S,W,F:\GENESIS Studio\genesis-studio\packages\engines-py\.pdb_cache\4XV2,A
4199,ThermoMPNN,4XV2,0.5253446102142334,234,S,Y,F:\GENESIS Studio\genesis-studio\packages\engines-py\.pdb_cache\4XV2,A
4200,ThermoMPNN,4XV2,0.7107125520706177,235,N,A,F:\GENESIS Studio\genesis-studio\packages\engines-py\.pdb_cache\4XV2,A
4201,ThermoMPNN,4XV2,0.10879278182983398,235,N,C,F:\GENESIS Studio\genesis-studio\packages\engines-py\.pdb_cache\4XV2,A
4202,ThermoMPNN,4XV2,-0.5087494850158691,235,N,D,F:\GENESIS Studio\genesis-studio\packages\engines-py\.pdb_cache\4XV2,A
4203,ThermoMPNN,4XV2,0.46676260232925415,235,N,E,F:\GENESIS Studio\genesis-studio\packages\engines-py\.pdb_cache\4XV2,A
4204,ThermoMPNN,4XV2,0.7291367650032043,235,N,F,F:\GENESIS Studio\genesis-studio\packages\engines-py\.pdb_cache\4XV2,A
4205,ThermoMPNN,4XV2,0.8383959531784058,235,N,G,F:\GENESIS Studio\genesis-studio\packages\engines-py\.pdb_cache\4XV2,A
4206,ThermoMPNN,4XV2,0.6819850206375122,235,N,H,F:\GENESIS Studio\genesis-studio\packages\engines-py\.pdb_cache\4XV2,A
4207,ThermoMPNN,4XV2,1.034909725189209,235,N,I,F:\GENESIS Studio\genesis-studio\packages\engines-py\.pdb_cache\4XV2,A
4208,ThermoMPNN,4XV2,1.1832709312438965,235,N,K,F:\GENESIS Studio\genesis-studio\packages\engines-py\.pdb_cache\4XV2,A
4209,ThermoMPNN,4XV2,0.8541902303695679,235,N,L,F:\GENESIS Studio\genesis-studio\packages\engines-py\.pdb_cache\4XV2,A
4210,ThermoMPNN,4XV2,0.8966535329818726,235,N,M,F:\GENESIS Studio\genesis-studio\packages\engines-py\.pdb_cache\4XV2,A
4211,ThermoMPNN,4XV2,0.0,235,N,N,F:\GENESIS Studio\genesis-studio\packages\engines-py\.pdb_cache\4XV2,A
4212,ThermoMPNN,4XV2,1.101973295211792,235,N,P,F:\GENESIS Studio\genesis-studio\packages\engines-py\.pdb_cache\4XV2,A
4213,ThermoMPNN,4XV2,0.9034508466720581,235,N,Q,F:\GENESIS Studio\genesis-studio\packages\engines-py\.pdb_cache\4XV2,A
4214,ThermoMPNN,4XV2,1.2099618911743164,235,N,R,F:\GENESIS Studio\genesis-studio\packages\engines-py\.pdb_cache\4XV2,A
4215,ThermoMPNN,4XV2,0.322345495223999,235,N,S,F:\GENESIS Studio\genesis-studio\packages\engines-py\.pdb_cache\4XV2,A
4216,ThermoMPNN,4XV2,0.8342592120170593,235,N,T,F:\GENESIS Studio\genesis-studio\packages\engines-py\.pdb_cache\4XV2,A
4217,ThermoMPNN,4XV2,0.9657650589942932,235,N,V,F:\GENESIS Studio\genesis-studio\packages\engines-py\.pdb_cache\4XV2,A
4218,ThermoMPNN,4XV2,0.4812110662460327,235,N,W,F:\GENESIS Studio\genesis-studio\packages\engines-py\.pdb_cache\4XV2,A
4219,ThermoMPNN,4XV2,0.7761584520339966,235,N,Y,F:\GENESIS Studio\genesis-studio\packages\engines-py\.pdb_cache\4XV2,A
4220,ThermoMPNN,4XV2,0.032306790351867676,236,C,A,F:\GENESIS Studio\genesis-studio\packages\engines-py\.pdb_cache\4XV2,A
4221,ThermoMPNN,4XV2,0.0,236,C,C,F:\GENESIS Studio\genesis-studio\packages\engines-py\.pdb_cache\4XV2,A
4222,ThermoMPNN,4XV2,1.1760215759277344,236,C,D,F:\GENESIS Studio\genesis-studio\packages\engines-py\.pdb_cache\4XV2,A
4223,ThermoMPNN,4XV2,1.4852044582366943,236,C,E,F:\GENESIS Studio\genesis-studio\packages\engines-py\.pdb_cache\4XV2,A
4224,ThermoMPNN,4XV2,0.24450814723968506,236,C,F,F:\GENESIS Studio\genesis-studio\packages\engines-py\.pdb_cache\4XV2,A
4225,ThermoMPNN,4XV2,1.074472427368164,236,C,G,F:\GENESIS Studio\genesis-studio\packages\engines-py\.pdb_cache\4XV2,A
4226,ThermoMPNN,4XV2,1.0015475749969482,236,C,H,F:\GENESIS Studio\genesis-studio\packages\engines-py\.pdb_cache\4XV2,A
4227,ThermoMPNN,4XV2,-0.015012383460998535,236,C,I,F:\GENESIS Studio\genesis-studio\packages\engines-py\.pdb_cache\4XV2,A
4228,ThermoMPNN,4XV2,1.5460422039031982,236,C,K,F:\GENESIS Studio\genesis-studio\packages\engines-py\.pdb_cache\4XV2,A
4229,ThermoMPNN,4XV2,0.6703238487243652,236,C,L,F:\GENESIS Studio\genesis-studio\packages\engines-py\.pdb_cache\4XV2,A
4230,ThermoMPNN,4XV2,0.5440565347671509,236,C,M,F:\GENESIS Studio\genesis-studio\packages\engines-py\.pdb_cache\4XV2,A
4231,ThermoMPNN,4XV2,1.3256897926330566,236,C,N,F:\GENESIS Studio\genesis-studio\packages\engines-py\.pdb_cache\4XV2,A
4232,ThermoMPNN,4XV2,0.6168926954269409,236,C,P,F:\GENESIS Studio\genesis-studio\packages\engines-py\.pdb_cache\4XV2,A
4233,ThermoMPNN,4XV2,1.1352787017822266,236,C,Q,F:\GENESIS Studio\genesis-studio\packages\engines-py\.pdb_cache\4XV2,A
4234,ThermoMPNN,4XV2,1.3609657287597656,236,C,R,F:\GENESIS Studio\genesis-studio\packages\engines-py\.pdb_cache\4XV2,A
4235,ThermoMPNN,4XV2,0.25733423233032227,236,C,S,F:\GENESIS Studio\genesis-studio\packages\engines-py\.pdb_cache\4XV2,A
4236,ThermoMPNN,4XV2,-0.16768872737884521,236,C,T,F:\GENESIS Studio\genesis-studio\packages\engines-py\.pdb_cache\4XV2,A
4237,ThermoMPNN,4XV2,-0.5025895833969116,236,C,V,F:\GENESIS Studio\genesis-studio\packages\engines-py\.pdb_cache\4XV2,A
4238,ThermoMPNN,4XV2,0.17864161729812622,236,C,W,F:\GENESIS Studio\genesis-studio\packages\engines-py\.pdb_cache\4XV2,A
4239,ThermoMPNN,4XV2,0.3226211667060852,236,C,Y,F:\GENESIS Studio\genesis-studio\packages\engines-py\.pdb_cache\4XV2,A
4240,ThermoMPNN,4XV2,1.8466222286224365,237,P,A,F:\GENESIS Studio\genesis-studio\packages\engines-py\.pdb_cache\4XV2,A
4241,ThermoMPNN,4XV2,1.103165864944458,237,P,C,F:\GENESIS Studio\genesis-studio\packages\engines-py\.pdb_cache\4XV2,A
4242,ThermoMPNN,4XV2,1.7662889957427979,237,P,D,F:\GENESIS Studio\genesis-studio\packages\engines-py\.pdb_cache\4XV2,A
4243,ThermoMPNN,4XV2,1.9967182874679565,237,P,E,F:\GENESIS Studio\genesis-studio\packages\engines-py\.pdb_cache\4XV2,A
4244,ThermoMPNN,4XV2,1.7800089120864868,237,P,F,F:\GENESIS Studio\genesis-studio\packages\engines-py\.pdb_cache\4XV2,A
4245,ThermoMPNN,4XV2,2.414588451385498,237,P,G,F:\GENESIS Studio\genesis-studio\packages\engines-py\.pdb_cache\4XV2,A
4246,ThermoMPNN,4XV2,1.9957289695739746,237,P,H,F:\GENESIS Studio\genesis-studio\packages\engines-py\.pdb_cache\4XV2,A
4247,ThermoMPNN,4XV2,1.7840029001235962,237,P,I,F:\GENESIS Studio\genesis-studio\packages\engines-py\.pdb_cache\4XV2,A
4248,ThermoMPNN,4XV2,2.0690531730651855,237,P,K,F:\GENESIS Studio\genesis-studio\packages\engines-py\.pdb_cache\4XV2,A
4249,ThermoMPNN,4XV2,1.5802234411239624,237,P,L,F:\GENESIS Studio\genesis-studio\packages\engines-py\.pdb_cache\4XV2,A
4250,ThermoMPNN,4XV2,1.6861587762832642,237,P,M,F:\GENESIS Studio\genesis-studio\packages\engines-py\.pdb_cache\4XV2,A
4251,ThermoMPNN,4XV2,1.977900743484497,237,P,N,F:\GENESIS Studio\genesis-studio\packages\engines-py\.pdb_cache\4XV2,A
4252,ThermoMPNN,4XV2,0.0,237,P,P,F:\GENESIS Studio\genesis-studio\packages\engines-py\.pdb_cache\4XV2,A
4253,ThermoMPNN,4XV2,2.0831823348999023,237,P,Q,F:\GENESIS Studio\genesis-studio\packages\engines-py\.pdb_cache\4XV2,A
4254,ThermoMPNN,4XV2,2.1892879009246826,237,P,R,F:\GENESIS Studio\genesis-studio\packages\engines-py\.pdb_cache\4XV2,A
4255,ThermoMPNN,4XV2,1.8786791563034058,237,P,S,F:\GENESIS Studio\genesis-studio\packages\engines-py\.pdb_cache\4XV2,A
4256,ThermoMPNN,4XV2,2.2045350074768066,237,P,T,F:\GENESIS Studio\genesis-studio\packages\engines-py\.pdb_cache\4XV2,A
4257,ThermoMPNN,4XV2,1.9306001663208008,237,P,V,F:\GENESIS Studio\genesis-studio\packages\engines-py\.pdb_cache\4XV2,A
4258,ThermoMPNN,4XV2,1.8517160415649414,237,P,W,F:\GENESIS Studio\genesis-studio\packages\engines-py\.pdb_cache\4XV2,A
4259,ThermoMPNN,4XV2,1.8298965692520142,237,P,Y,F:\GENESIS Studio\genesis-studio\packages\engines-py\.pdb_cache\4XV2,A
4260,ThermoMPNN,4XV2,-0.1286618709564209,238,K,A,F:\GENESIS Studio\genesis-studio\packages\engines-py\.pdb_cache\4XV2,A
4261,ThermoMPNN,4XV2,-0.025708317756652832,238,K,C,F:\GENESIS Studio\genesis-studio\packages\engines-py\.pdb_cache\4XV2,A
4262,ThermoMPNN,4XV2,0.11108607053756714,238,K,D,F:\GENESIS Studio\genesis-studio\packages\engines-py\.pdb_cache\4XV2,A
4263,ThermoMPNN,4XV2,-0.16349613666534424,238,K,E,F:\GENESIS Studio\genesis-studio\packages\engines-py\.pdb_cache\4XV2,A
4264,ThermoMPNN,4XV2,0.2933460474014282,238,K,F,F:\GENESIS Studio\genesis-studio\packages\engines-py\.pdb_cache\4XV2,A
4265,ThermoMPNN,4XV2,0.30169057846069336,238,K,G,F:\GENESIS Studio\genesis-studio\packages\engines-py\.pdb_cache\4XV2,A
4266,ThermoMPNN,4XV2,0.13834500312805176,238,K,H,F:\GENESIS Studio\genesis-studio\packages\engines-py\.pdb_cache\4XV2,A
4267,ThermoMPNN,4XV2,0.1284586787223816,238,K,I,F:\GENESIS Studio\genesis-studio\packages\engines-py\.pdb_cache\4XV2,A
4268,ThermoMPNN,4XV2,0.0,238,K,K,F:\GENESIS Studio\genesis-studio\packages\engines-py\.pdb_cache\4XV2,A
4269,ThermoMPNN,4XV2,0.09404349327087402,238,K,L,F:\GENESIS Studio\genesis-studio\packages\engines-py\.pdb_cache\4XV2,A
4270,ThermoMPNN,4XV2,0.14516443014144897,238,K,M,F:\GENESIS Studio\genesis-studio\packages\engines-py\.pdb_cache\4XV2,A
4271,ThermoMPNN,4XV2,0.20048099756240845,238,K,N,F:\GENESIS Studio\genesis-studio\packages\engines-py\.pdb_cache\4XV2,A
4272,ThermoMPNN,4XV2,0.07637357711791992,238,K,P,F:\GENESIS Studio\genesis-studio\packages\engines-py\.pdb_cache\4XV2,A
4273,ThermoMPNN,4XV2,-0.02143329381942749,238,K,Q,F:\GENESIS Studio\genesis-studio\packages\engines-py\.pdb_cache\4XV2,A
4274,ThermoMPNN,4XV2,0.07496488094329834,238,K,R,F:\GENESIS Studio\genesis-studio\packages\engines-py\.pdb_cache\4XV2,A
4275,ThermoMPNN,4XV2,-0.0008049607276916504,238,K,S,F:\GENESIS Studio\genesis-studio\packages\engines-py\.pdb_cache\4XV2,A
4276,ThermoMPNN,4XV2,0.2150663137435913,238,K,T,F:\GENESIS Studio\genesis-studio\packages\engines-py\.pdb_cache\4XV2,A
4277,ThermoMPNN,4XV2,0.15205049514770508,238,K,V,F:\GENESIS Studio\genesis-studio\packages\engines-py\.pdb_cache\4XV2,A
4278,ThermoMPNN,4XV2,0.16801631450653076,238,K,W,F:\GENESIS Studio\genesis-studio\packages\engines-py\.pdb_cache\4XV2,A
4279,ThermoMPNN,4XV2,0.2228684425354004,238,K,Y,F:\GENESIS Studio\genesis-studio\packages\engines-py\.pdb_cache\4XV2,A
4280,ThermoMPNN,4XV2,-0.15969806909561157,239,R,A,F:\GENESIS Studio\genesis-studio\packages\engines-py\.pdb_cache\4XV2,A
4281,ThermoMPNN,4XV2,0.033186256885528564,239,R,C,F:\GENESIS Studio\genesis-studio\packages\engines-py\.pdb_cache\4XV2,A
4282,ThermoMPNN,4XV2,0.2744114398956299,239,R,D,F:\GENESIS Studio\genesis-studio\packages\engines-py\.pdb_cache\4XV2,A
4283,ThermoMPNN,4XV2,0.14474576711654663,239,R,E,F:\GENESIS Studio\genesis-studio\packages\engines-py\.pdb_cache\4XV2,A
4284,ThermoMPNN,4XV2,0.23166191577911377,239,R,F,F:\GENESIS Studio\genesis-studio\packages\engines-py\.pdb_cache\4XV2,A
4285,ThermoMPNN,4XV2,0.3538239002227783,239,R,G,F:\GENESIS Studio\genesis-studio\packages\engines-py\.pdb_cache\4XV2,A
4286,ThermoMPNN,4XV2,0.1891634464263916,239,R,H,F:\GENESIS Studio\genesis-studio\packages\engines-py\.pdb_cache\4XV2,A
4287,ThermoMPNN,4XV2,-0.005426466464996338,239,R,I,F:\GENESIS Studio\genesis-studio\packages\engines-py\.pdb_cache\4XV2,A
4288,ThermoMPNN,4XV2,0.07718503475189209,239,R,K,F:\GENESIS Studio\genesis-studio\packages\engines-py\.pdb_cache\4XV2,A
4289,ThermoMPNN,4XV2,0.1582728624343872,239,R,L,F:\GENESIS Studio\genesis-studio\packages\engines-py\.pdb_cache\4XV2,A
4290,ThermoMPNN,4XV2,0.20170581340789795,239,R,M,F:\GENESIS Studio\genesis-studio\packages\engines-py\.pdb_cache\4XV2,A
4291,ThermoMPNN,4XV2,0.3808111548423767,239,R,N,F:\GENESIS Studio\genesis-studio\packages\engines-py\.pdb_cache\4XV2,A
4292,ThermoMPNN,4XV2,0.29860836267471313,239,R,P,F:\GENESIS Studio\genesis-studio\packages\engines-py\.pdb_cache\4XV2,A
4293,ThermoMPNN,4XV2,0.1620839238166809,239,R,Q,F:\GENESIS Studio\genesis-studio\packages\engines-py\.pdb_cache\4XV2,A
4294,ThermoMPNN,4XV2,0.0,239,R,R,F:\GENESIS Studio\genesis-studio\packages\engines-py\.pdb_cache\4XV2,A
4295,ThermoMPNN,4XV2,0.10398125648498535,239,R,S,F:\GENESIS Studio\genesis-studio\packages\engines-py\.pdb_cache\4XV2,A
4296,ThermoMPNN,4XV2,0.23958903551101685,239,R,T,F:\GENESIS Studio\genesis-studio\packages\engines-py\.pdb_cache\4XV2,A
4297,ThermoMPNN,4XV2,0.002153933048248291,239,R,V,F:\GENESIS Studio\genesis-studio\packages\engines-py\.pdb_cache\4XV2,A
4298,ThermoMPNN,4XV2,0.10535234212875366,239,R,W,F:\GENESIS Studio\genesis-studio\packages\engines-py\.pdb_cache\4XV2,A
4299,ThermoMPNN,4XV2,0.14855480194091797,239,R,Y,F:\GENESIS Studio\genesis-studio\packages\engines-py\.pdb_cache\4XV2,A
4300,ThermoMPNN,4XV2,1.7918123006820679,240,M,A,F:\GENESIS Studio\genesis-studio\packages\engines-py\.pdb_cache\4XV2,A
4301,ThermoMPNN,4XV2,1.2622473239898682,240,M,C,F:\GENESIS Studio\genesis-studio\packages\engines-py\.pdb_cache\4XV2,A
4302,ThermoMPNN,4XV2,2.6057894229888916,240,M,D,F:\GENESIS Studio\genesis-studio\packages\engines-py\.pdb_cache\4XV2,A
4303,ThermoMPNN,4XV2,2.3708157539367676,240,M,E,F:\GENESIS Studio\genesis-studio\packages\engines-py\.pdb_cache\4XV2,A
4304,ThermoMPNN,4XV2,1.0707640647888184,240,M,F,F:\GENESIS Studio\genesis-studio\packages\engines-py\.pdb_cache\4XV2,A
4305,ThermoMPNN,4XV2,2.8249640464782715,240,M,G,F:\GENESIS Studio\genesis-studio\packages\engines-py\.pdb_cache\4XV2,A
4306,ThermoMPNN,4XV2,2.411530017852783,240,M,H,F:\GENESIS Studio\genesis-studio\packages\engines-py\.pdb_cache\4XV2,A
4307,ThermoMPNN,4XV2,0.5647463798522949,240,M,I,F:\GENESIS Studio\genesis-studio\packages\engines-py\.pdb_cache\4XV2,A
4308,ThermoMPNN,4XV2,2.702392101287842,240,M,K,F:\GENESIS Studio\genesis-studio\packages\engines-py\.pdb_cache\4XV2,A
4309,ThermoMPNN,4XV2,-0.19699883460998535,240,M,L,F:\GENESIS Studio\genesis-studio\packages\engines-py\.pdb_cache\4XV2,A
4310,ThermoMPNN,4XV2,0.0,240,M,M,F:\GENESIS Studio\genesis-studio\packages\engines-py\.pdb_cache\4XV2,A
4311,ThermoMPNN,4XV2,2.7116189002990723,240,M,N,F:\GENESIS Studio\genesis-studio\packages\engines-py\.pdb_cache\4XV2,A
4312,ThermoMPNN,4XV2,2.7582108974456787,240,M,P,F:\GENESIS Studio\genesis-studio\packages\engines-py\.pdb_cache\4XV2,A
4313,ThermoMPNN,4XV2,2.121290683746338,240,M,Q,F:\GENESIS Studio\genesis-studio\packages\engines-py\.pdb_cache\4XV2,A
4314,ThermoMPNN,4XV2,2.5261154174804688,240,M,R,F:\GENESIS Studio\genesis-studio\packages\engines-py\.pdb_cache\4XV2,A
4315,ThermoMPNN,4XV2,2.3842735290527344,240,M,S,F:\GENESIS Studio\genesis-studio\packages\engines-py\.pdb_cache\4XV2,A
4316,ThermoMPNN,4XV2,2.2578320503234863,240,M,T,F:\GENESIS Studio\genesis-studio\packages\engines-py\.pdb_cache\4XV2,A
4317,ThermoMPNN,4XV2,1.242531418800354,240,M,V,F:\GENESIS Studio\genesis-studio\packages\engines-py\.pdb_cache\4XV2,A
4318,ThermoMPNN,4XV2,1.3905506134033203,240,M,W,F:\GENESIS Studio\genesis-studio\packages\engines-py\.pdb_cache\4XV2,A
4319,ThermoMPNN,4XV2,1.7221136093139648,240,M,Y,F:\GENESIS Studio\genesis-studio\packages\engines-py\.pdb_cache\4XV2,A
4320,ThermoMPNN,4XV2,0.9536452293395996,241,K,A,F:\GENESIS Studio\genesis-studio\packages\engines-py\.pdb_cache\4XV2,A
4321,ThermoMPNN,4XV2,0.4667969346046448,241,K,C,F:\GENESIS Studio\genesis-studio\packages\engines-py\.pdb_cache\4XV2,A
4322,ThermoMPNN,4XV2,2.305478572845459,241,K,D,F:\GENESIS Studio\genesis-studio\packages\engines-py\.pdb_cache\4XV2,A
4323,ThermoMPNN,4XV2,1.4764022827148438,241,K,E,F:\GENESIS Studio\genesis-studio\packages\engines-py\.pdb_cache\4XV2,A
4324,ThermoMPNN,4XV2,0.4092082977294922,241,K,F,F:\GENESIS Studio\genesis-studio\packages\engines-py\.pdb_cache\4XV2,A
4325,ThermoMPNN,4XV2,1.910764455795288,241,K,G,F:\GENESIS Studio\genesis-studio\packages\engines-py\.pdb_cache\4XV2,A
4326,ThermoMPNN,4XV2,0.9211697578430176,241,K,H,F:\GENESIS Studio\genesis-studio\packages\engines-py\.pdb_cache\4XV2,A
4327,ThermoMPNN,4XV2,-0.7155137062072754,241,K,I,F:\GENESIS Studio\genesis-studio\packages\engines-py\.pdb_cache\4XV2,A
4328,ThermoMPNN,4XV2,0.0,241,K,K,F:\GENESIS Studio\genesis-studio\packages\engines-py\.pdb_cache\4XV2,A
4329,ThermoMPNN,4XV2,-0.12827515602111816,241,K,L,F:\GENESIS Studio\genesis-studio\packages\engines-py\.pdb_cache\4XV2,A
4330,ThermoMPNN,4XV2,0.1232001781463623,241,K,M,F:\GENESIS Studio\genesis-studio\packages\engines-py\.pdb_cache\4XV2,A
4331,ThermoMPNN,4XV2,1.6171526908874512,241,K,N,F:\GENESIS Studio\genesis-studio\packages\engines-py\.pdb_cache\4XV2,A
4332,ThermoMPNN,4XV2,2.322545051574707,241,K,P,F:\GENESIS Studio\genesis-studio\packages\engines-py\.pdb_cache\4XV2,A
4333,ThermoMPNN,4XV2,0.5512661337852478,241,K,Q,F:\GENESIS Studio\genesis-studio\packages\engines-py\.pdb_cache\4XV2,A
4334,ThermoMPNN,4XV2,0.060205698013305664,241,K,R,F:\GENESIS Studio\genesis-studio\packages\engines-py\.pdb_cache\4XV2,A
4335,ThermoMPNN,4XV2,1.3779641389846802,241,K,S,F:\GENESIS Studio\genesis-studio\packages\engines-py\.pdb_cache\4XV2,A
4336,ThermoMPNN,4XV2,0.8623214364051819,241,K,T,F:\GENESIS Studio\genesis-studio\packages\engines-py\.pdb_cache\4XV2,A
4337,ThermoMPNN,4XV2,-0.1736297607421875,241,K,V,F:\GENESIS Studio\genesis-studio\packages\engines-py\.pdb_cache\4XV2,A
4338,ThermoMPNN,4XV2,0.6318007707595825,241,K,W,F:\GENESIS Studio\genesis-studio\packages\engines-py\.pdb_cache\4XV2,A
4339,ThermoMPNN,4XV2,0.44984567165374756,241,K,Y,F:\GENESIS Studio\genesis-studio\packages\engines-py\.pdb_cache\4XV2,A
4340,ThermoMPNN,4XV2,0.17560923099517822,242,R,A,F:\GENESIS Studio\genesis-studio\packages\engines-py\.pdb_cache\4XV2,A
4341,ThermoMPNN,4XV2,0.11250883340835571,242,R,C,F:\GENESIS Studio\genesis-studio\packages\engines-py\.pdb_cache\4XV2,A
4342,ThermoMPNN,4XV2,0.39544200897216797,242,R,D,F:\GENESIS Studio\genesis-studio\packages\engines-py\.pdb_cache\4XV2,A
4343,ThermoMPNN,4XV2,0.20712941884994507,242,R,E,F:\GENESIS Studio\genesis-studio\packages\engines-py\.pdb_cache\4XV2,A
4344,ThermoMPNN,4XV2,0.3841085433959961,242,R,F,F:\GENESIS Studio\genesis-studio\packages\engines-py\.pdb_cache\4XV2,A
4345,ThermoMPNN,4XV2,0.8568881154060364,242,R,G,F:\GENESIS Studio\genesis-studio\packages\engines-py\.pdb_cache\4XV2,A
4346,ThermoMPNN,4XV2,0.3554356098175049,242,R,H,F:\GENESIS Studio\genesis-studio\packages\engines-py\.pdb_cache\4XV2,A
4347,ThermoMPNN,4XV2,0.15022921562194824,242,R,I,F:\GENESIS Studio\genesis-studio\packages\engines-py\.pdb_cache\4XV2,A
4348,ThermoMPNN,4XV2,0.1563025712966919,242,R,K,F:\GENESIS Studio\genesis-studio\packages\engines-py\.pdb_cache\4XV2,A
4349,ThermoMPNN,4XV2,0.18534833192825317,242,R,L,F:\GENESIS Studio\genesis-studio\packages\engines-py\.pdb_cache\4XV2,A
4350,ThermoMPNN,4XV2,0.2185097336769104,242,R,M,F:\GENESIS Studio\genesis-studio\packages\engines-py\.pdb_cache\4XV2,A
4351,ThermoMPNN,4XV2,0.3663361072540283,242,R,N,F:\GENESIS Studio\genesis-studio\packages\engines-py\.pdb_cache\4XV2,A
4352,ThermoMPNN,4XV2,2.1261017322540283,242,R,P,F:\GENESIS Studio\genesis-studio\packages\engines-py\.pdb_cache\4XV2,A
4353,ThermoMPNN,4XV2,0.20252102613449097,242,R,Q,F:\GENESIS Studio\genesis-studio\packages\engines-py\.pdb_cache\4XV2,A
4354,ThermoMPNN,4XV2,0.0,242,R,R,F:\GENESIS Studio\genesis-studio\packages\engines-py\.pdb_cache\4XV2,A
4355,ThermoMPNN,4XV2,0.3580424189567566,242,R,S,F:\GENESIS Studio\genesis-studio\packages\engines-py\.pdb_cache\4XV2,A
4356,ThermoMPNN,4XV2,0.3506857752799988,242,R,T,F:\GENESIS Studio\genesis-studio\packages\engines-py\.pdb_cache\4XV2,A
4357,ThermoMPNN,4XV2,0.26042407751083374,242,R,V,F:\GENESIS Studio\genesis-studio\packages\engines-py\.pdb_cache\4XV2,A
4358,ThermoMPNN,4XV2,0.3295688033103943,242,R,W,F:\GENESIS Studio\genesis-studio\packages\engines-py\.pdb_cache\4XV2,A
4359,ThermoMPNN,4XV2,0.3437504172325134,242,R,Y,F:\GENESIS Studio\genesis-studio\packages\engines-py\.pdb_cache\4XV2,A
4360,ThermoMPNN,4XV2,2.155648708343506,243,L,A,F:\GENESIS Studio\genesis-studio\packages\engines-py\.pdb_cache\4XV2,A
4361,ThermoMPNN,4XV2,1.3615553379058838,243,L,C,F:\GENESIS Studio\genesis-studio\packages\engines-py\.pdb_cache\4XV2,A
4362,ThermoMPNN,4XV2,3.033892869949341,243,L,D,F:\GENESIS Studio\genesis-studio\packages\engines-py\.pdb_cache\4XV2,A
4363,ThermoMPNN,4XV2,2.7296595573425293,243,L,E,F:\GENESIS Studio\genesis-studio\packages\engines-py\.pdb_cache\4XV2,A
4364,ThermoMPNN,4XV2,1.0936744213104248,243,L,F,F:\GENESIS Studio\genesis-studio\packages\engines-py\.pdb_cache\4XV2,A
4365,ThermoMPNN,4XV2,2.681645631790161,243,L,G,F:\GENESIS Studio\genesis-studio\packages\engines-py\.pdb_cache\4XV2,A
4366,ThermoMPNN,4XV2,2.662931442260742,243,L,H,F:\GENESIS Studio\genesis-studio\packages\engines-py\.pdb_cache\4XV2,A
4367,ThermoMPNN,4XV2,0.7821402549743652,243,L,I,F:\GENESIS Studio\genesis-studio\packages\engines-py\.pdb_cache\4XV2,A
4368,ThermoMPNN,4XV2,2.533750057220459,243,L,K,F:\GENESIS Studio\genesis-studio\packages\engines-py\.pdb_cache\4XV2,A
4369,ThermoMPNN,4XV2,0.0,243,L,L,F:\GENESIS Studio\genesis-studio\packages\engines-py\.pdb_cache\4XV2,A
4370,ThermoMPNN,4XV2,0.9352579116821289,243,L,M,F:\GENESIS Studio\genesis-studio\packages\engines-py\.pdb_cache\4XV2,A
4371,ThermoMPNN,4XV2,2.8641865253448486,243,L,N,F:\GENESIS Studio\genesis-studio\packages\engines-py\.pdb_cache\4XV2,A
4372,ThermoMPNN,4XV2,2.776817560195923,243,L,P,F:\GENESIS Studio\genesis-studio\packages\engines-py\.pdb_cache\4XV2,A
4373,ThermoMPNN,4XV2,2.641737699508667,243,L,Q,F:\GENESIS Studio\genesis-studio\packages\engines-py\.pdb_cache\4XV2,A
4374,ThermoMPNN,4XV2,2.5697474479675293,243,L,R,F:\GENESIS Studio\genesis-studio\packages\engines-py\.pdb_cache\4XV2,A
4375,ThermoMPNN,4XV2,2.564854860305786,243,L,S,F:\GENESIS Studio\genesis-studio\packages\engines-py\.pdb_cache\4XV2,A
4376,ThermoMPNN,4XV2,2.2090044021606445,243,L,T,F:\GENESIS Studio\genesis-studio\packages\engines-py\.pdb_cache\4XV2,A
4377,ThermoMPNN,4XV2,1.1919419765472412,243,L,V,F:\GENESIS Studio\genesis-studio\packages\engines-py\.pdb_cache\4XV2,A
4378,ThermoMPNN,4XV2,1.7558447122573853,243,L,W,F:\GENESIS Studio\genesis-studio\packages\engines-py\.pdb_cache\4XV2,A
4379,ThermoMPNN,4XV2,1.726704478263855,243,L,Y,F:\GENESIS Studio\genesis-studio\packages\engines-py\.pdb_cache\4XV2,A
4380,ThermoMPNN,4XV2,0.8534425497055054,244,M,A,F:\GENESIS Studio\genesis-studio\packages\engines-py\.pdb_cache\4XV2,A
4381,ThermoMPNN,4XV2,0.6216955184936523,244,M,C,F:\GENESIS Studio\genesis-studio\packages\engines-py\.pdb_cache\4XV2,A
4382,ThermoMPNN,4XV2,2.531964063644409,244,M,D,F:\GENESIS Studio\genesis-studio\packages\engines-py\.pdb_cache\4XV2,A
4383,ThermoMPNN,4XV2,2.389625310897827,244,M,E,F:\GENESIS Studio\genesis-studio\packages\engines-py\.pdb_cache\4XV2,A
4384,ThermoMPNN,4XV2,0.756049394607544,244,M,F,F:\GENESIS Studio\genesis-studio\packages\engines-py\.pdb_cache\4XV2,A
4385,ThermoMPNN,4XV2,2.7083475589752197,244,M,G,F:\GENESIS Studio\genesis-studio\packages\engines-py\.pdb_cache\4XV2,A
4386,ThermoMPNN,4XV2,2.1870694160461426,244,M,H,F:\GENESIS Studio\genesis-studio\packages\engines-py\.pdb_cache\4XV2,A
4387,ThermoMPNN,4XV2,-0.012768030166625977,244,M,I,F:\GENESIS Studio\genesis-studio\packages\engines-py\.pdb_cache\4XV2,A
4388,ThermoMPNN,4XV2,2.2515296936035156,244,M,K,F:\GENESIS Studio\genesis-studio\packages\engines-py\.pdb_cache\4XV2,A
4389,ThermoMPNN,4XV2,0.10368728637695312,244,M,L,F:\GENESIS Studio\genesis-studio\packages\engines-py\.pdb_cache\4XV2,A
4390,ThermoMPNN,4XV2,0.0,244,M,M,F:\GENESIS Studio\genesis-studio\packages\engines-py\.pdb_cache\4XV2,A
4391,ThermoMPNN,4XV2,2.5121867656707764,244,M,N,F:\GENESIS Studio\genesis-studio\packages\engines-py\.pdb_cache\4XV2,A
4392,ThermoMPNN,4XV2,2.913571834564209,244,M,P,F:\GENESIS Studio\genesis-studio\packages\engines-py\.pdb_cache\4XV2,A
4393,ThermoMPNN,4XV2,1.737906575202942,244,M,Q,F:\GENESIS Studio\genesis-studio\packages\engines-py\.pdb_cache\4XV2,A
4394,ThermoMPNN,4XV2,2.221911907196045,244,M,R,F:\GENESIS Studio\genesis-studio\packages\engines-py\.pdb_cache\4XV2,A
4395,ThermoMPNN,4XV2,1.6166170835494995,244,M,S,F:\GENESIS Studio\genesis-studio\packages\engines-py\.pdb_cache\4XV2,A
4396,ThermoMPNN,4XV2,1.0699822902679443,244,M,T,F:\GENESIS Studio\genesis-studio\packages\engines-py\.pdb_cache\4XV2,A
4397,ThermoMPNN,4XV2,0.342557430267334,244,M,V,F:\GENESIS Studio\genesis-studio\packages\engines-py\.pdb_cache\4XV2,A
4398,ThermoMPNN,4XV2,0.9942002296447754,244,M,W,F:\GENESIS Studio\genesis-studio\packages\engines-py\.pdb_cache\4XV2,A
4399,ThermoMPNN,4XV2,1.1817436218261719,244,M,Y,F:\GENESIS Studio\genesis-studio\packages\engines-py\.pdb_cache\4XV2,A
4400,ThermoMPNN,4XV2,0.0,245,A,A,F:\GENESIS Studio\genesis-studio\packages\engines-py\.pdb_cache\4XV2,A
4401,ThermoMPNN,4XV2,-0.10319900512695312,245,A,C,F:\GENESIS Studio\genesis-studio\packages\engines-py\.pdb_cache\4XV2,A
4402,ThermoMPNN,4XV2,0.7475540637969971,245,A,D,F:\GENESIS Studio\genesis-studio\packages\engines-py\.pdb_cache\4XV2,A
4403,ThermoMPNN,4XV2,0.053035736083984375,245,A,E,F:\GENESIS Studio\genesis-studio\packages\engines-py\.pdb_cache\4XV2,A
4404,ThermoMPNN,4XV2,0.27738451957702637,245,A,F,F:\GENESIS Studio\genesis-studio\packages\engines-py\.pdb_cache\4XV2,A
4405,ThermoMPNN,4XV2,0.8044257164001465,245,A,G,F:\GENESIS Studio\genesis-studio\packages\engines-py\.pdb_cache\4XV2,A
4406,ThermoMPNN,4XV2,0.3802323341369629,245,A,H,F:\GENESIS Studio\genesis-studio\packages\engines-py\.pdb_cache\4XV2,A
4407,ThermoMPNN,4XV2,-0.035546302795410156,245,A,I,F:\GENESIS Studio\genesis-studio\packages\engines-py\.pdb_cache\4XV2,A
4408,ThermoMPNN,4XV2,0.007947087287902832,245,A,K,F:\GENESIS Studio\genesis-studio\packages\engines-py\.pdb_cache\4XV2,A
4409,ThermoMPNN,4XV2,-0.09117257595062256,245,A,L,F:\GENESIS Studio\genesis-studio\packages\engines-py\.pdb_cache\4XV2,A
4410,ThermoMPNN,4XV2,-0.10149025917053223,245,A,M,F:\GENESIS Studio\genesis-studio\packages\engines-py\.pdb_cache\4XV2,A
4411,ThermoMPNN,4XV2,0.6142169237136841,245,A,N,F:\GENESIS Studio\genesis-studio\packages\engines-py\.pdb_cache\4XV2,A
4412,ThermoMPNN,4XV2,2.0733084678649902,245,A,P,F:\GENESIS Studio\genesis-studio\packages\engines-py\.pdb_cache\4XV2,A
4413,ThermoMPNN,4XV2,0.01294940710067749,245,A,Q,F:\GENESIS Studio\genesis-studio\packages\engines-py\.pdb_cache\4XV2,A
4414,ThermoMPNN,4XV2,-0.02207005023956299,245,A,R,F:\GENESIS Studio\genesis-studio\packages\engines-py\.pdb_cache\4XV2,A
4415,ThermoMPNN,4XV2,0.23222625255584717,245,A,S,F:\GENESIS Studio\genesis-studio\packages\engines-py\.pdb_cache\4XV2,A
4416,ThermoMPNN,4XV2,0.19612449407577515,245,A,T,F:\GENESIS Studio\genesis-studio\packages\engines-py\.pdb_cache\4XV2,A
4417,ThermoMPNN,4XV2,0.038510918617248535,245,A,V,F:\GENESIS Studio\genesis-studio\packages\engines-py\.pdb_cache\4XV2,A
4418,ThermoMPNN,4XV2,0.15605521202087402,245,A,W,F:\GENESIS Studio\genesis-studio\packages\engines-py\.pdb_cache\4XV2,A
4419,ThermoMPNN,4XV2,0.2516712546348572,245,A,Y,F:\GENESIS Studio\genesis-studio\packages\engines-py\.pdb_cache\4XV2,A
4420,ThermoMPNN,4XV2,-0.047788143157958984,246,E,A,F:\GENESIS Studio\genesis-studio\packages\engines-py\.pdb_cache\4XV2,A
4421,ThermoMPNN,4XV2,0.23412907123565674,246,E,C,F:\GENESIS Studio\genesis-studio\packages\engines-py\.pdb_cache\4XV2,A
4422,ThermoMPNN,4XV2,0.42695701122283936,246,E,D,F:\GENESIS Studio\genesis-studio\packages\engines-py\.pdb_cache\4XV2,A
4423,ThermoMPNN,4XV2,0.0,246,E,E,F:\GENESIS Studio\genesis-studio\packages\engines-py\.pdb_cache\4XV2,A
4424,ThermoMPNN,4XV2,0.8310427069664001,246,E,F,F:\GENESIS Studio\genesis-studio\packages\engines-py\.pdb_cache\4XV2,A
4425,ThermoMPNN,4XV2,0.984687864780426,246,E,G,F:\GENESIS Studio\genesis-studio\packages\engines-py\.pdb_cache\4XV2,A
4426,ThermoMPNN,4XV2,0.7600327730178833,246,E,H,F:\GENESIS Studio\genesis-studio\packages\engines-py\.pdb_cache\4XV2,A
4427,ThermoMPNN,4XV2,0.4715229272842407,246,E,I,F:\GENESIS Studio\genesis-studio\packages\engines-py\.pdb_cache\4XV2,A
4428,ThermoMPNN,4XV2,0.4928663969039917,246,E,K,F:\GENESIS Studio\genesis-studio\packages\engines-py\.pdb_cache\4XV2,A
4429,ThermoMPNN,4XV2,0.17964696884155273,246,E,L,F:\GENESIS Studio\genesis-studio\packages\engines-py\.pdb_cache\4XV2,A
4430,ThermoMPNN,4XV2,0.21747326850891113,246,E,M,F:\GENESIS Studio\genesis-studio\packages\engines-py\.pdb_cache\4XV2,A
4431,ThermoMPNN,4XV2,0.6775118708610535,246,E,N,F:\GENESIS Studio\genesis-studio\packages\engines-py\.pdb_cache\4XV2,A
4432,ThermoMPNN,4XV2,2.537351369857788,246,E,P,F:\GENESIS Studio\genesis-studio\packages\engines-py\.pdb_cache\4XV2,A
4433,ThermoMPNN,4XV2,0.2540949583053589,246,E,Q,F:\GENESIS Studio\genesis-studio\packages\engines-py\.pdb_cache\4XV2,A
4434,ThermoMPNN,4XV2,0.5624542832374573,246,E,R,F:\GENESIS Studio\genesis-studio\packages\engines-py\.pdb_cache\4XV2,A
4435,ThermoMPNN,4XV2,0.4206889867782593,246,E,S,F:\GENESIS Studio\genesis-studio\packages\engines-py\.pdb_cache\4XV2,A
4436,ThermoMPNN,4XV2,0.7951348423957825,246,E,T,F:\GENESIS Studio\genesis-studio\packages\engines-py\.pdb_cache\4XV2,A
4437,ThermoMPNN,4XV2,0.8306021690368652,246,E,V,F:\GENESIS Studio\genesis-studio\packages\engines-py\.pdb_cache\4XV2,A
4438,ThermoMPNN,4XV2,0.6623610258102417,246,E,W,F:\GENESIS Studio\genesis-studio\packages\engines-py\.pdb_cache\4XV2,A
4439,ThermoMPNN,4XV2,0.7521662712097168,246,E,Y,F:\GENESIS Studio\genesis-studio\packages\engines-py\.pdb_cache\4XV2,A
4440,ThermoMPNN,4XV2,0.26331353187561035,247,C,A,F:\GENESIS Studio\genesis-studio\packages\engines-py\.pdb_cache\4XV2,A
4441,ThermoMPNN,4XV2,0.0,247,C,C,F:\GENESIS Studio\genesis-studio\packages\engines-py\.pdb_cache\4XV2,A
4442,ThermoMPNN,4XV2,2.8486950397491455,247,C,D,F:\GENESIS Studio\genesis-studio\packages\engines-py\.pdb_cache\4XV2,A
4443,ThermoMPNN,4XV2,2.535217761993408,247,C,E,F:\GENESIS Studio\genesis-studio\packages\engines-py\.pdb_cache\4XV2,A
4444,ThermoMPNN,4XV2,0.7552542090415955,247,C,F,F:\GENESIS Studio\genesis-studio\packages\engines-py\.pdb_cache\4XV2,A
4445,ThermoMPNN,4XV2,1.6706717014312744,247,C,G,F:\GENESIS Studio\genesis-studio\packages\engines-py\.pdb_cache\4XV2,A
4446,ThermoMPNN,4XV2,1.993382215499878,247,C,H,F:\GENESIS Studio\genesis-studio\packages\engines-py\.pdb_cache\4XV2,A
4447,ThermoMPNN,4XV2,0.2615170478820801,247,C,I,F:\GENESIS Studio\genesis-studio\packages\engines-py\.pdb_cache\4XV2,A
4448,ThermoMPNN,4XV2,2.1455941200256348,247,C,K,F:\GENESIS Studio\genesis-studio\packages\engines-py\.pdb_cache\4XV2,A
4449,ThermoMPNN,4XV2,-0.029887676239013672,247,C,L,F:\GENESIS Studio\genesis-studio\packages\engines-py\.pdb_cache\4XV2,A
4450,ThermoMPNN,4XV2,0.21349048614501953,247,C,M,F:\GENESIS Studio\genesis-studio\packages\engines-py\.pdb_cache\4XV2,A
4451,ThermoMPNN,4XV2,2.2396116256713867,247,C,N,F:\GENESIS Studio\genesis-studio\packages\engines-py\.pdb_cache\4XV2,A
4452,ThermoMPNN,4XV2,2.5631039142608643,247,C,P,F:\GENESIS Studio\genesis-studio\packages\engines-py\.pdb_cache\4XV2,A
4453,ThermoMPNN,4XV2,1.9543049335479736,247,C,Q,F:\GENESIS Studio\genesis-studio\packages\engines-py\.pdb_cache\4XV2,A
4454,ThermoMPNN,4XV2,2.218095541000366,247,C,R,F:\GENESIS Studio\genesis-studio\packages\engines-py\.pdb_cache\4XV2,A
4455,ThermoMPNN,4XV2,1.0360119342803955,247,C,S,F:\GENESIS Studio\genesis-studio\packages\engines-py\.pdb_cache\4XV2,A
4456,ThermoMPNN,4XV2,0.6715102195739746,247,C,T,F:\GENESIS Studio\genesis-studio\packages\engines-py\.pdb_cache\4XV2,A
4457,ThermoMPNN,4XV2,0.37063074111938477,247,C,V,F:\GENESIS Studio\genesis-studio\packages\engines-py\.pdb_cache\4XV2,A
4458,ThermoMPNN,4XV2,1.2589972019195557,247,C,W,F:\GENESIS Studio\genesis-studio\packages\engines-py\.pdb_cache\4XV2,A
4459,ThermoMPNN,4XV2,1.129650592803955,247,C,Y,F:\GENESIS Studio\genesis-studio\packages\engines-py\.pdb_cache\4XV2,A
4460,ThermoMPNN,4XV2,1.6308143138885498,248,L,A,F:\GENESIS Studio\genesis-studio\packages\engines-py\.pdb_cache\4XV2,A
4461,ThermoMPNN,4XV2,1.1156131029129028,248,L,C,F:\GENESIS Studio\genesis-studio\packages\engines-py\.pdb_cache\4XV2,A
4462,ThermoMPNN,4XV2,2.984590768814087,248,L,D,F:\GENESIS Studio\genesis-studio\packages\engines-py\.pdb_cache\4XV2,A
4463,ThermoMPNN,4XV2,2.7512950897216797,248,L,E,F:\GENESIS Studio\genesis-studio\packages\engines-py\.pdb_cache\4XV2,A
4464,ThermoMPNN,4XV2,1.340736746788025,248,L,F,F:\GENESIS Studio\genesis-studio\packages\engines-py\.pdb_cache\4XV2,A
4465,ThermoMPNN,4XV2,2.114941120147705,248,L,G,F:\GENESIS Studio\genesis-studio\packages\engines-py\.pdb_cache\4XV2,A
4466,ThermoMPNN,4XV2,2.481541395187378,248,L,H,F:\GENESIS Studio\genesis-studio\packages\engines-py\.pdb_cache\4XV2,A
4467,ThermoMPNN,4XV2,1.090329885482788,248,L,I,F:\GENESIS Studio\genesis-studio\packages\engines-py\.pdb_cache\4XV2,A
4468,ThermoMPNN,4XV2,2.459153413772583,248,L,K,F:\GENESIS Studio\genesis-studio\packages\engines-py\.pdb_cache\4XV2,A
4469,ThermoMPNN,4XV2,0.0,248,L,L,F:\GENESIS Studio\genesis-studio\packages\engines-py\.pdb_cache\4XV2,A
4470,ThermoMPNN,4XV2,0.8653382062911987,248,L,M,F:\GENESIS Studio\genesis-studio\packages\engines-py\.pdb_cache\4XV2,A
4471,ThermoMPNN,4XV2,2.5920467376708984,248,L,N,F:\GENESIS Studio\genesis-studio\packages\engines-py\.pdb_cache\4XV2,A
4472,ThermoMPNN,4XV2,2.8884456157684326,248,L,P,F:\GENESIS Studio\genesis-studio\packages\engines-py\.pdb_cache\4XV2,A
4473,ThermoMPNN,4XV2,2.380342721939087,248,L,Q,F:\GENESIS Studio\genesis-studio\packages\engines-py\.pdb_cache\4XV2,A
4474,ThermoMPNN,4XV2,2.5566821098327637,248,L,R,F:\GENESIS Studio\genesis-studio\packages\engines-py\.pdb_cache\4XV2,A
4475,ThermoMPNN,4XV2,2.1773462295532227,248,L,S,F:\GENESIS Studio\genesis-studio\packages\engines-py\.pdb_cache\4XV2,A
4476,ThermoMPNN,4XV2,2.0082201957702637,248,L,T,F:\GENESIS Studio\genesis-studio\packages\engines-py\.pdb_cache\4XV2,A
4477,ThermoMPNN,4XV2,1.2428715229034424,248,L,V,F:\GENESIS Studio\genesis-studio\packages\engines-py\.pdb_cache\4XV2,A
4478,ThermoMPNN,4XV2,1.7156667709350586,248,L,W,F:\GENESIS Studio\genesis-studio\packages\engines-py\.pdb_cache\4XV2,A
4479,ThermoMPNN,4XV2,1.8194150924682617,248,L,Y,F:\GENESIS Studio\genesis-studio\packages\engines-py\.pdb_cache\4XV2,A
4480,ThermoMPNN,4XV2,-0.08482980728149414,249,K,A,F:\GENESIS Studio\genesis-studio\packages\engines-py\.pdb_cache\4XV2,A
4481,ThermoMPNN,4XV2,0.3861777186393738,249,K,C,F:\GENESIS Studio\genesis-studio\packages\engines-py\.pdb_cache\4XV2,A
4482,ThermoMPNN,4XV2,1.516408920288086,249,K,D,F:\GENESIS Studio\genesis-studio\packages\engines-py\.pdb_cache\4XV2,A
4483,ThermoMPNN,4XV2,0.5073075890541077,249,K,E,F:\GENESIS Studio\genesis-studio\packages\engines-py\.pdb_cache\4XV2,A
4484,ThermoMPNN,4XV2,0.9637036323547363,249,K,F,F:\GENESIS Studio\genesis-studio\packages\engines-py\.pdb_cache\4XV2,A
4485,ThermoMPNN,4XV2,0.7162662744522095,249,K,G,F:\GENESIS Studio\genesis-studio\packages\engines-py\.pdb_cache\4XV2,A
4486,ThermoMPNN,4XV2,0.5566191673278809,249,K,H,F:\GENESIS Studio\genesis-studio\packages\engines-py\.pdb_cache\4XV2,A
4487,ThermoMPNN,4XV2,0.9269235134124756,249,K,I,F:\GENESIS Studio\genesis-studio\packages\engines-py\.pdb_cache\4XV2,A
4488,ThermoMPNN,4XV2,0.0,249,K,K,F:\GENESIS Studio\genesis-studio\packages\engines-py\.pdb_cache\4XV2,A
4489,ThermoMPNN,4XV2,0.6073828339576721,249,K,L,F:\GENESIS Studio\genesis-studio\packages\engines-py\.pdb_cache\4XV2,A
4490,ThermoMPNN,4XV2,0.21754062175750732,249,K,M,F:\GENESIS Studio\genesis-studio\packages\engines-py\.pdb_cache\4XV2,A
4491,ThermoMPNN,4XV2,0.9345481395721436,249,K,N,F:\GENESIS Studio\genesis-studio\packages\engines-py\.pdb_cache\4XV2,A
4492,ThermoMPNN,4XV2,1.817004919052124,249,K,P,F:\GENESIS Studio\genesis-studio\packages\engines-py\.pdb_cache\4XV2,A
4493,ThermoMPNN,4XV2,-0.261913537979126,249,K,Q,F:\GENESIS Studio\genesis-studio\packages\engines-py\.pdb_cache\4XV2,A
4494,ThermoMPNN,4XV2,0.17167603969573975,249,K,R,F:\GENESIS Studio\genesis-studio\packages\engines-py\.pdb_cache\4XV2,A
4495,ThermoMPNN,4XV2,0.3213510513305664,249,K,S,F:\GENESIS Studio\genesis-studio\packages\engines-py\.pdb_cache\4XV2,A
4496,ThermoMPNN,4XV2,0.6722325086593628,249,K,T,F:\GENESIS Studio\genesis-studio\packages\engines-py\.pdb_cache\4XV2,A
4497,ThermoMPNN,4XV2,0.6677944660186768,249,K,V,F:\GENESIS Studio\genesis-studio\packages\engines-py\.pdb_cache\4XV2,A
4498,ThermoMPNN,4XV2,1.1764689683914185,249,K,W,F:\GENESIS Studio\genesis-studio\packages\engines-py\.pdb_cache\4XV2,A
4499,ThermoMPNN,4XV2,1.2071359157562256,249,K,Y,F:\GENESIS Studio\genesis-studio\packages\engines-py\.pdb_cache\4XV2,A
4500,ThermoMPNN,4XV2,0.38680708408355713,250,K,A,F:\GENESIS Studio\genesis-studio\packages\engines-py\.pdb_cache\4XV2,A
4501,ThermoMPNN,4XV2,0.09489434957504272,250,K,C,F:\GENESIS Studio\genesis-studio\packages\engines-py\.pdb_cache\4XV2,A
4502,ThermoMPNN,4XV2,0.8124337792396545,250,K,D,F:\GENESIS Studio\genesis-studio\packages\engines-py\.pdb_cache\4XV2,A
4503,ThermoMPNN,4XV2,0.8392776250839233,250,K,E,F:\GENESIS Studio\genesis-studio\packages\engines-py\.pdb_cache\4XV2,A
4504,ThermoMPNN,4XV2,0.1716386079788208,250,K,F,F:\GENESIS Studio\genesis-studio\packages\engines-py\.pdb_cache\4XV2,A
4505,ThermoMPNN,4XV2,0.8720701932907104,250,K,G,F:\GENESIS Studio\genesis-studio\packages\engines-py\.pdb_cache\4XV2,A
4506,ThermoMPNN,4XV2,-0.11060118675231934,250,K,H,F:\GENESIS Studio\genesis-studio\packages\engines-py\.pdb_cache\4XV2,A
4507,ThermoMPNN,4XV2,0.28163713216781616,250,K,I,F:\GENESIS Studio\genesis-studio\packages\engines-py\.pdb_cache\4XV2,A
4508,ThermoMPNN,4XV2,0.0,250,K,K,F:\GENESIS Studio\genesis-studio\packages\engines-py\.pdb_cache\4XV2,A
4509,ThermoMPNN,4XV2,0.2346668243408203,250,K,L,F:\GENESIS Studio\genesis-studio\packages\engines-py\.pdb_cache\4XV2,A
4510,ThermoMPNN,4XV2,0.39958977699279785,250,K,M,F:\GENESIS Studio\genesis-studio\packages\engines-py\.pdb_cache\4XV2,A
4511,ThermoMPNN,4XV2,0.2809274196624756,250,K,N,F:\GENESIS Studio\genesis-studio\packages\engines-py\.pdb_cache\4XV2,A
4512,ThermoMPNN,4XV2,0.25635284185409546,250,K,P,F:\GENESIS Studio\genesis-studio\packages\engines-py\.pdb_cache\4XV2,A
4513,ThermoMPNN,4XV2,0.34261399507522583,250,K,Q,F:\GENESIS Studio\genesis-studio\packages\engines-py\.pdb_cache\4XV2,A
4514,ThermoMPNN,4XV2,0.07874464988708496,250,K,R,F:\GENESIS Studio\genesis-studio\packages\engines-py\.pdb_cache\4XV2,A
4515,ThermoMPNN,4XV2,0.4419851303100586,250,K,S,F:\GENESIS Studio\genesis-studio\packages\engines-py\.pdb_cache\4XV2,A
4516,ThermoMPNN,4XV2,0.6720538139343262,250,K,T,F:\GENESIS Studio\genesis-studio\packages\engines-py\.pdb_cache\4XV2,A
4517,ThermoMPNN,4XV2,0.4587603807449341,250,K,V,F:\GENESIS Studio\genesis-studio\packages\engines-py\.pdb_cache\4XV2,A
4518,ThermoMPNN,4XV2,0.15897685289382935,250,K,W,F:\GENESIS Studio\genesis-studio\packages\engines-py\.pdb_cache\4XV2,A
4519,ThermoMPNN,4XV2,-0.06722581386566162,250,K,Y,F:\GENESIS Studio\genesis-studio\packages\engines-py\.pdb_cache\4XV2,A
4520,ThermoMPNN,4XV2,0.18526875972747803,251,K,A,F:\GENESIS Studio\genesis-studio\packages\engines-py\.pdb_cache\4XV2,A
4521,ThermoMPNN,4XV2,-0.05484265089035034,251,K,C,F:\GENESIS Studio\genesis-studio\packages\engines-py\.pdb_cache\4XV2,A
4522,ThermoMPNN,4XV2,-0.01153188943862915,251,K,D,F:\GENESIS Studio\genesis-studio\packages\engines-py\.pdb_cache\4XV2,A
4523,ThermoMPNN,4XV2,0.08643388748168945,251,K,E,F:\GENESIS Studio\genesis-studio\packages\engines-py\.pdb_cache\4XV2,A
4524,ThermoMPNN,4XV2,0.2971428632736206,251,K,F,F:\GENESIS Studio\genesis-studio\packages\engines-py\.pdb_cache\4XV2,A
4525,ThermoMPNN,4XV2,0.46713146567344666,251,K,G,F:\GENESIS Studio\genesis-studio\packages\engines-py\.pdb_cache\4XV2,A
4526,ThermoMPNN,4XV2,-0.0835573673248291,251,K,H,F:\GENESIS Studio\genesis-studio\packages\engines-py\.pdb_cache\4XV2,A
4527,ThermoMPNN,4XV2,0.09946256875991821,251,K,I,F:\GENESIS Studio\genesis-studio\packages\engines-py\.pdb_cache\4XV2,A
4528,ThermoMPNN,4XV2,0.0,251,K,K,F:\GENESIS Studio\genesis-studio\packages\engines-py\.pdb_cache\4XV2,A
4529,ThermoMPNN,4XV2,0.1831355094909668,251,K,L,F:\GENESIS Studio\genesis-studio\packages\engines-py\.pdb_cache\4XV2,A
4530,ThermoMPNN,4XV2,0.3659192621707916,251,K,M,F:\GENESIS Studio\genesis-studio\packages\engines-py\.pdb_cache\4XV2,A
4531,ThermoMPNN,4XV2,-0.2708156704902649,251,K,N,F:\GENESIS Studio\genesis-studio\packages\engines-py\.pdb_cache\4XV2,A
4532,ThermoMPNN,4XV2,0.7849560379981995,251,K,P,F:\GENESIS Studio\genesis-studio\packages\engines-py\.pdb_cache\4XV2,A
4533,ThermoMPNN,4XV2,0.11481088399887085,251,K,Q,F:\GENESIS Studio\genesis-studio\packages\engines-py\.pdb_cache\4XV2,A
4534,ThermoMPNN,4XV2,-0.021291255950927734,251,K,R,F:\GENESIS Studio\genesis-studio\packages\engines-py\.pdb_cache\4XV2,A
4535,ThermoMPNN,4XV2,-0.15044260025024414,251,K,S,F:\GENESIS Studio\genesis-studio\packages\engines-py\.pdb_cache\4XV2,A
4536,ThermoMPNN,4XV2,-0.16869550943374634,251,K,T,F:\GENESIS Studio\genesis-studio\packages\engines-py\.pdb_cache\4XV2,A
4537,ThermoMPNN,4XV2,-0.01571577787399292,251,K,V,F:\GENESIS Studio\genesis-studio\packages\engines-py\.pdb_cache\4XV2,A
4538,ThermoMPNN,4XV2,0.474543958902359,251,K,W,F:\GENESIS Studio\genesis-studio\packages\engines-py\.pdb_cache\4XV2,A
4539,ThermoMPNN,4XV2,0.27390891313552856,251,K,Y,F:\GENESIS Studio\genesis-studio\packages\engines-py\.pdb_cache\4XV2,A
4540,ThermoMPNN,4XV2,-0.4538465142250061,252,R,A,F:\GENESIS Studio\genesis-studio\packages\engines-py\.pdb_cache\4XV2,A
4541,ThermoMPNN,4XV2,-0.5671873092651367,252,R,C,F:\GENESIS Studio\genesis-studio\packages\engines-py\.pdb_cache\4XV2,A
4542,ThermoMPNN,4XV2,0.03486904501914978,252,R,D,F:\GENESIS Studio\genesis-studio\packages\engines-py\.pdb_cache\4XV2,A
4543,ThermoMPNN,4XV2,-0.2791709303855896,252,R,E,F:\GENESIS Studio\genesis-studio\packages\engines-py\.pdb_cache\4XV2,A
4544,ThermoMPNN,4XV2,-0.21865779161453247,252,R,F,F:\GENESIS Studio\genesis-studio\packages\engines-py\.pdb_cache\4XV2,A
4545,ThermoMPNN,4XV2,0.1715397834777832,252,R,G,F:\GENESIS Studio\genesis-studio\packages\engines-py\.pdb_cache\4XV2,A
4546,ThermoMPNN,4XV2,-0.052424490451812744,252,R,H,F:\GENESIS Studio\genesis-studio\packages\engines-py\.pdb_cache\4XV2,A
4547,ThermoMPNN,4XV2,-0.6063635349273682,252,R,I,F:\GENESIS Studio\genesis-studio\packages\engines-py\.pdb_cache\4XV2,A
4548,ThermoMPNN,4XV2,-0.1701904535293579,252,R,K,F:\GENESIS Studio\genesis-studio\packages\engines-py\.pdb_cache\4XV2,A
4549,ThermoMPNN,4XV2,-0.4869788885116577,252,R,L,F:\GENESIS Studio\genesis-studio\packages\engines-py\.pdb_cache\4XV2,A
4550,ThermoMPNN,4XV2,-0.3167932629585266,252,R,M,F:\GENESIS Studio\genesis-studio\packages\engines-py\.pdb_cache\4XV2,A
4551,ThermoMPNN,4XV2,0.0672711730003357,252,R,N,F:\GENESIS Studio\genesis-studio\packages\engines-py\.pdb_cache\4XV2,A
4552,ThermoMPNN,4XV2,-0.9052137136459351,252,R,P,F:\GENESIS Studio\genesis-studio\packages\engines-py\.pdb_cache\4XV2,A
4553,ThermoMPNN,4XV2,-0.12911486625671387,252,R,Q,F:\GENESIS Studio\genesis-studio\packages\engines-py\.pdb_cache\4XV2,A
4554,ThermoMPNN,4XV2,0.0,252,R,R,F:\GENESIS Studio\genesis-studio\packages\engines-py\.pdb_cache\4XV2,A
4555,ThermoMPNN,4XV2,-0.16218018531799316,252,R,S,F:\GENESIS Studio\genesis-studio\packages\engines-py\.pdb_cache\4XV2,A
4556,ThermoMPNN,4XV2,0.039953410625457764,252,R,T,F:\GENESIS Studio\genesis-studio\packages\engines-py\.pdb_cache\4XV2,A
4557,ThermoMPNN,4XV2,-0.4897565245628357,252,R,V,F:\GENESIS Studio\genesis-studio\packages\engines-py\.pdb_cache\4XV2,A
4558,ThermoMPNN,4XV2,-0.21774983406066895,252,R,W,F:\GENESIS Studio\genesis-studio\packages\engines-py\.pdb_cache\4XV2,A
4559,ThermoMPNN,4XV2,-0.22223448753356934,252,R,Y,F:\GENESIS Studio\genesis-studio\packages\engines-py\.pdb_cache\4XV2,A
4560,ThermoMPNN,4XV2,0.5113798975944519,253,D,A,F:\GENESIS Studio\genesis-studio\packages\engines-py\.pdb_cache\4XV2,A
4561,ThermoMPNN,4XV2,0.09702837467193604,253,D,C,F:\GENESIS Studio\genesis-studio\packages\engines-py\.pdb_cache\4XV2,A
4562,ThermoMPNN,4XV2,0.0,253,D,D,F:\GENESIS Studio\genesis-studio\packages\engines-py\.pdb_cache\4XV2,A
4563,ThermoMPNN,4XV2,0.30618876218795776,253,D,E,F:\GENESIS Studio\genesis-studio\packages\engines-py\.pdb_cache\4XV2,A
4564,ThermoMPNN,4XV2,0.503418505191803,253,D,F,F:\GENESIS Studio\genesis-studio\packages\engines-py\.pdb_cache\4XV2,A
4565,ThermoMPNN,4XV2,0.5264173150062561,253,D,G,F:\GENESIS Studio\genesis-studio\packages\engines-py\.pdb_cache\4XV2,A
4566,ThermoMPNN,4XV2,0.2859828472137451,253,D,H,F:\GENESIS Studio\genesis-studio\packages\engines-py\.pdb_cache\4XV2,A
4567,ThermoMPNN,4XV2,0.8768082857131958,253,D,I,F:\GENESIS Studio\genesis-studio\packages\engines-py\.pdb_cache\4XV2,A
4568,ThermoMPNN,4XV2,0.7092596292495728,253,D,K,F:\GENESIS Studio\genesis-studio\packages\engines-py\.pdb_cache\4XV2,A
4569,ThermoMPNN,4XV2,0.805699348449707,253,D,L,F:\GENESIS Studio\genesis-studio\packages\engines-py\.pdb_cache\4XV2,A
4570,ThermoMPNN,4XV2,0.7733514308929443,253,D,M,F:\GENESIS Studio\genesis-studio\packages\engines-py\.pdb_cache\4XV2,A
4571,ThermoMPNN,4XV2,0.23161256313323975,253,D,N,F:\GENESIS Studio\genesis-studio\packages\engines-py\.pdb_cache\4XV2,A
4572,ThermoMPNN,4XV2,0.6268135905265808,253,D,P,F:\GENESIS Studio\genesis-studio\packages\engines-py\.pdb_cache\4XV2,A
4573,ThermoMPNN,4XV2,0.6016674637794495,253,D,Q,F:\GENESIS Studio\genesis-studio\packages\engines-py\.pdb_cache\4XV2,A
4574,ThermoMPNN,4XV2,0.7110431790351868,253,D,R,F:\GENESIS Studio\genesis-studio\packages\engines-py\.pdb_cache\4XV2,A
4575,ThermoMPNN,4XV2,0.34302282333374023,253,D,S,F:\GENESIS Studio\genesis-studio\packages\engines-py\.pdb_cache\4XV2,A
4576,ThermoMPNN,4XV2,0.5556776523590088,253,D,T,F:\GENESIS Studio\genesis-studio\packages\engines-py\.pdb_cache\4XV2,A
4577,ThermoMPNN,4XV2,0.8978167176246643,253,D,V,F:\GENESIS Studio\genesis-studio\packages\engines-py\.pdb_cache\4XV2,A
4578,ThermoMPNN,4XV2,0.49037814140319824,253,D,W,F:\GENESIS Studio\genesis-studio\packages\engines-py\.pdb_cache\4XV2,A
4579,ThermoMPNN,4XV2,0.37440288066864014,253,D,Y,F:\GENESIS Studio\genesis-studio\packages\engines-py\.pdb_cache\4XV2,A
4580,ThermoMPNN,4XV2,0.7854335904121399,254,E,A,F:\GENESIS Studio\genesis-studio\packages\engines-py\.pdb_cache\4XV2,A
4581,ThermoMPNN,4XV2,0.6733219623565674,254,E,C,F:\GENESIS Studio\genesis-studio\packages\engines-py\.pdb_cache\4XV2,A
4582,ThermoMPNN,4XV2,0.6249898672103882,254,E,D,F:\GENESIS Studio\genesis-studio\packages\engines-py\.pdb_cache\4XV2,A
4583,ThermoMPNN,4XV2,0.0,254,E,E,F:\GENESIS Studio\genesis-studio\packages\engines-py\.pdb_cache\4XV2,A
4584,ThermoMPNN,4XV2,1.3020126819610596,254,E,F,F:\GENESIS Studio\genesis-studio\packages\engines-py\.pdb_cache\4XV2,A
4585,ThermoMPNN,4XV2,1.2806607484817505,254,E,G,F:\GENESIS Studio\genesis-studio\packages\engines-py\.pdb_cache\4XV2,A
4586,ThermoMPNN,4XV2,1.1900694370269775,254,E,H,F:\GENESIS Studio\genesis-studio\packages\engines-py\.pdb_cache\4XV2,A
4587,ThermoMPNN,4XV2,1.3419326543807983,254,E,I,F:\GENESIS Studio\genesis-studio\packages\engines-py\.pdb_cache\4XV2,A
4588,ThermoMPNN,4XV2,1.4193795919418335,254,E,K,F:\GENESIS Studio\genesis-studio\packages\engines-py\.pdb_cache\4XV2,A
4589,ThermoMPNN,4XV2,0.9817551970481873,254,E,L,F:\GENESIS Studio\genesis-studio\packages\engines-py\.pdb_cache\4XV2,A
4590,ThermoMPNN,4XV2,0.8327358961105347,254,E,M,F:\GENESIS Studio\genesis-studio\packages\engines-py\.pdb_cache\4XV2,A
4591,ThermoMPNN,4XV2,1.2136497497558594,254,E,N,F:\GENESIS Studio\genesis-studio\packages\engines-py\.pdb_cache\4XV2,A
4592,ThermoMPNN,4XV2,1.771761178970337,254,E,P,F:\GENESIS Studio\genesis-studio\packages\engines-py\.pdb_cache\4XV2,A
4593,ThermoMPNN,4XV2,0.6906090974807739,254,E,Q,F:\GENESIS Studio\genesis-studio\packages\engines-py\.pdb_cache\4XV2,A
4594,ThermoMPNN,4XV2,1.490675926208496,254,E,R,F:\GENESIS Studio\genesis-studio\packages\engines-py\.pdb_cache\4XV2,A
4595,ThermoMPNN,4XV2,1.0582551956176758,254,E,S,F:\GENESIS Studio\genesis-studio\packages\engines-py\.pdb_cache\4XV2,A
4596,ThermoMPNN,4XV2,1.0522398948669434,254,E,T,F:\GENESIS Studio\genesis-studio\packages\engines-py\.pdb_cache\4XV2,A
4597,ThermoMPNN,4XV2,1.4362900257110596,254,E,V,F:\GENESIS Studio\genesis-studio\packages\engines-py\.pdb_cache\4XV2,A
4598,ThermoMPNN,4XV2,1.2186273336410522,254,E,W,F:\GENESIS Studio\genesis-studio\packages\engines-py\.pdb_cache\4XV2,A
4599,ThermoMPNN,4XV2,1.2265928983688354,254,E,Y,F:\GENESIS Studio\genesis-studio\packages\engines-py\.pdb_cache\4XV2,A
4600,ThermoMPNN,4XV2,2.241870641708374,255,R,A,F:\GENESIS Studio\genesis-studio\packages\engines-py\.pdb_cache\4XV2,A
4601,ThermoMPNN,4XV2,2.021049976348877,255,R,C,F:\GENESIS Studio\genesis-studio\packages\engines-py\.pdb_cache\4XV2,A
4602,ThermoMPNN,4XV2,2.6343677043914795,255,R,D,F:\GENESIS Studio\genesis-studio\packages\engines-py\.pdb_cache\4XV2,A
4603,ThermoMPNN,4XV2,2.884472370147705,255,R,E,F:\GENESIS Studio\genesis-studio\packages\engines-py\.pdb_cache\4XV2,A
4604,ThermoMPNN,4XV2,2.0905537605285645,255,R,F,F:\GENESIS Studio\genesis-studio\packages\engines-py\.pdb_cache\4XV2,A
4605,ThermoMPNN,4XV2,2.6452999114990234,255,R,G,F:\GENESIS Studio\genesis-studio\packages\engines-py\.pdb_cache\4XV2,A
4606,ThermoMPNN,4XV2,2.11177659034729,255,R,H,F:\GENESIS Studio\genesis-studio\packages\engines-py\.pdb_cache\4XV2,A
4607,ThermoMPNN,4XV2,1.9440186023712158,255,R,I,F:\GENESIS Studio\genesis-studio\packages\engines-py\.pdb_cache\4XV2,A
4608,ThermoMPNN,4XV2,0.6058351993560791,255,R,K,F:\GENESIS Studio\genesis-studio\packages\engines-py\.pdb_cache\4XV2,A
4609,ThermoMPNN,4XV2,1.528710961341858,255,R,L,F:\GENESIS Studio\genesis-studio\packages\engines-py\.pdb_cache\4XV2,A
4610,ThermoMPNN,4XV2,1.66975736618042,255,R,M,F:\GENESIS Studio\genesis-studio\packages\engines-py\.pdb_cache\4XV2,A
4611,ThermoMPNN,4XV2,2.1970083713531494,255,R,N,F:\GENESIS Studio\genesis-studio\packages\engines-py\.pdb_cache\4XV2,A
4612,ThermoMPNN,4XV2,1.9357966184616089,255,R,P,F:\GENESIS Studio\genesis-studio\packages\engines-py\.pdb_cache\4XV2,A
4613,ThermoMPNN,4XV2,1.7856919765472412,255,R,Q,F:\GENESIS Studio\genesis-studio\packages\engines-py\.pdb_cache\4XV2,A
4614,ThermoMPNN,4XV2,0.0,255,R,R,F:\GENESIS Studio\genesis-studio\packages\engines-py\.pdb_cache\4XV2,A
4615,ThermoMPNN,4XV2,2.084324598312378,255,R,S,F:\GENESIS Studio\genesis-studio\packages\engines-py\.pdb_cache\4XV2,A
4616,ThermoMPNN,4XV2,2.0857081413269043,255,R,T,F:\GENESIS Studio\genesis-studio\packages\engines-py\.pdb_cache\4XV2,A
4617,ThermoMPNN,4XV2,2.1652028560638428,255,R,V,F:\GENESIS Studio\genesis-studio\packages\engines-py\.pdb_cache\4XV2,A
4618,ThermoMPNN,4XV2,2.271226167678833,255,R,W,F:\GENESIS Studio\genesis-studio\packages\engines-py\.pdb_cache\4XV2,A
4619,ThermoMPNN,4XV2,2.204472780227661,255,R,Y,F:\GENESIS Studio\genesis-studio\packages\engines-py\.pdb_cache\4XV2,A
4620,ThermoMPNN,4XV2,1.4822957515716553,256,P,A,F:\GENESIS Studio\genesis-studio\packages\engines-py\.pdb_cache\4XV2,A
4621,ThermoMPNN,4XV2,0.9483543634414673,256,P,C,F:\GENESIS Studio\genesis-studio\packages\engines-py\.pdb_cache\4XV2,A
4622,ThermoMPNN,4XV2,1.7887585163116455,256,P,D,F:\GENESIS Studio\genesis-studio\packages\engines-py\.pdb_cache\4XV2,A
4623,ThermoMPNN,4XV2,1.684736728668213,256,P,E,F:\GENESIS Studio\genesis-studio\packages\engines-py\.pdb_cache\4XV2,A
4624,ThermoMPNN,4XV2,1.4025795459747314,256,P,F,F:\GENESIS Studio\genesis-studio\packages\engines-py\.pdb_cache\4XV2,A
4625,ThermoMPNN,4XV2,1.79056715965271,256,P,G,F:\GENESIS Studio\genesis-studio\packages\engines-py\.pdb_cache\4XV2,A
4626,ThermoMPNN,4XV2,1.6284774541854858,256,P,H,F:\GENESIS Studio\genesis-studio\packages\engines-py\.pdb_cache\4XV2,A
4627,ThermoMPNN,4XV2,1.399154782295227,256,P,I,F:\GENESIS Studio\genesis-studio\packages\engines-py\.pdb_cache\4XV2,A
4628,ThermoMPNN,4XV2,1.6489461660385132,256,P,K,F:\GENESIS Studio\genesis-studio\packages\engines-py\.pdb_cache\4XV2,A
4629,ThermoMPNN,4XV2,1.1854026317596436,256,P,L,F:\GENESIS Studio\genesis-studio\packages\engines-py\.pdb_cache\4XV2,A
4630,ThermoMPNN,4XV2,1.2703170776367188,256,P,M,F:\GENESIS Studio\genesis-studio\packages\engines-py\.pdb_cache\4XV2,A
4631,ThermoMPNN,4XV2,1.7310932874679565,256,P,N,F:\GENESIS Studio\genesis-studio\packages\engines-py\.pdb_cache\4XV2,A
4632,ThermoMPNN,4XV2,0.0,256,P,P,F:\GENESIS Studio\genesis-studio\packages\engines-py\.pdb_cache\4XV2,A
4633,ThermoMPNN,4XV2,1.7278544902801514,256,P,Q,F:\GENESIS Studio\genesis-studio\packages\engines-py\.pdb_cache\4XV2,A
4634,ThermoMPNN,4XV2,1.7302886247634888,256,P,R,F:\GENESIS Studio\genesis-studio\packages\engines-py\.pdb_cache\4XV2,A
4635,ThermoMPNN,4XV2,1.5822679996490479,256,P,S,F:\GENESIS Studio\genesis-studio\packages\engines-py\.pdb_cache\4XV2,A
4636,ThermoMPNN,4XV2,1.6757032871246338,256,P,T,F:\GENESIS Studio\genesis-studio\packages\engines-py\.pdb_cache\4XV2,A
4637,ThermoMPNN,4XV2,1.5269560813903809,256,P,V,F:\GENESIS Studio\genesis-studio\packages\engines-py\.pdb_cache\4XV2,A
4638,ThermoMPNN,4XV2,1.3195991516113281,256,P,W,F:\GENESIS Studio\genesis-studio\packages\engines-py\.pdb_cache\4XV2,A
4639,ThermoMPNN,4XV2,1.2608201503753662,256,P,Y,F:\GENESIS Studio\genesis-studio\packages\engines-py\.pdb_cache\4XV2,A
4640,ThermoMPNN,4XV2,0.4763929843902588,257,S,A,F:\GENESIS Studio\genesis-studio\packages\engines-py\.pdb_cache\4XV2,A
4641,ThermoMPNN,4XV2,0.27256977558135986,257,S,C,F:\GENESIS Studio\genesis-studio\packages\engines-py\.pdb_cache\4XV2,A
4642,ThermoMPNN,4XV2,-0.19017374515533447,257,S,D,F:\GENESIS Studio\genesis-studio\packages\engines-py\.pdb_cache\4XV2,A
4643,ThermoMPNN,4XV2,0.358873188495636,257,S,E,F:\GENESIS Studio\genesis-studio\packages\engines-py\.pdb_cache\4XV2,A
4644,ThermoMPNN,4XV2,0.956540584564209,257,S,F,F:\GENESIS Studio\genesis-studio\packages\engines-py\.pdb_cache\4XV2,A
4645,ThermoMPNN,4XV2,0.6324622631072998,257,S,G,F:\GENESIS Studio\genesis-studio\packages\engines-py\.pdb_cache\4XV2,A
4646,ThermoMPNN,4XV2,0.7174907922744751,257,S,H,F:\GENESIS Studio\genesis-studio\packages\engines-py\.pdb_cache\4XV2,A
4647,ThermoMPNN,4XV2,0.9421848058700562,257,S,I,F:\GENESIS Studio\genesis-studio\packages\engines-py\.pdb_cache\4XV2,A
4648,ThermoMPNN,4XV2,0.809991717338562,257,S,K,F:\GENESIS Studio\genesis-studio\packages\engines-py\.pdb_cache\4XV2,A
4649,ThermoMPNN,4XV2,0.7703143358230591,257,S,L,F:\GENESIS Studio\genesis-studio\packages\engines-py\.pdb_cache\4XV2,A
4650,ThermoMPNN,4XV2,0.8350411057472229,257,S,M,F:\GENESIS Studio\genesis-studio\packages\engines-py\.pdb_cache\4XV2,A
4651,ThermoMPNN,4XV2,0.21637976169586182,257,S,N,F:\GENESIS Studio\genesis-studio\packages\engines-py\.pdb_cache\4XV2,A
4652,ThermoMPNN,4XV2,0.5106877088546753,257,S,P,F:\GENESIS Studio\genesis-studio\packages\engines-py\.pdb_cache\4XV2,A
4653,ThermoMPNN,4XV2,0.7731457352638245,257,S,Q,F:\GENESIS Studio\genesis-studio\packages\engines-py\.pdb_cache\4XV2,A
4654,ThermoMPNN,4XV2,0.8452252149581909,257,S,R,F:\GENESIS Studio\genesis-studio\packages\engines-py\.pdb_cache\4XV2,A
4655,ThermoMPNN,4XV2,0.0,257,S,S,F:\GENESIS Studio\genesis-studio\packages\engines-py\.pdb_cache\4XV2,A
4656,ThermoMPNN,4XV2,0.26279759407043457,257,S,T,F:\GENESIS Studio\genesis-studio\packages\engines-py\.pdb_cache\4XV2,A
4657,ThermoMPNN,4XV2,1.0276110172271729,257,S,V,F:\GENESIS Studio\genesis-studio\packages\engines-py\.pdb_cache\4XV2,A
4658,ThermoMPNN,4XV2,0.9191615581512451,257,S,W,F:\GENESIS Studio\genesis-studio\packages\engines-py\.pdb_cache\4XV2,A
4659,ThermoMPNN,4XV2,1.120328664779663,257,S,Y,F:\GENESIS Studio\genesis-studio\packages\engines-py\.pdb_cache\4XV2,A
4660,ThermoMPNN,4XV2,2.5441503524780273,258,F,A,F:\GENESIS Studio\genesis-studio\packages\engines-py\.pdb_cache\4XV2,A
4661,ThermoMPNN,4XV2,1.3639289140701294,258,F,C,F:\GENESIS Studio\genesis-studio\packages\engines-py\.pdb_cache\4XV2,A
4662,ThermoMPNN,4XV2,3.12663197517395,258,F,D,F:\GENESIS Studio\genesis-studio\packages\engines-py\.pdb_cache\4XV2,A
4663,ThermoMPNN,4XV2,3.0043392181396484,258,F,E,F:\GENESIS Studio\genesis-studio\packages\engines-py\.pdb_cache\4XV2,A
4664,ThermoMPNN,4XV2,0.0,258,F,F,F:\GENESIS Studio\genesis-studio\packages\engines-py\.pdb_cache\4XV2,A
4665,ThermoMPNN,4XV2,2.8985822200775146,258,F,G,F:\GENESIS Studio\genesis-studio\packages\engines-py\.pdb_cache\4XV2,A
4666,ThermoMPNN,4XV2,2.48235821723938,258,F,H,F:\GENESIS Studio\genesis-studio\packages\engines-py\.pdb_cache\4XV2,A
4667,ThermoMPNN,4XV2,1.261436104774475,258,F,I,F:\GENESIS Studio\genesis-studio\packages\engines-py\.pdb_cache\4XV2,A
4668,ThermoMPNN,4XV2,2.5028932094573975,258,F,K,F:\GENESIS Studio\genesis-studio\packages\engines-py\.pdb_cache\4XV2,A
4669,ThermoMPNN,4XV2,0.7399040460586548,258,F,L,F:\GENESIS Studio\genesis-studio\packages\engines-py\.pdb_cache\4XV2,A
4670,ThermoMPNN,4XV2,1.0136804580688477,258,F,M,F:\GENESIS Studio\genesis-studio\packages\engines-py\.pdb_cache\4XV2,A
4671,ThermoMPNN,4XV2,2.5908939838409424,258,F,N,F:\GENESIS Studio\genesis-studio\packages\engines-py\.pdb_cache\4XV2,A
4672,ThermoMPNN,4XV2,2.1652603149414062,258,F,P,F:\GENESIS Studio\genesis-studio\packages\engines-py\.pdb_cache\4XV2,A
4673,ThermoMPNN,4XV2,2.73576021194458,258,F,Q,F:\GENESIS Studio\genesis-studio\packages\engines-py\.pdb_cache\4XV2,A
4674,ThermoMPNN,4XV2,2.3688459396362305,258,F,R,F:\GENESIS Studio\genesis-studio\packages\engines-py\.pdb_cache\4XV2,A
4675,ThermoMPNN,4XV2,2.6914637088775635,258,F,S,F:\GENESIS Studio\genesis-studio\packages\engines-py\.pdb_cache\4XV2,A
4676,ThermoMPNN,4XV2,2.3491454124450684,258,F,T,F:\GENESIS Studio\genesis-studio\packages\engines-py\.pdb_cache\4XV2,A
4677,ThermoMPNN,4XV2,1.5584300756454468,258,F,V,F:\GENESIS Studio\genesis-studio\packages\engines-py\.pdb_cache\4XV2,A
4678,ThermoMPNN,4XV2,1.1989738941192627,258,F,W,F:\GENESIS Studio\genesis-studio\packages\engines-py\.pdb_cache\4XV2,A
4679,ThermoMPNN,4XV2,1.3397397994995117,258,F,Y,F:\GENESIS Studio\genesis-studio\packages\engines-py\.pdb_cache\4XV2,A
4680,ThermoMPNN,4XV2,-0.3648265600204468,259,P,A,F:\GENESIS Studio\genesis-studio\packages\engines-py\.pdb_cache\4XV2,A
4681,ThermoMPNN,4XV2,-0.18601983785629272,259,P,C,F:\GENESIS Studio\genesis-studio\packages\engines-py\.pdb_cache\4XV2,A
4682,ThermoMPNN,4XV2,0.2636673152446747,259,P,D,F:\GENESIS Studio\genesis-studio\packages\engines-py\.pdb_cache\4XV2,A
4683,ThermoMPNN,4XV2,0.009535670280456543,259,P,E,F:\GENESIS Studio\genesis-studio\packages\engines-py\.pdb_cache\4XV2,A
4684,ThermoMPNN,4XV2,0.19586825370788574,259,P,F,F:\GENESIS Studio\genesis-studio\packages\engines-py\.pdb_cache\4XV2,A
4685,ThermoMPNN,4XV2,-0.003957927227020264,259,P,G,F:\GENESIS Studio\genesis-studio\packages\engines-py\.pdb_cache\4XV2,A
4686,ThermoMPNN,4XV2,-0.013704121112823486,259,P,H,F:\GENESIS Studio\genesis-studio\packages\engines-py\.pdb_cache\4XV2,A
4687,ThermoMPNN,4XV2,0.11008745431900024,259,P,I,F:\GENESIS Studio\genesis-studio\packages\engines-py\.pdb_cache\4XV2,A
4688,ThermoMPNN,4XV2,-0.3257327079772949,259,P,K,F:\GENESIS Studio\genesis-studio\packages\engines-py\.pdb_cache\4XV2,A
4689,ThermoMPNN,4XV2,0.10768306255340576,259,P,L,F:\GENESIS Studio\genesis-studio\packages\engines-py\.pdb_cache\4XV2,A
4690,ThermoMPNN,4XV2,0.08482217788696289,259,P,M,F:\GENESIS Studio\genesis-studio\packages\engines-py\.pdb_cache\4XV2,A
4691,ThermoMPNN,4XV2,0.08593112230300903,259,P,N,F:\GENESIS Studio\genesis-studio\packages\engines-py\.pdb_cache\4XV2,A
4692,ThermoMPNN,4XV2,0.0,259,P,P,F:\GENESIS Studio\genesis-studio\packages\engines-py\.pdb_cache\4XV2,A
4693,ThermoMPNN,4XV2,-0.13966816663742065,259,P,Q,F:\GENESIS Studio\genesis-studio\packages\engines-py\.pdb_cache\4XV2,A
4694,ThermoMPNN,4XV2,-0.21944117546081543,259,P,R,F:\GENESIS Studio\genesis-studio\packages\engines-py\.pdb_cache\4XV2,A
4695,ThermoMPNN,4XV2,-0.24915051460266113,259,P,S,F:\GENESIS Studio\genesis-studio\packages\engines-py\.pdb_cache\4XV2,A
4696,ThermoMPNN,4XV2,0.00014448165893554688,259,P,T,F:\GENESIS Studio\genesis-studio\packages\engines-py\.pdb_cache\4XV2,A
4697,ThermoMPNN,4XV2,0.09940981864929199,259,P,V,F:\GENESIS Studio\genesis-studio\packages\engines-py\.pdb_cache\4XV2,A
4698,ThermoMPNN,4XV2,0.16232717037200928,259,P,W,F:\GENESIS Studio\genesis-studio\packages\engines-py\.pdb_cache\4XV2,A
4699,ThermoMPNN,4XV2,0.14563685655593872,259,P,Y,F:\GENESIS Studio\genesis-studio\packages\engines-py\.pdb_cache\4XV2,A
4700,ThermoMPNN,4XV2,0.2961444854736328,260,R,A,F:\GENESIS Studio\genesis-studio\packages\engines-py\.pdb_cache\4XV2,A
4701,ThermoMPNN,4XV2,0.21931970119476318,260,R,C,F:\GENESIS Studio\genesis-studio\packages\engines-py\.pdb_cache\4XV2,A
4702,ThermoMPNN,4XV2,0.5488260984420776,260,R,D,F:\GENESIS Studio\genesis-studio\packages\engines-py\.pdb_cache\4XV2,A
4703,ThermoMPNN,4XV2,0.447448194026947,260,R,E,F:\GENESIS Studio\genesis-studio\packages\engines-py\.pdb_cache\4XV2,A
4704,ThermoMPNN,4XV2,0.3774498701095581,260,R,F,F:\GENESIS Studio\genesis-studio\packages\engines-py\.pdb_cache\4XV2,A
4705,ThermoMPNN,4XV2,0.9609702229499817,260,R,G,F:\GENESIS Studio\genesis-studio\packages\engines-py\.pdb_cache\4XV2,A
4706,ThermoMPNN,4XV2,0.3380420207977295,260,R,H,F:\GENESIS Studio\genesis-studio\packages\engines-py\.pdb_cache\4XV2,A
4707,ThermoMPNN,4XV2,0.2128969430923462,260,R,I,F:\GENESIS Studio\genesis-studio\packages\engines-py\.pdb_cache\4XV2,A
4708,ThermoMPNN,4XV2,0.12605619430541992,260,R,K,F:\GENESIS Studio\genesis-studio\packages\engines-py\.pdb_cache\4XV2,A
4709,ThermoMPNN,4XV2,0.2967182993888855,260,R,L,F:\GENESIS Studio\genesis-studio\packages\engines-py\.pdb_cache\4XV2,A
4710,ThermoMPNN,4XV2,0.3208119869232178,260,R,M,F:\GENESIS Studio\genesis-studio\packages\engines-py\.pdb_cache\4XV2,A
4711,ThermoMPNN,4XV2,0.37199223041534424,260,R,N,F:\GENESIS Studio\genesis-studio\packages\engines-py\.pdb_cache\4XV2,A
4712,ThermoMPNN,4XV2,2.4704549312591553,260,R,P,F:\GENESIS Studio\genesis-studio\packages\engines-py\.pdb_cache\4XV2,A
4713,ThermoMPNN,4XV2,0.16941308975219727,260,R,Q,F:\GENESIS Studio\genesis-studio\packages\engines-py\.pdb_cache\4XV2,A
4714,ThermoMPNN,4XV2,0.0,260,R,R,F:\GENESIS Studio\genesis-studio\packages\engines-py\.pdb_cache\4XV2,A
4715,ThermoMPNN,4XV2,0.4985438585281372,260,R,S,F:\GENESIS Studio\genesis-studio\packages\engines-py\.pdb_cache\4XV2,A
4716,ThermoMPNN,4XV2,0.37953507900238037,260,R,T,F:\GENESIS Studio\genesis-studio\packages\engines-py\.pdb_cache\4XV2,A
4717,ThermoMPNN,4XV2,0.11028909683227539,260,R,V,F:\GENESIS Studio\genesis-studio\packages\engines-py\.pdb_cache\4XV2,A
4718,ThermoMPNN,4XV2,0.45622551441192627,260,R,W,F:\GENESIS Studio\genesis-studio\packages\engines-py\.pdb_cache\4XV2,A
4719,ThermoMPNN,4XV2,0.38789403438568115,260,R,Y,F:\GENESIS Studio\genesis-studio\packages\engines-py\.pdb_cache\4XV2,A
4720,ThermoMPNN,4XV2,2.1800851821899414,261,I,A,F:\GENESIS Studio\genesis-studio\packages\engines-py\.pdb_cache\4XV2,A
4721,ThermoMPNN,4XV2,1.6485713720321655,261,I,C,F:\GENESIS Studio\genesis-studio\packages\engines-py\.pdb_cache\4XV2,A
4722,ThermoMPNN,4XV2,2.995201587677002,261,I,D,F:\GENESIS Studio\genesis-studio\packages\engines-py\.pdb_cache\4XV2,A
4723,ThermoMPNN,4XV2,2.9954259395599365,261,I,E,F:\GENESIS Studio\genesis-studio\packages\engines-py\.pdb_cache\4XV2,A
4724,ThermoMPNN,4XV2,1.879202127456665,261,I,F,F:\GENESIS Studio\genesis-studio\packages\engines-py\.pdb_cache\4XV2,A
4725,ThermoMPNN,4XV2,2.9913179874420166,261,I,G,F:\GENESIS Studio\genesis-studio\packages\engines-py\.pdb_cache\4XV2,A
4726,ThermoMPNN,4XV2,2.87347412109375,261,I,H,F:\GENESIS Studio\genesis-studio\packages\engines-py\.pdb_cache\4XV2,A
4727,ThermoMPNN,4XV2,0.0,261,I,I,F:\GENESIS Studio\genesis-studio\packages\engines-py\.pdb_cache\4XV2,A
4728,ThermoMPNN,4XV2,2.8159255981445312,261,I,K,F:\GENESIS Studio\genesis-studio\packages\engines-py\.pdb_cache\4XV2,A
4729,ThermoMPNN,4XV2,0.9360768795013428,261,I,L,F:\GENESIS Studio\genesis-studio\packages\engines-py\.pdb_cache\4XV2,A
4730,ThermoMPNN,4XV2,1.6377109289169312,261,I,M,F:\GENESIS Studio\genesis-studio\packages\engines-py\.pdb_cache\4XV2,A
4731,ThermoMPNN,4XV2,2.9927608966827393,261,I,N,F:\GENESIS Studio\genesis-studio\packages\engines-py\.pdb_cache\4XV2,A
4732,ThermoMPNN,4XV2,2.8725669384002686,261,I,P,F:\GENESIS Studio\genesis-studio\packages\engines-py\.pdb_cache\4XV2,A
4733,ThermoMPNN,4XV2,2.935472249984741,261,I,Q,F:\GENESIS Studio\genesis-studio\packages\engines-py\.pdb_cache\4XV2,A
4734,ThermoMPNN,4XV2,2.8634283542633057,261,I,R,F:\GENESIS Studio\genesis-studio\packages\engines-py\.pdb_cache\4XV2,A
4735,ThermoMPNN,4XV2,2.852485179901123,261,I,S,F:\GENESIS Studio\genesis-studio\packages\engines-py\.pdb_cache\4XV2,A
4736,ThermoMPNN,4XV2,2.3477675914764404,261,I,T,F:\GENESIS Studio\genesis-studio\packages\engines-py\.pdb_cache\4XV2,A
4737,ThermoMPNN,4XV2,0.6528944969177246,261,I,V,F:\GENESIS Studio\genesis-studio\packages\engines-py\.pdb_cache\4XV2,A
4738,ThermoMPNN,4XV2,2.106750726699829,261,I,W,F:\GENESIS Studio\genesis-studio\packages\engines-py\.pdb_cache\4XV2,A
4739,ThermoMPNN,4XV2,2.147843837738037,261,I,Y,F:\GENESIS Studio\genesis-studio\packages\engines-py\.pdb_cache\4XV2,A
4740,ThermoMPNN,4XV2,2.134073257446289,262,L,A,F:\GENESIS Studio\genesis-studio\packages\engines-py\.pdb_cache\4XV2,A
4741,ThermoMPNN,4XV2,1.3139111995697021,262,L,C,F:\GENESIS Studio\genesis-studio\packages\engines-py\.pdb_cache\4XV2,A
4742,ThermoMPNN,4XV2,2.790095329284668,262,L,D,F:\GENESIS Studio\genesis-studio\packages\engines-py\.pdb_cache\4XV2,A
4743,ThermoMPNN,4XV2,2.5933475494384766,262,L,E,F:\GENESIS Studio\genesis-studio\packages\engines-py\.pdb_cache\4XV2,A
4744,ThermoMPNN,4XV2,1.0075920820236206,262,L,F,F:\GENESIS Studio\genesis-studio\packages\engines-py\.pdb_cache\4XV2,A
4745,ThermoMPNN,4XV2,2.6960391998291016,262,L,G,F:\GENESIS Studio\genesis-studio\packages\engines-py\.pdb_cache\4XV2,A
4746,ThermoMPNN,4XV2,2.2893402576446533,262,L,H,F:\GENESIS Studio\genesis-studio\packages\engines-py\.pdb_cache\4XV2,A
4747,ThermoMPNN,4XV2,0.5572102069854736,262,L,I,F:\GENESIS Studio\genesis-studio\packages\engines-py\.pdb_cache\4XV2,A
4748,ThermoMPNN,4XV2,2.2724931240081787,262,L,K,F:\GENESIS Studio\genesis-studio\packages\engines-py\.pdb_cache\4XV2,A
4749,ThermoMPNN,4XV2,0.0,262,L,L,F:\GENESIS Studio\genesis-studio\packages\engines-py\.pdb_cache\4XV2,A
4750,ThermoMPNN,4XV2,1.0525026321411133,262,L,M,F:\GENESIS Studio\genesis-studio\packages\engines-py\.pdb_cache\4XV2,A
4751,ThermoMPNN,4XV2,2.6950953006744385,262,L,N,F:\GENESIS Studio\genesis-studio\packages\engines-py\.pdb_cache\4XV2,A
4752,ThermoMPNN,4XV2,2.8024678230285645,262,L,P,F:\GENESIS Studio\genesis-studio\packages\engines-py\.pdb_cache\4XV2,A
4753,ThermoMPNN,4XV2,2.44154691696167,262,L,Q,F:\GENESIS Studio\genesis-studio\packages\engines-py\.pdb_cache\4XV2,A
4754,ThermoMPNN,4XV2,2.2032647132873535,262,L,R,F:\GENESIS Studio\genesis-studio\packages\engines-py\.pdb_cache\4XV2,A
4755,ThermoMPNN,4XV2,2.347700834274292,262,L,S,F:\GENESIS Studio\genesis-studio\packages\engines-py\.pdb_cache\4XV2,A
4756,ThermoMPNN,4XV2,1.91501784324646,262,L,T,F:\GENESIS Studio\genesis-studio\packages\engines-py\.pdb_cache\4XV2,A
4757,ThermoMPNN,4XV2,0.8545565605163574,262,L,V,F:\GENESIS Studio\genesis-studio\packages\engines-py\.pdb_cache\4XV2,A
4758,ThermoMPNN,4XV2,1.438864827156067,262,L,W,F:\GENESIS Studio\genesis-studio\packages\engines-py\.pdb_cache\4XV2,A
4759,ThermoMPNN,4XV2,1.3130791187286377,262,L,Y,F:\GENESIS Studio\genesis-studio\packages\engines-py\.pdb_cache\4XV2,A
4760,ThermoMPNN,4XV2,0.0,263,A,A,F:\GENESIS Studio\genesis-studio\packages\engines-py\.pdb_cache\4XV2,A
4761,ThermoMPNN,4XV2,0.036942481994628906,263,A,C,F:\GENESIS Studio\genesis-studio\packages\engines-py\.pdb_cache\4XV2,A
4762,ThermoMPNN,4XV2,0.44697463512420654,263,A,D,F:\GENESIS Studio\genesis-studio\packages\engines-py\.pdb_cache\4XV2,A
4763,ThermoMPNN,4XV2,0.06820237636566162,263,A,E,F:\GENESIS Studio\genesis-studio\packages\engines-py\.pdb_cache\4XV2,A
4764,ThermoMPNN,4XV2,0.3180563449859619,263,A,F,F:\GENESIS Studio\genesis-studio\packages\engines-py\.pdb_cache\4XV2,A
4765,ThermoMPNN,4XV2,0.5783306360244751,263,A,G,F:\GENESIS Studio\genesis-studio\packages\engines-py\.pdb_cache\4XV2,A
4766,ThermoMPNN,4XV2,0.25165385007858276,263,A,H,F:\GENESIS Studio\genesis-studio\packages\engines-py\.pdb_cache\4XV2,A
4767,ThermoMPNN,4XV2,0.2061387300491333,263,A,I,F:\GENESIS Studio\genesis-studio\packages\engines-py\.pdb_cache\4XV2,A
4768,ThermoMPNN,4XV2,-0.06616950035095215,263,A,K,F:\GENESIS Studio\genesis-studio\packages\engines-py\.pdb_cache\4XV2,A
4769,ThermoMPNN,4XV2,0.06747978925704956,263,A,L,F:\GENESIS Studio\genesis-studio\packages\engines-py\.pdb_cache\4XV2,A
4770,ThermoMPNN,4XV2,0.09522843360900879,263,A,M,F:\GENESIS Studio\genesis-studio\packages\engines-py\.pdb_cache\4XV2,A
4771,ThermoMPNN,4XV2,0.28792279958724976,263,A,N,F:\GENESIS Studio\genesis-studio\packages\engines-py\.pdb_cache\4XV2,A
4772,ThermoMPNN,4XV2,1.8944807052612305,263,A,P,F:\GENESIS Studio\genesis-studio\packages\engines-py\.pdb_cache\4XV2,A
4773,ThermoMPNN,4XV2,0.0026313066482543945,263,A,Q,F:\GENESIS Studio\genesis-studio\packages\engines-py\.pdb_cache\4XV2,A
4774,ThermoMPNN,4XV2,-0.03827834129333496,263,A,R,F:\GENESIS Studio\genesis-studio\packages\engines-py\.pdb_cache\4XV2,A
4775,ThermoMPNN,4XV2,0.2512471079826355,263,A,S,F:\GENESIS Studio\genesis-studio\packages\engines-py\.pdb_cache\4XV2,A
4776,ThermoMPNN,4XV2,0.28548651933670044,263,A,T,F:\GENESIS Studio\genesis-studio\packages\engines-py\.pdb_cache\4XV2,A
4777,ThermoMPNN,4XV2,0.27154630422592163,263,A,V,F:\GENESIS Studio\genesis-studio\packages\engines-py\.pdb_cache\4XV2,A
4778,ThermoMPNN,4XV2,0.24213606119155884,263,A,W,F:\GENESIS Studio\genesis-studio\packages\engines-py\.pdb_cache\4XV2,A
4779,ThermoMPNN,4XV2,0.28082776069641113,263,A,Y,F:\GENESIS Studio\genesis-studio\packages\engines-py\.pdb_cache\4XV2,A
4780,ThermoMPNN,4XV2,0.3011317253112793,264,E,A,F:\GENESIS Studio\genesis-studio\packages\engines-py\.pdb_cache\4XV2,A
4781,ThermoMPNN,4XV2,-0.09570199251174927,264,E,C,F:\GENESIS Studio\genesis-studio\packages\engines-py\.pdb_cache\4XV2,A
4782,ThermoMPNN,4XV2,0.252816379070282,264,E,D,F:\GENESIS Studio\genesis-studio\packages\engines-py\.pdb_cache\4XV2,A
4783,ThermoMPNN,4XV2,0.0,264,E,E,F:\GENESIS Studio\genesis-studio\packages\engines-py\.pdb_cache\4XV2,A
4784,ThermoMPNN,4XV2,0.2204638123512268,264,E,F,F:\GENESIS Studio\genesis-studio\packages\engines-py\.pdb_cache\4XV2,A
4785,ThermoMPNN,4XV2,0.8792555928230286,264,E,G,F:\GENESIS Studio\genesis-studio\packages\engines-py\.pdb_cache\4XV2,A
4786,ThermoMPNN,4XV2,0.4311864972114563,264,E,H,F:\GENESIS Studio\genesis-studio\packages\engines-py\.pdb_cache\4XV2,A
4787,ThermoMPNN,4XV2,-0.3096725344657898,264,E,I,F:\GENESIS Studio\genesis-studio\packages\engines-py\.pdb_cache\4XV2,A
4788,ThermoMPNN,4XV2,0.6766183972358704,264,E,K,F:\GENESIS Studio\genesis-studio\packages\engines-py\.pdb_cache\4XV2,A
4789,ThermoMPNN,4XV2,0.0026354193687438965,264,E,L,F:\GENESIS Studio\genesis-studio\packages\engines-py\.pdb_cache\4XV2,A
4790,ThermoMPNN,4XV2,0.12541711330413818,264,E,M,F:\GENESIS Studio\genesis-studio\packages\engines-py\.pdb_cache\4XV2,A
4791,ThermoMPNN,4XV2,0.5372076630592346,264,E,N,F:\GENESIS Studio\genesis-studio\packages\engines-py\.pdb_cache\4XV2,A
4792,ThermoMPNN,4XV2,1.4714641571044922,264,E,P,F:\GENESIS Studio\genesis-studio\packages\engines-py\.pdb_cache\4XV2,A
4793,ThermoMPNN,4XV2,0.29139935970306396,264,E,Q,F:\GENESIS Studio\genesis-studio\packages\engines-py\.pdb_cache\4XV2,A
4794,ThermoMPNN,4XV2,0.6410408616065979,264,E,R,F:\GENESIS Studio\genesis-studio\packages\engines-py\.pdb_cache\4XV2,A
4795,ThermoMPNN,4XV2,0.26069313287734985,264,E,S,F:\GENESIS Studio\genesis-studio\packages\engines-py\.pdb_cache\4XV2,A
4796,ThermoMPNN,4XV2,0.15288406610488892,264,E,T,F:\GENESIS Studio\genesis-studio\packages\engines-py\.pdb_cache\4XV2,A
4797,ThermoMPNN,4XV2,-0.20918089151382446,264,E,V,F:\GENESIS Studio\genesis-studio\packages\engines-py\.pdb_cache\4XV2,A
4798,ThermoMPNN,4XV2,-0.0539894700050354,264,E,W,F:\GENESIS Studio\genesis-studio\packages\engines-py\.pdb_cache\4XV2,A
4799,ThermoMPNN,4XV2,0.1900157332420349,264,E,Y,F:\GENESIS Studio\genesis-studio\packages\engines-py\.pdb_cache\4XV2,A
4800,ThermoMPNN,4XV2,2.054716110229492,265,I,A,F:\GENESIS Studio\genesis-studio\packages\engines-py\.pdb_cache\4XV2,A
4801,ThermoMPNN,4XV2,1.3600435256958008,265,I,C,F:\GENESIS Studio\genesis-studio\packages\engines-py\.pdb_cache\4XV2,A
4802,ThermoMPNN,4XV2,2.8475639820098877,265,I,D,F:\GENESIS Studio\genesis-studio\packages\engines-py\.pdb_cache\4XV2,A
4803,ThermoMPNN,4XV2,2.6591644287109375,265,I,E,F:\GENESIS Studio\genesis-studio\packages\engines-py\.pdb_cache\4XV2,A
4804,ThermoMPNN,4XV2,1.1778011322021484,265,I,F,F:\GENESIS Studio\genesis-studio\packages\engines-py\.pdb_cache\4XV2,A
4805,ThermoMPNN,4XV2,2.67242431640625,265,I,G,F:\GENESIS Studio\genesis-studio\packages\engines-py\.pdb_cache\4XV2,A
4806,ThermoMPNN,4XV2,2.443634510040283,265,I,H,F:\GENESIS Studio\genesis-studio\packages\engines-py\.pdb_cache\4XV2,A
4807,ThermoMPNN,4XV2,0.0,265,I,I,F:\GENESIS Studio\genesis-studio\packages\engines-py\.pdb_cache\4XV2,A
4808,ThermoMPNN,4XV2,2.441455602645874,265,I,K,F:\GENESIS Studio\genesis-studio\packages\engines-py\.pdb_cache\4XV2,A
4809,ThermoMPNN,4XV2,0.11770033836364746,265,I,L,F:\GENESIS Studio\genesis-studio\packages\engines-py\.pdb_cache\4XV2,A
4810,ThermoMPNN,4XV2,0.9241294860839844,265,I,M,F:\GENESIS Studio\genesis-studio\packages\engines-py\.pdb_cache\4XV2,A
4811,ThermoMPNN,4XV2,2.672186851501465,265,I,N,F:\GENESIS Studio\genesis-studio\packages\engines-py\.pdb_cache\4XV2,A
4812,ThermoMPNN,4XV2,2.72998046875,265,I,P,F:\GENESIS Studio\genesis-studio\packages\engines-py\.pdb_cache\4XV2,A
4813,ThermoMPNN,4XV2,2.597393274307251,265,I,Q,F:\GENESIS Studio\genesis-studio\packages\engines-py\.pdb_cache\4XV2,A
4814,ThermoMPNN,4XV2,2.492584705352783,265,I,R,F:\GENESIS Studio\genesis-studio\packages\engines-py\.pdb_cache\4XV2,A
4815,ThermoMPNN,4XV2,2.590808629989624,265,I,S,F:\GENESIS Studio\genesis-studio\packages\engines-py\.pdb_cache\4XV2,A
4816,ThermoMPNN,4XV2,2.158630609512329,265,I,T,F:\GENESIS Studio\genesis-studio\packages\engines-py\.pdb_cache\4XV2,A
4817,ThermoMPNN,4XV2,0.90260910987854,265,I,V,F:\GENESIS Studio\genesis-studio\packages\engines-py\.pdb_cache\4XV2,A
4818,ThermoMPNN,4XV2,1.6838520765304565,265,I,W,F:\GENESIS Studio\genesis-studio\packages\engines-py\.pdb_cache\4XV2,A
4819,ThermoMPNN,4XV2,1.6123783588409424,265,I,Y,F:\GENESIS Studio\genesis-studio\packages\engines-py\.pdb_cache\4XV2,A
4820,ThermoMPNN,4XV2,0.32005566358566284,266,E,A,F:\GENESIS Studio\genesis-studio\packages\engines-py\.pdb_cache\4XV2,A
4821,ThermoMPNN,4XV2,0.040123701095581055,266,E,C,F:\GENESIS Studio\genesis-studio\packages\engines-py\.pdb_cache\4XV2,A
4822,ThermoMPNN,4XV2,0.19908738136291504,266,E,D,F:\GENESIS Studio\genesis-studio\packages\engines-py\.pdb_cache\4XV2,A
4823,ThermoMPNN,4XV2,0.0,266,E,E,F:\GENESIS Studio\genesis-studio\packages\engines-py\.pdb_cache\4XV2,A
4824,ThermoMPNN,4XV2,0.3961937427520752,266,E,F,F:\GENESIS Studio\genesis-studio\packages\engines-py\.pdb_cache\4XV2,A
4825,ThermoMPNN,4XV2,0.8427568674087524,266,E,G,F:\GENESIS Studio\genesis-studio\packages\engines-py\.pdb_cache\4XV2,A
4826,ThermoMPNN,4XV2,0.5961835384368896,266,E,H,F:\GENESIS Studio\genesis-studio\packages\engines-py\.pdb_cache\4XV2,A
4827,ThermoMPNN,4XV2,0.18042093515396118,266,E,I,F:\GENESIS Studio\genesis-studio\packages\engines-py\.pdb_cache\4XV2,A
4828,ThermoMPNN,4XV2,0.5723016262054443,266,E,K,F:\GENESIS Studio\genesis-studio\packages\engines-py\.pdb_cache\4XV2,A
4829,ThermoMPNN,4XV2,0.15349453687667847,266,E,L,F:\GENESIS Studio\genesis-studio\packages\engines-py\.pdb_cache\4XV2,A
4830,ThermoMPNN,4XV2,0.24491918087005615,266,E,M,F:\GENESIS Studio\genesis-studio\packages\engines-py\.pdb_cache\4XV2,A
4831,ThermoMPNN,4XV2,0.48735588788986206,266,E,N,F:\GENESIS Studio\genesis-studio\packages\engines-py\.pdb_cache\4XV2,A
4832,ThermoMPNN,4XV2,1.7552571296691895,266,E,P,F:\GENESIS Studio\genesis-studio\packages\engines-py\.pdb_cache\4XV2,A
4833,ThermoMPNN,4XV2,0.31064194440841675,266,E,Q,F:\GENESIS Studio\genesis-studio\packages\engines-py\.pdb_cache\4XV2,A
4834,ThermoMPNN,4XV2,0.5438413619995117,266,E,R,F:\GENESIS Studio\genesis-studio\packages\engines-py\.pdb_cache\4XV2,A
4835,ThermoMPNN,4XV2,0.3860202431678772,266,E,S,F:\GENESIS Studio\genesis-studio\packages\engines-py\.pdb_cache\4XV2,A
4836,ThermoMPNN,4XV2,0.35269659757614136,266,E,T,F:\GENESIS Studio\genesis-studio\packages\engines-py\.pdb_cache\4XV2,A
4837,ThermoMPNN,4XV2,0.25970375537872314,266,E,V,F:\GENESIS Studio\genesis-studio\packages\engines-py\.pdb_cache\4XV2,A
4838,ThermoMPNN,4XV2,0.2136235237121582,266,E,W,F:\GENESIS Studio\genesis-studio\packages\engines-py\.pdb_cache\4XV2,A
4839,ThermoMPNN,4XV2,0.43493902683258057,266,E,Y,F:\GENESIS Studio\genesis-studio\packages\engines-py\.pdb_cache\4XV2,A
4840,ThermoMPNN,4XV2,0.08520019054412842,267,E,A,F:\GENESIS Studio\genesis-studio\packages\engines-py\.pdb_cache\4XV2,A
4841,ThermoMPNN,4XV2,0.050699710845947266,267,E,C,F:\GENESIS Studio\genesis-studio\packages\engines-py\.pdb_cache\4XV2,A
4842,ThermoMPNN,4XV2,0.23390638828277588,267,E,D,F:\GENESIS Studio\genesis-studio\packages\engines-py\.pdb_cache\4XV2,A
4843,ThermoMPNN,4XV2,0.0,267,E,E,F:\GENESIS Studio\genesis-studio\packages\engines-py\.pdb_cache\4XV2,A
4844,ThermoMPNN,4XV2,0.4001864790916443,267,E,F,F:\GENESIS Studio\genesis-studio\packages\engines-py\.pdb_cache\4XV2,A
4845,ThermoMPNN,4XV2,0.6964753866195679,267,E,G,F:\GENESIS Studio\genesis-studio\packages\engines-py\.pdb_cache\4XV2,A
4846,ThermoMPNN,4XV2,0.4821966886520386,267,E,H,F:\GENESIS Studio\genesis-studio\packages\engines-py\.pdb_cache\4XV2,A
4847,ThermoMPNN,4XV2,0.351291298866272,267,E,I,F:\GENESIS Studio\genesis-studio\packages\engines-py\.pdb_cache\4XV2,A
4848,ThermoMPNN,4XV2,0.3303661346435547,267,E,K,F:\GENESIS Studio\genesis-studio\packages\engines-py\.pdb_cache\4XV2,A
4849,ThermoMPNN,4XV2,0.1797548532485962,267,E,L,F:\GENESIS Studio\genesis-studio\packages\engines-py\.pdb_cache\4XV2,A
4850,ThermoMPNN,4XV2,0.2136966586112976,267,E,M,F:\GENESIS Studio\genesis-studio\packages\engines-py\.pdb_cache\4XV2,A
4851,ThermoMPNN,4XV2,0.41540879011154175,267,E,N,F:\GENESIS Studio\genesis-studio\packages\engines-py\.pdb_cache\4XV2,A
4852,ThermoMPNN,4XV2,1.8808882236480713,267,E,P,F:\GENESIS Studio\genesis-studio\packages\engines-py\.pdb_cache\4XV2,A
4853,ThermoMPNN,4XV2,0.2678910493850708,267,E,Q,F:\GENESIS Studio\genesis-studio\packages\engines-py\.pdb_cache\4XV2,A
4854,ThermoMPNN,4XV2,0.3028262257575989,267,E,R,F:\GENESIS Studio\genesis-studio\packages\engines-py\.pdb_cache\4XV2,A
4855,ThermoMPNN,4XV2,0.34813517332077026,267,E,S,F:\GENESIS Studio\genesis-studio\packages\engines-py\.pdb_cache\4XV2,A
4856,ThermoMPNN,4XV2,0.4727376103401184,267,E,T,F:\GENESIS Studio\genesis-studio\packages\engines-py\.pdb_cache\4XV2,A
4857,ThermoMPNN,4XV2,0.5051374435424805,267,E,V,F:\GENESIS Studio\genesis-studio\packages\engines-py\.pdb_cache\4XV2,A
4858,ThermoMPNN,4XV2,0.2929565906524658,267,E,W,F:\GENESIS Studio\genesis-studio\packages\engines-py\.pdb_cache\4XV2,A
4859,ThermoMPNN,4XV2,0.35517144203186035,267,E,Y,F:\GENESIS Studio\genesis-studio\packages\engines-py\.pdb_cache\4XV2,A
4860,ThermoMPNN,4XV2,0.7911694049835205,268,L,A,F:\GENESIS Studio\genesis-studio\packages\engines-py\.pdb_cache\4XV2,A
4861,ThermoMPNN,4XV2,0.28078925609588623,268,L,C,F:\GENESIS Studio\genesis-studio\packages\engines-py\.pdb_cache\4XV2,A
4862,ThermoMPNN,4XV2,1.4155125617980957,268,L,D,F:\GENESIS Studio\genesis-studio\packages\engines-py\.pdb_cache\4XV2,A
4863,ThermoMPNN,4XV2,1.1607348918914795,268,L,E,F:\GENESIS Studio\genesis-studio\packages\engines-py\.pdb_cache\4XV2,A
4864,ThermoMPNN,4XV2,0.19363903999328613,268,L,F,F:\GENESIS Studio\genesis-studio\packages\engines-py\.pdb_cache\4XV2,A
4865,ThermoMPNN,4XV2,1.2372946739196777,268,L,G,F:\GENESIS Studio\genesis-studio\packages\engines-py\.pdb_cache\4XV2,A
4866,ThermoMPNN,4XV2,1.1906490325927734,268,L,H,F:\GENESIS Studio\genesis-studio\packages\engines-py\.pdb_cache\4XV2,A
4867,ThermoMPNN,4XV2,0.022713303565979004,268,L,I,F:\GENESIS Studio\genesis-studio\packages\engines-py\.pdb_cache\4XV2,A
4868,ThermoMPNN,4XV2,1.4087154865264893,268,L,K,F:\GENESIS Studio\genesis-studio\packages\engines-py\.pdb_cache\4XV2,A
4869,ThermoMPNN,4XV2,0.0,268,L,L,F:\GENESIS Studio\genesis-studio\packages\engines-py\.pdb_cache\4XV2,A
4870,ThermoMPNN,4XV2,0.17935657501220703,268,L,M,F:\GENESIS Studio\genesis-studio\packages\engines-py\.pdb_cache\4XV2,A
4871,ThermoMPNN,4XV2,1.4290180206298828,268,L,N,F:\GENESIS Studio\genesis-studio\packages\engines-py\.pdb_cache\4XV2,A
4872,ThermoMPNN,4XV2,1.4283559322357178,268,L,P,F:\GENESIS Studio\genesis-studio\packages\engines-py\.pdb_cache\4XV2,A
4873,ThermoMPNN,4XV2,1.197478175163269,268,L,Q,F:\GENESIS Studio\genesis-studio\packages\engines-py\.pdb_cache\4XV2,A
4874,ThermoMPNN,4XV2,1.434281587600708,268,L,R,F:\GENESIS Studio\genesis-studio\packages\engines-py\.pdb_cache\4XV2,A
4875,ThermoMPNN,4XV2,1.1026338338851929,268,L,S,F:\GENESIS Studio\genesis-studio\packages\engines-py\.pdb_cache\4XV2,A
4876,ThermoMPNN,4XV2,0.9821158647537231,268,L,T,F:\GENESIS Studio\genesis-studio\packages\engines-py\.pdb_cache\4XV2,A
4877,ThermoMPNN,4XV2,0.17761802673339844,268,L,V,F:\GENESIS Studio\genesis-studio\packages\engines-py\.pdb_cache\4XV2,A
4878,ThermoMPNN,4XV2,0.33747243881225586,268,L,W,F:\GENESIS Studio\genesis-studio\packages\engines-py\.pdb_cache\4XV2,A
4879,ThermoMPNN,4XV2,0.5944876670837402,268,L,Y,F:\GENESIS Studio\genesis-studio\packages\engines-py\.pdb_cache\4XV2,A
4880,ThermoMPNN,4XV2,0.0,269,A,A,F:\GENESIS Studio\genesis-studio\packages\engines-py\.pdb_cache\4XV2,A
4881,ThermoMPNN,4XV2,-0.0402141809463501,269,A,C,F:\GENESIS Studio\genesis-studio\packages\engines-py\.pdb_cache\4XV2,A
4882,ThermoMPNN,4XV2,0.571677565574646,269,A,D,F:\GENESIS Studio\genesis-studio\packages\engines-py\.pdb_cache\4XV2,A
4883,ThermoMPNN,4XV2,0.2978321313858032,269,A,E,F:\GENESIS Studio\genesis-studio\packages\engines-py\.pdb_cache\4XV2,A
4884,ThermoMPNN,4XV2,0.2843720316886902,269,A,F,F:\GENESIS Studio\genesis-studio\packages\engines-py\.pdb_cache\4XV2,A
4885,ThermoMPNN,4XV2,0.3399959206581116,269,A,G,F:\GENESIS Studio\genesis-studio\packages\engines-py\.pdb_cache\4XV2,A
4886,ThermoMPNN,4XV2,0.36043989658355713,269,A,H,F:\GENESIS Studio\genesis-studio\packages\engines-py\.pdb_cache\4XV2,A
4887,ThermoMPNN,4XV2,0.25399941205978394,269,A,I,F:\GENESIS Studio\genesis-studio\packages\engines-py\.pdb_cache\4XV2,A
4888,ThermoMPNN,4XV2,0.5130229592323303,269,A,K,F:\GENESIS Studio\genesis-studio\packages\engines-py\.pdb_cache\4XV2,A
4889,ThermoMPNN,4XV2,0.0328984260559082,269,A,L,F:\GENESIS Studio\genesis-studio\packages\engines-py\.pdb_cache\4XV2,A
4890,ThermoMPNN,4XV2,-0.022847294807434082,269,A,M,F:\GENESIS Studio\genesis-studio\packages\engines-py\.pdb_cache\4XV2,A
4891,ThermoMPNN,4XV2,0.52419114112854,269,A,N,F:\GENESIS Studio\genesis-studio\packages\engines-py\.pdb_cache\4XV2,A
4892,ThermoMPNN,4XV2,1.26578688621521,269,A,P,F:\GENESIS Studio\genesis-studio\packages\engines-py\.pdb_cache\4XV2,A
4893,ThermoMPNN,4XV2,0.2577930688858032,269,A,Q,F:\GENESIS Studio\genesis-studio\packages\engines-py\.pdb_cache\4XV2,A
4894,ThermoMPNN,4XV2,0.5104191303253174,269,A,R,F:\GENESIS Studio\genesis-studio\packages\engines-py\.pdb_cache\4XV2,A
4895,ThermoMPNN,4XV2,0.2857164740562439,269,A,S,F:\GENESIS Studio\genesis-studio\packages\engines-py\.pdb_cache\4XV2,A
4896,ThermoMPNN,4XV2,0.503229022026062,269,A,T,F:\GENESIS Studio\genesis-studio\packages\engines-py\.pdb_cache\4XV2,A
4897,ThermoMPNN,4XV2,0.20053702592849731,269,A,V,F:\GENESIS Studio\genesis-studio\packages\engines-py\.pdb_cache\4XV2,A
4898,ThermoMPNN,4XV2,-0.0674128532409668,269,A,W,F:\GENESIS Studio\genesis-studio\packages\engines-py\.pdb_cache\4XV2,A
4899,ThermoMPNN,4XV2,0.13295453786849976,269,A,Y,F:\GENESIS Studio\genesis-studio\packages\engines-py\.pdb_cache\4XV2,A
4900,ThermoMPNN,4XV2,0.04626131057739258,270,R,A,F:\GENESIS Studio\genesis-studio\packages\engines-py\.pdb_cache\4XV2,A
4901,ThermoMPNN,4XV2,0.050264716148376465,270,R,C,F:\GENESIS Studio\genesis-studio\packages\engines-py\.pdb_cache\4XV2,A
4902,ThermoMPNN,4XV2,0.27633023262023926,270,R,D,F:\GENESIS Studio\genesis-studio\packages\engines-py\.pdb_cache\4XV2,A
4903,ThermoMPNN,4XV2,0.19208240509033203,270,R,E,F:\GENESIS Studio\genesis-studio\packages\engines-py\.pdb_cache\4XV2,A
4904,ThermoMPNN,4XV2,0.22221720218658447,270,R,F,F:\GENESIS Studio\genesis-studio\packages\engines-py\.pdb_cache\4XV2,A
4905,ThermoMPNN,4XV2,0.3361753225326538,270,R,G,F:\GENESIS Studio\genesis-studio\packages\engines-py\.pdb_cache\4XV2,A
4906,ThermoMPNN,4XV2,0.24158251285552979,270,R,H,F:\GENESIS Studio\genesis-studio\packages\engines-py\.pdb_cache\4XV2,A
4907,ThermoMPNN,4XV2,0.0810396671295166,270,R,I,F:\GENESIS Studio\genesis-studio\packages\engines-py\.pdb_cache\4XV2,A
4908,ThermoMPNN,4XV2,0.012465119361877441,270,R,K,F:\GENESIS Studio\genesis-studio\packages\engines-py\.pdb_cache\4XV2,A
4909,ThermoMPNN,4XV2,0.04504096508026123,270,R,L,F:\GENESIS Studio\genesis-studio\packages\engines-py\.pdb_cache\4XV2,A
4910,ThermoMPNN,4XV2,0.07136356830596924,270,R,M,F:\GENESIS Studio\genesis-studio\packages\engines-py\.pdb_cache\4XV2,A
4911,ThermoMPNN,4XV2,0.23969954252243042,270,R,N,F:\GENESIS Studio\genesis-studio\packages\engines-py\.pdb_cache\4XV2,A
4912,ThermoMPNN,4XV2,0.7078979015350342,270,R,P,F:\GENESIS Studio\genesis-studio\packages\engines-py\.pdb_cache\4XV2,A
4913,ThermoMPNN,4XV2,0.08888447284698486,270,R,Q,F:\GENESIS Studio\genesis-studio\packages\engines-py\.pdb_cache\4XV2,A
4914,ThermoMPNN,4XV2,0.0,270,R,R,F:\GENESIS Studio\genesis-studio\packages\engines-py\.pdb_cache\4XV2,A
4915,ThermoMPNN,4XV2,0.17311906814575195,270,R,S,F:\GENESIS Studio\genesis-studio\packages\engines-py\.pdb_cache\4XV2,A
4916,ThermoMPNN,4XV2,0.2079126238822937,270,R,T,F:\GENESIS Studio\genesis-studio\packages\engines-py\.pdb_cache\4XV2,A
4917,ThermoMPNN,4XV2,0.17637288570404053,270,R,V,F:\GENESIS Studio\genesis-studio\packages\engines-py\.pdb_cache\4XV2,A
4918,ThermoMPNN,4XV2,0.1858542561531067,270,R,W,F:\GENESIS Studio\genesis-studio\packages\engines-py\.pdb_cache\4XV2,A
4919,ThermoMPNN,4XV2,0.26374924182891846,270,R,Y,F:\GENESIS Studio\genesis-studio\packages\engines-py\.pdb_cache\4XV2,A
4920,ThermoMPNN,4XV2,0.14899635314941406,271,E,A,F:\GENESIS Studio\genesis-studio\packages\engines-py\.pdb_cache\4XV2,A
4921,ThermoMPNN,4XV2,-0.08004540205001831,271,E,C,F:\GENESIS Studio\genesis-studio\packages\engines-py\.pdb_cache\4XV2,A
4922,ThermoMPNN,4XV2,0.07160979509353638,271,E,D,F:\GENESIS Studio\genesis-studio\packages\engines-py\.pdb_cache\4XV2,A
4923,ThermoMPNN,4XV2,0.0,271,E,E,F:\GENESIS Studio\genesis-studio\packages\engines-py\.pdb_cache\4XV2,A
4924,ThermoMPNN,4XV2,0.24561917781829834,271,E,F,F:\GENESIS Studio\genesis-studio\packages\engines-py\.pdb_cache\4XV2,A
4925,ThermoMPNN,4XV2,0.24783658981323242,271,E,G,F:\GENESIS Studio\genesis-studio\packages\engines-py\.pdb_cache\4XV2,A
4926,ThermoMPNN,4XV2,0.25334620475769043,271,E,H,F:\GENESIS Studio\genesis-studio\packages\engines-py\.pdb_cache\4XV2,A
4927,ThermoMPNN,4XV2,0.18099045753479004,271,E,I,F:\GENESIS Studio\genesis-studio\packages\engines-py\.pdb_cache\4XV2,A
4928,ThermoMPNN,4XV2,0.3831786513328552,271,E,K,F:\GENESIS Studio\genesis-studio\packages\engines-py\.pdb_cache\4XV2,A
4929,ThermoMPNN,4XV2,0.095164954662323,271,E,L,F:\GENESIS Studio\genesis-studio\packages\engines-py\.pdb_cache\4XV2,A
4930,ThermoMPNN,4XV2,0.18749749660491943,271,E,M,F:\GENESIS Studio\genesis-studio\packages\engines-py\.pdb_cache\4XV2,A
4931,ThermoMPNN,4XV2,0.23252034187316895,271,E,N,F:\GENESIS Studio\genesis-studio\packages\engines-py\.pdb_cache\4XV2,A
4932,ThermoMPNN,4XV2,0.41189175844192505,271,E,P,F:\GENESIS Studio\genesis-studio\packages\engines-py\.pdb_cache\4XV2,A
4933,ThermoMPNN,4XV2,0.22651249170303345,271,E,Q,F:\GENESIS Studio\genesis-studio\packages\engines-py\.pdb_cache\4XV2,A
4934,ThermoMPNN,4XV2,0.41160261631011963,271,E,R,F:\GENESIS Studio\genesis-studio\packages\engines-py\.pdb_cache\4XV2,A
4935,ThermoMPNN,4XV2,0.22561901807785034,271,E,S,F:\GENESIS Studio\genesis-studio\packages\engines-py\.pdb_cache\4XV2,A
4936,ThermoMPNN,4XV2,0.22316837310791016,271,E,T,F:\GENESIS Studio\genesis-studio\packages\engines-py\.pdb_cache\4XV2,A
4937,ThermoMPNN,4XV2,0.2305392622947693,271,E,V,F:\GENESIS Studio\genesis-studio\packages\engines-py\.pdb_cache\4XV2,A
4938,ThermoMPNN,4XV2,0.03276360034942627,271,E,W,F:\GENESIS Studio\genesis-studio\packages\engines-py\.pdb_cache\4XV2,A
4939,ThermoMPNN,4XV2,0.24130785465240479,271,E,Y,F:\GENESIS Studio\genesis-studio\packages\engines-py\.pdb_cache\4XV2,A
