,Model,Dataset,ddG_pred,position,wildtype,mutation,pdb,chain
0,ThermoMPNN,4OBE,0.4823262691497803,0,M,A,F:\GENESIS Studio\genesis-studio\packages\engines-py\.pdb_cache\4OBE,A
1,ThermoMPNN,4OBE,-0.02157878875732422,0,M,C,F:\GENESIS Studio\genesis-studio\packages\engines-py\.pdb_cache\4OBE,A
2,ThermoMPNN,4OBE,1.0369890928268433,0,M,D,F:\GENESIS Studio\genesis-studio\packages\engines-py\.pdb_cache\4OBE,A
3,ThermoMPNN,4OBE,0.8971960544586182,0,M,E,F:\GENESIS Studio\genesis-studio\packages\engines-py\.pdb_cache\4OBE,A
4,ThermoMPNN,4OBE,-0.12518763542175293,0,M,F,F:\GENESIS Studio\genesis-studio\packages\engines-py\.pdb_cache\4OBE,A
5,ThermoMPNN,4OBE,0.8521952033042908,0,M,G,F:\GENESIS Studio\genesis-studio\packages\engines-py\.pdb_cache\4OBE,A
6,ThermoMPNN,4OBE,0.6035782098770142,0,M,H,F:\GENESIS Studio\genesis-studio\packages\engines-py\.pdb_cache\4OBE,A
7,ThermoMPNN,4OBE,-0.14550817012786865,0,M,I,F:\GENESIS Studio\genesis-studio\packages\engines-py\.pdb_cache\4OBE,A
8,ThermoMPNN,4OBE,0.8226786255836487,0,M,K,F:\GENESIS Studio\genesis-studio\packages\engines-py\.pdb_cache\4OBE,A
9,ThermoMPNN,4OBE,0.10836958885192871,0,M,L,F:\GENESIS Studio\genesis-studio\packages\engines-py\.pdb_cache\4OBE,A
10,ThermoMPNN,4OBE,0.0,0,M,M,F:\GENESIS Studio\genesis-studio\packages\engines-py\.pdb_cache\4OBE,A
11,ThermoMPNN,4OBE,0.8806673288345337,0,M,N,F:\GENESIS Studio\genesis-studio\packages\engines-py\.pdb_cache\4OBE,A
12,ThermoMPNN,4OBE,0.5538949966430664,0,M,P,F:\GENESIS Studio\genesis-studio\packages\engines-py\.pdb_cache\4OBE,A
13,ThermoMPNN,4OBE,0.7576520442962646,0,M,Q,F:\GENESIS Studio\genesis-studio\packages\engines-py\.pdb_cache\4OBE,A
14,ThermoMPNN,4OBE,0.7707391977310181,0,M,R,F:\GENESIS Studio\genesis-studio\packages\engines-py\.pdb_cache\4OBE,A
15,ThermoMPNN,4OBE,0.6292024850845337,0,M,S,F:\GENESIS Studio\genesis-studio\packages\engines-py\.pdb_cache\4OBE,A
16,ThermoMPNN,4OBE,0.4519510269165039,0,M,T,F:\GENESIS Studio\genesis-studio\packages\engines-py\.pdb_cache\4OBE,A
17,ThermoMPNN,4OBE,-0.01626145839691162,0,M,V,F:\GENESIS Studio\genesis-studio\packages\engines-py\.pdb_cache\4OBE,A
18,ThermoMPNN,4OBE,-0.093100905418396,0,M,W,F:\GENESIS Studio\genesis-studio\packages\engines-py\.pdb_cache\4OBE,A
19,ThermoMPNN,4OBE,0.10692209005355835,0,M,Y,F:\GENESIS Studio\genesis-studio\packages\engines-py\.pdb_cache\4OBE,A
20,ThermoMPNN,4OBE,0.3582495450973511,1,T,A,F:\GENESIS Studio\genesis-studio\packages\engines-py\.pdb_cache\4OBE,A
21,ThermoMPNN,4OBE,-0.18774229288101196,1,T,C,F:\GENESIS Studio\genesis-studio\packages\engines-py\.pdb_cache\4OBE,A
22,ThermoMPNN,4OBE,0.6870828866958618,1,T,D,F:\GENESIS Studio\genesis-studio\packages\engines-py\.pdb_cache\4OBE,A
23,ThermoMPNN,4OBE,0.39764684438705444,1,T,E,F:\GENESIS Studio\genesis-studio\packages\engines-py\.pdb_cache\4OBE,A
24,ThermoMPNN,4OBE,0.00016254186630249023,1,T,F,F:\GENESIS Studio\genesis-studio\packages\engines-py\.pdb_cache\4OBE,A
25,ThermoMPNN,4OBE,0.597260594367981,1,T,G,F:\GENESIS Studio\genesis-studio\packages\engines-py\.pdb_cache\4OBE,A
26,ThermoMPNN,4OBE,0.11216020584106445,1,T,H,F:\GENESIS Studio\genesis-studio\packages\engines-py\.pdb_cache\4OBE,A
27,ThermoMPNN,4OBE,-0.18378311395645142,1,T,I,F:\GENESIS Studio\genesis-studio\packages\engines-py\.pdb_cache\4OBE,A
28,ThermoMPNN,4OBE,0.15759193897247314,1,T,K,F:\GENESIS Studio\genesis-studio\packages\engines-py\.pdb_cache\4OBE,A
29,ThermoMPNN,4OBE,0.046246886253356934,1,T,L,F:\GENESIS Studio\genesis-studio\packages\engines-py\.pdb_cache\4OBE,A
30,ThermoMPNN,4OBE,0.14779585599899292,1,T,M,F:\GENESIS Studio\genesis-studio\packages\engines-py\.pdb_cache\4OBE,A
31,ThermoMPNN,4OBE,0.3416997790336609,1,T,N,F:\GENESIS Studio\genesis-studio\packages\engines-py\.pdb_cache\4OBE,A
32,ThermoMPNN,4OBE,0.8240898847579956,1,T,P,F:\GENESIS Studio\genesis-studio\packages\engines-py\.pdb_cache\4OBE,A
33,ThermoMPNN,4OBE,0.28001701831817627,1,T,Q,F:\GENESIS Studio\genesis-studio\packages\engines-py\.pdb_cache\4OBE,A
34,ThermoMPNN,4OBE,0.2222301959991455,1,T,R,F:\GENESIS Studio\genesis-studio\packages\engines-py\.pdb_cache\4OBE,A
35,ThermoMPNN,4OBE,0.32099437713623047,1,T,S,F:\GENESIS Studio\genesis-studio\packages\engines-py\.pdb_cache\4OBE,A
36,ThermoMPNN,4OBE,0.0,1,T,T,F:\GENESIS Studio\genesis-studio\packages\engines-py\.pdb_cache\4OBE,A
37,ThermoMPNN,4OBE,-0.1898844838142395,1,T,V,F:\GENESIS Studio\genesis-studio\packages\engines-py\.pdb_cache\4OBE,A
38,ThermoMPNN,4OBE,-0.049712955951690674,1,T,W,F:\GENESIS Studio\genesis-studio\packages\engines-py\.pdb_cache\4OBE,A
39,ThermoMPNN,4OBE,-0.10244947671890259,1,T,Y,F:\GENESIS Studio\genesis-studio\packages\engines-py\.pdb_cache\4OBE,A
40,ThermoMPNN,4OBE,0.25277024507522583,2,E,A,F:\GENESIS Studio\genesis-studio\packages\engines-py\.pdb_cache\4OBE,A
41,ThermoMPNN,4OBE,-0.29122352600097656,2,E,C,F:\GENESIS Studio\genesis-studio\packages\engines-py\.pdb_cache\4OBE,A
42,ThermoMPNN,4OBE,0.4769555330276489,2,E,D,F:\GENESIS Studio\genesis-studio\packages\engines-py\.pdb_cache\4OBE,A
43,ThermoMPNN,4OBE,0.0,2,E,E,F:\GENESIS Studio\genesis-studio\packages\engines-py\.pdb_cache\4OBE,A
44,ThermoMPNN,4OBE,-0.004336059093475342,2,E,F,F:\GENESIS Studio\genesis-studio\packages\engines-py\.pdb_cache\4OBE,A
45,ThermoMPNN,4OBE,0.6070675253868103,2,E,G,F:\GENESIS Studio\genesis-studio\packages\engines-py\.pdb_cache\4OBE,A
46,ThermoMPNN,4OBE,0.047722697257995605,2,E,H,F:\GENESIS Studio\genesis-studio\packages\engines-py\.pdb_cache\4OBE,A
47,ThermoMPNN,4OBE,-0.3945577144622803,2,E,I,F:\GENESIS Studio\genesis-studio\packages\engines-py\.pdb_cache\4OBE,A
48,ThermoMPNN,4OBE,-0.06824016571044922,2,E,K,F:\GENESIS Studio\genesis-studio\packages\engines-py\.pdb_cache\4OBE,A
49,ThermoMPNN,4OBE,-0.08920019865036011,2,E,L,F:\GENESIS Studio\genesis-studio\packages\engines-py\.pdb_cache\4OBE,A
50,ThermoMPNN,4OBE,-0.025119781494140625,2,E,M,F:\GENESIS Studio\genesis-studio\packages\engines-py\.pdb_cache\4OBE,A
51,ThermoMPNN,4OBE,0.3396071195602417,2,E,N,F:\GENESIS Studio\genesis-studio\packages\engines-py\.pdb_cache\4OBE,A
52,ThermoMPNN,4OBE,0.6320882439613342,2,E,P,F:\GENESIS Studio\genesis-studio\packages\engines-py\.pdb_cache\4OBE,A
53,ThermoMPNN,4OBE,-0.13557124137878418,2,E,Q,F:\GENESIS Studio\genesis-studio\packages\engines-py\.pdb_cache\4OBE,A
54,ThermoMPNN,4OBE,0.09314417839050293,2,E,R,F:\GENESIS Studio\genesis-studio\packages\engines-py\.pdb_cache\4OBE,A
55,ThermoMPNN,4OBE,0.034389376640319824,2,E,S,F:\GENESIS Studio\genesis-studio\packages\engines-py\.pdb_cache\4OBE,A
56,ThermoMPNN,4OBE,-0.26154255867004395,2,E,T,F:\GENESIS Studio\genesis-studio\packages\engines-py\.pdb_cache\4OBE,A
57,ThermoMPNN,4OBE,-0.3957599401473999,2,E,V,F:\GENESIS Studio\genesis-studio\packages\engines-py\.pdb_cache\4OBE,A
58,ThermoMPNN,4OBE,-0.009032964706420898,2,E,W,F:\GENESIS Studio\genesis-studio\packages\engines-py\.pdb_cache\4OBE,A
59,ThermoMPNN,4OBE,-0.012467920780181885,2,E,Y,F:\GENESIS Studio\genesis-studio\packages\engines-py\.pdb_cache\4OBE,A
60,ThermoMPNN,4OBE,1.7234182357788086,3,Y,A,F:\GENESIS Studio\genesis-studio\packages\engines-py\.pdb_cache\4OBE,A
61,ThermoMPNN,4OBE,0.7272446155548096,3,Y,C,F:\GENESIS Studio\genesis-studio\packages\engines-py\.pdb_cache\4OBE,A
62,ThermoMPNN,4OBE,2.578524112701416,3,Y,D,F:\GENESIS Studio\genesis-studio\packages\engines-py\.pdb_cache\4OBE,A
63,ThermoMPNN,4OBE,2.1789073944091797,3,Y,E,F:\GENESIS Studio\genesis-studio\packages\engines-py\.pdb_cache\4OBE,A
64,ThermoMPNN,4OBE,0.41669654846191406,3,Y,F,F:\GENESIS Studio\genesis-studio\packages\engines-py\.pdb_cache\4OBE,A
65,ThermoMPNN,4OBE,2.5000202655792236,3,Y,G,F:\GENESIS Studio\genesis-studio\packages\engines-py\.pdb_cache\4OBE,A
66,ThermoMPNN,4OBE,1.637260913848877,3,Y,H,F:\GENESIS Studio\genesis-studio\packages\engines-py\.pdb_cache\4OBE,A
67,ThermoMPNN,4OBE,0.041403770446777344,3,Y,I,F:\GENESIS Studio\genesis-studio\packages\engines-py\.pdb_cache\4OBE,A
68,ThermoMPNN,4OBE,2.480442762374878,3,Y,K,F:\GENESIS Studio\genesis-studio\packages\engines-py\.pdb_cache\4OBE,A
69,ThermoMPNN,4OBE,0.35528016090393066,3,Y,L,F:\GENESIS Studio\genesis-studio\packages\engines-py\.pdb_cache\4OBE,A
70,ThermoMPNN,4OBE,0.6677666902542114,3,Y,M,F:\GENESIS Studio\genesis-studio\packages\engines-py\.pdb_cache\4OBE,A
71,ThermoMPNN,4OBE,2.4163994789123535,3,Y,N,F:\GENESIS Studio\genesis-studio\packages\engines-py\.pdb_cache\4OBE,A
72,ThermoMPNN,4OBE,2.37896728515625,3,Y,P,F:\GENESIS Studio\genesis-studio\packages\engines-py\.pdb_cache\4OBE,A
73,ThermoMPNN,4OBE,2.1921145915985107,3,Y,Q,F:\GENESIS Studio\genesis-studio\packages\engines-py\.pdb_cache\4OBE,A
74,ThermoMPNN,4OBE,2.4520654678344727,3,Y,R,F:\GENESIS Studio\genesis-studio\packages\engines-py\.pdb_cache\4OBE,A
75,ThermoMPNN,4OBE,2.2722694873809814,3,Y,S,F:\GENESIS Studio\genesis-studio\packages\engines-py\.pdb_cache\4OBE,A
76,ThermoMPNN,4OBE,1.8142273426055908,3,Y,T,F:\GENESIS Studio\genesis-studio\packages\engines-py\.pdb_cache\4OBE,A
77,ThermoMPNN,4OBE,0.5694456100463867,3,Y,V,F:\GENESIS Studio\genesis-studio\packages\engines-py\.pdb_cache\4OBE,A
78,ThermoMPNN,4OBE,0.2670159339904785,3,Y,W,F:\GENESIS Studio\genesis-studio\packages\engines-py\.pdb_cache\4OBE,A
79,ThermoMPNN,4OBE,0.0,3,Y,Y,F:\GENESIS Studio\genesis-studio\packages\engines-py\.pdb_cache\4OBE,A
80,ThermoMPNN,4OBE,1.111139178276062,4,K,A,F:\GENESIS Studio\genesis-studio\packages\engines-py\.pdb_cache\4OBE,A
81,ThermoMPNN,4OBE,0.30133676528930664,4,K,C,F:\GENESIS Studio\genesis-studio\packages\engines-py\.pdb_cache\4OBE,A
82,ThermoMPNN,4OBE,2.0705461502075195,4,K,D,F:\GENESIS Studio\genesis-studio\packages\engines-py\.pdb_cache\4OBE,A
83,ThermoMPNN,4OBE,1.7003543376922607,4,K,E,F:\GENESIS Studio\genesis-studio\packages\engines-py\.pdb_cache\4OBE,A
84,ThermoMPNN,4OBE,0.45408159494400024,4,K,F,F:\GENESIS Studio\genesis-studio\packages\engines-py\.pdb_cache\4OBE,A
85,ThermoMPNN,4OBE,1.5438780784606934,4,K,G,F:\GENESIS Studio\genesis-studio\packages\engines-py\.pdb_cache\4OBE,A
86,ThermoMPNN,4OBE,0.5402626395225525,4,K,H,F:\GENESIS Studio\genesis-studio\packages\engines-py\.pdb_cache\4OBE,A
87,ThermoMPNN,4OBE,0.3946954011917114,4,K,I,F:\GENESIS Studio\genesis-studio\packages\engines-py\.pdb_cache\4OBE,A
88,ThermoMPNN,4OBE,0.0,4,K,K,F:\GENESIS Studio\genesis-studio\packages\engines-py\.pdb_cache\4OBE,A
89,ThermoMPNN,4OBE,0.6251574754714966,4,K,L,F:\GENESIS Studio\genesis-studio\packages\engines-py\.pdb_cache\4OBE,A
90,ThermoMPNN,4OBE,0.4900584816932678,4,K,M,F:\GENESIS Studio\genesis-studio\packages\engines-py\.pdb_cache\4OBE,A
91,ThermoMPNN,4OBE,0.8136364221572876,4,K,N,F:\GENESIS Studio\genesis-studio\packages\engines-py\.pdb_cache\4OBE,A
92,ThermoMPNN,4OBE,2.0694918632507324,4,K,P,F:\GENESIS Studio\genesis-studio\packages\engines-py\.pdb_cache\4OBE,A
93,ThermoMPNN,4OBE,0.7898623943328857,4,K,Q,F:\GENESIS Studio\genesis-studio\packages\engines-py\.pdb_cache\4OBE,A
94,ThermoMPNN,4OBE,-0.06315100193023682,4,K,R,F:\GENESIS Studio\genesis-studio\packages\engines-py\.pdb_cache\4OBE,A
95,ThermoMPNN,4OBE,0.8553796410560608,4,K,S,F:\GENESIS Studio\genesis-studio\packages\engines-py\.pdb_cache\4OBE,A
96,ThermoMPNN,4OBE,0.6783168315887451,4,K,T,F:\GENESIS Studio\genesis-studio\packages\engines-py\.pdb_cache\4OBE,A
97,ThermoMPNN,4OBE,0.5595884323120117,4,K,V,F:\GENESIS Studio\genesis-studio\packages\engines-py\.pdb_cache\4OBE,A
98,ThermoMPNN,4OBE,0.5695686340332031,4,K,W,F:\GENESIS Studio\genesis-studio\packages\engines-py\.pdb_cache\4OBE,A
99,ThermoMPNN,4OBE,0.38065433502197266,4,K,Y,F:\GENESIS Studio\genesis-studio\packages\engines-py\.pdb_cache\4OBE,A
100,ThermoMPNN,4OBE,1.7066597938537598,5,L,A,F:\GENESIS Studio\genesis-studio\packages\engines-py\.pdb_cache\4OBE,A
101,ThermoMPNN,4OBE,0.9417968988418579,5,L,C,F:\GENESIS Studio\genesis-studio\packages\engines-py\.pdb_cache\4OBE,A
102,ThermoMPNN,4OBE,2.329723834991455,5,L,D,F:\GENESIS Studio\genesis-studio\packages\engines-py\.pdb_cache\4OBE,A
103,ThermoMPNN,4OBE,2.423696994781494,5,L,E,F:\GENESIS Studio\genesis-studio\packages\engines-py\.pdb_cache\4OBE,A
104,ThermoMPNN,4OBE,0.9039264917373657,5,L,F,F:\GENESIS Studio\genesis-studio\packages\engines-py\.pdb_cache\4OBE,A
105,ThermoMPNN,4OBE,2.2912344932556152,5,L,G,F:\GENESIS Studio\genesis-studio\packages\engines-py\.pdb_cache\4OBE,A
106,ThermoMPNN,4OBE,2.0460283756256104,5,L,H,F:\GENESIS Studio\genesis-studio\packages\engines-py\.pdb_cache\4OBE,A
107,ThermoMPNN,4OBE,-0.48427367210388184,5,L,I,F:\GENESIS Studio\genesis-studio\packages\engines-py\.pdb_cache\4OBE,A
108,ThermoMPNN,4OBE,2.042675018310547,5,L,K,F:\GENESIS Studio\genesis-studio\packages\engines-py\.pdb_cache\4OBE,A
109,ThermoMPNN,4OBE,0.0,5,L,L,F:\GENESIS Studio\genesis-studio\packages\engines-py\.pdb_cache\4OBE,A
110,ThermoMPNN,4OBE,0.7514561414718628,5,L,M,F:\GENESIS Studio\genesis-studio\packages\engines-py\.pdb_cache\4OBE,A
111,ThermoMPNN,4OBE,2.1560754776000977,5,L,N,F:\GENESIS Studio\genesis-studio\packages\engines-py\.pdb_cache\4OBE,A
112,ThermoMPNN,4OBE,2.0855712890625,5,L,P,F:\GENESIS Studio\genesis-studio\packages\engines-py\.pdb_cache\4OBE,A
113,ThermoMPNN,4OBE,2.241020917892456,5,L,Q,F:\GENESIS Studio\genesis-studio\packages\engines-py\.pdb_cache\4OBE,A
114,ThermoMPNN,4OBE,2.0599653720855713,5,L,R,F:\GENESIS Studio\genesis-studio\packages\engines-py\.pdb_cache\4OBE,A
115,ThermoMPNN,4OBE,2.1109209060668945,5,L,S,F:\GENESIS Studio\genesis-studio\packages\engines-py\.pdb_cache\4OBE,A
116,ThermoMPNN,4OBE,1.7221930027008057,5,L,T,F:\GENESIS Studio\genesis-studio\packages\engines-py\.pdb_cache\4OBE,A
117,ThermoMPNN,4OBE,0.1571357250213623,5,L,V,F:\GENESIS Studio\genesis-studio\packages\engines-py\.pdb_cache\4OBE,A
118,ThermoMPNN,4OBE,1.42500638961792,5,L,W,F:\GENESIS Studio\genesis-studio\packages\engines-py\.pdb_cache\4OBE,A
119,ThermoMPNN,4OBE,1.3166911602020264,5,L,Y,F:\GENESIS Studio\genesis-studio\packages\engines-py\.pdb_cache\4OBE,A
120,ThermoMPNN,4OBE,1.2488882541656494,6,V,A,F:\GENESIS Studio\genesis-studio\packages\engines-py\.pdb_cache\4OBE,A
121,ThermoMPNN,4OBE,0.4858201742172241,6,V,C,F:\GENESIS Studio\genesis-studio\packages\engines-py\.pdb_cache\4OBE,A
122,ThermoMPNN,4OBE,2.4485857486724854,6,V,D,F:\GENESIS Studio\genesis-studio\packages\engines-py\.pdb_cache\4OBE,A
123,ThermoMPNN,4OBE,2.392700672149658,6,V,E,F:\GENESIS Studio\genesis-studio\packages\engines-py\.pdb_cache\4OBE,A
124,ThermoMPNN,4OBE,0.6694551706314087,6,V,F,F:\GENESIS Studio\genesis-studio\packages\engines-py\.pdb_cache\4OBE,A
125,ThermoMPNN,4OBE,1.914806842803955,6,V,G,F:\GENESIS Studio\genesis-studio\packages\engines-py\.pdb_cache\4OBE,A
126,ThermoMPNN,4OBE,1.830787181854248,6,V,H,F:\GENESIS Studio\genesis-studio\packages\engines-py\.pdb_cache\4OBE,A
127,ThermoMPNN,4OBE,0.006209611892700195,6,V,I,F:\GENESIS Studio\genesis-studio\packages\engines-py\.pdb_cache\4OBE,A
128,ThermoMPNN,4OBE,2.2147750854492188,6,V,K,F:\GENESIS Studio\genesis-studio\packages\engines-py\.pdb_cache\4OBE,A
129,ThermoMPNN,4OBE,0.21686506271362305,6,V,L,F:\GENESIS Studio\genesis-studio\packages\engines-py\.pdb_cache\4OBE,A
130,ThermoMPNN,4OBE,0.8234351873397827,6,V,M,F:\GENESIS Studio\genesis-studio\packages\engines-py\.pdb_cache\4OBE,A
131,ThermoMPNN,4OBE,2.1218457221984863,6,V,N,F:\GENESIS Studio\genesis-studio\packages\engines-py\.pdb_cache\4OBE,A
132,ThermoMPNN,4OBE,2.2619059085845947,6,V,P,F:\GENESIS Studio\genesis-studio\packages\engines-py\.pdb_cache\4OBE,A
133,ThermoMPNN,4OBE,2.2334649562835693,6,V,Q,F:\GENESIS Studio\genesis-studio\packages\engines-py\.pdb_cache\4OBE,A
134,ThermoMPNN,4OBE,2.254307985305786,6,V,R,F:\GENESIS Studio\genesis-studio\packages\engines-py\.pdb_cache\4OBE,A
135,ThermoMPNN,4OBE,1.9862730503082275,6,V,S,F:\GENESIS Studio\genesis-studio\packages\engines-py\.pdb_cache\4OBE,A
136,ThermoMPNN,4OBE,1.6279051303863525,6,V,T,F:\GENESIS Studio\genesis-studio\packages\engines-py\.pdb_cache\4OBE,A
137,ThermoMPNN,4OBE,0.0,6,V,V,F:\GENESIS Studio\genesis-studio\packages\engines-py\.pdb_cache\4OBE,A
138,ThermoMPNN,4OBE,0.8427538871765137,6,V,W,F:\GENESIS Studio\genesis-studio\packages\engines-py\.pdb_cache\4OBE,A
139,ThermoMPNN,4OBE,0.8788252472877502,6,V,Y,F:\GENESIS Studio\genesis-studio\packages\engines-py\.pdb_cache\4OBE,A
140,ThermoMPNN,4OBE,1.6029748916625977,7,V,A,F:\GENESIS Studio\genesis-studio\packages\engines-py\.pdb_cache\4OBE,A
141,ThermoMPNN,4OBE,0.8976736068725586,7,V,C,F:\GENESIS Studio\genesis-studio\packages\engines-py\.pdb_cache\4OBE,A
142,ThermoMPNN,4OBE,2.47971510887146,7,V,D,F:\GENESIS Studio\genesis-studio\packages\engines-py\.pdb_cache\4OBE,A
143,ThermoMPNN,4OBE,2.610321283340454,7,V,E,F:\GENESIS Studio\genesis-studio\packages\engines-py\.pdb_cache\4OBE,A
144,ThermoMPNN,4OBE,1.1378202438354492,7,V,F,F:\GENESIS Studio\genesis-studio\packages\engines-py\.pdb_cache\4OBE,A
145,ThermoMPNN,4OBE,2.271224021911621,7,V,G,F:\GENESIS Studio\genesis-studio\packages\engines-py\.pdb_cache\4OBE,A
146,ThermoMPNN,4OBE,2.192978858947754,7,V,H,F:\GENESIS Studio\genesis-studio\packages\engines-py\.pdb_cache\4OBE,A
147,ThermoMPNN,4OBE,-0.03573155403137207,7,V,I,F:\GENESIS Studio\genesis-studio\packages\engines-py\.pdb_cache\4OBE,A
148,ThermoMPNN,4OBE,2.52988862991333,7,V,K,F:\GENESIS Studio\genesis-studio\packages\engines-py\.pdb_cache\4OBE,A
149,ThermoMPNN,4OBE,0.6445827484130859,7,V,L,F:\GENESIS Studio\genesis-studio\packages\engines-py\.pdb_cache\4OBE,A
150,ThermoMPNN,4OBE,0.9574174880981445,7,V,M,F:\GENESIS Studio\genesis-studio\packages\engines-py\.pdb_cache\4OBE,A
151,ThermoMPNN,4OBE,2.3560802936553955,7,V,N,F:\GENESIS Studio\genesis-studio\packages\engines-py\.pdb_cache\4OBE,A
152,ThermoMPNN,4OBE,2.264432430267334,7,V,P,F:\GENESIS Studio\genesis-studio\packages\engines-py\.pdb_cache\4OBE,A
153,ThermoMPNN,4OBE,2.3518950939178467,7,V,Q,F:\GENESIS Studio\genesis-studio\packages\engines-py\.pdb_cache\4OBE,A
154,ThermoMPNN,4OBE,2.443535566329956,7,V,R,F:\GENESIS Studio\genesis-studio\packages\engines-py\.pdb_cache\4OBE,A
155,ThermoMPNN,4OBE,2.064746379852295,7,V,S,F:\GENESIS Studio\genesis-studio\packages\engines-py\.pdb_cache\4OBE,A
156,ThermoMPNN,4OBE,1.5529685020446777,7,V,T,F:\GENESIS Studio\genesis-studio\packages\engines-py\.pdb_cache\4OBE,A
157,ThermoMPNN,4OBE,0.0,7,V,V,F:\GENESIS Studio\genesis-studio\packages\engines-py\.pdb_cache\4OBE,A
158,ThermoMPNN,4OBE,1.3878509998321533,7,V,W,F:\GENESIS Studio\genesis-studio\packages\engines-py\.pdb_cache\4OBE,A
159,ThermoMPNN,4OBE,1.5394209623336792,7,V,Y,F:\GENESIS Studio\genesis-studio\packages\engines-py\.pdb_cache\4OBE,A
160,ThermoMPNN,4OBE,1.4574720859527588,8,V,A,F:\GENESIS Studio\genesis-studio\packages\engines-py\.pdb_cache\4OBE,A
161,ThermoMPNN,4OBE,0.3102719783782959,8,V,C,F:\GENESIS Studio\genesis-studio\packages\engines-py\.pdb_cache\4OBE,A
162,ThermoMPNN,4OBE,2.2990775108337402,8,V,D,F:\GENESIS Studio\genesis-studio\packages\engines-py\.pdb_cache\4OBE,A
163,ThermoMPNN,4OBE,1.9022347927093506,8,V,E,F:\GENESIS Studio\genesis-studio\packages\engines-py\.pdb_cache\4OBE,A
164,ThermoMPNN,4OBE,0.8160545825958252,8,V,F,F:\GENESIS Studio\genesis-studio\packages\engines-py\.pdb_cache\4OBE,A
165,ThermoMPNN,4OBE,2.0808982849121094,8,V,G,F:\GENESIS Studio\genesis-studio\packages\engines-py\.pdb_cache\4OBE,A
166,ThermoMPNN,4OBE,1.6281780004501343,8,V,H,F:\GENESIS Studio\genesis-studio\packages\engines-py\.pdb_cache\4OBE,A
167,ThermoMPNN,4OBE,-0.09880447387695312,8,V,I,F:\GENESIS Studio\genesis-studio\packages\engines-py\.pdb_cache\4OBE,A
168,ThermoMPNN,4OBE,2.2766025066375732,8,V,K,F:\GENESIS Studio\genesis-studio\packages\engines-py\.pdb_cache\4OBE,A
169,ThermoMPNN,4OBE,0.4692697525024414,8,V,L,F:\GENESIS Studio\genesis-studio\packages\engines-py\.pdb_cache\4OBE,A
170,ThermoMPNN,4OBE,0.6504969596862793,8,V,M,F:\GENESIS Studio\genesis-studio\packages\engines-py\.pdb_cache\4OBE,A
171,ThermoMPNN,4OBE,2.046842575073242,8,V,N,F:\GENESIS Studio\genesis-studio\packages\engines-py\.pdb_cache\4OBE,A
172,ThermoMPNN,4OBE,2.421664237976074,8,V,P,F:\GENESIS Studio\genesis-studio\packages\engines-py\.pdb_cache\4OBE,A
173,ThermoMPNN,4OBE,1.9595820903778076,8,V,Q,F:\GENESIS Studio\genesis-studio\packages\engines-py\.pdb_cache\4OBE,A
174,ThermoMPNN,4OBE,2.2122790813446045,8,V,R,F:\GENESIS Studio\genesis-studio\packages\engines-py\.pdb_cache\4OBE,A
175,ThermoMPNN,4OBE,1.7130802869796753,8,V,S,F:\GENESIS Studio\genesis-studio\packages\engines-py\.pdb_cache\4OBE,A
176,ThermoMPNN,4OBE,1.2238643169403076,8,V,T,F:\GENESIS Studio\genesis-studio\packages\engines-py\.pdb_cache\4OBE,A
177,ThermoMPNN,4OBE,0.0,8,V,V,F:\GENESIS Studio\genesis-studio\packages\engines-py\.pdb_cache\4OBE,A
178,ThermoMPNN,4OBE,0.8498042821884155,8,V,W,F:\GENESIS Studio\genesis-studio\packages\engines-py\.pdb_cache\4OBE,A
179,ThermoMPNN,4OBE,0.9701402187347412,8,V,Y,F:\GENESIS Studio\genesis-studio\packages\engines-py\.pdb_cache\4OBE,A
180,ThermoMPNN,4OBE,2.2500739097595215,9,G,A,F:\GENESIS Studio\genesis-studio\packages\engines-py\.pdb_cache\4OBE,A
181,ThermoMPNN,4OBE,1.808188557624817,9,G,C,F:\GENESIS Studio\genesis-studio\packages\engines-py\.pdb_cache\4OBE,A
182,ThermoMPNN,4OBE,3.1303696632385254,9,G,D,F:\GENESIS Studio\genesis-studio\packages\engines-py\.pdb_cache\4OBE,A
183,ThermoMPNN,4OBE,3.094667673110962,9,G,E,F:\GENESIS Studio\genesis-studio\packages\engines-py\.pdb_cache\4OBE,A
184,ThermoMPNN,4OBE,1.8451305627822876,9,G,F,F:\GENESIS Studio\genesis-studio\packages\engines-py\.pdb_cache\4OBE,A
185,ThermoMPNN,4OBE,0.0,9,G,G,F:\GENESIS Studio\genesis-studio\packages\engines-py\.pdb_cache\4OBE,A
186,ThermoMPNN,4OBE,2.7329139709472656,9,G,H,F:\GENESIS Studio\genesis-studio\packages\engines-py\.pdb_cache\4OBE,A
187,ThermoMPNN,4OBE,2.3568038940429688,9,G,I,F:\GENESIS Studio\genesis-studio\packages\engines-py\.pdb_cache\4OBE,A
188,ThermoMPNN,4OBE,3.071115493774414,9,G,K,F:\GENESIS Studio\genesis-studio\packages\engines-py\.pdb_cache\4OBE,A
189,ThermoMPNN,4OBE,2.290444850921631,9,G,L,F:\GENESIS Studio\genesis-studio\packages\engines-py\.pdb_cache\4OBE,A
190,ThermoMPNN,4OBE,2.210665702819824,9,G,M,F:\GENESIS Studio\genesis-studio\packages\engines-py\.pdb_cache\4OBE,A
191,ThermoMPNN,4OBE,2.9675278663635254,9,G,N,F:\GENESIS Studio\genesis-studio\packages\engines-py\.pdb_cache\4OBE,A
192,ThermoMPNN,4OBE,2.703617572784424,9,G,P,F:\GENESIS Studio\genesis-studio\packages\engines-py\.pdb_cache\4OBE,A
193,ThermoMPNN,4OBE,2.888256788253784,9,G,Q,F:\GENESIS Studio\genesis-studio\packages\engines-py\.pdb_cache\4OBE,A
194,ThermoMPNN,4OBE,2.9551849365234375,9,G,R,F:\GENESIS Studio\genesis-studio\packages\engines-py\.pdb_cache\4OBE,A
195,ThermoMPNN,4OBE,2.623891830444336,9,G,S,F:\GENESIS Studio\genesis-studio\packages\engines-py\.pdb_cache\4OBE,A
196,ThermoMPNN,4OBE,2.7856645584106445,9,G,T,F:\GENESIS Studio\genesis-studio\packages\engines-py\.pdb_cache\4OBE,A
197,ThermoMPNN,4OBE,2.2107560634613037,9,G,V,F:\GENESIS Studio\genesis-studio\packages\engines-py\.pdb_cache\4OBE,A
198,ThermoMPNN,4OBE,2.0898361206054688,9,G,W,F:\GENESIS Studio\genesis-studio\packages\engines-py\.pdb_cache\4OBE,A
199,ThermoMPNN,4OBE,2.123373508453369,9,G,Y,F:\GENESIS Studio\genesis-studio\packages\engines-py\.pdb_cache\4OBE,A
200,ThermoMPNN,4OBE,0.0,10,A,A,F:\GENESIS Studio\genesis-studio\packages\engines-py\.pdb_cache\4OBE,A
201,ThermoMPNN,4OBE,-0.1482928991317749,10,A,C,F:\GENESIS Studio\genesis-studio\packages\engines-py\.pdb_cache\4OBE,A
202,ThermoMPNN,4OBE,0.6022416353225708,10,A,D,F:\GENESIS Studio\genesis-studio\packages\engines-py\.pdb_cache\4OBE,A
203,ThermoMPNN,4OBE,-0.10108733177185059,10,A,E,F:\GENESIS Studio\genesis-studio\packages\engines-py\.pdb_cache\4OBE,A
204,ThermoMPNN,4OBE,0.6571958661079407,10,A,F,F:\GENESIS Studio\genesis-studio\packages\engines-py\.pdb_cache\4OBE,A
205,ThermoMPNN,4OBE,0.7007760405540466,10,A,G,F:\GENESIS Studio\genesis-studio\packages\engines-py\.pdb_cache\4OBE,A
206,ThermoMPNN,4OBE,0.6203576326370239,10,A,H,F:\GENESIS Studio\genesis-studio\packages\engines-py\.pdb_cache\4OBE,A
207,ThermoMPNN,4OBE,0.3865554928779602,10,A,I,F:\GENESIS Studio\genesis-studio\packages\engines-py\.pdb_cache\4OBE,A
208,ThermoMPNN,4OBE,0.6104366779327393,10,A,K,F:\GENESIS Studio\genesis-studio\packages\engines-py\.pdb_cache\4OBE,A
209,ThermoMPNN,4OBE,0.23530268669128418,10,A,L,F:\GENESIS Studio\genesis-studio\packages\engines-py\.pdb_cache\4OBE,A
210,ThermoMPNN,4OBE,0.1772347092628479,10,A,M,F:\GENESIS Studio\genesis-studio\packages\engines-py\.pdb_cache\4OBE,A
211,ThermoMPNN,4OBE,0.5928306579589844,10,A,N,F:\GENESIS Studio\genesis-studio\packages\engines-py\.pdb_cache\4OBE,A
212,ThermoMPNN,4OBE,1.1970114707946777,10,A,P,F:\GENESIS Studio\genesis-studio\packages\engines-py\.pdb_cache\4OBE,A
213,ThermoMPNN,4OBE,0.28260451555252075,10,A,Q,F:\GENESIS Studio\genesis-studio\packages\engines-py\.pdb_cache\4OBE,A
214,ThermoMPNN,4OBE,0.7068241238594055,10,A,R,F:\GENESIS Studio\genesis-studio\packages\engines-py\.pdb_cache\4OBE,A
215,ThermoMPNN,4OBE,0.000607609748840332,10,A,S,F:\GENESIS Studio\genesis-studio\packages\engines-py\.pdb_cache\4OBE,A
216,ThermoMPNN,4OBE,0.05119144916534424,10,A,T,F:\GENESIS Studio\genesis-studio\packages\engines-py\.pdb_cache\4OBE,A
217,ThermoMPNN,4OBE,0.14448243379592896,10,A,V,F:\GENESIS Studio\genesis-studio\packages\engines-py\.pdb_cache\4OBE,A
218,ThermoMPNN,4OBE,0.47331517934799194,10,A,W,F:\GENESIS Studio\genesis-studio\packages\engines-py\.pdb_cache\4OBE,A
219,ThermoMPNN,4OBE,0.6345664262771606,10,A,Y,F:\GENESIS Studio\genesis-studio\packages\engines-py\.pdb_cache\4OBE,A
220,ThermoMPNN,4OBE,-0.19327890872955322,11,G,A,F:\GENESIS Studio\genesis-studio\packages\engines-py\.pdb_cache\4OBE,A
221,ThermoMPNN,4OBE,-0.054957807064056396,11,G,C,F:\GENESIS Studio\genesis-studio\packages\engines-py\.pdb_cache\4OBE,A
222,ThermoMPNN,4OBE,0.10209155082702637,11,G,D,F:\GENESIS Studio\genesis-studio\packages\engines-py\.pdb_cache\4OBE,A
223,ThermoMPNN,4OBE,0.09500068426132202,11,G,E,F:\GENESIS Studio\genesis-studio\packages\engines-py\.pdb_cache\4OBE,A
224,ThermoMPNN,4OBE,0.4032564163208008,11,G,F,F:\GENESIS Studio\genesis-studio\packages\engines-py\.pdb_cache\4OBE,A
225,ThermoMPNN,4OBE,0.0,11,G,G,F:\GENESIS Studio\genesis-studio\packages\engines-py\.pdb_cache\4OBE,A
226,ThermoMPNN,4OBE,0.13317006826400757,11,G,H,F:\GENESIS Studio\genesis-studio\packages\engines-py\.pdb_cache\4OBE,A
227,ThermoMPNN,4OBE,0.2879127860069275,11,G,I,F:\GENESIS Studio\genesis-studio\packages\engines-py\.pdb_cache\4OBE,A
228,ThermoMPNN,4OBE,-0.15021169185638428,11,G,K,F:\GENESIS Studio\genesis-studio\packages\engines-py\.pdb_cache\4OBE,A
229,ThermoMPNN,4OBE,0.3052017092704773,11,G,L,F:\GENESIS Studio\genesis-studio\packages\engines-py\.pdb_cache\4OBE,A
230,ThermoMPNN,4OBE,0.34519603848457336,11,G,M,F:\GENESIS Studio\genesis-studio\packages\engines-py\.pdb_cache\4OBE,A
231,ThermoMPNN,4OBE,-0.03165978193283081,11,G,N,F:\GENESIS Studio\genesis-studio\packages\engines-py\.pdb_cache\4OBE,A
232,ThermoMPNN,4OBE,-0.14134156703948975,11,G,P,F:\GENESIS Studio\genesis-studio\packages\engines-py\.pdb_cache\4OBE,A
233,ThermoMPNN,4OBE,0.019922971725463867,11,G,Q,F:\GENESIS Studio\genesis-studio\packages\engines-py\.pdb_cache\4OBE,A
234,ThermoMPNN,4OBE,-0.024219930171966553,11,G,R,F:\GENESIS Studio\genesis-studio\packages\engines-py\.pdb_cache\4OBE,A
235,ThermoMPNN,4OBE,-0.3516368865966797,11,G,S,F:\GENESIS Studio\genesis-studio\packages\engines-py\.pdb_cache\4OBE,A
236,ThermoMPNN,4OBE,-0.08284080028533936,11,G,T,F:\GENESIS Studio\genesis-studio\packages\engines-py\.pdb_cache\4OBE,A
237,ThermoMPNN,4OBE,0.3532649874687195,11,G,V,F:\GENESIS Studio\genesis-studio\packages\engines-py\.pdb_cache\4OBE,A
238,ThermoMPNN,4OBE,0.46083852648735046,11,G,W,F:\GENESIS Studio\genesis-studio\packages\engines-py\.pdb_cache\4OBE,A
239,ThermoMPNN,4OBE,0.4098898768424988,11,G,Y,F:\GENESIS Studio\genesis-studio\packages\engines-py\.pdb_cache\4OBE,A
240,ThermoMPNN,4OBE,0.5626810789108276,12,G,A,F:\GENESIS Studio\genesis-studio\packages\engines-py\.pdb_cache\4OBE,A
241,ThermoMPNN,4OBE,0.3364708423614502,12,G,C,F:\GENESIS Studio\genesis-studio\packages\engines-py\.pdb_cache\4OBE,A
242,ThermoMPNN,4OBE,0.3920426368713379,12,G,D,F:\GENESIS Studio\genesis-studio\packages\engines-py\.pdb_cache\4OBE,A
243,ThermoMPNN,4OBE,0.5568974614143372,12,G,E,F:\GENESIS Studio\genesis-studio\packages\engines-py\.pdb_cache\4OBE,A
244,ThermoMPNN,4OBE,0.745866596698761,12,G,F,F:\GENESIS Studio\genesis-studio\packages\engines-py\.pdb_cache\4OBE,A
245,ThermoMPNN,4OBE,0.0,12,G,G,F:\GENESIS Studio\genesis-studio\packages\engines-py\.pdb_cache\4OBE,A
246,ThermoMPNN,4OBE,0.6368405818939209,12,G,H,F:\GENESIS Studio\genesis-studio\packages\engines-py\.pdb_cache\4OBE,A
247,ThermoMPNN,4OBE,0.9155571460723877,12,G,I,F:\GENESIS Studio\genesis-studio\packages\engines-py\.pdb_cache\4OBE,A
248,ThermoMPNN,4OBE,0.7685164213180542,12,G,K,F:\GENESIS Studio\genesis-studio\packages\engines-py\.pdb_cache\4OBE,A
249,ThermoMPNN,4OBE,0.809490442276001,12,G,L,F:\GENESIS Studio\genesis-studio\packages\engines-py\.pdb_cache\4OBE,A
250,ThermoMPNN,4OBE,0.6799906492233276,12,G,M,F:\GENESIS Studio\genesis-studio\packages\engines-py\.pdb_cache\4OBE,A
251,ThermoMPNN,4OBE,0.3599167466163635,12,G,N,F:\GENESIS Studio\genesis-studio\packages\engines-py\.pdb_cache\4OBE,A
252,ThermoMPNN,4OBE,0.9446581602096558,12,G,P,F:\GENESIS Studio\genesis-studio\packages\engines-py\.pdb_cache\4OBE,A
253,ThermoMPNN,4OBE,0.696553647518158,12,G,Q,F:\GENESIS Studio\genesis-studio\packages\engines-py\.pdb_cache\4OBE,A
254,ThermoMPNN,4OBE,0.7969105243682861,12,G,R,F:\GENESIS Studio\genesis-studio\packages\engines-py\.pdb_cache\4OBE,A
255,ThermoMPNN,4OBE,0.22186875343322754,12,G,S,F:\GENESIS Studio\genesis-studio\packages\engines-py\.pdb_cache\4OBE,A
256,ThermoMPNN,4OBE,0.2888410687446594,12,G,T,F:\GENESIS Studio\genesis-studio\packages\engines-py\.pdb_cache\4OBE,A
257,ThermoMPNN,4OBE,0.9556994438171387,12,G,V,F:\GENESIS Studio\genesis-studio\packages\engines-py\.pdb_cache\4OBE,A
258,ThermoMPNN,4OBE,0.7511875629425049,12,G,W,F:\GENESIS Studio\genesis-studio\packages\engines-py\.pdb_cache\4OBE,A
259,ThermoMPNN,4OBE,0.7879000902175903,12,G,Y,F:\GENESIS Studio\genesis-studio\packages\engines-py\.pdb_cache\4OBE,A
260,ThermoMPNN,4OBE,0.596196174621582,13,V,A,F:\GENESIS Studio\genesis-studio\packages\engines-py\.pdb_cache\4OBE,A
261,ThermoMPNN,4OBE,0.44784605503082275,13,V,C,F:\GENESIS Studio\genesis-studio\packages\engines-py\.pdb_cache\4OBE,A
262,ThermoMPNN,4OBE,1.6459389925003052,13,V,D,F:\GENESIS Studio\genesis-studio\packages\engines-py\.pdb_cache\4OBE,A
263,ThermoMPNN,4OBE,1.4949597120285034,13,V,E,F:\GENESIS Studio\genesis-studio\packages\engines-py\.pdb_cache\4OBE,A
264,ThermoMPNN,4OBE,1.2929353713989258,13,V,F,F:\GENESIS Studio\genesis-studio\packages\engines-py\.pdb_cache\4OBE,A
265,ThermoMPNN,4OBE,1.35255765914917,13,V,G,F:\GENESIS Studio\genesis-studio\packages\engines-py\.pdb_cache\4OBE,A
266,ThermoMPNN,4OBE,1.4934017658233643,13,V,H,F:\GENESIS Studio\genesis-studio\packages\engines-py\.pdb_cache\4OBE,A
267,ThermoMPNN,4OBE,0.6418828964233398,13,V,I,F:\GENESIS Studio\genesis-studio\packages\engines-py\.pdb_cache\4OBE,A
268,ThermoMPNN,4OBE,1.884408950805664,13,V,K,F:\GENESIS Studio\genesis-studio\packages\engines-py\.pdb_cache\4OBE,A
269,ThermoMPNN,4OBE,0.9573955535888672,13,V,L,F:\GENESIS Studio\genesis-studio\packages\engines-py\.pdb_cache\4OBE,A
270,ThermoMPNN,4OBE,1.18473482131958,13,V,M,F:\GENESIS Studio\genesis-studio\packages\engines-py\.pdb_cache\4OBE,A
271,ThermoMPNN,4OBE,1.5314626693725586,13,V,N,F:\GENESIS Studio\genesis-studio\packages\engines-py\.pdb_cache\4OBE,A
272,ThermoMPNN,4OBE,1.6700783967971802,13,V,P,F:\GENESIS Studio\genesis-studio\packages\engines-py\.pdb_cache\4OBE,A
273,ThermoMPNN,4OBE,1.59080171585083,13,V,Q,F:\GENESIS Studio\genesis-studio\packages\engines-py\.pdb_cache\4OBE,A
274,ThermoMPNN,4OBE,1.8382904529571533,13,V,R,F:\GENESIS Studio\genesis-studio\packages\engines-py\.pdb_cache\4OBE,A
275,ThermoMPNN,4OBE,1.0667924880981445,13,V,S,F:\GENESIS Studio\genesis-studio\packages\engines-py\.pdb_cache\4OBE,A
276,ThermoMPNN,4OBE,0.7718910574913025,13,V,T,F:\GENESIS Studio\genesis-studio\packages\engines-py\.pdb_cache\4OBE,A
277,ThermoMPNN,4OBE,0.0,13,V,V,F:\GENESIS Studio\genesis-studio\packages\engines-py\.pdb_cache\4OBE,A
278,ThermoMPNN,4OBE,1.3577699661254883,13,V,W,F:\GENESIS Studio\genesis-studio\packages\engines-py\.pdb_cache\4OBE,A
279,ThermoMPNN,4OBE,1.3850746154785156,13,V,Y,F:\GENESIS Studio\genesis-studio\packages\engines-py\.pdb_cache\4OBE,A
280,ThermoMPNN,4OBE,1.3513808250427246,14,G,A,F:\GENESIS Studio\genesis-studio\packages\engines-py\.pdb_cache\4OBE,A
281,ThermoMPNN,4OBE,0.7962236404418945,14,G,C,F:\GENESIS Studio\genesis-studio\packages\engines-py\.pdb_cache\4OBE,A
282,ThermoMPNN,4OBE,2.2406392097473145,14,G,D,F:\GENESIS Studio\genesis-studio\packages\engines-py\.pdb_cache\4OBE,A
283,ThermoMPNN,4OBE,2.121896743774414,14,G,E,F:\GENESIS Studio\genesis-studio\packages\engines-py\.pdb_cache\4OBE,A
284,ThermoMPNN,4OBE,0.9793448448181152,14,G,F,F:\GENESIS Studio\genesis-studio\packages\engines-py\.pdb_cache\4OBE,A
285,ThermoMPNN,4OBE,0.0,14,G,G,F:\GENESIS Studio\genesis-studio\packages\engines-py\.pdb_cache\4OBE,A
286,ThermoMPNN,4OBE,1.8528225421905518,14,G,H,F:\GENESIS Studio\genesis-studio\packages\engines-py\.pdb_cache\4OBE,A
287,ThermoMPNN,4OBE,1.5545579195022583,14,G,I,F:\GENESIS Studio\genesis-studio\packages\engines-py\.pdb_cache\4OBE,A
288,ThermoMPNN,4OBE,2.2983384132385254,14,G,K,F:\GENESIS Studio\genesis-studio\packages\engines-py\.pdb_cache\4OBE,A
289,ThermoMPNN,4OBE,1.1973974704742432,14,G,L,F:\GENESIS Studio\genesis-studio\packages\engines-py\.pdb_cache\4OBE,A
290,ThermoMPNN,4OBE,1.2021082639694214,14,G,M,F:\GENESIS Studio\genesis-studio\packages\engines-py\.pdb_cache\4OBE,A
291,ThermoMPNN,4OBE,2.1592636108398438,14,G,N,F:\GENESIS Studio\genesis-studio\packages\engines-py\.pdb_cache\4OBE,A
292,ThermoMPNN,4OBE,2.588416337966919,14,G,P,F:\GENESIS Studio\genesis-studio\packages\engines-py\.pdb_cache\4OBE,A
293,ThermoMPNN,4OBE,2.080608367919922,14,G,Q,F:\GENESIS Studio\genesis-studio\packages\engines-py\.pdb_cache\4OBE,A
294,ThermoMPNN,4OBE,2.178349018096924,14,G,R,F:\GENESIS Studio\genesis-studio\packages\engines-py\.pdb_cache\4OBE,A
295,ThermoMPNN,4OBE,1.9292796850204468,14,G,S,F:\GENESIS Studio\genesis-studio\packages\engines-py\.pdb_cache\4OBE,A
296,ThermoMPNN,4OBE,2.2420547008514404,14,G,T,F:\GENESIS Studio\genesis-studio\packages\engines-py\.pdb_cache\4OBE,A
297,ThermoMPNN,4OBE,1.448913335800171,14,G,V,F:\GENESIS Studio\genesis-studio\packages\engines-py\.pdb_cache\4OBE,A
298,ThermoMPNN,4OBE,1.0989503860473633,14,G,W,F:\GENESIS Studio\genesis-studio\packages\engines-py\.pdb_cache\4OBE,A
299,ThermoMPNN,4OBE,1.1397773027420044,14,G,Y,F:\GENESIS Studio\genesis-studio\packages\engines-py\.pdb_cache\4OBE,A
300,ThermoMPNN,4OBE,0.3571126461029053,15,K,A,F:\GENESIS Studio\genesis-studio\packages\engines-py\.pdb_cache\4OBE,A
301,ThermoMPNN,4OBE,0.3220489025115967,15,K,C,F:\GENESIS Studio\genesis-studio\packages\engines-py\.pdb_cache\4OBE,A
302,ThermoMPNN,4OBE,2.2906265258789062,15,K,D,F:\GENESIS Studio\genesis-studio\packages\engines-py\.pdb_cache\4OBE,A
303,ThermoMPNN,4OBE,1.8262417316436768,15,K,E,F:\GENESIS Studio\genesis-studio\packages\engines-py\.pdb_cache\4OBE,A
304,ThermoMPNN,4OBE,0.6078677177429199,15,K,F,F:\GENESIS Studio\genesis-studio\packages\engines-py\.pdb_cache\4OBE,A
305,ThermoMPNN,4OBE,0.6729453802108765,15,K,G,F:\GENESIS Studio\genesis-studio\packages\engines-py\.pdb_cache\4OBE,A
306,ThermoMPNN,4OBE,0.771784782409668,15,K,H,F:\GENESIS Studio\genesis-studio\packages\engines-py\.pdb_cache\4OBE,A
307,ThermoMPNN,4OBE,0.9532063007354736,15,K,I,F:\GENESIS Studio\genesis-studio\packages\engines-py\.pdb_cache\4OBE,A
308,ThermoMPNN,4OBE,0.0,15,K,K,F:\GENESIS Studio\genesis-studio\packages\engines-py\.pdb_cache\4OBE,A
309,ThermoMPNN,4OBE,0.45391297340393066,15,K,L,F:\GENESIS Studio\genesis-studio\packages\engines-py\.pdb_cache\4OBE,A
310,ThermoMPNN,4OBE,0.6047784686088562,15,K,M,F:\GENESIS Studio\genesis-studio\packages\engines-py\.pdb_cache\4OBE,A
311,ThermoMPNN,4OBE,1.1610047817230225,15,K,N,F:\GENESIS Studio\genesis-studio\packages\engines-py\.pdb_cache\4OBE,A
312,ThermoMPNN,4OBE,2.339912176132202,15,K,P,F:\GENESIS Studio\genesis-studio\packages\engines-py\.pdb_cache\4OBE,A
313,ThermoMPNN,4OBE,0.7616584300994873,15,K,Q,F:\GENESIS Studio\genesis-studio\packages\engines-py\.pdb_cache\4OBE,A
314,ThermoMPNN,4OBE,0.07497596740722656,15,K,R,F:\GENESIS Studio\genesis-studio\packages\engines-py\.pdb_cache\4OBE,A
315,ThermoMPNN,4OBE,0.9990730285644531,15,K,S,F:\GENESIS Studio\genesis-studio\packages\engines-py\.pdb_cache\4OBE,A
316,ThermoMPNN,4OBE,1.1099004745483398,15,K,T,F:\GENESIS Studio\genesis-studio\packages\engines-py\.pdb_cache\4OBE,A
317,ThermoMPNN,4OBE,1.0348327159881592,15,K,V,F:\GENESIS Studio\genesis-studio\packages\engines-py\.pdb_cache\4OBE,A
318,ThermoMPNN,4OBE,1.0351572036743164,15,K,W,F:\GENESIS Studio\genesis-studio\packages\engines-py\.pdb_cache\4OBE,A
319,ThermoMPNN,4OBE,0.6081061959266663,15,K,Y,F:\GENESIS Studio\genesis-studio\packages\engines-py\.pdb_cache\4OBE,A
320,ThermoMPNN,4OBE,1.7377914190292358,16,S,A,F:\GENESIS Studio\genesis-studio\packages\engines-py\.pdb_cache\4OBE,A
321,ThermoMPNN,4OBE,1.1624915599822998,16,S,C,F:\GENESIS Studio\genesis-studio\packages\engines-py\.pdb_cache\4OBE,A
322,ThermoMPNN,4OBE,2.3570480346679688,16,S,D,F:\GENESIS Studio\genesis-studio\packages\engines-py\.pdb_cache\4OBE,A
323,ThermoMPNN,4OBE,2.71124529838562,16,S,E,F:\GENESIS Studio\genesis-studio\packages\engines-py\.pdb_cache\4OBE,A
324,ThermoMPNN,4OBE,1.4644920825958252,16,S,F,F:\GENESIS Studio\genesis-studio\packages\engines-py\.pdb_cache\4OBE,A
325,ThermoMPNN,4OBE,2.1436235904693604,16,S,G,F:\GENESIS Studio\genesis-studio\packages\engines-py\.pdb_cache\4OBE,A
326,ThermoMPNN,4OBE,2.1729400157928467,16,S,H,F:\GENESIS Studio\genesis-studio\packages\engines-py\.pdb_cache\4OBE,A
327,ThermoMPNN,4OBE,1.751844882965088,16,S,I,F:\GENESIS Studio\genesis-studio\packages\engines-py\.pdb_cache\4OBE,A
328,ThermoMPNN,4OBE,2.6554646492004395,16,S,K,F:\GENESIS Studio\genesis-studio\packages\engines-py\.pdb_cache\4OBE,A
329,ThermoMPNN,4OBE,2.3465051651000977,16,S,L,F:\GENESIS Studio\genesis-studio\packages\engines-py\.pdb_cache\4OBE,A
330,ThermoMPNN,4OBE,1.9595465660095215,16,S,M,F:\GENESIS Studio\genesis-studio\packages\engines-py\.pdb_cache\4OBE,A
331,ThermoMPNN,4OBE,2.0344085693359375,16,S,N,F:\GENESIS Studio\genesis-studio\packages\engines-py\.pdb_cache\4OBE,A
332,ThermoMPNN,4OBE,3.0278570652008057,16,S,P,F:\GENESIS Studio\genesis-studio\packages\engines-py\.pdb_cache\4OBE,A
333,ThermoMPNN,4OBE,2.3251254558563232,16,S,Q,F:\GENESIS Studio\genesis-studio\packages\engines-py\.pdb_cache\4OBE,A
334,ThermoMPNN,4OBE,2.4705488681793213,16,S,R,F:\GENESIS Studio\genesis-studio\packages\engines-py\.pdb_cache\4OBE,A
335,ThermoMPNN,4OBE,0.0,16,S,S,F:\GENESIS Studio\genesis-studio\packages\engines-py\.pdb_cache\4OBE,A
336,ThermoMPNN,4OBE,-0.4004337787628174,16,S,T,F:\GENESIS Studio\genesis-studio\packages\engines-py\.pdb_cache\4OBE,A
337,ThermoMPNN,4OBE,1.7609953880310059,16,S,V,F:\GENESIS Studio\genesis-studio\packages\engines-py\.pdb_cache\4OBE,A
338,ThermoMPNN,4OBE,1.5269755125045776,16,S,W,F:\GENESIS Studio\genesis-studio\packages\engines-py\.pdb_cache\4OBE,A
339,ThermoMPNN,4OBE,1.6243597269058228,16,S,Y,F:\GENESIS Studio\genesis-studio\packages\engines-py\.pdb_cache\4OBE,A
340,ThermoMPNN,4OBE,0.0,17,A,A,F:\GENESIS Studio\genesis-studio\packages\engines-py\.pdb_cache\4OBE,A
341,ThermoMPNN,4OBE,0.39917898178100586,17,A,C,F:\GENESIS Studio\genesis-studio\packages\engines-py\.pdb_cache\4OBE,A
342,ThermoMPNN,4OBE,1.5336408615112305,17,A,D,F:\GENESIS Studio\genesis-studio\packages\engines-py\.pdb_cache\4OBE,A
343,ThermoMPNN,4OBE,1.1590828895568848,17,A,E,F:\GENESIS Studio\genesis-studio\packages\engines-py\.pdb_cache\4OBE,A
344,ThermoMPNN,4OBE,1.1387345790863037,17,A,F,F:\GENESIS Studio\genesis-studio\packages\engines-py\.pdb_cache\4OBE,A
345,ThermoMPNN,4OBE,1.1181714534759521,17,A,G,F:\GENESIS Studio\genesis-studio\packages\engines-py\.pdb_cache\4OBE,A
346,ThermoMPNN,4OBE,1.164825201034546,17,A,H,F:\GENESIS Studio\genesis-studio\packages\engines-py\.pdb_cache\4OBE,A
347,ThermoMPNN,4OBE,0.9851523637771606,17,A,I,F:\GENESIS Studio\genesis-studio\packages\engines-py\.pdb_cache\4OBE,A
348,ThermoMPNN,4OBE,1.0817004442214966,17,A,K,F:\GENESIS Studio\genesis-studio\packages\engines-py\.pdb_cache\4OBE,A
349,ThermoMPNN,4OBE,1.0782053470611572,17,A,L,F:\GENESIS Studio\genesis-studio\packages\engines-py\.pdb_cache\4OBE,A
350,ThermoMPNN,4OBE,0.7530665397644043,17,A,M,F:\GENESIS Studio\genesis-studio\packages\engines-py\.pdb_cache\4OBE,A
351,ThermoMPNN,4OBE,1.3949813842773438,17,A,N,F:\GENESIS Studio\genesis-studio\packages\engines-py\.pdb_cache\4OBE,A
352,ThermoMPNN,4OBE,0.6803559064865112,17,A,P,F:\GENESIS Studio\genesis-studio\packages\engines-py\.pdb_cache\4OBE,A
353,ThermoMPNN,4OBE,0.76107257604599,17,A,Q,F:\GENESIS Studio\genesis-studio\packages\engines-py\.pdb_cache\4OBE,A
354,ThermoMPNN,4OBE,1.0416057109832764,17,A,R,F:\GENESIS Studio\genesis-studio\packages\engines-py\.pdb_cache\4OBE,A
355,ThermoMPNN,4OBE,0.25320398807525635,17,A,S,F:\GENESIS Studio\genesis-studio\packages\engines-py\.pdb_cache\4OBE,A
356,ThermoMPNN,4OBE,0.3613471984863281,17,A,T,F:\GENESIS Studio\genesis-studio\packages\engines-py\.pdb_cache\4OBE,A
357,ThermoMPNN,4OBE,0.374589204788208,17,A,V,F:\GENESIS Studio\genesis-studio\packages\engines-py\.pdb_cache\4OBE,A
358,ThermoMPNN,4OBE,1.377840518951416,17,A,W,F:\GENESIS Studio\genesis-studio\packages\engines-py\.pdb_cache\4OBE,A
359,ThermoMPNN,4OBE,1.472294569015503,17,A,Y,F:\GENESIS Studio\genesis-studio\packages\engines-py\.pdb_cache\4OBE,A
360,ThermoMPNN,4OBE,2.2106380462646484,18,L,A,F:\GENESIS Studio\genesis-studio\packages\engines-py\.pdb_cache\4OBE,A
361,ThermoMPNN,4OBE,1.5693259239196777,18,L,C,F:\GENESIS Studio\genesis-studio\packages\engines-py\.pdb_cache\4OBE,A
362,ThermoMPNN,4OBE,3.0396344661712646,18,L,D,F:\GENESIS Studio\genesis-studio\packages\engines-py\.pdb_cache\4OBE,A
363,ThermoMPNN,4OBE,2.731255531311035,18,L,E,F:\GENESIS Studio\genesis-studio\packages\engines-py\.pdb_cache\4OBE,A
364,ThermoMPNN,4OBE,1.4710265398025513,18,L,F,F:\GENESIS Studio\genesis-studio\packages\engines-py\.pdb_cache\4OBE,A
365,ThermoMPNN,4OBE,2.651383876800537,18,L,G,F:\GENESIS Studio\genesis-studio\packages\engines-py\.pdb_cache\4OBE,A
366,ThermoMPNN,4OBE,2.774465560913086,18,L,H,F:\GENESIS Studio\genesis-studio\packages\engines-py\.pdb_cache\4OBE,A
367,ThermoMPNN,4OBE,1.1325461864471436,18,L,I,F:\GENESIS Studio\genesis-studio\packages\engines-py\.pdb_cache\4OBE,A
368,ThermoMPNN,4OBE,2.4206442832946777,18,L,K,F:\GENESIS Studio\genesis-studio\packages\engines-py\.pdb_cache\4OBE,A
369,ThermoMPNN,4OBE,0.0,18,L,L,F:\GENESIS Studio\genesis-studio\packages\engines-py\.pdb_cache\4OBE,A
370,ThermoMPNN,4OBE,0.7636463642120361,18,L,M,F:\GENESIS Studio\genesis-studio\packages\engines-py\.pdb_cache\4OBE,A
371,ThermoMPNN,4OBE,2.8028974533081055,18,L,N,F:\GENESIS Studio\genesis-studio\packages\engines-py\.pdb_cache\4OBE,A
372,ThermoMPNN,4OBE,3.413830280303955,18,L,P,F:\GENESIS Studio\genesis-studio\packages\engines-py\.pdb_cache\4OBE,A
373,ThermoMPNN,4OBE,2.4450435638427734,18,L,Q,F:\GENESIS Studio\genesis-studio\packages\engines-py\.pdb_cache\4OBE,A
374,ThermoMPNN,4OBE,2.276479721069336,18,L,R,F:\GENESIS Studio\genesis-studio\packages\engines-py\.pdb_cache\4OBE,A
375,ThermoMPNN,4OBE,2.4993128776550293,18,L,S,F:\GENESIS Studio\genesis-studio\packages\engines-py\.pdb_cache\4OBE,A
376,ThermoMPNN,4OBE,2.4625587463378906,18,L,T,F:\GENESIS Studio\genesis-studio\packages\engines-py\.pdb_cache\4OBE,A
377,ThermoMPNN,4OBE,1.7301002740859985,18,L,V,F:\GENESIS Studio\genesis-studio\packages\engines-py\.pdb_cache\4OBE,A
378,ThermoMPNN,4OBE,2.060209035873413,18,L,W,F:\GENESIS Studio\genesis-studio\packages\engines-py\.pdb_cache\4OBE,A
379,ThermoMPNN,4OBE,2.2034170627593994,18,L,Y,F:\GENESIS Studio\genesis-studio\packages\engines-py\.pdb_cache\4OBE,A
380,ThermoMPNN,4OBE,1.0039246082305908,19,T,A,F:\GENESIS Studio\genesis-studio\packages\engines-py\.pdb_cache\4OBE,A
381,ThermoMPNN,4OBE,0.5893616676330566,19,T,C,F:\GENESIS Studio\genesis-studio\packages\engines-py\.pdb_cache\4OBE,A
382,ThermoMPNN,4OBE,2.7404422760009766,19,T,D,F:\GENESIS Studio\genesis-studio\packages\engines-py\.pdb_cache\4OBE,A
383,ThermoMPNN,4OBE,2.3409292697906494,19,T,E,F:\GENESIS Studio\genesis-studio\packages\engines-py\.pdb_cache\4OBE,A
384,ThermoMPNN,4OBE,1.2330330610275269,19,T,F,F:\GENESIS Studio\genesis-studio\packages\engines-py\.pdb_cache\4OBE,A
385,ThermoMPNN,4OBE,1.9966386556625366,19,T,G,F:\GENESIS Studio\genesis-studio\packages\engines-py\.pdb_cache\4OBE,A
386,ThermoMPNN,4OBE,1.979015827178955,19,T,H,F:\GENESIS Studio\genesis-studio\packages\engines-py\.pdb_cache\4OBE,A
387,ThermoMPNN,4OBE,0.09587645530700684,19,T,I,F:\GENESIS Studio\genesis-studio\packages\engines-py\.pdb_cache\4OBE,A
388,ThermoMPNN,4OBE,1.919987440109253,19,T,K,F:\GENESIS Studio\genesis-studio\packages\engines-py\.pdb_cache\4OBE,A
389,ThermoMPNN,4OBE,0.44843947887420654,19,T,L,F:\GENESIS Studio\genesis-studio\packages\engines-py\.pdb_cache\4OBE,A
390,ThermoMPNN,4OBE,0.7170459032058716,19,T,M,F:\GENESIS Studio\genesis-studio\packages\engines-py\.pdb_cache\4OBE,A
391,ThermoMPNN,4OBE,2.1407501697540283,19,T,N,F:\GENESIS Studio\genesis-studio\packages\engines-py\.pdb_cache\4OBE,A
392,ThermoMPNN,4OBE,2.776214122772217,19,T,P,F:\GENESIS Studio\genesis-studio\packages\engines-py\.pdb_cache\4OBE,A
393,ThermoMPNN,4OBE,1.8647444248199463,19,T,Q,F:\GENESIS Studio\genesis-studio\packages\engines-py\.pdb_cache\4OBE,A
394,ThermoMPNN,4OBE,1.6991136074066162,19,T,R,F:\GENESIS Studio\genesis-studio\packages\engines-py\.pdb_cache\4OBE,A
395,ThermoMPNN,4OBE,0.8960963487625122,19,T,S,F:\GENESIS Studio\genesis-studio\packages\engines-py\.pdb_cache\4OBE,A
396,ThermoMPNN,4OBE,0.0,19,T,T,F:\GENESIS Studio\genesis-studio\packages\engines-py\.pdb_cache\4OBE,A
397,ThermoMPNN,4OBE,0.254402756690979,19,T,V,F:\GENESIS Studio\genesis-studio\packages\engines-py\.pdb_cache\4OBE,A
398,ThermoMPNN,4OBE,1.3852155208587646,19,T,W,F:\GENESIS Studio\genesis-studio\packages\engines-py\.pdb_cache\4OBE,A
399,ThermoMPNN,4OBE,1.2991522550582886,19,T,Y,F:\GENESIS Studio\genesis-studio\packages\engines-py\.pdb_cache\4OBE,A
400,ThermoMPNN,4OBE,1.6995270252227783,20,I,A,F:\GENESIS Studio\genesis-studio\packages\engines-py\.pdb_cache\4OBE,A
401,ThermoMPNN,4OBE,0.8654108047485352,20,I,C,F:\GENESIS Studio\genesis-studio\packages\engines-py\.pdb_cache\4OBE,A
402,ThermoMPNN,4OBE,2.7714946269989014,20,I,D,F:\GENESIS Studio\genesis-studio\packages\engines-py\.pdb_cache\4OBE,A
403,ThermoMPNN,4OBE,2.169053554534912,20,I,E,F:\GENESIS Studio\genesis-studio\packages\engines-py\.pdb_cache\4OBE,A
404,ThermoMPNN,4OBE,0.8838324546813965,20,I,F,F:\GENESIS Studio\genesis-studio\packages\engines-py\.pdb_cache\4OBE,A
405,ThermoMPNN,4OBE,2.521613121032715,20,I,G,F:\GENESIS Studio\genesis-studio\packages\engines-py\.pdb_cache\4OBE,A
406,ThermoMPNN,4OBE,1.2031422853469849,20,I,H,F:\GENESIS Studio\genesis-studio\packages\engines-py\.pdb_cache\4OBE,A
407,ThermoMPNN,4OBE,0.0,20,I,I,F:\GENESIS Studio\genesis-studio\packages\engines-py\.pdb_cache\4OBE,A
408,ThermoMPNN,4OBE,1.1377456188201904,20,I,K,F:\GENESIS Studio\genesis-studio\packages\engines-py\.pdb_cache\4OBE,A
409,ThermoMPNN,4OBE,-0.14185762405395508,20,I,L,F:\GENESIS Studio\genesis-studio\packages\engines-py\.pdb_cache\4OBE,A
410,ThermoMPNN,4OBE,0.6352951526641846,20,I,M,F:\GENESIS Studio\genesis-studio\packages\engines-py\.pdb_cache\4OBE,A
411,ThermoMPNN,4OBE,1.8951849937438965,20,I,N,F:\GENESIS Studio\genesis-studio\packages\engines-py\.pdb_cache\4OBE,A
412,ThermoMPNN,4OBE,2.897400140762329,20,I,P,F:\GENESIS Studio\genesis-studio\packages\engines-py\.pdb_cache\4OBE,A
413,ThermoMPNN,4OBE,1.689031958580017,20,I,Q,F:\GENESIS Studio\genesis-studio\packages\engines-py\.pdb_cache\4OBE,A
414,ThermoMPNN,4OBE,1.0171256065368652,20,I,R,F:\GENESIS Studio\genesis-studio\packages\engines-py\.pdb_cache\4OBE,A
415,ThermoMPNN,4OBE,2.0892934799194336,20,I,S,F:\GENESIS Studio\genesis-studio\packages\engines-py\.pdb_cache\4OBE,A
416,ThermoMPNN,4OBE,1.6169204711914062,20,I,T,F:\GENESIS Studio\genesis-studio\packages\engines-py\.pdb_cache\4OBE,A
417,ThermoMPNN,4OBE,0.7641479969024658,20,I,V,F:\GENESIS Studio\genesis-studio\packages\engines-py\.pdb_cache\4OBE,A
418,ThermoMPNN,4OBE,0.8978186845779419,20,I,W,F:\GENESIS Studio\genesis-studio\packages\engines-py\.pdb_cache\4OBE,A
419,ThermoMPNN,4OBE,0.7008507251739502,20,I,Y,F:\GENESIS Studio\genesis-studio\packages\engines-py\.pdb_cache\4OBE,A
420,ThermoMPNN,4OBE,0.09157294034957886,21,Q,A,F:\GENESIS Studio\genesis-studio\packages\engines-py\.pdb_cache\4OBE,A
421,ThermoMPNN,4OBE,0.17116624116897583,21,Q,C,F:\GENESIS Studio\genesis-studio\packages\engines-py\.pdb_cache\4OBE,A
422,ThermoMPNN,4OBE,1.4114923477172852,21,Q,D,F:\GENESIS Studio\genesis-studio\packages\engines-py\.pdb_cache\4OBE,A
423,ThermoMPNN,4OBE,1.063215732574463,21,Q,E,F:\GENESIS Studio\genesis-studio\packages\engines-py\.pdb_cache\4OBE,A
424,ThermoMPNN,4OBE,-0.07388389110565186,21,Q,F,F:\GENESIS Studio\genesis-studio\packages\engines-py\.pdb_cache\4OBE,A
425,ThermoMPNN,4OBE,0.993353545665741,21,Q,G,F:\GENESIS Studio\genesis-studio\packages\engines-py\.pdb_cache\4OBE,A
426,ThermoMPNN,4OBE,0.010255575180053711,21,Q,H,F:\GENESIS Studio\genesis-studio\packages\engines-py\.pdb_cache\4OBE,A
427,ThermoMPNN,4OBE,0.7724186778068542,21,Q,I,F:\GENESIS Studio\genesis-studio\packages\engines-py\.pdb_cache\4OBE,A
428,ThermoMPNN,4OBE,0.41610395908355713,21,Q,K,F:\GENESIS Studio\genesis-studio\packages\engines-py\.pdb_cache\4OBE,A
429,ThermoMPNN,4OBE,0.4127711057662964,21,Q,L,F:\GENESIS Studio\genesis-studio\packages\engines-py\.pdb_cache\4OBE,A
430,ThermoMPNN,4OBE,-0.03848063945770264,21,Q,M,F:\GENESIS Studio\genesis-studio\packages\engines-py\.pdb_cache\4OBE,A
431,ThermoMPNN,4OBE,0.628307580947876,21,Q,N,F:\GENESIS Studio\genesis-studio\packages\engines-py\.pdb_cache\4OBE,A
432,ThermoMPNN,4OBE,2.036818504333496,21,Q,P,F:\GENESIS Studio\genesis-studio\packages\engines-py\.pdb_cache\4OBE,A
433,ThermoMPNN,4OBE,0.0,21,Q,Q,F:\GENESIS Studio\genesis-studio\packages\engines-py\.pdb_cache\4OBE,A
434,ThermoMPNN,4OBE,0.09487229585647583,21,Q,R,F:\GENESIS Studio\genesis-studio\packages\engines-py\.pdb_cache\4OBE,A
435,ThermoMPNN,4OBE,0.34263157844543457,21,Q,S,F:\GENESIS Studio\genesis-studio\packages\engines-py\.pdb_cache\4OBE,A
436,ThermoMPNN,4OBE,0.7316857576370239,21,Q,T,F:\GENESIS Studio\genesis-studio\packages\engines-py\.pdb_cache\4OBE,A
437,ThermoMPNN,4OBE,0.32705098390579224,21,Q,V,F:\GENESIS Studio\genesis-studio\packages\engines-py\.pdb_cache\4OBE,A
438,ThermoMPNN,4OBE,-0.36083924770355225,21,Q,W,F:\GENESIS Studio\genesis-studio\packages\engines-py\.pdb_cache\4OBE,A
439,ThermoMPNN,4OBE,-0.2007514238357544,21,Q,Y,F:\GENESIS Studio\genesis-studio\packages\engines-py\.pdb_cache\4OBE,A
440,ThermoMPNN,4OBE,2.3337929248809814,22,L,A,F:\GENESIS Studio\genesis-studio\packages\engines-py\.pdb_cache\4OBE,A
441,ThermoMPNN,4OBE,1.2586102485656738,22,L,C,F:\GENESIS Studio\genesis-studio\packages\engines-py\.pdb_cache\4OBE,A
442,ThermoMPNN,4OBE,3.3406829833984375,22,L,D,F:\GENESIS Studio\genesis-studio\packages\engines-py\.pdb_cache\4OBE,A
443,ThermoMPNN,4OBE,3.04575514793396,22,L,E,F:\GENESIS Studio\genesis-studio\packages\engines-py\.pdb_cache\4OBE,A
444,ThermoMPNN,4OBE,-0.20600175857543945,22,L,F,F:\GENESIS Studio\genesis-studio\packages\engines-py\.pdb_cache\4OBE,A
445,ThermoMPNN,4OBE,2.791961669921875,22,L,G,F:\GENESIS Studio\genesis-studio\packages\engines-py\.pdb_cache\4OBE,A
446,ThermoMPNN,4OBE,2.6044256687164307,22,L,H,F:\GENESIS Studio\genesis-studio\packages\engines-py\.pdb_cache\4OBE,A
447,ThermoMPNN,4OBE,0.6236176490783691,22,L,I,F:\GENESIS Studio\genesis-studio\packages\engines-py\.pdb_cache\4OBE,A
448,ThermoMPNN,4OBE,2.7736401557922363,22,L,K,F:\GENESIS Studio\genesis-studio\packages\engines-py\.pdb_cache\4OBE,A
449,ThermoMPNN,4OBE,0.0,22,L,L,F:\GENESIS Studio\genesis-studio\packages\engines-py\.pdb_cache\4OBE,A
450,ThermoMPNN,4OBE,0.5873878002166748,22,L,M,F:\GENESIS Studio\genesis-studio\packages\engines-py\.pdb_cache\4OBE,A
451,ThermoMPNN,4OBE,2.8026485443115234,22,L,N,F:\GENESIS Studio\genesis-studio\packages\engines-py\.pdb_cache\4OBE,A
452,ThermoMPNN,4OBE,2.7753067016601562,22,L,P,F:\GENESIS Studio\genesis-studio\packages\engines-py\.pdb_cache\4OBE,A
453,ThermoMPNN,4OBE,2.814929962158203,22,L,Q,F:\GENESIS Studio\genesis-studio\packages\engines-py\.pdb_cache\4OBE,A
454,ThermoMPNN,4OBE,2.5960476398468018,22,L,R,F:\GENESIS Studio\genesis-studio\packages\engines-py\.pdb_cache\4OBE,A
455,ThermoMPNN,4OBE,2.64908766746521,22,L,S,F:\GENESIS Studio\genesis-studio\packages\engines-py\.pdb_cache\4OBE,A
456,ThermoMPNN,4OBE,2.3317325115203857,22,L,T,F:\GENESIS Studio\genesis-studio\packages\engines-py\.pdb_cache\4OBE,A
457,ThermoMPNN,4OBE,1.0402593612670898,22,L,V,F:\GENESIS Studio\genesis-studio\packages\engines-py\.pdb_cache\4OBE,A
458,ThermoMPNN,4OBE,1.0182472467422485,22,L,W,F:\GENESIS Studio\genesis-studio\packages\engines-py\.pdb_cache\4OBE,A
459,ThermoMPNN,4OBE,1.2111995220184326,22,L,Y,F:\GENESIS Studio\genesis-studio\packages\engines-py\.pdb_cache\4OBE,A
460,ThermoMPNN,4OBE,1.4846689701080322,23,I,A,F:\GENESIS Studio\genesis-studio\packages\engines-py\.pdb_cache\4OBE,A
461,ThermoMPNN,4OBE,0.7979037761688232,23,I,C,F:\GENESIS Studio\genesis-studio\packages\engines-py\.pdb_cache\4OBE,A
462,ThermoMPNN,4OBE,2.56382417678833,23,I,D,F:\GENESIS Studio\genesis-studio\packages\engines-py\.pdb_cache\4OBE,A
463,ThermoMPNN,4OBE,2.2009286880493164,23,I,E,F:\GENESIS Studio\genesis-studio\packages\engines-py\.pdb_cache\4OBE,A
464,ThermoMPNN,4OBE,1.2666963338851929,23,I,F,F:\GENESIS Studio\genesis-studio\packages\engines-py\.pdb_cache\4OBE,A
465,ThermoMPNN,4OBE,2.2375247478485107,23,I,G,F:\GENESIS Studio\genesis-studio\packages\engines-py\.pdb_cache\4OBE,A
466,ThermoMPNN,4OBE,1.7131208181381226,23,I,H,F:\GENESIS Studio\genesis-studio\packages\engines-py\.pdb_cache\4OBE,A
467,ThermoMPNN,4OBE,0.0,23,I,I,F:\GENESIS Studio\genesis-studio\packages\engines-py\.pdb_cache\4OBE,A
468,ThermoMPNN,4OBE,1.631453037261963,23,I,K,F:\GENESIS Studio\genesis-studio\packages\engines-py\.pdb_cache\4OBE,A
469,ThermoMPNN,4OBE,0.4560554027557373,23,I,L,F:\GENESIS Studio\genesis-studio\packages\engines-py\.pdb_cache\4OBE,A
470,ThermoMPNN,4OBE,0.7241532802581787,23,I,M,F:\GENESIS Studio\genesis-studio\packages\engines-py\.pdb_cache\4OBE,A
471,ThermoMPNN,4OBE,2.0253400802612305,23,I,N,F:\GENESIS Studio\genesis-studio\packages\engines-py\.pdb_cache\4OBE,A
472,ThermoMPNN,4OBE,2.7355051040649414,23,I,P,F:\GENESIS Studio\genesis-studio\packages\engines-py\.pdb_cache\4OBE,A
473,ThermoMPNN,4OBE,1.725409746170044,23,I,Q,F:\GENESIS Studio\genesis-studio\packages\engines-py\.pdb_cache\4OBE,A
474,ThermoMPNN,4OBE,1.6674916744232178,23,I,R,F:\GENESIS Studio\genesis-studio\packages\engines-py\.pdb_cache\4OBE,A
475,ThermoMPNN,4OBE,1.720587968826294,23,I,S,F:\GENESIS Studio\genesis-studio\packages\engines-py\.pdb_cache\4OBE,A
476,ThermoMPNN,4OBE,1.18985915184021,23,I,T,F:\GENESIS Studio\genesis-studio\packages\engines-py\.pdb_cache\4OBE,A
477,ThermoMPNN,4OBE,0.5084812641143799,23,I,V,F:\GENESIS Studio\genesis-studio\packages\engines-py\.pdb_cache\4OBE,A
478,ThermoMPNN,4OBE,1.4082989692687988,23,I,W,F:\GENESIS Studio\genesis-studio\packages\engines-py\.pdb_cache\4OBE,A
479,ThermoMPNN,4OBE,1.378906011581421,23,I,Y,F:\GENESIS Studio\genesis-studio\packages\engines-py\.pdb_cache\4OBE,A
480,ThermoMPNN,4OBE,0.3586283028125763,24,Q,A,F:\GENESIS Studio\genesis-studio\packages\engines-py\.pdb_cache\4OBE,A
481,ThermoMPNN,4OBE,-0.5450409650802612,24,Q,C,F:\GENESIS Studio\genesis-studio\packages\engines-py\.pdb_cache\4OBE,A
482,ThermoMPNN,4OBE,0.4191175103187561,24,Q,D,F:\GENESIS Studio\genesis-studio\packages\engines-py\.pdb_cache\4OBE,A
483,ThermoMPNN,4OBE,-0.08740639686584473,24,Q,E,F:\GENESIS Studio\genesis-studio\packages\engines-py\.pdb_cache\4OBE,A
484,ThermoMPNN,4OBE,-0.5635745525360107,24,Q,F,F:\GENESIS Studio\genesis-studio\packages\engines-py\.pdb_cache\4OBE,A
485,ThermoMPNN,4OBE,0.46077853441238403,24,Q,G,F:\GENESIS Studio\genesis-studio\packages\engines-py\.pdb_cache\4OBE,A
486,ThermoMPNN,4OBE,-0.39693784713745117,24,Q,H,F:\GENESIS Studio\genesis-studio\packages\engines-py\.pdb_cache\4OBE,A
487,ThermoMPNN,4OBE,0.5247038006782532,24,Q,I,F:\GENESIS Studio\genesis-studio\packages\engines-py\.pdb_cache\4OBE,A
488,ThermoMPNN,4OBE,0.36106035113334656,24,Q,K,F:\GENESIS Studio\genesis-studio\packages\engines-py\.pdb_cache\4OBE,A
489,ThermoMPNN,4OBE,0.06428486108779907,24,Q,L,F:\GENESIS Studio\genesis-studio\packages\engines-py\.pdb_cache\4OBE,A
490,ThermoMPNN,4OBE,-0.053891897201538086,24,Q,M,F:\GENESIS Studio\genesis-studio\packages\engines-py\.pdb_cache\4OBE,A
491,ThermoMPNN,4OBE,0.1518118977546692,24,Q,N,F:\GENESIS Studio\genesis-studio\packages\engines-py\.pdb_cache\4OBE,A
492,ThermoMPNN,4OBE,1.7853710651397705,24,Q,P,F:\GENESIS Studio\genesis-studio\packages\engines-py\.pdb_cache\4OBE,A
493,ThermoMPNN,4OBE,0.0,24,Q,Q,F:\GENESIS Studio\genesis-studio\packages\engines-py\.pdb_cache\4OBE,A
494,ThermoMPNN,4OBE,0.3682006299495697,24,Q,R,F:\GENESIS Studio\genesis-studio\packages\engines-py\.pdb_cache\4OBE,A
495,ThermoMPNN,4OBE,0.43586596846580505,24,Q,S,F:\GENESIS Studio\genesis-studio\packages\engines-py\.pdb_cache\4OBE,A
496,ThermoMPNN,4OBE,0.4589444398880005,24,Q,T,F:\GENESIS Studio\genesis-studio\packages\engines-py\.pdb_cache\4OBE,A
497,ThermoMPNN,4OBE,0.5601319074630737,24,Q,V,F:\GENESIS Studio\genesis-studio\packages\engines-py\.pdb_cache\4OBE,A
498,ThermoMPNN,4OBE,-0.4377990961074829,24,Q,W,F:\GENESIS Studio\genesis-studio\packages\engines-py\.pdb_cache\4OBE,A
499,ThermoMPNN,4OBE,-0.7146319150924683,24,Q,Y,F:\GENESIS Studio\genesis-studio\packages\engines-py\.pdb_cache\4OBE,A
500,ThermoMPNN,4OBE,0.6257415413856506,25,N,A,F:\GENESIS Studio\genesis-studio\packages\engines-py\.pdb_cache\4OBE,A
501,ThermoMPNN,4OBE,0.0010943412780761719,25,N,C,F:\GENESIS Studio\genesis-studio\packages\engines-py\.pdb_cache\4OBE,A
502,ThermoMPNN,4OBE,0.57574462890625,25,N,D,F:\GENESIS Studio\genesis-studio\packages\engines-py\.pdb_cache\4OBE,A
503,ThermoMPNN,4OBE,0.6417515277862549,25,N,E,F:\GENESIS Studio\genesis-studio\packages\engines-py\.pdb_cache\4OBE,A
504,ThermoMPNN,4OBE,0.541090726852417,25,N,F,F:\GENESIS Studio\genesis-studio\packages\engines-py\.pdb_cache\4OBE,A
505,ThermoMPNN,4OBE,-0.28383851051330566,25,N,G,F:\GENESIS Studio\genesis-studio\packages\engines-py\.pdb_cache\4OBE,A
506,ThermoMPNN,4OBE,0.1942046880722046,25,N,H,F:\GENESIS Studio\genesis-studio\packages\engines-py\.pdb_cache\4OBE,A
507,ThermoMPNN,4OBE,1.3283686637878418,25,N,I,F:\GENESIS Studio\genesis-studio\packages\engines-py\.pdb_cache\4OBE,A
508,ThermoMPNN,4OBE,0.38058340549468994,25,N,K,F:\GENESIS Studio\genesis-studio\packages\engines-py\.pdb_cache\4OBE,A
509,ThermoMPNN,4OBE,0.6764603853225708,25,N,L,F:\GENESIS Studio\genesis-studio\packages\engines-py\.pdb_cache\4OBE,A
510,ThermoMPNN,4OBE,0.41014838218688965,25,N,M,F:\GENESIS Studio\genesis-studio\packages\engines-py\.pdb_cache\4OBE,A
511,ThermoMPNN,4OBE,0.0,25,N,N,F:\GENESIS Studio\genesis-studio\packages\engines-py\.pdb_cache\4OBE,A
512,ThermoMPNN,4OBE,1.9296519756317139,25,N,P,F:\GENESIS Studio\genesis-studio\packages\engines-py\.pdb_cache\4OBE,A
513,ThermoMPNN,4OBE,0.3011658787727356,25,N,Q,F:\GENESIS Studio\genesis-studio\packages\engines-py\.pdb_cache\4OBE,A
514,ThermoMPNN,4OBE,0.5102110505104065,25,N,R,F:\GENESIS Studio\genesis-studio\packages\engines-py\.pdb_cache\4OBE,A
515,ThermoMPNN,4OBE,0.5783734917640686,25,N,S,F:\GENESIS Studio\genesis-studio\packages\engines-py\.pdb_cache\4OBE,A
516,ThermoMPNN,4OBE,1.177768349647522,25,N,T,F:\GENESIS Studio\genesis-studio\packages\engines-py\.pdb_cache\4OBE,A
517,ThermoMPNN,4OBE,1.3024663925170898,25,N,V,F:\GENESIS Studio\genesis-studio\packages\engines-py\.pdb_cache\4OBE,A
518,ThermoMPNN,4OBE,0.7728691101074219,25,N,W,F:\GENESIS Studio\genesis-studio\packages\engines-py\.pdb_cache\4OBE,A
519,ThermoMPNN,4OBE,0.6542161703109741,25,N,Y,F:\GENESIS Studio\genesis-studio\packages\engines-py\.pdb_cache\4OBE,A
520,ThermoMPNN,4OBE,0.43279895186424255,26,H,A,F:\GENESIS Studio\genesis-studio\packages\engines-py\.pdb_cache\4OBE,A
521,ThermoMPNN,4OBE,-0.4547778367996216,26,H,C,F:\GENESIS Studio\genesis-studio\packages\engines-py\.pdb_cache\4OBE,A
522,ThermoMPNN,4OBE,1.3368513584136963,26,H,D,F:\GENESIS Studio\genesis-studio\packages\engines-py\.pdb_cache\4OBE,A
523,ThermoMPNN,4OBE,0.6372427344322205,26,H,E,F:\GENESIS Studio\genesis-studio\packages\engines-py\.pdb_cache\4OBE,A
524,ThermoMPNN,4OBE,0.03860408067703247,26,H,F,F:\GENESIS Studio\genesis-studio\packages\engines-py\.pdb_cache\4OBE,A
525,ThermoMPNN,4OBE,1.0684871673583984,26,H,G,F:\GENESIS Studio\genesis-studio\packages\engines-py\.pdb_cache\4OBE,A
526,ThermoMPNN,4OBE,0.0,26,H,H,F:\GENESIS Studio\genesis-studio\packages\engines-py\.pdb_cache\4OBE,A
527,ThermoMPNN,4OBE,-0.5514038801193237,26,H,I,F:\GENESIS Studio\genesis-studio\packages\engines-py\.pdb_cache\4OBE,A
528,ThermoMPNN,4OBE,0.05217015743255615,26,H,K,F:\GENESIS Studio\genesis-studio\packages\engines-py\.pdb_cache\4OBE,A
529,ThermoMPNN,4OBE,-0.012816548347473145,26,H,L,F:\GENESIS Studio\genesis-studio\packages\engines-py\.pdb_cache\4OBE,A
530,ThermoMPNN,4OBE,-0.05881422758102417,26,H,M,F:\GENESIS Studio\genesis-studio\packages\engines-py\.pdb_cache\4OBE,A
531,ThermoMPNN,4OBE,0.6699644327163696,26,H,N,F:\GENESIS Studio\genesis-studio\packages\engines-py\.pdb_cache\4OBE,A
532,ThermoMPNN,4OBE,1.8722622394561768,26,H,P,F:\GENESIS Studio\genesis-studio\packages\engines-py\.pdb_cache\4OBE,A
533,ThermoMPNN,4OBE,0.26035892963409424,26,H,Q,F:\GENESIS Studio\genesis-studio\packages\engines-py\.pdb_cache\4OBE,A
534,ThermoMPNN,4OBE,-0.14899981021881104,26,H,R,F:\GENESIS Studio\genesis-studio\packages\engines-py\.pdb_cache\4OBE,A
535,ThermoMPNN,4OBE,0.4166337847709656,26,H,S,F:\GENESIS Studio\genesis-studio\packages\engines-py\.pdb_cache\4OBE,A
536,ThermoMPNN,4OBE,0.0723036527633667,26,H,T,F:\GENESIS Studio\genesis-studio\packages\engines-py\.pdb_cache\4OBE,A
537,ThermoMPNN,4OBE,-0.5324376821517944,26,H,V,F:\GENESIS Studio\genesis-studio\packages\engines-py\.pdb_cache\4OBE,A
538,ThermoMPNN,4OBE,-0.14149904251098633,26,H,W,F:\GENESIS Studio\genesis-studio\packages\engines-py\.pdb_cache\4OBE,A
539,ThermoMPNN,4OBE,-0.19205963611602783,26,H,Y,F:\GENESIS Studio\genesis-studio\packages\engines-py\.pdb_cache\4OBE,A
540,ThermoMPNN,4OBE,1.872658610343933,27,F,A,F:\GENESIS Studio\genesis-studio\packages\engines-py\.pdb_cache\4OBE,A
541,ThermoMPNN,4OBE,1.2087852954864502,27,F,C,F:\GENESIS Studio\genesis-studio\packages\engines-py\.pdb_cache\4OBE,A
542,ThermoMPNN,4OBE,1.7771179676055908,27,F,D,F:\GENESIS Studio\genesis-studio\packages\engines-py\.pdb_cache\4OBE,A
543,ThermoMPNN,4OBE,1.8902639150619507,27,F,E,F:\GENESIS Studio\genesis-studio\packages\engines-py\.pdb_cache\4OBE,A
544,ThermoMPNN,4OBE,0.0,27,F,F,F:\GENESIS Studio\genesis-studio\packages\engines-py\.pdb_cache\4OBE,A
545,ThermoMPNN,4OBE,1.968903660774231,27,F,G,F:\GENESIS Studio\genesis-studio\packages\engines-py\.pdb_cache\4OBE,A
546,ThermoMPNN,4OBE,1.056463599205017,27,F,H,F:\GENESIS Studio\genesis-studio\packages\engines-py\.pdb_cache\4OBE,A
547,ThermoMPNN,4OBE,1.5339603424072266,27,F,I,F:\GENESIS Studio\genesis-studio\packages\engines-py\.pdb_cache\4OBE,A
548,ThermoMPNN,4OBE,1.8611570596694946,27,F,K,F:\GENESIS Studio\genesis-studio\packages\engines-py\.pdb_cache\4OBE,A
549,ThermoMPNN,4OBE,1.5097330808639526,27,F,L,F:\GENESIS Studio\genesis-studio\packages\engines-py\.pdb_cache\4OBE,A
550,ThermoMPNN,4OBE,1.5478466749191284,27,F,M,F:\GENESIS Studio\genesis-studio\packages\engines-py\.pdb_cache\4OBE,A
551,ThermoMPNN,4OBE,1.6819500923156738,27,F,N,F:\GENESIS Studio\genesis-studio\packages\engines-py\.pdb_cache\4OBE,A
552,ThermoMPNN,4OBE,1.8370866775512695,27,F,P,F:\GENESIS Studio\genesis-studio\packages\engines-py\.pdb_cache\4OBE,A
553,ThermoMPNN,4OBE,1.9012870788574219,27,F,Q,F:\GENESIS Studio\genesis-studio\packages\engines-py\.pdb_cache\4OBE,A
554,ThermoMPNN,4OBE,1.6196625232696533,27,F,R,F:\GENESIS Studio\genesis-studio\packages\engines-py\.pdb_cache\4OBE,A
555,ThermoMPNN,4OBE,1.8830642700195312,27,F,S,F:\GENESIS Studio\genesis-studio\packages\engines-py\.pdb_cache\4OBE,A
556,ThermoMPNN,4OBE,1.7906107902526855,27,F,T,F:\GENESIS Studio\genesis-studio\packages\engines-py\.pdb_cache\4OBE,A
557,ThermoMPNN,4OBE,1.712175965309143,27,F,V,F:\GENESIS Studio\genesis-studio\packages\engines-py\.pdb_cache\4OBE,A
558,ThermoMPNN,4OBE,0.09708046913146973,27,F,W,F:\GENESIS Studio\genesis-studio\packages\engines-py\.pdb_cache\4OBE,A
559,ThermoMPNN,4OBE,-0.3007805347442627,27,F,Y,F:\GENESIS Studio\genesis-studio\packages\engines-py\.pdb_cache\4OBE,A
560,ThermoMPNN,4OBE,0.8978701829910278,28,V,A,F:\GENESIS Studio\genesis-studio\packages\engines-py\.pdb_cache\4OBE,A
561,ThermoMPNN,4OBE,0.23499631881713867,28,V,C,F:\GENESIS Studio\genesis-studio\packages\engines-py\.pdb_cache\4OBE,A
562,ThermoMPNN,4OBE,1.4010086059570312,28,V,D,F:\GENESIS Studio\genesis-studio\packages\engines-py\.pdb_cache\4OBE,A
563,ThermoMPNN,4OBE,0.9105603694915771,28,V,E,F:\GENESIS Studio\genesis-studio\packages\engines-py\.pdb_cache\4OBE,A
564,ThermoMPNN,4OBE,0.9386041164398193,28,V,F,F:\GENESIS Studio\genesis-studio\packages\engines-py\.pdb_cache\4OBE,A
565,ThermoMPNN,4OBE,1.7263000011444092,28,V,G,F:\GENESIS Studio\genesis-studio\packages\engines-py\.pdb_cache\4OBE,A
566,ThermoMPNN,4OBE,1.416712760925293,28,V,H,F:\GENESIS Studio\genesis-studio\packages\engines-py\.pdb_cache\4OBE,A
567,ThermoMPNN,4OBE,0.0020475387573242188,28,V,I,F:\GENESIS Studio\genesis-studio\packages\engines-py\.pdb_cache\4OBE,A
568,ThermoMPNN,4OBE,1.4384500980377197,28,V,K,F:\GENESIS Studio\genesis-studio\packages\engines-py\.pdb_cache\4OBE,A
569,ThermoMPNN,4OBE,-0.022977828979492188,28,V,L,F:\GENESIS Studio\genesis-studio\packages\engines-py\.pdb_cache\4OBE,A
570,ThermoMPNN,4OBE,0.28068435192108154,28,V,M,F:\GENESIS Studio\genesis-studio\packages\engines-py\.pdb_cache\4OBE,A
571,ThermoMPNN,4OBE,1.449222445487976,28,V,N,F:\GENESIS Studio\genesis-studio\packages\engines-py\.pdb_cache\4OBE,A
572,ThermoMPNN,4OBE,1.6998519897460938,28,V,P,F:\GENESIS Studio\genesis-studio\packages\engines-py\.pdb_cache\4OBE,A
573,ThermoMPNN,4OBE,1.075852870941162,28,V,Q,F:\GENESIS Studio\genesis-studio\packages\engines-py\.pdb_cache\4OBE,A
574,ThermoMPNN,4OBE,1.575251817703247,28,V,R,F:\GENESIS Studio\genesis-studio\packages\engines-py\.pdb_cache\4OBE,A
575,ThermoMPNN,4OBE,1.2762000560760498,28,V,S,F:\GENESIS Studio\genesis-studio\packages\engines-py\.pdb_cache\4OBE,A
576,ThermoMPNN,4OBE,1.0855827331542969,28,V,T,F:\GENESIS Studio\genesis-studio\packages\engines-py\.pdb_cache\4OBE,A
577,ThermoMPNN,4OBE,0.0,28,V,V,F:\GENESIS Studio\genesis-studio\packages\engines-py\.pdb_cache\4OBE,A
578,ThermoMPNN,4OBE,0.920534610748291,28,V,W,F:\GENESIS Studio\genesis-studio\packages\engines-py\.pdb_cache\4OBE,A
579,ThermoMPNN,4OBE,1.2713134288787842,28,V,Y,F:\GENESIS Studio\genesis-studio\packages\engines-py\.pdb_cache\4OBE,A
580,ThermoMPNN,4OBE,0.1785915493965149,29,D,A,F:\GENESIS Studio\genesis-studio\packages\engines-py\.pdb_cache\4OBE,A
581,ThermoMPNN,4OBE,-0.08580482006072998,29,D,C,F:\GENESIS Studio\genesis-studio\packages\engines-py\.pdb_cache\4OBE,A
582,ThermoMPNN,4OBE,0.0,29,D,D,F:\GENESIS Studio\genesis-studio\packages\engines-py\.pdb_cache\4OBE,A
583,ThermoMPNN,4OBE,0.10767233371734619,29,D,E,F:\GENESIS Studio\genesis-studio\packages\engines-py\.pdb_cache\4OBE,A
584,ThermoMPNN,4OBE,0.08449143171310425,29,D,F,F:\GENESIS Studio\genesis-studio\packages\engines-py\.pdb_cache\4OBE,A
585,ThermoMPNN,4OBE,0.2830769419670105,29,D,G,F:\GENESIS Studio\genesis-studio\packages\engines-py\.pdb_cache\4OBE,A
586,ThermoMPNN,4OBE,0.02445995807647705,29,D,H,F:\GENESIS Studio\genesis-studio\packages\engines-py\.pdb_cache\4OBE,A
587,ThermoMPNN,4OBE,0.2183803915977478,29,D,I,F:\GENESIS Studio\genesis-studio\packages\engines-py\.pdb_cache\4OBE,A
588,ThermoMPNN,4OBE,0.2449398636817932,29,D,K,F:\GENESIS Studio\genesis-studio\packages\engines-py\.pdb_cache\4OBE,A
589,ThermoMPNN,4OBE,0.10789656639099121,29,D,L,F:\GENESIS Studio\genesis-studio\packages\engines-py\.pdb_cache\4OBE,A
590,ThermoMPNN,4OBE,0.24535655975341797,29,D,M,F:\GENESIS Studio\genesis-studio\packages\engines-py\.pdb_cache\4OBE,A
591,ThermoMPNN,4OBE,0.0712810754776001,29,D,N,F:\GENESIS Studio\genesis-studio\packages\engines-py\.pdb_cache\4OBE,A
592,ThermoMPNN,4OBE,0.16535556316375732,29,D,P,F:\GENESIS Studio\genesis-studio\packages\engines-py\.pdb_cache\4OBE,A
593,ThermoMPNN,4OBE,0.24412769079208374,29,D,Q,F:\GENESIS Studio\genesis-studio\packages\engines-py\.pdb_cache\4OBE,A
594,ThermoMPNN,4OBE,0.25654566287994385,29,D,R,F:\GENESIS Studio\genesis-studio\packages\engines-py\.pdb_cache\4OBE,A
595,ThermoMPNN,4OBE,0.14934813976287842,29,D,S,F:\GENESIS Studio\genesis-studio\packages\engines-py\.pdb_cache\4OBE,A
596,ThermoMPNN,4OBE,0.2211458683013916,29,D,T,F:\GENESIS Studio\genesis-studio\packages\engines-py\.pdb_cache\4OBE,A
597,ThermoMPNN,4OBE,0.2670298218727112,29,D,V,F:\GENESIS Studio\genesis-studio\packages\engines-py\.pdb_cache\4OBE,A
598,ThermoMPNN,4OBE,0.08369040489196777,29,D,W,F:\GENESIS Studio\genesis-studio\packages\engines-py\.pdb_cache\4OBE,A
599,ThermoMPNN,4OBE,0.09055376052856445,29,D,Y,F:\GENESIS Studio\genesis-studio\packages\engines-py\.pdb_cache\4OBE,A
600,ThermoMPNN,4OBE,-0.10091620683670044,30,E,A,F:\GENESIS Studio\genesis-studio\packages\engines-py\.pdb_cache\4OBE,A
601,ThermoMPNN,4OBE,-0.5413485765457153,30,E,C,F:\GENESIS Studio\genesis-studio\packages\engines-py\.pdb_cache\4OBE,A
602,ThermoMPNN,4OBE,-0.10972273349761963,30,E,D,F:\GENESIS Studio\genesis-studio\packages\engines-py\.pdb_cache\4OBE,A
603,ThermoMPNN,4OBE,0.0,30,E,E,F:\GENESIS Studio\genesis-studio\packages\engines-py\.pdb_cache\4OBE,A
604,ThermoMPNN,4OBE,-0.42434167861938477,30,E,F,F:\GENESIS Studio\genesis-studio\packages\engines-py\.pdb_cache\4OBE,A
605,ThermoMPNN,4OBE,0.22329118847846985,30,E,G,F:\GENESIS Studio\genesis-studio\packages\engines-py\.pdb_cache\4OBE,A
606,ThermoMPNN,4OBE,-0.41268062591552734,30,E,H,F:\GENESIS Studio\genesis-studio\packages\engines-py\.pdb_cache\4OBE,A
607,ThermoMPNN,4OBE,-0.3924703598022461,30,E,I,F:\GENESIS Studio\genesis-studio\packages\engines-py\.pdb_cache\4OBE,A
608,ThermoMPNN,4OBE,-0.23863697052001953,30,E,K,F:\GENESIS Studio\genesis-studio\packages\engines-py\.pdb_cache\4OBE,A
609,ThermoMPNN,4OBE,-0.22117000818252563,30,E,L,F:\GENESIS Studio\genesis-studio\packages\engines-py\.pdb_cache\4OBE,A
610,ThermoMPNN,4OBE,-0.19607603549957275,30,E,M,F:\GENESIS Studio\genesis-studio\packages\engines-py\.pdb_cache\4OBE,A
611,ThermoMPNN,4OBE,-0.3140903115272522,30,E,N,F:\GENESIS Studio\genesis-studio\packages\engines-py\.pdb_cache\4OBE,A
612,ThermoMPNN,4OBE,1.0038971900939941,30,E,P,F:\GENESIS Studio\genesis-studio\packages\engines-py\.pdb_cache\4OBE,A
613,ThermoMPNN,4OBE,-0.19911009073257446,30,E,Q,F:\GENESIS Studio\genesis-studio\packages\engines-py\.pdb_cache\4OBE,A
614,ThermoMPNN,4OBE,-0.2785766124725342,30,E,R,F:\GENESIS Studio\genesis-studio\packages\engines-py\.pdb_cache\4OBE,A
615,ThermoMPNN,4OBE,-0.33437472581863403,30,E,S,F:\GENESIS Studio\genesis-studio\packages\engines-py\.pdb_cache\4OBE,A
616,ThermoMPNN,4OBE,-0.3360636234283447,30,E,T,F:\GENESIS Studio\genesis-studio\packages\engines-py\.pdb_cache\4OBE,A
617,ThermoMPNN,4OBE,-0.3413137197494507,30,E,V,F:\GENESIS Studio\genesis-studio\packages\engines-py\.pdb_cache\4OBE,A
618,ThermoMPNN,4OBE,-0.28226083517074585,30,E,W,F:\GENESIS Studio\genesis-studio\packages\engines-py\.pdb_cache\4OBE,A
619,ThermoMPNN,4OBE,-0.4274616241455078,30,E,Y,F:\GENESIS Studio\genesis-studio\packages\engines-py\.pdb_cache\4OBE,A
620,ThermoMPNN,4OBE,1.1785355806350708,31,Y,A,F:\GENESIS Studio\genesis-studio\packages\engines-py\.pdb_cache\4OBE,A
621,ThermoMPNN,4OBE,0.8120394945144653,31,Y,C,F:\GENESIS Studio\genesis-studio\packages\engines-py\.pdb_cache\4OBE,A
622,ThermoMPNN,4OBE,1.7780259847640991,31,Y,D,F:\GENESIS Studio\genesis-studio\packages\engines-py\.pdb_cache\4OBE,A
623,ThermoMPNN,4OBE,1.9058237075805664,31,Y,E,F:\GENESIS Studio\genesis-studio\packages\engines-py\.pdb_cache\4OBE,A
624,ThermoMPNN,4OBE,0.3710970878601074,31,Y,F,F:\GENESIS Studio\genesis-studio\packages\engines-py\.pdb_cache\4OBE,A
625,ThermoMPNN,4OBE,1.559641718864441,31,Y,G,F:\GENESIS Studio\genesis-studio\packages\engines-py\.pdb_cache\4OBE,A
626,ThermoMPNN,4OBE,0.7185361385345459,31,Y,H,F:\GENESIS Studio\genesis-studio\packages\engines-py\.pdb_cache\4OBE,A
627,ThermoMPNN,4OBE,0.9354191422462463,31,Y,I,F:\GENESIS Studio\genesis-studio\packages\engines-py\.pdb_cache\4OBE,A
628,ThermoMPNN,4OBE,0.9433874487876892,31,Y,K,F:\GENESIS Studio\genesis-studio\packages\engines-py\.pdb_cache\4OBE,A
629,ThermoMPNN,4OBE,1.033750057220459,31,Y,L,F:\GENESIS Studio\genesis-studio\packages\engines-py\.pdb_cache\4OBE,A
630,ThermoMPNN,4OBE,0.9913704991340637,31,Y,M,F:\GENESIS Studio\genesis-studio\packages\engines-py\.pdb_cache\4OBE,A
631,ThermoMPNN,4OBE,1.378967046737671,31,Y,N,F:\GENESIS Studio\genesis-studio\packages\engines-py\.pdb_cache\4OBE,A
632,ThermoMPNN,4OBE,1.7011620998382568,31,Y,P,F:\GENESIS Studio\genesis-studio\packages\engines-py\.pdb_cache\4OBE,A
633,ThermoMPNN,4OBE,1.2350159883499146,31,Y,Q,F:\GENESIS Studio\genesis-studio\packages\engines-py\.pdb_cache\4OBE,A
634,ThermoMPNN,4OBE,0.7908313870429993,31,Y,R,F:\GENESIS Studio\genesis-studio\packages\engines-py\.pdb_cache\4OBE,A
635,ThermoMPNN,4OBE,1.1722508668899536,31,Y,S,F:\GENESIS Studio\genesis-studio\packages\engines-py\.pdb_cache\4OBE,A
636,ThermoMPNN,4OBE,1.2392433881759644,31,Y,T,F:\GENESIS Studio\genesis-studio\packages\engines-py\.pdb_cache\4OBE,A
637,ThermoMPNN,4OBE,1.146327257156372,31,Y,V,F:\GENESIS Studio\genesis-studio\packages\engines-py\.pdb_cache\4OBE,A
638,ThermoMPNN,4OBE,0.1995605230331421,31,Y,W,F:\GENESIS Studio\genesis-studio\packages\engines-py\.pdb_cache\4OBE,A
639,ThermoMPNN,4OBE,0.0,31,Y,Y,F:\GENESIS Studio\genesis-studio\packages\engines-py\.pdb_cache\4OBE,A
640,ThermoMPNN,4OBE,0.1156873106956482,32,D,A,F:\GENESIS Studio\genesis-studio\packages\engines-py\.pdb_cache\4OBE,A
641,ThermoMPNN,4OBE,0.1292458176612854,32,D,C,F:\GENESIS Studio\genesis-studio\packages\engines-py\.pdb_cache\4OBE,A
642,ThermoMPNN,4OBE,0.0,32,D,D,F:\GENESIS Studio\genesis-studio\packages\engines-py\.pdb_cache\4OBE,A
643,ThermoMPNN,4OBE,0.3471783995628357,32,D,E,F:\GENESIS Studio\genesis-studio\packages\engines-py\.pdb_cache\4OBE,A
644,ThermoMPNN,4OBE,0.6439593434333801,32,D,F,F:\GENESIS Studio\genesis-studio\packages\engines-py\.pdb_cache\4OBE,A
645,ThermoMPNN,4OBE,0.7123886942863464,32,D,G,F:\GENESIS Studio\genesis-studio\packages\engines-py\.pdb_cache\4OBE,A
646,ThermoMPNN,4OBE,0.318700909614563,32,D,H,F:\GENESIS Studio\genesis-studio\packages\engines-py\.pdb_cache\4OBE,A
647,ThermoMPNN,4OBE,0.61383056640625,32,D,I,F:\GENESIS Studio\genesis-studio\packages\engines-py\.pdb_cache\4OBE,A
648,ThermoMPNN,4OBE,0.5641515254974365,32,D,K,F:\GENESIS Studio\genesis-studio\packages\engines-py\.pdb_cache\4OBE,A
649,ThermoMPNN,4OBE,0.40379202365875244,32,D,L,F:\GENESIS Studio\genesis-studio\packages\engines-py\.pdb_cache\4OBE,A
650,ThermoMPNN,4OBE,0.6219304800033569,32,D,M,F:\GENESIS Studio\genesis-studio\packages\engines-py\.pdb_cache\4OBE,A
651,ThermoMPNN,4OBE,0.23693877458572388,32,D,N,F:\GENESIS Studio\genesis-studio\packages\engines-py\.pdb_cache\4OBE,A
652,ThermoMPNN,4OBE,0.01435387134552002,32,D,P,F:\GENESIS Studio\genesis-studio\packages\engines-py\.pdb_cache\4OBE,A
653,ThermoMPNN,4OBE,0.4978412389755249,32,D,Q,F:\GENESIS Studio\genesis-studio\packages\engines-py\.pdb_cache\4OBE,A
654,ThermoMPNN,4OBE,0.6400617957115173,32,D,R,F:\GENESIS Studio\genesis-studio\packages\engines-py\.pdb_cache\4OBE,A
655,ThermoMPNN,4OBE,0.1224128007888794,32,D,S,F:\GENESIS Studio\genesis-studio\packages\engines-py\.pdb_cache\4OBE,A
656,ThermoMPNN,4OBE,0.5498428344726562,32,D,T,F:\GENESIS Studio\genesis-studio\packages\engines-py\.pdb_cache\4OBE,A
657,ThermoMPNN,4OBE,0.521105170249939,32,D,V,F:\GENESIS Studio\genesis-studio\packages\engines-py\.pdb_cache\4OBE,A
658,ThermoMPNN,4OBE,0.3283306956291199,32,D,W,F:\GENESIS Studio\genesis-studio\packages\engines-py\.pdb_cache\4OBE,A
659,ThermoMPNN,4OBE,0.4299306869506836,32,D,Y,F:\GENESIS Studio\genesis-studio\packages\engines-py\.pdb_cache\4OBE,A
660,ThermoMPNN,4OBE,0.17904847860336304,33,P,A,F:\GENESIS Studio\genesis-studio\packages\engines-py\.pdb_cache\4OBE,A
661,ThermoMPNN,4OBE,0.18578636646270752,33,P,C,F:\GENESIS Studio\genesis-studio\packages\engines-py\.pdb_cache\4OBE,A
662,ThermoMPNN,4OBE,0.562654972076416,33,P,D,F:\GENESIS Studio\genesis-studio\packages\engines-py\.pdb_cache\4OBE,A
663,ThermoMPNN,4OBE,0.3910067677497864,33,P,E,F:\GENESIS Studio\genesis-studio\packages\engines-py\.pdb_cache\4OBE,A
664,ThermoMPNN,4OBE,0.42914170026779175,33,P,F,F:\GENESIS Studio\genesis-studio\packages\engines-py\.pdb_cache\4OBE,A
665,ThermoMPNN,4OBE,0.40222275257110596,33,P,G,F:\GENESIS Studio\genesis-studio\packages\engines-py\.pdb_cache\4OBE,A
666,ThermoMPNN,4OBE,0.48729264736175537,33,P,H,F:\GENESIS Studio\genesis-studio\packages\engines-py\.pdb_cache\4OBE,A
667,ThermoMPNN,4OBE,0.34678441286087036,33,P,I,F:\GENESIS Studio\genesis-studio\packages\engines-py\.pdb_cache\4OBE,A
668,ThermoMPNN,4OBE,0.23924005031585693,33,P,K,F:\GENESIS Studio\genesis-studio\packages\engines-py\.pdb_cache\4OBE,A
669,ThermoMPNN,4OBE,0.3956327438354492,33,P,L,F:\GENESIS Studio\genesis-studio\packages\engines-py\.pdb_cache\4OBE,A
670,ThermoMPNN,4OBE,0.30512499809265137,33,P,M,F:\GENESIS Studio\genesis-studio\packages\engines-py\.pdb_cache\4OBE,A
671,ThermoMPNN,4OBE,0.4754815697669983,33,P,N,F:\GENESIS Studio\genesis-studio\packages\engines-py\.pdb_cache\4OBE,A
672,ThermoMPNN,4OBE,0.0,33,P,P,F:\GENESIS Studio\genesis-studio\packages\engines-py\.pdb_cache\4OBE,A
673,ThermoMPNN,4OBE,0.27489542961120605,33,P,Q,F:\GENESIS Studio\genesis-studio\packages\engines-py\.pdb_cache\4OBE,A
674,ThermoMPNN,4OBE,0.2992873787879944,33,P,R,F:\GENESIS Studio\genesis-studio\packages\engines-py\.pdb_cache\4OBE,A
675,ThermoMPNN,4OBE,0.2443089485168457,33,P,S,F:\GENESIS Studio\genesis-studio\packages\engines-py\.pdb_cache\4OBE,A
676,ThermoMPNN,4OBE,0.2786028981208801,33,P,T,F:\GENESIS Studio\genesis-studio\packages\engines-py\.pdb_cache\4OBE,A
677,ThermoMPNN,4OBE,0.32292574644088745,33,P,V,F:\GENESIS Studio\genesis-studio\packages\engines-py\.pdb_cache\4OBE,A
678,ThermoMPNN,4OBE,0.5402090549468994,33,P,W,F:\GENESIS Studio\genesis-studio\packages\engines-py\.pdb_cache\4OBE,A
679,ThermoMPNN,4OBE,0.5394883155822754,33,P,Y,F:\GENESIS Studio\genesis-studio\packages\engines-py\.pdb_cache\4OBE,A
680,ThermoMPNN,4OBE,0.13984328508377075,34,T,A,F:\GENESIS Studio\genesis-studio\packages\engines-py\.pdb_cache\4OBE,A
681,ThermoMPNN,4OBE,-0.04477071762084961,34,T,C,F:\GENESIS Studio\genesis-studio\packages\engines-py\.pdb_cache\4OBE,A
682,ThermoMPNN,4OBE,0.2455817461013794,34,T,D,F:\GENESIS Studio\genesis-studio\packages\engines-py\.pdb_cache\4OBE,A
683,ThermoMPNN,4OBE,0.2944048047065735,34,T,E,F:\GENESIS Studio\genesis-studio\packages\engines-py\.pdb_cache\4OBE,A
684,ThermoMPNN,4OBE,0.20498979091644287,34,T,F,F:\GENESIS Studio\genesis-studio\packages\engines-py\.pdb_cache\4OBE,A
685,ThermoMPNN,4OBE,-0.1090729832649231,34,T,G,F:\GENESIS Studio\genesis-studio\packages\engines-py\.pdb_cache\4OBE,A
686,ThermoMPNN,4OBE,0.016484379768371582,34,T,H,F:\GENESIS Studio\genesis-studio\packages\engines-py\.pdb_cache\4OBE,A
687,ThermoMPNN,4OBE,0.572664737701416,34,T,I,F:\GENESIS Studio\genesis-studio\packages\engines-py\.pdb_cache\4OBE,A
688,ThermoMPNN,4OBE,0.043628156185150146,34,T,K,F:\GENESIS Studio\genesis-studio\packages\engines-py\.pdb_cache\4OBE,A
689,ThermoMPNN,4OBE,0.2635148763656616,34,T,L,F:\GENESIS Studio\genesis-studio\packages\engines-py\.pdb_cache\4OBE,A
690,ThermoMPNN,4OBE,0.1442551612854004,34,T,M,F:\GENESIS Studio\genesis-studio\packages\engines-py\.pdb_cache\4OBE,A
691,ThermoMPNN,4OBE,-0.07655340433120728,34,T,N,F:\GENESIS Studio\genesis-studio\packages\engines-py\.pdb_cache\4OBE,A
692,ThermoMPNN,4OBE,1.28951096534729,34,T,P,F:\GENESIS Studio\genesis-studio\packages\engines-py\.pdb_cache\4OBE,A
693,ThermoMPNN,4OBE,0.07982993125915527,34,T,Q,F:\GENESIS Studio\genesis-studio\packages\engines-py\.pdb_cache\4OBE,A
694,ThermoMPNN,4OBE,0.1646701693534851,34,T,R,F:\GENESIS Studio\genesis-studio\packages\engines-py\.pdb_cache\4OBE,A
695,ThermoMPNN,4OBE,0.010569274425506592,34,T,S,F:\GENESIS Studio\genesis-studio\packages\engines-py\.pdb_cache\4OBE,A
696,ThermoMPNN,4OBE,0.0,34,T,T,F:\GENESIS Studio\genesis-studio\packages\engines-py\.pdb_cache\4OBE,A
697,ThermoMPNN,4OBE,0.5623928308486938,34,T,V,F:\GENESIS Studio\genesis-studio\packages\engines-py\.pdb_cache\4OBE,A
698,ThermoMPNN,4OBE,0.2960938811302185,34,T,W,F:\GENESIS Studio\genesis-studio\packages\engines-py\.pdb_cache\4OBE,A
699,ThermoMPNN,4OBE,0.1972711682319641,34,T,Y,F:\GENESIS Studio\genesis-studio\packages\engines-py\.pdb_cache\4OBE,A
700,ThermoMPNN,4OBE,1.2673664093017578,35,I,A,F:\GENESIS Studio\genesis-studio\packages\engines-py\.pdb_cache\4OBE,A
701,ThermoMPNN,4OBE,0.6239267587661743,35,I,C,F:\GENESIS Studio\genesis-studio\packages\engines-py\.pdb_cache\4OBE,A
702,ThermoMPNN,4OBE,1.778235673904419,35,I,D,F:\GENESIS Studio\genesis-studio\packages\engines-py\.pdb_cache\4OBE,A
703,ThermoMPNN,4OBE,1.5463201999664307,35,I,E,F:\GENESIS Studio\genesis-studio\packages\engines-py\.pdb_cache\4OBE,A
704,ThermoMPNN,4OBE,0.8606879115104675,35,I,F,F:\GENESIS Studio\genesis-studio\packages\engines-py\.pdb_cache\4OBE,A
705,ThermoMPNN,4OBE,1.65120267868042,35,I,G,F:\GENESIS Studio\genesis-studio\packages\engines-py\.pdb_cache\4OBE,A
706,ThermoMPNN,4OBE,0.9285115003585815,35,I,H,F:\GENESIS Studio\genesis-studio\packages\engines-py\.pdb_cache\4OBE,A
707,ThermoMPNN,4OBE,0.0,35,I,I,F:\GENESIS Studio\genesis-studio\packages\engines-py\.pdb_cache\4OBE,A
708,ThermoMPNN,4OBE,0.631956934928894,35,I,K,F:\GENESIS Studio\genesis-studio\packages\engines-py\.pdb_cache\4OBE,A
709,ThermoMPNN,4OBE,0.6980887651443481,35,I,L,F:\GENESIS Studio\genesis-studio\packages\engines-py\.pdb_cache\4OBE,A
710,ThermoMPNN,4OBE,0.8963253498077393,35,I,M,F:\GENESIS Studio\genesis-studio\packages\engines-py\.pdb_cache\4OBE,A
711,ThermoMPNN,4OBE,1.2647662162780762,35,I,N,F:\GENESIS Studio\genesis-studio\packages\engines-py\.pdb_cache\4OBE,A
712,ThermoMPNN,4OBE,2.2553799152374268,35,I,P,F:\GENESIS Studio\genesis-studio\packages\engines-py\.pdb_cache\4OBE,A
713,ThermoMPNN,4OBE,1.0048518180847168,35,I,Q,F:\GENESIS Studio\genesis-studio\packages\engines-py\.pdb_cache\4OBE,A
714,ThermoMPNN,4OBE,0.7192652225494385,35,I,R,F:\GENESIS Studio\genesis-studio\packages\engines-py\.pdb_cache\4OBE,A
715,ThermoMPNN,4OBE,1.2348588705062866,35,I,S,F:\GENESIS Studio\genesis-studio\packages\engines-py\.pdb_cache\4OBE,A
716,ThermoMPNN,4OBE,0.9213761687278748,35,I,T,F:\GENESIS Studio\genesis-studio\packages\engines-py\.pdb_cache\4OBE,A
717,ThermoMPNN,4OBE,0.27875304222106934,35,I,V,F:\GENESIS Studio\genesis-studio\packages\engines-py\.pdb_cache\4OBE,A
718,ThermoMPNN,4OBE,0.9787503480911255,35,I,W,F:\GENESIS Studio\genesis-studio\packages\engines-py\.pdb_cache\4OBE,A
719,ThermoMPNN,4OBE,0.8186971545219421,35,I,Y,F:\GENESIS Studio\genesis-studio\packages\engines-py\.pdb_cache\4OBE,A
720,ThermoMPNN,4OBE,-0.6878640651702881,36,E,A,F:\GENESIS Studio\genesis-studio\packages\engines-py\.pdb_cache\4OBE,A
721,ThermoMPNN,4OBE,-0.5580383539199829,36,E,C,F:\GENESIS Studio\genesis-studio\packages\engines-py\.pdb_cache\4OBE,A
722,ThermoMPNN,4OBE,1.0885159969329834,36,E,D,F:\GENESIS Studio\genesis-studio\packages\engines-py\.pdb_cache\4OBE,A
723,ThermoMPNN,4OBE,0.0,36,E,E,F:\GENESIS Studio\genesis-studio\packages\engines-py\.pdb_cache\4OBE,A
724,ThermoMPNN,4OBE,0.21170029044151306,36,E,F,F:\GENESIS Studio\genesis-studio\packages\engines-py\.pdb_cache\4OBE,A
725,ThermoMPNN,4OBE,0.1559813916683197,36,E,G,F:\GENESIS Studio\genesis-studio\packages\engines-py\.pdb_cache\4OBE,A
726,ThermoMPNN,4OBE,-0.09661650657653809,36,E,H,F:\GENESIS Studio\genesis-studio\packages\engines-py\.pdb_cache\4OBE,A
727,ThermoMPNN,4OBE,-0.2767241597175598,36,E,I,F:\GENESIS Studio\genesis-studio\packages\engines-py\.pdb_cache\4OBE,A
728,ThermoMPNN,4OBE,-1.1214698553085327,36,E,K,F:\GENESIS Studio\genesis-studio\packages\engines-py\.pdb_cache\4OBE,A
729,ThermoMPNN,4OBE,-0.045720040798187256,36,E,L,F:\GENESIS Studio\genesis-studio\packages\engines-py\.pdb_cache\4OBE,A
730,ThermoMPNN,4OBE,-0.5265994071960449,36,E,M,F:\GENESIS Studio\genesis-studio\packages\engines-py\.pdb_cache\4OBE,A
731,ThermoMPNN,4OBE,0.2610361576080322,36,E,N,F:\GENESIS Studio\genesis-studio\packages\engines-py\.pdb_cache\4OBE,A
732,ThermoMPNN,4OBE,0.6860806941986084,36,E,P,F:\GENESIS Studio\genesis-studio\packages\engines-py\.pdb_cache\4OBE,A
733,ThermoMPNN,4OBE,-0.8729490041732788,36,E,Q,F:\GENESIS Studio\genesis-studio\packages\engines-py\.pdb_cache\4OBE,A
734,ThermoMPNN,4OBE,-0.9900537729263306,36,E,R,F:\GENESIS Studio\genesis-studio\packages\engines-py\.pdb_cache\4OBE,A
735,ThermoMPNN,4OBE,-0.6306636333465576,36,E,S,F:\GENESIS Studio\genesis-studio\packages\engines-py\.pdb_cache\4OBE,A
736,ThermoMPNN,4OBE,-0.26867103576660156,36,E,T,F:\GENESIS Studio\genesis-studio\packages\engines-py\.pdb_cache\4OBE,A
737,ThermoMPNN,4OBE,-0.07024556398391724,36,E,V,F:\GENESIS Studio\genesis-studio\packages\engines-py\.pdb_cache\4OBE,A
738,ThermoMPNN,4OBE,0.20917955040931702,36,E,W,F:\GENESIS Studio\genesis-studio\packages\engines-py\.pdb_cache\4OBE,A
739,ThermoMPNN,4OBE,0.3427058458328247,36,E,Y,F:\GENESIS Studio\genesis-studio\packages\engines-py\.pdb_cache\4OBE,A
740,ThermoMPNN,4OBE,-1.0623342990875244,37,D,A,F:\GENESIS Studio\genesis-studio\packages\engines-py\.pdb_cache\4OBE,A
741,ThermoMPNN,4OBE,-0.9550568461418152,37,D,C,F:\GENESIS Studio\genesis-studio\packages\engines-py\.pdb_cache\4OBE,A
742,ThermoMPNN,4OBE,0.0,37,D,D,F:\GENESIS Studio\genesis-studio\packages\engines-py\.pdb_cache\4OBE,A
743,ThermoMPNN,4OBE,-0.2776135206222534,37,D,E,F:\GENESIS Studio\genesis-studio\packages\engines-py\.pdb_cache\4OBE,A
744,ThermoMPNN,4OBE,-0.5298188924789429,37,D,F,F:\GENESIS Studio\genesis-studio\packages\engines-py\.pdb_cache\4OBE,A
745,ThermoMPNN,4OBE,-0.43154376745224,37,D,G,F:\GENESIS Studio\genesis-studio\packages\engines-py\.pdb_cache\4OBE,A
746,ThermoMPNN,4OBE,-0.6476612091064453,37,D,H,F:\GENESIS Studio\genesis-studio\packages\engines-py\.pdb_cache\4OBE,A
747,ThermoMPNN,4OBE,-0.41270965337753296,37,D,I,F:\GENESIS Studio\genesis-studio\packages\engines-py\.pdb_cache\4OBE,A
748,ThermoMPNN,4OBE,-0.8547593951225281,37,D,K,F:\GENESIS Studio\genesis-studio\packages\engines-py\.pdb_cache\4OBE,A
749,ThermoMPNN,4OBE,-0.3332052528858185,37,D,L,F:\GENESIS Studio\genesis-studio\packages\engines-py\.pdb_cache\4OBE,A
750,ThermoMPNN,4OBE,-0.5615929961204529,37,D,M,F:\GENESIS Studio\genesis-studio\packages\engines-py\.pdb_cache\4OBE,A
751,ThermoMPNN,4OBE,-0.46482473611831665,37,D,N,F:\GENESIS Studio\genesis-studio\packages\engines-py\.pdb_cache\4OBE,A
752,ThermoMPNN,4OBE,0.9068711996078491,37,D,P,F:\GENESIS Studio\genesis-studio\packages\engines-py\.pdb_cache\4OBE,A
753,ThermoMPNN,4OBE,-0.6707325577735901,37,D,Q,F:\GENESIS Studio\genesis-studio\packages\engines-py\.pdb_cache\4OBE,A
754,ThermoMPNN,4OBE,-0.9422431588172913,37,D,R,F:\GENESIS Studio\genesis-studio\packages\engines-py\.pdb_cache\4OBE,A
755,ThermoMPNN,4OBE,-1.0341382026672363,37,D,S,F:\GENESIS Studio\genesis-studio\packages\engines-py\.pdb_cache\4OBE,A
756,ThermoMPNN,4OBE,-0.7943851351737976,37,D,T,F:\GENESIS Studio\genesis-studio\packages\engines-py\.pdb_cache\4OBE,A
757,ThermoMPNN,4OBE,-0.6817785501480103,37,D,V,F:\GENESIS Studio\genesis-studio\packages\engines-py\.pdb_cache\4OBE,A
758,ThermoMPNN,4OBE,-0.3617209196090698,37,D,W,F:\GENESIS Studio\genesis-studio\packages\engines-py\.pdb_cache\4OBE,A
759,ThermoMPNN,4OBE,-0.5216279625892639,37,D,Y,F:\GENESIS Studio\genesis-studio\packages\engines-py\.pdb_cache\4OBE,A
760,ThermoMPNN,4OBE,0.4540407657623291,38,S,A,F:\GENESIS Studio\genesis-studio\packages\engines-py\.pdb_cache\4OBE,A
761,ThermoMPNN,4OBE,-0.08481907844543457,38,S,C,F:\GENESIS Studio\genesis-studio\packages\engines-py\.pdb_cache\4OBE,A
762,ThermoMPNN,4OBE,1.1775789260864258,38,S,D,F:\GENESIS Studio\genesis-studio\packages\engines-py\.pdb_cache\4OBE,A
763,ThermoMPNN,4OBE,1.0458823442459106,38,S,E,F:\GENESIS Studio\genesis-studio\packages\engines-py\.pdb_cache\4OBE,A
764,ThermoMPNN,4OBE,-0.007217526435852051,38,S,F,F:\GENESIS Studio\genesis-studio\packages\engines-py\.pdb_cache\4OBE,A
765,ThermoMPNN,4OBE,0.8366304636001587,38,S,G,F:\GENESIS Studio\genesis-studio\packages\engines-py\.pdb_cache\4OBE,A
766,ThermoMPNN,4OBE,-0.053038716316223145,38,S,H,F:\GENESIS Studio\genesis-studio\packages\engines-py\.pdb_cache\4OBE,A
767,ThermoMPNN,4OBE,0.1487816572189331,38,S,I,F:\GENESIS Studio\genesis-studio\packages\engines-py\.pdb_cache\4OBE,A
768,ThermoMPNN,4OBE,-0.07414209842681885,38,S,K,F:\GENESIS Studio\genesis-studio\packages\engines-py\.pdb_cache\4OBE,A
769,ThermoMPNN,4OBE,0.4977494478225708,38,S,L,F:\GENESIS Studio\genesis-studio\packages\engines-py\.pdb_cache\4OBE,A
770,ThermoMPNN,4OBE,0.2097586989402771,38,S,M,F:\GENESIS Studio\genesis-studio\packages\engines-py\.pdb_cache\4OBE,A
771,ThermoMPNN,4OBE,0.33622223138809204,38,S,N,F:\GENESIS Studio\genesis-studio\packages\engines-py\.pdb_cache\4OBE,A
772,ThermoMPNN,4OBE,1.534764051437378,38,S,P,F:\GENESIS Studio\genesis-studio\packages\engines-py\.pdb_cache\4OBE,A
773,ThermoMPNN,4OBE,0.30125272274017334,38,S,Q,F:\GENESIS Studio\genesis-studio\packages\engines-py\.pdb_cache\4OBE,A
774,ThermoMPNN,4OBE,-0.23100972175598145,38,S,R,F:\GENESIS Studio\genesis-studio\packages\engines-py\.pdb_cache\4OBE,A
775,ThermoMPNN,4OBE,0.0,38,S,S,F:\GENESIS Studio\genesis-studio\packages\engines-py\.pdb_cache\4OBE,A
776,ThermoMPNN,4OBE,0.05885368585586548,38,S,T,F:\GENESIS Studio\genesis-studio\packages\engines-py\.pdb_cache\4OBE,A
777,ThermoMPNN,4OBE,0.24053418636322021,38,S,V,F:\GENESIS Studio\genesis-studio\packages\engines-py\.pdb_cache\4OBE,A
778,ThermoMPNN,4OBE,-0.07262051105499268,38,S,W,F:\GENESIS Studio\genesis-studio\packages\engines-py\.pdb_cache\4OBE,A
779,ThermoMPNN,4OBE,-0.16242444515228271,38,S,Y,F:\GENESIS Studio\genesis-studio\packages\engines-py\.pdb_cache\4OBE,A
780,ThermoMPNN,4OBE,0.7231238484382629,39,Y,A,F:\GENESIS Studio\genesis-studio\packages\engines-py\.pdb_cache\4OBE,A
781,ThermoMPNN,4OBE,0.19592833518981934,39,Y,C,F:\GENESIS Studio\genesis-studio\packages\engines-py\.pdb_cache\4OBE,A
782,ThermoMPNN,4OBE,2.4856927394866943,39,Y,D,F:\GENESIS Studio\genesis-studio\packages\engines-py\.pdb_cache\4OBE,A
783,ThermoMPNN,4OBE,2.0726749897003174,39,Y,E,F:\GENESIS Studio\genesis-studio\packages\engines-py\.pdb_cache\4OBE,A
784,ThermoMPNN,4OBE,-0.05672192573547363,39,Y,F,F:\GENESIS Studio\genesis-studio\packages\engines-py\.pdb_cache\4OBE,A
785,ThermoMPNN,4OBE,1.4582505226135254,39,Y,G,F:\GENESIS Studio\genesis-studio\packages\engines-py\.pdb_cache\4OBE,A
786,ThermoMPNN,4OBE,0.6284157037734985,39,Y,H,F:\GENESIS Studio\genesis-studio\packages\engines-py\.pdb_cache\4OBE,A
787,ThermoMPNN,4OBE,1.0989296436309814,39,Y,I,F:\GENESIS Studio\genesis-studio\packages\engines-py\.pdb_cache\4OBE,A
788,ThermoMPNN,4OBE,0.7150616645812988,39,Y,K,F:\GENESIS Studio\genesis-studio\packages\engines-py\.pdb_cache\4OBE,A
789,ThermoMPNN,4OBE,0.6929416060447693,39,Y,L,F:\GENESIS Studio\genesis-studio\packages\engines-py\.pdb_cache\4OBE,A
790,ThermoMPNN,4OBE,0.20543575286865234,39,Y,M,F:\GENESIS Studio\genesis-studio\packages\engines-py\.pdb_cache\4OBE,A
791,ThermoMPNN,4OBE,1.564704179763794,39,Y,N,F:\GENESIS Studio\genesis-studio\packages\engines-py\.pdb_cache\4OBE,A
792,ThermoMPNN,4OBE,2.570725917816162,39,Y,P,F:\GENESIS Studio\genesis-studio\packages\engines-py\.pdb_cache\4OBE,A
793,ThermoMPNN,4OBE,0.8535445332527161,39,Y,Q,F:\GENESIS Studio\genesis-studio\packages\engines-py\.pdb_cache\4OBE,A
794,ThermoMPNN,4OBE,0.48373377323150635,39,Y,R,F:\GENESIS Studio\genesis-studio\packages\engines-py\.pdb_cache\4OBE,A
795,ThermoMPNN,4OBE,1.0097745656967163,39,Y,S,F:\GENESIS Studio\genesis-studio\packages\engines-py\.pdb_cache\4OBE,A
796,ThermoMPNN,4OBE,1.5162408351898193,39,Y,T,F:\GENESIS Studio\genesis-studio\packages\engines-py\.pdb_cache\4OBE,A
797,ThermoMPNN,4OBE,0.900362491607666,39,Y,V,F:\GENESIS Studio\genesis-studio\packages\engines-py\.pdb_cache\4OBE,A
798,ThermoMPNN,4OBE,0.16060829162597656,39,Y,W,F:\GENESIS Studio\genesis-studio\packages\engines-py\.pdb_cache\4OBE,A
799,ThermoMPNN,4OBE,0.0,39,Y,Y,F:\GENESIS Studio\genesis-studio\packages\engines-py\.pdb_cache\4OBE,A
800,ThermoMPNN,4OBE,0.9523882865905762,40,R,A,F:\GENESIS Studio\genesis-studio\packages\engines-py\.pdb_cache\4OBE,A
801,ThermoMPNN,4OBE,0.32814204692840576,40,R,C,F:\GENESIS Studio\genesis-studio\packages\engines-py\.pdb_cache\4OBE,A
802,ThermoMPNN,4OBE,1.5293326377868652,40,R,D,F:\GENESIS Studio\genesis-studio\packages\engines-py\.pdb_cache\4OBE,A
803,ThermoMPNN,4OBE,1.1611372232437134,40,R,E,F:\GENESIS Studio\genesis-studio\packages\engines-py\.pdb_cache\4OBE,A
804,ThermoMPNN,4OBE,0.4506085515022278,40,R,F,F:\GENESIS Studio\genesis-studio\packages\engines-py\.pdb_cache\4OBE,A
805,ThermoMPNN,4OBE,1.3959877490997314,40,R,G,F:\GENESIS Studio\genesis-studio\packages\engines-py\.pdb_cache\4OBE,A
806,ThermoMPNN,4OBE,0.37547242641448975,40,R,H,F:\GENESIS Studio\genesis-studio\packages\engines-py\.pdb_cache\4OBE,A
807,ThermoMPNN,4OBE,0.3313884735107422,40,R,I,F:\GENESIS Studio\genesis-studio\packages\engines-py\.pdb_cache\4OBE,A
808,ThermoMPNN,4OBE,0.17841839790344238,40,R,K,F:\GENESIS Studio\genesis-studio\packages\engines-py\.pdb_cache\4OBE,A
809,ThermoMPNN,4OBE,0.4560302495956421,40,R,L,F:\GENESIS Studio\genesis-studio\packages\engines-py\.pdb_cache\4OBE,A
810,ThermoMPNN,4OBE,0.4785296320915222,40,R,M,F:\GENESIS Studio\genesis-studio\packages\engines-py\.pdb_cache\4OBE,A
811,ThermoMPNN,4OBE,0.7276855111122131,40,R,N,F:\GENESIS Studio\genesis-studio\packages\engines-py\.pdb_cache\4OBE,A
812,ThermoMPNN,4OBE,1.8232080936431885,40,R,P,F:\GENESIS Studio\genesis-studio\packages\engines-py\.pdb_cache\4OBE,A
813,ThermoMPNN,4OBE,0.6499459147453308,40,R,Q,F:\GENESIS Studio\genesis-studio\packages\engines-py\.pdb_cache\4OBE,A
814,ThermoMPNN,4OBE,0.0,40,R,R,F:\GENESIS Studio\genesis-studio\packages\engines-py\.pdb_cache\4OBE,A
815,ThermoMPNN,4OBE,0.6965385675430298,40,R,S,F:\GENESIS Studio\genesis-studio\packages\engines-py\.pdb_cache\4OBE,A
816,ThermoMPNN,4OBE,0.3567010164260864,40,R,T,F:\GENESIS Studio\genesis-studio\packages\engines-py\.pdb_cache\4OBE,A
817,ThermoMPNN,4OBE,0.4999234080314636,40,R,V,F:\GENESIS Studio\genesis-studio\packages\engines-py\.pdb_cache\4OBE,A
818,ThermoMPNN,4OBE,0.4713897705078125,40,R,W,F:\GENESIS Studio\genesis-studio\packages\engines-py\.pdb_cache\4OBE,A
819,ThermoMPNN,4OBE,0.3219161033630371,40,R,Y,F:\GENESIS Studio\genesis-studio\packages\engines-py\.pdb_cache\4OBE,A
820,ThermoMPNN,4OBE,1.3115348815917969,41,K,A,F:\GENESIS Studio\genesis-studio\packages\engines-py\.pdb_cache\4OBE,A
821,ThermoMPNN,4OBE,0.34013545513153076,41,K,C,F:\GENESIS Studio\genesis-studio\packages\engines-py\.pdb_cache\4OBE,A
822,ThermoMPNN,4OBE,2.611598491668701,41,K,D,F:\GENESIS Studio\genesis-studio\packages\engines-py\.pdb_cache\4OBE,A
823,ThermoMPNN,4OBE,2.030672073364258,41,K,E,F:\GENESIS Studio\genesis-studio\packages\engines-py\.pdb_cache\4OBE,A
824,ThermoMPNN,4OBE,0.26150810718536377,41,K,F,F:\GENESIS Studio\genesis-studio\packages\engines-py\.pdb_cache\4OBE,A
825,ThermoMPNN,4OBE,2.1765620708465576,41,K,G,F:\GENESIS Studio\genesis-studio\packages\engines-py\.pdb_cache\4OBE,A
826,ThermoMPNN,4OBE,0.7870475649833679,41,K,H,F:\GENESIS Studio\genesis-studio\packages\engines-py\.pdb_cache\4OBE,A
827,ThermoMPNN,4OBE,-0.42675697803497314,41,K,I,F:\GENESIS Studio\genesis-studio\packages\engines-py\.pdb_cache\4OBE,A
828,ThermoMPNN,4OBE,0.0,41,K,K,F:\GENESIS Studio\genesis-studio\packages\engines-py\.pdb_cache\4OBE,A
829,ThermoMPNN,4OBE,0.220647931098938,41,K,L,F:\GENESIS Studio\genesis-studio\packages\engines-py\.pdb_cache\4OBE,A
830,ThermoMPNN,4OBE,0.25616323947906494,41,K,M,F:\GENESIS Studio\genesis-studio\packages\engines-py\.pdb_cache\4OBE,A
831,ThermoMPNN,4OBE,1.6087641716003418,41,K,N,F:\GENESIS Studio\genesis-studio\packages\engines-py\.pdb_cache\4OBE,A
832,ThermoMPNN,4OBE,2.2543628215789795,41,K,P,F:\GENESIS Studio\genesis-studio\packages\engines-py\.pdb_cache\4OBE,A
833,ThermoMPNN,4OBE,0.8317541480064392,41,K,Q,F:\GENESIS Studio\genesis-studio\packages\engines-py\.pdb_cache\4OBE,A
834,ThermoMPNN,4OBE,-0.025002360343933105,41,K,R,F:\GENESIS Studio\genesis-studio\packages\engines-py\.pdb_cache\4OBE,A
835,ThermoMPNN,4OBE,1.305747628211975,41,K,S,F:\GENESIS Studio\genesis-studio\packages\engines-py\.pdb_cache\4OBE,A
836,ThermoMPNN,4OBE,0.9242798089981079,41,K,T,F:\GENESIS Studio\genesis-studio\packages\engines-py\.pdb_cache\4OBE,A
837,ThermoMPNN,4OBE,0.1328810453414917,41,K,V,F:\GENESIS Studio\genesis-studio\packages\engines-py\.pdb_cache\4OBE,A
838,ThermoMPNN,4OBE,0.36880552768707275,41,K,W,F:\GENESIS Studio\genesis-studio\packages\engines-py\.pdb_cache\4OBE,A
839,ThermoMPNN,4OBE,0.17549192905426025,41,K,Y,F:\GENESIS Studio\genesis-studio\packages\engines-py\.pdb_cache\4OBE,A
840,ThermoMPNN,4OBE,0.5602886080741882,42,Q,A,F:\GENESIS Studio\genesis-studio\packages\engines-py\.pdb_cache\4OBE,A
841,ThermoMPNN,4OBE,-0.21929049491882324,42,Q,C,F:\GENESIS Studio\genesis-studio\packages\engines-py\.pdb_cache\4OBE,A
842,ThermoMPNN,4OBE,1.3692138195037842,42,Q,D,F:\GENESIS Studio\genesis-studio\packages\engines-py\.pdb_cache\4OBE,A
843,ThermoMPNN,4OBE,0.4089129567146301,42,Q,E,F:\GENESIS Studio\genesis-studio\packages\engines-py\.pdb_cache\4OBE,A
844,ThermoMPNN,4OBE,0.11722415685653687,42,Q,F,F:\GENESIS Studio\genesis-studio\packages\engines-py\.pdb_cache\4OBE,A
845,ThermoMPNN,4OBE,1.3599929809570312,42,Q,G,F:\GENESIS Studio\genesis-studio\packages\engines-py\.pdb_cache\4OBE,A
846,ThermoMPNN,4OBE,0.18010562658309937,42,Q,H,F:\GENESIS Studio\genesis-studio\packages\engines-py\.pdb_cache\4OBE,A
847,ThermoMPNN,4OBE,-0.5206129550933838,42,Q,I,F:\GENESIS Studio\genesis-studio\packages\engines-py\.pdb_cache\4OBE,A
848,ThermoMPNN,4OBE,0.11880683898925781,42,Q,K,F:\GENESIS Studio\genesis-studio\packages\engines-py\.pdb_cache\4OBE,A
849,ThermoMPNN,4OBE,0.12694042921066284,42,Q,L,F:\GENESIS Studio\genesis-studio\packages\engines-py\.pdb_cache\4OBE,A
850,ThermoMPNN,4OBE,-0.01485908031463623,42,Q,M,F:\GENESIS Studio\genesis-studio\packages\engines-py\.pdb_cache\4OBE,A
851,ThermoMPNN,4OBE,0.9070018529891968,42,Q,N,F:\GENESIS Studio\genesis-studio\packages\engines-py\.pdb_cache\4OBE,A
852,ThermoMPNN,4OBE,1.62646484375,42,Q,P,F:\GENESIS Studio\genesis-studio\packages\engines-py\.pdb_cache\4OBE,A
853,ThermoMPNN,4OBE,0.0,42,Q,Q,F:\GENESIS Studio\genesis-studio\packages\engines-py\.pdb_cache\4OBE,A
854,ThermoMPNN,4OBE,0.14000022411346436,42,Q,R,F:\GENESIS Studio\genesis-studio\packages\engines-py\.pdb_cache\4OBE,A
855,ThermoMPNN,4OBE,0.37604814767837524,42,Q,S,F:\GENESIS Studio\genesis-studio\packages\engines-py\.pdb_cache\4OBE,A
856,ThermoMPNN,4OBE,0.0036324262619018555,42,Q,T,F:\GENESIS Studio\genesis-studio\packages\engines-py\.pdb_cache\4OBE,A
857,ThermoMPNN,4OBE,-0.42906975746154785,42,Q,V,F:\GENESIS Studio\genesis-studio\packages\engines-py\.pdb_cache\4OBE,A
858,ThermoMPNN,4OBE,0.012185335159301758,42,Q,W,F:\GENESIS Studio\genesis-studio\packages\engines-py\.pdb_cache\4OBE,A
859,ThermoMPNN,4OBE,0.03712773323059082,42,Q,Y,F:\GENESIS Studio\genesis-studio\packages\engines-py\.pdb_cache\4OBE,A
860,ThermoMPNN,4OBE,1.1646831035614014,43,V,A,F:\GENESIS Studio\genesis-studio\packages\engines-py\.pdb_cache\4OBE,A
861,ThermoMPNN,4OBE,0.20702528953552246,43,V,C,F:\GENESIS Studio\genesis-studio\packages\engines-py\.pdb_cache\4OBE,A
862,ThermoMPNN,4OBE,2.7492151260375977,43,V,D,F:\GENESIS Studio\genesis-studio\packages\engines-py\.pdb_cache\4OBE,A
863,ThermoMPNN,4OBE,2.1521270275115967,43,V,E,F:\GENESIS Studio\genesis-studio\packages\engines-py\.pdb_cache\4OBE,A
864,ThermoMPNN,4OBE,0.5471441745758057,43,V,F,F:\GENESIS Studio\genesis-studio\packages\engines-py\.pdb_cache\4OBE,A
865,ThermoMPNN,4OBE,2.2075233459472656,43,V,G,F:\GENESIS Studio\genesis-studio\packages\engines-py\.pdb_cache\4OBE,A
866,ThermoMPNN,4OBE,1.700202226638794,43,V,H,F:\GENESIS Studio\genesis-studio\packages\engines-py\.pdb_cache\4OBE,A
867,ThermoMPNN,4OBE,-0.01788020133972168,43,V,I,F:\GENESIS Studio\genesis-studio\packages\engines-py\.pdb_cache\4OBE,A
868,ThermoMPNN,4OBE,2.121565341949463,43,V,K,F:\GENESIS Studio\genesis-studio\packages\engines-py\.pdb_cache\4OBE,A
869,ThermoMPNN,4OBE,0.5006237030029297,43,V,L,F:\GENESIS Studio\genesis-studio\packages\engines-py\.pdb_cache\4OBE,A
870,ThermoMPNN,4OBE,0.3642895221710205,43,V,M,F:\GENESIS Studio\genesis-studio\packages\engines-py\.pdb_cache\4OBE,A
871,ThermoMPNN,4OBE,2.3989768028259277,43,V,N,F:\GENESIS Studio\genesis-studio\packages\engines-py\.pdb_cache\4OBE,A
872,ThermoMPNN,4OBE,3.056983709335327,43,V,P,F:\GENESIS Studio\genesis-studio\packages\engines-py\.pdb_cache\4OBE,A
873,ThermoMPNN,4OBE,1.847344994544983,43,V,Q,F:\GENESIS Studio\genesis-studio\packages\engines-py\.pdb_cache\4OBE,A
874,ThermoMPNN,4OBE,1.9586673974990845,43,V,R,F:\GENESIS Studio\genesis-studio\packages\engines-py\.pdb_cache\4OBE,A
875,ThermoMPNN,4OBE,1.763803482055664,43,V,S,F:\GENESIS Studio\genesis-studio\packages\engines-py\.pdb_cache\4OBE,A
876,ThermoMPNN,4OBE,1.5337038040161133,43,V,T,F:\GENESIS Studio\genesis-studio\packages\engines-py\.pdb_cache\4OBE,A
877,ThermoMPNN,4OBE,0.0,43,V,V,F:\GENESIS Studio\genesis-studio\packages\engines-py\.pdb_cache\4OBE,A
878,ThermoMPNN,4OBE,0.7355349063873291,43,V,W,F:\GENESIS Studio\genesis-studio\packages\engines-py\.pdb_cache\4OBE,A
879,ThermoMPNN,4OBE,0.8149635791778564,43,V,Y,F:\GENESIS Studio\genesis-studio\packages\engines-py\.pdb_cache\4OBE,A
880,ThermoMPNN,4OBE,0.9207015037536621,44,V,A,F:\GENESIS Studio\genesis-studio\packages\engines-py\.pdb_cache\4OBE,A
881,ThermoMPNN,4OBE,0.18888592720031738,44,V,C,F:\GENESIS Studio\genesis-studio\packages\engines-py\.pdb_cache\4OBE,A
882,ThermoMPNN,4OBE,1.292747139930725,44,V,D,F:\GENESIS Studio\genesis-studio\packages\engines-py\.pdb_cache\4OBE,A
883,ThermoMPNN,4OBE,0.8431265354156494,44,V,E,F:\GENESIS Studio\genesis-studio\packages\engines-py\.pdb_cache\4OBE,A
884,ThermoMPNN,4OBE,0.41521668434143066,44,V,F,F:\GENESIS Studio\genesis-studio\packages\engines-py\.pdb_cache\4OBE,A
885,ThermoMPNN,4OBE,1.4736945629119873,44,V,G,F:\GENESIS Studio\genesis-studio\packages\engines-py\.pdb_cache\4OBE,A
886,ThermoMPNN,4OBE,0.5243370532989502,44,V,H,F:\GENESIS Studio\genesis-studio\packages\engines-py\.pdb_cache\4OBE,A
887,ThermoMPNN,4OBE,0.013462066650390625,44,V,I,F:\GENESIS Studio\genesis-studio\packages\engines-py\.pdb_cache\4OBE,A
888,ThermoMPNN,4OBE,0.6059975624084473,44,V,K,F:\GENESIS Studio\genesis-studio\packages\engines-py\.pdb_cache\4OBE,A
889,ThermoMPNN,4OBE,0.37895721197128296,44,V,L,F:\GENESIS Studio\genesis-studio\packages\engines-py\.pdb_cache\4OBE,A
890,ThermoMPNN,4OBE,0.4751235246658325,44,V,M,F:\GENESIS Studio\genesis-studio\packages\engines-py\.pdb_cache\4OBE,A
891,ThermoMPNN,4OBE,0.9711711406707764,44,V,N,F:\GENESIS Studio\genesis-studio\packages\engines-py\.pdb_cache\4OBE,A
892,ThermoMPNN,4OBE,1.6335911750793457,44,V,P,F:\GENESIS Studio\genesis-studio\packages\engines-py\.pdb_cache\4OBE,A
893,ThermoMPNN,4OBE,0.586872398853302,44,V,Q,F:\GENESIS Studio\genesis-studio\packages\engines-py\.pdb_cache\4OBE,A
894,ThermoMPNN,4OBE,0.6873481273651123,44,V,R,F:\GENESIS Studio\genesis-studio\packages\engines-py\.pdb_cache\4OBE,A
895,ThermoMPNN,4OBE,0.7811431288719177,44,V,S,F:\GENESIS Studio\genesis-studio\packages\engines-py\.pdb_cache\4OBE,A
896,ThermoMPNN,4OBE,0.3390096426010132,44,V,T,F:\GENESIS Studio\genesis-studio\packages\engines-py\.pdb_cache\4OBE,A
897,ThermoMPNN,4OBE,0.0,44,V,V,F:\GENESIS Studio\genesis-studio\packages\engines-py\.pdb_cache\4OBE,A
898,ThermoMPNN,4OBE,0.3845362067222595,44,V,W,F:\GENESIS Studio\genesis-studio\packages\engines-py\.pdb_cache\4OBE,A
899,ThermoMPNN,4OBE,0.30150437355041504,44,V,Y,F:\GENESIS Studio\genesis-studio\packages\engines-py\.pdb_cache\4OBE,A
900,ThermoMPNN,4OBE,1.5259802341461182,45,I,A,F:\GENESIS Studio\genesis-studio\packages\engines-py\.pdb_cache\4OBE,A
901,ThermoMPNN,4OBE,0.9299176931381226,45,I,C,F:\GENESIS Studio\genesis-studio\packages\engines-py\.pdb_cache\4OBE,A
902,ThermoMPNN,4OBE,1.7997857332229614,45,I,D,F:\GENESIS Studio\genesis-studio\packages\engines-py\.pdb_cache\4OBE,A
903,ThermoMPNN,4OBE,1.8387929201126099,45,I,E,F:\GENESIS Studio\genesis-studio\packages\engines-py\.pdb_cache\4OBE,A
904,ThermoMPNN,4OBE,0.9113601446151733,45,I,F,F:\GENESIS Studio\genesis-studio\packages\engines-py\.pdb_cache\4OBE,A
905,ThermoMPNN,4OBE,1.9194718599319458,45,I,G,F:\GENESIS Studio\genesis-studio\packages\engines-py\.pdb_cache\4OBE,A
906,ThermoMPNN,4OBE,1.5412328243255615,45,I,H,F:\GENESIS Studio\genesis-studio\packages\engines-py\.pdb_cache\4OBE,A
907,ThermoMPNN,4OBE,0.0,45,I,I,F:\GENESIS Studio\genesis-studio\packages\engines-py\.pdb_cache\4OBE,A
908,ThermoMPNN,4OBE,1.8357160091400146,45,I,K,F:\GENESIS Studio\genesis-studio\packages\engines-py\.pdb_cache\4OBE,A
909,ThermoMPNN,4OBE,0.6376688480377197,45,I,L,F:\GENESIS Studio\genesis-studio\packages\engines-py\.pdb_cache\4OBE,A
910,ThermoMPNN,4OBE,0.957168459892273,45,I,M,F:\GENESIS Studio\genesis-studio\packages\engines-py\.pdb_cache\4OBE,A
911,ThermoMPNN,4OBE,1.8117878437042236,45,I,N,F:\GENESIS Studio\genesis-studio\packages\engines-py\.pdb_cache\4OBE,A
912,ThermoMPNN,4OBE,2.1994223594665527,45,I,P,F:\GENESIS Studio\genesis-studio\packages\engines-py\.pdb_cache\4OBE,A
913,ThermoMPNN,4OBE,1.7978529930114746,45,I,Q,F:\GENESIS Studio\genesis-studio\packages\engines-py\.pdb_cache\4OBE,A
914,ThermoMPNN,4OBE,1.8357089757919312,45,I,R,F:\GENESIS Studio\genesis-studio\packages\engines-py\.pdb_cache\4OBE,A
915,ThermoMPNN,4OBE,1.702232837677002,45,I,S,F:\GENESIS Studio\genesis-studio\packages\engines-py\.pdb_cache\4OBE,A
916,ThermoMPNN,4OBE,1.588795781135559,45,I,T,F:\GENESIS Studio\genesis-studio\packages\engines-py\.pdb_cache\4OBE,A
917,ThermoMPNN,4OBE,0.48880863189697266,45,I,V,F:\GENESIS Studio\genesis-studio\packages\engines-py\.pdb_cache\4OBE,A
918,ThermoMPNN,4OBE,1.1012980937957764,45,I,W,F:\GENESIS Studio\genesis-studio\packages\engines-py\.pdb_cache\4OBE,A
919,ThermoMPNN,4OBE,1.0822792053222656,45,I,Y,F:\GENESIS Studio\genesis-studio\packages\engines-py\.pdb_cache\4OBE,A
920,ThermoMPNN,4OBE,1.5661510229110718,46,D,A,F:\GENESIS Studio\genesis-studio\packages\engines-py\.pdb_cache\4OBE,A
921,ThermoMPNN,4OBE,0.7528953552246094,46,D,C,F:\GENESIS Studio\genesis-studio\packages\engines-py\.pdb_cache\4OBE,A
922,ThermoMPNN,4OBE,0.0,46,D,D,F:\GENESIS Studio\genesis-studio\packages\engines-py\.pdb_cache\4OBE,A
923,ThermoMPNN,4OBE,1.05392324924469,46,D,E,F:\GENESIS Studio\genesis-studio\packages\engines-py\.pdb_cache\4OBE,A
924,ThermoMPNN,4OBE,1.277658224105835,46,D,F,F:\GENESIS Studio\genesis-studio\packages\engines-py\.pdb_cache\4OBE,A
925,ThermoMPNN,4OBE,1.5518524646759033,46,D,G,F:\GENESIS Studio\genesis-studio\packages\engines-py\.pdb_cache\4OBE,A
926,ThermoMPNN,4OBE,1.2102292776107788,46,D,H,F:\GENESIS Studio\genesis-studio\packages\engines-py\.pdb_cache\4OBE,A
927,ThermoMPNN,4OBE,1.543985366821289,46,D,I,F:\GENESIS Studio\genesis-studio\packages\engines-py\.pdb_cache\4OBE,A
928,ThermoMPNN,4OBE,1.498246431350708,46,D,K,F:\GENESIS Studio\genesis-studio\packages\engines-py\.pdb_cache\4OBE,A
929,ThermoMPNN,4OBE,1.329979658126831,46,D,L,F:\GENESIS Studio\genesis-studio\packages\engines-py\.pdb_cache\4OBE,A
930,ThermoMPNN,4OBE,1.495764136314392,46,D,M,F:\GENESIS Studio\genesis-studio\packages\engines-py\.pdb_cache\4OBE,A
931,ThermoMPNN,4OBE,0.5211125612258911,46,D,N,F:\GENESIS Studio\genesis-studio\packages\engines-py\.pdb_cache\4OBE,A
932,ThermoMPNN,4OBE,2.0501513481140137,46,D,P,F:\GENESIS Studio\genesis-studio\packages\engines-py\.pdb_cache\4OBE,A
933,ThermoMPNN,4OBE,1.4095579385757446,46,D,Q,F:\GENESIS Studio\genesis-studio\packages\engines-py\.pdb_cache\4OBE,A
934,ThermoMPNN,4OBE,1.5763472318649292,46,D,R,F:\GENESIS Studio\genesis-studio\packages\engines-py\.pdb_cache\4OBE,A
935,ThermoMPNN,4OBE,1.122247338294983,46,D,S,F:\GENESIS Studio\genesis-studio\packages\engines-py\.pdb_cache\4OBE,A
936,ThermoMPNN,4OBE,1.5441844463348389,46,D,T,F:\GENESIS Studio\genesis-studio\packages\engines-py\.pdb_cache\4OBE,A
937,ThermoMPNN,4OBE,1.5573656558990479,46,D,V,F:\GENESIS Studio\genesis-studio\packages\engines-py\.pdb_cache\4OBE,A
938,ThermoMPNN,4OBE,1.5198954343795776,46,D,W,F:\GENESIS Studio\genesis-studio\packages\engines-py\.pdb_cache\4OBE,A
939,ThermoMPNN,4OBE,1.506788730621338,46,D,Y,F:\GENESIS Studio\genesis-studio\packages\engines-py\.pdb_cache\4OBE,A
940,ThermoMPNN,4OBE,0.9259061217308044,47,G,A,F:\GENESIS Studio\genesis-studio\packages\engines-py\.pdb_cache\4OBE,A
941,ThermoMPNN,4OBE,0.3036036491394043,47,G,C,F:\GENESIS Studio\genesis-studio\packages\engines-py\.pdb_cache\4OBE,A
942,ThermoMPNN,4OBE,0.7887797355651855,47,G,D,F:\GENESIS Studio\genesis-studio\packages\engines-py\.pdb_cache\4OBE,A
943,ThermoMPNN,4OBE,0.9228587746620178,47,G,E,F:\GENESIS Studio\genesis-studio\packages\engines-py\.pdb_cache\4OBE,A
944,ThermoMPNN,4OBE,0.7693808078765869,47,G,F,F:\GENESIS Studio\genesis-studio\packages\engines-py\.pdb_cache\4OBE,A
945,ThermoMPNN,4OBE,0.0,47,G,G,F:\GENESIS Studio\genesis-studio\packages\engines-py\.pdb_cache\4OBE,A
946,ThermoMPNN,4OBE,0.743147611618042,47,G,H,F:\GENESIS Studio\genesis-studio\packages\engines-py\.pdb_cache\4OBE,A
947,ThermoMPNN,4OBE,1.1440949440002441,47,G,I,F:\GENESIS Studio\genesis-studio\packages\engines-py\.pdb_cache\4OBE,A
948,ThermoMPNN,4OBE,0.9638643264770508,47,G,K,F:\GENESIS Studio\genesis-studio\packages\engines-py\.pdb_cache\4OBE,A
949,ThermoMPNN,4OBE,0.8041422367095947,47,G,L,F:\GENESIS Studio\genesis-studio\packages\engines-py\.pdb_cache\4OBE,A
950,ThermoMPNN,4OBE,0.8636993169784546,47,G,M,F:\GENESIS Studio\genesis-studio\packages\engines-py\.pdb_cache\4OBE,A
951,ThermoMPNN,4OBE,0.5196057558059692,47,G,N,F:\GENESIS Studio\genesis-studio\packages\engines-py\.pdb_cache\4OBE,A
952,ThermoMPNN,4OBE,1.4717488288879395,47,G,P,F:\GENESIS Studio\genesis-studio\packages\engines-py\.pdb_cache\4OBE,A
953,ThermoMPNN,4OBE,0.9867504239082336,47,G,Q,F:\GENESIS Studio\genesis-studio\packages\engines-py\.pdb_cache\4OBE,A
954,ThermoMPNN,4OBE,0.9892494678497314,47,G,R,F:\GENESIS Studio\genesis-studio\packages\engines-py\.pdb_cache\4OBE,A
955,ThermoMPNN,4OBE,0.9079287648200989,47,G,S,F:\GENESIS Studio\genesis-studio\packages\engines-py\.pdb_cache\4OBE,A
956,ThermoMPNN,4OBE,1.1920080184936523,47,G,T,F:\GENESIS Studio\genesis-studio\packages\engines-py\.pdb_cache\4OBE,A
957,ThermoMPNN,4OBE,1.1757779121398926,47,G,V,F:\GENESIS Studio\genesis-studio\packages\engines-py\.pdb_cache\4OBE,A
958,ThermoMPNN,4OBE,0.9167097806930542,47,G,W,F:\GENESIS Studio\genesis-studio\packages\engines-py\.pdb_cache\4OBE,A
959,ThermoMPNN,4OBE,0.8782995939254761,47,G,Y,F:\GENESIS Studio\genesis-studio\packages\engines-py\.pdb_cache\4OBE,A
960,ThermoMPNN,4OBE,0.12424498796463013,48,E,A,F:\GENESIS Studio\genesis-studio\packages\engines-py\.pdb_cache\4OBE,A
961,ThermoMPNN,4OBE,-0.297707736492157,48,E,C,F:\GENESIS Studio\genesis-studio\packages\engines-py\.pdb_cache\4OBE,A
962,ThermoMPNN,4OBE,0.23737818002700806,48,E,D,F:\GENESIS Studio\genesis-studio\packages\engines-py\.pdb_cache\4OBE,A
963,ThermoMPNN,4OBE,0.0,48,E,E,F:\GENESIS Studio\genesis-studio\packages\engines-py\.pdb_cache\4OBE,A
964,ThermoMPNN,4OBE,-0.16427433490753174,48,E,F,F:\GENESIS Studio\genesis-studio\packages\engines-py\.pdb_cache\4OBE,A
965,ThermoMPNN,4OBE,0.501203179359436,48,E,G,F:\GENESIS Studio\genesis-studio\packages\engines-py\.pdb_cache\4OBE,A
966,ThermoMPNN,4OBE,-0.04546087980270386,48,E,H,F:\GENESIS Studio\genesis-studio\packages\engines-py\.pdb_cache\4OBE,A
967,ThermoMPNN,4OBE,-0.30128318071365356,48,E,I,F:\GENESIS Studio\genesis-studio\packages\engines-py\.pdb_cache\4OBE,A
968,ThermoMPNN,4OBE,-0.06092226505279541,48,E,K,F:\GENESIS Studio\genesis-studio\packages\engines-py\.pdb_cache\4OBE,A
969,ThermoMPNN,4OBE,-0.07809507846832275,48,E,L,F:\GENESIS Studio\genesis-studio\packages\engines-py\.pdb_cache\4OBE,A
970,ThermoMPNN,4OBE,-0.02678072452545166,48,E,M,F:\GENESIS Studio\genesis-studio\packages\engines-py\.pdb_cache\4OBE,A
971,ThermoMPNN,4OBE,0.14788812398910522,48,E,N,F:\GENESIS Studio\genesis-studio\packages\engines-py\.pdb_cache\4OBE,A
972,ThermoMPNN,4OBE,1.1653351783752441,48,E,P,F:\GENESIS Studio\genesis-studio\packages\engines-py\.pdb_cache\4OBE,A
973,ThermoMPNN,4OBE,-0.036149024963378906,48,E,Q,F:\GENESIS Studio\genesis-studio\packages\engines-py\.pdb_cache\4OBE,A
974,ThermoMPNN,4OBE,-0.030814409255981445,48,E,R,F:\GENESIS Studio\genesis-studio\packages\engines-py\.pdb_cache\4OBE,A
975,ThermoMPNN,4OBE,0.13339102268218994,48,E,S,F:\GENESIS Studio\genesis-studio\packages\engines-py\.pdb_cache\4OBE,A
976,ThermoMPNN,4OBE,-0.041839659214019775,48,E,T,F:\GENESIS Studio\genesis-studio\packages\engines-py\.pdb_cache\4OBE,A
977,ThermoMPNN,4OBE,-0.32769352197647095,48,E,V,F:\GENESIS Studio\genesis-studio\packages\engines-py\.pdb_cache\4OBE,A
978,ThermoMPNN,4OBE,-0.051171302795410156,48,E,W,F:\GENESIS Studio\genesis-studio\packages\engines-py\.pdb_cache\4OBE,A
979,ThermoMPNN,4OBE,-0.11306530237197876,48,E,Y,F:\GENESIS Studio\genesis-studio\packages\engines-py\.pdb_cache\4OBE,A
980,ThermoMPNN,4OBE,0.3409603536128998,49,T,A,F:\GENESIS Studio\genesis-studio\packages\engines-py\.pdb_cache\4OBE,A
981,ThermoMPNN,4OBE,-0.33794188499450684,49,T,C,F:\GENESIS Studio\genesis-studio\packages\engines-py\.pdb_cache\4OBE,A
982,ThermoMPNN,4OBE,0.8517752289772034,49,T,D,F:\GENESIS Studio\genesis-studio\packages\engines-py\.pdb_cache\4OBE,A
983,ThermoMPNN,4OBE,0.10354936122894287,49,T,E,F:\GENESIS Studio\genesis-studio\packages\engines-py\.pdb_cache\4OBE,A
984,ThermoMPNN,4OBE,-0.3258631229400635,49,T,F,F:\GENESIS Studio\genesis-studio\packages\engines-py\.pdb_cache\4OBE,A
985,ThermoMPNN,4OBE,0.8302707076072693,49,T,G,F:\GENESIS Studio\genesis-studio\packages\engines-py\.pdb_cache\4OBE,A
986,ThermoMPNN,4OBE,0.08265519142150879,49,T,H,F:\GENESIS Studio\genesis-studio\packages\engines-py\.pdb_cache\4OBE,A
987,ThermoMPNN,4OBE,-0.4398142099380493,49,T,I,F:\GENESIS Studio\genesis-studio\packages\engines-py\.pdb_cache\4OBE,A
988,ThermoMPNN,4OBE,0.17159783840179443,49,T,K,F:\GENESIS Studio\genesis-studio\packages\engines-py\.pdb_cache\4OBE,A
989,ThermoMPNN,4OBE,-0.422313928604126,49,T,L,F:\GENESIS Studio\genesis-studio\packages\engines-py\.pdb_cache\4OBE,A
990,ThermoMPNN,4OBE,-0.26089781522750854,49,T,M,F:\GENESIS Studio\genesis-studio\packages\engines-py\.pdb_cache\4OBE,A
991,ThermoMPNN,4OBE,0.5437256097793579,49,T,N,F:\GENESIS Studio\genesis-studio\packages\engines-py\.pdb_cache\4OBE,A
992,ThermoMPNN,4OBE,0.6211155652999878,49,T,P,F:\GENESIS Studio\genesis-studio\packages\engines-py\.pdb_cache\4OBE,A
993,ThermoMPNN,4OBE,0.16076010465621948,49,T,Q,F:\GENESIS Studio\genesis-studio\packages\engines-py\.pdb_cache\4OBE,A
994,ThermoMPNN,4OBE,0.1757717728614807,49,T,R,F:\GENESIS Studio\genesis-studio\packages\engines-py\.pdb_cache\4OBE,A
995,ThermoMPNN,4OBE,0.30480852723121643,49,T,S,F:\GENESIS Studio\genesis-studio\packages\engines-py\.pdb_cache\4OBE,A
996,ThermoMPNN,4OBE,0.0,49,T,T,F:\GENESIS Studio\genesis-studio\packages\engines-py\.pdb_cache\4OBE,A
997,ThermoMPNN,4OBE,-0.25951361656188965,49,T,V,F:\GENESIS Studio\genesis-studio\packages\engines-py\.pdb_cache\4OBE,A
998,ThermoMPNN,4OBE,-0.5578160285949707,49,T,W,F:\GENESIS Studio\genesis-studio\packages\engines-py\.pdb_cache\4OBE,A
999,ThermoMPNN,4OBE,-0.47214841842651367,49,T,Y,F:\GENESIS Studio\genesis-studio\packages\engines-py\.pdb_cache\4OBE,A
1000,ThermoMPNN,4OBE,0.8423585295677185,50,C,A,F:\GENESIS Studio\genesis-studio\packages\engines-py\.pdb_cache\4OBE,A
1001,ThermoMPNN,4OBE,0.0,50,C,C,F:\GENESIS Studio\genesis-studio\packages\engines-py\.pdb_cache\4OBE,A
1002,ThermoMPNN,4OBE,2.2010319232940674,50,C,D,F:\GENESIS Studio\genesis-studio\packages\engines-py\.pdb_cache\4OBE,A
1003,ThermoMPNN,4OBE,1.5732872486114502,50,C,E,F:\GENESIS Studio\genesis-studio\packages\engines-py\.pdb_cache\4OBE,A
1004,ThermoMPNN,4OBE,-0.09193599224090576,50,C,F,F:\GENESIS Studio\genesis-studio\packages\engines-py\.pdb_cache\4OBE,A
1005,ThermoMPNN,4OBE,1.8412199020385742,50,C,G,F:\GENESIS Studio\genesis-studio\packages\engines-py\.pdb_cache\4OBE,A
1006,ThermoMPNN,4OBE,0.8532060384750366,50,C,H,F:\GENESIS Studio\genesis-studio\packages\engines-py\.pdb_cache\4OBE,A
1007,ThermoMPNN,4OBE,-0.36398184299468994,50,C,I,F:\GENESIS Studio\genesis-studio\packages\engines-py\.pdb_cache\4OBE,A
1008,ThermoMPNN,4OBE,1.517592191696167,50,C,K,F:\GENESIS Studio\genesis-studio\packages\engines-py\.pdb_cache\4OBE,A
1009,ThermoMPNN,4OBE,0.3141787052154541,50,C,L,F:\GENESIS Studio\genesis-studio\packages\engines-py\.pdb_cache\4OBE,A
1010,ThermoMPNN,4OBE,0.588792085647583,50,C,M,F:\GENESIS Studio\genesis-studio\packages\engines-py\.pdb_cache\4OBE,A
1011,ThermoMPNN,4OBE,1.6545214653015137,50,C,N,F:\GENESIS Studio\genesis-studio\packages\engines-py\.pdb_cache\4OBE,A
1012,ThermoMPNN,4OBE,1.8512003421783447,50,C,P,F:\GENESIS Studio\genesis-studio\packages\engines-py\.pdb_cache\4OBE,A
1013,ThermoMPNN,4OBE,1.5136888027191162,50,C,Q,F:\GENESIS Studio\genesis-studio\packages\engines-py\.pdb_cache\4OBE,A
1014,ThermoMPNN,4OBE,1.4644546508789062,50,C,R,F:\GENESIS Studio\genesis-studio\packages\engines-py\.pdb_cache\4OBE,A
1015,ThermoMPNN,4OBE,1.490323781967163,50,C,S,F:\GENESIS Studio\genesis-studio\packages\engines-py\.pdb_cache\4OBE,A
1016,ThermoMPNN,4OBE,0.9701586961746216,50,C,T,F:\GENESIS Studio\genesis-studio\packages\engines-py\.pdb_cache\4OBE,A
1017,ThermoMPNN,4OBE,-0.5551095008850098,50,C,V,F:\GENESIS Studio\genesis-studio\packages\engines-py\.pdb_cache\4OBE,A
1018,ThermoMPNN,4OBE,0.06760501861572266,50,C,W,F:\GENESIS Studio\genesis-studio\packages\engines-py\.pdb_cache\4OBE,A
1019,ThermoMPNN,4OBE,-0.32892024517059326,50,C,Y,F:\GENESIS Studio\genesis-studio\packages\engines-py\.pdb_cache\4OBE,A
1020,ThermoMPNN,4OBE,1.6719136238098145,51,L,A,F:\GENESIS Studio\genesis-studio\packages\engines-py\.pdb_cache\4OBE,A
1021,ThermoMPNN,4OBE,0.5927954912185669,51,L,C,F:\GENESIS Studio\genesis-studio\packages\engines-py\.pdb_cache\4OBE,A
1022,ThermoMPNN,4OBE,2.0909764766693115,51,L,D,F:\GENESIS Studio\genesis-studio\packages\engines-py\.pdb_cache\4OBE,A
1023,ThermoMPNN,4OBE,1.4696229696273804,51,L,E,F:\GENESIS Studio\genesis-studio\packages\engines-py\.pdb_cache\4OBE,A
1024,ThermoMPNN,4OBE,0.9037039279937744,51,L,F,F:\GENESIS Studio\genesis-studio\packages\engines-py\.pdb_cache\4OBE,A
1025,ThermoMPNN,4OBE,2.4796595573425293,51,L,G,F:\GENESIS Studio\genesis-studio\packages\engines-py\.pdb_cache\4OBE,A
1026,ThermoMPNN,4OBE,1.5128531455993652,51,L,H,F:\GENESIS Studio\genesis-studio\packages\engines-py\.pdb_cache\4OBE,A
1027,ThermoMPNN,4OBE,0.4295382499694824,51,L,I,F:\GENESIS Studio\genesis-studio\packages\engines-py\.pdb_cache\4OBE,A
1028,ThermoMPNN,4OBE,1.5405513048171997,51,L,K,F:\GENESIS Studio\genesis-studio\packages\engines-py\.pdb_cache\4OBE,A
1029,ThermoMPNN,4OBE,0.0,51,L,L,F:\GENESIS Studio\genesis-studio\packages\engines-py\.pdb_cache\4OBE,A
1030,ThermoMPNN,4OBE,0.6023013591766357,51,L,M,F:\GENESIS Studio\genesis-studio\packages\engines-py\.pdb_cache\4OBE,A
1031,ThermoMPNN,4OBE,1.8460251092910767,51,L,N,F:\GENESIS Studio\genesis-studio\packages\engines-py\.pdb_cache\4OBE,A
1032,ThermoMPNN,4OBE,3.1331419944763184,51,L,P,F:\GENESIS Studio\genesis-studio\packages\engines-py\.pdb_cache\4OBE,A
1033,ThermoMPNN,4OBE,1.3742291927337646,51,L,Q,F:\GENESIS Studio\genesis-studio\packages\engines-py\.pdb_cache\4OBE,A
1034,ThermoMPNN,4OBE,1.5959234237670898,51,L,R,F:\GENESIS Studio\genesis-studio\packages\engines-py\.pdb_cache\4OBE,A
1035,ThermoMPNN,4OBE,1.754223108291626,51,L,S,F:\GENESIS Studio\genesis-studio\packages\engines-py\.pdb_cache\4OBE,A
1036,ThermoMPNN,4OBE,1.3670403957366943,51,L,T,F:\GENESIS Studio\genesis-studio\packages\engines-py\.pdb_cache\4OBE,A
1037,ThermoMPNN,4OBE,0.6533386707305908,51,L,V,F:\GENESIS Studio\genesis-studio\packages\engines-py\.pdb_cache\4OBE,A
1038,ThermoMPNN,4OBE,0.9055187106132507,51,L,W,F:\GENESIS Studio\genesis-studio\packages\engines-py\.pdb_cache\4OBE,A
1039,ThermoMPNN,4OBE,1.027313232421875,51,L,Y,F:\GENESIS Studio\genesis-studio\packages\engines-py\.pdb_cache\4OBE,A
1040,ThermoMPNN,4OBE,1.9269192218780518,52,L,A,F:\GENESIS Studio\genesis-studio\packages\engines-py\.pdb_cache\4OBE,A
1041,ThermoMPNN,4OBE,1.0733413696289062,52,L,C,F:\GENESIS Studio\genesis-studio\packages\engines-py\.pdb_cache\4OBE,A
1042,ThermoMPNN,4OBE,2.7541604042053223,52,L,D,F:\GENESIS Studio\genesis-studio\packages\engines-py\.pdb_cache\4OBE,A
1043,ThermoMPNN,4OBE,2.399258852005005,52,L,E,F:\GENESIS Studio\genesis-studio\packages\engines-py\.pdb_cache\4OBE,A
1044,ThermoMPNN,4OBE,0.6076737642288208,52,L,F,F:\GENESIS Studio\genesis-studio\packages\engines-py\.pdb_cache\4OBE,A
1045,ThermoMPNN,4OBE,2.3887476921081543,52,L,G,F:\GENESIS Studio\genesis-studio\packages\engines-py\.pdb_cache\4OBE,A
1046,ThermoMPNN,4OBE,2.1975717544555664,52,L,H,F:\GENESIS Studio\genesis-studio\packages\engines-py\.pdb_cache\4OBE,A
1047,ThermoMPNN,4OBE,0.49252986907958984,52,L,I,F:\GENESIS Studio\genesis-studio\packages\engines-py\.pdb_cache\4OBE,A
1048,ThermoMPNN,4OBE,2.2118773460388184,52,L,K,F:\GENESIS Studio\genesis-studio\packages\engines-py\.pdb_cache\4OBE,A
1049,ThermoMPNN,4OBE,0.0,52,L,L,F:\GENESIS Studio\genesis-studio\packages\engines-py\.pdb_cache\4OBE,A
1050,ThermoMPNN,4OBE,0.5838121175765991,52,L,M,F:\GENESIS Studio\genesis-studio\packages\engines-py\.pdb_cache\4OBE,A
1051,ThermoMPNN,4OBE,2.412017345428467,52,L,N,F:\GENESIS Studio\genesis-studio\packages\engines-py\.pdb_cache\4OBE,A
1052,ThermoMPNN,4OBE,2.734609842300415,52,L,P,F:\GENESIS Studio\genesis-studio\packages\engines-py\.pdb_cache\4OBE,A
1053,ThermoMPNN,4OBE,2.1475563049316406,52,L,Q,F:\GENESIS Studio\genesis-studio\packages\engines-py\.pdb_cache\4OBE,A
1054,ThermoMPNN,4OBE,2.2076034545898438,52,L,R,F:\GENESIS Studio\genesis-studio\packages\engines-py\.pdb_cache\4OBE,A
1055,ThermoMPNN,4OBE,2.1498794555664062,52,L,S,F:\GENESIS Studio\genesis-studio\packages\engines-py\.pdb_cache\4OBE,A
1056,ThermoMPNN,4OBE,1.7806944847106934,52,L,T,F:\GENESIS Studio\genesis-studio\packages\engines-py\.pdb_cache\4OBE,A
1057,ThermoMPNN,4OBE,1.0513240098953247,52,L,V,F:\GENESIS Studio\genesis-studio\packages\engines-py\.pdb_cache\4OBE,A
1058,ThermoMPNN,4OBE,1.2263250350952148,52,L,W,F:\GENESIS Studio\genesis-studio\packages\engines-py\.pdb_cache\4OBE,A
1059,ThermoMPNN,4OBE,1.2914249897003174,52,L,Y,F:\GENESIS Studio\genesis-studio\packages\engines-py\.pdb_cache\4OBE,A
1060,ThermoMPNN,4OBE,0.6558059453964233,53,D,A,F:\GENESIS Studio\genesis-studio\packages\engines-py\.pdb_cache\4OBE,A
1061,ThermoMPNN,4OBE,-0.35352838039398193,53,D,C,F:\GENESIS Studio\genesis-studio\packages\engines-py\.pdb_cache\4OBE,A
1062,ThermoMPNN,4OBE,0.0,53,D,D,F:\GENESIS Studio\genesis-studio\packages\engines-py\.pdb_cache\4OBE,A
1063,ThermoMPNN,4OBE,0.3893108367919922,53,D,E,F:\GENESIS Studio\genesis-studio\packages\engines-py\.pdb_cache\4OBE,A
1064,ThermoMPNN,4OBE,-0.055119216442108154,53,D,F,F:\GENESIS Studio\genesis-studio\packages\engines-py\.pdb_cache\4OBE,A
1065,ThermoMPNN,4OBE,1.3352851867675781,53,D,G,F:\GENESIS Studio\genesis-studio\packages\engines-py\.pdb_cache\4OBE,A
1066,ThermoMPNN,4OBE,-0.05072665214538574,53,D,H,F:\GENESIS Studio\genesis-studio\packages\engines-py\.pdb_cache\4OBE,A
1067,ThermoMPNN,4OBE,-0.07630956172943115,53,D,I,F:\GENESIS Studio\genesis-studio\packages\engines-py\.pdb_cache\4OBE,A
1068,ThermoMPNN,4OBE,0.6041914224624634,53,D,K,F:\GENESIS Studio\genesis-studio\packages\engines-py\.pdb_cache\4OBE,A
1069,ThermoMPNN,4OBE,0.23781085014343262,53,D,L,F:\GENESIS Studio\genesis-studio\packages\engines-py\.pdb_cache\4OBE,A
1070,ThermoMPNN,4OBE,0.35960710048675537,53,D,M,F:\GENESIS Studio\genesis-studio\packages\engines-py\.pdb_cache\4OBE,A
1071,ThermoMPNN,4OBE,-0.04045969247817993,53,D,N,F:\GENESIS Studio\genesis-studio\packages\engines-py\.pdb_cache\4OBE,A
1072,ThermoMPNN,4OBE,2.4250025749206543,53,D,P,F:\GENESIS Studio\genesis-studio\packages\engines-py\.pdb_cache\4OBE,A
1073,ThermoMPNN,4OBE,0.37592995166778564,53,D,Q,F:\GENESIS Studio\genesis-studio\packages\engines-py\.pdb_cache\4OBE,A
1074,ThermoMPNN,4OBE,0.5344110727310181,53,D,R,F:\GENESIS Studio\genesis-studio\packages\engines-py\.pdb_cache\4OBE,A
1075,ThermoMPNN,4OBE,0.1584731936454773,53,D,S,F:\GENESIS Studio\genesis-studio\packages\engines-py\.pdb_cache\4OBE,A
1076,ThermoMPNN,4OBE,0.3209943175315857,53,D,T,F:\GENESIS Studio\genesis-studio\packages\engines-py\.pdb_cache\4OBE,A
1077,ThermoMPNN,4OBE,-0.21450328826904297,53,D,V,F:\GENESIS Studio\genesis-studio\packages\engines-py\.pdb_cache\4OBE,A
1078,ThermoMPNN,4OBE,-0.054578542709350586,53,D,W,F:\GENESIS Studio\genesis-studio\packages\engines-py\.pdb_cache\4OBE,A
1079,ThermoMPNN,4OBE,-0.10396432876586914,53,D,Y,F:\GENESIS Studio\genesis-studio\packages\engines-py\.pdb_cache\4OBE,A
1080,ThermoMPNN,4OBE,2.3243818283081055,54,I,A,F:\GENESIS Studio\genesis-studio\packages\engines-py\.pdb_cache\4OBE,A
1081,ThermoMPNN,4OBE,1.712717890739441,54,I,C,F:\GENESIS Studio\genesis-studio\packages\engines-py\.pdb_cache\4OBE,A
1082,ThermoMPNN,4OBE,3.1491987705230713,54,I,D,F:\GENESIS Studio\genesis-studio\packages\engines-py\.pdb_cache\4OBE,A
1083,ThermoMPNN,4OBE,3.0352044105529785,54,I,E,F:\GENESIS Studio\genesis-studio\packages\engines-py\.pdb_cache\4OBE,A
1084,ThermoMPNN,4OBE,1.7197476625442505,54,I,F,F:\GENESIS Studio\genesis-studio\packages\engines-py\.pdb_cache\4OBE,A
1085,ThermoMPNN,4OBE,2.9744279384613037,54,I,G,F:\GENESIS Studio\genesis-studio\packages\engines-py\.pdb_cache\4OBE,A
1086,ThermoMPNN,4OBE,2.851027250289917,54,I,H,F:\GENESIS Studio\genesis-studio\packages\engines-py\.pdb_cache\4OBE,A
1087,ThermoMPNN,4OBE,0.0,54,I,I,F:\GENESIS Studio\genesis-studio\packages\engines-py\.pdb_cache\4OBE,A
1088,ThermoMPNN,4OBE,2.807551145553589,54,I,K,F:\GENESIS Studio\genesis-studio\packages\engines-py\.pdb_cache\4OBE,A
1089,ThermoMPNN,4OBE,0.9225883483886719,54,I,L,F:\GENESIS Studio\genesis-studio\packages\engines-py\.pdb_cache\4OBE,A
1090,ThermoMPNN,4OBE,1.6053197383880615,54,I,M,F:\GENESIS Studio\genesis-studio\packages\engines-py\.pdb_cache\4OBE,A
1091,ThermoMPNN,4OBE,3.003443956375122,54,I,N,F:\GENESIS Studio\genesis-studio\packages\engines-py\.pdb_cache\4OBE,A
1092,ThermoMPNN,4OBE,2.8097524642944336,54,I,P,F:\GENESIS Studio\genesis-studio\packages\engines-py\.pdb_cache\4OBE,A
1093,ThermoMPNN,4OBE,2.971055030822754,54,I,Q,F:\GENESIS Studio\genesis-studio\packages\engines-py\.pdb_cache\4OBE,A
1094,ThermoMPNN,4OBE,2.8273448944091797,54,I,R,F:\GENESIS Studio\genesis-studio\packages\engines-py\.pdb_cache\4OBE,A
1095,ThermoMPNN,4OBE,2.927274703979492,54,I,S,F:\GENESIS Studio\genesis-studio\packages\engines-py\.pdb_cache\4OBE,A
1096,ThermoMPNN,4OBE,2.4120399951934814,54,I,T,F:\GENESIS Studio\genesis-studio\packages\engines-py\.pdb_cache\4OBE,A
1097,ThermoMPNN,4OBE,0.7597169876098633,54,I,V,F:\GENESIS Studio\genesis-studio\packages\engines-py\.pdb_cache\4OBE,A
1098,ThermoMPNN,4OBE,2.087013006210327,54,I,W,F:\GENESIS Studio\genesis-studio\packages\engines-py\.pdb_cache\4OBE,A
1099,ThermoMPNN,4OBE,2.0732192993164062,54,I,Y,F:\GENESIS Studio\genesis-studio\packages\engines-py\.pdb_cache\4OBE,A
1100,ThermoMPNN,4OBE,2.0762269496917725,55,L,A,F:\GENESIS Studio\genesis-studio\packages\engines-py\.pdb_cache\4OBE,A
1101,ThermoMPNN,4OBE,0.7902053594589233,55,L,C,F:\GENESIS Studio\genesis-studio\packages\engines-py\.pdb_cache\4OBE,A
1102,ThermoMPNN,4OBE,3.1817286014556885,55,L,D,F:\GENESIS Studio\genesis-studio\packages\engines-py\.pdb_cache\4OBE,A
1103,ThermoMPNN,4OBE,2.7162044048309326,55,L,E,F:\GENESIS Studio\genesis-studio\packages\engines-py\.pdb_cache\4OBE,A
1104,ThermoMPNN,4OBE,0.2819753885269165,55,L,F,F:\GENESIS Studio\genesis-studio\packages\engines-py\.pdb_cache\4OBE,A
1105,ThermoMPNN,4OBE,2.9583020210266113,55,L,G,F:\GENESIS Studio\genesis-studio\packages\engines-py\.pdb_cache\4OBE,A
1106,ThermoMPNN,4OBE,1.421839952468872,55,L,H,F:\GENESIS Studio\genesis-studio\packages\engines-py\.pdb_cache\4OBE,A
1107,ThermoMPNN,4OBE,0.21999037265777588,55,L,I,F:\GENESIS Studio\genesis-studio\packages\engines-py\.pdb_cache\4OBE,A
1108,ThermoMPNN,4OBE,1.2372595071792603,55,L,K,F:\GENESIS Studio\genesis-studio\packages\engines-py\.pdb_cache\4OBE,A
1109,ThermoMPNN,4OBE,0.0,55,L,L,F:\GENESIS Studio\genesis-studio\packages\engines-py\.pdb_cache\4OBE,A
1110,ThermoMPNN,4OBE,0.699770450592041,55,L,M,F:\GENESIS Studio\genesis-studio\packages\engines-py\.pdb_cache\4OBE,A
1111,ThermoMPNN,4OBE,2.156831979751587,55,L,N,F:\GENESIS Studio\genesis-studio\packages\engines-py\.pdb_cache\4OBE,A
1112,ThermoMPNN,4OBE,2.689493179321289,55,L,P,F:\GENESIS Studio\genesis-studio\packages\engines-py\.pdb_cache\4OBE,A
1113,ThermoMPNN,4OBE,1.866154432296753,55,L,Q,F:\GENESIS Studio\genesis-studio\packages\engines-py\.pdb_cache\4OBE,A
1114,ThermoMPNN,4OBE,1.0139955282211304,55,L,R,F:\GENESIS Studio\genesis-studio\packages\engines-py\.pdb_cache\4OBE,A
1115,ThermoMPNN,4OBE,2.059793472290039,55,L,S,F:\GENESIS Studio\genesis-studio\packages\engines-py\.pdb_cache\4OBE,A
1116,ThermoMPNN,4OBE,1.435654640197754,55,L,T,F:\GENESIS Studio\genesis-studio\packages\engines-py\.pdb_cache\4OBE,A
1117,ThermoMPNN,4OBE,0.6978788375854492,55,L,V,F:\GENESIS Studio\genesis-studio\packages\engines-py\.pdb_cache\4OBE,A
1118,ThermoMPNN,4OBE,0.08535218238830566,55,L,W,F:\GENESIS Studio\genesis-studio\packages\engines-py\.pdb_cache\4OBE,A
1119,ThermoMPNN,4OBE,0.21261835098266602,55,L,Y,F:\GENESIS Studio\genesis-studio\packages\engines-py\.pdb_cache\4OBE,A
1120,ThermoMPNN,4OBE,1.600445032119751,56,D,A,F:\GENESIS Studio\genesis-studio\packages\engines-py\.pdb_cache\4OBE,A
1121,ThermoMPNN,4OBE,0.834902286529541,56,D,C,F:\GENESIS Studio\genesis-studio\packages\engines-py\.pdb_cache\4OBE,A
1122,ThermoMPNN,4OBE,0.0,56,D,D,F:\GENESIS Studio\genesis-studio\packages\engines-py\.pdb_cache\4OBE,A
1123,ThermoMPNN,4OBE,1.4973012208938599,56,D,E,F:\GENESIS Studio\genesis-studio\packages\engines-py\.pdb_cache\4OBE,A
1124,ThermoMPNN,4OBE,1.3172401189804077,56,D,F,F:\GENESIS Studio\genesis-studio\packages\engines-py\.pdb_cache\4OBE,A
1125,ThermoMPNN,4OBE,1.8645350933074951,56,D,G,F:\GENESIS Studio\genesis-studio\packages\engines-py\.pdb_cache\4OBE,A
1126,ThermoMPNN,4OBE,1.387086033821106,56,D,H,F:\GENESIS Studio\genesis-studio\packages\engines-py\.pdb_cache\4OBE,A
1127,ThermoMPNN,4OBE,1.562211275100708,56,D,I,F:\GENESIS Studio\genesis-studio\packages\engines-py\.pdb_cache\4OBE,A
1128,ThermoMPNN,4OBE,1.920827865600586,56,D,K,F:\GENESIS Studio\genesis-studio\packages\engines-py\.pdb_cache\4OBE,A
1129,ThermoMPNN,4OBE,1.5097414255142212,56,D,L,F:\GENESIS Studio\genesis-studio\packages\engines-py\.pdb_cache\4OBE,A
1130,ThermoMPNN,4OBE,1.5537493228912354,56,D,M,F:\GENESIS Studio\genesis-studio\packages\engines-py\.pdb_cache\4OBE,A
1131,ThermoMPNN,4OBE,0.5971425771713257,56,D,N,F:\GENESIS Studio\genesis-studio\packages\engines-py\.pdb_cache\4OBE,A
1132,ThermoMPNN,4OBE,2.2632997035980225,56,D,P,F:\GENESIS Studio\genesis-studio\packages\engines-py\.pdb_cache\4OBE,A
1133,ThermoMPNN,4OBE,1.656775951385498,56,D,Q,F:\GENESIS Studio\genesis-studio\packages\engines-py\.pdb_cache\4OBE,A
1134,ThermoMPNN,4OBE,1.8262243270874023,56,D,R,F:\GENESIS Studio\genesis-studio\packages\engines-py\.pdb_cache\4OBE,A
1135,ThermoMPNN,4OBE,0.9148635864257812,56,D,S,F:\GENESIS Studio\genesis-studio\packages\engines-py\.pdb_cache\4OBE,A
1136,ThermoMPNN,4OBE,1.4080533981323242,56,D,T,F:\GENESIS Studio\genesis-studio\packages\engines-py\.pdb_cache\4OBE,A
1137,ThermoMPNN,4OBE,1.4623528718948364,56,D,V,F:\GENESIS Studio\genesis-studio\packages\engines-py\.pdb_cache\4OBE,A
1138,ThermoMPNN,4OBE,1.3672823905944824,56,D,W,F:\GENESIS Studio\genesis-studio\packages\engines-py\.pdb_cache\4OBE,A
1139,ThermoMPNN,4OBE,1.6320339441299438,56,D,Y,F:\GENESIS Studio\genesis-studio\packages\engines-py\.pdb_cache\4OBE,A
1140,ThermoMPNN,4OBE,0.38274818658828735,57,T,A,F:\GENESIS Studio\genesis-studio\packages\engines-py\.pdb_cache\4OBE,A
1141,ThermoMPNN,4OBE,-0.023220837116241455,57,T,C,F:\GENESIS Studio\genesis-studio\packages\engines-py\.pdb_cache\4OBE,A
1142,ThermoMPNN,4OBE,0.7156085968017578,57,T,D,F:\GENESIS Studio\genesis-studio\packages\engines-py\.pdb_cache\4OBE,A
1143,ThermoMPNN,4OBE,1.0443792343139648,57,T,E,F:\GENESIS Studio\genesis-studio\packages\engines-py\.pdb_cache\4OBE,A
1144,ThermoMPNN,4OBE,-0.11681443452835083,57,T,F,F:\GENESIS Studio\genesis-studio\packages\engines-py\.pdb_cache\4OBE,A
1145,ThermoMPNN,4OBE,0.578589916229248,57,T,G,F:\GENESIS Studio\genesis-studio\packages\engines-py\.pdb_cache\4OBE,A
1146,ThermoMPNN,4OBE,0.34673577547073364,57,T,H,F:\GENESIS Studio\genesis-studio\packages\engines-py\.pdb_cache\4OBE,A
1147,ThermoMPNN,4OBE,0.09841442108154297,57,T,I,F:\GENESIS Studio\genesis-studio\packages\engines-py\.pdb_cache\4OBE,A
1148,ThermoMPNN,4OBE,0.9270323514938354,57,T,K,F:\GENESIS Studio\genesis-studio\packages\engines-py\.pdb_cache\4OBE,A
1149,ThermoMPNN,4OBE,0.16170620918273926,57,T,L,F:\GENESIS Studio\genesis-studio\packages\engines-py\.pdb_cache\4OBE,A
1150,ThermoMPNN,4OBE,0.06743282079696655,57,T,M,F:\GENESIS Studio\genesis-studio\packages\engines-py\.pdb_cache\4OBE,A
1151,ThermoMPNN,4OBE,0.5902228951454163,57,T,N,F:\GENESIS Studio\genesis-studio\packages\engines-py\.pdb_cache\4OBE,A
1152,ThermoMPNN,4OBE,1.461956262588501,57,T,P,F:\GENESIS Studio\genesis-studio\packages\engines-py\.pdb_cache\4OBE,A
1153,ThermoMPNN,4OBE,0.5904973745346069,57,T,Q,F:\GENESIS Studio\genesis-studio\packages\engines-py\.pdb_cache\4OBE,A
1154,ThermoMPNN,4OBE,0.8954669833183289,57,T,R,F:\GENESIS Studio\genesis-studio\packages\engines-py\.pdb_cache\4OBE,A
1155,ThermoMPNN,4OBE,0.07424408197402954,57,T,S,F:\GENESIS Studio\genesis-studio\packages\engines-py\.pdb_cache\4OBE,A
1156,ThermoMPNN,4OBE,0.0,57,T,T,F:\GENESIS Studio\genesis-studio\packages\engines-py\.pdb_cache\4OBE,A
1157,ThermoMPNN,4OBE,0.21911484003067017,57,T,V,F:\GENESIS Studio\genesis-studio\packages\engines-py\.pdb_cache\4OBE,A
1158,ThermoMPNN,4OBE,-0.13031762838363647,57,T,W,F:\GENESIS Studio\genesis-studio\packages\engines-py\.pdb_cache\4OBE,A
1159,ThermoMPNN,4OBE,-0.053607404232025146,57,T,Y,F:\GENESIS Studio\genesis-studio\packages\engines-py\.pdb_cache\4OBE,A
1160,ThermoMPNN,4OBE,0.0,58,A,A,F:\GENESIS Studio\genesis-studio\packages\engines-py\.pdb_cache\4OBE,A
1161,ThermoMPNN,4OBE,1.0200295448303223,58,A,C,F:\GENESIS Studio\genesis-studio\packages\engines-py\.pdb_cache\4OBE,A
1162,ThermoMPNN,4OBE,2.5777392387390137,58,A,D,F:\GENESIS Studio\genesis-studio\packages\engines-py\.pdb_cache\4OBE,A
1163,ThermoMPNN,4OBE,2.469599485397339,58,A,E,F:\GENESIS Studio\genesis-studio\packages\engines-py\.pdb_cache\4OBE,A
1164,ThermoMPNN,4OBE,2.377687454223633,58,A,F,F:\GENESIS Studio\genesis-studio\packages\engines-py\.pdb_cache\4OBE,A
1165,ThermoMPNN,4OBE,1.2833603620529175,58,A,G,F:\GENESIS Studio\genesis-studio\packages\engines-py\.pdb_cache\4OBE,A
1166,ThermoMPNN,4OBE,2.1477715969085693,58,A,H,F:\GENESIS Studio\genesis-studio\packages\engines-py\.pdb_cache\4OBE,A
1167,ThermoMPNN,4OBE,2.487696409225464,58,A,I,F:\GENESIS Studio\genesis-studio\packages\engines-py\.pdb_cache\4OBE,A
1168,ThermoMPNN,4OBE,1.81526517868042,58,A,K,F:\GENESIS Studio\genesis-studio\packages\engines-py\.pdb_cache\4OBE,A
1169,ThermoMPNN,4OBE,2.3413631916046143,58,A,L,F:\GENESIS Studio\genesis-studio\packages\engines-py\.pdb_cache\4OBE,A
1170,ThermoMPNN,4OBE,1.7624495029449463,58,A,M,F:\GENESIS Studio\genesis-studio\packages\engines-py\.pdb_cache\4OBE,A
1171,ThermoMPNN,4OBE,2.209955930709839,58,A,N,F:\GENESIS Studio\genesis-studio\packages\engines-py\.pdb_cache\4OBE,A
1172,ThermoMPNN,4OBE,2.3957157135009766,58,A,P,F:\GENESIS Studio\genesis-studio\packages\engines-py\.pdb_cache\4OBE,A
1173,ThermoMPNN,4OBE,1.8519757986068726,58,A,Q,F:\GENESIS Studio\genesis-studio\packages\engines-py\.pdb_cache\4OBE,A
1174,ThermoMPNN,4OBE,1.764745831489563,58,A,R,F:\GENESIS Studio\genesis-studio\packages\engines-py\.pdb_cache\4OBE,A
1175,ThermoMPNN,4OBE,0.6209291219711304,58,A,S,F:\GENESIS Studio\genesis-studio\packages\engines-py\.pdb_cache\4OBE,A
1176,ThermoMPNN,4OBE,1.3948047161102295,58,A,T,F:\GENESIS Studio\genesis-studio\packages\engines-py\.pdb_cache\4OBE,A
1177,ThermoMPNN,4OBE,1.8881943225860596,58,A,V,F:\GENESIS Studio\genesis-studio\packages\engines-py\.pdb_cache\4OBE,A
1178,ThermoMPNN,4OBE,2.5811667442321777,58,A,W,F:\GENESIS Studio\genesis-studio\packages\engines-py\.pdb_cache\4OBE,A
1179,ThermoMPNN,4OBE,2.498046875,58,A,Y,F:\GENESIS Studio\genesis-studio\packages\engines-py\.pdb_cache\4OBE,A
1180,ThermoMPNN,4OBE,1.0484004020690918,59,G,A,F:\GENESIS Studio\genesis-studio\packages\engines-py\.pdb_cache\4OBE,A
1181,ThermoMPNN,4OBE,0.6568491458892822,59,G,C,F:\GENESIS Studio\genesis-studio\packages\engines-py\.pdb_cache\4OBE,A
1182,ThermoMPNN,4OBE,0.7136709094047546,59,G,D,F:\GENESIS Studio\genesis-studio\packages\engines-py\.pdb_cache\4OBE,A
1183,ThermoMPNN,4OBE,1.2180145978927612,59,G,E,F:\GENESIS Studio\genesis-studio\packages\engines-py\.pdb_cache\4OBE,A
1184,ThermoMPNN,4OBE,1.0190088748931885,59,G,F,F:\GENESIS Studio\genesis-studio\packages\engines-py\.pdb_cache\4OBE,A
1185,ThermoMPNN,4OBE,0.0,59,G,G,F:\GENESIS Studio\genesis-studio\packages\engines-py\.pdb_cache\4OBE,A
1186,ThermoMPNN,4OBE,1.0455135107040405,59,G,H,F:\GENESIS Studio\genesis-studio\packages\engines-py\.pdb_cache\4OBE,A
1187,ThermoMPNN,4OBE,1.202534556388855,59,G,I,F:\GENESIS Studio\genesis-studio\packages\engines-py\.pdb_cache\4OBE,A
1188,ThermoMPNN,4OBE,1.299501657485962,59,G,K,F:\GENESIS Studio\genesis-studio\packages\engines-py\.pdb_cache\4OBE,A
1189,ThermoMPNN,4OBE,1.044333577156067,59,G,L,F:\GENESIS Studio\genesis-studio\packages\engines-py\.pdb_cache\4OBE,A
1190,ThermoMPNN,4OBE,0.8479268550872803,59,G,M,F:\GENESIS Studio\genesis-studio\packages\engines-py\.pdb_cache\4OBE,A
1191,ThermoMPNN,4OBE,0.7481423616409302,59,G,N,F:\GENESIS Studio\genesis-studio\packages\engines-py\.pdb_cache\4OBE,A
1192,ThermoMPNN,4OBE,1.640760064125061,59,G,P,F:\GENESIS Studio\genesis-studio\packages\engines-py\.pdb_cache\4OBE,A
1193,ThermoMPNN,4OBE,1.0782887935638428,59,G,Q,F:\GENESIS Studio\genesis-studio\packages\engines-py\.pdb_cache\4OBE,A
1194,ThermoMPNN,4OBE,1.3049647808074951,59,G,R,F:\GENESIS Studio\genesis-studio\packages\engines-py\.pdb_cache\4OBE,A
1195,ThermoMPNN,4OBE,0.6691133975982666,59,G,S,F:\GENESIS Studio\genesis-studio\packages\engines-py\.pdb_cache\4OBE,A
1196,ThermoMPNN,4OBE,0.7031185030937195,59,G,T,F:\GENESIS Studio\genesis-studio\packages\engines-py\.pdb_cache\4OBE,A
1197,ThermoMPNN,4OBE,1.226598858833313,59,G,V,F:\GENESIS Studio\genesis-studio\packages\engines-py\.pdb_cache\4OBE,A
1198,ThermoMPNN,4OBE,1.202942967414856,59,G,W,F:\GENESIS Studio\genesis-studio\packages\engines-py\.pdb_cache\4OBE,A
1199,ThermoMPNN,4OBE,1.2023088932037354,59,G,Y,F:\GENESIS Studio\genesis-studio\packages\engines-py\.pdb_cache\4OBE,A
1200,ThermoMPNN,4OBE,0.03799116611480713,60,Q,A,F:\GENESIS Studio\genesis-studio\packages\engines-py\.pdb_cache\4OBE,A
1201,ThermoMPNN,4OBE,-0.07038158178329468,60,Q,C,F:\GENESIS Studio\genesis-studio\packages\engines-py\.pdb_cache\4OBE,A
1202,ThermoMPNN,4OBE,0.09355193376541138,60,Q,D,F:\GENESIS Studio\genesis-studio\packages\engines-py\.pdb_cache\4OBE,A
1203,ThermoMPNN,4OBE,-0.10065513849258423,60,Q,E,F:\GENESIS Studio\genesis-studio\packages\engines-py\.pdb_cache\4OBE,A
1204,ThermoMPNN,4OBE,0.1891254186630249,60,Q,F,F:\GENESIS Studio\genesis-studio\packages\engines-py\.pdb_cache\4OBE,A
1205,ThermoMPNN,4OBE,0.27658790349960327,60,Q,G,F:\GENESIS Studio\genesis-studio\packages\engines-py\.pdb_cache\4OBE,A
1206,ThermoMPNN,4OBE,0.07152301073074341,60,Q,H,F:\GENESIS Studio\genesis-studio\packages\engines-py\.pdb_cache\4OBE,A
1207,ThermoMPNN,4OBE,0.15007871389389038,60,Q,I,F:\GENESIS Studio\genesis-studio\packages\engines-py\.pdb_cache\4OBE,A
1208,ThermoMPNN,4OBE,0.07371264696121216,60,Q,K,F:\GENESIS Studio\genesis-studio\packages\engines-py\.pdb_cache\4OBE,A
1209,ThermoMPNN,4OBE,0.14284926652908325,60,Q,L,F:\GENESIS Studio\genesis-studio\packages\engines-py\.pdb_cache\4OBE,A
1210,ThermoMPNN,4OBE,0.18720507621765137,60,Q,M,F:\GENESIS Studio\genesis-studio\packages\engines-py\.pdb_cache\4OBE,A
1211,ThermoMPNN,4OBE,0.14289861917495728,60,Q,N,F:\GENESIS Studio\genesis-studio\packages\engines-py\.pdb_cache\4OBE,A
1212,ThermoMPNN,4OBE,-0.1598988175392151,60,Q,P,F:\GENESIS Studio\genesis-studio\packages\engines-py\.pdb_cache\4OBE,A
1213,ThermoMPNN,4OBE,0.0,60,Q,Q,F:\GENESIS Studio\genesis-studio\packages\engines-py\.pdb_cache\4OBE,A
1214,ThermoMPNN,4OBE,0.17876511812210083,60,Q,R,F:\GENESIS Studio\genesis-studio\packages\engines-py\.pdb_cache\4OBE,A
1215,ThermoMPNN,4OBE,-0.03913074731826782,60,Q,S,F:\GENESIS Studio\genesis-studio\packages\engines-py\.pdb_cache\4OBE,A
1216,ThermoMPNN,4OBE,0.050625383853912354,60,Q,T,F:\GENESIS Studio\genesis-studio\packages\engines-py\.pdb_cache\4OBE,A
1217,ThermoMPNN,4OBE,0.2420741319656372,60,Q,V,F:\GENESIS Studio\genesis-studio\packages\engines-py\.pdb_cache\4OBE,A
1218,ThermoMPNN,4OBE,0.23102855682373047,60,Q,W,F:\GENESIS Studio\genesis-studio\packages\engines-py\.pdb_cache\4OBE,A
1219,ThermoMPNN,4OBE,0.19328922033309937,60,Q,Y,F:\GENESIS Studio\genesis-studio\packages\engines-py\.pdb_cache\4OBE,A
1220,ThermoMPNN,4OBE,0.09984570741653442,61,E,A,F:\GENESIS Studio\genesis-studio\packages\engines-py\.pdb_cache\4OBE,A
1221,ThermoMPNN,4OBE,-0.5054991245269775,61,E,C,F:\GENESIS Studio\genesis-studio\packages\engines-py\.pdb_cache\4OBE,A
1222,ThermoMPNN,4OBE,0.9274205565452576,61,E,D,F:\GENESIS Studio\genesis-studio\packages\engines-py\.pdb_cache\4OBE,A
1223,ThermoMPNN,4OBE,0.0,61,E,E,F:\GENESIS Studio\genesis-studio\packages\engines-py\.pdb_cache\4OBE,A
1224,ThermoMPNN,4OBE,-0.26746320724487305,61,E,F,F:\GENESIS Studio\genesis-studio\packages\engines-py\.pdb_cache\4OBE,A
1225,ThermoMPNN,4OBE,0.3705931305885315,61,E,G,F:\GENESIS Studio\genesis-studio\packages\engines-py\.pdb_cache\4OBE,A
1226,ThermoMPNN,4OBE,-0.1812194585800171,61,E,H,F:\GENESIS Studio\genesis-studio\packages\engines-py\.pdb_cache\4OBE,A
1227,ThermoMPNN,4OBE,0.11808472871780396,61,E,I,F:\GENESIS Studio\genesis-studio\packages\engines-py\.pdb_cache\4OBE,A
1228,ThermoMPNN,4OBE,-0.2140343189239502,61,E,K,F:\GENESIS Studio\genesis-studio\packages\engines-py\.pdb_cache\4OBE,A
1229,ThermoMPNN,4OBE,-0.054830193519592285,61,E,L,F:\GENESIS Studio\genesis-studio\packages\engines-py\.pdb_cache\4OBE,A
1230,ThermoMPNN,4OBE,-0.3386458158493042,61,E,M,F:\GENESIS Studio\genesis-studio\packages\engines-py\.pdb_cache\4OBE,A
1231,ThermoMPNN,4OBE,0.28969165682792664,61,E,N,F:\GENESIS Studio\genesis-studio\packages\engines-py\.pdb_cache\4OBE,A
1232,ThermoMPNN,4OBE,0.31133756041526794,61,E,P,F:\GENESIS Studio\genesis-studio\packages\engines-py\.pdb_cache\4OBE,A
1233,ThermoMPNN,4OBE,-0.305902361869812,61,E,Q,F:\GENESIS Studio\genesis-studio\packages\engines-py\.pdb_cache\4OBE,A
1234,ThermoMPNN,4OBE,-0.11396580934524536,61,E,R,F:\GENESIS Studio\genesis-studio\packages\engines-py\.pdb_cache\4OBE,A
1235,ThermoMPNN,4OBE,0.1008496880531311,61,E,S,F:\GENESIS Studio\genesis-studio\packages\engines-py\.pdb_cache\4OBE,A
1236,ThermoMPNN,4OBE,-0.09311330318450928,61,E,T,F:\GENESIS Studio\genesis-studio\packages\engines-py\.pdb_cache\4OBE,A
1237,ThermoMPNN,4OBE,0.006464064121246338,61,E,V,F:\GENESIS Studio\genesis-studio\packages\engines-py\.pdb_cache\4OBE,A
1238,ThermoMPNN,4OBE,0.05252200365066528,61,E,W,F:\GENESIS Studio\genesis-studio\packages\engines-py\.pdb_cache\4OBE,A
1239,ThermoMPNN,4OBE,-0.21233701705932617,61,E,Y,F:\GENESIS Studio\genesis-studio\packages\engines-py\.pdb_cache\4OBE,A
1240,ThermoMPNN,4OBE,-0.11095470190048218,62,E,A,F:\GENESIS Studio\genesis-studio\packages\engines-py\.pdb_cache\4OBE,A
1241,ThermoMPNN,4OBE,-0.2939484119415283,62,E,C,F:\GENESIS Studio\genesis-studio\packages\engines-py\.pdb_cache\4OBE,A
1242,ThermoMPNN,4OBE,0.0420801043510437,62,E,D,F:\GENESIS Studio\genesis-studio\packages\engines-py\.pdb_cache\4OBE,A
1243,ThermoMPNN,4OBE,0.0,62,E,E,F:\GENESIS Studio\genesis-studio\packages\engines-py\.pdb_cache\4OBE,A
1244,ThermoMPNN,4OBE,-0.03814667463302612,62,E,F,F:\GENESIS Studio\genesis-studio\packages\engines-py\.pdb_cache\4OBE,A
1245,ThermoMPNN,4OBE,0.19107526540756226,62,E,G,F:\GENESIS Studio\genesis-studio\packages\engines-py\.pdb_cache\4OBE,A
1246,ThermoMPNN,4OBE,-0.13967108726501465,62,E,H,F:\GENESIS Studio\genesis-studio\packages\engines-py\.pdb_cache\4OBE,A
1247,ThermoMPNN,4OBE,-0.1514306664466858,62,E,I,F:\GENESIS Studio\genesis-studio\packages\engines-py\.pdb_cache\4OBE,A
1248,ThermoMPNN,4OBE,-0.2503565549850464,62,E,K,F:\GENESIS Studio\genesis-studio\packages\engines-py\.pdb_cache\4OBE,A
1249,ThermoMPNN,4OBE,-0.15360379219055176,62,E,L,F:\GENESIS Studio\genesis-studio\packages\engines-py\.pdb_cache\4OBE,A
1250,ThermoMPNN,4OBE,-0.05390828847885132,62,E,M,F:\GENESIS Studio\genesis-studio\packages\engines-py\.pdb_cache\4OBE,A
1251,ThermoMPNN,4OBE,-0.08225888013839722,62,E,N,F:\GENESIS Studio\genesis-studio\packages\engines-py\.pdb_cache\4OBE,A
1252,ThermoMPNN,4OBE,-0.4139247536659241,62,E,P,F:\GENESIS Studio\genesis-studio\packages\engines-py\.pdb_cache\4OBE,A
1253,ThermoMPNN,4OBE,-0.09895241260528564,62,E,Q,F:\GENESIS Studio\genesis-studio\packages\engines-py\.pdb_cache\4OBE,A
1254,ThermoMPNN,4OBE,-0.17325133085250854,62,E,R,F:\GENESIS Studio\genesis-studio\packages\engines-py\.pdb_cache\4OBE,A
1255,ThermoMPNN,4OBE,-0.11614203453063965,62,E,S,F:\GENESIS Studio\genesis-studio\packages\engines-py\.pdb_cache\4OBE,A
1256,ThermoMPNN,4OBE,-0.07451224327087402,62,E,T,F:\GENESIS Studio\genesis-studio\packages\engines-py\.pdb_cache\4OBE,A
1257,ThermoMPNN,4OBE,-0.05901694297790527,62,E,V,F:\GENESIS Studio\genesis-studio\packages\engines-py\.pdb_cache\4OBE,A
1258,ThermoMPNN,4OBE,-0.056499361991882324,62,E,W,F:\GENESIS Studio\genesis-studio\packages\engines-py\.pdb_cache\4OBE,A
1259,ThermoMPNN,4OBE,-0.07128250598907471,62,E,Y,F:\GENESIS Studio\genesis-studio\packages\engines-py\.pdb_cache\4OBE,A
1260,ThermoMPNN,4OBE,0.17896801233291626,63,Y,A,F:\GENESIS Studio\genesis-studio\packages\engines-py\.pdb_cache\4OBE,A
1261,ThermoMPNN,4OBE,-0.21661382913589478,63,Y,C,F:\GENESIS Studio\genesis-studio\packages\engines-py\.pdb_cache\4OBE,A
1262,ThermoMPNN,4OBE,0.09461134672164917,63,Y,D,F:\GENESIS Studio\genesis-studio\packages\engines-py\.pdb_cache\4OBE,A
1263,ThermoMPNN,4OBE,0.45085570216178894,63,Y,E,F:\GENESIS Studio\genesis-studio\packages\engines-py\.pdb_cache\4OBE,A
1264,ThermoMPNN,4OBE,-0.02531498670578003,63,Y,F,F:\GENESIS Studio\genesis-studio\packages\engines-py\.pdb_cache\4OBE,A
1265,ThermoMPNN,4OBE,0.4103124737739563,63,Y,G,F:\GENESIS Studio\genesis-studio\packages\engines-py\.pdb_cache\4OBE,A
1266,ThermoMPNN,4OBE,-0.15470117330551147,63,Y,H,F:\GENESIS Studio\genesis-studio\packages\engines-py\.pdb_cache\4OBE,A
1267,ThermoMPNN,4OBE,-0.014788985252380371,63,Y,I,F:\GENESIS Studio\genesis-studio\packages\engines-py\.pdb_cache\4OBE,A
1268,ThermoMPNN,4OBE,0.009441971778869629,63,Y,K,F:\GENESIS Studio\genesis-studio\packages\engines-py\.pdb_cache\4OBE,A
1269,ThermoMPNN,4OBE,0.010482311248779297,63,Y,L,F:\GENESIS Studio\genesis-studio\packages\engines-py\.pdb_cache\4OBE,A
1270,ThermoMPNN,4OBE,0.13411957025527954,63,Y,M,F:\GENESIS Studio\genesis-studio\packages\engines-py\.pdb_cache\4OBE,A
1271,ThermoMPNN,4OBE,-0.32987838983535767,63,Y,N,F:\GENESIS Studio\genesis-studio\packages\engines-py\.pdb_cache\4OBE,A
1272,ThermoMPNN,4OBE,0.8718245625495911,63,Y,P,F:\GENESIS Studio\genesis-studio\packages\engines-py\.pdb_cache\4OBE,A
1273,ThermoMPNN,4OBE,0.20686370134353638,63,Y,Q,F:\GENESIS Studio\genesis-studio\packages\engines-py\.pdb_cache\4OBE,A
1274,ThermoMPNN,4OBE,-0.049458086490631104,63,Y,R,F:\GENESIS Studio\genesis-studio\packages\engines-py\.pdb_cache\4OBE,A
1275,ThermoMPNN,4OBE,-0.11612826585769653,63,Y,S,F:\GENESIS Studio\genesis-studio\packages\engines-py\.pdb_cache\4OBE,A
1276,ThermoMPNN,4OBE,0.025298893451690674,63,Y,T,F:\GENESIS Studio\genesis-studio\packages\engines-py\.pdb_cache\4OBE,A
1277,ThermoMPNN,4OBE,0.10321736335754395,63,Y,V,F:\GENESIS Studio\genesis-studio\packages\engines-py\.pdb_cache\4OBE,A
1278,ThermoMPNN,4OBE,0.2139224410057068,63,Y,W,F:\GENESIS Studio\genesis-studio\packages\engines-py\.pdb_cache\4OBE,A
1279,ThermoMPNN,4OBE,0.0,63,Y,Y,F:\GENESIS Studio\genesis-studio\packages\engines-py\.pdb_cache\4OBE,A
1280,ThermoMPNN,4OBE,-0.11870193481445312,64,S,A,F:\GENESIS Studio\genesis-studio\packages\engines-py\.pdb_cache\4OBE,A
1281,ThermoMPNN,4OBE,0.0346757173538208,64,S,C,F:\GENESIS Studio\genesis-studio\packages\engines-py\.pdb_cache\4OBE,A
1282,ThermoMPNN,4OBE,0.1925736665725708,64,S,D,F:\GENESIS Studio\genesis-studio\packages\engines-py\.pdb_cache\4OBE,A
1283,ThermoMPNN,4OBE,-0.10751610994338989,64,S,E,F:\GENESIS Studio\genesis-studio\packages\engines-py\.pdb_cache\4OBE,A
1284,ThermoMPNN,4OBE,0.2735746502876282,64,S,F,F:\GENESIS Studio\genesis-studio\packages\engines-py\.pdb_cache\4OBE,A
1285,ThermoMPNN,4OBE,0.3329600691795349,64,S,G,F:\GENESIS Studio\genesis-studio\packages\engines-py\.pdb_cache\4OBE,A
1286,ThermoMPNN,4OBE,-0.017494618892669678,64,S,H,F:\GENESIS Studio\genesis-studio\packages\engines-py\.pdb_cache\4OBE,A
1287,ThermoMPNN,4OBE,0.1284605860710144,64,S,I,F:\GENESIS Studio\genesis-studio\packages\engines-py\.pdb_cache\4OBE,A
1288,ThermoMPNN,4OBE,-0.11615294218063354,64,S,K,F:\GENESIS Studio\genesis-studio\packages\engines-py\.pdb_cache\4OBE,A
1289,ThermoMPNN,4OBE,0.18204814195632935,64,S,L,F:\GENESIS Studio\genesis-studio\packages\engines-py\.pdb_cache\4OBE,A
1290,ThermoMPNN,4OBE,0.18875402212142944,64,S,M,F:\GENESIS Studio\genesis-studio\packages\engines-py\.pdb_cache\4OBE,A
1291,ThermoMPNN,4OBE,0.137090265750885,64,S,N,F:\GENESIS Studio\genesis-studio\packages\engines-py\.pdb_cache\4OBE,A
1292,ThermoMPNN,4OBE,-0.37889736890792847,64,S,P,F:\GENESIS Studio\genesis-studio\packages\engines-py\.pdb_cache\4OBE,A
1293,ThermoMPNN,4OBE,-0.17554283142089844,64,S,Q,F:\GENESIS Studio\genesis-studio\packages\engines-py\.pdb_cache\4OBE,A
1294,ThermoMPNN,4OBE,-0.024004042148590088,64,S,R,F:\GENESIS Studio\genesis-studio\packages\engines-py\.pdb_cache\4OBE,A
1295,ThermoMPNN,4OBE,0.0,64,S,S,F:\GENESIS Studio\genesis-studio\packages\engines-py\.pdb_cache\4OBE,A
1296,ThermoMPNN,4OBE,0.2532496452331543,64,S,T,F:\GENESIS Studio\genesis-studio\packages\engines-py\.pdb_cache\4OBE,A
1297,ThermoMPNN,4OBE,0.24167340993881226,64,S,V,F:\GENESIS Studio\genesis-studio\packages\engines-py\.pdb_cache\4OBE,A
1298,ThermoMPNN,4OBE,0.144159197807312,64,S,W,F:\GENESIS Studio\genesis-studio\packages\engines-py\.pdb_cache\4OBE,A
1299,ThermoMPNN,4OBE,0.08353495597839355,64,S,Y,F:\GENESIS Studio\genesis-studio\packages\engines-py\.pdb_cache\4OBE,A
1300,ThermoMPNN,4OBE,0.0,65,A,A,F:\GENESIS Studio\genesis-studio\packages\engines-py\.pdb_cache\4OBE,A
1301,ThermoMPNN,4OBE,-0.01949995756149292,65,A,C,F:\GENESIS Studio\genesis-studio\packages\engines-py\.pdb_cache\4OBE,A
1302,ThermoMPNN,4OBE,-0.0009199380874633789,65,A,D,F:\GENESIS Studio\genesis-studio\packages\engines-py\.pdb_cache\4OBE,A
1303,ThermoMPNN,4OBE,-0.15087980031967163,65,A,E,F:\GENESIS Studio\genesis-studio\packages\engines-py\.pdb_cache\4OBE,A
1304,ThermoMPNN,4OBE,0.21283096075057983,65,A,F,F:\GENESIS Studio\genesis-studio\packages\engines-py\.pdb_cache\4OBE,A
1305,ThermoMPNN,4OBE,0.4085841774940491,65,A,G,F:\GENESIS Studio\genesis-studio\packages\engines-py\.pdb_cache\4OBE,A
1306,ThermoMPNN,4OBE,0.22632825374603271,65,A,H,F:\GENESIS Studio\genesis-studio\packages\engines-py\.pdb_cache\4OBE,A
1307,ThermoMPNN,4OBE,0.2430853247642517,65,A,I,F:\GENESIS Studio\genesis-studio\packages\engines-py\.pdb_cache\4OBE,A
1308,ThermoMPNN,4OBE,0.37345558404922485,65,A,K,F:\GENESIS Studio\genesis-studio\packages\engines-py\.pdb_cache\4OBE,A
1309,ThermoMPNN,4OBE,0.19843369722366333,65,A,L,F:\GENESIS Studio\genesis-studio\packages\engines-py\.pdb_cache\4OBE,A
1310,ThermoMPNN,4OBE,0.23785287141799927,65,A,M,F:\GENESIS Studio\genesis-studio\packages\engines-py\.pdb_cache\4OBE,A
1311,ThermoMPNN,4OBE,0.28389042615890503,65,A,N,F:\GENESIS Studio\genesis-studio\packages\engines-py\.pdb_cache\4OBE,A
1312,ThermoMPNN,4OBE,0.5398886203765869,65,A,P,F:\GENESIS Studio\genesis-studio\packages\engines-py\.pdb_cache\4OBE,A
1313,ThermoMPNN,4OBE,0.14479947090148926,65,A,Q,F:\GENESIS Studio\genesis-studio\packages\engines-py\.pdb_cache\4OBE,A
1314,ThermoMPNN,4OBE,0.3689834475517273,65,A,R,F:\GENESIS Studio\genesis-studio\packages\engines-py\.pdb_cache\4OBE,A
1315,ThermoMPNN,4OBE,0.125504732131958,65,A,S,F:\GENESIS Studio\genesis-studio\packages\engines-py\.pdb_cache\4OBE,A
1316,ThermoMPNN,4OBE,0.25481003522872925,65,A,T,F:\GENESIS Studio\genesis-studio\packages\engines-py\.pdb_cache\4OBE,A
1317,ThermoMPNN,4OBE,0.20622462034225464,65,A,V,F:\GENESIS Studio\genesis-studio\packages\engines-py\.pdb_cache\4OBE,A
1318,ThermoMPNN,4OBE,-0.04926025867462158,65,A,W,F:\GENESIS Studio\genesis-studio\packages\engines-py\.pdb_cache\4OBE,A
1319,ThermoMPNN,4OBE,0.10529041290283203,65,A,Y,F:\GENESIS Studio\genesis-studio\packages\engines-py\.pdb_cache\4OBE,A
1320,ThermoMPNN,4OBE,0.5396800637245178,66,M,A,F:\GENESIS Studio\genesis-studio\packages\engines-py\.pdb_cache\4OBE,A
1321,ThermoMPNN,4OBE,0.2010667324066162,66,M,C,F:\GENESIS Studio\genesis-studio\packages\engines-py\.pdb_cache\4OBE,A
1322,ThermoMPNN,4OBE,0.6612144112586975,66,M,D,F:\GENESIS Studio\genesis-studio\packages\engines-py\.pdb_cache\4OBE,A
1323,ThermoMPNN,4OBE,0.7614221572875977,66,M,E,F:\GENESIS Studio\genesis-studio\packages\engines-py\.pdb_cache\4OBE,A
1324,ThermoMPNN,4OBE,0.20063185691833496,66,M,F,F:\GENESIS Studio\genesis-studio\packages\engines-py\.pdb_cache\4OBE,A
1325,ThermoMPNN,4OBE,1.134270191192627,66,M,G,F:\GENESIS Studio\genesis-studio\packages\engines-py\.pdb_cache\4OBE,A
1326,ThermoMPNN,4OBE,0.32347482442855835,66,M,H,F:\GENESIS Studio\genesis-studio\packages\engines-py\.pdb_cache\4OBE,A
1327,ThermoMPNN,4OBE,-0.0406341552734375,66,M,I,F:\GENESIS Studio\genesis-studio\packages\engines-py\.pdb_cache\4OBE,A
1328,ThermoMPNN,4OBE,0.38605815172195435,66,M,K,F:\GENESIS Studio\genesis-studio\packages\engines-py\.pdb_cache\4OBE,A
1329,ThermoMPNN,4OBE,-0.11799335479736328,66,M,L,F:\GENESIS Studio\genesis-studio\packages\engines-py\.pdb_cache\4OBE,A
1330,ThermoMPNN,4OBE,0.0,66,M,M,F:\GENESIS Studio\genesis-studio\packages\engines-py\.pdb_cache\4OBE,A
1331,ThermoMPNN,4OBE,0.3693487048149109,66,M,N,F:\GENESIS Studio\genesis-studio\packages\engines-py\.pdb_cache\4OBE,A
1332,ThermoMPNN,4OBE,1.5647759437561035,66,M,P,F:\GENESIS Studio\genesis-studio\packages\engines-py\.pdb_cache\4OBE,A
1333,ThermoMPNN,4OBE,0.38755661249160767,66,M,Q,F:\GENESIS Studio\genesis-studio\packages\engines-py\.pdb_cache\4OBE,A
1334,ThermoMPNN,4OBE,0.3373264670372009,66,M,R,F:\GENESIS Studio\genesis-studio\packages\engines-py\.pdb_cache\4OBE,A
1335,ThermoMPNN,4OBE,0.6893213391304016,66,M,S,F:\GENESIS Studio\genesis-studio\packages\engines-py\.pdb_cache\4OBE,A
1336,ThermoMPNN,4OBE,0.6051976680755615,66,M,T,F:\GENESIS Studio\genesis-studio\packages\engines-py\.pdb_cache\4OBE,A
1337,ThermoMPNN,4OBE,0.31289178133010864,66,M,V,F:\GENESIS Studio\genesis-studio\packages\engines-py\.pdb_cache\4OBE,A
1338,ThermoMPNN,4OBE,0.24402934312820435,66,M,W,F:\GENESIS Studio\genesis-studio\packages\engines-py\.pdb_cache\4OBE,A
1339,ThermoMPNN,4OBE,0.2065366506576538,66,M,Y,F:\GENESIS Studio\genesis-studio\packages\engines-py\.pdb_cache\4OBE,A
1340,ThermoMPNN,4OBE,1.2454655170440674,67,R,A,F:\GENESIS Studio\genesis-studio\packages\engines-py\.pdb_cache\4OBE,A
1341,ThermoMPNN,4OBE,0.6022037267684937,67,R,C,F:\GENESIS Studio\genesis-studio\packages\engines-py\.pdb_cache\4OBE,A
1342,ThermoMPNN,4OBE,1.9983785152435303,67,R,D,F:\GENESIS Studio\genesis-studio\packages\engines-py\.pdb_cache\4OBE,A
1343,ThermoMPNN,4OBE,1.6921656131744385,67,R,E,F:\GENESIS Studio\genesis-studio\packages\engines-py\.pdb_cache\4OBE,A
1344,ThermoMPNN,4OBE,0.20914924144744873,67,R,F,F:\GENESIS Studio\genesis-studio\packages\engines-py\.pdb_cache\4OBE,A
1345,ThermoMPNN,4OBE,1.9877309799194336,67,R,G,F:\GENESIS Studio\genesis-studio\packages\engines-py\.pdb_cache\4OBE,A
1346,ThermoMPNN,4OBE,0.9838302135467529,67,R,H,F:\GENESIS Studio\genesis-studio\packages\engines-py\.pdb_cache\4OBE,A
1347,ThermoMPNN,4OBE,0.5206108093261719,67,R,I,F:\GENESIS Studio\genesis-studio\packages\engines-py\.pdb_cache\4OBE,A
1348,ThermoMPNN,4OBE,0.439361572265625,67,R,K,F:\GENESIS Studio\genesis-studio\packages\engines-py\.pdb_cache\4OBE,A
1349,ThermoMPNN,4OBE,0.5692921876907349,67,R,L,F:\GENESIS Studio\genesis-studio\packages\engines-py\.pdb_cache\4OBE,A
1350,ThermoMPNN,4OBE,0.4959450960159302,67,R,M,F:\GENESIS Studio\genesis-studio\packages\engines-py\.pdb_cache\4OBE,A
1351,ThermoMPNN,4OBE,1.4365615844726562,67,R,N,F:\GENESIS Studio\genesis-studio\packages\engines-py\.pdb_cache\4OBE,A
1352,ThermoMPNN,4OBE,2.2250168323516846,67,R,P,F:\GENESIS Studio\genesis-studio\packages\engines-py\.pdb_cache\4OBE,A
1353,ThermoMPNN,4OBE,1.0350689888000488,67,R,Q,F:\GENESIS Studio\genesis-studio\packages\engines-py\.pdb_cache\4OBE,A
1354,ThermoMPNN,4OBE,0.0,67,R,R,F:\GENESIS Studio\genesis-studio\packages\engines-py\.pdb_cache\4OBE,A
1355,ThermoMPNN,4OBE,1.2125129699707031,67,R,S,F:\GENESIS Studio\genesis-studio\packages\engines-py\.pdb_cache\4OBE,A
1356,ThermoMPNN,4OBE,1.0264840126037598,67,R,T,F:\GENESIS Studio\genesis-studio\packages\engines-py\.pdb_cache\4OBE,A
1357,ThermoMPNN,4OBE,0.7236347198486328,67,R,V,F:\GENESIS Studio\genesis-studio\packages\engines-py\.pdb_cache\4OBE,A
1358,ThermoMPNN,4OBE,-0.292055606842041,67,R,W,F:\GENESIS Studio\genesis-studio\packages\engines-py\.pdb_cache\4OBE,A
1359,ThermoMPNN,4OBE,0.10604119300842285,67,R,Y,F:\GENESIS Studio\genesis-studio\packages\engines-py\.pdb_cache\4OBE,A
1360,ThermoMPNN,4OBE,0.5078824162483215,68,D,A,F:\GENESIS Studio\genesis-studio\packages\engines-py\.pdb_cache\4OBE,A
1361,ThermoMPNN,4OBE,0.1586686372756958,68,D,C,F:\GENESIS Studio\genesis-studio\packages\engines-py\.pdb_cache\4OBE,A
1362,ThermoMPNN,4OBE,0.0,68,D,D,F:\GENESIS Studio\genesis-studio\packages\engines-py\.pdb_cache\4OBE,A
1363,ThermoMPNN,4OBE,0.12826776504516602,68,D,E,F:\GENESIS Studio\genesis-studio\packages\engines-py\.pdb_cache\4OBE,A
1364,ThermoMPNN,4OBE,0.5040723085403442,68,D,F,F:\GENESIS Studio\genesis-studio\packages\engines-py\.pdb_cache\4OBE,A
1365,ThermoMPNN,4OBE,1.274078607559204,68,D,G,F:\GENESIS Studio\genesis-studio\packages\engines-py\.pdb_cache\4OBE,A
1366,ThermoMPNN,4OBE,0.539790689945221,68,D,H,F:\GENESIS Studio\genesis-studio\packages\engines-py\.pdb_cache\4OBE,A
1367,ThermoMPNN,4OBE,0.4072783589363098,68,D,I,F:\GENESIS Studio\genesis-studio\packages\engines-py\.pdb_cache\4OBE,A
1368,ThermoMPNN,4OBE,0.8238410353660583,68,D,K,F:\GENESIS Studio\genesis-studio\packages\engines-py\.pdb_cache\4OBE,A
1369,ThermoMPNN,4OBE,0.42257159948349,68,D,L,F:\GENESIS Studio\genesis-studio\packages\engines-py\.pdb_cache\4OBE,A
1370,ThermoMPNN,4OBE,0.5271709561347961,68,D,M,F:\GENESIS Studio\genesis-studio\packages\engines-py\.pdb_cache\4OBE,A
1371,ThermoMPNN,4OBE,0.4433706998825073,68,D,N,F:\GENESIS Studio\genesis-studio\packages\engines-py\.pdb_cache\4OBE,A
1372,ThermoMPNN,4OBE,2.804616928100586,68,D,P,F:\GENESIS Studio\genesis-studio\packages\engines-py\.pdb_cache\4OBE,A
1373,ThermoMPNN,4OBE,0.4514129161834717,68,D,Q,F:\GENESIS Studio\genesis-studio\packages\engines-py\.pdb_cache\4OBE,A
1374,ThermoMPNN,4OBE,0.7121250629425049,68,D,R,F:\GENESIS Studio\genesis-studio\packages\engines-py\.pdb_cache\4OBE,A
1375,ThermoMPNN,4OBE,0.6237258911132812,68,D,S,F:\GENESIS Studio\genesis-studio\packages\engines-py\.pdb_cache\4OBE,A
1376,ThermoMPNN,4OBE,0.6708939671516418,68,D,T,F:\GENESIS Studio\genesis-studio\packages\engines-py\.pdb_cache\4OBE,A
1377,ThermoMPNN,4OBE,0.39205193519592285,68,D,V,F:\GENESIS Studio\genesis-studio\packages\engines-py\.pdb_cache\4OBE,A
1378,ThermoMPNN,4OBE,0.43525755405426025,68,D,W,F:\GENESIS Studio\genesis-studio\packages\engines-py\.pdb_cache\4OBE,A
1379,ThermoMPNN,4OBE,0.48638278245925903,68,D,Y,F:\GENESIS Studio\genesis-studio\packages\engines-py\.pdb_cache\4OBE,A
1380,ThermoMPNN,4OBE,0.04913032054901123,69,Q,A,F:\GENESIS Studio\genesis-studio\packages\engines-py\.pdb_cache\4OBE,A
1381,ThermoMPNN,4OBE,-0.14440906047821045,69,Q,C,F:\GENESIS Studio\genesis-studio\packages\engines-py\.pdb_cache\4OBE,A
1382,ThermoMPNN,4OBE,0.4871608018875122,69,Q,D,F:\GENESIS Studio\genesis-studio\packages\engines-py\.pdb_cache\4OBE,A
1383,ThermoMPNN,4OBE,-0.023589372634887695,69,Q,E,F:\GENESIS Studio\genesis-studio\packages\engines-py\.pdb_cache\4OBE,A
1384,ThermoMPNN,4OBE,-0.027843236923217773,69,Q,F,F:\GENESIS Studio\genesis-studio\packages\engines-py\.pdb_cache\4OBE,A
1385,ThermoMPNN,4OBE,0.6603249311447144,69,Q,G,F:\GENESIS Studio\genesis-studio\packages\engines-py\.pdb_cache\4OBE,A
1386,ThermoMPNN,4OBE,0.19738131761550903,69,Q,H,F:\GENESIS Studio\genesis-studio\packages\engines-py\.pdb_cache\4OBE,A
1387,ThermoMPNN,4OBE,0.20172899961471558,69,Q,I,F:\GENESIS Studio\genesis-studio\packages\engines-py\.pdb_cache\4OBE,A
1388,ThermoMPNN,4OBE,0.10887622833251953,69,Q,K,F:\GENESIS Studio\genesis-studio\packages\engines-py\.pdb_cache\4OBE,A
1389,ThermoMPNN,4OBE,0.014403760433197021,69,Q,L,F:\GENESIS Studio\genesis-studio\packages\engines-py\.pdb_cache\4OBE,A
1390,ThermoMPNN,4OBE,-0.011216282844543457,69,Q,M,F:\GENESIS Studio\genesis-studio\packages\engines-py\.pdb_cache\4OBE,A
1391,ThermoMPNN,4OBE,0.4576374292373657,69,Q,N,F:\GENESIS Studio\genesis-studio\packages\engines-py\.pdb_cache\4OBE,A
1392,ThermoMPNN,4OBE,2.3353447914123535,69,Q,P,F:\GENESIS Studio\genesis-studio\packages\engines-py\.pdb_cache\4OBE,A
1393,ThermoMPNN,4OBE,0.0,69,Q,Q,F:\GENESIS Studio\genesis-studio\packages\engines-py\.pdb_cache\4OBE,A
1394,ThermoMPNN,4OBE,0.08697265386581421,69,Q,R,F:\GENESIS Studio\genesis-studio\packages\engines-py\.pdb_cache\4OBE,A
1395,ThermoMPNN,4OBE,0.4019544720649719,69,Q,S,F:\GENESIS Studio\genesis-studio\packages\engines-py\.pdb_cache\4OBE,A
1396,ThermoMPNN,4OBE,0.40351754426956177,69,Q,T,F:\GENESIS Studio\genesis-studio\packages\engines-py\.pdb_cache\4OBE,A
1397,ThermoMPNN,4OBE,0.3590857982635498,69,Q,V,F:\GENESIS Studio\genesis-studio\packages\engines-py\.pdb_cache\4OBE,A
1398,ThermoMPNN,4OBE,-0.07713091373443604,69,Q,W,F:\GENESIS Studio\genesis-studio\packages\engines-py\.pdb_cache\4OBE,A
1399,ThermoMPNN,4OBE,-0.13279414176940918,69,Q,Y,F:\GENESIS Studio\genesis-studio\packages\engines-py\.pdb_cache\4OBE,A
1400,ThermoMPNN,4OBE,0.7019627094268799,70,Y,A,F:\GENESIS Studio\genesis-studio\packages\engines-py\.pdb_cache\4OBE,A
1401,ThermoMPNN,4OBE,0.37536531686782837,70,Y,C,F:\GENESIS Studio\genesis-studio\packages\engines-py\.pdb_cache\4OBE,A
1402,ThermoMPNN,4OBE,2.0608980655670166,70,Y,D,F:\GENESIS Studio\genesis-studio\packages\engines-py\.pdb_cache\4OBE,A
1403,ThermoMPNN,4OBE,1.8263566493988037,70,Y,E,F:\GENESIS Studio\genesis-studio\packages\engines-py\.pdb_cache\4OBE,A
1404,ThermoMPNN,4OBE,0.26078855991363525,70,Y,F,F:\GENESIS Studio\genesis-studio\packages\engines-py\.pdb_cache\4OBE,A
1405,ThermoMPNN,4OBE,1.8503594398498535,70,Y,G,F:\GENESIS Studio\genesis-studio\packages\engines-py\.pdb_cache\4OBE,A
1406,ThermoMPNN,4OBE,0.5188924074172974,70,Y,H,F:\GENESIS Studio\genesis-studio\packages\engines-py\.pdb_cache\4OBE,A
1407,ThermoMPNN,4OBE,0.2953050136566162,70,Y,I,F:\GENESIS Studio\genesis-studio\packages\engines-py\.pdb_cache\4OBE,A
1408,ThermoMPNN,4OBE,-0.16545772552490234,70,Y,K,F:\GENESIS Studio\genesis-studio\packages\engines-py\.pdb_cache\4OBE,A
1409,ThermoMPNN,4OBE,-0.0015985965728759766,70,Y,L,F:\GENESIS Studio\genesis-studio\packages\engines-py\.pdb_cache\4OBE,A
1410,ThermoMPNN,4OBE,-0.06683659553527832,70,Y,M,F:\GENESIS Studio\genesis-studio\packages\engines-py\.pdb_cache\4OBE,A
1411,ThermoMPNN,4OBE,0.9876792430877686,70,Y,N,F:\GENESIS Studio\genesis-studio\packages\engines-py\.pdb_cache\4OBE,A
1412,ThermoMPNN,4OBE,3.0762858390808105,70,Y,P,F:\GENESIS Studio\genesis-studio\packages\engines-py\.pdb_cache\4OBE,A
1413,ThermoMPNN,4OBE,0.4074186086654663,70,Y,Q,F:\GENESIS Studio\genesis-studio\packages\engines-py\.pdb_cache\4OBE,A
1414,ThermoMPNN,4OBE,-0.5742888450622559,70,Y,R,F:\GENESIS Studio\genesis-studio\packages\engines-py\.pdb_cache\4OBE,A
1415,ThermoMPNN,4OBE,0.9347435235977173,70,Y,S,F:\GENESIS Studio\genesis-studio\packages\engines-py\.pdb_cache\4OBE,A
1416,ThermoMPNN,4OBE,0.8130654096603394,70,Y,T,F:\GENESIS Studio\genesis-studio\packages\engines-py\.pdb_cache\4OBE,A
1417,ThermoMPNN,4OBE,0.541175365447998,70,Y,V,F:\GENESIS Studio\genesis-studio\packages\engines-py\.pdb_cache\4OBE,A
1418,ThermoMPNN,4OBE,-0.09285688400268555,70,Y,W,F:\GENESIS Studio\genesis-studio\packages\engines-py\.pdb_cache\4OBE,A
1419,ThermoMPNN,4OBE,0.0,70,Y,Y,F:\GENESIS Studio\genesis-studio\packages\engines-py\.pdb_cache\4OBE,A
1420,ThermoMPNN,4OBE,1.6029658317565918,71,M,A,F:\GENESIS Studio\genesis-studio\packages\engines-py\.pdb_cache\4OBE,A
1421,ThermoMPNN,4OBE,0.8938559293746948,71,M,C,F:\GENESIS Studio\genesis-studio\packages\engines-py\.pdb_cache\4OBE,A
1422,ThermoMPNN,4OBE,1.996506690979004,71,M,D,F:\GENESIS Studio\genesis-studio\packages\engines-py\.pdb_cache\4OBE,A
1423,ThermoMPNN,4OBE,1.7930394411087036,71,M,E,F:\GENESIS Studio\genesis-studio\packages\engines-py\.pdb_cache\4OBE,A
1424,ThermoMPNN,4OBE,-0.02669548988342285,71,M,F,F:\GENESIS Studio\genesis-studio\packages\engines-py\.pdb_cache\4OBE,A
1425,ThermoMPNN,4OBE,2.5228872299194336,71,M,G,F:\GENESIS Studio\genesis-studio\packages\engines-py\.pdb_cache\4OBE,A
1426,ThermoMPNN,4OBE,1.668600082397461,71,M,H,F:\GENESIS Studio\genesis-studio\packages\engines-py\.pdb_cache\4OBE,A
1427,ThermoMPNN,4OBE,-0.11153745651245117,71,M,I,F:\GENESIS Studio\genesis-studio\packages\engines-py\.pdb_cache\4OBE,A
1428,ThermoMPNN,4OBE,2.547687530517578,71,M,K,F:\GENESIS Studio\genesis-studio\packages\engines-py\.pdb_cache\4OBE,A
1429,ThermoMPNN,4OBE,-0.11566352844238281,71,M,L,F:\GENESIS Studio\genesis-studio\packages\engines-py\.pdb_cache\4OBE,A
1430,ThermoMPNN,4OBE,0.0,71,M,M,F:\GENESIS Studio\genesis-studio\packages\engines-py\.pdb_cache\4OBE,A
1431,ThermoMPNN,4OBE,2.1196818351745605,71,M,N,F:\GENESIS Studio\genesis-studio\packages\engines-py\.pdb_cache\4OBE,A
1432,ThermoMPNN,4OBE,2.4460978507995605,71,M,P,F:\GENESIS Studio\genesis-studio\packages\engines-py\.pdb_cache\4OBE,A
1433,ThermoMPNN,4OBE,1.848251461982727,71,M,Q,F:\GENESIS Studio\genesis-studio\packages\engines-py\.pdb_cache\4OBE,A
1434,ThermoMPNN,4OBE,2.4112086296081543,71,M,R,F:\GENESIS Studio\genesis-studio\packages\engines-py\.pdb_cache\4OBE,A
1435,ThermoMPNN,4OBE,2.015073537826538,71,M,S,F:\GENESIS Studio\genesis-studio\packages\engines-py\.pdb_cache\4OBE,A
1436,ThermoMPNN,4OBE,1.6770776510238647,71,M,T,F:\GENESIS Studio\genesis-studio\packages\engines-py\.pdb_cache\4OBE,A
1437,ThermoMPNN,4OBE,0.6947306394577026,71,M,V,F:\GENESIS Studio\genesis-studio\packages\engines-py\.pdb_cache\4OBE,A
1438,ThermoMPNN,4OBE,0.1569671630859375,71,M,W,F:\GENESIS Studio\genesis-studio\packages\engines-py\.pdb_cache\4OBE,A
1439,ThermoMPNN,4OBE,0.1541748046875,71,M,Y,F:\GENESIS Studio\genesis-studio\packages\engines-py\.pdb_cache\4OBE,A
1440,ThermoMPNN,4OBE,0.994828999042511,72,R,A,F:\GENESIS Studio\genesis-studio\packages\engines-py\.pdb_cache\4OBE,A
1441,ThermoMPNN,4OBE,0.7289822101593018,72,R,C,F:\GENESIS Studio\genesis-studio\packages\engines-py\.pdb_cache\4OBE,A
1442,ThermoMPNN,4OBE,1.887352705001831,72,R,D,F:\GENESIS Studio\genesis-studio\packages\engines-py\.pdb_cache\4OBE,A
1443,ThermoMPNN,4OBE,1.3593618869781494,72,R,E,F:\GENESIS Studio\genesis-studio\packages\engines-py\.pdb_cache\4OBE,A
1444,ThermoMPNN,4OBE,0.9258784055709839,72,R,F,F:\GENESIS Studio\genesis-studio\packages\engines-py\.pdb_cache\4OBE,A
1445,ThermoMPNN,4OBE,1.7549240589141846,72,R,G,F:\GENESIS Studio\genesis-studio\packages\engines-py\.pdb_cache\4OBE,A
1446,ThermoMPNN,4OBE,1.0442184209823608,72,R,H,F:\GENESIS Studio\genesis-studio\packages\engines-py\.pdb_cache\4OBE,A
1447,ThermoMPNN,4OBE,0.3511805534362793,72,R,I,F:\GENESIS Studio\genesis-studio\packages\engines-py\.pdb_cache\4OBE,A
1448,ThermoMPNN,4OBE,0.37409651279449463,72,R,K,F:\GENESIS Studio\genesis-studio\packages\engines-py\.pdb_cache\4OBE,A
1449,ThermoMPNN,4OBE,0.47256290912628174,72,R,L,F:\GENESIS Studio\genesis-studio\packages\engines-py\.pdb_cache\4OBE,A
1450,ThermoMPNN,4OBE,0.5863227844238281,72,R,M,F:\GENESIS Studio\genesis-studio\packages\engines-py\.pdb_cache\4OBE,A
1451,ThermoMPNN,4OBE,1.3679898977279663,72,R,N,F:\GENESIS Studio\genesis-studio\packages\engines-py\.pdb_cache\4OBE,A
1452,ThermoMPNN,4OBE,2.8815746307373047,72,R,P,F:\GENESIS Studio\genesis-studio\packages\engines-py\.pdb_cache\4OBE,A
1453,ThermoMPNN,4OBE,0.8752353191375732,72,R,Q,F:\GENESIS Studio\genesis-studio\packages\engines-py\.pdb_cache\4OBE,A
1454,ThermoMPNN,4OBE,0.0,72,R,R,F:\GENESIS Studio\genesis-studio\packages\engines-py\.pdb_cache\4OBE,A
1455,ThermoMPNN,4OBE,1.2102652788162231,72,R,S,F:\GENESIS Studio\genesis-studio\packages\engines-py\.pdb_cache\4OBE,A
1456,ThermoMPNN,4OBE,0.9223239421844482,72,R,T,F:\GENESIS Studio\genesis-studio\packages\engines-py\.pdb_cache\4OBE,A
1457,ThermoMPNN,4OBE,0.5110517740249634,72,R,V,F:\GENESIS Studio\genesis-studio\packages\engines-py\.pdb_cache\4OBE,A
1458,ThermoMPNN,4OBE,0.8646014928817749,72,R,W,F:\GENESIS Studio\genesis-studio\packages\engines-py\.pdb_cache\4OBE,A
1459,ThermoMPNN,4OBE,0.8836127519607544,72,R,Y,F:\GENESIS Studio\genesis-studio\packages\engines-py\.pdb_cache\4OBE,A
1460,ThermoMPNN,4OBE,-0.17745912075042725,73,T,A,F:\GENESIS Studio\genesis-studio\packages\engines-py\.pdb_cache\4OBE,A
1461,ThermoMPNN,4OBE,-0.3832496404647827,73,T,C,F:\GENESIS Studio\genesis-studio\packages\engines-py\.pdb_cache\4OBE,A
1462,ThermoMPNN,4OBE,-0.2438538670539856,73,T,D,F:\GENESIS Studio\genesis-studio\packages\engines-py\.pdb_cache\4OBE,A
1463,ThermoMPNN,4OBE,-0.37356436252593994,73,T,E,F:\GENESIS Studio\genesis-studio\packages\engines-py\.pdb_cache\4OBE,A
1464,ThermoMPNN,4OBE,-0.01973247528076172,73,T,F,F:\GENESIS Studio\genesis-studio\packages\engines-py\.pdb_cache\4OBE,A
1465,ThermoMPNN,4OBE,0.4635545015335083,73,T,G,F:\GENESIS Studio\genesis-studio\packages\engines-py\.pdb_cache\4OBE,A
1466,ThermoMPNN,4OBE,0.05522418022155762,73,T,H,F:\GENESIS Studio\genesis-studio\packages\engines-py\.pdb_cache\4OBE,A
1467,ThermoMPNN,4OBE,0.0027787089347839355,73,T,I,F:\GENESIS Studio\genesis-studio\packages\engines-py\.pdb_cache\4OBE,A
1468,ThermoMPNN,4OBE,0.09240579605102539,73,T,K,F:\GENESIS Studio\genesis-studio\packages\engines-py\.pdb_cache\4OBE,A
1469,ThermoMPNN,4OBE,-0.2289872169494629,73,T,L,F:\GENESIS Studio\genesis-studio\packages\engines-py\.pdb_cache\4OBE,A
1470,ThermoMPNN,4OBE,-0.20183789730072021,73,T,M,F:\GENESIS Studio\genesis-studio\packages\engines-py\.pdb_cache\4OBE,A
1471,ThermoMPNN,4OBE,-0.12451672554016113,73,T,N,F:\GENESIS Studio\genesis-studio\packages\engines-py\.pdb_cache\4OBE,A
1472,ThermoMPNN,4OBE,1.8606380224227905,73,T,P,F:\GENESIS Studio\genesis-studio\packages\engines-py\.pdb_cache\4OBE,A
1473,ThermoMPNN,4OBE,-0.1616673469543457,73,T,Q,F:\GENESIS Studio\genesis-studio\packages\engines-py\.pdb_cache\4OBE,A
1474,ThermoMPNN,4OBE,0.07327038049697876,73,T,R,F:\GENESIS Studio\genesis-studio\packages\engines-py\.pdb_cache\4OBE,A
1475,ThermoMPNN,4OBE,-0.03214746713638306,73,T,S,F:\GENESIS Studio\genesis-studio\packages\engines-py\.pdb_cache\4OBE,A
1476,ThermoMPNN,4OBE,0.0,73,T,T,F:\GENESIS Studio\genesis-studio\packages\engines-py\.pdb_cache\4OBE,A
1477,ThermoMPNN,4OBE,0.05288088321685791,73,T,V,F:\GENESIS Studio\genesis-studio\packages\engines-py\.pdb_cache\4OBE,A
1478,ThermoMPNN,4OBE,-0.193578839302063,73,T,W,F:\GENESIS Studio\genesis-studio\packages\engines-py\.pdb_cache\4OBE,A
1479,ThermoMPNN,4OBE,-0.08982646465301514,73,T,Y,F:\GENESIS Studio\genesis-studio\packages\engines-py\.pdb_cache\4OBE,A
1480,ThermoMPNN,4OBE,-0.1729346513748169,74,G,A,F:\GENESIS Studio\genesis-studio\packages\engines-py\.pdb_cache\4OBE,A
1481,ThermoMPNN,4OBE,0.14898681640625,74,G,C,F:\GENESIS Studio\genesis-studio\packages\engines-py\.pdb_cache\4OBE,A
1482,ThermoMPNN,4OBE,1.309383749961853,74,G,D,F:\GENESIS Studio\genesis-studio\packages\engines-py\.pdb_cache\4OBE,A
1483,ThermoMPNN,4OBE,1.4029040336608887,74,G,E,F:\GENESIS Studio\genesis-studio\packages\engines-py\.pdb_cache\4OBE,A
1484,ThermoMPNN,4OBE,0.271797239780426,74,G,F,F:\GENESIS Studio\genesis-studio\packages\engines-py\.pdb_cache\4OBE,A
1485,ThermoMPNN,4OBE,0.0,74,G,G,F:\GENESIS Studio\genesis-studio\packages\engines-py\.pdb_cache\4OBE,A
1486,ThermoMPNN,4OBE,1.0206533670425415,74,G,H,F:\GENESIS Studio\genesis-studio\packages\engines-py\.pdb_cache\4OBE,A
1487,ThermoMPNN,4OBE,0.38448405265808105,74,G,I,F:\GENESIS Studio\genesis-studio\packages\engines-py\.pdb_cache\4OBE,A
1488,ThermoMPNN,4OBE,1.1975440979003906,74,G,K,F:\GENESIS Studio\genesis-studio\packages\engines-py\.pdb_cache\4OBE,A
1489,ThermoMPNN,4OBE,0.8145990371704102,74,G,L,F:\GENESIS Studio\genesis-studio\packages\engines-py\.pdb_cache\4OBE,A
1490,ThermoMPNN,4OBE,0.6160656809806824,74,G,M,F:\GENESIS Studio\genesis-studio\packages\engines-py\.pdb_cache\4OBE,A
1491,ThermoMPNN,4OBE,1.317665934562683,74,G,N,F:\GENESIS Studio\genesis-studio\packages\engines-py\.pdb_cache\4OBE,A
1492,ThermoMPNN,4OBE,1.3252036571502686,74,G,P,F:\GENESIS Studio\genesis-studio\packages\engines-py\.pdb_cache\4OBE,A
1493,ThermoMPNN,4OBE,1.0531315803527832,74,G,Q,F:\GENESIS Studio\genesis-studio\packages\engines-py\.pdb_cache\4OBE,A
1494,ThermoMPNN,4OBE,1.127785325050354,74,G,R,F:\GENESIS Studio\genesis-studio\packages\engines-py\.pdb_cache\4OBE,A
1495,ThermoMPNN,4OBE,0.16634619235992432,74,G,S,F:\GENESIS Studio\genesis-studio\packages\engines-py\.pdb_cache\4OBE,A
1496,ThermoMPNN,4OBE,0.24223697185516357,74,G,T,F:\GENESIS Studio\genesis-studio\packages\engines-py\.pdb_cache\4OBE,A
1497,ThermoMPNN,4OBE,0.4789431095123291,74,G,V,F:\GENESIS Studio\genesis-studio\packages\engines-py\.pdb_cache\4OBE,A
1498,ThermoMPNN,4OBE,0.23966145515441895,74,G,W,F:\GENESIS Studio\genesis-studio\packages\engines-py\.pdb_cache\4OBE,A
1499,ThermoMPNN,4OBE,0.4601820111274719,74,G,Y,F:\GENESIS Studio\genesis-studio\packages\engines-py\.pdb_cache\4OBE,A
1500,ThermoMPNN,4OBE,1.4797427654266357,75,E,A,F:\GENESIS Studio\genesis-studio\packages\engines-py\.pdb_cache\4OBE,A
1501,ThermoMPNN,4OBE,1.4130072593688965,75,E,C,F:\GENESIS Studio\genesis-studio\packages\engines-py\.pdb_cache\4OBE,A
1502,ThermoMPNN,4OBE,1.0134179592132568,75,E,D,F:\GENESIS Studio\genesis-studio\packages\engines-py\.pdb_cache\4OBE,A
1503,ThermoMPNN,4OBE,0.0,75,E,E,F:\GENESIS Studio\genesis-studio\packages\engines-py\.pdb_cache\4OBE,A
1504,ThermoMPNN,4OBE,2.1047370433807373,75,E,F,F:\GENESIS Studio\genesis-studio\packages\engines-py\.pdb_cache\4OBE,A
1505,ThermoMPNN,4OBE,2.1520233154296875,75,E,G,F:\GENESIS Studio\genesis-studio\packages\engines-py\.pdb_cache\4OBE,A
1506,ThermoMPNN,4OBE,1.677147388458252,75,E,H,F:\GENESIS Studio\genesis-studio\packages\engines-py\.pdb_cache\4OBE,A
1507,ThermoMPNN,4OBE,1.8641831874847412,75,E,I,F:\GENESIS Studio\genesis-studio\packages\engines-py\.pdb_cache\4OBE,A
1508,ThermoMPNN,4OBE,2.23128604888916,75,E,K,F:\GENESIS Studio\genesis-studio\packages\engines-py\.pdb_cache\4OBE,A
1509,ThermoMPNN,4OBE,1.7777189016342163,75,E,L,F:\GENESIS Studio\genesis-studio\packages\engines-py\.pdb_cache\4OBE,A
1510,ThermoMPNN,4OBE,1.3462975025177002,75,E,M,F:\GENESIS Studio\genesis-studio\packages\engines-py\.pdb_cache\4OBE,A
1511,ThermoMPNN,4OBE,1.925521969795227,75,E,N,F:\GENESIS Studio\genesis-studio\packages\engines-py\.pdb_cache\4OBE,A
1512,ThermoMPNN,4OBE,2.7483692169189453,75,E,P,F:\GENESIS Studio\genesis-studio\packages\engines-py\.pdb_cache\4OBE,A
1513,ThermoMPNN,4OBE,0.8639657497406006,75,E,Q,F:\GENESIS Studio\genesis-studio\packages\engines-py\.pdb_cache\4OBE,A
1514,ThermoMPNN,4OBE,2.362356424331665,75,E,R,F:\GENESIS Studio\genesis-studio\packages\engines-py\.pdb_cache\4OBE,A
1515,ThermoMPNN,4OBE,1.7217795848846436,75,E,S,F:\GENESIS Studio\genesis-studio\packages\engines-py\.pdb_cache\4OBE,A
1516,ThermoMPNN,4OBE,1.7737653255462646,75,E,T,F:\GENESIS Studio\genesis-studio\packages\engines-py\.pdb_cache\4OBE,A
1517,ThermoMPNN,4OBE,1.9735091924667358,75,E,V,F:\GENESIS Studio\genesis-studio\packages\engines-py\.pdb_cache\4OBE,A
1518,ThermoMPNN,4OBE,1.8320221900939941,75,E,W,F:\GENESIS Studio\genesis-studio\packages\engines-py\.pdb_cache\4OBE,A
1519,ThermoMPNN,4OBE,1.8278162479400635,75,E,Y,F:\GENESIS Studio\genesis-studio\packages\engines-py\.pdb_cache\4OBE,A
1520,ThermoMPNN,4OBE,1.7129160165786743,76,G,A,F:\GENESIS Studio\genesis-studio\packages\engines-py\.pdb_cache\4OBE,A
1521,ThermoMPNN,4OBE,1.497769832611084,76,G,C,F:\GENESIS Studio\genesis-studio\packages\engines-py\.pdb_cache\4OBE,A
1522,ThermoMPNN,4OBE,2.902009963989258,76,G,D,F:\GENESIS Studio\genesis-studio\packages\engines-py\.pdb_cache\4OBE,A
1523,ThermoMPNN,4OBE,2.8886260986328125,76,G,E,F:\GENESIS Studio\genesis-studio\packages\engines-py\.pdb_cache\4OBE,A
1524,ThermoMPNN,4OBE,1.436578392982483,76,G,F,F:\GENESIS Studio\genesis-studio\packages\engines-py\.pdb_cache\4OBE,A
1525,ThermoMPNN,4OBE,0.0,76,G,G,F:\GENESIS Studio\genesis-studio\packages\engines-py\.pdb_cache\4OBE,A
1526,ThermoMPNN,4OBE,2.337679624557495,76,G,H,F:\GENESIS Studio\genesis-studio\packages\engines-py\.pdb_cache\4OBE,A
1527,ThermoMPNN,4OBE,1.9238436222076416,76,G,I,F:\GENESIS Studio\genesis-studio\packages\engines-py\.pdb_cache\4OBE,A
1528,ThermoMPNN,4OBE,2.757770538330078,76,G,K,F:\GENESIS Studio\genesis-studio\packages\engines-py\.pdb_cache\4OBE,A
1529,ThermoMPNN,4OBE,2.053025960922241,76,G,L,F:\GENESIS Studio\genesis-studio\packages\engines-py\.pdb_cache\4OBE,A
1530,ThermoMPNN,4OBE,2.0040860176086426,76,G,M,F:\GENESIS Studio\genesis-studio\packages\engines-py\.pdb_cache\4OBE,A
1531,ThermoMPNN,4OBE,2.7635390758514404,76,G,N,F:\GENESIS Studio\genesis-studio\packages\engines-py\.pdb_cache\4OBE,A
1532,ThermoMPNN,4OBE,2.7449512481689453,76,G,P,F:\GENESIS Studio\genesis-studio\packages\engines-py\.pdb_cache\4OBE,A
1533,ThermoMPNN,4OBE,2.6983580589294434,76,G,Q,F:\GENESIS Studio\genesis-studio\packages\engines-py\.pdb_cache\4OBE,A
1534,ThermoMPNN,4OBE,2.499269962310791,76,G,R,F:\GENESIS Studio\genesis-studio\packages\engines-py\.pdb_cache\4OBE,A
1535,ThermoMPNN,4OBE,2.3982107639312744,76,G,S,F:\GENESIS Studio\genesis-studio\packages\engines-py\.pdb_cache\4OBE,A
1536,ThermoMPNN,4OBE,2.632101535797119,76,G,T,F:\GENESIS Studio\genesis-studio\packages\engines-py\.pdb_cache\4OBE,A
1537,ThermoMPNN,4OBE,1.7665724754333496,76,G,V,F:\GENESIS Studio\genesis-studio\packages\engines-py\.pdb_cache\4OBE,A
1538,ThermoMPNN,4OBE,1.6961365938186646,76,G,W,F:\GENESIS Studio\genesis-studio\packages\engines-py\.pdb_cache\4OBE,A
1539,ThermoMPNN,4OBE,1.5722507238388062,76,G,Y,F:\GENESIS Studio\genesis-studio\packages\engines-py\.pdb_cache\4OBE,A
1540,ThermoMPNN,4OBE,1.5350308418273926,77,F,A,F:\GENESIS Studio\genesis-studio\packages\engines-py\.pdb_cache\4OBE,A
1541,ThermoMPNN,4OBE,0.9822372198104858,77,F,C,F:\GENESIS Studio\genesis-studio\packages\engines-py\.pdb_cache\4OBE,A
1542,ThermoMPNN,4OBE,2.2953455448150635,77,F,D,F:\GENESIS Studio\genesis-studio\packages\engines-py\.pdb_cache\4OBE,A
1543,ThermoMPNN,4OBE,2.1580569744110107,77,F,E,F:\GENESIS Studio\genesis-studio\packages\engines-py\.pdb_cache\4OBE,A
1544,ThermoMPNN,4OBE,0.0,77,F,F,F:\GENESIS Studio\genesis-studio\packages\engines-py\.pdb_cache\4OBE,A
1545,ThermoMPNN,4OBE,1.989487886428833,77,F,G,F:\GENESIS Studio\genesis-studio\packages\engines-py\.pdb_cache\4OBE,A
1546,ThermoMPNN,4OBE,1.854790449142456,77,F,H,F:\GENESIS Studio\genesis-studio\packages\engines-py\.pdb_cache\4OBE,A
1547,ThermoMPNN,4OBE,0.570734977722168,77,F,I,F:\GENESIS Studio\genesis-studio\packages\engines-py\.pdb_cache\4OBE,A
1548,ThermoMPNN,4OBE,1.7966420650482178,77,F,K,F:\GENESIS Studio\genesis-studio\packages\engines-py\.pdb_cache\4OBE,A
1549,ThermoMPNN,4OBE,0.6049699783325195,77,F,L,F:\GENESIS Studio\genesis-studio\packages\engines-py\.pdb_cache\4OBE,A
1550,ThermoMPNN,4OBE,0.903505802154541,77,F,M,F:\GENESIS Studio\genesis-studio\packages\engines-py\.pdb_cache\4OBE,A
1551,ThermoMPNN,4OBE,2.106372833251953,77,F,N,F:\GENESIS Studio\genesis-studio\packages\engines-py\.pdb_cache\4OBE,A
1552,ThermoMPNN,4OBE,1.8690614700317383,77,F,P,F:\GENESIS Studio\genesis-studio\packages\engines-py\.pdb_cache\4OBE,A
1553,ThermoMPNN,4OBE,1.9674072265625,77,F,Q,F:\GENESIS Studio\genesis-studio\packages\engines-py\.pdb_cache\4OBE,A
1554,ThermoMPNN,4OBE,1.7894762754440308,77,F,R,F:\GENESIS Studio\genesis-studio\packages\engines-py\.pdb_cache\4OBE,A
1555,ThermoMPNN,4OBE,1.9572319984436035,77,F,S,F:\GENESIS Studio\genesis-studio\packages\engines-py\.pdb_cache\4OBE,A
1556,ThermoMPNN,4OBE,1.654893398284912,77,F,T,F:\GENESIS Studio\genesis-studio\packages\engines-py\.pdb_cache\4OBE,A
1557,ThermoMPNN,4OBE,0.7634681463241577,77,F,V,F:\GENESIS Studio\genesis-studio\packages\engines-py\.pdb_cache\4OBE,A
1558,ThermoMPNN,4OBE,0.7641828060150146,77,F,W,F:\GENESIS Studio\genesis-studio\packages\engines-py\.pdb_cache\4OBE,A
1559,ThermoMPNN,4OBE,0.6704251766204834,77,F,Y,F:\GENESIS Studio\genesis-studio\packages\engines-py\.pdb_cache\4OBE,A
1560,ThermoMPNN,4OBE,1.965966820716858,78,L,A,F:\GENESIS Studio\genesis-studio\packages\engines-py\.pdb_cache\4OBE,A
1561,ThermoMPNN,4OBE,1.2985759973526,78,L,C,F:\GENESIS Studio\genesis-studio\packages\engines-py\.pdb_cache\4OBE,A
1562,ThermoMPNN,4OBE,3.2431094646453857,78,L,D,F:\GENESIS Studio\genesis-studio\packages\engines-py\.pdb_cache\4OBE,A
1563,ThermoMPNN,4OBE,2.9353244304656982,78,L,E,F:\GENESIS Studio\genesis-studio\packages\engines-py\.pdb_cache\4OBE,A
1564,ThermoMPNN,4OBE,1.3391536474227905,78,L,F,F:\GENESIS Studio\genesis-studio\packages\engines-py\.pdb_cache\4OBE,A
1565,ThermoMPNN,4OBE,2.6227059364318848,78,L,G,F:\GENESIS Studio\genesis-studio\packages\engines-py\.pdb_cache\4OBE,A
1566,ThermoMPNN,4OBE,2.837310314178467,78,L,H,F:\GENESIS Studio\genesis-studio\packages\engines-py\.pdb_cache\4OBE,A
1567,ThermoMPNN,4OBE,0.3817107677459717,78,L,I,F:\GENESIS Studio\genesis-studio\packages\engines-py\.pdb_cache\4OBE,A
1568,ThermoMPNN,4OBE,2.9289841651916504,78,L,K,F:\GENESIS Studio\genesis-studio\packages\engines-py\.pdb_cache\4OBE,A
1569,ThermoMPNN,4OBE,0.0,78,L,L,F:\GENESIS Studio\genesis-studio\packages\engines-py\.pdb_cache\4OBE,A
1570,ThermoMPNN,4OBE,0.9019829034805298,78,L,M,F:\GENESIS Studio\genesis-studio\packages\engines-py\.pdb_cache\4OBE,A
1571,ThermoMPNN,4OBE,3.0049078464508057,78,L,N,F:\GENESIS Studio\genesis-studio\packages\engines-py\.pdb_cache\4OBE,A
1572,ThermoMPNN,4OBE,3.0339443683624268,78,L,P,F:\GENESIS Studio\genesis-studio\packages\engines-py\.pdb_cache\4OBE,A
1573,ThermoMPNN,4OBE,2.96968412399292,78,L,Q,F:\GENESIS Studio\genesis-studio\packages\engines-py\.pdb_cache\4OBE,A
1574,ThermoMPNN,4OBE,2.923631429672241,78,L,R,F:\GENESIS Studio\genesis-studio\packages\engines-py\.pdb_cache\4OBE,A
1575,ThermoMPNN,4OBE,2.926548719406128,78,L,S,F:\GENESIS Studio\genesis-studio\packages\engines-py\.pdb_cache\4OBE,A
1576,ThermoMPNN,4OBE,2.7375078201293945,78,L,T,F:\GENESIS Studio\genesis-studio\packages\engines-py\.pdb_cache\4OBE,A
1577,ThermoMPNN,4OBE,0.9200347661972046,78,L,V,F:\GENESIS Studio\genesis-studio\packages\engines-py\.pdb_cache\4OBE,A
1578,ThermoMPNN,4OBE,1.9549214839935303,78,L,W,F:\GENESIS Studio\genesis-studio\packages\engines-py\.pdb_cache\4OBE,A
1579,ThermoMPNN,4OBE,2.0308480262756348,78,L,Y,F:\GENESIS Studio\genesis-studio\packages\engines-py\.pdb_cache\4OBE,A
1580,ThermoMPNN,4OBE,0.9877817034721375,79,C,A,F:\GENESIS Studio\genesis-studio\packages\engines-py\.pdb_cache\4OBE,A
1581,ThermoMPNN,4OBE,0.0,79,C,C,F:\GENESIS Studio\genesis-studio\packages\engines-py\.pdb_cache\4OBE,A
1582,ThermoMPNN,4OBE,2.194037437438965,79,C,D,F:\GENESIS Studio\genesis-studio\packages\engines-py\.pdb_cache\4OBE,A
1583,ThermoMPNN,4OBE,1.8499071598052979,79,C,E,F:\GENESIS Studio\genesis-studio\packages\engines-py\.pdb_cache\4OBE,A
1584,ThermoMPNN,4OBE,0.40548789501190186,79,C,F,F:\GENESIS Studio\genesis-studio\packages\engines-py\.pdb_cache\4OBE,A
1585,ThermoMPNN,4OBE,1.6111047267913818,79,C,G,F:\GENESIS Studio\genesis-studio\packages\engines-py\.pdb_cache\4OBE,A
1586,ThermoMPNN,4OBE,1.5406370162963867,79,C,H,F:\GENESIS Studio\genesis-studio\packages\engines-py\.pdb_cache\4OBE,A
1587,ThermoMPNN,4OBE,-0.4540073871612549,79,C,I,F:\GENESIS Studio\genesis-studio\packages\engines-py\.pdb_cache\4OBE,A
1588,ThermoMPNN,4OBE,1.9623563289642334,79,C,K,F:\GENESIS Studio\genesis-studio\packages\engines-py\.pdb_cache\4OBE,A
1589,ThermoMPNN,4OBE,-0.5940778255462646,79,C,L,F:\GENESIS Studio\genesis-studio\packages\engines-py\.pdb_cache\4OBE,A
1590,ThermoMPNN,4OBE,-0.09758877754211426,79,C,M,F:\GENESIS Studio\genesis-studio\packages\engines-py\.pdb_cache\4OBE,A
1591,ThermoMPNN,4OBE,1.7376806735992432,79,C,N,F:\GENESIS Studio\genesis-studio\packages\engines-py\.pdb_cache\4OBE,A
1592,ThermoMPNN,4OBE,2.477229356765747,79,C,P,F:\GENESIS Studio\genesis-studio\packages\engines-py\.pdb_cache\4OBE,A
1593,ThermoMPNN,4OBE,1.7412834167480469,79,C,Q,F:\GENESIS Studio\genesis-studio\packages\engines-py\.pdb_cache\4OBE,A
1594,ThermoMPNN,4OBE,1.9188365936279297,79,C,R,F:\GENESIS Studio\genesis-studio\packages\engines-py\.pdb_cache\4OBE,A
1595,ThermoMPNN,4OBE,1.5313904285430908,79,C,S,F:\GENESIS Studio\genesis-studio\packages\engines-py\.pdb_cache\4OBE,A
1596,ThermoMPNN,4OBE,1.2318673133850098,79,C,T,F:\GENESIS Studio\genesis-studio\packages\engines-py\.pdb_cache\4OBE,A
1597,ThermoMPNN,4OBE,-0.1663351058959961,79,C,V,F:\GENESIS Studio\genesis-studio\packages\engines-py\.pdb_cache\4OBE,A
1598,ThermoMPNN,4OBE,0.5643468499183655,79,C,W,F:\GENESIS Studio\genesis-studio\packages\engines-py\.pdb_cache\4OBE,A
1599,ThermoMPNN,4OBE,0.7734725475311279,79,C,Y,F:\GENESIS Studio\genesis-studio\packages\engines-py\.pdb_cache\4OBE,A
1600,ThermoMPNN,4OBE,1.868567705154419,80,V,A,F:\GENESIS Studio\genesis-studio\packages\engines-py\.pdb_cache\4OBE,A
1601,ThermoMPNN,4OBE,1.0812418460845947,80,V,C,F:\GENESIS Studio\genesis-studio\packages\engines-py\.pdb_cache\4OBE,A
1602,ThermoMPNN,4OBE,2.747591257095337,80,V,D,F:\GENESIS Studio\genesis-studio\packages\engines-py\.pdb_cache\4OBE,A
1603,ThermoMPNN,4OBE,2.6308555603027344,80,V,E,F:\GENESIS Studio\genesis-studio\packages\engines-py\.pdb_cache\4OBE,A
1604,ThermoMPNN,4OBE,1.4278712272644043,80,V,F,F:\GENESIS Studio\genesis-studio\packages\engines-py\.pdb_cache\4OBE,A
1605,ThermoMPNN,4OBE,2.5348029136657715,80,V,G,F:\GENESIS Studio\genesis-studio\packages\engines-py\.pdb_cache\4OBE,A
1606,ThermoMPNN,4OBE,2.622952699661255,80,V,H,F:\GENESIS Studio\genesis-studio\packages\engines-py\.pdb_cache\4OBE,A
1607,ThermoMPNN,4OBE,0.5616364479064941,80,V,I,F:\GENESIS Studio\genesis-studio\packages\engines-py\.pdb_cache\4OBE,A
1608,ThermoMPNN,4OBE,2.833012342453003,80,V,K,F:\GENESIS Studio\genesis-studio\packages\engines-py\.pdb_cache\4OBE,A
1609,ThermoMPNN,4OBE,1.0276128053665161,80,V,L,F:\GENESIS Studio\genesis-studio\packages\engines-py\.pdb_cache\4OBE,A
1610,ThermoMPNN,4OBE,1.4567080736160278,80,V,M,F:\GENESIS Studio\genesis-studio\packages\engines-py\.pdb_cache\4OBE,A
1611,ThermoMPNN,4OBE,2.819486141204834,80,V,N,F:\GENESIS Studio\genesis-studio\packages\engines-py\.pdb_cache\4OBE,A
1612,ThermoMPNN,4OBE,2.262038230895996,80,V,P,F:\GENESIS Studio\genesis-studio\packages\engines-py\.pdb_cache\4OBE,A
1613,ThermoMPNN,4OBE,2.64369535446167,80,V,Q,F:\GENESIS Studio\genesis-studio\packages\engines-py\.pdb_cache\4OBE,A
1614,ThermoMPNN,4OBE,2.862210988998413,80,V,R,F:\GENESIS Studio\genesis-studio\packages\engines-py\.pdb_cache\4OBE,A
1615,ThermoMPNN,4OBE,2.5552358627319336,80,V,S,F:\GENESIS Studio\genesis-studio\packages\engines-py\.pdb_cache\4OBE,A
1616,ThermoMPNN,4OBE,1.8497741222381592,80,V,T,F:\GENESIS Studio\genesis-studio\packages\engines-py\.pdb_cache\4OBE,A
1617,ThermoMPNN,4OBE,0.0,80,V,V,F:\GENESIS Studio\genesis-studio\packages\engines-py\.pdb_cache\4OBE,A
1618,ThermoMPNN,4OBE,2.0439319610595703,80,V,W,F:\GENESIS Studio\genesis-studio\packages\engines-py\.pdb_cache\4OBE,A
1619,ThermoMPNN,4OBE,2.052881956100464,80,V,Y,F:\GENESIS Studio\genesis-studio\packages\engines-py\.pdb_cache\4OBE,A
1620,ThermoMPNN,4OBE,1.371767520904541,81,F,A,F:\GENESIS Studio\genesis-studio\packages\engines-py\.pdb_cache\4OBE,A
1621,ThermoMPNN,4OBE,0.8214199542999268,81,F,C,F:\GENESIS Studio\genesis-studio\packages\engines-py\.pdb_cache\4OBE,A
1622,ThermoMPNN,4OBE,2.438239097595215,81,F,D,F:\GENESIS Studio\genesis-studio\packages\engines-py\.pdb_cache\4OBE,A
1623,ThermoMPNN,4OBE,2.3163890838623047,81,F,E,F:\GENESIS Studio\genesis-studio\packages\engines-py\.pdb_cache\4OBE,A
1624,ThermoMPNN,4OBE,0.0,81,F,F,F:\GENESIS Studio\genesis-studio\packages\engines-py\.pdb_cache\4OBE,A
1625,ThermoMPNN,4OBE,2.18329119682312,81,F,G,F:\GENESIS Studio\genesis-studio\packages\engines-py\.pdb_cache\4OBE,A
1626,ThermoMPNN,4OBE,2.6367604732513428,81,F,H,F:\GENESIS Studio\genesis-studio\packages\engines-py\.pdb_cache\4OBE,A
1627,ThermoMPNN,4OBE,0.8380693197250366,81,F,I,F:\GENESIS Studio\genesis-studio\packages\engines-py\.pdb_cache\4OBE,A
1628,ThermoMPNN,4OBE,2.6220667362213135,81,F,K,F:\GENESIS Studio\genesis-studio\packages\engines-py\.pdb_cache\4OBE,A
1629,ThermoMPNN,4OBE,1.167541265487671,81,F,L,F:\GENESIS Studio\genesis-studio\packages\engines-py\.pdb_cache\4OBE,A
1630,ThermoMPNN,4OBE,0.9720547199249268,81,F,M,F:\GENESIS Studio\genesis-studio\packages\engines-py\.pdb_cache\4OBE,A
1631,ThermoMPNN,4OBE,2.627418279647827,81,F,N,F:\GENESIS Studio\genesis-studio\packages\engines-py\.pdb_cache\4OBE,A
1632,ThermoMPNN,4OBE,1.979136347770691,81,F,P,F:\GENESIS Studio\genesis-studio\packages\engines-py\.pdb_cache\4OBE,A
1633,ThermoMPNN,4OBE,2.4824161529541016,81,F,Q,F:\GENESIS Studio\genesis-studio\packages\engines-py\.pdb_cache\4OBE,A
1634,ThermoMPNN,4OBE,2.6425554752349854,81,F,R,F:\GENESIS Studio\genesis-studio\packages\engines-py\.pdb_cache\4OBE,A
1635,ThermoMPNN,4OBE,1.7912888526916504,81,F,S,F:\GENESIS Studio\genesis-studio\packages\engines-py\.pdb_cache\4OBE,A
1636,ThermoMPNN,4OBE,1.8387778997421265,81,F,T,F:\GENESIS Studio\genesis-studio\packages\engines-py\.pdb_cache\4OBE,A
1637,ThermoMPNN,4OBE,1.0019316673278809,81,F,V,F:\GENESIS Studio\genesis-studio\packages\engines-py\.pdb_cache\4OBE,A
1638,ThermoMPNN,4OBE,1.9582723379135132,81,F,W,F:\GENESIS Studio\genesis-studio\packages\engines-py\.pdb_cache\4OBE,A
1639,ThermoMPNN,4OBE,1.7625255584716797,81,F,Y,F:\GENESIS Studio\genesis-studio\packages\engines-py\.pdb_cache\4OBE,A
1640,ThermoMPNN,4OBE,0.0,82,A,A,F:\GENESIS Studio\genesis-studio\packages\engines-py\.pdb_cache\4OBE,A
1641,ThermoMPNN,4OBE,1.0953989028930664,82,A,C,F:\GENESIS Studio\genesis-studio\packages\engines-py\.pdb_cache\4OBE,A
1642,ThermoMPNN,4OBE,1.875441551208496,82,A,D,F:\GENESIS Studio\genesis-studio\packages\engines-py\.pdb_cache\4OBE,A
1643,ThermoMPNN,4OBE,2.252263307571411,82,A,E,F:\GENESIS Studio\genesis-studio\packages\engines-py\.pdb_cache\4OBE,A
1644,ThermoMPNN,4OBE,1.8453649282455444,82,A,F,F:\GENESIS Studio\genesis-studio\packages\engines-py\.pdb_cache\4OBE,A
1645,ThermoMPNN,4OBE,1.0033049583435059,82,A,G,F:\GENESIS Studio\genesis-studio\packages\engines-py\.pdb_cache\4OBE,A
1646,ThermoMPNN,4OBE,2.0996880531311035,82,A,H,F:\GENESIS Studio\genesis-studio\packages\engines-py\.pdb_cache\4OBE,A
1647,ThermoMPNN,4OBE,1.76398503780365,82,A,I,F:\GENESIS Studio\genesis-studio\packages\engines-py\.pdb_cache\4OBE,A
1648,ThermoMPNN,4OBE,2.048304796218872,82,A,K,F:\GENESIS Studio\genesis-studio\packages\engines-py\.pdb_cache\4OBE,A
1649,ThermoMPNN,4OBE,2.088944435119629,82,A,L,F:\GENESIS Studio\genesis-studio\packages\engines-py\.pdb_cache\4OBE,A
1650,ThermoMPNN,4OBE,1.617389440536499,82,A,M,F:\GENESIS Studio\genesis-studio\packages\engines-py\.pdb_cache\4OBE,A
1651,ThermoMPNN,4OBE,2.1013333797454834,82,A,N,F:\GENESIS Studio\genesis-studio\packages\engines-py\.pdb_cache\4OBE,A
1652,ThermoMPNN,4OBE,2.2442612648010254,82,A,P,F:\GENESIS Studio\genesis-studio\packages\engines-py\.pdb_cache\4OBE,A
1653,ThermoMPNN,4OBE,2.011345386505127,82,A,Q,F:\GENESIS Studio\genesis-studio\packages\engines-py\.pdb_cache\4OBE,A
1654,ThermoMPNN,4OBE,1.8190255165100098,82,A,R,F:\GENESIS Studio\genesis-studio\packages\engines-py\.pdb_cache\4OBE,A
1655,ThermoMPNN,4OBE,0.6690127849578857,82,A,S,F:\GENESIS Studio\genesis-studio\packages\engines-py\.pdb_cache\4OBE,A
1656,ThermoMPNN,4OBE,1.328624963760376,82,A,T,F:\GENESIS Studio\genesis-studio\packages\engines-py\.pdb_cache\4OBE,A
1657,ThermoMPNN,4OBE,1.4359040260314941,82,A,V,F:\GENESIS Studio\genesis-studio\packages\engines-py\.pdb_cache\4OBE,A
1658,ThermoMPNN,4OBE,1.6122108697891235,82,A,W,F:\GENESIS Studio\genesis-studio\packages\engines-py\.pdb_cache\4OBE,A
1659,ThermoMPNN,4OBE,1.8890736103057861,82,A,Y,F:\GENESIS Studio\genesis-studio\packages\engines-py\.pdb_cache\4OBE,A
1660,ThermoMPNN,4OBE,0.5443819761276245,83,I,A,F:\GENESIS Studio\genesis-studio\packages\engines-py\.pdb_cache\4OBE,A
1661,ThermoMPNN,4OBE,-0.21151494979858398,83,I,C,F:\GENESIS Studio\genesis-studio\packages\engines-py\.pdb_cache\4OBE,A
1662,ThermoMPNN,4OBE,1.9427015781402588,83,I,D,F:\GENESIS Studio\genesis-studio\packages\engines-py\.pdb_cache\4OBE,A
1663,ThermoMPNN,4OBE,1.752223253250122,83,I,E,F:\GENESIS Studio\genesis-studio\packages\engines-py\.pdb_cache\4OBE,A
1664,ThermoMPNN,4OBE,0.9717323780059814,83,I,F,F:\GENESIS Studio\genesis-studio\packages\engines-py\.pdb_cache\4OBE,A
1665,ThermoMPNN,4OBE,1.1351912021636963,83,I,G,F:\GENESIS Studio\genesis-studio\packages\engines-py\.pdb_cache\4OBE,A
1666,ThermoMPNN,4OBE,0.6282498836517334,83,I,H,F:\GENESIS Studio\genesis-studio\packages\engines-py\.pdb_cache\4OBE,A
1667,ThermoMPNN,4OBE,0.0,83,I,I,F:\GENESIS Studio\genesis-studio\packages\engines-py\.pdb_cache\4OBE,A
1668,ThermoMPNN,4OBE,0.2033470869064331,83,I,K,F:\GENESIS Studio\genesis-studio\packages\engines-py\.pdb_cache\4OBE,A
1669,ThermoMPNN,4OBE,-0.11459016799926758,83,I,L,F:\GENESIS Studio\genesis-studio\packages\engines-py\.pdb_cache\4OBE,A
1670,ThermoMPNN,4OBE,0.32403457164764404,83,I,M,F:\GENESIS Studio\genesis-studio\packages\engines-py\.pdb_cache\4OBE,A
1671,ThermoMPNN,4OBE,0.8387173414230347,83,I,N,F:\GENESIS Studio\genesis-studio\packages\engines-py\.pdb_cache\4OBE,A
1672,ThermoMPNN,4OBE,2.2177295684814453,83,I,P,F:\GENESIS Studio\genesis-studio\packages\engines-py\.pdb_cache\4OBE,A
1673,ThermoMPNN,4OBE,0.6357626914978027,83,I,Q,F:\GENESIS Studio\genesis-studio\packages\engines-py\.pdb_cache\4OBE,A
1674,ThermoMPNN,4OBE,0.47974663972854614,83,I,R,F:\GENESIS Studio\genesis-studio\packages\engines-py\.pdb_cache\4OBE,A
1675,ThermoMPNN,4OBE,0.8746045827865601,83,I,S,F:\GENESIS Studio\genesis-studio\packages\engines-py\.pdb_cache\4OBE,A
1676,ThermoMPNN,4OBE,1.002835750579834,83,I,T,F:\GENESIS Studio\genesis-studio\packages\engines-py\.pdb_cache\4OBE,A
1677,ThermoMPNN,4OBE,-0.04358530044555664,83,I,V,F:\GENESIS Studio\genesis-studio\packages\engines-py\.pdb_cache\4OBE,A
1678,ThermoMPNN,4OBE,0.9792995452880859,83,I,W,F:\GENESIS Studio\genesis-studio\packages\engines-py\.pdb_cache\4OBE,A
1679,ThermoMPNN,4OBE,0.7914279699325562,83,I,Y,F:\GENESIS Studio\genesis-studio\packages\engines-py\.pdb_cache\4OBE,A
1680,ThermoMPNN,4OBE,0.717314600944519,84,N,A,F:\GENESIS Studio\genesis-studio\packages\engines-py\.pdb_cache\4OBE,A
1681,ThermoMPNN,4OBE,0.14073646068572998,84,N,C,F:\GENESIS Studio\genesis-studio\packages\engines-py\.pdb_cache\4OBE,A
1682,ThermoMPNN,4OBE,0.5702031850814819,84,N,D,F:\GENESIS Studio\genesis-studio\packages\engines-py\.pdb_cache\4OBE,A
1683,ThermoMPNN,4OBE,1.1914267539978027,84,N,E,F:\GENESIS Studio\genesis-studio\packages\engines-py\.pdb_cache\4OBE,A
1684,ThermoMPNN,4OBE,0.6568413972854614,84,N,F,F:\GENESIS Studio\genesis-studio\packages\engines-py\.pdb_cache\4OBE,A
1685,ThermoMPNN,4OBE,0.40338897705078125,84,N,G,F:\GENESIS Studio\genesis-studio\packages\engines-py\.pdb_cache\4OBE,A
1686,ThermoMPNN,4OBE,0.5318915247917175,84,N,H,F:\GENESIS Studio\genesis-studio\packages\engines-py\.pdb_cache\4OBE,A
1687,ThermoMPNN,4OBE,1.0064843893051147,84,N,I,F:\GENESIS Studio\genesis-studio\packages\engines-py\.pdb_cache\4OBE,A
1688,ThermoMPNN,4OBE,1.1008329391479492,84,N,K,F:\GENESIS Studio\genesis-studio\packages\engines-py\.pdb_cache\4OBE,A
1689,ThermoMPNN,4OBE,0.6684837937355042,84,N,L,F:\GENESIS Studio\genesis-studio\packages\engines-py\.pdb_cache\4OBE,A
1690,ThermoMPNN,4OBE,0.7419788837432861,84,N,M,F:\GENESIS Studio\genesis-studio\packages\engines-py\.pdb_cache\4OBE,A
1691,ThermoMPNN,4OBE,0.0,84,N,N,F:\GENESIS Studio\genesis-studio\packages\engines-py\.pdb_cache\4OBE,A
1692,ThermoMPNN,4OBE,1.2902426719665527,84,N,P,F:\GENESIS Studio\genesis-studio\packages\engines-py\.pdb_cache\4OBE,A
1693,ThermoMPNN,4OBE,1.020164966583252,84,N,Q,F:\GENESIS Studio\genesis-studio\packages\engines-py\.pdb_cache\4OBE,A
1694,ThermoMPNN,4OBE,1.014772653579712,84,N,R,F:\GENESIS Studio\genesis-studio\packages\engines-py\.pdb_cache\4OBE,A
1695,ThermoMPNN,4OBE,0.5315415859222412,84,N,S,F:\GENESIS Studio\genesis-studio\packages\engines-py\.pdb_cache\4OBE,A
1696,ThermoMPNN,4OBE,0.7138687372207642,84,N,T,F:\GENESIS Studio\genesis-studio\packages\engines-py\.pdb_cache\4OBE,A
1697,ThermoMPNN,4OBE,0.8353295922279358,84,N,V,F:\GENESIS Studio\genesis-studio\packages\engines-py\.pdb_cache\4OBE,A
1698,ThermoMPNN,4OBE,0.739389955997467,84,N,W,F:\GENESIS Studio\genesis-studio\packages\engines-py\.pdb_cache\4OBE,A
1699,ThermoMPNN,4OBE,0.7474648952484131,84,N,Y,F:\GENESIS Studio\genesis-studio\packages\engines-py\.pdb_cache\4OBE,A
1700,ThermoMPNN,4OBE,1.0985398292541504,85,N,A,F:\GENESIS Studio\genesis-studio\packages\engines-py\.pdb_cache\4OBE,A
1701,ThermoMPNN,4OBE,0.46817636489868164,85,N,C,F:\GENESIS Studio\genesis-studio\packages\engines-py\.pdb_cache\4OBE,A
1702,ThermoMPNN,4OBE,-0.03768432140350342,85,N,D,F:\GENESIS Studio\genesis-studio\packages\engines-py\.pdb_cache\4OBE,A
1703,ThermoMPNN,4OBE,1.0577294826507568,85,N,E,F:\GENESIS Studio\genesis-studio\packages\engines-py\.pdb_cache\4OBE,A
1704,ThermoMPNN,4OBE,1.2049627304077148,85,N,F,F:\GENESIS Studio\genesis-studio\packages\engines-py\.pdb_cache\4OBE,A
1705,ThermoMPNN,4OBE,1.5903925895690918,85,N,G,F:\GENESIS Studio\genesis-studio\packages\engines-py\.pdb_cache\4OBE,A
1706,ThermoMPNN,4OBE,0.8933853507041931,85,N,H,F:\GENESIS Studio\genesis-studio\packages\engines-py\.pdb_cache\4OBE,A
1707,ThermoMPNN,4OBE,1.1727734804153442,85,N,I,F:\GENESIS Studio\genesis-studio\packages\engines-py\.pdb_cache\4OBE,A
1708,ThermoMPNN,4OBE,1.351582646369934,85,N,K,F:\GENESIS Studio\genesis-studio\packages\engines-py\.pdb_cache\4OBE,A
1709,ThermoMPNN,4OBE,1.0692323446273804,85,N,L,F:\GENESIS Studio\genesis-studio\packages\engines-py\.pdb_cache\4OBE,A
1710,ThermoMPNN,4OBE,1.1308594942092896,85,N,M,F:\GENESIS Studio\genesis-studio\packages\engines-py\.pdb_cache\4OBE,A
1711,ThermoMPNN,4OBE,0.0,85,N,N,F:\GENESIS Studio\genesis-studio\packages\engines-py\.pdb_cache\4OBE,A
1712,ThermoMPNN,4OBE,2.6707115173339844,85,N,P,F:\GENESIS Studio\genesis-studio\packages\engines-py\.pdb_cache\4OBE,A
1713,ThermoMPNN,4OBE,1.0726096630096436,85,N,Q,F:\GENESIS Studio\genesis-studio\packages\engines-py\.pdb_cache\4OBE,A
1714,ThermoMPNN,4OBE,1.2255324125289917,85,N,R,F:\GENESIS Studio\genesis-studio\packages\engines-py\.pdb_cache\4OBE,A
1715,ThermoMPNN,4OBE,0.4820442199707031,85,N,S,F:\GENESIS Studio\genesis-studio\packages\engines-py\.pdb_cache\4OBE,A
1716,ThermoMPNN,4OBE,1.2277355194091797,85,N,T,F:\GENESIS Studio\genesis-studio\packages\engines-py\.pdb_cache\4OBE,A
1717,ThermoMPNN,4OBE,1.0191082954406738,85,N,V,F:\GENESIS Studio\genesis-studio\packages\engines-py\.pdb_cache\4OBE,A
1718,ThermoMPNN,4OBE,1.2581806182861328,85,N,W,F:\GENESIS Studio\genesis-studio\packages\engines-py\.pdb_cache\4OBE,A
1719,ThermoMPNN,4OBE,1.35318922996521,85,N,Y,F:\GENESIS Studio\genesis-studio\packages\engines-py\.pdb_cache\4OBE,A
1720,ThermoMPNN,4OBE,0.09151160717010498,86,T,A,F:\GENESIS Studio\genesis-studio\packages\engines-py\.pdb_cache\4OBE,A
1721,ThermoMPNN,4OBE,-0.20534265041351318,86,T,C,F:\GENESIS Studio\genesis-studio\packages\engines-py\.pdb_cache\4OBE,A
1722,ThermoMPNN,4OBE,1.0216186046600342,86,T,D,F:\GENESIS Studio\genesis-studio\packages\engines-py\.pdb_cache\4OBE,A
1723,ThermoMPNN,4OBE,0.2801343500614166,86,T,E,F:\GENESIS Studio\genesis-studio\packages\engines-py\.pdb_cache\4OBE,A
1724,ThermoMPNN,4OBE,-0.11085474491119385,86,T,F,F:\GENESIS Studio\genesis-studio\packages\engines-py\.pdb_cache\4OBE,A
1725,ThermoMPNN,4OBE,0.6124248504638672,86,T,G,F:\GENESIS Studio\genesis-studio\packages\engines-py\.pdb_cache\4OBE,A
1726,ThermoMPNN,4OBE,0.06468963623046875,86,T,H,F:\GENESIS Studio\genesis-studio\packages\engines-py\.pdb_cache\4OBE,A
1727,ThermoMPNN,4OBE,-0.2761632204055786,86,T,I,F:\GENESIS Studio\genesis-studio\packages\engines-py\.pdb_cache\4OBE,A
1728,ThermoMPNN,4OBE,-0.42166101932525635,86,T,K,F:\GENESIS Studio\genesis-studio\packages\engines-py\.pdb_cache\4OBE,A
1729,ThermoMPNN,4OBE,-0.2312219738960266,86,T,L,F:\GENESIS Studio\genesis-studio\packages\engines-py\.pdb_cache\4OBE,A
1730,ThermoMPNN,4OBE,-0.06801044940948486,86,T,M,F:\GENESIS Studio\genesis-studio\packages\engines-py\.pdb_cache\4OBE,A
1731,ThermoMPNN,4OBE,0.4818636178970337,86,T,N,F:\GENESIS Studio\genesis-studio\packages\engines-py\.pdb_cache\4OBE,A
1732,ThermoMPNN,4OBE,0.16303318738937378,86,T,P,F:\GENESIS Studio\genesis-studio\packages\engines-py\.pdb_cache\4OBE,A
1733,ThermoMPNN,4OBE,0.12280571460723877,86,T,Q,F:\GENESIS Studio\genesis-studio\packages\engines-py\.pdb_cache\4OBE,A
1734,ThermoMPNN,4OBE,-0.4296259880065918,86,T,R,F:\GENESIS Studio\genesis-studio\packages\engines-py\.pdb_cache\4OBE,A
1735,ThermoMPNN,4OBE,0.18684053421020508,86,T,S,F:\GENESIS Studio\genesis-studio\packages\engines-py\.pdb_cache\4OBE,A
1736,ThermoMPNN,4OBE,0.0,86,T,T,F:\GENESIS Studio\genesis-studio\packages\engines-py\.pdb_cache\4OBE,A
1737,ThermoMPNN,4OBE,-0.16370248794555664,86,T,V,F:\GENESIS Studio\genesis-studio\packages\engines-py\.pdb_cache\4OBE,A
1738,ThermoMPNN,4OBE,0.0005036592483520508,86,T,W,F:\GENESIS Studio\genesis-studio\packages\engines-py\.pdb_cache\4OBE,A
1739,ThermoMPNN,4OBE,-0.15743470191955566,86,T,Y,F:\GENESIS Studio\genesis-studio\packages\engines-py\.pdb_cache\4OBE,A
1740,ThermoMPNN,4OBE,0.12638819217681885,87,K,A,F:\GENESIS Studio\genesis-studio\packages\engines-py\.pdb_cache\4OBE,A
1741,ThermoMPNN,4OBE,0.2676534056663513,87,K,C,F:\GENESIS Studio\genesis-studio\packages\engines-py\.pdb_cache\4OBE,A
1742,ThermoMPNN,4OBE,0.7142152786254883,87,K,D,F:\GENESIS Studio\genesis-studio\packages\engines-py\.pdb_cache\4OBE,A
1743,ThermoMPNN,4OBE,0.445038378238678,87,K,E,F:\GENESIS Studio\genesis-studio\packages\engines-py\.pdb_cache\4OBE,A
1744,ThermoMPNN,4OBE,0.5514978766441345,87,K,F,F:\GENESIS Studio\genesis-studio\packages\engines-py\.pdb_cache\4OBE,A
1745,ThermoMPNN,4OBE,0.5630494356155396,87,K,G,F:\GENESIS Studio\genesis-studio\packages\engines-py\.pdb_cache\4OBE,A
1746,ThermoMPNN,4OBE,0.36904531717300415,87,K,H,F:\GENESIS Studio\genesis-studio\packages\engines-py\.pdb_cache\4OBE,A
1747,ThermoMPNN,4OBE,0.37407320737838745,87,K,I,F:\GENESIS Studio\genesis-studio\packages\engines-py\.pdb_cache\4OBE,A
1748,ThermoMPNN,4OBE,0.0,87,K,K,F:\GENESIS Studio\genesis-studio\packages\engines-py\.pdb_cache\4OBE,A
1749,ThermoMPNN,4OBE,0.38696032762527466,87,K,L,F:\GENESIS Studio\genesis-studio\packages\engines-py\.pdb_cache\4OBE,A
1750,ThermoMPNN,4OBE,0.4266887903213501,87,K,M,F:\GENESIS Studio\genesis-studio\packages\engines-py\.pdb_cache\4OBE,A
1751,ThermoMPNN,4OBE,0.5014396905899048,87,K,N,F:\GENESIS Studio\genesis-studio\packages\engines-py\.pdb_cache\4OBE,A
1752,ThermoMPNN,4OBE,0.8548406958580017,87,K,P,F:\GENESIS Studio\genesis-studio\packages\engines-py\.pdb_cache\4OBE,A
1753,ThermoMPNN,4OBE,0.24374955892562866,87,K,Q,F:\GENESIS Studio\genesis-studio\packages\engines-py\.pdb_cache\4OBE,A
1754,ThermoMPNN,4OBE,0.0494081974029541,87,K,R,F:\GENESIS Studio\genesis-studio\packages\engines-py\.pdb_cache\4OBE,A
1755,ThermoMPNN,4OBE,0.30961477756500244,87,K,S,F:\GENESIS Studio\genesis-studio\packages\engines-py\.pdb_cache\4OBE,A
1756,ThermoMPNN,4OBE,0.48925483226776123,87,K,T,F:\GENESIS Studio\genesis-studio\packages\engines-py\.pdb_cache\4OBE,A
1757,ThermoMPNN,4OBE,0.43258339166641235,87,K,V,F:\GENESIS Studio\genesis-studio\packages\engines-py\.pdb_cache\4OBE,A
1758,ThermoMPNN,4OBE,0.48668497800827026,87,K,W,F:\GENESIS Studio\genesis-studio\packages\engines-py\.pdb_cache\4OBE,A
1759,ThermoMPNN,4OBE,0.4702965021133423,87,K,Y,F:\GENESIS Studio\genesis-studio\packages\engines-py\.pdb_cache\4OBE,A
1760,ThermoMPNN,4OBE,0.5868390798568726,88,S,A,F:\GENESIS Studio\genesis-studio\packages\engines-py\.pdb_cache\4OBE,A
1761,ThermoMPNN,4OBE,0.7387226819992065,88,S,C,F:\GENESIS Studio\genesis-studio\packages\engines-py\.pdb_cache\4OBE,A
1762,ThermoMPNN,4OBE,1.0489342212677002,88,S,D,F:\GENESIS Studio\genesis-studio\packages\engines-py\.pdb_cache\4OBE,A
1763,ThermoMPNN,4OBE,1.328065276145935,88,S,E,F:\GENESIS Studio\genesis-studio\packages\engines-py\.pdb_cache\4OBE,A
1764,ThermoMPNN,4OBE,1.428714394569397,88,S,F,F:\GENESIS Studio\genesis-studio\packages\engines-py\.pdb_cache\4OBE,A
1765,ThermoMPNN,4OBE,1.0062729120254517,88,S,G,F:\GENESIS Studio\genesis-studio\packages\engines-py\.pdb_cache\4OBE,A
1766,ThermoMPNN,4OBE,1.4916385412216187,88,S,H,F:\GENESIS Studio\genesis-studio\packages\engines-py\.pdb_cache\4OBE,A
1767,ThermoMPNN,4OBE,1.541797399520874,88,S,I,F:\GENESIS Studio\genesis-studio\packages\engines-py\.pdb_cache\4OBE,A
1768,ThermoMPNN,4OBE,1.649428367614746,88,S,K,F:\GENESIS Studio\genesis-studio\packages\engines-py\.pdb_cache\4OBE,A
1769,ThermoMPNN,4OBE,1.7441004514694214,88,S,L,F:\GENESIS Studio\genesis-studio\packages\engines-py\.pdb_cache\4OBE,A
1770,ThermoMPNN,4OBE,1.3760679960250854,88,S,M,F:\GENESIS Studio\genesis-studio\packages\engines-py\.pdb_cache\4OBE,A
1771,ThermoMPNN,4OBE,1.3704571723937988,88,S,N,F:\GENESIS Studio\genesis-studio\packages\engines-py\.pdb_cache\4OBE,A
1772,ThermoMPNN,4OBE,1.316732406616211,88,S,P,F:\GENESIS Studio\genesis-studio\packages\engines-py\.pdb_cache\4OBE,A
1773,ThermoMPNN,4OBE,1.3839173316955566,88,S,Q,F:\GENESIS Studio\genesis-studio\packages\engines-py\.pdb_cache\4OBE,A
1774,ThermoMPNN,4OBE,1.6363033056259155,88,S,R,F:\GENESIS Studio\genesis-studio\packages\engines-py\.pdb_cache\4OBE,A
1775,ThermoMPNN,4OBE,0.0,88,S,S,F:\GENESIS Studio\genesis-studio\packages\engines-py\.pdb_cache\4OBE,A
1776,ThermoMPNN,4OBE,0.5958094596862793,88,S,T,F:\GENESIS Studio\genesis-studio\packages\engines-py\.pdb_cache\4OBE,A
1777,ThermoMPNN,4OBE,1.5356231927871704,88,S,V,F:\GENESIS Studio\genesis-studio\packages\engines-py\.pdb_cache\4OBE,A
1778,ThermoMPNN,4OBE,1.174992322921753,88,S,W,F:\GENESIS Studio\genesis-studio\packages\engines-py\.pdb_cache\4OBE,A
1779,ThermoMPNN,4OBE,1.4784637689590454,88,S,Y,F:\GENESIS Studio\genesis-studio\packages\engines-py\.pdb_cache\4OBE,A
1780,ThermoMPNN,4OBE,2.1286425590515137,89,F,A,F:\GENESIS Studio\genesis-studio\packages\engines-py\.pdb_cache\4OBE,A
1781,ThermoMPNN,4OBE,1.3697092533111572,89,F,C,F:\GENESIS Studio\genesis-studio\packages\engines-py\.pdb_cache\4OBE,A
1782,ThermoMPNN,4OBE,2.7477550506591797,89,F,D,F:\GENESIS Studio\genesis-studio\packages\engines-py\.pdb_cache\4OBE,A
1783,ThermoMPNN,4OBE,2.5529863834381104,89,F,E,F:\GENESIS Studio\genesis-studio\packages\engines-py\.pdb_cache\4OBE,A
1784,ThermoMPNN,4OBE,0.0,89,F,F,F:\GENESIS Studio\genesis-studio\packages\engines-py\.pdb_cache\4OBE,A
1785,ThermoMPNN,4OBE,2.432941198348999,89,F,G,F:\GENESIS Studio\genesis-studio\packages\engines-py\.pdb_cache\4OBE,A
1786,ThermoMPNN,4OBE,2.4021401405334473,89,F,H,F:\GENESIS Studio\genesis-studio\packages\engines-py\.pdb_cache\4OBE,A
1787,ThermoMPNN,4OBE,1.155513882637024,89,F,I,F:\GENESIS Studio\genesis-studio\packages\engines-py\.pdb_cache\4OBE,A
1788,ThermoMPNN,4OBE,2.2519798278808594,89,F,K,F:\GENESIS Studio\genesis-studio\packages\engines-py\.pdb_cache\4OBE,A
1789,ThermoMPNN,4OBE,0.8505308628082275,89,F,L,F:\GENESIS Studio\genesis-studio\packages\engines-py\.pdb_cache\4OBE,A
1790,ThermoMPNN,4OBE,1.1378976106643677,89,F,M,F:\GENESIS Studio\genesis-studio\packages\engines-py\.pdb_cache\4OBE,A
1791,ThermoMPNN,4OBE,2.5082483291625977,89,F,N,F:\GENESIS Studio\genesis-studio\packages\engines-py\.pdb_cache\4OBE,A
1792,ThermoMPNN,4OBE,2.250708818435669,89,F,P,F:\GENESIS Studio\genesis-studio\packages\engines-py\.pdb_cache\4OBE,A
1793,ThermoMPNN,4OBE,2.471529245376587,89,F,Q,F:\GENESIS Studio\genesis-studio\packages\engines-py\.pdb_cache\4OBE,A
1794,ThermoMPNN,4OBE,2.1134610176086426,89,F,R,F:\GENESIS Studio\genesis-studio\packages\engines-py\.pdb_cache\4OBE,A
1795,ThermoMPNN,4OBE,2.5120186805725098,89,F,S,F:\GENESIS Studio\genesis-studio\packages\engines-py\.pdb_cache\4OBE,A
1796,ThermoMPNN,4OBE,2.2472596168518066,89,F,T,F:\GENESIS Studio\genesis-studio\packages\engines-py\.pdb_cache\4OBE,A
1797,ThermoMPNN,4OBE,1.4407920837402344,89,F,V,F:\GENESIS Studio\genesis-studio\packages\engines-py\.pdb_cache\4OBE,A
1798,ThermoMPNN,4OBE,1.1949881315231323,89,F,W,F:\GENESIS Studio\genesis-studio\packages\engines-py\.pdb_cache\4OBE,A
1799,ThermoMPNN,4OBE,1.229121208190918,89,F,Y,F:\GENESIS Studio\genesis-studio\packages\engines-py\.pdb_cache\4OBE,A
1800,ThermoMPNN,4OBE,0.4967656135559082,90,E,A,F:\GENESIS Studio\genesis-studio\packages\engines-py\.pdb_cache\4OBE,A
1801,ThermoMPNN,4OBE,0.13549840450286865,90,E,C,F:\GENESIS Studio\genesis-studio\packages\engines-py\.pdb_cache\4OBE,A
1802,ThermoMPNN,4OBE,0.4789837598800659,90,E,D,F:\GENESIS Studio\genesis-studio\packages\engines-py\.pdb_cache\4OBE,A
1803,ThermoMPNN,4OBE,0.0,90,E,E,F:\GENESIS Studio\genesis-studio\packages\engines-py\.pdb_cache\4OBE,A
1804,ThermoMPNN,4OBE,0.350345253944397,90,E,F,F:\GENESIS Studio\genesis-studio\packages\engines-py\.pdb_cache\4OBE,A
1805,ThermoMPNN,4OBE,1.1064143180847168,90,E,G,F:\GENESIS Studio\genesis-studio\packages\engines-py\.pdb_cache\4OBE,A
1806,ThermoMPNN,4OBE,0.36279773712158203,90,E,H,F:\GENESIS Studio\genesis-studio\packages\engines-py\.pdb_cache\4OBE,A
1807,ThermoMPNN,4OBE,0.5339405536651611,90,E,I,F:\GENESIS Studio\genesis-studio\packages\engines-py\.pdb_cache\4OBE,A
1808,ThermoMPNN,4OBE,0.40507763624191284,90,E,K,F:\GENESIS Studio\genesis-studio\packages\engines-py\.pdb_cache\4OBE,A
1809,ThermoMPNN,4OBE,0.13583815097808838,90,E,L,F:\GENESIS Studio\genesis-studio\packages\engines-py\.pdb_cache\4OBE,A
1810,ThermoMPNN,4OBE,0.20482897758483887,90,E,M,F:\GENESIS Studio\genesis-studio\packages\engines-py\.pdb_cache\4OBE,A
1811,ThermoMPNN,4OBE,0.4239347577095032,90,E,N,F:\GENESIS Studio\genesis-studio\packages\engines-py\.pdb_cache\4OBE,A
1812,ThermoMPNN,4OBE,2.8644216060638428,90,E,P,F:\GENESIS Studio\genesis-studio\packages\engines-py\.pdb_cache\4OBE,A
1813,ThermoMPNN,4OBE,0.1360318660736084,90,E,Q,F:\GENESIS Studio\genesis-studio\packages\engines-py\.pdb_cache\4OBE,A
1814,ThermoMPNN,4OBE,0.4509176015853882,90,E,R,F:\GENESIS Studio\genesis-studio\packages\engines-py\.pdb_cache\4OBE,A
1815,ThermoMPNN,4OBE,0.7771323919296265,90,E,S,F:\GENESIS Studio\genesis-studio\packages\engines-py\.pdb_cache\4OBE,A
1816,ThermoMPNN,4OBE,0.6086699962615967,90,E,T,F:\GENESIS Studio\genesis-studio\packages\engines-py\.pdb_cache\4OBE,A
1817,ThermoMPNN,4OBE,0.6229919791221619,90,E,V,F:\GENESIS Studio\genesis-studio\packages\engines-py\.pdb_cache\4OBE,A
1818,ThermoMPNN,4OBE,0.4960973858833313,90,E,W,F:\GENESIS Studio\genesis-studio\packages\engines-py\.pdb_cache\4OBE,A
1819,ThermoMPNN,4OBE,0.3471367359161377,90,E,Y,F:\GENESIS Studio\genesis-studio\packages\engines-py\.pdb_cache\4OBE,A
1820,ThermoMPNN,4OBE,-0.22474157810211182,91,D,A,F:\GENESIS Studio\genesis-studio\packages\engines-py\.pdb_cache\4OBE,A
1821,ThermoMPNN,4OBE,-0.2905539870262146,91,D,C,F:\GENESIS Studio\genesis-studio\packages\engines-py\.pdb_cache\4OBE,A
1822,ThermoMPNN,4OBE,0.0,91,D,D,F:\GENESIS Studio\genesis-studio\packages\engines-py\.pdb_cache\4OBE,A
1823,ThermoMPNN,4OBE,-0.17697453498840332,91,D,E,F:\GENESIS Studio\genesis-studio\packages\engines-py\.pdb_cache\4OBE,A
1824,ThermoMPNN,4OBE,-0.13399773836135864,91,D,F,F:\GENESIS Studio\genesis-studio\packages\engines-py\.pdb_cache\4OBE,A
1825,ThermoMPNN,4OBE,0.26964670419692993,91,D,G,F:\GENESIS Studio\genesis-studio\packages\engines-py\.pdb_cache\4OBE,A
1826,ThermoMPNN,4OBE,0.14264369010925293,91,D,H,F:\GENESIS Studio\genesis-studio\packages\engines-py\.pdb_cache\4OBE,A
1827,ThermoMPNN,4OBE,0.032769978046417236,91,D,I,F:\GENESIS Studio\genesis-studio\packages\engines-py\.pdb_cache\4OBE,A
1828,ThermoMPNN,4OBE,0.2011149525642395,91,D,K,F:\GENESIS Studio\genesis-studio\packages\engines-py\.pdb_cache\4OBE,A
1829,ThermoMPNN,4OBE,-0.48703569173812866,91,D,L,F:\GENESIS Studio\genesis-studio\packages\engines-py\.pdb_cache\4OBE,A
1830,ThermoMPNN,4OBE,-0.49803727865219116,91,D,M,F:\GENESIS Studio\genesis-studio\packages\engines-py\.pdb_cache\4OBE,A
1831,ThermoMPNN,4OBE,0.29574039578437805,91,D,N,F:\GENESIS Studio\genesis-studio\packages\engines-py\.pdb_cache\4OBE,A
1832,ThermoMPNN,4OBE,1.7318685054779053,91,D,P,F:\GENESIS Studio\genesis-studio\packages\engines-py\.pdb_cache\4OBE,A
1833,ThermoMPNN,4OBE,-0.1046949028968811,91,D,Q,F:\GENESIS Studio\genesis-studio\packages\engines-py\.pdb_cache\4OBE,A
1834,ThermoMPNN,4OBE,0.1361979842185974,91,D,R,F:\GENESIS Studio\genesis-studio\packages\engines-py\.pdb_cache\4OBE,A
1835,ThermoMPNN,4OBE,0.18424147367477417,91,D,S,F:\GENESIS Studio\genesis-studio\packages\engines-py\.pdb_cache\4OBE,A
1836,ThermoMPNN,4OBE,0.395904541015625,91,D,T,F:\GENESIS Studio\genesis-studio\packages\engines-py\.pdb_cache\4OBE,A
1837,ThermoMPNN,4OBE,0.4080769717693329,91,D,V,F:\GENESIS Studio\genesis-studio\packages\engines-py\.pdb_cache\4OBE,A
1838,ThermoMPNN,4OBE,-0.06895840167999268,91,D,W,F:\GENESIS Studio\genesis-studio\packages\engines-py\.pdb_cache\4OBE,A
1839,ThermoMPNN,4OBE,-0.14697378873825073,91,D,Y,F:\GENESIS Studio\genesis-studio\packages\engines-py\.pdb_cache\4OBE,A
1840,ThermoMPNN,4OBE,1.9327480792999268,92,I,A,F:\GENESIS Studio\genesis-studio\packages\engines-py\.pdb_cache\4OBE,A
1841,ThermoMPNN,4OBE,1.1836820840835571,92,I,C,F:\GENESIS Studio\genesis-studio\packages\engines-py\.pdb_cache\4OBE,A
1842,ThermoMPNN,4OBE,3.039438247680664,92,I,D,F:\GENESIS Studio\genesis-studio\packages\engines-py\.pdb_cache\4OBE,A
1843,ThermoMPNN,4OBE,2.931731700897217,92,I,E,F:\GENESIS Studio\genesis-studio\packages\engines-py\.pdb_cache\4OBE,A
1844,ThermoMPNN,4OBE,1.7424628734588623,92,I,F,F:\GENESIS Studio\genesis-studio\packages\engines-py\.pdb_cache\4OBE,A
1845,ThermoMPNN,4OBE,2.9680185317993164,92,I,G,F:\GENESIS Studio\genesis-studio\packages\engines-py\.pdb_cache\4OBE,A
1846,ThermoMPNN,4OBE,2.4624476432800293,92,I,H,F:\GENESIS Studio\genesis-studio\packages\engines-py\.pdb_cache\4OBE,A
1847,ThermoMPNN,4OBE,0.0,92,I,I,F:\GENESIS Studio\genesis-studio\packages\engines-py\.pdb_cache\4OBE,A
1848,ThermoMPNN,4OBE,2.1909661293029785,92,I,K,F:\GENESIS Studio\genesis-studio\packages\engines-py\.pdb_cache\4OBE,A
1849,ThermoMPNN,4OBE,0.3124096393585205,92,I,L,F:\GENESIS Studio\genesis-studio\packages\engines-py\.pdb_cache\4OBE,A
1850,ThermoMPNN,4OBE,0.6944290399551392,92,I,M,F:\GENESIS Studio\genesis-studio\packages\engines-py\.pdb_cache\4OBE,A
1851,ThermoMPNN,4OBE,2.694775342941284,92,I,N,F:\GENESIS Studio\genesis-studio\packages\engines-py\.pdb_cache\4OBE,A
1852,ThermoMPNN,4OBE,3.397055149078369,92,I,P,F:\GENESIS Studio\genesis-studio\packages\engines-py\.pdb_cache\4OBE,A
1853,ThermoMPNN,4OBE,2.0159080028533936,92,I,Q,F:\GENESIS Studio\genesis-studio\packages\engines-py\.pdb_cache\4OBE,A
1854,ThermoMPNN,4OBE,2.305210590362549,92,I,R,F:\GENESIS Studio\genesis-studio\packages\engines-py\.pdb_cache\4OBE,A
1855,ThermoMPNN,4OBE,2.2636594772338867,92,I,S,F:\GENESIS Studio\genesis-studio\packages\engines-py\.pdb_cache\4OBE,A
1856,ThermoMPNN,4OBE,1.8627830743789673,92,I,T,F:\GENESIS Studio\genesis-studio\packages\engines-py\.pdb_cache\4OBE,A
1857,ThermoMPNN,4OBE,0.730919599533081,92,I,V,F:\GENESIS Studio\genesis-studio\packages\engines-py\.pdb_cache\4OBE,A
1858,ThermoMPNN,4OBE,1.7751884460449219,92,I,W,F:\GENESIS Studio\genesis-studio\packages\engines-py\.pdb_cache\4OBE,A
1859,ThermoMPNN,4OBE,2.024139881134033,92,I,Y,F:\GENESIS Studio\genesis-studio\packages\engines-py\.pdb_cache\4OBE,A
1860,ThermoMPNN,4OBE,0.35511285066604614,93,H,A,F:\GENESIS Studio\genesis-studio\packages\engines-py\.pdb_cache\4OBE,A
1861,ThermoMPNN,4OBE,-0.02900826930999756,93,H,C,F:\GENESIS Studio\genesis-studio\packages\engines-py\.pdb_cache\4OBE,A
1862,ThermoMPNN,4OBE,0.7473302483558655,93,H,D,F:\GENESIS Studio\genesis-studio\packages\engines-py\.pdb_cache\4OBE,A
1863,ThermoMPNN,4OBE,0.40759003162384033,93,H,E,F:\GENESIS Studio\genesis-studio\packages\engines-py\.pdb_cache\4OBE,A
1864,ThermoMPNN,4OBE,0.10214966535568237,93,H,F,F:\GENESIS Studio\genesis-studio\packages\engines-py\.pdb_cache\4OBE,A
1865,ThermoMPNN,4OBE,0.570166826248169,93,H,G,F:\GENESIS Studio\genesis-studio\packages\engines-py\.pdb_cache\4OBE,A
1866,ThermoMPNN,4OBE,0.0,93,H,H,F:\GENESIS Studio\genesis-studio\packages\engines-py\.pdb_cache\4OBE,A
1867,ThermoMPNN,4OBE,0.158890962600708,93,H,I,F:\GENESIS Studio\genesis-studio\packages\engines-py\.pdb_cache\4OBE,A
1868,ThermoMPNN,4OBE,0.3149477243423462,93,H,K,F:\GENESIS Studio\genesis-studio\packages\engines-py\.pdb_cache\4OBE,A
1869,ThermoMPNN,4OBE,0.2545974850654602,93,H,L,F:\GENESIS Studio\genesis-studio\packages\engines-py\.pdb_cache\4OBE,A
1870,ThermoMPNN,4OBE,0.3869279623031616,93,H,M,F:\GENESIS Studio\genesis-studio\packages\engines-py\.pdb_cache\4OBE,A
1871,ThermoMPNN,4OBE,0.4625958204269409,93,H,N,F:\GENESIS Studio\genesis-studio\packages\engines-py\.pdb_cache\4OBE,A
1872,ThermoMPNN,4OBE,1.3485584259033203,93,H,P,F:\GENESIS Studio\genesis-studio\packages\engines-py\.pdb_cache\4OBE,A
1873,ThermoMPNN,4OBE,0.4069223999977112,93,H,Q,F:\GENESIS Studio\genesis-studio\packages\engines-py\.pdb_cache\4OBE,A
1874,ThermoMPNN,4OBE,0.2739484906196594,93,H,R,F:\GENESIS Studio\genesis-studio\packages\engines-py\.pdb_cache\4OBE,A
1875,ThermoMPNN,4OBE,0.504952073097229,93,H,S,F:\GENESIS Studio\genesis-studio\packages\engines-py\.pdb_cache\4OBE,A
1876,ThermoMPNN,4OBE,0.41560137271881104,93,H,T,F:\GENESIS Studio\genesis-studio\packages\engines-py\.pdb_cache\4OBE,A
1877,ThermoMPNN,4OBE,0.23443323373794556,93,H,V,F:\GENESIS Studio\genesis-studio\packages\engines-py\.pdb_cache\4OBE,A
1878,ThermoMPNN,4OBE,0.14910459518432617,93,H,W,F:\GENESIS Studio\genesis-studio\packages\engines-py\.pdb_cache\4OBE,A
1879,ThermoMPNN,4OBE,-0.13327741622924805,93,H,Y,F:\GENESIS Studio\genesis-studio\packages\engines-py\.pdb_cache\4OBE,A
1880,ThermoMPNN,4OBE,0.2904644012451172,94,H,A,F:\GENESIS Studio\genesis-studio\packages\engines-py\.pdb_cache\4OBE,A
1881,ThermoMPNN,4OBE,-0.2171921730041504,94,H,C,F:\GENESIS Studio\genesis-studio\packages\engines-py\.pdb_cache\4OBE,A
1882,ThermoMPNN,4OBE,0.5465955138206482,94,H,D,F:\GENESIS Studio\genesis-studio\packages\engines-py\.pdb_cache\4OBE,A
1883,ThermoMPNN,4OBE,0.3831363916397095,94,H,E,F:\GENESIS Studio\genesis-studio\packages\engines-py\.pdb_cache\4OBE,A
1884,ThermoMPNN,4OBE,-0.12718439102172852,94,H,F,F:\GENESIS Studio\genesis-studio\packages\engines-py\.pdb_cache\4OBE,A
1885,ThermoMPNN,4OBE,0.8621141314506531,94,H,G,F:\GENESIS Studio\genesis-studio\packages\engines-py\.pdb_cache\4OBE,A
1886,ThermoMPNN,4OBE,0.0,94,H,H,F:\GENESIS Studio\genesis-studio\packages\engines-py\.pdb_cache\4OBE,A
1887,ThermoMPNN,4OBE,-0.03152728080749512,94,H,I,F:\GENESIS Studio\genesis-studio\packages\engines-py\.pdb_cache\4OBE,A
1888,ThermoMPNN,4OBE,0.15782570838928223,94,H,K,F:\GENESIS Studio\genesis-studio\packages\engines-py\.pdb_cache\4OBE,A
1889,ThermoMPNN,4OBE,0.12457996606826782,94,H,L,F:\GENESIS Studio\genesis-studio\packages\engines-py\.pdb_cache\4OBE,A
1890,ThermoMPNN,4OBE,0.1399986743927002,94,H,M,F:\GENESIS Studio\genesis-studio\packages\engines-py\.pdb_cache\4OBE,A
1891,ThermoMPNN,4OBE,0.32221388816833496,94,H,N,F:\GENESIS Studio\genesis-studio\packages\engines-py\.pdb_cache\4OBE,A
1892,ThermoMPNN,4OBE,1.6955790519714355,94,H,P,F:\GENESIS Studio\genesis-studio\packages\engines-py\.pdb_cache\4OBE,A
1893,ThermoMPNN,4OBE,0.19755339622497559,94,H,Q,F:\GENESIS Studio\genesis-studio\packages\engines-py\.pdb_cache\4OBE,A
1894,ThermoMPNN,4OBE,0.12226539850234985,94,H,R,F:\GENESIS Studio\genesis-studio\packages\engines-py\.pdb_cache\4OBE,A
1895,ThermoMPNN,4OBE,0.24527227878570557,94,H,S,F:\GENESIS Studio\genesis-studio\packages\engines-py\.pdb_cache\4OBE,A
1896,ThermoMPNN,4OBE,0.14291512966156006,94,H,T,F:\GENESIS Studio\genesis-studio\packages\engines-py\.pdb_cache\4OBE,A
1897,ThermoMPNN,4OBE,0.032980918884277344,94,H,V,F:\GENESIS Studio\genesis-studio\packages\engines-py\.pdb_cache\4OBE,A
1898,ThermoMPNN,4OBE,-0.1710498332977295,94,H,W,F:\GENESIS Studio\genesis-studio\packages\engines-py\.pdb_cache\4OBE,A
1899,ThermoMPNN,4OBE,-0.2794017791748047,94,H,Y,F:\GENESIS Studio\genesis-studio\packages\engines-py\.pdb_cache\4OBE,A
1900,ThermoMPNN,4OBE,2.2074031829833984,95,Y,A,F:\GENESIS Studio\genesis-studio\packages\engines-py\.pdb_cache\4OBE,A
1901,ThermoMPNN,4OBE,1.382577896118164,95,Y,C,F:\GENESIS Studio\genesis-studio\packages\engines-py\.pdb_cache\4OBE,A
1902,ThermoMPNN,4OBE,2.5379021167755127,95,Y,D,F:\GENESIS Studio\genesis-studio\packages\engines-py\.pdb_cache\4OBE,A
1903,ThermoMPNN,4OBE,2.4545161724090576,95,Y,E,F:\GENESIS Studio\genesis-studio\packages\engines-py\.pdb_cache\4OBE,A
1904,ThermoMPNN,4OBE,0.6301026344299316,95,Y,F,F:\GENESIS Studio\genesis-studio\packages\engines-py\.pdb_cache\4OBE,A
1905,ThermoMPNN,4OBE,3.25630784034729,95,Y,G,F:\GENESIS Studio\genesis-studio\packages\engines-py\.pdb_cache\4OBE,A
1906,ThermoMPNN,4OBE,1.6805481910705566,95,Y,H,F:\GENESIS Studio\genesis-studio\packages\engines-py\.pdb_cache\4OBE,A
1907,ThermoMPNN,4OBE,0.87465500831604,95,Y,I,F:\GENESIS Studio\genesis-studio\packages\engines-py\.pdb_cache\4OBE,A
1908,ThermoMPNN,4OBE,2.32718825340271,95,Y,K,F:\GENESIS Studio\genesis-studio\packages\engines-py\.pdb_cache\4OBE,A
1909,ThermoMPNN,4OBE,0.6490793228149414,95,Y,L,F:\GENESIS Studio\genesis-studio\packages\engines-py\.pdb_cache\4OBE,A
1910,ThermoMPNN,4OBE,0.9698182344436646,95,Y,M,F:\GENESIS Studio\genesis-studio\packages\engines-py\.pdb_cache\4OBE,A
1911,ThermoMPNN,4OBE,2.401195526123047,95,Y,N,F:\GENESIS Studio\genesis-studio\packages\engines-py\.pdb_cache\4OBE,A
1912,ThermoMPNN,4OBE,3.2410576343536377,95,Y,P,F:\GENESIS Studio\genesis-studio\packages\engines-py\.pdb_cache\4OBE,A
1913,ThermoMPNN,4OBE,2.0758583545684814,95,Y,Q,F:\GENESIS Studio\genesis-studio\packages\engines-py\.pdb_cache\4OBE,A
1914,ThermoMPNN,4OBE,2.1095616817474365,95,Y,R,F:\GENESIS Studio\genesis-studio\packages\engines-py\.pdb_cache\4OBE,A
1915,ThermoMPNN,4OBE,2.462252140045166,95,Y,S,F:\GENESIS Studio\genesis-studio\packages\engines-py\.pdb_cache\4OBE,A
1916,ThermoMPNN,4OBE,2.087656021118164,95,Y,T,F:\GENESIS Studio\genesis-studio\packages\engines-py\.pdb_cache\4OBE,A
1917,ThermoMPNN,4OBE,1.4694054126739502,95,Y,V,F:\GENESIS Studio\genesis-studio\packages\engines-py\.pdb_cache\4OBE,A
1918,ThermoMPNN,4OBE,-0.06075143814086914,95,Y,W,F:\GENESIS Studio\genesis-studio\packages\engines-py\.pdb_cache\4OBE,A
1919,ThermoMPNN,4OBE,0.0,95,Y,Y,F:\GENESIS Studio\genesis-studio\packages\engines-py\.pdb_cache\4OBE,A
1920,ThermoMPNN,4OBE,-0.3748288154602051,96,R,A,F:\GENESIS Studio\genesis-studio\packages\engines-py\.pdb_cache\4OBE,A
1921,ThermoMPNN,4OBE,-0.8665907382965088,96,R,C,F:\GENESIS Studio\genesis-studio\packages\engines-py\.pdb_cache\4OBE,A
1922,ThermoMPNN,4OBE,0.8651698231697083,96,R,D,F:\GENESIS Studio\genesis-studio\packages\engines-py\.pdb_cache\4OBE,A
1923,ThermoMPNN,4OBE,0.5373103022575378,96,R,E,F:\GENESIS Studio\genesis-studio\packages\engines-py\.pdb_cache\4OBE,A
1924,ThermoMPNN,4OBE,-0.7886161804199219,96,R,F,F:\GENESIS Studio\genesis-studio\packages\engines-py\.pdb_cache\4OBE,A
1925,ThermoMPNN,4OBE,0.6195140480995178,96,R,G,F:\GENESIS Studio\genesis-studio\packages\engines-py\.pdb_cache\4OBE,A
1926,ThermoMPNN,4OBE,0.013810038566589355,96,R,H,F:\GENESIS Studio\genesis-studio\packages\engines-py\.pdb_cache\4OBE,A
1927,ThermoMPNN,4OBE,-1.9620940685272217,96,R,I,F:\GENESIS Studio\genesis-studio\packages\engines-py\.pdb_cache\4OBE,A
1928,ThermoMPNN,4OBE,0.17601072788238525,96,R,K,F:\GENESIS Studio\genesis-studio\packages\engines-py\.pdb_cache\4OBE,A
1929,ThermoMPNN,4OBE,-1.8413114547729492,96,R,L,F:\GENESIS Studio\genesis-studio\packages\engines-py\.pdb_cache\4OBE,A
1930,ThermoMPNN,4OBE,-1.2679450511932373,96,R,M,F:\GENESIS Studio\genesis-studio\packages\engines-py\.pdb_cache\4OBE,A
1931,ThermoMPNN,4OBE,0.5435269474983215,96,R,N,F:\GENESIS Studio\genesis-studio\packages\engines-py\.pdb_cache\4OBE,A
1932,ThermoMPNN,4OBE,1.0510263442993164,96,R,P,F:\GENESIS Studio\genesis-studio\packages\engines-py\.pdb_cache\4OBE,A
1933,ThermoMPNN,4OBE,0.2287745475769043,96,R,Q,F:\GENESIS Studio\genesis-studio\packages\engines-py\.pdb_cache\4OBE,A
1934,ThermoMPNN,4OBE,0.0,96,R,R,F:\GENESIS Studio\genesis-studio\packages\engines-py\.pdb_cache\4OBE,A
1935,ThermoMPNN,4OBE,0.17013949155807495,96,R,S,F:\GENESIS Studio\genesis-studio\packages\engines-py\.pdb_cache\4OBE,A
1936,ThermoMPNN,4OBE,-0.05053800344467163,96,R,T,F:\GENESIS Studio\genesis-studio\packages\engines-py\.pdb_cache\4OBE,A
1937,ThermoMPNN,4OBE,-1.1983404159545898,96,R,V,F:\GENESIS Studio\genesis-studio\packages\engines-py\.pdb_cache\4OBE,A
1938,ThermoMPNN,4OBE,-0.9043323993682861,96,R,W,F:\GENESIS Studio\genesis-studio\packages\engines-py\.pdb_cache\4OBE,A
1939,ThermoMPNN,4OBE,-0.8007274866104126,96,R,Y,F:\GENESIS Studio\genesis-studio\packages\engines-py\.pdb_cache\4OBE,A
1940,ThermoMPNN,4OBE,0.09120368957519531,97,E,A,F:\GENESIS Studio\genesis-studio\packages\engines-py\.pdb_cache\4OBE,A
1941,ThermoMPNN,4OBE,0.05811154842376709,97,E,C,F:\GENESIS Studio\genesis-studio\packages\engines-py\.pdb_cache\4OBE,A
1942,ThermoMPNN,4OBE,0.25444912910461426,97,E,D,F:\GENESIS Studio\genesis-studio\packages\engines-py\.pdb_cache\4OBE,A
1943,ThermoMPNN,4OBE,0.0,97,E,E,F:\GENESIS Studio\genesis-studio\packages\engines-py\.pdb_cache\4OBE,A
1944,ThermoMPNN,4OBE,0.5395063161849976,97,E,F,F:\GENESIS Studio\genesis-studio\packages\engines-py\.pdb_cache\4OBE,A
1945,ThermoMPNN,4OBE,0.8004340529441833,97,E,G,F:\GENESIS Studio\genesis-studio\packages\engines-py\.pdb_cache\4OBE,A
1946,ThermoMPNN,4OBE,0.5562961101531982,97,E,H,F:\GENESIS Studio\genesis-studio\packages\engines-py\.pdb_cache\4OBE,A
1947,ThermoMPNN,4OBE,0.5077284574508667,97,E,I,F:\GENESIS Studio\genesis-studio\packages\engines-py\.pdb_cache\4OBE,A
1948,ThermoMPNN,4OBE,0.4157504439353943,97,E,K,F:\GENESIS Studio\genesis-studio\packages\engines-py\.pdb_cache\4OBE,A
1949,ThermoMPNN,4OBE,0.29386377334594727,97,E,L,F:\GENESIS Studio\genesis-studio\packages\engines-py\.pdb_cache\4OBE,A
1950,ThermoMPNN,4OBE,0.32681524753570557,97,E,M,F:\GENESIS Studio\genesis-studio\packages\engines-py\.pdb_cache\4OBE,A
1951,ThermoMPNN,4OBE,0.4265649914741516,97,E,N,F:\GENESIS Studio\genesis-studio\packages\engines-py\.pdb_cache\4OBE,A
1952,ThermoMPNN,4OBE,2.4295387268066406,97,E,P,F:\GENESIS Studio\genesis-studio\packages\engines-py\.pdb_cache\4OBE,A
1953,ThermoMPNN,4OBE,0.3436394929885864,97,E,Q,F:\GENESIS Studio\genesis-studio\packages\engines-py\.pdb_cache\4OBE,A
1954,ThermoMPNN,4OBE,0.395250141620636,97,E,R,F:\GENESIS Studio\genesis-studio\packages\engines-py\.pdb_cache\4OBE,A
1955,ThermoMPNN,4OBE,0.4071267247200012,97,E,S,F:\GENESIS Studio\genesis-studio\packages\engines-py\.pdb_cache\4OBE,A
1956,ThermoMPNN,4OBE,0.6357007622718811,97,E,T,F:\GENESIS Studio\genesis-studio\packages\engines-py\.pdb_cache\4OBE,A
1957,ThermoMPNN,4OBE,0.6655787229537964,97,E,V,F:\GENESIS Studio\genesis-studio\packages\engines-py\.pdb_cache\4OBE,A
1958,ThermoMPNN,4OBE,0.45693719387054443,97,E,W,F:\GENESIS Studio\genesis-studio\packages\engines-py\.pdb_cache\4OBE,A
1959,ThermoMPNN,4OBE,0.48673057556152344,97,E,Y,F:\GENESIS Studio\genesis-studio\packages\engines-py\.pdb_cache\4OBE,A
1960,ThermoMPNN,4OBE,0.0853084921836853,98,Q,A,F:\GENESIS Studio\genesis-studio\packages\engines-py\.pdb_cache\4OBE,A
1961,ThermoMPNN,4OBE,-0.21531593799591064,98,Q,C,F:\GENESIS Studio\genesis-studio\packages\engines-py\.pdb_cache\4OBE,A
1962,ThermoMPNN,4OBE,0.14660239219665527,98,Q,D,F:\GENESIS Studio\genesis-studio\packages\engines-py\.pdb_cache\4OBE,A
1963,ThermoMPNN,4OBE,-0.3146188259124756,98,Q,E,F:\GENESIS Studio\genesis-studio\packages\engines-py\.pdb_cache\4OBE,A
1964,ThermoMPNN,4OBE,-0.35852575302124023,98,Q,F,F:\GENESIS Studio\genesis-studio\packages\engines-py\.pdb_cache\4OBE,A
1965,ThermoMPNN,4OBE,1.0915985107421875,98,Q,G,F:\GENESIS Studio\genesis-studio\packages\engines-py\.pdb_cache\4OBE,A
1966,ThermoMPNN,4OBE,0.3164460062980652,98,Q,H,F:\GENESIS Studio\genesis-studio\packages\engines-py\.pdb_cache\4OBE,A
1967,ThermoMPNN,4OBE,-0.012807846069335938,98,Q,I,F:\GENESIS Studio\genesis-studio\packages\engines-py\.pdb_cache\4OBE,A
1968,ThermoMPNN,4OBE,0.7466592788696289,98,Q,K,F:\GENESIS Studio\genesis-studio\packages\engines-py\.pdb_cache\4OBE,A
1969,ThermoMPNN,4OBE,-0.13457471132278442,98,Q,L,F:\GENESIS Studio\genesis-studio\packages\engines-py\.pdb_cache\4OBE,A
1970,ThermoMPNN,4OBE,-0.29632997512817383,98,Q,M,F:\GENESIS Studio\genesis-studio\packages\engines-py\.pdb_cache\4OBE,A
1971,ThermoMPNN,4OBE,0.6874095797538757,98,Q,N,F:\GENESIS Studio\genesis-studio\packages\engines-py\.pdb_cache\4OBE,A
1972,ThermoMPNN,4OBE,2.6749308109283447,98,Q,P,F:\GENESIS Studio\genesis-studio\packages\engines-py\.pdb_cache\4OBE,A
1973,ThermoMPNN,4OBE,0.0,98,Q,Q,F:\GENESIS Studio\genesis-studio\packages\engines-py\.pdb_cache\4OBE,A
1974,ThermoMPNN,4OBE,0.5486212372779846,98,Q,R,F:\GENESIS Studio\genesis-studio\packages\engines-py\.pdb_cache\4OBE,A
1975,ThermoMPNN,4OBE,0.21021974086761475,98,Q,S,F:\GENESIS Studio\genesis-studio\packages\engines-py\.pdb_cache\4OBE,A
1976,ThermoMPNN,4OBE,0.06780648231506348,98,Q,T,F:\GENESIS Studio\genesis-studio\packages\engines-py\.pdb_cache\4OBE,A
1977,ThermoMPNN,4OBE,0.0909540057182312,98,Q,V,F:\GENESIS Studio\genesis-studio\packages\engines-py\.pdb_cache\4OBE,A
1978,ThermoMPNN,4OBE,-0.38851332664489746,98,Q,W,F:\GENESIS Studio\genesis-studio\packages\engines-py\.pdb_cache\4OBE,A
1979,ThermoMPNN,4OBE,-0.3733806610107422,98,Q,Y,F:\GENESIS Studio\genesis-studio\packages\engines-py\.pdb_cache\4OBE,A
1980,ThermoMPNN,4OBE,1.9103995561599731,99,I,A,F:\GENESIS Studio\genesis-studio\packages\engines-py\.pdb_cache\4OBE,A
1981,ThermoMPNN,4OBE,1.535294771194458,99,I,C,F:\GENESIS Studio\genesis-studio\packages\engines-py\.pdb_cache\4OBE,A
1982,ThermoMPNN,4OBE,2.421651601791382,99,I,D,F:\GENESIS Studio\genesis-studio\packages\engines-py\.pdb_cache\4OBE,A
1983,ThermoMPNN,4OBE,2.41509747505188,99,I,E,F:\GENESIS Studio\genesis-studio\packages\engines-py\.pdb_cache\4OBE,A
1984,ThermoMPNN,4OBE,1.2936415672302246,99,I,F,F:\GENESIS Studio\genesis-studio\packages\engines-py\.pdb_cache\4OBE,A
1985,ThermoMPNN,4OBE,2.6214985847473145,99,I,G,F:\GENESIS Studio\genesis-studio\packages\engines-py\.pdb_cache\4OBE,A
1986,ThermoMPNN,4OBE,2.592709541320801,99,I,H,F:\GENESIS Studio\genesis-studio\packages\engines-py\.pdb_cache\4OBE,A
1987,ThermoMPNN,4OBE,0.0,99,I,I,F:\GENESIS Studio\genesis-studio\packages\engines-py\.pdb_cache\4OBE,A
1988,ThermoMPNN,4OBE,2.6251864433288574,99,I,K,F:\GENESIS Studio\genesis-studio\packages\engines-py\.pdb_cache\4OBE,A
1989,ThermoMPNN,4OBE,0.6882193088531494,99,I,L,F:\GENESIS Studio\genesis-studio\packages\engines-py\.pdb_cache\4OBE,A
1990,ThermoMPNN,4OBE,1.1974642276763916,99,I,M,F:\GENESIS Studio\genesis-studio\packages\engines-py\.pdb_cache\4OBE,A
1991,ThermoMPNN,4OBE,2.5581283569335938,99,I,N,F:\GENESIS Studio\genesis-studio\packages\engines-py\.pdb_cache\4OBE,A
1992,ThermoMPNN,4OBE,2.452725410461426,99,I,P,F:\GENESIS Studio\genesis-studio\packages\engines-py\.pdb_cache\4OBE,A
1993,ThermoMPNN,4OBE,2.5264527797698975,99,I,Q,F:\GENESIS Studio\genesis-studio\packages\engines-py\.pdb_cache\4OBE,A
1994,ThermoMPNN,4OBE,2.6608922481536865,99,I,R,F:\GENESIS Studio\genesis-studio\packages\engines-py\.pdb_cache\4OBE,A
1995,ThermoMPNN,4OBE,2.2916042804718018,99,I,S,F:\GENESIS Studio\genesis-studio\packages\engines-py\.pdb_cache\4OBE,A
1996,ThermoMPNN,4OBE,1.9694926738739014,99,I,T,F:\GENESIS Studio\genesis-studio\packages\engines-py\.pdb_cache\4OBE,A
1997,ThermoMPNN,4OBE,0.8108859062194824,99,I,V,F:\GENESIS Studio\genesis-studio\packages\engines-py\.pdb_cache\4OBE,A
1998,ThermoMPNN,4OBE,1.8455580472946167,99,I,W,F:\GENESIS Studio\genesis-studio\packages\engines-py\.pdb_cache\4OBE,A
1999,ThermoMPNN,4OBE,1.8425443172454834,99,I,Y,F:\GENESIS Studio\genesis-studio\packages\engines-py\.pdb_cache\4OBE,A
2000,ThermoMPNN,4OBE,0.26789581775665283,100,K,A,F:\GENESIS Studio\genesis-studio\packages\engines-py\.pdb_cache\4OBE,A
2001,ThermoMPNN,4OBE,0.08929610252380371,100,K,C,F:\GENESIS Studio\genesis-studio\packages\engines-py\.pdb_cache\4OBE,A
2002,ThermoMPNN,4OBE,1.630129337310791,100,K,D,F:\GENESIS Studio\genesis-studio\packages\engines-py\.pdb_cache\4OBE,A
2003,ThermoMPNN,4OBE,0.6977569460868835,100,K,E,F:\GENESIS Studio\genesis-studio\packages\engines-py\.pdb_cache\4OBE,A
2004,ThermoMPNN,4OBE,0.425110399723053,100,K,F,F:\GENESIS Studio\genesis-studio\packages\engines-py\.pdb_cache\4OBE,A
2005,ThermoMPNN,4OBE,0.9465845823287964,100,K,G,F:\GENESIS Studio\genesis-studio\packages\engines-py\.pdb_cache\4OBE,A
2006,ThermoMPNN,4OBE,0.4706178903579712,100,K,H,F:\GENESIS Studio\genesis-studio\packages\engines-py\.pdb_cache\4OBE,A
2007,ThermoMPNN,4OBE,0.24888825416564941,100,K,I,F:\GENESIS Studio\genesis-studio\packages\engines-py\.pdb_cache\4OBE,A
2008,ThermoMPNN,4OBE,0.0,100,K,K,F:\GENESIS Studio\genesis-studio\packages\engines-py\.pdb_cache\4OBE,A
2009,ThermoMPNN,4OBE,0.20980799198150635,100,K,L,F:\GENESIS Studio\genesis-studio\packages\engines-py\.pdb_cache\4OBE,A
2010,ThermoMPNN,4OBE,0.05031406879425049,100,K,M,F:\GENESIS Studio\genesis-studio\packages\engines-py\.pdb_cache\4OBE,A
2011,ThermoMPNN,4OBE,0.891831636428833,100,K,N,F:\GENESIS Studio\genesis-studio\packages\engines-py\.pdb_cache\4OBE,A
2012,ThermoMPNN,4OBE,2.3354907035827637,100,K,P,F:\GENESIS Studio\genesis-studio\packages\engines-py\.pdb_cache\4OBE,A
2013,ThermoMPNN,4OBE,0.06602668762207031,100,K,Q,F:\GENESIS Studio\genesis-studio\packages\engines-py\.pdb_cache\4OBE,A
2014,ThermoMPNN,4OBE,0.11666345596313477,100,K,R,F:\GENESIS Studio\genesis-studio\packages\engines-py\.pdb_cache\4OBE,A
2015,ThermoMPNN,4OBE,0.5560474395751953,100,K,S,F:\GENESIS Studio\genesis-studio\packages\engines-py\.pdb_cache\4OBE,A
2016,ThermoMPNN,4OBE,0.5224477648735046,100,K,T,F:\GENESIS Studio\genesis-studio\packages\engines-py\.pdb_cache\4OBE,A
2017,ThermoMPNN,4OBE,0.4118853211402893,100,K,V,F:\GENESIS Studio\genesis-studio\packages\engines-py\.pdb_cache\4OBE,A
2018,ThermoMPNN,4OBE,0.6910416483879089,100,K,W,F:\GENESIS Studio\genesis-studio\packages\engines-py\.pdb_cache\4OBE,A
2019,ThermoMPNN,4OBE,0.5358951687812805,100,K,Y,F:\GENESIS Studio\genesis-studio\packages\engines-py\.pdb_cache\4OBE,A
2020,ThermoMPNN,4OBE,0.6804341077804565,101,R,A,F:\GENESIS Studio\genesis-studio\packages\engines-py\.pdb_cache\4OBE,A
2021,ThermoMPNN,4OBE,0.7299486398696899,101,R,C,F:\GENESIS Studio\genesis-studio\packages\engines-py\.pdb_cache\4OBE,A
2022,ThermoMPNN,4OBE,1.4481449127197266,101,R,D,F:\GENESIS Studio\genesis-studio\packages\engines-py\.pdb_cache\4OBE,A
2023,ThermoMPNN,4OBE,1.0711537599563599,101,R,E,F:\GENESIS Studio\genesis-studio\packages\engines-py\.pdb_cache\4OBE,A
2024,ThermoMPNN,4OBE,0.8884742856025696,101,R,F,F:\GENESIS Studio\genesis-studio\packages\engines-py\.pdb_cache\4OBE,A
2025,ThermoMPNN,4OBE,1.5207552909851074,101,R,G,F:\GENESIS Studio\genesis-studio\packages\engines-py\.pdb_cache\4OBE,A
2026,ThermoMPNN,4OBE,0.8987529277801514,101,R,H,F:\GENESIS Studio\genesis-studio\packages\engines-py\.pdb_cache\4OBE,A
2027,ThermoMPNN,4OBE,0.7057687044143677,101,R,I,F:\GENESIS Studio\genesis-studio\packages\engines-py\.pdb_cache\4OBE,A
2028,ThermoMPNN,4OBE,0.2979292869567871,101,R,K,F:\GENESIS Studio\genesis-studio\packages\engines-py\.pdb_cache\4OBE,A
2029,ThermoMPNN,4OBE,0.5750199556350708,101,R,L,F:\GENESIS Studio\genesis-studio\packages\engines-py\.pdb_cache\4OBE,A
2030,ThermoMPNN,4OBE,0.6162593364715576,101,R,M,F:\GENESIS Studio\genesis-studio\packages\engines-py\.pdb_cache\4OBE,A
2031,ThermoMPNN,4OBE,0.9757874011993408,101,R,N,F:\GENESIS Studio\genesis-studio\packages\engines-py\.pdb_cache\4OBE,A
2032,ThermoMPNN,4OBE,3.3126769065856934,101,R,P,F:\GENESIS Studio\genesis-studio\packages\engines-py\.pdb_cache\4OBE,A
2033,ThermoMPNN,4OBE,0.7353196740150452,101,R,Q,F:\GENESIS Studio\genesis-studio\packages\engines-py\.pdb_cache\4OBE,A
2034,ThermoMPNN,4OBE,0.0,101,R,R,F:\GENESIS Studio\genesis-studio\packages\engines-py\.pdb_cache\4OBE,A
2035,ThermoMPNN,4OBE,0.9291528463363647,101,R,S,F:\GENESIS Studio\genesis-studio\packages\engines-py\.pdb_cache\4OBE,A
2036,ThermoMPNN,4OBE,0.9381979703903198,101,R,T,F:\GENESIS Studio\genesis-studio\packages\engines-py\.pdb_cache\4OBE,A
2037,ThermoMPNN,4OBE,0.922314465045929,101,R,V,F:\GENESIS Studio\genesis-studio\packages\engines-py\.pdb_cache\4OBE,A
2038,ThermoMPNN,4OBE,0.9408754110336304,101,R,W,F:\GENESIS Studio\genesis-studio\packages\engines-py\.pdb_cache\4OBE,A
2039,ThermoMPNN,4OBE,0.843241810798645,101,R,Y,F:\GENESIS Studio\genesis-studio\packages\engines-py\.pdb_cache\4OBE,A
2040,ThermoMPNN,4OBE,1.0133910179138184,102,V,A,F:\GENESIS Studio\genesis-studio\packages\engines-py\.pdb_cache\4OBE,A
2041,ThermoMPNN,4OBE,0.5959453582763672,102,V,C,F:\GENESIS Studio\genesis-studio\packages\engines-py\.pdb_cache\4OBE,A
2042,ThermoMPNN,4OBE,1.9550769329071045,102,V,D,F:\GENESIS Studio\genesis-studio\packages\engines-py\.pdb_cache\4OBE,A
2043,ThermoMPNN,4OBE,1.598013162612915,102,V,E,F:\GENESIS Studio\genesis-studio\packages\engines-py\.pdb_cache\4OBE,A
2044,ThermoMPNN,4OBE,0.6717057824134827,102,V,F,F:\GENESIS Studio\genesis-studio\packages\engines-py\.pdb_cache\4OBE,A
2045,ThermoMPNN,4OBE,2.060657501220703,102,V,G,F:\GENESIS Studio\genesis-studio\packages\engines-py\.pdb_cache\4OBE,A
2046,ThermoMPNN,4OBE,1.2603764533996582,102,V,H,F:\GENESIS Studio\genesis-studio\packages\engines-py\.pdb_cache\4OBE,A
2047,ThermoMPNN,4OBE,-0.2979772090911865,102,V,I,F:\GENESIS Studio\genesis-studio\packages\engines-py\.pdb_cache\4OBE,A
2048,ThermoMPNN,4OBE,1.6265223026275635,102,V,K,F:\GENESIS Studio\genesis-studio\packages\engines-py\.pdb_cache\4OBE,A
2049,ThermoMPNN,4OBE,0.3383486270904541,102,V,L,F:\GENESIS Studio\genesis-studio\packages\engines-py\.pdb_cache\4OBE,A
2050,ThermoMPNN,4OBE,0.7093880772590637,102,V,M,F:\GENESIS Studio\genesis-studio\packages\engines-py\.pdb_cache\4OBE,A
2051,ThermoMPNN,4OBE,1.7405951023101807,102,V,N,F:\GENESIS Studio\genesis-studio\packages\engines-py\.pdb_cache\4OBE,A
2052,ThermoMPNN,4OBE,2.6628758907318115,102,V,P,F:\GENESIS Studio\genesis-studio\packages\engines-py\.pdb_cache\4OBE,A
2053,ThermoMPNN,4OBE,1.4678641557693481,102,V,Q,F:\GENESIS Studio\genesis-studio\packages\engines-py\.pdb_cache\4OBE,A
2054,ThermoMPNN,4OBE,1.5154258012771606,102,V,R,F:\GENESIS Studio\genesis-studio\packages\engines-py\.pdb_cache\4OBE,A
2055,ThermoMPNN,4OBE,1.3667528629302979,102,V,S,F:\GENESIS Studio\genesis-studio\packages\engines-py\.pdb_cache\4OBE,A
2056,ThermoMPNN,4OBE,0.6575484275817871,102,V,T,F:\GENESIS Studio\genesis-studio\packages\engines-py\.pdb_cache\4OBE,A
2057,ThermoMPNN,4OBE,0.0,102,V,V,F:\GENESIS Studio\genesis-studio\packages\engines-py\.pdb_cache\4OBE,A
2058,ThermoMPNN,4OBE,0.728887677192688,102,V,W,F:\GENESIS Studio\genesis-studio\packages\engines-py\.pdb_cache\4OBE,A
2059,ThermoMPNN,4OBE,0.5408006906509399,102,V,Y,F:\GENESIS Studio\genesis-studio\packages\engines-py\.pdb_cache\4OBE,A
2060,ThermoMPNN,4OBE,1.2668895721435547,103,K,A,F:\GENESIS Studio\genesis-studio\packages\engines-py\.pdb_cache\4OBE,A
2061,ThermoMPNN,4OBE,0.7041736841201782,103,K,C,F:\GENESIS Studio\genesis-studio\packages\engines-py\.pdb_cache\4OBE,A
2062,ThermoMPNN,4OBE,2.5405261516571045,103,K,D,F:\GENESIS Studio\genesis-studio\packages\engines-py\.pdb_cache\4OBE,A
2063,ThermoMPNN,4OBE,2.16070556640625,103,K,E,F:\GENESIS Studio\genesis-studio\packages\engines-py\.pdb_cache\4OBE,A
2064,ThermoMPNN,4OBE,0.9486619234085083,103,K,F,F:\GENESIS Studio\genesis-studio\packages\engines-py\.pdb_cache\4OBE,A
2065,ThermoMPNN,4OBE,1.8292653560638428,103,K,G,F:\GENESIS Studio\genesis-studio\packages\engines-py\.pdb_cache\4OBE,A
2066,ThermoMPNN,4OBE,1.2993736267089844,103,K,H,F:\GENESIS Studio\genesis-studio\packages\engines-py\.pdb_cache\4OBE,A
2067,ThermoMPNN,4OBE,0.5889782905578613,103,K,I,F:\GENESIS Studio\genesis-studio\packages\engines-py\.pdb_cache\4OBE,A
2068,ThermoMPNN,4OBE,0.0,103,K,K,F:\GENESIS Studio\genesis-studio\packages\engines-py\.pdb_cache\4OBE,A
2069,ThermoMPNN,4OBE,0.5927064418792725,103,K,L,F:\GENESIS Studio\genesis-studio\packages\engines-py\.pdb_cache\4OBE,A
2070,ThermoMPNN,4OBE,0.7172220945358276,103,K,M,F:\GENESIS Studio\genesis-studio\packages\engines-py\.pdb_cache\4OBE,A
2071,ThermoMPNN,4OBE,1.6315433979034424,103,K,N,F:\GENESIS Studio\genesis-studio\packages\engines-py\.pdb_cache\4OBE,A
2072,ThermoMPNN,4OBE,1.8428864479064941,103,K,P,F:\GENESIS Studio\genesis-studio\packages\engines-py\.pdb_cache\4OBE,A
2073,ThermoMPNN,4OBE,1.013580322265625,103,K,Q,F:\GENESIS Studio\genesis-studio\packages\engines-py\.pdb_cache\4OBE,A
2074,ThermoMPNN,4OBE,-0.004245638847351074,103,K,R,F:\GENESIS Studio\genesis-studio\packages\engines-py\.pdb_cache\4OBE,A
2075,ThermoMPNN,4OBE,1.541518211364746,103,K,S,F:\GENESIS Studio\genesis-studio\packages\engines-py\.pdb_cache\4OBE,A
2076,ThermoMPNN,4OBE,1.301092505455017,103,K,T,F:\GENESIS Studio\genesis-studio\packages\engines-py\.pdb_cache\4OBE,A
2077,ThermoMPNN,4OBE,0.9216130971908569,103,K,V,F:\GENESIS Studio\genesis-studio\packages\engines-py\.pdb_cache\4OBE,A
2078,ThermoMPNN,4OBE,1.1802783012390137,103,K,W,F:\GENESIS Studio\genesis-studio\packages\engines-py\.pdb_cache\4OBE,A
2079,ThermoMPNN,4OBE,0.9201486706733704,103,K,Y,F:\GENESIS Studio\genesis-studio\packages\engines-py\.pdb_cache\4OBE,A
2080,ThermoMPNN,4OBE,0.2500973343849182,104,D,A,F:\GENESIS Studio\genesis-studio\packages\engines-py\.pdb_cache\4OBE,A
2081,ThermoMPNN,4OBE,-0.28103435039520264,104,D,C,F:\GENESIS Studio\genesis-studio\packages\engines-py\.pdb_cache\4OBE,A
2082,ThermoMPNN,4OBE,0.0,104,D,D,F:\GENESIS Studio\genesis-studio\packages\engines-py\.pdb_cache\4OBE,A
2083,ThermoMPNN,4OBE,0.18433016538619995,104,D,E,F:\GENESIS Studio\genesis-studio\packages\engines-py\.pdb_cache\4OBE,A
2084,ThermoMPNN,4OBE,0.17892038822174072,104,D,F,F:\GENESIS Studio\genesis-studio\packages\engines-py\.pdb_cache\4OBE,A
2085,ThermoMPNN,4OBE,-0.347802996635437,104,D,G,F:\GENESIS Studio\genesis-studio\packages\engines-py\.pdb_cache\4OBE,A
2086,ThermoMPNN,4OBE,-0.014500021934509277,104,D,H,F:\GENESIS Studio\genesis-studio\packages\engines-py\.pdb_cache\4OBE,A
2087,ThermoMPNN,4OBE,0.9440556764602661,104,D,I,F:\GENESIS Studio\genesis-studio\packages\engines-py\.pdb_cache\4OBE,A
2088,ThermoMPNN,4OBE,0.10645723342895508,104,D,K,F:\GENESIS Studio\genesis-studio\packages\engines-py\.pdb_cache\4OBE,A
2089,ThermoMPNN,4OBE,0.36365067958831787,104,D,L,F:\GENESIS Studio\genesis-studio\packages\engines-py\.pdb_cache\4OBE,A
2090,ThermoMPNN,4OBE,0.09985506534576416,104,D,M,F:\GENESIS Studio\genesis-studio\packages\engines-py\.pdb_cache\4OBE,A
2091,ThermoMPNN,4OBE,-0.3217935562133789,104,D,N,F:\GENESIS Studio\genesis-studio\packages\engines-py\.pdb_cache\4OBE,A
2092,ThermoMPNN,4OBE,1.449052333831787,104,D,P,F:\GENESIS Studio\genesis-studio\packages\engines-py\.pdb_cache\4OBE,A
2093,ThermoMPNN,4OBE,0.014547944068908691,104,D,Q,F:\GENESIS Studio\genesis-studio\packages\engines-py\.pdb_cache\4OBE,A
2094,ThermoMPNN,4OBE,0.23755300045013428,104,D,R,F:\GENESIS Studio\genesis-studio\packages\engines-py\.pdb_cache\4OBE,A
2095,ThermoMPNN,4OBE,0.20262914896011353,104,D,S,F:\GENESIS Studio\genesis-studio\packages\engines-py\.pdb_cache\4OBE,A
2096,ThermoMPNN,4OBE,0.7462254166603088,104,D,T,F:\GENESIS Studio\genesis-studio\packages\engines-py\.pdb_cache\4OBE,A
2097,ThermoMPNN,4OBE,0.9478563666343689,104,D,V,F:\GENESIS Studio\genesis-studio\packages\engines-py\.pdb_cache\4OBE,A
2098,ThermoMPNN,4OBE,0.3962370753288269,104,D,W,F:\GENESIS Studio\genesis-studio\packages\engines-py\.pdb_cache\4OBE,A
2099,ThermoMPNN,4OBE,0.35888999700546265,104,D,Y,F:\GENESIS Studio\genesis-studio\packages\engines-py\.pdb_cache\4OBE,A
2100,ThermoMPNN,4OBE,0.601902425289154,105,S,A,F:\GENESIS Studio\genesis-studio\packages\engines-py\.pdb_cache\4OBE,A
2101,ThermoMPNN,4OBE,0.6420936584472656,105,S,C,F:\GENESIS Studio\genesis-studio\packages\engines-py\.pdb_cache\4OBE,A
2102,ThermoMPNN,4OBE,0.7167446613311768,105,S,D,F:\GENESIS Studio\genesis-studio\packages\engines-py\.pdb_cache\4OBE,A
2103,ThermoMPNN,4OBE,1.0143624544143677,105,S,E,F:\GENESIS Studio\genesis-studio\packages\engines-py\.pdb_cache\4OBE,A
2104,ThermoMPNN,4OBE,1.2732036113739014,105,S,F,F:\GENESIS Studio\genesis-studio\packages\engines-py\.pdb_cache\4OBE,A
2105,ThermoMPNN,4OBE,1.039503574371338,105,S,G,F:\GENESIS Studio\genesis-studio\packages\engines-py\.pdb_cache\4OBE,A
2106,ThermoMPNN,4OBE,1.2292234897613525,105,S,H,F:\GENESIS Studio\genesis-studio\packages\engines-py\.pdb_cache\4OBE,A
2107,ThermoMPNN,4OBE,1.1143276691436768,105,S,I,F:\GENESIS Studio\genesis-studio\packages\engines-py\.pdb_cache\4OBE,A
2108,ThermoMPNN,4OBE,1.1523833274841309,105,S,K,F:\GENESIS Studio\genesis-studio\packages\engines-py\.pdb_cache\4OBE,A
2109,ThermoMPNN,4OBE,0.9235759973526001,105,S,L,F:\GENESIS Studio\genesis-studio\packages\engines-py\.pdb_cache\4OBE,A
2110,ThermoMPNN,4OBE,0.7866370677947998,105,S,M,F:\GENESIS Studio\genesis-studio\packages\engines-py\.pdb_cache\4OBE,A
2111,ThermoMPNN,4OBE,0.8258440494537354,105,S,N,F:\GENESIS Studio\genesis-studio\packages\engines-py\.pdb_cache\4OBE,A
2112,ThermoMPNN,4OBE,1.5700815916061401,105,S,P,F:\GENESIS Studio\genesis-studio\packages\engines-py\.pdb_cache\4OBE,A
2113,ThermoMPNN,4OBE,0.921351432800293,105,S,Q,F:\GENESIS Studio\genesis-studio\packages\engines-py\.pdb_cache\4OBE,A
2114,ThermoMPNN,4OBE,1.1907496452331543,105,S,R,F:\GENESIS Studio\genesis-studio\packages\engines-py\.pdb_cache\4OBE,A
2115,ThermoMPNN,4OBE,0.0,105,S,S,F:\GENESIS Studio\genesis-studio\packages\engines-py\.pdb_cache\4OBE,A
2116,ThermoMPNN,4OBE,0.08757567405700684,105,S,T,F:\GENESIS Studio\genesis-studio\packages\engines-py\.pdb_cache\4OBE,A
2117,ThermoMPNN,4OBE,1.1755861043930054,105,S,V,F:\GENESIS Studio\genesis-studio\packages\engines-py\.pdb_cache\4OBE,A
2118,ThermoMPNN,4OBE,1.3820711374282837,105,S,W,F:\GENESIS Studio\genesis-studio\packages\engines-py\.pdb_cache\4OBE,A
2119,ThermoMPNN,4OBE,1.5464246273040771,105,S,Y,F:\GENESIS Studio\genesis-studio\packages\engines-py\.pdb_cache\4OBE,A
2120,ThermoMPNN,4OBE,0.1040802001953125,106,E,A,F:\GENESIS Studio\genesis-studio\packages\engines-py\.pdb_cache\4OBE,A
2121,ThermoMPNN,4OBE,-0.08397316932678223,106,E,C,F:\GENESIS Studio\genesis-studio\packages\engines-py\.pdb_cache\4OBE,A
2122,ThermoMPNN,4OBE,-0.253667414188385,106,E,D,F:\GENESIS Studio\genesis-studio\packages\engines-py\.pdb_cache\4OBE,A
2123,ThermoMPNN,4OBE,0.0,106,E,E,F:\GENESIS Studio\genesis-studio\packages\engines-py\.pdb_cache\4OBE,A
2124,ThermoMPNN,4OBE,0.19831424951553345,106,E,F,F:\GENESIS Studio\genesis-studio\packages\engines-py\.pdb_cache\4OBE,A
2125,ThermoMPNN,4OBE,0.27850764989852905,106,E,G,F:\GENESIS Studio\genesis-studio\packages\engines-py\.pdb_cache\4OBE,A
2126,ThermoMPNN,4OBE,0.08488130569458008,106,E,H,F:\GENESIS Studio\genesis-studio\packages\engines-py\.pdb_cache\4OBE,A
2127,ThermoMPNN,4OBE,0.2485949993133545,106,E,I,F:\GENESIS Studio\genesis-studio\packages\engines-py\.pdb_cache\4OBE,A
2128,ThermoMPNN,4OBE,0.20987045764923096,106,E,K,F:\GENESIS Studio\genesis-studio\packages\engines-py\.pdb_cache\4OBE,A
2129,ThermoMPNN,4OBE,0.1282094120979309,106,E,L,F:\GENESIS Studio\genesis-studio\packages\engines-py\.pdb_cache\4OBE,A
2130,ThermoMPNN,4OBE,0.25984805822372437,106,E,M,F:\GENESIS Studio\genesis-studio\packages\engines-py\.pdb_cache\4OBE,A
2131,ThermoMPNN,4OBE,-0.06872832775115967,106,E,N,F:\GENESIS Studio\genesis-studio\packages\engines-py\.pdb_cache\4OBE,A
2132,ThermoMPNN,4OBE,0.1693149209022522,106,E,P,F:\GENESIS Studio\genesis-studio\packages\engines-py\.pdb_cache\4OBE,A
2133,ThermoMPNN,4OBE,0.188726544380188,106,E,Q,F:\GENESIS Studio\genesis-studio\packages\engines-py\.pdb_cache\4OBE,A
2134,ThermoMPNN,4OBE,0.26448720693588257,106,E,R,F:\GENESIS Studio\genesis-studio\packages\engines-py\.pdb_cache\4OBE,A
2135,ThermoMPNN,4OBE,0.002035379409790039,106,E,S,F:\GENESIS Studio\genesis-studio\packages\engines-py\.pdb_cache\4OBE,A
2136,ThermoMPNN,4OBE,0.10512256622314453,106,E,T,F:\GENESIS Studio\genesis-studio\packages\engines-py\.pdb_cache\4OBE,A
2137,ThermoMPNN,4OBE,0.30925649404525757,106,E,V,F:\GENESIS Studio\genesis-studio\packages\engines-py\.pdb_cache\4OBE,A
2138,ThermoMPNN,4OBE,0.1762768030166626,106,E,W,F:\GENESIS Studio\genesis-studio\packages\engines-py\.pdb_cache\4OBE,A
2139,ThermoMPNN,4OBE,0.18921560049057007,106,E,Y,F:\GENESIS Studio\genesis-studio\packages\engines-py\.pdb_cache\4OBE,A
2140,ThermoMPNN,4OBE,0.8681104779243469,107,D,A,F:\GENESIS Studio\genesis-studio\packages\engines-py\.pdb_cache\4OBE,A
2141,ThermoMPNN,4OBE,0.3620487451553345,107,D,C,F:\GENESIS Studio\genesis-studio\packages\engines-py\.pdb_cache\4OBE,A
2142,ThermoMPNN,4OBE,0.0,107,D,D,F:\GENESIS Studio\genesis-studio\packages\engines-py\.pdb_cache\4OBE,A
2143,ThermoMPNN,4OBE,0.6048358082771301,107,D,E,F:\GENESIS Studio\genesis-studio\packages\engines-py\.pdb_cache\4OBE,A
2144,ThermoMPNN,4OBE,0.5628618001937866,107,D,F,F:\GENESIS Studio\genesis-studio\packages\engines-py\.pdb_cache\4OBE,A
2145,ThermoMPNN,4OBE,1.2684754133224487,107,D,G,F:\GENESIS Studio\genesis-studio\packages\engines-py\.pdb_cache\4OBE,A
2146,ThermoMPNN,4OBE,0.5954079031944275,107,D,H,F:\GENESIS Studio\genesis-studio\packages\engines-py\.pdb_cache\4OBE,A
2147,ThermoMPNN,4OBE,0.766245424747467,107,D,I,F:\GENESIS Studio\genesis-studio\packages\engines-py\.pdb_cache\4OBE,A
2148,ThermoMPNN,4OBE,1.2053192853927612,107,D,K,F:\GENESIS Studio\genesis-studio\packages\engines-py\.pdb_cache\4OBE,A
2149,ThermoMPNN,4OBE,0.7478918433189392,107,D,L,F:\GENESIS Studio\genesis-studio\packages\engines-py\.pdb_cache\4OBE,A
2150,ThermoMPNN,4OBE,0.8109246492385864,107,D,M,F:\GENESIS Studio\genesis-studio\packages\engines-py\.pdb_cache\4OBE,A
2151,ThermoMPNN,4OBE,0.4404755234718323,107,D,N,F:\GENESIS Studio\genesis-studio\packages\engines-py\.pdb_cache\4OBE,A
2152,ThermoMPNN,4OBE,1.4566359519958496,107,D,P,F:\GENESIS Studio\genesis-studio\packages\engines-py\.pdb_cache\4OBE,A
2153,ThermoMPNN,4OBE,0.8529966473579407,107,D,Q,F:\GENESIS Studio\genesis-studio\packages\engines-py\.pdb_cache\4OBE,A
2154,ThermoMPNN,4OBE,1.1487979888916016,107,D,R,F:\GENESIS Studio\genesis-studio\packages\engines-py\.pdb_cache\4OBE,A
2155,ThermoMPNN,4OBE,0.7057538032531738,107,D,S,F:\GENESIS Studio\genesis-studio\packages\engines-py\.pdb_cache\4OBE,A
2156,ThermoMPNN,4OBE,0.9104599952697754,107,D,T,F:\GENESIS Studio\genesis-studio\packages\engines-py\.pdb_cache\4OBE,A
2157,ThermoMPNN,4OBE,0.7685847878456116,107,D,V,F:\GENESIS Studio\genesis-studio\packages\engines-py\.pdb_cache\4OBE,A
2158,ThermoMPNN,4OBE,0.4482840299606323,107,D,W,F:\GENESIS Studio\genesis-studio\packages\engines-py\.pdb_cache\4OBE,A
2159,ThermoMPNN,4OBE,0.5419616103172302,107,D,Y,F:\GENESIS Studio\genesis-studio\packages\engines-py\.pdb_cache\4OBE,A
2160,ThermoMPNN,4OBE,1.408535361289978,108,V,A,F:\GENESIS Studio\genesis-studio\packages\engines-py\.pdb_cache\4OBE,A
2161,ThermoMPNN,4OBE,0.7341351509094238,108,V,C,F:\GENESIS Studio\genesis-studio\packages\engines-py\.pdb_cache\4OBE,A
2162,ThermoMPNN,4OBE,1.8526639938354492,108,V,D,F:\GENESIS Studio\genesis-studio\packages\engines-py\.pdb_cache\4OBE,A
2163,ThermoMPNN,4OBE,1.7762737274169922,108,V,E,F:\GENESIS Studio\genesis-studio\packages\engines-py\.pdb_cache\4OBE,A
2164,ThermoMPNN,4OBE,1.1340744495391846,108,V,F,F:\GENESIS Studio\genesis-studio\packages\engines-py\.pdb_cache\4OBE,A
2165,ThermoMPNN,4OBE,2.247825860977173,108,V,G,F:\GENESIS Studio\genesis-studio\packages\engines-py\.pdb_cache\4OBE,A
2166,ThermoMPNN,4OBE,1.7578682899475098,108,V,H,F:\GENESIS Studio\genesis-studio\packages\engines-py\.pdb_cache\4OBE,A
2167,ThermoMPNN,4OBE,0.10405278205871582,108,V,I,F:\GENESIS Studio\genesis-studio\packages\engines-py\.pdb_cache\4OBE,A
2168,ThermoMPNN,4OBE,2.1352765560150146,108,V,K,F:\GENESIS Studio\genesis-studio\packages\engines-py\.pdb_cache\4OBE,A
2169,ThermoMPNN,4OBE,0.7075191736221313,108,V,L,F:\GENESIS Studio\genesis-studio\packages\engines-py\.pdb_cache\4OBE,A
2170,ThermoMPNN,4OBE,1.064787745475769,108,V,M,F:\GENESIS Studio\genesis-studio\packages\engines-py\.pdb_cache\4OBE,A
2171,ThermoMPNN,4OBE,1.9496219158172607,108,V,N,F:\GENESIS Studio\genesis-studio\packages\engines-py\.pdb_cache\4OBE,A
2172,ThermoMPNN,4OBE,1.5677913427352905,108,V,P,F:\GENESIS Studio\genesis-studio\packages\engines-py\.pdb_cache\4OBE,A
2173,ThermoMPNN,4OBE,1.8525770902633667,108,V,Q,F:\GENESIS Studio\genesis-studio\packages\engines-py\.pdb_cache\4OBE,A
2174,ThermoMPNN,4OBE,2.1961870193481445,108,V,R,F:\GENESIS Studio\genesis-studio\packages\engines-py\.pdb_cache\4OBE,A
2175,ThermoMPNN,4OBE,1.747898817062378,108,V,S,F:\GENESIS Studio\genesis-studio\packages\engines-py\.pdb_cache\4OBE,A
2176,ThermoMPNN,4OBE,1.2234113216400146,108,V,T,F:\GENESIS Studio\genesis-studio\packages\engines-py\.pdb_cache\4OBE,A
2177,ThermoMPNN,4OBE,0.0,108,V,V,F:\GENESIS Studio\genesis-studio\packages\engines-py\.pdb_cache\4OBE,A
2178,ThermoMPNN,4OBE,1.0737524032592773,108,V,W,F:\GENESIS Studio\genesis-studio\packages\engines-py\.pdb_cache\4OBE,A
2179,ThermoMPNN,4OBE,1.278332233428955,108,V,Y,F:\GENESIS Studio\genesis-studio\packages\engines-py\.pdb_cache\4OBE,A
2180,ThermoMPNN,4OBE,1.5980942249298096,109,P,A,F:\GENESIS Studio\genesis-studio\packages\engines-py\.pdb_cache\4OBE,A
2181,ThermoMPNN,4OBE,1.0395104885101318,109,P,C,F:\GENESIS Studio\genesis-studio\packages\engines-py\.pdb_cache\4OBE,A
2182,ThermoMPNN,4OBE,2.9741435050964355,109,P,D,F:\GENESIS Studio\genesis-studio\packages\engines-py\.pdb_cache\4OBE,A
2183,ThermoMPNN,4OBE,2.3886005878448486,109,P,E,F:\GENESIS Studio\genesis-studio\packages\engines-py\.pdb_cache\4OBE,A
2184,ThermoMPNN,4OBE,1.571520209312439,109,P,F,F:\GENESIS Studio\genesis-studio\packages\engines-py\.pdb_cache\4OBE,A
2185,ThermoMPNN,4OBE,2.2885212898254395,109,P,G,F:\GENESIS Studio\genesis-studio\packages\engines-py\.pdb_cache\4OBE,A
2186,ThermoMPNN,4OBE,2.4252991676330566,109,P,H,F:\GENESIS Studio\genesis-studio\packages\engines-py\.pdb_cache\4OBE,A
2187,ThermoMPNN,4OBE,1.2941263914108276,109,P,I,F:\GENESIS Studio\genesis-studio\packages\engines-py\.pdb_cache\4OBE,A
2188,ThermoMPNN,4OBE,2.2244317531585693,109,P,K,F:\GENESIS Studio\genesis-studio\packages\engines-py\.pdb_cache\4OBE,A
2189,ThermoMPNN,4OBE,1.3240587711334229,109,P,L,F:\GENESIS Studio\genesis-studio\packages\engines-py\.pdb_cache\4OBE,A
2190,ThermoMPNN,4OBE,1.6093469858169556,109,P,M,F:\GENESIS Studio\genesis-studio\packages\engines-py\.pdb_cache\4OBE,A
2191,ThermoMPNN,4OBE,2.5169596672058105,109,P,N,F:\GENESIS Studio\genesis-studio\packages\engines-py\.pdb_cache\4OBE,A
2192,ThermoMPNN,4OBE,0.0,109,P,P,F:\GENESIS Studio\genesis-studio\packages\engines-py\.pdb_cache\4OBE,A
2193,ThermoMPNN,4OBE,2.5344185829162598,109,P,Q,F:\GENESIS Studio\genesis-studio\packages\engines-py\.pdb_cache\4OBE,A
2194,ThermoMPNN,4OBE,2.4144701957702637,109,P,R,F:\GENESIS Studio\genesis-studio\packages\engines-py\.pdb_cache\4OBE,A
2195,ThermoMPNN,4OBE,2.213200807571411,109,P,S,F:\GENESIS Studio\genesis-studio\packages\engines-py\.pdb_cache\4OBE,A
2196,ThermoMPNN,4OBE,2.1695170402526855,109,P,T,F:\GENESIS Studio\genesis-studio\packages\engines-py\.pdb_cache\4OBE,A
2197,ThermoMPNN,4OBE,1.2620141506195068,109,P,V,F:\GENESIS Studio\genesis-studio\packages\engines-py\.pdb_cache\4OBE,A
2198,ThermoMPNN,4OBE,1.790306568145752,109,P,W,F:\GENESIS Studio\genesis-studio\packages\engines-py\.pdb_cache\4OBE,A
2199,ThermoMPNN,4OBE,1.696688175201416,109,P,Y,F:\GENESIS Studio\genesis-studio\packages\engines-py\.pdb_cache\4OBE,A
2200,ThermoMPNN,4OBE,1.4194318056106567,110,M,A,F:\GENESIS Studio\genesis-studio\packages\engines-py\.pdb_cache\4OBE,A
2201,ThermoMPNN,4OBE,0.9336913824081421,110,M,C,F:\GENESIS Studio\genesis-studio\packages\engines-py\.pdb_cache\4OBE,A
2202,ThermoMPNN,4OBE,2.8094522953033447,110,M,D,F:\GENESIS Studio\genesis-studio\packages\engines-py\.pdb_cache\4OBE,A
2203,ThermoMPNN,4OBE,2.370267391204834,110,M,E,F:\GENESIS Studio\genesis-studio\packages\engines-py\.pdb_cache\4OBE,A
2204,ThermoMPNN,4OBE,0.8164757490158081,110,M,F,F:\GENESIS Studio\genesis-studio\packages\engines-py\.pdb_cache\4OBE,A
2205,ThermoMPNN,4OBE,2.154543876647949,110,M,G,F:\GENESIS Studio\genesis-studio\packages\engines-py\.pdb_cache\4OBE,A
2206,ThermoMPNN,4OBE,2.164205551147461,110,M,H,F:\GENESIS Studio\genesis-studio\packages\engines-py\.pdb_cache\4OBE,A
2207,ThermoMPNN,4OBE,0.5721240043640137,110,M,I,F:\GENESIS Studio\genesis-studio\packages\engines-py\.pdb_cache\4OBE,A
2208,ThermoMPNN,4OBE,2.506258487701416,110,M,K,F:\GENESIS Studio\genesis-studio\packages\engines-py\.pdb_cache\4OBE,A
2209,ThermoMPNN,4OBE,0.49013304710388184,110,M,L,F:\GENESIS Studio\genesis-studio\packages\engines-py\.pdb_cache\4OBE,A
2210,ThermoMPNN,4OBE,0.0,110,M,M,F:\GENESIS Studio\genesis-studio\packages\engines-py\.pdb_cache\4OBE,A
2211,ThermoMPNN,4OBE,2.6483287811279297,110,M,N,F:\GENESIS Studio\genesis-studio\packages\engines-py\.pdb_cache\4OBE,A
2212,ThermoMPNN,4OBE,2.523366928100586,110,M,P,F:\GENESIS Studio\genesis-studio\packages\engines-py\.pdb_cache\4OBE,A
2213,ThermoMPNN,4OBE,1.937777042388916,110,M,Q,F:\GENESIS Studio\genesis-studio\packages\engines-py\.pdb_cache\4OBE,A
2214,ThermoMPNN,4OBE,2.2626190185546875,110,M,R,F:\GENESIS Studio\genesis-studio\packages\engines-py\.pdb_cache\4OBE,A
2215,ThermoMPNN,4OBE,2.0125691890716553,110,M,S,F:\GENESIS Studio\genesis-studio\packages\engines-py\.pdb_cache\4OBE,A
2216,ThermoMPNN,4OBE,2.1534504890441895,110,M,T,F:\GENESIS Studio\genesis-studio\packages\engines-py\.pdb_cache\4OBE,A
2217,ThermoMPNN,4OBE,1.0779035091400146,110,M,V,F:\GENESIS Studio\genesis-studio\packages\engines-py\.pdb_cache\4OBE,A
2218,ThermoMPNN,4OBE,1.3906528949737549,110,M,W,F:\GENESIS Studio\genesis-studio\packages\engines-py\.pdb_cache\4OBE,A
2219,ThermoMPNN,4OBE,1.4216556549072266,110,M,Y,F:\GENESIS Studio\genesis-studio\packages\engines-py\.pdb_cache\4OBE,A
2220,ThermoMPNN,4OBE,2.3714747428894043,111,V,A,F:\GENESIS Studio\genesis-studio\packages\engines-py\.pdb_cache\4OBE,A
2221,ThermoMPNN,4OBE,1.4592554569244385,111,V,C,F:\GENESIS Studio\genesis-studio\packages\engines-py\.pdb_cache\4OBE,A
2222,ThermoMPNN,4OBE,3.2162857055664062,111,V,D,F:\GENESIS Studio\genesis-studio\packages\engines-py\.pdb_cache\4OBE,A
2223,ThermoMPNN,4OBE,3.0656707286834717,111,V,E,F:\GENESIS Studio\genesis-studio\packages\engines-py\.pdb_cache\4OBE,A
2224,ThermoMPNN,4OBE,2.0479607582092285,111,V,F,F:\GENESIS Studio\genesis-studio\packages\engines-py\.pdb_cache\4OBE,A
2225,ThermoMPNN,4OBE,3.0277493000030518,111,V,G,F:\GENESIS Studio\genesis-studio\packages\engines-py\.pdb_cache\4OBE,A
2226,ThermoMPNN,4OBE,3.0485329627990723,111,V,H,F:\GENESIS Studio\genesis-studio\packages\engines-py\.pdb_cache\4OBE,A
2227,ThermoMPNN,4OBE,0.41825294494628906,111,V,I,F:\GENESIS Studio\genesis-studio\packages\engines-py\.pdb_cache\4OBE,A
2228,ThermoMPNN,4OBE,3.0274815559387207,111,V,K,F:\GENESIS Studio\genesis-studio\packages\engines-py\.pdb_cache\4OBE,A
2229,ThermoMPNN,4OBE,1.1224421262741089,111,V,L,F:\GENESIS Studio\genesis-studio\packages\engines-py\.pdb_cache\4OBE,A
2230,ThermoMPNN,4OBE,1.9103996753692627,111,V,M,F:\GENESIS Studio\genesis-studio\packages\engines-py\.pdb_cache\4OBE,A
2231,ThermoMPNN,4OBE,3.1946182250976562,111,V,N,F:\GENESIS Studio\genesis-studio\packages\engines-py\.pdb_cache\4OBE,A
2232,ThermoMPNN,4OBE,3.0981507301330566,111,V,P,F:\GENESIS Studio\genesis-studio\packages\engines-py\.pdb_cache\4OBE,A
2233,ThermoMPNN,4OBE,3.0985257625579834,111,V,Q,F:\GENESIS Studio\genesis-studio\packages\engines-py\.pdb_cache\4OBE,A
2234,ThermoMPNN,4OBE,3.0389597415924072,111,V,R,F:\GENESIS Studio\genesis-studio\packages\engines-py\.pdb_cache\4OBE,A
2235,ThermoMPNN,4OBE,3.1076443195343018,111,V,S,F:\GENESIS Studio\genesis-studio\packages\engines-py\.pdb_cache\4OBE,A
2236,ThermoMPNN,4OBE,2.349125862121582,111,V,T,F:\GENESIS Studio\genesis-studio\packages\engines-py\.pdb_cache\4OBE,A
2237,ThermoMPNN,4OBE,0.0,111,V,V,F:\GENESIS Studio\genesis-studio\packages\engines-py\.pdb_cache\4OBE,A
2238,ThermoMPNN,4OBE,2.5517518520355225,111,V,W,F:\GENESIS Studio\genesis-studio\packages\engines-py\.pdb_cache\4OBE,A
2239,ThermoMPNN,4OBE,2.5001327991485596,111,V,Y,F:\GENESIS Studio\genesis-studio\packages\engines-py\.pdb_cache\4OBE,A
2240,ThermoMPNN,4OBE,2.1116623878479004,112,L,A,F:\GENESIS Studio\genesis-studio\packages\engines-py\.pdb_cache\4OBE,A
2241,ThermoMPNN,4OBE,1.3520878553390503,112,L,C,F:\GENESIS Studio\genesis-studio\packages\engines-py\.pdb_cache\4OBE,A
2242,ThermoMPNN,4OBE,2.620087146759033,112,L,D,F:\GENESIS Studio\genesis-studio\packages\engines-py\.pdb_cache\4OBE,A
2243,ThermoMPNN,4OBE,2.621652603149414,112,L,E,F:\GENESIS Studio\genesis-studio\packages\engines-py\.pdb_cache\4OBE,A
2244,ThermoMPNN,4OBE,1.0933126211166382,112,L,F,F:\GENESIS Studio\genesis-studio\packages\engines-py\.pdb_cache\4OBE,A
2245,ThermoMPNN,4OBE,2.6647913455963135,112,L,G,F:\GENESIS Studio\genesis-studio\packages\engines-py\.pdb_cache\4OBE,A
2246,ThermoMPNN,4OBE,2.5201406478881836,112,L,H,F:\GENESIS Studio\genesis-studio\packages\engines-py\.pdb_cache\4OBE,A
2247,ThermoMPNN,4OBE,0.5241901874542236,112,L,I,F:\GENESIS Studio\genesis-studio\packages\engines-py\.pdb_cache\4OBE,A
2248,ThermoMPNN,4OBE,2.6823620796203613,112,L,K,F:\GENESIS Studio\genesis-studio\packages\engines-py\.pdb_cache\4OBE,A
2249,ThermoMPNN,4OBE,0.0,112,L,L,F:\GENESIS Studio\genesis-studio\packages\engines-py\.pdb_cache\4OBE,A
2250,ThermoMPNN,4OBE,1.102534532546997,112,L,M,F:\GENESIS Studio\genesis-studio\packages\engines-py\.pdb_cache\4OBE,A
2251,ThermoMPNN,4OBE,2.695786237716675,112,L,N,F:\GENESIS Studio\genesis-studio\packages\engines-py\.pdb_cache\4OBE,A
2252,ThermoMPNN,4OBE,2.6570193767547607,112,L,P,F:\GENESIS Studio\genesis-studio\packages\engines-py\.pdb_cache\4OBE,A
2253,ThermoMPNN,4OBE,2.715635061264038,112,L,Q,F:\GENESIS Studio\genesis-studio\packages\engines-py\.pdb_cache\4OBE,A
2254,ThermoMPNN,4OBE,2.752525806427002,112,L,R,F:\GENESIS Studio\genesis-studio\packages\engines-py\.pdb_cache\4OBE,A
2255,ThermoMPNN,4OBE,2.644057512283325,112,L,S,F:\GENESIS Studio\genesis-studio\packages\engines-py\.pdb_cache\4OBE,A
2256,ThermoMPNN,4OBE,2.3042256832122803,112,L,T,F:\GENESIS Studio\genesis-studio\packages\engines-py\.pdb_cache\4OBE,A
2257,ThermoMPNN,4OBE,0.9319660663604736,112,L,V,F:\GENESIS Studio\genesis-studio\packages\engines-py\.pdb_cache\4OBE,A
2258,ThermoMPNN,4OBE,1.746536135673523,112,L,W,F:\GENESIS Studio\genesis-studio\packages\engines-py\.pdb_cache\4OBE,A
2259,ThermoMPNN,4OBE,1.6625518798828125,112,L,Y,F:\GENESIS Studio\genesis-studio\packages\engines-py\.pdb_cache\4OBE,A
2260,ThermoMPNN,4OBE,2.4660043716430664,113,V,A,F:\GENESIS Studio\genesis-studio\packages\engines-py\.pdb_cache\4OBE,A
2261,ThermoMPNN,4OBE,1.460141658782959,113,V,C,F:\GENESIS Studio\genesis-studio\packages\engines-py\.pdb_cache\4OBE,A
2262,ThermoMPNN,4OBE,3.273214101791382,113,V,D,F:\GENESIS Studio\genesis-studio\packages\engines-py\.pdb_cache\4OBE,A
2263,ThermoMPNN,4OBE,3.337141752243042,113,V,E,F:\GENESIS Studio\genesis-studio\packages\engines-py\.pdb_cache\4OBE,A
2264,ThermoMPNN,4OBE,2.2816100120544434,113,V,F,F:\GENESIS Studio\genesis-studio\packages\engines-py\.pdb_cache\4OBE,A
2265,ThermoMPNN,4OBE,3.151963710784912,113,V,G,F:\GENESIS Studio\genesis-studio\packages\engines-py\.pdb_cache\4OBE,A
2266,ThermoMPNN,4OBE,3.2053256034851074,113,V,H,F:\GENESIS Studio\genesis-studio\packages\engines-py\.pdb_cache\4OBE,A
2267,ThermoMPNN,4OBE,0.37805724143981934,113,V,I,F:\GENESIS Studio\genesis-studio\packages\engines-py\.pdb_cache\4OBE,A
2268,ThermoMPNN,4OBE,3.4327540397644043,113,V,K,F:\GENESIS Studio\genesis-studio\packages\engines-py\.pdb_cache\4OBE,A
2269,ThermoMPNN,4OBE,1.410637617111206,113,V,L,F:\GENESIS Studio\genesis-studio\packages\engines-py\.pdb_cache\4OBE,A
2270,ThermoMPNN,4OBE,2.1653382778167725,113,V,M,F:\GENESIS Studio\genesis-studio\packages\engines-py\.pdb_cache\4OBE,A
2271,ThermoMPNN,4OBE,3.2771048545837402,113,V,N,F:\GENESIS Studio\genesis-studio\packages\engines-py\.pdb_cache\4OBE,A
2272,ThermoMPNN,4OBE,3.30277681350708,113,V,P,F:\GENESIS Studio\genesis-studio\packages\engines-py\.pdb_cache\4OBE,A
2273,ThermoMPNN,4OBE,3.431281566619873,113,V,Q,F:\GENESIS Studio\genesis-studio\packages\engines-py\.pdb_cache\4OBE,A
2274,ThermoMPNN,4OBE,3.433940887451172,113,V,R,F:\GENESIS Studio\genesis-studio\packages\engines-py\.pdb_cache\4OBE,A
2275,ThermoMPNN,4OBE,3.2034785747528076,113,V,S,F:\GENESIS Studio\genesis-studio\packages\engines-py\.pdb_cache\4OBE,A
2276,ThermoMPNN,4OBE,2.5140576362609863,113,V,T,F:\GENESIS Studio\genesis-studio\packages\engines-py\.pdb_cache\4OBE,A
2277,ThermoMPNN,4OBE,0.0,113,V,V,F:\GENESIS Studio\genesis-studio\packages\engines-py\.pdb_cache\4OBE,A
2278,ThermoMPNN,4OBE,2.903841972351074,113,V,W,F:\GENESIS Studio\genesis-studio\packages\engines-py\.pdb_cache\4OBE,A
2279,ThermoMPNN,4OBE,2.745175361633301,113,V,Y,F:\GENESIS Studio\genesis-studio\packages\engines-py\.pdb_cache\4OBE,A
2280,ThermoMPNN,4OBE,0.5138543844223022,114,G,A,F:\GENESIS Studio\genesis-studio\packages\engines-py\.pdb_cache\4OBE,A
2281,ThermoMPNN,4OBE,0.819688081741333,114,G,C,F:\GENESIS Studio\genesis-studio\packages\engines-py\.pdb_cache\4OBE,A
2282,ThermoMPNN,4OBE,2.590519428253174,114,G,D,F:\GENESIS Studio\genesis-studio\packages\engines-py\.pdb_cache\4OBE,A
2283,ThermoMPNN,4OBE,2.6083076000213623,114,G,E,F:\GENESIS Studio\genesis-studio\packages\engines-py\.pdb_cache\4OBE,A
2284,ThermoMPNN,4OBE,1.029651403427124,114,G,F,F:\GENESIS Studio\genesis-studio\packages\engines-py\.pdb_cache\4OBE,A
2285,ThermoMPNN,4OBE,0.0,114,G,G,F:\GENESIS Studio\genesis-studio\packages\engines-py\.pdb_cache\4OBE,A
2286,ThermoMPNN,4OBE,1.9310088157653809,114,G,H,F:\GENESIS Studio\genesis-studio\packages\engines-py\.pdb_cache\4OBE,A
2287,ThermoMPNN,4OBE,1.367231011390686,114,G,I,F:\GENESIS Studio\genesis-studio\packages\engines-py\.pdb_cache\4OBE,A
2288,ThermoMPNN,4OBE,1.925452470779419,114,G,K,F:\GENESIS Studio\genesis-studio\packages\engines-py\.pdb_cache\4OBE,A
2289,ThermoMPNN,4OBE,1.2261977195739746,114,G,L,F:\GENESIS Studio\genesis-studio\packages\engines-py\.pdb_cache\4OBE,A
2290,ThermoMPNN,4OBE,1.1647672653198242,114,G,M,F:\GENESIS Studio\genesis-studio\packages\engines-py\.pdb_cache\4OBE,A
2291,ThermoMPNN,4OBE,2.3874757289886475,114,G,N,F:\GENESIS Studio\genesis-studio\packages\engines-py\.pdb_cache\4OBE,A
2292,ThermoMPNN,4OBE,2.6542794704437256,114,G,P,F:\GENESIS Studio\genesis-studio\packages\engines-py\.pdb_cache\4OBE,A
2293,ThermoMPNN,4OBE,2.0162274837493896,114,G,Q,F:\GENESIS Studio\genesis-studio\packages\engines-py\.pdb_cache\4OBE,A
2294,ThermoMPNN,4OBE,1.7424495220184326,114,G,R,F:\GENESIS Studio\genesis-studio\packages\engines-py\.pdb_cache\4OBE,A
2295,ThermoMPNN,4OBE,1.3896441459655762,114,G,S,F:\GENESIS Studio\genesis-studio\packages\engines-py\.pdb_cache\4OBE,A
2296,ThermoMPNN,4OBE,1.9499112367630005,114,G,T,F:\GENESIS Studio\genesis-studio\packages\engines-py\.pdb_cache\4OBE,A
2297,ThermoMPNN,4OBE,1.3450934886932373,114,G,V,F:\GENESIS Studio\genesis-studio\packages\engines-py\.pdb_cache\4OBE,A
2298,ThermoMPNN,4OBE,1.244740605354309,114,G,W,F:\GENESIS Studio\genesis-studio\packages\engines-py\.pdb_cache\4OBE,A
2299,ThermoMPNN,4OBE,1.3957960605621338,114,G,Y,F:\GENESIS Studio\genesis-studio\packages\engines-py\.pdb_cache\4OBE,A
2300,ThermoMPNN,4OBE,1.1753984689712524,115,N,A,F:\GENESIS Studio\genesis-studio\packages\engines-py\.pdb_cache\4OBE,A
2301,ThermoMPNN,4OBE,0.6783891916275024,115,N,C,F:\GENESIS Studio\genesis-studio\packages\engines-py\.pdb_cache\4OBE,A
2302,ThermoMPNN,4OBE,0.7470699548721313,115,N,D,F:\GENESIS Studio\genesis-studio\packages\engines-py\.pdb_cache\4OBE,A
2303,ThermoMPNN,4OBE,1.3687338829040527,115,N,E,F:\GENESIS Studio\genesis-studio\packages\engines-py\.pdb_cache\4OBE,A
2304,ThermoMPNN,4OBE,1.3854970932006836,115,N,F,F:\GENESIS Studio\genesis-studio\packages\engines-py\.pdb_cache\4OBE,A
2305,ThermoMPNN,4OBE,1.6273285150527954,115,N,G,F:\GENESIS Studio\genesis-studio\packages\engines-py\.pdb_cache\4OBE,A
2306,ThermoMPNN,4OBE,0.7914835214614868,115,N,H,F:\GENESIS Studio\genesis-studio\packages\engines-py\.pdb_cache\4OBE,A
2307,ThermoMPNN,4OBE,1.4634798765182495,115,N,I,F:\GENESIS Studio\genesis-studio\packages\engines-py\.pdb_cache\4OBE,A
2308,ThermoMPNN,4OBE,1.4998447895050049,115,N,K,F:\GENESIS Studio\genesis-studio\packages\engines-py\.pdb_cache\4OBE,A
2309,ThermoMPNN,4OBE,1.1490685939788818,115,N,L,F:\GENESIS Studio\genesis-studio\packages\engines-py\.pdb_cache\4OBE,A
2310,ThermoMPNN,4OBE,1.3158669471740723,115,N,M,F:\GENESIS Studio\genesis-studio\packages\engines-py\.pdb_cache\4OBE,A
2311,ThermoMPNN,4OBE,0.0,115,N,N,F:\GENESIS Studio\genesis-studio\packages\engines-py\.pdb_cache\4OBE,A
2312,ThermoMPNN,4OBE,2.0006861686706543,115,N,P,F:\GENESIS Studio\genesis-studio\packages\engines-py\.pdb_cache\4OBE,A
2313,ThermoMPNN,4OBE,1.4693272113800049,115,N,Q,F:\GENESIS Studio\genesis-studio\packages\engines-py\.pdb_cache\4OBE,A
2314,ThermoMPNN,4OBE,1.4091956615447998,115,N,R,F:\GENESIS Studio\genesis-studio\packages\engines-py\.pdb_cache\4OBE,A
2315,ThermoMPNN,4OBE,0.9290245771408081,115,N,S,F:\GENESIS Studio\genesis-studio\packages\engines-py\.pdb_cache\4OBE,A
2316,ThermoMPNN,4OBE,1.5997343063354492,115,N,T,F:\GENESIS Studio\genesis-studio\packages\engines-py\.pdb_cache\4OBE,A
2317,ThermoMPNN,4OBE,1.2346630096435547,115,N,V,F:\GENESIS Studio\genesis-studio\packages\engines-py\.pdb_cache\4OBE,A
2318,ThermoMPNN,4OBE,1.4106181859970093,115,N,W,F:\GENESIS Studio\genesis-studio\packages\engines-py\.pdb_cache\4OBE,A
2319,ThermoMPNN,4OBE,1.325467586517334,115,N,Y,F:\GENESIS Studio\genesis-studio\packages\engines-py\.pdb_cache\4OBE,A
2320,ThermoMPNN,4OBE,1.3695268630981445,116,K,A,F:\GENESIS Studio\genesis-studio\packages\engines-py\.pdb_cache\4OBE,A
2321,ThermoMPNN,4OBE,0.8697788715362549,116,K,C,F:\GENESIS Studio\genesis-studio\packages\engines-py\.pdb_cache\4OBE,A
2322,ThermoMPNN,4OBE,3.5881361961364746,116,K,D,F:\GENESIS Studio\genesis-studio\packages\engines-py\.pdb_cache\4OBE,A
2323,ThermoMPNN,4OBE,2.9842629432678223,116,K,E,F:\GENESIS Studio\genesis-studio\packages\engines-py\.pdb_cache\4OBE,A
2324,ThermoMPNN,4OBE,1.3220294713974,116,K,F,F:\GENESIS Studio\genesis-studio\packages\engines-py\.pdb_cache\4OBE,A
2325,ThermoMPNN,4OBE,1.8866643905639648,116,K,G,F:\GENESIS Studio\genesis-studio\packages\engines-py\.pdb_cache\4OBE,A
2326,ThermoMPNN,4OBE,1.4556093215942383,116,K,H,F:\GENESIS Studio\genesis-studio\packages\engines-py\.pdb_cache\4OBE,A
2327,ThermoMPNN,4OBE,1.5145413875579834,116,K,I,F:\GENESIS Studio\genesis-studio\packages\engines-py\.pdb_cache\4OBE,A
2328,ThermoMPNN,4OBE,0.0,116,K,K,F:\GENESIS Studio\genesis-studio\packages\engines-py\.pdb_cache\4OBE,A
2329,ThermoMPNN,4OBE,0.678457498550415,116,K,L,F:\GENESIS Studio\genesis-studio\packages\engines-py\.pdb_cache\4OBE,A
2330,ThermoMPNN,4OBE,0.35124480724334717,116,K,M,F:\GENESIS Studio\genesis-studio\packages\engines-py\.pdb_cache\4OBE,A
2331,ThermoMPNN,4OBE,1.8441540002822876,116,K,N,F:\GENESIS Studio\genesis-studio\packages\engines-py\.pdb_cache\4OBE,A
2332,ThermoMPNN,4OBE,2.007556676864624,116,K,P,F:\GENESIS Studio\genesis-studio\packages\engines-py\.pdb_cache\4OBE,A
2333,ThermoMPNN,4OBE,0.7511591911315918,116,K,Q,F:\GENESIS Studio\genesis-studio\packages\engines-py\.pdb_cache\4OBE,A
2334,ThermoMPNN,4OBE,0.31235742568969727,116,K,R,F:\GENESIS Studio\genesis-studio\packages\engines-py\.pdb_cache\4OBE,A
2335,ThermoMPNN,4OBE,1.6412285566329956,116,K,S,F:\GENESIS Studio\genesis-studio\packages\engines-py\.pdb_cache\4OBE,A
2336,ThermoMPNN,4OBE,1.9102122783660889,116,K,T,F:\GENESIS Studio\genesis-studio\packages\engines-py\.pdb_cache\4OBE,A
2337,ThermoMPNN,4OBE,1.8839092254638672,116,K,V,F:\GENESIS Studio\genesis-studio\packages\engines-py\.pdb_cache\4OBE,A
2338,ThermoMPNN,4OBE,1.9994962215423584,116,K,W,F:\GENESIS Studio\genesis-studio\packages\engines-py\.pdb_cache\4OBE,A
2339,ThermoMPNN,4OBE,1.5920759439468384,116,K,Y,F:\GENESIS Studio\genesis-studio\packages\engines-py\.pdb_cache\4OBE,A
2340,ThermoMPNN,4OBE,0.3105812072753906,117,C,A,F:\GENESIS Studio\genesis-studio\packages\engines-py\.pdb_cache\4OBE,A
2341,ThermoMPNN,4OBE,0.0,117,C,C,F:\GENESIS Studio\genesis-studio\packages\engines-py\.pdb_cache\4OBE,A
2342,ThermoMPNN,4OBE,1.44404935836792,117,C,D,F:\GENESIS Studio\genesis-studio\packages\engines-py\.pdb_cache\4OBE,A
2343,ThermoMPNN,4OBE,1.3456535339355469,117,C,E,F:\GENESIS Studio\genesis-studio\packages\engines-py\.pdb_cache\4OBE,A
2344,ThermoMPNN,4OBE,0.4396083354949951,117,C,F,F:\GENESIS Studio\genesis-studio\packages\engines-py\.pdb_cache\4OBE,A
2345,ThermoMPNN,4OBE,0.8683210611343384,117,C,G,F:\GENESIS Studio\genesis-studio\packages\engines-py\.pdb_cache\4OBE,A
2346,ThermoMPNN,4OBE,0.7657444477081299,117,C,H,F:\GENESIS Studio\genesis-studio\packages\engines-py\.pdb_cache\4OBE,A
2347,ThermoMPNN,4OBE,0.029470443725585938,117,C,I,F:\GENESIS Studio\genesis-studio\packages\engines-py\.pdb_cache\4OBE,A
2348,ThermoMPNN,4OBE,0.6338202357292175,117,C,K,F:\GENESIS Studio\genesis-studio\packages\engines-py\.pdb_cache\4OBE,A
2349,ThermoMPNN,4OBE,0.30378037691116333,117,C,L,F:\GENESIS Studio\genesis-studio\packages\engines-py\.pdb_cache\4OBE,A
2350,ThermoMPNN,4OBE,0.06701838970184326,117,C,M,F:\GENESIS Studio\genesis-studio\packages\engines-py\.pdb_cache\4OBE,A
2351,ThermoMPNN,4OBE,0.7487741708755493,117,C,N,F:\GENESIS Studio\genesis-studio\packages\engines-py\.pdb_cache\4OBE,A
2352,ThermoMPNN,4OBE,2.4340274333953857,117,C,P,F:\GENESIS Studio\genesis-studio\packages\engines-py\.pdb_cache\4OBE,A
2353,ThermoMPNN,4OBE,0.6402501463890076,117,C,Q,F:\GENESIS Studio\genesis-studio\packages\engines-py\.pdb_cache\4OBE,A
2354,ThermoMPNN,4OBE,0.49645698070526123,117,C,R,F:\GENESIS Studio\genesis-studio\packages\engines-py\.pdb_cache\4OBE,A
2355,ThermoMPNN,4OBE,0.18829119205474854,117,C,S,F:\GENESIS Studio\genesis-studio\packages\engines-py\.pdb_cache\4OBE,A
2356,ThermoMPNN,4OBE,0.2647740840911865,117,C,T,F:\GENESIS Studio\genesis-studio\packages\engines-py\.pdb_cache\4OBE,A
2357,ThermoMPNN,4OBE,0.10020256042480469,117,C,V,F:\GENESIS Studio\genesis-studio\packages\engines-py\.pdb_cache\4OBE,A
2358,ThermoMPNN,4OBE,0.7138845920562744,117,C,W,F:\GENESIS Studio\genesis-studio\packages\engines-py\.pdb_cache\4OBE,A
2359,ThermoMPNN,4OBE,0.6915576457977295,117,C,Y,F:\GENESIS Studio\genesis-studio\packages\engines-py\.pdb_cache\4OBE,A
2360,ThermoMPNN,4OBE,1.7229375839233398,118,D,A,F:\GENESIS Studio\genesis-studio\packages\engines-py\.pdb_cache\4OBE,A
2361,ThermoMPNN,4OBE,1.1131023168563843,118,D,C,F:\GENESIS Studio\genesis-studio\packages\engines-py\.pdb_cache\4OBE,A
2362,ThermoMPNN,4OBE,0.0,118,D,D,F:\GENESIS Studio\genesis-studio\packages\engines-py\.pdb_cache\4OBE,A
2363,ThermoMPNN,4OBE,1.6106066703796387,118,D,E,F:\GENESIS Studio\genesis-studio\packages\engines-py\.pdb_cache\4OBE,A
2364,ThermoMPNN,4OBE,1.5628972053527832,118,D,F,F:\GENESIS Studio\genesis-studio\packages\engines-py\.pdb_cache\4OBE,A
2365,ThermoMPNN,4OBE,1.9804868698120117,118,D,G,F:\GENESIS Studio\genesis-studio\packages\engines-py\.pdb_cache\4OBE,A
2366,ThermoMPNN,4OBE,1.5194700956344604,118,D,H,F:\GENESIS Studio\genesis-studio\packages\engines-py\.pdb_cache\4OBE,A
2367,ThermoMPNN,4OBE,1.8116880655288696,118,D,I,F:\GENESIS Studio\genesis-studio\packages\engines-py\.pdb_cache\4OBE,A
2368,ThermoMPNN,4OBE,2.218390703201294,118,D,K,F:\GENESIS Studio\genesis-studio\packages\engines-py\.pdb_cache\4OBE,A
2369,ThermoMPNN,4OBE,1.8898515701293945,118,D,L,F:\GENESIS Studio\genesis-studio\packages\engines-py\.pdb_cache\4OBE,A
2370,ThermoMPNN,4OBE,1.8762452602386475,118,D,M,F:\GENESIS Studio\genesis-studio\packages\engines-py\.pdb_cache\4OBE,A
2371,ThermoMPNN,4OBE,0.9347501993179321,118,D,N,F:\GENESIS Studio\genesis-studio\packages\engines-py\.pdb_cache\4OBE,A
2372,ThermoMPNN,4OBE,2.103020191192627,118,D,P,F:\GENESIS Studio\genesis-studio\packages\engines-py\.pdb_cache\4OBE,A
2373,ThermoMPNN,4OBE,1.8605632781982422,118,D,Q,F:\GENESIS Studio\genesis-studio\packages\engines-py\.pdb_cache\4OBE,A
2374,ThermoMPNN,4OBE,2.1291205883026123,118,D,R,F:\GENESIS Studio\genesis-studio\packages\engines-py\.pdb_cache\4OBE,A
2375,ThermoMPNN,4OBE,1.1441333293914795,118,D,S,F:\GENESIS Studio\genesis-studio\packages\engines-py\.pdb_cache\4OBE,A
2376,ThermoMPNN,4OBE,1.75875723361969,118,D,T,F:\GENESIS Studio\genesis-studio\packages\engines-py\.pdb_cache\4OBE,A
2377,ThermoMPNN,4OBE,1.9226858615875244,118,D,V,F:\GENESIS Studio\genesis-studio\packages\engines-py\.pdb_cache\4OBE,A
2378,ThermoMPNN,4OBE,1.3831887245178223,118,D,W,F:\GENESIS Studio\genesis-studio\packages\engines-py\.pdb_cache\4OBE,A
2379,ThermoMPNN,4OBE,1.744234323501587,118,D,Y,F:\GENESIS Studio\genesis-studio\packages\engines-py\.pdb_cache\4OBE,A
2380,ThermoMPNN,4OBE,0.8865895867347717,119,L,A,F:\GENESIS Studio\genesis-studio\packages\engines-py\.pdb_cache\4OBE,A
2381,ThermoMPNN,4OBE,0.5086096525192261,119,L,C,F:\GENESIS Studio\genesis-studio\packages\engines-py\.pdb_cache\4OBE,A
2382,ThermoMPNN,4OBE,1.4281383752822876,119,L,D,F:\GENESIS Studio\genesis-studio\packages\engines-py\.pdb_cache\4OBE,A
2383,ThermoMPNN,4OBE,0.6911284923553467,119,L,E,F:\GENESIS Studio\genesis-studio\packages\engines-py\.pdb_cache\4OBE,A
2384,ThermoMPNN,4OBE,0.9260085821151733,119,L,F,F:\GENESIS Studio\genesis-studio\packages\engines-py\.pdb_cache\4OBE,A
2385,ThermoMPNN,4OBE,1.5560579299926758,119,L,G,F:\GENESIS Studio\genesis-studio\packages\engines-py\.pdb_cache\4OBE,A
2386,ThermoMPNN,4OBE,1.3307459354400635,119,L,H,F:\GENESIS Studio\genesis-studio\packages\engines-py\.pdb_cache\4OBE,A
2387,ThermoMPNN,4OBE,0.8105345368385315,119,L,I,F:\GENESIS Studio\genesis-studio\packages\engines-py\.pdb_cache\4OBE,A
2388,ThermoMPNN,4OBE,1.1608864068984985,119,L,K,F:\GENESIS Studio\genesis-studio\packages\engines-py\.pdb_cache\4OBE,A
2389,ThermoMPNN,4OBE,0.0,119,L,L,F:\GENESIS Studio\genesis-studio\packages\engines-py\.pdb_cache\4OBE,A
2390,ThermoMPNN,4OBE,0.3325561285018921,119,L,M,F:\GENESIS Studio\genesis-studio\packages\engines-py\.pdb_cache\4OBE,A
2391,ThermoMPNN,4OBE,1.558359980583191,119,L,N,F:\GENESIS Studio\genesis-studio\packages\engines-py\.pdb_cache\4OBE,A
2392,ThermoMPNN,4OBE,2.3453118801116943,119,L,P,F:\GENESIS Studio\genesis-studio\packages\engines-py\.pdb_cache\4OBE,A
2393,ThermoMPNN,4OBE,0.8128057718276978,119,L,Q,F:\GENESIS Studio\genesis-studio\packages\engines-py\.pdb_cache\4OBE,A
2394,ThermoMPNN,4OBE,1.2574350833892822,119,L,R,F:\GENESIS Studio\genesis-studio\packages\engines-py\.pdb_cache\4OBE,A
2395,ThermoMPNN,4OBE,1.2612755298614502,119,L,S,F:\GENESIS Studio\genesis-studio\packages\engines-py\.pdb_cache\4OBE,A
2396,ThermoMPNN,4OBE,1.1234078407287598,119,L,T,F:\GENESIS Studio\genesis-studio\packages\engines-py\.pdb_cache\4OBE,A
2397,ThermoMPNN,4OBE,1.074620008468628,119,L,V,F:\GENESIS Studio\genesis-studio\packages\engines-py\.pdb_cache\4OBE,A
2398,ThermoMPNN,4OBE,0.9906450510025024,119,L,W,F:\GENESIS Studio\genesis-studio\packages\engines-py\.pdb_cache\4OBE,A
2399,ThermoMPNN,4OBE,1.1352293491363525,119,L,Y,F:\GENESIS Studio\genesis-studio\packages\engines-py\.pdb_cache\4OBE,A
2400,ThermoMPNN,4OBE,-0.036012351512908936,120,P,A,F:\GENESIS Studio\genesis-studio\packages\engines-py\.pdb_cache\4OBE,A
2401,ThermoMPNN,4OBE,0.032569289207458496,120,P,C,F:\GENESIS Studio\genesis-studio\packages\engines-py\.pdb_cache\4OBE,A
2402,ThermoMPNN,4OBE,0.13701587915420532,120,P,D,F:\GENESIS Studio\genesis-studio\packages\engines-py\.pdb_cache\4OBE,A
2403,ThermoMPNN,4OBE,0.20120960474014282,120,P,E,F:\GENESIS Studio\genesis-studio\packages\engines-py\.pdb_cache\4OBE,A
2404,ThermoMPNN,4OBE,0.42302894592285156,120,P,F,F:\GENESIS Studio\genesis-studio\packages\engines-py\.pdb_cache\4OBE,A
2405,ThermoMPNN,4OBE,0.1359044313430786,120,P,G,F:\GENESIS Studio\genesis-studio\packages\engines-py\.pdb_cache\4OBE,A
2406,ThermoMPNN,4OBE,0.36055243015289307,120,P,H,F:\GENESIS Studio\genesis-studio\packages\engines-py\.pdb_cache\4OBE,A
2407,ThermoMPNN,4OBE,0.4171668291091919,120,P,I,F:\GENESIS Studio\genesis-studio\packages\engines-py\.pdb_cache\4OBE,A
2408,ThermoMPNN,4OBE,0.30193960666656494,120,P,K,F:\GENESIS Studio\genesis-studio\packages\engines-py\.pdb_cache\4OBE,A
2409,ThermoMPNN,4OBE,0.26935505867004395,120,P,L,F:\GENESIS Studio\genesis-studio\packages\engines-py\.pdb_cache\4OBE,A
2410,ThermoMPNN,4OBE,0.2896451950073242,120,P,M,F:\GENESIS Studio\genesis-studio\packages\engines-py\.pdb_cache\4OBE,A
2411,ThermoMPNN,4OBE,0.22407114505767822,120,P,N,F:\GENESIS Studio\genesis-studio\packages\engines-py\.pdb_cache\4OBE,A
2412,ThermoMPNN,4OBE,0.0,120,P,P,F:\GENESIS Studio\genesis-studio\packages\engines-py\.pdb_cache\4OBE,A
2413,ThermoMPNN,4OBE,0.24643069505691528,120,P,Q,F:\GENESIS Studio\genesis-studio\packages\engines-py\.pdb_cache\4OBE,A
2414,ThermoMPNN,4OBE,0.38885021209716797,120,P,R,F:\GENESIS Studio\genesis-studio\packages\engines-py\.pdb_cache\4OBE,A
2415,ThermoMPNN,4OBE,0.048678040504455566,120,P,S,F:\GENESIS Studio\genesis-studio\packages\engines-py\.pdb_cache\4OBE,A
2416,ThermoMPNN,4OBE,0.17622405290603638,120,P,T,F:\GENESIS Studio\genesis-studio\packages\engines-py\.pdb_cache\4OBE,A
2417,ThermoMPNN,4OBE,0.3579450845718384,120,P,V,F:\GENESIS Studio\genesis-studio\packages\engines-py\.pdb_cache\4OBE,A
2418,ThermoMPNN,4OBE,0.3605940341949463,120,P,W,F:\GENESIS Studio\genesis-studio\packages\engines-py\.pdb_cache\4OBE,A
2419,ThermoMPNN,4OBE,0.4776313900947571,120,P,Y,F:\GENESIS Studio\genesis-studio\packages\engines-py\.pdb_cache\4OBE,A
2420,ThermoMPNN,4OBE,0.0692562460899353,121,S,A,F:\GENESIS Studio\genesis-studio\packages\engines-py\.pdb_cache\4OBE,A
2421,ThermoMPNN,4OBE,-0.3360444903373718,121,S,C,F:\GENESIS Studio\genesis-studio\packages\engines-py\.pdb_cache\4OBE,A
2422,ThermoMPNN,4OBE,-0.12554919719696045,121,S,D,F:\GENESIS Studio\genesis-studio\packages\engines-py\.pdb_cache\4OBE,A
2423,ThermoMPNN,4OBE,-0.01192617416381836,121,S,E,F:\GENESIS Studio\genesis-studio\packages\engines-py\.pdb_cache\4OBE,A
2424,ThermoMPNN,4OBE,0.013969361782073975,121,S,F,F:\GENESIS Studio\genesis-studio\packages\engines-py\.pdb_cache\4OBE,A
2425,ThermoMPNN,4OBE,-0.07427382469177246,121,S,G,F:\GENESIS Studio\genesis-studio\packages\engines-py\.pdb_cache\4OBE,A
2426,ThermoMPNN,4OBE,-0.11525529623031616,121,S,H,F:\GENESIS Studio\genesis-studio\packages\engines-py\.pdb_cache\4OBE,A
2427,ThermoMPNN,4OBE,0.6032425165176392,121,S,I,F:\GENESIS Studio\genesis-studio\packages\engines-py\.pdb_cache\4OBE,A
2428,ThermoMPNN,4OBE,0.15629923343658447,121,S,K,F:\GENESIS Studio\genesis-studio\packages\engines-py\.pdb_cache\4OBE,A
2429,ThermoMPNN,4OBE,0.12737756967544556,121,S,L,F:\GENESIS Studio\genesis-studio\packages\engines-py\.pdb_cache\4OBE,A
2430,ThermoMPNN,4OBE,-0.0332791805267334,121,S,M,F:\GENESIS Studio\genesis-studio\packages\engines-py\.pdb_cache\4OBE,A
2431,ThermoMPNN,4OBE,-0.3578076958656311,121,S,N,F:\GENESIS Studio\genesis-studio\packages\engines-py\.pdb_cache\4OBE,A
2432,ThermoMPNN,4OBE,1.0463885068893433,121,S,P,F:\GENESIS Studio\genesis-studio\packages\engines-py\.pdb_cache\4OBE,A
2433,ThermoMPNN,4OBE,0.006579935550689697,121,S,Q,F:\GENESIS Studio\genesis-studio\packages\engines-py\.pdb_cache\4OBE,A
2434,ThermoMPNN,4OBE,0.227777898311615,121,S,R,F:\GENESIS Studio\genesis-studio\packages\engines-py\.pdb_cache\4OBE,A
2435,ThermoMPNN,4OBE,0.0,121,S,S,F:\GENESIS Studio\genesis-studio\packages\engines-py\.pdb_cache\4OBE,A
2436,ThermoMPNN,4OBE,0.3922547996044159,121,S,T,F:\GENESIS Studio\genesis-studio\packages\engines-py\.pdb_cache\4OBE,A
2437,ThermoMPNN,4OBE,0.5955936908721924,121,S,V,F:\GENESIS Studio\genesis-studio\packages\engines-py\.pdb_cache\4OBE,A
2438,ThermoMPNN,4OBE,0.020298302173614502,121,S,W,F:\GENESIS Studio\genesis-studio\packages\engines-py\.pdb_cache\4OBE,A
2439,ThermoMPNN,4OBE,0.045744240283966064,121,S,Y,F:\GENESIS Studio\genesis-studio\packages\engines-py\.pdb_cache\4OBE,A
2440,ThermoMPNN,4OBE,0.6304820775985718,122,R,A,F:\GENESIS Studio\genesis-studio\packages\engines-py\.pdb_cache\4OBE,A
2441,ThermoMPNN,4OBE,0.6007481813430786,122,R,C,F:\GENESIS Studio\genesis-studio\packages\engines-py\.pdb_cache\4OBE,A
2442,ThermoMPNN,4OBE,1.373163104057312,122,R,D,F:\GENESIS Studio\genesis-studio\packages\engines-py\.pdb_cache\4OBE,A
2443,ThermoMPNN,4OBE,1.2655614614486694,122,R,E,F:\GENESIS Studio\genesis-studio\packages\engines-py\.pdb_cache\4OBE,A
2444,ThermoMPNN,4OBE,0.857974112033844,122,R,F,F:\GENESIS Studio\genesis-studio\packages\engines-py\.pdb_cache\4OBE,A
2445,ThermoMPNN,4OBE,1.0548515319824219,122,R,G,F:\GENESIS Studio\genesis-studio\packages\engines-py\.pdb_cache\4OBE,A
2446,ThermoMPNN,4OBE,0.6621809601783752,122,R,H,F:\GENESIS Studio\genesis-studio\packages\engines-py\.pdb_cache\4OBE,A
2447,ThermoMPNN,4OBE,0.5800485610961914,122,R,I,F:\GENESIS Studio\genesis-studio\packages\engines-py\.pdb_cache\4OBE,A
2448,ThermoMPNN,4OBE,0.07166087627410889,122,R,K,F:\GENESIS Studio\genesis-studio\packages\engines-py\.pdb_cache\4OBE,A
2449,ThermoMPNN,4OBE,0.7287850379943848,122,R,L,F:\GENESIS Studio\genesis-studio\packages\engines-py\.pdb_cache\4OBE,A
2450,ThermoMPNN,4OBE,0.6564038991928101,122,R,M,F:\GENESIS Studio\genesis-studio\packages\engines-py\.pdb_cache\4OBE,A
2451,ThermoMPNN,4OBE,0.9581183791160583,122,R,N,F:\GENESIS Studio\genesis-studio\packages\engines-py\.pdb_cache\4OBE,A
2452,ThermoMPNN,4OBE,0.1847466230392456,122,R,P,F:\GENESIS Studio\genesis-studio\packages\engines-py\.pdb_cache\4OBE,A
2453,ThermoMPNN,4OBE,0.702182948589325,122,R,Q,F:\GENESIS Studio\genesis-studio\packages\engines-py\.pdb_cache\4OBE,A
2454,ThermoMPNN,4OBE,0.0,122,R,R,F:\GENESIS Studio\genesis-studio\packages\engines-py\.pdb_cache\4OBE,A
2455,ThermoMPNN,4OBE,0.7968939542770386,122,R,S,F:\GENESIS Studio\genesis-studio\packages\engines-py\.pdb_cache\4OBE,A
2456,ThermoMPNN,4OBE,0.8375968933105469,122,R,T,F:\GENESIS Studio\genesis-studio\packages\engines-py\.pdb_cache\4OBE,A
2457,ThermoMPNN,4OBE,0.743628978729248,122,R,V,F:\GENESIS Studio\genesis-studio\packages\engines-py\.pdb_cache\4OBE,A
2458,ThermoMPNN,4OBE,0.7764497995376587,122,R,W,F:\GENESIS Studio\genesis-studio\packages\engines-py\.pdb_cache\4OBE,A
2459,ThermoMPNN,4OBE,0.6991147994995117,122,R,Y,F:\GENESIS Studio\genesis-studio\packages\engines-py\.pdb_cache\4OBE,A
2460,ThermoMPNN,4OBE,0.7637945413589478,123,T,A,F:\GENESIS Studio\genesis-studio\packages\engines-py\.pdb_cache\4OBE,A
2461,ThermoMPNN,4OBE,0.5279061794281006,123,T,C,F:\GENESIS Studio\genesis-studio\packages\engines-py\.pdb_cache\4OBE,A
2462,ThermoMPNN,4OBE,1.6931893825531006,123,T,D,F:\GENESIS Studio\genesis-studio\packages\engines-py\.pdb_cache\4OBE,A
2463,ThermoMPNN,4OBE,1.1455014944076538,123,T,E,F:\GENESIS Studio\genesis-studio\packages\engines-py\.pdb_cache\4OBE,A
2464,ThermoMPNN,4OBE,1.1113805770874023,123,T,F,F:\GENESIS Studio\genesis-studio\packages\engines-py\.pdb_cache\4OBE,A
2465,ThermoMPNN,4OBE,1.5020039081573486,123,T,G,F:\GENESIS Studio\genesis-studio\packages\engines-py\.pdb_cache\4OBE,A
2466,ThermoMPNN,4OBE,1.0642006397247314,123,T,H,F:\GENESIS Studio\genesis-studio\packages\engines-py\.pdb_cache\4OBE,A
2467,ThermoMPNN,4OBE,0.45629703998565674,123,T,I,F:\GENESIS Studio\genesis-studio\packages\engines-py\.pdb_cache\4OBE,A
2468,ThermoMPNN,4OBE,0.7124616503715515,123,T,K,F:\GENESIS Studio\genesis-studio\packages\engines-py\.pdb_cache\4OBE,A
2469,ThermoMPNN,4OBE,0.5844758152961731,123,T,L,F:\GENESIS Studio\genesis-studio\packages\engines-py\.pdb_cache\4OBE,A
2470,ThermoMPNN,4OBE,0.5470337867736816,123,T,M,F:\GENESIS Studio\genesis-studio\packages\engines-py\.pdb_cache\4OBE,A
2471,ThermoMPNN,4OBE,1.2307682037353516,123,T,N,F:\GENESIS Studio\genesis-studio\packages\engines-py\.pdb_cache\4OBE,A
2472,ThermoMPNN,4OBE,2.339364767074585,123,T,P,F:\GENESIS Studio\genesis-studio\packages\engines-py\.pdb_cache\4OBE,A
2473,ThermoMPNN,4OBE,0.6840202808380127,123,T,Q,F:\GENESIS Studio\genesis-studio\packages\engines-py\.pdb_cache\4OBE,A
2474,ThermoMPNN,4OBE,0.566509485244751,123,T,R,F:\GENESIS Studio\genesis-studio\packages\engines-py\.pdb_cache\4OBE,A
2475,ThermoMPNN,4OBE,0.5006328821182251,123,T,S,F:\GENESIS Studio\genesis-studio\packages\engines-py\.pdb_cache\4OBE,A
2476,ThermoMPNN,4OBE,0.0,123,T,T,F:\GENESIS Studio\genesis-studio\packages\engines-py\.pdb_cache\4OBE,A
2477,ThermoMPNN,4OBE,0.34945428371429443,123,T,V,F:\GENESIS Studio\genesis-studio\packages\engines-py\.pdb_cache\4OBE,A
2478,ThermoMPNN,4OBE,1.1851760149002075,123,T,W,F:\GENESIS Studio\genesis-studio\packages\engines-py\.pdb_cache\4OBE,A
2479,ThermoMPNN,4OBE,1.179844856262207,123,T,Y,F:\GENESIS Studio\genesis-studio\packages\engines-py\.pdb_cache\4OBE,A
2480,ThermoMPNN,4OBE,2.0145092010498047,124,V,A,F:\GENESIS Studio\genesis-studio\packages\engines-py\.pdb_cache\4OBE,A
2481,ThermoMPNN,4OBE,1.2205880880355835,124,V,C,F:\GENESIS Studio\genesis-studio\packages\engines-py\.pdb_cache\4OBE,A
2482,ThermoMPNN,4OBE,2.212604284286499,124,V,D,F:\GENESIS Studio\genesis-studio\packages\engines-py\.pdb_cache\4OBE,A
2483,ThermoMPNN,4OBE,2.334874153137207,124,V,E,F:\GENESIS Studio\genesis-studio\packages\engines-py\.pdb_cache\4OBE,A
2484,ThermoMPNN,4OBE,1.9228726625442505,124,V,F,F:\GENESIS Studio\genesis-studio\packages\engines-py\.pdb_cache\4OBE,A
2485,ThermoMPNN,4OBE,2.529930353164673,124,V,G,F:\GENESIS Studio\genesis-studio\packages\engines-py\.pdb_cache\4OBE,A
2486,ThermoMPNN,4OBE,2.474156141281128,124,V,H,F:\GENESIS Studio\genesis-studio\packages\engines-py\.pdb_cache\4OBE,A
2487,ThermoMPNN,4OBE,0.4343228340148926,124,V,I,F:\GENESIS Studio\genesis-studio\packages\engines-py\.pdb_cache\4OBE,A
2488,ThermoMPNN,4OBE,2.583758592605591,124,V,K,F:\GENESIS Studio\genesis-studio\packages\engines-py\.pdb_cache\4OBE,A
2489,ThermoMPNN,4OBE,1.0718090534210205,124,V,L,F:\GENESIS Studio\genesis-studio\packages\engines-py\.pdb_cache\4OBE,A
2490,ThermoMPNN,4OBE,1.7239131927490234,124,V,M,F:\GENESIS Studio\genesis-studio\packages\engines-py\.pdb_cache\4OBE,A
2491,ThermoMPNN,4OBE,2.3629021644592285,124,V,N,F:\GENESIS Studio\genesis-studio\packages\engines-py\.pdb_cache\4OBE,A
2492,ThermoMPNN,4OBE,2.136018753051758,124,V,P,F:\GENESIS Studio\genesis-studio\packages\engines-py\.pdb_cache\4OBE,A
2493,ThermoMPNN,4OBE,2.4756052494049072,124,V,Q,F:\GENESIS Studio\genesis-studio\packages\engines-py\.pdb_cache\4OBE,A
2494,ThermoMPNN,4OBE,2.6480722427368164,124,V,R,F:\GENESIS Studio\genesis-studio\packages\engines-py\.pdb_cache\4OBE,A
2495,ThermoMPNN,4OBE,2.3883485794067383,124,V,S,F:\GENESIS Studio\genesis-studio\packages\engines-py\.pdb_cache\4OBE,A
2496,ThermoMPNN,4OBE,1.9846651554107666,124,V,T,F:\GENESIS Studio\genesis-studio\packages\engines-py\.pdb_cache\4OBE,A
2497,ThermoMPNN,4OBE,0.0,124,V,V,F:\GENESIS Studio\genesis-studio\packages\engines-py\.pdb_cache\4OBE,A
2498,ThermoMPNN,4OBE,1.984192967414856,124,V,W,F:\GENESIS Studio\genesis-studio\packages\engines-py\.pdb_cache\4OBE,A
2499,ThermoMPNN,4OBE,2.184004306793213,124,V,Y,F:\GENESIS Studio\genesis-studio\packages\engines-py\.pdb_cache\4OBE,A
2500,ThermoMPNN,4OBE,0.13650906085968018,125,D,A,F:\GENESIS Studio\genesis-studio\packages\engines-py\.pdb_cache\4OBE,A
2501,ThermoMPNN,4OBE,0.0203402042388916,125,D,C,F:\GENESIS Studio\genesis-studio\packages\engines-py\.pdb_cache\4OBE,A
2502,ThermoMPNN,4OBE,0.0,125,D,D,F:\GENESIS Studio\genesis-studio\packages\engines-py\.pdb_cache\4OBE,A
2503,ThermoMPNN,4OBE,0.020927011966705322,125,D,E,F:\GENESIS Studio\genesis-studio\packages\engines-py\.pdb_cache\4OBE,A
2504,ThermoMPNN,4OBE,0.6699050664901733,125,D,F,F:\GENESIS Studio\genesis-studio\packages\engines-py\.pdb_cache\4OBE,A
2505,ThermoMPNN,4OBE,0.5577129125595093,125,D,G,F:\GENESIS Studio\genesis-studio\packages\engines-py\.pdb_cache\4OBE,A
2506,ThermoMPNN,4OBE,0.4006759524345398,125,D,H,F:\GENESIS Studio\genesis-studio\packages\engines-py\.pdb_cache\4OBE,A
2507,ThermoMPNN,4OBE,0.5862212181091309,125,D,I,F:\GENESIS Studio\genesis-studio\packages\engines-py\.pdb_cache\4OBE,A
2508,ThermoMPNN,4OBE,0.4508857727050781,125,D,K,F:\GENESIS Studio\genesis-studio\packages\engines-py\.pdb_cache\4OBE,A
2509,ThermoMPNN,4OBE,0.48894333839416504,125,D,L,F:\GENESIS Studio\genesis-studio\packages\engines-py\.pdb_cache\4OBE,A
2510,ThermoMPNN,4OBE,0.5551003217697144,125,D,M,F:\GENESIS Studio\genesis-studio\packages\engines-py\.pdb_cache\4OBE,A
2511,ThermoMPNN,4OBE,0.3497121334075928,125,D,N,F:\GENESIS Studio\genesis-studio\packages\engines-py\.pdb_cache\4OBE,A
2512,ThermoMPNN,4OBE,-0.3951932191848755,125,D,P,F:\GENESIS Studio\genesis-studio\packages\engines-py\.pdb_cache\4OBE,A
2513,ThermoMPNN,4OBE,0.2558884620666504,125,D,Q,F:\GENESIS Studio\genesis-studio\packages\engines-py\.pdb_cache\4OBE,A
2514,ThermoMPNN,4OBE,0.6199103593826294,125,D,R,F:\GENESIS Studio\genesis-studio\packages\engines-py\.pdb_cache\4OBE,A
2515,ThermoMPNN,4OBE,-0.1241539716720581,125,D,S,F:\GENESIS Studio\genesis-studio\packages\engines-py\.pdb_cache\4OBE,A
2516,ThermoMPNN,4OBE,0.23641079664230347,125,D,T,F:\GENESIS Studio\genesis-studio\packages\engines-py\.pdb_cache\4OBE,A
2517,ThermoMPNN,4OBE,0.5323575735092163,125,D,V,F:\GENESIS Studio\genesis-studio\packages\engines-py\.pdb_cache\4OBE,A
2518,ThermoMPNN,4OBE,0.7337484955787659,125,D,W,F:\GENESIS Studio\genesis-studio\packages\engines-py\.pdb_cache\4OBE,A
2519,ThermoMPNN,4OBE,0.7045869827270508,125,D,Y,F:\GENESIS Studio\genesis-studio\packages\engines-py\.pdb_cache\4OBE,A
2520,ThermoMPNN,4OBE,-0.1306958794593811,126,T,A,F:\GENESIS Studio\genesis-studio\packages\engines-py\.pdb_cache\4OBE,A
2521,ThermoMPNN,4OBE,-0.27725839614868164,126,T,C,F:\GENESIS Studio\genesis-studio\packages\engines-py\.pdb_cache\4OBE,A
2522,ThermoMPNN,4OBE,0.5545427799224854,126,T,D,F:\GENESIS Studio\genesis-studio\packages\engines-py\.pdb_cache\4OBE,A
2523,ThermoMPNN,4OBE,0.28219717741012573,126,T,E,F:\GENESIS Studio\genesis-studio\packages\engines-py\.pdb_cache\4OBE,A
2524,ThermoMPNN,4OBE,-0.0925300121307373,126,T,F,F:\GENESIS Studio\genesis-studio\packages\engines-py\.pdb_cache\4OBE,A
2525,ThermoMPNN,4OBE,0.48924368619918823,126,T,G,F:\GENESIS Studio\genesis-studio\packages\engines-py\.pdb_cache\4OBE,A
2526,ThermoMPNN,4OBE,-0.34098440408706665,126,T,H,F:\GENESIS Studio\genesis-studio\packages\engines-py\.pdb_cache\4OBE,A
2527,ThermoMPNN,4OBE,-0.48867547512054443,126,T,I,F:\GENESIS Studio\genesis-studio\packages\engines-py\.pdb_cache\4OBE,A
2528,ThermoMPNN,4OBE,-0.4506545066833496,126,T,K,F:\GENESIS Studio\genesis-studio\packages\engines-py\.pdb_cache\4OBE,A
2529,ThermoMPNN,4OBE,-0.3582340478897095,126,T,L,F:\GENESIS Studio\genesis-studio\packages\engines-py\.pdb_cache\4OBE,A
2530,ThermoMPNN,4OBE,-0.11874210834503174,126,T,M,F:\GENESIS Studio\genesis-studio\packages\engines-py\.pdb_cache\4OBE,A
2531,ThermoMPNN,4OBE,-0.0082855224609375,126,T,N,F:\GENESIS Studio\genesis-studio\packages\engines-py\.pdb_cache\4OBE,A
2532,ThermoMPNN,4OBE,-0.1148722767829895,126,T,P,F:\GENESIS Studio\genesis-studio\packages\engines-py\.pdb_cache\4OBE,A
2533,ThermoMPNN,4OBE,0.040640175342559814,126,T,Q,F:\GENESIS Studio\genesis-studio\packages\engines-py\.pdb_cache\4OBE,A
2534,ThermoMPNN,4OBE,-0.4734177589416504,126,T,R,F:\GENESIS Studio\genesis-studio\packages\engines-py\.pdb_cache\4OBE,A
2535,ThermoMPNN,4OBE,-0.06458622217178345,126,T,S,F:\GENESIS Studio\genesis-studio\packages\engines-py\.pdb_cache\4OBE,A
2536,ThermoMPNN,4OBE,0.0,126,T,T,F:\GENESIS Studio\genesis-studio\packages\engines-py\.pdb_cache\4OBE,A
2537,ThermoMPNN,4OBE,-0.2566434144973755,126,T,V,F:\GENESIS Studio\genesis-studio\packages\engines-py\.pdb_cache\4OBE,A
2538,ThermoMPNN,4OBE,-0.1683669090270996,126,T,W,F:\GENESIS Studio\genesis-studio\packages\engines-py\.pdb_cache\4OBE,A
2539,ThermoMPNN,4OBE,-0.3338114619255066,126,T,Y,F:\GENESIS Studio\genesis-studio\packages\engines-py\.pdb_cache\4OBE,A
2540,ThermoMPNN,4OBE,0.09931063652038574,127,K,A,F:\GENESIS Studio\genesis-studio\packages\engines-py\.pdb_cache\4OBE,A
2541,ThermoMPNN,4OBE,0.33817535638809204,127,K,C,F:\GENESIS Studio\genesis-studio\packages\engines-py\.pdb_cache\4OBE,A
2542,ThermoMPNN,4OBE,0.8421517610549927,127,K,D,F:\GENESIS Studio\genesis-studio\packages\engines-py\.pdb_cache\4OBE,A
2543,ThermoMPNN,4OBE,0.4795783758163452,127,K,E,F:\GENESIS Studio\genesis-studio\packages\engines-py\.pdb_cache\4OBE,A
2544,ThermoMPNN,4OBE,0.6913171410560608,127,K,F,F:\GENESIS Studio\genesis-studio\packages\engines-py\.pdb_cache\4OBE,A
2545,ThermoMPNN,4OBE,0.6669402718544006,127,K,G,F:\GENESIS Studio\genesis-studio\packages\engines-py\.pdb_cache\4OBE,A
2546,ThermoMPNN,4OBE,0.4547368884086609,127,K,H,F:\GENESIS Studio\genesis-studio\packages\engines-py\.pdb_cache\4OBE,A
2547,ThermoMPNN,4OBE,0.48326247930526733,127,K,I,F:\GENESIS Studio\genesis-studio\packages\engines-py\.pdb_cache\4OBE,A
2548,ThermoMPNN,4OBE,0.0,127,K,K,F:\GENESIS Studio\genesis-studio\packages\engines-py\.pdb_cache\4OBE,A
2549,ThermoMPNN,4OBE,0.4007883071899414,127,K,L,F:\GENESIS Studio\genesis-studio\packages\engines-py\.pdb_cache\4OBE,A
2550,ThermoMPNN,4OBE,0.376289963722229,127,K,M,F:\GENESIS Studio\genesis-studio\packages\engines-py\.pdb_cache\4OBE,A
2551,ThermoMPNN,4OBE,0.5476410984992981,127,K,N,F:\GENESIS Studio\genesis-studio\packages\engines-py\.pdb_cache\4OBE,A
2552,ThermoMPNN,4OBE,1.4380192756652832,127,K,P,F:\GENESIS Studio\genesis-studio\packages\engines-py\.pdb_cache\4OBE,A
2553,ThermoMPNN,4OBE,0.21241533756256104,127,K,Q,F:\GENESIS Studio\genesis-studio\packages\engines-py\.pdb_cache\4OBE,A
2554,ThermoMPNN,4OBE,0.05279552936553955,127,K,R,F:\GENESIS Studio\genesis-studio\packages\engines-py\.pdb_cache\4OBE,A
2555,ThermoMPNN,4OBE,0.34116488695144653,127,K,S,F:\GENESIS Studio\genesis-studio\packages\engines-py\.pdb_cache\4OBE,A
2556,ThermoMPNN,4OBE,0.5410166382789612,127,K,T,F:\GENESIS Studio\genesis-studio\packages\engines-py\.pdb_cache\4OBE,A
2557,ThermoMPNN,4OBE,0.6073932647705078,127,K,V,F:\GENESIS Studio\genesis-studio\packages\engines-py\.pdb_cache\4OBE,A
2558,ThermoMPNN,4OBE,0.5617043375968933,127,K,W,F:\GENESIS Studio\genesis-studio\packages\engines-py\.pdb_cache\4OBE,A
2559,ThermoMPNN,4OBE,0.6135526895523071,127,K,Y,F:\GENESIS Studio\genesis-studio\packages\engines-py\.pdb_cache\4OBE,A
2560,ThermoMPNN,4OBE,0.053658246994018555,128,Q,A,F:\GENESIS Studio\genesis-studio\packages\engines-py\.pdb_cache\4OBE,A
2561,ThermoMPNN,4OBE,0.2710391879081726,128,Q,C,F:\GENESIS Studio\genesis-studio\packages\engines-py\.pdb_cache\4OBE,A
2562,ThermoMPNN,4OBE,0.4078083634376526,128,Q,D,F:\GENESIS Studio\genesis-studio\packages\engines-py\.pdb_cache\4OBE,A
2563,ThermoMPNN,4OBE,0.14244771003723145,128,Q,E,F:\GENESIS Studio\genesis-studio\packages\engines-py\.pdb_cache\4OBE,A
2564,ThermoMPNN,4OBE,0.7324057817459106,128,Q,F,F:\GENESIS Studio\genesis-studio\packages\engines-py\.pdb_cache\4OBE,A
2565,ThermoMPNN,4OBE,1.0713852643966675,128,Q,G,F:\GENESIS Studio\genesis-studio\packages\engines-py\.pdb_cache\4OBE,A
2566,ThermoMPNN,4OBE,0.4889751672744751,128,Q,H,F:\GENESIS Studio\genesis-studio\packages\engines-py\.pdb_cache\4OBE,A
2567,ThermoMPNN,4OBE,0.37074053287506104,128,Q,I,F:\GENESIS Studio\genesis-studio\packages\engines-py\.pdb_cache\4OBE,A
2568,ThermoMPNN,4OBE,0.39388507604599,128,Q,K,F:\GENESIS Studio\genesis-studio\packages\engines-py\.pdb_cache\4OBE,A
2569,ThermoMPNN,4OBE,0.3130226731300354,128,Q,L,F:\GENESIS Studio\genesis-studio\packages\engines-py\.pdb_cache\4OBE,A
2570,ThermoMPNN,4OBE,0.1937464475631714,128,Q,M,F:\GENESIS Studio\genesis-studio\packages\engines-py\.pdb_cache\4OBE,A
2571,ThermoMPNN,4OBE,0.6257691383361816,128,Q,N,F:\GENESIS Studio\genesis-studio\packages\engines-py\.pdb_cache\4OBE,A
2572,ThermoMPNN,4OBE,3.056016683578491,128,Q,P,F:\GENESIS Studio\genesis-studio\packages\engines-py\.pdb_cache\4OBE,A
2573,ThermoMPNN,4OBE,0.0,128,Q,Q,F:\GENESIS Studio\genesis-studio\packages\engines-py\.pdb_cache\4OBE,A
2574,ThermoMPNN,4OBE,0.30311787128448486,128,Q,R,F:\GENESIS Studio\genesis-studio\packages\engines-py\.pdb_cache\4OBE,A
2575,ThermoMPNN,4OBE,0.33417612314224243,128,Q,S,F:\GENESIS Studio\genesis-studio\packages\engines-py\.pdb_cache\4OBE,A
2576,ThermoMPNN,4OBE,0.5317615270614624,128,Q,T,F:\GENESIS Studio\genesis-studio\packages\engines-py\.pdb_cache\4OBE,A
2577,ThermoMPNN,4OBE,0.4291331171989441,128,Q,V,F:\GENESIS Studio\genesis-studio\packages\engines-py\.pdb_cache\4OBE,A
2578,ThermoMPNN,4OBE,0.528131365776062,128,Q,W,F:\GENESIS Studio\genesis-studio\packages\engines-py\.pdb_cache\4OBE,A
2579,ThermoMPNN,4OBE,0.7250536680221558,128,Q,Y,F:\GENESIS Studio\genesis-studio\packages\engines-py\.pdb_cache\4OBE,A
2580,ThermoMPNN,4OBE,0.0,129,A,A,F:\GENESIS Studio\genesis-studio\packages\engines-py\.pdb_cache\4OBE,A
2581,ThermoMPNN,4OBE,0.6060726642608643,129,A,C,F:\GENESIS Studio\genesis-studio\packages\engines-py\.pdb_cache\4OBE,A
2582,ThermoMPNN,4OBE,2.899909019470215,129,A,D,F:\GENESIS Studio\genesis-studio\packages\engines-py\.pdb_cache\4OBE,A
2583,ThermoMPNN,4OBE,3.0017318725585938,129,A,E,F:\GENESIS Studio\genesis-studio\packages\engines-py\.pdb_cache\4OBE,A
2584,ThermoMPNN,4OBE,0.8545839786529541,129,A,F,F:\GENESIS Studio\genesis-studio\packages\engines-py\.pdb_cache\4OBE,A
2585,ThermoMPNN,4OBE,0.8843640089035034,129,A,G,F:\GENESIS Studio\genesis-studio\packages\engines-py\.pdb_cache\4OBE,A
2586,ThermoMPNN,4OBE,2.3577945232391357,129,A,H,F:\GENESIS Studio\genesis-studio\packages\engines-py\.pdb_cache\4OBE,A
2587,ThermoMPNN,4OBE,0.7858473062515259,129,A,I,F:\GENESIS Studio\genesis-studio\packages\engines-py\.pdb_cache\4OBE,A
2588,ThermoMPNN,4OBE,2.7019174098968506,129,A,K,F:\GENESIS Studio\genesis-studio\packages\engines-py\.pdb_cache\4OBE,A
2589,ThermoMPNN,4OBE,1.1077691316604614,129,A,L,F:\GENESIS Studio\genesis-studio\packages\engines-py\.pdb_cache\4OBE,A
2590,ThermoMPNN,4OBE,1.1431777477264404,129,A,M,F:\GENESIS Studio\genesis-studio\packages\engines-py\.pdb_cache\4OBE,A
2591,ThermoMPNN,4OBE,2.6787054538726807,129,A,N,F:\GENESIS Studio\genesis-studio\packages\engines-py\.pdb_cache\4OBE,A
2592,ThermoMPNN,4OBE,2.639219045639038,129,A,P,F:\GENESIS Studio\genesis-studio\packages\engines-py\.pdb_cache\4OBE,A
2593,ThermoMPNN,4OBE,2.6318540573120117,129,A,Q,F:\GENESIS Studio\genesis-studio\packages\engines-py\.pdb_cache\4OBE,A
2594,ThermoMPNN,4OBE,2.549093008041382,129,A,R,F:\GENESIS Studio\genesis-studio\packages\engines-py\.pdb_cache\4OBE,A
2595,ThermoMPNN,4OBE,1.6282600164413452,129,A,S,F:\GENESIS Studio\genesis-studio\packages\engines-py\.pdb_cache\4OBE,A
2596,ThermoMPNN,4OBE,1.8068374395370483,129,A,T,F:\GENESIS Studio\genesis-studio\packages\engines-py\.pdb_cache\4OBE,A
2597,ThermoMPNN,4OBE,0.7324315309524536,129,A,V,F:\GENESIS Studio\genesis-studio\packages\engines-py\.pdb_cache\4OBE,A
2598,ThermoMPNN,4OBE,1.2678813934326172,129,A,W,F:\GENESIS Studio\genesis-studio\packages\engines-py\.pdb_cache\4OBE,A
2599,ThermoMPNN,4OBE,1.3654910326004028,129,A,Y,F:\GENESIS Studio\genesis-studio\packages\engines-py\.pdb_cache\4OBE,A
2600,ThermoMPNN,4OBE,0.2509921193122864,130,Q,A,F:\GENESIS Studio\genesis-studio\packages\engines-py\.pdb_cache\4OBE,A
2601,ThermoMPNN,4OBE,0.038207411766052246,130,Q,C,F:\GENESIS Studio\genesis-studio\packages\engines-py\.pdb_cache\4OBE,A
2602,ThermoMPNN,4OBE,1.1459028720855713,130,Q,D,F:\GENESIS Studio\genesis-studio\packages\engines-py\.pdb_cache\4OBE,A
2603,ThermoMPNN,4OBE,0.2199038863182068,130,Q,E,F:\GENESIS Studio\genesis-studio\packages\engines-py\.pdb_cache\4OBE,A
2604,ThermoMPNN,4OBE,0.4399234652519226,130,Q,F,F:\GENESIS Studio\genesis-studio\packages\engines-py\.pdb_cache\4OBE,A
2605,ThermoMPNN,4OBE,1.2940821647644043,130,Q,G,F:\GENESIS Studio\genesis-studio\packages\engines-py\.pdb_cache\4OBE,A
2606,ThermoMPNN,4OBE,0.6276376247406006,130,Q,H,F:\GENESIS Studio\genesis-studio\packages\engines-py\.pdb_cache\4OBE,A
2607,ThermoMPNN,4OBE,-0.15368413925170898,130,Q,I,F:\GENESIS Studio\genesis-studio\packages\engines-py\.pdb_cache\4OBE,A
2608,ThermoMPNN,4OBE,0.2185872197151184,130,Q,K,F:\GENESIS Studio\genesis-studio\packages\engines-py\.pdb_cache\4OBE,A
2609,ThermoMPNN,4OBE,-0.13363516330718994,130,Q,L,F:\GENESIS Studio\genesis-studio\packages\engines-py\.pdb_cache\4OBE,A
2610,ThermoMPNN,4OBE,-0.17324292659759521,130,Q,M,F:\GENESIS Studio\genesis-studio\packages\engines-py\.pdb_cache\4OBE,A
2611,ThermoMPNN,4OBE,1.045400619506836,130,Q,N,F:\GENESIS Studio\genesis-studio\packages\engines-py\.pdb_cache\4OBE,A
2612,ThermoMPNN,4OBE,3.246577262878418,130,Q,P,F:\GENESIS Studio\genesis-studio\packages\engines-py\.pdb_cache\4OBE,A
2613,ThermoMPNN,4OBE,0.0,130,Q,Q,F:\GENESIS Studio\genesis-studio\packages\engines-py\.pdb_cache\4OBE,A
2614,ThermoMPNN,4OBE,0.12261366844177246,130,Q,R,F:\GENESIS Studio\genesis-studio\packages\engines-py\.pdb_cache\4OBE,A
2615,ThermoMPNN,4OBE,0.7007291316986084,130,Q,S,F:\GENESIS Studio\genesis-studio\packages\engines-py\.pdb_cache\4OBE,A
2616,ThermoMPNN,4OBE,0.5432460904121399,130,Q,T,F:\GENESIS Studio\genesis-studio\packages\engines-py\.pdb_cache\4OBE,A
2617,ThermoMPNN,4OBE,0.024574875831604004,130,Q,V,F:\GENESIS Studio\genesis-studio\packages\engines-py\.pdb_cache\4OBE,A
2618,ThermoMPNN,4OBE,0.33739280700683594,130,Q,W,F:\GENESIS Studio\genesis-studio\packages\engines-py\.pdb_cache\4OBE,A
2619,ThermoMPNN,4OBE,0.4106850028038025,130,Q,Y,F:\GENESIS Studio\genesis-studio\packages\engines-py\.pdb_cache\4OBE,A
2620,ThermoMPNN,4OBE,0.04420506954193115,131,D,A,F:\GENESIS Studio\genesis-studio\packages\engines-py\.pdb_cache\4OBE,A
2621,ThermoMPNN,4OBE,0.02310335636138916,131,D,C,F:\GENESIS Studio\genesis-studio\packages\engines-py\.pdb_cache\4OBE,A
2622,ThermoMPNN,4OBE,0.0,131,D,D,F:\GENESIS Studio\genesis-studio\packages\engines-py\.pdb_cache\4OBE,A
2623,ThermoMPNN,4OBE,-0.0200883150100708,131,D,E,F:\GENESIS Studio\genesis-studio\packages\engines-py\.pdb_cache\4OBE,A
2624,ThermoMPNN,4OBE,0.4420488476753235,131,D,F,F:\GENESIS Studio\genesis-studio\packages\engines-py\.pdb_cache\4OBE,A
2625,ThermoMPNN,4OBE,0.870425283908844,131,D,G,F:\GENESIS Studio\genesis-studio\packages\engines-py\.pdb_cache\4OBE,A
2626,ThermoMPNN,4OBE,0.456073522567749,131,D,H,F:\GENESIS Studio\genesis-studio\packages\engines-py\.pdb_cache\4OBE,A
2627,ThermoMPNN,4OBE,0.26877516508102417,131,D,I,F:\GENESIS Studio\genesis-studio\packages\engines-py\.pdb_cache\4OBE,A
2628,ThermoMPNN,4OBE,0.40157169103622437,131,D,K,F:\GENESIS Studio\genesis-studio\packages\engines-py\.pdb_cache\4OBE,A
2629,ThermoMPNN,4OBE,0.14743024110794067,131,D,L,F:\GENESIS Studio\genesis-studio\packages\engines-py\.pdb_cache\4OBE,A
2630,ThermoMPNN,4OBE,0.15703177452087402,131,D,M,F:\GENESIS Studio\genesis-studio\packages\engines-py\.pdb_cache\4OBE,A
2631,ThermoMPNN,4OBE,0.30184584856033325,131,D,N,F:\GENESIS Studio\genesis-studio\packages\engines-py\.pdb_cache\4OBE,A
2632,ThermoMPNN,4OBE,2.809508800506592,131,D,P,F:\GENESIS Studio\genesis-studio\packages\engines-py\.pdb_cache\4OBE,A
2633,ThermoMPNN,4OBE,0.18727540969848633,131,D,Q,F:\GENESIS Studio\genesis-studio\packages\engines-py\.pdb_cache\4OBE,A
2634,ThermoMPNN,4OBE,0.2716888189315796,131,D,R,F:\GENESIS Studio\genesis-studio\packages\engines-py\.pdb_cache\4OBE,A
2635,ThermoMPNN,4OBE,0.3116210103034973,131,D,S,F:\GENESIS Studio\genesis-studio\packages\engines-py\.pdb_cache\4OBE,A
2636,ThermoMPNN,4OBE,0.5336722135543823,131,D,T,F:\GENESIS Studio\genesis-studio\packages\engines-py\.pdb_cache\4OBE,A
2637,ThermoMPNN,4OBE,0.4501253366470337,131,D,V,F:\GENESIS Studio\genesis-studio\packages\engines-py\.pdb_cache\4OBE,A
2638,ThermoMPNN,4OBE,0.3890003561973572,131,D,W,F:\GENESIS Studio\genesis-studio\packages\engines-py\.pdb_cache\4OBE,A
2639,ThermoMPNN,4OBE,0.48038583993911743,131,D,Y,F:\GENESIS Studio\genesis-studio\packages\engines-py\.pdb_cache\4OBE,A
2640,ThermoMPNN,4OBE,1.7716211080551147,132,L,A,F:\GENESIS Studio\genesis-studio\packages\engines-py\.pdb_cache\4OBE,A
2641,ThermoMPNN,4OBE,1.0076655149459839,132,L,C,F:\GENESIS Studio\genesis-studio\packages\engines-py\.pdb_cache\4OBE,A
2642,ThermoMPNN,4OBE,2.0276925563812256,132,L,D,F:\GENESIS Studio\genesis-studio\packages\engines-py\.pdb_cache\4OBE,A
2643,ThermoMPNN,4OBE,1.8779181241989136,132,L,E,F:\GENESIS Studio\genesis-studio\packages\engines-py\.pdb_cache\4OBE,A
2644,ThermoMPNN,4OBE,0.6885031461715698,132,L,F,F:\GENESIS Studio\genesis-studio\packages\engines-py\.pdb_cache\4OBE,A
2645,ThermoMPNN,4OBE,2.5584664344787598,132,L,G,F:\GENESIS Studio\genesis-studio\packages\engines-py\.pdb_cache\4OBE,A
2646,ThermoMPNN,4OBE,2.0396432876586914,132,L,H,F:\GENESIS Studio\genesis-studio\packages\engines-py\.pdb_cache\4OBE,A
2647,ThermoMPNN,4OBE,0.734595775604248,132,L,I,F:\GENESIS Studio\genesis-studio\packages\engines-py\.pdb_cache\4OBE,A
2648,ThermoMPNN,4OBE,2.179370880126953,132,L,K,F:\GENESIS Studio\genesis-studio\packages\engines-py\.pdb_cache\4OBE,A
2649,ThermoMPNN,4OBE,0.0,132,L,L,F:\GENESIS Studio\genesis-studio\packages\engines-py\.pdb_cache\4OBE,A
2650,ThermoMPNN,4OBE,0.6384153366088867,132,L,M,F:\GENESIS Studio\genesis-studio\packages\engines-py\.pdb_cache\4OBE,A
2651,ThermoMPNN,4OBE,2.3080344200134277,132,L,N,F:\GENESIS Studio\genesis-studio\packages\engines-py\.pdb_cache\4OBE,A
2652,ThermoMPNN,4OBE,2.4952738285064697,132,L,P,F:\GENESIS Studio\genesis-studio\packages\engines-py\.pdb_cache\4OBE,A
2653,ThermoMPNN,4OBE,1.9477003812789917,132,L,Q,F:\GENESIS Studio\genesis-studio\packages\engines-py\.pdb_cache\4OBE,A
2654,ThermoMPNN,4OBE,2.107158899307251,132,L,R,F:\GENESIS Studio\genesis-studio\packages\engines-py\.pdb_cache\4OBE,A
2655,ThermoMPNN,4OBE,2.011059522628784,132,L,S,F:\GENESIS Studio\genesis-studio\packages\engines-py\.pdb_cache\4OBE,A
2656,ThermoMPNN,4OBE,1.4803286790847778,132,L,T,F:\GENESIS Studio\genesis-studio\packages\engines-py\.pdb_cache\4OBE,A
2657,ThermoMPNN,4OBE,0.9580590724945068,132,L,V,F:\GENESIS Studio\genesis-studio\packages\engines-py\.pdb_cache\4OBE,A
2658,ThermoMPNN,4OBE,1.2617835998535156,132,L,W,F:\GENESIS Studio\genesis-studio\packages\engines-py\.pdb_cache\4OBE,A
2659,ThermoMPNN,4OBE,1.2589359283447266,132,L,Y,F:\GENESIS Studio\genesis-studio\packages\engines-py\.pdb_cache\4OBE,A
2660,ThermoMPNN,4OBE,0.0,133,A,A,F:\GENESIS Studio\genesis-studio\packages\engines-py\.pdb_cache\4OBE,A
2661,ThermoMPNN,4OBE,1.3781534433364868,133,A,C,F:\GENESIS Studio\genesis-studio\packages\engines-py\.pdb_cache\4OBE,A
2662,ThermoMPNN,4OBE,3.0099287033081055,133,A,D,F:\GENESIS Studio\genesis-studio\packages\engines-py\.pdb_cache\4OBE,A
2663,ThermoMPNN,4OBE,2.734768867492676,133,A,E,F:\GENESIS Studio\genesis-studio\packages\engines-py\.pdb_cache\4OBE,A
2664,ThermoMPNN,4OBE,2.089226484298706,133,A,F,F:\GENESIS Studio\genesis-studio\packages\engines-py\.pdb_cache\4OBE,A
2665,ThermoMPNN,4OBE,1.9628888368606567,133,A,G,F:\GENESIS Studio\genesis-studio\packages\engines-py\.pdb_cache\4OBE,A
2666,ThermoMPNN,4OBE,2.4764866828918457,133,A,H,F:\GENESIS Studio\genesis-studio\packages\engines-py\.pdb_cache\4OBE,A
2667,ThermoMPNN,4OBE,2.087076425552368,133,A,I,F:\GENESIS Studio\genesis-studio\packages\engines-py\.pdb_cache\4OBE,A
2668,ThermoMPNN,4OBE,2.386234998703003,133,A,K,F:\GENESIS Studio\genesis-studio\packages\engines-py\.pdb_cache\4OBE,A
2669,ThermoMPNN,4OBE,2.0020556449890137,133,A,L,F:\GENESIS Studio\genesis-studio\packages\engines-py\.pdb_cache\4OBE,A
2670,ThermoMPNN,4OBE,1.8019130229949951,133,A,M,F:\GENESIS Studio\genesis-studio\packages\engines-py\.pdb_cache\4OBE,A
2671,ThermoMPNN,4OBE,2.799276828765869,133,A,N,F:\GENESIS Studio\genesis-studio\packages\engines-py\.pdb_cache\4OBE,A
2672,ThermoMPNN,4OBE,2.9230148792266846,133,A,P,F:\GENESIS Studio\genesis-studio\packages\engines-py\.pdb_cache\4OBE,A
2673,ThermoMPNN,4OBE,2.40767765045166,133,A,Q,F:\GENESIS Studio\genesis-studio\packages\engines-py\.pdb_cache\4OBE,A
2674,ThermoMPNN,4OBE,2.31034255027771,133,A,R,F:\GENESIS Studio\genesis-studio\packages\engines-py\.pdb_cache\4OBE,A
2675,ThermoMPNN,4OBE,1.6287060976028442,133,A,S,F:\GENESIS Studio\genesis-studio\packages\engines-py\.pdb_cache\4OBE,A
2676,ThermoMPNN,4OBE,2.3609142303466797,133,A,T,F:\GENESIS Studio\genesis-studio\packages\engines-py\.pdb_cache\4OBE,A
2677,ThermoMPNN,4OBE,1.8358290195465088,133,A,V,F:\GENESIS Studio\genesis-studio\packages\engines-py\.pdb_cache\4OBE,A
2678,ThermoMPNN,4OBE,2.073657274246216,133,A,W,F:\GENESIS Studio\genesis-studio\packages\engines-py\.pdb_cache\4OBE,A
2679,ThermoMPNN,4OBE,2.1360325813293457,133,A,Y,F:\GENESIS Studio\genesis-studio\packages\engines-py\.pdb_cache\4OBE,A
2680,ThermoMPNN,4OBE,0.3202834129333496,134,R,A,F:\GENESIS Studio\genesis-studio\packages\engines-py\.pdb_cache\4OBE,A
2681,ThermoMPNN,4OBE,0.48585695028305054,134,R,C,F:\GENESIS Studio\genesis-studio\packages\engines-py\.pdb_cache\4OBE,A
2682,ThermoMPNN,4OBE,0.9617690443992615,134,R,D,F:\GENESIS Studio\genesis-studio\packages\engines-py\.pdb_cache\4OBE,A
2683,ThermoMPNN,4OBE,0.6983699202537537,134,R,E,F:\GENESIS Studio\genesis-studio\packages\engines-py\.pdb_cache\4OBE,A
2684,ThermoMPNN,4OBE,0.8755457401275635,134,R,F,F:\GENESIS Studio\genesis-studio\packages\engines-py\.pdb_cache\4OBE,A
2685,ThermoMPNN,4OBE,1.1894705295562744,134,R,G,F:\GENESIS Studio\genesis-studio\packages\engines-py\.pdb_cache\4OBE,A
2686,ThermoMPNN,4OBE,0.7216051816940308,134,R,H,F:\GENESIS Studio\genesis-studio\packages\engines-py\.pdb_cache\4OBE,A
2687,ThermoMPNN,4OBE,0.5887800455093384,134,R,I,F:\GENESIS Studio\genesis-studio\packages\engines-py\.pdb_cache\4OBE,A
2688,ThermoMPNN,4OBE,0.2044440507888794,134,R,K,F:\GENESIS Studio\genesis-studio\packages\engines-py\.pdb_cache\4OBE,A
2689,ThermoMPNN,4OBE,0.5031207799911499,134,R,L,F:\GENESIS Studio\genesis-studio\packages\engines-py\.pdb_cache\4OBE,A
2690,ThermoMPNN,4OBE,0.4981299042701721,134,R,M,F:\GENESIS Studio\genesis-studio\packages\engines-py\.pdb_cache\4OBE,A
2691,ThermoMPNN,4OBE,0.6116006970405579,134,R,N,F:\GENESIS Studio\genesis-studio\packages\engines-py\.pdb_cache\4OBE,A
2692,ThermoMPNN,4OBE,3.0229787826538086,134,R,P,F:\GENESIS Studio\genesis-studio\packages\engines-py\.pdb_cache\4OBE,A
2693,ThermoMPNN,4OBE,0.5076534748077393,134,R,Q,F:\GENESIS Studio\genesis-studio\packages\engines-py\.pdb_cache\4OBE,A
2694,ThermoMPNN,4OBE,0.0,134,R,R,F:\GENESIS Studio\genesis-studio\packages\engines-py\.pdb_cache\4OBE,A
2695,ThermoMPNN,4OBE,0.5729401707649231,134,R,S,F:\GENESIS Studio\genesis-studio\packages\engines-py\.pdb_cache\4OBE,A
2696,ThermoMPNN,4OBE,0.8153023719787598,134,R,T,F:\GENESIS Studio\genesis-studio\packages\engines-py\.pdb_cache\4OBE,A
2697,ThermoMPNN,4OBE,0.8434054851531982,134,R,V,F:\GENESIS Studio\genesis-studio\packages\engines-py\.pdb_cache\4OBE,A
2698,ThermoMPNN,4OBE,0.8517822027206421,134,R,W,F:\GENESIS Studio\genesis-studio\packages\engines-py\.pdb_cache\4OBE,A
2699,ThermoMPNN,4OBE,0.8166288733482361,134,R,Y,F:\GENESIS Studio\genesis-studio\packages\engines-py\.pdb_cache\4OBE,A
2700,ThermoMPNN,4OBE,-0.10343635082244873,135,S,A,F:\GENESIS Studio\genesis-studio\packages\engines-py\.pdb_cache\4OBE,A
2701,ThermoMPNN,4OBE,-0.16497886180877686,135,S,C,F:\GENESIS Studio\genesis-studio\packages\engines-py\.pdb_cache\4OBE,A
2702,ThermoMPNN,4OBE,0.4913225471973419,135,S,D,F:\GENESIS Studio\genesis-studio\packages\engines-py\.pdb_cache\4OBE,A
2703,ThermoMPNN,4OBE,0.08557021617889404,135,S,E,F:\GENESIS Studio\genesis-studio\packages\engines-py\.pdb_cache\4OBE,A
2704,ThermoMPNN,4OBE,0.17266929149627686,135,S,F,F:\GENESIS Studio\genesis-studio\packages\engines-py\.pdb_cache\4OBE,A
2705,ThermoMPNN,4OBE,0.5896170139312744,135,S,G,F:\GENESIS Studio\genesis-studio\packages\engines-py\.pdb_cache\4OBE,A
2706,ThermoMPNN,4OBE,0.19921094179153442,135,S,H,F:\GENESIS Studio\genesis-studio\packages\engines-py\.pdb_cache\4OBE,A
2707,ThermoMPNN,4OBE,0.08325892686843872,135,S,I,F:\GENESIS Studio\genesis-studio\packages\engines-py\.pdb_cache\4OBE,A
2708,ThermoMPNN,4OBE,-0.09216058254241943,135,S,K,F:\GENESIS Studio\genesis-studio\packages\engines-py\.pdb_cache\4OBE,A
2709,ThermoMPNN,4OBE,-0.08104896545410156,135,S,L,F:\GENESIS Studio\genesis-studio\packages\engines-py\.pdb_cache\4OBE,A
2710,ThermoMPNN,4OBE,-0.1800084114074707,135,S,M,F:\GENESIS Studio\genesis-studio\packages\engines-py\.pdb_cache\4OBE,A
2711,ThermoMPNN,4OBE,0.315887451171875,135,S,N,F:\GENESIS Studio\genesis-studio\packages\engines-py\.pdb_cache\4OBE,A
2712,ThermoMPNN,4OBE,2.068697452545166,135,S,P,F:\GENESIS Studio\genesis-studio\packages\engines-py\.pdb_cache\4OBE,A
2713,ThermoMPNN,4OBE,-0.1333320140838623,135,S,Q,F:\GENESIS Studio\genesis-studio\packages\engines-py\.pdb_cache\4OBE,A
2714,ThermoMPNN,4OBE,-0.08785736560821533,135,S,R,F:\GENESIS Studio\genesis-studio\packages\engines-py\.pdb_cache\4OBE,A
2715,ThermoMPNN,4OBE,0.0,135,S,S,F:\GENESIS Studio\genesis-studio\packages\engines-py\.pdb_cache\4OBE,A
2716,ThermoMPNN,4OBE,0.22907429933547974,135,S,T,F:\GENESIS Studio\genesis-studio\packages\engines-py\.pdb_cache\4OBE,A
2717,ThermoMPNN,4OBE,0.1939489245414734,135,S,V,F:\GENESIS Studio\genesis-studio\packages\engines-py\.pdb_cache\4OBE,A
2718,ThermoMPNN,4OBE,0.02959299087524414,135,S,W,F:\GENESIS Studio\genesis-studio\packages\engines-py\.pdb_cache\4OBE,A
2719,ThermoMPNN,4OBE,0.1655532717704773,135,S,Y,F:\GENESIS Studio\genesis-studio\packages\engines-py\.pdb_cache\4OBE,A
2720,ThermoMPNN,4OBE,1.488040804862976,136,Y,A,F:\GENESIS Studio\genesis-studio\packages\engines-py\.pdb_cache\4OBE,A
2721,ThermoMPNN,4OBE,0.9566024541854858,136,Y,C,F:\GENESIS Studio\genesis-studio\packages\engines-py\.pdb_cache\4OBE,A
2722,ThermoMPNN,4OBE,2.2253899574279785,136,Y,D,F:\GENESIS Studio\genesis-studio\packages\engines-py\.pdb_cache\4OBE,A
2723,ThermoMPNN,4OBE,1.7234573364257812,136,Y,E,F:\GENESIS Studio\genesis-studio\packages\engines-py\.pdb_cache\4OBE,A
2724,ThermoMPNN,4OBE,0.576659083366394,136,Y,F,F:\GENESIS Studio\genesis-studio\packages\engines-py\.pdb_cache\4OBE,A
2725,ThermoMPNN,4OBE,2.071683168411255,136,Y,G,F:\GENESIS Studio\genesis-studio\packages\engines-py\.pdb_cache\4OBE,A
2726,ThermoMPNN,4OBE,1.4159386157989502,136,Y,H,F:\GENESIS Studio\genesis-studio\packages\engines-py\.pdb_cache\4OBE,A
2727,ThermoMPNN,4OBE,1.2652325630187988,136,Y,I,F:\GENESIS Studio\genesis-studio\packages\engines-py\.pdb_cache\4OBE,A
2728,ThermoMPNN,4OBE,2.093228340148926,136,Y,K,F:\GENESIS Studio\genesis-studio\packages\engines-py\.pdb_cache\4OBE,A
2729,ThermoMPNN,4OBE,0.9484403133392334,136,Y,L,F:\GENESIS Studio\genesis-studio\packages\engines-py\.pdb_cache\4OBE,A
2730,ThermoMPNN,4OBE,1.0265291929244995,136,Y,M,F:\GENESIS Studio\genesis-studio\packages\engines-py\.pdb_cache\4OBE,A
2731,ThermoMPNN,4OBE,2.116365432739258,136,Y,N,F:\GENESIS Studio\genesis-studio\packages\engines-py\.pdb_cache\4OBE,A
2732,ThermoMPNN,4OBE,2.4686923027038574,136,Y,P,F:\GENESIS Studio\genesis-studio\packages\engines-py\.pdb_cache\4OBE,A
2733,ThermoMPNN,4OBE,1.8576223850250244,136,Y,Q,F:\GENESIS Studio\genesis-studio\packages\engines-py\.pdb_cache\4OBE,A
2734,ThermoMPNN,4OBE,1.9066544771194458,136,Y,R,F:\GENESIS Studio\genesis-studio\packages\engines-py\.pdb_cache\4OBE,A
2735,ThermoMPNN,4OBE,1.9042036533355713,136,Y,S,F:\GENESIS Studio\genesis-studio\packages\engines-py\.pdb_cache\4OBE,A
2736,ThermoMPNN,4OBE,2.022721767425537,136,Y,T,F:\GENESIS Studio\genesis-studio\packages\engines-py\.pdb_cache\4OBE,A
2737,ThermoMPNN,4OBE,1.5332175493240356,136,Y,V,F:\GENESIS Studio\genesis-studio\packages\engines-py\.pdb_cache\4OBE,A
2738,ThermoMPNN,4OBE,-0.14394187927246094,136,Y,W,F:\GENESIS Studio\genesis-studio\packages\engines-py\.pdb_cache\4OBE,A
2739,ThermoMPNN,4OBE,0.0,136,Y,Y,F:\GENESIS Studio\genesis-studio\packages\engines-py\.pdb_cache\4OBE,A
2740,ThermoMPNN,4OBE,0.8849351406097412,137,G,A,F:\GENESIS Studio\genesis-studio\packages\engines-py\.pdb_cache\4OBE,A
2741,ThermoMPNN,4OBE,0.3676503896713257,137,G,C,F:\GENESIS Studio\genesis-studio\packages\engines-py\.pdb_cache\4OBE,A
2742,ThermoMPNN,4OBE,0.906006932258606,137,G,D,F:\GENESIS Studio\genesis-studio\packages\engines-py\.pdb_cache\4OBE,A
2743,ThermoMPNN,4OBE,0.9653652906417847,137,G,E,F:\GENESIS Studio\genesis-studio\packages\engines-py\.pdb_cache\4OBE,A
2744,ThermoMPNN,4OBE,0.9481523036956787,137,G,F,F:\GENESIS Studio\genesis-studio\packages\engines-py\.pdb_cache\4OBE,A
2745,ThermoMPNN,4OBE,0.0,137,G,G,F:\GENESIS Studio\genesis-studio\packages\engines-py\.pdb_cache\4OBE,A
2746,ThermoMPNN,4OBE,0.6175564527511597,137,G,H,F:\GENESIS Studio\genesis-studio\packages\engines-py\.pdb_cache\4OBE,A
2747,ThermoMPNN,4OBE,1.6709301471710205,137,G,I,F:\GENESIS Studio\genesis-studio\packages\engines-py\.pdb_cache\4OBE,A
2748,ThermoMPNN,4OBE,0.701310932636261,137,G,K,F:\GENESIS Studio\genesis-studio\packages\engines-py\.pdb_cache\4OBE,A
2749,ThermoMPNN,4OBE,1.0636420249938965,137,G,L,F:\GENESIS Studio\genesis-studio\packages\engines-py\.pdb_cache\4OBE,A
2750,ThermoMPNN,4OBE,0.8416334390640259,137,G,M,F:\GENESIS Studio\genesis-studio\packages\engines-py\.pdb_cache\4OBE,A
2751,ThermoMPNN,4OBE,0.43373966217041016,137,G,N,F:\GENESIS Studio\genesis-studio\packages\engines-py\.pdb_cache\4OBE,A
2752,ThermoMPNN,4OBE,2.034743309020996,137,G,P,F:\GENESIS Studio\genesis-studio\packages\engines-py\.pdb_cache\4OBE,A
2753,ThermoMPNN,4OBE,0.712273895740509,137,G,Q,F:\GENESIS Studio\genesis-studio\packages\engines-py\.pdb_cache\4OBE,A
2754,ThermoMPNN,4OBE,0.8055471181869507,137,G,R,F:\GENESIS Studio\genesis-studio\packages\engines-py\.pdb_cache\4OBE,A
2755,ThermoMPNN,4OBE,0.8793330788612366,137,G,S,F:\GENESIS Studio\genesis-studio\packages\engines-py\.pdb_cache\4OBE,A
2756,ThermoMPNN,4OBE,1.436749815940857,137,G,T,F:\GENESIS Studio\genesis-studio\packages\engines-py\.pdb_cache\4OBE,A
2757,ThermoMPNN,4OBE,1.6042078733444214,137,G,V,F:\GENESIS Studio\genesis-studio\packages\engines-py\.pdb_cache\4OBE,A
2758,ThermoMPNN,4OBE,1.237565517425537,137,G,W,F:\GENESIS Studio\genesis-studio\packages\engines-py\.pdb_cache\4OBE,A
2759,ThermoMPNN,4OBE,1.1178181171417236,137,G,Y,F:\GENESIS Studio\genesis-studio\packages\engines-py\.pdb_cache\4OBE,A
2760,ThermoMPNN,4OBE,1.4237481355667114,138,I,A,F:\GENESIS Studio\genesis-studio\packages\engines-py\.pdb_cache\4OBE,A
2761,ThermoMPNN,4OBE,1.0365055799484253,138,I,C,F:\GENESIS Studio\genesis-studio\packages\engines-py\.pdb_cache\4OBE,A
2762,ThermoMPNN,4OBE,2.1454052925109863,138,I,D,F:\GENESIS Studio\genesis-studio\packages\engines-py\.pdb_cache\4OBE,A
2763,ThermoMPNN,4OBE,2.2753381729125977,138,I,E,F:\GENESIS Studio\genesis-studio\packages\engines-py\.pdb_cache\4OBE,A
2764,ThermoMPNN,4OBE,1.1011179685592651,138,I,F,F:\GENESIS Studio\genesis-studio\packages\engines-py\.pdb_cache\4OBE,A
2765,ThermoMPNN,4OBE,2.101212501525879,138,I,G,F:\GENESIS Studio\genesis-studio\packages\engines-py\.pdb_cache\4OBE,A
2766,ThermoMPNN,4OBE,1.8246920108795166,138,I,H,F:\GENESIS Studio\genesis-studio\packages\engines-py\.pdb_cache\4OBE,A
2767,ThermoMPNN,4OBE,0.0,138,I,I,F:\GENESIS Studio\genesis-studio\packages\engines-py\.pdb_cache\4OBE,A
2768,ThermoMPNN,4OBE,1.845629096031189,138,I,K,F:\GENESIS Studio\genesis-studio\packages\engines-py\.pdb_cache\4OBE,A
2769,ThermoMPNN,4OBE,0.9265604019165039,138,I,L,F:\GENESIS Studio\genesis-studio\packages\engines-py\.pdb_cache\4OBE,A
2770,ThermoMPNN,4OBE,1.160132646560669,138,I,M,F:\GENESIS Studio\genesis-studio\packages\engines-py\.pdb_cache\4OBE,A
2771,ThermoMPNN,4OBE,2.1308488845825195,138,I,N,F:\GENESIS Studio\genesis-studio\packages\engines-py\.pdb_cache\4OBE,A
2772,ThermoMPNN,4OBE,2.418461561203003,138,I,P,F:\GENESIS Studio\genesis-studio\packages\engines-py\.pdb_cache\4OBE,A
2773,ThermoMPNN,4OBE,1.8080850839614868,138,I,Q,F:\GENESIS Studio\genesis-studio\packages\engines-py\.pdb_cache\4OBE,A
2774,ThermoMPNN,4OBE,1.8845608234405518,138,I,R,F:\GENESIS Studio\genesis-studio\packages\engines-py\.pdb_cache\4OBE,A
2775,ThermoMPNN,4OBE,1.6696414947509766,138,I,S,F:\GENESIS Studio\genesis-studio\packages\engines-py\.pdb_cache\4OBE,A
2776,ThermoMPNN,4OBE,1.189659595489502,138,I,T,F:\GENESIS Studio\genesis-studio\packages\engines-py\.pdb_cache\4OBE,A
2777,ThermoMPNN,4OBE,0.4007532596588135,138,I,V,F:\GENESIS Studio\genesis-studio\packages\engines-py\.pdb_cache\4OBE,A
2778,ThermoMPNN,4OBE,1.5528570413589478,138,I,W,F:\GENESIS Studio\genesis-studio\packages\engines-py\.pdb_cache\4OBE,A
2779,ThermoMPNN,4OBE,1.355338215827942,138,I,Y,F:\GENESIS Studio\genesis-studio\packages\engines-py\.pdb_cache\4OBE,A
2780,ThermoMPNN,4OBE,0.13666307926177979,139,P,A,F:\GENESIS Studio\genesis-studio\packages\engines-py\.pdb_cache\4OBE,A
2781,ThermoMPNN,4OBE,0.18005406856536865,139,P,C,F:\GENESIS Studio\genesis-studio\packages\engines-py\.pdb_cache\4OBE,A
2782,ThermoMPNN,4OBE,0.9759001731872559,139,P,D,F:\GENESIS Studio\genesis-studio\packages\engines-py\.pdb_cache\4OBE,A
2783,ThermoMPNN,4OBE,0.6467689871788025,139,P,E,F:\GENESIS Studio\genesis-studio\packages\engines-py\.pdb_cache\4OBE,A
2784,ThermoMPNN,4OBE,0.6864285469055176,139,P,F,F:\GENESIS Studio\genesis-studio\packages\engines-py\.pdb_cache\4OBE,A
2785,ThermoMPNN,4OBE,0.7661089897155762,139,P,G,F:\GENESIS Studio\genesis-studio\packages\engines-py\.pdb_cache\4OBE,A
2786,ThermoMPNN,4OBE,0.6264602541923523,139,P,H,F:\GENESIS Studio\genesis-studio\packages\engines-py\.pdb_cache\4OBE,A
2787,ThermoMPNN,4OBE,0.6200781464576721,139,P,I,F:\GENESIS Studio\genesis-studio\packages\engines-py\.pdb_cache\4OBE,A
2788,ThermoMPNN,4OBE,0.4767875075340271,139,P,K,F:\GENESIS Studio\genesis-studio\packages\engines-py\.pdb_cache\4OBE,A
2789,ThermoMPNN,4OBE,0.4730786681175232,139,P,L,F:\GENESIS Studio\genesis-studio\packages\engines-py\.pdb_cache\4OBE,A
2790,ThermoMPNN,4OBE,0.4605725407600403,139,P,M,F:\GENESIS Studio\genesis-studio\packages\engines-py\.pdb_cache\4OBE,A
2791,ThermoMPNN,4OBE,0.6596899628639221,139,P,N,F:\GENESIS Studio\genesis-studio\packages\engines-py\.pdb_cache\4OBE,A
2792,ThermoMPNN,4OBE,0.0,139,P,P,F:\GENESIS Studio\genesis-studio\packages\engines-py\.pdb_cache\4OBE,A
2793,ThermoMPNN,4OBE,0.5406157970428467,139,P,Q,F:\GENESIS Studio\genesis-studio\packages\engines-py\.pdb_cache\4OBE,A
2794,ThermoMPNN,4OBE,0.5654109120368958,139,P,R,F:\GENESIS Studio\genesis-studio\packages\engines-py\.pdb_cache\4OBE,A
2795,ThermoMPNN,4OBE,0.3359631896018982,139,P,S,F:\GENESIS Studio\genesis-studio\packages\engines-py\.pdb_cache\4OBE,A
2796,ThermoMPNN,4OBE,0.4516335129737854,139,P,T,F:\GENESIS Studio\genesis-studio\packages\engines-py\.pdb_cache\4OBE,A
2797,ThermoMPNN,4OBE,0.4398331642150879,139,P,V,F:\GENESIS Studio\genesis-studio\packages\engines-py\.pdb_cache\4OBE,A
2798,ThermoMPNN,4OBE,0.5732157230377197,139,P,W,F:\GENESIS Studio\genesis-studio\packages\engines-py\.pdb_cache\4OBE,A
2799,ThermoMPNN,4OBE,0.6206058263778687,139,P,Y,F:\GENESIS Studio\genesis-studio\packages\engines-py\.pdb_cache\4OBE,A
2800,ThermoMPNN,4OBE,1.656391978263855,140,F,A,F:\GENESIS Studio\genesis-studio\packages\engines-py\.pdb_cache\4OBE,A
2801,ThermoMPNN,4OBE,1.1924314498901367,140,F,C,F:\GENESIS Studio\genesis-studio\packages\engines-py\.pdb_cache\4OBE,A
2802,ThermoMPNN,4OBE,2.2940175533294678,140,F,D,F:\GENESIS Studio\genesis-studio\packages\engines-py\.pdb_cache\4OBE,A
2803,ThermoMPNN,4OBE,2.1396219730377197,140,F,E,F:\GENESIS Studio\genesis-studio\packages\engines-py\.pdb_cache\4OBE,A
2804,ThermoMPNN,4OBE,0.0,140,F,F,F:\GENESIS Studio\genesis-studio\packages\engines-py\.pdb_cache\4OBE,A
2805,ThermoMPNN,4OBE,2.048855781555176,140,F,G,F:\GENESIS Studio\genesis-studio\packages\engines-py\.pdb_cache\4OBE,A
2806,ThermoMPNN,4OBE,1.8519599437713623,140,F,H,F:\GENESIS Studio\genesis-studio\packages\engines-py\.pdb_cache\4OBE,A
2807,ThermoMPNN,4OBE,0.8847649097442627,140,F,I,F:\GENESIS Studio\genesis-studio\packages\engines-py\.pdb_cache\4OBE,A
2808,ThermoMPNN,4OBE,1.9302923679351807,140,F,K,F:\GENESIS Studio\genesis-studio\packages\engines-py\.pdb_cache\4OBE,A
2809,ThermoMPNN,4OBE,1.135039210319519,140,F,L,F:\GENESIS Studio\genesis-studio\packages\engines-py\.pdb_cache\4OBE,A
2810,ThermoMPNN,4OBE,1.2936158180236816,140,F,M,F:\GENESIS Studio\genesis-studio\packages\engines-py\.pdb_cache\4OBE,A
2811,ThermoMPNN,4OBE,2.229076385498047,140,F,N,F:\GENESIS Studio\genesis-studio\packages\engines-py\.pdb_cache\4OBE,A
2812,ThermoMPNN,4OBE,1.9127429723739624,140,F,P,F:\GENESIS Studio\genesis-studio\packages\engines-py\.pdb_cache\4OBE,A
2813,ThermoMPNN,4OBE,2.0718178749084473,140,F,Q,F:\GENESIS Studio\genesis-studio\packages\engines-py\.pdb_cache\4OBE,A
2814,ThermoMPNN,4OBE,1.9118179082870483,140,F,R,F:\GENESIS Studio\genesis-studio\packages\engines-py\.pdb_cache\4OBE,A
2815,ThermoMPNN,4OBE,1.9620273113250732,140,F,S,F:\GENESIS Studio\genesis-studio\packages\engines-py\.pdb_cache\4OBE,A
2816,ThermoMPNN,4OBE,1.728307843208313,140,F,T,F:\GENESIS Studio\genesis-studio\packages\engines-py\.pdb_cache\4OBE,A
2817,ThermoMPNN,4OBE,0.9334138631820679,140,F,V,F:\GENESIS Studio\genesis-studio\packages\engines-py\.pdb_cache\4OBE,A
2818,ThermoMPNN,4OBE,0.8885936737060547,140,F,W,F:\GENESIS Studio\genesis-studio\packages\engines-py\.pdb_cache\4OBE,A
2819,ThermoMPNN,4OBE,0.5245977640151978,140,F,Y,F:\GENESIS Studio\genesis-studio\packages\engines-py\.pdb_cache\4OBE,A
2820,ThermoMPNN,4OBE,1.9344223737716675,141,I,A,F:\GENESIS Studio\genesis-studio\packages\engines-py\.pdb_cache\4OBE,A
2821,ThermoMPNN,4OBE,1.2932419776916504,141,I,C,F:\GENESIS Studio\genesis-studio\packages\engines-py\.pdb_cache\4OBE,A
2822,ThermoMPNN,4OBE,2.9458513259887695,141,I,D,F:\GENESIS Studio\genesis-studio\packages\engines-py\.pdb_cache\4OBE,A
2823,ThermoMPNN,4OBE,2.6106598377227783,141,I,E,F:\GENESIS Studio\genesis-studio\packages\engines-py\.pdb_cache\4OBE,A
2824,ThermoMPNN,4OBE,1.033503770828247,141,I,F,F:\GENESIS Studio\genesis-studio\packages\engines-py\.pdb_cache\4OBE,A
2825,ThermoMPNN,4OBE,2.6979691982269287,141,I,G,F:\GENESIS Studio\genesis-studio\packages\engines-py\.pdb_cache\4OBE,A
2826,ThermoMPNN,4OBE,1.910349726676941,141,I,H,F:\GENESIS Studio\genesis-studio\packages\engines-py\.pdb_cache\4OBE,A
2827,ThermoMPNN,4OBE,0.0,141,I,I,F:\GENESIS Studio\genesis-studio\packages\engines-py\.pdb_cache\4OBE,A
2828,ThermoMPNN,4OBE,1.9376585483551025,141,I,K,F:\GENESIS Studio\genesis-studio\packages\engines-py\.pdb_cache\4OBE,A
2829,ThermoMPNN,4OBE,0.8392702341079712,141,I,L,F:\GENESIS Studio\genesis-studio\packages\engines-py\.pdb_cache\4OBE,A
2830,ThermoMPNN,4OBE,1.2059921026229858,141,I,M,F:\GENESIS Studio\genesis-studio\packages\engines-py\.pdb_cache\4OBE,A
2831,ThermoMPNN,4OBE,2.5664477348327637,141,I,N,F:\GENESIS Studio\genesis-studio\packages\engines-py\.pdb_cache\4OBE,A
2832,ThermoMPNN,4OBE,2.83328914642334,141,I,P,F:\GENESIS Studio\genesis-studio\packages\engines-py\.pdb_cache\4OBE,A
2833,ThermoMPNN,4OBE,2.171186923980713,141,I,Q,F:\GENESIS Studio\genesis-studio\packages\engines-py\.pdb_cache\4OBE,A
2834,ThermoMPNN,4OBE,1.9519108533859253,141,I,R,F:\GENESIS Studio\genesis-studio\packages\engines-py\.pdb_cache\4OBE,A
2835,ThermoMPNN,4OBE,2.4221930503845215,141,I,S,F:\GENESIS Studio\genesis-studio\packages\engines-py\.pdb_cache\4OBE,A
2836,ThermoMPNN,4OBE,2.033085346221924,141,I,T,F:\GENESIS Studio\genesis-studio\packages\engines-py\.pdb_cache\4OBE,A
2837,ThermoMPNN,4OBE,0.6939218044281006,141,I,V,F:\GENESIS Studio\genesis-studio\packages\engines-py\.pdb_cache\4OBE,A
2838,ThermoMPNN,4OBE,1.3248536586761475,141,I,W,F:\GENESIS Studio\genesis-studio\packages\engines-py\.pdb_cache\4OBE,A
2839,ThermoMPNN,4OBE,1.1669927835464478,141,I,Y,F:\GENESIS Studio\genesis-studio\packages\engines-py\.pdb_cache\4OBE,A
2840,ThermoMPNN,4OBE,0.9338601231575012,142,E,A,F:\GENESIS Studio\genesis-studio\packages\engines-py\.pdb_cache\4OBE,A
2841,ThermoMPNN,4OBE,0.43285155296325684,142,E,C,F:\GENESIS Studio\genesis-studio\packages\engines-py\.pdb_cache\4OBE,A
2842,ThermoMPNN,4OBE,1.7124645709991455,142,E,D,F:\GENESIS Studio\genesis-studio\packages\engines-py\.pdb_cache\4OBE,A
2843,ThermoMPNN,4OBE,0.0,142,E,E,F:\GENESIS Studio\genesis-studio\packages\engines-py\.pdb_cache\4OBE,A
2844,ThermoMPNN,4OBE,1.039933681488037,142,E,F,F:\GENESIS Studio\genesis-studio\packages\engines-py\.pdb_cache\4OBE,A
2845,ThermoMPNN,4OBE,1.2245155572891235,142,E,G,F:\GENESIS Studio\genesis-studio\packages\engines-py\.pdb_cache\4OBE,A
2846,ThermoMPNN,4OBE,1.2229090929031372,142,E,H,F:\GENESIS Studio\genesis-studio\packages\engines-py\.pdb_cache\4OBE,A
2847,ThermoMPNN,4OBE,0.6355777978897095,142,E,I,F:\GENESIS Studio\genesis-studio\packages\engines-py\.pdb_cache\4OBE,A
2848,ThermoMPNN,4OBE,1.6443543434143066,142,E,K,F:\GENESIS Studio\genesis-studio\packages\engines-py\.pdb_cache\4OBE,A
2849,ThermoMPNN,4OBE,0.7578266263008118,142,E,L,F:\GENESIS Studio\genesis-studio\packages\engines-py\.pdb_cache\4OBE,A
2850,ThermoMPNN,4OBE,0.517082691192627,142,E,M,F:\GENESIS Studio\genesis-studio\packages\engines-py\.pdb_cache\4OBE,A
2851,ThermoMPNN,4OBE,1.7004680633544922,142,E,N,F:\GENESIS Studio\genesis-studio\packages\engines-py\.pdb_cache\4OBE,A
2852,ThermoMPNN,4OBE,1.608167052268982,142,E,P,F:\GENESIS Studio\genesis-studio\packages\engines-py\.pdb_cache\4OBE,A
2853,ThermoMPNN,4OBE,0.6880533695220947,142,E,Q,F:\GENESIS Studio\genesis-studio\packages\engines-py\.pdb_cache\4OBE,A
2854,ThermoMPNN,4OBE,1.7638431787490845,142,E,R,F:\GENESIS Studio\genesis-studio\packages\engines-py\.pdb_cache\4OBE,A
2855,ThermoMPNN,4OBE,1.170220136642456,142,E,S,F:\GENESIS Studio\genesis-studio\packages\engines-py\.pdb_cache\4OBE,A
2856,ThermoMPNN,4OBE,0.9356343150138855,142,E,T,F:\GENESIS Studio\genesis-studio\packages\engines-py\.pdb_cache\4OBE,A
2857,ThermoMPNN,4OBE,0.734157145023346,142,E,V,F:\GENESIS Studio\genesis-studio\packages\engines-py\.pdb_cache\4OBE,A
2858,ThermoMPNN,4OBE,1.0432250499725342,142,E,W,F:\GENESIS Studio\genesis-studio\packages\engines-py\.pdb_cache\4OBE,A
2859,ThermoMPNN,4OBE,1.0348310470581055,142,E,Y,F:\GENESIS Studio\genesis-studio\packages\engines-py\.pdb_cache\4OBE,A
2860,ThermoMPNN,4OBE,0.5098217725753784,143,T,A,F:\GENESIS Studio\genesis-studio\packages\engines-py\.pdb_cache\4OBE,A
2861,ThermoMPNN,4OBE,0.41105103492736816,143,T,C,F:\GENESIS Studio\genesis-studio\packages\engines-py\.pdb_cache\4OBE,A
2862,ThermoMPNN,4OBE,2.5293047428131104,143,T,D,F:\GENESIS Studio\genesis-studio\packages\engines-py\.pdb_cache\4OBE,A
2863,ThermoMPNN,4OBE,2.5617928504943848,143,T,E,F:\GENESIS Studio\genesis-studio\packages\engines-py\.pdb_cache\4OBE,A
2864,ThermoMPNN,4OBE,1.3019614219665527,143,T,F,F:\GENESIS Studio\genesis-studio\packages\engines-py\.pdb_cache\4OBE,A
2865,ThermoMPNN,4OBE,1.4284721612930298,143,T,G,F:\GENESIS Studio\genesis-studio\packages\engines-py\.pdb_cache\4OBE,A
2866,ThermoMPNN,4OBE,2.294705867767334,143,T,H,F:\GENESIS Studio\genesis-studio\packages\engines-py\.pdb_cache\4OBE,A
2867,ThermoMPNN,4OBE,0.4747138023376465,143,T,I,F:\GENESIS Studio\genesis-studio\packages\engines-py\.pdb_cache\4OBE,A
2868,ThermoMPNN,4OBE,2.5145676136016846,143,T,K,F:\GENESIS Studio\genesis-studio\packages\engines-py\.pdb_cache\4OBE,A
2869,ThermoMPNN,4OBE,1.086458683013916,143,T,L,F:\GENESIS Studio\genesis-studio\packages\engines-py\.pdb_cache\4OBE,A
2870,ThermoMPNN,4OBE,1.2463358640670776,143,T,M,F:\GENESIS Studio\genesis-studio\packages\engines-py\.pdb_cache\4OBE,A
2871,ThermoMPNN,4OBE,2.2422971725463867,143,T,N,F:\GENESIS Studio\genesis-studio\packages\engines-py\.pdb_cache\4OBE,A
2872,ThermoMPNN,4OBE,1.8737069368362427,143,T,P,F:\GENESIS Studio\genesis-studio\packages\engines-py\.pdb_cache\4OBE,A
2873,ThermoMPNN,4OBE,2.3306641578674316,143,T,Q,F:\GENESIS Studio\genesis-studio\packages\engines-py\.pdb_cache\4OBE,A
2874,ThermoMPNN,4OBE,2.323931932449341,143,T,R,F:\GENESIS Studio\genesis-studio\packages\engines-py\.pdb_cache\4OBE,A
2875,ThermoMPNN,4OBE,0.9585087299346924,143,T,S,F:\GENESIS Studio\genesis-studio\packages\engines-py\.pdb_cache\4OBE,A
2876,ThermoMPNN,4OBE,0.0,143,T,T,F:\GENESIS Studio\genesis-studio\packages\engines-py\.pdb_cache\4OBE,A
2877,ThermoMPNN,4OBE,-0.25795722007751465,143,T,V,F:\GENESIS Studio\genesis-studio\packages\engines-py\.pdb_cache\4OBE,A
2878,ThermoMPNN,4OBE,2.071258783340454,143,T,W,F:\GENESIS Studio\genesis-studio\packages\engines-py\.pdb_cache\4OBE,A
2879,ThermoMPNN,4OBE,1.7256684303283691,143,T,Y,F:\GENESIS Studio\genesis-studio\packages\engines-py\.pdb_cache\4OBE,A
2880,ThermoMPNN,4OBE,0.9681501388549805,144,S,A,F:\GENESIS Studio\genesis-studio\packages\engines-py\.pdb_cache\4OBE,A
2881,ThermoMPNN,4OBE,0.93678879737854,144,S,C,F:\GENESIS Studio\genesis-studio\packages\engines-py\.pdb_cache\4OBE,A
2882,ThermoMPNN,4OBE,2.0617430210113525,144,S,D,F:\GENESIS Studio\genesis-studio\packages\engines-py\.pdb_cache\4OBE,A
2883,ThermoMPNN,4OBE,2.561707019805908,144,S,E,F:\GENESIS Studio\genesis-studio\packages\engines-py\.pdb_cache\4OBE,A
2884,ThermoMPNN,4OBE,1.7274632453918457,144,S,F,F:\GENESIS Studio\genesis-studio\packages\engines-py\.pdb_cache\4OBE,A
2885,ThermoMPNN,4OBE,1.892707109451294,144,S,G,F:\GENESIS Studio\genesis-studio\packages\engines-py\.pdb_cache\4OBE,A
2886,ThermoMPNN,4OBE,1.4461965560913086,144,S,H,F:\GENESIS Studio\genesis-studio\packages\engines-py\.pdb_cache\4OBE,A
2887,ThermoMPNN,4OBE,1.406123399734497,144,S,I,F:\GENESIS Studio\genesis-studio\packages\engines-py\.pdb_cache\4OBE,A
2888,ThermoMPNN,4OBE,1.389512062072754,144,S,K,F:\GENESIS Studio\genesis-studio\packages\engines-py\.pdb_cache\4OBE,A
2889,ThermoMPNN,4OBE,1.872314453125,144,S,L,F:\GENESIS Studio\genesis-studio\packages\engines-py\.pdb_cache\4OBE,A
2890,ThermoMPNN,4OBE,1.3526537418365479,144,S,M,F:\GENESIS Studio\genesis-studio\packages\engines-py\.pdb_cache\4OBE,A
2891,ThermoMPNN,4OBE,1.4704725742340088,144,S,N,F:\GENESIS Studio\genesis-studio\packages\engines-py\.pdb_cache\4OBE,A
2892,ThermoMPNN,4OBE,2.988643169403076,144,S,P,F:\GENESIS Studio\genesis-studio\packages\engines-py\.pdb_cache\4OBE,A
2893,ThermoMPNN,4OBE,1.5845625400543213,144,S,Q,F:\GENESIS Studio\genesis-studio\packages\engines-py\.pdb_cache\4OBE,A
2894,ThermoMPNN,4OBE,1.1581485271453857,144,S,R,F:\GENESIS Studio\genesis-studio\packages\engines-py\.pdb_cache\4OBE,A
2895,ThermoMPNN,4OBE,0.0,144,S,S,F:\GENESIS Studio\genesis-studio\packages\engines-py\.pdb_cache\4OBE,A
2896,ThermoMPNN,4OBE,1.199530005455017,144,S,T,F:\GENESIS Studio\genesis-studio\packages\engines-py\.pdb_cache\4OBE,A
2897,ThermoMPNN,4OBE,1.7003501653671265,144,S,V,F:\GENESIS Studio\genesis-studio\packages\engines-py\.pdb_cache\4OBE,A
2898,ThermoMPNN,4OBE,1.765009880065918,144,S,W,F:\GENESIS Studio\genesis-studio\packages\engines-py\.pdb_cache\4OBE,A
2899,ThermoMPNN,4OBE,1.7448687553405762,144,S,Y,F:\GENESIS Studio\genesis-studio\packages\engines-py\.pdb_cache\4OBE,A
2900,ThermoMPNN,4OBE,0.0,145,A,A,F:\GENESIS Studio\genesis-studio\packages\engines-py\.pdb_cache\4OBE,A
2901,ThermoMPNN,4OBE,0.8289594650268555,145,A,C,F:\GENESIS Studio\genesis-studio\packages\engines-py\.pdb_cache\4OBE,A
2902,ThermoMPNN,4OBE,2.1734938621520996,145,A,D,F:\GENESIS Studio\genesis-studio\packages\engines-py\.pdb_cache\4OBE,A
2903,ThermoMPNN,4OBE,1.9829418659210205,145,A,E,F:\GENESIS Studio\genesis-studio\packages\engines-py\.pdb_cache\4OBE,A
2904,ThermoMPNN,4OBE,1.3509166240692139,145,A,F,F:\GENESIS Studio\genesis-studio\packages\engines-py\.pdb_cache\4OBE,A
2905,ThermoMPNN,4OBE,0.9969018697738647,145,A,G,F:\GENESIS Studio\genesis-studio\packages\engines-py\.pdb_cache\4OBE,A
2906,ThermoMPNN,4OBE,1.8658726215362549,145,A,H,F:\GENESIS Studio\genesis-studio\packages\engines-py\.pdb_cache\4OBE,A
2907,ThermoMPNN,4OBE,1.321807861328125,145,A,I,F:\GENESIS Studio\genesis-studio\packages\engines-py\.pdb_cache\4OBE,A
2908,ThermoMPNN,4OBE,1.706392526626587,145,A,K,F:\GENESIS Studio\genesis-studio\packages\engines-py\.pdb_cache\4OBE,A
2909,ThermoMPNN,4OBE,1.4674475193023682,145,A,L,F:\GENESIS Studio\genesis-studio\packages\engines-py\.pdb_cache\4OBE,A
2910,ThermoMPNN,4OBE,1.3369503021240234,145,A,M,F:\GENESIS Studio\genesis-studio\packages\engines-py\.pdb_cache\4OBE,A
2911,ThermoMPNN,4OBE,2.0571348667144775,145,A,N,F:\GENESIS Studio\genesis-studio\packages\engines-py\.pdb_cache\4OBE,A
2912,ThermoMPNN,4OBE,2.0688300132751465,145,A,P,F:\GENESIS Studio\genesis-studio\packages\engines-py\.pdb_cache\4OBE,A
2913,ThermoMPNN,4OBE,1.7561445236206055,145,A,Q,F:\GENESIS Studio\genesis-studio\packages\engines-py\.pdb_cache\4OBE,A
2914,ThermoMPNN,4OBE,1.7001112699508667,145,A,R,F:\GENESIS Studio\genesis-studio\packages\engines-py\.pdb_cache\4OBE,A
2915,ThermoMPNN,4OBE,0.9920086860656738,145,A,S,F:\GENESIS Studio\genesis-studio\packages\engines-py\.pdb_cache\4OBE,A
2916,ThermoMPNN,4OBE,1.3074729442596436,145,A,T,F:\GENESIS Studio\genesis-studio\packages\engines-py\.pdb_cache\4OBE,A
2917,ThermoMPNN,4OBE,1.1139636039733887,145,A,V,F:\GENESIS Studio\genesis-studio\packages\engines-py\.pdb_cache\4OBE,A
2918,ThermoMPNN,4OBE,1.3421003818511963,145,A,W,F:\GENESIS Studio\genesis-studio\packages\engines-py\.pdb_cache\4OBE,A
2919,ThermoMPNN,4OBE,1.4926165342330933,145,A,Y,F:\GENESIS Studio\genesis-studio\packages\engines-py\.pdb_cache\4OBE,A
2920,ThermoMPNN,4OBE,1.2378610372543335,146,K,A,F:\GENESIS Studio\genesis-studio\packages\engines-py\.pdb_cache\4OBE,A
2921,ThermoMPNN,4OBE,0.9875372052192688,146,K,C,F:\GENESIS Studio\genesis-studio\packages\engines-py\.pdb_cache\4OBE,A
2922,ThermoMPNN,4OBE,2.6670033931732178,146,K,D,F:\GENESIS Studio\genesis-studio\packages\engines-py\.pdb_cache\4OBE,A
2923,ThermoMPNN,4OBE,2.0255510807037354,146,K,E,F:\GENESIS Studio\genesis-studio\packages\engines-py\.pdb_cache\4OBE,A
2924,ThermoMPNN,4OBE,0.9258114099502563,146,K,F,F:\GENESIS Studio\genesis-studio\packages\engines-py\.pdb_cache\4OBE,A
2925,ThermoMPNN,4OBE,2.0277273654937744,146,K,G,F:\GENESIS Studio\genesis-studio\packages\engines-py\.pdb_cache\4OBE,A
2926,ThermoMPNN,4OBE,1.0911853313446045,146,K,H,F:\GENESIS Studio\genesis-studio\packages\engines-py\.pdb_cache\4OBE,A
2927,ThermoMPNN,4OBE,0.8577514886856079,146,K,I,F:\GENESIS Studio\genesis-studio\packages\engines-py\.pdb_cache\4OBE,A
2928,ThermoMPNN,4OBE,0.0,146,K,K,F:\GENESIS Studio\genesis-studio\packages\engines-py\.pdb_cache\4OBE,A
2929,ThermoMPNN,4OBE,0.7971011400222778,146,K,L,F:\GENESIS Studio\genesis-studio\packages\engines-py\.pdb_cache\4OBE,A
2930,ThermoMPNN,4OBE,0.7537455558776855,146,K,M,F:\GENESIS Studio\genesis-studio\packages\engines-py\.pdb_cache\4OBE,A
2931,ThermoMPNN,4OBE,1.6305538415908813,146,K,N,F:\GENESIS Studio\genesis-studio\packages\engines-py\.pdb_cache\4OBE,A
2932,ThermoMPNN,4OBE,2.71431827545166,146,K,P,F:\GENESIS Studio\genesis-studio\packages\engines-py\.pdb_cache\4OBE,A
2933,ThermoMPNN,4OBE,0.8422870635986328,146,K,Q,F:\GENESIS Studio\genesis-studio\packages\engines-py\.pdb_cache\4OBE,A
2934,ThermoMPNN,4OBE,-0.04224205017089844,146,K,R,F:\GENESIS Studio\genesis-studio\packages\engines-py\.pdb_cache\4OBE,A
2935,ThermoMPNN,4OBE,1.5224088430404663,146,K,S,F:\GENESIS Studio\genesis-studio\packages\engines-py\.pdb_cache\4OBE,A
2936,ThermoMPNN,4OBE,1.5638360977172852,146,K,T,F:\GENESIS Studio\genesis-studio\packages\engines-py\.pdb_cache\4OBE,A
2937,ThermoMPNN,4OBE,1.144901990890503,146,K,V,F:\GENESIS Studio\genesis-studio\packages\engines-py\.pdb_cache\4OBE,A
2938,ThermoMPNN,4OBE,1.2148082256317139,146,K,W,F:\GENESIS Studio\genesis-studio\packages\engines-py\.pdb_cache\4OBE,A
2939,ThermoMPNN,4OBE,0.9929765462875366,146,K,Y,F:\GENESIS Studio\genesis-studio\packages\engines-py\.pdb_cache\4OBE,A
2940,ThermoMPNN,4OBE,1.9768123626708984,147,T,A,F:\GENESIS Studio\genesis-studio\packages\engines-py\.pdb_cache\4OBE,A
2941,ThermoMPNN,4OBE,1.4769048690795898,147,T,C,F:\GENESIS Studio\genesis-studio\packages\engines-py\.pdb_cache\4OBE,A
2942,ThermoMPNN,4OBE,1.8299026489257812,147,T,D,F:\GENESIS Studio\genesis-studio\packages\engines-py\.pdb_cache\4OBE,A
2943,ThermoMPNN,4OBE,2.023503065109253,147,T,E,F:\GENESIS Studio\genesis-studio\packages\engines-py\.pdb_cache\4OBE,A
2944,ThermoMPNN,4OBE,1.851394772529602,147,T,F,F:\GENESIS Studio\genesis-studio\packages\engines-py\.pdb_cache\4OBE,A
2945,ThermoMPNN,4OBE,1.9249848127365112,147,T,G,F:\GENESIS Studio\genesis-studio\packages\engines-py\.pdb_cache\4OBE,A
2946,ThermoMPNN,4OBE,1.6507567167282104,147,T,H,F:\GENESIS Studio\genesis-studio\packages\engines-py\.pdb_cache\4OBE,A
2947,ThermoMPNN,4OBE,2.0168490409851074,147,T,I,F:\GENESIS Studio\genesis-studio\packages\engines-py\.pdb_cache\4OBE,A
2948,ThermoMPNN,4OBE,1.886866569519043,147,T,K,F:\GENESIS Studio\genesis-studio\packages\engines-py\.pdb_cache\4OBE,A
2949,ThermoMPNN,4OBE,1.7927385568618774,147,T,L,F:\GENESIS Studio\genesis-studio\packages\engines-py\.pdb_cache\4OBE,A
2950,ThermoMPNN,4OBE,1.9049736261367798,147,T,M,F:\GENESIS Studio\genesis-studio\packages\engines-py\.pdb_cache\4OBE,A
2951,ThermoMPNN,4OBE,1.2415863275527954,147,T,N,F:\GENESIS Studio\genesis-studio\packages\engines-py\.pdb_cache\4OBE,A
2952,ThermoMPNN,4OBE,2.5284693241119385,147,T,P,F:\GENESIS Studio\genesis-studio\packages\engines-py\.pdb_cache\4OBE,A
2953,ThermoMPNN,4OBE,1.8994300365447998,147,T,Q,F:\GENESIS Studio\genesis-studio\packages\engines-py\.pdb_cache\4OBE,A
2954,ThermoMPNN,4OBE,1.7652223110198975,147,T,R,F:\GENESIS Studio\genesis-studio\packages\engines-py\.pdb_cache\4OBE,A
2955,ThermoMPNN,4OBE,0.8068076372146606,147,T,S,F:\GENESIS Studio\genesis-studio\packages\engines-py\.pdb_cache\4OBE,A
2956,ThermoMPNN,4OBE,0.0,147,T,T,F:\GENESIS Studio\genesis-studio\packages\engines-py\.pdb_cache\4OBE,A
2957,ThermoMPNN,4OBE,1.9432237148284912,147,T,V,F:\GENESIS Studio\genesis-studio\packages\engines-py\.pdb_cache\4OBE,A
2958,ThermoMPNN,4OBE,1.9450137615203857,147,T,W,F:\GENESIS Studio\genesis-studio\packages\engines-py\.pdb_cache\4OBE,A
2959,ThermoMPNN,4OBE,1.7847539186477661,147,T,Y,F:\GENESIS Studio\genesis-studio\packages\engines-py\.pdb_cache\4OBE,A
2960,ThermoMPNN,4OBE,0.2466161847114563,148,R,A,F:\GENESIS Studio\genesis-studio\packages\engines-py\.pdb_cache\4OBE,A
2961,ThermoMPNN,4OBE,0.21702313423156738,148,R,C,F:\GENESIS Studio\genesis-studio\packages\engines-py\.pdb_cache\4OBE,A
2962,ThermoMPNN,4OBE,1.3368778228759766,148,R,D,F:\GENESIS Studio\genesis-studio\packages\engines-py\.pdb_cache\4OBE,A
2963,ThermoMPNN,4OBE,1.3736510276794434,148,R,E,F:\GENESIS Studio\genesis-studio\packages\engines-py\.pdb_cache\4OBE,A
2964,ThermoMPNN,4OBE,0.14737999439239502,148,R,F,F:\GENESIS Studio\genesis-studio\packages\engines-py\.pdb_cache\4OBE,A
2965,ThermoMPNN,4OBE,-0.28662633895874023,148,R,G,F:\GENESIS Studio\genesis-studio\packages\engines-py\.pdb_cache\4OBE,A
2966,ThermoMPNN,4OBE,0.2979658842086792,148,R,H,F:\GENESIS Studio\genesis-studio\packages\engines-py\.pdb_cache\4OBE,A
2967,ThermoMPNN,4OBE,1.3648227453231812,148,R,I,F:\GENESIS Studio\genesis-studio\packages\engines-py\.pdb_cache\4OBE,A
2968,ThermoMPNN,4OBE,0.02647101879119873,148,R,K,F:\GENESIS Studio\genesis-studio\packages\engines-py\.pdb_cache\4OBE,A
2969,ThermoMPNN,4OBE,0.5809687376022339,148,R,L,F:\GENESIS Studio\genesis-studio\packages\engines-py\.pdb_cache\4OBE,A
2970,ThermoMPNN,4OBE,0.37844836711883545,148,R,M,F:\GENESIS Studio\genesis-studio\packages\engines-py\.pdb_cache\4OBE,A
2971,ThermoMPNN,4OBE,0.6610856056213379,148,R,N,F:\GENESIS Studio\genesis-studio\packages\engines-py\.pdb_cache\4OBE,A
2972,ThermoMPNN,4OBE,1.6686499118804932,148,R,P,F:\GENESIS Studio\genesis-studio\packages\engines-py\.pdb_cache\4OBE,A
2973,ThermoMPNN,4OBE,0.32545387744903564,148,R,Q,F:\GENESIS Studio\genesis-studio\packages\engines-py\.pdb_cache\4OBE,A
2974,ThermoMPNN,4OBE,0.0,148,R,R,F:\GENESIS Studio\genesis-studio\packages\engines-py\.pdb_cache\4OBE,A
2975,ThermoMPNN,4OBE,0.6068827509880066,148,R,S,F:\GENESIS Studio\genesis-studio\packages\engines-py\.pdb_cache\4OBE,A
2976,ThermoMPNN,4OBE,1.0681757926940918,148,R,T,F:\GENESIS Studio\genesis-studio\packages\engines-py\.pdb_cache\4OBE,A
2977,ThermoMPNN,4OBE,1.2507989406585693,148,R,V,F:\GENESIS Studio\genesis-studio\packages\engines-py\.pdb_cache\4OBE,A
2978,ThermoMPNN,4OBE,0.40984046459198,148,R,W,F:\GENESIS Studio\genesis-studio\packages\engines-py\.pdb_cache\4OBE,A
2979,ThermoMPNN,4OBE,0.36959749460220337,148,R,Y,F:\GENESIS Studio\genesis-studio\packages\engines-py\.pdb_cache\4OBE,A
2980,ThermoMPNN,4OBE,0.25992274284362793,149,Q,A,F:\GENESIS Studio\genesis-studio\packages\engines-py\.pdb_cache\4OBE,A
2981,ThermoMPNN,4OBE,-0.05859494209289551,149,Q,C,F:\GENESIS Studio\genesis-studio\packages\engines-py\.pdb_cache\4OBE,A
2982,ThermoMPNN,4OBE,0.9528881907463074,149,Q,D,F:\GENESIS Studio\genesis-studio\packages\engines-py\.pdb_cache\4OBE,A
2983,ThermoMPNN,4OBE,0.5749069452285767,149,Q,E,F:\GENESIS Studio\genesis-studio\packages\engines-py\.pdb_cache\4OBE,A
2984,ThermoMPNN,4OBE,-0.0742419958114624,149,Q,F,F:\GENESIS Studio\genesis-studio\packages\engines-py\.pdb_cache\4OBE,A
2985,ThermoMPNN,4OBE,0.9740415215492249,149,Q,G,F:\GENESIS Studio\genesis-studio\packages\engines-py\.pdb_cache\4OBE,A
2986,ThermoMPNN,4OBE,0.0903940200805664,149,Q,H,F:\GENESIS Studio\genesis-studio\packages\engines-py\.pdb_cache\4OBE,A
2987,ThermoMPNN,4OBE,-0.36452507972717285,149,Q,I,F:\GENESIS Studio\genesis-studio\packages\engines-py\.pdb_cache\4OBE,A
2988,ThermoMPNN,4OBE,-0.10511398315429688,149,Q,K,F:\GENESIS Studio\genesis-studio\packages\engines-py\.pdb_cache\4OBE,A
2989,ThermoMPNN,4OBE,0.08137345314025879,149,Q,L,F:\GENESIS Studio\genesis-studio\packages\engines-py\.pdb_cache\4OBE,A
2990,ThermoMPNN,4OBE,0.033499956130981445,149,Q,M,F:\GENESIS Studio\genesis-studio\packages\engines-py\.pdb_cache\4OBE,A
2991,ThermoMPNN,4OBE,0.5298944711685181,149,Q,N,F:\GENESIS Studio\genesis-studio\packages\engines-py\.pdb_cache\4OBE,A
2992,ThermoMPNN,4OBE,2.0580313205718994,149,Q,P,F:\GENESIS Studio\genesis-studio\packages\engines-py\.pdb_cache\4OBE,A
2993,ThermoMPNN,4OBE,0.0,149,Q,Q,F:\GENESIS Studio\genesis-studio\packages\engines-py\.pdb_cache\4OBE,A
2994,ThermoMPNN,4OBE,-0.061322569847106934,149,Q,R,F:\GENESIS Studio\genesis-studio\packages\engines-py\.pdb_cache\4OBE,A
2995,ThermoMPNN,4OBE,0.4462597966194153,149,Q,S,F:\GENESIS Studio\genesis-studio\packages\engines-py\.pdb_cache\4OBE,A
2996,ThermoMPNN,4OBE,0.2295311689376831,149,Q,T,F:\GENESIS Studio\genesis-studio\packages\engines-py\.pdb_cache\4OBE,A
2997,ThermoMPNN,4OBE,-0.26761722564697266,149,Q,V,F:\GENESIS Studio\genesis-studio\packages\engines-py\.pdb_cache\4OBE,A
2998,ThermoMPNN,4OBE,0.03547811508178711,149,Q,W,F:\GENESIS Studio\genesis-studio\packages\engines-py\.pdb_cache\4OBE,A
2999,ThermoMPNN,4OBE,-0.1523590087890625,149,Q,Y,F:\GENESIS Studio\genesis-studio\packages\engines-py\.pdb_cache\4OBE,A
3000,ThermoMPNN,4OBE,1.1462604999542236,150,G,A,F:\GENESIS Studio\genesis-studio\packages\engines-py\.pdb_cache\4OBE,A
3001,ThermoMPNN,4OBE,0.462169885635376,150,G,C,F:\GENESIS Studio\genesis-studio\packages\engines-py\.pdb_cache\4OBE,A
3002,ThermoMPNN,4OBE,1.2818317413330078,150,G,D,F:\GENESIS Studio\genesis-studio\packages\engines-py\.pdb_cache\4OBE,A
3003,ThermoMPNN,4OBE,1.3765732049942017,150,G,E,F:\GENESIS Studio\genesis-studio\packages\engines-py\.pdb_cache\4OBE,A
3004,ThermoMPNN,4OBE,0.9210302829742432,150,G,F,F:\GENESIS Studio\genesis-studio\packages\engines-py\.pdb_cache\4OBE,A
3005,ThermoMPNN,4OBE,0.0,150,G,G,F:\GENESIS Studio\genesis-studio\packages\engines-py\.pdb_cache\4OBE,A
3006,ThermoMPNN,4OBE,0.8730011582374573,150,G,H,F:\GENESIS Studio\genesis-studio\packages\engines-py\.pdb_cache\4OBE,A
3007,ThermoMPNN,4OBE,1.3401412963867188,150,G,I,F:\GENESIS Studio\genesis-studio\packages\engines-py\.pdb_cache\4OBE,A
3008,ThermoMPNN,4OBE,1.083252191543579,150,G,K,F:\GENESIS Studio\genesis-studio\packages\engines-py\.pdb_cache\4OBE,A
3009,ThermoMPNN,4OBE,0.928098738193512,150,G,L,F:\GENESIS Studio\genesis-studio\packages\engines-py\.pdb_cache\4OBE,A
3010,ThermoMPNN,4OBE,1.027345061302185,150,G,M,F:\GENESIS Studio\genesis-studio\packages\engines-py\.pdb_cache\4OBE,A
3011,ThermoMPNN,4OBE,0.7930899262428284,150,G,N,F:\GENESIS Studio\genesis-studio\packages\engines-py\.pdb_cache\4OBE,A
3012,ThermoMPNN,4OBE,1.9739041328430176,150,G,P,F:\GENESIS Studio\genesis-studio\packages\engines-py\.pdb_cache\4OBE,A
3013,ThermoMPNN,4OBE,1.1458544731140137,150,G,Q,F:\GENESIS Studio\genesis-studio\packages\engines-py\.pdb_cache\4OBE,A
3014,ThermoMPNN,4OBE,1.165819764137268,150,G,R,F:\GENESIS Studio\genesis-studio\packages\engines-py\.pdb_cache\4OBE,A
3015,ThermoMPNN,4OBE,1.1908451318740845,150,G,S,F:\GENESIS Studio\genesis-studio\packages\engines-py\.pdb_cache\4OBE,A
3016,ThermoMPNN,4OBE,1.4409058094024658,150,G,T,F:\GENESIS Studio\genesis-studio\packages\engines-py\.pdb_cache\4OBE,A
3017,ThermoMPNN,4OBE,1.3202097415924072,150,G,V,F:\GENESIS Studio\genesis-studio\packages\engines-py\.pdb_cache\4OBE,A
3018,ThermoMPNN,4OBE,1.1816694736480713,150,G,W,F:\GENESIS Studio\genesis-studio\packages\engines-py\.pdb_cache\4OBE,A
3019,ThermoMPNN,4OBE,1.0543856620788574,150,G,Y,F:\GENESIS Studio\genesis-studio\packages\engines-py\.pdb_cache\4OBE,A
3020,ThermoMPNN,4OBE,1.7047971487045288,151,V,A,F:\GENESIS Studio\genesis-studio\packages\engines-py\.pdb_cache\4OBE,A
3021,ThermoMPNN,4OBE,1.1040449142456055,151,V,C,F:\GENESIS Studio\genesis-studio\packages\engines-py\.pdb_cache\4OBE,A
3022,ThermoMPNN,4OBE,2.000361919403076,151,V,D,F:\GENESIS Studio\genesis-studio\packages\engines-py\.pdb_cache\4OBE,A
3023,ThermoMPNN,4OBE,2.2880897521972656,151,V,E,F:\GENESIS Studio\genesis-studio\packages\engines-py\.pdb_cache\4OBE,A
3024,ThermoMPNN,4OBE,1.648816466331482,151,V,F,F:\GENESIS Studio\genesis-studio\packages\engines-py\.pdb_cache\4OBE,A
3025,ThermoMPNN,4OBE,2.243800401687622,151,V,G,F:\GENESIS Studio\genesis-studio\packages\engines-py\.pdb_cache\4OBE,A
3026,ThermoMPNN,4OBE,2.3036131858825684,151,V,H,F:\GENESIS Studio\genesis-studio\packages\engines-py\.pdb_cache\4OBE,A
3027,ThermoMPNN,4OBE,0.0196530818939209,151,V,I,F:\GENESIS Studio\genesis-studio\packages\engines-py\.pdb_cache\4OBE,A
3028,ThermoMPNN,4OBE,2.442227840423584,151,V,K,F:\GENESIS Studio\genesis-studio\packages\engines-py\.pdb_cache\4OBE,A
3029,ThermoMPNN,4OBE,0.832082986831665,151,V,L,F:\GENESIS Studio\genesis-studio\packages\engines-py\.pdb_cache\4OBE,A
3030,ThermoMPNN,4OBE,1.4261255264282227,151,V,M,F:\GENESIS Studio\genesis-studio\packages\engines-py\.pdb_cache\4OBE,A
3031,ThermoMPNN,4OBE,2.1522367000579834,151,V,N,F:\GENESIS Studio\genesis-studio\packages\engines-py\.pdb_cache\4OBE,A
3032,ThermoMPNN,4OBE,2.1791789531707764,151,V,P,F:\GENESIS Studio\genesis-studio\packages\engines-py\.pdb_cache\4OBE,A
3033,ThermoMPNN,4OBE,2.3137497901916504,151,V,Q,F:\GENESIS Studio\genesis-studio\packages\engines-py\.pdb_cache\4OBE,A
3034,ThermoMPNN,4OBE,2.488725423812866,151,V,R,F:\GENESIS Studio\genesis-studio\packages\engines-py\.pdb_cache\4OBE,A
3035,ThermoMPNN,4OBE,2.0175654888153076,151,V,S,F:\GENESIS Studio\genesis-studio\packages\engines-py\.pdb_cache\4OBE,A
3036,ThermoMPNN,4OBE,1.5817184448242188,151,V,T,F:\GENESIS Studio\genesis-studio\packages\engines-py\.pdb_cache\4OBE,A
3037,ThermoMPNN,4OBE,0.0,151,V,V,F:\GENESIS Studio\genesis-studio\packages\engines-py\.pdb_cache\4OBE,A
3038,ThermoMPNN,4OBE,1.9323639869689941,151,V,W,F:\GENESIS Studio\genesis-studio\packages\engines-py\.pdb_cache\4OBE,A
3039,ThermoMPNN,4OBE,1.9805314540863037,151,V,Y,F:\GENESIS Studio\genesis-studio\packages\engines-py\.pdb_cache\4OBE,A
3040,ThermoMPNN,4OBE,0.5872712135314941,152,D,A,F:\GENESIS Studio\genesis-studio\packages\engines-py\.pdb_cache\4OBE,A
3041,ThermoMPNN,4OBE,-0.026679158210754395,152,D,C,F:\GENESIS Studio\genesis-studio\packages\engines-py\.pdb_cache\4OBE,A
3042,ThermoMPNN,4OBE,0.0,152,D,D,F:\GENESIS Studio\genesis-studio\packages\engines-py\.pdb_cache\4OBE,A
3043,ThermoMPNN,4OBE,0.08530580997467041,152,D,E,F:\GENESIS Studio\genesis-studio\packages\engines-py\.pdb_cache\4OBE,A
3044,ThermoMPNN,4OBE,-0.03994095325469971,152,D,F,F:\GENESIS Studio\genesis-studio\packages\engines-py\.pdb_cache\4OBE,A
3045,ThermoMPNN,4OBE,0.9627690315246582,152,D,G,F:\GENESIS Studio\genesis-studio\packages\engines-py\.pdb_cache\4OBE,A
3046,ThermoMPNN,4OBE,0.21854233741760254,152,D,H,F:\GENESIS Studio\genesis-studio\packages\engines-py\.pdb_cache\4OBE,A
3047,ThermoMPNN,4OBE,0.34962475299835205,152,D,I,F:\GENESIS Studio\genesis-studio\packages\engines-py\.pdb_cache\4OBE,A
3048,ThermoMPNN,4OBE,0.7042464017868042,152,D,K,F:\GENESIS Studio\genesis-studio\packages\engines-py\.pdb_cache\4OBE,A
3049,ThermoMPNN,4OBE,0.2565891742706299,152,D,L,F:\GENESIS Studio\genesis-studio\packages\engines-py\.pdb_cache\4OBE,A
3050,ThermoMPNN,4OBE,0.47170746326446533,152,D,M,F:\GENESIS Studio\genesis-studio\packages\engines-py\.pdb_cache\4OBE,A
3051,ThermoMPNN,4OBE,0.3401634693145752,152,D,N,F:\GENESIS Studio\genesis-studio\packages\engines-py\.pdb_cache\4OBE,A
3052,ThermoMPNN,4OBE,0.9413182735443115,152,D,P,F:\GENESIS Studio\genesis-studio\packages\engines-py\.pdb_cache\4OBE,A
3053,ThermoMPNN,4OBE,0.5300473570823669,152,D,Q,F:\GENESIS Studio\genesis-studio\packages\engines-py\.pdb_cache\4OBE,A
3054,ThermoMPNN,4OBE,0.6773191690444946,152,D,R,F:\GENESIS Studio\genesis-studio\packages\engines-py\.pdb_cache\4OBE,A
3055,ThermoMPNN,4OBE,0.555112361907959,152,D,S,F:\GENESIS Studio\genesis-studio\packages\engines-py\.pdb_cache\4OBE,A
3056,ThermoMPNN,4OBE,0.4521337151527405,152,D,T,F:\GENESIS Studio\genesis-studio\packages\engines-py\.pdb_cache\4OBE,A
3057,ThermoMPNN,4OBE,0.344632089138031,152,D,V,F:\GENESIS Studio\genesis-studio\packages\engines-py\.pdb_cache\4OBE,A
3058,ThermoMPNN,4OBE,-0.058066725730895996,152,D,W,F:\GENESIS Studio\genesis-studio\packages\engines-py\.pdb_cache\4OBE,A
3059,ThermoMPNN,4OBE,-0.18469774723052979,152,D,Y,F:\GENESIS Studio\genesis-studio\packages\engines-py\.pdb_cache\4OBE,A
3060,ThermoMPNN,4OBE,0.35762083530426025,153,D,A,F:\GENESIS Studio\genesis-studio\packages\engines-py\.pdb_cache\4OBE,A
3061,ThermoMPNN,4OBE,0.10924768447875977,153,D,C,F:\GENESIS Studio\genesis-studio\packages\engines-py\.pdb_cache\4OBE,A
3062,ThermoMPNN,4OBE,0.0,153,D,D,F:\GENESIS Studio\genesis-studio\packages\engines-py\.pdb_cache\4OBE,A
3063,ThermoMPNN,4OBE,-0.07335865497589111,153,D,E,F:\GENESIS Studio\genesis-studio\packages\engines-py\.pdb_cache\4OBE,A
3064,ThermoMPNN,4OBE,0.3023969531059265,153,D,F,F:\GENESIS Studio\genesis-studio\packages\engines-py\.pdb_cache\4OBE,A
3065,ThermoMPNN,4OBE,0.7544789910316467,153,D,G,F:\GENESIS Studio\genesis-studio\packages\engines-py\.pdb_cache\4OBE,A
3066,ThermoMPNN,4OBE,0.4536745548248291,153,D,H,F:\GENESIS Studio\genesis-studio\packages\engines-py\.pdb_cache\4OBE,A
3067,ThermoMPNN,4OBE,0.4156337380409241,153,D,I,F:\GENESIS Studio\genesis-studio\packages\engines-py\.pdb_cache\4OBE,A
3068,ThermoMPNN,4OBE,0.5560735464096069,153,D,K,F:\GENESIS Studio\genesis-studio\packages\engines-py\.pdb_cache\4OBE,A
3069,ThermoMPNN,4OBE,0.2188296914100647,153,D,L,F:\GENESIS Studio\genesis-studio\packages\engines-py\.pdb_cache\4OBE,A
3070,ThermoMPNN,4OBE,0.3215159773826599,153,D,M,F:\GENESIS Studio\genesis-studio\packages\engines-py\.pdb_cache\4OBE,A
3071,ThermoMPNN,4OBE,0.583162784576416,153,D,N,F:\GENESIS Studio\genesis-studio\packages\engines-py\.pdb_cache\4OBE,A
3072,ThermoMPNN,4OBE,1.5507349967956543,153,D,P,F:\GENESIS Studio\genesis-studio\packages\engines-py\.pdb_cache\4OBE,A
3073,ThermoMPNN,4OBE,0.2875348925590515,153,D,Q,F:\GENESIS Studio\genesis-studio\packages\engines-py\.pdb_cache\4OBE,A
3074,ThermoMPNN,4OBE,0.5184208750724792,153,D,R,F:\GENESIS Studio\genesis-studio\packages\engines-py\.pdb_cache\4OBE,A
3075,ThermoMPNN,4OBE,0.5409175157546997,153,D,S,F:\GENESIS Studio\genesis-studio\packages\engines-py\.pdb_cache\4OBE,A
3076,ThermoMPNN,4OBE,0.4020237922668457,153,D,T,F:\GENESIS Studio\genesis-studio\packages\engines-py\.pdb_cache\4OBE,A
3077,ThermoMPNN,4OBE,0.5385264158248901,153,D,V,F:\GENESIS Studio\genesis-studio\packages\engines-py\.pdb_cache\4OBE,A
3078,ThermoMPNN,4OBE,0.30503952503204346,153,D,W,F:\GENESIS Studio\genesis-studio\packages\engines-py\.pdb_cache\4OBE,A
3079,ThermoMPNN,4OBE,0.26263201236724854,153,D,Y,F:\GENESIS Studio\genesis-studio\packages\engines-py\.pdb_cache\4OBE,A
3080,ThermoMPNN,4OBE,0.0,154,A,A,F:\GENESIS Studio\genesis-studio\packages\engines-py\.pdb_cache\4OBE,A
3081,ThermoMPNN,4OBE,0.7895662784576416,154,A,C,F:\GENESIS Studio\genesis-studio\packages\engines-py\.pdb_cache\4OBE,A
3082,ThermoMPNN,4OBE,2.75637149810791,154,A,D,F:\GENESIS Studio\genesis-studio\packages\engines-py\.pdb_cache\4OBE,A
3083,ThermoMPNN,4OBE,2.3863704204559326,154,A,E,F:\GENESIS Studio\genesis-studio\packages\engines-py\.pdb_cache\4OBE,A
3084,ThermoMPNN,4OBE,1.396705150604248,154,A,F,F:\GENESIS Studio\genesis-studio\packages\engines-py\.pdb_cache\4OBE,A
3085,ThermoMPNN,4OBE,1.5816835165023804,154,A,G,F:\GENESIS Studio\genesis-studio\packages\engines-py\.pdb_cache\4OBE,A
3086,ThermoMPNN,4OBE,2.346388101577759,154,A,H,F:\GENESIS Studio\genesis-studio\packages\engines-py\.pdb_cache\4OBE,A
3087,ThermoMPNN,4OBE,1.0091586112976074,154,A,I,F:\GENESIS Studio\genesis-studio\packages\engines-py\.pdb_cache\4OBE,A
3088,ThermoMPNN,4OBE,2.3564393520355225,154,A,K,F:\GENESIS Studio\genesis-studio\packages\engines-py\.pdb_cache\4OBE,A
3089,ThermoMPNN,4OBE,1.3572237491607666,154,A,L,F:\GENESIS Studio\genesis-studio\packages\engines-py\.pdb_cache\4OBE,A
3090,ThermoMPNN,4OBE,1.3666651248931885,154,A,M,F:\GENESIS Studio\genesis-studio\packages\engines-py\.pdb_cache\4OBE,A
3091,ThermoMPNN,4OBE,2.4793825149536133,154,A,N,F:\GENESIS Studio\genesis-studio\packages\engines-py\.pdb_cache\4OBE,A
3092,ThermoMPNN,4OBE,2.4699079990386963,154,A,P,F:\GENESIS Studio\genesis-studio\packages\engines-py\.pdb_cache\4OBE,A
3093,ThermoMPNN,4OBE,2.405623435974121,154,A,Q,F:\GENESIS Studio\genesis-studio\packages\engines-py\.pdb_cache\4OBE,A
3094,ThermoMPNN,4OBE,2.2471516132354736,154,A,R,F:\GENESIS Studio\genesis-studio\packages\engines-py\.pdb_cache\4OBE,A
3095,ThermoMPNN,4OBE,1.2719558477401733,154,A,S,F:\GENESIS Studio\genesis-studio\packages\engines-py\.pdb_cache\4OBE,A
3096,ThermoMPNN,4OBE,1.5361828804016113,154,A,T,F:\GENESIS Studio\genesis-studio\packages\engines-py\.pdb_cache\4OBE,A
3097,ThermoMPNN,4OBE,0.7625617980957031,154,A,V,F:\GENESIS Studio\genesis-studio\packages\engines-py\.pdb_cache\4OBE,A
3098,ThermoMPNN,4OBE,1.5728408098220825,154,A,W,F:\GENESIS Studio\genesis-studio\packages\engines-py\.pdb_cache\4OBE,A
3099,ThermoMPNN,4OBE,1.611750841140747,154,A,Y,F:\GENESIS Studio\genesis-studio\packages\engines-py\.pdb_cache\4OBE,A
3100,ThermoMPNN,4OBE,2.266871213912964,155,F,A,F:\GENESIS Studio\genesis-studio\packages\engines-py\.pdb_cache\4OBE,A
3101,ThermoMPNN,4OBE,1.5653245449066162,155,F,C,F:\GENESIS Studio\genesis-studio\packages\engines-py\.pdb_cache\4OBE,A
3102,ThermoMPNN,4OBE,2.462885618209839,155,F,D,F:\GENESIS Studio\genesis-studio\packages\engines-py\.pdb_cache\4OBE,A
3103,ThermoMPNN,4OBE,2.696613311767578,155,F,E,F:\GENESIS Studio\genesis-studio\packages\engines-py\.pdb_cache\4OBE,A
3104,ThermoMPNN,4OBE,0.0,155,F,F,F:\GENESIS Studio\genesis-studio\packages\engines-py\.pdb_cache\4OBE,A
3105,ThermoMPNN,4OBE,2.5471348762512207,155,F,G,F:\GENESIS Studio\genesis-studio\packages\engines-py\.pdb_cache\4OBE,A
3106,ThermoMPNN,4OBE,2.4394326210021973,155,F,H,F:\GENESIS Studio\genesis-studio\packages\engines-py\.pdb_cache\4OBE,A
3107,ThermoMPNN,4OBE,1.286841630935669,155,F,I,F:\GENESIS Studio\genesis-studio\packages\engines-py\.pdb_cache\4OBE,A
3108,ThermoMPNN,4OBE,2.3243448734283447,155,F,K,F:\GENESIS Studio\genesis-studio\packages\engines-py\.pdb_cache\4OBE,A
3109,ThermoMPNN,4OBE,1.2573530673980713,155,F,L,F:\GENESIS Studio\genesis-studio\packages\engines-py\.pdb_cache\4OBE,A
3110,ThermoMPNN,4OBE,1.4434127807617188,155,F,M,F:\GENESIS Studio\genesis-studio\packages\engines-py\.pdb_cache\4OBE,A
3111,ThermoMPNN,4OBE,2.467158317565918,155,F,N,F:\GENESIS Studio\genesis-studio\packages\engines-py\.pdb_cache\4OBE,A
3112,ThermoMPNN,4OBE,2.2410852909088135,155,F,P,F:\GENESIS Studio\genesis-studio\packages\engines-py\.pdb_cache\4OBE,A
3113,ThermoMPNN,4OBE,2.5729901790618896,155,F,Q,F:\GENESIS Studio\genesis-studio\packages\engines-py\.pdb_cache\4OBE,A
3114,ThermoMPNN,4OBE,2.1908092498779297,155,F,R,F:\GENESIS Studio\genesis-studio\packages\engines-py\.pdb_cache\4OBE,A
3115,ThermoMPNN,4OBE,2.3266711235046387,155,F,S,F:\GENESIS Studio\genesis-studio\packages\engines-py\.pdb_cache\4OBE,A
3116,ThermoMPNN,4OBE,2.0924248695373535,155,F,T,F:\GENESIS Studio\genesis-studio\packages\engines-py\.pdb_cache\4OBE,A
3117,ThermoMPNN,4OBE,1.4724998474121094,155,F,V,F:\GENESIS Studio\genesis-studio\packages\engines-py\.pdb_cache\4OBE,A
3118,ThermoMPNN,4OBE,1.4865303039550781,155,F,W,F:\GENESIS Studio\genesis-studio\packages\engines-py\.pdb_cache\4OBE,A
3119,ThermoMPNN,4OBE,1.360615611076355,155,F,Y,F:\GENESIS Studio\genesis-studio\packages\engines-py\.pdb_cache\4OBE,A
3120,ThermoMPNN,4OBE,1.2039625644683838,156,Y,A,F:\GENESIS Studio\genesis-studio\packages\engines-py\.pdb_cache\4OBE,A
3121,ThermoMPNN,4OBE,0.353052020072937,156,Y,C,F:\GENESIS Studio\genesis-studio\packages\engines-py\.pdb_cache\4OBE,A
3122,ThermoMPNN,4OBE,1.7980656623840332,156,Y,D,F:\GENESIS Studio\genesis-studio\packages\engines-py\.pdb_cache\4OBE,A
3123,ThermoMPNN,4OBE,1.4454996585845947,156,Y,E,F:\GENESIS Studio\genesis-studio\packages\engines-py\.pdb_cache\4OBE,A
3124,ThermoMPNN,4OBE,-0.06678318977355957,156,Y,F,F:\GENESIS Studio\genesis-studio\packages\engines-py\.pdb_cache\4OBE,A
3125,ThermoMPNN,4OBE,2.0128252506256104,156,Y,G,F:\GENESIS Studio\genesis-studio\packages\engines-py\.pdb_cache\4OBE,A
3126,ThermoMPNN,4OBE,0.9699426889419556,156,Y,H,F:\GENESIS Studio\genesis-studio\packages\engines-py\.pdb_cache\4OBE,A
3127,ThermoMPNN,4OBE,0.2885204553604126,156,Y,I,F:\GENESIS Studio\genesis-studio\packages\engines-py\.pdb_cache\4OBE,A
3128,ThermoMPNN,4OBE,1.1464099884033203,156,Y,K,F:\GENESIS Studio\genesis-studio\packages\engines-py\.pdb_cache\4OBE,A
3129,ThermoMPNN,4OBE,-0.3535197973251343,156,Y,L,F:\GENESIS Studio\genesis-studio\packages\engines-py\.pdb_cache\4OBE,A
3130,ThermoMPNN,4OBE,0.059935688972473145,156,Y,M,F:\GENESIS Studio\genesis-studio\packages\engines-py\.pdb_cache\4OBE,A
3131,ThermoMPNN,4OBE,1.2091069221496582,156,Y,N,F:\GENESIS Studio\genesis-studio\packages\engines-py\.pdb_cache\4OBE,A
3132,ThermoMPNN,4OBE,2.456836223602295,156,Y,P,F:\GENESIS Studio\genesis-studio\packages\engines-py\.pdb_cache\4OBE,A
3133,ThermoMPNN,4OBE,1.0885893106460571,156,Y,Q,F:\GENESIS Studio\genesis-studio\packages\engines-py\.pdb_cache\4OBE,A
3134,ThermoMPNN,4OBE,1.155174970626831,156,Y,R,F:\GENESIS Studio\genesis-studio\packages\engines-py\.pdb_cache\4OBE,A
3135,ThermoMPNN,4OBE,1.2263002395629883,156,Y,S,F:\GENESIS Studio\genesis-studio\packages\engines-py\.pdb_cache\4OBE,A
3136,ThermoMPNN,4OBE,0.7079343795776367,156,Y,T,F:\GENESIS Studio\genesis-studio\packages\engines-py\.pdb_cache\4OBE,A
3137,ThermoMPNN,4OBE,0.6181594729423523,156,Y,V,F:\GENESIS Studio\genesis-studio\packages\engines-py\.pdb_cache\4OBE,A
3138,ThermoMPNN,4OBE,0.07944333553314209,156,Y,W,F:\GENESIS Studio\genesis-studio\packages\engines-py\.pdb_cache\4OBE,A
3139,ThermoMPNN,4OBE,0.0,156,Y,Y,F:\GENESIS Studio\genesis-studio\packages\engines-py\.pdb_cache\4OBE,A
3140,ThermoMPNN,4OBE,0.1569690704345703,157,T,A,F:\GENESIS Studio\genesis-studio\packages\engines-py\.pdb_cache\4OBE,A
3141,ThermoMPNN,4OBE,-0.29338979721069336,157,T,C,F:\GENESIS Studio\genesis-studio\packages\engines-py\.pdb_cache\4OBE,A
3142,ThermoMPNN,4OBE,1.2951991558074951,157,T,D,F:\GENESIS Studio\genesis-studio\packages\engines-py\.pdb_cache\4OBE,A
3143,ThermoMPNN,4OBE,0.36207687854766846,157,T,E,F:\GENESIS Studio\genesis-studio\packages\engines-py\.pdb_cache\4OBE,A
3144,ThermoMPNN,4OBE,-0.2412428855895996,157,T,F,F:\GENESIS Studio\genesis-studio\packages\engines-py\.pdb_cache\4OBE,A
3145,ThermoMPNN,4OBE,1.2291958332061768,157,T,G,F:\GENESIS Studio\genesis-studio\packages\engines-py\.pdb_cache\4OBE,A
3146,ThermoMPNN,4OBE,0.17654794454574585,157,T,H,F:\GENESIS Studio\genesis-studio\packages\engines-py\.pdb_cache\4OBE,A
3147,ThermoMPNN,4OBE,-0.15276789665222168,157,T,I,F:\GENESIS Studio\genesis-studio\packages\engines-py\.pdb_cache\4OBE,A
3148,ThermoMPNN,4OBE,0.47443366050720215,157,T,K,F:\GENESIS Studio\genesis-studio\packages\engines-py\.pdb_cache\4OBE,A
3149,ThermoMPNN,4OBE,-0.26804590225219727,157,T,L,F:\GENESIS Studio\genesis-studio\packages\engines-py\.pdb_cache\4OBE,A
3150,ThermoMPNN,4OBE,-0.44517314434051514,157,T,M,F:\GENESIS Studio\genesis-studio\packages\engines-py\.pdb_cache\4OBE,A
3151,ThermoMPNN,4OBE,0.8817823529243469,157,T,N,F:\GENESIS Studio\genesis-studio\packages\engines-py\.pdb_cache\4OBE,A
3152,ThermoMPNN,4OBE,2.3641185760498047,157,T,P,F:\GENESIS Studio\genesis-studio\packages\engines-py\.pdb_cache\4OBE,A
3153,ThermoMPNN,4OBE,0.1570117473602295,157,T,Q,F:\GENESIS Studio\genesis-studio\packages\engines-py\.pdb_cache\4OBE,A
3154,ThermoMPNN,4OBE,0.26842570304870605,157,T,R,F:\GENESIS Studio\genesis-studio\packages\engines-py\.pdb_cache\4OBE,A
3155,ThermoMPNN,4OBE,0.23435688018798828,157,T,S,F:\GENESIS Studio\genesis-studio\packages\engines-py\.pdb_cache\4OBE,A
3156,ThermoMPNN,4OBE,0.0,157,T,T,F:\GENESIS Studio\genesis-studio\packages\engines-py\.pdb_cache\4OBE,A
3157,ThermoMPNN,4OBE,-0.02712428569793701,157,T,V,F:\GENESIS Studio\genesis-studio\packages\engines-py\.pdb_cache\4OBE,A
3158,ThermoMPNN,4OBE,-0.18634116649627686,157,T,W,F:\GENESIS Studio\genesis-studio\packages\engines-py\.pdb_cache\4OBE,A
3159,ThermoMPNN,4OBE,-0.3514777421951294,157,T,Y,F:\GENESIS Studio\genesis-studio\packages\engines-py\.pdb_cache\4OBE,A
3160,ThermoMPNN,4OBE,1.8738824129104614,158,L,A,F:\GENESIS Studio\genesis-studio\packages\engines-py\.pdb_cache\4OBE,A
3161,ThermoMPNN,4OBE,1.1467242240905762,158,L,C,F:\GENESIS Studio\genesis-studio\packages\engines-py\.pdb_cache\4OBE,A
3162,ThermoMPNN,4OBE,2.8112261295318604,158,L,D,F:\GENESIS Studio\genesis-studio\packages\engines-py\.pdb_cache\4OBE,A
3163,ThermoMPNN,4OBE,2.547107458114624,158,L,E,F:\GENESIS Studio\genesis-studio\packages\engines-py\.pdb_cache\4OBE,A
3164,ThermoMPNN,4OBE,1.0822782516479492,158,L,F,F:\GENESIS Studio\genesis-studio\packages\engines-py\.pdb_cache\4OBE,A
3165,ThermoMPNN,4OBE,2.44212007522583,158,L,G,F:\GENESIS Studio\genesis-studio\packages\engines-py\.pdb_cache\4OBE,A
3166,ThermoMPNN,4OBE,2.413684844970703,158,L,H,F:\GENESIS Studio\genesis-studio\packages\engines-py\.pdb_cache\4OBE,A
3167,ThermoMPNN,4OBE,0.5515567064285278,158,L,I,F:\GENESIS Studio\genesis-studio\packages\engines-py\.pdb_cache\4OBE,A
3168,ThermoMPNN,4OBE,2.402451753616333,158,L,K,F:\GENESIS Studio\genesis-studio\packages\engines-py\.pdb_cache\4OBE,A
3169,ThermoMPNN,4OBE,0.0,158,L,L,F:\GENESIS Studio\genesis-studio\packages\engines-py\.pdb_cache\4OBE,A
3170,ThermoMPNN,4OBE,1.0329829454421997,158,L,M,F:\GENESIS Studio\genesis-studio\packages\engines-py\.pdb_cache\4OBE,A
3171,ThermoMPNN,4OBE,2.680281400680542,158,L,N,F:\GENESIS Studio\genesis-studio\packages\engines-py\.pdb_cache\4OBE,A
3172,ThermoMPNN,4OBE,2.6140592098236084,158,L,P,F:\GENESIS Studio\genesis-studio\packages\engines-py\.pdb_cache\4OBE,A
3173,ThermoMPNN,4OBE,2.57749605178833,158,L,Q,F:\GENESIS Studio\genesis-studio\packages\engines-py\.pdb_cache\4OBE,A
3174,ThermoMPNN,4OBE,2.467698335647583,158,L,R,F:\GENESIS Studio\genesis-studio\packages\engines-py\.pdb_cache\4OBE,A
3175,ThermoMPNN,4OBE,2.4285285472869873,158,L,S,F:\GENESIS Studio\genesis-studio\packages\engines-py\.pdb_cache\4OBE,A
3176,ThermoMPNN,4OBE,2.1418814659118652,158,L,T,F:\GENESIS Studio\genesis-studio\packages\engines-py\.pdb_cache\4OBE,A
3177,ThermoMPNN,4OBE,0.8855693340301514,158,L,V,F:\GENESIS Studio\genesis-studio\packages\engines-py\.pdb_cache\4OBE,A
3178,ThermoMPNN,4OBE,1.6151039600372314,158,L,W,F:\GENESIS Studio\genesis-studio\packages\engines-py\.pdb_cache\4OBE,A
3179,ThermoMPNN,4OBE,1.5262181758880615,158,L,Y,F:\GENESIS Studio\genesis-studio\packages\engines-py\.pdb_cache\4OBE,A
3180,ThermoMPNN,4OBE,1.5395176410675049,159,V,A,F:\GENESIS Studio\genesis-studio\packages\engines-py\.pdb_cache\4OBE,A
3181,ThermoMPNN,4OBE,0.8579006195068359,159,V,C,F:\GENESIS Studio\genesis-studio\packages\engines-py\.pdb_cache\4OBE,A
3182,ThermoMPNN,4OBE,2.564768075942993,159,V,D,F:\GENESIS Studio\genesis-studio\packages\engines-py\.pdb_cache\4OBE,A
3183,ThermoMPNN,4OBE,2.487165689468384,159,V,E,F:\GENESIS Studio\genesis-studio\packages\engines-py\.pdb_cache\4OBE,A
3184,ThermoMPNN,4OBE,1.443504810333252,159,V,F,F:\GENESIS Studio\genesis-studio\packages\engines-py\.pdb_cache\4OBE,A
3185,ThermoMPNN,4OBE,2.3276944160461426,159,V,G,F:\GENESIS Studio\genesis-studio\packages\engines-py\.pdb_cache\4OBE,A
3186,ThermoMPNN,4OBE,2.233494758605957,159,V,H,F:\GENESIS Studio\genesis-studio\packages\engines-py\.pdb_cache\4OBE,A
3187,ThermoMPNN,4OBE,-0.22358179092407227,159,V,I,F:\GENESIS Studio\genesis-studio\packages\engines-py\.pdb_cache\4OBE,A
3188,ThermoMPNN,4OBE,2.313077211380005,159,V,K,F:\GENESIS Studio\genesis-studio\packages\engines-py\.pdb_cache\4OBE,A
3189,ThermoMPNN,4OBE,-0.24686551094055176,159,V,L,F:\GENESIS Studio\genesis-studio\packages\engines-py\.pdb_cache\4OBE,A
3190,ThermoMPNN,4OBE,0.9765133857727051,159,V,M,F:\GENESIS Studio\genesis-studio\packages\engines-py\.pdb_cache\4OBE,A
3191,ThermoMPNN,4OBE,2.3884739875793457,159,V,N,F:\GENESIS Studio\genesis-studio\packages\engines-py\.pdb_cache\4OBE,A
3192,ThermoMPNN,4OBE,2.663485050201416,159,V,P,F:\GENESIS Studio\genesis-studio\packages\engines-py\.pdb_cache\4OBE,A
3193,ThermoMPNN,4OBE,2.4868619441986084,159,V,Q,F:\GENESIS Studio\genesis-studio\packages\engines-py\.pdb_cache\4OBE,A
3194,ThermoMPNN,4OBE,2.3513712882995605,159,V,R,F:\GENESIS Studio\genesis-studio\packages\engines-py\.pdb_cache\4OBE,A
3195,ThermoMPNN,4OBE,2.5023245811462402,159,V,S,F:\GENESIS Studio\genesis-studio\packages\engines-py\.pdb_cache\4OBE,A
3196,ThermoMPNN,4OBE,2.038939952850342,159,V,T,F:\GENESIS Studio\genesis-studio\packages\engines-py\.pdb_cache\4OBE,A
3197,ThermoMPNN,4OBE,0.0,159,V,V,F:\GENESIS Studio\genesis-studio\packages\engines-py\.pdb_cache\4OBE,A
3198,ThermoMPNN,4OBE,1.565516471862793,159,V,W,F:\GENESIS Studio\genesis-studio\packages\engines-py\.pdb_cache\4OBE,A
3199,ThermoMPNN,4OBE,1.5896100997924805,159,V,Y,F:\GENESIS Studio\genesis-studio\packages\engines-py\.pdb_cache\4OBE,A
3200,ThermoMPNN,4OBE,1.133678674697876,160,R,A,F:\GENESIS Studio\genesis-studio\packages\engines-py\.pdb_cache\4OBE,A
3201,ThermoMPNN,4OBE,0.7685000896453857,160,R,C,F:\GENESIS Studio\genesis-studio\packages\engines-py\.pdb_cache\4OBE,A
3202,ThermoMPNN,4OBE,2.084167718887329,160,R,D,F:\GENESIS Studio\genesis-studio\packages\engines-py\.pdb_cache\4OBE,A
3203,ThermoMPNN,4OBE,1.8338074684143066,160,R,E,F:\GENESIS Studio\genesis-studio\packages\engines-py\.pdb_cache\4OBE,A
3204,ThermoMPNN,4OBE,0.8911693096160889,160,R,F,F:\GENESIS Studio\genesis-studio\packages\engines-py\.pdb_cache\4OBE,A
3205,ThermoMPNN,4OBE,1.6560407876968384,160,R,G,F:\GENESIS Studio\genesis-studio\packages\engines-py\.pdb_cache\4OBE,A
3206,ThermoMPNN,4OBE,1.1405625343322754,160,R,H,F:\GENESIS Studio\genesis-studio\packages\engines-py\.pdb_cache\4OBE,A
3207,ThermoMPNN,4OBE,0.6778637170791626,160,R,I,F:\GENESIS Studio\genesis-studio\packages\engines-py\.pdb_cache\4OBE,A
3208,ThermoMPNN,4OBE,0.41410815715789795,160,R,K,F:\GENESIS Studio\genesis-studio\packages\engines-py\.pdb_cache\4OBE,A
3209,ThermoMPNN,4OBE,0.5876022577285767,160,R,L,F:\GENESIS Studio\genesis-studio\packages\engines-py\.pdb_cache\4OBE,A
3210,ThermoMPNN,4OBE,0.8046178817749023,160,R,M,F:\GENESIS Studio\genesis-studio\packages\engines-py\.pdb_cache\4OBE,A
3211,ThermoMPNN,4OBE,1.4411393404006958,160,R,N,F:\GENESIS Studio\genesis-studio\packages\engines-py\.pdb_cache\4OBE,A
3212,ThermoMPNN,4OBE,2.597294569015503,160,R,P,F:\GENESIS Studio\genesis-studio\packages\engines-py\.pdb_cache\4OBE,A
3213,ThermoMPNN,4OBE,1.1319754123687744,160,R,Q,F:\GENESIS Studio\genesis-studio\packages\engines-py\.pdb_cache\4OBE,A
3214,ThermoMPNN,4OBE,0.0,160,R,R,F:\GENESIS Studio\genesis-studio\packages\engines-py\.pdb_cache\4OBE,A
3215,ThermoMPNN,4OBE,1.4341793060302734,160,R,S,F:\GENESIS Studio\genesis-studio\packages\engines-py\.pdb_cache\4OBE,A
3216,ThermoMPNN,4OBE,1.2838395833969116,160,R,T,F:\GENESIS Studio\genesis-studio\packages\engines-py\.pdb_cache\4OBE,A
3217,ThermoMPNN,4OBE,0.7148630619049072,160,R,V,F:\GENESIS Studio\genesis-studio\packages\engines-py\.pdb_cache\4OBE,A
3218,ThermoMPNN,4OBE,0.8326293230056763,160,R,W,F:\GENESIS Studio\genesis-studio\packages\engines-py\.pdb_cache\4OBE,A
3219,ThermoMPNN,4OBE,0.845116913318634,160,R,Y,F:\GENESIS Studio\genesis-studio\packages\engines-py\.pdb_cache\4OBE,A
3220,ThermoMPNN,4OBE,0.9022178053855896,161,E,A,F:\GENESIS Studio\genesis-studio\packages\engines-py\.pdb_cache\4OBE,A
3221,ThermoMPNN,4OBE,-0.005000114440917969,161,E,C,F:\GENESIS Studio\genesis-studio\packages\engines-py\.pdb_cache\4OBE,A
3222,ThermoMPNN,4OBE,2.2252535820007324,161,E,D,F:\GENESIS Studio\genesis-studio\packages\engines-py\.pdb_cache\4OBE,A
3223,ThermoMPNN,4OBE,0.0,161,E,E,F:\GENESIS Studio\genesis-studio\packages\engines-py\.pdb_cache\4OBE,A
3224,ThermoMPNN,4OBE,0.4576197862625122,161,E,F,F:\GENESIS Studio\genesis-studio\packages\engines-py\.pdb_cache\4OBE,A
3225,ThermoMPNN,4OBE,2.0379583835601807,161,E,G,F:\GENESIS Studio\genesis-studio\packages\engines-py\.pdb_cache\4OBE,A
3226,ThermoMPNN,4OBE,1.4826006889343262,161,E,H,F:\GENESIS Studio\genesis-studio\packages\engines-py\.pdb_cache\4OBE,A
3227,ThermoMPNN,4OBE,-0.18144845962524414,161,E,I,F:\GENESIS Studio\genesis-studio\packages\engines-py\.pdb_cache\4OBE,A
3228,ThermoMPNN,4OBE,2.290104627609253,161,E,K,F:\GENESIS Studio\genesis-studio\packages\engines-py\.pdb_cache\4OBE,A
3229,ThermoMPNN,4OBE,-0.11346936225891113,161,E,L,F:\GENESIS Studio\genesis-studio\packages\engines-py\.pdb_cache\4OBE,A
3230,ThermoMPNN,4OBE,-0.34790217876434326,161,E,M,F:\GENESIS Studio\genesis-studio\packages\engines-py\.pdb_cache\4OBE,A
3231,ThermoMPNN,4OBE,2.2112925052642822,161,E,N,F:\GENESIS Studio\genesis-studio\packages\engines-py\.pdb_cache\4OBE,A
3232,ThermoMPNN,4OBE,2.3451197147369385,161,E,P,F:\GENESIS Studio\genesis-studio\packages\engines-py\.pdb_cache\4OBE,A
3233,ThermoMPNN,4OBE,0.9491684436798096,161,E,Q,F:\GENESIS Studio\genesis-studio\packages\engines-py\.pdb_cache\4OBE,A
3234,ThermoMPNN,4OBE,2.2755556106567383,161,E,R,F:\GENESIS Studio\genesis-studio\packages\engines-py\.pdb_cache\4OBE,A
3235,ThermoMPNN,4OBE,1.613893747329712,161,E,S,F:\GENESIS Studio\genesis-studio\packages\engines-py\.pdb_cache\4OBE,A
3236,ThermoMPNN,4OBE,1.270660638809204,161,E,T,F:\GENESIS Studio\genesis-studio\packages\engines-py\.pdb_cache\4OBE,A
3237,ThermoMPNN,4OBE,-0.12130284309387207,161,E,V,F:\GENESIS Studio\genesis-studio\packages\engines-py\.pdb_cache\4OBE,A
3238,ThermoMPNN,4OBE,0.6736843585968018,161,E,W,F:\GENESIS Studio\genesis-studio\packages\engines-py\.pdb_cache\4OBE,A
3239,ThermoMPNN,4OBE,0.7689402103424072,161,E,Y,F:\GENESIS Studio\genesis-studio\packages\engines-py\.pdb_cache\4OBE,A
3240,ThermoMPNN,4OBE,1.7220689058303833,162,I,A,F:\GENESIS Studio\genesis-studio\packages\engines-py\.pdb_cache\4OBE,A
3241,ThermoMPNN,4OBE,1.1778863668441772,162,I,C,F:\GENESIS Studio\genesis-studio\packages\engines-py\.pdb_cache\4OBE,A
3242,ThermoMPNN,4OBE,2.7371537685394287,162,I,D,F:\GENESIS Studio\genesis-studio\packages\engines-py\.pdb_cache\4OBE,A
3243,ThermoMPNN,4OBE,2.6664438247680664,162,I,E,F:\GENESIS Studio\genesis-studio\packages\engines-py\.pdb_cache\4OBE,A
3244,ThermoMPNN,4OBE,1.1430059671401978,162,I,F,F:\GENESIS Studio\genesis-studio\packages\engines-py\.pdb_cache\4OBE,A
3245,ThermoMPNN,4OBE,2.4832217693328857,162,I,G,F:\GENESIS Studio\genesis-studio\packages\engines-py\.pdb_cache\4OBE,A
3246,ThermoMPNN,4OBE,2.1387603282928467,162,I,H,F:\GENESIS Studio\genesis-studio\packages\engines-py\.pdb_cache\4OBE,A
3247,ThermoMPNN,4OBE,0.0,162,I,I,F:\GENESIS Studio\genesis-studio\packages\engines-py\.pdb_cache\4OBE,A
3248,ThermoMPNN,4OBE,2.126863956451416,162,I,K,F:\GENESIS Studio\genesis-studio\packages\engines-py\.pdb_cache\4OBE,A
3249,ThermoMPNN,4OBE,0.4900798797607422,162,I,L,F:\GENESIS Studio\genesis-studio\packages\engines-py\.pdb_cache\4OBE,A
3250,ThermoMPNN,4OBE,0.8371388912200928,162,I,M,F:\GENESIS Studio\genesis-studio\packages\engines-py\.pdb_cache\4OBE,A
3251,ThermoMPNN,4OBE,2.522634506225586,162,I,N,F:\GENESIS Studio\genesis-studio\packages\engines-py\.pdb_cache\4OBE,A
3252,ThermoMPNN,4OBE,2.3858566284179688,162,I,P,F:\GENESIS Studio\genesis-studio\packages\engines-py\.pdb_cache\4OBE,A
3253,ThermoMPNN,4OBE,2.2541937828063965,162,I,Q,F:\GENESIS Studio\genesis-studio\packages\engines-py\.pdb_cache\4OBE,A
3254,ThermoMPNN,4OBE,2.1233139038085938,162,I,R,F:\GENESIS Studio\genesis-studio\packages\engines-py\.pdb_cache\4OBE,A
3255,ThermoMPNN,4OBE,2.3363921642303467,162,I,S,F:\GENESIS Studio\genesis-studio\packages\engines-py\.pdb_cache\4OBE,A
3256,ThermoMPNN,4OBE,1.9602725505828857,162,I,T,F:\GENESIS Studio\genesis-studio\packages\engines-py\.pdb_cache\4OBE,A
3257,ThermoMPNN,4OBE,0.6389576196670532,162,I,V,F:\GENESIS Studio\genesis-studio\packages\engines-py\.pdb_cache\4OBE,A
3258,ThermoMPNN,4OBE,1.2851027250289917,162,I,W,F:\GENESIS Studio\genesis-studio\packages\engines-py\.pdb_cache\4OBE,A
3259,ThermoMPNN,4OBE,1.430120825767517,162,I,Y,F:\GENESIS Studio\genesis-studio\packages\engines-py\.pdb_cache\4OBE,A
3260,ThermoMPNN,4OBE,1.8419156074523926,163,R,A,F:\GENESIS Studio\genesis-studio\packages\engines-py\.pdb_cache\4OBE,A
3261,ThermoMPNN,4OBE,1.5745816230773926,163,R,C,F:\GENESIS Studio\genesis-studio\packages\engines-py\.pdb_cache\4OBE,A
3262,ThermoMPNN,4OBE,2.780754804611206,163,R,D,F:\GENESIS Studio\genesis-studio\packages\engines-py\.pdb_cache\4OBE,A
3263,ThermoMPNN,4OBE,2.710425853729248,163,R,E,F:\GENESIS Studio\genesis-studio\packages\engines-py\.pdb_cache\4OBE,A
3264,ThermoMPNN,4OBE,1.5943639278411865,163,R,F,F:\GENESIS Studio\genesis-studio\packages\engines-py\.pdb_cache\4OBE,A
3265,ThermoMPNN,4OBE,2.4186811447143555,163,R,G,F:\GENESIS Studio\genesis-studio\packages\engines-py\.pdb_cache\4OBE,A
3266,ThermoMPNN,4OBE,1.7110024690628052,163,R,H,F:\GENESIS Studio\genesis-studio\packages\engines-py\.pdb_cache\4OBE,A
3267,ThermoMPNN,4OBE,1.2734793424606323,163,R,I,F:\GENESIS Studio\genesis-studio\packages\engines-py\.pdb_cache\4OBE,A
3268,ThermoMPNN,4OBE,0.5913012027740479,163,R,K,F:\GENESIS Studio\genesis-studio\packages\engines-py\.pdb_cache\4OBE,A
3269,ThermoMPNN,4OBE,1.3497200012207031,163,R,L,F:\GENESIS Studio\genesis-studio\packages\engines-py\.pdb_cache\4OBE,A
3270,ThermoMPNN,4OBE,1.2925810813903809,163,R,M,F:\GENESIS Studio\genesis-studio\packages\engines-py\.pdb_cache\4OBE,A
3271,ThermoMPNN,4OBE,1.9659759998321533,163,R,N,F:\GENESIS Studio\genesis-studio\packages\engines-py\.pdb_cache\4OBE,A
3272,ThermoMPNN,4OBE,2.859386920928955,163,R,P,F:\GENESIS Studio\genesis-studio\packages\engines-py\.pdb_cache\4OBE,A
3273,ThermoMPNN,4OBE,1.6932803392410278,163,R,Q,F:\GENESIS Studio\genesis-studio\packages\engines-py\.pdb_cache\4OBE,A
3274,ThermoMPNN,4OBE,0.0,163,R,R,F:\GENESIS Studio\genesis-studio\packages\engines-py\.pdb_cache\4OBE,A
3275,ThermoMPNN,4OBE,1.884117603302002,163,R,S,F:\GENESIS Studio\genesis-studio\packages\engines-py\.pdb_cache\4OBE,A
3276,ThermoMPNN,4OBE,1.8036415576934814,163,R,T,F:\GENESIS Studio\genesis-studio\packages\engines-py\.pdb_cache\4OBE,A
3277,ThermoMPNN,4OBE,1.6661176681518555,163,R,V,F:\GENESIS Studio\genesis-studio\packages\engines-py\.pdb_cache\4OBE,A
3278,ThermoMPNN,4OBE,1.4294123649597168,163,R,W,F:\GENESIS Studio\genesis-studio\packages\engines-py\.pdb_cache\4OBE,A
3279,ThermoMPNN,4OBE,1.5441954135894775,163,R,Y,F:\GENESIS Studio\genesis-studio\packages\engines-py\.pdb_cache\4OBE,A
3280,ThermoMPNN,4OBE,0.5270566940307617,164,K,A,F:\GENESIS Studio\genesis-studio\packages\engines-py\.pdb_cache\4OBE,A
3281,ThermoMPNN,4OBE,0.5883607268333435,164,K,C,F:\GENESIS Studio\genesis-studio\packages\engines-py\.pdb_cache\4OBE,A
3282,ThermoMPNN,4OBE,1.2276569604873657,164,K,D,F:\GENESIS Studio\genesis-studio\packages\engines-py\.pdb_cache\4OBE,A
3283,ThermoMPNN,4OBE,0.8753767013549805,164,K,E,F:\GENESIS Studio\genesis-studio\packages\engines-py\.pdb_cache\4OBE,A
3284,ThermoMPNN,4OBE,0.779266357421875,164,K,F,F:\GENESIS Studio\genesis-studio\packages\engines-py\.pdb_cache\4OBE,A
3285,ThermoMPNN,4OBE,1.2573410272598267,164,K,G,F:\GENESIS Studio\genesis-studio\packages\engines-py\.pdb_cache\4OBE,A
3286,ThermoMPNN,4OBE,0.7364672422409058,164,K,H,F:\GENESIS Studio\genesis-studio\packages\engines-py\.pdb_cache\4OBE,A
3287,ThermoMPNN,4OBE,0.4719414710998535,164,K,I,F:\GENESIS Studio\genesis-studio\packages\engines-py\.pdb_cache\4OBE,A
3288,ThermoMPNN,4OBE,0.0,164,K,K,F:\GENESIS Studio\genesis-studio\packages\engines-py\.pdb_cache\4OBE,A
3289,ThermoMPNN,4OBE,0.3558776378631592,164,K,L,F:\GENESIS Studio\genesis-studio\packages\engines-py\.pdb_cache\4OBE,A
3290,ThermoMPNN,4OBE,0.4017869234085083,164,K,M,F:\GENESIS Studio\genesis-studio\packages\engines-py\.pdb_cache\4OBE,A
3291,ThermoMPNN,4OBE,0.703903079032898,164,K,N,F:\GENESIS Studio\genesis-studio\packages\engines-py\.pdb_cache\4OBE,A
3292,ThermoMPNN,4OBE,2.509120225906372,164,K,P,F:\GENESIS Studio\genesis-studio\packages\engines-py\.pdb_cache\4OBE,A
3293,ThermoMPNN,4OBE,0.4537365436553955,164,K,Q,F:\GENESIS Studio\genesis-studio\packages\engines-py\.pdb_cache\4OBE,A
3294,ThermoMPNN,4OBE,-0.17944121360778809,164,K,R,F:\GENESIS Studio\genesis-studio\packages\engines-py\.pdb_cache\4OBE,A
3295,ThermoMPNN,4OBE,0.7545980215072632,164,K,S,F:\GENESIS Studio\genesis-studio\packages\engines-py\.pdb_cache\4OBE,A
3296,ThermoMPNN,4OBE,0.7826604247093201,164,K,T,F:\GENESIS Studio\genesis-studio\packages\engines-py\.pdb_cache\4OBE,A
3297,ThermoMPNN,4OBE,0.7559876441955566,164,K,V,F:\GENESIS Studio\genesis-studio\packages\engines-py\.pdb_cache\4OBE,A
3298,ThermoMPNN,4OBE,0.8495966196060181,164,K,W,F:\GENESIS Studio\genesis-studio\packages\engines-py\.pdb_cache\4OBE,A
3299,ThermoMPNN,4OBE,0.7929860353469849,164,K,Y,F:\GENESIS Studio\genesis-studio\packages\engines-py\.pdb_cache\4OBE,A
3300,ThermoMPNN,4OBE,0.2789134383201599,165,H,A,F:\GENESIS Studio\genesis-studio\packages\engines-py\.pdb_cache\4OBE,A
3301,ThermoMPNN,4OBE,-0.09768128395080566,165,H,C,F:\GENESIS Studio\genesis-studio\packages\engines-py\.pdb_cache\4OBE,A
3302,ThermoMPNN,4OBE,0.9989587664604187,165,H,D,F:\GENESIS Studio\genesis-studio\packages\engines-py\.pdb_cache\4OBE,A
3303,ThermoMPNN,4OBE,0.5720524191856384,165,H,E,F:\GENESIS Studio\genesis-studio\packages\engines-py\.pdb_cache\4OBE,A
3304,ThermoMPNN,4OBE,-0.002484738826751709,165,H,F,F:\GENESIS Studio\genesis-studio\packages\engines-py\.pdb_cache\4OBE,A
3305,ThermoMPNN,4OBE,0.9417301416397095,165,H,G,F:\GENESIS Studio\genesis-studio\packages\engines-py\.pdb_cache\4OBE,A
3306,ThermoMPNN,4OBE,0.0,165,H,H,F:\GENESIS Studio\genesis-studio\packages\engines-py\.pdb_cache\4OBE,A
3307,ThermoMPNN,4OBE,-0.30729013681411743,165,H,I,F:\GENESIS Studio\genesis-studio\packages\engines-py\.pdb_cache\4OBE,A
3308,ThermoMPNN,4OBE,0.3864421248435974,165,H,K,F:\GENESIS Studio\genesis-studio\packages\engines-py\.pdb_cache\4OBE,A
3309,ThermoMPNN,4OBE,-0.2647929787635803,165,H,L,F:\GENESIS Studio\genesis-studio\packages\engines-py\.pdb_cache\4OBE,A
3310,ThermoMPNN,4OBE,-0.06470590829849243,165,H,M,F:\GENESIS Studio\genesis-studio\packages\engines-py\.pdb_cache\4OBE,A
3311,ThermoMPNN,4OBE,0.5912245512008667,165,H,N,F:\GENESIS Studio\genesis-studio\packages\engines-py\.pdb_cache\4OBE,A
3312,ThermoMPNN,4OBE,0.8968781232833862,165,H,P,F:\GENESIS Studio\genesis-studio\packages\engines-py\.pdb_cache\4OBE,A
3313,ThermoMPNN,4OBE,0.28745460510253906,165,H,Q,F:\GENESIS Studio\genesis-studio\packages\engines-py\.pdb_cache\4OBE,A
3314,ThermoMPNN,4OBE,0.3300536870956421,165,H,R,F:\GENESIS Studio\genesis-studio\packages\engines-py\.pdb_cache\4OBE,A
3315,ThermoMPNN,4OBE,0.4206717610359192,165,H,S,F:\GENESIS Studio\genesis-studio\packages\engines-py\.pdb_cache\4OBE,A
3316,ThermoMPNN,4OBE,0.40779536962509155,165,H,T,F:\GENESIS Studio\genesis-studio\packages\engines-py\.pdb_cache\4OBE,A
3317,ThermoMPNN,4OBE,-0.2212558388710022,165,H,V,F:\GENESIS Studio\genesis-studio\packages\engines-py\.pdb_cache\4OBE,A
3318,ThermoMPNN,4OBE,-0.29059845209121704,165,H,W,F:\GENESIS Studio\genesis-studio\packages\engines-py\.pdb_cache\4OBE,A
3319,ThermoMPNN,4OBE,-0.3009878993034363,165,H,Y,F:\GENESIS Studio\genesis-studio\packages\engines-py\.pdb_cache\4OBE,A
3320,ThermoMPNN,4OBE,0.3421327471733093,166,K,A,F:\GENESIS Studio\genesis-studio\packages\engines-py\.pdb_cache\4OBE,A
3321,ThermoMPNN,4OBE,0.0027413368225097656,166,K,C,F:\GENESIS Studio\genesis-studio\packages\engines-py\.pdb_cache\4OBE,A
3322,ThermoMPNN,4OBE,1.1345853805541992,166,K,D,F:\GENESIS Studio\genesis-studio\packages\engines-py\.pdb_cache\4OBE,A
3323,ThermoMPNN,4OBE,0.8366063833236694,166,K,E,F:\GENESIS Studio\genesis-studio\packages\engines-py\.pdb_cache\4OBE,A
3324,ThermoMPNN,4OBE,0.14517146348953247,166,K,F,F:\GENESIS Studio\genesis-studio\packages\engines-py\.pdb_cache\4OBE,A
3325,ThermoMPNN,4OBE,0.7484500408172607,166,K,G,F:\GENESIS Studio\genesis-studio\packages\engines-py\.pdb_cache\4OBE,A
3326,ThermoMPNN,4OBE,0.3590649366378784,166,K,H,F:\GENESIS Studio\genesis-studio\packages\engines-py\.pdb_cache\4OBE,A
3327,ThermoMPNN,4OBE,0.13203966617584229,166,K,I,F:\GENESIS Studio\genesis-studio\packages\engines-py\.pdb_cache\4OBE,A
3328,ThermoMPNN,4OBE,0.0,166,K,K,F:\GENESIS Studio\genesis-studio\packages\engines-py\.pdb_cache\4OBE,A
3329,ThermoMPNN,4OBE,-0.1967397928237915,166,K,L,F:\GENESIS Studio\genesis-studio\packages\engines-py\.pdb_cache\4OBE,A
3330,ThermoMPNN,4OBE,0.001053452491760254,166,K,M,F:\GENESIS Studio\genesis-studio\packages\engines-py\.pdb_cache\4OBE,A
3331,ThermoMPNN,4OBE,0.41245973110198975,166,K,N,F:\GENESIS Studio\genesis-studio\packages\engines-py\.pdb_cache\4OBE,A
3332,ThermoMPNN,4OBE,1.484757423400879,166,K,P,F:\GENESIS Studio\genesis-studio\packages\engines-py\.pdb_cache\4OBE,A
3333,ThermoMPNN,4OBE,0.4147316813468933,166,K,Q,F:\GENESIS Studio\genesis-studio\packages\engines-py\.pdb_cache\4OBE,A
3334,ThermoMPNN,4OBE,-0.03830254077911377,166,K,R,F:\GENESIS Studio\genesis-studio\packages\engines-py\.pdb_cache\4OBE,A
3335,ThermoMPNN,4OBE,0.6226953268051147,166,K,S,F:\GENESIS Studio\genesis-studio\packages\engines-py\.pdb_cache\4OBE,A
3336,ThermoMPNN,4OBE,0.5421277284622192,166,K,T,F:\GENESIS Studio\genesis-studio\packages\engines-py\.pdb_cache\4OBE,A
3337,ThermoMPNN,4OBE,0.26733583211898804,166,K,V,F:\GENESIS Studio\genesis-studio\packages\engines-py\.pdb_cache\4OBE,A
3338,ThermoMPNN,4OBE,0.29503947496414185,166,K,W,F:\GENESIS Studio\genesis-studio\packages\engines-py\.pdb_cache\4OBE,A
3339,ThermoMPNN,4OBE,0.22926533222198486,166,K,Y,F:\GENESIS Studio\genesis-studio\packages\engines-py\.pdb_cache\4OBE,A
3340,ThermoMPNN,4OBE,0.02870333194732666,167,E,A,F:\GENESIS Studio\genesis-studio\packages\engines-py\.pdb_cache\4OBE,A
3341,ThermoMPNN,4OBE,-0.012954473495483398,167,E,C,F:\GENESIS Studio\genesis-studio\packages\engines-py\.pdb_cache\4OBE,A
3342,ThermoMPNN,4OBE,0.0777023434638977,167,E,D,F:\GENESIS Studio\genesis-studio\packages\engines-py\.pdb_cache\4OBE,A
3343,ThermoMPNN,4OBE,0.0,167,E,E,F:\GENESIS Studio\genesis-studio\packages\engines-py\.pdb_cache\4OBE,A
3344,ThermoMPNN,4OBE,0.1952512264251709,167,E,F,F:\GENESIS Studio\genesis-studio\packages\engines-py\.pdb_cache\4OBE,A
3345,ThermoMPNN,4OBE,0.2740733027458191,167,E,G,F:\GENESIS Studio\genesis-studio\packages\engines-py\.pdb_cache\4OBE,A
3346,ThermoMPNN,4OBE,0.22871196269989014,167,E,H,F:\GENESIS Studio\genesis-studio\packages\engines-py\.pdb_cache\4OBE,A
3347,ThermoMPNN,4OBE,0.14412158727645874,167,E,I,F:\GENESIS Studio\genesis-studio\packages\engines-py\.pdb_cache\4OBE,A
3348,ThermoMPNN,4OBE,0.03406059741973877,167,E,K,F:\GENESIS Studio\genesis-studio\packages\engines-py\.pdb_cache\4OBE,A
3349,ThermoMPNN,4OBE,-0.05209583044052124,167,E,L,F:\GENESIS Studio\genesis-studio\packages\engines-py\.pdb_cache\4OBE,A
3350,ThermoMPNN,4OBE,-0.07523083686828613,167,E,M,F:\GENESIS Studio\genesis-studio\packages\engines-py\.pdb_cache\4OBE,A
3351,ThermoMPNN,4OBE,0.09668928384780884,167,E,N,F:\GENESIS Studio\genesis-studio\packages\engines-py\.pdb_cache\4OBE,A
3352,ThermoMPNN,4OBE,1.1136789321899414,167,E,P,F:\GENESIS Studio\genesis-studio\packages\engines-py\.pdb_cache\4OBE,A
3353,ThermoMPNN,4OBE,-0.04555332660675049,167,E,Q,F:\GENESIS Studio\genesis-studio\packages\engines-py\.pdb_cache\4OBE,A
3354,ThermoMPNN,4OBE,0.10343629121780396,167,E,R,F:\GENESIS Studio\genesis-studio\packages\engines-py\.pdb_cache\4OBE,A
3355,ThermoMPNN,4OBE,0.11987709999084473,167,E,S,F:\GENESIS Studio\genesis-studio\packages\engines-py\.pdb_cache\4OBE,A
3356,ThermoMPNN,4OBE,0.1884790062904358,167,E,T,F:\GENESIS Studio\genesis-studio\packages\engines-py\.pdb_cache\4OBE,A
3357,ThermoMPNN,4OBE,0.31509602069854736,167,E,V,F:\GENESIS Studio\genesis-studio\packages\engines-py\.pdb_cache\4OBE,A
3358,ThermoMPNN,4OBE,0.1693507432937622,167,E,W,F:\GENESIS Studio\genesis-studio\packages\engines-py\.pdb_cache\4OBE,A
3359,ThermoMPNN,4OBE,0.22795963287353516,167,E,Y,F:\GENESIS Studio\genesis-studio\packages\engines-py\.pdb_cache\4OBE,A
3360,ThermoMPNN,4OBE,0.168371319770813,168,K,A,F:\GENESIS Studio\genesis-studio\packages\engines-py\.pdb_cache\4OBE,A
3361,ThermoMPNN,4OBE,0.3360641598701477,168,K,C,F:\GENESIS Studio\genesis-studio\packages\engines-py\.pdb_cache\4OBE,A
3362,ThermoMPNN,4OBE,0.7648512125015259,168,K,D,F:\GENESIS Studio\genesis-studio\packages\engines-py\.pdb_cache\4OBE,A
3363,ThermoMPNN,4OBE,0.5751233696937561,168,K,E,F:\GENESIS Studio\genesis-studio\packages\engines-py\.pdb_cache\4OBE,A
3364,ThermoMPNN,4OBE,0.5410066843032837,168,K,F,F:\GENESIS Studio\genesis-studio\packages\engines-py\.pdb_cache\4OBE,A
3365,ThermoMPNN,4OBE,0.5395501255989075,168,K,G,F:\GENESIS Studio\genesis-studio\packages\engines-py\.pdb_cache\4OBE,A
3366,ThermoMPNN,4OBE,0.43095505237579346,168,K,H,F:\GENESIS Studio\genesis-studio\packages\engines-py\.pdb_cache\4OBE,A
3367,ThermoMPNN,4OBE,0.3676224946975708,168,K,I,F:\GENESIS Studio\genesis-studio\packages\engines-py\.pdb_cache\4OBE,A
3368,ThermoMPNN,4OBE,0.0,168,K,K,F:\GENESIS Studio\genesis-studio\packages\engines-py\.pdb_cache\4OBE,A
3369,ThermoMPNN,4OBE,0.23959273099899292,168,K,L,F:\GENESIS Studio\genesis-studio\packages\engines-py\.pdb_cache\4OBE,A
3370,ThermoMPNN,4OBE,0.18584823608398438,168,K,M,F:\GENESIS Studio\genesis-studio\packages\engines-py\.pdb_cache\4OBE,A
3371,ThermoMPNN,4OBE,0.4250720143318176,168,K,N,F:\GENESIS Studio\genesis-studio\packages\engines-py\.pdb_cache\4OBE,A
3372,ThermoMPNN,4OBE,1.2923526763916016,168,K,P,F:\GENESIS Studio\genesis-studio\packages\engines-py\.pdb_cache\4OBE,A
3373,ThermoMPNN,4OBE,0.15833330154418945,168,K,Q,F:\GENESIS Studio\genesis-studio\packages\engines-py\.pdb_cache\4OBE,A
3374,ThermoMPNN,4OBE,0.07073783874511719,168,K,R,F:\GENESIS Studio\genesis-studio\packages\engines-py\.pdb_cache\4OBE,A
3375,ThermoMPNN,4OBE,0.3266369104385376,168,K,S,F:\GENESIS Studio\genesis-studio\packages\engines-py\.pdb_cache\4OBE,A
3376,ThermoMPNN,4OBE,0.41376012563705444,168,K,T,F:\GENESIS Studio\genesis-studio\packages\engines-py\.pdb_cache\4OBE,A
3377,ThermoMPNN,4OBE,0.5292350053787231,168,K,V,F:\GENESIS Studio\genesis-studio\packages\engines-py\.pdb_cache\4OBE,A
3378,ThermoMPNN,4OBE,0.550388753414154,168,K,W,F:\GENESIS Studio\genesis-studio\packages\engines-py\.pdb_cache\4OBE,A
3379,ThermoMPNN,4OBE,0.5818669199943542,168,K,Y,F:\GENESIS Studio\genesis-studio\packages\engines-py\.pdb_cache\4OBE,A
